# Blender v3.0.0 OBJ File: 'knight.blend'
# www.blender.org
mtllib models/chess_materials/ChessWhite.mtl
o Knight_Cube.004
v 0.000000 -0.514436 -0.021112
v 0.000000 -0.000045 -0.000001
v 0.000000 -0.000045 -0.000001
v -0.196971 -0.475262 -0.020424
v 0.000000 -0.000039 -0.000000
v -0.363956 -0.363705 -0.018375
v 0.000000 -0.000030 -0.000000
v -0.475535 -0.196748 -0.015279
v 0.000000 -0.000021 0.000000
v -0.514714 0.000195 -0.011607
v 0.000000 -0.000012 0.000000
v -0.475535 0.197134 -0.007918
v -0.000000 0.699289 1.211617
v -0.000000 -0.000006 0.000000
v -0.000000 0.869142 1.438540
v -0.363957 0.364091 -0.004775
v -0.000000 0.000000 0.000000
v -0.000000 0.148669 2.208277
v -0.000000 0.409521 1.347369
v -0.196971 0.475647 -0.002655
v -0.000000 0.000000 0.000000
v -0.000000 0.321991 2.005474
v 0.000000 0.514819 -0.001878
v -0.000000 0.153510 2.158565
v -0.000000 0.041479 2.216027
v -0.000000 -0.023412 2.167435
v -0.000000 0.238890 2.067178
v -0.000000 0.595538 1.729264
v -0.000000 0.741898 1.586433
v -0.000000 0.819212 1.515054
v -0.000000 0.859228 1.387966
v -0.000000 0.850351 1.475744
v -0.000000 0.596499 1.255984
v -0.000000 0.512414 1.306945
v -0.000000 0.099388 2.228252
v -0.000000 0.161420 2.184445
v -0.000000 0.449055 1.890221
v -0.000000 0.305061 1.346125
v -0.000000 0.202675 1.365699
v -0.000000 0.244068 1.137329
v -0.000000 0.401483 0.988068
v -0.000000 0.061644 1.398232
v -0.000000 0.117012 1.293230
v -0.185341 -0.119802 0.730131
v -0.203658 -0.101040 0.718106
v -0.000000 -0.396040 0.726646
v -0.000000 0.474114 0.645595
v -0.220896 -0.012700 0.725106
v -0.000000 0.513636 0.871029
v -0.000000 0.533557 0.755425
v -0.210717 0.010876 0.756817
v -0.000000 0.126933 1.416616
v -0.209980 0.059825 0.747622
v -0.000000 0.071072 1.462748
v -0.000000 0.762140 1.264032
v -0.198067 0.129052 0.740659
v -0.000000 0.814668 1.322744
v -0.129360 -0.226253 0.686992
v -0.184840 -0.184974 0.675366
v -0.239096 -0.110292 0.674784
v -0.260663 -0.015618 0.680561
v -0.241488 0.071347 0.697249
v -0.204389 0.145738 0.710750
v -0.000000 -0.336089 0.633309
v -0.100917 -0.276343 0.643139
v -0.200258 -0.214162 0.632755
v -0.286886 -0.129037 0.633454
v -0.322865 -0.011289 0.638399
v -0.290825 0.107864 0.646794
v -0.195305 0.193156 0.683606
v -0.000000 -0.334924 0.579241
v -0.110641 -0.283222 0.588331
v -0.215910 -0.225532 0.583902
v -0.298554 -0.134228 0.580685
v -0.324721 -0.011263 0.582835
v -0.296604 0.111520 0.586730
v -0.209070 0.195874 0.598340
v -0.119458 0.271189 0.597859
v -0.000000 0.309395 0.584332
v -0.000000 -0.290253 0.560143
v -0.000000 -0.293467 0.557267
v -0.107219 -0.270977 0.557362
v -0.104185 -0.263053 0.566917
v -0.199528 -0.210417 0.558664
v -0.195971 -0.206650 0.564205
v -0.261052 -0.119027 0.560389
v -0.256676 -0.117200 0.564243
v -0.282733 -0.010986 0.562378
v -0.277814 -0.010770 0.566970
v -0.261315 0.097101 0.564274
v -0.256815 0.096052 0.568030
v -0.200134 0.188658 0.565871
v -0.195429 0.183334 0.573842
v -0.108770 0.250195 0.567085
v -0.106637 0.245535 0.572282
v -0.000000 0.272215 0.567808
v -0.000000 0.268148 0.571025
v -0.000000 -0.647463 0.818637
v -0.000000 -0.612294 1.512962
v -0.000000 -0.339670 0.543738
v -0.000000 -0.614747 1.524145
v -0.125373 -0.312792 0.544224
v -0.000000 -0.105464 2.102006
v -0.233250 -0.243189 0.545363
v -0.000000 -0.081400 2.113830
v -0.304677 -0.136321 0.547354
v -0.329754 -0.010234 0.549703
v -0.000000 -0.317509 2.072718
v -0.304611 0.115840 0.552021
v -0.000000 -0.304810 2.076558
v -0.233259 0.222762 0.553881
v -0.000000 -0.662097 1.144992
v -0.125847 0.293167 0.555321
v -0.000000 -0.668112 1.158049
v -0.000000 0.319120 0.556008
v -0.000000 -0.647241 1.332473
v -0.000000 -0.641642 1.323128
v -0.000000 -0.662627 0.975927
v -0.000000 -0.654342 0.965264
v -0.000000 -0.557934 1.745140
v -0.000000 -0.554720 1.755121
v -0.000000 -0.470600 1.889882
v -0.000000 -0.472700 1.878855
v -0.000000 -0.213371 2.090474
v -0.000000 -0.363361 0.539281
v -0.000000 -0.403097 0.519656
v -0.151029 -0.374277 0.520963
v -0.135178 -0.336134 0.540091
v -0.279088 -0.288901 0.522673
v -0.249956 -0.259856 0.541460
v -0.364646 -0.160962 0.525061
v -0.326497 -0.145312 0.543599
v -0.394730 -0.010002 0.527879
v -0.353372 -0.010182 0.546120
v -0.018213 -0.522683 0.803790
v -0.000000 -0.501118 0.784501
v -0.364761 0.140989 0.530686
v -0.326508 0.124968 0.548614
v -0.279309 0.269033 0.533023
v -0.249982 0.239551 0.550626
v -0.151267 0.354455 0.534547
v -0.135055 0.315462 0.551980
v -0.000000 0.384545 0.535281
v -0.000000 0.343009 0.552589
v -0.000000 -0.428496 0.496592
v -0.160654 -0.396849 0.498373
v -0.296717 -0.305951 0.500038
v -0.387619 -0.169921 0.502574
v -0.419538 -0.009453 0.505569
v -0.387624 0.151022 0.508561
v -0.296733 0.287083 0.511070
v -0.160680 0.377985 0.512757
v -0.000000 0.409871 0.513447
v -0.000000 -0.456626 0.468831
v -0.171531 -0.422678 0.469570
v -0.316829 -0.325558 0.471303
v -0.413903 -0.180293 0.474007
v -0.447992 -0.008929 0.477204
v -0.413906 0.162438 0.480405
v -0.316840 0.307726 0.483107
v -0.171548 0.404802 0.484917
v -0.000000 0.438865 0.485653
v -0.000000 -0.482799 0.432038
v -0.181751 -0.446664 0.432660
v -0.335725 -0.343800 0.434550
v -0.438602 -0.189852 0.437413
v -0.474729 -0.008253 0.440800
v -0.438604 0.173347 0.444196
v -0.335733 0.327310 0.447074
v -0.181764 0.430182 0.449004
v -0.000000 0.466289 0.449760
v -0.000000 -0.490795 0.384722
v -0.185130 -0.453989 0.385360
v -0.341988 -0.349198 0.387286
v -0.446793 -0.192371 0.390199
v -0.483596 -0.007373 0.393650
v -0.446795 0.177624 0.397111
v -0.341993 0.334464 0.400049
v -0.000000 -0.242147 2.094327
v -0.000000 -0.291590 2.084491
v -0.185139 0.439257 0.402025
v -0.000000 0.476047 0.402780
v -0.000000 -0.497681 1.870123
v -0.000000 -0.552107 1.779001
v -0.000000 -0.578763 1.719320
v -0.000000 -0.624329 1.568507
v -0.000000 -0.668601 0.932440
v -0.000000 -0.664843 1.305546
v -0.000000 -0.681943 1.192770
v -0.000000 -0.672400 1.118415
v -0.000000 -0.493092 0.340942
v -0.000000 -0.682209 1.003827
v -0.186307 -0.456051 0.341587
v -0.000000 -0.343804 2.063878
v -0.344177 -0.350585 0.343525
v -0.000000 -0.408897 2.008688
v -0.449656 -0.192746 0.346456
v -0.000000 -0.637933 1.493725
v -0.000000 -0.664507 1.361330
v -0.486695 -0.006557 0.349928
v -0.449657 0.179630 0.353412
v -0.000000 -0.446738 1.964944
v -0.344181 0.337476 0.356374
v -0.000000 -0.430743 1.978566
v -0.000000 -0.471655 1.911038
v -0.186314 0.442946 0.358368
v -0.000000 0.479973 0.359119
v -0.000000 -0.127884 2.107191
v -0.000000 -0.173083 2.103000
v -0.000000 -0.194150 2.090826
v -0.000000 -0.607125 0.797773
v -0.000000 -0.483406 0.294478
v -0.000000 -0.450014 0.283418
v -0.170221 -0.416168 0.284008
v -0.182922 -0.447039 0.295112
v -0.314466 -0.319804 0.285777
v -0.337931 -0.343482 0.297015
v -0.410844 -0.175585 0.288454
v -0.441499 -0.188501 0.299891
v -0.444686 -0.005467 0.291627
v -0.477870 -0.005687 0.303301
v -0.410845 0.164652 0.294810
v -0.441500 0.177127 0.306723
v -0.314470 0.308873 0.297518
v -0.337934 0.332113 0.309633
v -0.170225 0.405238 0.299345
v -0.182927 0.435671 0.311595
v -0.000000 0.439072 0.300027
v -0.000000 0.472027 0.312327
v -0.000000 -0.509516 0.225298
v -0.000000 -0.529454 0.170510
v -0.201393 -0.489409 0.171212
v -0.193385 -0.471062 0.225971
v -0.372089 -0.375371 0.173306
v -0.357283 -0.361569 0.227983
v -0.486141 -0.204705 0.176473
v -0.466792 -0.197703 0.231024
v -0.526194 -0.003389 0.180227
v -0.505249 -0.004405 0.234628
v -0.486142 0.197924 0.183996
v -0.466793 0.188891 0.238247
v -0.372090 0.368592 0.187207
v -0.357284 0.352760 0.241329
v -0.201395 0.482630 0.189372
v -0.193388 0.462257 0.243405
v -0.000000 0.522670 0.190169
v -0.000000 0.500700 0.244173
v 0.000000 -0.526142 -0.000852
v -0.201310 -0.486106 -0.000148
v -0.371971 -0.372093 0.001945
v -0.486000 -0.201462 0.005110
v -0.526044 -0.000188 0.008862
v -0.486000 0.201083 0.012632
v -0.371971 0.371714 0.015845
v -0.201311 0.485727 0.018011
v -0.000000 0.525760 0.018804
v -0.059333 0.165604 2.211812
v -0.000000 0.166974 2.126437
v -0.000000 -0.542318 0.052135
v -0.207133 -0.501124 0.052858
v -0.382717 -0.383823 0.055013
v -0.500040 -0.208267 0.058269
v -0.541239 -0.001183 0.062130
v -0.500040 0.205898 0.066008
v -0.000000 -0.419226 1.988183
v -0.382717 0.381455 0.069312
v -0.207131 0.498758 0.071541
v -0.000000 0.539945 0.072358
v -0.000000 -0.490060 0.263567
v -0.185679 -0.453142 0.264211
v -0.343034 -0.348019 0.266143
v -0.448172 -0.190692 0.269062
v -0.485093 -0.005112 0.272524
v -0.448173 0.180469 0.275997
v -0.343036 0.337797 0.278953
v -0.185683 0.442924 0.280946
v -0.000000 0.479830 0.281687
v -0.049411 0.840770 1.477848
v -0.045202 0.862474 1.434581
v -0.127136 0.109783 2.327454
v -0.132429 0.159333 2.330661
v -0.061050 0.226188 2.061495
v -0.062168 0.318825 1.998476
v -0.108557 0.176380 2.306651
v -0.053392 0.150112 2.116499
v -0.064330 -0.025478 2.161469
v -0.074565 0.046315 2.239736
v -0.059218 0.443570 1.883555
v -0.053172 0.587864 1.726610
v -0.052177 0.730877 1.585651
v -0.049957 0.808446 1.516340
v -0.039021 0.579811 1.271175
v -0.109029 0.256140 1.393015
v -0.102333 0.196539 1.387561
v -0.171213 0.087165 1.003977
v -0.141142 0.293432 0.925343
v -0.141519 -0.198453 1.336323
v -0.175261 -0.073458 1.191121
v -0.193243 -0.086032 0.847350
v -0.171465 -0.188357 0.928304
v -0.148506 -0.134410 1.836634
v -0.111561 -0.367846 0.966143
v -0.186774 0.146348 0.781145
v -0.129838 0.382066 0.806671
v -0.110269 0.394952 0.896876
v -0.103791 0.435830 0.841086
v -0.144207 0.151118 1.415533
v -0.204592 0.055197 1.528355
v -0.100457 0.616257 1.356753
v -0.078848 0.610314 1.301926
v -0.145965 0.700669 1.459846
v -0.132309 0.744830 1.443611
v -0.209455 0.111631 2.183923
v -0.205495 0.141895 2.198159
v -0.119724 0.482476 1.394292
v -0.119520 0.375845 1.413698
v -0.193945 0.191310 1.960024
v -0.195120 0.280880 1.911125
v -0.190284 0.165191 2.138633
v -0.169835 0.145354 2.060230
v -0.164688 0.032950 2.053376
v -0.200836 0.084651 2.129450
v -0.097512 0.729150 1.412653
v -0.099753 0.701946 1.402608
v -0.192387 0.389256 1.815235
v -0.125732 0.470971 1.655739
v -0.140059 0.604376 1.480227
v -0.146362 0.677006 1.485674
v -0.092493 0.564723 1.342299
v -0.149288 0.168077 2.238759
v -0.112295 0.759260 1.525888
v -0.083322 -0.336642 0.783831
v -0.125756 0.303158 1.960876
v -0.094725 0.662732 1.572358
v -0.096499 0.546897 1.701197
v -0.118163 0.419338 1.853662
v -0.178359 0.147460 2.267848
v -0.176007 0.101683 2.265206
v -0.120187 0.225325 2.015091
v -0.084484 0.116741 2.091599
v -0.095030 0.810347 1.443438
v -0.105493 0.790226 1.488612
v -0.128539 -0.002981 2.118665
v -0.082616 0.206347 1.136331
v -0.083993 0.090847 1.297911
v -0.057078 0.652654 1.270626
v -0.070460 0.703775 1.297415
v -0.071278 0.748193 1.359657
v -0.069572 0.769109 1.385111
v -0.073130 0.033563 1.394447
v -0.071856 0.074946 1.466409
v -0.077188 0.351100 0.997339
v -0.054244 0.129829 1.420923
v -0.046455 0.198662 1.374817
v -0.067662 0.465287 0.896316
v -0.067552 0.492581 0.793309
v -0.040144 0.293294 1.357521
v -0.038169 0.391126 1.359009
v -0.072649 0.442892 0.694332
v -0.108309 -0.251193 0.714694
v -0.038761 0.479401 1.335518
v -0.143713 0.052453 2.209272
v -0.105501 0.558709 1.389392
v -0.134964 0.421876 1.516323
v -0.227032 0.185646 1.601136
v -0.216582 0.048608 1.704216
v -0.150178 0.378814 1.524287
v -0.238447 0.117645 1.637458
v -0.167789 0.329901 1.557296
v -0.208317 0.220256 1.503181
v -0.184015 -0.025776 1.753243
v -0.062581 -0.645015 0.827516
v -0.062365 -0.202806 2.068537
v -0.060186 -0.183067 2.066755
v -0.047244 -0.100826 2.097103
v -0.047681 -0.077094 2.108336
v -0.075552 -0.477424 1.903677
v -0.073834 -0.480419 1.881948
v -0.070195 -0.413276 1.982064
v -0.071019 -0.404005 1.991460
v -0.040491 -0.588133 0.808528
v -0.073839 -0.650997 1.350310
v -0.072263 -0.645712 1.335432
v -0.054894 -0.588914 1.519090
v -0.053958 -0.583683 1.529744
v -0.066162 -0.300044 2.049782
v -0.067260 -0.286098 2.059706
v -0.067880 -0.653986 0.992605
v -0.061330 -0.641169 0.972551
v -0.070880 -0.657027 1.157592
v -0.073224 -0.659881 1.175415
v -0.074012 -0.543234 1.757363
v -0.074246 -0.544042 1.776102
v -0.137798 -0.077185 2.000469
v -0.167360 -0.017136 1.953985
v -0.113585 -0.324780 1.818894
v -0.117667 -0.343177 1.776816
v -0.131904 -0.249937 1.758779
v -0.117180 -0.301738 1.881204
v -0.121001 -0.231654 1.877089
v -0.125206 -0.274730 1.913838
v -0.081602 -0.473829 0.935012
v -0.091760 -0.483891 1.367336
v -0.105521 -0.490608 1.290074
v -0.118437 -0.400727 1.343623
v -0.107905 -0.457711 1.535928
v -0.095800 -0.466452 1.451033
v -0.117621 -0.365790 1.482165
v -0.114163 -0.176171 1.965248
v -0.108468 -0.218361 1.961184
v -0.083000 -0.482202 0.980950
v -0.118006 -0.398607 1.121900
v -0.122445 -0.418125 1.241131
v -0.121528 -0.412318 1.662421
v -0.127784 -0.323508 1.647652
v -0.123908 -0.387567 1.707965
v -0.098676 -0.151960 2.033922
v -0.100235 -0.172496 2.031271
v -0.105680 -0.270975 2.012373
v -0.108569 -0.255407 2.022124
v -0.113513 -0.417409 1.859734
v -0.113209 -0.427137 1.844077
v -0.123622 -0.481436 1.747033
v -0.121242 -0.491455 1.728950
v -0.109412 -0.550723 1.505614
v -0.111548 -0.545183 1.534226
v -0.099101 -0.562036 1.022076
v -0.082930 -0.551017 1.003034
v -0.062518 -0.489495 0.878931
v -0.078917 -0.549928 0.895049
v -0.117621 -0.590906 1.351339
v -0.116002 -0.593868 1.326975
v -0.107952 -0.589096 1.159377
v -0.107760 -0.590012 1.192079
v -0.114517 -0.080179 2.042002
v -0.122270 -0.053389 2.051519
v -0.125207 -0.360136 1.954440
v -0.110038 -0.373096 1.947899
v -0.047931 -0.490214 0.850115
v -0.061455 -0.425982 0.852667
v -0.115631 -0.152000 1.991196
v -0.125720 -0.129948 1.957480
v -0.122760 -0.121519 1.998899
v -0.084206 -0.685008 1.215707
v -0.082419 -0.678923 1.310291
v -0.079746 -0.682324 1.027845
v -0.076954 -0.678104 1.123957
v -0.078327 -0.405268 2.016479
v -0.075845 -0.337446 2.056595
v -0.081909 -0.675371 1.396912
v -0.076640 -0.637777 1.490617
v -0.082650 -0.472489 1.931603
v -0.073099 -0.437611 1.972510
v -0.065005 -0.165182 2.088208
v -0.060373 -0.122826 2.098843
v -0.070133 -0.662835 0.926894
v -0.075006 -0.612423 1.589875
v -0.087710 -0.591309 1.726066
v -0.080788 -0.552463 1.816328
v -0.081336 -0.514409 1.875202
v -0.074821 -0.277613 2.081485
v -0.073604 -0.232084 2.083903
v -0.110485 -0.134890 2.044899
v -0.112942 -0.198249 2.037663
v -0.128546 -0.405144 1.887063
v -0.133353 -0.447430 1.819419
v -0.134977 -0.471630 1.776046
v -0.145927 -0.512797 1.686813
v -0.121840 -0.598117 1.063987
v -0.089027 -0.577213 0.964349
v -0.137764 -0.586366 1.399891
v -0.133872 -0.602453 1.288597
v -0.144107 -0.335320 1.976589
v -0.119897 -0.378595 1.925872
v -0.137191 -0.289747 2.009520
v -0.116833 -0.232314 2.033987
v -0.136775 -0.570894 1.466216
v -0.151354 -0.544296 1.586521
v -0.122210 -0.599251 1.119821
v -0.128134 -0.600660 1.232051
v -0.116701 -0.105988 2.048275
v -0.065293 0.160584 2.263472
v -0.064771 0.107291 2.271241
v -0.123035 -0.250037 1.964800
v -0.122510 -0.499036 1.438082
v -0.136953 -0.466425 1.583755
v -0.099015 -0.506785 1.121042
v -0.118469 -0.534981 1.244575
v -0.132760 -0.095179 2.016661
v -0.118764 -0.330523 1.882350
v -0.120398 -0.342201 1.856554
v -0.114057 -0.189064 1.995195
v -0.116430 -0.506373 1.397225
v -0.135514 -0.277685 1.941495
v -0.093966 -0.497487 1.090450
v -0.122463 -0.536765 1.276360
v -0.082944 -0.489396 0.957644
v -0.136248 -0.448773 1.643584
v -0.109932 -0.202926 1.984823
v -0.130917 -0.385783 1.773564
v -0.134783 -0.405754 1.744384
v -0.127313 -0.113572 2.017537
v -0.115259 -0.173934 2.003526
v -0.216985 0.322791 1.827939
v -0.219688 0.231616 1.874918
v -0.184524 0.405440 1.745030
v -0.212462 0.146378 1.917076
v -0.210823 0.382979 1.781427
v -0.155724 0.334996 1.677171
v -0.223068 0.250234 1.808467
v -0.235387 0.179724 1.829150
v -0.222261 0.096732 1.861251
v -0.204170 0.260166 1.590399
v -0.216690 0.362336 1.805603
v -0.188719 0.288833 1.732298
v -0.224570 0.208662 1.705488
v -0.226407 0.093926 1.767742
v -0.156168 0.333581 1.629311
v -0.235553 0.150597 1.734423
v -0.194691 0.275058 1.666019
v -0.138176 0.385889 1.657947
v -0.075899 0.789050 1.389649
v -0.127247 0.722842 1.425146
v -0.127141 0.672553 1.423012
v -0.072808 0.750328 1.341499
v -0.052660 0.751968 1.393415
v -0.069826 0.727193 1.409768
v -0.072060 0.711809 1.401773
v -0.053262 0.741774 1.383302
v -0.185069 0.152887 1.449740
v -0.172224 0.110147 1.454705
v -0.099720 -0.498391 1.158620
v -0.103680 -0.502515 1.220246
v -0.158035 0.169876 2.249771
v -0.204915 0.150340 2.147840
v -0.078553 0.143199 2.074624
v -0.184096 0.134356 2.030466
v -0.056891 0.172139 2.229541
v -0.074820 0.125535 2.139822
v -0.104381 0.164567 2.270668
v -0.121462 -0.176798 1.925611
v -0.112917 -0.199348 1.934207
v -0.134879 0.388004 1.680769
v -0.156769 0.339683 1.708701
v -0.187240 0.298433 1.765661
v -0.163821 0.396121 1.729397
v -0.209106 0.332226 1.804965
v -0.194315 0.369604 1.772139
v -0.156113 0.305167 1.441954
v -0.112221 0.406596 1.690019
v -0.112586 0.436820 1.685106
v -0.118131 0.384663 1.703162
v -0.133078 0.387309 1.723936
v -0.173704 0.304598 1.780592
v -0.185335 0.317570 1.798783
v -0.164818 0.353749 1.767125
v -0.196606 0.272247 1.811085
v -0.141670 0.344211 1.732461
v -0.075238 -0.440887 0.900632
v -0.085182 -0.439289 0.927009
v -0.118712 0.151799 2.241788
v -0.107923 0.125845 2.142307
v -0.145731 0.159673 2.226298
v -0.097376 0.113092 2.094535
v -0.171162 0.154826 2.142572
v -0.155308 0.135663 2.075752
v -0.140032 0.391126 1.606553
v -0.034238 0.694503 1.234633
v -0.039149 0.742548 1.276457
v -0.044237 0.835091 1.381753
v -0.040803 0.794764 1.327243
v -0.000000 0.861662 1.457876
v -0.000000 0.126867 2.221200
v -0.000000 0.456732 1.335536
v -0.000000 0.277448 2.039018
v -0.000000 0.008826 2.195116
v -0.000000 0.199042 2.098887
v -0.000000 0.520444 1.812330
v -0.000000 0.673536 1.650639
v -0.000000 0.789585 1.543080
v -0.000000 0.869999 1.416734
v -0.000000 0.837523 1.493937
v -0.000000 0.644524 1.229535
v -0.000000 0.557443 1.277045
v -0.000000 0.070495 2.225378
v -0.000000 0.160304 2.197455
v -0.000000 0.380779 1.956180
v -0.000000 0.104317 2.198005
v -0.000000 0.126407 2.208162
v -0.000000 0.251548 1.351724
v -0.000000 0.322818 1.060141
v -0.000000 0.080232 1.350600
v -0.000000 -0.359974 0.688559
v -0.000000 0.417511 0.604172
v -0.000000 0.535317 0.813706
v -0.000000 0.095426 1.448681
v -0.000000 0.715245 1.252388
v -0.000000 0.511417 0.698020
v -0.000000 0.467350 0.927157
v -0.000000 0.788589 1.294585
v -0.023737 0.698676 1.214036
v -0.000000 0.161911 1.387359
v -0.000000 0.059151 1.441085
v -0.000000 0.173127 1.219013
v -0.000000 0.836572 1.352033
v -0.000000 0.358716 1.347777
v -0.000000 -0.612454 1.518317
v -0.000000 -0.310947 2.073614
v -0.000000 -0.663128 1.152601
v -0.000000 -0.666302 0.869883
v -0.000000 -0.642638 1.327791
v -0.000000 -0.656294 0.970890
v -0.000000 -0.555104 1.749807
v -0.000000 -0.469343 1.883253
v -0.000000 -0.658159 0.957717
v -0.000000 -0.096809 2.103152
v -0.009376 -0.517024 0.791923
v -0.000000 -0.645223 1.318823
v -0.000000 -0.055507 2.137263
v -0.000000 -0.443141 0.763810
v -0.000000 -0.564953 1.743005
v -0.000000 -0.437352 1.975224
v -0.000000 -0.658518 1.435024
v -0.000000 -0.184849 2.095164
v -0.000000 -0.462705 1.939597
v -0.000000 -0.380632 2.042259
v -0.000000 -0.681908 1.063504
v -0.000000 -0.603310 1.651870
v -0.000000 -0.268364 2.090627
v -0.000000 -0.473096 1.896719
v -0.000000 -0.680151 1.256798
v -0.000000 -0.529845 1.830514
v -0.000000 -0.151072 2.107808
v -0.000000 -0.565311 0.790554
v -0.000000 -0.675558 1.165463
v -0.000000 -0.482042 1.877305
v -0.000000 -0.417929 1.994283
v -0.000000 -0.113777 2.103898
v -0.000000 -0.203350 2.089490
v -0.000000 -0.555709 1.761123
v -0.000000 -0.224454 2.093124
v -0.000000 -0.620775 1.532238
v -0.000000 -0.672133 0.981628
v -0.000000 -0.665073 1.138780
v -0.000000 -0.620380 1.509785
v -0.000000 -0.325914 2.072074
v -0.000000 0.160691 2.177394
v -0.000000 0.152557 2.142853
v -0.000000 -0.655052 1.337916
v -0.000000 -0.300890 2.079309
v -0.000000 -0.422539 1.981707
v -0.000000 -0.630493 0.800283
v -0.021452 0.403846 1.351267
v -0.060644 0.816571 1.383998
v -0.026874 0.866135 1.411164
v -0.049096 0.853357 1.459557
v -0.134429 0.137494 2.336277
v -0.062553 0.274108 2.031522
v -0.083150 0.148396 2.211127
v -0.068415 0.007146 2.196642
v -0.052850 0.183289 2.094308
v -0.055976 0.514103 1.808411
v -0.051908 0.663111 1.647774
v -0.051183 0.778051 1.543047
v -0.049382 0.827120 1.495603
v -0.106909 0.079332 2.292907
v -0.124390 0.171719 2.323612
v -0.061142 0.376589 1.949876
v -0.182101 0.164050 2.201050
v -0.085953 0.792495 1.527706
v -0.043192 -0.373795 0.747806
v -0.091957 0.312073 1.983247
v -0.079303 0.704145 1.582442
v -0.081042 0.566363 1.713313
v -0.152531 0.404545 1.834547
v -0.157692 0.153682 2.311020
v -0.196049 0.103294 2.220164
v -0.089025 0.231607 2.037241
v -0.131226 0.148527 2.045781
v -0.070732 0.839900 1.440009
v -0.129762 0.740211 1.476073
v -0.097940 -0.016483 2.145417
v -0.041556 0.232089 1.136632
v -0.135996 0.039045 1.264300
v -0.089806 0.671495 1.321156
v -0.024268 0.808801 1.324566
v -0.101187 0.760550 1.411552
v -0.030763 0.054095 1.398642
v -0.026284 0.071465 1.463788
v -0.114181 0.316587 0.987360
v -0.024305 0.127550 1.418328
v -0.078921 0.196207 1.381579
v -0.091448 0.423683 0.910151
v -0.090426 0.460458 0.823113
v -0.022137 0.301412 1.349559
v -0.063926 0.378273 1.367813
v -0.105943 0.419401 0.739303
v -0.068907 -0.290055 0.673461
v -0.034295 -0.025658 2.167149
v -0.036902 0.039963 2.221488
v -0.034771 0.102942 2.244681
v -0.027893 0.817827 1.515118
v -0.027837 0.849383 1.476094
v -0.087511 0.172742 2.291467
v -0.031893 0.168077 2.201376
v -0.034173 0.321595 2.004599
v -0.032703 0.448275 1.889197
v -0.019231 0.593818 1.257478
v -0.025345 0.868997 1.438902
v -0.034174 0.161940 2.123957
v -0.034141 0.236910 2.066135
v -0.029223 0.594564 1.728917
v -0.028271 0.740491 1.586244
v -0.099836 0.222754 1.383579
v -0.154693 0.211583 0.981225
v -0.153947 -0.117278 1.266743
v -0.173557 -0.159431 0.859867
v -0.151408 0.292092 0.766475
v -0.103975 0.422399 0.871077
v -0.187588 0.091780 1.472059
v -0.071150 0.612536 1.332838
v -0.140296 0.727799 1.452086
v -0.209612 0.129334 2.193219
v -0.115452 0.423499 1.396981
v -0.195996 0.239937 1.937302
v -0.201578 0.148305 2.087362
v -0.179694 0.056025 2.092350
v -0.140292 -0.281901 0.938507
v -0.189058 -0.090035 0.785123
v -0.114890 0.422263 0.820657
v -0.122470 0.355250 0.919109
v -0.131856 0.691275 1.426914
v -0.182413 0.161658 1.994024
v -0.157847 0.430206 1.750918
v -0.126384 0.550193 1.566317
v -0.144404 0.656815 1.492108
v -0.131621 0.737241 1.434086
v -0.147545 0.689606 1.475744
v -0.120208 0.659404 1.382408
v -0.086963 0.588101 1.316356
v -0.096774 0.515644 1.355276
v -0.089941 0.319410 1.383836
v -0.119823 0.174720 1.399398
v -0.156915 -0.075128 1.439827
v -0.166898 0.019488 1.118103
v -0.207309 0.095345 2.167171
v -0.205691 0.149254 2.181963
v -0.193395 0.336014 1.874564
v -0.133381 0.197177 1.396200
v -0.140722 0.286348 1.411941
v -0.190734 0.405633 1.772228
v -0.201623 0.113090 1.479377
v -0.115160 0.519574 1.401384
v -0.084185 0.580516 1.363794
v -0.226935 0.136409 1.569451
v -0.128583 0.403647 1.464021
v -0.130715 0.479867 1.527769
v -0.133882 0.525588 1.455616
v -0.125855 0.620962 1.410581
v -0.136697 0.643091 1.449497
v -0.144723 0.679230 1.446841
v -0.143221 0.701833 1.441153
v -0.145891 0.665074 1.461975
v -0.232435 0.092889 1.595550
v -0.225608 0.050289 1.607664
v -0.199435 0.108968 2.079025
v -0.210619 0.118782 2.130416
v -0.213025 0.127525 2.162410
v -0.196164 -0.001977 1.658158
v -0.177245 0.074825 2.035396
v -0.169044 -0.089141 1.704069
v -0.146933 -0.231677 1.059396
v -0.168058 -0.136396 1.038022
v -0.123010 0.387283 0.861977
v -0.139620 0.337081 0.863249
v -0.160189 0.247008 0.854082
v -0.188528 0.144863 0.891884
v -0.181110 -0.055784 0.988079
v -0.204715 -0.010590 0.914389
v -0.207313 0.037987 0.836154
v -0.111090 0.046031 2.231460
v -0.135611 0.173986 2.291512
v -0.131076 0.709844 1.506116
v -0.124590 -0.280802 0.836226
v -0.163537 0.293507 1.935094
v -0.125375 0.641108 1.545791
v -0.120601 0.514729 1.686069
v -0.087354 0.432822 1.871056
v -0.195773 0.144288 2.225303
v -0.153099 0.104953 2.307917
v -0.159092 0.217710 1.987872
v -0.060785 0.138760 2.102822
v -0.117266 0.771832 1.444176
v -0.074444 0.824622 1.486014
v -0.149560 0.010075 2.083723
v -0.128404 0.170094 1.123058
v -0.039408 0.109238 1.294776
v -0.071253 0.627431 1.290792
v -0.053270 0.726704 1.284945
v -0.099412 0.706186 1.369235
v -0.120351 -0.042740 1.371779
v -0.141981 0.057679 1.472024
v -0.040546 0.385910 0.991003
v -0.102849 0.134944 1.421288
v -0.023204 0.201422 1.368530
v -0.038853 0.499532 0.879018
v -0.038771 0.521160 0.766734
v -0.063819 0.282983 1.367851
v -0.039481 0.465372 0.659730
v -0.140298 -0.204083 0.750970
v -0.067708 0.467245 1.352095
v -0.174861 0.062391 2.172152
v -0.073560 0.379224 0.642629
v -0.038724 0.343126 1.359050
v -0.070246 0.475810 0.741706
v -0.066216 0.489955 0.845632
v -0.050573 0.161309 1.394863
v -0.072260 0.416970 0.945248
v -0.058071 0.101501 1.449098
v -0.071365 0.048452 1.440272
v -0.066700 0.780084 1.359877
v -0.040684 0.673012 1.296014
v -0.084930 0.142776 1.220923
v -0.100942 0.803935 1.465973
v -0.042820 0.243781 1.362129
v -0.103169 0.183468 2.041842
v -0.181836 0.126051 2.271650
v -0.080301 0.278015 1.058547
v -0.109866 0.478228 1.784241
v -0.037868 0.436078 1.351334
v -0.078017 0.053616 1.350088
v -0.088650 0.609258 1.623442
v -0.126281 0.262491 1.991058
v -0.091095 -0.296537 0.749354
v -0.114054 0.722448 1.541166
v -0.113553 0.156434 2.259199
v -0.086075 0.802855 1.417991
v -0.133530 0.025386 2.164564
v -0.160574 0.077270 2.244142
v -0.106888 0.775619 1.506718
v -0.168479 0.162383 2.259069
v -0.074195 0.726574 1.318114
v -0.123402 0.357603 1.916472
v -0.098320 0.583499 1.375292
v -0.099408 0.552031 1.376021
v -0.124942 0.575227 1.414275
v -0.127946 0.443220 1.571461
v -0.226658 0.203332 1.654204
v -0.221689 0.075161 1.746285
v -0.139382 0.373873 1.474440
v -0.227985 0.203106 1.856895
v -0.161706 0.333646 1.598339
v -0.235283 0.152847 1.625700
v -0.161071 0.355797 1.539165
v -0.219534 0.229377 1.599748
v -0.237666 0.087376 1.646896
v -0.131663 0.451831 1.470679
v -0.144393 0.399793 1.518106
v -0.184256 0.279758 1.527435
v -0.214002 0.141765 1.513252
v -0.168752 0.240222 1.433219
v -0.221239 0.197861 1.553798
v -0.199394 0.009627 1.724675
v -0.169280 -0.074225 1.789517
v -0.054602 -0.544867 0.837554
v -0.044743 -0.091507 2.098606
v -0.072148 -0.472670 1.887174
v -0.069300 -0.403029 1.987574
v -0.071801 -0.645667 1.342656
v -0.052217 -0.583636 1.524774
v -0.064801 -0.290692 2.049754
v -0.063033 -0.643772 0.983735
v -0.071192 -0.656194 1.166768
v -0.112247 -0.302846 1.801217
v -0.111448 -0.336541 1.800200
v -0.116169 -0.324724 1.769317
v -0.121934 -0.292456 1.899645
v -0.115945 -0.272201 1.868757
v -0.120446 -0.251619 1.899153
v -0.095759 -0.461652 1.363118
v -0.102320 -0.493332 1.331934
v -0.111317 -0.453189 1.315196
v -0.097632 -0.443291 1.519302
v -0.093674 -0.468965 1.489383
v -0.089678 -0.458190 1.458143
v -0.110858 -0.194621 1.961778
v -0.099581 -0.485659 1.383665
v -0.105385 -0.496052 1.253886
v -0.097094 -0.448749 1.045459
v -0.122134 -0.402613 1.688696
v -0.116761 -0.395291 1.652526
v -0.119522 -0.368510 1.694515
v -0.096994 -0.161615 2.030770
v -0.102726 -0.263084 2.016006
v -0.109122 -0.424305 1.853778
v -0.120685 -0.486360 1.738358
v -0.103032 -0.546178 1.519252
v -0.085255 -0.543461 1.013754
v -0.070974 -0.530219 0.877154
v -0.111251 -0.592494 1.336440
v -0.105514 -0.588257 1.176105
v -0.117105 -0.068400 2.042367
v -0.114427 -0.367092 1.949823
v -0.117423 -0.137661 1.995617
v -0.120303 -0.140614 1.975641
v -0.125986 -0.118383 1.979822
v -0.069988 -0.493549 0.905475
v -0.032041 -0.651843 0.817976
v -0.146548 -0.313118 1.996655
v -0.081045 -0.168112 2.046841
v -0.102226 -0.243388 1.991133
v -0.108556 -0.226834 2.002483
v -0.109047 -0.519335 1.773032
v -0.109710 -0.506054 1.479883
v -0.111971 -0.498855 1.529122
v -0.114980 -0.206595 2.011832
v -0.089295 -0.413343 0.921114
v -0.130377 -0.074760 2.018841
v -0.146719 -0.058804 1.984986
v -0.143493 -0.039292 2.013863
v -0.040806 -0.476365 1.879973
v -0.040045 -0.475179 1.888393
v -0.034164 -0.648078 0.968497
v -0.036791 -0.659407 0.983108
v -0.038434 -0.638985 1.329381
v -0.037815 -0.645781 1.340859
v -0.022904 -0.081132 2.113764
v -0.037529 -0.549667 1.749578
v -0.035873 -0.210357 2.087147
v -0.124928 -0.246146 1.823239
v -0.114258 -0.303826 1.843525
v -0.115639 -0.398789 1.409244
v -0.093113 -0.468294 1.409846
v -0.116565 -0.240666 1.933446
v -0.111750 -0.463890 1.268087
v -0.097543 -0.430065 0.980757
v -0.085889 -0.466440 0.962098
v -0.124686 -0.346431 1.569476
v -0.121120 -0.426316 1.594554
v -0.130970 -0.286464 1.702244
v -0.120048 -0.356897 1.737971
v -0.102269 -0.394066 1.966995
v -0.097880 -0.397080 1.960647
v -0.086456 -0.067213 2.086743
v -0.032354 -0.459586 0.814055
v -0.050487 -0.465911 0.846361
v -0.032927 -0.497951 0.829416
v -0.137278 -0.459956 1.797692
v -0.140282 -0.081341 1.959025
v -0.132451 -0.094537 1.995153
v -0.115433 -0.161773 1.978827
v -0.055986 -0.054522 2.130256
v -0.116979 -0.172989 1.948447
v -0.125642 -0.031537 2.078264
v -0.075430 -0.377799 0.819401
v -0.159429 0.005615 2.015513
v -0.190614 0.106885 1.960736
v -0.180250 0.074017 1.993240
v -0.198309 0.016210 1.808789
v -0.156854 -0.084569 1.895869
v -0.135341 -0.135470 1.926648
v -0.173217 -0.038505 1.843034
v -0.141555 -0.191884 1.791415
v -0.131685 -0.196261 1.858343
v -0.155983 -0.157467 1.669605
v -0.152884 -0.197010 1.605751
v -0.087582 -0.396602 0.895298
v -0.122052 -0.372692 1.044680
v -0.135179 -0.264819 1.414919
v -0.133731 -0.305745 1.344651
v -0.148851 -0.210890 1.519477
v -0.126510 -0.600332 1.092766
v -0.067038 -0.214024 2.074981
v -0.105168 -0.258142 2.057377
v -0.115516 -0.215048 2.037766
v -0.130231 -0.598005 1.598243
v -0.115571 -0.122054 2.048212
v -0.084570 -0.540874 1.854594
v -0.133200 -0.602634 1.262700
v -0.036940 -0.635819 1.496766
v -0.087028 -0.623471 0.955062
v -0.077464 -0.497187 1.883113
v -0.140670 -0.581285 1.436317
v -0.040883 -0.669456 1.378795
v -0.040128 -0.341206 2.061670
v -0.072810 -0.664048 1.149197
v -0.118938 -0.513355 1.808057
v -0.041721 -0.668259 1.306889
v -0.118945 -0.488093 1.843967
v -0.135109 -0.560108 1.715846
v -0.035327 -0.291746 2.058703
v -0.071082 -0.284896 2.070639
v -0.112363 -0.461734 1.199999
v -0.037910 -0.677413 1.120599
v -0.044117 -0.686559 1.196334
v -0.077239 -0.257903 2.088641
v -0.106916 -0.527399 1.755720
v -0.079854 -0.561152 1.753394
v -0.044475 -0.441279 1.970873
v -0.043451 -0.404175 2.010303
v -0.081024 -0.687996 1.074655
v -0.081494 -0.379870 2.048342
v -0.035988 -0.171912 2.103978
v -0.042896 -0.475211 1.909144
v -0.083050 -0.665828 1.448333
v -0.087687 -0.692001 1.264233
v -0.122308 -0.627612 1.484468
v -0.101653 -0.217783 2.062582
v -0.031148 -0.131931 2.116911
v -0.094523 -0.114889 2.076994
v -0.104971 -0.468254 1.863872
v -0.114899 -0.180862 1.999981
v -0.064623 -0.145545 2.096918
v -0.022133 -0.603729 0.799618
v -0.083614 -0.606917 0.854306
v -0.078703 -0.457753 1.955765
v -0.039731 -0.685576 1.015161
v -0.093209 -0.614992 1.662545
v -0.077884 -0.662844 1.362580
v -0.099577 -0.504657 1.185743
v -0.073713 -0.408006 1.998972
v -0.083605 -0.188217 2.048480
v -0.116990 -0.322590 2.039162
v -0.105302 -0.409385 1.949843
v -0.119554 -0.153687 1.961969
v -0.042469 -0.417888 1.978626
v -0.070943 -0.424105 1.978822
v -0.053431 -0.109123 2.097707
v -0.131949 -0.524174 1.447386
v -0.038783 -0.283826 2.081849
v -0.080122 -0.478036 1.915221
v -0.059535 -0.589131 1.538538
v -0.030003 -0.607583 1.521526
v -0.100969 0.160203 2.310055
v -0.048272 -0.506837 1.875707
v -0.121059 -0.381505 1.999685
v -0.081289 0.175287 2.269697
v -0.056059 0.169485 2.239599
v -0.064573 0.135647 2.270287
v -0.032832 0.153137 2.228687
v -0.097281 0.111218 2.309392
v -0.064985 0.077582 2.260226
v -0.127895 -0.496721 1.716681
v -0.042330 -0.552922 1.800407
v -0.070222 -0.429263 0.878146
v -0.111458 -0.587826 1.040744
v -0.087905 -0.573216 0.970463
v -0.036136 -0.652444 1.148232
v -0.038802 -0.663889 1.159724
v -0.077558 -0.667801 1.185695
v -0.119491 -0.333954 1.867622
v -0.112153 -0.197261 1.991503
v -0.128712 -0.588628 1.369913
v -0.118151 -0.500109 1.416608
v -0.063815 -0.605590 1.513754
v -0.131416 -0.261968 1.949086
v -0.099389 -0.504512 1.112908
v -0.120658 -0.535315 1.259921
v -0.117170 -0.594882 1.208285
v -0.143514 -0.281775 1.225167
v -0.128842 -0.477193 1.761699
v -0.139796 -0.454887 1.610345
v -0.121198 -0.201737 1.901671
v -0.132772 -0.392839 1.757573
v -0.077164 -0.548731 1.788602
v -0.038290 -0.548469 1.762997
v -0.125033 -0.436601 1.833045
v -0.122549 -0.154473 1.943973
v -0.108415 -0.458653 1.889935
v -0.118324 -0.277878 2.011575
v -0.134842 -0.350641 1.961435
v -0.096383 -0.289949 2.031796
v -0.095244 -0.640206 1.001943
v -0.063610 -0.649242 0.957271
v -0.120420 -0.446320 1.701676
v -0.040903 -0.581168 1.721026
v -0.109872 -0.386908 1.814916
v -0.023063 -0.105593 2.105057
v -0.114381 -0.655656 1.041340
v -0.130801 -0.103600 2.016312
v -0.130982 -0.276546 1.930235
v -0.029390 -0.605256 1.514109
v -0.128352 -0.433301 1.652020
v -0.132295 -0.165785 1.896402
v -0.126379 -0.438818 1.727052
v -0.077372 -0.506948 1.001699
v -0.038145 -0.670852 0.928798
v -0.103336 -0.636552 1.184208
v -0.111151 -0.188116 1.974641
v -0.106376 -0.535665 1.354194
v -0.072724 -0.540611 1.765082
v -0.117006 -0.335722 1.841704
v -0.133701 -0.411903 1.792507
v -0.125431 -0.462790 1.566889
v -0.209792 0.349401 1.832684
v -0.211581 0.259387 1.891775
v -0.176311 0.399746 1.733588
v -0.207729 0.173895 1.934317
v -0.208378 0.389042 1.795851
v -0.161811 0.424906 1.715333
v -0.201159 0.394162 1.764631
v -0.216108 0.372921 1.794255
v -0.218978 0.279359 1.851686
v -0.218761 0.191334 1.896889
v -0.197852 0.083920 1.935369
v -0.222532 0.280940 1.825299
v -0.158737 0.337511 1.695312
v -0.236948 0.137387 1.684265
v -0.218235 0.120477 1.895362
v -0.204323 0.049309 1.886926
v -0.149058 0.383805 1.568185
v -0.232852 0.214531 1.816454
v -0.171263 0.310775 1.703196
v -0.232278 0.140547 1.844010
v -0.184556 0.291777 1.579318
v -0.217383 0.349685 1.816252
v -0.206340 0.267964 1.764862
v -0.214548 0.351575 1.802713
v -0.190839 0.280639 1.702714
v -0.226220 0.226911 1.756345
v -0.226395 0.087651 1.806969
v -0.154206 0.333220 1.655186
v -0.238613 0.164327 1.783425
v -0.199056 0.270744 1.626436
v -0.211564 0.245429 1.685844
v -0.232895 0.180877 1.719940
v -0.232300 0.119198 1.751210
v -0.172980 0.304325 1.646088
v -0.138044 0.384813 1.639409
v -0.145640 0.359320 1.662722
v -0.131650 0.420490 1.657481
v -0.203853 0.245633 1.553742
v -0.083497 0.754394 1.402160
v -0.103791 0.707624 1.414178
v -0.086070 0.719616 1.377121
v -0.065103 0.766697 1.367944
v -0.111335 0.728206 1.415750
v -0.076034 0.774726 1.384027
v -0.112970 0.694986 1.408024
v -0.076185 0.748897 1.354788
v -0.057456 0.741378 1.403526
v -0.070845 0.716543 1.408001
v -0.061332 0.723797 1.390565
v -0.051095 0.748992 1.386692
v -0.061444 0.744692 1.368838
v -0.084421 0.705411 1.402197
v -0.082139 0.727997 1.411683
v -0.057798 0.760947 1.389781
v -0.164439 0.193698 1.416944
v -0.159076 0.123394 1.438614
v -0.196724 0.181106 1.468936
v -0.188402 0.125124 1.451555
v -0.169691 0.151312 1.426105
v -0.126450 -0.641343 1.406816
v -0.111867 -0.483110 1.443918
v -0.111387 -0.542923 1.315201
v -0.145476 -0.495115 1.583268
v -0.121059 -0.412657 1.868471
v -0.117106 -0.350529 1.901521
v -0.108771 -0.373372 1.837317
v -0.088201 -0.588438 1.521747
v -0.125524 -0.560418 1.489138
v -0.127276 -0.537345 1.395150
v -0.122547 -0.453056 1.910434
v -0.090197 -0.581288 1.540335
v -0.158303 -0.533115 1.636126
v -0.130318 -0.545799 1.556210
v -0.121675 -0.367017 1.868437
v -0.035934 -0.618741 1.556316
v -0.138834 -0.432523 1.756245
v -0.128602 -0.396378 1.728518
v -0.141506 -0.474499 1.662826
v -0.090409 -0.439100 0.944981
v -0.035849 -0.309215 2.060817
v -0.059816 -0.191991 2.064165
v -0.070185 -0.313468 2.055012
v -0.130657 -0.264553 1.983182
v -0.039001 -0.238532 2.093712
v -0.141943 -0.298993 1.954537
v -0.111005 -0.335305 1.917175
v -0.111421 -0.372645 1.940694
v -0.127885 -0.316536 1.931827
v -0.127661 -0.556371 1.283857
v -0.097589 -0.274646 2.042900
v -0.084313 -0.090791 2.073127
v -0.114434 -0.246235 2.028714
v -0.115040 -0.092021 2.044968
v -0.114714 -0.183297 2.016417
v -0.120483 -0.121495 2.029025
v -0.109238 -0.159816 2.010740
v -0.105694 -0.184526 2.034708
v -0.113083 -0.186266 1.950177
v -0.111193 -0.135677 2.015852
v -0.104104 -0.143901 2.039539
v -0.035212 -0.189744 2.083713
v -0.125194 -0.116208 2.010752
v -0.113946 -0.237919 1.964306
v -0.116900 -0.320321 1.881109
v -0.113827 -0.178738 1.981880
v -0.126210 -0.597095 1.309765
v -0.122534 -0.655645 1.301251
v -0.116919 -0.520302 1.282400
v -0.113351 -0.544001 1.121651
v -0.123189 -0.558206 1.239844
v -0.119250 -0.650967 1.223067
v -0.075633 -0.653341 1.327485
v -0.100678 -0.629238 1.353768
v -0.101737 -0.630764 1.335675
v -0.103986 -0.635986 1.159781
v -0.113613 -0.594133 1.141479
v -0.080774 -0.511079 0.956107
v -0.108071 -0.539289 1.079854
v -0.146754 -0.247772 1.144594
v -0.110315 -0.517370 1.233696
v -0.074489 -0.667076 1.000632
v -0.115696 -0.648261 1.121985
v -0.106948 -0.459397 1.143396
v -0.098000 -0.513426 1.132414
v -0.103724 -0.538124 1.157268
v -0.108011 -0.475555 1.231255
v -0.105183 -0.540519 1.202832
v -0.123192 -0.402868 1.288785
v -0.127122 -0.399743 1.187298
v -0.138269 -0.311453 1.278352
v -0.077522 -0.621875 0.979766
v -0.172670 0.167714 2.191396
v -0.125513 0.126622 2.069219
v -0.037810 0.164582 2.192034
v -0.043405 0.148443 2.158187
v -0.191709 0.158052 2.088872
v -0.128578 0.168344 2.272401
v -0.071804 0.117626 2.116298
v -0.076227 0.166087 2.238714
v -0.194763 0.163440 2.139918
v -0.152059 0.170999 2.243263
v -0.081132 0.122546 2.086879
v -0.173242 0.148156 2.053143
v -0.058567 0.170150 2.220784
v -0.058920 0.133672 2.129081
v -0.108055 0.173913 2.291658
v -0.114695 -0.165481 1.998527
v -0.042588 -0.407624 1.988212
v -0.074913 0.559761 1.300801
v -0.058360 0.623466 1.260268
v -0.041024 0.522309 1.308972
v -0.124390 -0.365670 1.774216
v -0.115818 -0.216359 1.911040
v -0.110549 -0.208560 1.942322
v -0.116036 -0.189401 1.930689
v -0.134125 -0.087795 2.010381
v -0.211881 0.374919 1.811915
v -0.139528 0.385842 1.670878
v -0.187837 0.296127 1.750481
v -0.145463 0.361552 1.689912
v -0.171022 0.319446 1.736472
v -0.205098 0.274479 1.791986
v -0.128238 0.426594 1.670539
v -0.207314 0.263544 1.812989
v -0.205253 0.376621 1.773870
v -0.181466 0.381191 1.753068
v -0.202178 0.354108 1.788948
v -0.145109 0.426160 1.700367
v -0.215042 0.293630 1.812641
v -0.166533 0.321818 1.495520
v -0.139277 0.340898 1.429612
v -0.175160 0.277819 1.463514
v -0.128032 -0.097805 2.030292
v -0.109843 0.423858 1.686188
v -0.121080 0.387028 1.715231
v -0.175215 0.311915 1.788431
v -0.151510 0.368916 1.746991
v -0.175441 0.339135 1.784344
v -0.117576 0.417795 1.700144
v -0.192823 0.289255 1.810106
v -0.149444 0.346772 1.751258
v -0.112866 0.396619 1.694919
v -0.158755 0.324714 1.759173
v -0.126986 0.366925 1.714682
v -0.187737 0.281731 1.801548
v -0.149982 0.393302 1.728248
v -0.118153 0.449664 1.677589
v -0.127086 0.095130 1.462832
v -0.119929 0.400830 1.686466
v -0.197292 0.323383 1.802940
v -0.180322 0.362680 1.772195
v -0.180019 0.300522 1.774524
v -0.125549 0.380876 1.692523
v -0.087206 -0.572427 0.921143
v -0.023429 -0.542486 0.802493
v -0.074041 -0.501073 0.922090
v -0.051991 -0.620823 0.810633
v -0.071252 -0.663899 0.871571
v -0.058027 -0.476226 0.868756
v -0.113968 0.141575 2.205797
v -0.157942 0.157728 2.191930
v -0.122318 0.118375 2.081279
v -0.173943 0.148216 2.098669
v -0.131284 0.155445 2.240468
v -0.093631 0.114046 2.110712
v -0.087395 0.125563 2.155405
v -0.147476 0.163527 2.234083
v -0.088938 0.113036 2.093762
v -0.166126 0.141544 2.065080
v -0.185080 0.162378 2.139268
v -0.144287 0.141055 2.149228
v -0.134008 0.128509 2.099890
v -0.127906 0.424933 1.625943
v -0.148135 0.359766 1.618285
v -0.147602 0.341501 1.719305
v -0.137743 0.411183 1.562961
v -0.126366 -0.393832 1.907836
v -0.215227 0.328233 1.815721
v -0.092336 -0.151304 2.065431
v -0.107620 -0.209694 1.976707
v -0.062414 -0.175336 2.075328
v -0.020406 0.543051 1.288426
v -0.022406 0.491188 1.323159
v -0.066394 0.180018 2.072692
v -0.046676 0.673719 1.251089
v -0.023572 0.754265 1.270929
v -0.027102 0.847378 1.380653
v -0.055779 0.776003 1.330629
v -0.040266 0.769781 1.301493
v -0.047531 0.850738 1.408615
v -0.041881 0.816561 1.354200
v -0.029477 0.706905 1.267609
v -0.035738 0.640471 1.239424
v -0.000000 0.139769 2.207829
v -0.000000 0.101860 2.210613
v -0.000000 -0.566611 0.797068
v -0.028502 -0.056388 2.137111
v -0.034433 -0.153371 2.115670
v -0.101735 -0.536857 1.178031
v -0.039150 -0.687639 1.068442
v -0.134472 -0.341548 1.302108
v -0.160892 0.348149 1.893426
v -0.151874 -0.199850 1.217952
v -0.098573 0.691196 1.343833
v -0.189373 0.157339 2.214428
v -0.131571 0.724035 1.491543
v -0.142953 -0.229578 1.665058
v -0.187568 0.082544 2.202962
v -0.160347 0.037174 2.129865
v -0.109506 0.769444 1.427138
v -0.166694 -0.066079 1.840816
v -0.119416 -0.160090 1.952410
v -0.129288 0.162153 2.262391
v -0.129914 0.685623 1.522045
v -0.131462 -0.244277 0.793989
v -0.164306 0.254183 1.963917
v -0.116326 0.584707 1.610525
v -0.123411 -0.008881 1.317530
v -0.146688 -0.181549 1.459675
v -0.067272 0.423290 1.361488
v -0.137427 0.454173 1.766206
v -0.124325 0.246811 1.044869
v -0.198794 0.125042 2.227266
v -0.144854 0.178591 2.016832
v -0.070146 0.236963 1.370792
v -0.124208 0.759668 1.460409
v -0.186539 0.114456 1.979390
v -0.134447 0.103742 1.200238
v -0.055115 0.641235 1.316699
v -0.073388 0.720813 1.381556
v -0.133229 0.005958 1.443259
v -0.155442 0.085764 1.471450
v -0.102562 0.377148 0.948523
v -0.091064 0.162864 1.399504
v -0.087274 0.452182 0.867496
v -0.098144 0.448483 0.779838
v -0.060682 0.331247 1.366518
v -0.116589 0.353329 0.695422
v -0.171265 -0.167250 0.705625
v -0.068431 0.511305 1.323880
v -0.036745 0.007066 2.196501
v -0.035586 0.072099 2.237716
v -0.027831 0.836336 1.494155
v -0.040879 -0.605015 1.651519
v -0.031684 0.165075 2.213743
v -0.038064 -0.514995 0.829213
v -0.033724 0.380254 1.955390
v -0.015391 0.562586 1.274698
v -0.120977 -0.655238 1.082680
v -0.027577 0.861078 1.458320
v -0.033417 0.195440 2.097481
v -0.033865 0.131225 2.240280
v -0.030938 0.519588 1.811769
v -0.028473 0.672325 1.650355
v -0.034400 0.276906 2.038166
v -0.028064 0.788088 1.543007
v -0.048885 0.159249 2.180634
v -0.020319 0.870079 1.421225
v -0.206871 0.054992 0.875000
v -0.116385 0.313317 1.400878
v -0.103623 0.529209 1.382217
v -0.074844 0.600336 1.341979
v -0.222724 0.160674 1.545797
v -0.125282 0.425099 1.443866
v -0.124416 0.534440 1.416298
v -0.130643 0.640953 1.415953
v -0.141657 0.687785 1.438015
v -0.142004 0.716883 1.442905
v -0.148014 0.674840 1.460944
v -0.144434 0.653062 1.469272
v -0.133223 0.413070 1.666753
v -0.210638 0.310802 1.863327
v -0.131141 0.519880 1.513070
v -0.234051 0.075933 1.614706
v -0.206283 0.127802 2.098107
v -0.211621 0.136176 2.174299
v -0.212901 0.113474 2.152207
v -0.209601 0.023833 1.647139
v -0.172175 0.049417 2.010705
v -0.187259 0.082047 2.065560
v -0.205194 0.078671 1.912690
v -0.132613 -0.214179 1.823970
v -0.141285 -0.254741 1.563995
v -0.153881 -0.154129 1.726416
v -0.128027 -0.189561 1.886025
v -0.112968 -0.217720 2.007546
v -0.110918 -0.327539 0.867773
v -0.130612 -0.319028 1.390192
v -0.155531 -0.209100 1.013270
v -0.141621 -0.275059 1.086666
v -0.129806 0.359434 0.884449
v -0.166859 0.212514 0.910720
v -0.149249 0.302587 0.825380
v -0.170605 -0.058589 1.044330
v -0.192319 -0.083766 0.922069
v -0.204473 0.035336 0.807487
v -0.115331 0.409749 0.853445
v -0.078516 0.599485 1.285242
v -0.146560 -0.591283 1.653064
v -0.047385 0.646277 1.245347
v -0.026040 0.520849 1.305230
v -0.039284 0.409340 0.616609
v -0.021746 0.353869 1.351285
v -0.039200 0.500594 0.710931
v -0.038589 0.521921 0.823590
v -0.023775 0.161662 1.389806
v -0.039617 0.452391 0.932783
v -0.025034 0.096565 1.449529
v -0.027824 0.056371 1.441504
v -0.024648 0.830355 1.352931
v -0.018902 0.708727 1.259704
v -0.041517 0.163422 1.219205
v -0.073065 0.834986 1.463948
v -0.022637 0.249131 1.354895
v -0.059104 0.164989 2.091414
v -0.160997 0.131892 2.316281
v -0.041872 0.307041 1.060229
v -0.082474 0.499683 1.798927
v -0.021326 0.449732 1.341510
v -0.034564 0.072551 1.352141
v -0.080384 0.631518 1.631403
v -0.092470 0.269524 2.014586
v -0.051269 -0.332724 0.712576
v -0.087230 0.756873 1.549328
v -0.099441 0.142368 2.213715
v -0.092191 -0.044949 2.110657
v -0.033173 0.857436 1.401241
v -0.101853 0.014155 2.186911
v -0.132650 0.075850 2.276634
v -0.076083 0.812019 1.506635
v -0.147164 0.168124 2.301948
v -0.038614 -0.418371 0.787423
v -0.023983 0.782398 1.297557
v -0.145017 -0.018869 2.041797
v -0.090213 0.367921 1.936315
v -0.091801 0.569744 1.369605
v -0.116571 0.596146 1.395739
v -0.232989 0.131305 1.597427
v -0.145089 0.358460 1.642644
v -0.170881 0.306146 1.677463
v -0.235476 0.126571 1.797346
v -0.131404 0.460370 1.521041
v -0.138870 0.392107 1.485999
v -0.141946 -0.106098 1.933897
v -0.178023 0.290932 1.497311
v -0.175701 0.214306 1.435266
v -0.218551 0.221682 1.571308
v -0.189963 -0.005436 1.791906
v -0.129614 -0.152695 1.926276
v -0.180117 -0.053936 1.715156
v -0.110013 -0.404816 1.025542
v -0.087825 -0.629942 0.994529
v -0.109776 -0.322592 1.790022
v -0.118748 -0.272180 1.887112
v -0.103671 -0.472417 1.336404
v -0.090020 -0.459197 1.485102
v -0.079090 -0.514790 1.030633
v -0.118850 -0.388512 1.679129
v -0.120962 -0.131401 1.983709
v -0.014589 -0.563202 0.795400
v -0.043224 -0.408545 1.993841
v -0.079340 -0.176965 2.043966
v -0.109645 -0.195517 1.970146
v -0.101879 -0.458715 1.881417
v -0.106627 -0.523264 1.765057
v -0.102833 -0.501256 1.502180
v -0.098180 -0.628206 1.342868
v -0.135577 -0.059471 2.013414
v -0.039328 -0.473300 1.884167
v -0.034860 -0.297516 2.056269
v -0.035045 -0.650737 0.976397
v -0.036525 -0.652335 1.152968
v -0.037536 -0.639880 1.335212
v -0.029315 -0.605725 1.517603
v -0.021229 -0.096148 2.104157
v -0.037347 -0.547197 1.755250
v -0.115517 -0.282409 1.833666
v -0.091498 -0.463237 1.411773
v -0.114922 -0.228410 1.920629
v -0.118679 -0.435702 1.181904
v -0.114235 -0.410619 1.586404
v -0.118534 -0.341964 1.730669
v -0.098771 -0.394484 1.965495
v -0.108964 -0.147932 2.012032
v -0.093890 -0.279041 2.037803
v -0.103008 -0.382793 1.828307
v -0.121207 -0.445382 1.713667
v -0.084641 -0.581914 1.531567
v -0.105836 -0.540324 1.336447
v -0.101964 -0.634863 1.172530
v -0.083351 -0.081437 2.075364
v -0.118727 -0.327588 1.924178
v -0.028637 -0.485690 0.820477
v -0.059932 -0.459053 0.868270
v -0.136617 -0.086893 1.978158
v -0.118412 -0.151654 1.972387
v -0.122633 -0.657220 1.263992
v -0.039671 -0.263647 2.091326
v -0.149926 -0.485515 1.622253
v -0.038815 -0.673244 0.866881
v -0.043144 -0.532630 1.855471
v -0.138656 -0.422433 1.774448
v -0.087838 -0.619442 0.896223
v -0.044849 -0.461045 1.948824
v -0.105825 -0.238908 2.063426
v -0.042796 -0.379276 2.046148
v -0.095844 -0.134203 2.074348
v -0.086473 -0.160745 2.055220
v -0.042859 -0.686451 1.257292
v -0.041003 -0.661707 1.442612
v -0.131540 -0.638897 1.456578
v -0.141192 -0.282049 1.967744
v -0.109687 -0.640612 1.195516
v -0.102015 -0.269835 2.048824
v -0.039272 -0.562245 1.747352
v -0.108415 -0.640719 1.145561
v -0.104086 -0.300426 2.033847
v -0.102679 -0.584462 1.554290
v -0.108402 -0.393192 1.972409
v -0.031773 -0.613423 1.512560
v -0.040310 -0.551856 1.772399
v -0.084405 -0.622798 0.961624
v -0.099562 -0.400519 1.955234
v -0.031466 -0.610925 1.525821
v -0.071872 -0.585546 0.836711
v -0.026853 -0.631722 0.801512
v -0.039113 -0.656745 1.348734
v -0.037736 -0.320749 2.065345
v -0.103534 -0.649736 1.014974
v -0.112681 -0.516147 1.785672
v -0.044567 -0.488552 1.879011
v -0.040076 -0.643517 1.323056
v -0.111523 -0.479285 1.854847
v -0.114308 -0.534867 1.745664
v -0.036934 -0.290092 2.068665
v -0.037108 -0.664112 1.141087
v -0.041751 -0.676350 1.168008
v -0.112274 -0.640733 1.323111
v -0.043614 -0.427957 1.977453
v -0.113053 -0.458245 1.888463
v -0.126812 -0.355187 2.031780
v -0.089212 -0.100814 2.074830
v -0.035691 -0.182389 2.087672
v -0.041570 -0.477202 1.893575
v -0.037360 -0.221409 2.090903
v -0.103661 -0.602561 1.509362
v -0.091963 -0.200695 2.055672
v -0.026889 -0.115745 2.110620
v -0.123019 -0.501377 1.830204
v -0.110861 -0.634635 1.370512
v -0.102344 -0.236186 1.996272
v -0.038634 -0.672013 0.990013
v -0.035117 -0.200031 2.084254
v -0.035065 -0.654339 0.958821
v -0.125804 -0.109728 2.031170
v -0.131696 -0.533354 1.422393
v -0.103954 0.170355 2.312743
v -0.114080 -0.541372 1.105837
v -0.114978 -0.194994 2.015382
v -0.127564 -0.557648 1.261997
v -0.079133 -0.507491 0.940588
v -0.115971 -0.437253 1.291804
v -0.112890 -0.254301 1.988380
v -0.112350 -0.185991 1.981937
v -0.122411 -0.514186 1.465249
v -0.129415 -0.499493 1.557340
v -0.107080 -0.544335 1.138332
v -0.113892 -0.551151 1.221519
v -0.128401 -0.086890 2.025357
v -0.115193 -0.318155 1.854795
v -0.097263 -0.473193 1.410134
v -0.122968 -0.252116 1.939296
v -0.098545 -0.492830 1.121057
v -0.111433 -0.511913 1.255520
v -0.128832 -0.440757 1.602213
v -0.124310 -0.371993 1.745762
v -0.114898 -0.128352 2.023314
v -0.116863 -0.369588 1.851904
v -0.123031 -0.398432 1.803812
v -0.132454 -0.435575 1.741773
v -0.126878 -0.458407 1.689740
v -0.097971 -0.540359 1.055726
v -0.079624 -0.514242 0.964762
v -0.115907 -0.534070 1.372147
v -0.120258 -0.551254 1.300782
v -0.135646 -0.309237 1.942551
v -0.110884 -0.342029 1.911575
v -0.130814 -0.098562 2.007100
v -0.090070 0.088465 2.291218
v -0.074885 0.173521 2.267316
v -0.100260 0.138462 2.313057
v -0.171339 0.420289 1.745132
v -0.202777 0.396729 1.779551
v -0.214044 0.360632 1.820274
v -0.226873 0.244009 1.839175
v -0.211595 0.218505 1.915636
v -0.198613 0.118983 1.945527
v -0.201247 0.278837 1.774082
v -0.213801 0.050753 1.809502
v -0.145249 0.398982 1.550038
v -0.234745 0.170702 1.670791
v -0.211543 0.364011 1.789573
v -0.226078 0.163693 1.875497
v -0.209448 0.255357 1.728971
v -0.215677 0.238364 1.641407
v -0.236039 0.196139 1.769972
v -0.232693 0.104827 1.705698
v -0.176932 0.302892 1.611902
v -0.193683 0.387779 1.755242
v -0.131551 0.411505 1.643315
v -0.093372 0.756660 1.403860
v -0.118187 0.702113 1.418177
v -0.095109 0.715942 1.376187
v -0.069911 0.771419 1.363088
v -0.055940 0.734361 1.398417
v -0.070017 0.748964 1.402910
v -0.055865 0.759923 1.376549
v -0.087158 0.710153 1.412167
v -0.207294 0.145113 1.488002
v -0.195939 0.112643 1.466044
v -0.138312 -0.331981 1.224557
v -0.104741 -0.485970 1.204714
v -0.176409 0.168187 2.194110
v -0.125736 0.132179 2.060857
v -0.033020 0.166593 2.194631
v -0.037314 0.146829 2.139814
v -0.195466 0.156794 2.086897
v -0.130167 0.173145 2.281683
v -0.065183 0.123132 2.111273
v -0.083326 0.172795 2.261825
v -0.114728 -0.170169 1.989321
v -0.111083 -0.172605 2.014507
v -0.041778 -0.408431 1.981067
v -0.117309 -0.202107 1.915474
v -0.111503 -0.194730 1.951454
v -0.114912 -0.182112 1.944490
v -0.214054 0.379314 1.801224
v -0.148004 0.360534 1.678460
v -0.172598 0.316067 1.722252
v -0.134753 0.363174 1.699978
v -0.130917 0.427633 1.699203
v -0.163606 0.321810 1.748412
v -0.159730 0.418127 1.713271
v -0.154723 0.346673 1.483873
v -0.163259 0.265678 1.430974
v -0.128576 0.429865 1.589558
v -0.197242 0.275927 1.799474
v -0.133746 0.365859 1.731372
v -0.111614 0.408529 1.698729
v -0.163463 0.330164 1.772375
v -0.184851 0.292302 1.801769
v -0.117208 0.429361 1.678608
v -0.204513 0.289230 1.812986
v -0.118933 0.390564 1.691844
v -0.167010 0.375262 1.752766
v -0.189619 0.346586 1.788587
v -0.115212 0.117566 2.093685
v -0.152403 0.138974 2.111878
v -0.125311 0.122010 2.073447
v -0.078554 0.114082 2.118796
v -0.186682 0.154833 2.091754
v -0.168549 0.164304 2.190251
v -0.136000 0.146526 2.197598
v -0.155093 0.360102 1.586271
v -0.118604 -0.435664 1.933305
v -0.119616 -0.359479 1.885807
v -0.107305 -0.480923 1.249723
v -0.190480 0.270474 1.553977
v -0.111438 0.112120 1.444548
v -0.178583 0.131728 1.440078
v -0.155964 0.182616 1.405503
v -0.120286 0.198248 1.393419
v -0.216233 0.344461 1.811415
v -0.218043 0.303029 1.818511
v -0.082609 0.196940 2.053273
v -0.055583 0.752060 1.306386
v -0.066222 0.832043 1.412916
v -0.056801 0.798226 1.356104
v -0.034342 0.694133 1.280747
v -0.021604 0.641892 1.230466
v -0.114585 0.300496 0.646613
v -0.000000 0.351174 0.607323
v -0.110218 -0.248693 0.708680
v -0.102152 -0.259814 0.694126
v -0.130389 -0.223350 0.717254
v -0.165210 0.218862 0.721887
v -0.193833 0.166487 0.730076
v -0.000000 -0.336303 0.649866
v -0.155627 -0.175179 0.722472
v -0.194567 -0.090321 0.747410
v -0.191748 0.070272 1.490732
v -0.167479 0.008629 1.485351
v -0.176123 -0.025404 1.497856
v -0.186200 -0.036904 1.551827
v -0.220344 0.037355 1.585116
v -0.224350 0.072517 1.573402
v -0.220065 0.097323 1.553021
v -0.209308 0.088618 1.522415
v -0.201377 0.088425 1.496947
v -0.129556 0.479382 1.465548
v -0.000000 0.712251 1.225070
v -0.023426 0.706587 1.226956
v -0.000000 0.682217 1.214573
v -0.023227 0.690929 1.214104
v -0.034400 0.668535 1.237646
v -0.000000 0.664745 1.221429
v -0.022442 0.664171 1.222407
v -0.062388 0.160683 2.206140
v -0.078120 0.132840 2.160546
v -0.077359 -0.469378 0.919114
v -0.064731 -0.459895 0.881855
v -0.069743 -0.459643 0.892556
v -0.073784 -0.464234 0.905441
v 0.196971 -0.475262 -0.020424
v 0.363956 -0.363705 -0.018375
v 0.475535 -0.196748 -0.015279
v 0.514714 0.000195 -0.011606
v 0.475535 0.197134 -0.007918
v 0.363957 0.364091 -0.004775
v 0.196971 0.475647 -0.002655
v 0.185340 -0.119802 0.730131
v 0.203658 -0.101040 0.718106
v 0.220896 -0.012700 0.725106
v 0.210717 0.010876 0.756817
v 0.209980 0.059825 0.747622
v 0.198067 0.129052 0.740659
v 0.129360 -0.226253 0.686992
v 0.184840 -0.184974 0.675366
v 0.239096 -0.110292 0.674784
v 0.260663 -0.015618 0.680561
v 0.241488 0.071347 0.697249
v 0.204389 0.145738 0.710750
v 0.100917 -0.276343 0.643139
v 0.200258 -0.214162 0.632755
v 0.286886 -0.129037 0.633454
v 0.322865 -0.011289 0.638399
v 0.290825 0.107864 0.646794
v 0.195305 0.193156 0.683606
v 0.110641 -0.283222 0.588331
v 0.215910 -0.225532 0.583902
v 0.298554 -0.134228 0.580685
v 0.324721 -0.011263 0.582835
v 0.296604 0.111520 0.586730
v 0.209069 0.195874 0.598340
v 0.119458 0.271189 0.597859
v 0.107219 -0.270977 0.557362
v 0.104185 -0.263053 0.566917
v 0.199528 -0.210417 0.558664
v 0.195971 -0.206650 0.564205
v 0.261052 -0.119027 0.560389
v 0.256676 -0.117200 0.564243
v 0.282733 -0.010986 0.562378
v 0.277814 -0.010770 0.566970
v 0.261315 0.097101 0.564274
v 0.256815 0.096052 0.568030
v 0.200134 0.188658 0.565871
v 0.195429 0.183334 0.573842
v 0.108770 0.250195 0.567085
v 0.106637 0.245535 0.572282
v 0.125373 -0.312792 0.544224
v 0.233250 -0.243189 0.545363
v 0.304677 -0.136321 0.547354
v 0.329754 -0.010234 0.549703
v 0.304611 0.115840 0.552021
v 0.233259 0.222762 0.553881
v 0.125847 0.293167 0.555321
v 0.151029 -0.374277 0.520963
v 0.135178 -0.336134 0.540091
v 0.279088 -0.288901 0.522673
v 0.249956 -0.259856 0.541460
v 0.364646 -0.160962 0.525061
v 0.326497 -0.145312 0.543599
v 0.394730 -0.010002 0.527879
v 0.353372 -0.010182 0.546120
v 0.018213 -0.522683 0.803790
v 0.364761 0.140989 0.530686
v 0.326508 0.124968 0.548614
v 0.279309 0.269033 0.533023
v 0.249982 0.239551 0.550626
v 0.151267 0.354455 0.534547
v 0.135055 0.315462 0.551980
v 0.160654 -0.396849 0.498373
v 0.296717 -0.305951 0.500038
v 0.387619 -0.169921 0.502574
v 0.419537 -0.009453 0.505569
v 0.387624 0.151022 0.508561
v 0.296733 0.287083 0.511070
v 0.160679 0.377985 0.512757
v 0.171531 -0.422678 0.469570
v 0.316829 -0.325558 0.471303
v 0.413903 -0.180293 0.474007
v 0.447992 -0.008929 0.477204
v 0.413906 0.162438 0.480405
v 0.316840 0.307726 0.483107
v 0.171548 0.404802 0.484917
v 0.181751 -0.446664 0.432660
v 0.335725 -0.343800 0.434550
v 0.438602 -0.189852 0.437413
v 0.474729 -0.008253 0.440800
v 0.438604 0.173347 0.444196
v 0.335732 0.327310 0.447074
v 0.181764 0.430182 0.449004
v 0.185130 -0.453989 0.385360
v 0.341988 -0.349198 0.387286
v 0.446793 -0.192371 0.390200
v 0.483596 -0.007373 0.393650
v 0.446795 0.177624 0.397111
v 0.341993 0.334464 0.400049
v 0.185139 0.439257 0.402025
v 0.186307 -0.456051 0.341587
v 0.344177 -0.350585 0.343525
v 0.449656 -0.192746 0.346456
v 0.486695 -0.006557 0.349928
v 0.449657 0.179630 0.353412
v 0.344181 0.337476 0.356374
v 0.186314 0.442946 0.358368
v 0.170221 -0.416168 0.284008
v 0.182922 -0.447039 0.295112
v 0.314466 -0.319804 0.285777
v 0.337931 -0.343482 0.297015
v 0.410844 -0.175585 0.288454
v 0.441499 -0.188501 0.299892
v 0.444686 -0.005467 0.291627
v 0.477870 -0.005687 0.303302
v 0.410845 0.164652 0.294810
v 0.441500 0.177127 0.306723
v 0.314470 0.308873 0.297518
v 0.337934 0.332113 0.309633
v 0.170225 0.405238 0.299345
v 0.182927 0.435671 0.311595
v 0.201393 -0.489409 0.171212
v 0.193385 -0.471062 0.225971
v 0.372089 -0.375371 0.173306
v 0.357283 -0.361569 0.227983
v 0.486141 -0.204705 0.176473
v 0.466792 -0.197703 0.231024
v 0.526194 -0.003389 0.180227
v 0.505249 -0.004405 0.234628
v 0.486142 0.197924 0.183996
v 0.466793 0.188891 0.238247
v 0.372090 0.368592 0.187207
v 0.357284 0.352760 0.241329
v 0.201395 0.482630 0.189372
v 0.193388 0.462257 0.243405
v 0.201310 -0.486106 -0.000148
v 0.371971 -0.372093 0.001945
v 0.486000 -0.201462 0.005110
v 0.526044 -0.000188 0.008862
v 0.486000 0.201083 0.012632
v 0.371971 0.371714 0.015845
v 0.201311 0.485727 0.018011
v 0.059333 0.165604 2.211812
v 0.207133 -0.501124 0.052858
v 0.382717 -0.383823 0.055013
v 0.500040 -0.208267 0.058269
v 0.541239 -0.001183 0.062130
v 0.500040 0.205898 0.066008
v 0.382717 0.381455 0.069312
v 0.207131 0.498758 0.071541
v 0.185679 -0.453142 0.264211
v 0.343034 -0.348019 0.266143
v 0.448172 -0.190692 0.269062
v 0.485093 -0.005112 0.272524
v 0.448173 0.180469 0.275997
v 0.343036 0.337797 0.278954
v 0.185683 0.442924 0.280946
v 0.049411 0.840770 1.477848
v 0.045202 0.862474 1.434581
v 0.127136 0.109783 2.327454
v 0.132429 0.159333 2.330661
v 0.061049 0.226188 2.061495
v 0.062168 0.318825 1.998476
v 0.108556 0.176380 2.306651
v 0.053392 0.150112 2.116499
v 0.064330 -0.025478 2.161469
v 0.074565 0.046315 2.239736
v 0.059218 0.443570 1.883555
v 0.053172 0.587864 1.726610
v 0.052177 0.730877 1.585651
v 0.049957 0.808446 1.516340
v 0.039021 0.579811 1.271175
v 0.109029 0.256140 1.393015
v 0.102333 0.196539 1.387561
v 0.171213 0.087165 1.003977
v 0.141142 0.293432 0.925343
v 0.141519 -0.198453 1.336323
v 0.175261 -0.073458 1.191121
v 0.193243 -0.086032 0.847350
v 0.171464 -0.188357 0.928304
v 0.148506 -0.134410 1.836634
v 0.111561 -0.367846 0.966143
v 0.186774 0.146348 0.781145
v 0.129837 0.382066 0.806671
v 0.110269 0.394952 0.896876
v 0.103791 0.435830 0.841086
v 0.144207 0.151118 1.415533
v 0.204592 0.055197 1.528355
v 0.100457 0.616257 1.356753
v 0.078848 0.610314 1.301926
v 0.145965 0.700669 1.459846
v 0.132308 0.744830 1.443611
v 0.209455 0.111631 2.183923
v 0.205494 0.141895 2.198159
v 0.119724 0.482476 1.394292
v 0.119520 0.375845 1.413698
v 0.193945 0.191310 1.960024
v 0.195120 0.280880 1.911125
v 0.190284 0.165191 2.138633
v 0.169835 0.145354 2.060230
v 0.164688 0.032950 2.053376
v 0.200836 0.084651 2.129450
v 0.097512 0.729150 1.412653
v 0.099753 0.701946 1.402608
v 0.192387 0.389256 1.815235
v 0.125732 0.470971 1.655739
v 0.140059 0.604376 1.480227
v 0.146362 0.677006 1.485674
v 0.092493 0.564723 1.342299
v 0.149288 0.168077 2.238759
v 0.112295 0.759260 1.525888
v 0.083322 -0.336642 0.783831
v 0.125756 0.303158 1.960876
v 0.094725 0.662732 1.572358
v 0.096498 0.546897 1.701197
v 0.118162 0.419338 1.853662
v 0.178359 0.147460 2.267848
v 0.176007 0.101683 2.265206
v 0.120187 0.225325 2.015091
v 0.084484 0.116741 2.091599
v 0.095030 0.810347 1.443438
v 0.105492 0.790226 1.488612
v 0.128539 -0.002981 2.118665
v 0.082616 0.206347 1.136331
v 0.083993 0.090847 1.297911
v 0.057078 0.652654 1.270626
v 0.070460 0.703775 1.297415
v 0.071278 0.748193 1.359657
v 0.069572 0.769109 1.385111
v 0.073130 0.033563 1.394447
v 0.071856 0.074946 1.466409
v 0.077188 0.351100 0.997339
v 0.054244 0.129829 1.420923
v 0.046455 0.198662 1.374817
v 0.067662 0.465287 0.896316
v 0.067552 0.492581 0.793309
v 0.040144 0.293294 1.357521
v 0.038169 0.391126 1.359009
v 0.072649 0.442892 0.694332
v 0.108309 -0.251193 0.714694
v 0.038761 0.479401 1.335518
v 0.143713 0.052453 2.209272
v 0.105500 0.558709 1.389392
v 0.134964 0.421876 1.516323
v 0.227032 0.185646 1.601136
v 0.216582 0.048608 1.704216
v 0.150178 0.378814 1.524287
v 0.238447 0.117645 1.637458
v 0.167789 0.329901 1.557296
v 0.208317 0.220256 1.503181
v 0.184015 -0.025776 1.753243
v 0.062581 -0.645015 0.827516
v 0.062365 -0.202806 2.068537
v 0.060186 -0.183067 2.066755
v 0.047244 -0.100826 2.097103
v 0.047681 -0.077094 2.108336
v 0.075552 -0.477424 1.903677
v 0.073834 -0.480419 1.881948
v 0.070194 -0.413276 1.982064
v 0.071019 -0.404005 1.991460
v 0.040491 -0.588133 0.808528
v 0.073839 -0.650997 1.350310
v 0.072263 -0.645712 1.335432
v 0.054894 -0.588914 1.519090
v 0.053958 -0.583683 1.529744
v 0.066161 -0.300044 2.049782
v 0.067260 -0.286098 2.059706
v 0.067880 -0.653986 0.992605
v 0.061330 -0.641169 0.972551
v 0.070879 -0.657027 1.157592
v 0.073223 -0.659881 1.175415
v 0.074012 -0.543234 1.757363
v 0.074246 -0.544042 1.776102
v 0.137797 -0.077185 2.000469
v 0.167359 -0.017136 1.953985
v 0.113585 -0.324780 1.818894
v 0.117667 -0.343177 1.776816
v 0.131904 -0.249937 1.758779
v 0.117180 -0.301738 1.881204
v 0.121001 -0.231654 1.877089
v 0.125206 -0.274730 1.913838
v 0.081602 -0.473829 0.935012
v 0.091760 -0.483891 1.367336
v 0.105521 -0.490608 1.290074
v 0.118437 -0.400727 1.343623
v 0.107904 -0.457711 1.535928
v 0.095800 -0.466452 1.451033
v 0.117621 -0.365790 1.482165
v 0.114162 -0.176171 1.965248
v 0.108467 -0.218361 1.961184
v 0.083000 -0.482202 0.980950
v 0.118006 -0.398607 1.121900
v 0.122445 -0.418125 1.241131
v 0.121527 -0.412318 1.662421
v 0.127784 -0.323508 1.647652
v 0.123908 -0.387567 1.707965
v 0.098676 -0.151960 2.033922
v 0.100235 -0.172496 2.031271
v 0.105680 -0.270975 2.012373
v 0.108569 -0.255407 2.022124
v 0.113513 -0.417409 1.859734
v 0.113208 -0.427137 1.844077
v 0.123622 -0.481436 1.747033
v 0.121242 -0.491455 1.728950
v 0.109412 -0.550723 1.505614
v 0.111548 -0.545183 1.534226
v 0.099101 -0.562036 1.022076
v 0.082930 -0.551017 1.003034
v 0.062518 -0.489495 0.878931
v 0.078917 -0.549928 0.895049
v 0.117621 -0.590906 1.351339
v 0.116002 -0.593868 1.326975
v 0.107952 -0.589096 1.159377
v 0.107760 -0.590012 1.192079
v 0.114516 -0.080179 2.042002
v 0.122270 -0.053389 2.051519
v 0.125207 -0.360136 1.954440
v 0.110038 -0.373096 1.947899
v 0.047931 -0.490214 0.850115
v 0.061455 -0.425982 0.852667
v 0.115631 -0.152000 1.991196
v 0.125720 -0.129948 1.957480
v 0.122760 -0.121519 1.998899
v 0.084206 -0.685008 1.215707
v 0.082419 -0.678923 1.310291
v 0.079745 -0.682324 1.027845
v 0.076954 -0.678104 1.123957
v 0.078326 -0.405268 2.016479
v 0.075845 -0.337446 2.056595
v 0.081909 -0.675371 1.396912
v 0.076639 -0.637777 1.490617
v 0.082650 -0.472489 1.931603
v 0.073099 -0.437611 1.972510
v 0.065005 -0.165182 2.088208
v 0.060373 -0.122826 2.098843
v 0.070133 -0.662835 0.926894
v 0.075006 -0.612423 1.589875
v 0.087710 -0.591309 1.726066
v 0.080788 -0.552463 1.816328
v 0.081336 -0.514409 1.875202
v 0.074820 -0.277613 2.081485
v 0.073604 -0.232084 2.083903
v 0.110485 -0.134890 2.044899
v 0.112942 -0.198249 2.037663
v 0.128546 -0.405144 1.887063
v 0.133353 -0.447430 1.819419
v 0.134977 -0.471630 1.776046
v 0.145927 -0.512797 1.686813
v 0.121840 -0.598117 1.063987
v 0.089027 -0.577213 0.964349
v 0.137764 -0.586366 1.399891
v 0.133872 -0.602453 1.288597
v 0.144107 -0.335320 1.976589
v 0.119896 -0.378595 1.925872
v 0.137190 -0.289747 2.009520
v 0.116832 -0.232314 2.033987
v 0.136775 -0.570894 1.466216
v 0.151354 -0.544296 1.586521
v 0.122210 -0.599251 1.119821
v 0.128134 -0.600660 1.232051
v 0.116701 -0.105988 2.048275
v 0.065293 0.160584 2.263472
v 0.064771 0.107291 2.271241
v 0.123035 -0.250037 1.964800
v 0.122510 -0.499036 1.438082
v 0.136953 -0.466425 1.583755
v 0.099015 -0.506785 1.121042
v 0.118469 -0.534981 1.244575
v 0.132760 -0.095179 2.016661
v 0.118764 -0.330523 1.882350
v 0.120398 -0.342201 1.856554
v 0.114056 -0.189064 1.995195
v 0.116430 -0.506373 1.397225
v 0.135514 -0.277685 1.941495
v 0.093966 -0.497487 1.090450
v 0.122463 -0.536765 1.276360
v 0.082944 -0.489396 0.957644
v 0.136248 -0.448773 1.643584
v 0.109932 -0.202926 1.984823
v 0.130917 -0.385783 1.773564
v 0.134782 -0.405754 1.744384
v 0.127313 -0.113572 2.017537
v 0.115258 -0.173934 2.003526
v 0.216985 0.322791 1.827939
v 0.219688 0.231616 1.874918
v 0.184523 0.405440 1.745030
v 0.212462 0.146378 1.917076
v 0.210823 0.382979 1.781427
v 0.155723 0.334996 1.677171
v 0.223068 0.250234 1.808467
v 0.235387 0.179724 1.829150
v 0.222261 0.096732 1.861251
v 0.204170 0.260166 1.590399
v 0.216690 0.362336 1.805603
v 0.188719 0.288833 1.732298
v 0.224570 0.208662 1.705488
v 0.226407 0.093926 1.767742
v 0.156168 0.333581 1.629311
v 0.235553 0.150597 1.734423
v 0.194691 0.275058 1.666019
v 0.138175 0.385889 1.657947
v 0.075899 0.789050 1.389649
v 0.127246 0.722842 1.425146
v 0.127141 0.672553 1.423012
v 0.072808 0.750328 1.341499
v 0.052660 0.751968 1.393415
v 0.069826 0.727193 1.409768
v 0.072060 0.711809 1.401773
v 0.053261 0.741774 1.383302
v 0.185069 0.152887 1.449740
v 0.172224 0.110147 1.454705
v 0.099720 -0.498391 1.158620
v 0.103679 -0.502515 1.220246
v 0.158034 0.169876 2.249771
v 0.204914 0.150340 2.147840
v 0.078553 0.143199 2.074624
v 0.184096 0.134356 2.030466
v 0.056891 0.172139 2.229541
v 0.074820 0.125535 2.139822
v 0.104381 0.164567 2.270668
v 0.121462 -0.176798 1.925611
v 0.112917 -0.199348 1.934207
v 0.134878 0.388004 1.680769
v 0.156769 0.339683 1.708701
v 0.187240 0.298433 1.765661
v 0.163821 0.396121 1.729397
v 0.209106 0.332226 1.804965
v 0.194314 0.369604 1.772139
v 0.156113 0.305167 1.441954
v 0.112220 0.406596 1.690019
v 0.112586 0.436820 1.685106
v 0.118131 0.384663 1.703162
v 0.133078 0.387309 1.723936
v 0.173703 0.304598 1.780592
v 0.185335 0.317570 1.798783
v 0.164818 0.353749 1.767125
v 0.196606 0.272247 1.811085
v 0.141670 0.344211 1.732461
v 0.075238 -0.440887 0.900632
v 0.085182 -0.439289 0.927009
v 0.118712 0.151799 2.241788
v 0.107923 0.125845 2.142307
v 0.145731 0.159673 2.226298
v 0.097376 0.113092 2.094535
v 0.171162 0.154826 2.142572
v 0.155308 0.135663 2.075752
v 0.140032 0.391126 1.606553
v 0.034238 0.694503 1.234633
v 0.039149 0.742548 1.276457
v 0.044236 0.835091 1.381753
v 0.040803 0.794764 1.327243
v 0.023737 0.698676 1.214036
v 0.009376 -0.517024 0.791923
v 0.021452 0.403846 1.351267
v 0.060644 0.816571 1.383998
v 0.026873 0.866135 1.411164
v 0.049096 0.853357 1.459557
v 0.134429 0.137494 2.336277
v 0.062553 0.274108 2.031522
v 0.083149 0.148396 2.211127
v 0.068415 0.007146 2.196642
v 0.052850 0.183289 2.094308
v 0.055975 0.514103 1.808411
v 0.051908 0.663111 1.647774
v 0.051183 0.778051 1.543047
v 0.049382 0.827120 1.495603
v 0.106909 0.079332 2.292907
v 0.124390 0.171719 2.323612
v 0.061142 0.376589 1.949876
v 0.182101 0.164050 2.201050
v 0.085953 0.792495 1.527706
v 0.043192 -0.373795 0.747806
v 0.091957 0.312073 1.983247
v 0.079303 0.704145 1.582442
v 0.081042 0.566363 1.713313
v 0.152531 0.404545 1.834547
v 0.157692 0.153682 2.311020
v 0.196048 0.103294 2.220164
v 0.089025 0.231607 2.037241
v 0.131225 0.148527 2.045781
v 0.070732 0.839900 1.440009
v 0.129762 0.740211 1.476073
v 0.097940 -0.016483 2.145417
v 0.041555 0.232089 1.136632
v 0.135996 0.039045 1.264300
v 0.089805 0.671495 1.321156
v 0.024268 0.808801 1.324566
v 0.101187 0.760550 1.411552
v 0.030763 0.054095 1.398642
v 0.026284 0.071465 1.463788
v 0.114181 0.316587 0.987360
v 0.024305 0.127550 1.418328
v 0.078921 0.196207 1.381579
v 0.091448 0.423683 0.910151
v 0.090425 0.460458 0.823113
v 0.022137 0.301412 1.349559
v 0.063926 0.378273 1.367813
v 0.105943 0.419401 0.739303
v 0.068907 -0.290055 0.673461
v 0.034295 -0.025658 2.167149
v 0.036902 0.039963 2.221488
v 0.034771 0.102942 2.244681
v 0.027893 0.817827 1.515118
v 0.027836 0.849383 1.476094
v 0.087510 0.172742 2.291467
v 0.031893 0.168077 2.201376
v 0.034172 0.321595 2.004599
v 0.032703 0.448275 1.889197
v 0.019231 0.593818 1.257478
v 0.025345 0.868997 1.438902
v 0.034174 0.161940 2.123957
v 0.034141 0.236910 2.066135
v 0.029223 0.594564 1.728917
v 0.028271 0.740491 1.586244
v 0.099836 0.222754 1.383579
v 0.154693 0.211583 0.981225
v 0.153947 -0.117278 1.266743
v 0.173557 -0.159431 0.859867
v 0.151408 0.292092 0.766475
v 0.103975 0.422399 0.871077
v 0.187588 0.091780 1.472059
v 0.071150 0.612536 1.332838
v 0.140296 0.727799 1.452086
v 0.209612 0.129334 2.193219
v 0.115452 0.423499 1.396981
v 0.195996 0.239937 1.937302
v 0.201578 0.148305 2.087362
v 0.179694 0.056025 2.092350
v 0.140292 -0.281901 0.938507
v 0.189058 -0.090035 0.785123
v 0.114890 0.422263 0.820657
v 0.122469 0.355250 0.919109
v 0.131855 0.691275 1.426914
v 0.182413 0.161658 1.994024
v 0.157846 0.430206 1.750918
v 0.126384 0.550193 1.566317
v 0.144404 0.656815 1.492108
v 0.131621 0.737241 1.434086
v 0.147545 0.689606 1.475744
v 0.120208 0.659404 1.382408
v 0.086963 0.588101 1.316356
v 0.096774 0.515644 1.355276
v 0.089940 0.319410 1.383836
v 0.119823 0.174720 1.399398
v 0.156914 -0.075128 1.439827
v 0.166898 0.019488 1.118103
v 0.207309 0.095345 2.167171
v 0.205690 0.149254 2.181963
v 0.193395 0.336014 1.874564
v 0.133381 0.197177 1.396200
v 0.140722 0.286348 1.411941
v 0.190734 0.405633 1.772228
v 0.201623 0.113090 1.479377
v 0.115160 0.519574 1.401384
v 0.084185 0.580516 1.363794
v 0.226935 0.136409 1.569451
v 0.128583 0.403647 1.464021
v 0.130715 0.479867 1.527769
v 0.133882 0.525588 1.455616
v 0.125855 0.620962 1.410581
v 0.136697 0.643091 1.449497
v 0.144722 0.679230 1.446841
v 0.143221 0.701833 1.441153
v 0.145891 0.665074 1.461975
v 0.232435 0.092889 1.595550
v 0.225608 0.050289 1.607664
v 0.199435 0.108968 2.079025
v 0.210619 0.118782 2.130416
v 0.213025 0.127525 2.162410
v 0.196164 -0.001977 1.658158
v 0.177245 0.074825 2.035396
v 0.169044 -0.089141 1.704069
v 0.146933 -0.231677 1.059396
v 0.168058 -0.136396 1.038022
v 0.123010 0.387283 0.861977
v 0.139620 0.337081 0.863249
v 0.160189 0.247008 0.854082
v 0.188528 0.144863 0.891884
v 0.181110 -0.055784 0.988079
v 0.204715 -0.010590 0.914389
v 0.207313 0.037987 0.836154
v 0.111090 0.046031 2.231460
v 0.135611 0.173986 2.291512
v 0.131076 0.709844 1.506116
v 0.124590 -0.280802 0.836226
v 0.163537 0.293507 1.935094
v 0.125375 0.641108 1.545791
v 0.120600 0.514729 1.686069
v 0.087354 0.432822 1.871056
v 0.195773 0.144288 2.225303
v 0.153099 0.104953 2.307917
v 0.159092 0.217710 1.987872
v 0.060785 0.138760 2.102822
v 0.117266 0.771832 1.444176
v 0.074444 0.824622 1.486014
v 0.149560 0.010075 2.083723
v 0.128403 0.170094 1.123058
v 0.039407 0.109238 1.294776
v 0.071253 0.627431 1.290792
v 0.053270 0.726704 1.284945
v 0.099412 0.706186 1.369235
v 0.120351 -0.042740 1.371779
v 0.141981 0.057679 1.472024
v 0.040546 0.385910 0.991003
v 0.102849 0.134944 1.421288
v 0.023203 0.201422 1.368530
v 0.038853 0.499532 0.879018
v 0.038771 0.521160 0.766734
v 0.063819 0.282983 1.367851
v 0.039481 0.465372 0.659730
v 0.140298 -0.204083 0.750970
v 0.067707 0.467245 1.352095
v 0.174861 0.062391 2.172152
v 0.073560 0.379224 0.642629
v 0.038724 0.343126 1.359050
v 0.070245 0.475810 0.741706
v 0.066216 0.489955 0.845632
v 0.050573 0.161309 1.394863
v 0.072260 0.416970 0.945248
v 0.058071 0.101501 1.449098
v 0.071365 0.048452 1.440272
v 0.066699 0.780084 1.359877
v 0.040684 0.673012 1.296014
v 0.084930 0.142776 1.220923
v 0.100942 0.803935 1.465973
v 0.042820 0.243781 1.362129
v 0.103169 0.183468 2.041842
v 0.181836 0.126051 2.271650
v 0.080301 0.278015 1.058547
v 0.109866 0.478228 1.784241
v 0.037868 0.436078 1.351334
v 0.078017 0.053616 1.350088
v 0.088650 0.609258 1.623442
v 0.126281 0.262491 1.991058
v 0.091095 -0.296537 0.749354
v 0.114054 0.722448 1.541166
v 0.113553 0.156434 2.259199
v 0.086075 0.802855 1.417991
v 0.133530 0.025386 2.164564
v 0.160574 0.077270 2.244142
v 0.106888 0.775619 1.506718
v 0.168479 0.162383 2.259069
v 0.074195 0.726574 1.318114
v 0.123401 0.357603 1.916472
v 0.098320 0.583499 1.375292
v 0.099408 0.552031 1.376021
v 0.124942 0.575227 1.414275
v 0.127946 0.443220 1.571461
v 0.226658 0.203332 1.654204
v 0.221689 0.075161 1.746285
v 0.139382 0.373873 1.474440
v 0.227985 0.203106 1.856895
v 0.161705 0.333646 1.598339
v 0.235283 0.152847 1.625700
v 0.161071 0.355797 1.539165
v 0.219534 0.229377 1.599748
v 0.237666 0.087376 1.646896
v 0.131663 0.451831 1.470679
v 0.144393 0.399793 1.518106
v 0.184256 0.279758 1.527435
v 0.214002 0.141765 1.513252
v 0.168752 0.240222 1.433219
v 0.221239 0.197861 1.553798
v 0.199394 0.009627 1.724675
v 0.169280 -0.074225 1.789517
v 0.054602 -0.544867 0.837554
v 0.044743 -0.091507 2.098606
v 0.072148 -0.472670 1.887174
v 0.069300 -0.403029 1.987574
v 0.071800 -0.645667 1.342656
v 0.052217 -0.583636 1.524774
v 0.064801 -0.290692 2.049754
v 0.063033 -0.643772 0.983735
v 0.071191 -0.656194 1.166768
v 0.112246 -0.302846 1.801217
v 0.111448 -0.336541 1.800200
v 0.116169 -0.324724 1.769317
v 0.121933 -0.292456 1.899645
v 0.115945 -0.272201 1.868757
v 0.120446 -0.251619 1.899153
v 0.095759 -0.461652 1.363118
v 0.102320 -0.493332 1.331934
v 0.111317 -0.453189 1.315196
v 0.097632 -0.443291 1.519302
v 0.093674 -0.468965 1.489383
v 0.089678 -0.458190 1.458143
v 0.110858 -0.194621 1.961778
v 0.099581 -0.485659 1.383665
v 0.105385 -0.496052 1.253886
v 0.097094 -0.448749 1.045459
v 0.122133 -0.402613 1.688696
v 0.116760 -0.395291 1.652526
v 0.119522 -0.368510 1.694515
v 0.096994 -0.161615 2.030770
v 0.102726 -0.263084 2.016006
v 0.109121 -0.424305 1.853778
v 0.120685 -0.486360 1.738358
v 0.103032 -0.546178 1.519252
v 0.085255 -0.543461 1.013754
v 0.070974 -0.530219 0.877154
v 0.111251 -0.592494 1.336440
v 0.105514 -0.588257 1.176105
v 0.117104 -0.068400 2.042367
v 0.114427 -0.367092 1.949823
v 0.117423 -0.137661 1.995617
v 0.120303 -0.140614 1.975641
v 0.125986 -0.118383 1.979822
v 0.069988 -0.493549 0.905475
v 0.032041 -0.651843 0.817976
v 0.146548 -0.313118 1.996655
v 0.081045 -0.168112 2.046841
v 0.102226 -0.243388 1.991133
v 0.108555 -0.226834 2.002483
v 0.109047 -0.519335 1.773032
v 0.109710 -0.506054 1.479883
v 0.111971 -0.498855 1.529122
v 0.114980 -0.206595 2.011832
v 0.089294 -0.413343 0.921114
v 0.130376 -0.074760 2.018841
v 0.146719 -0.058804 1.984986
v 0.143493 -0.039292 2.013863
v 0.040806 -0.476365 1.879973
v 0.040045 -0.475179 1.888393
v 0.034164 -0.648078 0.968497
v 0.036791 -0.659407 0.983108
v 0.038434 -0.638985 1.329381
v 0.037815 -0.645781 1.340859
v 0.022904 -0.081132 2.113764
v 0.037529 -0.549667 1.749578
v 0.035873 -0.210357 2.087147
v 0.124928 -0.246146 1.823239
v 0.114258 -0.303826 1.843525
v 0.115639 -0.398789 1.409244
v 0.093113 -0.468294 1.409846
v 0.116565 -0.240666 1.933446
v 0.111750 -0.463890 1.268087
v 0.097543 -0.430065 0.980757
v 0.085889 -0.466440 0.962098
v 0.124686 -0.346431 1.569476
v 0.121119 -0.426316 1.594554
v 0.130970 -0.286464 1.702244
v 0.120048 -0.356897 1.737971
v 0.102268 -0.394066 1.966995
v 0.097880 -0.397080 1.960647
v 0.086456 -0.067213 2.086743
v 0.032354 -0.459586 0.814055
v 0.050487 -0.465911 0.846361
v 0.032927 -0.497951 0.829416
v 0.137278 -0.459956 1.797692
v 0.140282 -0.081341 1.959025
v 0.132451 -0.094537 1.995153
v 0.115433 -0.161773 1.978827
v 0.055986 -0.054522 2.130256
v 0.116979 -0.172989 1.948447
v 0.125642 -0.031537 2.078264
v 0.075430 -0.377799 0.819401
v 0.159429 0.005615 2.015513
v 0.190614 0.106885 1.960736
v 0.180250 0.074017 1.993240
v 0.198309 0.016210 1.808789
v 0.156853 -0.084569 1.895869
v 0.135340 -0.135470 1.926648
v 0.173217 -0.038505 1.843034
v 0.141555 -0.191884 1.791415
v 0.131685 -0.196261 1.858343
v 0.155983 -0.157467 1.669605
v 0.152884 -0.197010 1.605751
v 0.087582 -0.396602 0.895298
v 0.122052 -0.372692 1.044680
v 0.135179 -0.264819 1.414919
v 0.133731 -0.305745 1.344651
v 0.148851 -0.210890 1.519477
v 0.126510 -0.600332 1.092766
v 0.067037 -0.214024 2.074981
v 0.105168 -0.258142 2.057377
v 0.115516 -0.215048 2.037766
v 0.130231 -0.598005 1.598243
v 0.115571 -0.122054 2.048212
v 0.084570 -0.540874 1.854594
v 0.133200 -0.602634 1.262700
v 0.036940 -0.635819 1.496766
v 0.087028 -0.623471 0.955062
v 0.077464 -0.497187 1.883113
v 0.140670 -0.581285 1.436317
v 0.040883 -0.669456 1.378795
v 0.040128 -0.341206 2.061670
v 0.072810 -0.664048 1.149197
v 0.118938 -0.513355 1.808057
v 0.041721 -0.668259 1.306889
v 0.118944 -0.488093 1.843967
v 0.135109 -0.560108 1.715846
v 0.035327 -0.291746 2.058703
v 0.071082 -0.284896 2.070639
v 0.112363 -0.461734 1.199999
v 0.037910 -0.677413 1.120599
v 0.044117 -0.686559 1.196334
v 0.077239 -0.257903 2.088641
v 0.106916 -0.527399 1.755720
v 0.079854 -0.561152 1.753394
v 0.044474 -0.441279 1.970873
v 0.043451 -0.404175 2.010303
v 0.081024 -0.687996 1.074655
v 0.081494 -0.379870 2.048342
v 0.035988 -0.171912 2.103978
v 0.042896 -0.475211 1.909144
v 0.083050 -0.665828 1.448333
v 0.087686 -0.692001 1.264233
v 0.122308 -0.627612 1.484468
v 0.101653 -0.217783 2.062582
v 0.031148 -0.131931 2.116911
v 0.094523 -0.114889 2.076994
v 0.104971 -0.468254 1.863872
v 0.114899 -0.180862 1.999981
v 0.064623 -0.145545 2.096918
v 0.022132 -0.603729 0.799618
v 0.083614 -0.606917 0.854306
v 0.078703 -0.457753 1.955765
v 0.039731 -0.685576 1.015161
v 0.093209 -0.614992 1.662545
v 0.077884 -0.662844 1.362580
v 0.099577 -0.504657 1.185743
v 0.073712 -0.408006 1.998972
v 0.083605 -0.188217 2.048480
v 0.116990 -0.322590 2.039162
v 0.105301 -0.409385 1.949843
v 0.119554 -0.153687 1.961969
v 0.042469 -0.417888 1.978626
v 0.070943 -0.424105 1.978822
v 0.053430 -0.109123 2.097707
v 0.131949 -0.524174 1.447386
v 0.038783 -0.283826 2.081849
v 0.080122 -0.478036 1.915221
v 0.059535 -0.589131 1.538538
v 0.030003 -0.607583 1.521526
v 0.100968 0.160203 2.310055
v 0.048272 -0.506837 1.875707
v 0.121059 -0.381505 1.999685
v 0.081289 0.175287 2.269697
v 0.056058 0.169485 2.239599
v 0.064573 0.135647 2.270287
v 0.032832 0.153137 2.228687
v 0.097281 0.111218 2.309392
v 0.064985 0.077582 2.260226
v 0.127894 -0.496721 1.716681
v 0.042330 -0.552922 1.800407
v 0.070222 -0.429263 0.878146
v 0.111458 -0.587826 1.040744
v 0.087905 -0.573216 0.970463
v 0.036135 -0.652444 1.148232
v 0.038802 -0.663889 1.159724
v 0.077557 -0.667801 1.185695
v 0.119491 -0.333954 1.867622
v 0.112153 -0.197261 1.991503
v 0.128712 -0.588628 1.369913
v 0.118151 -0.500109 1.416608
v 0.063814 -0.605590 1.513754
v 0.131416 -0.261968 1.949086
v 0.099389 -0.504512 1.112908
v 0.120658 -0.535315 1.259921
v 0.117169 -0.594882 1.208285
v 0.143514 -0.281775 1.225167
v 0.128841 -0.477193 1.761699
v 0.139796 -0.454887 1.610345
v 0.121198 -0.201737 1.901671
v 0.132772 -0.392839 1.757573
v 0.077164 -0.548731 1.788602
v 0.038290 -0.548469 1.762997
v 0.125032 -0.436601 1.833045
v 0.122549 -0.154473 1.943973
v 0.108415 -0.458653 1.889935
v 0.118324 -0.277878 2.011575
v 0.134842 -0.350641 1.961435
v 0.096383 -0.289949 2.031796
v 0.095244 -0.640206 1.001943
v 0.063610 -0.649242 0.957271
v 0.120420 -0.446320 1.701676
v 0.040903 -0.581168 1.721026
v 0.109872 -0.386908 1.814916
v 0.023063 -0.105593 2.105057
v 0.114381 -0.655656 1.041340
v 0.130801 -0.103600 2.016312
v 0.130982 -0.276546 1.930235
v 0.029390 -0.605256 1.514109
v 0.128352 -0.433301 1.652020
v 0.132294 -0.165785 1.896402
v 0.126379 -0.438818 1.727052
v 0.077372 -0.506948 1.001699
v 0.038145 -0.670852 0.928798
v 0.103336 -0.636552 1.184208
v 0.111151 -0.188116 1.974641
v 0.106376 -0.535665 1.354194
v 0.072724 -0.540611 1.765082
v 0.117006 -0.335722 1.841704
v 0.133701 -0.411903 1.792507
v 0.125431 -0.462790 1.566889
v 0.209792 0.349401 1.832684
v 0.211580 0.259387 1.891775
v 0.176311 0.399746 1.733588
v 0.207728 0.173895 1.934317
v 0.208378 0.389042 1.795851
v 0.161810 0.424906 1.715333
v 0.201159 0.394162 1.764631
v 0.216108 0.372921 1.794255
v 0.218978 0.279359 1.851686
v 0.218760 0.191334 1.896889
v 0.197852 0.083920 1.935369
v 0.222532 0.280940 1.825299
v 0.158737 0.337511 1.695312
v 0.236948 0.137387 1.684265
v 0.218235 0.120477 1.895362
v 0.204322 0.049309 1.886926
v 0.149058 0.383805 1.568185
v 0.232852 0.214531 1.816454
v 0.171263 0.310775 1.703196
v 0.232278 0.140547 1.844010
v 0.184556 0.291777 1.579318
v 0.217383 0.349685 1.816252
v 0.206340 0.267964 1.764862
v 0.214548 0.351575 1.802713
v 0.190839 0.280639 1.702714
v 0.226220 0.226911 1.756345
v 0.226395 0.087651 1.806969
v 0.154206 0.333220 1.655186
v 0.238613 0.164327 1.783425
v 0.199056 0.270744 1.626436
v 0.211563 0.245429 1.685844
v 0.232895 0.180877 1.719940
v 0.232300 0.119198 1.751210
v 0.172980 0.304325 1.646088
v 0.138043 0.384813 1.639409
v 0.145640 0.359320 1.662722
v 0.131649 0.420490 1.657481
v 0.203853 0.245633 1.553742
v 0.083496 0.754394 1.402160
v 0.103790 0.707624 1.414178
v 0.086070 0.719616 1.377121
v 0.065103 0.766697 1.367944
v 0.111335 0.728206 1.415750
v 0.076034 0.774726 1.384027
v 0.112970 0.694986 1.408024
v 0.076185 0.748897 1.354788
v 0.057456 0.741378 1.403526
v 0.070845 0.716543 1.408001
v 0.061332 0.723797 1.390565
v 0.051095 0.748992 1.386692
v 0.061444 0.744692 1.368838
v 0.084421 0.705411 1.402197
v 0.082139 0.727997 1.411683
v 0.057798 0.760947 1.389781
v 0.164439 0.193698 1.416944
v 0.159076 0.123394 1.438614
v 0.196724 0.181106 1.468936
v 0.188402 0.125124 1.451555
v 0.169691 0.151312 1.426105
v 0.126450 -0.641343 1.406816
v 0.111867 -0.483110 1.443918
v 0.111387 -0.542923 1.315201
v 0.145476 -0.495115 1.583268
v 0.121059 -0.412657 1.868471
v 0.117106 -0.350529 1.901521
v 0.108771 -0.373372 1.837317
v 0.088201 -0.588438 1.521747
v 0.125524 -0.560418 1.489138
v 0.127276 -0.537345 1.395150
v 0.122547 -0.453056 1.910434
v 0.090197 -0.581288 1.540335
v 0.158303 -0.533115 1.636126
v 0.130318 -0.545799 1.556210
v 0.121674 -0.367017 1.868437
v 0.035934 -0.618741 1.556316
v 0.138834 -0.432523 1.756245
v 0.128602 -0.396378 1.728518
v 0.141505 -0.474499 1.662826
v 0.090409 -0.439100 0.944981
v 0.035849 -0.309215 2.060817
v 0.059816 -0.191991 2.064165
v 0.070185 -0.313468 2.055012
v 0.130656 -0.264553 1.983182
v 0.039001 -0.238532 2.093712
v 0.141942 -0.298993 1.954537
v 0.111005 -0.335305 1.917175
v 0.111421 -0.372645 1.940694
v 0.127885 -0.316536 1.931827
v 0.127661 -0.556371 1.283857
v 0.097589 -0.274646 2.042900
v 0.084313 -0.090791 2.073127
v 0.114434 -0.246235 2.028714
v 0.115040 -0.092021 2.044968
v 0.114714 -0.183297 2.016417
v 0.120483 -0.121495 2.029025
v 0.109238 -0.159816 2.010740
v 0.105693 -0.184526 2.034708
v 0.113083 -0.186266 1.950177
v 0.111193 -0.135677 2.015852
v 0.104103 -0.143901 2.039539
v 0.035212 -0.189744 2.083713
v 0.125194 -0.116208 2.010752
v 0.113946 -0.237919 1.964306
v 0.116900 -0.320321 1.881109
v 0.113827 -0.178738 1.981880
v 0.126210 -0.597095 1.309765
v 0.122534 -0.655645 1.301251
v 0.116919 -0.520302 1.282400
v 0.113351 -0.544001 1.121651
v 0.123189 -0.558206 1.239844
v 0.119250 -0.650967 1.223067
v 0.075633 -0.653341 1.327485
v 0.100678 -0.629238 1.353768
v 0.101737 -0.630764 1.335675
v 0.103986 -0.635986 1.159781
v 0.113613 -0.594133 1.141479
v 0.080774 -0.511079 0.956107
v 0.108071 -0.539289 1.079854
v 0.146754 -0.247772 1.144594
v 0.110315 -0.517370 1.233696
v 0.074488 -0.667076 1.000632
v 0.115695 -0.648261 1.121985
v 0.106948 -0.459397 1.143396
v 0.098000 -0.513426 1.132414
v 0.103724 -0.538124 1.157268
v 0.108010 -0.475555 1.231255
v 0.105183 -0.540519 1.202832
v 0.123192 -0.402868 1.288785
v 0.127122 -0.399743 1.187298
v 0.138269 -0.311453 1.278352
v 0.077522 -0.621875 0.979766
v 0.172670 0.167714 2.191396
v 0.125512 0.126622 2.069219
v 0.037810 0.164582 2.192034
v 0.043405 0.148443 2.158187
v 0.191709 0.158052 2.088872
v 0.128578 0.168344 2.272401
v 0.071804 0.117626 2.116298
v 0.076227 0.166087 2.238714
v 0.194762 0.163440 2.139918
v 0.152059 0.170999 2.243263
v 0.081132 0.122546 2.086879
v 0.173242 0.148156 2.053143
v 0.058567 0.170150 2.220784
v 0.058920 0.133672 2.129081
v 0.108055 0.173913 2.291658
v 0.114695 -0.165481 1.998527
v 0.042587 -0.407624 1.988212
v 0.074913 0.559761 1.300801
v 0.058360 0.623466 1.260268
v 0.041023 0.522309 1.308972
v 0.124390 -0.365670 1.774216
v 0.115818 -0.216359 1.911040
v 0.110549 -0.208560 1.942322
v 0.116036 -0.189401 1.930689
v 0.134125 -0.087795 2.010381
v 0.211881 0.374919 1.811915
v 0.139528 0.385842 1.670878
v 0.187837 0.296127 1.750481
v 0.145463 0.361552 1.689912
v 0.171022 0.319446 1.736472
v 0.205098 0.274479 1.791986
v 0.128238 0.426594 1.670539
v 0.207314 0.263544 1.812989
v 0.205253 0.376621 1.773870
v 0.181466 0.381191 1.753068
v 0.202178 0.354108 1.788948
v 0.145109 0.426160 1.700367
v 0.215042 0.293630 1.812641
v 0.166532 0.321818 1.495520
v 0.139277 0.340898 1.429612
v 0.175159 0.277819 1.463514
v 0.128032 -0.097805 2.030292
v 0.109843 0.423858 1.686188
v 0.121080 0.387028 1.715231
v 0.175215 0.311915 1.788431
v 0.151510 0.368916 1.746991
v 0.175441 0.339135 1.784344
v 0.117575 0.417795 1.700144
v 0.192823 0.289255 1.810106
v 0.149444 0.346772 1.751258
v 0.112866 0.396619 1.694919
v 0.158755 0.324714 1.759173
v 0.126986 0.366925 1.714682
v 0.187737 0.281731 1.801548
v 0.149982 0.393302 1.728248
v 0.118153 0.449664 1.677589
v 0.127086 0.095130 1.462832
v 0.119929 0.400830 1.686466
v 0.197292 0.323383 1.802940
v 0.180322 0.362680 1.772195
v 0.180019 0.300522 1.774524
v 0.125549 0.380876 1.692523
v 0.087206 -0.572427 0.921143
v 0.023428 -0.542486 0.802493
v 0.074041 -0.501073 0.922090
v 0.051991 -0.620823 0.810633
v 0.071252 -0.663899 0.871571
v 0.058027 -0.476226 0.868756
v 0.113968 0.141575 2.205797
v 0.157942 0.157728 2.191930
v 0.122318 0.118375 2.081279
v 0.173943 0.148216 2.098669
v 0.131284 0.155445 2.240468
v 0.093631 0.114046 2.110712
v 0.087395 0.125563 2.155405
v 0.147476 0.163527 2.234083
v 0.088938 0.113036 2.093762
v 0.166125 0.141544 2.065080
v 0.185080 0.162378 2.139268
v 0.144286 0.141055 2.149228
v 0.134008 0.128509 2.099890
v 0.127906 0.424933 1.625943
v 0.148135 0.359766 1.618285
v 0.147602 0.341501 1.719305
v 0.137743 0.411183 1.562961
v 0.126366 -0.393832 1.907836
v 0.215227 0.328233 1.815721
v 0.092335 -0.151304 2.065431
v 0.107620 -0.209694 1.976707
v 0.062414 -0.175336 2.075328
v 0.020406 0.543051 1.288426
v 0.022406 0.491188 1.323159
v 0.066394 0.180018 2.072692
v 0.046675 0.673719 1.251089
v 0.023572 0.754265 1.270929
v 0.027102 0.847378 1.380653
v 0.055779 0.776003 1.330629
v 0.040266 0.769781 1.301493
v 0.047531 0.850738 1.408615
v 0.041880 0.816561 1.354200
v 0.029477 0.706905 1.267609
v 0.035738 0.640471 1.239424
v 0.028502 -0.056388 2.137111
v 0.034433 -0.153371 2.115670
v 0.101735 -0.536857 1.178031
v 0.039150 -0.687639 1.068442
v 0.134471 -0.341548 1.302108
v 0.160892 0.348149 1.893426
v 0.151874 -0.199850 1.217952
v 0.098573 0.691196 1.343833
v 0.189372 0.157339 2.214428
v 0.131571 0.724035 1.491543
v 0.142953 -0.229578 1.665058
v 0.187568 0.082544 2.202962
v 0.160346 0.037174 2.129865
v 0.109506 0.769444 1.427138
v 0.166694 -0.066079 1.840816
v 0.119416 -0.160090 1.952410
v 0.129288 0.162153 2.262391
v 0.129914 0.685623 1.522045
v 0.131462 -0.244277 0.793989
v 0.164306 0.254183 1.963917
v 0.116326 0.584707 1.610525
v 0.123411 -0.008881 1.317530
v 0.146688 -0.181549 1.459675
v 0.067272 0.423290 1.361488
v 0.137426 0.454173 1.766206
v 0.124325 0.246811 1.044869
v 0.198794 0.125042 2.227266
v 0.144854 0.178591 2.016832
v 0.070146 0.236963 1.370792
v 0.124208 0.759668 1.460409
v 0.186539 0.114456 1.979390
v 0.134447 0.103742 1.200238
v 0.055115 0.641235 1.316699
v 0.073388 0.720813 1.381556
v 0.133229 0.005958 1.443259
v 0.155442 0.085764 1.471450
v 0.102562 0.377148 0.948523
v 0.091064 0.162864 1.399504
v 0.087273 0.452182 0.867496
v 0.098144 0.448483 0.779838
v 0.060682 0.331247 1.366518
v 0.116589 0.353329 0.695422
v 0.171265 -0.167250 0.705625
v 0.068431 0.511305 1.323880
v 0.036744 0.007066 2.196501
v 0.035586 0.072099 2.237716
v 0.027830 0.836336 1.494155
v 0.040879 -0.605015 1.651519
v 0.031684 0.165075 2.213743
v 0.038064 -0.514995 0.829213
v 0.033723 0.380254 1.955390
v 0.015391 0.562586 1.274698
v 0.120977 -0.655238 1.082680
v 0.027577 0.861078 1.458320
v 0.033417 0.195440 2.097481
v 0.033865 0.131225 2.240280
v 0.030937 0.519588 1.811769
v 0.028473 0.672325 1.650355
v 0.034400 0.276906 2.038166
v 0.028064 0.788088 1.543007
v 0.048885 0.159249 2.180634
v 0.020318 0.870079 1.421225
v 0.206871 0.054992 0.875000
v 0.116385 0.313317 1.400878
v 0.103622 0.529209 1.382217
v 0.074844 0.600336 1.341979
v 0.222724 0.160674 1.545797
v 0.125281 0.425099 1.443866
v 0.124416 0.534440 1.416298
v 0.130643 0.640953 1.415953
v 0.141657 0.687785 1.438015
v 0.142004 0.716883 1.442905
v 0.148014 0.674840 1.460944
v 0.144434 0.653062 1.469272
v 0.133222 0.413070 1.666753
v 0.210638 0.310802 1.863327
v 0.131140 0.519880 1.513070
v 0.234051 0.075933 1.614706
v 0.206283 0.127802 2.098107
v 0.211621 0.136176 2.174299
v 0.212901 0.113474 2.152207
v 0.209600 0.023833 1.647139
v 0.172175 0.049417 2.010705
v 0.187259 0.082047 2.065560
v 0.205194 0.078671 1.912690
v 0.132612 -0.214179 1.823970
v 0.141285 -0.254741 1.563995
v 0.153881 -0.154129 1.726416
v 0.128027 -0.189561 1.886025
v 0.112968 -0.217720 2.007546
v 0.110918 -0.327539 0.867773
v 0.130612 -0.319028 1.390192
v 0.155531 -0.209100 1.013270
v 0.141621 -0.275059 1.086666
v 0.129806 0.359434 0.884449
v 0.166858 0.212514 0.910720
v 0.149249 0.302587 0.825380
v 0.170604 -0.058589 1.044330
v 0.192319 -0.083766 0.922069
v 0.204472 0.035336 0.807487
v 0.115331 0.409749 0.853445
v 0.078516 0.599485 1.285242
v 0.146560 -0.591283 1.653064
v 0.047385 0.646277 1.245347
v 0.026040 0.520849 1.305230
v 0.039284 0.409340 0.616609
v 0.021746 0.353869 1.351285
v 0.039200 0.500594 0.710931
v 0.038589 0.521921 0.823590
v 0.023775 0.161662 1.389806
v 0.039617 0.452391 0.932783
v 0.025034 0.096565 1.449529
v 0.027824 0.056371 1.441504
v 0.024648 0.830355 1.352931
v 0.018902 0.708727 1.259704
v 0.041517 0.163422 1.219205
v 0.073065 0.834986 1.463948
v 0.022637 0.249131 1.354895
v 0.059104 0.164989 2.091414
v 0.160997 0.131892 2.316281
v 0.041872 0.307041 1.060229
v 0.082474 0.499683 1.798927
v 0.021325 0.449732 1.341510
v 0.034563 0.072551 1.352141
v 0.080384 0.631518 1.631403
v 0.092469 0.269524 2.014586
v 0.051269 -0.332724 0.712576
v 0.087230 0.756873 1.549328
v 0.099441 0.142368 2.213715
v 0.092191 -0.044949 2.110657
v 0.033173 0.857436 1.401241
v 0.101853 0.014155 2.186911
v 0.132649 0.075850 2.276634
v 0.076083 0.812019 1.506635
v 0.147164 0.168124 2.301948
v 0.038614 -0.418371 0.787423
v 0.023983 0.782398 1.297557
v 0.145016 -0.018869 2.041797
v 0.090213 0.367921 1.936315
v 0.091801 0.569744 1.369605
v 0.116571 0.596146 1.395739
v 0.232989 0.131305 1.597427
v 0.145089 0.358460 1.642644
v 0.170881 0.306146 1.677463
v 0.235476 0.126571 1.797346
v 0.131404 0.460370 1.521041
v 0.138870 0.392107 1.485999
v 0.141946 -0.106098 1.933897
v 0.178023 0.290932 1.497311
v 0.175701 0.214306 1.435266
v 0.218551 0.221682 1.571308
v 0.189963 -0.005436 1.791906
v 0.129614 -0.152695 1.926276
v 0.180117 -0.053936 1.715156
v 0.110013 -0.404816 1.025542
v 0.087825 -0.629942 0.994529
v 0.109776 -0.322592 1.790022
v 0.118748 -0.272180 1.887112
v 0.103670 -0.472417 1.336404
v 0.090020 -0.459197 1.485102
v 0.079090 -0.514790 1.030633
v 0.118850 -0.388512 1.679129
v 0.120962 -0.131401 1.983709
v 0.014589 -0.563202 0.795400
v 0.043224 -0.408545 1.993841
v 0.079340 -0.176965 2.043966
v 0.109645 -0.195517 1.970146
v 0.101879 -0.458715 1.881417
v 0.106626 -0.523264 1.765057
v 0.102833 -0.501256 1.502180
v 0.098180 -0.628206 1.342868
v 0.135577 -0.059471 2.013414
v 0.039328 -0.473300 1.884167
v 0.034859 -0.297516 2.056269
v 0.035045 -0.650737 0.976397
v 0.036524 -0.652335 1.152968
v 0.037536 -0.639880 1.335212
v 0.029315 -0.605725 1.517603
v 0.021228 -0.096148 2.104157
v 0.037347 -0.547197 1.755250
v 0.115517 -0.282409 1.833666
v 0.091497 -0.463237 1.411773
v 0.114921 -0.228410 1.920629
v 0.118679 -0.435702 1.181904
v 0.114235 -0.410619 1.586404
v 0.118534 -0.341964 1.730669
v 0.098771 -0.394484 1.965495
v 0.108964 -0.147932 2.012032
v 0.093890 -0.279041 2.037803
v 0.103008 -0.382793 1.828307
v 0.121207 -0.445382 1.713667
v 0.084641 -0.581914 1.531567
v 0.105836 -0.540324 1.336447
v 0.101964 -0.634863 1.172530
v 0.083350 -0.081437 2.075364
v 0.118727 -0.327588 1.924178
v 0.028637 -0.485690 0.820477
v 0.059932 -0.459053 0.868270
v 0.136617 -0.086893 1.978158
v 0.118412 -0.151654 1.972387
v 0.122633 -0.657220 1.263992
v 0.039671 -0.263647 2.091326
v 0.149925 -0.485515 1.622253
v 0.038815 -0.673244 0.866881
v 0.043144 -0.532630 1.855471
v 0.138656 -0.422433 1.774448
v 0.087838 -0.619442 0.896223
v 0.044849 -0.461045 1.948824
v 0.105825 -0.238908 2.063426
v 0.042796 -0.379276 2.046148
v 0.095844 -0.134203 2.074348
v 0.086472 -0.160745 2.055220
v 0.042859 -0.686451 1.257292
v 0.041003 -0.661707 1.442612
v 0.131540 -0.638897 1.456578
v 0.141192 -0.282049 1.967744
v 0.109687 -0.640612 1.195516
v 0.102014 -0.269835 2.048824
v 0.039272 -0.562245 1.747352
v 0.108415 -0.640719 1.145561
v 0.104086 -0.300426 2.033847
v 0.102678 -0.584462 1.554290
v 0.108402 -0.393192 1.972409
v 0.031773 -0.613423 1.512560
v 0.040310 -0.551856 1.772399
v 0.084405 -0.622798 0.961624
v 0.099562 -0.400519 1.955234
v 0.031466 -0.610925 1.525821
v 0.071872 -0.585546 0.836711
v 0.026853 -0.631722 0.801512
v 0.039112 -0.656745 1.348734
v 0.037736 -0.320749 2.065345
v 0.103534 -0.649736 1.014974
v 0.112681 -0.516147 1.785672
v 0.044567 -0.488552 1.879011
v 0.040076 -0.643517 1.323056
v 0.111523 -0.479285 1.854847
v 0.114308 -0.534867 1.745664
v 0.036933 -0.290092 2.068665
v 0.037108 -0.664112 1.141087
v 0.041751 -0.676350 1.168008
v 0.112274 -0.640733 1.323111
v 0.043614 -0.427957 1.977453
v 0.113052 -0.458245 1.888463
v 0.126812 -0.355187 2.031780
v 0.089212 -0.100814 2.074830
v 0.035691 -0.182389 2.087672
v 0.041570 -0.477202 1.893575
v 0.037359 -0.221409 2.090903
v 0.103661 -0.602561 1.509362
v 0.091963 -0.200695 2.055672
v 0.026889 -0.115745 2.110620
v 0.123019 -0.501377 1.830204
v 0.110860 -0.634635 1.370512
v 0.102343 -0.236186 1.996272
v 0.038634 -0.672013 0.990013
v 0.035117 -0.200031 2.084254
v 0.035065 -0.654339 0.958821
v 0.125804 -0.109728 2.031170
v 0.131696 -0.533354 1.422393
v 0.103954 0.170355 2.312743
v 0.114080 -0.541372 1.105837
v 0.114978 -0.194994 2.015382
v 0.127564 -0.557648 1.261997
v 0.079133 -0.507491 0.940588
v 0.115971 -0.437253 1.291804
v 0.112890 -0.254301 1.988380
v 0.112350 -0.185991 1.981937
v 0.122410 -0.514186 1.465249
v 0.129415 -0.499493 1.557340
v 0.107080 -0.544335 1.138332
v 0.113892 -0.551151 1.221519
v 0.128401 -0.086890 2.025357
v 0.115193 -0.318155 1.854795
v 0.097263 -0.473193 1.410134
v 0.122967 -0.252116 1.939296
v 0.098545 -0.492830 1.121057
v 0.111433 -0.511913 1.255520
v 0.128832 -0.440757 1.602213
v 0.124310 -0.371993 1.745762
v 0.114898 -0.128352 2.023314
v 0.116863 -0.369588 1.851904
v 0.123031 -0.398432 1.803812
v 0.132453 -0.435575 1.741773
v 0.126878 -0.458407 1.689740
v 0.097971 -0.540359 1.055726
v 0.079624 -0.514242 0.964762
v 0.115907 -0.534070 1.372147
v 0.120258 -0.551254 1.300782
v 0.135646 -0.309237 1.942551
v 0.110883 -0.342029 1.911575
v 0.130814 -0.098562 2.007100
v 0.090070 0.088465 2.291218
v 0.074885 0.173521 2.267316
v 0.100260 0.138462 2.313057
v 0.171339 0.420289 1.745132
v 0.202776 0.396729 1.779551
v 0.214044 0.360632 1.820274
v 0.226873 0.244009 1.839175
v 0.211594 0.218505 1.915636
v 0.198613 0.118983 1.945527
v 0.201247 0.278837 1.774082
v 0.213801 0.050753 1.809502
v 0.145249 0.398982 1.550038
v 0.234745 0.170702 1.670791
v 0.211542 0.364011 1.789573
v 0.226078 0.163693 1.875497
v 0.209447 0.255357 1.728971
v 0.215677 0.238364 1.641407
v 0.236039 0.196139 1.769972
v 0.232693 0.104827 1.705698
v 0.176932 0.302892 1.611902
v 0.193683 0.387779 1.755242
v 0.131551 0.411505 1.643315
v 0.093372 0.756660 1.403860
v 0.118187 0.702113 1.418177
v 0.095109 0.715942 1.376187
v 0.069911 0.771419 1.363088
v 0.055940 0.734361 1.398417
v 0.070017 0.748964 1.402910
v 0.055865 0.759923 1.376549
v 0.087158 0.710153 1.412167
v 0.207294 0.145113 1.488002
v 0.195939 0.112643 1.466044
v 0.138312 -0.331981 1.224557
v 0.104741 -0.485970 1.204714
v 0.176409 0.168187 2.194110
v 0.125735 0.132179 2.060857
v 0.033020 0.166593 2.194631
v 0.037314 0.146829 2.139814
v 0.195466 0.156794 2.086897
v 0.130167 0.173145 2.281683
v 0.065183 0.123132 2.111273
v 0.083326 0.172795 2.261825
v 0.114728 -0.170169 1.989321
v 0.111082 -0.172605 2.014507
v 0.041778 -0.408431 1.981067
v 0.117309 -0.202107 1.915474
v 0.111503 -0.194730 1.951454
v 0.114911 -0.182112 1.944490
v 0.214053 0.379314 1.801224
v 0.148004 0.360534 1.678460
v 0.172598 0.316067 1.722252
v 0.134753 0.363174 1.699978
v 0.130917 0.427633 1.699203
v 0.163606 0.321810 1.748412
v 0.159730 0.418127 1.713271
v 0.154723 0.346673 1.483873
v 0.163259 0.265678 1.430974
v 0.128576 0.429865 1.589558
v 0.197242 0.275927 1.799474
v 0.133746 0.365859 1.731372
v 0.111614 0.408529 1.698729
v 0.163463 0.330164 1.772375
v 0.184851 0.292302 1.801769
v 0.117208 0.429361 1.678608
v 0.204513 0.289230 1.812986
v 0.118933 0.390564 1.691844
v 0.167010 0.375262 1.752766
v 0.189618 0.346586 1.788587
v 0.115212 0.117566 2.093685
v 0.152403 0.138974 2.111878
v 0.125311 0.122010 2.073447
v 0.078554 0.114082 2.118796
v 0.186682 0.154833 2.091754
v 0.168548 0.164304 2.190251
v 0.136000 0.146526 2.197598
v 0.155093 0.360102 1.586271
v 0.118604 -0.435664 1.933305
v 0.119616 -0.359479 1.885807
v 0.107305 -0.480923 1.249723
v 0.190480 0.270474 1.553977
v 0.111438 0.112120 1.444548
v 0.178583 0.131728 1.440078
v 0.155964 0.182616 1.405503
v 0.120286 0.198248 1.393419
v 0.216233 0.344461 1.811415
v 0.218042 0.303029 1.818511
v 0.082609 0.196940 2.053273
v 0.055583 0.752060 1.306386
v 0.066221 0.832043 1.412916
v 0.056801 0.798226 1.356104
v 0.034342 0.694133 1.280747
v 0.021604 0.641892 1.230466
v 0.114585 0.300496 0.646613
v 0.110218 -0.248693 0.708680
v 0.102152 -0.259814 0.694126
v 0.130389 -0.223350 0.717254
v 0.165210 0.218862 0.721887
v 0.193833 0.166487 0.730076
v 0.155627 -0.175179 0.722472
v 0.194567 -0.090321 0.747410
v 0.191748 0.070272 1.490732
v 0.167479 0.008629 1.485351
v 0.176123 -0.025404 1.497856
v 0.186199 -0.036904 1.551827
v 0.220344 0.037355 1.585116
v 0.224350 0.072517 1.573402
v 0.220064 0.097323 1.553021
v 0.209308 0.088618 1.522415
v 0.201377 0.088425 1.496947
v 0.129556 0.479382 1.465548
v 0.023426 0.706587 1.226956
v 0.023227 0.690929 1.214104
v 0.034400 0.668535 1.237646
v 0.022442 0.664171 1.222407
v 0.062388 0.160683 2.206140
v 0.078120 0.132840 2.160546
v 0.077359 -0.469378 0.919114
v 0.064731 -0.459895 0.881855
v 0.069743 -0.459643 0.892556
v 0.073784 -0.464234 0.905441
vt 0.445168 0.932724
vt 0.445314 0.938673
vt 0.459498 0.943337
vt 0.468679 0.943483
vt 0.487015 0.952660
vt 0.468211 0.949401
vt 0.453554 0.943394
vt 0.527039 0.947201
vt 0.483944 0.938851
vt 0.485523 0.944607
vt 0.506912 0.951311
vt 0.520058 0.326965
vt 0.465587 0.343805
vt 0.474753 0.327656
vt 0.867567 0.377226
vt 0.897113 0.379471
vt 0.897480 0.377268
vt 0.856428 0.374831
vt 0.571645 0.924974
vt 0.573169 0.923696
vt 0.594317 0.910345
vt 0.593450 0.911274
vt 0.573188 0.919889
vt 0.593090 0.905926
vt 0.608423 0.896325
vt 0.611040 0.899989
vt 0.611174 0.900853
vt 0.642701 0.897544
vt 0.645882 0.901262
vt 0.660950 0.900622
vt 0.658126 0.897707
vt 0.640175 0.891274
vt 0.655646 0.890226
vt 0.669367 0.886604
vt 0.673423 0.894805
vt 0.673154 0.896125
vt 0.933186 0.509023
vt 0.901640 0.513334
vt 0.898316 0.504397
vt 0.931289 0.503127
vt 0.877740 0.520314
vt 0.877963 0.507590
vt 0.872917 0.497201
vt 0.897306 0.496106
vt 0.931659 0.496420
vt 0.972704 0.494663
vt 0.979940 0.491565
vt 0.983564 0.471865
vt 0.977198 0.474582
vt 0.983617 0.487273
vt 0.990536 0.468103
vt 0.983526 0.450636
vt 0.980968 0.452190
vt 0.974992 0.453095
vt 0.816824 0.566662
vt 0.755066 0.565049
vt 0.778657 0.548160
vt 0.816341 0.544390
vt 0.685989 0.560818
vt 0.757973 0.538383
vt 0.825616 0.525863
vt 0.269832 0.778674
vt 0.278142 0.767539
vt 0.314265 0.793032
vt 0.309878 0.805887
vt 0.285847 0.755799
vt 0.320931 0.782243
vt 0.358766 0.798328
vt 0.351139 0.811435
vt 0.345980 0.825607
vt 0.809878 0.480806
vt 0.738644 0.516715
vt 0.685856 0.513097
vt 0.715060 0.485209
vt 0.631925 0.531818
vt 0.604414 0.499137
vt 0.107039 0.554242
vt 0.124897 0.560735
vt 0.109756 0.569345
vt 0.091117 0.562140
vt 0.157564 0.574310
vt 0.126711 0.581451
vt 0.115415 0.597381
vt 0.098942 0.579067
vt 0.074946 0.571392
vt 0.787214 0.423402
vt 0.832937 0.412273
vt 0.839804 0.419945
vt 0.850423 0.417512
vt 0.432844 0.957631
vt 0.436735 0.933467
vt 0.441443 0.939553
vt 0.437879 0.961726
vt 0.446875 0.907138
vt 0.447241 0.923340
vt 0.452036 0.931168
vt 0.450450 0.944518
vt 0.448163 0.965626
vt 0.037412 0.626291
vt 0.068128 0.618424
vt 0.077689 0.624515
vt 0.046761 0.633298
vt 0.093275 0.609827
vt 0.099528 0.616285
vt 0.107605 0.620451
vt 0.086967 0.630445
vt 0.055194 0.640654
vt 0.725117 0.736372
vt 0.662403 0.696082
vt 0.710123 0.695392
vt 0.749277 0.712366
vt 0.580918 0.643095
vt 0.696191 0.634148
vt 0.725782 0.653228
vt 0.688251 0.669434
vt 0.772484 0.689524
vt 0.481340 0.964441
vt 0.480131 0.942062
vt 0.495242 0.934116
vt 0.499345 0.954821
vt 0.474052 0.924130
vt 0.486139 0.916297
vt 0.494398 0.898585
vt 0.510514 0.920075
vt 0.517690 0.938901
vt 0.528607 0.900836
vt 0.537106 0.918263
vt 0.515093 0.882446
vt 0.531837 0.865079
vt 0.548150 0.879928
vt 0.557282 0.897143
vt 0.047320 0.590031
vt 0.061570 0.595659
vt 0.053883 0.600908
vt 0.035826 0.600132
vt 0.082428 0.598050
vt 0.072063 0.601151
vt 0.066155 0.604819
vt 0.050682 0.606916
vt 0.028271 0.609087
vt 0.567382 0.819702
vt 0.582145 0.769695
vt 0.601123 0.769239
vt 0.613694 0.794255
vt 0.573615 0.729399
vt 0.606217 0.746489
vt 0.647701 0.768824
vt 0.645171 0.824047
vt 0.661885 0.818220
vt 0.665786 0.822211
vt 0.661542 0.826492
vt 0.677140 0.810182
vt 0.674599 0.820614
vt 0.676850 0.828281
vt 0.438213 0.969256
vt 0.443926 0.963595
vt 0.439330 0.964584
vt 0.434927 0.969444
vt 0.447502 0.955202
vt 0.444144 0.954071
vt 0.441173 0.946894
vt 0.438061 0.950493
vt 0.434762 0.952663
vt 0.102544 0.636358
vt 0.078044 0.647712
vt 0.120728 0.623692
vt 0.156736 0.618672
vt 0.130778 0.648162
vt 0.119509 0.660675
vt 0.763149 0.361988
vt 0.730841 0.374163
vt 0.708780 0.357467
vt 0.738482 0.348545
vt 0.676876 0.399989
vt 0.655679 0.374820
vt 0.611526 0.366747
vt 0.684571 0.340319
vt 0.713934 0.332513
vt 0.377942 0.824291
vt 0.373451 0.839127
vt 0.386854 0.810083
vt 0.420817 0.820484
vt 0.403012 0.835717
vt 0.399055 0.850366
vt 0.166513 0.675332
vt 0.153639 0.683000
vt 0.190359 0.655768
vt 0.240715 0.693027
vt 0.209572 0.706099
vt 0.189762 0.715304
vt 0.497826 0.553107
vt 0.531471 0.533059
vt 0.562760 0.555249
vt 0.521581 0.574333
vt 0.584472 0.577847
vt 0.534660 0.591825
vt 0.729996 0.592924
vt 0.676068 0.609611
vt 0.605312 0.600267
vt 0.796700 0.622220
vt 0.495862 0.628500
vt 0.489574 0.640011
vt 0.462746 0.646389
vt 0.446450 0.636228
vt 0.460121 0.624596
vt 0.307196 0.582452
vt 0.313670 0.582294
vt 0.284651 0.580011
vt 0.278700 0.579579
vt 0.310484 0.594439
vt 0.280290 0.588054
vt 0.241543 0.586235
vt 0.256520 0.576317
vt 0.251619 0.573066
vt 0.247954 0.739339
vt 0.232184 0.749387
vt 0.261739 0.730527
vt 0.338300 0.440200
vt 0.358141 0.430908
vt 0.401356 0.450539
vt 0.382966 0.462191
vt 0.372819 0.403792
vt 0.421835 0.422780
vt 0.501797 0.427856
vt 0.447624 0.479968
vt 0.426679 0.491108
vt 0.827115 0.404100
vt 0.838465 0.403431
vt 0.844050 0.406844
vt 0.464205 0.945328
vt 0.463467 0.967375
vt 0.461275 0.928484
vt 0.430136 0.849807
vt 0.428323 0.863439
vt 0.441954 0.836446
vt 0.459320 0.853678
vt 0.452540 0.863059
vt 0.456527 0.879575
vt 0.429436 0.587610
vt 0.429825 0.586445
vt 0.404076 0.583293
vt 0.400921 0.583083
vt 0.428795 0.585812
vt 0.411808 0.584551
vt 0.389665 0.587651
vt 0.374787 0.582704
vt 0.369513 0.581518
vt 0.056911 0.612620
vt 0.030596 0.617533
vt 0.076378 0.607550
vt 0.480277 0.821172
vt 0.474615 0.830066
vt 0.503325 0.836577
vt 0.489179 0.508652
vt 0.466148 0.522912
vt 0.544140 0.472324
vt 0.141955 0.545745
vt 0.155770 0.551985
vt 0.147736 0.564173
vt 0.129685 0.557850
vt 0.165944 0.555112
vt 0.163788 0.567979
vt 0.100247 0.592255
vt 0.099626 0.593928
vt 0.092049 0.587041
vt 0.091438 0.583828
vt 0.097285 0.595242
vt 0.090793 0.592021
vt 0.080858 0.590148
vt 0.078561 0.583522
vt 0.075632 0.578668
vt 0.551867 0.604980
vt 0.525177 0.610662
vt 0.496539 0.618586
vt 0.458213 0.613648
vt 0.479865 0.611716
vt 0.517596 0.614590
vt 0.507863 0.621346
vt 0.572579 0.622326
vt 0.482878 0.604681
vt 0.493453 0.613210
vt 0.499204 0.613725
vt 0.494316 0.610277
vt 0.270684 0.404828
vt 0.294636 0.406067
vt 0.321924 0.418353
vt 0.299091 0.421782
vt 0.311418 0.398341
vt 0.335128 0.404502
vt 0.472865 0.604886
vt 0.468360 0.599445
vt 0.450909 0.591966
vt 0.453002 0.595004
vt 0.457027 0.591871
vt 0.442111 0.588766
vt 0.256883 0.367985
vt 0.274202 0.374931
vt 0.278371 0.391348
vt 0.256997 0.386838
vt 0.287834 0.379233
vt 0.295775 0.389930
vt 0.289142 0.332281
vt 0.300506 0.342668
vt 0.282197 0.358267
vt 0.268364 0.349356
vt 0.320350 0.362528
vt 0.296054 0.370015
vt 0.344023 0.583001
vt 0.337774 0.582339
vt 0.349716 0.585649
vt 0.452460 0.324364
vt 0.419151 0.324671
vt 0.375590 0.344939
vt 0.339090 0.324131
vt 0.324788 0.311890
vt 0.313255 0.311227
vt 0.345257 0.310552
vt 0.713506 0.329768
vt 0.718440 0.326638
vt 0.662339 0.319094
vt 0.669427 0.326895
vt 0.633327 0.324047
vt 0.614368 0.347856
vt 0.620950 0.317325
vt 0.229061 0.565418
vt 0.224883 0.562662
vt 0.223353 0.573458
vt 0.192065 0.569600
vt 0.198788 0.554685
vt 0.189927 0.548320
vt 0.527577 0.948422
vt 0.550644 0.937092
vt 0.549578 0.937619
vt 0.522586 0.955635
vt 0.550285 0.935817
vt 0.483872 0.959315
vt 0.505262 0.956040
vt 0.479943 0.970802
vt 0.500846 0.965618
vt 0.012388 0.631849
vt 0.010215 0.629729
vt 0.017666 0.636931
vt 0.019657 0.639070
vt 0.012825 0.628076
vt 0.020805 0.635163
vt 0.031951 0.643261
vt 0.028509 0.645314
vt 0.030323 0.647484
vt 0.935118 0.730558
vt 0.939719 0.728266
vt 0.952991 0.699548
vt 0.947864 0.702671
vt 0.951822 0.726599
vt 0.965642 0.699020
vt 0.958343 0.670614
vt 0.958076 0.661163
vt 0.960138 0.668979
vt 0.439079 0.939477
vt 0.441439 0.945077
vt 0.435269 0.951564
vt 0.436983 0.956277
vt 0.442572 0.967129
vt 0.449196 0.952006
vt 0.869598 0.379449
vt 0.885072 0.378322
vt 0.869392 0.385924
vt 0.855989 0.386850
vt 0.914066 0.377517
vt 0.890618 0.385264
vt 0.857698 0.400240
vt 0.852813 0.393634
vt 0.256974 0.802751
vt 0.255525 0.800498
vt 0.299321 0.829147
vt 0.300753 0.831193
vt 0.256850 0.796126
vt 0.300070 0.824964
vt 0.338099 0.846368
vt 0.337712 0.850751
vt 0.339005 0.852732
vt 0.233999 0.565951
vt 0.214177 0.557233
vt 0.202819 0.552525
vt 0.206545 0.554608
vt 0.183181 0.545722
vt 0.182924 0.546440
vt 0.968540 0.481050
vt 0.973130 0.465149
vt 0.938225 0.479292
vt 0.938280 0.468364
vt 0.935566 0.457572
vt 0.971965 0.449204
vt 0.002280 0.617155
vt 0.000000 0.615273
vt 0.003772 0.622672
vt 0.006094 0.624781
vt 0.001650 0.611330
vt 0.005525 0.620870
vt 0.393933 0.879944
vt 0.394016 0.878119
vt 0.421904 0.892173
vt 0.420436 0.894105
vt 0.400262 0.874587
vt 0.429583 0.889764
vt 0.452152 0.899775
vt 0.444433 0.904111
vt 0.441797 0.906528
vt 0.464264 0.957382
vt 0.460031 0.970379
vt 0.165831 0.734755
vt 0.164287 0.732700
vt 0.210692 0.767453
vt 0.212198 0.769571
vt 0.166523 0.729612
vt 0.212408 0.763977
vt 0.076664 0.676170
vt 0.075054 0.673990
vt 0.116564 0.700191
vt 0.118118 0.702308
vt 0.078595 0.671331
vt 0.119424 0.697330
vt 0.367374 0.865556
vt 0.368364 0.867470
vt 0.367910 0.861070
vt 0.046284 0.656519
vt 0.047974 0.658701
vt 0.050011 0.654083
vt 0.450448 0.920874
vt 0.453257 0.919328
vt 0.444608 0.929115
vt 0.445642 0.929557
vt 0.467985 0.909357
vt 0.463097 0.918930
vt 0.438856 0.955226
vt 0.443685 0.940556
vt 0.451398 0.942099
vt 0.439510 0.943140
vt 0.441852 0.934991
vt 0.011343 0.597362
vt 0.003098 0.604147
vt 0.000696 0.608846
vt 0.003040 0.608591
vt 0.563101 0.389852
vt 0.521693 0.374722
vt 0.532947 0.360023
vt 0.464256 0.383965
vt 0.368186 0.590832
vt 0.352103 0.590040
vt 0.354227 0.601479
vt 0.331912 0.598326
vt 0.217527 0.590313
vt 0.212849 0.583697
vt 0.193309 0.586461
vt 0.198803 0.581659
vt 0.181781 0.578916
vt 0.171565 0.571188
vt 0.178265 0.559875
vt 0.506384 0.648008
vt 0.491985 0.656761
vt 0.465645 0.657333
vt 0.428737 0.659545
vt 0.422046 0.640763
vt 0.406578 0.619761
vt 0.290657 0.613761
vt 0.277198 0.605693
vt 0.276309 0.634198
vt 0.258533 0.616071
vt 0.210103 0.610038
vt 0.206329 0.594229
vt 0.179774 0.593825
vt 0.132564 0.607006
vt 0.136040 0.593838
vt 0.149761 0.592415
vt 0.108176 0.604766
vt 0.103234 0.601533
vt 0.102401 0.598098
vt 0.093650 0.602620
vt 0.083501 0.603345
vt 0.109760 0.610156
vt 0.116748 0.610572
vt 0.124502 0.613815
vt 0.273749 0.693264
vt 0.278087 0.697143
vt 0.269406 0.699358
vt 0.296472 0.692887
vt 0.295905 0.698247
vt 0.294659 0.702819
vt 0.311657 0.762193
vt 0.338180 0.775611
vt 0.330036 0.759448
vt 0.359828 0.769787
vt 0.392767 0.780128
vt 0.373357 0.788357
vt 0.212053 0.633341
vt 0.240384 0.614055
vt 0.238249 0.639449
vt 0.530181 0.653622
vt 0.556569 0.687221
vt 0.539368 0.681107
vt 0.521429 0.662669
vt 0.521702 0.704978
vt 0.495807 0.678204
vt 0.503424 0.664526
vt 0.474511 0.673885
vt 0.477323 0.874977
vt 0.463387 0.883587
vt 0.449608 0.879048
vt 0.469272 0.898557
vt 0.462757 0.913636
vt 0.456039 0.919434
vt 0.473465 0.908879
vt 0.550211 0.617762
vt 0.548848 0.715572
vt 0.520329 0.845131
vt 0.502512 0.856024
vt 0.551086 0.848004
vt 0.497105 0.869533
vt 0.496215 0.809050
vt 0.500291 0.798476
vt 0.520516 0.786631
vt 0.452260 0.799785
vt 0.470494 0.789469
vt 0.487449 0.773820
vt 0.686402 0.749687
vt 0.702002 0.764650
vt 0.689859 0.779673
vt 0.723191 0.764887
vt 0.714134 0.788735
vt 0.785867 0.657361
vt 0.660379 0.720544
vt 0.616175 0.709547
vt 0.592928 0.713257
vt 0.685561 0.792166
vt 0.669630 0.796466
vt 0.693901 0.799562
vt 0.695286 0.837386
vt 0.712261 0.845253
vt 0.706078 0.847308
vt 0.691659 0.840199
vt 0.732246 0.854181
vt 0.726198 0.856809
vt 0.716636 0.859096
vt 0.698480 0.849151
vt 0.686103 0.841720
vt 0.818859 0.388801
vt 0.802603 0.400461
vt 0.759769 0.387775
vt 0.788959 0.375736
vt 0.733065 0.408821
vt 0.765214 0.583598
vt 0.816502 0.593073
vt 0.703450 0.452929
vt 0.690833 0.434199
vt 0.642872 0.441793
vt 0.732036 0.463902
vt 0.792038 0.451044
vt 0.316474 0.383593
vt 0.332527 0.390730
vt 0.346874 0.381398
vt 0.401462 0.374606
vt 0.423763 0.394237
vt 0.365768 0.365710
vt 0.591478 0.421213
vt 0.593882 0.443379
vt 0.611316 0.393815
vt 0.534225 0.350352
vt 0.564785 0.317220
vt 0.550203 0.331913
vt 0.615289 0.331658
vt 0.302902 0.381809
vt 0.173082 0.548676
vt 0.161081 0.541538
vt 0.920884 0.661359
vt 0.954737 0.668749
vt 0.954545 0.689898
vt 0.914794 0.681889
vt 0.933890 0.717793
vt 0.902085 0.704302
vt 0.147993 0.537296
vt 0.153161 0.536561
vt 0.130419 0.539694
vt 0.120571 0.535282
vt 0.135574 0.535869
vt 0.245711 0.570348
vt 0.227092 0.563094
vt 0.696649 0.329411
vt 0.733597 0.325536
vt 0.278905 0.326103
vt 0.310862 0.312784
vt 0.275976 0.326564
vt 0.363841 0.581095
vt 0.365361 0.580622
vt 0.332046 0.581333
vt 0.329880 0.581750
vt 0.300339 0.581402
vt 0.297735 0.581631
vt 0.256388 0.343780
vt 0.252498 0.344613
vt 0.242387 0.363284
vt 0.237586 0.364457
vt 0.240221 0.383343
vt 0.234834 0.384820
vt 0.252228 0.403044
vt 0.246288 0.405032
vt 0.475846 0.608540
vt 0.475049 0.607260
vt 0.453575 0.596129
vt 0.453903 0.597104
vt 0.428535 0.587887
vt 0.428311 0.588688
vt 0.279595 0.422241
vt 0.272774 0.425078
vt 0.319033 0.443218
vt 0.311464 0.447034
vt 0.511306 0.626798
vt 0.510727 0.625021
vt 0.494571 0.619537
vt 0.495693 0.621122
vt 0.490698 0.615738
vt 0.517109 0.601374
vt 0.521546 0.598764
vt 0.520667 0.616007
vt 0.518965 0.618075
vt 0.042772 0.572057
vt 0.044224 0.570666
vt 0.029170 0.581659
vt 0.027452 0.583357
vt 0.051026 0.569728
vt 0.035660 0.580078
vt 0.022107 0.590578
vt 0.016616 0.592182
vt 0.120343 0.529587
vt 0.118611 0.528607
vt 0.112082 0.533330
vt 0.112063 0.534776
vt 0.111966 0.546589
vt 0.109882 0.547689
vt 0.086605 0.550660
vt 0.081425 0.550135
vt 0.108033 0.545151
vt 0.078373 0.549580
vt 0.405593 0.501826
vt 0.411735 0.496947
vt 0.453823 0.528120
vt 0.448710 0.532465
vt 0.487635 0.557251
vt 0.483316 0.560659
vt 0.012631 0.610629
vt 0.014222 0.619856
vt 0.019718 0.628534
vt 0.398434 0.582647
vt 0.397585 0.583261
vt 0.431589 0.879417
vt 0.441899 0.888233
vt 0.459907 0.893160
vt 0.440312 0.997385
vt 0.443696 0.987132
vt 0.459393 0.989714
vt 0.455866 1.000000
vt 0.479129 0.985713
vt 0.476234 0.995935
vt 0.366263 0.468484
vt 0.357967 0.473472
vt 0.178540 0.721614
vt 0.219722 0.757960
vt 0.262460 0.788564
vt 0.271516 0.577581
vt 0.268168 0.577059
vt 0.510431 0.580173
vt 0.506012 0.582817
vt 0.092587 0.667794
vt 0.138956 0.687114
vt 0.341308 0.837769
vt 0.369824 0.851795
vt 0.395771 0.862118
vt 0.793850 0.354776
vt 0.783196 0.355856
vt 0.757809 0.342432
vt 0.772234 0.341330
vt 0.756796 0.328813
vt 0.036507 0.644434
vt 0.059177 0.652517
vt 0.467798 0.916067
vt 0.467264 0.909104
vt 0.454946 0.938358
vt 0.454879 0.942636
vt 0.566811 0.910955
vt 0.586576 0.895257
vt 0.577393 0.878750
vt 0.592638 0.866760
vt 0.602025 0.884697
vt 0.008288 0.599530
vt 0.010217 0.600768
vt 0.522697 0.950668
vt 0.545149 0.929981
vt 0.500541 0.971231
vt 0.498423 0.979641
vt 0.026200 0.636827
vt 0.429264 0.986371
vt 0.430118 0.978341
vt 0.434006 0.982992
vt 0.431793 0.993911
vt 0.835733 0.381498
vt 0.810449 0.370503
vt 0.823101 0.367636
vt 0.062217 0.560259
vt 0.060785 0.561386
vt 0.068198 0.559835
vt 0.568525 0.860979
vt 0.582618 0.848298
vt 0.304410 0.817025
vt 0.178111 0.581795
vt 0.187775 0.580422
vt 0.167831 0.587439
vt 0.450648 0.669377
vt 0.329140 0.699334
vt 0.313707 0.694168
vt 0.314867 0.685715
vt 0.330943 0.690144
vt 0.297693 0.685050
vt 0.293990 0.671107
vt 0.314373 0.675153
vt 0.331308 0.678989
vt 0.367951 0.690720
vt 0.363523 0.706865
vt 0.347838 0.697977
vt 0.349499 0.684405
vt 0.357499 0.719875
vt 0.343990 0.708937
vt 0.489927 0.731925
vt 0.494302 0.749219
vt 0.466830 0.744177
vt 0.472504 0.724072
vt 0.456638 0.765275
vt 0.429203 0.758406
vt 0.440486 0.737720
vt 0.450793 0.716388
vt 0.261324 0.657766
vt 0.250862 0.636495
vt 0.296498 0.621139
vt 0.290962 0.634071
vt 0.309522 0.616858
vt 0.303785 0.635676
vt 0.629148 0.812603
vt 0.611279 0.823580
vt 0.649190 0.809690
vt 0.334650 0.647629
vt 0.341354 0.622060
vt 0.360741 0.621339
vt 0.368783 0.633535
vt 0.371898 0.608573
vt 0.428118 0.590518
vt 0.413692 0.596128
vt 0.397059 0.596585
vt 0.454080 0.600933
vt 0.434780 0.608387
vt 0.378739 0.657430
vt 0.390609 0.642470
vt 0.403727 0.647456
vt 0.399249 0.659940
vt 0.559014 0.745739
vt 0.544045 0.752492
vt 0.660602 0.809856
vt 0.508798 0.617325
vt 0.811548 0.445543
vt 0.838835 0.455063
vt 0.822771 0.431738
vt 0.854362 0.435663
vt 0.910334 0.444625
vt 0.897751 0.446125
vt 0.950271 0.436779
vt 0.958986 0.437885
vt 0.901146 0.441300
vt 0.943178 0.434073
vt 0.954043 0.433161
vt 0.955434 0.437493
vt 0.962843 0.439925
vt 0.776135 0.763975
vt 0.760930 0.756435
vt 0.773938 0.751639
vt 0.783767 0.756080
vt 0.775281 0.742512
vt 0.788125 0.745320
vt 0.762130 0.790737
vt 0.756137 0.798454
vt 0.741934 0.793291
vt 0.741474 0.785548
vt 0.744154 0.804773
vt 0.728057 0.798600
vt 0.869175 0.579100
vt 0.855034 0.577070
vt 0.861616 0.565570
vt 0.874961 0.564189
vt 0.849314 0.556219
vt 0.872191 0.547161
vt 0.857926 0.645144
vt 0.847114 0.639743
vt 0.855932 0.626458
vt 0.863085 0.627923
vt 0.855355 0.615695
vt 0.860487 0.612091
vt 0.872454 0.442454
vt 0.878812 0.452237
vt 0.927810 0.449325
vt 0.892742 0.460670
vt 0.869341 0.472584
vt 0.831982 0.696371
vt 0.826399 0.707332
vt 0.816466 0.703599
vt 0.819993 0.692713
vt 0.816689 0.715433
vt 0.803447 0.710184
vt 0.660408 0.839786
vt 0.650705 0.841743
vt 0.646161 0.836078
vt 0.652706 0.832576
vt 0.639498 0.842848
vt 0.637434 0.834072
vt 0.896721 0.376791
vt 0.922727 0.379143
vt 0.921888 0.377614
vt 0.831532 0.842764
vt 0.832329 0.843027
vt 0.832992 0.845469
vt 0.834657 0.845792
vt 0.837554 0.844998
vt 0.837212 0.847821
vt 0.831717 0.854319
vt 0.829864 0.852457
vt 0.834547 0.853654
vt 0.660448 0.860068
vt 0.667043 0.858733
vt 0.677369 0.865535
vt 0.671191 0.866907
vt 0.674685 0.858821
vt 0.685316 0.867481
vt 0.694874 0.877705
vt 0.687373 0.875721
vt 0.681178 0.876973
vt 0.705396 0.826950
vt 0.700081 0.833751
vt 0.690055 0.830759
vt 0.689517 0.826977
vt 0.685183 0.832678
vt 0.840309 0.781592
vt 0.844451 0.779380
vt 0.868361 0.792307
vt 0.868315 0.795618
vt 0.846527 0.774714
vt 0.874092 0.784493
vt 0.880971 0.794084
vt 0.875120 0.796632
vt 0.880006 0.803625
vt 0.881116 0.732122
vt 0.883921 0.728650
vt 0.908915 0.741302
vt 0.906373 0.744504
vt 0.887213 0.724606
vt 0.911230 0.737542
vt 0.918727 0.740592
vt 0.916957 0.744271
vt 0.920234 0.748795
vt 0.918422 0.632738
vt 0.915285 0.639051
vt 0.885431 0.631866
vt 0.888040 0.622228
vt 0.916004 0.644076
vt 0.885183 0.642120
vt 0.848188 0.409385
vt 0.940160 0.569452
vt 0.940034 0.564817
vt 0.962341 0.568658
vt 0.963124 0.572939
vt 0.941062 0.560466
vt 0.963897 0.565395
vt 0.970562 0.569059
vt 0.970830 0.572033
vt 0.974937 0.574690
vt 0.610971 0.862827
vt 0.602796 0.862831
vt 0.596733 0.848559
vt 0.607369 0.851395
vt 0.596362 0.835104
vt 0.608975 0.842617
vt 0.870485 0.797654
vt 0.868469 0.799624
vt 0.873381 0.797897
vt 0.875353 0.796075
vt 0.869337 0.802530
vt 0.874676 0.799620
vt 0.752465 0.873600
vt 0.754521 0.868839
vt 0.758816 0.873568
vt 0.754008 0.874496
vt 0.761630 0.869158
vt 0.766501 0.875710
vt 0.770968 0.882425
vt 0.766420 0.883086
vt 0.762920 0.884282
vt 0.956727 0.439035
vt 0.957981 0.441091
vt 0.957565 0.438680
vt 0.955276 0.435985
vt 0.962064 0.442903
vt 0.963173 0.440868
vt 0.973815 0.507295
vt 0.971115 0.504139
vt 0.964472 0.504000
vt 0.972637 0.505877
vt 0.971030 0.500864
vt 0.964424 0.501806
vt 0.968193 0.504945
vt 0.969190 0.507298
vt 0.972148 0.509548
vt 0.961260 0.572339
vt 0.962371 0.574132
vt 0.963622 0.573257
vt 0.963107 0.570881
vt 0.965311 0.575971
vt 0.967678 0.575397
vt 0.935959 0.648484
vt 0.935266 0.646503
vt 0.947978 0.646239
vt 0.949024 0.647681
vt 0.939273 0.644055
vt 0.946856 0.644553
vt 0.949813 0.646880
vt 0.949741 0.648889
vt 0.951721 0.651111
vt 0.627336 0.895433
vt 0.621497 0.896113
vt 0.621269 0.895652
vt 0.627805 0.896108
vt 0.618373 0.892181
vt 0.624719 0.891380
vt 0.918397 0.743050
vt 0.919489 0.746254
vt 0.919729 0.740550
vt 0.922669 0.741464
vt 0.920875 0.743231
vt 0.920694 0.745475
vt 0.747887 0.770142
vt 0.762400 0.774641
vt 0.856551 0.596906
vt 0.860496 0.595939
vt 0.712296 0.808397
vt 0.703912 0.804114
vt 0.721216 0.814000
vt 0.698742 0.818326
vt 0.692388 0.814561
vt 0.848365 0.490489
vt 0.835416 0.503394
vt 0.812526 0.504474
vt 0.851804 0.511374
vt 0.847079 0.425761
vt 0.828963 0.665220
vt 0.839612 0.667993
vt 0.786078 0.725550
vt 0.796516 0.728559
vt 0.804137 0.822703
vt 0.808140 0.821444
vt 0.826354 0.829583
vt 0.826370 0.829836
vt 0.811867 0.820884
vt 0.827837 0.827236
vt 0.837792 0.838597
vt 0.830582 0.841054
vt 0.657674 0.849673
vt 0.649397 0.851164
vt 0.665969 0.848983
vt 0.748350 0.862407
vt 0.755594 0.858974
vt 0.745303 0.864183
vt 0.737218 0.851636
vt 0.742706 0.849970
vt 0.815000 0.768774
vt 0.809522 0.772314
vt 0.818033 0.762668
vt 0.855572 0.718227
vt 0.852016 0.723302
vt 0.855906 0.713084
vt 0.937761 0.645989
vt 0.941944 0.641662
vt 0.937984 0.648948
vt 0.905935 0.565071
vt 0.903361 0.572564
vt 0.907120 0.556299
vt 0.960541 0.502201
vt 0.961170 0.497163
vt 0.962022 0.506554
vt 0.611687 0.879642
vt 0.618260 0.878489
vt 0.780707 0.809773
vt 0.773802 0.812303
vt 0.785090 0.807289
vt 0.848232 0.385859
vt 0.840452 0.392063
vt 0.838794 0.396590
vt 0.825251 0.397346
vt 0.846245 0.397091
vt 0.840164 0.400274
vt 0.615742 0.832615
vt 0.621195 0.840547
vt 0.667155 0.834296
vt 0.660084 0.831185
vt 0.991736 0.558113
vt 0.981358 0.551862
vt 0.979423 0.534769
vt 1.000000 0.539416
vt 0.946983 0.545307
vt 0.946045 0.532857
vt 0.943025 0.521527
vt 0.974348 0.519385
vt 0.992290 0.521050
vt 0.720226 0.892005
vt 0.718997 0.890334
vt 0.736195 0.888952
vt 0.737843 0.890184
vt 0.715603 0.883834
vt 0.733695 0.886425
vt 0.747102 0.882844
vt 0.750148 0.885024
vt 0.753000 0.887461
vt 0.856989 0.687029
vt 0.860563 0.672718
vt 0.881991 0.676694
vt 0.875461 0.694547
vt 0.867069 0.661862
vt 0.886931 0.660814
vt 0.964515 0.426646
vt 0.968646 0.421125
vt 0.967785 0.398748
vt 0.960181 0.404658
vt 0.970241 0.415326
vt 0.969516 0.393572
vt 0.953120 0.379198
vt 0.952429 0.382396
vt 0.947745 0.386379
vt 0.887794 0.794462
vt 0.895891 0.793459
vt 0.913396 0.785662
vt 0.905184 0.776388
vt 0.904019 0.790705
vt 0.921690 0.781671
vt 0.927834 0.765429
vt 0.923946 0.761673
vt 0.920045 0.755598
vt 0.876318 0.743632
vt 0.869003 0.752662
vt 0.842796 0.742644
vt 0.849493 0.734762
vt 0.861052 0.762554
vt 0.836027 0.750871
vt 0.817496 0.742866
vt 0.822348 0.735886
vt 0.830461 0.729876
vt 0.944924 0.424368
vt 0.945005 0.396773
vt 0.915437 0.426090
vt 0.910784 0.408901
vt 0.895080 0.402080
vt 0.934484 0.383036
vt 0.855766 0.834968
vt 0.854605 0.835286
vt 0.868061 0.825768
vt 0.864810 0.823775
vt 0.854381 0.834381
vt 0.867484 0.826082
vt 0.877588 0.815543
vt 0.875233 0.808294
vt 0.870965 0.811725
vt 0.706369 0.873003
vt 0.721290 0.872973
vt 0.692969 0.860930
vt 0.704662 0.860744
vt 0.734421 0.870254
vt 0.788993 0.878870
vt 0.788475 0.875564
vt 0.815141 0.869096
vt 0.811901 0.868030
vt 0.787926 0.871506
vt 0.816879 0.867432
vt 0.635005 0.879960
vt 0.648552 0.878581
vt 0.629095 0.865458
vt 0.640176 0.865580
vt 0.648995 0.864357
vt 0.660130 0.874575
vt 0.676269 0.880868
vt 0.666528 0.870380
vt 0.655115 0.862290
vt 0.976002 0.565356
vt 0.980785 0.561688
vt 0.990892 0.542576
vt 0.982830 0.546587
vt 0.988628 0.519162
vt 0.981953 0.522896
vt 0.965867 0.638971
vt 0.967166 0.637120
vt 0.982155 0.614953
vt 0.976079 0.615494
vt 0.971406 0.630065
vt 0.988975 0.612646
vt 0.993536 0.592238
vt 0.984482 0.589784
vt 0.977000 0.587293
vt 0.969492 0.622749
vt 0.977131 0.610277
vt 0.932839 0.613469
vt 0.938630 0.600935
vt 0.940467 0.586873
vt 0.975714 0.590534
vt 0.788568 0.831510
vt 0.773507 0.840019
vt 0.750845 0.827633
vt 0.762774 0.821686
vt 0.756739 0.847058
vt 0.738892 0.835228
vt 0.728312 0.827433
vt 0.736650 0.820012
vt 0.747143 0.816143
vt 0.937533 0.513880
vt 0.965828 0.509861
vt 0.979136 0.510829
vt 0.742386 0.866642
vt 0.751801 0.878138
vt 0.927178 0.740389
vt 0.928431 0.739768
vt 0.931257 0.738808
vt 0.975430 0.497352
vt 0.963823 0.491083
vt 0.934934 0.488793
vt 0.770972 0.871139
vt 0.763395 0.859575
vt 0.779455 0.861241
vt 0.747966 0.848830
vt 0.918681 0.651054
vt 0.941682 0.653350
vt 0.939964 0.651583
vt 0.798324 0.825171
vt 0.826279 0.831874
vt 0.819169 0.843128
vt 0.954832 0.645452
vt 0.952612 0.643907
vt 0.950683 0.641049
vt 0.924017 0.753848
vt 0.922199 0.750008
vt 0.921980 0.748038
vt 0.958586 0.427554
vt 0.943904 0.425944
vt 0.912424 0.428318
vt 0.845135 0.837191
vt 0.830194 0.824606
vt 0.836433 0.821629
vt 0.811479 0.817581
vt 0.815755 0.810555
vt 0.951677 0.649101
vt 0.956308 0.654253
vt 0.936246 0.376161
vt 0.918480 0.380542
vt 0.883409 0.397660
vt 0.937079 0.379925
vt 0.939201 0.377393
vt 0.983527 0.578953
vt 0.975052 0.578260
vt 0.970384 0.578223
vt 0.776829 0.882015
vt 0.774517 0.877812
vt 0.965736 0.440973
vt 0.972021 0.441606
vt 0.879142 0.737963
vt 0.904727 0.749708
vt 0.904230 0.758837
vt 0.876766 0.797445
vt 0.883631 0.794723
vt 0.892603 0.795332
vt 0.963652 0.570768
vt 0.965677 0.568128
vt 0.975396 0.565397
vt 0.882005 0.779136
vt 0.888273 0.774465
vt 0.853209 0.769517
vt 0.916129 0.731977
vt 0.890872 0.718778
vt 0.753447 0.878902
vt 0.760071 0.885640
vt 0.969703 0.502308
vt 0.971759 0.499301
vt 0.981283 0.508456
vt 0.976819 0.512809
vt 0.971353 0.562072
vt 0.943551 0.554883
vt 0.849832 0.839512
vt 0.845671 0.838219
vt 0.845268 0.840900
vt 0.838918 0.838809
vt 0.833533 0.792505
vt 0.837475 0.785242
vt 0.869142 0.794046
vt 0.866941 0.803375
vt 0.880500 0.808571
vt 0.802979 0.857859
vt 0.630535 0.891345
vt 0.625221 0.879089
vt 0.619309 0.864114
vt 0.679798 0.887321
vt 0.685459 0.885869
vt 0.687502 0.890596
vt 0.681897 0.892848
vt 0.876610 0.801716
vt 0.870972 0.805481
vt 0.708173 0.891573
vt 0.707060 0.889110
vt 0.700578 0.890360
vt 0.699447 0.887404
vt 0.702922 0.880204
vt 0.951891 0.634541
vt 0.925618 0.624413
vt 0.694137 0.870340
vt 0.683201 0.860017
vt 0.633063 0.896342
vt 0.634758 0.898379
vt 0.897331 0.768158
vt 0.940292 0.575473
vt 0.968134 0.578443
vt 0.718009 0.843044
vt 0.723337 0.840515
vt 0.971201 0.443217
vt 0.968327 0.444856
vt 0.692319 0.886382
vt 0.693750 0.889813
vt 0.959065 0.436296
vt 0.958782 0.432262
vt 0.863952 0.406400
vt 0.623385 0.856701
vt 0.631889 0.857301
vt 0.621618 0.850296
vt 0.627254 0.850141
vt 0.634495 0.851018
vt 0.639610 0.856533
vt 0.900979 0.606511
vt 0.905943 0.596303
vt 0.883017 0.603763
vt 0.883310 0.595793
vt 0.886278 0.588005
vt 0.907607 0.586068
vt 0.433389 0.989639
vt 0.433011 0.979606
vt 0.441010 0.988113
vt 0.903061 0.481455
vt 0.898419 0.475176
vt 0.879866 0.482858
vt 0.876426 0.480709
vt 0.893637 0.468256
vt 0.682382 0.851228
vt 0.690502 0.850727
vt 0.675830 0.845341
vt 0.680523 0.843812
vt 0.916164 0.541987
vt 0.916206 0.533236
vt 0.903021 0.539543
vt 0.901456 0.533495
vt 0.900349 0.527702
vt 0.915717 0.525358
vt 0.876309 0.426703
vt 0.875311 0.417192
vt 0.860263 0.425322
vt 0.870372 0.411819
vt 0.855132 0.537744
vt 0.838673 0.546501
vt 0.730993 0.838799
vt 0.719783 0.827774
vt 0.683764 0.835901
vt 0.678812 0.835748
vt 0.894170 0.614758
vt 0.872366 0.607425
vt 0.863483 0.656158
vt 0.887784 0.651763
vt 0.902203 0.488354
vt 0.882512 0.487577
vt 0.888247 0.524652
vt 0.909798 0.519523
vt 0.615799 0.854464
vt 0.616458 0.847301
vt 0.781792 0.791229
vt 0.774579 0.790878
vt 0.772549 0.779445
vt 0.783784 0.784724
vt 0.784202 0.773739
vt 0.789210 0.779761
vt 0.863851 0.595581
vt 0.871460 0.584890
vt 0.728783 0.816095
vt 0.746230 0.811681
vt 0.868513 0.483538
vt 0.885484 0.532947
vt 0.874893 0.533036
vt 0.891841 0.542740
vt 0.846405 0.691317
vt 0.849963 0.670427
vt 0.803582 0.743659
vt 0.807156 0.731494
vt 0.823547 0.723906
vt 0.636142 0.848036
vt 0.644246 0.854324
vt 0.807706 0.777842
vt 0.806484 0.785014
vt 0.826501 0.756605
vt 0.850649 0.728942
vt 0.864037 0.707468
vt 0.876019 0.431230
vt 0.903630 0.578221
vt 0.913082 0.549311
vt 0.769164 0.816694
vt 0.789775 0.804661
vt 0.795689 0.799814
vt 0.623775 0.846041
vt 0.475888 0.987896
vt 0.492745 0.979713
vt 0.433106 0.968600
vt 0.431572 0.969540
vt 0.456508 0.989447
vt 0.277372 0.725778
vt 0.275575 0.737130
vt 0.268261 0.726931
vt 0.266790 0.715318
vt 0.289615 0.739304
vt 0.285668 0.745945
vt 0.280787 0.739150
vt 0.283530 0.732807
vt 0.304016 0.756273
vt 0.311677 0.754128
vt 0.294670 0.752642
vt 0.302955 0.749578
vt 0.358927 0.757758
vt 0.384541 0.763675
vt 0.380852 0.750051
vt 0.404932 0.752799
vt 0.412679 0.771395
vt 0.432839 0.807865
vt 0.401550 0.799191
vt 0.420673 0.790159
vt 0.471514 0.813540
vt 0.365041 0.744552
vt 0.362630 0.736930
vt 0.370314 0.732472
vt 0.350172 0.734498
vt 0.352131 0.727856
vt 0.520184 0.751470
vt 0.503442 0.722940
vt 0.299472 0.654122
vt 0.289594 0.646987
vt 0.282205 0.653184
vt 0.411983 0.704935
vt 0.415360 0.682348
vt 0.437850 0.688752
vt 0.429908 0.710277
vt 0.460562 0.694387
vt 0.324574 0.749884
vt 0.310827 0.748404
vt 0.302766 0.742833
vt 0.310224 0.743453
vt 0.296385 0.744418
vt 0.294940 0.736437
vt 0.300554 0.736713
vt 0.440136 0.779913
vt 0.397573 0.726812
vt 0.379614 0.716548
vt 0.386544 0.697480
vt 0.392918 0.678103
vt 0.371266 0.673362
vt 0.418651 0.732013
vt 0.482632 0.704044
vt 0.331536 0.665393
vt 0.351157 0.669512
vt 0.359141 0.655051
vt 0.285755 0.720883
vt 0.293956 0.729576
vt 0.288546 0.729430
vt 0.282163 0.721616
vt 0.279925 0.687356
vt 0.272001 0.680460
vt 0.082364 0.596559
vt 0.081216 0.596223
vt 0.065466 0.593559
vt 0.068077 0.594086
vt 0.056749 0.587665
vt 0.061224 0.588877
vt 0.102910 0.592698
vt 0.097316 0.596514
vt 0.095606 0.596443
vt 0.074734 0.576149
vt 0.093072 0.582394
vt 0.060688 0.580187
vt 0.064056 0.582706
vt 0.055665 0.579356
vt 0.084700 0.595819
vt 0.076107 0.591694
vt 0.093728 0.597763
vt 0.086983 0.598682
vt 0.079538 0.597637
vt 0.073781 0.594232
vt 0.067583 0.592194
vt 0.073310 0.595849
vt 0.084937 0.597946
vt 0.069068 0.587162
vt 0.095982 0.597652
vt 0.480730 0.606298
vt 0.472495 0.601508
vt 0.770498 0.517347
vt 0.866594 0.514242
vt 0.861391 0.523942
vt 0.436637 0.903491
vt 0.437822 0.903910
vt 0.434402 0.930372
vt 0.434803 0.929240
vt 0.432411 0.954701
vt 0.474613 0.886930
vt 0.470725 0.884888
vt 0.462726 0.870932
vt 0.466927 0.874589
vt 0.451154 0.864650
vt 0.452494 0.868033
vt 0.436725 0.947452
vt 0.440397 0.936319
vt 0.451399 0.913871
vt 0.454652 0.911150
vt 0.463134 0.905286
vt 0.442811 0.878784
vt 0.442395 0.880054
vt 0.431109 0.973751
vt 0.431306 0.979184
vt 0.470366 0.896851
vt 0.474098 0.898881
vt 0.433428 0.965781
vt 0.673016 0.839024
vt 0.669858 0.843159
vt 0.674887 0.850568
vt 0.832332 0.839749
vt 0.840227 0.842420
vt 0.694212 0.805941
vt 0.685679 0.812798
vt 0.689394 0.822314
vt 0.683686 0.821662
vt 0.680707 0.818971
vt 0.291360 0.747803
vt 0.312340 0.700585
vt 0.326735 0.706730
vt 0.325057 0.712685
vt 0.311478 0.705712
vt 0.339958 0.717029
vt 0.337484 0.723280
vt 0.324216 0.718075
vt 0.310835 0.711043
vt 0.322471 0.724308
vt 0.308390 0.717999
vt 0.297360 0.713849
vt 0.299692 0.708723
vt 0.254333 0.703284
vt 0.267646 0.711066
vt 0.267304 0.710476
vt 0.263174 0.707017
vt 0.275304 0.712625
vt 0.294048 0.721298
vt 0.288677 0.721663
vt 0.348955 0.739024
vt 0.335856 0.729161
vt 0.346389 0.742289
vt 0.333879 0.734232
vt 0.271833 0.713963
vt 0.325992 0.618686
vt 0.317817 0.640752
vt 0.379775 0.595638
vt 0.269848 0.665164
vt 0.372065 0.753679
vt 0.364599 0.748418
vt 0.366816 0.753771
vt 0.360903 0.750046
vt 0.308274 0.724538
vt 0.295268 0.718934
vt 0.319687 0.731498
vt 0.313557 0.737198
vt 0.304636 0.729575
vt 0.283471 0.708819
vt 0.289953 0.710975
vt 0.281844 0.712679
vt 0.272224 0.707398
vt 0.341052 0.745409
vt 0.329656 0.739557
vt 0.336367 0.749168
vt 0.322429 0.743742
vt 0.353827 0.750769
vt 0.355183 0.753427
vt 0.286758 0.706793
vt 0.268315 0.703393
vt 0.331545 0.749932
vt 0.354538 0.753717
vt 0.351014 0.752987
vt 0.293775 0.708931
vt 0.299074 0.730722
vt 0.306194 0.738049
vt 0.316335 0.744327
vt 0.814677 0.409944
vt 0.476819 0.887666
vt 0.472655 0.880262
vt 0.473500 0.886382
vt 0.475744 0.895196
vt 0.459531 0.875976
vt 0.464834 0.888206
vt 0.444727 0.906256
vt 0.455160 0.910612
vt 0.456876 0.892831
vt 0.449898 0.885585
vt 0.455366 0.870448
vt 0.469955 0.876532
vt 0.477053 0.887706
vt 0.476248 0.899667
vt 0.438880 0.904034
vt 0.444845 0.881692
vt 0.437407 0.928868
vt 0.442328 0.930081
vt 0.451353 0.933709
vt 0.314575 0.661072
vt 0.826113 0.801709
vt 0.855210 0.814257
vt 0.801757 0.792692
vt 0.864718 0.531314
vt 0.373047 0.643595
vt 0.482973 0.607645
vt 0.474406 0.599805
vt 0.468660 0.597865
vt 0.455578 0.593699
vt 0.435946 0.586061
vt 0.427066 0.585910
vt 0.426978 0.586300
vt 0.315416 0.752139
vt 0.326730 0.754045
vt 0.343954 0.754856
vt 0.419737 0.869567
vt 0.077435 0.559821
vt 0.061018 0.569229
vt 0.094817 0.551678
vt 0.019618 0.600335
vt 0.031642 0.589445
vt 0.045433 0.579046
vt 0.117819 0.552773
vt 0.130723 0.531014
vt 0.123737 0.528234
vt 0.153639 0.536631
vt 0.153988 0.535011
vt 0.846535 0.113125
vt 0.835426 0.071905
vt 0.558276 0.119560
vt 0.558276 0.119562
vt 0.777774 0.034576
vt 0.558273 0.119558
vt 0.679314 0.008592
vt 0.558268 0.119557
vt 0.556689 0.000000
vt 0.558263 0.119557
vt 0.434230 0.011011
vt 0.558258 0.119558
vt 0.336266 0.038965
vt 0.558254 0.119558
vt 0.279416 0.077491
vt 0.558251 0.119560
vt 0.269319 0.118989
vt 0.558251 0.119562
vt 0.697698 0.320162
vt 0.671431 0.306374
vt 0.688867 0.288156
vt 0.723658 0.309687
vt 0.625719 0.296060
vt 0.638534 0.272817
vt 0.566637 0.294246
vt 0.564067 0.267769
vt 0.512076 0.303696
vt 0.487787 0.276814
vt 0.465478 0.315836
vt 0.440139 0.306752
vt 0.759650 0.323664
vt 0.728401 0.289587
vt 0.754226 0.304564
vt 0.697400 0.268670
vt 0.641631 0.251094
vt 0.563536 0.247117
vt 0.486117 0.253487
vt 0.434630 0.275303
vt 0.374800 0.310201
vt 0.393160 0.290099
vt 0.376869 0.307371
vt 0.727794 0.299638
vt 0.716375 0.282464
vt 0.720589 0.279146
vt 0.730283 0.298015
vt 0.684110 0.265096
vt 0.686513 0.262646
vt 0.629829 0.254027
vt 0.631161 0.251556
vt 0.563592 0.250663
vt 0.563717 0.248060
vt 0.497406 0.255503
vt 0.496282 0.252872
vt 0.443590 0.268051
vt 0.440961 0.265019
vt 0.409313 0.284301
vt 0.406448 0.282209
vt 0.400119 0.302928
vt 0.397342 0.301366
vt 0.746284 0.271367
vt 0.757279 0.293392
vt 0.707559 0.251630
vt 0.642592 0.238451
vt 0.563174 0.234305
vt 0.483817 0.240115
vt 0.418968 0.254611
vt 0.380016 0.275082
vt 0.369948 0.297500
vt 0.771180 0.291956
vt 0.760701 0.268131
vt 0.784269 0.258739
vt 0.793977 0.285277
vt 0.718392 0.247059
vt 0.737268 0.234809
vt 0.648623 0.232788
vt 0.659161 0.218490
vt 0.563104 0.228285
vt 0.562929 0.213301
vt 0.477624 0.234565
vt 0.466729 0.220470
vt 0.407990 0.250273
vt 0.388730 0.238395
vt 0.366185 0.272242
vt 0.342063 0.263314
vt 0.355947 0.296368
vt 0.331892 0.290525
vt 0.797934 0.249168
vt 0.808490 0.277672
vt 0.748270 0.223390
vt 0.665184 0.205745
vt 0.562547 0.200120
vt 0.459966 0.207876
vt 0.377058 0.227251
vt 0.327745 0.254082
vt 0.317493 0.283281
vt 0.813537 0.237273
vt 0.824427 0.268518
vt 0.760922 0.209288
vt 0.672175 0.190049
vt 0.562175 0.183883
vt 0.452241 0.192325
vt 0.363697 0.213415
vt 0.311470 0.242519
vt 0.301144 0.274051
vt 0.827859 0.222793
vt 0.838801 0.256367
vt 0.772562 0.192588
vt 0.678569 0.171734
vt 0.561712 0.165015
vt 0.444930 0.174142
vt 0.351171 0.196952
vt 0.296306 0.228336
vt 0.285984 0.262195
vt 0.831398 0.206172
vt 0.842357 0.240895
vt 0.775356 0.174883
vt 0.679915 0.153245
vt 0.561163 0.146247
vt 0.442496 0.155680
vt 0.347317 0.179298
vt 0.291754 0.211781
vt 0.281457 0.246786
vt 0.831700 0.191280
vt 0.842675 0.226689
vt 0.775505 0.159353
vt 0.679780 0.137259
vt 0.560668 0.130093
vt 0.441650 0.139691
vt 0.346215 0.163765
vt 0.290532 0.196886
vt 0.280257 0.232575
vt 0.836036 0.211727
vt 0.825043 0.176520
vt 0.805673 0.175412
vt 0.816596 0.208183
vt 0.769941 0.144823
vt 0.754083 0.146065
vt 0.676399 0.122905
vt 0.667392 0.125865
vt 0.560173 0.115786
vt 0.560125 0.119324
vt 0.444048 0.125270
vt 0.452955 0.128049
vt 0.350819 0.149113
vt 0.366568 0.150033
vt 0.296254 0.181979
vt 0.315490 0.180470
vt 0.285981 0.217461
vt 0.305243 0.213508
vt 0.849427 0.189666
vt 0.838419 0.151639
vt 0.848521 0.132123
vt 0.859502 0.172375
vt 0.780769 0.117246
vt 0.788968 0.095593
vt 0.682193 0.093364
vt 0.686578 0.070147
vt 0.559351 0.085556
vt 0.558701 0.061788
vt 0.436627 0.095844
vt 0.430957 0.072713
vt 0.338413 0.121743
vt 0.328970 0.100243
vt 0.281377 0.157354
vt 0.270097 0.138028
vt 0.271185 0.195661
vt 0.260008 0.178562
vt 0.853565 0.119301
vt 0.842490 0.077331
vt 0.783628 0.039252
vt 0.682725 0.012708
vt 0.556868 0.003927
vt 0.431176 0.015194
vt 0.330768 0.043760
vt 0.272710 0.083063
vt 0.262655 0.125314
vt 0.863925 0.135552
vt 0.852930 0.092853
vt 0.792352 0.054014
vt 0.687930 0.026889
vt 0.557385 0.017919
vt 0.427000 0.029477
vt 0.323054 0.058704
vt 0.263263 0.098810
vt 0.253281 0.141793
vt 0.839163 0.201838
vt 0.828155 0.165768
vt 0.772423 0.133253
vt 0.677652 0.110743
vt 0.559817 0.103415
vt 0.442089 0.113133
vt 0.347652 0.137589
vt 0.292484 0.171283
vt 0.282231 0.207629
vt 0.518737 0.631196
vt 0.140173 0.531793
vt 0.141437 0.533411
vt 0.520058 0.326965
vt 0.474753 0.327656
vt 0.465587 0.343805
vt 0.867567 0.377226
vt 0.594317 0.910345
vt 0.573169 0.923696
vt 0.593090 0.905926
vt 0.573188 0.919889
vt 0.611040 0.899989
vt 0.608423 0.896325
vt 0.660950 0.900622
vt 0.645882 0.901262
vt 0.655646 0.890226
vt 0.640175 0.891274
vt 0.673423 0.894805
vt 0.669367 0.886604
vt 0.933186 0.509023
vt 0.931289 0.503127
vt 0.898316 0.504397
vt 0.901640 0.513334
vt 0.877963 0.507590
vt 0.877740 0.520314
vt 0.897306 0.496106
vt 0.872917 0.497201
vt 0.931659 0.496420
vt 0.983564 0.471865
vt 0.979940 0.491565
vt 0.990536 0.468103
vt 0.983617 0.487273
vt 0.980968 0.452190
vt 0.983526 0.450636
vt 0.816824 0.566662
vt 0.816341 0.544390
vt 0.778657 0.548160
vt 0.755066 0.565049
vt 0.685989 0.560818
vt 0.757973 0.538383
vt 0.825616 0.525863
vt 0.269832 0.778674
vt 0.309878 0.805887
vt 0.314265 0.793032
vt 0.278142 0.767539
vt 0.320931 0.782243
vt 0.285847 0.755799
vt 0.351139 0.811435
vt 0.358766 0.798328
vt 0.345980 0.825607
vt 0.809878 0.480806
vt 0.715060 0.485209
vt 0.685856 0.513097
vt 0.738644 0.516715
vt 0.631925 0.531818
vt 0.604414 0.499137
vt 0.107039 0.554242
vt 0.091117 0.562140
vt 0.109756 0.569345
vt 0.124897 0.560735
vt 0.126711 0.581451
vt 0.157564 0.574310
vt 0.098942 0.579067
vt 0.115415 0.597381
vt 0.074946 0.571392
vt 0.787214 0.423402
vt 0.839804 0.419945
vt 0.832937 0.412273
vt 0.850423 0.417512
vt 0.432844 0.957631
vt 0.437879 0.961726
vt 0.441443 0.939553
vt 0.436735 0.933467
vt 0.447241 0.923340
vt 0.446875 0.907138
vt 0.450450 0.944518
vt 0.452036 0.931168
vt 0.448163 0.965626
vt 0.037412 0.626291
vt 0.046761 0.633298
vt 0.077689 0.624515
vt 0.068128 0.618424
vt 0.099528 0.616285
vt 0.093275 0.609827
vt 0.086967 0.630445
vt 0.107605 0.620451
vt 0.055194 0.640654
vt 0.725117 0.736372
vt 0.749277 0.712366
vt 0.710123 0.695392
vt 0.662403 0.696082
vt 0.580918 0.643095
vt 0.688251 0.669434
vt 0.725782 0.653228
vt 0.696191 0.634148
vt 0.772484 0.689524
vt 0.481340 0.964441
vt 0.499345 0.954821
vt 0.495242 0.934116
vt 0.480131 0.942062
vt 0.486139 0.916297
vt 0.474052 0.924130
vt 0.510514 0.920075
vt 0.494398 0.898585
vt 0.517690 0.938901
vt 0.537106 0.918263
vt 0.528607 0.900836
vt 0.515093 0.882446
vt 0.548150 0.879928
vt 0.531837 0.865079
vt 0.557282 0.897143
vt 0.047320 0.590031
vt 0.035826 0.600132
vt 0.053883 0.600908
vt 0.061570 0.595659
vt 0.072063 0.601151
vt 0.082428 0.598050
vt 0.050682 0.606916
vt 0.066155 0.604819
vt 0.028271 0.609087
vt 0.567382 0.819702
vt 0.613694 0.794255
vt 0.601123 0.769239
vt 0.582145 0.769695
vt 0.573615 0.729399
vt 0.606217 0.746489
vt 0.647701 0.768824
vt 0.645171 0.824047
vt 0.661542 0.826492
vt 0.665786 0.822211
vt 0.661885 0.818220
vt 0.677140 0.810182
vt 0.674599 0.820614
vt 0.676850 0.828281
vt 0.438213 0.969256
vt 0.434927 0.969444
vt 0.439330 0.964584
vt 0.443926 0.963595
vt 0.444144 0.954071
vt 0.447502 0.955202
vt 0.438061 0.950493
vt 0.441173 0.946894
vt 0.434762 0.952663
vt 0.078044 0.647712
vt 0.102544 0.636358
vt 0.120728 0.623692
vt 0.130778 0.648162
vt 0.156736 0.618672
vt 0.119509 0.660675
vt 0.763149 0.361988
vt 0.738482 0.348545
vt 0.708780 0.357467
vt 0.730841 0.374163
vt 0.655679 0.374820
vt 0.676876 0.399989
vt 0.684571 0.340319
vt 0.611526 0.366747
vt 0.713934 0.332513
vt 0.373451 0.839127
vt 0.377942 0.824291
vt 0.386854 0.810083
vt 0.403012 0.835717
vt 0.420817 0.820484
vt 0.399055 0.850366
vt 0.153639 0.683000
vt 0.166513 0.675332
vt 0.190359 0.655768
vt 0.209572 0.706099
vt 0.240715 0.693027
vt 0.189762 0.715304
vt 0.497826 0.553107
vt 0.521581 0.574333
vt 0.562760 0.555249
vt 0.531471 0.533059
vt 0.584472 0.577847
vt 0.534660 0.591825
vt 0.605312 0.600267
vt 0.676068 0.609611
vt 0.729996 0.592924
vt 0.796700 0.622220
vt 0.495862 0.628500
vt 0.460121 0.624596
vt 0.446450 0.636228
vt 0.462746 0.646389
vt 0.489574 0.640011
vt 0.307196 0.582452
vt 0.278700 0.579579
vt 0.284651 0.580011
vt 0.313670 0.582294
vt 0.280290 0.588054
vt 0.310484 0.594439
vt 0.256520 0.576317
vt 0.241543 0.586235
vt 0.251619 0.573066
vt 0.232184 0.749387
vt 0.247954 0.739339
vt 0.261739 0.730527
vt 0.338300 0.440200
vt 0.382966 0.462191
vt 0.401356 0.450539
vt 0.358141 0.430908
vt 0.421835 0.422780
vt 0.372819 0.403792
vt 0.447624 0.479968
vt 0.501797 0.427856
vt 0.426679 0.491108
vt 0.827115 0.404100
vt 0.844050 0.406844
vt 0.838465 0.403431
vt 0.463467 0.967375
vt 0.464205 0.945328
vt 0.461275 0.928484
vt 0.428323 0.863439
vt 0.430136 0.849807
vt 0.441954 0.836446
vt 0.452540 0.863059
vt 0.459320 0.853678
vt 0.456527 0.879575
vt 0.429436 0.587610
vt 0.400921 0.583083
vt 0.404076 0.583293
vt 0.429825 0.586445
vt 0.411808 0.584551
vt 0.428795 0.585812
vt 0.374787 0.582704
vt 0.389665 0.587651
vt 0.369513 0.581518
vt 0.030596 0.617533
vt 0.056911 0.612620
vt 0.076378 0.607550
vt 0.474615 0.830066
vt 0.480277 0.821172
vt 0.503325 0.836577
vt 0.466148 0.522912
vt 0.489179 0.508652
vt 0.544140 0.472324
vt 0.141955 0.545745
vt 0.129685 0.557850
vt 0.147736 0.564173
vt 0.155770 0.551985
vt 0.163788 0.567979
vt 0.165944 0.555112
vt 0.100247 0.592255
vt 0.091438 0.583828
vt 0.092049 0.587041
vt 0.099626 0.593928
vt 0.090793 0.592021
vt 0.097285 0.595242
vt 0.078561 0.583522
vt 0.080858 0.590148
vt 0.075632 0.578668
vt 0.525177 0.610662
vt 0.551867 0.604980
vt 0.496539 0.618586
vt 0.479865 0.611716
vt 0.458213 0.613648
vt 0.507863 0.621346
vt 0.517596 0.614590
vt 0.572579 0.622326
vt 0.482878 0.604681
vt 0.494316 0.610277
vt 0.499204 0.613725
vt 0.493453 0.613210
vt 0.270684 0.404828
vt 0.299091 0.421782
vt 0.321924 0.418353
vt 0.294636 0.406067
vt 0.335128 0.404502
vt 0.311418 0.398341
vt 0.472865 0.604886
vt 0.453002 0.595004
vt 0.450909 0.591966
vt 0.468360 0.599445
vt 0.442111 0.588766
vt 0.457027 0.591871
vt 0.256883 0.367985
vt 0.256997 0.386838
vt 0.278371 0.391348
vt 0.274202 0.374931
vt 0.295775 0.389930
vt 0.287834 0.379233
vt 0.289142 0.332281
vt 0.268364 0.349356
vt 0.282197 0.358267
vt 0.300506 0.342668
vt 0.296054 0.370015
vt 0.320350 0.362528
vt 0.337774 0.582339
vt 0.344023 0.583001
vt 0.349716 0.585649
vt 0.452460 0.324364
vt 0.419151 0.324671
vt 0.375590 0.344939
vt 0.339090 0.324131
vt 0.324788 0.311890
vt 0.313255 0.311227
vt 0.713506 0.329768
vt 0.718440 0.326638
vt 0.662339 0.319094
vt 0.633327 0.324047
vt 0.669427 0.326895
vt 0.614368 0.347856
vt 0.620950 0.317325
vt 0.224883 0.562662
vt 0.229061 0.565418
vt 0.223353 0.573458
vt 0.198788 0.554685
vt 0.192065 0.569600
vt 0.189927 0.548320
vt 0.550644 0.937092
vt 0.527577 0.948422
vt 0.550285 0.935817
vt 0.522586 0.955635
vt 0.505262 0.956040
vt 0.483872 0.959315
vt 0.500846 0.965618
vt 0.479943 0.970802
vt 0.017666 0.636931
vt 0.010215 0.629729
vt 0.020805 0.635163
vt 0.012825 0.628076
vt 0.028509 0.645314
vt 0.031951 0.643261
vt 0.952991 0.699548
vt 0.939719 0.728266
vt 0.965642 0.699020
vt 0.951822 0.726599
vt 0.958076 0.661163
vt 0.958343 0.670614
vt 0.441439 0.945077
vt 0.439079 0.939477
vt 0.436983 0.956277
vt 0.435269 0.951564
vt 0.449196 0.952006
vt 0.442572 0.967129
vt 0.869598 0.379449
vt 0.855989 0.386850
vt 0.869392 0.385924
vt 0.885072 0.378322
vt 0.890618 0.385264
vt 0.914066 0.377517
vt 0.852813 0.393634
vt 0.857698 0.400240
vt 0.299321 0.829147
vt 0.255525 0.800498
vt 0.300070 0.824964
vt 0.256850 0.796126
vt 0.337712 0.850751
vt 0.338099 0.846368
vt 0.202819 0.552525
vt 0.214177 0.557233
vt 0.183181 0.545722
vt 0.973130 0.465149
vt 0.968540 0.481050
vt 0.938280 0.468364
vt 0.938225 0.479292
vt 0.971965 0.449204
vt 0.935566 0.457572
vt 0.003772 0.622672
vt 0.000000 0.615273
vt 0.005525 0.620870
vt 0.001650 0.611330
vt 0.421904 0.892173
vt 0.394016 0.878119
vt 0.429583 0.889764
vt 0.400262 0.874587
vt 0.444433 0.904111
vt 0.452152 0.899775
vt 0.464264 0.957382
vt 0.460031 0.970379
vt 0.210692 0.767453
vt 0.164287 0.732700
vt 0.212408 0.763977
vt 0.166523 0.729612
vt 0.116564 0.700191
vt 0.075054 0.673990
vt 0.119424 0.697330
vt 0.078595 0.671331
vt 0.367374 0.865556
vt 0.367910 0.861070
vt 0.046284 0.656519
vt 0.050011 0.654083
vt 0.444608 0.929115
vt 0.453257 0.919328
vt 0.467985 0.909357
vt 0.463097 0.918930
vt 0.451398 0.942099
vt 0.443685 0.940556
vt 0.438856 0.955226
vt 0.441852 0.934991
vt 0.439510 0.943140
vt 0.000696 0.608846
vt 0.003098 0.604147
vt 0.532947 0.360023
vt 0.521693 0.374722
vt 0.563101 0.389852
vt 0.464256 0.383965
vt 0.352103 0.590040
vt 0.368186 0.590832
vt 0.354227 0.601479
vt 0.331912 0.598326
vt 0.212849 0.583697
vt 0.217527 0.590313
vt 0.193309 0.586461
vt 0.198803 0.581659
vt 0.178265 0.559875
vt 0.171565 0.571188
vt 0.181781 0.578916
vt 0.465645 0.657333
vt 0.491985 0.656761
vt 0.506384 0.648008
vt 0.428737 0.659545
vt 0.422046 0.640763
vt 0.406578 0.619761
vt 0.277198 0.605693
vt 0.290657 0.613761
vt 0.276309 0.634198
vt 0.258533 0.616071
vt 0.206329 0.594229
vt 0.210103 0.610038
vt 0.179774 0.593825
vt 0.149761 0.592415
vt 0.136040 0.593838
vt 0.132564 0.607006
vt 0.102401 0.598098
vt 0.103234 0.601533
vt 0.108176 0.604766
vt 0.093650 0.602620
vt 0.083501 0.603345
vt 0.109760 0.610156
vt 0.116748 0.610572
vt 0.124502 0.613815
vt 0.269406 0.699358
vt 0.278087 0.697143
vt 0.273749 0.693264
vt 0.296472 0.692887
vt 0.295905 0.698247
vt 0.294659 0.702819
vt 0.338180 0.775611
vt 0.311657 0.762193
vt 0.359828 0.769787
vt 0.330036 0.759448
vt 0.373357 0.788357
vt 0.392767 0.780128
vt 0.212053 0.633341
vt 0.240384 0.614055
vt 0.238249 0.639449
vt 0.530181 0.653622
vt 0.521429 0.662669
vt 0.539368 0.681107
vt 0.556569 0.687221
vt 0.521702 0.704978
vt 0.503424 0.664526
vt 0.495807 0.678204
vt 0.474511 0.673885
vt 0.449608 0.879048
vt 0.463387 0.883587
vt 0.477323 0.874977
vt 0.469272 0.898557
vt 0.456039 0.919434
vt 0.462757 0.913636
vt 0.473465 0.908879
vt 0.550211 0.617762
vt 0.548848 0.715572
vt 0.502512 0.856024
vt 0.520329 0.845131
vt 0.551086 0.848004
vt 0.497105 0.869533
vt 0.520516 0.786631
vt 0.500291 0.798476
vt 0.496215 0.809050
vt 0.452260 0.799785
vt 0.470494 0.789469
vt 0.487449 0.773820
vt 0.689859 0.779673
vt 0.702002 0.764650
vt 0.686402 0.749687
vt 0.723191 0.764887
vt 0.714134 0.788735
vt 0.785867 0.657361
vt 0.660379 0.720544
vt 0.616175 0.709547
vt 0.592928 0.713257
vt 0.669630 0.796466
vt 0.685561 0.792166
vt 0.693901 0.799562
vt 0.695286 0.837386
vt 0.691659 0.840199
vt 0.706078 0.847308
vt 0.712261 0.845253
vt 0.726198 0.856809
vt 0.732246 0.854181
vt 0.698480 0.849151
vt 0.716636 0.859096
vt 0.686103 0.841720
vt 0.818859 0.388801
vt 0.788959 0.375736
vt 0.759769 0.387775
vt 0.802603 0.400461
vt 0.733065 0.408821
vt 0.816502 0.593073
vt 0.765214 0.583598
vt 0.690833 0.434199
vt 0.703450 0.452929
vt 0.642872 0.441793
vt 0.732036 0.463902
vt 0.792038 0.451044
vt 0.332527 0.390730
vt 0.316474 0.383593
vt 0.346874 0.381398
vt 0.423763 0.394237
vt 0.401462 0.374606
vt 0.365768 0.365710
vt 0.593882 0.443379
vt 0.591478 0.421213
vt 0.611316 0.393815
vt 0.534225 0.350352
vt 0.550203 0.331913
vt 0.564785 0.317220
vt 0.615289 0.331658
vt 0.302902 0.381809
vt 0.161081 0.541538
vt 0.173082 0.548676
vt 0.920884 0.661359
vt 0.914794 0.681889
vt 0.954545 0.689898
vt 0.954737 0.668749
vt 0.933890 0.717793
vt 0.902085 0.704302
vt 0.153161 0.536561
vt 0.147993 0.537296
vt 0.130419 0.539694
vt 0.120571 0.535282
vt 0.135574 0.535869
vt 0.227092 0.563094
vt 0.245711 0.570348
vt 0.696649 0.329411
vt 0.733597 0.325536
vt 0.278905 0.326103
vt 0.332046 0.581333
vt 0.365361 0.580622
vt 0.300339 0.581402
vt 0.256388 0.343780
vt 0.242387 0.363284
vt 0.240221 0.383343
vt 0.252228 0.403044
vt 0.453575 0.596129
vt 0.475049 0.607260
vt 0.428535 0.587887
vt 0.279595 0.422241
vt 0.319033 0.443218
vt 0.494571 0.619537
vt 0.510727 0.625021
vt 0.490698 0.615738
vt 0.520667 0.616007
vt 0.521546 0.598764
vt 0.029170 0.581659
vt 0.044224 0.570666
vt 0.035660 0.580078
vt 0.051026 0.569728
vt 0.016616 0.592182
vt 0.022107 0.590578
vt 0.112082 0.533330
vt 0.118611 0.528607
vt 0.111966 0.546589
vt 0.081425 0.550135
vt 0.086605 0.550660
vt 0.109882 0.547689
vt 0.453823 0.528120
vt 0.411735 0.496947
vt 0.487635 0.557251
vt 0.014222 0.619856
vt 0.012631 0.610629
vt 0.019718 0.628534
vt 0.398434 0.582647
vt 0.441899 0.888233
vt 0.431589 0.879417
vt 0.459907 0.893160
vt 0.440312 0.997385
vt 0.455866 1.000000
vt 0.459393 0.989714
vt 0.443696 0.987132
vt 0.479129 0.985713
vt 0.476234 0.995935
vt 0.366263 0.468484
vt 0.219722 0.757960
vt 0.178540 0.721614
vt 0.262460 0.788564
vt 0.271516 0.577581
vt 0.510431 0.580173
vt 0.138956 0.687114
vt 0.092587 0.667794
vt 0.369824 0.851795
vt 0.341308 0.837769
vt 0.395771 0.862118
vt 0.757809 0.342432
vt 0.783196 0.355856
vt 0.059177 0.652517
vt 0.036507 0.644434
vt 0.467798 0.916067
vt 0.454879 0.942636
vt 0.454946 0.938358
vt 0.467264 0.909104
vt 0.586576 0.895257
vt 0.566811 0.910955
vt 0.577393 0.878750
vt 0.602025 0.884697
vt 0.592638 0.866760
vt 0.008288 0.599530
vt 0.010217 0.600768
vt 0.545149 0.929981
vt 0.522697 0.950668
vt 0.498423 0.979641
vt 0.500541 0.971231
vt 0.026200 0.636827
vt 0.429264 0.986371
vt 0.431793 0.993911
vt 0.434006 0.982992
vt 0.430118 0.978341
vt 0.810449 0.370503
vt 0.835733 0.381498
vt 0.062217 0.560259
vt 0.068198 0.559835
vt 0.568525 0.860979
vt 0.582618 0.848298
vt 0.304410 0.817025
vt 0.187775 0.580422
vt 0.178111 0.581795
vt 0.167831 0.587439
vt 0.450648 0.669377
vt 0.329140 0.699334
vt 0.330943 0.690144
vt 0.314867 0.685715
vt 0.313707 0.694168
vt 0.297693 0.685050
vt 0.314373 0.675153
vt 0.293990 0.671107
vt 0.331308 0.678989
vt 0.367951 0.690720
vt 0.349499 0.684405
vt 0.347838 0.697977
vt 0.363523 0.706865
vt 0.343990 0.708937
vt 0.357499 0.719875
vt 0.489927 0.731925
vt 0.472504 0.724072
vt 0.466830 0.744177
vt 0.494302 0.749219
vt 0.456638 0.765275
vt 0.440486 0.737720
vt 0.429203 0.758406
vt 0.450793 0.716388
vt 0.250862 0.636495
vt 0.261324 0.657766
vt 0.290962 0.634071
vt 0.296498 0.621139
vt 0.309522 0.616858
vt 0.303785 0.635676
vt 0.611279 0.823580
vt 0.629148 0.812603
vt 0.649190 0.809690
vt 0.334650 0.647629
vt 0.368783 0.633535
vt 0.360741 0.621339
vt 0.341354 0.622060
vt 0.371898 0.608573
vt 0.397059 0.596585
vt 0.413692 0.596128
vt 0.428118 0.590518
vt 0.454080 0.600933
vt 0.434780 0.608387
vt 0.378739 0.657430
vt 0.399249 0.659940
vt 0.403727 0.647456
vt 0.390609 0.642470
vt 0.559014 0.745739
vt 0.544045 0.752492
vt 0.660602 0.809856
vt 0.508798 0.617325
vt 0.838835 0.455063
vt 0.811548 0.445543
vt 0.822771 0.431738
vt 0.854362 0.435663
vt 0.910334 0.444625
vt 0.958986 0.437885
vt 0.950271 0.436779
vt 0.897751 0.446125
vt 0.943178 0.434073
vt 0.901146 0.441300
vt 0.955434 0.437493
vt 0.954043 0.433161
vt 0.962843 0.439925
vt 0.776135 0.763975
vt 0.783767 0.756080
vt 0.773938 0.751639
vt 0.760930 0.756435
vt 0.775281 0.742512
vt 0.788125 0.745320
vt 0.762130 0.790737
vt 0.741474 0.785548
vt 0.741934 0.793291
vt 0.756137 0.798454
vt 0.744154 0.804773
vt 0.728057 0.798600
vt 0.869175 0.579100
vt 0.874961 0.564189
vt 0.861616 0.565570
vt 0.855034 0.577070
vt 0.849314 0.556219
vt 0.872191 0.547161
vt 0.857926 0.645144
vt 0.863085 0.627923
vt 0.855932 0.626458
vt 0.847114 0.639743
vt 0.855355 0.615695
vt 0.860487 0.612091
vt 0.878812 0.452237
vt 0.872454 0.442454
vt 0.927810 0.449325
vt 0.892742 0.460670
vt 0.869341 0.472584
vt 0.831982 0.696371
vt 0.819993 0.692713
vt 0.816466 0.703599
vt 0.826399 0.707332
vt 0.816689 0.715433
vt 0.803447 0.710184
vt 0.660408 0.839786
vt 0.652706 0.832576
vt 0.646161 0.836078
vt 0.650705 0.841743
vt 0.639498 0.842848
vt 0.637434 0.834072
vt 0.896721 0.376791
vt 0.921888 0.377614
vt 0.831532 0.842764
vt 0.834657 0.845792
vt 0.832992 0.845469
vt 0.832329 0.843027
vt 0.829864 0.852457
vt 0.834547 0.853654
vt 0.660448 0.860068
vt 0.671191 0.866907
vt 0.677369 0.865535
vt 0.667043 0.858733
vt 0.685316 0.867481
vt 0.674685 0.858821
vt 0.687373 0.875721
vt 0.694874 0.877705
vt 0.681178 0.876973
vt 0.705396 0.826950
vt 0.689517 0.826977
vt 0.690055 0.830759
vt 0.700081 0.833751
vt 0.685183 0.832678
vt 0.840309 0.781592
vt 0.868315 0.795618
vt 0.868361 0.792307
vt 0.844451 0.779380
vt 0.874092 0.784493
vt 0.846527 0.774714
vt 0.875120 0.796632
vt 0.880971 0.794084
vt 0.880006 0.803625
vt 0.881116 0.732122
vt 0.906373 0.744504
vt 0.908915 0.741302
vt 0.883921 0.728650
vt 0.911230 0.737542
vt 0.887213 0.724606
vt 0.916957 0.744271
vt 0.918727 0.740592
vt 0.920234 0.748795
vt 0.918422 0.632738
vt 0.888040 0.622228
vt 0.885431 0.631866
vt 0.915285 0.639051
vt 0.885183 0.642120
vt 0.916004 0.644076
vt 0.848188 0.409385
vt 0.940160 0.569452
vt 0.963124 0.572939
vt 0.962341 0.568658
vt 0.940034 0.564817
vt 0.963897 0.565395
vt 0.941062 0.560466
vt 0.970830 0.572033
vt 0.970562 0.569059
vt 0.974937 0.574690
vt 0.610971 0.862827
vt 0.607369 0.851395
vt 0.596733 0.848559
vt 0.602796 0.862831
vt 0.596362 0.835104
vt 0.608975 0.842617
vt 0.875353 0.796075
vt 0.873381 0.797897
vt 0.874676 0.799620
vt 0.752465 0.873600
vt 0.754008 0.874496
vt 0.758816 0.873568
vt 0.754521 0.868839
vt 0.766501 0.875710
vt 0.761630 0.869158
vt 0.955276 0.435985
vt 0.957565 0.438680
vt 0.963173 0.440868
vt 0.973815 0.507295
vt 0.972637 0.505877
vt 0.964472 0.504000
vt 0.971115 0.504139
vt 0.964424 0.501806
vt 0.971030 0.500864
vt 0.963107 0.570881
vt 0.963622 0.573257
vt 0.967678 0.575397
vt 0.935959 0.648484
vt 0.949024 0.647681
vt 0.947978 0.646239
vt 0.935266 0.646503
vt 0.946856 0.644553
vt 0.939273 0.644055
vt 0.627805 0.896108
vt 0.621269 0.895652
vt 0.618373 0.892181
vt 0.624719 0.891380
vt 0.919489 0.746254
vt 0.918397 0.743050
vt 0.919729 0.740550
vt 0.747887 0.770142
vt 0.762400 0.774641
vt 0.856551 0.596906
vt 0.860496 0.595939
vt 0.703912 0.804114
vt 0.712296 0.808397
vt 0.721216 0.814000
vt 0.698742 0.818326
vt 0.692388 0.814561
vt 0.812526 0.504474
vt 0.835416 0.503394
vt 0.848365 0.490489
vt 0.851804 0.511374
vt 0.847079 0.425761
vt 0.828963 0.665220
vt 0.839612 0.667993
vt 0.786078 0.725550
vt 0.796516 0.728559
vt 0.804137 0.822703
vt 0.826370 0.829836
vt 0.826354 0.829583
vt 0.808140 0.821444
vt 0.827837 0.827236
vt 0.811867 0.820884
vt 0.830582 0.841054
vt 0.837792 0.838597
vt 0.649397 0.851164
vt 0.657674 0.849673
vt 0.665969 0.848983
vt 0.755594 0.858974
vt 0.748350 0.862407
vt 0.745303 0.864183
vt 0.737218 0.851636
vt 0.742706 0.849970
vt 0.809522 0.772314
vt 0.815000 0.768774
vt 0.818033 0.762668
vt 0.852016 0.723302
vt 0.855572 0.718227
vt 0.855906 0.713084
vt 0.941944 0.641662
vt 0.937761 0.645989
vt 0.937984 0.648948
vt 0.903361 0.572564
vt 0.905935 0.565071
vt 0.907120 0.556299
vt 0.961170 0.497163
vt 0.960541 0.502201
vt 0.962022 0.506554
vt 0.618260 0.878489
vt 0.611687 0.879642
vt 0.773802 0.812303
vt 0.780707 0.809773
vt 0.785090 0.807289
vt 0.848232 0.385859
vt 0.840452 0.392063
vt 0.825251 0.397346
vt 0.838794 0.396590
vt 0.846245 0.397091
vt 0.840164 0.400274
vt 0.615742 0.832615
vt 0.621195 0.840547
vt 0.660084 0.831185
vt 0.667155 0.834296
vt 0.991736 0.558113
vt 1.000000 0.539416
vt 0.979423 0.534769
vt 0.981358 0.551862
vt 0.946045 0.532857
vt 0.946983 0.545307
vt 0.974348 0.519385
vt 0.943025 0.521527
vt 0.992290 0.521050
vt 0.736195 0.888952
vt 0.718997 0.890334
vt 0.733695 0.886425
vt 0.715603 0.883834
vt 0.750148 0.885024
vt 0.747102 0.882844
vt 0.856989 0.687029
vt 0.875461 0.694547
vt 0.881991 0.676694
vt 0.860563 0.672718
vt 0.886931 0.660814
vt 0.867069 0.661862
vt 0.967785 0.398748
vt 0.968646 0.421125
vt 0.969516 0.393572
vt 0.970241 0.415326
vt 0.952429 0.382396
vt 0.953120 0.379198
vt 0.913396 0.785662
vt 0.895891 0.793459
vt 0.921690 0.781671
vt 0.904019 0.790705
vt 0.923946 0.761673
vt 0.927834 0.765429
vt 0.876318 0.743632
vt 0.849493 0.734762
vt 0.842796 0.742644
vt 0.869003 0.752662
vt 0.836027 0.750871
vt 0.861052 0.762554
vt 0.822348 0.735886
vt 0.817496 0.742866
vt 0.830461 0.729876
vt 0.945005 0.396773
vt 0.944924 0.424368
vt 0.910784 0.408901
vt 0.915437 0.426090
vt 0.934484 0.383036
vt 0.895080 0.402080
vt 0.868061 0.825768
vt 0.854605 0.835286
vt 0.867484 0.826082
vt 0.854381 0.834381
vt 0.875233 0.808294
vt 0.877588 0.815543
vt 0.721290 0.872973
vt 0.706369 0.873003
vt 0.704662 0.860744
vt 0.692969 0.860930
vt 0.734421 0.870254
vt 0.815141 0.869096
vt 0.788475 0.875564
vt 0.816879 0.867432
vt 0.787926 0.871506
vt 0.648552 0.878581
vt 0.635005 0.879960
vt 0.640176 0.865580
vt 0.629095 0.865458
vt 0.660130 0.874575
vt 0.648995 0.864357
vt 0.666528 0.870380
vt 0.676269 0.880868
vt 0.655115 0.862290
vt 0.990892 0.542576
vt 0.980785 0.561688
vt 0.988628 0.519162
vt 0.982155 0.614953
vt 0.967166 0.637120
vt 0.988975 0.612646
vt 0.971406 0.630065
vt 0.984482 0.589784
vt 0.993536 0.592238
vt 0.977131 0.610277
vt 0.969492 0.622749
vt 0.938630 0.600935
vt 0.932839 0.613469
vt 0.975714 0.590534
vt 0.940467 0.586873
vt 0.788568 0.831510
vt 0.762774 0.821686
vt 0.750845 0.827633
vt 0.773507 0.840019
vt 0.738892 0.835228
vt 0.756739 0.847058
vt 0.736650 0.820012
vt 0.728312 0.827433
vt 0.747143 0.816143
vt 0.965828 0.509861
vt 0.937533 0.513880
vt 0.979136 0.510829
vt 0.742386 0.866642
vt 0.751801 0.878138
vt 0.928431 0.739768
vt 0.931257 0.738808
vt 0.963823 0.491083
vt 0.975430 0.497352
vt 0.934934 0.488793
vt 0.779455 0.861241
vt 0.763395 0.859575
vt 0.770972 0.871139
vt 0.747966 0.848830
vt 0.941682 0.653350
vt 0.918681 0.651054
vt 0.939964 0.651583
vt 0.819169 0.843128
vt 0.826279 0.831874
vt 0.798324 0.825171
vt 0.952612 0.643907
vt 0.950683 0.641049
vt 0.922199 0.750008
vt 0.924017 0.753848
vt 0.943904 0.425944
vt 0.958586 0.427554
vt 0.912424 0.428318
vt 0.836433 0.821629
vt 0.830194 0.824606
vt 0.845135 0.837191
vt 0.811479 0.817581
vt 0.815755 0.810555
vt 0.951677 0.649101
vt 0.918480 0.380542
vt 0.936246 0.376161
vt 0.883409 0.397660
vt 0.939201 0.377393
vt 0.975052 0.578260
vt 0.983527 0.578953
vt 0.774517 0.877812
vt 0.965736 0.440973
vt 0.972021 0.441606
vt 0.904230 0.758837
vt 0.904727 0.749708
vt 0.879142 0.737963
vt 0.883631 0.794723
vt 0.892603 0.795332
vt 0.965677 0.568128
vt 0.975396 0.565397
vt 0.888273 0.774465
vt 0.882005 0.779136
vt 0.853209 0.769517
vt 0.916129 0.731977
vt 0.890872 0.718778
vt 0.753447 0.878902
vt 0.971759 0.499301
vt 0.981283 0.508456
vt 0.971353 0.562072
vt 0.943551 0.554883
vt 0.845671 0.838219
vt 0.838918 0.838809
vt 0.833533 0.792505
vt 0.866941 0.803375
vt 0.869142 0.794046
vt 0.837475 0.785242
vt 0.880500 0.808571
vt 0.802979 0.857859
vt 0.625221 0.879089
vt 0.630535 0.891345
vt 0.619309 0.864114
vt 0.679798 0.887321
vt 0.685459 0.885869
vt 0.876610 0.801716
vt 0.707060 0.889110
vt 0.699447 0.887404
vt 0.702922 0.880204
vt 0.951891 0.634541
vt 0.925618 0.624413
vt 0.694137 0.870340
vt 0.683201 0.860017
vt 0.634758 0.898379
vt 0.897331 0.768158
vt 0.968134 0.578443
vt 0.940292 0.575473
vt 0.718009 0.843044
vt 0.723337 0.840515
vt 0.971201 0.443217
vt 0.692319 0.886382
vt 0.958782 0.432262
vt 0.863952 0.406400
vt 0.631889 0.857301
vt 0.623385 0.856701
vt 0.627254 0.850141
vt 0.621618 0.850296
vt 0.639610 0.856533
vt 0.634495 0.851018
vt 0.905943 0.596303
vt 0.900979 0.606511
vt 0.883310 0.595793
vt 0.883017 0.603763
vt 0.907607 0.586068
vt 0.886278 0.588005
vt 0.433011 0.979606
vt 0.433389 0.989639
vt 0.441010 0.988113
vt 0.898419 0.475176
vt 0.903061 0.481455
vt 0.876426 0.480709
vt 0.879866 0.482858
vt 0.893637 0.468256
vt 0.690502 0.850727
vt 0.682382 0.851228
vt 0.680523 0.843812
vt 0.675830 0.845341
vt 0.916206 0.533236
vt 0.916164 0.541987
vt 0.901456 0.533495
vt 0.903021 0.539543
vt 0.915717 0.525358
vt 0.900349 0.527702
vt 0.875311 0.417192
vt 0.876309 0.426703
vt 0.860263 0.425322
vt 0.870372 0.411819
vt 0.838673 0.546501
vt 0.855132 0.537744
vt 0.730993 0.838799
vt 0.719783 0.827774
vt 0.678812 0.835748
vt 0.683764 0.835901
vt 0.894170 0.614758
vt 0.872366 0.607425
vt 0.887784 0.651763
vt 0.863483 0.656158
vt 0.902203 0.488354
vt 0.882512 0.487577
vt 0.909798 0.519523
vt 0.888247 0.524652
vt 0.615799 0.854464
vt 0.616458 0.847301
vt 0.781792 0.791229
vt 0.783784 0.784724
vt 0.772549 0.779445
vt 0.774579 0.790878
vt 0.784202 0.773739
vt 0.789210 0.779761
vt 0.863851 0.595581
vt 0.871460 0.584890
vt 0.728783 0.816095
vt 0.746230 0.811681
vt 0.868513 0.483538
vt 0.874893 0.533036
vt 0.885484 0.532947
vt 0.891841 0.542740
vt 0.849963 0.670427
vt 0.846405 0.691317
vt 0.807156 0.731494
vt 0.803582 0.743659
vt 0.823547 0.723906
vt 0.644246 0.854324
vt 0.636142 0.848036
vt 0.806484 0.785014
vt 0.807706 0.777842
vt 0.826501 0.756605
vt 0.850649 0.728942
vt 0.864037 0.707468
vt 0.876019 0.431230
vt 0.903630 0.578221
vt 0.913082 0.549311
vt 0.769164 0.816694
vt 0.795689 0.799814
vt 0.789775 0.804661
vt 0.623775 0.846041
vt 0.492745 0.979713
vt 0.475888 0.987896
vt 0.433106 0.968600
vt 0.431572 0.969540
vt 0.456508 0.989447
vt 0.277372 0.725778
vt 0.266790 0.715318
vt 0.268261 0.726931
vt 0.275575 0.737130
vt 0.289615 0.739304
vt 0.283530 0.732807
vt 0.280787 0.739150
vt 0.285668 0.745945
vt 0.311677 0.754128
vt 0.304016 0.756273
vt 0.294670 0.752642
vt 0.302955 0.749578
vt 0.384541 0.763675
vt 0.358927 0.757758
vt 0.404932 0.752799
vt 0.380852 0.750051
vt 0.412679 0.771395
vt 0.420673 0.790159
vt 0.401550 0.799191
vt 0.432839 0.807865
vt 0.471514 0.813540
vt 0.370314 0.732472
vt 0.362630 0.736930
vt 0.365041 0.744552
vt 0.350172 0.734498
vt 0.352131 0.727856
vt 0.520184 0.751470
vt 0.503442 0.722940
vt 0.289594 0.646987
vt 0.299472 0.654122
vt 0.282205 0.653184
vt 0.411983 0.704935
vt 0.429908 0.710277
vt 0.437850 0.688752
vt 0.415360 0.682348
vt 0.460562 0.694387
vt 0.324574 0.749884
vt 0.310224 0.743453
vt 0.302766 0.742833
vt 0.310827 0.748404
vt 0.296385 0.744418
vt 0.294940 0.736437
vt 0.300554 0.736713
vt 0.440136 0.779913
vt 0.386544 0.697480
vt 0.379614 0.716548
vt 0.397573 0.726812
vt 0.392918 0.678103
vt 0.371266 0.673362
vt 0.418651 0.732013
vt 0.482632 0.704044
vt 0.351157 0.669512
vt 0.331536 0.665393
vt 0.359141 0.655051
vt 0.285755 0.720883
vt 0.282163 0.721616
vt 0.288546 0.729430
vt 0.293956 0.729576
vt 0.279925 0.687356
vt 0.272001 0.680460
vt 0.082364 0.596559
vt 0.068077 0.594086
vt 0.065466 0.593559
vt 0.081216 0.596223
vt 0.056749 0.587665
vt 0.061224 0.588877
vt 0.095606 0.596443
vt 0.097316 0.596514
vt 0.102910 0.592698
vt 0.093072 0.582394
vt 0.074734 0.576149
vt 0.064056 0.582706
vt 0.060688 0.580187
vt 0.055665 0.579356
vt 0.076107 0.591694
vt 0.084700 0.595819
vt 0.093728 0.597763
vt 0.079538 0.597637
vt 0.086983 0.598682
vt 0.073781 0.594232
vt 0.073310 0.595849
vt 0.067583 0.592194
vt 0.084937 0.597946
vt 0.069068 0.587162
vt 0.095982 0.597652
vt 0.472495 0.601508
vt 0.480730 0.606298
vt 0.770498 0.517347
vt 0.861391 0.523942
vt 0.866594 0.514242
vt 0.436637 0.903491
vt 0.434803 0.929240
vt 0.434402 0.930372
vt 0.437822 0.903910
vt 0.432411 0.954701
vt 0.474613 0.886930
vt 0.466927 0.874589
vt 0.462726 0.870932
vt 0.470725 0.884888
vt 0.451154 0.864650
vt 0.452494 0.868033
vt 0.436725 0.947452
vt 0.440397 0.936319
vt 0.454652 0.911150
vt 0.463134 0.905286
vt 0.442395 0.880054
vt 0.442811 0.878784
vt 0.431109 0.973751
vt 0.431306 0.979184
vt 0.474098 0.898881
vt 0.470366 0.896851
vt 0.433428 0.965781
vt 0.673016 0.839024
vt 0.669858 0.843159
vt 0.674887 0.850568
vt 0.832332 0.839749
vt 0.694212 0.805941
vt 0.685679 0.812798
vt 0.689394 0.822314
vt 0.683686 0.821662
vt 0.680707 0.818971
vt 0.291360 0.747803
vt 0.312340 0.700585
vt 0.326735 0.706730
vt 0.311478 0.705712
vt 0.325057 0.712685
vt 0.339958 0.717029
vt 0.337484 0.723280
vt 0.310835 0.711043
vt 0.324216 0.718075
vt 0.308390 0.717999
vt 0.322471 0.724308
vt 0.299692 0.708723
vt 0.297360 0.713849
vt 0.267304 0.710476
vt 0.267646 0.711066
vt 0.254333 0.703284
vt 0.275304 0.712625
vt 0.263174 0.707017
vt 0.288677 0.721663
vt 0.294048 0.721298
vt 0.335856 0.729161
vt 0.348955 0.739024
vt 0.333879 0.734232
vt 0.346389 0.742289
vt 0.271833 0.713963
vt 0.325992 0.618686
vt 0.317817 0.640752
vt 0.379775 0.595638
vt 0.269848 0.665164
vt 0.364599 0.748418
vt 0.372065 0.753679
vt 0.360903 0.750046
vt 0.366816 0.753771
vt 0.295268 0.718934
vt 0.308274 0.724538
vt 0.319687 0.731498
vt 0.304636 0.729575
vt 0.313557 0.737198
vt 0.283471 0.708819
vt 0.272224 0.707398
vt 0.281844 0.712679
vt 0.289953 0.710975
vt 0.329656 0.739557
vt 0.341052 0.745409
vt 0.322429 0.743742
vt 0.336367 0.749168
vt 0.353827 0.750769
vt 0.355183 0.753427
vt 0.268315 0.703393
vt 0.286758 0.706793
vt 0.351014 0.752987
vt 0.354538 0.753717
vt 0.331545 0.749932
vt 0.293775 0.708931
vt 0.299074 0.730722
vt 0.306194 0.738049
vt 0.316335 0.744327
vt 0.814677 0.409944
vt 0.476819 0.887666
vt 0.475744 0.895196
vt 0.473500 0.886382
vt 0.472655 0.880262
vt 0.459531 0.875976
vt 0.464834 0.888206
vt 0.444727 0.906256
vt 0.449898 0.885585
vt 0.456876 0.892831
vt 0.455160 0.910612
vt 0.469955 0.876532
vt 0.455366 0.870448
vt 0.477053 0.887706
vt 0.476248 0.899667
vt 0.444845 0.881692
vt 0.438880 0.904034
vt 0.437407 0.928868
vt 0.442328 0.930081
vt 0.451353 0.933709
vt 0.314575 0.661072
vt 0.855210 0.814257
vt 0.826113 0.801709
vt 0.801757 0.792692
vt 0.864718 0.531314
vt 0.373047 0.643595
vt 0.482973 0.607645
vt 0.474406 0.599805
vt 0.468660 0.597865
vt 0.455578 0.593699
vt 0.427066 0.585910
vt 0.435946 0.586061
vt 0.426978 0.586300
vt 0.315416 0.752139
vt 0.326730 0.754045
vt 0.343954 0.754856
vt 0.419737 0.869567
vt 0.061018 0.569229
vt 0.077435 0.559821
vt 0.094817 0.551678
vt 0.019618 0.600335
vt 0.031642 0.589445
vt 0.045433 0.579046
vt 0.117819 0.552773
vt 0.123737 0.528234
vt 0.153988 0.535011
vt 0.835426 0.071905
vt 0.777774 0.034576
vt 0.679314 0.008592
vt 0.556689 0.000000
vt 0.434230 0.011011
vt 0.336266 0.038965
vt 0.279416 0.077491
vt 0.697698 0.320162
vt 0.723658 0.309687
vt 0.688867 0.288156
vt 0.671431 0.306374
vt 0.638534 0.272817
vt 0.625719 0.296060
vt 0.564067 0.267769
vt 0.566637 0.294246
vt 0.487787 0.276814
vt 0.512076 0.303696
vt 0.440139 0.306752
vt 0.465478 0.315836
vt 0.728401 0.289587
vt 0.697400 0.268670
vt 0.641631 0.251094
vt 0.563536 0.247117
vt 0.486117 0.253487
vt 0.434630 0.275303
vt 0.393160 0.290099
vt 0.374800 0.310201
vt 0.720589 0.279146
vt 0.716375 0.282464
vt 0.686513 0.262646
vt 0.684110 0.265096
vt 0.631161 0.251556
vt 0.629829 0.254027
vt 0.563717 0.248060
vt 0.563592 0.250663
vt 0.496282 0.252872
vt 0.497406 0.255503
vt 0.440961 0.265019
vt 0.443590 0.268051
vt 0.406448 0.282209
vt 0.409313 0.284301
vt 0.746284 0.271367
vt 0.707559 0.251630
vt 0.642592 0.238451
vt 0.563174 0.234305
vt 0.483817 0.240115
vt 0.418968 0.254611
vt 0.380016 0.275082
vt 0.784269 0.258739
vt 0.760701 0.268131
vt 0.737268 0.234809
vt 0.718392 0.247059
vt 0.659161 0.218490
vt 0.648623 0.232788
vt 0.562929 0.213301
vt 0.563104 0.228285
vt 0.466729 0.220470
vt 0.477624 0.234565
vt 0.388730 0.238395
vt 0.407990 0.250273
vt 0.342063 0.263314
vt 0.366185 0.272242
vt 0.797934 0.249168
vt 0.748270 0.223390
vt 0.665184 0.205745
vt 0.562547 0.200120
vt 0.459966 0.207876
vt 0.377058 0.227251
vt 0.327745 0.254082
vt 0.813537 0.237273
vt 0.760922 0.209288
vt 0.672175 0.190049
vt 0.562175 0.183883
vt 0.452241 0.192325
vt 0.363697 0.213415
vt 0.311470 0.242519
vt 0.827859 0.222793
vt 0.772562 0.192588
vt 0.678569 0.171734
vt 0.561712 0.165015
vt 0.444930 0.174142
vt 0.351171 0.196952
vt 0.296306 0.228336
vt 0.831398 0.206172
vt 0.775356 0.174883
vt 0.679915 0.153245
vt 0.561163 0.146247
vt 0.442496 0.155680
vt 0.347317 0.179298
vt 0.291754 0.211781
vt 0.831700 0.191280
vt 0.775505 0.159353
vt 0.679780 0.137259
vt 0.560668 0.130093
vt 0.441650 0.139691
vt 0.346215 0.163765
vt 0.290532 0.196886
vt 0.805673 0.175412
vt 0.825043 0.176520
vt 0.754083 0.146065
vt 0.769941 0.144823
vt 0.667392 0.125865
vt 0.676399 0.122905
vt 0.560125 0.119324
vt 0.560173 0.115786
vt 0.452955 0.128049
vt 0.444048 0.125270
vt 0.366568 0.150033
vt 0.350819 0.149113
vt 0.315490 0.180470
vt 0.296254 0.181979
vt 0.848521 0.132123
vt 0.838419 0.151639
vt 0.788968 0.095593
vt 0.780769 0.117246
vt 0.686578 0.070147
vt 0.682193 0.093364
vt 0.558701 0.061788
vt 0.559351 0.085556
vt 0.430957 0.072713
vt 0.436627 0.095844
vt 0.328970 0.100243
vt 0.338413 0.121743
vt 0.270097 0.138028
vt 0.281377 0.157354
vt 0.842490 0.077331
vt 0.783628 0.039252
vt 0.682725 0.012708
vt 0.556868 0.003927
vt 0.431176 0.015194
vt 0.330768 0.043760
vt 0.272710 0.083063
vt 0.852930 0.092853
vt 0.792352 0.054014
vt 0.687930 0.026889
vt 0.557385 0.017919
vt 0.427000 0.029477
vt 0.323054 0.058704
vt 0.263263 0.098810
vt 0.828155 0.165768
vt 0.772423 0.133253
vt 0.677652 0.110743
vt 0.559817 0.103415
vt 0.442089 0.113133
vt 0.347652 0.137589
vt 0.292484 0.171283
vt 0.518737 0.631196
vt 0.140173 0.531793
vn 0.1995 0.9680 -0.1519
vn 0.3674 0.8617 0.3500
vn 1.0000 0.0000 0.0000
vn 0.4286 0.0013 0.9035
vn 0.4504 0.3084 0.8379
vn 0.4592 0.5592 0.6902
vn 0.0944 -0.4846 0.8696
vn 0.4336 -0.2621 0.8621
vn -0.9296 0.1337 0.3435
vn -0.9680 0.2369 0.0824
vn -0.9271 0.2100 0.3104
vn -0.6076 0.0501 -0.7927
vn 0.0000 0.1884 0.9821
vn 0.0000 -0.0257 -0.9997
vn 0.0000 -0.2497 -0.9683
vn 0.0000 -0.6742 0.7385
vn -0.0414 -0.6977 0.7152
vn -0.0949 -0.7054 0.7024
vn 0.0000 -0.6845 0.7290
vn -0.2807 -0.7302 0.6229
vn -0.3418 -0.7196 0.6044
vn -0.3800 -0.6467 0.6612
vn -0.1265 -0.6323 0.7643
vn 0.0000 -0.6180 0.7862
vn 0.0000 0.1354 0.9908
vn -0.1165 0.1385 0.9835
vn -0.1861 -0.2120 0.9594
vn 0.0000 -0.2084 0.9780
vn -0.4896 0.1720 0.8548
vn -0.5842 -0.1909 0.7888
vn -0.5857 -0.5670 0.5791
vn -0.2538 -0.5850 0.7703
vn 0.0000 -0.5769 0.8168
vn -0.9545 0.0470 -0.2943
vn -0.9650 0.1300 -0.2277
vn -0.9964 0.0828 -0.0170
vn -1.0000 0.0050 -0.0018
vn -0.9909 0.0365 -0.1297
vn -0.9970 -0.0634 -0.0446
vn -0.9955 -0.0873 -0.0357
vn -0.9908 0.1172 0.0679
vn -0.9807 0.0143 0.1948
vn 0.0000 -0.9486 0.3165
vn 0.0875 -0.9391 0.3322
vn 0.0601 -0.9959 0.0671
vn 0.0000 -0.9972 0.0749
vn -0.2720 -0.8938 0.3565
vn -0.3350 -0.9405 0.0568
vn -0.4026 -0.8710 -0.2814
vn -0.0669 -0.9618 -0.2654
vn 0.0000 -0.9606 -0.2778
vn -0.9710 -0.2163 0.1014
vn -0.9926 -0.1065 0.0581
vn -0.9869 -0.1448 0.0702
vn -0.9819 -0.1794 0.0603
vn -0.9990 -0.0323 0.0321
vn -0.9937 -0.0988 0.0536
vn -0.9789 -0.2030 0.0239
vn -0.5951 0.6266 0.5031
vn -0.5931 0.6700 0.4465
vn -0.5604 0.5742 0.5968
vn -0.5514 0.5789 0.6007
vn -0.5767 0.6907 0.4363
vn -0.6868 0.4924 0.5346
vn -0.7551 0.3745 0.5381
vn -0.6019 0.4838 0.6353
vn -0.5615 0.5159 0.6469
vn -0.9759 -0.2008 -0.0855
vn -0.9941 -0.1082 0.0099
vn -0.9886 -0.1286 0.0783
vn -0.9871 -0.1597 -0.0070
vn -0.9802 0.0072 0.1979
vn -0.9909 0.0144 0.1334
vn -0.6945 -0.0250 -0.7190
vn -0.7316 -0.1259 -0.6699
vn -0.9026 0.2064 -0.3777
vn -0.8468 0.3359 -0.4124
vn -0.7683 -0.2445 -0.5915
vn -0.9358 0.0808 -0.3432
vn -0.9108 0.0740 -0.4062
vn -0.8921 0.3948 -0.2199
vn -0.8753 0.3862 -0.2910
vn -0.9545 -0.2706 -0.1254
vn -0.9368 -0.1835 -0.2978
vn -0.9571 -0.2119 -0.1975
vn -0.9656 -0.1435 -0.2167
vn -0.3314 0.9406 0.0731
vn -0.5069 0.8573 0.0898
vn -0.6536 0.7346 0.1819
vn -0.6082 0.7680 0.2005
vn -0.8670 0.4980 -0.0148
vn -0.7996 0.5933 0.0925
vn -0.8931 0.3699 0.2560
vn -0.8628 0.4030 0.3051
vn -0.8412 0.4300 0.3277
vn -0.8080 0.5265 0.2644
vn -0.9096 0.3565 0.2132
vn -0.9210 0.3208 0.2206
vn -0.8281 0.4947 0.2636
vn -0.9834 0.1815 -0.0054
vn -0.9795 0.1451 0.1397
vn -0.9722 0.0506 0.2286
vn -0.9182 0.2264 0.3249
vn -0.8087 0.3947 0.4362
vn -0.9738 -0.2022 0.1043
vn -0.9795 -0.1930 0.0573
vn -0.9825 -0.1727 0.0705
vn -0.9824 -0.1665 0.0846
vn -0.9642 -0.2309 -0.1299
vn -0.9821 -0.1785 -0.0591
vn -0.9817 -0.1902 -0.0128
vn -0.9816 -0.1887 0.0287
vn -0.9864 -0.1610 0.0340
vn -0.7527 -0.5260 0.3958
vn -0.8502 -0.4198 0.3176
vn -0.7110 -0.6572 0.2503
vn -0.5614 -0.7533 0.3426
vn -0.9486 -0.2481 0.1964
vn -0.8821 -0.4614 0.0943
vn -0.8789 -0.4751 -0.0421
vn -0.6684 -0.7188 0.1913
vn -0.5240 -0.7842 0.3323
vn -0.7359 -0.6522 0.1816
vn -0.6032 -0.7212 0.3406
vn -0.8650 -0.5004 -0.0372
vn -0.9196 -0.3901 0.0452
vn -0.8294 -0.5239 0.1940
vn -0.6950 -0.6328 0.3413
vn -0.8309 0.3147 -0.4588
vn -0.7148 0.2278 -0.6612
vn -0.7722 0.3903 -0.5013
vn -0.7892 0.4388 -0.4296
vn -0.6773 0.1266 -0.7247
vn -0.8115 0.3101 -0.4953
vn -0.8763 0.4374 -0.2018
vn -0.8507 0.4727 -0.2300
vn -0.8101 0.5535 -0.1928
vn -0.9363 -0.2914 0.1961
vn -0.9519 -0.2918 0.0927
vn -0.9654 -0.2452 0.0887
vn -0.9486 -0.2798 0.1477
vn -0.9504 -0.3048 0.0618
vn -0.9619 -0.2642 0.0696
vn -0.9638 -0.2427 0.1102
vn -0.9348 -0.2730 0.2272
vn -0.9315 -0.2668 0.2470
vn -0.9599 -0.2254 0.1667
vn -0.9643 -0.2185 0.1497
vn -0.9264 -0.2824 0.2490
vn -0.9531 -0.2512 0.1689
vn -0.9769 -0.2015 0.0715
vn -0.2381 0.8619 -0.4476
vn -0.0145 0.9044 -0.4265
vn 0.4194 0.7896 -0.4478
vn 0.3229 0.8455 -0.4253
vn 0.1971 0.9420 -0.2715
vn 0.3985 0.8759 -0.2719
vn 0.5162 0.8204 -0.2460
vn 0.5930 0.7413 -0.3143
vn 0.5192 0.7981 -0.3056
vn -0.8867 0.1096 0.4490
vn -0.7909 0.2244 0.5692
vn -0.9826 -0.0399 0.1813
vn -0.9988 -0.0487 -0.0059
vn -0.9021 0.1416 0.4077
vn -0.8074 0.2769 0.5210
vn -0.8379 -0.4430 -0.3187
vn -0.9060 -0.3775 -0.1913
vn -0.9016 -0.3886 -0.1900
vn -0.8296 -0.4808 -0.2838
vn -0.9668 -0.2542 0.0266
vn -0.9552 -0.2862 -0.0751
vn -0.9769 -0.2111 -0.0335
vn -0.9029 -0.4225 -0.0793
vn -0.8134 -0.5722 -0.1044
vn -0.6382 0.4010 0.6572
vn -0.5779 0.4360 0.6898
vn -0.7934 0.2917 0.5342
vn -0.8333 0.1693 0.5262
vn -0.6346 0.3391 0.6944
vn -0.5755 0.3348 0.7460
vn -0.9015 0.3062 0.3057
vn -0.8280 0.4102 0.3824
vn -0.9937 0.0396 0.1049
vn -0.9938 0.1100 -0.0125
vn -0.9002 0.3966 0.1797
vn -0.7982 0.5017 0.3332
vn -0.5607 0.6439 0.5205
vn -0.8798 0.3182 0.3530
vn -0.9026 0.2679 0.3370
vn -0.6308 0.6345 0.4465
vn -0.9424 0.3275 -0.0683
vn -0.6303 0.7763 0.0042
vn -0.9923 -0.1238 -0.0029
vn -0.9867 -0.1391 -0.0837
vn -0.9547 0.0511 -0.2932
vn -0.9763 -0.2166 -0.0029
vn -0.9386 -0.1676 -0.3014
vn -0.9548 -0.1024 -0.2791
vn -0.9773 -0.0031 -0.2117
vn -0.9793 0.0163 -0.2018
vn -0.9621 -0.0462 -0.2687
vn -0.3401 -0.0756 -0.9373
vn -0.4635 -0.0651 -0.8837
vn -0.4560 -0.1781 -0.8719
vn -0.3132 -0.2277 -0.9220
vn -0.8201 0.0803 -0.5665
vn -0.8306 -0.1092 -0.5460
vn -0.8924 -0.0617 -0.4470
vn -0.4912 -0.3051 -0.8159
vn -0.2807 -0.4232 -0.8614
vn -0.7756 0.5878 0.2299
vn -0.7072 0.5907 0.3884
vn -0.7330 0.6710 0.1114
vn -0.5351 0.5571 0.6351
vn -0.7845 0.4401 0.4367
vn -0.8042 0.4299 0.4104
vn -0.5370 0.5949 0.5980
vn -0.9371 0.2911 0.1926
vn -0.9426 0.2518 0.2192
vn -0.9694 0.1417 0.2004
vn -0.8287 0.4324 0.3554
vn -0.5252 0.6517 0.5472
vn -0.9230 -0.1989 -0.3294
vn -0.9220 -0.0830 -0.3782
vn -0.9408 -0.1252 -0.3150
vn -0.9389 -0.0342 0.3425
vn -0.9107 -0.0632 0.4082
vn -0.9724 0.0431 0.2293
vn -0.5432 0.4410 0.7144
vn -0.5393 0.3318 0.7740
vn -0.8509 0.2475 0.4633
vn -0.9237 0.3829 0.0067
vn -0.4156 0.5290 0.7398
vn -0.6000 0.4125 0.6854
vn -0.1900 -0.3507 -0.9170
vn -0.2072 -0.3109 -0.9275
vn -0.3402 -0.0887 -0.9362
vn -0.2865 -0.1528 -0.9458
vn -0.2689 -0.2484 -0.9306
vn -0.3766 -0.0347 -0.9257
vn -0.5120 0.0659 -0.8564
vn -0.4211 0.0037 -0.9070
vn -0.3669 -0.0211 -0.9300
vn -0.8960 0.4370 0.0790
vn -0.8128 0.5734 0.1022
vn -0.9460 0.3241 -0.0039
vn -0.9403 -0.1267 0.3157
vn -0.9857 -0.0603 0.1572
vn -0.9812 -0.1547 0.1155
vn -0.8512 0.4150 0.3212
vn -0.5259 0.6788 0.5125
vn -0.9845 0.1378 0.1082
vn -0.9250 0.3598 -0.1218
vn -0.9054 0.4164 -0.0831
vn -0.8895 0.1322 -0.4373
vn -0.8758 0.1076 -0.4704
vn -0.9208 0.3900 0.0052
vn -0.9309 0.0958 -0.3525
vn -0.3499 0.9367 -0.0108
vn -0.3419 0.9396 -0.0124
vn -0.4204 0.7156 0.5579
vn -0.3381 0.7351 0.5875
vn -0.5907 0.8045 -0.0620
vn -0.7489 0.6311 0.2020
vn -0.8697 0.3534 0.3446
vn -0.6717 0.2948 0.6796
vn -0.6056 0.2818 0.7442
vn -0.6893 0.4211 -0.5895
vn -0.3359 0.7624 -0.5531
vn -0.8999 -0.2441 -0.3612
vn -0.9269 -0.0252 -0.3744
vn -0.9058 -0.1568 -0.3936
vn -0.3572 0.0748 -0.9310
vn -0.1588 0.0369 -0.9866
vn -0.9727 0.0400 -0.2282
vn -0.2449 -0.6003 -0.7613
vn -0.0953 -0.4922 -0.8652
vn -0.1708 -0.4067 -0.8975
vn -0.4790 -0.5276 -0.7015
vn -0.6361 0.6370 0.4355
vn -0.7781 0.5146 0.3601
vn -0.7700 0.4620 0.4400
vn -0.5508 0.5838 0.5965
vn -0.8680 0.4261 0.2548
vn -0.9009 0.3512 0.2550
vn -0.0993 -0.6611 -0.7436
vn -0.1015 -0.6253 -0.7737
vn -0.1361 -0.5033 -0.8533
vn -0.1294 -0.5411 -0.8309
vn -0.2043 -0.4906 -0.8471
vn -0.2203 -0.3738 -0.9009
vn -0.7711 0.6351 -0.0450
vn -0.8229 0.5654 0.0568
vn -0.8088 0.5451 0.2204
vn -0.7287 0.6582 0.1891
vn -0.8453 0.5140 0.1457
vn -0.8543 0.4668 0.2283
vn -0.7892 0.4667 -0.3991
vn -0.8726 0.4105 -0.2644
vn -0.8516 0.5104 -0.1196
vn -0.7830 0.5748 -0.2374
vn -0.9481 0.3147 -0.0453
vn -0.9000 0.4348 0.0290
vn -0.4579 0.0250 -0.8886
vn -0.3827 0.0171 -0.9237
vn -0.5610 0.0523 -0.8261
vn -0.8944 0.3562 0.2705
vn -0.9043 0.4244 0.0468
vn -0.9589 0.2600 -0.1135
vn -0.8804 0.3402 -0.3304
vn -0.6784 0.2598 -0.6872
vn -0.5415 0.2252 -0.8100
vn 0.0000 0.3093 -0.9510
vn -0.7880 -0.6154 0.0156
vn -0.7103 -0.7031 -0.0344
vn -0.6817 -0.5144 0.5203
vn -0.8427 -0.4996 0.2002
vn -0.8164 -0.4690 0.3368
vn -0.9577 -0.2808 0.0634
vn -0.7701 -0.3501 0.5332
vn -0.5386 -0.4171 -0.7321
vn -0.2832 -0.5088 -0.8130
vn -0.8581 -0.1400 -0.4940
vn -0.9684 0.1335 -0.2106
vn -0.6730 -0.3482 -0.6525
vn -0.3558 -0.4515 -0.8183
vn 0.1982 -0.5515 0.8103
vn 0.0523 -0.6558 0.7531
vn 0.0000 -0.6166 0.7873
vn 0.1094 -0.7240 0.6810
vn -0.1377 -0.7371 0.6615
vn 0.5481 -0.0473 0.8350
vn 0.3920 -0.3397 0.8549
vn 0.7041 -0.1126 0.7011
vn 0.5412 -0.4286 0.7234
vn 0.0000 0.8275 0.5614
vn -0.1470 0.8144 0.5613
vn -0.1513 0.7732 0.6158
vn 0.0000 0.7848 0.6196
vn -0.3339 0.7906 0.5132
vn -0.2561 0.7634 0.5929
vn -0.1977 0.6910 0.6952
vn -0.1499 0.7116 0.6864
vn 0.0000 0.7207 0.6932
vn 0.0000 -0.8968 0.4423
vn 0.1261 -0.8728 0.4715
vn 0.0704 -0.9720 0.2243
vn 0.0000 -0.9648 0.2627
vn -0.1659 -0.8092 0.5636
vn -0.1586 -0.9650 0.2089
vn -0.1947 -0.9654 -0.1736
vn -0.2934 -0.9415 -0.1655
vn 0.0000 -0.9991 0.0432
vn 0.1226 0.9915 -0.0443
vn 0.4349 0.8169 0.3787
vn 0.0901 0.9958 -0.0169
vn 0.5435 0.7709 0.3319
vn 0.7622 0.3321 0.5557
vn 0.5965 0.4918 0.6342
vn -0.8091 0.1635 -0.5645
vn -0.6785 0.1280 -0.7233
vn -0.7654 0.2233 -0.6035
vn -0.8037 0.0544 -0.5925
vn -0.5614 0.1348 -0.8165
vn -0.7859 0.2431 -0.5685
vn -0.9194 0.0772 -0.3856
vn -0.8549 0.0312 -0.5178
vn 0.0000 0.7166 0.6974
vn -0.1438 0.7108 0.6885
vn -0.1351 0.6658 0.7338
vn 0.0000 0.6698 0.7425
vn -0.3820 0.6707 0.6358
vn -0.3632 0.6324 0.6842
vn -0.3574 0.5816 0.7307
vn -0.1305 0.6164 0.7765
vn 0.0000 0.6220 0.7830
vn 0.0000 -0.5282 -0.8491
vn -0.1760 -0.5394 -0.8235
vn -0.1292 -0.5092 -0.8509
vn 0.0000 -0.5265 -0.8502
vn -0.1653 -0.4774 -0.8630
vn 0.0000 -0.4827 -0.8758
vn -0.8289 -0.4671 0.3077
vn -0.8799 -0.4744 0.0257
vn -0.9702 0.0164 0.2418
vn -0.9985 0.0527 -0.0127
vn -0.9590 0.1187 -0.2573
vn -0.8664 -0.4105 -0.2842
vn 0.0000 0.9776 0.2105
vn -0.1778 0.9691 0.1705
vn -0.1637 0.8850 0.4359
vn 0.0000 0.8897 0.4564
vn -0.5177 0.8553 -0.0202
vn -0.4352 0.8301 0.3486
vn 0.0000 0.5966 0.8025
vn -0.2011 0.5669 0.7988
vn -0.2726 0.5831 0.7653
vn 0.0000 0.6242 0.7813
vn -0.5016 0.4161 0.7584
vn -0.6796 0.3943 0.6186
vn -0.7705 0.4624 0.4386
vn -0.3533 0.6435 0.6790
vn 0.0000 0.6912 0.7226
vn 0.6108 0.2235 0.7595
vn 0.7410 0.1170 0.6612
vn 0.0000 0.7261 0.6875
vn -0.1571 0.7199 0.6760
vn -0.1451 0.7324 0.6652
vn 0.0000 0.7392 0.6735
vn -0.4891 0.6529 0.5783
vn -0.4189 0.6818 0.5997
vn 0.0000 0.6786 0.7345
vn -0.1651 0.6683 0.7253
vn -0.1708 0.6875 0.7058
vn 0.0000 0.6976 0.7165
vn -0.3938 0.5884 0.7061
vn -0.5175 0.5935 0.6164
vn -0.1516 0.5750 0.8039
vn 0.0000 0.5912 0.8065
vn -0.3863 0.5159 0.7645
vn -0.1533 0.6689 0.7274
vn 0.0000 0.6793 0.7338
vn -0.2360 0.6152 0.7522
vn 0.0000 0.9656 -0.2600
vn -0.2824 0.9080 -0.3093
vn -0.2978 0.8880 -0.3504
vn 0.0000 0.9339 -0.3574
vn -0.4913 0.8076 -0.3262
vn -0.4301 0.8286 -0.3584
vn -0.5226 0.7659 -0.3746
vn -0.4621 0.8228 -0.3307
vn -0.4558 0.8210 -0.3436
vn -0.4076 0.8421 -0.3532
vn -0.1717 0.9182 -0.3569
vn 0.0000 0.8771 -0.4803
vn -0.3059 0.8951 -0.3243
vn -0.1399 0.9828 -0.1209
vn 0.0000 0.9841 -0.1776
vn -0.9879 -0.0361 0.1504
vn -0.9930 0.0923 0.0739
vn -0.9984 0.0175 -0.0527
vn -0.9732 0.2038 0.1061
vn -0.6623 0.1257 -0.7386
vn -0.6149 0.1210 -0.7793
vn -0.8447 0.2995 -0.4435
vn -0.8173 0.2772 -0.5051
vn -0.9048 0.0910 -0.4161
vn -0.9211 0.1140 -0.3721
vn -0.8335 -0.0215 -0.5520
vn -0.9261 0.1017 -0.3632
vn -0.8259 0.0498 -0.5616
vn -0.9541 0.0569 -0.2940
vn -0.9830 0.1501 -0.1054
vn -0.9525 -0.1498 -0.2650
vn -0.9789 -0.0745 -0.1905
vn -0.9820 0.0392 -0.1849
vn -0.9836 0.1569 -0.0891
vn -0.9750 0.1600 -0.1543
vn -0.9368 0.2255 -0.2675
vn -0.9687 0.1151 -0.2199
vn -0.9836 -0.0366 -0.1763
vn -0.9741 0.2210 -0.0474
vn -0.9956 0.0083 -0.0927
vn -0.9929 -0.0454 -0.1099
vn -0.9186 0.0128 -0.3949
vn -0.9236 -0.0475 -0.3804
vn -0.9635 -0.0894 -0.2524
vn -0.9653 -0.0158 -0.2605
vn -0.9395 -0.1179 -0.3217
vn -0.9199 -0.1693 -0.3536
vn -0.8677 -0.0425 -0.4952
vn -0.7297 0.0172 -0.6835
vn -0.9139 0.0861 -0.3967
vn -0.9215 0.1804 -0.3438
vn -0.9783 -0.1413 -0.1515
vn -0.9566 -0.1892 -0.2213
vn -0.9804 -0.1213 -0.1550
vn -0.9869 0.1609 0.0112
vn -0.9622 0.2191 0.1620
vn -0.8521 0.2139 0.4777
vn -0.9700 0.2323 -0.0719
vn -0.9533 0.2890 0.0873
vn -0.7603 0.3785 0.5279
vn -0.8278 0.3377 0.4479
vn -0.8929 0.2737 0.3573
vn -0.9880 0.1305 0.0826
vn -0.9670 0.1489 0.2065
vn -0.9631 0.1226 0.2395
vn -0.9175 0.2082 0.3388
vn -0.9980 -0.0364 0.0508
vn -0.9976 -0.0128 -0.0683
vn -0.9996 0.0057 0.0282
vn -0.9382 -0.3143 -0.1448
vn -0.9293 -0.3679 0.0313
vn -0.9042 -0.4234 0.0553
vn -0.9416 -0.3353 -0.0318
vn -0.9334 -0.3510 0.0740
vn -0.9806 -0.1931 0.0324
vn -0.9750 -0.2102 -0.0713
vn -0.9991 0.0016 -0.0411
vn -0.9486 -0.1838 -0.2574
vn -0.9849 -0.0004 -0.1728
vn -0.8716 0.4249 -0.2445
vn -0.9921 -0.0379 -0.1194
vn -0.9951 0.0991 -0.0030
vn -0.9771 0.2045 0.0594
vn -0.9925 -0.1084 -0.0564
vn -0.8252 0.0090 -0.5648
vn -0.9170 -0.3968 0.0408
vn -0.9664 -0.2274 0.1194
vn -0.9688 -0.2360 -0.0757
vn -0.9364 -0.3048 0.1737
vn -0.9230 -0.3052 -0.2342
vn -0.9138 -0.1739 0.3670
vn -0.9345 -0.1976 0.2960
vn -0.9332 -0.3095 0.1823
vn -0.9418 -0.0568 0.3314
vn -0.9508 -0.1175 0.2866
vn -0.9619 -0.2124 0.1721
vn -0.9733 -0.2090 0.0949
vn -0.9666 -0.2230 0.1265
vn -0.9642 -0.2156 0.1545
vn -0.9684 -0.2243 0.1089
vn -0.9850 -0.1319 0.1116
vn -0.9813 -0.1911 -0.0244
vn -0.9776 -0.2003 0.0639
vn -0.9672 -0.2506 0.0406
vn -0.9621 -0.2691 0.0444
vn -0.9543 -0.2232 0.1988
vn -0.9497 -0.2498 0.1888
vn -0.9458 -0.2223 0.2366
vn -0.9599 -0.2094 -0.1863
vn -0.9075 -0.2664 -0.3247
vn -0.9529 -0.1665 -0.2534
vn -0.9674 -0.1634 -0.1933
vn -0.8688 -0.4263 -0.2518
vn -0.9446 -0.3103 -0.1070
vn -0.9909 -0.1057 0.0829
vn -0.9934 -0.0426 -0.1059
vn -0.9892 -0.0915 -0.1142
vn -0.8838 -0.3220 -0.3392
vn -0.9108 -0.3364 -0.2393
vn -0.9051 -0.3778 -0.1948
vn -0.8531 -0.4237 -0.3045
vn -0.9472 -0.3179 -0.0416
vn -0.9898 -0.1351 0.0443
vn -0.9640 -0.2568 0.0690
vn -0.9798 -0.2000 -0.0011
vn -0.9638 -0.2535 0.0823
vn -0.9886 -0.1362 0.0645
vn -0.9842 -0.1693 -0.0515
vn -0.9706 -0.2272 -0.0787
vn -0.9184 0.3619 0.1594
vn -0.9238 0.3370 0.1818
vn -0.9601 0.2616 0.0985
vn -0.9679 0.2456 0.0536
vn -0.9604 0.2532 0.1163
vn -0.9729 0.2279 0.0379
vn -0.9845 -0.0539 0.1665
vn -0.9987 -0.0057 0.0504
vn -0.9805 -0.1637 0.1085
vn -0.9998 0.0125 0.0169
vn -0.8482 -0.1114 0.5178
vn -0.9735 -0.0539 0.2222
vn -0.9203 -0.2861 0.2666
vn -0.8986 0.4037 0.1715
vn -0.8346 -0.0755 -0.5456
vn -0.7291 -0.1133 -0.6750
vn -0.9158 -0.1617 -0.3677
vn -0.6325 -0.7184 -0.2894
vn -0.7841 -0.6080 0.1243
vn -0.9992 -0.0319 0.0232
vn -0.7818 -0.3557 0.5121
vn -0.9420 0.1180 0.3141
vn -0.7257 -0.0297 -0.6873
vn -0.5202 -0.2599 -0.8135
vn -0.9063 0.2743 -0.3213
vn -0.8726 0.3714 -0.3172
vn -0.7301 -0.0575 -0.6809
vn -0.2130 -0.4702 -0.8564
vn -0.2001 -0.5361 -0.8200
vn -0.8265 -0.5600 0.0578
vn -0.6651 -0.7436 -0.0679
vn -0.5781 0.5926 -0.5610
vn 0.0000 0.3112 -0.9503
vn 0.0000 0.7121 -0.7020
vn 0.0000 -0.0279 -0.9996
vn -0.2720 -0.0248 -0.9619
vn -0.2964 0.0156 -0.9549
vn 0.0000 0.0119 -0.9999
vn -0.2707 -0.1093 -0.9564
vn 0.0000 -0.1347 -0.9909
vn -0.5727 0.7302 -0.3724
vn 0.0000 0.8793 -0.4762
vn -0.5492 0.8231 -0.1446
vn 0.0000 0.9776 -0.2104
vn -0.4921 0.8553 0.1619
vn 0.0000 0.9901 0.1400
vn -0.3966 0.7875 0.4717
vn 0.0000 0.8762 0.4818
vn 0.0000 -0.6763 -0.7366
vn -0.0905 -0.6710 -0.7359
vn -0.1134 -0.5508 -0.8268
vn 0.0000 -0.5550 -0.8318
vn -0.1529 -0.3625 -0.9193
vn 0.0000 -0.3684 -0.9297
vn -0.3132 0.6785 0.6644
vn 0.0000 0.7278 0.6858
vn -0.3169 0.6279 0.7108
vn 0.0000 0.6693 0.7429
vn 0.0000 0.2586 -0.9660
vn -0.0754 0.2184 -0.9729
vn -0.0728 -0.6039 -0.7937
vn 0.0000 -0.6081 -0.7938
vn -0.0914 -0.6200 -0.7792
vn 0.0000 0.9796 0.2011
vn -0.2830 0.9478 0.1469
vn -0.1466 0.9235 -0.3545
vn 0.0000 0.9627 -0.2704
vn 0.0000 0.7644 -0.6447
vn -0.4132 0.6890 -0.5954
vn -0.3950 0.7457 -0.5365
vn 0.0000 0.8236 -0.5672
vn -0.6539 0.5563 -0.5128
vn -0.6414 0.5993 -0.4790
vn -0.6242 0.6292 -0.4630
vn -0.3855 0.7706 -0.5075
vn 0.0000 0.3753 -0.9269
vn -0.5257 0.3290 -0.7844
vn -0.4857 0.8195 -0.3042
vn 0.0000 0.9343 -0.3564
vn -0.5435 0.6461 -0.5358
vn -0.7891 0.3058 -0.5327
vn -0.6447 0.2677 -0.7160
vn -0.4699 0.4229 -0.7748
vn 0.0000 0.7815 -0.6239
vn 0.0000 0.5149 -0.8572
vn 0.0000 0.7318 0.6814
vn -0.3269 0.7040 0.6305
vn -0.2702 0.7632 0.5869
vn 0.0000 0.7816 0.6238
vn -0.2380 0.7960 0.5566
vn 0.0000 0.8205 0.5716
vn -0.7205 0.6852 -0.1064
vn -0.6338 0.7390 0.2281
vn -0.5296 0.7403 0.4141
vn -0.2109 -0.1741 -0.9619
vn 0.0000 -0.1820 -0.9833
vn -0.7377 0.2466 0.6284
vn -0.8541 0.2514 0.4553
vn -0.8555 0.3539 0.3779
vn -0.1087 0.4144 0.9036
vn -0.7348 0.4566 0.5015
vn -0.7614 -0.0709 0.6443
vn -0.0814 -0.0073 0.9966
vn -0.5660 -0.5881 0.5778
vn 0.0357 -0.4795 0.8768
vn -0.3479 0.6454 0.6800
vn 0.0000 0.6847 0.7288
vn -0.7557 0.5205 0.3974
vn -0.6327 0.6050 0.4834
vn -0.5502 0.6214 0.5578
vn -0.2448 -0.3094 -0.9189
vn 0.0000 -0.3584 -0.9336
vn -0.2738 0.8414 0.4659
vn 0.0000 0.8835 0.4685
vn -0.6836 0.3701 0.6290
vn -0.8261 0.3916 0.4051
vn -0.5192 0.5344 0.6669
vn -0.5383 0.4549 0.7094
vn -0.5727 0.3348 0.7483
vn 0.0000 -0.6964 -0.7176
vn -0.7025 -0.5206 -0.4852
vn -0.6933 -0.5846 -0.4213
vn 0.0000 -0.7859 -0.6184
vn 0.0000 -0.9627 -0.2706
vn -0.4685 0.6408 0.6082
vn -0.4845 0.4513 0.7493
vn -0.1520 0.9383 -0.3107
vn 0.2673 0.9391 -0.2159
vn 0.2084 0.9507 -0.2294
vn -0.1496 0.9382 -0.3120
vn -0.5289 -0.7012 0.4780
vn -0.5662 -0.6730 0.4758
vn -0.7469 -0.5642 0.3518
vn -0.7719 -0.5066 0.3840
vn -0.5911 -0.6146 0.5224
vn -0.4369 0.7804 -0.4472
vn -0.6238 0.6893 -0.3684
vn -0.3151 -0.8263 0.4667
vn -0.4253 -0.7552 0.4987
vn -0.3459 -0.8202 0.4556
vn 0.1253 -0.7472 0.6526
vn -0.4385 0.7323 0.5210
vn 0.1368 0.9627 0.2334
vn -0.2067 0.9775 0.0405
vn -0.5102 0.8146 0.2757
vn 0.0395 0.6964 0.7165
vn -0.8135 -0.2709 -0.5146
vn -0.7621 -0.4408 -0.4741
vn 0.0000 -0.5758 -0.8176
vn -0.4451 0.6361 -0.6303
vn 0.0000 0.7230 -0.6908
vn -0.6590 0.5134 -0.5496
vn -0.8748 -0.4223 0.2375
vn -0.8915 -0.3544 0.2819
vn -0.5193 0.5877 0.6204
vn -0.8603 -0.1737 -0.4793
vn -0.9003 0.1648 -0.4028
vn -0.8842 -0.1389 -0.4459
vn -0.9893 0.1126 -0.0921
vn -0.9184 0.3732 -0.1314
vn -0.9524 0.2890 -0.0970
vn -0.9498 0.3101 0.0410
vn -0.9032 0.4292 -0.0013
vn -0.9655 0.2583 0.0310
vn -0.9419 0.3146 0.1179
vn -0.9344 0.3236 0.1488
vn -0.8929 0.4357 0.1132
vn -0.8340 0.5516 0.0093
vn -0.8360 0.5452 -0.0615
vn -0.8410 0.5395 -0.0394
vn -0.8244 0.5638 0.0505
vn -0.8546 0.5032 -0.1282
vn -0.8762 0.4617 -0.1381
vn -0.9659 -0.2590 -0.0015
vn -0.9646 -0.2588 0.0504
vn -0.9883 -0.1487 0.0339
vn -0.9857 -0.1683 0.0078
vn -0.9836 -0.0863 0.1585
vn -0.9918 0.0381 0.1218
vn -1.0000 -0.0059 0.0019
vn -0.9997 -0.0179 -0.0145
vn -0.9938 0.1027 0.0431
vn -0.9984 0.0505 0.0253
vn -0.9323 0.2643 -0.2467
vn -0.9414 0.3157 -0.1185
vn -0.9158 0.3034 -0.2631
vn -0.9472 0.3013 -0.1093
vn -0.9185 -0.3006 0.2568
vn -0.9255 -0.3283 0.1888
vn -0.9286 -0.2858 0.2364
vn -0.9383 0.3457 0.0057
vn -0.9296 0.3276 -0.1689
vn -0.9183 0.3655 -0.1519
vn -0.9200 0.3786 -0.1011
vn -0.8916 0.3051 -0.3345
vn -0.7332 0.1027 -0.6722
vn -0.8005 0.1357 -0.5838
vn -0.7635 0.1571 -0.6264
vn -0.8493 0.0069 -0.5278
vn -0.8954 0.0536 -0.4420
vn -0.8773 0.4707 -0.0941
vn -0.9002 0.4099 -0.1468
vn -0.9470 0.2961 -0.1244
vn -0.9454 0.3193 -0.0645
vn -0.9254 -0.3737 0.0623
vn -0.9239 -0.3748 0.0762
vn -0.9241 -0.2910 0.2476
vn -0.7081 -0.3166 -0.6312
vn -0.9540 -0.2842 -0.0951
vn -0.9606 -0.2574 -0.1043
vn -0.9583 -0.2641 -0.1092
vn -0.9779 -0.2083 -0.0170
vn -0.8513 0.2728 -0.4481
vn -0.9117 0.2421 -0.3317
vn -0.7221 -0.1177 -0.6817
vn -0.6920 -0.1451 -0.7071
vn -0.9793 0.0922 -0.1799
vn -0.9335 -0.3433 -0.1033
vn -0.5290 -0.8475 0.0416
vn -0.4813 -0.5924 -0.6460
vn -0.4188 -0.4024 -0.8140
vn -0.9908 -0.0595 -0.1218
vn -0.9882 -0.1375 0.0674
vn -0.9926 0.0021 0.1209
vn -0.9972 0.0069 0.0747
vn -0.9878 -0.0309 0.1526
vn -0.9650 0.1884 0.1823
vn -0.9916 -0.0804 -0.1015
vn -0.9589 -0.1382 -0.2476
vn -0.9844 -0.0199 -0.1746
vn -0.9956 -0.0847 -0.0399
vn -0.9666 0.0783 -0.2442
vn -0.9975 0.0676 -0.0220
vn -0.9892 0.1454 -0.0186
vn -0.9636 -0.2070 0.1689
vn -0.9575 -0.1714 0.2319
vn -0.9862 0.0142 0.1647
vn -0.9712 -0.1962 0.1351
vn -0.9964 0.0245 0.0807
vn -0.8994 0.2254 -0.3744
vn -0.9785 -0.0087 -0.2062
vn -0.9906 0.0975 -0.0956
vn -0.9430 0.3100 -0.1210
vn -0.9964 0.0782 0.0321
vn -0.8392 0.5413 0.0516
vn -0.9978 -0.0602 -0.0258
vn -0.9798 0.0909 -0.1778
vn -0.9117 0.1743 -0.3720
vn -0.8881 0.3475 -0.3009
vn -0.9809 0.0621 -0.1844
vn -0.9773 0.2111 -0.0160
vn -0.9924 0.0349 -0.1178
vn -0.9961 0.0381 -0.0799
vn -0.9975 0.0551 -0.0439
vn -0.9849 0.0865 -0.1502
vn -0.9996 -0.0175 -0.0225
vn -0.9754 -0.1050 0.1940
vn -0.9406 -0.2462 0.2336
vn -0.9521 -0.2716 0.1404
vn -0.9622 -0.2232 0.1558
vn -0.9198 -0.3756 0.1135
vn -0.9451 -0.3041 0.1194
vn -0.4093 -0.0324 -0.9118
vn 0.0000 -0.0976 -0.9952
vn -0.2714 -0.0317 -0.9619
vn -0.1285 -0.9548 -0.2678
vn -0.2070 -0.9778 -0.0336
vn -0.1232 -0.9914 0.0448
vn -0.1880 -0.9817 -0.0314
vn 0.0000 -0.9881 0.1535
vn 0.0000 -0.9787 0.2051
vn 0.0000 -0.8656 0.5007
vn -0.0060 -0.8905 0.4549
vn -0.2478 -0.8872 0.3890
vn -0.8315 -0.4782 0.2825
vn -0.7889 -0.0658 0.6110
vn -0.6440 0.0587 0.7628
vn -0.7558 -0.4908 0.4334
vn -0.6371 0.3598 0.6817
vn -0.3909 0.4907 0.7787
vn -0.3937 0.4747 0.7871
vn -0.5974 0.1510 0.7876
vn -0.6879 -0.4245 0.5887
vn -0.9857 0.0906 0.1418
vn -0.9855 -0.1683 -0.0194
vn -0.9870 -0.1578 0.0291
vn -0.9857 -0.1491 0.0775
vn -0.9782 -0.2044 -0.0354
vn -0.8058 -0.2885 -0.5170
vn -0.9930 -0.1018 -0.0592
vn -0.7696 -0.6384 -0.0103
vn -0.4946 -0.7638 -0.4147
vn -0.8728 0.2251 0.4329
vn -0.7692 -0.1031 0.6305
vn -0.2679 -0.3456 0.8993
vn -0.2467 -0.9491 0.1959
vn -0.1886 -0.9460 -0.2636
vn -0.9290 -0.3070 -0.2064
vn -0.9758 -0.2145 -0.0423
vn -0.7497 -0.6574 0.0751
vn -0.7653 -0.6272 -0.1445
vn -0.9627 0.0150 0.2700
vn -0.7244 -0.4024 0.5597
vn -0.1901 -0.6520 0.7340
vn -0.3325 -0.9402 0.0741
vn -0.4095 -0.8767 -0.2523
vn -0.8374 0.0607 0.5431
vn -0.9779 -0.2091 -0.0043
vn -0.9855 0.1559 -0.0669
vn -0.8676 0.3630 0.3399
vn -0.8059 -0.2790 -0.5221
vn -0.8949 0.0572 -0.4425
vn -0.9444 -0.1445 -0.2953
vn -0.9080 -0.0979 -0.4072
vn -0.9918 -0.0938 0.0868
vn -0.7810 -0.6244 0.0117
vn -0.7184 -0.5101 -0.4730
vn -0.8817 0.0015 0.4717
vn -0.6591 -0.4665 0.5898
vn -0.0795 -0.9018 0.4247
vn -0.2586 -0.9237 -0.2825
vn -0.3540 -0.6825 -0.6394
vn -0.7729 0.0430 0.6330
vn -0.7985 -0.3210 0.5092
vn -0.8898 -0.2648 0.3715
vn -0.8892 -0.0470 0.4551
vn -0.9286 -0.3101 0.2037
vn -0.9487 -0.2217 0.2253
vn 0.0000 -0.5215 0.8532
vn 0.0000 -0.9843 0.1766
vn 0.0721 -0.9731 0.2187
vn 0.0839 -0.4354 0.8963
vn 0.0000 -0.9523 -0.3052
vn 0.0311 -0.9559 -0.2919
vn -0.3274 -0.9110 0.2506
vn -0.4083 -0.4533 0.7923
vn -0.3630 -0.1972 0.9107
vn -0.3401 -0.8002 0.4939
vn -0.3228 0.2448 0.9142
vn -0.2403 0.2663 0.9334
vn 0.0000 0.2117 0.9773
vn 0.0000 -0.0579 0.9983
vn 0.0000 -0.7368 0.6761
vn 0.0000 -0.9919 0.1272
vn 0.0000 -0.8098 -0.5867
vn -0.2715 -0.7763 -0.5688
vn -0.2021 -0.9726 0.1150
vn 0.0000 -0.5444 -0.8388
vn -0.2680 -0.4978 -0.8248
vn -0.5181 -0.6123 -0.5972
vn -0.4018 -0.8697 -0.2865
vn -0.1220 -0.9227 -0.3657
vn -0.2310 -0.5967 -0.7685
vn -0.1681 -0.8994 0.4035
vn -0.0027 -0.9168 0.3994
vn 0.0000 -0.9129 0.4082
vn 0.0000 -0.8506 -0.5258
vn 0.0000 -0.5978 -0.8016
vn 0.0000 -0.9604 0.2785
vn 0.0000 -0.8982 -0.4396
vn -0.0418 -0.9088 -0.4151
vn 0.0947 -0.9647 0.2457
vn 0.0000 -0.6407 -0.7678
vn -0.1371 -0.6678 -0.7316
vn -0.4273 -0.8290 -0.3606
vn -0.4084 -0.8969 0.1697
vn -0.4363 -0.8974 -0.0661
vn -0.4436 -0.7270 -0.5241
vn -0.1285 -0.6367 0.7603
vn -0.1911 -0.6488 0.7365
vn 0.0000 -0.7752 0.6317
vn 0.0000 -0.9689 -0.2474
vn 0.0000 -0.8513 -0.5246
vn 0.0000 0.1611 0.9869
vn 0.0000 -0.2932 0.9560
vn -0.1077 -0.2858 0.9522
vn -0.0596 0.2195 0.9738
vn -0.4151 -0.3139 0.8539
vn -0.3822 0.2035 0.9014
vn -0.1609 -0.9770 0.1395
vn -0.2156 -0.9420 -0.2573
vn 0.0054 -0.6311 0.7757
vn 0.0000 -0.5592 0.8290
vn 0.0000 -0.9731 0.2305
vn 0.0000 -0.9841 -0.1777
vn -0.9907 -0.1325 0.0315
vn -0.9985 0.0067 -0.0533
vn -0.9994 -0.0048 0.0341
vn -0.9090 0.4098 -0.0760
vn -0.9872 0.1092 0.1162
vn -0.9785 -0.0689 0.1946
vn -0.9626 0.2705 0.0182
vn -0.9929 -0.0126 0.1186
vn -0.9729 -0.1397 0.1841
vn -0.9719 -0.2123 -0.1017
vn -0.9696 -0.2323 -0.0769
vn -0.9832 -0.1706 -0.0656
vn -0.9665 -0.2553 -0.0251
vn -0.9759 -0.2035 -0.0788
vn -0.9913 0.0194 -0.1298
vn -0.9201 0.3250 -0.2184
vn -0.9985 -0.0305 0.0458
vn -0.9828 0.1798 -0.0420
vn -0.7174 -0.4768 -0.5079
vn -0.7208 -0.4933 -0.4870
vn -0.6233 -0.7815 -0.0269
vn -0.4096 -0.8079 -0.4236
vn -0.9358 -0.3525 0.0085
vn -0.8263 -0.3884 0.4079
vn -0.3456 -0.3700 0.8623
vn -0.2531 -0.9236 0.2880
vn -0.9111 -0.1700 0.3754
vn -0.8755 -0.4363 0.2076
vn -0.8982 0.1218 0.4224
vn -0.7701 -0.4672 0.4343
vn -0.5550 0.2704 0.7866
vn -0.6706 -0.7401 0.0499
vn -0.9852 -0.1707 0.0163
vn -0.7463 0.3825 0.5446
vn -0.9996 0.0260 0.0051
vn -0.9289 -0.1682 -0.3298
vn -0.8811 0.2581 0.3963
vn -0.9912 -0.0675 -0.1133
vn -0.9594 -0.1176 -0.2561
vn -0.9895 0.0902 0.1124
vn -0.4540 -0.8664 0.2076
vn -0.4066 -0.4418 0.7996
vn -0.4860 -0.7303 -0.4800
vn -0.9865 0.1487 0.0687
vn -0.9462 0.2273 -0.2304
vn -0.9368 0.1841 0.2974
vn -0.8795 -0.4732 -0.0507
vn -0.8284 -0.4652 0.3120
vn -0.8317 -0.3505 -0.4305
vn -0.6442 -0.3459 0.6822
vn -0.6071 0.1254 0.7846
vn -0.8472 -0.3388 -0.4093
vn -0.8644 -0.2283 -0.4480
vn -0.9705 -0.1978 -0.1380
vn -0.8242 -0.1007 -0.5572
vn -0.8753 -0.1708 -0.4524
vn -0.9246 -0.1679 -0.3419
vn -0.9106 -0.2528 -0.3270
vn -0.9109 -0.0790 -0.4049
vn -0.9198 -0.1120 -0.3760
vn -0.9372 -0.3325 0.1052
vn -0.9448 -0.3218 0.0612
vn -0.9864 -0.1441 0.0787
vn -0.9673 -0.2089 0.1439
vn -0.1613 -0.8206 0.5482
vn -0.7956 -0.4861 0.3616
vn -0.8650 -0.5007 -0.0297
vn -0.3036 -0.9498 0.0750
vn -0.9838 -0.0185 0.1781
vn -0.9961 -0.0313 -0.0826
vn -0.9626 0.0099 -0.2705
vn -0.8605 -0.4135 -0.2974
vn -0.4120 -0.8697 -0.2719
vn 0.0000 -0.0078 1.0000
vn -0.1204 0.1029 0.9874
vn -0.0872 -0.2052 0.9748
vn 0.0000 -0.2385 0.9711
vn -0.3590 0.2728 0.8926
vn -0.4281 -0.1336 0.8938
vn -0.4263 -0.5865 0.6886
vn -0.1533 -0.6241 0.7661
vn 0.0000 -0.5982 0.8013
vn -0.9074 0.4094 0.0942
vn -0.9008 0.4156 -0.1259
vn -0.9741 0.2247 -0.0243
vn -0.9330 0.2886 0.2147
vn -0.8626 0.3533 -0.3620
vn -0.9161 0.1655 -0.3650
vn 0.0000 -0.9705 0.2409
vn -0.0976 -0.9672 0.2344
vn -0.0851 -0.9748 -0.2059
vn 0.0000 -0.9838 -0.1794
vn -0.6123 -0.7666 0.1934
vn -0.6745 -0.7157 -0.1811
vn -0.6635 -0.4978 -0.5585
vn -0.1356 -0.7729 -0.6199
vn 0.0000 -0.8253 -0.5646
vn 0.0000 -0.5062 0.8624
vn 0.1733 -0.4844 0.8575
vn 0.2157 -0.7845 0.5814
vn 0.0000 -0.8621 0.5067
vn -0.3380 -0.4392 0.8323
vn -0.3504 -0.7703 0.5328
vn -0.3433 -0.9326 0.1114
vn 0.0757 -0.9839 0.1616
vn 0.0000 -0.9855 0.1697
vn -0.9489 -0.2887 -0.1274
vn -0.9866 -0.1115 0.1190
vn -0.9945 0.0926 0.0489
vn -0.9789 -0.0626 -0.1944
vn -0.9327 0.0703 0.3537
vn -0.9406 0.2297 0.2498
vn -0.9432 0.2964 0.1499
vn -0.9651 0.2561 -0.0549
vn -0.9672 0.1200 -0.2237
vn -0.9264 -0.3101 0.2137
vn -0.9850 -0.1486 -0.0871
vn -0.9907 0.0077 0.1357
vn -0.9926 0.0937 -0.0775
vn -0.9651 0.1835 -0.1864
vn -0.9471 -0.0219 -0.3201
vn 0.0000 -0.7158 0.6983
vn 0.0049 -0.6392 0.7690
vn 0.0520 -0.8533 0.5188
vn 0.0000 -0.8930 0.4500
vn -0.3354 -0.4321 0.8371
vn -0.3115 -0.6770 0.6668
vn -0.2790 -0.8862 0.3699
vn 0.0858 -0.9620 0.2592
vn 0.0000 -0.9743 0.2251
vn -0.6218 0.3365 0.7071
vn -0.7988 0.0009 0.6016
vn -0.8398 0.3177 0.4401
vn -0.9639 0.0768 0.2548
vn -0.8432 -0.3449 0.4123
vn 0.0000 -0.3692 0.9293
vn -0.1045 -0.2566 0.9608
vn 0.0045 -0.5987 0.8009
vn 0.0000 -0.6447 0.7644
vn -0.2659 -0.0399 0.9632
vn -0.2655 -0.5396 0.7990
vn -0.6513 0.1352 0.7467
vn -0.7318 -0.2139 0.6470
vn -0.8011 0.0975 0.5905
vn -0.8672 -0.2526 0.4292
vn -0.8289 -0.5202 0.2053
vn -0.7395 -0.5372 0.4055
vn -0.5828 -0.6859 0.4356
vn -0.7110 -0.6631 0.2340
vn -0.7883 -0.6077 0.0964
vn 0.0000 -0.7898 0.6133
vn 0.1698 -0.7863 0.5940
vn 0.1189 -0.9837 0.1346
vn 0.0000 -0.9853 0.1710
vn -0.0640 -0.9719 -0.2266
vn 0.0000 -0.9893 -0.1458
vn 0.0000 -0.8092 0.5875
vn -0.0056 -0.7566 0.6539
vn 0.1055 -0.9531 0.2838
vn 0.0000 -0.9737 0.2277
vn -0.1288 -0.7355 0.6651
vn -0.1855 -0.9340 0.3052
vn -0.2645 -0.9580 -0.1107
vn 0.0595 -0.9893 -0.1329
vn 0.0000 -0.9775 -0.2108
vn -0.6500 -0.4767 0.5918
vn -0.7902 -0.5615 0.2454
vn -0.9501 0.0470 0.3083
vn -0.9998 -0.0085 0.0162
vn -0.9720 -0.0331 -0.2328
vn -0.8175 -0.5523 -0.1632
vn -0.9624 -0.2544 -0.0953
vn -0.9731 0.0235 0.2289
vn -0.9577 0.2873 -0.0139
vn -0.9653 0.0176 -0.2605
vn -0.7483 0.4016 0.5279
vn -0.7608 0.5735 0.3037
vn -0.7721 0.6187 0.1451
vn -0.8811 0.4535 -0.1340
vn -0.9295 0.2002 -0.3096
vn -0.9059 0.0656 -0.4185
vn -0.8074 -0.3073 -0.5036
vn -0.5137 -0.6567 -0.5521
vn -0.7619 -0.6290 0.1543
vn -0.3611 -0.8802 0.3081
vn 0.0000 -0.5959 0.8030
vn 0.1159 -0.5386 0.8345
vn -0.1485 -0.5011 0.8525
vn -0.1908 -0.7867 0.5871
vn -0.7857 -0.4352 0.4396
vn -0.9499 0.0215 0.3116
vn -0.2868 0.2743 0.9178
vn -0.3879 0.4229 0.8189
vn -0.5554 0.1502 0.8179
vn -0.4735 0.5770 0.6654
vn -0.7787 -0.2253 -0.5855
vn -0.5070 -0.6649 -0.5484
vn -0.4331 -0.7434 -0.5096
vn -0.8558 -0.3930 -0.3364
vn -0.5902 -0.7781 -0.2151
vn -0.7466 -0.6426 0.1718
vn 0.0000 -0.4840 0.8750
vn -0.0331 -0.4371 0.8988
vn -0.0810 -0.4740 0.8768
vn -0.4095 -0.8923 -0.1899
vn -0.1417 -0.9720 -0.1875
vn 0.0000 -0.9883 -0.1523
vn -0.4506 -0.7685 0.4542
vn -0.8505 -0.3858 0.3575
vn -0.9784 0.0010 0.2068
vn -0.3479 -0.2829 0.8938
vn -0.8036 -0.1618 0.5727
vn -0.7720 -0.0900 0.6292
vn -0.9504 0.0481 0.3073
vn -0.9176 0.1736 0.3576
vn -0.4016 -0.7651 -0.5033
vn 0.0000 -0.9301 -0.3672
vn -0.5835 -0.0959 -0.8065
vn -0.8222 0.1784 -0.5405
vn -0.9178 0.2390 -0.3169
vn 0.0000 -0.3956 -0.9184
vn -0.1942 -0.3551 -0.9144
vn -0.3468 -0.7796 -0.5215
vn -0.1075 -0.7879 -0.6063
vn 0.0000 -0.7513 -0.6599
vn 0.0000 -0.0557 0.9984
vn -0.1974 0.0717 0.9777
vn -0.7915 -0.2889 -0.5386
vn -0.4420 -0.6087 -0.6588
vn -0.9035 -0.3531 -0.2430
vn -0.7746 -0.6077 -0.1752
vn -0.8283 -0.5601 -0.0117
vn 0.0000 -0.2093 0.9778
vn 0.1033 -0.1813 0.9780
vn -0.2748 -0.1819 0.9441
vn 0.0000 -0.6779 0.7351
vn 0.1596 -0.6927 0.7033
vn -0.0575 -0.6470 0.7603
vn -0.7435 -0.0458 0.6671
vn -0.8349 -0.1740 0.5221
vn -0.8349 0.2109 0.5084
vn -0.6961 -0.1771 0.6957
vn -0.8906 0.1732 0.4205
vn -0.2568 -0.8943 0.3663
vn 0.0000 -0.8701 0.4929
vn 0.0000 -0.8008 0.5988
vn 0.0862 -0.7839 0.6149
vn -0.2126 -0.7716 -0.5995
vn 0.0000 -0.8187 -0.5742
vn -0.6544 -0.3626 0.6635
vn -0.8918 0.0366 0.4508
vn 0.0000 -0.4562 0.8899
vn -0.0065 -0.3738 0.9275
vn 0.0000 -0.2748 0.9615
vn -0.0018 -0.2863 0.9581
vn -0.9931 -0.0431 -0.1090
vn -0.8598 -0.2252 -0.4583
vn -0.7105 -0.6039 -0.3611
vn -0.8450 -0.5192 0.1282
vn -0.2058 -0.9782 0.0274
vn -0.7395 -0.3082 0.5984
vn -0.3917 0.3628 0.8455
vn -0.5682 0.3219 0.7573
vn -0.7242 0.2626 0.6376
vn -0.3362 -0.6550 0.6767
vn -0.4151 -0.3128 0.8543
vn 0.0000 -0.2433 0.9699
vn 0.0000 -0.6085 0.7935
vn 0.0489 -0.9963 -0.0704
vn 0.0000 -0.9945 -0.1041
vn 0.0000 0.1944 0.9809
vn -0.1809 0.3088 0.9337
vn 0.0000 0.2391 0.9710
vn -0.2515 0.3358 0.9077
vn -0.3236 0.4836 0.8132
vn -0.5005 -0.3125 0.8073
vn -0.8208 0.1128 0.5599
vn -0.3947 0.5408 0.7428
vn -0.6245 0.4891 0.6089
vn 0.0000 0.3105 0.9506
vn -0.0634 0.3547 0.9328
vn -0.8789 -0.3810 0.2870
vn -0.8976 -0.0517 -0.4377
vn -0.7461 -0.4870 -0.4540
vn -0.9796 -0.1577 -0.1244
vn -0.9201 0.2550 0.2971
vn -0.2163 -0.6860 -0.6946
vn 0.0000 -0.7011 -0.7130
vn -0.3576 0.1252 0.9254
vn 0.0000 0.0823 0.9966
vn 0.0000 -0.8811 0.4729
vn -0.1246 -0.8681 0.4805
vn -0.9669 0.0221 -0.2542
vn -0.8928 0.0361 0.4490
vn -0.9120 -0.2507 0.3244
vn -0.9833 -0.0893 0.1587
vn -0.9576 -0.2855 0.0381
vn -0.8889 -0.4569 0.0304
vn -0.8487 -0.5173 0.1097
vn -0.9513 0.2867 0.1133
vn -0.9633 0.2407 -0.1186
vn -0.8885 0.4588 -0.0031
vn -0.8652 0.4639 -0.1902
vn -0.8631 0.4125 -0.2912
vn -0.9250 0.2602 -0.2768
vn 0.5769 0.4225 0.6990
vn 0.6520 0.5853 0.4820
vn 0.6863 0.1030 0.7200
vn -0.9409 0.2471 0.2317
vn -0.9573 0.2884 -0.0173
vn -0.9745 0.1801 0.1339
vn -0.9661 0.2525 -0.0542
vn -0.9084 0.3324 -0.2536
vn -0.9489 0.2224 0.2236
vn -0.9992 0.0344 0.0208
vn -0.9822 0.1390 0.1265
vn -0.9992 -0.0209 -0.0342
vn -0.9669 0.2112 0.1429
vn -0.9758 0.1946 -0.0999
vn -0.9514 0.3015 0.0622
vn -0.9463 0.3048 -0.1071
vn -0.9336 0.2794 -0.2241
vn -0.9429 0.1956 -0.2694
vn -0.9998 0.0132 0.0121
vn -0.9884 0.0307 -0.1484
vn -0.9930 -0.1099 -0.0443
vn -0.9704 0.0352 -0.2389
vn -0.9781 -0.2075 0.0170
vn -0.9790 -0.1935 0.0632
vn -0.6219 0.6034 0.4991
vn -0.8352 0.4963 0.2367
vn -0.9736 -0.1926 -0.1223
vn -0.9890 -0.1389 -0.0510
vn -0.8372 0.3870 0.3864
vn -0.7993 0.5916 0.1055
vn -0.8415 0.3175 -0.4371
vn -0.8338 0.1080 -0.5414
vn -0.9579 0.1909 0.2145
vn -0.9873 0.1372 0.0797
vn -0.9375 0.2744 -0.2137
vn -0.9138 0.1903 -0.3589
vn -0.8647 0.1486 0.4797
vn -0.9768 -0.1140 0.1812
vn -0.9733 0.1665 0.1577
vn -0.9944 0.0774 0.0721
vn -0.9929 0.0949 -0.0710
vn -0.9896 0.1435 -0.0027
vn -0.9804 -0.0035 -0.1969
vn -0.9912 0.0560 -0.1197
vn -0.7496 0.6367 -0.1808
vn -0.7934 0.5234 -0.3107
vn -0.8836 0.4416 -0.1555
vn -0.9143 0.1678 -0.3686
vn -0.9937 -0.0931 -0.0618
vn -0.9324 0.3478 -0.0977
vn -0.9947 0.0890 -0.0515
vn -0.9368 0.3240 0.1316
vn -0.9259 0.3673 0.0883
vn -0.8673 0.4494 -0.2138
vn -0.9309 0.3123 0.1891
vn -0.9564 0.2770 -0.0922
vn -0.9660 0.1207 -0.2285
vn -0.8822 -0.4708 -0.0074
vn -0.8101 -0.5849 0.0411
vn -0.9266 -0.1050 -0.3611
vn -0.9900 0.0449 -0.1335
vn -0.8411 0.3386 0.4216
vn -0.9340 -0.1333 -0.3315
vn -0.9178 0.2728 0.2884
vn -0.9955 0.0307 0.0894
vn -0.8591 0.2870 -0.4238
vn -0.9065 0.2302 0.3539
vn -0.8910 -0.1426 -0.4310
vn -0.9663 0.1428 0.2139
vn -0.9505 0.2208 0.2186
vn -0.9525 -0.2998 -0.0535
vn 0.6162 -0.2364 0.7513
vn 0.5689 -0.4548 0.6852
vn 0.5997 0.7357 0.3148
vn 0.0678 0.9977 0.0005
vn 0.6597 0.0544 0.7495
vn -0.8216 0.3813 -0.4237
vn -0.5792 0.8125 0.0658
vn -0.6793 0.7338 0.0017
vn -0.8654 0.2634 -0.4263
vn -0.9279 0.1807 -0.3260
vn -0.6987 0.6894 0.1910
vn -0.6838 0.7283 0.0445
vn -0.8484 0.3422 -0.4037
vn -0.8006 0.3603 0.4787
vn -0.9927 0.0583 0.1053
vn -0.7554 0.4644 0.4622
vn -0.9985 0.0412 -0.0343
vn -0.9825 0.1550 -0.1035
vn -0.9847 0.1407 0.1022
vn -0.9238 0.3424 -0.1712
vn -0.9871 0.1563 0.0334
vn -0.9739 0.0886 0.2088
vn -0.9209 0.0134 0.3895
vn -0.9286 0.1395 0.3438
vn -0.9613 0.0537 0.2700
vn -0.9053 -0.0904 0.4151
vn -0.7272 0.6716 0.1416
vn -0.8385 0.5384 -0.0839
vn -0.8617 0.4940 -0.1159
vn -0.7119 0.6900 0.1309
vn -0.8456 0.5247 -0.0978
vn -0.9390 -0.3381 0.0633
vn -0.9554 -0.2915 0.0476
vn -0.9295 0.3569 0.0925
vn -0.9334 0.3566 0.0382
vn -0.9335 0.3497 0.0787
vn -0.9543 0.2939 -0.0532
vn -0.9668 0.2550 -0.0175
vn -0.9868 0.1615 -0.0152
vn -0.9864 0.1567 -0.0492
vn -0.9994 0.0114 0.0316
vn -0.6281 -0.2756 -0.7277
vn -0.8592 -0.2430 -0.4501
vn -0.7694 -0.3293 -0.5473
vn -0.4876 -0.4806 -0.7288
vn -0.9803 0.0855 -0.1780
vn -0.7041 -0.3435 -0.6214
vn -0.4140 -0.6006 -0.6840
vn -0.9681 -0.0038 0.2503
vn -0.9377 0.3323 -0.1014
vn -0.8840 0.4578 -0.0945
vn -0.9062 0.4223 -0.0225
vn -0.9275 0.3738 0.0032
vn -0.8525 0.5226 0.0108
vn -0.9857 0.1593 -0.0537
vn -0.9822 -0.1699 0.0795
vn -0.9083 0.3999 0.1227
vn -0.8500 0.5235 0.0576
vn -0.8889 0.4559 -0.0457
vn -0.2989 -0.6146 -0.7299
vn -0.3668 -0.6489 -0.6665
vn -0.6698 -0.3070 -0.6761
vn -0.6331 -0.3079 -0.7101
vn -0.9788 0.2024 -0.0320
vn -0.9860 0.1664 0.0098
vn -0.1603 -0.1666 -0.9729
vn -0.4307 -0.0043 -0.9025
vn -0.5258 -0.1202 -0.8420
vn -0.2068 -0.4755 -0.8550
vn -0.8145 -0.2241 -0.5351
vn -0.4798 -0.7675 -0.4251
vn -0.7572 0.5240 -0.3899
vn -0.5644 0.1733 -0.8071
vn -0.3160 0.3869 -0.8662
vn -0.8876 0.4133 0.2031
vn -0.7179 0.6795 0.1511
vn -0.9995 0.0092 -0.0281
vn -0.7815 -0.4911 0.3848
vn -0.8813 0.3325 -0.3357
vn -0.8907 0.3200 -0.3227
vn -0.9960 -0.0449 0.0767
vn -0.5771 0.4623 -0.6732
vn -0.4027 0.0102 -0.9153
vn -0.6251 -0.1496 -0.7660
vn -0.7964 -0.3665 -0.4810
vn -0.5763 -0.6993 -0.4227
vn -0.1900 -0.4771 -0.8580
vn -0.1401 -0.1443 -0.9795
vn -0.8418 -0.4366 0.3175
vn -0.2458 0.4945 -0.8336
vn -0.7707 -0.2402 -0.5902
vn -0.7241 -0.2351 -0.6483
vn -0.9923 -0.1207 -0.0278
vn -0.9751 -0.2172 -0.0453
vn -0.9776 -0.2097 -0.0156
vn 0.1203 0.9847 -0.1262
vn -0.5441 0.8387 -0.0204
vn -0.2551 0.9669 0.0072
vn 0.3186 0.9310 -0.1782
vn 0.0940 0.9881 -0.1214
vn -0.3980 0.7995 0.4498
vn -0.4991 0.6468 0.5766
vn -0.1220 0.7728 0.6228
vn 0.0196 0.7900 0.6128
vn 0.0399 0.9413 -0.3352
vn 0.3675 0.9059 0.2106
vn -0.3144 0.8998 -0.3024
vn -0.0646 0.9221 -0.3815
vn 0.0000 0.9530 0.3029
vn -0.3913 0.8941 0.2178
vn -0.6948 0.7191 0.0012
vn -0.3844 0.9000 -0.2055
vn 0.2153 0.9729 -0.0842
vn 0.0734 0.9762 -0.2040
vn -0.1019 0.9643 -0.2443
vn -0.7597 0.6287 0.1659
vn -0.5723 0.8186 -0.0484
vn -0.3525 0.8861 -0.3009
vn -0.9986 -0.0510 -0.0138
vn -0.9821 0.0921 0.1645
vn -0.8506 0.3365 0.4039
vn -0.1288 -0.7552 0.6427
vn 0.0000 -0.6579 0.7531
vn -0.9408 -0.2189 0.2585
vn -0.9399 -0.2471 0.2355
vn -0.9860 -0.1448 0.0822
vn -0.9712 -0.2113 0.1102
vn -0.9466 -0.2669 0.1811
vn -0.8558 0.4660 0.2243
vn -0.9326 0.3606 -0.0090
vn -0.8995 0.4310 -0.0714
vn -0.7331 0.6527 0.1913
vn -0.7646 0.5454 0.3434
vn -0.8626 0.4966 -0.0962
vn -0.7139 0.6910 0.1136
vn -0.6388 0.7219 0.2659
vn -0.6718 0.6082 0.4227
vn -0.8357 0.5407 -0.0957
vn -0.8805 0.4727 -0.0354
vn -0.9080 0.4189 0.0102
vn -0.6761 0.5098 0.5319
vn -0.7895 -0.5820 -0.1949
vn -0.1746 -0.6127 -0.7708
vn -0.3199 -0.5588 -0.7651
vn -0.8779 -0.4428 -0.1820
vn -0.5434 -0.4115 -0.7317
vn -0.5148 -0.3724 -0.7722
vn -0.2845 -0.5908 -0.7550
vn -0.6109 0.7425 0.2748
vn -0.6258 0.7552 0.1953
vn -0.8551 0.5119 -0.0818
vn -0.8502 0.5055 -0.1468
vn -0.5883 -0.3318 -0.7374
vn -0.9130 0.3415 -0.2233
vn -0.9424 0.3317 -0.0414
vn -0.7690 0.1450 -0.6225
vn -0.9796 0.1952 0.0475
vn -0.4237 0.6278 -0.6529
vn -0.5807 0.7527 0.3101
vn -0.6439 0.5482 -0.5336
vn -0.8296 0.5399 -0.1424
vn -0.8222 0.0501 -0.5669
vn -0.8228 -0.0139 -0.5682
vn -0.8352 0.0334 -0.5488
vn -0.6274 -0.3548 -0.6931
vn -0.5819 -0.3764 -0.7209
vn -0.8559 0.2337 0.4613
vn -0.9148 0.3373 0.2222
vn -0.9098 -0.0792 -0.4073
vn -0.9819 -0.0383 0.1853
vn -0.8366 0.0576 -0.5447
vn -0.8381 0.0276 -0.5448
vn -0.5622 -0.2104 -0.7997
vn -0.6126 -0.2970 -0.7324
vn -0.8316 0.0884 -0.5482
vn -0.5368 -0.0295 -0.8432
vn -0.5917 0.3178 0.7409
vn -0.7188 0.1386 0.6813
vn -0.3272 -0.2998 -0.8961
vn -0.1210 -0.0834 -0.9891
vn -0.5756 0.0208 -0.8174
vn -0.6785 0.4618 0.5712
vn -0.3815 -0.6154 -0.6897
vn -0.4067 -0.5789 -0.7067
vn -0.4085 -0.4664 -0.7846
vn -0.9336 -0.2394 -0.2666
vn 0.0981 0.9887 0.1128
vn 0.2720 0.9561 0.1088
vn 0.3426 0.9266 -0.1546
vn 0.1834 0.9704 -0.1570
vn 0.4536 0.8912 -0.0001
vn 0.4215 0.8916 -0.1656
vn 0.4983 0.8496 -0.1723
vn 0.4148 0.8939 -0.1701
vn 0.4343 0.8894 -0.1427
vn 0.4874 0.8652 -0.1175
vn 0.4257 0.8606 0.2794
vn 0.1227 0.8633 0.4895
vn -0.2111 0.9218 0.3250
vn -0.2466 0.9557 -0.1607
vn 0.5261 0.8319 -0.1762
vn 0.5423 0.8377 -0.0640
vn 0.5636 0.7906 -0.2394
vn 0.5120 0.8326 -0.2113
vn 0.3971 0.8950 -0.2030
vn -0.9345 0.3301 0.1328
vn -0.9752 0.0949 0.1996
vn -0.8286 -0.2643 0.4934
vn -0.9889 0.1325 0.0666
vn -0.9814 -0.1914 -0.0142
vn -0.8969 0.4216 -0.1332
vn -0.0957 -0.6535 -0.7508
vn -0.2078 -0.6180 -0.7582
vn -0.5852 -0.3296 -0.7409
vn -0.6005 -0.2486 -0.7599
vn -0.5379 -0.1075 -0.8361
vn -0.4237 -0.0356 -0.9051
vn -0.3421 -0.1104 -0.9331
vn -0.9387 -0.1550 -0.3077
vn -0.9442 -0.0423 -0.3266
vn -0.9433 0.0978 -0.3171
vn -0.6071 0.2478 0.7549
vn -0.7737 0.4163 -0.4776
vn -0.7814 0.4518 -0.4305
vn -0.7166 0.1014 -0.6901
vn -0.7411 0.5575 -0.3741
vn -0.7619 0.4876 -0.4262
vn -0.7801 0.4654 -0.4181
vn -0.8666 0.1225 -0.4837
vn 0.0000 -0.2477 -0.9688
vn -0.5042 -0.1682 -0.8470
vn 0.0000 -0.4166 -0.9091
vn -0.2871 -0.3652 -0.8855
vn 0.0000 -0.5280 -0.8492
vn -0.2079 -0.4866 -0.8485
vn 0.0000 0.0388 -0.9992
vn 0.0000 0.0410 -0.9991
vn -0.3843 -0.3688 -0.8463
vn 0.0000 0.0329 -0.9995
vn -0.5022 -0.1924 -0.8430
vn 0.0000 0.0262 -0.9996
vn -0.5436 0.0157 -0.8392
vn 0.0000 0.0187 -0.9998
vn -0.5022 0.2237 -0.8353
vn 0.0000 0.0111 -0.9999
vn -0.3843 0.4001 -0.8320
vn 0.0000 0.0045 -1.0000
vn -0.2079 0.5180 -0.8297
vn 0.0000 -0.0015 -1.0000
vn 0.0000 0.5594 -0.8289
vn 0.0000 -0.0036 -1.0000
vn -0.6998 -0.6491 0.2981
vn -0.5704 -0.5494 0.6106
vn -0.5769 -0.6858 0.4438
vn -0.5374 -0.7981 0.2723
vn -0.6301 -0.3360 0.7000
vn -0.7599 -0.4280 0.4891
vn -0.6801 -0.0866 0.7280
vn -0.8880 -0.0318 0.4588
vn -0.7359 0.1563 0.6588
vn -0.8173 0.4031 0.4118
vn -0.8274 0.2855 0.4835
vn -0.7820 0.5759 0.2383
vn 0.0000 -0.9977 0.0669
vn -0.4498 -0.8254 -0.3412
vn 0.0000 -0.9113 -0.4116
vn -0.5931 -0.7359 -0.3265
vn -0.7981 -0.4228 -0.4293
vn -0.8691 0.0065 -0.4945
vn -0.7740 0.4552 -0.4400
vn -0.6418 0.6733 -0.3670
vn -0.7415 0.5277 -0.4143
vn -0.5116 0.6605 -0.5495
vn 0.0000 0.6227 -0.7824
vn 0.0000 -0.9931 -0.1173
vn -0.4151 -0.9028 -0.1122
vn -0.1862 -0.4660 0.8649
vn 0.0000 -0.4941 0.8694
vn -0.6478 -0.7544 -0.1053
vn -0.3318 -0.3563 0.8735
vn -0.8923 -0.4138 -0.1803
vn -0.4181 -0.1922 0.8878
vn -0.9777 0.0138 -0.2097
vn -0.4478 -0.0185 0.8939
vn -0.8767 0.4633 -0.1291
vn -0.4301 0.1581 0.8888
vn -0.6844 0.7272 -0.0523
vn -0.3457 0.3310 0.8780
vn -0.4527 0.8898 -0.0572
vn -0.1891 0.4264 0.8845
vn 0.0000 0.9918 -0.1277
vn 0.0000 0.4494 0.8933
vn -0.0766 -0.2035 0.9760
vn 0.0000 -0.2196 0.9756
vn -0.1392 -0.1582 0.9775
vn -0.1837 -0.0943 0.9784
vn -0.1985 -0.0180 0.9799
vn -0.1823 0.0580 0.9815
vn -0.1395 0.1227 0.9826
vn -0.0779 0.1683 0.9826
vn 0.0000 0.1846 0.9828
vn 0.0000 -0.3215 0.9469
vn -0.1117 -0.2938 0.9493
vn -0.2092 -0.5304 0.8215
vn 0.0000 -0.5728 0.8197
vn -0.2076 -0.2256 0.9518
vn -0.3927 -0.4089 0.8238
vn -0.2719 -0.1303 0.9534
vn -0.5140 -0.2287 0.8267
vn -0.2942 -0.0177 0.9556
vn -0.5565 -0.0158 0.8307
vn -0.2712 0.0949 0.9578
vn -0.5141 0.1971 0.8348
vn -0.2067 0.1902 0.9597
vn -0.3924 0.3768 0.8390
vn -0.1124 0.2536 0.9607
vn -0.2123 0.4957 0.8421
vn 0.0000 0.2772 0.9608
vn 0.0000 0.5373 0.8433
vn -0.2600 -0.6463 0.7174
vn 0.0000 -0.6952 0.7188
vn -0.4870 -0.5001 0.7160
vn -0.6368 -0.2771 0.7194
vn -0.6893 -0.0134 0.7243
vn -0.6367 0.2503 0.7293
vn -0.4869 0.4735 0.7340
vn -0.2633 0.6220 0.7374
vn 0.0000 0.6739 0.7388
vn -0.2904 -0.7143 0.6367
vn 0.0000 -0.7702 0.6377
vn -0.5390 -0.5508 0.6372
vn -0.7042 -0.3037 0.6417
vn -0.7623 -0.0121 0.6471
vn -0.7042 0.2795 0.6526
vn -0.5390 0.5267 0.6573
vn -0.2917 0.6918 0.6606
vn 0.0000 0.7496 0.6618
vn -0.3526 -0.8583 0.3728
vn 0.0000 -0.9283 0.3719
vn -0.6516 -0.6587 0.3762
vn -0.8513 -0.3598 0.3819
vn -0.9214 -0.0072 0.3884
vn -0.8513 0.3452 0.3950
vn -0.6516 0.6441 0.4006
vn -0.3526 0.8438 0.4045
vn 0.0000 0.9139 0.4060
vn -0.3796 -0.9186 0.1101
vn 0.0000 -0.9940 0.1088
vn -0.7014 -0.7036 0.1140
vn -0.9164 -0.3818 0.1200
vn -0.9919 -0.0023 0.1270
vn -0.9164 0.3771 0.1341
vn -0.7014 0.6988 0.1401
vn -0.3795 0.9138 0.1442
vn 0.0000 0.9893 0.1458
vn -0.3820 -0.9212 -0.0742
vn 0.0000 -0.9971 -0.0755
vn -0.7059 -0.7048 -0.0703
vn -0.9224 -0.3809 -0.0643
vn -0.9984 0.0010 -0.0572
vn -0.9224 0.3830 -0.0501
vn -0.7060 0.7069 -0.0440
vn -0.3820 0.9233 -0.0399
vn 0.0000 0.9992 -0.0383
vn 0.0000 -0.7710 -0.6368
vn -0.2994 -0.7114 -0.6358
vn -0.3820 -0.9210 -0.0759
vn 0.0000 -0.9970 -0.0774
vn -0.5534 -0.5417 -0.6326
vn -0.7059 -0.7046 -0.0719
vn -0.7230 -0.2879 -0.6279
vn -0.9223 -0.3808 -0.0659
vn -0.7826 0.0116 -0.6224
vn -0.9983 0.0011 -0.0587
vn -0.7230 0.3111 -0.6167
vn -0.9223 0.3830 -0.0516
vn -0.5534 0.5650 -0.6120
vn -0.7059 0.7068 -0.0455
vn -0.2993 0.7346 -0.6088
vn -0.3819 0.9232 -0.0414
vn 0.0000 0.7942 -0.6076
vn 0.0000 0.9992 -0.0401
vn 0.0000 -0.9185 0.3955
vn -0.3486 -0.8491 0.3967
vn -0.3714 -0.9009 0.2245
vn 0.0000 -0.9748 0.2232
vn -0.6442 -0.6517 0.4003
vn -0.6862 -0.6906 0.2283
vn -0.8417 -0.3562 0.4057
vn -0.8966 -0.3758 0.2341
vn -0.9110 -0.0077 0.4122
vn -0.9705 -0.0045 0.2410
vn -0.8417 0.3408 0.4187
vn -0.8966 0.3668 0.2480
vn -0.6442 0.6363 0.4243
vn -0.6863 0.6816 0.2539
vn -0.3486 0.8337 0.4281
vn -0.3714 0.8919 0.2579
vn 0.0000 0.9031 0.4295
vn 0.0000 0.9658 0.2594
vn 0.0000 -0.9192 -0.3938
vn -0.3544 -0.8487 -0.3926
vn -0.6550 -0.6479 -0.3889
vn -0.8558 -0.3474 -0.3833
vn -0.9263 0.0070 -0.3767
vn -0.8558 0.3615 -0.3701
vn -0.6550 0.6619 -0.3645
vn -0.3544 0.8627 -0.3606
vn 0.0000 0.9332 -0.3593
vn 0.0000 -0.9957 -0.0920
vn -0.3816 -0.9198 -0.0907
vn -0.7052 -0.7037 -0.0868
vn -0.9214 -0.3802 -0.0808
vn -0.9973 0.0014 -0.0737
vn -0.9214 0.3829 -0.0665
vn -0.7052 0.7064 -0.0604
vn -0.3816 0.9226 -0.0563
vn 0.0000 0.9985 -0.0548
vn 0.0000 -0.7226 0.6912
vn -0.2717 -0.6686 0.6922
vn -0.5019 -0.5148 0.6950
vn -0.6557 -0.2846 0.6992
vn -0.7097 -0.0132 0.7043
vn -0.6557 0.2583 0.7094
vn -0.5019 0.4885 0.7137
vn -0.2717 0.6423 0.7167
vn 0.0000 0.6962 0.7178
vn -0.8981 -0.2430 -0.3665
vn -0.4431 -0.2582 -0.8585
vn 0.0000 -0.3402 -0.9403
vn 0.9296 0.1337 0.3435
vn 0.9271 0.2100 0.3104
vn 0.9680 0.2369 0.0824
vn 0.6076 0.0501 -0.7927
vn 0.0949 -0.7054 0.7024
vn 0.0414 -0.6977 0.7152
vn 0.3418 -0.7196 0.6044
vn 0.2807 -0.7302 0.6229
vn 0.1265 -0.6323 0.7643
vn 0.3800 -0.6467 0.6612
vn 0.1861 -0.2120 0.9594
vn 0.1165 0.1385 0.9835
vn 0.5842 -0.1909 0.7888
vn 0.4896 0.1720 0.8548
vn 0.2538 -0.5850 0.7703
vn 0.5857 -0.5670 0.5791
vn 0.9545 0.0470 -0.2943
vn 1.0000 0.0050 -0.0018
vn 0.9964 0.0828 -0.0170
vn 0.9650 0.1300 -0.2277
vn 0.9970 -0.0634 -0.0446
vn 0.9909 0.0365 -0.1297
vn 0.9908 0.1172 0.0679
vn 0.9955 -0.0873 -0.0357
vn 0.9807 0.0143 0.1948
vn -0.0601 -0.9959 0.0671
vn -0.0875 -0.9391 0.3322
vn 0.3350 -0.9405 0.0568
vn 0.2720 -0.8938 0.3565
vn 0.0669 -0.9618 -0.2654
vn 0.4026 -0.8710 -0.2814
vn 0.9710 -0.2163 0.1014
vn 0.9819 -0.1794 0.0603
vn 0.9869 -0.1448 0.0702
vn 0.9926 -0.1065 0.0581
vn 0.9990 -0.0323 0.0321
vn 0.9937 -0.0988 0.0536
vn 0.9789 -0.2030 0.0239
vn 0.5951 0.6266 0.5031
vn 0.5514 0.5789 0.6007
vn 0.5604 0.5742 0.5968
vn 0.5931 0.6700 0.4465
vn 0.6868 0.4924 0.5346
vn 0.5767 0.6907 0.4363
vn 0.6019 0.4838 0.6353
vn 0.7551 0.3745 0.5381
vn 0.5615 0.5159 0.6469
vn 0.9759 -0.2008 -0.0855
vn 0.9871 -0.1597 -0.0070
vn 0.9886 -0.1286 0.0783
vn 0.9941 -0.1082 0.0099
vn 0.9802 0.0072 0.1979
vn 0.9909 0.0144 0.1334
vn 0.6945 -0.0250 -0.7190
vn 0.8468 0.3359 -0.4124
vn 0.9026 0.2064 -0.3777
vn 0.7316 -0.1260 -0.6699
vn 0.9358 0.0808 -0.3432
vn 0.7683 -0.2445 -0.5915
vn 0.8921 0.3948 -0.2199
vn 0.9108 0.0740 -0.4062
vn 0.8753 0.3862 -0.2910
vn 0.9545 -0.2706 -0.1254
vn 0.9571 -0.2119 -0.1975
vn 0.9368 -0.1835 -0.2978
vn 0.9656 -0.1435 -0.2167
vn 0.3314 0.9406 0.0732
vn 0.6082 0.7680 0.2005
vn 0.6536 0.7346 0.1819
vn 0.5069 0.8573 0.0898
vn 0.7996 0.5933 0.0925
vn 0.8670 0.4980 -0.0148
vn 0.8628 0.4030 0.3051
vn 0.8931 0.3699 0.2560
vn 0.8412 0.4300 0.3277
vn 0.8080 0.5265 0.2644
vn 0.8281 0.4947 0.2636
vn 0.9210 0.3208 0.2206
vn 0.9096 0.3565 0.2132
vn 0.9795 0.1451 0.1397
vn 0.9834 0.1815 -0.0054
vn 0.9182 0.2264 0.3249
vn 0.9722 0.0506 0.2286
vn 0.8087 0.3947 0.4362
vn 0.9738 -0.2022 0.1043
vn 0.9824 -0.1665 0.0846
vn 0.9825 -0.1727 0.0705
vn 0.9795 -0.1930 0.0573
vn 0.9642 -0.2309 -0.1299
vn 0.9816 -0.1887 0.0287
vn 0.9817 -0.1902 -0.0128
vn 0.9821 -0.1785 -0.0591
vn 0.9864 -0.1610 0.0340
vn 0.7527 -0.5260 0.3958
vn 0.5614 -0.7533 0.3426
vn 0.7110 -0.6572 0.2503
vn 0.8502 -0.4198 0.3176
vn 0.8821 -0.4614 0.0943
vn 0.9486 -0.2481 0.1964
vn 0.6684 -0.7188 0.1913
vn 0.8789 -0.4751 -0.0421
vn 0.5240 -0.7842 0.3323
vn 0.6032 -0.7212 0.3406
vn 0.7359 -0.6522 0.1816
vn 0.8650 -0.5004 -0.0372
vn 0.8294 -0.5239 0.1940
vn 0.9196 -0.3901 0.0452
vn 0.6950 -0.6328 0.3413
vn 0.8309 0.3147 -0.4588
vn 0.7892 0.4388 -0.4296
vn 0.7722 0.3903 -0.5013
vn 0.7148 0.2278 -0.6612
vn 0.8115 0.3101 -0.4953
vn 0.6773 0.1266 -0.7247
vn 0.8507 0.4727 -0.2300
vn 0.8763 0.4374 -0.2018
vn 0.8101 0.5535 -0.1928
vn 0.9363 -0.2914 0.1961
vn 0.9486 -0.2798 0.1477
vn 0.9654 -0.2452 0.0887
vn 0.9519 -0.2918 0.0927
vn 0.9504 -0.3048 0.0618
vn 0.9619 -0.2642 0.0696
vn 0.9638 -0.2427 0.1102
vn 0.9348 -0.2730 0.2272
vn 0.9643 -0.2185 0.1497
vn 0.9599 -0.2254 0.1667
vn 0.9315 -0.2668 0.2470
vn 0.9264 -0.2824 0.2490
vn 0.9531 -0.2512 0.1689
vn 0.9769 -0.2015 0.0715
vn 0.2381 0.8619 -0.4476
vn -0.3229 0.8455 -0.4253
vn -0.4194 0.7896 -0.4478
vn 0.0145 0.9044 -0.4265
vn -0.3985 0.8759 -0.2719
vn -0.1971 0.9420 -0.2715
vn -0.5930 0.7413 -0.3143
vn -0.5162 0.8204 -0.2460
vn -0.5192 0.7981 -0.3056
vn 0.7909 0.2244 0.5692
vn 0.8867 0.1096 0.4490
vn 0.9826 -0.0399 0.1813
vn 0.9021 0.1416 0.4077
vn 0.9988 -0.0487 -0.0059
vn 0.8074 0.2769 0.5210
vn 0.8379 -0.4430 -0.3187
vn 0.8296 -0.4808 -0.2838
vn 0.9016 -0.3886 -0.1900
vn 0.9060 -0.3775 -0.1913
vn 0.9552 -0.2862 -0.0751
vn 0.9668 -0.2542 0.0266
vn 0.9029 -0.4225 -0.0793
vn 0.9769 -0.2111 -0.0335
vn 0.8134 -0.5722 -0.1044
vn 0.5779 0.4360 0.6898
vn 0.6382 0.4010 0.6572
vn 0.7934 0.2917 0.5342
vn 0.6346 0.3391 0.6944
vn 0.8333 0.1693 0.5262
vn 0.5755 0.3348 0.7460
vn 0.8280 0.4102 0.3824
vn 0.9015 0.3062 0.3057
vn 0.9937 0.0396 0.1049
vn 0.9002 0.3966 0.1797
vn 0.9938 0.1100 -0.0125
vn 0.7982 0.5017 0.3332
vn 0.5607 0.6439 0.5205
vn 0.6308 0.6345 0.4465
vn 0.9026 0.2679 0.3370
vn 0.8798 0.3183 0.3530
vn 0.9424 0.3275 -0.0683
vn 0.6303 0.7763 0.0042
vn 0.9547 0.0511 -0.2932
vn 0.9867 -0.1391 -0.0837
vn 0.9923 -0.1238 -0.0029
vn 0.9763 -0.2166 -0.0029
vn 0.9386 -0.1676 -0.3014
vn 0.9621 -0.0462 -0.2687
vn 0.9793 0.0163 -0.2018
vn 0.9773 -0.0031 -0.2117
vn 0.9548 -0.1024 -0.2791
vn 0.3401 -0.0756 -0.9373
vn 0.3132 -0.2277 -0.9220
vn 0.4560 -0.1781 -0.8719
vn 0.4635 -0.0651 -0.8837
vn 0.8306 -0.1092 -0.5460
vn 0.8201 0.0803 -0.5665
vn 0.4912 -0.3051 -0.8159
vn 0.8924 -0.0617 -0.4470
vn 0.2807 -0.4232 -0.8614
vn 0.7072 0.5907 0.3884
vn 0.7756 0.5878 0.2299
vn 0.7330 0.6710 0.1114
vn 0.5351 0.5571 0.6351
vn 0.5370 0.5949 0.5980
vn 0.8042 0.4299 0.4104
vn 0.7845 0.4401 0.4367
vn 0.9426 0.2518 0.2192
vn 0.9371 0.2911 0.1926
vn 0.8287 0.4324 0.3554
vn 0.9694 0.1417 0.2004
vn 0.5252 0.6517 0.5472
vn 0.9230 -0.1989 -0.3294
vn 0.9408 -0.1252 -0.3150
vn 0.9220 -0.0830 -0.3782
vn 0.9107 -0.0632 0.4082
vn 0.9389 -0.0342 0.3425
vn 0.9724 0.0431 0.2293
vn 0.5393 0.3318 0.7740
vn 0.5432 0.4410 0.7144
vn 0.8509 0.2475 0.4633
vn 0.4156 0.5290 0.7398
vn 0.9237 0.3829 0.0067
vn 0.6000 0.4125 0.6854
vn 0.1900 -0.3507 -0.9170
vn 0.2865 -0.1528 -0.9458
vn 0.3402 -0.0887 -0.9362
vn 0.2072 -0.3109 -0.9275
vn 0.3766 -0.0347 -0.9257
vn 0.2689 -0.2484 -0.9306
vn 0.4211 0.0037 -0.9070
vn 0.5120 0.0659 -0.8564
vn 0.3669 -0.0211 -0.9300
vn 0.8128 0.5734 0.1022
vn 0.8960 0.4370 0.0790
vn 0.9460 0.3241 -0.0039
vn 0.9857 -0.0603 0.1572
vn 0.9403 -0.1267 0.3157
vn 0.9812 -0.1547 0.1155
vn 0.5259 0.6788 0.5125
vn 0.8512 0.4150 0.3212
vn 0.9845 0.1378 0.1082
vn 0.9250 0.3598 -0.1218
vn 0.8758 0.1076 -0.4704
vn 0.8895 0.1322 -0.4373
vn 0.9054 0.4164 -0.0831
vn 0.9309 0.0958 -0.3525
vn 0.9208 0.3900 0.0052
vn 0.3499 0.9367 -0.0108
vn 0.3381 0.7351 0.5875
vn 0.4204 0.7156 0.5579
vn 0.3419 0.9396 -0.0124
vn 0.7489 0.6311 0.2020
vn 0.5907 0.8045 -0.0620
vn 0.6717 0.2948 0.6796
vn 0.8697 0.3534 0.3446
vn 0.6056 0.2818 0.7442
vn 0.3359 0.7624 -0.5531
vn 0.6893 0.4211 -0.5895
vn 0.8999 -0.2441 -0.3612
vn 0.9058 -0.1568 -0.3936
vn 0.9269 -0.0252 -0.3744
vn 0.1588 0.0369 -0.9866
vn 0.3572 0.0748 -0.9310
vn 0.9727 0.0400 -0.2282
vn 0.2449 -0.6003 -0.7613
vn 0.4790 -0.5276 -0.7015
vn 0.1708 -0.4067 -0.8975
vn 0.0953 -0.4922 -0.8652
vn 0.6361 0.6370 0.4355
vn 0.5508 0.5838 0.5965
vn 0.7700 0.4620 0.4400
vn 0.7781 0.5146 0.3601
vn 0.9009 0.3512 0.2550
vn 0.8680 0.4261 0.2548
vn 0.0993 -0.6611 -0.7436
vn 0.1294 -0.5411 -0.8309
vn 0.1361 -0.5033 -0.8533
vn 0.1015 -0.6253 -0.7737
vn 0.2203 -0.3738 -0.9009
vn 0.2043 -0.4906 -0.8471
vn 0.7711 0.6351 -0.0450
vn 0.7287 0.6582 0.1891
vn 0.8088 0.5451 0.2204
vn 0.8229 0.5654 0.0568
vn 0.8543 0.4668 0.2283
vn 0.8453 0.5140 0.1457
vn 0.7892 0.4667 -0.3991
vn 0.7830 0.5748 -0.2374
vn 0.8516 0.5104 -0.1196
vn 0.8726 0.4105 -0.2644
vn 0.9000 0.4348 0.0290
vn 0.9481 0.3147 -0.0453
vn 0.3827 0.0171 -0.9237
vn 0.4579 0.0250 -0.8886
vn 0.5610 0.0523 -0.8261
vn 0.8944 0.3562 0.2705
vn 0.9043 0.4244 0.0468
vn 0.9589 0.2600 -0.1135
vn 0.8804 0.3402 -0.3304
vn 0.6784 0.2598 -0.6872
vn 0.5415 0.2252 -0.8100
vn 0.7880 -0.6154 0.0156
vn 0.7103 -0.7031 -0.0344
vn 0.6817 -0.5144 0.5203
vn 0.8164 -0.4690 0.3368
vn 0.8427 -0.4996 0.2002
vn 0.9577 -0.2808 0.0634
vn 0.7701 -0.3501 0.5332
vn 0.2832 -0.5088 -0.8130
vn 0.5386 -0.4171 -0.7321
vn 0.8581 -0.1400 -0.4940
vn 0.6730 -0.3482 -0.6525
vn 0.9684 0.1335 -0.2106
vn 0.3558 -0.4515 -0.8183
vn -0.0523 -0.6558 0.7531
vn -0.1982 -0.5515 0.8103
vn 0.1377 -0.7371 0.6615
vn -0.1094 -0.7240 0.6810
vn -0.3920 -0.3397 0.8549
vn -0.5481 -0.0473 0.8350
vn -0.5412 -0.4286 0.7234
vn -0.7041 -0.1126 0.7011
vn 0.1513 0.7732 0.6158
vn 0.1470 0.8144 0.5613
vn 0.2561 0.7634 0.5929
vn 0.3339 0.7906 0.5132
vn 0.1499 0.7116 0.6864
vn 0.1977 0.6910 0.6952
vn -0.0704 -0.9720 0.2243
vn -0.1261 -0.8728 0.4715
vn 0.1586 -0.9650 0.2089
vn 0.1659 -0.8092 0.5636
vn 0.2934 -0.9415 -0.1655
vn 0.1947 -0.9654 -0.1736
vn -0.4349 0.8169 0.3787
vn -0.1226 0.9915 -0.0443
vn -0.5435 0.7709 0.3319
vn -0.0901 0.9958 -0.0169
vn -0.5965 0.4918 0.6342
vn -0.7622 0.3321 0.5557
vn 0.8091 0.1635 -0.5645
vn 0.8037 0.0544 -0.5925
vn 0.7654 0.2233 -0.6035
vn 0.6785 0.1280 -0.7233
vn 0.7859 0.2431 -0.5685
vn 0.5614 0.1348 -0.8165
vn 0.8549 0.0312 -0.5178
vn 0.9194 0.0772 -0.3856
vn 0.1351 0.6658 0.7338
vn 0.1438 0.7108 0.6885
vn 0.3632 0.6324 0.6842
vn 0.3820 0.6707 0.6358
vn 0.1305 0.6164 0.7765
vn 0.3574 0.5816 0.7307
vn 0.1292 -0.5092 -0.8509
vn 0.1760 -0.5394 -0.8235
vn 0.1653 -0.4774 -0.8630
vn 0.8799 -0.4744 0.0257
vn 0.8289 -0.4671 0.3077
vn 0.9985 0.0527 -0.0127
vn 0.9702 0.0164 0.2418
vn 0.8664 -0.4105 -0.2842
vn 0.9590 0.1187 -0.2573
vn 0.1637 0.8850 0.4359
vn 0.1778 0.9691 0.1705
vn 0.4352 0.8301 0.3486
vn 0.5177 0.8553 -0.0202
vn 0.2726 0.5831 0.7653
vn 0.2011 0.5669 0.7988
vn 0.6796 0.3943 0.6186
vn 0.5016 0.4161 0.7585
vn 0.3533 0.6435 0.6790
vn 0.7705 0.4624 0.4386
vn -0.6108 0.2235 0.7595
vn -0.7410 0.1170 0.6612
vn 0.1451 0.7324 0.6652
vn 0.1571 0.7199 0.6760
vn 0.4189 0.6818 0.5997
vn 0.4891 0.6529 0.5783
vn 0.1708 0.6875 0.7058
vn 0.1651 0.6683 0.7253
vn 0.5175 0.5935 0.6164
vn 0.3938 0.5884 0.7061
vn 0.1516 0.5750 0.8039
vn 0.3863 0.5159 0.7645
vn 0.1533 0.6689 0.7274
vn 0.2360 0.6152 0.7522
vn 0.2978 0.8880 -0.3504
vn 0.2824 0.9080 -0.3093
vn 0.4913 0.8076 -0.3262
vn 0.4301 0.8286 -0.3584
vn 0.4558 0.8210 -0.3436
vn 0.4621 0.8228 -0.3307
vn 0.5226 0.7659 -0.3746
vn 0.1717 0.9182 -0.3569
vn 0.4076 0.8421 -0.3532
vn 0.1399 0.9828 -0.1209
vn 0.3059 0.8951 -0.3243
vn 0.9984 0.0175 -0.0527
vn 0.9930 0.0923 0.0739
vn 0.9879 -0.0361 0.1504
vn 0.9732 0.2038 0.1061
vn 0.6149 0.1210 -0.7793
vn 0.6623 0.1257 -0.7386
vn 0.8447 0.2995 -0.4435
vn 0.8173 0.2772 -0.5051
vn 0.9211 0.1140 -0.3721
vn 0.9048 0.0910 -0.4161
vn 0.8335 -0.0215 -0.5520
vn 0.9261 0.1017 -0.3632
vn 0.9830 0.1501 -0.1054
vn 0.9541 0.0569 -0.2940
vn 0.8259 0.0498 -0.5616
vn 0.9820 0.0392 -0.1849
vn 0.9789 -0.0745 -0.1905
vn 0.9525 -0.1498 -0.2650
vn 0.9836 0.1569 -0.0891
vn 0.9750 0.1600 -0.1543
vn 0.9368 0.2255 -0.2675
vn 0.9836 -0.0366 -0.1763
vn 0.9687 0.1151 -0.2199
vn 0.9741 0.2210 -0.0474
vn 0.9956 0.0083 -0.0927
vn 0.9186 0.0128 -0.3949
vn 0.9929 -0.0454 -0.1099
vn 0.9236 -0.0475 -0.3804
vn 0.9395 -0.1179 -0.3217
vn 0.9653 -0.0158 -0.2605
vn 0.9635 -0.0894 -0.2524
vn 0.7297 0.0172 -0.6835
vn 0.8677 -0.0425 -0.4952
vn 0.9199 -0.1693 -0.3536
vn 0.9139 0.0861 -0.3967
vn 0.9215 0.1804 -0.3438
vn 0.9783 -0.1413 -0.1515
vn 0.9566 -0.1892 -0.2213
vn 0.9804 -0.1213 -0.1550
vn 0.8521 0.2139 0.4777
vn 0.9622 0.2191 0.1620
vn 0.9869 0.1609 0.0112
vn 0.9700 0.2323 -0.0719
vn 0.9533 0.2890 0.0873
vn 0.7603 0.3785 0.5279
vn 0.8929 0.2737 0.3573
vn 0.8278 0.3377 0.4479
vn 0.9670 0.1489 0.2065
vn 0.9880 0.1305 0.0826
vn 0.9175 0.2082 0.3388
vn 0.9631 0.1226 0.2395
vn 0.9980 -0.0364 0.0508
vn 0.9976 -0.0128 -0.0683
vn 0.9996 0.0057 0.0282
vn 0.9382 -0.3143 -0.1448
vn 0.9416 -0.3353 -0.0318
vn 0.9042 -0.4234 0.0553
vn 0.9293 -0.3679 0.0313
vn 0.9334 -0.3510 0.0740
vn 0.9750 -0.2102 -0.0713
vn 0.9806 -0.1931 0.0324
vn 0.9991 0.0016 -0.0411
vn 0.8716 0.4249 -0.2445
vn 0.9849 -0.0004 -0.1728
vn 0.9486 -0.1838 -0.2574
vn 0.9921 -0.0379 -0.1194
vn 0.9771 0.2045 0.0594
vn 0.9951 0.0991 -0.0030
vn 0.9925 -0.1084 -0.0564
vn 0.8252 0.0090 -0.5648
vn 0.9170 -0.3968 0.0408
vn 0.9688 -0.2360 -0.0757
vn 0.9664 -0.2274 0.1194
vn 0.9364 -0.3048 0.1737
vn 0.9230 -0.3052 -0.2342
vn 0.9332 -0.3095 0.1823
vn 0.9345 -0.1976 0.2960
vn 0.9138 -0.1739 0.3670
vn 0.9418 -0.0568 0.3314
vn 0.9508 -0.1175 0.2866
vn 0.9619 -0.2124 0.1721
vn 0.9642 -0.2156 0.1545
vn 0.9666 -0.2230 0.1265
vn 0.9733 -0.2090 0.0949
vn 0.9684 -0.2243 0.1089
vn 0.9850 -0.1319 0.1116
vn 0.9813 -0.1911 -0.0244
vn 0.9776 -0.2003 0.0639
vn 0.9672 -0.2506 0.0406
vn 0.9621 -0.2691 0.0444
vn 0.9497 -0.2498 0.1888
vn 0.9543 -0.2232 0.1988
vn 0.9458 -0.2223 0.2366
vn 0.9599 -0.2094 -0.1863
vn 0.9674 -0.1634 -0.1933
vn 0.9529 -0.1665 -0.2534
vn 0.9075 -0.2664 -0.3247
vn 0.9446 -0.3103 -0.1070
vn 0.8688 -0.4263 -0.2518
vn 0.9934 -0.0426 -0.1059
vn 0.9909 -0.1057 0.0829
vn 0.9892 -0.0915 -0.1142
vn 0.8838 -0.3220 -0.3392
vn 0.8531 -0.4237 -0.3045
vn 0.9051 -0.3778 -0.1948
vn 0.9108 -0.3364 -0.2393
vn 0.9472 -0.3179 -0.0416
vn 0.9640 -0.2568 0.0690
vn 0.9898 -0.1351 0.0443
vn 0.9638 -0.2535 0.0823
vn 0.9798 -0.2000 -0.0011
vn 0.9886 -0.1362 0.0645
vn 0.9842 -0.1693 -0.0515
vn 0.9706 -0.2272 -0.0787
vn 0.9238 0.3370 0.1818
vn 0.9184 0.3619 0.1594
vn 0.9601 0.2616 0.0985
vn 0.9604 0.2532 0.1163
vn 0.9679 0.2456 0.0536
vn 0.9729 0.2279 0.0379
vn 0.9987 -0.0057 0.0504
vn 0.9845 -0.0539 0.1665
vn 0.9805 -0.1637 0.1085
vn 0.9998 0.0125 0.0169
vn 0.9735 -0.0539 0.2222
vn 0.8482 -0.1114 0.5178
vn 0.9203 -0.2861 0.2666
vn 0.8986 0.4037 0.1715
vn 0.7291 -0.1133 -0.6750
vn 0.8346 -0.0755 -0.5456
vn 0.9158 -0.1617 -0.3677
vn 0.9992 -0.0319 0.0232
vn 0.7841 -0.6080 0.1243
vn 0.6325 -0.7184 -0.2894
vn 0.7818 -0.3557 0.5121
vn 0.9420 0.1180 0.3141
vn 0.5202 -0.2599 -0.8135
vn 0.7257 -0.0297 -0.6873
vn 0.9063 0.2743 -0.3213
vn 0.8726 0.3714 -0.3172
vn 0.7301 -0.0575 -0.6809
vn 0.2001 -0.5361 -0.8200
vn 0.2130 -0.4702 -0.8564
vn 0.8265 -0.5600 0.0578
vn 0.6651 -0.7436 -0.0679
vn 0.5781 0.5926 -0.5610
vn 0.2964 0.0156 -0.9549
vn 0.2720 -0.0248 -0.9619
vn 0.2707 -0.1093 -0.9564
vn 0.5727 0.7302 -0.3724
vn 0.5492 0.8231 -0.1446
vn 0.4921 0.8553 0.1619
vn 0.3966 0.7875 0.4717
vn 0.1134 -0.5508 -0.8268
vn 0.0905 -0.6709 -0.7359
vn 0.1529 -0.3625 -0.9193
vn 0.3132 0.6785 0.6644
vn 0.3169 0.6279 0.7108
vn 0.0728 -0.6039 -0.7937
vn 0.0754 0.2184 -0.9729
vn 0.0914 -0.6200 -0.7792
vn 0.1466 0.9235 -0.3545
vn 0.2830 0.9478 0.1469
vn 0.3950 0.7457 -0.5365
vn 0.4132 0.6890 -0.5954
vn 0.6414 0.5993 -0.4790
vn 0.6539 0.5563 -0.5128
vn 0.3855 0.7706 -0.5075
vn 0.6242 0.6292 -0.4630
vn 0.4857 0.8195 -0.3042
vn 0.5257 0.3290 -0.7844
vn 0.5435 0.6461 -0.5358
vn 0.4699 0.4229 -0.7748
vn 0.6447 0.2677 -0.7160
vn 0.7891 0.3058 -0.5327
vn 0.2702 0.7632 0.5869
vn 0.3269 0.7040 0.6305
vn 0.2380 0.7960 0.5566
vn 0.6338 0.7390 0.2281
vn 0.7205 0.6852 -0.1064
vn 0.5296 0.7403 0.4141
vn 0.2109 -0.1741 -0.9619
vn 0.8541 0.2514 0.4553
vn 0.7377 0.2466 0.6284
vn 0.8555 0.3539 0.3779
vn 0.1087 0.4144 0.9036
vn 0.0814 -0.0073 0.9966
vn 0.7614 -0.0709 0.6443
vn 0.7348 0.4566 0.5015
vn 0.5660 -0.5881 0.5778
vn -0.0357 -0.4795 0.8768
vn 0.3479 0.6454 0.6800
vn 0.6327 0.6050 0.4834
vn 0.7557 0.5205 0.3974
vn 0.5502 0.6214 0.5578
vn 0.2448 -0.3094 -0.9189
vn 0.2738 0.8414 0.4659
vn 0.8261 0.3916 0.4051
vn 0.6836 0.3701 0.6290
vn 0.5383 0.4549 0.7094
vn 0.5192 0.5344 0.6669
vn 0.5727 0.3348 0.7483
vn 0.6933 -0.5846 -0.4213
vn 0.7025 -0.5206 -0.4852
vn 0.4845 0.4513 0.7493
vn 0.4685 0.6408 0.6082
vn 0.1520 0.9383 -0.3107
vn 0.1496 0.9382 -0.3120
vn -0.2084 0.9507 -0.2294
vn -0.2673 0.9391 -0.2159
vn 0.5662 -0.6730 0.4758
vn 0.5289 -0.7012 0.4780
vn 0.7469 -0.5642 0.3518
vn 0.5911 -0.6146 0.5224
vn 0.7719 -0.5066 0.3840
vn 0.4369 0.7804 -0.4472
vn 0.6238 0.6893 -0.3684
vn 0.4253 -0.7552 0.4987
vn 0.3151 -0.8263 0.4667
vn -0.1253 -0.7472 0.6526
vn 0.3459 -0.8202 0.4556
vn 0.4385 0.7323 0.5210
vn -0.1368 0.9627 0.2334
vn -0.0395 0.6964 0.7165
vn 0.5102 0.8146 0.2757
vn 0.2067 0.9775 0.0405
vn 0.7621 -0.4408 -0.4741
vn 0.8135 -0.2709 -0.5146
vn 0.4451 0.6361 -0.6303
vn 0.6590 0.5134 -0.5496
vn 0.8748 -0.4223 0.2375
vn 0.8915 -0.3544 0.2819
vn 0.5193 0.5877 0.6204
vn 0.9003 0.1648 -0.4028
vn 0.8603 -0.1737 -0.4793
vn 0.8842 -0.1389 -0.4459
vn 0.9893 0.1126 -0.0921
vn 0.9184 0.3732 -0.1314
vn 0.9032 0.4292 -0.0013
vn 0.9498 0.3101 0.0410
vn 0.9524 0.2890 -0.0970
vn 0.9655 0.2583 0.0310
vn 0.9344 0.3236 0.1488
vn 0.9419 0.3146 0.1179
vn 0.8929 0.4357 0.1132
vn 0.8340 0.5516 0.0093
vn 0.8244 0.5638 0.0505
vn 0.8410 0.5395 -0.0394
vn 0.8360 0.5452 -0.0615
vn 0.8762 0.4617 -0.1381
vn 0.8546 0.5032 -0.1282
vn 0.9659 -0.2590 -0.0015
vn 0.9857 -0.1683 0.0078
vn 0.9883 -0.1487 0.0339
vn 0.9646 -0.2588 0.0504
vn 0.9836 -0.0863 0.1585
vn 1.0000 -0.0059 0.0019
vn 0.9918 0.0381 0.1218
vn 0.9997 -0.0179 -0.0145
vn 0.9984 0.0505 0.0253
vn 0.9938 0.1027 0.0431
vn 0.9414 0.3157 -0.1185
vn 0.9323 0.2643 -0.2467
vn 0.9158 0.3034 -0.2631
vn 0.9472 0.3013 -0.1093
vn 0.9255 -0.3283 0.1888
vn 0.9185 -0.3006 0.2568
vn 0.9286 -0.2858 0.2364
vn 0.9383 0.3457 0.0057
vn 0.9200 0.3786 -0.1011
vn 0.9183 0.3655 -0.1519
vn 0.9296 0.3276 -0.1689
vn 0.8916 0.3051 -0.3345
vn 0.7635 0.1571 -0.6264
vn 0.8005 0.1357 -0.5838
vn 0.7332 0.1027 -0.6722
vn 0.8493 0.0069 -0.5278
vn 0.8954 0.0536 -0.4420
vn 0.8773 0.4707 -0.0941
vn 0.9454 0.3193 -0.0645
vn 0.9470 0.2961 -0.1244
vn 0.9002 0.4099 -0.1468
vn 0.9254 -0.3737 0.0623
vn 0.9239 -0.3748 0.0762
vn 0.9241 -0.2910 0.2476
vn 0.7081 -0.3166 -0.6312
vn 0.9606 -0.2574 -0.1043
vn 0.9540 -0.2842 -0.0951
vn 0.9583 -0.2641 -0.1092
vn 0.9779 -0.2083 -0.0170
vn 0.8513 0.2728 -0.4481
vn 0.6920 -0.1451 -0.7071
vn 0.7221 -0.1177 -0.6817
vn 0.9117 0.2421 -0.3317
vn 0.9335 -0.3433 -0.1033
vn 0.9793 0.0922 -0.1799
vn 0.4813 -0.5924 -0.6460
vn 0.5290 -0.8475 0.0416
vn 0.4188 -0.4024 -0.8140
vn 0.9908 -0.0595 -0.1218
vn 0.9972 0.0069 0.0747
vn 0.9926 0.0021 0.1209
vn 0.9882 -0.1375 0.0674
vn 0.9878 -0.0309 0.1526
vn 0.9650 0.1884 0.1823
vn 0.9916 -0.0804 -0.1015
vn 0.9956 -0.0847 -0.0399
vn 0.9844 -0.0199 -0.1746
vn 0.9589 -0.1382 -0.2476
vn 0.9666 0.0783 -0.2442
vn 0.9975 0.0676 -0.0220
vn 0.9892 0.1454 -0.0186
vn 0.9862 0.0142 0.1647
vn 0.9575 -0.1714 0.2319
vn 0.9636 -0.2070 0.1689
vn 0.9712 -0.1962 0.1351
vn 0.9964 0.0245 0.0807
vn 0.8994 0.2254 -0.3744
vn 0.9430 0.3100 -0.1210
vn 0.9906 0.0975 -0.0956
vn 0.9785 -0.0087 -0.2062
vn 0.9964 0.0782 0.0321
vn 0.8392 0.5413 0.0516
vn 0.9798 0.0909 -0.1778
vn 0.9978 -0.0602 -0.0258
vn 0.9117 0.1743 -0.3720
vn 0.8881 0.3475 -0.3009
vn 0.9809 0.0621 -0.1844
vn 0.9773 0.2111 -0.0160
vn 0.9975 0.0551 -0.0439
vn 0.9961 0.0381 -0.0799
vn 0.9924 0.0349 -0.1178
vn 0.9849 0.0865 -0.1502
vn 0.9996 -0.0175 -0.0225
vn 0.9754 -0.1050 0.1940
vn 0.9622 -0.2232 0.1558
vn 0.9521 -0.2716 0.1404
vn 0.9406 -0.2462 0.2336
vn 0.9198 -0.3756 0.1135
vn 0.9451 -0.3041 0.1194
vn 0.4093 -0.0324 -0.9118
vn 0.2714 -0.0317 -0.9619
vn 0.1285 -0.9548 -0.2678
vn 0.1880 -0.9817 -0.0314
vn 0.1232 -0.9914 0.0448
vn 0.2070 -0.9778 -0.0336
vn 0.0060 -0.8905 0.4549
vn 0.2478 -0.8872 0.3890
vn 0.8315 -0.4782 0.2825
vn 0.7558 -0.4908 0.4334
vn 0.6440 0.0587 0.7628
vn 0.7889 -0.0658 0.6110
vn 0.3909 0.4907 0.7787
vn 0.6371 0.3598 0.6817
vn 0.5974 0.1510 0.7876
vn 0.3937 0.4747 0.7871
vn 0.6879 -0.4245 0.5887
vn 0.9857 0.0906 0.1418
vn 0.9857 -0.1491 0.0775
vn 0.9870 -0.1578 0.0291
vn 0.9855 -0.1683 -0.0194
vn 0.9782 -0.2044 -0.0354
vn 0.8058 -0.2885 -0.5170
vn 0.4945 -0.7638 -0.4147
vn 0.7696 -0.6384 -0.0103
vn 0.9930 -0.1018 -0.0592
vn 0.7692 -0.1031 0.6305
vn 0.8728 0.2251 0.4329
vn 0.2467 -0.9491 0.1959
vn 0.2679 -0.3456 0.8993
vn 0.1886 -0.9460 -0.2636
vn 0.9290 -0.3070 -0.2064
vn 0.7653 -0.6272 -0.1445
vn 0.7497 -0.6574 0.0751
vn 0.9758 -0.2145 -0.0423
vn 0.7244 -0.4024 0.5597
vn 0.9627 0.0150 0.2700
vn 0.3325 -0.9402 0.0741
vn 0.1901 -0.6520 0.7340
vn 0.4095 -0.8767 -0.2523
vn 0.8374 0.0607 0.5431
vn 0.8676 0.3630 0.3399
vn 0.9855 0.1559 -0.0669
vn 0.9779 -0.2091 -0.0043
vn 0.8949 0.0572 -0.4425
vn 0.8059 -0.2790 -0.5221
vn 0.9444 -0.1445 -0.2953
vn 0.9080 -0.0979 -0.4072
vn 0.7184 -0.5101 -0.4730
vn 0.7810 -0.6244 0.0117
vn 0.9918 -0.0938 0.0868
vn 0.6591 -0.4665 0.5898
vn 0.8817 0.0015 0.4717
vn 0.2586 -0.9237 -0.2825
vn 0.0795 -0.9018 0.4247
vn 0.3540 -0.6825 -0.6394
vn 0.7729 0.0430 0.6330
vn 0.8892 -0.0470 0.4551
vn 0.8898 -0.2648 0.3715
vn 0.7985 -0.3210 0.5092
vn 0.9286 -0.3101 0.2037
vn 0.9487 -0.2217 0.2253
vn -0.0839 -0.4354 0.8963
vn -0.0721 -0.9731 0.2187
vn -0.0311 -0.9559 -0.2919
vn 0.3274 -0.9110 0.2506
vn 0.3401 -0.8002 0.4939
vn 0.3630 -0.1972 0.9107
vn 0.4083 -0.4533 0.7923
vn 0.2403 0.2663 0.9334
vn 0.3228 0.2448 0.9142
vn 0.2021 -0.9726 0.1150
vn 0.2715 -0.7763 -0.5688
vn 0.2680 -0.4978 -0.8248
vn 0.5181 -0.6123 -0.5972
vn 0.2310 -0.5967 -0.7685
vn 0.1220 -0.9227 -0.3657
vn 0.4018 -0.8697 -0.2865
vn 0.0027 -0.9168 0.3994
vn 0.1681 -0.8994 0.4035
vn -0.0947 -0.9647 0.2457
vn 0.0418 -0.9088 -0.4151
vn 0.1371 -0.6678 -0.7316
vn 0.4273 -0.8290 -0.3606
vn 0.4436 -0.7270 -0.5241
vn 0.4363 -0.8974 -0.0661
vn 0.4084 -0.8969 0.1697
vn 0.1911 -0.6488 0.7365
vn 0.1285 -0.6367 0.7603
vn 0.0596 0.2195 0.9738
vn 0.1077 -0.2858 0.9522
vn 0.4151 -0.3139 0.8539
vn 0.3822 0.2035 0.9014
vn 0.2156 -0.9420 -0.2573
vn 0.1609 -0.9771 0.1395
vn -0.0054 -0.6311 0.7757
vn 0.9907 -0.1325 0.0315
vn 0.9985 0.0067 -0.0533
vn 0.9994 -0.0048 0.0341
vn 0.9090 0.4098 -0.0760
vn 0.9785 -0.0689 0.1946
vn 0.9872 0.1092 0.1162
vn 0.9626 0.2705 0.0182
vn 0.9929 -0.0126 0.1186
vn 0.9729 -0.1397 0.1841
vn 0.9832 -0.1706 -0.0656
vn 0.9696 -0.2323 -0.0769
vn 0.9719 -0.2123 -0.1017
vn 0.9665 -0.2553 -0.0251
vn 0.9759 -0.2035 -0.0788
vn 0.9913 0.0194 -0.1298
vn 0.9201 0.3250 -0.2184
vn 0.9985 -0.0305 0.0458
vn 0.9828 0.1798 -0.0420
vn 0.7174 -0.4768 -0.5079
vn 0.4096 -0.8079 -0.4236
vn 0.6233 -0.7815 -0.0269
vn 0.7208 -0.4933 -0.4870
vn 0.8263 -0.3884 0.4079
vn 0.9358 -0.3525 0.0085
vn 0.2531 -0.9236 0.2880
vn 0.3456 -0.3700 0.8623
vn 0.8755 -0.4363 0.2076
vn 0.9111 -0.1700 0.3754
vn 0.8982 0.1218 0.4224
vn 0.5550 0.2704 0.7866
vn 0.7701 -0.4672 0.4343
vn 0.6706 -0.7401 0.0499
vn 0.9852 -0.1707 0.0163
vn 0.7463 0.3825 0.5446
vn 0.9289 -0.1682 -0.3298
vn 0.9996 0.0260 0.0051
vn 0.8811 0.2581 0.3963
vn 0.9594 -0.1176 -0.2561
vn 0.9912 -0.0675 -0.1133
vn 0.9895 0.0902 0.1124
vn 0.4066 -0.4418 0.7996
vn 0.4540 -0.8664 0.2076
vn 0.4860 -0.7303 -0.4800
vn 0.9462 0.2273 -0.2304
vn 0.9865 0.1487 0.0687
vn 0.9368 0.1841 0.2974
vn 0.8284 -0.4652 0.3120
vn 0.8795 -0.4732 -0.0507
vn 0.8317 -0.3505 -0.4305
vn 0.6071 0.1254 0.7846
vn 0.6442 -0.3459 0.6822
vn 0.8644 -0.2283 -0.4480
vn 0.8472 -0.3388 -0.4093
vn 0.9705 -0.1978 -0.1380
vn 0.8242 -0.1007 -0.5572
vn 0.8753 -0.1708 -0.4524
vn 0.9106 -0.2528 -0.3270
vn 0.9246 -0.1679 -0.3419
vn 0.9109 -0.0790 -0.4049
vn 0.9198 -0.1120 -0.3760
vn 0.9372 -0.3325 0.1052
vn 0.9448 -0.3218 0.0612
vn 0.9673 -0.2089 0.1439
vn 0.9864 -0.1441 0.0787
vn 0.1613 -0.8206 0.5482
vn 0.3036 -0.9498 0.0750
vn 0.8650 -0.5007 -0.0297
vn 0.7956 -0.4861 0.3616
vn 0.9961 -0.0313 -0.0826
vn 0.9838 -0.0185 0.1781
vn 0.8605 -0.4135 -0.2974
vn 0.9626 0.0099 -0.2705
vn 0.4120 -0.8697 -0.2719
vn 0.0872 -0.2052 0.9748
vn 0.1204 0.1029 0.9874
vn 0.4281 -0.1336 0.8938
vn 0.3590 0.2728 0.8926
vn 0.1533 -0.6241 0.7661
vn 0.4263 -0.5865 0.6886
vn 0.9074 0.4094 0.0942
vn 0.9330 0.2886 0.2147
vn 0.9741 0.2247 -0.0243
vn 0.9008 0.4156 -0.1259
vn 0.9161 0.1655 -0.3650
vn 0.8626 0.3533 -0.3620
vn 0.0851 -0.9748 -0.2059
vn 0.0976 -0.9672 0.2344
vn 0.6745 -0.7157 -0.1811
vn 0.6123 -0.7666 0.1934
vn 0.1356 -0.7729 -0.6199
vn 0.6635 -0.4978 -0.5585
vn -0.2157 -0.7845 0.5814
vn -0.1733 -0.4844 0.8575
vn 0.3504 -0.7703 0.5328
vn 0.3380 -0.4392 0.8323
vn -0.0757 -0.9839 0.1616
vn 0.3433 -0.9326 0.1114
vn 0.9489 -0.2887 -0.1274
vn 0.9789 -0.0626 -0.1944
vn 0.9945 0.0926 0.0489
vn 0.9866 -0.1115 0.1190
vn 0.9406 0.2297 0.2498
vn 0.9327 0.0703 0.3537
vn 0.9651 0.2561 -0.0549
vn 0.9432 0.2964 0.1499
vn 0.9672 0.1200 -0.2237
vn 0.9850 -0.1486 -0.0871
vn 0.9264 -0.3101 0.2137
vn 0.9926 0.0937 -0.0775
vn 0.9907 0.0077 0.1357
vn 0.9471 -0.0219 -0.3201
vn 0.9651 0.1835 -0.1864
vn -0.0520 -0.8533 0.5188
vn -0.0049 -0.6392 0.7690
vn 0.3115 -0.6770 0.6668
vn 0.3354 -0.4321 0.8371
vn -0.0858 -0.9620 0.2592
vn 0.2790 -0.8862 0.3699
vn 0.7988 0.0009 0.6016
vn 0.6218 0.3365 0.7071
vn 0.9639 0.0768 0.2548
vn 0.8398 0.3177 0.4401
vn 0.8432 -0.3449 0.4123
vn -0.0045 -0.5987 0.8009
vn 0.1045 -0.2566 0.9608
vn 0.2655 -0.5396 0.7990
vn 0.2659 -0.0399 0.9632
vn 0.7318 -0.2139 0.6470
vn 0.6513 0.1352 0.7467
vn 0.8672 -0.2526 0.4292
vn 0.8011 0.0975 0.5905
vn 0.7395 -0.5372 0.4055
vn 0.8289 -0.5202 0.2053
vn 0.7110 -0.6631 0.2340
vn 0.5828 -0.6859 0.4356
vn 0.7883 -0.6077 0.0964
vn -0.1189 -0.9837 0.1346
vn -0.1698 -0.7863 0.5940
vn 0.0640 -0.9719 -0.2266
vn -0.1055 -0.9531 0.2838
vn 0.0056 -0.7566 0.6539
vn 0.1855 -0.9340 0.3052
vn 0.1288 -0.7355 0.6651
vn -0.0595 -0.9893 -0.1329
vn 0.2645 -0.9580 -0.1107
vn 0.7902 -0.5615 0.2454
vn 0.6500 -0.4767 0.5918
vn 0.9998 -0.0085 0.0162
vn 0.9501 0.0470 0.3083
vn 0.8175 -0.5523 -0.1632
vn 0.9720 -0.0331 -0.2328
vn 0.9624 -0.2544 -0.0953
vn 0.9653 0.0176 -0.2605
vn 0.9577 0.2873 -0.0139
vn 0.9731 0.0235 0.2289
vn 0.7608 0.5735 0.3037
vn 0.7483 0.4016 0.5279
vn 0.8811 0.4535 -0.1340
vn 0.7721 0.6187 0.1451
vn 0.9295 0.2002 -0.3096
vn 0.8074 -0.3073 -0.5036
vn 0.9059 0.0656 -0.4185
vn 0.5137 -0.6567 -0.5521
vn 0.7619 -0.6290 0.1543
vn 0.3611 -0.8802 0.3081
vn -0.1159 -0.5386 0.8345
vn 0.1485 -0.5011 0.8525
vn 0.7857 -0.4352 0.4396
vn 0.1908 -0.7867 0.5871
vn 0.9499 0.0215 0.3116
vn 0.5554 0.1502 0.8179
vn 0.3879 0.4229 0.8189
vn 0.2868 0.2743 0.9178
vn 0.4736 0.5770 0.6654
vn 0.5070 -0.6649 -0.5484
vn 0.7787 -0.2253 -0.5855
vn 0.4331 -0.7435 -0.5096
vn 0.7466 -0.6426 0.1718
vn 0.5902 -0.7781 -0.2151
vn 0.8558 -0.3930 -0.3364
vn 0.0331 -0.4371 0.8988
vn 0.0810 -0.4740 0.8768
vn 0.1417 -0.9720 -0.1875
vn 0.4095 -0.8923 -0.1899
vn 0.8505 -0.3858 0.3575
vn 0.4506 -0.7685 0.4542
vn 0.9784 0.0010 0.2068
vn 0.7720 -0.0900 0.6292
vn 0.8036 -0.1618 0.5727
vn 0.3479 -0.2829 0.8938
vn 0.9504 0.0481 0.3073
vn 0.9176 0.1736 0.3576
vn 0.4016 -0.7651 -0.5033
vn 0.8222 0.1784 -0.5405
vn 0.5835 -0.0959 -0.8065
vn 0.9178 0.2390 -0.3169
vn 0.1942 -0.3551 -0.9144
vn 0.1075 -0.7879 -0.6063
vn 0.3468 -0.7796 -0.5215
vn 0.1974 0.0717 0.9777
vn 0.7915 -0.2889 -0.5386
vn 0.4420 -0.6087 -0.6588
vn 0.8283 -0.5601 -0.0117
vn 0.7746 -0.6077 -0.1752
vn 0.9035 -0.3531 -0.2430
vn -0.1033 -0.1813 0.9780
vn 0.2748 -0.1819 0.9441
vn -0.1596 -0.6927 0.7033
vn 0.0575 -0.6470 0.7603
vn 0.8349 -0.1740 0.5221
vn 0.7435 -0.0458 0.6671
vn 0.8349 0.2109 0.5084
vn 0.6961 -0.1771 0.6957
vn 0.8906 0.1732 0.4205
vn 0.2568 -0.8943 0.3663
vn -0.0862 -0.7839 0.6149
vn 0.2126 -0.7716 -0.5995
vn 0.6544 -0.3626 0.6635
vn 0.8918 0.0366 0.4508
vn 0.0065 -0.3738 0.9275
vn 0.0018 -0.2863 0.9581
vn 0.9931 -0.0431 -0.1090
vn 0.8450 -0.5192 0.1282
vn 0.7105 -0.6039 -0.3611
vn 0.8598 -0.2252 -0.4583
vn 0.2058 -0.9782 0.0274
vn 0.7395 -0.3082 0.5984
vn 0.5682 0.3219 0.7573
vn 0.3917 0.3628 0.8455
vn 0.7242 0.2626 0.6376
vn 0.3362 -0.6550 0.6767
vn 0.4151 -0.3128 0.8543
vn -0.0489 -0.9963 -0.0704
vn 0.1809 0.3088 0.9337
vn 0.2515 0.3358 0.9077
vn 0.3236 0.4836 0.8132
vn 0.5005 -0.3125 0.8073
vn 0.8208 0.1128 0.5599
vn 0.3947 0.5408 0.7428
vn 0.6245 0.4891 0.6089
vn 0.0634 0.3547 0.9328
vn 0.8789 -0.3810 0.2870
vn 0.7461 -0.4870 -0.4540
vn 0.8976 -0.0517 -0.4377
vn 0.9796 -0.1577 -0.1244
vn 0.9201 0.2550 0.2971
vn 0.2163 -0.6860 -0.6946
vn 0.3576 0.1252 0.9254
vn 0.1246 -0.8681 0.4805
vn 0.9669 0.0221 -0.2542
vn 0.9120 -0.2507 0.3244
vn 0.8928 0.0361 0.4490
vn 0.9576 -0.2855 0.0381
vn 0.9833 -0.0893 0.1587
vn 0.8487 -0.5173 0.1097
vn 0.8889 -0.4569 0.0304
vn 0.9633 0.2407 -0.1186
vn 0.9513 0.2867 0.1133
vn 0.8652 0.4639 -0.1902
vn 0.8885 0.4588 -0.0031
vn 0.9250 0.2602 -0.2768
vn 0.8631 0.4125 -0.2912
vn -0.6520 0.5853 0.4820
vn -0.5769 0.4225 0.6990
vn -0.6863 0.1030 0.7200
vn 0.9573 0.2884 -0.0173
vn 0.9409 0.2471 0.2317
vn 0.9661 0.2525 -0.0542
vn 0.9745 0.1801 0.1339
vn 0.9084 0.3324 -0.2536
vn 0.9992 0.0344 0.0208
vn 0.9489 0.2224 0.2236
vn 0.9992 -0.0209 -0.0342
vn 0.9822 0.1390 0.1265
vn 0.9758 0.1946 -0.0999
vn 0.9669 0.2112 0.1429
vn 0.9463 0.3048 -0.1071
vn 0.9514 0.3015 0.0622
vn 0.9429 0.1956 -0.2694
vn 0.9336 0.2794 -0.2241
vn 0.9884 0.0307 -0.1484
vn 0.9998 0.0132 0.0121
vn 0.9930 -0.1099 -0.0443
vn 0.9704 0.0352 -0.2389
vn 0.9790 -0.1935 0.0632
vn 0.9781 -0.2075 0.0170
vn 0.6219 0.6034 0.4991
vn 0.8352 0.4963 0.2367
vn 0.9890 -0.1389 -0.0510
vn 0.9736 -0.1926 -0.1223
vn 0.8372 0.3870 0.3864
vn 0.7993 0.5916 0.1055
vn 0.8338 0.1080 -0.5414
vn 0.8415 0.3175 -0.4371
vn 0.9579 0.1909 0.2145
vn 0.9873 0.1372 0.0797
vn 0.9138 0.1903 -0.3589
vn 0.9375 0.2744 -0.2137
vn 0.8647 0.1486 0.4797
vn 0.9768 -0.1140 0.1812
vn 0.9733 0.1665 0.1577
vn 0.9896 0.1435 -0.0027
vn 0.9929 0.0949 -0.0710
vn 0.9944 0.0774 0.0721
vn 0.9804 -0.0035 -0.1969
vn 0.9912 0.0560 -0.1197
vn 0.7496 0.6367 -0.1808
vn 0.7934 0.5234 -0.3107
vn 0.8836 0.4416 -0.1555
vn 0.9143 0.1678 -0.3686
vn 0.9937 -0.0931 -0.0618
vn 0.9947 0.0890 -0.0515
vn 0.9324 0.3478 -0.0977
vn 0.9368 0.3240 0.1316
vn 0.8673 0.4494 -0.2138
vn 0.9259 0.3673 0.0883
vn 0.9564 0.2770 -0.0922
vn 0.9309 0.3123 0.1891
vn 0.9660 0.1207 -0.2285
vn 0.8101 -0.5849 0.0411
vn 0.8822 -0.4708 -0.0074
vn 0.9900 0.0449 -0.1335
vn 0.9266 -0.1050 -0.3611
vn 0.8411 0.3386 0.4216
vn 0.9340 -0.1333 -0.3315
vn 0.9178 0.2728 0.2884
vn 0.9955 0.0307 0.0894
vn 0.8591 0.2870 -0.4238
vn 0.9065 0.2302 0.3539
vn 0.8910 -0.1426 -0.4310
vn 0.9505 0.2208 0.2186
vn 0.9663 0.1428 0.2139
vn 0.9525 -0.2998 -0.0535
vn -0.5689 -0.4548 0.6852
vn -0.6162 -0.2364 0.7513
vn -0.5997 0.7357 0.3148
vn -0.0678 0.9977 0.0005
vn -0.6597 0.0544 0.7495
vn 0.8216 0.3813 -0.4237
vn 0.8654 0.2634 -0.4263
vn 0.6793 0.7338 0.0017
vn 0.5792 0.8125 0.0658
vn 0.9279 0.1807 -0.3260
vn 0.8484 0.3422 -0.4037
vn 0.6838 0.7283 0.0445
vn 0.6987 0.6894 0.1910
vn 0.9927 0.0583 0.1053
vn 0.8006 0.3603 0.4787
vn 0.7554 0.4644 0.4622
vn 0.9985 0.0412 -0.0343
vn 0.9847 0.1407 0.1022
vn 0.9825 0.1550 -0.1035
vn 0.9871 0.1563 0.0334
vn 0.9238 0.3424 -0.1712
vn 0.9739 0.0886 0.2088
vn 0.9613 0.0537 0.2701
vn 0.9286 0.1395 0.3438
vn 0.9209 0.0134 0.3895
vn 0.9053 -0.0904 0.4151
vn 0.8617 0.4940 -0.1159
vn 0.8385 0.5384 -0.0839
vn 0.7272 0.6716 0.1416
vn 0.7119 0.6900 0.1309
vn 0.8456 0.5247 -0.0978
vn 0.9390 -0.3381 0.0633
vn 0.9554 -0.2915 0.0476
vn 0.9334 0.3566 0.0382
vn 0.9295 0.3569 0.0925
vn 0.9335 0.3497 0.0787
vn 0.9543 0.2939 -0.0532
vn 0.9864 0.1567 -0.0492
vn 0.9868 0.1615 -0.0152
vn 0.9668 0.2550 -0.0175
vn 0.9994 0.0114 0.0316
vn 0.6281 -0.2756 -0.7277
vn 0.4876 -0.4806 -0.7288
vn 0.7694 -0.3293 -0.5473
vn 0.8592 -0.2430 -0.4501
vn 0.9803 0.0855 -0.1780
vn 0.7041 -0.3435 -0.6214
vn 0.4140 -0.6006 -0.6840
vn 0.9681 -0.0038 0.2503
vn 0.9062 0.4223 -0.0225
vn 0.8840 0.4578 -0.0945
vn 0.9377 0.3323 -0.1014
vn 0.9275 0.3738 0.0032
vn 0.8525 0.5226 0.0108
vn 0.9857 0.1593 -0.0537
vn 0.9822 -0.1699 0.0795
vn 0.8500 0.5235 0.0576
vn 0.9083 0.3999 0.1227
vn 0.8889 0.4559 -0.0457
vn 0.2989 -0.6146 -0.7299
vn 0.6331 -0.3079 -0.7101
vn 0.6698 -0.3070 -0.6761
vn 0.3668 -0.6489 -0.6665
vn 0.9788 0.2024 -0.0320
vn 0.9860 0.1664 0.0098
vn 0.1603 -0.1666 -0.9729
vn 0.2068 -0.4755 -0.8550
vn 0.5258 -0.1202 -0.8420
vn 0.4307 -0.0043 -0.9025
vn 0.8145 -0.2241 -0.5351
vn 0.4798 -0.7675 -0.4251
vn 0.3160 0.3869 -0.8662
vn 0.5644 0.1733 -0.8071
vn 0.7572 0.5240 -0.3899
vn 0.7179 0.6795 0.1511
vn 0.8876 0.4133 0.2031
vn 0.7815 -0.4911 0.3848
vn 0.9995 0.0092 -0.0281
vn 0.8813 0.3325 -0.3357
vn 0.9960 -0.0449 0.0767
vn 0.8907 0.3200 -0.3227
vn 0.5771 0.4623 -0.6732
vn 0.6251 -0.1496 -0.7660
vn 0.4027 0.0102 -0.9153
vn 0.7964 -0.3665 -0.4810
vn 0.1900 -0.4771 -0.8580
vn 0.5763 -0.6993 -0.4227
vn 0.1401 -0.1443 -0.9795
vn 0.8418 -0.4366 0.3175
vn 0.2458 0.4945 -0.8336
vn 0.7241 -0.2351 -0.6483
vn 0.7707 -0.2402 -0.5902
vn 0.9923 -0.1207 -0.0278
vn 0.9776 -0.2097 -0.0156
vn 0.9751 -0.2172 -0.0453
vn -0.1203 0.9847 -0.1262
vn -0.3186 0.9310 -0.1782
vn 0.2551 0.9669 0.0072
vn 0.5441 0.8387 -0.0204
vn -0.0940 0.9881 -0.1214
vn 0.3980 0.7995 0.4498
vn -0.0196 0.7900 0.6128
vn 0.1220 0.7728 0.6228
vn 0.4991 0.6468 0.5766
vn -0.0399 0.9413 -0.3352
vn -0.3675 0.9059 0.2106
vn 0.3144 0.8998 -0.3024
vn 0.0646 0.9221 -0.3815
vn 0.3913 0.8941 0.2178
vn 0.6948 0.7191 0.0012
vn -0.2153 0.9729 -0.0842
vn 0.3844 0.9000 -0.2055
vn -0.0734 0.9762 -0.2040
vn 0.1019 0.9643 -0.2443
vn 0.5723 0.8186 -0.0484
vn 0.7597 0.6287 0.1659
vn 0.3525 0.8861 -0.3009
vn 0.9986 -0.0510 -0.0138
vn 0.9821 0.0921 0.1645
vn 0.8506 0.3365 0.4039
vn 0.1288 -0.7552 0.6427
vn 0.9408 -0.2189 0.2585
vn 0.9399 -0.2471 0.2355
vn 0.9860 -0.1448 0.0822
vn 0.9712 -0.2113 0.1102
vn 0.9466 -0.2669 0.1811
vn 0.8558 0.4660 0.2243
vn 0.9326 0.3606 -0.0090
vn 0.8995 0.4310 -0.0714
vn 0.7646 0.5454 0.3434
vn 0.7331 0.6527 0.1913
vn 0.8626 0.4966 -0.0962
vn 0.7139 0.6910 0.1136
vn 0.6718 0.6082 0.4227
vn 0.6388 0.7219 0.2659
vn 0.8805 0.4727 -0.0354
vn 0.8357 0.5407 -0.0957
vn 0.6761 0.5098 0.5319
vn 0.9080 0.4189 0.0102
vn 0.3199 -0.5588 -0.7651
vn 0.1746 -0.6127 -0.7708
vn 0.7895 -0.5820 -0.1949
vn 0.5434 -0.4115 -0.7317
vn 0.8779 -0.4428 -0.1820
vn 0.2845 -0.5908 -0.7550
vn 0.5148 -0.3724 -0.7722
vn 0.6258 0.7552 0.1953
vn 0.6109 0.7425 0.2748
vn 0.8502 0.5055 -0.1468
vn 0.8551 0.5119 -0.0818
vn 0.5883 -0.3318 -0.7374
vn 0.9130 0.3415 -0.2233
vn 0.9424 0.3317 -0.0414
vn 0.7690 0.1450 -0.6225
vn 0.9796 0.1952 0.0475
vn 0.5807 0.7527 0.3101
vn 0.4237 0.6278 -0.6529
vn 0.8296 0.5399 -0.1424
vn 0.6439 0.5482 -0.5336
vn 0.8228 -0.0139 -0.5682
vn 0.8222 0.0501 -0.5669
vn 0.8352 0.0334 -0.5488
vn 0.5819 -0.3764 -0.7209
vn 0.6274 -0.3548 -0.6931
vn 0.8559 0.2337 0.4613
vn 0.9819 -0.0383 0.1853
vn 0.9098 -0.0792 -0.4073
vn 0.9148 0.3373 0.2222
vn 0.8381 0.0276 -0.5448
vn 0.8366 0.0576 -0.5447
vn 0.6126 -0.2970 -0.7324
vn 0.5622 -0.2104 -0.7997
vn 0.8316 0.0884 -0.5482
vn 0.5368 -0.0295 -0.8432
vn 0.7188 0.1386 0.6813
vn 0.5917 0.3178 0.7409
vn 0.5756 0.0208 -0.8174
vn 0.1210 -0.0834 -0.9891
vn 0.3272 -0.2998 -0.8961
vn 0.6785 0.4618 0.5712
vn 0.3815 -0.6154 -0.6897
vn 0.4067 -0.5789 -0.7067
vn 0.4085 -0.4664 -0.7846
vn 0.9336 -0.2394 -0.2666
vn -0.0981 0.9887 0.1128
vn -0.1834 0.9704 -0.1570
vn -0.3426 0.9266 -0.1546
vn -0.2720 0.9561 0.1088
vn -0.4536 0.8912 -0.0001
vn -0.4215 0.8916 -0.1656
vn -0.4983 0.8496 -0.1723
vn -0.4874 0.8652 -0.1175
vn -0.4343 0.8894 -0.1427
vn -0.4148 0.8939 -0.1701
vn -0.1227 0.8633 0.4895
vn -0.4257 0.8606 0.2794
vn 0.2111 0.9218 0.3250
vn 0.2466 0.9557 -0.1607
vn -0.5423 0.8377 -0.0640
vn -0.5261 0.8319 -0.1762
vn -0.5636 0.7906 -0.2394
vn -0.5120 0.8326 -0.2113
vn -0.3971 0.8950 -0.2030
vn 0.9345 0.3301 0.1328
vn 0.8286 -0.2643 0.4934
vn 0.9752 0.0949 0.1996
vn 0.9889 0.1325 0.0666
vn 0.9814 -0.1914 -0.0142
vn 0.8969 0.4216 -0.1332
vn 0.0957 -0.6535 -0.7508
vn 0.2078 -0.6180 -0.7582
vn 0.5852 -0.3296 -0.7409
vn 0.6005 -0.2486 -0.7599
vn 0.4237 -0.0356 -0.9051
vn 0.5379 -0.1075 -0.8361
vn 0.3421 -0.1104 -0.9331
vn 0.9387 -0.1550 -0.3077
vn 0.9442 -0.0423 -0.3266
vn 0.9433 0.0978 -0.3171
vn 0.6071 0.2478 0.7549
vn 0.7814 0.4518 -0.4305
vn 0.7737 0.4163 -0.4776
vn 0.7166 0.1014 -0.6901
vn 0.7411 0.5575 -0.3741
vn 0.7619 0.4876 -0.4262
vn 0.7801 0.4654 -0.4181
vn 0.8666 0.1225 -0.4837
vn 0.5042 -0.1682 -0.8470
vn 0.2871 -0.3652 -0.8855
vn 0.2079 -0.4866 -0.8485
vn 0.3843 -0.3688 -0.8463
vn 0.5022 -0.1924 -0.8430
vn 0.5436 0.0157 -0.8392
vn 0.5022 0.2237 -0.8353
vn 0.3843 0.4001 -0.8320
vn 0.2079 0.5180 -0.8297
vn 0.6998 -0.6491 0.2981
vn 0.5374 -0.7981 0.2723
vn 0.5769 -0.6858 0.4438
vn 0.5704 -0.5494 0.6106
vn 0.7599 -0.4280 0.4891
vn 0.6301 -0.3360 0.7000
vn 0.8880 -0.0318 0.4588
vn 0.6801 -0.0866 0.7280
vn 0.8173 0.4031 0.4118
vn 0.7359 0.1563 0.6588
vn 0.7820 0.5759 0.2383
vn 0.8274 0.2855 0.4835
vn 0.4498 -0.8254 -0.3412
vn 0.5931 -0.7359 -0.3265
vn 0.7981 -0.4228 -0.4293
vn 0.8691 0.0065 -0.4945
vn 0.7740 0.4552 -0.4400
vn 0.6418 0.6733 -0.3670
vn 0.5116 0.6605 -0.5495
vn 0.7415 0.5277 -0.4143
vn 0.1862 -0.4660 0.8649
vn 0.4151 -0.9028 -0.1122
vn 0.3318 -0.3563 0.8735
vn 0.6478 -0.7544 -0.1053
vn 0.4181 -0.1922 0.8878
vn 0.8923 -0.4138 -0.1803
vn 0.4478 -0.0185 0.8939
vn 0.9777 0.0138 -0.2097
vn 0.4301 0.1581 0.8888
vn 0.8767 0.4633 -0.1291
vn 0.3457 0.3310 0.8780
vn 0.6844 0.7272 -0.0523
vn 0.1891 0.4264 0.8845
vn 0.4527 0.8898 -0.0572
vn 0.0766 -0.2035 0.9760
vn 0.1392 -0.1582 0.9775
vn 0.1837 -0.0943 0.9784
vn 0.1985 -0.0180 0.9799
vn 0.1823 0.0580 0.9815
vn 0.1395 0.1227 0.9826
vn 0.0779 0.1683 0.9826
vn 0.2092 -0.5304 0.8215
vn 0.1117 -0.2938 0.9493
vn 0.3927 -0.4089 0.8238
vn 0.2076 -0.2256 0.9518
vn 0.5140 -0.2287 0.8267
vn 0.2719 -0.1303 0.9534
vn 0.5565 -0.0158 0.8307
vn 0.2942 -0.0177 0.9556
vn 0.5141 0.1971 0.8348
vn 0.2712 0.0949 0.9578
vn 0.3924 0.3768 0.8390
vn 0.2067 0.1902 0.9597
vn 0.2123 0.4957 0.8421
vn 0.1124 0.2536 0.9607
vn 0.2600 -0.6463 0.7174
vn 0.4870 -0.5001 0.7160
vn 0.6368 -0.2771 0.7194
vn 0.6893 -0.0134 0.7243
vn 0.6367 0.2503 0.7293
vn 0.4869 0.4735 0.7340
vn 0.2633 0.6220 0.7374
vn 0.2904 -0.7143 0.6367
vn 0.5390 -0.5508 0.6372
vn 0.7042 -0.3037 0.6417
vn 0.7623 -0.0121 0.6471
vn 0.7042 0.2795 0.6526
vn 0.5390 0.5267 0.6573
vn 0.2917 0.6918 0.6606
vn 0.3526 -0.8583 0.3728
vn 0.6516 -0.6587 0.3762
vn 0.8513 -0.3598 0.3819
vn 0.9214 -0.0072 0.3884
vn 0.8513 0.3452 0.3950
vn 0.6516 0.6441 0.4006
vn 0.3526 0.8438 0.4045
vn 0.3796 -0.9186 0.1101
vn 0.7014 -0.7036 0.1140
vn 0.9164 -0.3818 0.1200
vn 0.9919 -0.0023 0.1270
vn 0.9164 0.3771 0.1341
vn 0.7014 0.6988 0.1401
vn 0.3795 0.9138 0.1442
vn 0.3820 -0.9212 -0.0742
vn 0.7059 -0.7048 -0.0703
vn 0.9224 -0.3809 -0.0643
vn 0.9984 0.0010 -0.0572
vn 0.9224 0.3830 -0.0501
vn 0.7060 0.7069 -0.0440
vn 0.3820 0.9233 -0.0399
vn 0.3820 -0.9210 -0.0759
vn 0.2994 -0.7114 -0.6358
vn 0.7059 -0.7046 -0.0719
vn 0.5534 -0.5417 -0.6326
vn 0.9223 -0.3808 -0.0659
vn 0.7230 -0.2879 -0.6279
vn 0.9983 0.0011 -0.0587
vn 0.7826 0.0116 -0.6224
vn 0.9223 0.3830 -0.0516
vn 0.7230 0.3111 -0.6167
vn 0.7059 0.7068 -0.0455
vn 0.5534 0.5650 -0.6120
vn 0.3819 0.9232 -0.0414
vn 0.2993 0.7346 -0.6088
vn 0.3714 -0.9009 0.2245
vn 0.3486 -0.8491 0.3967
vn 0.6862 -0.6906 0.2283
vn 0.6442 -0.6517 0.4003
vn 0.8966 -0.3758 0.2341
vn 0.8417 -0.3562 0.4057
vn 0.9705 -0.0045 0.2410
vn 0.9110 -0.0077 0.4122
vn 0.8966 0.3668 0.2480
vn 0.8417 0.3408 0.4187
vn 0.6863 0.6816 0.2539
vn 0.6442 0.6363 0.4243
vn 0.3714 0.8919 0.2579
vn 0.3486 0.8337 0.4281
vn 0.3544 -0.8487 -0.3926
vn 0.6550 -0.6479 -0.3889
vn 0.8558 -0.3474 -0.3833
vn 0.9263 0.0070 -0.3767
vn 0.8558 0.3615 -0.3701
vn 0.6550 0.6619 -0.3645
vn 0.3544 0.8627 -0.3606
vn 0.3816 -0.9198 -0.0907
vn 0.7052 -0.7037 -0.0868
vn 0.9214 -0.3802 -0.0808
vn 0.9973 0.0014 -0.0737
vn 0.9214 0.3829 -0.0665
vn 0.7052 0.7064 -0.0604
vn 0.3816 0.9226 -0.0563
vn 0.2717 -0.6686 0.6922
vn 0.5019 -0.5148 0.6950
vn 0.6557 -0.2846 0.6992
vn 0.7097 -0.0132 0.7043
vn 0.6557 0.2583 0.7094
vn 0.5019 0.4885 0.7137
vn 0.2717 0.6423 0.7167
vn 0.8981 -0.2430 -0.3665
vn 0.4431 -0.2582 -0.8585
usemtl ChessWhite
s 1
f 36/1/1 586/2/2 1328/3/3 589/4/3
f 35/5/4 589/4/3 1328/3/3 573/6/5
f 18/7/6 573/6/5 1328/3/3 586/2/2
f 25/8/7 588/9/3 1329/10/3 585/11/8
f 35/5/4 585/11/8 1329/10/3 589/4/3
f 36/1/1 589/4/3 1329/10/3 588/9/3
f 53/12/9 303/13/10 56/14/11
f 617/15/12 1330/16/13 634/17/14 136/18/15
f 26/19/16 699/20/17 1331/21/18 619/22/19
f 699/20/17 286/23/20 952/24/21 1331/21/18
f 1331/21/18 952/24/21 376/25/22 927/26/23
f 619/22/19 1331/21/18 927/26/23 105/27/24
f 208/28/25 1009/29/26 1332/30/27 633/31/28
f 1009/29/26 455/32/29 1013/33/30 1332/30/27
f 1332/30/27 1013/33/30 454/34/31 1003/35/32
f 633/31/28 1332/30/27 1003/35/32 209/36/33
f 434/37/34 1221/38/35 1333/39/36 901/40/37
f 1221/38/35 533/41/38 1020/42/39 1333/39/36
f 1333/39/36 1020/42/39 532/43/40 1219/44/41
f 901/40/37 1333/39/36 1219/44/41 433/45/42
f 190/46/43 994/47/44 1334/48/45 627/49/46
f 994/47/44 447/50/47 1001/51/48 1334/48/45
f 1334/48/45 1001/51/48 446/52/49 1017/53/50
f 627/49/46 1334/48/45 1017/53/50 192/54/51
f 405/55/52 970/56/53 1335/57/54 1222/58/55
f 297/59/56 1224/60/57 1335/57/54 970/56/53
f 413/61/58 1222/58/55 1335/57/54 1224/60/57
f 336/62/59 675/63/60 1336/64/61 843/65/62
f 675/63/60 325/66/63 748/67/64 1336/64/61
f 1336/64/61 748/67/64 318/68/65 785/69/66
f 843/65/62 1336/64/61 785/69/66 333/70/67
f 412/71/68 1060/72/69 1337/73/70 1213/74/71
f 297/59/56 716/75/72 1337/73/70 1060/72/69
f 298/76/73 1213/74/71 1337/73/70 716/75/72
f 347/77/74 685/78/75 1338/79/76 842/80/77
f 685/78/75 309/81/78 739/82/79 1338/79/76
f 1338/79/76 739/82/79 524/83/80 800/84/81
f 842/80/77 1338/79/76 800/84/81 525/85/82
f 302/86/83 560/87/84 1173/88/85
f 402/89/86 1173/88/85 560/87/84
f 534/90/87 669/91/88 1339/92/89 841/93/90
f 669/91/88 535/94/91 747/95/92 1339/92/89
f 1339/92/89 747/95/92 314/96/93 789/97/94
f 841/93/90 1339/92/89 789/97/94 337/98/95
f 342/99/96 681/100/97 1340/101/98 840/102/99
f 681/100/97 311/103/100 738/104/101 1340/101/98
f 1340/101/98 738/104/101 328/105/102 783/106/103
f 840/102/99 1340/101/98 783/106/103 331/107/104
f 398/108/105 965/109/106 1341/110/107 940/111/108
f 1728/112/109 971/113/110 1417/114/111 966/115/112
f 415/116/113 940/111/108 1341/110/107 966/115/112
f 338/117/114 677/118/115 1342/119/116 839/120/117
f 677/118/115 313/121/118 746/122/119 1342/119/116
f 1342/119/116 746/122/119 322/123/120 812/124/121
f 839/120/117 1342/119/116 812/124/121 362/125/122
f 362/125/122 812/124/121 1343/126/123 838/127/124
f 812/124/121 322/123/120 727/128/125 1343/126/123
f 1343/126/123 727/128/125 321/129/126 795/130/127
f 838/127/124 1343/126/123 795/130/127 343/131/128
f 522/132/129 687/133/130 1344/134/131 837/135/132
f 687/133/130 523/136/133 737/137/134 1344/134/131
f 1344/134/131 737/137/134 312/138/135 793/139/136
f 837/135/132 1344/134/131 793/139/136 341/140/137
f 395/141/138 962/142/139 1345/143/140 960/144/141
f 371/145/142 864/146/143 1345/143/140 962/142/139
f 301/147/144 960/144/141 1345/143/140 864/146/143
f 442/148/145 1068/149/146 1346/150/147 1025/151/148
f 541/152/149 953/153/150 1346/150/147 1068/149/146
f 409/154/151 1025/151/148 1346/150/147 953/153/150
f 540/155/152 836/156/153 1347/157/154 1231/158/155
f 836/156/153 561/159/156 1298/160/157 1347/157/154
f 1347/157/154 1298/160/157 563/161/158 1301/162/159
f 1231/158/155 1347/157/154 1301/162/159 330/163/160
f 331/107/104 783/106/103 1348/164/161 835/165/162
f 783/106/103 328/105/102 736/166/163 1348/164/161
f 1348/164/161 736/166/163 327/167/164 786/168/165
f 835/165/162 1348/164/161 786/168/165 334/169/166
f 332/170/167 784/171/168 1349/172/169 834/173/170
f 784/171/168 300/174/171 717/175/172 1349/172/169
f 1349/172/169 717/175/172 299/176/173 810/177/174
f 834/173/170 1349/172/169 810/177/174 360/178/175
f 333/70/67 785/69/66 1350/179/176 833/180/177
f 785/69/66 318/68/65 725/181/178 1350/179/176
f 1350/179/176 725/181/178 317/182/179 791/183/180
f 833/180/177 1350/179/176 791/183/180 339/184/181
f 334/169/166 786/168/165 1351/185/182 832/186/183
f 786/168/165 327/167/164 735/187/184 1351/185/182
f 1351/185/182 735/187/184 326/188/185 787/189/186
f 832/186/183 1351/185/182 787/189/186 335/190/187
f 345/191/188 684/192/189 1352/193/190 831/194/191
f 684/192/189 298/76/73 716/75/72 1352/193/190
f 1352/193/190 716/75/72 297/59/56 801/195/192
f 831/194/191 1352/193/190 801/195/192 350/196/193
f 297/59/56 969/197/194 1353/198/195 744/199/196
f 408/200/197 971/113/110 1353/198/195 969/197/194
f 1732/201/198 1731/202/199 755/203/200 1397/204/201 860/205/202
f 358/206/203 696/207/204 1354/208/205 830/209/206
f 696/207/204 316/210/207 724/211/208 1354/208/205
f 1354/208/205 724/211/208 315/212/209 811/213/210
f 830/209/206 1354/208/205 811/213/210 361/214/211
f 335/190/187 787/189/186 1355/215/212 829/216/213
f 787/189/186 326/188/185 734/217/214 1355/215/212
f 1355/215/212 734/217/214 325/66/63 675/63/60
f 829/216/213 1355/215/212 675/63/60 336/62/59
f 352/218/215 690/219/216 1356/220/217 828/221/218
f 690/219/216 296/222/219 715/223/220 1356/220/217
f 1356/220/217 715/223/220 295/224/221 796/225/222
f 828/221/218 1356/220/217 796/225/222 344/226/223
f 559/227/224 1746/228/225 1747/229/226 560/87/84
f 337/98/95 789/97/94 1357/230/227 827/231/228
f 789/97/94 314/96/93 723/232/229 1357/230/227
f 1357/230/227 723/232/229 313/121/118 677/118/115
f 827/231/228 1357/230/227 677/118/115 338/117/114
f 339/184/181 791/183/180 1358/233/230 826/234/231
f 791/183/180 317/182/179 733/235/232 1358/233/230
f 1358/233/230 733/235/232 537/236/233 679/237/234
f 826/234/231 1358/233/230 679/237/234 536/238/235
f 354/239/236 692/240/237 1359/241/238 825/242/239
f 692/240/237 294/243/240 714/244/241 1359/241/238
f 1359/241/238 714/244/241 293/245/242 808/246/243
f 825/242/239 1359/241/238 808/246/243 357/247/244
f 341/140/137 793/139/136 1360/248/245 824/249/246
f 793/139/136 312/138/135 722/250/247 1360/248/245
f 1360/248/245 722/250/247 311/103/100 681/100/97
f 824/249/246 1360/248/245 681/100/97 342/99/96
f 317/182/179 957/251/248 1361/252/249 733/235/232
f 395/141/138 958/253/250 1361/252/249 957/251/248
f 537/236/233 733/235/232 1361/252/249 958/253/250
f 344/226/223 796/225/222 1362/254/251 823/255/252
f 796/225/222 295/224/221 745/256/253 1362/254/251
f 1362/254/251 745/256/253 298/76/73 684/192/189
f 823/255/252 1362/254/251 684/192/189 345/191/188
f 346/257/254 798/258/255 1363/259/256 822/260/257
f 798/258/255 310/261/258 721/262/259 1363/259/256
f 1363/259/256 721/262/259 309/81/78 685/78/75
f 822/260/257 1363/259/256 685/78/75 347/77/74
f 324/263/260 1146/264/261 1364/265/262 1135/266/263
f 1146/264/261 528/267/264 1143/268/265 1364/265/262
f 1364/265/262 1143/268/265 529/269/266 1145/270/267
f 1135/266/263 1364/265/262 1145/270/267 348/271/268
f 350/196/193 801/195/192 1365/272/269 820/273/270
f 801/195/192 297/59/56 744/199/196 1365/272/269
f 1733/274/271 1732/201/198 860/205/202 1653/275/272 752/276/273
f 820/273/270 1365/272/269 802/277/274 351/278/275
f 1728/112/109 1727/279/276 744/199/196 1353/198/195 971/113/110
f 531/280/277 1282/281/278 1366/282/279 720/283/280
f 351/278/275 802/277/274 1366/282/279 1282/281/278
f 355/284/281 693/285/282 1367/286/283 818/287/284
f 693/285/282 305/288/285 731/289/286 1367/286/283
f 1367/286/283 731/289/286 296/222/219 690/219/216
f 818/287/284 1367/286/283 690/219/216 352/218/215
f 353/290/287 804/291/288 1368/292/289 817/293/290
f 804/291/288 307/294/291 743/295/292 1368/292/289
f 1368/292/289 743/295/292 294/243/240 692/240/237
f 817/293/290 1368/292/289 692/240/237 354/239/236
f 356/296/293 694/297/294 1369/298/295 816/299/296
f 694/297/294 306/300/297 719/301/298 1369/298/295
f 1369/298/295 719/301/298 305/288/285 693/285/282
f 816/299/296 1369/298/295 693/285/282 355/284/281
f 359/302/299 697/303/300 1370/304/301 815/305/302
f 697/303/300 304/306/303 730/307/304 1370/304/301
f 1370/304/301 730/307/304 306/300/297 694/297/294
f 815/305/302 1370/304/301 694/297/294 356/296/293
f 357/247/244 808/246/243 1371/308/305 814/309/306
f 808/246/243 293/245/242 742/310/307 1371/308/305
f 1371/308/305 742/310/307 316/210/207 696/207/204
f 814/309/306 1371/308/305 696/207/204 358/206/203
f 303/13/10 1721/311/308 56/14/11
f 1720/312/309 303/13/10 718/313/310
f 1372/314/311 718/313/310 304/306/303 697/303/300
f 813/315/312 1372/314/311 697/303/300 359/302/299
f 1436/316/313 1716/317/314 813/315/312
f 1717/318/315 1718/319/316 360/178/175
f 1373/320/317 1723/321/318 44/322/319
f 44/322/319 1723/321/318 729/323/320
f 44/322/319 45/324/321 1373/320/317
f 361/214/211 811/213/210 1374/325/322 1245/326/323
f 811/213/210 315/212/209 741/327/324 1374/325/322
f 1374/325/322 741/327/324 329/328/325 1243/329/326
f 1245/326/323 1374/325/322 1243/329/326 292/330/327
f 25/8/7 700/331/328 1375/332/329 576/333/330
f 700/331/328 287/334/331 660/335/332 1375/332/329
f 1375/332/329 660/335/332 286/23/20 699/20/17
f 576/333/330 1375/332/329 699/20/17 26/19/16
f 35/5/4 701/336/333 1376/337/334 585/11/8
f 701/336/333 483/338/335 1042/339/336 1376/337/334
f 1376/337/334 1042/339/336 287/334/331 700/331/328
f 585/11/8 1376/337/334 700/331/328 25/8/7
f 32/340/337 703/341/338 1377/342/339 582/343/340
f 703/341/338 278/344/341 665/345/342 1377/342/339
f 1377/342/339 665/345/342 291/346/343 702/347/344
f 582/343/340 1377/342/339 702/347/344 30/348/345
f 185/349/346 1076/350/347 1378/351/348 628/352/349
f 1076/350/347 458/353/350 1018/354/351 1378/351/348
f 1378/351/348 1018/354/351 457/355/352 1169/356/353
f 628/352/349 1378/351/348 1169/356/353 186/357/354
f 36/1/1 705/358/355 1379/359/356 586/2/2
f 705/358/355 538/360/357 1038/361/358 1379/359/356
f 1379/359/356 1038/361/358 482/362/359 1040/363/360
f 586/2/2 1379/359/356 1040/363/360 18/7/6
f 135/364/361 1289/365/362 1380/366/363 947/367/364
f 1289/365/362 381/368/365 865/369/366 1380/366/363
f 1380/366/363 865/369/366 429/370/367 439/371/368
f 947/367/364 1380/366/363 439/371/368
f 37/372/369 707/373/370 1381/374/371 587/375/372
f 707/373/370 288/376/373 668/377/374 1381/374/371
f 1381/374/371 668/377/374 283/378/375 706/379/376
f 587/375/372 1381/374/371 706/379/376 22/380/377
f 34/381/378 1316/382/379 1382/383/380 584/384/381
f 292/330/327 708/385/382 1382/383/380 1316/382/379
f 33/386/383 584/384/381 1382/383/380 708/385/382
f 447/50/47 1216/387/384 1383/388/385 1001/51/48
f 1216/387/384 479/389/386 972/390/387 1383/388/385
f 1383/388/385 972/390/387 469/391/388 1079/392/389
f 1001/51/48 1383/388/385 1079/392/389 446/52/49
f 15/393/390 709/394/391 1384/395/392 572/396/393
f 709/394/391 279/397/394 656/398/395 1384/395/392
f 1384/395/392 656/398/395 278/344/341 703/341/338
f 572/396/393 1384/395/392 703/341/338 32/340/337
f 27/399/396 711/400/397 1385/401/398 577/402/399
f 711/400/397 282/403/400 661/404/401 1385/401/398
f 1385/401/398 661/404/401 285/405/402 710/406/403
f 577/402/399 1385/401/398 710/406/403 258/407/404
f 18/7/6 1040/363/360 1386/408/405 573/6/5
f 1040/363/360 482/362/359 1039/409/406 1386/408/405
f 1386/408/405 1039/409/406 483/338/335 701/336/333
f 573/6/5 1386/408/405 701/336/333 35/5/4
f 28/410/407 712/411/408 1387/412/409 578/413/410
f 712/411/408 289/414/411 662/415/412 1387/412/409
f 1387/412/409 662/415/412 288/376/373 707/373/370
f 578/413/410 1387/412/409 707/373/370 37/372/369
f 29/416/413 713/417/414 1388/418/415 579/419/416
f 713/417/414 290/420/417 663/421/418 1388/418/415
f 1388/418/415 663/421/418 289/414/411 712/411/408
f 579/419/416 1388/418/415 712/411/408 28/410/407
f 22/380/377 706/379/376 1389/422/419 575/423/420
f 706/379/376 283/378/375 658/424/421 1389/422/419
f 1389/422/419 658/424/421 282/403/400 711/400/397
f 575/423/420 1389/422/419 711/400/397 27/399/396
f 30/348/345 702/347/344 1390/425/422 580/426/423
f 702/347/344 291/346/343 664/427/424 1390/425/422
f 1390/425/422 664/427/424 290/420/417 713/417/414
f 580/426/423 1390/425/422 713/417/414 29/416/413
f 24/428/425 1229/429/426 1391/430/427 647/431/428
f 539/432/429 1743/433/430 1391/430/427 1229/429/426
f 540/155/152 1233/434/431 1742/435/432 659/436/433
f 1742/435/432 257/437/434 1228/438/435 1391/430/427
f 36/1/1 647/431/428 1391/430/427 1228/438/435
f 31/439/436 655/440/437 1392/441/438 581/442/439
f 279/397/394 709/394/391 1392/441/438 655/440/437
f 15/393/390 581/442/439 1392/441/438 709/394/391
f 299/176/173 779/443/440 1393/444/441 780/445/442
f 295/224/221 777/446/443 1393/444/441 779/443/440
f 303/13/10 780/445/442 1393/444/441 777/446/443
f 293/245/242 750/447/444 1394/448/445 742/310/307
f 549/449/446 1265/450/447 1394/448/445 750/447/444
f 316/210/207 742/310/307 1394/448/445 1265/450/447
f 315/212/209 753/451/448 1395/452/449 741/327/324
f 363/453/450 845/454/451 1395/452/449 753/451/448
f 329/328/325 741/327/324 1395/452/449 845/454/451
f 329/328/325 754/455/452 1396/456/453 740/457/454
f 309/81/78 721/262/259 1396/456/453 754/455/452
f 310/261/258 740/457/454 1396/456/453 721/262/259
f 1731/202/199 1730/458/455 764/459/456 1472/460/457 755/203/200
f 365/461/458 862/462/459 1397/204/201 755/203/200
f 370/463/460 860/205/202 1397/204/201 862/462/459
f 316/210/207 756/464/461 1398/465/462 724/211/208
f 364/466/463 857/467/464 1398/465/462 756/464/461
f 315/212/209 724/211/208 1398/465/462 857/467/464
f 315/212/209 758/468/465 1399/469/466 753/451/448
f 327/167/164 846/470/467 1399/469/466 758/468/465
f 363/453/450 753/451/448 1399/469/466 846/470/467
f 327/167/164 760/471/468 1400/472/469 759/473/470
f 524/83/80 739/82/79 1400/472/469 760/471/468
f 309/81/78 759/473/470 1400/472/469 739/82/79
f 524/83/80 761/474/471 1401/475/472 732/476/473
f 311/103/100 762/477/474 1401/475/472 761/474/471
f 523/136/133 732/476/473 1401/475/472 762/477/474
f 523/136/133 762/477/474 1402/478/475 737/137/134
f 311/103/100 722/250/247 1402/478/475 762/477/474
f 312/138/135 737/137/134 1402/478/475 722/250/247
f 311/103/100 761/474/471 1403/479/476 738/104/101
f 524/83/80 763/480/477 1403/479/476 761/474/471
f 328/105/102 738/104/101 1403/479/476 763/480/477
f 328/105/102 763/480/477 1404/481/478 736/166/163
f 524/83/80 760/471/468 1404/481/478 763/480/477
f 327/167/164 736/166/163 1404/481/478 760/471/468
f 326/188/185 1131/482/479 1405/483/480 1257/484/481
f 521/485/482 1252/486/483 1405/483/480 1131/482/479
f 543/487/484 1257/484/481 1405/483/480 1252/486/483
f 325/66/63 1095/488/485 1406/489/486 748/67/64
f 1095/488/485 504/490/487 1103/491/488 1406/489/486
f 1406/489/486 1103/491/488 505/492/489 1096/493/490
f 748/67/64 1406/489/486 1096/493/490 318/68/65
f 327/167/164 758/468/465 1407/494/491 735/187/184
f 315/212/209 1734/495/492 758/468/465
f 326/188/185 735/187/184 1407/494/491 757/496/493
f 1729/497/494 769/498/495 1412/499/496 765/500/497
f 366/501/498 856/502/499 1408/503/500 765/500/497
f 368/504/501 764/459/456 1408/503/500 856/502/499
f 537/236/233 766/505/502 1409/506/503 726/507/504
f 322/123/120 767/508/505 1409/506/503 766/505/502
f 535/94/91 726/507/504 1409/506/503 767/508/505
f 535/94/91 768/509/506 1410/510/507 747/95/92
f 313/121/118 723/232/229 1410/510/507 768/509/506
f 314/96/93 747/95/92 1410/510/507 723/232/229
f 322/123/120 746/122/119 1411/511/508 767/508/505
f 313/121/118 768/509/506 1411/511/508 746/122/119
f 535/94/91 767/508/505 1411/511/508 768/509/506
f 1365/272/269 1726/512/509 802/277/274
f 371/145/142 863/513/510 1412/499/496 769/498/495
f 366/501/498 765/500/497 1412/499/496 863/513/510
f 537/236/233 958/253/250 1413/514/511 770/515/512
f 395/141/138 956/516/513 1413/514/511 958/253/250
f 321/129/126 770/515/512 1413/514/511 956/516/513
f 321/129/126 727/128/125 1414/517/514 770/515/512
f 322/123/120 766/505/502 1414/517/514 727/128/125
f 537/236/233 770/515/512 1414/517/514 766/505/502
f 395/141/138 1105/518/515 1415/519/516 1110/520/517
f 507/521/518 1109/522/519 1415/519/516 1105/518/515
f 512/523/520 1110/520/517 1415/519/516 1109/522/519
f 301/147/144 963/524/521 1416/525/522 964/526/523
f 398/108/105 930/527/524 1416/525/522 963/524/521
f 400/528/525 964/526/523 1416/525/522 930/527/524
f 415/116/113 966/115/112 1417/114/111 938/529/526
f 408/200/197 938/529/526 1417/114/111 971/113/110
f 398/108/105 963/524/521 1418/530/527 965/109/106
f 301/147/144 771/531/528 1418/530/527 963/524/521
f 1728/112/109 771/531/528 1484/532/529 769/498/495
f 301/147/144 964/526/523 1419/533/530 1084/534/531
f 400/528/525 1063/535/532 1419/533/530 964/526/523
f 541/152/149 1084/534/531 1419/533/530 1063/535/532
f 499/536/533 912/537/534 1420/538/535 1052/539/536
f 912/537/534 420/540/537 1186/541/538 1420/538/535
f 1420/538/535 1186/541/538 476/542/539 916/543/540
f 1052/539/536 1420/538/535 916/543/540 492/544/541
f 440/545/542 967/546/543 1421/547/544 955/548/545
f 967/546/543 302/86/83 728/549/546 1421/547/544
f 1421/547/544 728/549/546 300/174/171 784/171/168
f 955/548/545 1421/547/544 784/171/168 332/170/167
f 408/200/197 969/197/194 1422/550/547 932/551/548
f 297/59/56 970/56/53 1422/550/547 969/197/194
f 405/55/52 932/551/548 1422/550/547 970/56/53
f 302/86/83 772/552/549 1423/553/550 728/549/546
f 298/76/73 773/554/551 1423/553/550 772/552/549
f 300/174/171 728/549/546 1423/553/550 773/554/551
f 298/76/73 772/552/549 1424/555/552 1213/74/71
f 302/86/83 968/556/553 1424/555/552 772/552/549
f 412/71/68 1213/74/71 1424/555/552 968/556/553
f 305/288/285 774/557/554 1425/558/555 731/289/286
f 304/306/303 775/559/556 1425/558/555 774/557/554
f 296/222/219 731/289/286 1425/558/555 775/559/556
f 296/222/219 776/560/557 1426/561/558 715/223/220
f 303/13/10 777/446/443 1426/561/558 776/560/557
f 295/224/221 715/223/220 1426/561/558 777/446/443
f 304/306/303 718/313/310 1427/562/559 775/559/556
f 303/13/10 776/560/557 1427/562/559 718/313/310
f 296/222/219 775/559/556 1427/562/559 776/560/557
f 295/224/221 778/563/560 1428/564/561 745/256/253
f 300/174/171 773/554/551 1428/564/561 778/563/560
f 298/76/73 745/256/253 1428/564/561 773/554/551
f 295/224/221 779/443/440 1429/565/562 778/563/560
f 299/176/173 717/175/172 1429/565/562 779/443/440
f 300/174/171 778/563/560 1429/565/562 717/175/172
f 299/176/173 780/445/442 1430/566/563 729/323/320
f 53/12/9 48/567/564 51/568/565
f 780/445/442 303/13/10 1430/566/563
f 51/568/565 48/567/564 45/324/321 1724/569/566
f 729/323/320 1430/566/563 51/568/565 1724/569/566
f 306/300/297 730/307/304 1431/570/567 719/301/298
f 304/306/303 774/557/554 1431/570/567 730/307/304
f 305/288/285 719/301/298 1431/570/567 774/557/554
f 292/330/327 1243/329/326 1432/571/568 1244/572/569
f 1243/329/326 329/328/325 740/457/454 1432/571/568
f 1432/571/568 740/457/454 310/261/258 798/258/255
f 1244/572/569 1432/571/568 798/258/255 346/257/254
f 478/573/570 976/574/571 1433/575/572 1166/576/573
f 976/574/571 457/355/352 1018/354/351 1433/575/572
f 1433/575/572 1018/354/351 458/353/350 990/577/574
f 1166/576/573 1433/575/572 990/577/574 468/578/575
f 292/330/327 1244/572/569 1434/579/576 1327/580/577
f 346/257/254 1319/581/578 1434/579/576 1244/572/569
f 568/582/579 1739/583/580 1319/581/578
f 34/381/378 1317/584/581 1435/585/582 1316/382/379
f 361/214/211 1245/326/323 1435/585/582 1317/584/581
f 292/330/327 1316/382/379 1435/585/582 1245/326/323
f 810/177/174 1719/586/583 360/178/175
f 360/178/175 1718/319/316 698/587/584
f 1436/316/313 813/315/312 359/302/299 809/588/585
f 594/589/586 1436/316/313 809/588/585 47/590/587
f 38/591/588 695/592/589 1437/593/590 606/594/591
f 695/592/589 357/247/244 814/309/306 1437/593/590
f 1437/593/590 814/309/306 358/206/203 653/595/592
f 606/594/591 1437/593/590 653/595/592 19/596/593
f 47/590/587 809/588/585 1438/597/594 598/598/595
f 809/588/585 359/302/299 815/305/302 1438/597/594
f 1438/597/594 815/305/302 356/296/293 807/599/596
f 598/598/595 1438/597/594 807/599/596 50/600/597
f 50/600/597 807/599/596 1439/601/598 595/602/599
f 807/599/596 356/296/293 816/299/296 1439/601/598
f 1439/601/598 816/299/296 355/284/281 806/603/600
f 595/602/599 1439/601/598 806/603/600 49/604/601
f 52/605/602 691/606/603 1440/607/604 602/608/605
f 691/606/603 353/290/287 817/293/290 1440/607/604
f 1440/607/604 817/293/290 354/239/236 805/609/606
f 602/608/605 1440/607/604 805/609/606 39/610/607
f 49/604/601 806/603/600 1441/611/608 599/612/609
f 806/603/600 355/284/281 818/287/284 1441/611/608
f 1441/611/608 818/287/284 352/218/215 803/613/610
f 599/612/609 1441/611/608 803/613/610 41/614/611
f 54/615/612 689/616/613 1442/617/614 596/618/615
f 689/616/613 351/278/275 819/619/616 1442/617/614
f 1442/617/614 819/619/616 353/290/287 691/606/603
f 596/618/615 1442/617/614 691/606/603 52/605/602
f 42/620/617 688/621/618 1443/622/619 603/623/620
f 688/621/618 350/196/193 820/273/270 1443/622/619
f 1443/622/619 820/273/270 351/278/275 689/616/613
f 603/623/620 1443/622/619 689/616/613 54/615/612
f 57/624/621 686/625/622 1444/626/623 605/627/624
f 686/625/622 571/628/625 1325/629/626 1444/626/623
f 1444/626/623 1325/629/626 570/630/627 1321/631/628
f 605/627/624 1444/626/623 1321/631/628 31/439/436
f 13/632/629 601/633/630 1736/634/631 1735/635/632
f 601/633/630 568/582/579 1736/634/631
f 1445/636/633 1326/637/634 569/638/635 1320/639/636
f 597/640/637 1445/636/633 1320/639/636 55/641/638
f 40/642/639 683/643/640 1446/644/641 604/645/642
f 683/643/640 344/226/223 823/255/252 1446/644/641
f 1446/644/641 823/255/252 345/191/188 797/646/643
f 604/645/642 1446/644/641 797/646/643 43/647/644
f 279/397/394 680/648/645 1447/649/646 656/398/395
f 680/648/645 341/140/137 824/249/246 1447/649/646
f 1447/649/646 824/249/246 342/99/96 794/650/647
f 656/398/395 1447/649/646 794/650/647 278/344/341
f 39/610/607 805/609/606 1448/651/648 590/652/649
f 805/609/606 354/239/236 825/242/239 1448/651/648
f 1448/651/648 825/242/239 357/247/244 695/592/589
f 590/652/649 1448/651/648 695/592/589 38/591/588
f 282/403/400 1318/653/650 1449/654/651 661/404/401
f 536/238/235 792/655/652 1449/654/651 1318/653/650
f 285/405/402 661/404/401 1449/654/651 792/655/652
f 281/656/653 676/657/654 1450/658/655 657/659/656
f 676/657/654 337/98/95 827/231/228 1450/658/655
f 1450/658/655 827/231/228 338/117/114 790/660/657
f 657/659/656 1450/658/655 790/660/657 280/661/658
f 41/614/611 803/613/610 1451/662/659 591/663/660
f 803/613/610 352/218/215 828/221/218 1451/662/659
f 1451/662/659 828/221/218 344/226/223 683/643/640
f 591/663/660 1451/662/659 683/643/640 40/642/639
f 289/414/411 674/664/661 1452/665/662 662/415/412
f 674/664/661 335/190/187 829/216/213 1452/665/662
f 1452/665/662 829/216/213 336/62/59 788/666/663
f 662/415/412 1452/665/662 788/666/663 288/376/373
f 19/596/593 653/595/592 1453/667/664 574/668/665
f 653/595/592 358/206/203 830/209/206 1453/667/664
f 1453/667/664 830/209/206 361/214/211 1317/584/581
f 574/668/665 1453/667/664 1317/584/581 34/381/378
f 43/647/644 797/646/643 1454/669/666 592/670/667
f 797/646/643 345/191/188 831/194/191 1454/669/666
f 1454/669/666 831/194/191 350/196/193 688/621/618
f 592/670/667 1454/669/666 688/621/618 42/620/617
f 290/420/417 673/671/668 1455/672/669 663/421/418
f 673/671/668 334/169/166 832/186/183 1455/672/669
f 1455/672/669 832/186/183 335/190/187 674/664/661
f 663/421/418 1455/672/669 674/664/661 289/414/411
f 283/378/375 672/673/670 1456/674/671 658/424/421
f 672/673/670 333/70/67 833/180/177 1456/674/671
f 1456/674/671 833/180/177 339/184/181 678/675/672
f 658/424/421 1456/674/671 678/675/672 282/403/400
f 46/676/673 671/677/674 1457/678/675 593/679/676
f 671/677/674 332/170/167 834/173/170 1457/678/675
f 1457/678/675 834/173/170 360/178/175 698/587/584
f 1719/586/583 1717/318/315 360/178/175
f 698/587/584 1722/680/677 593/679/676 1457/678/675
f 291/346/343 670/681/678 1458/682/679 664/427/424
f 670/681/678 331/107/104 835/165/162 1458/682/679
f 1458/682/679 835/165/162 334/169/166 673/671/668
f 664/427/424 1458/682/679 673/671/668 290/420/417
f 539/432/429 1300/683/680 1743/433/430
f 1300/683/680 562/684/681 1294/685/682 1459/686/683
f 1459/686/683 1294/685/682 561/159/156 836/156/153
f 659/436/433 1459/686/683 836/156/153 540/155/152
f 286/23/20 682/687/684 1460/688/685 952/24/21
f 682/687/684 343/131/128 954/689/686 1460/688/685
f 1460/688/685 954/689/686 436/690/687 944/691/688
f 952/24/21 1460/688/685 944/691/688 376/25/22
f 31/439/436 1321/631/628 1461/692/689 655/440/437
f 570/630/627 1324/693/690 1461/692/689 1321/631/628
f 279/397/394 655/440/437 1461/692/689 1324/693/690
f 287/334/331 781/694/691 1462/695/692 660/335/332
f 781/694/691 362/125/122 838/127/124 1462/695/692
f 1462/695/692 838/127/124 343/131/128 682/687/684
f 660/335/332 1462/695/692 682/687/684 286/23/20
f 280/661/658 790/660/657 1463/696/693 666/697/694
f 790/660/657 338/117/114 839/120/117 1463/696/693
f 1463/696/693 839/120/117 362/125/122 781/694/691
f 666/697/694 1463/696/693 781/694/691 287/334/331
f 278/344/341 794/650/647 1464/698/695 665/345/342
f 794/650/647 342/99/96 840/102/99 1464/698/695
f 1464/698/695 840/102/99 331/107/104 670/681/678
f 665/345/342 1464/698/695 670/681/678 291/346/343
f 284/699/696 782/700/697 1465/701/698 667/702/699
f 782/700/697 534/90/87 841/93/90 1465/701/698
f 1465/701/698 841/93/90 337/98/95 676/657/654
f 667/702/699 1465/701/698 676/657/654 281/656/653
f 136/18/15 945/703/700 1466/704/701 620/705/702
f 945/703/700 440/545/542 955/548/545 1466/704/701
f 1466/704/701 955/548/545 332/170/167 671/677/674
f 620/705/702 1466/704/701 671/677/674 46/676/673
f 55/641/638 1320/639/636 1467/706/703 600/707/704
f 1320/639/636 569/638/635 1323/708/705 1467/706/703
f 1467/706/703 1323/708/705 571/628/625 686/625/622
f 600/707/704 1467/706/703 686/625/622 57/624/621
f 343/131/128 795/130/127 1468/709/706 954/689/686
f 795/130/127 321/129/126 956/516/513 1468/709/706
f 1468/709/706 956/516/513 395/141/138 920/710/707
f 954/689/686 1468/709/706 920/710/707 436/690/687
f 288/376/373 788/666/663 1469/711/708 668/377/374
f 788/666/663 336/62/59 843/65/62 1469/711/708
f 1469/711/708 843/65/62 333/70/67 672/673/670
f 668/377/374 1469/711/708 672/673/670 283/378/375
f 363/453/450 844/712/709 1470/713/710 845/454/451
f 754/455/452 1470/713/710 309/81/78
f 329/328/325 845/454/451 1470/713/710 754/455/452
f 327/167/164 759/473/470 1471/714/711 846/470/467
f 309/81/78 844/712/709 1471/714/711 759/473/470
f 363/453/450 846/470/467 1471/714/711 844/712/709
f 365/461/458 755/203/200 1472/460/457 853/715/712
f 1730/458/455 1729/497/494 765/500/497 1408/503/500 764/459/456
f 368/504/501 853/715/712 1472/460/457 764/459/456
f 509/716/713 1130/717/714 1473/718/715 1122/719/716
f 1130/717/714 521/485/482 1129/720/717 1473/718/715
f 1473/718/715 1129/720/717 567/721/718 1308/722/719
f 1122/719/716 1473/718/715 1308/722/719 518/723/720
f 520/724/721 1119/725/722 1474/726/723 1128/727/724
f 1119/725/722 515/728/725 1113/729/726 1474/726/723
f 1474/726/723 1113/729/726 509/716/713 1122/719/716
f 1128/727/724 1474/726/723 1122/719/716 518/723/720
f 517/730/727 1121/731/728 1475/732/729 1127/733/730
f 1121/731/728 512/523/520 1114/734/731 1475/732/729
f 1475/732/729 1114/734/731 511/735/732 1123/736/733
f 1127/733/730 1475/732/729 1123/736/733 519/737/734
f 364/466/463 847/738/735 1476/739/736 857/467/464
f 326/188/185 757/496/493 1476/739/736 847/738/735
f 315/212/209 857/467/464 1734/495/492
f 364/466/463 756/464/461 1477/740/737 858/741/738
f 316/210/207 850/742/739 1477/740/737 756/464/461
f 367/743/740 858/741/738 1477/740/737 850/742/739
f 395/141/138 960/144/141 1478/744/741 949/745/742
f 301/147/144 961/746/743 1478/744/741 960/144/141
f 442/148/145 949/745/742 1478/744/741 961/746/743
f 369/747/744 1264/748/745 1479/749/746 859/750/747
f 549/449/446 1266/751/748 1479/749/746 1264/748/745
f 370/463/460 859/750/747 1479/749/746 1266/751/748
f 293/245/242 1149/752/749 1480/753/750 861/754/751
f 530/755/752 1151/756/753 1480/753/750 1149/752/749
f 370/463/460 861/754/751 1480/753/750 1151/756/753
f 513/757/754 1132/758/755 1481/759/756 855/760/757
f 370/463/460 862/462/459 1481/759/756 1132/758/755
f 365/461/458 855/760/757 1481/759/756 862/462/459
f 371/145/142 962/142/139 1482/761/758 863/513/510
f 395/141/138 959/762/759 1482/761/758 962/142/139
f 366/501/498 863/513/510 1482/761/758 959/762/759
f 541/152/149 1068/149/146 1483/763/760 1084/534/531
f 442/148/145 961/746/743 1483/763/760 1068/149/146
f 301/147/144 1084/534/531 1483/763/760 961/746/743
f 371/145/142 769/498/495 1484/532/529 864/146/143
f 1726/512/509 1725/764/761 1366/282/279 802/277/274
f 301/147/144 864/146/143 1484/532/529 771/531/528
f 412/71/68 968/556/553 1485/765/762 889/766/763
f 302/86/83 936/767/764 1485/765/762 968/556/553
f 411/768/765 889/766/763 1485/765/762 936/767/764
f 427/769/766 898/770/767 1486/771/768 1073/772/769
f 898/770/767 428/773/770 1225/774/771 1486/771/768
f 1486/771/768 1225/774/771 389/775/772 872/776/773
f 1073/772/769 1486/771/768 872/776/773 388/777/774
f 396/778/775 874/779/776 1487/780/777 875/781/778
f 398/108/105 876/782/779 1487/780/777 874/779/776
f 397/783/780 875/781/778 1487/780/777 876/782/779
f 399/784/781 877/785/782 1488/786/783 878/787/784
f 401/788/785 879/789/786 1488/786/783 877/785/782
f 400/528/525 878/787/784 1488/786/783 879/789/786
f 403/790/787 880/791/788 1489/792/789 881/793/790
f 405/55/52 882/794/791 1489/792/789 880/791/788
f 404/795/792 881/793/790 1489/792/789 882/794/791
f 406/796/793 883/797/794 1490/798/795 884/799/796
f 408/200/197 885/800/797 1490/798/795 883/797/794
f 407/801/798 884/799/796 1490/798/795 885/800/797
f 411/768/765 1086/802/799 1491/803/800 889/766/763
f 1086/802/799 428/773/770 898/770/767
f 1046/804/801 1616/805/802 427/769/766
f 889/766/763 1491/803/800 495/806/803 412/71/68
f 414/807/804 890/808/805 1492/809/806 891/810/807
f 416/811/808 892/812/809 1492/809/806 890/808/805
f 415/116/113 891/810/807 1492/809/806 892/812/809
f 441/813/810 904/814/811 1493/815/812 905/816/813
f 443/817/814 906/818/815 1493/815/812 904/814/811
f 442/148/145 905/816/813 1493/815/812 906/818/815
f 135/364/361 617/15/12 1289/365/362
f 617/15/12 1494/819/816 1289/365/362
f 617/15/12 136/18/15 634/17/14 1494/819/816
f 1494/819/816 634/17/14 211/820/817 1014/821/818
f 1289/365/362 1494/819/816 1014/821/818 381/368/365
f 380/822/819 1242/823/820 1495/824/821 1021/825/822
f 1242/823/820 265/826/823 637/827/824 1495/824/821
f 1495/824/821 637/827/824 196/828/825 1000/829/826
f 1021/825/822 1495/824/821 1000/829/826 448/830/827
f 417/831/828 893/832/829 1496/833/830 910/834/831
f 893/832/829 418/835/832 1022/836/833 1496/833/830
f 1496/833/830 1022/836/833 373/837/834 1175/838/835
f 910/834/831 1496/833/830 1175/838/835 374/839/836
f 410/840/837 1314/841/838 1497/842/839 886/843/840
f 499/536/533 1089/844/841 1497/842/839 1314/841/838
f 409/154/151 886/843/840 1497/842/839 1089/844/841
f 421/845/842 895/846/843 1498/847/844 1069/848/845
f 895/846/843 422/849/846 1011/850/847 1498/847/844
f 1498/847/844 1011/850/847 378/851/848 867/852/849
f 1069/848/845 1498/847/844 867/852/849 377/853/850
f 423/854/851 896/855/852 1499/856/853 913/857/854
f 896/855/852 424/858/855 997/859/856 1499/856/853
f 1499/856/853 997/859/856 392/860/857 1091/861/858
f 913/857/854 1499/856/853 1091/861/858 393/862/859
f 425/863/860 897/864/861 1500/865/862 914/866/863
f 897/864/861 426/867/864 915/868/865 1500/865/862
f 1500/865/862 915/868/865 406/796/793 884/799/796
f 914/866/863 1500/865/862 884/799/796 407/801/798
f 402/89/86 560/87/84 1744/869/866
f 560/87/84 1747/229/226 1744/869/866
f 431/870/867 900/871/868 1501/872/869 1207/873/870
f 900/871/868 432/874/871 1208/875/872 1501/872/869
f 1501/872/869 1208/875/872 383/876/873 869/877/874
f 1207/873/870 1501/872/869 869/877/874 382/878/875
f 435/879/876 902/880/877 1502/881/878 918/882/879
f 902/880/877 436/690/687 920/710/707 1502/881/878
f 1502/881/878 920/710/707 395/141/138 919/883/880
f 918/882/879 1502/881/878 919/883/880 394/884/881
f 123/885/882 614/886/883 1503/887/884 921/888/885
f 614/886/883 122/889/886 922/890/887 1503/887/884
f 1503/887/884 922/890/887 377/853/850 867/852/849
f 921/888/885 1503/887/884 867/852/849 378/851/848
f 387/891/888 871/892/889 1504/893/890 991/894/891
f 871/892/889 386/895/892 1174/896/893 1504/893/890
f 1504/893/890 1174/896/893 108/897/894 608/898/895
f 991/894/891 1504/893/890 608/898/895 110/899/896
f 119/900/897 612/901/898 1505/902/899 923/903/900
f 612/901/898 118/904/901 924/905/902 1505/902/899
f 1505/902/899 924/905/902 388/777/774 872/776/773
f 923/903/900 1505/902/899 872/776/773 389/775/772
f 391/906/903 873/907/904 1506/908/905 1049/909/906
f 873/907/904 390/910/907 1048/911/908 1506/908/905
f 1506/908/905 1048/911/908 112/912/909 609/913/910
f 1049/909/906 1506/908/905 609/913/910 114/914/911
f 117/915/912 611/916/913 1507/917/914 925/918/915
f 611/916/913 116/919/916 926/920/917 1507/917/914
f 1507/917/914 926/920/917 382/878/875 869/877/874
f 925/918/915 1507/917/914 869/877/874 383/876/873
f 385/921/918 870/922/919 1508/923/920 1033/924/921
f 870/922/919 384/925/922 1082/926/923 1508/923/920
f 1508/923/920 1082/926/923 99/927/924 607/928/925
f 1033/924/921 1508/923/920 607/928/925 101/929/926
f 103/930/927 616/931/928 1509/932/929 1078/933/930
f 616/931/928 105/27/24 927/26/23 1509/932/929
f 1509/932/929 927/26/23 376/25/22 866/934/931
f 1078/933/930 1509/932/929 866/934/931 375/935/932
f 393/862/859 1091/861/858 1510/936/933 1066/937/934
f 1091/861/858 392/860/857 928/938/935 1510/936/933
f 1510/936/933 928/938/935 120/939/936 613/940/937
f 1066/937/934 1510/936/933 613/940/937 121/941/938
f 398/108/105 874/779/776 1511/942/939 930/527/524
f 874/779/776 396/778/775 931/943/940 1511/942/939
f 1511/942/939 931/943/940 399/784/781 878/787/784
f 930/527/524 1511/942/939 878/787/784 400/528/525
f 405/55/52 880/791/788 1512/944/941 932/551/548
f 880/791/788 403/790/787 933/945/942 1512/944/941
f 1512/944/941 933/945/942 407/801/798 885/800/797
f 932/551/548 1512/944/941 885/800/797 408/200/197
f 400/528/525 879/789/786 1513/946/943 1247/947/944
f 879/789/786 401/788/785 934/948/945 1513/946/943
f 1513/946/943 934/948/945 410/840/837 1248/949/946
f 1247/947/944 1513/946/943 1248/949/946 542/950/947
f 412/71/68 1217/951/948 1514/952/949 1223/953/950
f 532/43/40 993/954/951 1514/952/949 1217/951/948
f 413/61/58 1223/953/950 1514/952/949 993/954/951
f 302/86/83 1173/88/85 937/955/952 936/767/764
f 402/89/86 937/955/952 1173/88/85
f 411/768/765 936/767/764 937/955/952
f 408/200/197 883/797/794 1515/956/953 938/529/526
f 883/797/794 406/796/793 939/957/954 1515/956/953
f 1515/956/953 939/957/954 414/807/804 891/810/807
f 938/529/526 1515/956/953 891/810/807 415/116/113
f 415/116/113 892/812/809 1516/958/955 940/111/108
f 892/812/809 416/811/808 941/959/956 1516/958/955
f 1516/958/955 941/959/956 397/783/780 876/782/779
f 940/111/108 1516/958/955 876/782/779 398/108/105
f 437/960/957 903/961/958 1517/962/959 942/963/960
f 903/961/958 438/964/961 943/965/962 1517/962/959
f 1517/962/959 943/965/962 379/966/963 868/967/964
f 942/963/960 1517/962/959 868/967/964 380/822/819
f 443/817/814 904/814/811 1518/968/965 1193/969/966
f 904/814/811 441/813/810 1190/970/967 1518/968/965
f 1518/968/965 1190/970/967 418/835/832 893/832/829
f 1193/969/966 1518/968/965 893/832/829 417/831/828
f 386/895/892 871/892/889 1519/971/968 1072/972/969
f 871/892/889 387/891/888 1184/973/970 1519/971/968
f 1519/971/968 1184/973/970 420/540/537 894/974/971
f 1072/972/969 1519/971/968 894/974/971 419/975/972
f 396/778/775 875/781/778 1520/976/973 1160/977/974
f 875/781/778 397/783/780 1077/978/975 1520/976/973
f 1520/976/973 1077/978/975 422/849/846 895/846/843
f 1160/977/974 1520/976/973 895/846/843 421/845/842
f 416/811/808 890/808/805 1521/979/976 1085/980/977
f 890/808/805 414/807/804 1075/981/978 1521/979/976
f 1521/979/976 1075/981/978 424/858/855 896/855/852
f 1085/980/977 1521/979/976 896/855/852 423/854/851
f 384/925/922 870/922/919 1522/982/979 1161/983/980
f 870/922/919 385/921/918 1165/984/981 1522/982/979
f 1522/982/979 1165/984/981 426/867/864 897/864/861
f 1161/983/980 1522/982/979 897/864/861 425/863/860
f 403/790/787 881/793/790 1523/985/982 1090/986/983
f 881/793/790 404/795/792 1156/987/984 1523/985/982
f 1523/985/982 1156/987/984 432/874/871 900/871/868
f 1090/986/983 1523/985/982 900/871/868 431/870/867
f 390/910/907 873/907/904 1524/988/985 1209/989/986
f 873/907/904 391/906/903 1088/990/987 1524/988/985
f 1524/988/985 1088/990/987 434/37/34 901/40/37
f 1209/989/986 1524/988/985 901/40/37 433/45/42
f 375/935/932 866/934/931 1525/991/988 1185/992/989
f 866/934/931 376/25/22 944/691/688 1525/991/988
f 1525/991/988 944/691/688 436/690/687 902/880/877
f 1185/992/989 1525/991/988 902/880/877 435/879/876
f 401/788/785 877/785/782 1526/993/990 1182/994/991
f 877/785/782 399/784/781 1180/995/992 1526/993/990
f 1526/993/990 1180/995/992 438/964/961 903/961/958
f 1182/994/991 1526/993/990 903/961/958 437/960/957
f 136/18/15 617/15/12 1527/996/993 945/703/700
f 617/15/12 135/364/361 947/367/364 1527/996/993
f 1527/996/993 947/367/364 439/371/368 946/997/994
f 945/703/700 1527/996/993 946/997/994 440/545/542
f 440/545/542 946/997/994 1528/998/995 1045/999/996
f 439/371/368 1293/1000/997 1528/998/995 946/997/994
f 559/227/224 1045/999/996 1528/998/995 1745/1001/998
f 442/148/145 906/818/815 1529/1002/999 949/745/742
f 906/818/815 443/817/814 950/1003/1000 1529/1002/999
f 1529/1002/999 950/1003/1000 394/884/881 919/883/880
f 949/745/742 1529/1002/999 919/883/880 395/141/138
f 409/154/151 951/1004/1001 1530/1005/1002 1025/151/148
f 441/813/810 905/816/813 1530/1005/1002 951/1004/1001
f 442/148/145 1025/151/148 1530/1005/1002 905/816/813
f 445/1006/1003 1201/1007/1004 1531/1008/1005 1006/1009/1006
f 1201/1007/1004 472/1010/1007 979/1011/1008 1531/1008/1005
f 1531/1008/1005 979/1011/1008 480/1012/1009 1205/1013/1010
f 1006/1009/1006 1531/1008/1005 1205/1013/1010 444/1014/1011
f 179/1015/1012 1178/1016/1013 1532/1017/1014 629/1018/1015
f 1178/1016/1013 462/1019/1016 996/1020/1017 1532/1017/1014
f 1532/1017/1014 996/1020/1017 461/1021/1018 1030/1022/1019
f 629/1018/1015 1532/1017/1014 1030/1022/1019 180/1023/1020
f 498/1024/1021 1062/1025/1022 1533/1026/1023 1172/1027/1024
f 1062/1025/1022 486/1028/1025 1157/1029/1026 1533/1026/1023
f 1533/1026/1023 1157/1029/1026 478/573/570 1166/576/573
f 1172/1027/1024 1533/1026/1023 1166/576/573 468/578/575
f 187/1030/1027 1087/1031/1028 1534/1032/1029 610/1033/1030
f 1087/1031/1028 456/1034/1031 1292/1035/1032 1534/1032/1029
f 1534/1032/1029 1292/1035/1032 372/1036/1033 908/1037/1034
f 610/1033/1030 1534/1032/1029 908/1037/1034 98/1038/1035
f 183/1039/1036 1035/1040/1037 1535/1041/1038 632/1042/1039
f 1035/1040/1037 460/1043/1040 978/1044/1041 1535/1041/1038
f 1535/1041/1038 978/1044/1041 459/1045/1042 1044/1046/1043
f 632/1042/1039 1535/1041/1038 1044/1046/1043 184/1047/1044
f 467/1048/1045 948/1049/1046 1536/1050/1047 1170/1051/1048
f 948/1049/1046 466/1052/1049 1093/1053/1050 1536/1050/1047
f 1536/1050/1047 1093/1053/1050 500/1054/1051 1064/1055/1052
f 1170/1051/1048 1536/1050/1047 1064/1055/1052 501/1056/1053
f 456/1034/1031 981/1057/1054 1537/1058/1055 1292/1035/1032
f 981/1057/1054 470/1059/1056 1288/1060/1057 1537/1058/1055
f 1537/1058/1055 1288/1060/1057 430/1061/1058 1015/1062/1059
f 1292/1035/1032 1537/1058/1055 1015/1062/1059 372/1036/1033
f 202/1063/1060 999/1064/1061 1538/1065/1062 625/1066/1063
f 999/1064/1061 453/1067/1064 1016/1068/1065 1538/1065/1062
f 1538/1065/1062 1016/1068/1065 452/1069/1066 1004/1070/1067
f 625/1066/1063 1538/1065/1062 1004/1070/1067 205/1071/1068
f 462/1019/1016 1008/1072/1069 1539/1073/1070 996/1020/1017
f 1008/1072/1069 464/1074/1071 975/1075/1072 1539/1073/1070
f 1539/1073/1070 975/1075/1072 476/542/539 974/1076/1073
f 996/1020/1017 1539/1073/1070 974/1076/1073 461/1021/1018
f 194/1077/1074 985/1078/1075 1540/1079/1076 626/1080/1077
f 985/1078/1075 449/1081/1078 1002/1082/1079 1540/1079/1076
f 1540/1079/1076 1002/1082/1079 448/830/827 1000/829/826
f 626/1080/1077 1540/1079/1076 1000/829/826 196/828/825
f 455/32/29 1010/1083/1080 1541/1084/1081 1013/33/30
f 1010/1083/1080 481/1085/1082 977/1086/1083 1541/1084/1081
f 1541/1084/1081 977/1086/1083 463/1087/1084 1313/1088/1085
f 1013/33/30 1541/1084/1081 1313/1088/1085 454/34/31
f 374/839/836 1315/1089/1086 1542/1090/1087 910/834/831
f 1315/1089/1086 454/34/31 1313/1088/1085 1542/1090/1087
f 1542/1090/1087 1313/1088/1085 463/1087/1084 1194/1091/1088
f 910/834/831 1542/1090/1087 1194/1091/1088 417/831/828
f 188/1092/1089 988/1093/1090 1543/1094/1091 631/1095/1092
f 988/1093/1090 445/1006/1003 1006/1009/1006 1543/1094/1091
f 1543/1094/1091 1006/1009/1006 444/1014/1011 995/1096/1093
f 631/1095/1092 1543/1094/1091 995/1096/1093 189/1097/1094
f 198/1098/1095 980/1099/1096 1544/1100/1097 623/1101/1098
f 980/1099/1096 451/1102/1099 1005/1103/1100 1544/1100/1097
f 1544/1100/1097 1005/1103/1100 450/1104/1101 984/1105/1102
f 623/1101/1098 1544/1100/1097 984/1105/1102 199/1106/1103
f 451/1102/1099 1007/1107/1104 1545/1108/1105 1005/1103/1100
f 1007/1107/1104 477/1109/1106 983/1110/1107 1545/1108/1105
f 1545/1108/1105 983/1110/1107 471/1111/1108 1154/1112/1109
f 1005/1103/1100 1545/1108/1105 1154/1112/1109 450/1104/1101
f 473/1113/1110 909/1114/1111 1546/1115/1112 1179/1116/1113
f 909/1114/1111 475/1117/1114 1177/1118/1115 1546/1115/1112
f 1546/1115/1112 1177/1118/1115 484/1119/1116 1056/1120/1117
f 1179/1116/1113 1546/1115/1112 1056/1120/1117 494/1121/1118
f 480/1012/1009 1059/1122/1119 1547/1123/1120 1205/1013/1010
f 1059/1122/1119 434/37/34 1088/990/987 1547/1123/1120
f 1547/1123/1120 1088/990/987 391/906/903 1050/1124/1121
f 1205/1013/1010 1547/1123/1120 1050/1124/1121 444/1014/1011
f 476/542/539 1186/541/538 1548/1125/1122 974/1076/1073
f 1186/541/538 420/540/537 1184/973/970 1548/1125/1122
f 1548/1125/1122 1184/973/970 387/891/888 992/1126/1123
f 974/1076/1073 1548/1125/1122 992/1126/1123 461/1021/1018
f 185/349/346 621/1127/1124 1549/1128/1125 1076/350/347
f 621/1127/1124 120/939/936 928/938/935 1549/1128/1125
f 1549/1128/1125 928/938/935 392/860/857 998/1129/1126
f 1076/350/347 1549/1128/1125 998/1129/1126 458/353/350
f 447/50/47 986/1130/1127 1550/1131/1128 1216/387/384
f 986/1130/1127 390/910/907 1209/989/986 1550/1131/1128
f 1550/1131/1128 1209/989/986 433/45/42 1210/1132/1129
f 1216/387/384 1550/1131/1128 1210/1132/1129 479/389/386
f 449/1081/1078 1176/1133/1130 1551/1134/1131 1023/1135/1132
f 1176/1133/1130 386/895/892 1072/972/969 1551/1134/1131
f 1551/1134/1131 1072/972/969 419/975/972 1070/1136/1133
f 1023/1135/1132 1551/1134/1131 1070/1136/1133 475/1117/1114
f 478/573/570 1167/1137/1134 1552/1138/1135 976/574/571
f 1167/1137/1134 426/867/864 1165/984/981 1552/1138/1135
f 1552/1138/1135 1165/984/981 385/921/918 1032/1139/1136
f 976/574/571 1552/1138/1135 1032/1139/1136 457/355/352
f 473/1113/1110 1071/1140/1137 1553/1141/1138 1036/1142/1139
f 1071/1140/1137 437/960/957 942/963/960 1553/1141/1138
f 1553/1141/1138 942/963/960 380/822/819 1021/825/822
f 1036/1142/1139 1553/1141/1138 1021/825/822 448/830/827
f 198/1098/1095 645/1143/1140 1554/1144/1141 980/1099/1096
f 645/1143/1140 99/927/924 1082/926/923 1554/1144/1141
f 1554/1144/1141 1082/926/923 384/925/922 1055/1145/1142
f 980/1099/1096 1554/1144/1141 1055/1145/1142 451/1102/1099
f 459/1045/1042 1065/1146/1143 1555/1147/1144 1044/1046/1043
f 1065/1146/1143 393/862/859 1066/937/934 1555/1147/1144
f 1555/1147/1144 1066/937/934 121/941/938 640/1148/1145
f 1044/1046/1043 1555/1147/1144 640/1148/1145 184/1047/1044
f 456/1034/1031 1074/1149/1146 1556/1150/1147 981/1057/1054
f 1074/1149/1146 389/775/772 1225/774/771 1556/1150/1147
f 1556/1150/1147 1225/774/771 428/773/770 1047/1151/1148
f 981/1057/1054 1556/1150/1147 1047/1151/1148 470/1059/1056
f 453/1067/1064 1027/1152/1149 1557/1153/1150 1024/1154/1151
f 1027/1152/1149 379/966/963 943/965/962 1557/1153/1150
f 1557/1153/1150 943/965/962 438/964/961 1181/1155/1152
f 1024/1154/1151 1557/1153/1150 1181/1155/1152 474/1156/1153
f 457/355/352 1032/1139/1136 1558/1157/1154 1169/356/353
f 1032/1139/1136 385/921/918 1033/924/921 1558/1157/1154
f 1558/1157/1154 1033/924/921 101/929/926 642/1158/1155
f 1169/356/353 1558/1157/1154 642/1158/1155 186/357/354
f 381/368/365 1291/1159/1156 1559/1160/1157 865/369/366
f 1291/1159/1156 372/1036/1033 1015/1062/1059 1559/1160/1157
f 1559/1160/1157 1015/1062/1059 430/1061/1058 899/1161/1158
f 865/369/366 1559/1160/1157 899/1161/1158 429/370/367
f 211/820/817 652/1162/1159 1560/1163/1160 1014/821/818
f 652/1162/1159 98/1038/1035 908/1037/1034 1560/1163/1160
f 1560/1163/1160 908/1037/1034 372/1036/1033 1291/1159/1156
f 1014/821/818 1560/1163/1160 1291/1159/1156 381/368/365
f 450/1104/1101 1019/1164/1161 1561/1165/1162 984/1105/1102
f 1019/1164/1161 382/878/875 926/920/917 1561/1165/1162
f 1561/1165/1162 926/920/917 116/919/916 649/1166/1163
f 984/1105/1102 1561/1165/1162 649/1166/1163 199/1106/1103
f 194/1077/1074 646/1167/1164 1562/1168/1165 985/1078/1075
f 646/1167/1164 108/897/894 1174/896/893 1562/1168/1165
f 1562/1168/1165 1174/896/893 386/895/892 1176/1133/1130
f 985/1078/1075 1562/1168/1165 1176/1133/1130 449/1081/1078
f 469/391/388 1046/804/801 1563/1169/1166 1079/392/389
f 1046/804/801 427/769/766 1073/772/769 1563/1169/1166
f 1563/1169/1166 1073/772/769 388/777/774 1215/1170/1167
f 1079/392/389 1563/1169/1166 1215/1170/1167 446/52/49
f 467/1048/1045 1061/1171/1168 1564/1172/1169 987/1173/1170
f 1061/1171/1168 423/854/851 913/857/854 1564/1172/1169
f 1564/1172/1169 913/857/854 393/862/859 1065/1146/1143
f 987/1173/1170 1564/1172/1169 1065/1146/1143 459/1045/1042
f 183/1039/1036 636/1174/1171 1565/1175/1172 1035/1040/1037
f 636/1174/1171 123/885/882 921/888/885 1565/1175/1172
f 1565/1175/1172 921/888/885 378/851/848 982/1176/1173
f 1035/1040/1037 1565/1175/1172 982/1176/1173 460/1043/1040
f 188/1092/1089 618/1177/1174 1566/1178/1175 988/1093/1090
f 618/1177/1174 117/915/912 925/918/915 1566/1178/1175
f 1566/1178/1175 925/918/915 383/876/873 1206/1179/1176
f 988/1093/1090 1566/1178/1175 1206/1179/1176 445/1006/1003
f 460/1043/1040 982/1176/1173 1567/1180/1177 989/1181/1178
f 982/1176/1173 378/851/848 1011/850/847 1567/1180/1177
f 1567/1180/1177 1011/850/847 422/849/846 1067/1182/1179
f 989/1181/1178 1567/1180/1177 1067/1182/1179 466/1052/1049
f 458/353/350 998/1129/1126 1568/1183/1180 990/577/574
f 998/1129/1126 392/860/857 997/859/856 1568/1183/1180
f 1568/1183/1180 997/859/856 424/858/855 1043/1184/1181
f 990/577/574 1568/1183/1180 1043/1184/1181 468/578/575
f 461/1021/1018 992/1126/1123 1569/1185/1182 1030/1022/1019
f 992/1126/1123 387/891/888 991/894/891 1569/1185/1182
f 1569/1185/1182 991/894/891 110/899/896 650/1186/1183
f 1030/1022/1019 1569/1185/1182 650/1186/1183 180/1023/1020
f 190/46/43 644/1187/1184 1570/1188/1185 994/47/44
f 644/1187/1184 112/912/909 1048/911/908 1570/1188/1185
f 1570/1188/1185 1048/911/908 390/910/907 986/1130/1127
f 994/47/44 1570/1188/1185 986/1130/1127 447/50/47
f 444/1014/1011 1050/1124/1121 1571/1189/1186 995/1096/1093
f 1050/1124/1121 391/906/903 1049/909/906 1571/1189/1186
f 1571/1189/1186 1049/909/906 114/914/911 635/1190/1187
f 995/1096/1093 1571/1189/1186 635/1190/1187 189/1097/1094
f 445/1006/1003 1206/1179/1176 1572/1191/1188 1201/1007/1004
f 1206/1179/1176 383/876/873 1208/875/872 1572/1191/1188
f 1572/1191/1188 1208/875/872 432/874/871 1200/1192/1189
f 1201/1007/1004 1572/1191/1188 1200/1192/1189 472/1010/1007
f 202/1063/1060 622/1193/1190 1573/1194/1191 999/1064/1061
f 622/1193/1190 204/1195/1192 1026/1196/1193 1573/1194/1191
f 1573/1194/1191 1026/1196/1193 379/966/963 1027/1152/1149
f 999/1064/1061 1573/1194/1191 1027/1152/1149 453/1067/1064
f 465/1197/1194 1158/1198/1195 1574/1199/1196 1164/1200/1197
f 1158/1198/1195 421/845/842 1069/848/845 1574/1199/1196
f 1574/1199/1196 1069/848/845 377/853/850 1031/1201/1198
f 1164/1200/1197 1574/1199/1196 1031/1201/1198 452/1069/1066
f 473/1113/1110 1036/1142/1139 1575/1202/1199 909/1114/1111
f 1036/1142/1139 448/830/827 1002/1082/1079 1575/1202/1199
f 1575/1202/1199 1002/1082/1079 449/1081/1078 1023/1135/1132
f 909/1114/1111 1575/1202/1199 1023/1135/1132 475/1117/1114
f 455/32/29 1028/1203/1200 1576/1204/1201 1010/1083/1080
f 1028/1203/1200 375/935/932 1185/992/989 1576/1204/1201
f 1576/1204/1201 1185/992/989 435/879/876 1187/1205/1202
f 1010/1083/1080 1576/1204/1201 1187/1205/1202 481/1085/1082
f 454/34/31 1315/1089/1086 1577/1206/1203 1003/35/32
f 1315/1089/1086 374/839/836 1195/1207/1204 1577/1206/1203
f 1577/1206/1203 1195/1207/1204 210/1208/1205 624/1209/1206
f 1003/35/32 1577/1206/1203 624/1209/1206 209/36/33
f 452/1069/1066 1031/1201/1198 1578/1210/1207 1004/1070/1067
f 1031/1201/1198 377/853/850 922/890/887 1578/1210/1207
f 1578/1210/1207 922/890/887 122/889/886 630/1211/1208
f 1004/1070/1067 1578/1210/1207 630/1211/1208 205/1071/1068
f 179/1015/1012 641/1212/1209 1579/1213/1210 1178/1016/1013
f 641/1212/1209 124/1214/1211 929/1215/1212 1579/1213/1210
f 1579/1213/1210 929/1215/1212 373/837/834 973/1216/1213
f 1178/1016/1013 1579/1213/1210 973/1216/1213 462/1019/1016
f 451/1102/1099 1055/1145/1142 1580/1217/1214 1007/1107/1104
f 1055/1145/1142 384/925/922 1161/983/980 1580/1217/1214
f 1580/1217/1214 1161/983/980 425/863/860 1162/1218/1215
f 1007/1107/1104 1580/1217/1214 1162/1218/1215 477/1109/1106
f 462/1019/1016 973/1216/1213 1581/1219/1216 1008/1072/1069
f 973/1216/1213 373/837/834 1022/836/833 1581/1219/1216
f 1581/1219/1216 1022/836/833 418/835/832 1191/1220/1217
f 1008/1072/1069 1581/1219/1216 1191/1220/1217 464/1074/1071
f 208/28/25 638/1221/1218 1582/1222/1219 1009/29/26
f 638/1221/1218 103/930/927 1078/933/930 1582/1222/1219
f 1582/1222/1219 1078/933/930 375/935/932 1028/1203/1200
f 1009/29/26 1582/1222/1219 1028/1203/1200 455/32/29
f 467/1048/1045 987/1173/1170 1583/1223/1220 948/1049/1046
f 987/1173/1170 459/1045/1042 978/1044/1041 1583/1223/1220
f 1583/1223/1220 978/1044/1041 460/1043/1040 989/1181/1178
f 948/1049/1046 1583/1223/1220 989/1181/1178 466/1052/1049
f 471/1111/1108 1053/1224/1221 1584/1225/1222 1154/1112/1109
f 1053/1224/1221 431/870/867 1207/873/870 1584/1225/1222
f 1584/1225/1222 1207/873/870 382/878/875 1019/1164/1161
f 1154/1112/1109 1584/1225/1222 1019/1164/1161 450/1104/1101
f 420/540/537 912/537/534 1585/1226/1223 894/974/971
f 912/537/534 499/536/533 1314/841/838 1585/1226/1223
f 1585/1226/1223 1314/841/838 410/840/837 911/1227/1224
f 894/974/971 1585/1226/1223 911/1227/1224 419/975/972
f 446/52/49 1215/1170/1167 1586/1228/1225 1017/53/50
f 1215/1170/1167 388/777/774 924/905/902 1586/1228/1225
f 1586/1228/1225 924/905/902 118/904/901 643/1229/1226
f 1017/53/50 1586/1228/1225 643/1229/1226 192/54/51
f 373/837/834 929/1215/1212 1587/1230/1227 1175/838/835
f 929/1215/1212 124/1214/1211 639/1231/1228 1587/1230/1227
f 1587/1230/1227 639/1231/1228 210/1208/1205 1195/1207/1204
f 1175/838/835 1587/1230/1227 1195/1207/1204 374/839/836
f 187/1030/1027 615/1232/1229 1588/1233/1230 1087/1031/1028
f 615/1232/1229 119/900/897 923/903/900 1588/1233/1230
f 1588/1233/1230 923/903/900 389/775/772 1074/1149/1146
f 1087/1031/1028 1588/1233/1230 1074/1149/1146 456/1034/1031
f 429/370/367 899/1161/1158 907/1234/1231
f 481/1085/1082 1267/1235/1232 1589/1236/1233 977/1086/1083
f 1267/1235/1232 489/1237/1234 1080/1238/1235 1589/1236/1233
f 1589/1236/1233 1080/1238/1235 502/1239/1236 1189/1240/1237
f 977/1086/1083 1589/1236/1233 1189/1240/1237 463/1087/1084
f 477/1109/1106 1029/1241/1238 1590/1242/1239 983/1110/1107
f 1029/1241/1238 485/1243/1240 1054/1244/1241 1590/1242/1239
f 1590/1242/1239 1054/1244/1241 493/1245/1242 1163/1246/1243
f 983/1110/1107 1590/1242/1239 1163/1246/1243 471/1111/1108
f 284/699/696 667/702/699 1591/1247/1244 704/1248/1245
f 281/656/653 1034/1249/1246 1591/1247/1244 667/702/699
f 482/362/359 704/1248/1245 1591/1247/1244 1034/1249/1246
f 479/389/386 1203/1250/1247 1592/1251/1248 972/390/387
f 1203/1250/1247 487/1252/1249 1057/1253/1250 1592/1251/1248
f 1592/1251/1248 1057/1253/1250 495/806/803 1212/1254/1251
f 972/390/387 1592/1251/1248 1212/1254/1251 469/391/388
f 464/1074/1071 1188/1255/1252 1593/1256/1253 975/1075/1072
f 1188/1255/1252 503/1257/1254 1012/1258/1255 1593/1256/1253
f 1593/1256/1253 1012/1258/1255 492/544/541 916/543/540
f 975/1075/1072 1593/1256/1253 916/543/540 476/542/539
f 472/1010/1007 1183/1259/1256 1594/1260/1257 979/1011/1008
f 1183/1259/1256 496/1261/1258 1058/1262/1259 1594/1260/1257
f 1594/1260/1257 1058/1262/1259 488/1263/1260 1204/1264/1261
f 979/1011/1008 1594/1260/1257 1204/1264/1261 480/1012/1009
f 470/1059/1056 1211/1265/1262 1595/1266/1263 1288/1060/1057
f 1211/1265/1262 497/1267/1264 1595/1266/1263
f 1595/1266/1263 497/1267/1264 402/89/86
f 1288/1060/1057 1595/1266/1263 1290/1268/1265 430/1061/1058
f 413/61/58 935/1269/1266 1596/1270/1267 1222/58/55
f 404/795/792 882/794/791 1596/1270/1267 935/1269/1266
f 405/55/52 1222/58/55 1596/1270/1267 882/794/791
f 475/1117/1114 1070/1136/1133 1597/1271/1268 1177/1118/1115
f 1070/1136/1133 419/975/972 911/1227/1224 1597/1271/1268
f 1597/1271/1268 911/1227/1224 410/840/837 1197/1272/1269
f 1177/1118/1115 1597/1271/1268 1197/1272/1269 484/1119/1116
f 409/154/151 1089/844/841 1598/1273/1270 1199/1274/1271
f 499/536/533 1052/539/536 1598/1273/1270 1089/844/841
f 492/544/541 1199/1274/1271 1598/1273/1270 1052/539/536
f 477/1109/1106 1162/1218/1215 1599/1275/1272 1029/1241/1238
f 1162/1218/1215 425/863/860 914/866/863 1599/1275/1272
f 1599/1275/1272 914/866/863 407/801/798 1155/1276/1273
f 1029/1241/1238 1599/1275/1272 1155/1276/1273 485/1243/1240
f 486/1028/1025 1094/1277/1274 1600/1278/1275 1157/1029/1026
f 1094/1277/1274 406/796/793 915/868/865 1600/1278/1275
f 1600/1278/1275 915/868/865 426/867/864 1167/1137/1134
f 1157/1029/1026 1600/1278/1275 1167/1137/1134 478/573/570
f 1744/869/866 1747/229/226 429/370/367 907/1234/1231
f 479/389/386 1210/1132/1129 1601/1279/1276 1203/1250/1247
f 1210/1132/1129 433/45/42 1219/44/41 1601/1279/1276
f 1601/1279/1276 1219/44/41 532/43/40 1218/1280/1277
f 1203/1250/1247 1601/1279/1276 487/1252/1249
f 488/1263/1260 1214/1281/1278 1602/1282/1279 1204/1264/1261
f 1214/1281/1278 533/41/38 1221/38/35 1602/1282/1279
f 1602/1282/1279 1221/38/35 434/37/34 1059/1122/1119
f 1204/1264/1261 1602/1282/1279 1059/1122/1119 480/1012/1009
f 481/1085/1082 1187/1205/1202 1603/1283/1280 1267/1235/1232
f 1187/1205/1202 435/879/876 918/882/879 1603/1283/1280
f 1603/1283/1280 918/882/879 394/884/881 1250/1284/1281
f 1267/1235/1232 1603/1283/1280 1250/1284/1281 489/1237/1234
f 490/1285/1282 1198/1286/1283 1604/1287/1284 1051/1288/1285
f 1198/1286/1283 399/784/781 931/943/940 1604/1287/1284
f 1604/1287/1284 931/943/940 396/778/775 1092/1289/1286
f 1051/1288/1285 1604/1287/1284 1092/1289/1286 491/1290/1287
f 485/1243/1240 1155/1276/1273 1605/1291/1288 1054/1244/1241
f 1155/1276/1273 407/801/798 933/945/942 1605/1291/1288
f 1605/1291/1288 933/945/942 403/790/787 887/1292/1289
f 1054/1244/1241 1605/1291/1288 887/1292/1289 493/1245/1242
f 484/1119/1116 1197/1272/1269 1606/1293/1290 1056/1120/1117
f 1197/1272/1269 410/840/837 934/948/945 1606/1293/1290
f 1606/1293/1290 934/948/945 401/788/785 1081/1294/1291
f 1056/1120/1117 1606/1293/1290 1081/1294/1291 494/1121/1118
f 487/1252/1249 1607/1295/1292 1057/1253/1250
f 1218/1280/1277 532/43/40 1217/951/948 1607/1295/1292
f 1607/1295/1292 1217/951/948 412/71/68 495/806/803
f 1057/1253/1250 1607/1295/1292 495/806/803
f 533/41/38 1214/1281/1278 1608/1296/1293 888/1297/1294
f 1214/1281/1278 488/1263/1260 1058/1262/1259 1608/1296/1293
f 1608/1296/1293 1058/1262/1259 496/1261/1258 1202/1298/1295
f 888/1297/1294 1608/1296/1293 1202/1298/1295 404/795/792
f 497/1267/1264 411/768/765 937/955/952
f 497/1267/1264 937/955/952 402/89/86
f 498/1024/1021 1083/1299/1296 1609/1300/1297 1062/1025/1022
f 1083/1299/1296 414/807/804 939/957/954 1609/1300/1297
f 1609/1300/1297 939/957/954 406/796/793 1094/1277/1274
f 1062/1025/1022 1609/1300/1297 1094/1277/1274 486/1028/1025
f 500/1054/1051 1246/1301/1298 1610/1302/1299 1064/1055/1052
f 1246/1301/1298 397/783/780 941/959/956 1610/1302/1299
f 1610/1302/1299 941/959/956 416/811/808 1171/1303/1300
f 1064/1055/1052 1610/1302/1299 1171/1303/1300 501/1056/1053
f 502/1239/1236 1196/1304/1301 1611/1305/1302 1189/1240/1237
f 1196/1304/1301 443/817/814 1193/969/966 1611/1305/1302
f 1611/1305/1302 1193/969/966 417/831/828 1194/1091/1088
f 1189/1240/1237 1611/1305/1302 1194/1091/1088 463/1087/1084
f 491/1290/1287 1092/1289/1286 1612/1306/1303 1168/1307/1304
f 1092/1289/1286 396/778/775 1160/977/974 1612/1306/1303
f 1612/1306/1303 1160/977/974 421/845/842 1158/1198/1195
f 1168/1307/1304 1612/1306/1303 1158/1198/1195 465/1197/1194
f 466/1052/1049 1067/1182/1179 1613/1308/1305 1093/1053/1050
f 1067/1182/1179 422/849/846 1077/978/975 1613/1308/1305
f 1613/1308/1305 1077/978/975 397/783/780 1246/1301/1298
f 1093/1053/1050 1613/1308/1305 1246/1301/1298 500/1054/1051
f 501/1056/1053 1171/1303/1300 1614/1309/1306 1170/1051/1048
f 1171/1303/1300 416/811/808 1085/980/977 1614/1309/1306
f 1614/1309/1306 1085/980/977 423/854/851 1061/1171/1168
f 1170/1051/1048 1614/1309/1306 1061/1171/1168 467/1048/1045
f 468/578/575 1043/1184/1181 1615/1310/1307 1172/1027/1024
f 1043/1184/1181 424/858/855 1075/981/978 1615/1310/1307
f 1615/1310/1307 1075/981/978 414/807/804 1083/1299/1296
f 1172/1027/1024 1615/1310/1307 1083/1299/1296 498/1024/1021
f 495/806/803 1616/805/802 1212/1254/1251
f 427/769/766 1616/805/802 898/770/767
f 1212/1254/1251 1616/805/802 1046/804/801 469/391/388
f 470/1059/1056 1047/1151/1148 1617/1311/1308 1211/1265/1262
f 1047/1151/1148 428/773/770 1086/802/799 1617/1311/1308
f 497/1267/1264 1617/1311/1308 411/768/765
f 1211/1265/1262 1617/1311/1308 497/1267/1264
f 493/1245/1242 887/1292/1289 1618/1312/1309 1163/1246/1243
f 887/1292/1289 403/790/787 1090/986/983 1618/1312/1309
f 1618/1312/1309 1090/986/983 431/870/867 1053/1224/1221
f 1163/1246/1243 1618/1312/1309 1053/1224/1221 471/1111/1108
f 472/1010/1007 1200/1192/1189 1619/1313/1310 1183/1259/1256
f 1200/1192/1189 432/874/871 1156/987/984 1619/1313/1310
f 1619/1313/1310 1156/987/984 404/795/792 1202/1298/1295
f 1183/1259/1256 1619/1313/1310 1202/1298/1295 496/1261/1258
f 494/1121/1118 1081/1294/1291 1620/1314/1311 1179/1116/1113
f 1081/1294/1291 401/788/785 1182/994/991 1620/1314/1311
f 1620/1314/1311 1182/994/991 437/960/957 1071/1140/1137
f 1179/1116/1113 1620/1314/1311 1071/1140/1137 473/1113/1110
f 474/1156/1153 1181/1155/1152 1621/1315/1312 1159/1316/1313
f 1181/1155/1152 438/964/961 1180/995/992 1621/1315/1312
f 1621/1315/1312 1180/995/992 399/784/781 1198/1286/1283
f 1159/1316/1313 1621/1315/1312 1198/1286/1283 490/1285/1282
f 489/1237/1234 1250/1284/1281 1622/1317/1314 1080/1238/1235
f 1250/1284/1281 394/884/881 950/1003/1000 1622/1317/1314
f 1622/1317/1314 950/1003/1000 443/817/814 1196/1304/1301
f 1080/1238/1235 1622/1317/1314 1196/1304/1301 502/1239/1236
f 483/338/335 1041/1318/1315 1623/1319/1316 1042/339/336
f 280/661/658 666/697/694 1623/1319/1316 1041/1318/1315
f 287/334/331 1042/339/336 1623/1319/1316 666/697/694
f 482/362/359 1038/361/358 1624/1320/1317 704/1248/1245
f 538/360/357 1037/1321/1318 1624/1320/1317 1038/361/358
f 284/699/696 704/1248/1245 1624/1320/1317 1037/1321/1318
f 281/656/653 657/659/656 1625/1322/1319 1034/1249/1246
f 657/659/656 280/661/658 1041/1318/1315 1625/1322/1319
f 1625/1322/1319 1041/1318/1315 483/338/335 1039/409/406
f 1034/1249/1246 1625/1322/1319 1039/409/406 482/362/359
f 506/1323/1320 751/1324/1321 1626/1325/1322 1100/1326/1323
f 325/66/63 734/217/214 1626/1325/1322 751/1324/1321
f 326/188/185 1100/1326/1323 1626/1325/1322 734/217/214
f 508/1327/1324 1099/1328/1325 1627/1329/1326 1101/1330/1327
f 325/66/63 751/1324/1321 1627/1329/1326 1099/1328/1325
f 506/1323/1320 1101/1330/1327 1627/1329/1326 751/1324/1321
f 504/490/487 1095/488/485 1628/1331/1328 1116/1332/1329
f 325/66/63 1251/1333/1330 1628/1331/1328 1095/488/485
f 514/1334/1331 1116/1332/1329 1628/1331/1328 1251/1333/1330
f 504/490/487 1106/1335/1332 1629/1336/1333 1103/491/488
f 1106/1335/1332 510/1337/1334 1112/1338/1335 1629/1336/1333
f 1629/1336/1333 1112/1338/1335 511/735/732 851/1339/1336
f 1103/491/488 1629/1336/1333 851/1339/1336 505/492/489
f 507/521/518 1098/1340/1337 1630/1341/1338 1104/1342/1339
f 1098/1340/1337 317/182/179 725/181/178 1630/1341/1338
f 1630/1341/1338 725/181/178 318/68/65 1096/493/490
f 1104/1342/1339 1630/1341/1338 1096/493/490 505/492/489
f 507/521/518 1105/518/515 1631/1343/1340 1098/1340/1337
f 395/141/138 957/251/248 1631/1343/1340 1105/518/515
f 317/182/179 1098/1340/1337 1631/1343/1340 957/251/248
f 510/1337/1334 1256/1344/1341 1632/1345/1342 1117/1346/1343
f 545/1347/1344 1253/1348/1345 1632/1345/1342 1256/1344/1341
f 515/728/725 1117/1346/1343 1632/1345/1342 1253/1348/1345
f 512/523/520 1121/731/728 1633/1349/1346 1110/520/517
f 1121/731/728 517/730/727 849/1350/1347 1633/1349/1346
f 1633/1349/1346 849/1350/1347 366/501/498 959/762/759
f 1110/520/517 1633/1349/1346 959/762/759 395/141/138
f 367/743/740 1111/1351/1348 1634/1352/1349 858/741/738
f 567/721/718 1310/1353/1350 1634/1352/1349 1111/1351/1348
f 364/466/463 858/741/738 1634/1352/1349 1310/1353/1350
f 516/1354/1351 848/1355/1352 1635/1356/1353 1126/1357/1354
f 848/1355/1352 365/461/458 853/715/712 1635/1356/1353
f 1635/1356/1353 853/715/712 368/504/501 1108/1358/1355
f 1126/1357/1354 1635/1356/1353 1108/1358/1355 519/737/734
f 547/1359/1356 1118/1360/1357 1636/1361/1358 1261/1362/1359
f 1118/1360/1357 514/1334/1331 1102/1363/1360 1636/1361/1358
f 1636/1361/1358 1102/1363/1360 508/1327/1324 1259/1364/1361
f 1261/1362/1359 1636/1361/1358 1259/1364/1361 548/1365/1362
f 512/523/520 1109/522/519 1637/1366/1363 1114/734/731
f 1109/522/519 507/521/518 1104/1342/1339 1637/1366/1363
f 1637/1366/1363 1104/1342/1339 505/492/489 851/1339/1336
f 1114/734/731 1637/1366/1363 851/1339/1336 511/735/732
f 516/1354/1351 1120/1367/1364 1638/1368/1365 1125/1369/1366
f 1120/1367/1364 510/1337/1334 1117/1346/1343 1638/1368/1365
f 1638/1368/1365 1117/1346/1343 515/728/725 1119/725/722
f 1125/1369/1366 1638/1368/1365 1119/725/722 520/724/721
f 365/461/458 848/1355/1352 1639/1370/1367 855/760/757
f 848/1355/1352 516/1354/1351 1125/1369/1366 1639/1370/1367
f 1639/1370/1367 1125/1369/1366 520/724/721 1124/1371/1368
f 855/760/757 1639/1370/1367 1124/1371/1368 513/757/754
f 510/1337/1334 1120/1367/1364 1640/1372/1369 1112/1338/1335
f 1120/1367/1364 516/1354/1351 1126/1357/1354 1640/1372/1369
f 1640/1372/1369 1126/1357/1354 519/737/734 1123/736/733
f 1112/1338/1335 1640/1372/1369 1123/736/733 511/735/732
f 366/501/498 849/1350/1347 1641/1373/1370 856/502/499
f 849/1350/1347 517/730/727 1127/733/730 1641/1373/1370
f 1641/1373/1370 1127/733/730 519/737/734 1108/1358/1355
f 856/502/499 1641/1373/1370 1108/1358/1355 368/504/501
f 518/723/720 852/1374/1371 1642/1375/1372 1128/727/724
f 852/1374/1371 369/747/744 1115/1376/1373 1642/1375/1372
f 1642/1375/1372 1115/1376/1373 513/757/754 1124/1371/1368
f 1128/727/724 1642/1375/1372 1124/1371/1368 520/724/721
f 546/1377/1374 1260/1378/1375 1643/1379/1376 1097/1380/1377
f 1260/1378/1375 548/1365/1362 1259/1364/1361 1643/1379/1376
f 1643/1379/1376 1259/1364/1361 508/1327/1324 1101/1330/1327
f 1097/1380/1377 1643/1379/1376 1101/1330/1327 506/1323/1320
f 521/485/482 1131/482/479 1644/1381/1378 1129/720/717
f 326/188/185 1307/1382/1379 1644/1381/1378 1131/482/479
f 567/721/718 1129/720/717 1644/1381/1378 1307/1382/1379
f 323/1383/1380 1137/1384/1381 1645/1385/1382 1133/1386/1383
f 1137/1384/1381 523/136/133 687/133/130 1645/1385/1382
f 1645/1385/1382 687/133/130 522/132/129 1138/1387/1384
f 1133/1386/1383 1645/1385/1382 1138/1387/1384 349/1388/1385
f 324/263/260 1139/1389/1386 1646/1390/1387 1134/1391/1388
f 1139/1389/1386 524/83/80 732/476/473 1646/1390/1387
f 1646/1390/1387 732/476/473 523/136/133 1137/1384/1381
f 1134/1391/1388 1646/1390/1387 1137/1384/1381 323/1383/1380
f 348/271/268 1140/1392/1389 1647/1393/1390 1135/266/263
f 1140/1392/1389 525/85/82 800/84/81 1647/1393/1390
f 1647/1393/1390 800/84/81 524/83/80 1139/1389/1386
f 1135/266/263 1647/1393/1390 1139/1389/1386 324/263/260
f 349/1388/1385 1138/1387/1384 1648/1394/1391 1136/1395/1392
f 1138/1387/1384 522/132/129 821/1396/1393 1648/1394/1391
f 1648/1394/1391 821/1396/1393 525/85/82 1140/1392/1389
f 1136/1395/1392 1648/1394/1391 1140/1392/1389 348/271/268
f 529/269/266 1143/268/265 1649/1397/1394 1144/1398/1395
f 1143/268/265 528/267/264 1142/1399/1396 1649/1397/1394
f 1649/1397/1394 1142/1399/1396 527/1400/1397 1141/1401/1398
f 1144/1398/1395 1649/1397/1394 1141/1401/1398 526/1402/1399
f 349/1388/1385 1148/1403/1400 1650/1404/1401 1133/1386/1383
f 1148/1403/1400 526/1402/1399 1141/1401/1398 1650/1404/1401
f 1650/1404/1401 1141/1401/1398 527/1400/1397 1147/1405/1402
f 1133/1386/1383 1650/1404/1401 1147/1405/1402 323/1383/1380
f 348/271/268 1145/270/267 1651/1406/1403 1136/1395/1392
f 1145/270/267 529/269/266 1144/1398/1395 1651/1406/1403
f 1651/1406/1403 1144/1398/1395 526/1402/1399 1148/1403/1400
f 1136/1395/1392 1651/1406/1403 1148/1403/1400 349/1388/1385
f 323/1383/1380 1147/1405/1402 1652/1407/1404 1134/1391/1388
f 1147/1405/1402 527/1400/1397 1142/1399/1396 1652/1407/1404
f 1652/1407/1404 1142/1399/1396 528/267/264 1146/264/261
f 1134/1391/1388 1652/1407/1404 1146/264/261 324/263/260
f 530/755/752 752/276/273 1653/275/272 1151/756/753
f 1728/112/109 966/115/112 1341/110/107 965/109/106
f 370/463/460 1151/756/753 1653/275/272 860/205/202
f 531/280/277 720/283/280 1654/1408/1405 1152/1409/1406
f 1728/112/109 965/109/106 1418/530/527 771/531/528
f 530/755/752 1152/1409/1406 1654/1408/1405 752/276/273
f 297/59/56 1060/72/69 1655/1410/1407 1224/60/57
f 412/71/68 1223/953/950 1655/1410/1407 1060/72/69
f 413/61/58 1224/60/57 1655/1410/1407 1223/953/950
f 413/61/58 993/954/951 1656/1411/1408 1220/1412/1409
f 532/43/40 1020/42/39 1656/1411/1408 993/954/951
f 533/41/38 1220/1412/1409 1656/1411/1408 1020/42/39
f 319/1413/1410 1234/1414/1411 1657/1415/1412 1226/1416/1413
f 1234/1414/1411 535/94/91 669/91/88 1657/1415/1412
f 1657/1415/1412 669/91/88 534/90/87 1235/1417/1414
f 1226/1416/1413 1657/1415/1412 1235/1417/1414 330/163/160
f 340/1418/1415 1236/1419/1416 1658/1420/1417 1227/1421/1418
f 1236/1419/1416 536/238/235 679/237/234 1658/1420/1417
f 1658/1420/1417 537/236/233 1237/1422/1419
f 1227/1421/1418 1658/1420/1417 1237/1422/1419 320/1423/1420
f 1238/1424/1421 538/360/357 705/358/355 1659/1425/1422
f 1659/1425/1422 705/358/355 36/1/1
f 1228/438/435 1659/1425/1422 36/1/1
f 24/428/425 648/1426/1423 1660/1427/1424 1229/429/426
f 648/1426/1423 258/407/404 710/406/403 1660/1427/1424
f 1660/1427/1424 710/406/403 285/405/402 1239/1428/1425
f 1229/429/426 1660/1427/1424 1239/1428/1425 539/432/429
f 320/1423/1420 1237/1422/1419 1661/1429/1426 1230/1430/1427
f 1237/1422/1419 537/236/233 726/507/504 1661/1429/1426
f 1661/1429/1426 726/507/504 535/94/91 1234/1414/1411
f 1230/1430/1427 1661/1429/1426 1234/1414/1411 319/1413/1410
f 330/163/160 1235/1417/1414 1662/1431/1428 1231/158/155
f 1235/1417/1414 534/90/87 782/700/697 1662/1431/1428
f 1662/1431/1428 782/700/697 284/699/696 1240/1432/1429
f 1231/158/155 1662/1431/1428 1240/1432/1429 540/155/152
f 539/432/429 1239/1428/1425 1663/1433/1430 1232/1434/1431
f 1239/1428/1425 285/405/402 792/655/652 1663/1433/1430
f 1663/1433/1430 792/655/652 536/238/235 1236/1419/1416
f 1232/1434/1431 1663/1433/1430 1236/1419/1416 340/1418/1415
f 540/155/152 1240/1432/1429 1664/1435/1432 1233/434/431
f 1240/1432/1429 284/699/696 1037/1321/1318 1664/1435/1432
f 1664/1435/1432 1037/1321/1318 538/360/357 1238/1424/1421
f 1233/434/431 1664/1435/1432 1238/1424/1421 257/437/434
f 409/154/151 1199/1274/1271 1665/1436/1433 951/1004/1001
f 1199/1274/1271 492/544/541 1012/1258/1255 1665/1436/1433
f 1665/1436/1433 1012/1258/1255 503/1257/1254 1241/1437/1434
f 951/1004/1001 1665/1436/1433 1241/1437/1434 441/813/810
f 503/1257/1254 1188/1255/1252 1666/1438/1435 1241/1437/1434
f 1188/1255/1252 464/1074/1071 1191/1220/1217 1666/1438/1435
f 1666/1438/1435 1191/1220/1217 418/835/832 1190/970/967
f 1241/1437/1434 1666/1438/1435 1190/970/967 441/813/810
f 265/826/823 1242/823/820 1667/1439/1436 651/1440/1437
f 1242/823/820 380/822/819 868/967/964 1667/1439/1436
f 1667/1439/1436 868/967/964 379/966/963 1026/1196/1193
f 651/1440/1437 1667/1439/1436 1026/1196/1193 204/1195/1192
f 400/528/525 1247/947/944 1668/1441/1438 1063/535/532
f 542/950/947 1249/1442/1439 1668/1441/1438 1247/947/944
f 541/152/149 1063/535/532 1668/1441/1438 1249/1442/1439
f 410/840/837 886/843/840 1669/1443/1440 1248/949/946
f 409/154/151 1192/1444/1441 1669/1443/1440 886/843/840
f 542/950/947 1248/949/946 1669/1443/1440 1192/1444/1441
f 542/950/947 1192/1444/1441 1670/1445/1442 1249/1442/1439
f 409/154/151 953/153/150 1670/1445/1442 1192/1444/1441
f 541/152/149 1249/1442/1439 1670/1445/1442 953/153/150
f 508/1327/1324 1102/1363/1360 1671/1446/1443 1099/1328/1325
f 514/1334/1331 1251/1333/1330 1671/1446/1443 1102/1363/1360
f 325/66/63 1099/1328/1325 1671/1446/1443 1251/1333/1330
f 521/485/482 1130/717/714 1672/1447/1444 1252/486/483
f 1130/717/714 509/716/713 1107/1448/1445 1672/1447/1444
f 1672/1447/1444 1107/1448/1445 544/1449/1446 1254/1450/1447
f 1252/486/483 1672/1447/1444 1254/1450/1447 543/487/484
f 515/728/725 1253/1348/1345 1673/1451/1448 1113/729/726
f 1253/1348/1345 545/1347/1344 1255/1452/1449 1673/1451/1448
f 1673/1451/1448 1255/1452/1449 544/1449/1446 1107/1448/1445
f 1113/729/726 1673/1451/1448 1107/1448/1445 509/716/713
f 544/1449/1446 1309/1453/1450 1674/1454/1451 1254/1450/1447
f 1309/1453/1450 558/1455/1452 1278/1456/1453 1674/1454/1451
f 1674/1454/1451 1278/1456/1453 552/1457/1454 1287/1458/1455
f 1254/1450/1447 1674/1454/1451 1287/1458/1455 543/487/484
f 326/188/185 1281/1459/1456 1675/1460/1457 1262/1461/1458
f 1281/1459/1456 551/1462/1459 1273/1463/1460 1675/1460/1457
f 1675/1460/1457 1273/1463/1460 553/1464/1461 1280/1465/1462
f 1262/1461/1458 1675/1460/1457 1280/1465/1462 546/1377/1374
f 545/1347/1344 1286/1466/1463 1676/1467/1464 1255/1452/1449
f 1286/1466/1463 554/1468/1465 1277/1469/1466 1676/1467/1464
f 1676/1467/1464 1277/1469/1466 558/1455/1452 1309/1453/1450
f 1255/1452/1449 1676/1467/1464 1309/1453/1450 544/1449/1446
f 546/1377/1374 1097/1380/1377 1677/1470/1467 1262/1461/1458
f 506/1323/1320 1100/1326/1323 1677/1470/1467 1097/1380/1377
f 326/188/185 1262/1461/1458 1677/1470/1467 1100/1326/1323
f 549/449/446 1264/748/745 1678/1471/1468 1265/450/447
f 1264/748/745 369/747/744 854/1472/1469 1678/1471/1468
f 1678/1471/1468 854/1472/1469 367/743/740 850/742/739
f 1265/450/447 1678/1471/1468 850/742/739 316/210/207
f 549/449/446 750/447/444 1679/1473/1470 1266/751/748
f 293/245/242 861/754/751 1679/1473/1470 750/447/444
f 370/463/460 1266/751/748 1679/1473/1470 861/754/751
f 364/466/463 1310/1353/1350 1680/1474/1471 847/738/735
f 567/721/718 1307/1382/1379 1680/1474/1471 1310/1353/1350
f 326/188/185 847/738/735 1680/1474/1471 1307/1382/1379
f 510/1337/1334 1258/1475/1472 1681/1476/1473 1256/1344/1341
f 1258/1475/1472 557/1477/1474 1279/1478/1475 1681/1476/1473
f 1681/1476/1473 1279/1478/1475 554/1468/1465 1286/1466/1463
f 1256/1344/1341 1681/1476/1473 1286/1466/1463 545/1347/1344
f 552/1457/1454 1278/1456/1453 1682/1479/1476 1269/1480/1477
f 1278/1456/1453 558/1455/1452 1275/1481/1478 1682/1479/1476
f 1682/1479/1476 1275/1481/1478 556/1482/1479 1271/1483/1480
f 1269/1480/1477 1682/1479/1476 1271/1483/1480 553/1464/1461
f 550/1484/1481 1276/1485/1482 1683/1486/1483 1268/1487/1484
f 1276/1485/1482 552/1457/1454 1269/1480/1477 1683/1486/1483
f 1683/1486/1483 1269/1480/1477 553/1464/1461 1273/1463/1460
f 1268/1487/1484 1683/1486/1483 1273/1463/1460 551/1462/1459
f 554/1468/1465 1270/1488/1485 1684/1489/1486 1277/1469/1466
f 1270/1488/1485 555/1490/1487 1272/1491/1488 1684/1489/1486
f 1684/1489/1486 1272/1491/1488 556/1482/1479 1275/1481/1478
f 1277/1469/1466 1684/1489/1486 1275/1481/1478 558/1455/1452
f 554/1468/1465 1279/1478/1475 1685/1492/1489 1270/1488/1485
f 557/1477/1474 1274/1493/1490 1685/1492/1489 1279/1478/1475
f 555/1490/1487 1270/1488/1485 1685/1492/1489 1274/1493/1490
f 543/487/484 1283/1494/1491 1686/1495/1492 1257/484/481
f 1283/1494/1491 550/1484/1481 1268/1487/1484 1686/1495/1492
f 1686/1495/1492 1268/1487/1484 551/1462/1459 1281/1459/1456
f 1257/484/481 1686/1495/1492 1281/1459/1456 326/188/185
f 547/1359/1356 1284/1496/1493 1687/1497/1494 1263/1498/1495
f 1284/1496/1493 555/1490/1487 1274/1493/1490 1687/1497/1494
f 1687/1497/1494 1274/1493/1490 557/1477/1474 1258/1475/1472
f 1263/1498/1495 1687/1497/1494 1258/1475/1472 510/1337/1334
f 543/487/484 1287/1458/1455 1688/1499/1496 1283/1494/1491
f 552/1457/1454 1276/1485/1482 1688/1499/1496 1287/1458/1455
f 550/1484/1481 1283/1494/1491 1688/1499/1496 1276/1485/1482
f 546/1377/1374 1280/1465/1462 1689/1500/1497 1260/1378/1375
f 1280/1465/1462 553/1464/1461 1271/1483/1480 1689/1500/1497
f 1689/1500/1497 1271/1483/1480 556/1482/1479 1285/1501/1498
f 1260/1378/1375 1689/1500/1497 1285/1501/1498 548/1365/1362
f 548/1365/1362 1285/1501/1498 1690/1502/1499 1261/1362/1359
f 1285/1501/1498 556/1482/1479 1272/1491/1488 1690/1502/1499
f 1690/1502/1499 1272/1491/1488 555/1490/1487 1284/1496/1493
f 1261/1362/1359 1690/1502/1499 1284/1496/1493 547/1359/1356
f 559/227/224 560/87/84 917/1503/1500
f 302/86/83 917/1503/1500 560/87/84
f 429/370/367 1293/1000/997 439/371/368
f 559/227/224 1745/1001/998 1746/228/225
f 564/1504/1501 1296/1505/1502 1691/1506/1503 1299/1507/1504
f 566/1508/1505 1306/1509/1506 1691/1506/1503 1296/1505/1502
f 562/684/681 1299/1507/1504 1691/1506/1503 1306/1509/1506
f 565/1510/1507 1305/1511/1508 1692/1512/1509 1297/1513/1510
f 562/684/681 1306/1509/1506 1692/1512/1509 1305/1511/1508
f 566/1508/1505 1297/1513/1510 1692/1512/1509 1306/1509/1506
f 320/1423/1420 1303/1514/1511 1693/1515/1512 1227/1421/1418
f 1303/1514/1511 566/1508/1505 1296/1505/1502 1693/1515/1512
f 1693/1515/1512 1296/1505/1502 564/1504/1501 1302/1516/1513
f 1227/1421/1418 1693/1515/1512 1302/1516/1513 340/1418/1415
f 340/1418/1415 1302/1516/1513 1694/1517/1514 1232/1434/1431
f 1302/1516/1513 564/1504/1501 1299/1507/1504 1694/1517/1514
f 1694/1517/1514 1299/1507/1504 562/684/681 1300/683/680
f 1232/1434/1431 1694/1517/1514 1300/683/680 539/432/429
f 319/1413/1410 1304/1518/1515 1695/1519/1516 1230/1430/1427
f 1304/1518/1515 565/1510/1507 1297/1513/1510 1695/1519/1516
f 1695/1519/1516 1297/1513/1510 566/1508/1505 1303/1514/1511
f 1230/1430/1427 1695/1519/1516 1303/1514/1511 320/1423/1420
f 330/163/160 1301/162/159 1696/1520/1517 1226/1416/1413
f 1301/162/159 563/161/158 1295/1521/1518 1696/1520/1517
f 1696/1520/1517 1295/1521/1518 565/1510/1507 1304/1518/1515
f 1226/1416/1413 1696/1520/1517 1304/1518/1515 319/1413/1410
f 562/684/681 1305/1511/1508 1697/1522/1519 1294/685/682
f 1305/1511/1508 565/1510/1507 1295/1521/1518 1697/1522/1519
f 1697/1522/1519 1295/1521/1518 563/161/158 1298/160/157
f 1294/685/682 1697/1522/1519 1298/160/157 561/159/156
f 518/723/720 1308/722/719 1698/1523/1520 852/1374/1371
f 1308/722/719 567/721/718 1111/1351/1348 1698/1523/1520
f 1698/1523/1520 1111/1351/1348 367/743/740 854/1472/1469
f 852/1374/1371 1698/1523/1520 854/1472/1469 369/747/744
f 474/1156/1153 1311/1524/1521 1699/1525/1522 1024/1154/1151
f 1311/1524/1521 465/1197/1194 1164/1200/1197 1699/1525/1522
f 1699/1525/1522 1164/1200/1197 452/1069/1066 1016/1068/1065
f 1024/1154/1151 1699/1525/1522 1016/1068/1065 453/1067/1064
f 491/1290/1287 1168/1307/1304 1700/1526/1523 1051/1288/1285
f 1168/1307/1304 465/1197/1194 1311/1524/1521 1700/1526/1523
f 1700/1526/1523 1311/1524/1521 474/1156/1153 1159/1316/1313
f 1051/1288/1285 1700/1526/1523 1159/1316/1313 490/1285/1282
f 533/41/38 888/1297/1294 1701/1527/1524 1220/1412/1409
f 404/795/792 935/1269/1266 1701/1527/1524 888/1297/1294
f 413/61/58 1220/1412/1409 1701/1527/1524 935/1269/1266
f 302/86/83 967/546/543 917/1503/1500
f 440/545/542 1045/999/996 967/546/543
f 559/227/224 917/1503/1500 967/546/543 1045/999/996
f 369/747/744 859/750/747 1702/1528/1525 1115/1376/1373
f 370/463/460 1132/758/755 1702/1528/1525 859/750/747
f 513/757/754 1115/1376/1373 1702/1528/1525 1132/758/755
f 353/290/287 819/619/616 1703/1529/1526 804/291/288
f 819/619/616 351/278/275 1282/281/278 1703/1529/1526
f 1703/1529/1526 1282/281/278 531/280/277 1150/1530/1527
f 804/291/288 1703/1529/1526 1150/1530/1527 307/294/291
f 531/280/277 1152/1409/1406 1704/1531/1528 1150/1530/1527
f 530/755/752 1153/1532/1529 1704/1531/1528 1152/1409/1406
f 307/294/291 1150/1530/1527 1704/1531/1528 1153/1532/1529
f 307/294/291 1153/1532/1529 1705/1533/1530 749/1534/1531
f 530/755/752 1149/752/749 1705/1533/1530 1153/1532/1529
f 293/245/242 749/1534/1531 1705/1533/1530 1149/752/749
f 294/243/240 743/295/292 1706/1535/1532 714/244/241
f 307/294/291 749/1534/1531 1706/1535/1532 743/295/292
f 293/245/242 714/244/241 1706/1535/1532 749/1534/1531
f 514/1334/1331 1118/1360/1357 1707/1536/1533 1116/1332/1329
f 547/1359/1356 1312/1537/1534 1707/1536/1533 1118/1360/1357
f 504/490/487 1116/1332/1329 1707/1536/1533 1312/1537/1534
f 510/1337/1334 1106/1335/1332 1708/1538/1535 1263/1498/1495
f 504/490/487 1312/1537/1534 1708/1538/1535 1106/1335/1332
f 547/1359/1356 1263/1498/1495 1708/1538/1535 1312/1537/1534
f 339/184/181 826/234/231 1709/1539/1536 678/675/672
f 536/238/235 1318/653/650 1709/1539/1536 826/234/231
f 282/403/400 678/675/672 1709/1539/1536 1318/653/650
f 571/628/625 1323/708/705 1710/1540/1537 1322/1541/1538
f 1323/708/705 569/638/635 799/1542/1539 1710/1540/1537
f 1710/1540/1537 799/1542/1539 347/77/74 842/80/77
f 1322/1541/1538 1710/1540/1537 842/80/77 525/85/82
f 279/397/394 1324/693/690 1711/1543/1540 680/648/645
f 1324/693/690 570/630/627 654/1544/1541 1711/1543/1540
f 1711/1543/1540 654/1544/1541 522/132/129 837/135/132
f 680/648/645 1711/1543/1540 837/135/132 341/140/137
f 570/630/627 1325/629/626 1712/1545/1542 654/1544/1541
f 1325/629/626 571/628/625 1322/1541/1538 1712/1545/1542
f 1712/1545/1542 1322/1541/1538 525/85/82 821/1396/1393
f 654/1544/1541 1712/1545/1542 821/1396/1393 522/132/129
f 569/638/635 1326/637/634 1713/1546/1543 799/1542/1539
f 1326/637/634 568/582/579 1319/581/578 1713/1546/1543
f 1713/1546/1543 1319/581/578 346/257/254 822/260/257
f 799/1542/1539 1713/1546/1543 822/260/257 347/77/74
f 13/632/629 1737/1547/1544 1738/1548/1545 601/633/630
f 583/1549/1546 33/386/383 708/385/382 1714/1550/1547
f 1714/1550/1547 708/385/382 292/330/327 1327/580/577
f 601/633/630 1738/1548/1545 568/582/579
f 1436/316/313 594/589/586 1716/317/314
f 1/1551/1548 4/1552/1549 3/1553/1550 2/1554/1551
f 4/1552/1549 6/1555/1552 5/1556/1553 3/1553/1550
f 6/1555/1552 8/1557/1554 7/1558/1555 5/1556/1553
f 8/1557/1554 10/1559/1556 9/1560/1557 7/1558/1555
f 10/1559/1556 12/1561/1558 11/1562/1559 9/1560/1557
f 12/1561/1558 16/1563/1560 14/1564/1561 11/1562/1559
f 16/1563/1560 20/1565/1562 17/1566/1563 14/1564/1561
f 20/1565/1562 23/1567/1564 21/1568/1565 17/1566/1563
f 58/1569/1566 1718/319/316 1717/318/315 1719/586/583
f 58/1569/1566 59/1570/1567 66/1571/1568 65/1572/1569
f 59/1570/1567 60/1573/1570 67/1574/1571 66/1571/1568
f 60/1573/1570 61/1575/1572 68/1576/1573 67/1574/1571
f 61/1575/1572 62/1577/1574 69/1578/1575 68/1576/1573
f 62/1577/1574 63/1579/1576 70/1580/1577 69/1578/1575
f 1720/312/309 70/1580/1577 1721/311/308
f 64/1581/1578 65/1572/1569 72/1582/1579 71/1583/1580
f 65/1572/1569 66/1571/1568 73/1584/1581 72/1582/1579
f 66/1571/1568 67/1574/1571 74/1585/1582 73/1584/1581
f 67/1574/1571 68/1576/1573 75/1586/1583 74/1585/1582
f 68/1576/1573 69/1578/1575 76/1587/1584 75/1586/1583
f 69/1578/1575 70/1580/1577 77/1588/1585 76/1587/1584
f 70/1580/1577 1715/1589/1586 78/1590/1587 77/1588/1585
f 1715/1589/1586 1716/317/314 79/1591/1588 78/1590/1587
f 80/1592/1589 83/1593/1590 82/1594/1591 81/1595/1592
f 83/1593/1590 85/1596/1593 84/1597/1594 82/1594/1591
f 85/1596/1593 87/1598/1595 86/1599/1596 84/1597/1594
f 87/1598/1595 89/1600/1597 88/1601/1598 86/1599/1596
f 89/1600/1597 91/1602/1599 90/1603/1600 88/1601/1598
f 91/1602/1599 93/1604/1601 92/1605/1602 90/1603/1600
f 93/1604/1601 95/1606/1603 94/1607/1604 92/1605/1602
f 95/1606/1603 97/1608/1605 96/1609/1606 94/1607/1604
f 81/1595/1592 82/1594/1591 102/1610/1607 100/1611/1608
f 82/1594/1591 84/1597/1594 104/1612/1609 102/1610/1607
f 84/1597/1594 86/1599/1596 106/1613/1610 104/1612/1609
f 86/1599/1596 88/1601/1598 107/1614/1611 106/1613/1610
f 88/1601/1598 90/1603/1600 109/1615/1612 107/1614/1611
f 90/1603/1600 92/1605/1602 111/1616/1613 109/1615/1612
f 92/1605/1602 94/1607/1604 113/1617/1614 111/1616/1613
f 94/1607/1604 96/1609/1606 115/1618/1615 113/1617/1614
f 125/1619/1616 128/1620/1617 127/1621/1618 126/1622/1619
f 128/1620/1617 130/1623/1620 129/1624/1621 127/1621/1618
f 130/1623/1620 132/1625/1622 131/1626/1623 129/1624/1621
f 132/1625/1622 134/1627/1624 133/1628/1625 131/1626/1623
f 134/1627/1624 138/1629/1626 137/1630/1627 133/1628/1625
f 138/1629/1626 140/1631/1628 139/1632/1629 137/1630/1627
f 140/1631/1628 142/1633/1630 141/1634/1631 139/1632/1629
f 142/1633/1630 144/1635/1632 143/1636/1633 141/1634/1631
f 126/1622/1619 127/1621/1618 146/1637/1634 145/1638/1635
f 127/1621/1618 129/1624/1621 147/1639/1636 146/1637/1634
f 129/1624/1621 131/1626/1623 148/1640/1637 147/1639/1636
f 131/1626/1623 133/1628/1625 149/1641/1638 148/1640/1637
f 133/1628/1625 137/1630/1627 150/1642/1639 149/1641/1638
f 137/1630/1627 139/1632/1629 151/1643/1640 150/1642/1639
f 139/1632/1629 141/1634/1631 152/1644/1641 151/1643/1640
f 141/1634/1631 143/1636/1633 153/1645/1642 152/1644/1641
f 145/1638/1635 146/1637/1634 155/1646/1643 154/1647/1644
f 146/1637/1634 147/1639/1636 156/1648/1645 155/1646/1643
f 147/1639/1636 148/1640/1637 157/1649/1646 156/1648/1645
f 148/1640/1637 149/1641/1638 158/1650/1647 157/1649/1646
f 149/1641/1638 150/1642/1639 159/1651/1648 158/1650/1647
f 150/1642/1639 151/1643/1640 160/1652/1649 159/1651/1648
f 151/1643/1640 152/1644/1641 161/1653/1650 160/1652/1649
f 152/1644/1641 153/1645/1642 162/1654/1651 161/1653/1650
f 154/1647/1644 155/1646/1643 164/1655/1652 163/1656/1653
f 155/1646/1643 156/1648/1645 165/1657/1654 164/1655/1652
f 156/1648/1645 157/1649/1646 166/1658/1655 165/1657/1654
f 157/1649/1646 158/1650/1647 167/1659/1656 166/1658/1655
f 158/1650/1647 159/1651/1648 168/1660/1657 167/1659/1656
f 159/1651/1648 160/1652/1649 169/1661/1658 168/1660/1657
f 160/1652/1649 161/1653/1650 170/1662/1659 169/1661/1658
f 161/1653/1650 162/1654/1651 171/1663/1660 170/1662/1659
f 163/1656/1653 164/1655/1652 173/1664/1661 172/1665/1662
f 164/1655/1652 165/1657/1654 174/1666/1663 173/1664/1661
f 165/1657/1654 166/1658/1655 175/1667/1664 174/1666/1663
f 166/1658/1655 167/1659/1656 176/1668/1665 175/1667/1664
f 167/1659/1656 168/1660/1657 177/1669/1666 176/1668/1665
f 168/1660/1657 169/1661/1658 178/1670/1667 177/1669/1666
f 169/1661/1658 170/1662/1659 181/1671/1668 178/1670/1667
f 170/1662/1659 171/1663/1660 182/1672/1669 181/1671/1668
f 172/1665/1662 173/1664/1661 193/1673/1670 191/1674/1671
f 173/1664/1661 174/1666/1663 195/1675/1672 193/1673/1670
f 174/1666/1663 175/1667/1664 197/1676/1673 195/1675/1672
f 175/1667/1664 176/1668/1665 200/1677/1674 197/1676/1673
f 176/1668/1665 177/1669/1666 201/1678/1675 200/1677/1674
f 177/1669/1666 178/1670/1667 203/1679/1676 201/1678/1675
f 178/1670/1667 181/1671/1668 206/1680/1677 203/1679/1676
f 181/1671/1668 182/1672/1669 207/1681/1678 206/1680/1677
f 212/1682/1679 215/1683/1680 214/1684/1681 213/1685/1682
f 215/1683/1680 217/1686/1683 216/1687/1684 214/1684/1681
f 217/1686/1683 219/1688/1685 218/1689/1686 216/1687/1684
f 219/1688/1685 221/1690/1687 220/1691/1688 218/1689/1686
f 221/1690/1687 223/1692/1689 222/1693/1690 220/1691/1688
f 223/1692/1689 225/1694/1691 224/1695/1692 222/1693/1690
f 225/1694/1691 227/1696/1693 226/1697/1694 224/1695/1692
f 227/1696/1693 229/1698/1695 228/1699/1696 226/1697/1694
f 230/1700/1697 233/1701/1698 232/1702/1699 231/1703/1700
f 233/1701/1698 235/1704/1701 234/1705/1702 232/1702/1699
f 235/1704/1701 237/1706/1703 236/1707/1704 234/1705/1702
f 237/1706/1703 239/1708/1705 238/1709/1706 236/1707/1704
f 239/1708/1705 241/1710/1707 240/1711/1708 238/1709/1706
f 241/1710/1707 243/1712/1709 242/1713/1710 240/1711/1708
f 243/1712/1709 245/1714/1711 244/1715/1712 242/1713/1710
f 245/1714/1711 247/1716/1713 246/1717/1714 244/1715/1712
f 248/1718/1715 249/1719/1716 4/1552/1549 1/1551/1548
f 249/1719/1716 250/1720/1717 6/1555/1552 4/1552/1549
f 250/1720/1717 251/1721/1718 8/1557/1554 6/1555/1552
f 251/1721/1718 252/1722/1719 10/1559/1556 8/1557/1554
f 252/1722/1719 253/1723/1720 12/1561/1558 10/1559/1556
f 253/1723/1720 254/1724/1721 16/1563/1560 12/1561/1558
f 254/1724/1721 255/1725/1722 20/1565/1562 16/1563/1560
f 255/1725/1722 256/1726/1723 23/1567/1564 20/1565/1562
f 259/1727/1724 260/1728/1725 249/1719/1716 248/1718/1715
f 260/1728/1725 261/1729/1726 250/1720/1717 249/1719/1716
f 261/1729/1726 262/1730/1727 251/1721/1718 250/1720/1717
f 262/1730/1727 263/1731/1728 252/1722/1719 251/1721/1718
f 263/1731/1728 264/1732/1729 253/1723/1720 252/1722/1719
f 264/1732/1729 266/1733/1730 254/1724/1721 253/1723/1720
f 266/1733/1730 267/1734/1731 255/1725/1722 254/1724/1721
f 267/1734/1731 268/1735/1732 256/1726/1723 255/1725/1722
f 269/1736/1733 270/1737/1734 233/1701/1698 230/1700/1697
f 270/1737/1734 271/1738/1735 235/1704/1701 233/1701/1698
f 271/1738/1735 272/1739/1736 237/1706/1703 235/1704/1701
f 272/1739/1736 273/1740/1737 239/1708/1705 237/1706/1703
f 273/1740/1737 274/1741/1738 241/1710/1707 239/1708/1705
f 274/1741/1738 275/1742/1739 243/1712/1709 241/1710/1707
f 275/1742/1739 276/1743/1740 245/1714/1711 243/1712/1709
f 276/1743/1740 277/1744/1741 247/1716/1713 245/1714/1711
f 213/1685/1682 214/1684/1681 270/1737/1734 269/1736/1733
f 214/1684/1681 216/1687/1684 271/1738/1735 270/1737/1734
f 216/1687/1684 218/1689/1686 272/1739/1736 271/1738/1735
f 218/1689/1686 220/1691/1688 273/1740/1737 272/1739/1736
f 220/1691/1688 222/1693/1690 274/1741/1738 273/1740/1737
f 222/1693/1690 224/1695/1692 275/1742/1739 274/1741/1738
f 224/1695/1692 226/1697/1694 276/1743/1740 275/1742/1739
f 226/1697/1694 228/1699/1696 277/1744/1741 276/1743/1740
f 191/1674/1671 193/1673/1670 215/1683/1680 212/1682/1679
f 193/1673/1670 195/1675/1672 217/1686/1683 215/1683/1680
f 195/1675/1672 197/1676/1673 219/1688/1685 217/1686/1683
f 197/1676/1673 200/1677/1674 221/1690/1687 219/1688/1685
f 200/1677/1674 201/1678/1675 223/1692/1689 221/1690/1687
f 201/1678/1675 203/1679/1676 225/1694/1691 223/1692/1689
f 203/1679/1676 206/1680/1677 227/1696/1693 225/1694/1691
f 206/1680/1677 207/1681/1678 229/1698/1695 227/1696/1693
f 100/1611/1608 102/1610/1607 128/1620/1617 125/1619/1616
f 102/1610/1607 104/1612/1609 130/1623/1620 128/1620/1617
f 104/1612/1609 106/1613/1610 132/1625/1622 130/1623/1620
f 106/1613/1610 107/1614/1611 134/1627/1624 132/1625/1622
f 107/1614/1611 109/1615/1612 138/1629/1626 134/1627/1624
f 109/1615/1612 111/1616/1613 140/1631/1628 138/1629/1626
f 111/1616/1613 113/1617/1614 142/1633/1630 140/1631/1628
f 113/1617/1614 115/1618/1615 144/1635/1632 142/1633/1630
f 71/1583/1580 72/1582/1579 83/1593/1590 80/1592/1589
f 72/1582/1579 73/1584/1581 85/1596/1593 83/1593/1590
f 73/1584/1581 74/1585/1582 87/1598/1595 85/1596/1593
f 74/1585/1582 75/1586/1583 89/1600/1597 87/1598/1595
f 75/1586/1583 76/1587/1584 91/1602/1599 89/1600/1597
f 76/1587/1584 77/1588/1585 93/1604/1601 91/1602/1599
f 77/1588/1585 78/1590/1587 95/1606/1603 93/1604/1601
f 78/1590/1587 79/1591/1588 97/1608/1605 95/1606/1603
f 231/1703/1700 232/1702/1699 260/1728/1725 259/1727/1724
f 232/1702/1699 234/1705/1702 261/1729/1726 260/1728/1725
f 234/1705/1702 236/1707/1704 262/1730/1727 261/1729/1726
f 236/1707/1704 238/1709/1706 263/1731/1728 262/1730/1727
f 238/1709/1706 240/1711/1708 264/1732/1729 263/1731/1728
f 240/1711/1708 242/1713/1710 266/1733/1730 264/1732/1729
f 242/1713/1710 244/1715/1712 267/1734/1731 266/1733/1730
f 244/1715/1712 246/1717/1714 268/1735/1732 267/1734/1731
f 1721/311/308 63/1579/1576 56/14/11
f 56/14/11 63/1579/1576 62/1577/1574 53/12/9
f 53/12/9 62/1577/1574 61/1575/1572 48/567/564
f 61/1575/1572 60/1573/1570 45/324/321 48/567/564
f 59/1570/1567 1373/320/317 45/324/321 60/1573/1570
f 1724/569/566 45/324/321 44/322/319
f 1724/569/566 44/322/319 729/323/320
f 1715/1589/1586 813/315/312 1716/317/314
f 1372/314/311 813/315/312 1715/1589/1586
f 1720/312/309 1721/311/308 303/13/10
f 1723/321/318 1719/586/583 810/177/174
f 1723/321/318 58/1569/1566 1719/586/583
f 1373/320/317 58/1569/1566 1723/321/318
f 1373/320/317 59/1570/1567 58/1569/1566
f 58/1569/1566 65/1572/1569 698/587/584
f 698/587/584 1718/319/316 58/1569/1566
f 65/1572/1569 64/1581/1578 698/587/584
f 698/587/584 64/1581/1578 1722/680/677
f 70/1580/1577 1720/312/309 1715/1589/1586
f 1372/314/311 1715/1589/1586 1720/312/309 718/313/310
f 1721/311/308 70/1580/1577 63/1579/1576
f 53/12/9 1430/566/563 303/13/10
f 1430/566/563 53/12/9 51/568/565
f 1723/321/318 810/177/174 299/176/173 729/323/320
f 1725/764/761 1726/512/509 1728/112/109 308/1745/1742
f 1725/764/761 1733/274/271 752/276/273 1654/1408/1405 720/283/280
f 1732/201/198 308/1745/1742 1729/497/494 1730/458/455 1731/202/199
f 1729/497/494 308/1745/1742 1728/112/109
f 308/1745/1742 1732/201/198 1733/274/271 1725/764/761
f 1728/112/109 1726/512/509 1727/279/276
f 1365/272/269 744/199/196 1726/512/509
f 1726/512/509 744/199/196 1727/279/276
f 758/468/465 1734/495/492 757/496/493 1407/494/491
f 1734/495/492 857/467/464 1476/739/736 757/496/493
f 769/498/495 1729/497/494 1728/112/109
f 1366/282/279 1725/764/761 720/283/280
f 1736/634/631 568/582/579 1326/637/634 1445/636/633
f 1735/635/632 1736/634/631 1445/636/633 597/640/637
f 568/582/579 1738/1548/1545 1741/1746/1743 1739/583/580
f 1738/1548/1545 1737/1547/1544 1740/1747/1744 1741/1746/1743
f 1319/581/578 1739/583/580 1327/580/577 1434/579/576
f 1739/583/580 1741/1746/1743 1714/1550/1547 1327/580/577
f 1741/1746/1743 1740/1747/1744 583/1549/1546 1714/1550/1547
f 844/712/709 309/81/78 1470/713/710
f 1086/802/799 411/768/765 1617/1311/1308
f 1491/803/800 898/770/767 495/806/803
f 1658/1420/1417 679/237/234 537/236/233
f 1228/438/435 257/437/434 1238/1424/1421 1659/1425/1422
f 659/436/433 1742/435/432 1391/430/427
f 1743/433/430 1300/683/680 1459/686/683 659/436/433
f 1391/430/427 1743/433/430 659/436/433
f 257/437/434 1742/435/432 1233/434/431
f 430/1061/1058 1290/1268/1265 907/1234/1231 899/1161/1158
f 907/1234/1231 1290/1268/1265 402/89/86
f 1746/228/225 1745/1001/998 1293/1000/997 429/370/367
f 1745/1001/998 1528/998/995 1293/1000/997
f 1747/229/226 1746/228/225 429/370/367
f 1744/869/866 907/1234/1231 402/89/86
f 1607/1295/1292 487/1252/1249 1218/1280/1277
f 487/1252/1249 1601/1279/1276 1218/1280/1277
f 495/806/803 898/770/767 1616/805/802
f 898/770/767 1491/803/800 1086/802/799
f 402/89/86 1290/1268/1265 1595/1266/1263
f 1759/1748/1745 1760/1749/1746 1926/1750/1747
f 2196/1751/1748 136/18/15 634/17/14 1330/16/13
f 26/19/16 619/22/19 2872/1752/1749 2243/1753/1750
f 2243/1753/1750 2872/1752/1749 2496/1754/1751 1909/1755/1752
f 2872/1752/1749 2471/1756/1753 1999/1757/1754 2496/1754/1751
f 619/22/19 105/27/24 2471/1756/1753 2872/1752/1749
f 208/28/25 633/31/28 2873/1758/1755 2553/1759/1756
f 2553/1759/1756 2873/1758/1755 2557/1760/1757 2078/1761/1758
f 2873/1758/1755 2547/1762/1759 2077/1763/1760 2557/1760/1757
f 633/31/28 209/36/33 2547/1762/1759 2873/1758/1755
f 2057/1764/1761 2445/1765/1762 2874/1766/1763 2765/1767/1764
f 2765/1767/1764 2874/1766/1763 2564/1768/1765 2156/1769/1766
f 2874/1766/1763 2763/1770/1767 2155/1771/1768 2564/1768/1765
f 2445/1765/1762 2056/1772/1769 2763/1770/1767 2874/1766/1763
f 190/46/43 627/49/46 2875/1773/1770 2538/1774/1771
f 2538/1774/1771 2875/1773/1770 2545/1775/1772 2070/1776/1773
f 2875/1773/1770 2561/1777/1774 2069/1778/1775 2545/1775/1772
f 627/49/46 192/54/51 2561/1777/1774 2875/1773/1770
f 2028/1779/1776 2766/1780/1777 2876/1781/1778 2514/1782/1779
f 1920/1783/1780 2514/1782/1779 2876/1781/1778 2768/1784/1781
f 2036/1785/1782 2768/1784/1781 2876/1781/1778 2766/1780/1777
f 1959/1786/1783 2387/1787/1784 2877/1788/1785 2219/1789/1786
f 2219/1789/1786 2877/1788/1785 2292/1790/1787 1948/1791/1788
f 2877/1788/1785 2329/1792/1789 1941/1793/1790 2292/1790/1787
f 2387/1787/1784 1956/1794/1791 2329/1792/1789 2877/1788/1785
f 2035/1795/1792 2757/1796/1793 2878/1797/1794 2604/1798/1795
f 1920/1783/1780 2604/1798/1795 2878/1797/1794 2260/1799/1796
f 1921/1800/1797 2260/1799/1796 2878/1797/1794 2757/1796/1793
f 1970/1801/1798 2386/1802/1799 2879/1803/1800 2229/1804/1801
f 2229/1804/1801 2879/1803/1800 2283/1805/1802 1932/1806/1803
f 2879/1803/1800 2344/1807/1804 2147/1808/1805 2283/1805/1802
f 2386/1802/1799 2148/1809/1806 2344/1807/1804 2879/1803/1800
f 1925/1810/1807 2717/1811/1808 2183/1812/1809
f 2025/1813/1810 2183/1812/1809 2717/1811/1808
f 2157/1814/1811 2385/1815/1812 2880/1816/1813 2213/1817/1814
f 2213/1817/1814 2880/1816/1813 2291/1818/1815 2158/1819/1816
f 2880/1816/1813 2333/1820/1817 1937/1821/1818 2291/1818/1815
f 2385/1815/1812 1960/1822/1819 2333/1820/1817 2880/1816/1813
f 1965/1823/1820 2384/1824/1821 2881/1825/1822 2225/1826/1823
f 2225/1826/1823 2881/1825/1822 2282/1827/1824 1934/1828/1825
f 2881/1825/1822 2327/1829/1826 1951/1830/1827 2282/1827/1824
f 2384/1824/1821 1954/1831/1828 2327/1829/1826 2881/1825/1822
f 2021/1832/1829 2484/1833/1830 2882/1834/1831 2509/1835/1832
f 3267/1836/1833 2510/1837/1834 2958/1838/1835 2515/1839/1836
f 2038/1840/1837 2510/1837/1834 2882/1834/1831 2484/1833/1830
f 1961/1841/1838 2383/1842/1839 2883/1843/1840 2221/1844/1841
f 2221/1844/1841 2883/1843/1840 2290/1845/1842 1936/1846/1843
f 2883/1843/1840 2356/1847/1844 1945/1848/1845 2290/1845/1842
f 2383/1842/1839 1985/1849/1846 2356/1847/1844 2883/1843/1840
f 1985/1849/1846 2382/1850/1847 2884/1851/1848 2356/1847/1844
f 2356/1847/1844 2884/1851/1848 2271/1852/1849 1945/1848/1845
f 2884/1851/1848 2339/1853/1850 1944/1854/1851 2271/1852/1849
f 2382/1850/1847 1966/1855/1852 2339/1853/1850 2884/1851/1848
f 2145/1856/1853 2381/1857/1854 2885/1858/1855 2231/1859/1856
f 2231/1859/1856 2885/1858/1855 2281/1860/1857 2146/1861/1858
f 2885/1858/1855 2337/1862/1859 1935/1863/1860 2281/1860/1857
f 2381/1857/1854 1964/1864/1861 2337/1862/1859 2885/1858/1855
f 2018/1865/1862 2504/1866/1863 2886/1867/1864 2506/1868/1865
f 1994/1869/1866 2506/1868/1865 2886/1867/1864 2408/1870/1867
f 1924/1871/1868 2408/1870/1867 2886/1867/1864 2504/1866/1863
f 2065/1872/1869 2569/1873/1870 2887/1874/1871 2612/1875/1872
f 2164/1876/1873 2612/1875/1872 2887/1874/1871 2497/1877/1874
f 2032/1878/1875 2497/1877/1874 2887/1874/1871 2569/1873/1870
f 2163/1879/1876 2775/1880/1877 2888/1881/1878 2380/1882/1879
f 2380/1882/1879 2888/1881/1878 2842/1883/1880 2184/1884/1881
f 2888/1881/1878 2845/1885/1882 2186/1886/1883 2842/1883/1880
f 2775/1880/1877 1953/1887/1884 2845/1885/1882 2888/1881/1878
f 1954/1831/1828 2379/1888/1885 2889/1889/1886 2327/1829/1826
f 2327/1829/1826 2889/1889/1886 2280/1890/1887 1951/1830/1827
f 2889/1889/1886 2330/1891/1888 1950/1892/1889 2280/1890/1887
f 2379/1888/1885 1957/1893/1890 2330/1891/1888 2889/1889/1886
f 1955/1894/1891 2378/1895/1892 2890/1896/1893 2328/1897/1894
f 2328/1897/1894 2890/1896/1893 2261/1898/1895 1923/1899/1896
f 2890/1896/1893 2354/1900/1897 1922/1901/1898 2261/1898/1895
f 2378/1895/1892 1983/1902/1899 2354/1900/1897 2890/1896/1893
f 1956/1794/1791 2377/1903/1900 2891/1904/1901 2329/1792/1789
f 2329/1792/1789 2891/1904/1901 2269/1905/1902 1941/1793/1790
f 2891/1904/1901 2335/1906/1903 1940/1907/1904 2269/1905/1902
f 2377/1903/1900 1962/1908/1905 2335/1906/1903 2891/1904/1901
f 1957/1893/1890 2376/1909/1906 2892/1910/1907 2330/1891/1888
f 2330/1891/1888 2892/1910/1907 2279/1911/1908 1950/1892/1889
f 2892/1910/1907 2331/1912/1909 1949/1913/1910 2279/1911/1908
f 2376/1909/1906 1958/1914/1911 2331/1912/1909 2892/1910/1907
f 1968/1915/1912 2375/1916/1913 2893/1917/1914 2228/1918/1915
f 2228/1918/1915 2893/1917/1914 2260/1799/1796 1921/1800/1797
f 2893/1917/1914 2345/1919/1916 1920/1783/1780 2260/1799/1796
f 2375/1916/1913 1973/1920/1917 2345/1919/1916 2893/1917/1914
f 1920/1783/1780 2288/1921/1918 2894/1922/1919 2513/1923/1920
f 2031/1924/1921 2513/1923/1920 2894/1922/1919 2515/1839/1836
f 3271/1925/1922 2404/1926/1923 2938/1927/1924 2299/1928/1925 3270/1929/1926
f 1981/1930/1927 2374/1931/1928 2895/1932/1929 2240/1933/1930
f 2240/1933/1930 2895/1932/1929 2268/1934/1931 1939/1935/1932
f 2895/1932/1929 2355/1936/1933 1938/1937/1934 2268/1934/1931
f 2374/1931/1928 1984/1938/1935 2355/1936/1933 2895/1932/1929
f 1958/1914/1911 2373/1939/1936 2896/1940/1937 2331/1912/1909
f 2331/1912/1909 2896/1940/1937 2278/1941/1938 1949/1913/1910
f 2896/1940/1937 2219/1789/1786 1948/1791/1788 2278/1941/1938
f 2373/1939/1936 1959/1786/1783 2219/1789/1786 2896/1940/1937
f 1975/1942/1939 2372/1943/1940 2897/1944/1941 2234/1945/1942
f 2234/1945/1942 2897/1944/1941 2259/1946/1943 1919/1947/1944
f 2897/1944/1941 2340/1948/1945 1918/1949/1946 2259/1946/1943
f 2372/1943/1940 1967/1950/1947 2340/1948/1945 2897/1944/1941
f 2182/1951/1948 2183/1812/1809 3283/1952/1949 3282/1953/1950
f 1960/1822/1819 2371/1954/1951 2898/1955/1952 2333/1820/1817
f 2333/1820/1817 2898/1955/1952 2267/1956/1953 1937/1821/1818
f 2898/1955/1952 2221/1844/1841 1936/1846/1843 2267/1956/1953
f 2371/1954/1951 1961/1841/1838 2221/1844/1841 2898/1955/1952
f 1962/1908/1905 2370/1957/1954 2899/1958/1955 2335/1906/1903
f 2335/1906/1903 2899/1958/1955 2277/1959/1956 1940/1907/1904
f 2899/1958/1955 2223/1960/1957 2160/1961/1958 2277/1959/1956
f 2370/1957/1954 2159/1962/1959 2223/1960/1957 2899/1958/1955
f 1977/1963/1960 2369/1964/1961 2900/1965/1962 2236/1966/1963
f 2236/1966/1963 2900/1965/1962 2258/1967/1964 1917/1968/1965
f 2900/1965/1962 2352/1969/1966 1916/1970/1967 2258/1967/1964
f 2369/1964/1961 1980/1971/1968 2352/1969/1966 2900/1965/1962
f 1964/1864/1861 2368/1972/1969 2901/1973/1970 2337/1862/1859
f 2337/1862/1859 2901/1973/1970 2266/1974/1971 1935/1863/1860
f 2901/1973/1970 2225/1826/1823 1934/1828/1825 2266/1974/1971
f 2368/1972/1969 1965/1823/1820 2225/1826/1823 2901/1973/1970
f 1940/1907/1904 2277/1959/1956 2902/1975/1972 2501/1976/1973
f 2018/1865/1862 2501/1976/1973 2902/1975/1972 2502/1977/1974
f 2160/1961/1958 2502/1977/1974 2902/1975/1972 2277/1959/1956
f 1967/1950/1947 2367/1978/1975 2903/1979/1976 2340/1948/1945
f 2340/1948/1945 2903/1979/1976 2289/1980/1977 1918/1949/1946
f 2903/1979/1976 2228/1918/1915 1921/1800/1797 2289/1980/1977
f 2367/1978/1975 1968/1915/1912 2228/1918/1915 2903/1979/1976
f 1969/1981/1978 2366/1982/1979 2904/1983/1980 2342/1984/1981
f 2342/1984/1981 2904/1983/1980 2265/1985/1982 1933/1986/1983
f 2904/1983/1980 2229/1804/1801 1932/1806/1803 2265/1985/1982
f 2366/1982/1979 1970/1801/1798 2229/1804/1801 2904/1983/1980
f 1947/1987/1984 2679/1988/1985 2905/1989/1986 2690/1990/1987
f 2690/1990/1987 2905/1989/1986 2687/1991/1988 2151/1992/1989
f 2905/1989/1986 2689/1993/1990 2152/1994/1991 2687/1991/1988
f 2679/1988/1985 1971/1995/1992 2689/1993/1990 2905/1989/1986
f 1973/1920/1917 2364/1996/1993 2906/1997/1994 2345/1919/1916
f 2345/1919/1916 2906/1997/1994 2288/1921/1918 1920/1783/1780
f 3272/1998/1995 2296/1999/1996 3194/2000/1997 2404/1926/1923 3271/1925/1922
f 2364/1996/1993 1974/2001/1998 2346/2002/1999 2906/1997/1994
f 3267/1836/1833 2515/1839/1836 2894/1922/1919 2288/1921/1918 3266/2003/2000
f 2154/2004/2001 2264/2005/2002 2907/2006/2003 2826/2007/2004
f 1974/2001/1998 2826/2007/2004 2907/2006/2003 2346/2002/1999
f 1978/2008/2005 2362/2009/2006 2908/2010/2007 2237/2011/2008
f 2237/2011/2008 2908/2010/2007 2275/2012/2009 1928/2013/2010
f 2908/2010/2007 2234/1945/1942 1919/1947/1944 2275/2012/2009
f 2362/2009/2006 1975/1942/1939 2234/1945/1942 2908/2010/2007
f 1976/2014/2011 2361/2015/2012 2909/2016/2013 2348/2017/2014
f 2348/2017/2014 2909/2016/2013 2287/2018/2015 1930/2019/2016
f 2909/2016/2013 2236/1966/1963 1917/1968/1965 2287/2018/2015
f 2361/2015/2012 1977/1963/1960 2236/1966/1963 2909/2016/2013
f 1979/2020/2017 2360/2021/2018 2910/2022/2019 2238/2023/2020
f 2238/2023/2020 2910/2022/2019 2263/2024/2021 1929/2025/2022
f 2910/2022/2019 2237/2011/2008 1928/2013/2010 2263/2024/2021
f 2360/2021/2018 1978/2008/2005 2237/2011/2008 2910/2022/2019
f 1982/2026/2023 2359/2027/2024 2911/2028/2025 2241/2029/2026
f 2241/2029/2026 2911/2028/2025 2274/2030/2027 1927/2031/2028
f 2911/2028/2025 2238/2023/2020 1929/2025/2022 2274/2030/2027
f 2359/2027/2024 1979/2020/2017 2238/2023/2020 2911/2028/2025
f 1980/1971/1968 2358/2032/2029 2912/2033/2030 2352/1969/1966
f 2352/1969/1966 2912/2033/2030 2286/2034/2031 1916/1970/1967
f 2912/2033/2030 2240/1933/1930 1939/1935/1932 2286/2034/2031
f 2358/2032/2029 1981/1930/1927 2240/1933/1930 2912/2033/2030
f 1926/1750/1747 1760/1749/1746 3261/2035/2032
f 3260/2036/2033 2262/2037/2034 1926/1750/1747
f 2913/2038/2035 2241/2029/2026 1927/2031/2028 2262/2037/2034
f 2357/2039/2036 1982/2026/2023 2241/2029/2026 2913/2038/2035
f 2977/2040/2037 2357/2039/2036 1716/317/314
f 3257/2041/2038 1983/1902/1899 3258/2042/2039
f 2914/2043/2040 1755/2044/2041 3262/2045/2042
f 1755/2044/2041 2273/2046/2043 3262/2045/2042
f 1755/2044/2041 2914/2043/2040 1756/2047/2044
f 1984/1938/1935 2789/2048/2045 2915/2049/2046 2355/1936/1933
f 2355/1936/1933 2915/2049/2046 2285/2050/2047 1938/1937/1934
f 2915/2049/2046 2787/2051/2048 1952/2052/2049 2285/2050/2047
f 2789/2048/2045 1915/2053/2050 2787/2051/2048 2915/2049/2046
f 25/8/7 576/333/330 2916/2054/2051 2244/2055/2052
f 2244/2055/2052 2916/2054/2051 2204/2056/2053 1910/2057/2054
f 2916/2054/2051 2243/1753/1750 1909/1755/1752 2204/2056/2053
f 576/333/330 26/19/16 2243/1753/1750 2916/2054/2051
f 35/5/4 585/11/8 2917/2058/2055 2245/2059/2056
f 2245/2059/2056 2917/2058/2055 2586/2060/2057 2106/2061/2058
f 2917/2058/2055 2244/2055/2052 1910/2057/2054 2586/2060/2057
f 585/11/8 25/8/7 2244/2055/2052 2917/2058/2055
f 32/340/337 582/343/340 2918/2062/2059 2247/2063/2060
f 2247/2063/2060 2918/2062/2059 2209/2064/2061 1901/2065/2062
f 2918/2062/2059 2246/2066/2063 1914/2067/2064 2209/2064/2061
f 582/343/340 30/348/345 2246/2066/2063 2918/2062/2059
f 185/349/346 628/352/349 2919/2068/2065 2620/2069/2066
f 2620/2069/2066 2919/2068/2065 2562/2070/2067 2081/2071/2068
f 2919/2068/2065 2713/2072/2069 2080/2073/2070 2562/2070/2067
f 628/352/349 186/357/354 2713/2072/2069 2919/2068/2065
f 36/1/1 586/2/2 2920/2074/2071 2249/2075/2072
f 2249/2075/2072 2920/2074/2071 2582/2076/2073 2161/2077/2074
f 2920/2074/2071 2584/2078/2075 2105/2079/2076 2582/2076/2073
f 586/2/2 18/7/6 2584/2078/2075 2920/2074/2071
f 1809/2080/2077 2491/2081/2078 2921/2082/2079 2833/2083/2080
f 2833/2083/2080 2921/2082/2079 2409/2084/2081 2004/2085/2082
f 2921/2082/2079 2062/2086/2083 2052/2087/2084 2409/2084/2081
f 2491/2081/2078 2062/2086/2083 2921/2082/2079
f 37/372/369 587/375/372 2922/2088/2085 2251/2089/2086
f 2251/2089/2086 2922/2088/2085 2212/2090/2087 1911/2091/2088
f 2922/2088/2085 2250/2092/2089 1906/2093/2090 2212/2090/2087
f 587/375/372 22/380/377 2250/2092/2089 2922/2088/2085
f 34/381/378 584/384/381 2923/2094/2091 2860/2095/2092
f 1915/2053/2050 2860/2095/2092 2923/2094/2091 2252/2096/2093
f 33/386/383 2252/2096/2093 2923/2094/2091 584/384/381
f 2070/1776/1773 2545/1775/1772 2924/2097/2094 2760/2098/2095
f 2760/2098/2095 2924/2097/2094 2516/2099/2096 2102/2100/2097
f 2924/2097/2094 2623/2101/2098 2092/2102/2099 2516/2099/2096
f 2545/1775/1772 2069/1778/1775 2623/2101/2098 2924/2097/2094
f 15/393/390 572/396/393 2925/2103/2100 2253/2104/2101
f 2253/2104/2101 2925/2103/2100 2200/2105/2102 1902/2106/2103
f 2925/2103/2100 2247/2063/2060 1901/2065/2062 2200/2105/2102
f 572/396/393 32/340/337 2247/2063/2060 2925/2103/2100
f 27/399/396 577/402/399 2926/2107/2104 2255/2108/2105
f 2255/2108/2105 2926/2107/2104 2205/2109/2106 1905/2110/2107
f 2926/2107/2104 2254/2111/2108 1908/2112/2109 2205/2109/2106
f 577/402/399 258/407/404 2254/2111/2108 2926/2107/2104
f 18/7/6 573/6/5 2927/2113/2110 2584/2078/2075
f 2584/2078/2075 2927/2113/2110 2583/2114/2111 2105/2079/2076
f 2927/2113/2110 2245/2059/2056 2106/2061/2058 2583/2114/2111
f 573/6/5 35/5/4 2245/2059/2056 2927/2113/2110
f 28/410/407 578/413/410 2928/2115/2112 2256/2116/2113
f 2256/2116/2113 2928/2115/2112 2206/2117/2114 1912/2118/2115
f 2928/2115/2112 2251/2089/2086 1911/2091/2088 2206/2117/2114
f 578/413/410 37/372/369 2251/2089/2086 2928/2115/2112
f 29/416/413 579/419/416 2929/2119/2116 2257/2120/2117
f 2257/2120/2117 2929/2119/2116 2207/2121/2118 1913/2122/2119
f 2929/2119/2116 2256/2116/2113 1912/2118/2115 2207/2121/2118
f 579/419/416 28/410/407 2256/2116/2113 2929/2119/2116
f 22/380/377 575/423/420 2930/2123/2120 2250/2092/2089
f 2250/2092/2089 2930/2123/2120 2202/2124/2121 1906/2093/2090
f 2930/2123/2120 2255/2108/2105 1905/2110/2107 2202/2124/2121
f 575/423/420 27/399/396 2255/2108/2105 2930/2123/2120
f 30/348/345 580/426/423 2931/2125/2122 2246/2066/2063
f 2246/2066/2063 2931/2125/2122 2208/2126/2123 1914/2067/2064
f 2931/2125/2122 2257/2120/2117 1913/2122/2119 2208/2126/2123
f 580/426/423 29/416/413 2257/2120/2117 2931/2125/2122
f 24/428/425 647/431/428 2932/2127/2124 2773/2128/2125
f 2162/2129/2126 2773/2128/2125 2932/2127/2124 3279/2130/2127
f 2163/1879/1876 2203/2131/2128 3278/2132/2129 2777/2133/2130
f 3278/2132/2129 2932/2127/2124 2772/2134/2131 1886/2135/2132
f 36/1/1 2772/2134/2131 2932/2127/2124 647/431/428
f 31/439/436 581/442/439 2933/2136/2133 2199/2137/2134
f 1902/2106/2103 2199/2137/2134 2933/2136/2133 2253/2104/2101
f 15/393/390 2253/2104/2101 2933/2136/2133 581/442/439
f 1922/1901/1898 2324/2138/2135 2934/2139/2136 2323/2140/2137
f 1918/1949/1946 2323/2140/2137 2934/2139/2136 2321/2141/2138
f 1926/1750/1747 2321/2141/2138 2934/2139/2136 2324/2138/2135
f 1916/1970/1967 2286/2034/2031 2935/2142/2139 2294/2143/2140
f 2172/2144/2141 2294/2143/2140 2935/2142/2139 2809/2145/2142
f 1939/1935/1932 2809/2145/2142 2935/2142/2139 2286/2034/2031
f 1938/1937/1934 2285/2050/2047 2936/2146/2143 2297/2147/2144
f 1986/2148/2145 2297/2147/2144 2936/2146/2143 2389/2149/2146
f 1952/2052/2049 2389/2149/2146 2936/2146/2143 2285/2050/2047
f 1952/2052/2049 2284/2150/2147 2937/2151/2148 2298/2152/2149
f 1932/1806/1803 2298/2152/2149 2937/2151/2148 2265/1985/1982
f 1933/1986/1983 2265/1985/1982 2937/2151/2148 2284/2150/2147
f 3270/1929/1926 2299/1928/1925 3013/2153/2150 2308/2154/2151 3269/2155/2152
f 1988/2156/2153 2299/1928/1925 2938/1927/1924 2406/2157/2154
f 1993/2158/2155 2406/2157/2154 2938/1927/1924 2404/1926/1923
f 1939/1935/1932 2268/1934/1931 2939/2159/2156 2300/2160/2157
f 1987/2161/2158 2300/2160/2157 2939/2159/2156 2401/2162/2159
f 1938/1937/1934 2401/2162/2159 2939/2159/2156 2268/1934/1931
f 1938/1937/1934 2297/2147/2144 2940/2163/2160 2302/2164/2161
f 1950/1892/1889 2302/2164/2161 2940/2163/2160 2390/2165/2162
f 1986/2148/2145 2390/2165/2162 2940/2163/2160 2297/2147/2144
f 1950/1892/1889 2303/2166/2163 2941/2167/2164 2304/2168/2165
f 2147/1808/1805 2304/2168/2165 2941/2167/2164 2283/1805/1802
f 1932/1806/1803 2283/1805/1802 2941/2167/2164 2303/2166/2163
f 2147/1808/1805 2276/2169/2166 2942/2170/2167 2305/2171/2168
f 1934/1828/1825 2305/2171/2168 2942/2170/2167 2306/2172/2169
f 2146/1861/1858 2306/2172/2169 2942/2170/2167 2276/2169/2166
f 2146/1861/1858 2281/1860/1857 2943/2173/2170 2306/2172/2169
f 1934/1828/1825 2306/2172/2169 2943/2173/2170 2266/1974/1971
f 1935/1863/1860 2266/1974/1971 2943/2173/2170 2281/1860/1857
f 1934/1828/1825 2282/1827/1824 2944/2174/2171 2305/2171/2168
f 2147/1808/1805 2305/2171/2168 2944/2174/2171 2307/2175/2172
f 1951/1830/1827 2307/2175/2172 2944/2174/2171 2282/1827/1824
f 1951/1830/1827 2280/1890/1887 2945/2176/2173 2307/2175/2172
f 2147/1808/1805 2307/2175/2172 2945/2176/2173 2304/2168/2165
f 1950/1892/1889 2304/2168/2165 2945/2176/2173 2280/1890/1887
f 1949/1913/1910 2801/2177/2174 2946/2178/2175 2675/2179/2176
f 2144/2180/2177 2675/2179/2176 2946/2178/2175 2796/2181/2178
f 2166/2182/2179 2796/2181/2178 2946/2178/2175 2801/2177/2174
f 1948/1791/1788 2292/1790/1787 2947/2183/2180 2639/2184/2181
f 2639/2184/2181 2947/2183/2180 2647/2185/2182 2127/2186/2183
f 2947/2183/2180 2640/2187/2184 2128/2188/2185 2647/2185/2182
f 2292/1790/1787 1941/1793/1790 2640/2187/2184 2947/2183/2180
f 1950/1892/1889 2279/1911/1908 2948/2189/2186 2302/2164/2161
f 1938/1937/1934 2302/2164/2161 3273/2190/2187
f 1949/1913/1910 2301/2191/2188 2948/2189/2186 2279/1911/1908
f 3268/2192/2189 2309/2193/2190 2953/2194/2191 2313/2195/2192
f 1989/2196/2193 2309/2193/2190 2949/2197/2194 2400/2198/2195
f 1991/2199/2196 2400/2198/2195 2949/2197/2194 2308/2154/2151
f 2160/1961/1958 2270/2200/2197 2950/2201/2198 2310/2202/2199
f 1945/1848/1845 2310/2202/2199 2950/2201/2198 2311/2203/2200
f 2158/1819/1816 2311/2203/2200 2950/2201/2198 2270/2200/2197
f 2158/1819/1816 2291/1818/1815 2951/2204/2201 2312/2205/2202
f 1936/1846/1843 2312/2205/2202 2951/2204/2201 2267/1956/1953
f 1937/1821/1818 2267/1956/1953 2951/2204/2201 2291/1818/1815
f 1945/1848/1845 2311/2203/2200 2952/2206/2203 2290/1845/1842
f 1936/1846/1843 2290/1845/1842 2952/2206/2203 2312/2205/2202
f 2158/1819/1816 2312/2205/2202 2952/2206/2203 2311/2203/2200
f 2906/1997/1994 2346/2002/1999 3265/2207/2204
f 1994/1869/1866 2313/2195/2192 2953/2194/2191 2407/2208/2205
f 1989/2196/2193 2407/2208/2205 2953/2194/2191 2309/2193/2190
f 2160/1961/1958 2314/2209/2206 2954/2210/2207 2502/1977/1974
f 2018/1865/1862 2502/1977/1974 2954/2210/2207 2500/2211/2208
f 1944/1854/1851 2500/2211/2208 2954/2210/2207 2314/2209/2206
f 1944/1854/1851 2314/2209/2206 2955/2212/2209 2271/1852/1849
f 1945/1848/1845 2271/1852/1849 2955/2212/2209 2310/2202/2199
f 2160/1961/1958 2310/2202/2199 2955/2212/2209 2314/2209/2206
f 2018/1865/1862 2654/2213/2210 2956/2214/2211 2649/2215/2212
f 2130/2216/2213 2649/2215/2212 2956/2214/2211 2653/2217/2214
f 2135/2218/2215 2653/2217/2214 2956/2214/2211 2654/2213/2210
f 1924/1871/1868 2508/2219/2216 2957/2220/2217 2507/2221/2218
f 2021/1832/1829 2507/2221/2218 2957/2220/2217 2474/2222/2219
f 2023/2223/2220 2474/2222/2219 2957/2220/2217 2508/2219/2216
f 2038/1840/1837 2482/2224/2221 2958/1838/1835 2510/1837/1834
f 2031/1924/1921 2515/1839/1836 2958/1838/1835 2482/2224/2221
f 2021/1832/1829 2509/1835/1832 2959/2225/2222 2507/2221/2218
f 1924/1871/1868 2507/2221/2218 2959/2225/2222 2315/2226/2223
f 3267/1836/1833 2313/2195/2192 3025/2227/2224 2315/2226/2223
f 1924/1871/1868 2628/2228/2225 2960/2229/2226 2508/2219/2216
f 2023/2223/2220 2508/2219/2216 2960/2229/2226 2607/2230/2227
f 2164/1876/1873 2607/2230/2227 2960/2229/2226 2628/2228/2225
f 2122/2231/2228 2596/2232/2229 2961/2233/2230 2456/2234/2231
f 2456/2234/2231 2961/2233/2230 2730/2235/2232 2043/2236/2233
f 2961/2233/2230 2460/2237/2234 2099/2238/2235 2730/2235/2232
f 2596/2232/2229 2115/2239/2236 2460/2237/2234 2961/2233/2230
f 2063/2240/2237 2499/2241/2238 2962/2242/2239 2511/2243/2240
f 2511/2243/2240 2962/2242/2239 2272/2244/2241 1925/1810/1807
f 2962/2242/2239 2328/1897/1894 1923/1899/1896 2272/2244/2241
f 2499/2241/2238 1955/1894/1891 2328/1897/1894 2962/2242/2239
f 2031/1924/1921 2476/2245/2242 2963/2246/2243 2513/1923/1920
f 1920/1783/1780 2513/1923/1920 2963/2246/2243 2514/1782/1779
f 2028/1779/1776 2514/1782/1779 2963/2246/2243 2476/2245/2242
f 1925/1810/1807 2272/2244/2241 2964/2247/2244 2316/2248/2245
f 1921/1800/1797 2316/2248/2245 2964/2247/2244 2317/2249/2246
f 1923/1899/1896 2317/2249/2246 2964/2247/2244 2272/2244/2241
f 1921/1800/1797 2757/1796/1793 2965/2250/2247 2316/2248/2245
f 1925/1810/1807 2316/2248/2245 2965/2250/2247 2512/2251/2248
f 2035/1795/1792 2512/2251/2248 2965/2250/2247 2757/1796/1793
f 1928/2013/2010 2275/2012/2009 2966/2252/2249 2318/2253/2250
f 1927/2031/2028 2318/2253/2250 2966/2252/2249 2319/2254/2251
f 1919/1947/1944 2319/2254/2251 2966/2252/2249 2275/2012/2009
f 1919/1947/1944 2259/1946/1943 2967/2255/2252 2320/2256/2253
f 1926/1750/1747 2320/2256/2253 2967/2255/2252 2321/2141/2138
f 1918/1949/1946 2321/2141/2138 2967/2255/2252 2259/1946/1943
f 1927/2031/2028 2319/2254/2251 2968/2257/2254 2262/2037/2034
f 1926/1750/1747 2262/2037/2034 2968/2257/2254 2320/2256/2253
f 1919/1947/1944 2320/2256/2253 2968/2257/2254 2319/2254/2251
f 1918/1949/1946 2289/1980/1977 2969/2258/2255 2322/2259/2256
f 1923/1899/1896 2322/2259/2256 2969/2258/2255 2317/2249/2246
f 1921/1800/1797 2317/2249/2246 2969/2258/2255 2289/1980/1977
f 1918/1949/1946 2322/2259/2256 2970/2260/2257 2323/2140/2137
f 1922/1901/1898 2323/2140/2137 2970/2260/2257 2261/1898/1895
f 1923/1899/1896 2261/1898/1895 2970/2260/2257 2322/2259/2256
f 1922/1901/1898 2273/2046/2043 2971/2261/2258 2324/2138/2135
f 1759/1748/1745 1758/2262/2259 1757/2263/2260
f 2324/2138/2135 2971/2261/2258 1926/1750/1747
f 1758/2262/2259 3263/2264/2261 1756/2047/2044 1757/2263/2260
f 2273/2046/2043 3263/2264/2261 1758/2262/2259 2971/2261/2258
f 1929/2025/2022 2263/2024/2021 2972/2265/2262 2274/2030/2027
f 1927/2031/2028 2274/2030/2027 2972/2265/2262 2318/2253/2250
f 1928/2013/2010 2318/2253/2250 2972/2265/2262 2263/2024/2021
f 1915/2053/2050 2788/2266/2263 2973/2267/2264 2787/2051/2048
f 2787/2051/2048 2973/2267/2264 2284/2150/2147 1952/2052/2049
f 2973/2267/2264 2342/1984/1981 1933/1986/1983 2284/2150/2147
f 2788/2266/2263 1969/1981/1978 2342/1984/1981 2973/2267/2264
f 2101/2268/2265 2710/2269/2266 2974/2270/2267 2520/2271/2268
f 2520/2271/2268 2974/2270/2267 2562/2070/2067 2080/2073/2070
f 2974/2270/2267 2534/2272/2269 2081/2071/2068 2562/2070/2067
f 2710/2269/2266 2091/2273/2270 2534/2272/2269 2974/2270/2267
f 1915/2053/2050 2871/2274/2271 2975/2275/2272 2788/2266/2263
f 1969/1981/1978 2788/2266/2263 2975/2275/2272 2863/2276/2273
f 2191/2277/2274 2863/2276/2273 3276/2278/2275
f 34/381/378 2860/2095/2092 2976/2279/2276 2861/2280/2277
f 1984/1938/1935 2861/2280/2277 2976/2279/2276 2789/2048/2045
f 1915/2053/2050 2789/2048/2045 2976/2279/2276 2860/2095/2092
f 2354/1900/1897 1983/1902/1899 3259/2281/2278
f 1983/1902/1899 2242/2282/2279 3258/2042/2039
f 2977/2040/2037 2353/2283/2280 1982/2026/2023 2357/2039/2036
f 594/589/586 47/590/587 2353/2283/2280 2977/2040/2037
f 38/591/588 606/594/591 2978/2284/2281 2239/2285/2282
f 2239/2285/2282 2978/2284/2281 2358/2032/2029 1980/1971/1968
f 2978/2284/2281 2197/2286/2283 1981/1930/1927 2358/2032/2029
f 606/594/591 19/596/593 2197/2286/2283 2978/2284/2281
f 47/590/587 598/598/595 2979/2287/2284 2353/2283/2280
f 2353/2283/2280 2979/2287/2284 2359/2027/2024 1982/2026/2023
f 2979/2287/2284 2351/2288/2285 1979/2020/2017 2359/2027/2024
f 598/598/595 50/600/597 2351/2288/2285 2979/2287/2284
f 50/600/597 595/602/599 2980/2289/2286 2351/2288/2285
f 2351/2288/2285 2980/2289/2286 2360/2021/2018 1979/2020/2017
f 2980/2289/2286 2350/2290/2287 1978/2008/2005 2360/2021/2018
f 595/602/599 49/604/601 2350/2290/2287 2980/2289/2286
f 52/605/602 602/608/605 2981/2291/2288 2235/2292/2289
f 2235/2292/2289 2981/2291/2288 2361/2015/2012 1976/2014/2011
f 2981/2291/2288 2349/2293/2290 1977/1963/1960 2361/2015/2012
f 602/608/605 39/610/607 2349/2293/2290 2981/2291/2288
f 49/604/601 599/612/609 2982/2294/2291 2350/2290/2287
f 2350/2290/2287 2982/2294/2291 2362/2009/2006 1978/2008/2005
f 2982/2294/2291 2347/2295/2292 1975/1942/1939 2362/2009/2006
f 599/612/609 41/614/611 2347/2295/2292 2982/2294/2291
f 54/615/612 596/618/615 2983/2296/2293 2233/2297/2294
f 2233/2297/2294 2983/2296/2293 2363/2298/2295 1974/2001/1998
f 2983/2296/2293 2235/2292/2289 1976/2014/2011 2363/2298/2295
f 596/618/615 52/605/602 2235/2292/2289 2983/2296/2293
f 42/620/617 603/623/620 2984/2299/2296 2232/2300/2297
f 2232/2300/2297 2984/2299/2296 2364/1996/1993 1973/1920/1917
f 2984/2299/2296 2233/2297/2294 1974/2001/1998 2364/1996/1993
f 603/623/620 54/615/612 2233/2297/2294 2984/2299/2296
f 57/624/621 605/627/624 2985/2301/2298 2230/2302/2299
f 2230/2302/2299 2985/2301/2298 2869/2303/2300 2194/2304/2301
f 2985/2301/2298 2865/2305/2302 2193/2306/2303 2869/2303/2300
f 605/627/624 31/439/436 2865/2305/2302 2985/2301/2298
f 13/632/629 1735/635/632 3274/2307/2304 2195/2308/2305
f 2195/2308/2305 3274/2307/2304 2191/2277/2274
f 2986/2309/2306 2864/2310/2307 2192/2311/2308 2870/2312/2309
f 597/640/637 55/641/638 2864/2310/2307 2986/2309/2306
f 40/642/639 604/645/642 2987/2313/2310 2227/2314/2311
f 2227/2314/2311 2987/2313/2310 2367/1978/1975 1967/1950/1947
f 2987/2313/2310 2341/2315/2312 1968/1915/1912 2367/1978/1975
f 604/645/642 43/647/644 2341/2315/2312 2987/2313/2310
f 1902/2106/2103 2200/2105/2102 2988/2316/2313 2224/2317/2314
f 2224/2317/2314 2988/2316/2313 2368/1972/1969 1964/1864/1861
f 2988/2316/2313 2338/2318/2315 1965/1823/1820 2368/1972/1969
f 2200/2105/2102 1901/2065/2062 2338/2318/2315 2988/2316/2313
f 39/610/607 590/652/649 2989/2319/2316 2349/2293/2290
f 2349/2293/2290 2989/2319/2316 2369/1964/1961 1977/1963/1960
f 2989/2319/2316 2239/2285/2282 1980/1971/1968 2369/1964/1961
f 590/652/649 38/591/588 2239/2285/2282 2989/2319/2316
f 1905/2110/2107 2205/2109/2106 2990/2320/2317 2862/2321/2318
f 2159/1962/1959 2862/2321/2318 2990/2320/2317 2336/2322/2319
f 1908/2112/2109 2336/2322/2319 2990/2320/2317 2205/2109/2106
f 1904/2323/2320 2201/2324/2321 2991/2325/2322 2220/2326/2323
f 2220/2326/2323 2991/2325/2322 2371/1954/1951 1960/1822/1819
f 2991/2325/2322 2334/2327/2324 1961/1841/1838 2371/1954/1951
f 2201/2324/2321 1903/2328/2325 2334/2327/2324 2991/2325/2322
f 41/614/611 591/663/660 2992/2329/2326 2347/2295/2292
f 2347/2295/2292 2992/2329/2326 2372/1943/1940 1975/1942/1939
f 2992/2329/2326 2227/2314/2311 1967/1950/1947 2372/1943/1940
f 591/663/660 40/642/639 2227/2314/2311 2992/2329/2326
f 1912/2118/2115 2206/2117/2114 2993/2330/2327 2218/2331/2328
f 2218/2331/2328 2993/2330/2327 2373/1939/1936 1958/1914/1911
f 2993/2330/2327 2332/2332/2329 1959/1786/1783 2373/1939/1936
f 2206/2117/2114 1911/2091/2088 2332/2332/2329 2993/2330/2327
f 19/596/593 574/668/665 2994/2333/2330 2197/2286/2283
f 2197/2286/2283 2994/2333/2330 2374/1931/1928 1981/1930/1927
f 2994/2333/2330 2861/2280/2277 1984/1938/1935 2374/1931/1928
f 574/668/665 34/381/378 2861/2280/2277 2994/2333/2330
f 43/647/644 592/670/667 2995/2334/2331 2341/2315/2312
f 2341/2315/2312 2995/2334/2331 2375/1916/1913 1968/1915/1912
f 2995/2334/2331 2232/2300/2297 1973/1920/1917 2375/1916/1913
f 592/670/667 42/620/617 2232/2300/2297 2995/2334/2331
f 1913/2122/2119 2207/2121/2118 2996/2335/2332 2217/2336/2333
f 2217/2336/2333 2996/2335/2332 2376/1909/1906 1957/1893/1890
f 2996/2335/2332 2218/2331/2328 1958/1914/1911 2376/1909/1906
f 2207/2121/2118 1912/2118/2115 2218/2331/2328 2996/2335/2332
f 1906/2093/2090 2202/2124/2121 2997/2337/2334 2216/2338/2335
f 2216/2338/2335 2997/2337/2334 2377/1903/1900 1956/1794/1791
f 2997/2337/2334 2222/2339/2336 1962/1908/1905 2377/1903/1900
f 2202/2124/2121 1905/2110/2107 2222/2339/2336 2997/2337/2334
f 46/676/673 593/679/676 2998/2340/2337 2215/2341/2338
f 2215/2341/2338 2998/2340/2337 2378/1895/1892 1955/1894/1891
f 2998/2340/2337 2242/2282/2279 1983/1902/1899 2378/1895/1892
f 3259/2281/2278 1983/1902/1899 3257/2041/2038
f 2242/2282/2279 2998/2340/2337 593/679/676 1722/680/677
f 1914/2067/2064 2208/2126/2123 2999/2342/2339 2214/2343/2340
f 2214/2343/2340 2999/2342/2339 2379/1888/1885 1954/1831/1828
f 2999/2342/2339 2217/2336/2333 1957/1893/1890 2379/1888/1885
f 2208/2126/2123 1913/2122/2119 2217/2336/2333 2999/2342/2339
f 2162/2129/2126 3279/2130/2127 2844/2344/2341
f 2844/2344/2341 3000/2345/2342 2838/2346/2343 2185/2347/2344
f 3000/2345/2342 2380/1882/1879 2184/1884/1881 2838/2346/2343
f 2203/2131/2128 2163/1879/1876 2380/1882/1879 3000/2345/2342
f 1909/1755/1752 2496/1754/1751 3001/2348/2345 2226/2349/2346
f 2226/2349/2346 3001/2348/2345 2498/2350/2347 1966/1855/1852
f 3001/2348/2345 2488/2351/2348 2059/2352/2349 2498/2350/2347
f 2496/1754/1751 1999/1757/1754 2488/2351/2348 3001/2348/2345
f 31/439/436 2199/2137/2134 3002/2353/2350 2865/2305/2302
f 2193/2306/2303 2865/2305/2302 3002/2353/2350 2868/2354/2351
f 1902/2106/2103 2868/2354/2351 3002/2353/2350 2199/2137/2134
f 1910/2057/2054 2204/2056/2053 3003/2355/2352 2325/2356/2353
f 2325/2356/2353 3003/2355/2352 2382/1850/1847 1985/1849/1846
f 3003/2355/2352 2226/2349/2346 1966/1855/1852 2382/1850/1847
f 2204/2056/2053 1909/1755/1752 2226/2349/2346 3003/2355/2352
f 1903/2328/2325 2210/2357/2354 3004/2358/2355 2334/2327/2324
f 2334/2327/2324 3004/2358/2355 2383/1842/1839 1961/1841/1838
f 3004/2358/2355 2325/2356/2353 1985/1849/1846 2383/1842/1839
f 2210/2357/2354 1910/2057/2054 2325/2356/2353 3004/2358/2355
f 1901/2065/2062 2209/2064/2061 3005/2359/2356 2338/2318/2315
f 2338/2318/2315 3005/2359/2356 2384/1824/1821 1965/1823/1820
f 3005/2359/2356 2214/2343/2340 1954/1831/1828 2384/1824/1821
f 2209/2064/2061 1914/2067/2064 2214/2343/2340 3005/2359/2356
f 1907/2360/2357 2211/2361/2358 3006/2362/2359 2326/2363/2360
f 2326/2363/2360 3006/2362/2359 2385/1815/1812 2157/1814/1811
f 3006/2362/2359 2220/2326/2323 1960/1822/1819 2385/1815/1812
f 2211/2361/2358 1904/2323/2320 2220/2326/2323 3006/2362/2359
f 136/18/15 620/705/702 3007/2364/2361 2489/2365/2362
f 2489/2365/2362 3007/2364/2361 2499/2241/2238 2063/2240/2237
f 3007/2364/2361 2215/2341/2338 1955/1894/1891 2499/2241/2238
f 620/705/702 46/676/673 2215/2341/2338 3007/2364/2361
f 55/641/638 600/707/704 3008/2366/2363 2864/2310/2307
f 2864/2310/2307 3008/2366/2363 2867/2367/2364 2192/2311/2308
f 3008/2366/2363 2230/2302/2299 2194/2304/2301 2867/2367/2364
f 600/707/704 57/624/621 2230/2302/2299 3008/2366/2363
f 1966/1855/1852 2498/2350/2347 3009/2368/2365 2339/1853/1850
f 2339/1853/1850 3009/2368/2365 2500/2211/2208 1944/1854/1851
f 3009/2368/2365 2464/2369/2366 2018/1865/1862 2500/2211/2208
f 2498/2350/2347 2059/2352/2349 2464/2369/2366 3009/2368/2365
f 1911/2091/2088 2212/2090/2087 3010/2370/2367 2332/2332/2329
f 2332/2332/2329 3010/2370/2367 2387/1787/1784 1959/1786/1783
f 3010/2370/2367 2216/2338/2335 1956/1794/1791 2387/1787/1784
f 2212/2090/2087 1906/2093/2090 2216/2338/2335 3010/2370/2367
f 1986/2148/2145 2389/2149/2146 3011/2371/2368 2388/2372/2369
f 2298/2152/2149 1932/1806/1803 3011/2371/2368
f 1952/2052/2049 2298/2152/2149 3011/2371/2368 2389/2149/2146
f 1950/1892/1889 2390/2165/2162 3012/2373/2370 2303/2166/2163
f 1932/1806/1803 2303/2166/2163 3012/2373/2370 2388/2372/2369
f 1986/2148/2145 2388/2372/2369 3012/2373/2370 2390/2165/2162
f 1988/2156/2153 2397/2374/2371 3013/2153/2150 2299/1928/1925
f 3269/2155/2152 2308/2154/2151 2949/2197/2194 2309/2193/2190 3268/2192/2189
f 1991/2199/2196 2308/2154/2151 3013/2153/2150 2397/2374/2371
f 2132/2375/2372 2666/2376/2373 3014/2377/2374 2674/2378/2375
f 2674/2378/2375 3014/2377/2374 2673/2379/2376 2144/2180/2177
f 3014/2377/2374 2852/2380/2377 2190/2381/2378 2673/2379/2376
f 2666/2376/2373 2141/2382/2379 2852/2380/2377 3014/2377/2374
f 2143/2383/2380 2672/2384/2381 3015/2385/2382 2663/2386/2383
f 2663/2386/2383 3015/2385/2382 2657/2387/2384 2138/2388/2385
f 3015/2385/2382 2666/2376/2373 2132/2375/2372 2657/2387/2384
f 2672/2384/2381 2141/2382/2379 2666/2376/2373 3015/2385/2382
f 2140/2389/2386 2671/2390/2387 3016/2391/2388 2665/2392/2389
f 2665/2392/2389 3016/2391/2388 2658/2393/2390 2135/2218/2215
f 3016/2391/2388 2667/2394/2391 2134/2395/2392 2658/2393/2390
f 2671/2390/2387 2142/2396/2393 2667/2394/2391 3016/2391/2388
f 1987/2161/2158 2401/2162/2159 3017/2397/2394 2391/2398/2395
f 1949/1913/1910 2391/2398/2395 3017/2397/2394 2301/2191/2188
f 1938/1937/1934 3273/2190/2187 2401/2162/2159
f 1987/2161/2158 2402/2399/2396 3018/2400/2397 2300/2160/2157
f 1939/1935/1932 2300/2160/2157 3018/2400/2397 2394/2401/2398
f 1990/2402/2399 2394/2401/2398 3018/2400/2397 2402/2399/2396
f 2018/1865/1862 2493/2403/2400 3019/2404/2401 2504/1866/1863
f 1924/1871/1868 2504/1866/1863 3019/2404/2401 2505/2405/2402
f 2065/1872/1869 2505/2405/2402 3019/2404/2401 2493/2403/2400
f 1992/2406/2403 2403/2407/2404 3020/2408/2405 2808/2409/2406
f 2172/2144/2141 2808/2409/2406 3020/2408/2405 2810/2410/2407
f 1993/2158/2155 2810/2410/2407 3020/2408/2405 2403/2407/2404
f 1916/1970/1967 2405/2411/2408 3021/2412/2409 2693/2413/2410
f 2153/2414/2411 2693/2413/2410 3021/2412/2409 2695/2415/2412
f 1993/2158/2155 2695/2415/2412 3021/2412/2409 2405/2411/2408
f 2136/2416/2413 2399/2417/2414 3022/2418/2415 2676/2419/2416
f 1993/2158/2155 2676/2419/2416 3022/2418/2415 2406/2157/2154
f 1988/2156/2153 2406/2157/2154 3022/2418/2415 2399/2417/2414
f 1994/1869/1866 2407/2208/2205 3023/2420/2417 2506/1868/1865
f 2018/1865/1862 2506/1868/1865 3023/2420/2417 2503/2421/2418
f 1989/2196/2193 2503/2421/2418 3023/2420/2417 2407/2208/2205
f 2164/1876/1873 2628/2228/2225 3024/2422/2419 2612/1875/1872
f 2065/1872/1869 2612/1875/1872 3024/2422/2419 2505/2405/2402
f 1924/1871/1868 2505/2405/2402 3024/2422/2419 2628/2228/2225
f 1994/1869/1866 2408/1870/1867 3025/2227/2224 2313/2195/2192
f 3265/2207/2204 2346/2002/1999 2907/2006/2003 3264/2423/2420
f 1924/1871/1868 2315/2226/2223 3025/2227/2224 2408/1870/1867
f 2035/1795/1792 2433/2424/2421 3026/2425/2422 2512/2251/2248
f 1925/1810/1807 2512/2251/2248 3026/2425/2422 2480/2426/2423
f 2034/2427/2424 2480/2426/2423 3026/2425/2422 2433/2424/2421
f 2050/2428/2425 2617/2429/2426 3027/2430/2427 2442/2431/2428
f 2442/2431/2428 3027/2430/2427 2769/2432/2429 2051/2433/2430
f 3027/2430/2427 2416/2434/2431 2012/2435/2432 2769/2432/2429
f 2617/2429/2426 2011/2436/2433 2416/2434/2431 3027/2430/2427
f 2019/2437/2434 2419/2438/2435 3028/2439/2436 2418/2440/2437
f 2021/1832/1829 2418/2440/2437 3028/2439/2436 2420/2441/2438
f 2020/2442/2439 2420/2441/2438 3028/2439/2436 2419/2438/2435
f 2022/2443/2440 2422/2444/2441 3029/2445/2442 2421/2446/2443
f 2024/2447/2444 2421/2446/2443 3029/2445/2442 2423/2448/2445
f 2023/2223/2220 2423/2448/2445 3029/2445/2442 2422/2444/2441
f 2026/2449/2446 2425/2450/2447 3030/2451/2448 2424/2452/2449
f 2028/1779/1776 2424/2452/2449 3030/2451/2448 2426/2453/2450
f 2027/2454/2451 2426/2453/2450 3030/2451/2448 2425/2450/2447
f 2029/2455/2452 2428/2456/2453 3031/2457/2454 2427/2458/2455
f 2031/1924/1921 2427/2458/2455 3031/2457/2454 2429/2459/2456
f 2030/2460/2457 2429/2459/2456 3031/2457/2454 2428/2456/2453
f 2034/2427/2424 2433/2424/2421 3032/2461/2458 2630/2462/2459
f 2630/2462/2459 2442/2431/2428 2051/2433/2430
f 2590/2463/2460 2050/2428/2425 3157/2464/2461
f 2433/2424/2421 2035/1795/1792 2118/2465/2462 3032/2461/2458
f 2037/2466/2463 2435/2467/2464 3033/2468/2465 2434/2469/2466
f 2039/2470/2467 2434/2469/2466 3033/2468/2465 2436/2471/2468
f 2038/1840/1837 2436/2471/2468 3033/2468/2465 2435/2467/2464
f 2064/2472/2469 2449/2473/2470 3034/2474/2471 2448/2475/2472
f 2066/2476/2473 2448/2475/2472 3034/2474/2471 2450/2477/2474
f 2065/1872/1869 2450/2477/2474 3034/2474/2471 2449/2473/2470
f 1809/2080/2077 2833/2083/2080 2196/1751/1748
f 2196/1751/1748 2833/2083/2080 3035/2478/2475
f 2196/1751/1748 3035/2478/2475 634/17/14 136/18/15
f 3035/2478/2475 2558/2479/2476 211/820/817 634/17/14
f 2833/2083/2080 2004/2085/2082 2558/2479/2476 3035/2478/2475
f 2003/2480/2477 2565/2481/2478 3036/2482/2479 2786/2483/2480
f 2786/2483/2480 3036/2482/2479 637/827/824 265/826/823
f 3036/2482/2479 2544/2484/2481 196/828/825 637/827/824
f 2565/2481/2478 2071/2485/2482 2544/2484/2481 3036/2482/2479
f 2040/2486/2483 2454/2487/2484 3037/2488/2485 2437/2489/2486
f 2437/2489/2486 3037/2488/2485 2566/2490/2487 2041/2491/2488
f 3037/2488/2485 2719/2492/2489 1996/2493/2490 2566/2490/2487
f 2454/2487/2484 1997/2494/2491 2719/2492/2489 3037/2488/2485
f 2033/2495/2492 2430/2496/2493 3038/2497/2494 2858/2498/2495
f 2122/2231/2228 2858/2498/2495 3038/2497/2494 2633/2499/2496
f 2032/1878/1875 2633/2499/2496 3038/2497/2494 2430/2496/2493
f 2044/2500/2497 2613/2501/2498 3039/2502/2499 2439/2503/2500
f 2439/2503/2500 3039/2502/2499 2555/2504/2501 2045/2505/2502
f 3039/2502/2499 2411/2506/2503 2001/2507/2504 2555/2504/2501
f 2613/2501/2498 2000/2508/2505 2411/2506/2503 3039/2502/2499
f 2046/2509/2506 2457/2510/2507 3040/2511/2508 2440/2512/2509
f 2440/2512/2509 3040/2511/2508 2541/2513/2510 2047/2514/2511
f 3040/2511/2508 2635/2515/2512 2015/2516/2513 2541/2513/2510
f 2457/2510/2507 2016/2517/2514 2635/2515/2512 3040/2511/2508
f 2048/2518/2515 2458/2519/2516 3041/2520/2517 2441/2521/2518
f 2441/2521/2518 3041/2520/2517 2459/2522/2519 2049/2523/2520
f 3041/2520/2517 2428/2456/2453 2029/2455/2452 2459/2522/2519
f 2458/2519/2516 2030/2460/2457 2428/2456/2453 3041/2520/2517
f 2025/1813/1810 3280/2524/2521 2183/1812/1809
f 2183/1812/1809 3280/2524/2521 3283/1952/1949
f 2054/2525/2522 2751/2526/2523 3042/2527/2524 2444/2528/2525
f 2444/2528/2525 3042/2527/2524 2752/2529/2526 2055/2530/2527
f 3042/2527/2524 2413/2531/2528 2006/2532/2529 2752/2529/2526
f 2751/2526/2523 2005/2533/2530 2413/2531/2528 3042/2527/2524
f 2058/2534/2531 2462/2535/2532 3043/2536/2533 2446/2537/2534
f 2446/2537/2534 3043/2536/2533 2464/2369/2366 2059/2352/2349
f 3043/2536/2533 2463/2538/2535 2018/1865/1862 2464/2369/2366
f 2462/2535/2532 2017/2539/2536 2463/2538/2535 3043/2536/2533
f 123/885/882 2465/2540/2537 3044/2541/2538 614/886/883
f 614/886/883 3044/2541/2538 2466/2542/2539 122/889/886
f 3044/2541/2538 2411/2506/2503 2000/2508/2505 2466/2542/2539
f 2465/2540/2537 2001/2507/2504 2411/2506/2503 3044/2541/2538
f 2010/2543/2540 2535/2544/2541 3045/2545/2542 2415/2546/2543
f 2415/2546/2543 3045/2545/2542 2718/2547/2544 2009/2548/2545
f 3045/2545/2542 608/898/895 108/897/894 2718/2547/2544
f 2535/2544/2541 110/899/896 608/898/895 3045/2545/2542
f 119/900/897 2467/2549/2546 3046/2550/2547 612/901/898
f 612/901/898 3046/2550/2547 2468/2551/2548 118/904/901
f 3046/2550/2547 2416/2434/2431 2011/2436/2433 2468/2551/2548
f 2467/2549/2546 2012/2435/2432 2416/2434/2431 3046/2550/2547
f 2014/2552/2549 2593/2553/2550 3047/2554/2551 2417/2555/2552
f 2417/2555/2552 3047/2554/2551 2592/2556/2553 2013/2557/2554
f 3047/2554/2551 609/913/910 112/912/909 2592/2556/2553
f 2593/2553/2550 114/914/911 609/913/910 3047/2554/2551
f 117/915/912 2469/2558/2555 3048/2559/2556 611/916/913
f 611/916/913 3048/2559/2556 2470/2560/2557 116/919/916
f 3048/2559/2556 2413/2531/2528 2005/2533/2530 2470/2560/2557
f 2469/2558/2555 2006/2532/2529 2413/2531/2528 3048/2559/2556
f 2008/2561/2558 2577/2562/2559 3049/2563/2560 2414/2564/2561
f 2414/2564/2561 3049/2563/2560 2626/2565/2562 2007/2566/2563
f 3049/2563/2560 607/928/925 99/927/924 2626/2565/2562
f 2577/2562/2559 101/929/926 607/928/925 3049/2563/2560
f 103/930/927 2622/2567/2564 3050/2568/2565 616/931/928
f 616/931/928 3050/2568/2565 2471/1756/1753 105/27/24
f 3050/2568/2565 2410/2569/2566 1999/1757/1754 2471/1756/1753
f 2622/2567/2564 1998/2570/2567 2410/2569/2566 3050/2568/2565
f 2016/2517/2514 2610/2571/2568 3051/2572/2569 2635/2515/2512
f 2635/2515/2512 3051/2572/2569 2472/2573/2570 2015/2516/2513
f 3051/2572/2569 613/940/937 120/939/936 2472/2573/2570
f 2610/2571/2568 121/941/938 613/940/937 3051/2572/2569
f 2021/1832/1829 2474/2222/2219 3052/2574/2571 2418/2440/2437
f 2418/2440/2437 3052/2574/2571 2475/2575/2572 2019/2437/2434
f 3052/2574/2571 2422/2444/2441 2022/2443/2440 2475/2575/2572
f 2474/2222/2219 2023/2223/2220 2422/2444/2441 3052/2574/2571
f 2028/1779/1776 2476/2245/2242 3053/2576/2573 2424/2452/2449
f 2424/2452/2449 3053/2576/2573 2477/2577/2574 2026/2449/2446
f 3053/2576/2573 2429/2459/2456 2030/2460/2457 2477/2577/2574
f 2476/2245/2242 2031/1924/1921 2429/2459/2456 3053/2576/2573
f 2023/2223/2220 2791/2578/2575 3054/2579/2576 2423/2448/2445
f 2423/2448/2445 3054/2579/2576 2478/2580/2577 2024/2447/2444
f 3054/2579/2576 2792/2581/2578 2033/2495/2492 2478/2580/2577
f 2791/2578/2575 2165/2582/2579 2792/2581/2578 3054/2579/2576
f 2035/1795/1792 2767/2583/2580 3055/2584/2581 2761/2585/2582
f 2155/1771/1768 2761/2585/2582 3055/2584/2581 2537/2586/2583
f 2036/1785/1782 2537/2586/2583 3055/2584/2581 2767/2583/2580
f 1925/1810/1807 2480/2426/2423 2481/2587/2584 2717/1811/1808
f 2025/1813/1810 2717/1811/1808 2481/2587/2584
f 2034/2427/2424 2481/2587/2584 2480/2426/2423
f 2031/1924/1921 2482/2224/2221 3056/2588/2585 2427/2458/2455
f 2427/2458/2455 3056/2588/2585 2483/2589/2586 2029/2455/2452
f 3056/2588/2585 2435/2467/2464 2037/2466/2463 2483/2589/2586
f 2482/2224/2221 2038/1840/1837 2435/2467/2464 3056/2588/2585
f 2038/1840/1837 2484/1833/1830 3057/2590/2587 2436/2471/2468
f 2436/2471/2468 3057/2590/2587 2485/2591/2588 2039/2470/2467
f 3057/2590/2587 2420/2441/2438 2020/2442/2439 2485/2591/2588
f 2484/1833/1830 2021/1832/1829 2420/2441/2438 3057/2590/2587
f 2060/2592/2589 2486/2593/2590 3058/2594/2591 2447/2595/2592
f 2447/2595/2592 3058/2594/2591 2487/2596/2593 2061/2597/2594
f 3058/2594/2591 2412/2598/2595 2002/2599/2596 2487/2596/2593
f 2486/2593/2590 2003/2480/2477 2412/2598/2595 3058/2594/2591
f 2066/2476/2473 2737/2600/2597 3059/2601/2598 2448/2475/2472
f 2448/2475/2472 3059/2601/2598 2734/2602/2599 2064/2472/2469
f 3059/2601/2598 2437/2489/2486 2041/2491/2488 2734/2602/2599
f 2737/2600/2597 2040/2486/2483 2437/2489/2486 3059/2601/2598
f 2009/2548/2545 2616/2603/2600 3060/2604/2601 2415/2546/2543
f 2415/2546/2543 3060/2604/2601 2728/2605/2602 2010/2543/2540
f 3060/2604/2601 2438/2606/2603 2043/2236/2233 2728/2605/2602
f 2616/2603/2600 2042/2607/2604 2438/2606/2603 3060/2604/2601
f 2019/2437/2434 2704/2608/2605 3061/2609/2606 2419/2438/2435
f 2419/2438/2435 3061/2609/2606 2621/2610/2607 2020/2442/2439
f 3061/2609/2606 2439/2503/2500 2045/2505/2502 2621/2610/2607
f 2704/2608/2605 2044/2500/2497 2439/2503/2500 3061/2609/2606
f 2039/2470/2467 2629/2611/2608 3062/2612/2609 2434/2469/2466
f 2434/2469/2466 3062/2612/2609 2619/2613/2610 2037/2466/2463
f 3062/2612/2609 2440/2512/2509 2047/2514/2511 2619/2613/2610
f 2629/2611/2608 2046/2509/2506 2440/2512/2509 3062/2612/2609
f 2007/2566/2563 2705/2614/2611 3063/2615/2612 2414/2564/2561
f 2414/2564/2561 3063/2615/2612 2709/2616/2613 2008/2561/2558
f 3063/2615/2612 2441/2521/2518 2049/2523/2520 2709/2616/2613
f 2705/2614/2611 2048/2518/2515 2441/2521/2518 3063/2615/2612
f 2026/2449/2446 2634/2617/2614 3064/2618/2615 2425/2450/2447
f 2425/2450/2447 3064/2618/2615 2700/2619/2616 2027/2454/2451
f 3064/2618/2615 2444/2528/2525 2055/2530/2527 2700/2619/2616
f 2634/2617/2614 2054/2525/2522 2444/2528/2525 3064/2618/2615
f 2013/2557/2554 2753/2620/2617 3065/2621/2618 2417/2555/2552
f 2417/2555/2552 3065/2621/2618 2632/2622/2619 2014/2552/2549
f 3065/2621/2618 2445/1765/1762 2057/1764/1761 2632/2622/2619
f 2753/2620/2617 2056/1772/1769 2445/1765/1762 3065/2621/2618
f 1998/2570/2567 2729/2623/2620 3066/2624/2621 2410/2569/2566
f 2410/2569/2566 3066/2624/2621 2488/2351/2348 1999/1757/1754
f 3066/2624/2621 2446/2537/2534 2059/2352/2349 2488/2351/2348
f 2729/2623/2620 2058/2534/2531 2446/2537/2534 3066/2624/2621
f 2024/2447/2444 2726/2625/2622 3067/2626/2623 2421/2446/2443
f 2421/2446/2443 3067/2626/2623 2724/2627/2624 2022/2443/2440
f 3067/2626/2623 2447/2595/2592 2061/2597/2594 2724/2627/2624
f 2726/2625/2622 2060/2592/2589 2447/2595/2592 3067/2626/2623
f 136/18/15 2489/2365/2362 3068/2628/2625 2196/1751/1748
f 2196/1751/1748 3068/2628/2625 2491/2081/2078 1809/2080/2077
f 3068/2628/2625 2490/2629/2626 2062/2086/2083 2491/2081/2078
f 2489/2365/2362 2063/2240/2237 2490/2629/2626 3068/2628/2625
f 2063/2240/2237 2589/2630/2627 3069/2631/2628 2490/2629/2626
f 2062/2086/2083 2490/2629/2626 3069/2631/2628 2837/2632/2629
f 2182/1951/1948 3281/2633/2630 3069/2631/2628 2589/2630/2627
f 2065/1872/1869 2493/2403/2400 3070/2634/2631 2450/2477/2474
f 2450/2477/2474 3070/2634/2631 2494/2635/2632 2066/2476/2473
f 3070/2634/2631 2463/2538/2535 2017/2539/2536 2494/2635/2632
f 2493/2403/2400 2018/1865/1862 2463/2538/2535 3070/2634/2631
f 2032/1878/1875 2569/1873/1870 3071/2636/2633 2495/2637/2634
f 2064/2472/2469 2495/2637/2634 3071/2636/2633 2449/2473/2470
f 2065/1872/1869 2449/2473/2470 3071/2636/2633 2569/1873/1870
f 2068/2638/2635 2550/2639/2636 3072/2640/2637 2745/2641/2638
f 2745/2641/2638 3072/2640/2637 2523/2642/2639 2095/2643/2640
f 3072/2640/2637 2749/2644/2641 2103/2645/2642 2523/2642/2639
f 2550/2639/2636 2067/2646/2643 2749/2644/2641 3072/2640/2637
f 179/1015/1012 629/1018/1015 3073/2647/2644 2722/2648/2645
f 2722/2648/2645 3073/2647/2644 2540/2649/2646 2085/2650/2647
f 3073/2647/2644 2574/2651/2648 2084/2652/2649 2540/2649/2646
f 629/1018/1015 180/1023/1020 2574/2651/2648 3073/2647/2644
f 2121/2653/2650 2716/2654/2651 3074/2655/2652 2606/2656/2653
f 2606/2656/2653 3074/2655/2652 2701/2657/2654 2109/2658/2655
f 3074/2655/2652 2710/2269/2266 2101/2268/2265 2701/2657/2654
f 2716/2654/2651 2091/2273/2270 2710/2269/2266 3074/2655/2652
f 187/1030/1027 610/1033/1030 3075/2659/2656 2631/2660/2657
f 2631/2660/2657 3075/2659/2656 2836/2661/2658 2079/2662/2659
f 3075/2659/2656 2452/2663/2660 1995/2664/2661 2836/2661/2658
f 610/1033/1030 98/1038/1035 2452/2663/2660 3075/2659/2656
f 183/1039/1036 632/1042/1039 3076/2665/2662 2579/2666/2663
f 2579/2666/2663 3076/2665/2662 2522/2667/2664 2083/2668/2665
f 3076/2665/2662 2588/2669/2666 2082/2670/2667 2522/2667/2664
f 632/1042/1039 184/1047/1044 2588/2669/2666 3076/2665/2662
f 2090/2671/2668 2714/2672/2669 3077/2673/2670 2492/2674/2671
f 2492/2674/2671 3077/2673/2670 2637/2675/2672 2089/2676/2673
f 3077/2673/2670 2608/2677/2674 2123/2678/2675 2637/2675/2672
f 2714/2672/2669 2124/2679/2676 2608/2677/2674 3077/2673/2670
f 2079/2662/2659 2836/2661/2658 3078/2680/2677 2525/2681/2678
f 2525/2681/2678 3078/2680/2677 2832/2682/2679 2093/2683/2680
f 3078/2680/2677 2559/2684/2681 2053/2685/2682 2832/2682/2679
f 2836/2661/2658 1995/2664/2661 2559/2684/2681 3078/2680/2677
f 202/1063/1060 625/1066/1063 3079/2686/2683 2543/2687/2684
f 2543/2687/2684 3079/2686/2683 2560/2688/2685 2076/2689/2686
f 3079/2686/2683 2548/2690/2687 2075/2691/2688 2560/2688/2685
f 625/1066/1063 205/1071/1068 2548/2690/2687 3079/2686/2683
f 2085/2650/2647 2540/2649/2646 3080/2692/2689 2552/2693/2690
f 2552/2693/2690 3080/2692/2689 2519/2694/2691 2087/2695/2692
f 3080/2692/2689 2518/2696/2693 2099/2238/2235 2519/2694/2691
f 2540/2649/2646 2084/2652/2649 2518/2696/2693 3080/2692/2689
f 194/1077/1074 626/1080/1077 3081/2697/2694 2529/2698/2695
f 2529/2698/2695 3081/2697/2694 2546/2699/2696 2072/2700/2697
f 3081/2697/2694 2544/2484/2481 2071/2485/2482 2546/2699/2696
f 626/1080/1077 196/828/825 2544/2484/2481 3081/2697/2694
f 2078/1761/1758 2557/1760/1757 3082/2701/2698 2554/2702/2699
f 2554/2702/2699 3082/2701/2698 2521/2703/2700 2104/2704/2701
f 3082/2701/2698 2857/2705/2702 2086/2706/2703 2521/2703/2700
f 2557/1760/1757 2077/1763/1760 2857/2705/2702 3082/2701/2698
f 1997/2494/2491 2454/2487/2484 3083/2707/2704 2859/2708/2705
f 2859/2708/2705 3083/2707/2704 2857/2705/2702 2077/1763/1760
f 3083/2707/2704 2738/2709/2706 2086/2706/2703 2857/2705/2702
f 2454/2487/2484 2040/2486/2483 2738/2709/2706 3083/2707/2704
f 188/1092/1089 631/1095/1092 3084/2710/2707 2532/2711/2708
f 2532/2711/2708 3084/2710/2707 2550/2639/2636 2068/2638/2635
f 3084/2710/2707 2539/2712/2709 2067/2646/2643 2550/2639/2636
f 631/1095/1092 189/1097/1094 2539/2712/2709 3084/2710/2707
f 198/1098/1095 623/1101/1098 3085/2713/2710 2524/2714/2711
f 2524/2714/2711 3085/2713/2710 2549/2715/2712 2074/2716/2713
f 3085/2713/2710 2528/2717/2714 2073/2718/2715 2549/2715/2712
f 623/1101/1098 199/1106/1103 2528/2717/2714 3085/2713/2710
f 2074/2716/2713 2549/2715/2712 3086/2719/2716 2551/2720/2717
f 2551/2720/2717 3086/2719/2716 2527/2721/2718 2100/2722/2719
f 3086/2719/2716 2698/2723/2720 2094/2724/2721 2527/2721/2718
f 2549/2715/2712 2073/2718/2715 2698/2723/2720 3086/2719/2716
f 2096/2725/2722 2723/2726/2723 3087/2727/2724 2453/2728/2725
f 2453/2728/2725 3087/2727/2724 2721/2729/2726 2098/2730/2727
f 3087/2727/2724 2600/2731/2728 2107/2732/2729 2721/2729/2726
f 2723/2726/2723 2117/2733/2730 2600/2731/2728 3087/2727/2724
f 2103/2645/2642 2749/2644/2641 3088/2734/2731 2603/2735/2732
f 2603/2735/2732 3088/2734/2731 2632/2622/2619 2057/1764/1761
f 3088/2734/2731 2594/2736/2733 2014/2552/2549 2632/2622/2619
f 2749/2644/2641 2067/2646/2643 2594/2736/2733 3088/2734/2731
f 2099/2238/2235 2518/2696/2693 3089/2737/2734 2730/2235/2232
f 2730/2235/2232 3089/2737/2734 2728/2605/2602 2043/2236/2233
f 3089/2737/2734 2536/2738/2735 2010/2543/2540 2728/2605/2602
f 2518/2696/2693 2084/2652/2649 2536/2738/2735 3089/2737/2734
f 185/349/346 2620/2069/2066 3090/2739/2736 621/1127/1124
f 621/1127/1124 3090/2739/2736 2472/2573/2570 120/939/936
f 3090/2739/2736 2542/2740/2737 2015/2516/2513 2472/2573/2570
f 2620/2069/2066 2081/2071/2068 2542/2740/2737 3090/2739/2736
f 2070/1776/1773 2760/2098/2095 3091/2741/2738 2530/2742/2739
f 2530/2742/2739 3091/2741/2738 2753/2620/2617 2013/2557/2554
f 3091/2741/2738 2754/2743/2740 2056/1772/1769 2753/2620/2617
f 2760/2098/2095 2102/2100/2097 2754/2743/2740 3091/2741/2738
f 2072/2700/2697 2567/2744/2741 3092/2745/2742 2720/2746/2743
f 2720/2746/2743 3092/2745/2742 2616/2603/2600 2009/2548/2545
f 3092/2745/2742 2614/2747/2744 2042/2607/2604 2616/2603/2600
f 2567/2744/2741 2098/2730/2727 2614/2747/2744 3092/2745/2742
f 2101/2268/2265 2520/2271/2268 3093/2748/2745 2711/2749/2746
f 2711/2749/2746 3093/2748/2745 2709/2616/2613 2049/2523/2520
f 3093/2748/2745 2576/2750/2747 2008/2561/2558 2709/2616/2613
f 2520/2271/2268 2080/2073/2070 2576/2750/2747 3093/2748/2745
f 2096/2725/2722 2580/2751/2748 3094/2752/2749 2615/2753/2750
f 2615/2753/2750 3094/2752/2749 2486/2593/2590 2060/2592/2589
f 3094/2752/2749 2565/2481/2478 2003/2480/2477 2486/2593/2590
f 2580/2751/2748 2071/2485/2482 2565/2481/2478 3094/2752/2749
f 198/1098/1095 2524/2714/2711 3095/2754/2751 645/1143/1140
f 645/1143/1140 3095/2754/2751 2626/2565/2562 99/927/924
f 3095/2754/2751 2599/2755/2752 2007/2566/2563 2626/2565/2562
f 2524/2714/2711 2074/2716/2713 2599/2755/2752 3095/2754/2751
f 2082/2670/2667 2588/2669/2666 3096/2756/2753 2609/2757/2754
f 2609/2757/2754 3096/2756/2753 2610/2571/2568 2016/2517/2514
f 3096/2756/2753 640/1148/1145 121/941/938 2610/2571/2568
f 2588/2669/2666 184/1047/1044 640/1148/1145 3096/2756/2753
f 2079/2662/2659 2525/2681/2678 3097/2758/2755 2618/2759/2756
f 2618/2759/2756 3097/2758/2755 2769/2432/2429 2012/2435/2432
f 3097/2758/2755 2591/2760/2757 2051/2433/2430 2769/2432/2429
f 2525/2681/2678 2093/2683/2680 2591/2760/2757 3097/2758/2755
f 2076/2689/2686 2568/2761/2758 3098/2762/2759 2571/2763/2760
f 2571/2763/2760 3098/2762/2759 2487/2596/2593 2002/2599/2596
f 3098/2762/2759 2725/2764/2761 2061/2597/2594 2487/2596/2593
f 2568/2761/2758 2097/2765/2762 2725/2764/2761 3098/2762/2759
f 2080/2073/2070 2713/2072/2069 3099/2766/2763 2576/2750/2747
f 2576/2750/2747 3099/2766/2763 2577/2562/2559 2008/2561/2558
f 3099/2766/2763 642/1158/1155 101/929/926 2577/2562/2559
f 2713/2072/2069 186/357/354 642/1158/1155 3099/2766/2763
f 2004/2085/2082 2409/2084/2081 3100/2767/2764 2835/2768/2765
f 2835/2768/2765 3100/2767/2764 2559/2684/2681 1995/2664/2661
f 3100/2767/2764 2443/2769/2766 2053/2685/2682 2559/2684/2681
f 2409/2084/2081 2052/2087/2084 2443/2769/2766 3100/2767/2764
f 211/820/817 2558/2479/2476 3101/2770/2767 652/1162/1159
f 652/1162/1159 3101/2770/2767 2452/2663/2660 98/1038/1035
f 3101/2770/2767 2835/2768/2765 1995/2664/2661 2452/2663/2660
f 2558/2479/2476 2004/2085/2082 2835/2768/2765 3101/2770/2767
f 2073/2718/2715 2528/2717/2714 3102/2771/2768 2563/2772/2769
f 2563/2772/2769 3102/2771/2768 2470/2560/2557 2005/2533/2530
f 3102/2771/2768 649/1166/1163 116/919/916 2470/2560/2557
f 2528/2717/2714 199/1106/1103 649/1166/1163 3102/2771/2768
f 194/1077/1074 2529/2698/2695 3103/2773/2770 646/1167/1164
f 646/1167/1164 3103/2773/2770 2718/2547/2544 108/897/894
f 3103/2773/2770 2720/2746/2743 2009/2548/2545 2718/2547/2544
f 2529/2698/2695 2072/2700/2697 2720/2746/2743 3103/2773/2770
f 2092/2102/2099 2623/2101/2098 3104/2774/2771 2590/2463/2460
f 2590/2463/2460 3104/2774/2771 2617/2429/2426 2050/2428/2425
f 3104/2774/2771 2759/2775/2772 2011/2436/2433 2617/2429/2426
f 2623/2101/2098 2069/1778/1775 2759/2775/2772 3104/2774/2771
f 2090/2671/2668 2531/2776/2773 3105/2777/2774 2605/2778/2775
f 2605/2778/2775 3105/2777/2774 2457/2510/2507 2046/2509/2506
f 3105/2777/2774 2609/2757/2754 2016/2517/2514 2457/2510/2507
f 2531/2776/2773 2082/2670/2667 2609/2757/2754 3105/2777/2774
f 183/1039/1036 2579/2666/2663 3106/2779/2776 636/1174/1171
f 636/1174/1171 3106/2779/2776 2465/2540/2537 123/885/882
f 3106/2779/2776 2526/2780/2777 2001/2507/2504 2465/2540/2537
f 2579/2666/2663 2083/2668/2665 2526/2780/2777 3106/2779/2776
f 188/1092/1089 2532/2711/2708 3107/2781/2778 618/1177/1174
f 618/1177/1174 3107/2781/2778 2469/2558/2555 117/915/912
f 3107/2781/2778 2750/2782/2779 2006/2532/2529 2469/2558/2555
f 2532/2711/2708 2068/2638/2635 2750/2782/2779 3107/2781/2778
f 2083/2668/2665 2533/2783/2780 3108/2784/2781 2526/2780/2777
f 2526/2780/2777 3108/2784/2781 2555/2504/2501 2001/2507/2504
f 3108/2784/2781 2611/2785/2782 2045/2505/2502 2555/2504/2501
f 2533/2783/2780 2089/2676/2673 2611/2785/2782 3108/2784/2781
f 2081/2071/2068 2534/2272/2269 3109/2786/2783 2542/2740/2737
f 2542/2740/2737 3109/2786/2783 2541/2513/2510 2015/2516/2513
f 3109/2786/2783 2587/2787/2784 2047/2514/2511 2541/2513/2510
f 2534/2272/2269 2091/2273/2270 2587/2787/2784 3109/2786/2783
f 2084/2652/2649 2574/2651/2648 3110/2788/2785 2536/2738/2735
f 2536/2738/2735 3110/2788/2785 2535/2544/2541 2010/2543/2540
f 3110/2788/2785 650/1186/1183 110/899/896 2535/2544/2541
f 2574/2651/2648 180/1023/1020 650/1186/1183 3110/2788/2785
f 190/46/43 2538/1774/1771 3111/2789/2786 644/1187/1184
f 644/1187/1184 3111/2789/2786 2592/2556/2553 112/912/909
f 3111/2789/2786 2530/2742/2739 2013/2557/2554 2592/2556/2553
f 2538/1774/1771 2070/1776/1773 2530/2742/2739 3111/2789/2786
f 2067/2646/2643 2539/2712/2709 3112/2790/2787 2594/2736/2733
f 2594/2736/2733 3112/2790/2787 2593/2553/2550 2014/2552/2549
f 3112/2790/2787 635/1190/1187 114/914/911 2593/2553/2550
f 2539/2712/2709 189/1097/1094 635/1190/1187 3112/2790/2787
f 2068/2638/2635 2745/2641/2638 3113/2791/2788 2750/2782/2779
f 2750/2782/2779 3113/2791/2788 2752/2529/2526 2006/2532/2529
f 3113/2791/2788 2744/2792/2789 2055/2530/2527 2752/2529/2526
f 2745/2641/2638 2095/2643/2640 2744/2792/2789 3113/2791/2788
f 202/1063/1060 2543/2687/2684 3114/2793/2790 622/1193/1190
f 622/1193/1190 3114/2793/2790 2570/2794/2791 204/1195/1192
f 3114/2793/2790 2571/2763/2760 2002/2599/2596 2570/2794/2791
f 2543/2687/2684 2076/2689/2686 2571/2763/2760 3114/2793/2790
f 2088/2795/2792 2708/2796/2793 3115/2797/2794 2702/2798/2795
f 2702/2798/2795 3115/2797/2794 2613/2501/2498 2044/2500/2497
f 3115/2797/2794 2575/2799/2796 2000/2508/2505 2613/2501/2498
f 2708/2796/2793 2075/2691/2688 2575/2799/2796 3115/2797/2794
f 2096/2725/2722 2453/2728/2725 3116/2800/2797 2580/2751/2748
f 2580/2751/2748 3116/2800/2797 2546/2699/2696 2071/2485/2482
f 3116/2800/2797 2567/2744/2741 2072/2700/2697 2546/2699/2696
f 2453/2728/2725 2098/2730/2727 2567/2744/2741 3116/2800/2797
f 2078/1761/1758 2554/2702/2699 3117/2801/2798 2572/2802/2799
f 2572/2802/2799 3117/2801/2798 2729/2623/2620 1998/2570/2567
f 3117/2801/2798 2731/2803/2800 2058/2534/2531 2729/2623/2620
f 2554/2702/2699 2104/2704/2701 2731/2803/2800 3117/2801/2798
f 2077/1763/1760 2547/1762/1759 3118/2804/2801 2859/2708/2705
f 2859/2708/2705 3118/2804/2801 2739/2805/2802 1997/2494/2491
f 3118/2804/2801 624/1209/1206 210/1208/1205 2739/2805/2802
f 2547/1762/1759 209/36/33 624/1209/1206 3118/2804/2801
f 2075/2691/2688 2548/2690/2687 3119/2806/2803 2575/2799/2796
f 2575/2799/2796 3119/2806/2803 2466/2542/2539 2000/2508/2505
f 3119/2806/2803 630/1211/1208 122/889/886 2466/2542/2539
f 2548/2690/2687 205/1071/1068 630/1211/1208 3119/2806/2803
f 179/1015/1012 2722/2648/2645 3120/2807/2804 641/1212/1209
f 641/1212/1209 3120/2807/2804 2473/2808/2805 124/1214/1211
f 3120/2807/2804 2517/2809/2806 1996/2493/2490 2473/2808/2805
f 2722/2648/2645 2085/2650/2647 2517/2809/2806 3120/2807/2804
f 2074/2716/2713 2551/2720/2717 3121/2810/2807 2599/2755/2752
f 2599/2755/2752 3121/2810/2807 2705/2614/2611 2007/2566/2563
f 3121/2810/2807 2706/2811/2808 2048/2518/2515 2705/2614/2611
f 2551/2720/2717 2100/2722/2719 2706/2811/2808 3121/2810/2807
f 2085/2650/2647 2552/2693/2690 3122/2812/2809 2517/2809/2806
f 2517/2809/2806 3122/2812/2809 2566/2490/2487 1996/2493/2490
f 3122/2812/2809 2735/2813/2810 2041/2491/2488 2566/2490/2487
f 2552/2693/2690 2087/2695/2692 2735/2813/2810 3122/2812/2809
f 208/28/25 2553/1759/1756 3123/2814/2811 638/1221/1218
f 638/1221/1218 3123/2814/2811 2622/2567/2564 103/930/927
f 3123/2814/2811 2572/2802/2799 1998/2570/2567 2622/2567/2564
f 2553/1759/1756 2078/1761/1758 2572/2802/2799 3123/2814/2811
f 2090/2671/2668 2492/2674/2671 3124/2815/2812 2531/2776/2773
f 2531/2776/2773 3124/2815/2812 2522/2667/2664 2082/2670/2667
f 3124/2815/2812 2533/2783/2780 2083/2668/2665 2522/2667/2664
f 2492/2674/2671 2089/2676/2673 2533/2783/2780 3124/2815/2812
f 2094/2724/2721 2698/2723/2720 3125/2816/2813 2597/2817/2814
f 2597/2817/2814 3125/2816/2813 2751/2526/2523 2054/2525/2522
f 3125/2816/2813 2563/2772/2769 2005/2533/2530 2751/2526/2523
f 2698/2723/2720 2073/2718/2715 2563/2772/2769 3125/2816/2813
f 2043/2236/2233 2438/2606/2603 3126/2818/2815 2456/2234/2231
f 2456/2234/2231 3126/2818/2815 2858/2498/2495 2122/2231/2228
f 3126/2818/2815 2455/2819/2816 2033/2495/2492 2858/2498/2495
f 2438/2606/2603 2042/2607/2604 2455/2819/2816 3126/2818/2815
f 2069/1778/1775 2561/1777/1774 3127/2820/2817 2759/2775/2772
f 2759/2775/2772 3127/2820/2817 2468/2551/2548 2011/2436/2433
f 3127/2820/2817 643/1229/1226 118/904/901 2468/2551/2548
f 2561/1777/1774 192/54/51 643/1229/1226 3127/2820/2817
f 1996/2493/2490 2719/2492/2489 3128/2821/2818 2473/2808/2805
f 2473/2808/2805 3128/2821/2818 639/1231/1228 124/1214/1211
f 3128/2821/2818 2739/2805/2802 210/1208/1205 639/1231/1228
f 2719/2492/2489 1997/2494/2491 2739/2805/2802 3128/2821/2818
f 187/1030/1027 2631/2660/2657 3129/2822/2819 615/1232/1229
f 615/1232/1229 3129/2822/2819 2467/2549/2546 119/900/897
f 3129/2822/2819 2618/2759/2756 2012/2435/2432 2467/2549/2546
f 2631/2660/2657 2079/2662/2659 2618/2759/2756 3129/2822/2819
f 2052/2087/2084 2451/2823/2820 2443/2769/2766
f 2104/2704/2701 2521/2703/2700 3130/2824/2821 2811/2825/2822
f 2811/2825/2822 3130/2824/2821 2624/2826/2823 2112/2827/2824
f 3130/2824/2821 2733/2828/2825 2125/2829/2826 2624/2826/2823
f 2521/2703/2700 2086/2706/2703 2733/2828/2825 3130/2824/2821
f 2100/2722/2719 2527/2721/2718 3131/2830/2827 2573/2831/2828
f 2573/2831/2828 3131/2830/2827 2598/2832/2829 2108/2833/2830
f 3131/2830/2827 2707/2834/2831 2116/2835/2832 2598/2832/2829
f 2527/2721/2718 2094/2724/2721 2707/2834/2831 3131/2830/2827
f 1907/2360/2357 2248/2836/2833 3132/2837/2834 2211/2361/2358
f 1904/2323/2320 2211/2361/2358 3132/2837/2834 2578/2838/2835
f 2105/2079/2076 2578/2838/2835 3132/2837/2834 2248/2836/2833
f 2102/2100/2097 2516/2099/2096 3133/2839/2836 2747/2840/2837
f 2747/2840/2837 3133/2839/2836 2601/2841/2838 2110/2842/2839
f 3133/2839/2836 2756/2843/2840 2118/2465/2462 2601/2841/2838
f 2516/2099/2096 2092/2102/2099 2756/2843/2840 3133/2839/2836
f 2087/2695/2692 2519/2694/2691 3134/2844/2841 2732/2845/2842
f 2732/2845/2842 3134/2844/2841 2556/2846/2843 2126/2847/2844
f 3134/2844/2841 2460/2237/2234 2115/2239/2236 2556/2846/2843
f 2519/2694/2691 2099/2238/2235 2460/2237/2234 3134/2844/2841
f 2095/2643/2640 2523/2642/2639 3135/2848/2845 2727/2849/2846
f 2727/2849/2846 3135/2848/2845 2602/2850/2847 2119/2851/2848
f 3135/2848/2845 2748/2852/2849 2111/2853/2850 2602/2850/2847
f 2523/2642/2639 2103/2645/2642 2748/2852/2849 3135/2848/2845
f 2093/2683/2680 2832/2682/2679 3136/2854/2851 2755/2855/2852
f 2755/2855/2852 3136/2854/2851 2120/2856/2853
f 3136/2854/2851 2025/1813/1810 2120/2856/2853
f 2832/2682/2679 2053/2685/2682 2834/2857/2854 3136/2854/2851
f 2036/1785/1782 2766/1780/1777 3137/2858/2855 2479/2859/2856
f 2027/2454/2451 2479/2859/2856 3137/2858/2855 2426/2453/2450
f 2028/1779/1776 2426/2453/2450 3137/2858/2855 2766/1780/1777
f 2098/2730/2727 2721/2729/2726 3138/2860/2857 2614/2747/2744
f 2614/2747/2744 3138/2860/2857 2455/2819/2816 2042/2607/2604
f 3138/2860/2857 2741/2861/2858 2033/2495/2492 2455/2819/2816
f 2721/2729/2726 2107/2732/2729 2741/2861/2858 3138/2860/2857
f 2032/1878/1875 2743/2862/2859 3139/2863/2860 2633/2499/2496
f 2122/2231/2228 2633/2499/2496 3139/2863/2860 2596/2232/2229
f 2115/2239/2236 2596/2232/2229 3139/2863/2860 2743/2862/2859
f 2100/2722/2719 2573/2831/2828 3140/2864/2861 2706/2811/2808
f 2706/2811/2808 3140/2864/2861 2458/2519/2516 2048/2518/2515
f 3140/2864/2861 2699/2865/2862 2030/2460/2457 2458/2519/2516
f 2573/2831/2828 2108/2833/2830 2699/2865/2862 3140/2864/2861
f 2109/2658/2655 2701/2657/2654 3141/2866/2863 2638/2867/2864
f 2638/2867/2864 3141/2866/2863 2459/2522/2519 2029/2455/2452
f 3141/2866/2863 2711/2749/2746 2049/2523/2520 2459/2522/2519
f 2701/2657/2654 2101/2268/2265 2711/2749/2746 3141/2866/2863
f 3280/2524/2521 2451/2823/2820 2052/2087/2084 3283/1952/1949
f 2102/2100/2097 2747/2840/2837 3142/2868/2865 2754/2743/2740
f 2754/2743/2740 3142/2868/2865 2763/1770/1767 2056/1772/1769
f 3142/2868/2865 2762/2869/2866 2155/1771/1768 2763/1770/1767
f 2747/2840/2837 2110/2842/2839 3142/2868/2865
f 2111/2853/2850 2748/2852/2849 3143/2870/2867 2758/2871/2868
f 2758/2871/2868 3143/2870/2867 2765/1767/1764 2156/1769/1766
f 3143/2870/2867 2603/2735/2732 2057/1764/1761 2765/1767/1764
f 2748/2852/2849 2103/2645/2642 2603/2735/2732 3143/2870/2867
f 2104/2704/2701 2811/2825/2822 3144/2872/2869 2731/2803/2800
f 2731/2803/2800 3144/2872/2869 2462/2535/2532 2058/2534/2531
f 3144/2872/2869 2794/2873/2870 2017/2539/2536 2462/2535/2532
f 2811/2825/2822 2112/2827/2824 2794/2873/2870 3144/2872/2869
f 2113/2874/2871 2595/2875/2872 3145/2876/2873 2742/2877/2874
f 2742/2877/2874 3145/2876/2873 2475/2575/2572 2022/2443/2440
f 3145/2876/2873 2636/2878/2875 2019/2437/2434 2475/2575/2572
f 2595/2875/2872 2114/2879/2876 2636/2878/2875 3145/2876/2873
f 2108/2833/2830 2598/2832/2829 3146/2880/2877 2699/2865/2862
f 2699/2865/2862 3146/2880/2877 2477/2577/2574 2030/2460/2457
f 3146/2880/2877 2431/2881/2878 2026/2449/2446 2477/2577/2574
f 2598/2832/2829 2116/2835/2832 2431/2881/2878 3146/2880/2877
f 2107/2732/2729 2600/2731/2728 3147/2882/2879 2741/2861/2858
f 2741/2861/2858 3147/2882/2879 2478/2580/2577 2033/2495/2492
f 3147/2882/2879 2625/2883/2880 2024/2447/2444 2478/2580/2577
f 2600/2731/2728 2117/2733/2730 2625/2883/2880 3147/2882/2879
f 2110/2842/2839 2601/2841/2838 3148/2884/2881
f 2762/2869/2866 3148/2884/2881 2761/2585/2582 2155/1771/1768
f 3148/2884/2881 2118/2465/2462 2035/1795/1792 2761/2585/2582
f 2601/2841/2838 2118/2465/2462 3148/2884/2881
f 2156/1769/1766 2432/2885/2882 3149/2886/2883 2758/2871/2868
f 2758/2871/2868 3149/2886/2883 2602/2850/2847 2111/2853/2850
f 3149/2886/2883 2746/2887/2884 2119/2851/2848 2602/2850/2847
f 2432/2885/2882 2027/2454/2451 2746/2887/2884 3149/2886/2883
f 2120/2856/2853 2481/2587/2584 2034/2427/2424
f 2120/2856/2853 2025/1813/1810 2481/2587/2584
f 2121/2653/2650 2606/2656/2653 3150/2888/2885 2627/2889/2886
f 2627/2889/2886 3150/2888/2885 2483/2589/2586 2037/2466/2463
f 3150/2888/2885 2638/2867/2864 2029/2455/2452 2483/2589/2586
f 2606/2656/2653 2109/2658/2655 2638/2867/2864 3150/2888/2885
f 2123/2678/2675 2608/2677/2674 3151/2890/2887 2790/2891/2888
f 2790/2891/2888 3151/2890/2887 2485/2591/2588 2020/2442/2439
f 3151/2890/2887 2715/2892/2889 2039/2470/2467 2485/2591/2588
f 2608/2677/2674 2124/2679/2676 2715/2892/2889 3151/2890/2887
f 2125/2829/2826 2733/2828/2825 3152/2893/2890 2740/2894/2891
f 2740/2894/2891 3152/2893/2890 2737/2600/2597 2066/2476/2473
f 3152/2893/2890 2738/2709/2706 2040/2486/2483 2737/2600/2597
f 2733/2828/2825 2086/2706/2703 2738/2709/2706 3152/2893/2890
f 2114/2879/2876 2712/2895/2892 3153/2896/2893 2636/2878/2875
f 2636/2878/2875 3153/2896/2893 2704/2608/2605 2019/2437/2434
f 3153/2896/2893 2702/2798/2795 2044/2500/2497 2704/2608/2605
f 2712/2895/2892 2088/2795/2792 2702/2798/2795 3153/2896/2893
f 2089/2676/2673 2637/2675/2672 3154/2897/2894 2611/2785/2782
f 2611/2785/2782 3154/2897/2894 2621/2610/2607 2045/2505/2502
f 3154/2897/2894 2790/2891/2888 2020/2442/2439 2621/2610/2607
f 2637/2675/2672 2123/2678/2675 2790/2891/2888 3154/2897/2894
f 2124/2679/2676 2714/2672/2669 3155/2898/2895 2715/2892/2889
f 2715/2892/2889 3155/2898/2895 2629/2611/2608 2039/2470/2467
f 3155/2898/2895 2605/2778/2775 2046/2509/2506 2629/2611/2608
f 2714/2672/2669 2090/2671/2668 2605/2778/2775 3155/2898/2895
f 2091/2273/2270 2716/2654/2651 3156/2899/2896 2587/2787/2784
f 2587/2787/2784 3156/2899/2896 2619/2613/2610 2047/2514/2511
f 3156/2899/2896 2627/2889/2886 2037/2466/2463 2619/2613/2610
f 2716/2654/2651 2121/2653/2650 2627/2889/2886 3156/2899/2896
f 2118/2465/2462 2756/2843/2840 3157/2464/2461
f 2050/2428/2425 2442/2431/2428 3157/2464/2461
f 2756/2843/2840 2092/2102/2099 2590/2463/2460 3157/2464/2461
f 2093/2683/2680 2755/2855/2852 3158/2900/2897 2591/2760/2757
f 2591/2760/2757 3158/2900/2897 2630/2462/2459 2051/2433/2430
f 2120/2856/2853 2034/2427/2424 3158/2900/2897
f 2755/2855/2852 2120/2856/2853 3158/2900/2897
f 2116/2835/2832 2707/2834/2831 3159/2901/2898 2431/2881/2878
f 2431/2881/2878 3159/2901/2898 2634/2617/2614 2026/2449/2446
f 3159/2901/2898 2597/2817/2814 2054/2525/2522 2634/2617/2614
f 2707/2834/2831 2094/2724/2721 2597/2817/2814 3159/2901/2898
f 2095/2643/2640 2727/2849/2846 3160/2902/2899 2744/2792/2789
f 2744/2792/2789 3160/2902/2899 2700/2619/2616 2055/2530/2527
f 3160/2902/2899 2746/2887/2884 2027/2454/2451 2700/2619/2616
f 2727/2849/2846 2119/2851/2848 2746/2887/2884 3160/2902/2899
f 2117/2733/2730 2723/2726/2723 3161/2903/2900 2625/2883/2880
f 2625/2883/2880 3161/2903/2900 2726/2625/2622 2024/2447/2444
f 3161/2903/2900 2615/2753/2750 2060/2592/2589 2726/2625/2622
f 2723/2726/2723 2096/2725/2722 2615/2753/2750 3161/2903/2900
f 2097/2765/2762 2703/2904/2901 3162/2905/2902 2725/2764/2761
f 2725/2764/2761 3162/2905/2902 2724/2627/2624 2061/2597/2594
f 3162/2905/2902 2742/2877/2874 2022/2443/2440 2724/2627/2624
f 2703/2904/2901 2113/2874/2871 2742/2877/2874 3162/2905/2902
f 2112/2827/2824 2624/2826/2823 3163/2906/2903 2794/2873/2870
f 2794/2873/2870 3163/2906/2903 2494/2635/2632 2017/2539/2536
f 3163/2906/2903 2740/2894/2891 2066/2476/2473 2494/2635/2632
f 2624/2826/2823 2125/2829/2826 2740/2894/2891 3163/2906/2903
f 2106/2061/2058 2586/2060/2057 3164/2907/2904 2585/2908/2905
f 1903/2328/2325 2585/2908/2905 3164/2907/2904 2210/2357/2354
f 1910/2057/2054 2210/2357/2354 3164/2907/2904 2586/2060/2057
f 2105/2079/2076 2248/2836/2833 3165/2909/2906 2582/2076/2073
f 2161/2077/2074 2582/2076/2073 3165/2909/2906 2581/2910/2907
f 1907/2360/2357 2581/2910/2907 3165/2909/2906 2248/2836/2833
f 1904/2323/2320 2578/2838/2835 3166/2911/2908 2201/2324/2321
f 2201/2324/2321 3166/2911/2908 2585/2908/2905 1903/2328/2325
f 3166/2911/2908 2583/2114/2111 2106/2061/2058 2585/2908/2905
f 2578/2838/2835 2105/2079/2076 2583/2114/2111 3166/2911/2908
f 2129/2912/2909 2644/2913/2910 3167/2914/2911 2295/2915/2912
f 1948/1791/1788 2295/2915/2912 3167/2914/2911 2278/1941/1938
f 1949/1913/1910 2278/1941/1938 3167/2914/2911 2644/2913/2910
f 2131/2916/2913 2645/2917/2914 3168/2918/2915 2643/2919/2916
f 1948/1791/1788 2643/2919/2916 3168/2918/2915 2295/2915/2912
f 2129/2912/2909 2295/2915/2912 3168/2918/2915 2645/2917/2914
f 2127/2186/2183 2660/2920/2917 3169/2921/2918 2639/2184/2181
f 1948/1791/1788 2639/2184/2181 3169/2921/2918 2795/2922/2919
f 2137/2923/2920 2795/2922/2919 3169/2921/2918 2660/2920/2917
f 2127/2186/2183 2647/2185/2182 3170/2924/2921 2650/2925/2922
f 2650/2925/2922 3170/2924/2921 2656/2926/2923 2133/2927/2924
f 3170/2924/2921 2395/2928/2925 2134/2395/2392 2656/2926/2923
f 2647/2185/2182 2128/2188/2185 2395/2928/2925 3170/2924/2921
f 2130/2216/2213 2648/2929/2926 3171/2930/2927 2642/2931/2928
f 2642/2931/2928 3171/2930/2927 2269/1905/1902 1940/1907/1904
f 3171/2930/2927 2640/2187/2184 1941/1793/1790 2269/1905/1902
f 2648/2929/2926 2128/2188/2185 2640/2187/2184 3171/2930/2927
f 2130/2216/2213 2642/2931/2928 3172/2932/2929 2649/2215/2212
f 2018/1865/1862 2649/2215/2212 3172/2932/2929 2501/1976/1973
f 1940/1907/1904 2501/1976/1973 3172/2932/2929 2642/2931/2928
f 2133/2927/2924 2661/2933/2930 3173/2934/2931 2800/2935/2932
f 2168/2936/2933 2800/2935/2932 3173/2934/2931 2797/2937/2934
f 2138/2388/2385 2797/2937/2934 3173/2934/2931 2661/2933/2930
f 2135/2218/2215 2654/2213/2210 3174/2938/2935 2665/2392/2389
f 2665/2392/2389 3174/2938/2935 2393/2939/2936 2140/2389/2386
f 3174/2938/2935 2503/2421/2418 1989/2196/2193 2393/2939/2936
f 2654/2213/2210 2018/1865/1862 2503/2421/2418 3174/2938/2935
f 1990/2402/2399 2402/2399/2396 3175/2940/2937 2655/2941/2938
f 2190/2381/2378 2655/2941/2938 3175/2940/2937 2854/2942/2939
f 1987/2161/2158 2854/2942/2939 3175/2940/2937 2402/2399/2396
f 2139/2943/2940 2670/2944/2941 3176/2945/2942 2392/2946/2943
f 2392/2946/2943 3176/2945/2942 2397/2374/2371 1988/2156/2153
f 3176/2945/2942 2652/2947/2944 1991/2199/2196 2397/2374/2371
f 2670/2944/2941 2142/2396/2393 2652/2947/2944 3176/2945/2942
f 2170/2948/2945 2805/2949/2946 3177/2950/2947 2662/2951/2948
f 2662/2951/2948 3177/2950/2947 2646/2952/2949 2137/2923/2920
f 3177/2950/2947 2803/2953/2950 2131/2916/2913 2646/2952/2949
f 2805/2949/2946 2171/2954/2951 2803/2953/2950 3177/2950/2947
f 2135/2218/2215 2658/2393/2390 3178/2955/2952 2653/2217/2214
f 2653/2217/2214 3178/2955/2952 2648/2929/2926 2130/2216/2213
f 3178/2955/2952 2395/2928/2925 2128/2188/2185 2648/2929/2926
f 2658/2393/2390 2134/2395/2392 2395/2928/2925 3178/2955/2952
f 2139/2943/2940 2669/2956/2953 3179/2957/2954 2664/2958/2955
f 2664/2958/2955 3179/2957/2954 2661/2933/2930 2133/2927/2924
f 3179/2957/2954 2663/2386/2383 2138/2388/2385 2661/2933/2930
f 2669/2956/2953 2143/2383/2380 2663/2386/2383 3179/2957/2954
f 1988/2156/2153 2399/2417/2414 3180/2959/2956 2392/2946/2943
f 2392/2946/2943 3180/2959/2956 2669/2956/2953 2139/2943/2940
f 3180/2959/2956 2668/2960/2957 2143/2383/2380 2669/2956/2953
f 2399/2417/2414 2136/2416/2413 2668/2960/2957 3180/2959/2956
f 2133/2927/2924 2656/2926/2923 3181/2961/2958 2664/2958/2955
f 2664/2958/2955 3181/2961/2958 2670/2944/2941 2139/2943/2940
f 3181/2961/2958 2667/2394/2391 2142/2396/2393 2670/2944/2941
f 2656/2926/2923 2134/2395/2392 2667/2394/2391 3181/2961/2958
f 1989/2196/2193 2400/2198/2195 3182/2962/2959 2393/2939/2936
f 2393/2939/2936 3182/2962/2959 2671/2390/2387 2140/2389/2386
f 3182/2962/2959 2652/2947/2944 2142/2396/2393 2671/2390/2387
f 2400/2198/2195 1991/2199/2196 2652/2947/2944 3182/2962/2959
f 2141/2382/2379 2672/2384/2381 3183/2963/2960 2396/2964/2961
f 2396/2964/2961 3183/2963/2960 2659/2965/2962 1992/2406/2403
f 3183/2963/2960 2668/2960/2957 2136/2416/2413 2659/2965/2962
f 2672/2384/2381 2143/2383/2380 2668/2960/2957 3183/2963/2960
f 2169/2966/2963 2641/2967/2964 3184/2968/2965 2804/2969/2966
f 2804/2969/2966 3184/2968/2965 2803/2953/2950 2171/2954/2951
f 3184/2968/2965 2645/2917/2914 2131/2916/2913 2803/2953/2950
f 2641/2967/2964 2129/2912/2909 2645/2917/2914 3184/2968/2965
f 2144/2180/2177 2673/2379/2376 3185/2970/2967 2675/2179/2176
f 1949/1913/1910 2675/2179/2176 3185/2970/2967 2851/2971/2968
f 2190/2381/2378 2851/2971/2968 3185/2970/2967 2673/2379/2376
f 1946/2972/2969 2677/2973/2970 3186/2974/2971 2681/2975/2972
f 2681/2975/2972 3186/2974/2971 2231/1859/1856 2146/1861/1858
f 3186/2974/2971 2682/2976/2973 2145/1856/1853 2231/1859/1856
f 2677/2973/2970 1972/2977/2974 2682/2976/2973 3186/2974/2971
f 1947/1987/1984 2678/2978/2975 3187/2979/2976 2683/2980/2977
f 2683/2980/2977 3187/2979/2976 2276/2169/2166 2147/1808/1805
f 3187/2979/2976 2681/2975/2972 2146/1861/1858 2276/2169/2166
f 2678/2978/2975 1946/2972/2969 2681/2975/2972 3187/2979/2976
f 1971/1995/1992 2679/1988/1985 3188/2981/2978 2684/2982/2979
f 2684/2982/2979 3188/2981/2978 2344/1807/1804 2148/1809/1806
f 3188/2981/2978 2683/2980/2977 2147/1808/1805 2344/1807/1804
f 2679/1988/1985 1947/1987/1984 2683/2980/2977 3188/2981/2978
f 1972/2977/2974 2680/2983/2980 3189/2984/2981 2682/2976/2973
f 2682/2976/2973 3189/2984/2981 2365/2985/2982 2145/1856/1853
f 3189/2984/2981 2684/2982/2979 2148/1809/1806 2365/2985/2982
f 2680/2983/2980 1971/1995/1992 2684/2982/2979 3189/2984/2981
f 2152/1994/1991 2688/2986/2983 3190/2987/2984 2687/1991/1988
f 2687/1991/1988 3190/2987/2984 2686/2988/2985 2151/1992/1989
f 3190/2987/2984 2685/2989/2986 2150/2990/2987 2686/2988/2985
f 2688/2986/2983 2149/2991/2988 2685/2989/2986 3190/2987/2984
f 1972/2977/2974 2677/2973/2970 3191/2992/2989 2692/2993/2990
f 2692/2993/2990 3191/2992/2989 2685/2989/2986 2149/2991/2988
f 3191/2992/2989 2691/2994/2991 2150/2990/2987 2685/2989/2986
f 2677/2973/2970 1946/2972/2969 2691/2994/2991 3191/2992/2989
f 1971/1995/1992 2680/2983/2980 3192/2995/2992 2689/1993/1990
f 2689/1993/1990 3192/2995/2992 2688/2986/2983 2152/1994/1991
f 3192/2995/2992 2692/2993/2990 2149/2991/2988 2688/2986/2983
f 2680/2983/2980 1972/2977/2974 2692/2993/2990 3192/2995/2992
f 1946/2972/2969 2678/2978/2975 3193/2996/2993 2691/2994/2991
f 2691/2994/2991 3193/2996/2993 2686/2988/2985 2150/2990/2987
f 3193/2996/2993 2690/1990/1987 2151/1992/1989 2686/2988/2985
f 2678/2978/2975 1947/1987/1984 2690/1990/1987 3193/2996/2993
f 2153/2414/2411 2695/2415/2412 3194/2000/1997 2296/1999/1996
f 3267/1836/1833 2509/1835/1832 2882/1834/1831 2510/1837/1834
f 1993/2158/2155 2404/1926/1923 3194/2000/1997 2695/2415/2412
f 2154/2004/2001 2696/2997/2994 3195/2998/2995 2264/2005/2002
f 3267/1836/1833 2315/2226/2223 2959/2225/2222 2509/1835/1832
f 2153/2414/2411 2296/1999/1996 3195/2998/2995 2696/2997/2994
f 1920/1783/1780 2768/1784/1781 3196/2999/2996 2604/1798/1795
f 2035/1795/1792 2604/1798/1795 3196/2999/2996 2767/2583/2580
f 2036/1785/1782 2767/2583/2580 3196/2999/2996 2768/1784/1781
f 2036/1785/1782 2764/3000/2997 3197/3001/2998 2537/2586/2583
f 2155/1771/1768 2537/2586/2583 3197/3001/2998 2564/1768/1765
f 2156/1769/1766 2564/1768/1765 3197/3001/2998 2764/3000/2997
f 1942/3002/2999 2770/3003/3000 3198/3004/3001 2778/3005/3002
f 2778/3005/3002 3198/3004/3001 2213/1817/1814 2158/1819/1816
f 3198/3004/3001 2779/3006/3003 2157/1814/1811 2213/1817/1814
f 2770/3003/3000 1953/1887/1884 2779/3006/3003 3198/3004/3001
f 1963/3007/3004 2771/3008/3005 3199/3009/3006 2780/3010/3007
f 2780/3010/3007 3199/3009/3006 2223/1960/1957 2159/1962/1959
f 3199/3009/3006 2781/3011/3008 2160/1961/1958
f 2771/3008/3005 1943/3012/3009 2781/3011/3008 3199/3009/3006
f 2782/3013/3010 3200/3014/3011 2249/2075/2072 2161/2077/2074
f 3200/3014/3011 36/1/1 2249/2075/2072
f 2772/2134/2131 36/1/1 3200/3014/3011
f 24/428/425 2773/2128/2125 3201/3015/3012 648/1426/1423
f 648/1426/1423 3201/3015/3012 2254/2111/2108 258/407/404
f 3201/3015/3012 2783/3016/3013 1908/2112/2109 2254/2111/2108
f 2773/2128/2125 2162/2129/2126 2783/3016/3013 3201/3015/3012
f 1943/3012/3009 2774/3017/3014 3202/3018/3015 2781/3011/3008
f 2781/3011/3008 3202/3018/3015 2270/2200/2197 2160/1961/1958
f 3202/3018/3015 2778/3005/3002 2158/1819/1816 2270/2200/2197
f 2774/3017/3014 1942/3002/2999 2778/3005/3002 3202/3018/3015
f 1953/1887/1884 2775/1880/1877 3203/3019/3016 2779/3006/3003
f 2779/3006/3003 3203/3019/3016 2326/2363/2360 2157/1814/1811
f 3203/3019/3016 2784/3020/3017 1907/2360/2357 2326/2363/2360
f 2775/1880/1877 2163/1879/1876 2784/3020/3017 3203/3019/3016
f 2162/2129/2126 2776/3021/3018 3204/3022/3019 2783/3016/3013
f 2783/3016/3013 3204/3022/3019 2336/2322/2319 1908/2112/2109
f 3204/3022/3019 2780/3010/3007 2159/1962/1959 2336/2322/2319
f 2776/3021/3018 1963/3007/3004 2780/3010/3007 3204/3022/3019
f 2163/1879/1876 2777/2133/2130 3205/3023/3020 2784/3020/3017
f 2784/3020/3017 3205/3023/3020 2581/2910/2907 1907/2360/2357
f 3205/3023/3020 2782/3013/3010 2161/2077/2074 2581/2910/2907
f 2777/2133/2130 1886/2135/2132 2782/3013/3010 3205/3023/3020
f 2032/1878/1875 2495/2637/2634 3206/3024/3021 2743/2862/2859
f 2743/2862/2859 3206/3024/3021 2556/2846/2843 2115/2239/2236
f 3206/3024/3021 2785/3025/3022 2126/2847/2844 2556/2846/2843
f 2495/2637/2634 2064/2472/2469 2785/3025/3022 3206/3024/3021
f 2126/2847/2844 2785/3025/3022 3207/3026/3023 2732/2845/2842
f 2732/2845/2842 3207/3026/3023 2735/2813/2810 2087/2695/2692
f 3207/3026/3023 2734/2602/2599 2041/2491/2488 2735/2813/2810
f 2785/3025/3022 2064/2472/2469 2734/2602/2599 3207/3026/3023
f 265/826/823 651/1440/1437 3208/3027/3024 2786/2483/2480
f 2786/2483/2480 3208/3027/3024 2412/2598/2595 2003/2480/2477
f 3208/3027/3024 2570/2794/2791 2002/2599/2596 2412/2598/2595
f 651/1440/1437 204/1195/1192 2570/2794/2791 3208/3027/3024
f 2023/2223/2220 2607/2230/2227 3209/3028/3025 2791/2578/2575
f 2165/2582/2579 2791/2578/2575 3209/3028/3025 2793/3029/3026
f 2164/1876/1873 2793/3029/3026 3209/3028/3025 2607/2230/2227
f 2033/2495/2492 2792/2581/2578 3210/3030/3027 2430/2496/2493
f 2032/1878/1875 2430/2496/2493 3210/3030/3027 2736/3031/3028
f 2165/2582/2579 2736/3031/3028 3210/3030/3027 2792/2581/2578
f 2165/2582/2579 2793/3029/3026 3211/3032/3029 2736/3031/3028
f 2032/1878/1875 2736/3031/3028 3211/3032/3029 2497/1877/1874
f 2164/1876/1873 2497/1877/1874 3211/3032/3029 2793/3029/3026
f 2131/2916/2913 2643/2919/2916 3212/3033/3030 2646/2952/2949
f 2137/2923/2920 2646/2952/2949 3212/3033/3030 2795/2922/2919
f 1948/1791/1788 2795/2922/2919 3212/3033/3030 2643/2919/2916
f 2144/2180/2177 2796/2181/2178 3213/3034/3031 2674/2378/2375
f 2674/2378/2375 3213/3034/3031 2651/3035/3032 2132/2375/2372
f 3213/3034/3031 2798/3036/3033 2167/3037/3034 2651/3035/3032
f 2796/2181/2178 2166/2182/2179 2798/3036/3033 3213/3034/3031
f 2138/2388/2385 2657/2387/2384 3214/3038/3035 2797/2937/2934
f 2797/2937/2934 3214/3038/3035 2799/3039/3036 2168/2936/2933
f 3214/3038/3035 2651/3035/3032 2167/3037/3034 2799/3039/3036
f 2657/2387/2384 2132/2375/2372 2651/3035/3032 3214/3038/3035
f 2167/3037/3034 2798/3036/3033 3215/3040/3037 2853/3041/3038
f 2853/3041/3038 3215/3040/3037 2822/3042/3039 2181/3043/3040
f 3215/3040/3037 2831/3044/3041 2175/3045/3042 2822/3042/3039
f 2798/3036/3033 2166/2182/2179 2831/3044/3041 3215/3040/3037
f 1949/1913/1910 2806/3046/3043 3216/3047/3044 2825/3048/3045
f 2825/3048/3045 3216/3047/3044 2817/3049/3046 2174/3050/3047
f 3216/3047/3044 2824/3051/3048 2176/3052/3049 2817/3049/3046
f 2806/3046/3043 2169/2966/2963 2824/3051/3048 3216/3047/3044
f 2168/2936/2933 2799/3039/3036 3217/3053/3050 2830/3054/3051
f 2830/3054/3051 3217/3053/3050 2821/3055/3052 2177/3056/3053
f 3217/3053/3050 2853/3041/3038 2181/3043/3040 2821/3055/3052
f 2799/3039/3036 2167/3037/3034 2853/3041/3038 3217/3053/3050
f 2169/2966/2963 2806/3046/3043 3218/3057/3054 2641/2967/2964
f 2129/2912/2909 2641/2967/2964 3218/3057/3054 2644/2913/2910
f 1949/1913/1910 2644/2913/2910 3218/3057/3054 2806/3046/3043
f 2172/2144/2141 2809/2145/2142 3219/3058/3055 2808/2409/2406
f 2808/2409/2406 3219/3058/3055 2398/3059/3056 1992/2406/2403
f 3219/3058/3055 2394/2401/2398 1990/2402/2399 2398/3059/3056
f 2809/2145/2142 1939/1935/1932 2394/2401/2398 3219/3058/3055
f 2172/2144/2141 2810/2410/2407 3220/3060/3057 2294/2143/2140
f 1916/1970/1967 2294/2143/2140 3220/3060/3057 2405/2411/2408
f 1993/2158/2155 2405/2411/2408 3220/3060/3057 2810/2410/2407
f 1987/2161/2158 2391/2398/2395 3221/3061/3058 2854/2942/2939
f 2190/2381/2378 2854/2942/2939 3221/3061/3058 2851/2971/2968
f 1949/1913/1910 2851/2971/2968 3221/3061/3058 2391/2398/2395
f 2133/2927/2924 2800/2935/2932 3222/3062/3059 2802/3063/3060
f 2802/3063/3060 3222/3062/3059 2823/3064/3061 2180/3065/3062
f 3222/3062/3059 2830/3054/3051 2177/3056/3053 2823/3064/3061
f 2800/2935/2932 2168/2936/2933 2830/3054/3051 3222/3062/3059
f 2175/3045/3042 2813/3066/3063 3223/3067/3064 2822/3042/3039
f 2822/3042/3039 3223/3067/3064 2819/3068/3065 2181/3043/3040
f 3223/3067/3064 2815/3069/3066 2179/3070/3067 2819/3068/3065
f 2813/3066/3063 2176/3052/3049 2815/3069/3066 3223/3067/3064
f 2173/3071/3068 2812/3072/3069 3224/3073/3070 2820/3074/3071
f 2820/3074/3071 3224/3073/3070 2813/3066/3063 2175/3045/3042
f 3224/3073/3070 2817/3049/3046 2176/3052/3049 2813/3066/3063
f 2812/3072/3069 2174/3050/3047 2817/3049/3046 3224/3073/3070
f 2177/3056/3053 2821/3055/3052 3225/3075/3072 2814/3076/3073
f 2814/3076/3073 3225/3075/3072 2816/3077/3074 2178/3078/3075
f 3225/3075/3072 2819/3068/3065 2179/3070/3067 2816/3077/3074
f 2821/3055/3052 2181/3043/3040 2819/3068/3065 3225/3075/3072
f 2177/3056/3053 2814/3076/3073 3226/3079/3076 2823/3064/3061
f 2180/3065/3062 2823/3064/3061 3226/3079/3076 2818/3080/3077
f 2178/3078/3075 2818/3080/3077 3226/3079/3076 2814/3076/3073
f 2166/2182/2179 2801/2177/2174 3227/3081/3078 2827/3082/3079
f 2827/3082/3079 3227/3081/3078 2812/3072/3069 2173/3071/3068
f 3227/3081/3078 2825/3048/3045 2174/3050/3047 2812/3072/3069
f 2801/2177/2174 1949/1913/1910 2825/3048/3045 3227/3081/3078
f 2170/2948/2945 2807/3083/3080 3228/3084/3081 2828/3085/3082
f 2828/3085/3082 3228/3084/3081 2818/3080/3077 2178/3078/3075
f 3228/3084/3081 2802/3063/3060 2180/3065/3062 2818/3080/3077
f 2807/3083/3080 2133/2927/2924 2802/3063/3060 3228/3084/3081
f 2166/2182/2179 2827/3082/3079 3229/3086/3083 2831/3044/3041
f 2175/3045/3042 2831/3044/3041 3229/3086/3083 2820/3074/3071
f 2173/3071/3068 2820/3074/3071 3229/3086/3083 2827/3082/3079
f 2169/2966/2963 2804/2969/2966 3230/3087/3084 2824/3051/3048
f 2824/3051/3048 3230/3087/3084 2815/3069/3066 2176/3052/3049
f 3230/3087/3084 2829/3088/3085 2179/3070/3067 2815/3069/3066
f 2804/2969/2966 2171/2954/2951 2829/3088/3085 3230/3087/3084
f 2171/2954/2951 2805/2949/2946 3231/3089/3086 2829/3088/3085
f 2829/3088/3085 3231/3089/3086 2816/3077/3074 2179/3070/3067
f 3231/3089/3086 2828/3085/3082 2178/3078/3075 2816/3077/3074
f 2805/2949/2946 2170/2948/2945 2828/3085/3082 3231/3089/3086
f 2182/1951/1948 2461/3090/3087 2183/1812/1809
f 1925/1810/1807 2183/1812/1809 2461/3090/3087
f 2052/2087/2084 2062/2086/2083 2837/2632/2629
f 2182/1951/1948 3282/1953/1950 3281/2633/2630
f 2187/3091/3088 2843/3092/3089 3232/3093/3090 2840/3094/3091
f 2189/3095/3092 2840/3094/3091 3232/3093/3090 2850/3096/3093
f 2185/2347/2344 2850/3096/3093 3232/3093/3090 2843/3092/3089
f 2188/3097/3094 2841/3098/3095 3233/3099/3096 2849/3100/3097
f 2185/2347/2344 2849/3100/3097 3233/3099/3096 2850/3096/3093
f 2189/3095/3092 2850/3096/3093 3233/3099/3096 2841/3098/3095
f 1943/3012/3009 2771/3008/3005 3234/3101/3098 2847/3102/3099
f 2847/3102/3099 3234/3101/3098 2840/3094/3091 2189/3095/3092
f 3234/3101/3098 2846/3103/3100 2187/3091/3088 2840/3094/3091
f 2771/3008/3005 1963/3007/3004 2846/3103/3100 3234/3101/3098
f 1963/3007/3004 2776/3021/3018 3235/3104/3101 2846/3103/3100
f 2846/3103/3100 3235/3104/3101 2843/3092/3089 2187/3091/3088
f 3235/3104/3101 2844/2344/2341 2185/2347/2344 2843/3092/3089
f 2776/3021/3018 2162/2129/2126 2844/2344/2341 3235/3104/3101
f 1942/3002/2999 2774/3017/3014 3236/3105/3102 2848/3106/3103
f 2848/3106/3103 3236/3105/3102 2841/3098/3095 2188/3097/3094
f 3236/3105/3102 2847/3102/3099 2189/3095/3092 2841/3098/3095
f 2774/3017/3014 1943/3012/3009 2847/3102/3099 3236/3105/3102
f 1953/1887/1884 2770/3003/3000 3237/3107/3104 2845/1885/1882
f 2845/1885/1882 3237/3107/3104 2839/3108/3105 2186/1886/1883
f 3237/3107/3104 2848/3106/3103 2188/3097/3094 2839/3108/3105
f 2770/3003/3000 1942/3002/2999 2848/3106/3103 3237/3107/3104
f 2185/2347/2344 2838/2346/2343 3238/3109/3106 2849/3100/3097
f 2849/3100/3097 3238/3109/3106 2839/3108/3105 2188/3097/3094
f 3238/3109/3106 2842/1883/1880 2186/1886/1883 2839/3108/3105
f 2838/2346/2343 2184/1884/1881 2842/1883/1880 3238/3109/3106
f 2141/2382/2379 2396/2964/2961 3239/3110/3107 2852/2380/2377
f 2852/2380/2377 3239/3110/3107 2655/2941/2938 2190/2381/2378
f 3239/3110/3107 2398/3059/3056 1990/2402/2399 2655/2941/2938
f 2396/2964/2961 1992/2406/2403 2398/3059/3056 3239/3110/3107
f 2097/2765/2762 2568/2761/2758 3240/3111/3108 2855/3112/3109
f 2855/3112/3109 3240/3111/3108 2708/2796/2793 2088/2795/2792
f 3240/3111/3108 2560/2688/2685 2075/2691/2688 2708/2796/2793
f 2568/2761/2758 2076/2689/2686 2560/2688/2685 3240/3111/3108
f 2114/2879/2876 2595/2875/2872 3241/3113/3110 2712/2895/2892
f 2712/2895/2892 3241/3113/3110 2855/3112/3109 2088/2795/2792
f 3241/3113/3110 2703/2904/2901 2097/2765/2762 2855/3112/3109
f 2595/2875/2872 2113/2874/2871 2703/2904/2901 3241/3113/3110
f 2156/1769/1766 2764/3000/2997 3242/3114/3111 2432/2885/2882
f 2027/2454/2451 2432/2885/2882 3242/3114/3111 2479/2859/2856
f 2036/1785/1782 2479/2859/2856 3242/3114/3111 2764/3000/2997
f 1925/1810/1807 2461/3090/3087 2511/2243/2240
f 2063/2240/2237 2511/2243/2240 2589/2630/2627
f 2182/1951/1948 2589/2630/2627 2511/2243/2240 2461/3090/3087
f 1992/2406/2403 2659/2965/2962 3243/3115/3112 2403/2407/2404
f 1993/2158/2155 2403/2407/2404 3243/3115/3112 2676/2419/2416
f 2136/2416/2413 2676/2419/2416 3243/3115/3112 2659/2965/2962
f 1976/2014/2011 2348/2017/2014 3244/3116/3113 2363/2298/2295
f 2363/2298/2295 3244/3116/3113 2826/2007/2004 1974/2001/1998
f 3244/3116/3113 2694/3117/3114 2154/2004/2001 2826/2007/2004
f 2348/2017/2014 1930/2019/2016 2694/3117/3114 3244/3116/3113
f 2154/2004/2001 2694/3117/3114 3245/3118/3115 2696/2997/2994
f 2153/2414/2411 2696/2997/2994 3245/3118/3115 2697/3119/3116
f 1930/2019/2016 2697/3119/3116 3245/3118/3115 2694/3117/3114
f 1930/2019/2016 2293/3120/3117 3246/3121/3118 2697/3119/3116
f 2153/2414/2411 2697/3119/3116 3246/3121/3118 2693/2413/2410
f 1916/1970/1967 2693/2413/2410 3246/3121/3118 2293/3120/3117
f 1917/1968/1965 2258/1967/1964 3247/3122/3119 2287/2018/2015
f 1930/2019/2016 2287/2018/2015 3247/3122/3119 2293/3120/3117
f 1916/1970/1967 2293/3120/3117 3247/3122/3119 2258/1967/1964
f 2137/2923/2920 2660/2920/2917 3248/3123/3120 2662/2951/2948
f 2170/2948/2945 2662/2951/2948 3248/3123/3120 2856/3124/3121
f 2127/2186/2183 2856/3124/3121 3248/3123/3120 2660/2920/2917
f 2133/2927/2924 2807/3083/3080 3249/3125/3122 2650/2925/2922
f 2127/2186/2183 2650/2925/2922 3249/3125/3122 2856/3124/3121
f 2170/2948/2945 2856/3124/3121 3249/3125/3122 2807/3083/3080
f 1962/1908/1905 2222/2339/2336 3250/3126/3123 2370/1957/1954
f 2159/1962/1959 2370/1957/1954 3250/3126/3123 2862/2321/2318
f 1905/2110/2107 2862/2321/2318 3250/3126/3123 2222/2339/2336
f 2194/2304/2301 2866/3127/3124 3251/3128/3125 2867/2367/2364
f 2867/2367/2364 3251/3128/3125 2343/3129/3126 2192/2311/2308
f 3251/3128/3125 2386/1802/1799 1970/1801/1798 2343/3129/3126
f 2866/3127/3124 2148/1809/1806 2386/1802/1799 3251/3128/3125
f 1902/2106/2103 2224/2317/2314 3252/3130/3127 2868/2354/2351
f 2868/2354/2351 3252/3130/3127 2198/3131/3128 2193/2306/2303
f 3252/3130/3127 2381/1857/1854 2145/1856/1853 2198/3131/3128
f 2224/2317/2314 1964/1864/1861 2381/1857/1854 3252/3130/3127
f 2193/2306/2303 2198/3131/3128 3253/3132/3129 2869/2303/2300
f 2869/2303/2300 3253/3132/3129 2866/3127/3124 2194/2304/2301
f 3253/3132/3129 2365/2985/2982 2148/1809/1806 2866/3127/3124
f 2198/3131/3128 2145/1856/1853 2365/2985/2982 3253/3132/3129
f 2192/2311/2308 2343/3129/3126 3254/3133/3130 2870/2312/2309
f 2870/2312/2309 3254/3133/3130 2863/2276/2273 2191/2277/2274
f 3254/3133/3130 2366/1982/1979 1969/1981/1978 2863/2276/2273
f 2343/3129/3126 1970/1801/1798 2366/1982/1979 3254/3133/3130
f 13/632/629 2195/2308/2305 3275/3134/3131 1737/1547/1544
f 583/1549/1546 3255/3135/3132 2252/2096/2093 33/386/383
f 3255/3135/3132 2871/2274/2271 1915/2053/2050 2252/2096/2093
f 2195/2308/2305 2191/2277/2274 3275/3134/3131
f 2977/2040/2037 1716/317/314 594/589/586
f 1/1551/1548 2/1554/1551 3/1553/1550 1748/3136/3133
f 1748/3136/3133 3/1553/1550 5/1556/1553 1749/3137/3134
f 1749/3137/3134 5/1556/1553 7/1558/1555 1750/3138/3135
f 1750/3138/3135 7/1558/1555 9/1560/1557 1751/3139/3136
f 1751/3139/3136 9/1560/1557 11/1562/1559 1752/3140/3137
f 1752/3140/3137 11/1562/1559 14/1564/1561 1753/3141/3138
f 1753/3141/3138 14/1564/1561 17/1566/1563 1754/3142/3139
f 1754/3142/3139 17/1566/1563 21/1568/1565 23/1567/1564
f 1761/3143/3140 3259/2281/2278 3257/2041/2038 3258/2042/2039
f 1761/3143/3140 1767/3144/3141 1768/3145/3142 1762/3146/3143
f 1762/3146/3143 1768/3145/3142 1769/3147/3144 1763/3148/3145
f 1763/3148/3145 1769/3147/3144 1770/3149/3146 1764/3150/3147
f 1764/3150/3147 1770/3149/3146 1771/3151/3148 1765/3152/3149
f 1765/3152/3149 1771/3151/3148 1772/3153/3150 1766/3154/3151
f 3260/2036/2033 3261/2035/2032 1772/3153/3150
f 64/1581/1578 71/1583/1580 1773/3155/3152 1767/3144/3141
f 1767/3144/3141 1773/3155/3152 1774/3156/3153 1768/3145/3142
f 1768/3145/3142 1774/3156/3153 1775/3157/3154 1769/3147/3144
f 1769/3147/3144 1775/3157/3154 1776/3158/3155 1770/3149/3146
f 1770/3149/3146 1776/3158/3155 1777/3159/3156 1771/3151/3148
f 1771/3151/3148 1777/3159/3156 1778/3160/3157 1772/3153/3150
f 1772/3153/3150 1778/3160/3157 1779/3161/3158 3256/3162/3159
f 3256/3162/3159 1779/3161/3158 79/1591/1588 1716/317/314
f 80/1592/1589 81/1595/1592 1780/3163/3160 1781/3164/3161
f 1781/3164/3161 1780/3163/3160 1782/3165/3162 1783/3166/3163
f 1783/3166/3163 1782/3165/3162 1784/3167/3164 1785/3168/3165
f 1785/3168/3165 1784/3167/3164 1786/3169/3166 1787/3170/3167
f 1787/3170/3167 1786/3169/3166 1788/3171/3168 1789/3172/3169
f 1789/3172/3169 1788/3171/3168 1790/3173/3170 1791/3174/3171
f 1791/3174/3171 1790/3173/3170 1792/3175/3172 1793/3176/3173
f 1793/3176/3173 1792/3175/3172 96/1609/1606 97/1608/1605
f 81/1595/1592 100/1611/1608 1794/3177/3174 1780/3163/3160
f 1780/3163/3160 1794/3177/3174 1795/3178/3175 1782/3165/3162
f 1782/3165/3162 1795/3178/3175 1796/3179/3176 1784/3167/3164
f 1784/3167/3164 1796/3179/3176 1797/3180/3177 1786/3169/3166
f 1786/3169/3166 1797/3180/3177 1798/3181/3178 1788/3171/3168
f 1788/3171/3168 1798/3181/3178 1799/3182/3179 1790/3173/3170
f 1790/3173/3170 1799/3182/3179 1800/3183/3180 1792/3175/3172
f 1792/3175/3172 1800/3183/3180 115/1618/1615 96/1609/1606
f 125/1619/1616 126/1622/1619 1801/3184/3181 1802/3185/3182
f 1802/3185/3182 1801/3184/3181 1803/3186/3183 1804/3187/3184
f 1804/3187/3184 1803/3186/3183 1805/3188/3185 1806/3189/3186
f 1806/3189/3186 1805/3188/3185 1807/3190/3187 1808/3191/3188
f 1808/3191/3188 1807/3190/3187 1810/3192/3189 1811/3193/3190
f 1811/3193/3190 1810/3192/3189 1812/3194/3191 1813/3195/3192
f 1813/3195/3192 1812/3194/3191 1814/3196/3193 1815/3197/3194
f 1815/3197/3194 1814/3196/3193 143/1636/1633 144/1635/1632
f 126/1622/1619 145/1638/1635 1816/3198/3195 1801/3184/3181
f 1801/3184/3181 1816/3198/3195 1817/3199/3196 1803/3186/3183
f 1803/3186/3183 1817/3199/3196 1818/3200/3197 1805/3188/3185
f 1805/3188/3185 1818/3200/3197 1819/3201/3198 1807/3190/3187
f 1807/3190/3187 1819/3201/3198 1820/3202/3199 1810/3192/3189
f 1810/3192/3189 1820/3202/3199 1821/3203/3200 1812/3194/3191
f 1812/3194/3191 1821/3203/3200 1822/3204/3201 1814/3196/3193
f 1814/3196/3193 1822/3204/3201 153/1645/1642 143/1636/1633
f 145/1638/1635 154/1647/1644 1823/3205/3202 1816/3198/3195
f 1816/3198/3195 1823/3205/3202 1824/3206/3203 1817/3199/3196
f 1817/3199/3196 1824/3206/3203 1825/3207/3204 1818/3200/3197
f 1818/3200/3197 1825/3207/3204 1826/3208/3205 1819/3201/3198
f 1819/3201/3198 1826/3208/3205 1827/3209/3206 1820/3202/3199
f 1820/3202/3199 1827/3209/3206 1828/3210/3207 1821/3203/3200
f 1821/3203/3200 1828/3210/3207 1829/3211/3208 1822/3204/3201
f 1822/3204/3201 1829/3211/3208 162/1654/1651 153/1645/1642
f 154/1647/1644 163/1656/1653 1830/3212/3209 1823/3205/3202
f 1823/3205/3202 1830/3212/3209 1831/3213/3210 1824/3206/3203
f 1824/3206/3203 1831/3213/3210 1832/3214/3211 1825/3207/3204
f 1825/3207/3204 1832/3214/3211 1833/3215/3212 1826/3208/3205
f 1826/3208/3205 1833/3215/3212 1834/3216/3213 1827/3209/3206
f 1827/3209/3206 1834/3216/3213 1835/3217/3214 1828/3210/3207
f 1828/3210/3207 1835/3217/3214 1836/3218/3215 1829/3211/3208
f 1829/3211/3208 1836/3218/3215 171/1663/1660 162/1654/1651
f 163/1656/1653 172/1665/1662 1837/3219/3216 1830/3212/3209
f 1830/3212/3209 1837/3219/3216 1838/3220/3217 1831/3213/3210
f 1831/3213/3210 1838/3220/3217 1839/3221/3218 1832/3214/3211
f 1832/3214/3211 1839/3221/3218 1840/3222/3219 1833/3215/3212
f 1833/3215/3212 1840/3222/3219 1841/3223/3220 1834/3216/3213
f 1834/3216/3213 1841/3223/3220 1842/3224/3221 1835/3217/3214
f 1835/3217/3214 1842/3224/3221 1843/3225/3222 1836/3218/3215
f 1836/3218/3215 1843/3225/3222 182/1672/1669 171/1663/1660
f 172/1665/1662 191/1674/1671 1844/3226/3223 1837/3219/3216
f 1837/3219/3216 1844/3226/3223 1845/3227/3224 1838/3220/3217
f 1838/3220/3217 1845/3227/3224 1846/3228/3225 1839/3221/3218
f 1839/3221/3218 1846/3228/3225 1847/3229/3226 1840/3222/3219
f 1840/3222/3219 1847/3229/3226 1848/3230/3227 1841/3223/3220
f 1841/3223/3220 1848/3230/3227 1849/3231/3228 1842/3224/3221
f 1842/3224/3221 1849/3231/3228 1850/3232/3229 1843/3225/3222
f 1843/3225/3222 1850/3232/3229 207/1681/1678 182/1672/1669
f 212/1682/1679 213/1685/1682 1851/3233/3230 1852/3234/3231
f 1852/3234/3231 1851/3233/3230 1853/3235/3232 1854/3236/3233
f 1854/3236/3233 1853/3235/3232 1855/3237/3234 1856/3238/3235
f 1856/3238/3235 1855/3237/3234 1857/3239/3236 1858/3240/3237
f 1858/3240/3237 1857/3239/3236 1859/3241/3238 1860/3242/3239
f 1860/3242/3239 1859/3241/3238 1861/3243/3240 1862/3244/3241
f 1862/3244/3241 1861/3243/3240 1863/3245/3242 1864/3246/3243
f 1864/3246/3243 1863/3245/3242 228/1699/1696 229/1698/1695
f 230/1700/1697 231/1703/1700 1865/3247/3244 1866/3248/3245
f 1866/3248/3245 1865/3247/3244 1867/3249/3246 1868/3250/3247
f 1868/3250/3247 1867/3249/3246 1869/3251/3248 1870/3252/3249
f 1870/3252/3249 1869/3251/3248 1871/3253/3250 1872/3254/3251
f 1872/3254/3251 1871/3253/3250 1873/3255/3252 1874/3256/3253
f 1874/3256/3253 1873/3255/3252 1875/3257/3254 1876/3258/3255
f 1876/3258/3255 1875/3257/3254 1877/3259/3256 1878/3260/3257
f 1878/3260/3257 1877/3259/3256 246/1717/1714 247/1716/1713
f 248/1718/1715 1/1551/1548 1748/3136/3133 1879/3261/3258
f 1879/3261/3258 1748/3136/3133 1749/3137/3134 1880/3262/3259
f 1880/3262/3259 1749/3137/3134 1750/3138/3135 1881/3263/3260
f 1881/3263/3260 1750/3138/3135 1751/3139/3136 1882/3264/3261
f 1882/3264/3261 1751/3139/3136 1752/3140/3137 1883/3265/3262
f 1883/3265/3262 1752/3140/3137 1753/3141/3138 1884/3266/3263
f 1884/3266/3263 1753/3141/3138 1754/3142/3139 1885/3267/3264
f 1885/3267/3264 1754/3142/3139 23/1567/1564 256/1726/1723
f 259/1727/1724 248/1718/1715 1879/3261/3258 1887/3268/3265
f 1887/3268/3265 1879/3261/3258 1880/3262/3259 1888/3269/3266
f 1888/3269/3266 1880/3262/3259 1881/3263/3260 1889/3270/3267
f 1889/3270/3267 1881/3263/3260 1882/3264/3261 1890/3271/3268
f 1890/3271/3268 1882/3264/3261 1883/3265/3262 1891/3272/3269
f 1891/3272/3269 1883/3265/3262 1884/3266/3263 1892/3273/3270
f 1892/3273/3270 1884/3266/3263 1885/3267/3264 1893/3274/3271
f 1893/3274/3271 1885/3267/3264 256/1726/1723 268/1735/1732
f 269/1736/1733 230/1700/1697 1866/3248/3245 1894/3275/3272
f 1894/3275/3272 1866/3248/3245 1868/3250/3247 1895/3276/3273
f 1895/3276/3273 1868/3250/3247 1870/3252/3249 1896/3277/3274
f 1896/3277/3274 1870/3252/3249 1872/3254/3251 1897/3278/3275
f 1897/3278/3275 1872/3254/3251 1874/3256/3253 1898/3279/3276
f 1898/3279/3276 1874/3256/3253 1876/3258/3255 1899/3280/3277
f 1899/3280/3277 1876/3258/3255 1878/3260/3257 1900/3281/3278
f 1900/3281/3278 1878/3260/3257 247/1716/1713 277/1744/1741
f 213/1685/1682 269/1736/1733 1894/3275/3272 1851/3233/3230
f 1851/3233/3230 1894/3275/3272 1895/3276/3273 1853/3235/3232
f 1853/3235/3232 1895/3276/3273 1896/3277/3274 1855/3237/3234
f 1855/3237/3234 1896/3277/3274 1897/3278/3275 1857/3239/3236
f 1857/3239/3236 1897/3278/3275 1898/3279/3276 1859/3241/3238
f 1859/3241/3238 1898/3279/3276 1899/3280/3277 1861/3243/3240
f 1861/3243/3240 1899/3280/3277 1900/3281/3278 1863/3245/3242
f 1863/3245/3242 1900/3281/3278 277/1744/1741 228/1699/1696
f 191/1674/1671 212/1682/1679 1852/3234/3231 1844/3226/3223
f 1844/3226/3223 1852/3234/3231 1854/3236/3233 1845/3227/3224
f 1845/3227/3224 1854/3236/3233 1856/3238/3235 1846/3228/3225
f 1846/3228/3225 1856/3238/3235 1858/3240/3237 1847/3229/3226
f 1847/3229/3226 1858/3240/3237 1860/3242/3239 1848/3230/3227
f 1848/3230/3227 1860/3242/3239 1862/3244/3241 1849/3231/3228
f 1849/3231/3228 1862/3244/3241 1864/3246/3243 1850/3232/3229
f 1850/3232/3229 1864/3246/3243 229/1698/1695 207/1681/1678
f 100/1611/1608 125/1619/1616 1802/3185/3182 1794/3177/3174
f 1794/3177/3174 1802/3185/3182 1804/3187/3184 1795/3178/3175
f 1795/3178/3175 1804/3187/3184 1806/3189/3186 1796/3179/3176
f 1796/3179/3176 1806/3189/3186 1808/3191/3188 1797/3180/3177
f 1797/3180/3177 1808/3191/3188 1811/3193/3190 1798/3181/3178
f 1798/3181/3178 1811/3193/3190 1813/3195/3192 1799/3182/3179
f 1799/3182/3179 1813/3195/3192 1815/3197/3194 1800/3183/3180
f 1800/3183/3180 1815/3197/3194 144/1635/1632 115/1618/1615
f 71/1583/1580 80/1592/1589 1781/3164/3161 1773/3155/3152
f 1773/3155/3152 1781/3164/3161 1783/3166/3163 1774/3156/3153
f 1774/3156/3153 1783/3166/3163 1785/3168/3165 1775/3157/3154
f 1775/3157/3154 1785/3168/3165 1787/3170/3167 1776/3158/3155
f 1776/3158/3155 1787/3170/3167 1789/3172/3169 1777/3159/3156
f 1777/3159/3156 1789/3172/3169 1791/3174/3171 1778/3160/3157
f 1778/3160/3157 1791/3174/3171 1793/3176/3173 1779/3161/3158
f 1779/3161/3158 1793/3176/3173 97/1608/1605 79/1591/1588
f 231/1703/1700 259/1727/1724 1887/3268/3265 1865/3247/3244
f 1865/3247/3244 1887/3268/3265 1888/3269/3266 1867/3249/3246
f 1867/3249/3246 1888/3269/3266 1889/3270/3267 1869/3251/3248
f 1869/3251/3248 1889/3270/3267 1890/3271/3268 1871/3253/3250
f 1871/3253/3250 1890/3271/3268 1891/3272/3269 1873/3255/3252
f 1873/3255/3252 1891/3272/3269 1892/3273/3270 1875/3257/3254
f 1875/3257/3254 1892/3273/3270 1893/3274/3271 1877/3259/3256
f 1877/3259/3256 1893/3274/3271 268/1735/1732 246/1717/1714
f 3261/2035/2032 1760/1749/1746 1766/3154/3151
f 1760/1749/1746 1759/1748/1745 1765/3152/3149 1766/3154/3151
f 1759/1748/1745 1757/2263/2260 1764/3150/3147 1765/3152/3149
f 1764/3150/3147 1757/2263/2260 1756/2047/2044 1763/3148/3145
f 1762/3146/3143 1763/3148/3145 1756/2047/2044 2914/2043/2040
f 3263/2264/2261 1755/2044/2041 1756/2047/2044
f 3263/2264/2261 2273/2046/2043 1755/2044/2041
f 3256/3162/3159 1716/317/314 2357/2039/2036
f 2913/2038/2035 3256/3162/3159 2357/2039/2036
f 3260/2036/2033 1926/1750/1747 3261/2035/2032
f 3262/2045/2042 2354/1900/1897 3259/2281/2278
f 3262/2045/2042 3259/2281/2278 1761/3143/3140
f 2914/2043/2040 3262/2045/2042 1761/3143/3140
f 2914/2043/2040 1761/3143/3140 1762/3146/3143
f 1761/3143/3140 2242/2282/2279 1767/3144/3141
f 2242/2282/2279 1761/3143/3140 3258/2042/2039
f 1767/3144/3141 2242/2282/2279 64/1581/1578
f 2242/2282/2279 1722/680/677 64/1581/1578
f 1772/3153/3150 3256/3162/3159 3260/2036/2033
f 2913/2038/2035 2262/2037/2034 3260/2036/2033 3256/3162/3159
f 3261/2035/2032 1766/3154/3151 1772/3153/3150
f 1759/1748/1745 1926/1750/1747 2971/2261/2258
f 2971/2261/2258 1758/2262/2259 1759/1748/1745
f 3262/2045/2042 2273/2046/2043 1922/1901/1898 2354/1900/1897
f 3264/2423/2420 1931/3282/3279 3267/1836/1833 3265/2207/2204
f 3264/2423/2420 2264/2005/2002 3195/2998/2995 2296/1999/1996 3272/1998/1995
f 3271/1925/1922 3270/1929/1926 3269/2155/2152 3268/2192/2189 1931/3282/3279
f 3268/2192/2189 3267/1836/1833 1931/3282/3279
f 1931/3282/3279 3264/2423/2420 3272/1998/1995 3271/1925/1922
f 3267/1836/1833 3266/2003/2000 3265/2207/2204
f 2906/1997/1994 3265/2207/2204 2288/1921/1918
f 3265/2207/2204 3266/2003/2000 2288/1921/1918
f 2302/2164/2161 2948/2189/2186 2301/2191/2188 3273/2190/2187
f 3273/2190/2187 2301/2191/2188 3017/2397/2394 2401/2162/2159
f 2313/2195/2192 3267/1836/1833 3268/2192/2189
f 2907/2006/2003 2264/2005/2002 3264/2423/2420
f 3274/2307/2304 2986/2309/2306 2870/2312/2309 2191/2277/2274
f 1735/635/632 597/640/637 2986/2309/2306 3274/2307/2304
f 2191/2277/2274 3276/2278/2275 3277/3283/3280 3275/3134/3131
f 3275/3134/3131 3277/3283/3280 1740/1747/1744 1737/1547/1544
f 2863/2276/2273 2975/2275/2272 2871/2274/2271 3276/2278/2275
f 3276/2278/2275 2871/2274/2271 3255/3135/3132 3277/3283/3280
f 3277/3283/3280 3255/3135/3132 583/1549/1546 1740/1747/1744
f 2388/2372/2369 3011/2371/2368 1932/1806/1803
f 2630/2462/2459 3158/2900/2897 2034/2427/2424
f 3032/2461/2458 2118/2465/2462 2442/2431/2428
f 3199/3009/3006 2160/1961/1958 2223/1960/1957
f 2772/2134/2131 3200/3014/3011 2782/3013/3010 1886/2135/2132
f 2203/2131/2128 2932/2127/2124 3278/2132/2129
f 3279/2130/2127 2203/2131/2128 3000/2345/2342 2844/2344/2341
f 2932/2127/2124 2203/2131/2128 3279/2130/2127
f 1886/2135/2132 2777/2133/2130 3278/2132/2129
f 2053/2685/2682 2443/2769/2766 2451/2823/2820 2834/2857/2854
f 2451/2823/2820 2025/1813/1810 2834/2857/2854
f 3282/1953/1950 2052/2087/2084 2837/2632/2629 3281/2633/2630
f 3281/2633/2630 2837/2632/2629 3069/2631/2628
f 3283/1952/1949 2052/2087/2084 3282/1953/1950
f 3280/2524/2521 2025/1813/1810 2451/2823/2820
f 3148/2884/2881 2762/2869/2866 2110/2842/2839
f 2110/2842/2839 2762/2869/2866 3142/2868/2865
f 2118/2465/2462 3157/2464/2461 2442/2431/2428
f 2442/2431/2428 2630/2462/2459 3032/2461/2458
f 2025/1813/1810 3136/2854/2851 2834/2857/2854
o Sphere.001
v 0.168466 0.359391 1.716414
v 0.176150 0.359391 1.718745
v 0.183231 0.359391 1.722530
v 0.189437 0.359391 1.727623
v 0.194531 0.359391 1.733829
v 0.198315 0.359391 1.740910
v 0.200646 0.359391 1.748594
v 0.194531 0.359391 1.779339
v 0.189437 0.359391 1.785545
v 0.183231 0.359391 1.790639
v 0.168313 0.360950 1.716414
v 0.175848 0.362449 1.718745
v 0.182793 0.363830 1.722530
v 0.188881 0.365041 1.727623
v 0.193876 0.366035 1.733829
v 0.197588 0.366773 1.740910
v 0.199874 0.367228 1.748594
v 0.200646 0.367381 1.756584
v 0.199874 0.367228 1.764574
v 0.197588 0.366773 1.772258
v 0.193876 0.366035 1.779339
v 0.188881 0.365041 1.785545
v 0.182793 0.363830 1.790639
v 0.175848 0.362449 1.794423
v 0.168313 0.360950 1.796754
v 0.167858 0.362449 1.716414
v 0.174957 0.365389 1.718745
v 0.181498 0.368099 1.722530
v 0.187232 0.370474 1.727623
v 0.191938 0.372423 1.733829
v 0.195435 0.373872 1.740910
v 0.197588 0.374763 1.748594
v 0.198315 0.375065 1.756584
v 0.197588 0.374763 1.764574
v 0.195435 0.373872 1.772258
v 0.191938 0.372423 1.779339
v 0.187232 0.370474 1.785545
v 0.181498 0.368099 1.790639
v 0.174957 0.365389 1.794423
v 0.167858 0.362449 1.796754
v 0.167120 0.363830 1.716414
v 0.173508 0.368099 1.718745
v 0.179396 0.372033 1.722530
v 0.184556 0.375481 1.727623
v 0.188791 0.378311 1.733829
v 0.191938 0.380413 1.740910
v 0.193876 0.381708 1.748594
v 0.194531 0.382146 1.756584
v 0.193876 0.381708 1.764574
v 0.191938 0.380413 1.772258
v 0.188791 0.378311 1.779339
v 0.184556 0.375481 1.785545
v 0.179396 0.372033 1.790639
v 0.173508 0.368099 1.794423
v 0.167120 0.363830 1.796754
v 0.166126 0.365041 1.716414
v 0.171559 0.370474 1.718745
v 0.176566 0.375481 1.722530
v 0.180955 0.379870 1.727623
v 0.184556 0.383471 1.733829
v 0.187232 0.386147 1.740910
v 0.188881 0.387796 1.748594
v 0.189437 0.388352 1.756584
v 0.188881 0.387796 1.764574
v 0.187232 0.386147 1.772258
v 0.184556 0.383471 1.779339
v 0.180955 0.379870 1.785545
v 0.176566 0.375481 1.790639
v 0.171559 0.370474 1.794423
v 0.166126 0.365041 1.796754
v 0.164915 0.366035 1.716414
v 0.169184 0.372423 1.718745
v 0.173118 0.378311 1.722530
v 0.176566 0.383471 1.727623
v 0.179396 0.387706 1.733829
v 0.181498 0.390853 1.740910
v 0.182793 0.392791 1.748594
v 0.183231 0.393446 1.756584
v 0.182793 0.392791 1.764574
v 0.181498 0.390853 1.772258
v 0.179396 0.387706 1.779339
v 0.176566 0.383471 1.785545
v 0.173118 0.378311 1.790639
v 0.169184 0.372423 1.794423
v 0.164915 0.366035 1.796754
v 0.163534 0.366773 1.716414
v 0.166474 0.373872 1.718745
v 0.169184 0.380413 1.722530
v 0.171559 0.386147 1.727623
v 0.173508 0.390853 1.733829
v 0.174957 0.394350 1.740910
v 0.175848 0.396503 1.748594
v 0.176150 0.397230 1.756584
v 0.175848 0.396503 1.764574
v 0.174957 0.394350 1.772258
v 0.173508 0.390853 1.779339
v 0.171559 0.386147 1.785545
v 0.169184 0.380413 1.790639
v 0.166474 0.373872 1.794423
v 0.163534 0.366773 1.796754
v 0.162035 0.367228 1.716414
v 0.163534 0.374763 1.718745
v 0.164915 0.381708 1.722530
v 0.166126 0.387796 1.727623
v 0.167120 0.392791 1.733829
v 0.167858 0.396503 1.740910
v 0.168313 0.398789 1.748594
v 0.168466 0.399561 1.756584
v 0.168313 0.398789 1.764574
v 0.167858 0.396503 1.772258
v 0.167120 0.392791 1.779339
v 0.166126 0.387796 1.785545
v 0.164915 0.381708 1.790639
v 0.163534 0.374763 1.794423
v 0.162035 0.367228 1.796754
v 0.160476 0.367381 1.716414
v 0.160476 0.375065 1.718745
v 0.160476 0.382146 1.722530
v 0.160476 0.388352 1.727623
v 0.160476 0.393446 1.733829
v 0.160476 0.397230 1.740910
v 0.160476 0.399561 1.748594
v 0.160476 0.400348 1.756584
v 0.160476 0.399561 1.764574
v 0.160476 0.397230 1.772258
v 0.160476 0.393446 1.779339
v 0.160476 0.388352 1.785545
v 0.160476 0.382146 1.790639
v 0.160476 0.375065 1.794423
v 0.160476 0.367381 1.796754
v 0.158917 0.367228 1.716414
v 0.157418 0.374763 1.718745
v 0.156037 0.381708 1.722530
v 0.154826 0.387796 1.727623
v 0.153832 0.392791 1.733829
v 0.153094 0.396503 1.740910
v 0.152639 0.398789 1.748594
v 0.152486 0.399561 1.756584
v 0.152639 0.398789 1.764574
v 0.153094 0.396503 1.772258
v 0.153832 0.392791 1.779339
v 0.154826 0.387796 1.785545
v 0.156037 0.381708 1.790639
v 0.157418 0.374763 1.794423
v 0.158917 0.367228 1.796754
v 0.157418 0.366773 1.716414
v 0.154478 0.373872 1.718745
v 0.151768 0.380413 1.722530
v 0.149393 0.386147 1.727623
v 0.147444 0.390853 1.733829
v 0.145995 0.394350 1.740910
v 0.145104 0.396503 1.748594
v 0.144802 0.397230 1.756584
v 0.145104 0.396503 1.764574
v 0.145995 0.394350 1.772258
v 0.147444 0.390853 1.779339
v 0.149393 0.386147 1.785545
v 0.151768 0.380413 1.790639
v 0.154478 0.373872 1.794423
v 0.157418 0.366773 1.796754
v 0.156037 0.366035 1.716414
v 0.151768 0.372423 1.718745
v 0.147834 0.378311 1.722530
v 0.144386 0.383471 1.727623
v 0.141556 0.387706 1.733829
v 0.139454 0.390853 1.740910
v 0.138159 0.392791 1.748594
v 0.137721 0.393446 1.756584
v 0.138159 0.392791 1.764574
v 0.139454 0.390853 1.772258
v 0.141556 0.387706 1.779339
v 0.144386 0.383471 1.785545
v 0.147834 0.378311 1.790639
v 0.151768 0.372423 1.794423
v 0.156037 0.366035 1.796754
v 0.154826 0.365041 1.716414
v 0.149393 0.370474 1.718745
v 0.144386 0.375481 1.722530
v 0.139997 0.379870 1.727623
v 0.136396 0.383471 1.733829
v 0.133720 0.386147 1.740910
v 0.132071 0.387796 1.748594
v 0.131515 0.388352 1.756584
v 0.132071 0.387796 1.764574
v 0.133719 0.386147 1.772258
v 0.136396 0.383471 1.779339
v 0.139997 0.379870 1.785545
v 0.144386 0.375481 1.790639
v 0.149393 0.370474 1.794423
v 0.154826 0.365041 1.796754
v 0.153832 0.363830 1.716414
v 0.147444 0.368099 1.718745
v 0.141556 0.372033 1.722530
v 0.136396 0.375481 1.727623
v 0.132161 0.378311 1.733829
v 0.129014 0.380413 1.740910
v 0.127076 0.381708 1.748594
v 0.126421 0.382146 1.756584
v 0.127076 0.381708 1.764574
v 0.129014 0.380413 1.772258
v 0.132161 0.378311 1.779339
v 0.136396 0.375481 1.785545
v 0.141556 0.372033 1.790639
v 0.147444 0.368099 1.794423
v 0.153832 0.363830 1.796754
v 0.153094 0.362449 1.716414
v 0.145995 0.365389 1.718745
v 0.139454 0.368099 1.722530
v 0.133720 0.370474 1.727623
v 0.129014 0.372423 1.733829
v 0.125517 0.373872 1.740910
v 0.123364 0.374763 1.748594
v 0.122637 0.375065 1.756584
v 0.123364 0.374763 1.764574
v 0.125517 0.373872 1.772258
v 0.129014 0.372423 1.779339
v 0.133720 0.370474 1.785545
v 0.139454 0.368099 1.790639
v 0.145995 0.365389 1.794423
v 0.153094 0.362449 1.796754
v 0.152639 0.360950 1.716414
v 0.145104 0.362449 1.718745
v 0.138159 0.363830 1.722530
v 0.132071 0.365041 1.727623
v 0.127076 0.366035 1.733829
v 0.123364 0.366773 1.740910
v 0.121078 0.367228 1.748594
v 0.120306 0.367381 1.756584
v 0.121078 0.367228 1.764574
v 0.123364 0.366773 1.772258
v 0.127076 0.366035 1.779339
v 0.132071 0.365041 1.785545
v 0.138159 0.363830 1.790639
v 0.145104 0.362449 1.794423
v 0.152639 0.360950 1.796754
v 0.152486 0.359391 1.716414
v 0.144802 0.359391 1.718745
v 0.137721 0.359391 1.722530
v 0.131515 0.359391 1.727623
v 0.126421 0.359391 1.733829
v 0.122637 0.359391 1.740910
v 0.120306 0.359391 1.748594
v 0.119519 0.359391 1.756584
v 0.120306 0.359391 1.764574
v 0.122637 0.359391 1.772258
v 0.126421 0.359391 1.779339
v 0.131515 0.359391 1.785545
v 0.137721 0.359391 1.790639
v 0.144802 0.359391 1.794423
v 0.152486 0.359391 1.796754
v 0.152639 0.357832 1.716414
v 0.145104 0.356333 1.718745
v 0.138159 0.354952 1.722530
v 0.132071 0.353741 1.727623
v 0.127076 0.352747 1.733829
v 0.123364 0.352009 1.740910
v 0.121078 0.351554 1.748594
v 0.120306 0.351401 1.756584
v 0.121078 0.351554 1.764574
v 0.123364 0.352009 1.772258
v 0.127076 0.352747 1.779339
v 0.132071 0.353741 1.785545
v 0.138159 0.354952 1.790639
v 0.145104 0.356333 1.794423
v 0.152639 0.357832 1.796754
v 0.153094 0.356333 1.716414
v 0.145995 0.353393 1.718745
v 0.139454 0.350683 1.722530
v 0.133720 0.348308 1.727623
v 0.129014 0.346359 1.733829
v 0.125517 0.344911 1.740910
v 0.123364 0.344019 1.748594
v 0.122637 0.343717 1.756584
v 0.123364 0.344019 1.764574
v 0.125517 0.344910 1.772258
v 0.129014 0.346359 1.779339
v 0.133720 0.348308 1.785545
v 0.139454 0.350683 1.790639
v 0.145995 0.353393 1.794423
v 0.153094 0.356333 1.796754
v 0.153832 0.354952 1.716414
v 0.147444 0.350683 1.718745
v 0.141556 0.346749 1.722530
v 0.136396 0.343301 1.727623
v 0.132161 0.340471 1.733829
v 0.129014 0.338369 1.740910
v 0.127076 0.337074 1.748594
v 0.126421 0.336636 1.756584
v 0.127076 0.337074 1.764574
v 0.129014 0.338369 1.772258
v 0.132161 0.340471 1.779339
v 0.136396 0.343301 1.785545
v 0.141556 0.346749 1.790639
v 0.147444 0.350683 1.794423
v 0.153832 0.354952 1.796754
v 0.154826 0.353741 1.716414
v 0.149393 0.348308 1.718745
v 0.144386 0.343301 1.722530
v 0.139997 0.338912 1.727623
v 0.136396 0.335311 1.733829
v 0.133720 0.332635 1.740910
v 0.132071 0.330986 1.748594
v 0.131515 0.330430 1.756584
v 0.132071 0.330986 1.764574
v 0.133720 0.332635 1.772258
v 0.136396 0.335311 1.779339
v 0.139997 0.338912 1.785545
v 0.144386 0.343301 1.790639
v 0.149393 0.348308 1.794423
v 0.154826 0.353741 1.796754
v 0.156037 0.352747 1.716414
v 0.151768 0.346359 1.718745
v 0.147834 0.340471 1.722530
v 0.144386 0.335311 1.727623
v 0.141556 0.331076 1.733829
v 0.139454 0.327929 1.740910
v 0.138159 0.325991 1.748594
v 0.137721 0.325336 1.756584
v 0.138159 0.325991 1.764574
v 0.139454 0.327929 1.772258
v 0.141556 0.331076 1.779339
v 0.144386 0.335311 1.785545
v 0.147834 0.340471 1.790639
v 0.151768 0.346359 1.794423
v 0.156037 0.352747 1.796754
v 0.160476 0.359391 1.715627
v 0.157418 0.352009 1.716414
v 0.154478 0.344911 1.718745
v 0.151768 0.338369 1.722530
v 0.149393 0.332635 1.727623
v 0.147444 0.327929 1.733829
v 0.145995 0.324432 1.740910
v 0.145104 0.322279 1.748594
v 0.144802 0.321552 1.756584
v 0.145104 0.322279 1.764574
v 0.145995 0.324432 1.772258
v 0.147444 0.327929 1.779339
v 0.149393 0.332635 1.785545
v 0.151768 0.338369 1.790639
v 0.154478 0.344911 1.794423
v 0.157418 0.352009 1.796754
v 0.158917 0.351554 1.716414
v 0.157418 0.344019 1.718745
v 0.156037 0.337074 1.722530
v 0.154826 0.330986 1.727623
v 0.153832 0.325991 1.733829
v 0.153094 0.322279 1.740910
v 0.152639 0.319993 1.748594
v 0.152486 0.319221 1.756584
v 0.152639 0.319993 1.764574
v 0.153094 0.322279 1.772258
v 0.153832 0.325991 1.779339
v 0.154826 0.330986 1.785545
v 0.156037 0.337074 1.790639
v 0.157418 0.344019 1.794423
v 0.158917 0.351554 1.796754
v 0.160476 0.351401 1.716414
v 0.160476 0.343717 1.718745
v 0.160476 0.336636 1.722530
v 0.160476 0.330430 1.727623
v 0.160476 0.325336 1.733829
v 0.160476 0.321552 1.740910
v 0.160476 0.319221 1.748594
v 0.160476 0.318434 1.756584
v 0.160476 0.319221 1.764574
v 0.160476 0.321552 1.772258
v 0.160476 0.325336 1.779339
v 0.160476 0.330430 1.785545
v 0.160476 0.336636 1.790639
v 0.160476 0.343717 1.794423
v 0.160476 0.351401 1.796754
v 0.162035 0.351554 1.716414
v 0.163534 0.344019 1.718745
v 0.164915 0.337074 1.722530
v 0.166126 0.330986 1.727623
v 0.167120 0.325991 1.733829
v 0.167858 0.322279 1.740910
v 0.168313 0.319993 1.748594
v 0.168466 0.319221 1.756584
v 0.168313 0.319993 1.764574
v 0.167858 0.322279 1.772258
v 0.167120 0.325991 1.779339
v 0.166126 0.330986 1.785545
v 0.164915 0.337074 1.790639
v 0.163534 0.344019 1.794423
v 0.162035 0.351554 1.796754
v 0.163534 0.352009 1.716414
v 0.166474 0.344911 1.718745
v 0.169184 0.338369 1.722530
v 0.171559 0.332635 1.727623
v 0.173508 0.327929 1.733829
v 0.174957 0.324432 1.740910
v 0.175848 0.322279 1.748594
v 0.176150 0.321552 1.756584
v 0.175848 0.322279 1.764574
v 0.174957 0.324432 1.772258
v 0.173508 0.327929 1.779339
v 0.171559 0.332635 1.785545
v 0.169184 0.338369 1.790639
v 0.166474 0.344911 1.794423
v 0.163534 0.352009 1.796754
v 0.164915 0.352747 1.716414
v 0.169184 0.346359 1.718745
v 0.173118 0.340471 1.722530
v 0.176566 0.335311 1.727623
v 0.179396 0.331076 1.733829
v 0.181498 0.327929 1.740910
v 0.182793 0.325991 1.748594
v 0.183231 0.325336 1.756584
v 0.182793 0.325991 1.764574
v 0.181498 0.327929 1.772258
v 0.179396 0.331076 1.779339
v 0.176566 0.335311 1.785545
v 0.173118 0.340471 1.790639
v 0.169184 0.346359 1.794423
v 0.164915 0.352747 1.796754
v 0.166126 0.353741 1.716414
v 0.171559 0.348308 1.718745
v 0.176566 0.343301 1.722530
v 0.180955 0.338912 1.727623
v 0.184556 0.335311 1.733829
v 0.187232 0.332635 1.740910
v 0.188881 0.330986 1.748594
v 0.189437 0.330430 1.756584
v 0.188881 0.330986 1.764574
v 0.187232 0.332635 1.772258
v 0.184556 0.335311 1.779339
v 0.180955 0.338912 1.785545
v 0.176566 0.343301 1.790639
v 0.171559 0.348308 1.794423
v 0.166126 0.353741 1.796754
v 0.167120 0.354952 1.716414
v 0.173508 0.350683 1.718745
v 0.179396 0.346749 1.722530
v 0.184556 0.343301 1.727623
v 0.188791 0.340471 1.733829
v 0.191938 0.338369 1.740910
v 0.193876 0.337074 1.748594
v 0.194531 0.336637 1.756584
v 0.193876 0.337074 1.764574
v 0.191938 0.338369 1.772258
v 0.188791 0.340471 1.779339
v 0.184556 0.343301 1.785545
v 0.179396 0.346749 1.790639
v 0.173508 0.350683 1.794423
v 0.167120 0.354952 1.796754
v 0.167858 0.356333 1.716414
v 0.174957 0.353393 1.718745
v 0.181498 0.350683 1.722530
v 0.187232 0.348308 1.727623
v 0.191938 0.346359 1.733829
v 0.195435 0.344911 1.740910
v 0.197588 0.344019 1.748594
v 0.198315 0.343717 1.756584
v 0.197588 0.344019 1.764574
v 0.195435 0.344911 1.772258
v 0.191938 0.346359 1.779339
v 0.187232 0.348308 1.785545
v 0.181498 0.350683 1.790639
v 0.174957 0.353393 1.794423
v 0.167858 0.356333 1.796754
v 0.168313 0.357832 1.716414
v 0.175848 0.356333 1.718745
v 0.182793 0.354952 1.722530
v 0.188881 0.353741 1.727623
v 0.193876 0.352747 1.733829
v 0.197588 0.352009 1.740910
v 0.199874 0.351554 1.748594
v 0.200646 0.351401 1.756584
v 0.199874 0.351554 1.764574
v 0.197588 0.352009 1.772258
v 0.193876 0.352747 1.779339
v 0.188881 0.353741 1.785545
v 0.182793 0.354952 1.790639
v 0.175848 0.356333 1.794423
v 0.168313 0.357832 1.796754
v 0.201433 0.359391 1.756584
v 0.200646 0.359391 1.764574
v 0.198315 0.359391 1.772258
v 0.176150 0.359391 1.794423
v 0.168466 0.359391 1.796754
v 0.160476 0.359391 1.797541
vt 0.750000 0.687500
vt 0.750000 0.750000
vt 0.718750 0.750000
vt 0.718750 0.687500
vt 0.750000 0.187500
vt 0.750000 0.250000
vt 0.718750 0.250000
vt 0.718750 0.187500
vt 0.750000 0.625000
vt 0.718750 0.625000
vt 0.750000 0.125000
vt 0.718750 0.125000
vt 0.750000 0.562500
vt 0.718750 0.562500
vt 0.750000 0.062500
vt 0.718750 0.062500
vt 0.750000 0.500000
vt 0.718750 0.500000
vt 0.750000 0.937500
vt 0.734375 1.000000
vt 0.718750 0.937500
vt 0.734375 0.000000
vt 0.750000 0.437500
vt 0.718750 0.437500
vt 0.750000 0.875000
vt 0.718750 0.875000
vt 0.750000 0.375000
vt 0.718750 0.375000
vt 0.750000 0.812500
vt 0.718750 0.812500
vt 0.750000 0.312500
vt 0.718750 0.312500
vt 0.687500 0.375000
vt 0.687500 0.312500
vt 0.687500 0.812500
vt 0.687500 0.750000
vt 0.687500 0.250000
vt 0.687500 0.687500
vt 0.687500 0.187500
vt 0.687500 0.625000
vt 0.687500 0.125000
vt 0.687500 0.562500
vt 0.687500 0.062500
vt 0.687500 0.500000
vt 0.703125 1.000000
vt 0.687500 0.937500
vt 0.703125 0.000000
vt 0.687500 0.437500
vt 0.687500 0.875000
vt 0.656250 0.125000
vt 0.656250 0.062500
vt 0.656250 0.562500
vt 0.656250 0.500000
vt 0.671875 1.000000
vt 0.656250 0.937500
vt 0.671875 0.000000
vt 0.656250 0.437500
vt 0.656250 0.875000
vt 0.656250 0.375000
vt 0.656250 0.812500
vt 0.656250 0.312500
vt 0.656250 0.750000
vt 0.656250 0.250000
vt 0.656250 0.687500
vt 0.656250 0.187500
vt 0.656250 0.625000
vt 0.625000 0.312500
vt 0.625000 0.250000
vt 0.625000 0.750000
vt 0.625000 0.687500
vt 0.625000 0.187500
vt 0.625000 0.625000
vt 0.625000 0.125000
vt 0.625000 0.562500
vt 0.625000 0.062500
vt 0.625000 0.500000
vt 0.640625 1.000000
vt 0.625000 0.937500
vt 0.640625 0.000000
vt 0.625000 0.437500
vt 0.625000 0.875000
vt 0.625000 0.375000
vt 0.625000 0.812500
vt 0.609375 1.000000
vt 0.593750 0.937500
vt 0.609375 0.000000
vt 0.593750 0.062500
vt 0.593750 0.500000
vt 0.593750 0.437500
vt 0.593750 0.875000
vt 0.593750 0.375000
vt 0.593750 0.812500
vt 0.593750 0.312500
vt 0.593750 0.750000
vt 0.593750 0.250000
vt 0.593750 0.687500
vt 0.593750 0.187500
vt 0.593750 0.625000
vt 0.593750 0.125000
vt 0.593750 0.562500
vt 0.562500 0.750000
vt 0.562500 0.687500
vt 0.562500 0.250000
vt 0.562500 0.187500
vt 0.562500 0.625000
vt 0.562500 0.125000
vt 0.562500 0.562500
vt 0.562500 0.062500
vt 0.562500 0.500000
vt 0.578125 1.000000
vt 0.562500 0.937500
vt 0.578125 0.000000
vt 0.562500 0.437500
vt 0.562500 0.875000
vt 0.562500 0.375000
vt 0.562500 0.812500
vt 0.562500 0.312500
vt 0.531250 0.500000
vt 0.531250 0.437500
vt 0.531250 0.937500
vt 0.531250 0.875000
vt 0.531250 0.375000
vt 0.531250 0.812500
vt 0.531250 0.312500
vt 0.531250 0.750000
vt 0.531250 0.250000
vt 0.531250 0.687500
vt 0.531250 0.187500
vt 0.531250 0.625000
vt 0.531250 0.125000
vt 0.531250 0.562500
vt 0.531250 0.062500
vt 0.546875 1.000000
vt 0.546875 0.000000
vt 0.500000 0.250000
vt 0.500000 0.187500
vt 0.500000 0.687500
vt 0.500000 0.625000
vt 0.500000 0.125000
vt 0.500000 0.562500
vt 0.500000 0.062500
vt 0.500000 0.500000
vt 0.515625 1.000000
vt 0.500000 0.937500
vt 0.515625 0.000000
vt 0.500000 0.437500
vt 0.500000 0.875000
vt 0.500000 0.375000
vt 0.500000 0.812500
vt 0.500000 0.312500
vt 0.500000 0.750000
vt 0.468750 0.937500
vt 0.468750 0.875000
vt 0.468750 0.437500
vt 0.468750 0.375000
vt 0.468750 0.812500
vt 0.468750 0.312500
vt 0.468750 0.750000
vt 0.468750 0.250000
vt 0.468750 0.687500
vt 0.468750 0.187500
vt 0.468750 0.625000
vt 0.468750 0.125000
vt 0.468750 0.562500
vt 0.468750 0.062500
vt 0.468750 0.500000
vt 0.484375 1.000000
vt 0.484375 0.000000
vt 0.437500 0.687500
vt 0.437500 0.625000
vt 0.437500 0.187500
vt 0.437500 0.125000
vt 0.437500 0.562500
vt 0.437500 0.062500
vt 0.437500 0.500000
vt 0.453125 1.000000
vt 0.437500 0.937500
vt 0.453125 0.000000
vt 0.437500 0.437500
vt 0.437500 0.875000
vt 0.437500 0.375000
vt 0.437500 0.812500
vt 0.437500 0.312500
vt 0.437500 0.750000
vt 0.437500 0.250000
vt 0.406250 0.437500
vt 0.406250 0.375000
vt 0.406250 0.875000
vt 0.406250 0.812500
vt 0.406250 0.312500
vt 0.406250 0.750000
vt 0.406250 0.250000
vt 0.406250 0.687500
vt 0.406250 0.187500
vt 0.406250 0.625000
vt 0.406250 0.125000
vt 0.406250 0.562500
vt 0.406250 0.062500
vt 0.406250 0.500000
vt 0.421875 1.000000
vt 0.406250 0.937500
vt 0.421875 0.000000
vt 0.375000 0.187500
vt 0.375000 0.125000
vt 0.375000 0.625000
vt 0.375000 0.562500
vt 0.375000 0.062500
vt 0.375000 0.500000
vt 0.390625 1.000000
vt 0.375000 0.937500
vt 0.390625 0.000000
vt 0.375000 0.437500
vt 0.375000 0.875000
vt 0.375000 0.375000
vt 0.375000 0.812500
vt 0.375000 0.312500
vt 0.375000 0.750000
vt 0.375000 0.250000
vt 0.375000 0.687500
vt 0.343750 0.375000
vt 0.343750 0.312500
vt 0.343750 0.812500
vt 0.343750 0.750000
vt 0.343750 0.250000
vt 0.343750 0.687500
vt 0.343750 0.187500
vt 0.343750 0.625000
vt 0.343750 0.125000
vt 0.343750 0.562500
vt 0.343750 0.062500
vt 0.343750 0.500000
vt 0.359375 1.000000
vt 0.343750 0.937500
vt 0.359375 0.000000
vt 0.343750 0.437500
vt 0.343750 0.875000
vt 0.312500 0.125000
vt 0.312500 0.062500
vt 0.312500 0.562500
vt 0.312500 0.500000
vt 0.328125 1.000000
vt 0.312500 0.937500
vt 0.328125 0.000000
vt 0.312500 0.437500
vt 0.312500 0.875000
vt 0.312500 0.375000
vt 0.312500 0.812500
vt 0.312500 0.312500
vt 0.312500 0.750000
vt 0.312500 0.250000
vt 0.312500 0.687500
vt 0.312500 0.187500
vt 0.312500 0.625000
vt 0.281250 0.812500
vt 0.281250 0.750000
vt 0.281250 0.312500
vt 0.281250 0.250000
vt 0.281250 0.687500
vt 0.281250 0.187500
vt 0.281250 0.625000
vt 0.281250 0.125000
vt 0.281250 0.562500
vt 0.281250 0.062500
vt 0.281250 0.500000
vt 0.296875 1.000000
vt 0.281250 0.937500
vt 0.296875 0.000000
vt 0.281250 0.437500
vt 0.281250 0.875000
vt 0.281250 0.375000
vt 0.250000 0.562500
vt 0.250000 0.500000
vt 0.265625 1.000000
vt 0.250000 0.937500
vt 0.265625 0.000000
vt 0.250000 0.062500
vt 0.250000 0.437500
vt 0.250000 0.875000
vt 0.250000 0.375000
vt 0.250000 0.812500
vt 0.250000 0.312500
vt 0.250000 0.750000
vt 0.250000 0.250000
vt 0.250000 0.687500
vt 0.250000 0.187500
vt 0.250000 0.625000
vt 0.250000 0.125000
vt 0.218750 0.312500
vt 0.218750 0.250000
vt 0.218750 0.750000
vt 0.218750 0.687500
vt 0.218750 0.187500
vt 0.218750 0.625000
vt 0.218750 0.125000
vt 0.218750 0.562500
vt 0.218750 0.062500
vt 0.218750 0.500000
vt 0.234375 1.000000
vt 0.218750 0.937500
vt 0.234375 0.000000
vt 0.218750 0.437500
vt 0.218750 0.875000
vt 0.218750 0.375000
vt 0.218750 0.812500
vt 0.203125 1.000000
vt 0.187500 0.937500
vt 0.203125 0.000000
vt 0.187500 0.062500
vt 0.187500 0.500000
vt 0.187500 0.437500
vt 0.187500 0.875000
vt 0.187500 0.375000
vt 0.187500 0.812500
vt 0.187500 0.312500
vt 0.187500 0.750000
vt 0.187500 0.250000
vt 0.187500 0.687500
vt 0.187500 0.187500
vt 0.187500 0.625000
vt 0.187500 0.125000
vt 0.187500 0.562500
vt 0.156250 0.750000
vt 0.156250 0.687500
vt 0.156250 0.250000
vt 0.156250 0.187500
vt 0.156250 0.625000
vt 0.156250 0.125000
vt 0.156250 0.562500
vt 0.156250 0.062500
vt 0.156250 0.500000
vt 0.171875 1.000000
vt 0.156250 0.937500
vt 0.171875 0.000000
vt 0.156250 0.437500
vt 0.156250 0.875000
vt 0.156250 0.375000
vt 0.156250 0.812500
vt 0.156250 0.312500
vt 0.125000 0.500000
vt 0.125000 0.437500
vt 0.125000 0.937500
vt 0.125000 0.875000
vt 0.125000 0.375000
vt 0.125000 0.812500
vt 0.125000 0.312500
vt 0.125000 0.750000
vt 0.125000 0.250000
vt 0.125000 0.687500
vt 0.125000 0.187500
vt 0.125000 0.625000
vt 0.125000 0.125000
vt 0.125000 0.562500
vt 0.125000 0.062500
vt 0.140625 1.000000
vt 0.140625 0.000000
vt 0.093750 0.250000
vt 0.093750 0.187500
vt 0.093750 0.687500
vt 0.093750 0.625000
vt 0.093750 0.125000
vt 0.093750 0.562500
vt 0.093750 0.062500
vt 0.093750 0.500000
vt 0.109375 1.000000
vt 0.093750 0.937500
vt 0.109375 0.000000
vt 0.093750 0.437500
vt 0.093750 0.875000
vt 0.093750 0.375000
vt 0.093750 0.812500
vt 0.093750 0.312500
vt 0.093750 0.750000
vt 0.062500 0.437500
vt 0.062500 0.375000
vt 0.062500 0.875000
vt 0.062500 0.812500
vt 0.062500 0.312500
vt 0.062500 0.750000
vt 0.062500 0.250000
vt 0.062500 0.687500
vt 0.062500 0.187500
vt 0.062500 0.625000
vt 0.062500 0.125000
vt 0.062500 0.562500
vt 0.062500 0.062500
vt 0.062500 0.500000
vt 0.078125 1.000000
vt 0.062500 0.937500
vt 0.078125 0.000000
vt 0.031250 0.187500
vt 0.031250 0.125000
vt 0.031250 0.625000
vt 0.031250 0.562500
vt 0.031250 0.062500
vt 0.031250 0.500000
vt 0.046875 1.000000
vt 0.031250 0.937500
vt 0.046875 0.000000
vt 0.031250 0.437500
vt 0.031250 0.875000
vt 0.031250 0.375000
vt 0.031250 0.812500
vt 0.031250 0.312500
vt 0.031250 0.750000
vt 0.031250 0.250000
vt 0.031250 0.687500
vt 0.000000 0.875000
vt 0.000000 0.812500
vt 0.000000 0.375000
vt 0.000000 0.312500
vt 0.000000 0.750000
vt 0.000000 0.250000
vt 0.000000 0.687500
vt 0.000000 0.187500
vt 0.000000 0.625000
vt 0.000000 0.125000
vt 0.000000 0.562500
vt 0.000000 0.062500
vt 0.000000 0.500000
vt 0.015625 1.000000
vt 0.000000 0.937500
vt 0.015625 0.000000
vt 0.000000 0.437500
vt 1.000000 0.562500
vt 1.000000 0.625000
vt 0.968750 0.625000
vt 0.968750 0.562500
vt 1.000000 0.062500
vt 1.000000 0.125000
vt 0.968750 0.125000
vt 0.968750 0.062500
vt 1.000000 0.500000
vt 0.968750 0.500000
vt 1.000000 0.937500
vt 0.984375 1.000000
vt 0.968750 0.937500
vt 0.984375 0.000000
vt 1.000000 0.437500
vt 0.968750 0.437500
vt 1.000000 0.875000
vt 0.968750 0.875000
vt 1.000000 0.375000
vt 0.968750 0.375000
vt 1.000000 0.812500
vt 0.968750 0.812500
vt 1.000000 0.312500
vt 0.968750 0.312500
vt 1.000000 0.750000
vt 0.968750 0.750000
vt 1.000000 0.250000
vt 0.968750 0.250000
vt 1.000000 0.687500
vt 0.968750 0.687500
vt 1.000000 0.187500
vt 0.968750 0.187500
vt 0.937500 0.375000
vt 0.937500 0.312500
vt 0.937500 0.812500
vt 0.937500 0.750000
vt 0.937500 0.250000
vt 0.937500 0.687500
vt 0.937500 0.187500
vt 0.937500 0.625000
vt 0.937500 0.125000
vt 0.937500 0.562500
vt 0.937500 0.062500
vt 0.937500 0.500000
vt 0.953125 1.000000
vt 0.937500 0.937500
vt 0.953125 0.000000
vt 0.937500 0.437500
vt 0.937500 0.875000
vt 0.906250 0.125000
vt 0.906250 0.062500
vt 0.906250 0.562500
vt 0.906250 0.500000
vt 0.921875 1.000000
vt 0.906250 0.937500
vt 0.921875 0.000000
vt 0.906250 0.437500
vt 0.906250 0.875000
vt 0.906250 0.375000
vt 0.906250 0.812500
vt 0.906250 0.312500
vt 0.906250 0.750000
vt 0.906250 0.250000
vt 0.906250 0.687500
vt 0.906250 0.187500
vt 0.906250 0.625000
vt 0.875000 0.812500
vt 0.875000 0.750000
vt 0.875000 0.312500
vt 0.875000 0.250000
vt 0.875000 0.687500
vt 0.875000 0.187500
vt 0.875000 0.625000
vt 0.875000 0.125000
vt 0.875000 0.562500
vt 0.875000 0.062500
vt 0.875000 0.500000
vt 0.890625 1.000000
vt 0.875000 0.937500
vt 0.890625 0.000000
vt 0.875000 0.437500
vt 0.875000 0.875000
vt 0.875000 0.375000
vt 0.843750 0.562500
vt 0.843750 0.500000
vt 0.859375 1.000000
vt 0.843750 0.937500
vt 0.859375 0.000000
vt 0.843750 0.062500
vt 0.843750 0.437500
vt 0.843750 0.875000
vt 0.843750 0.375000
vt 0.843750 0.812500
vt 0.843750 0.312500
vt 0.843750 0.750000
vt 0.843750 0.250000
vt 0.843750 0.687500
vt 0.843750 0.187500
vt 0.843750 0.625000
vt 0.843750 0.125000
vt 0.812500 0.312500
vt 0.812500 0.250000
vt 0.812500 0.750000
vt 0.812500 0.687500
vt 0.812500 0.187500
vt 0.812500 0.625000
vt 0.812500 0.125000
vt 0.812500 0.562500
vt 0.812500 0.062500
vt 0.812500 0.500000
vt 0.828125 1.000000
vt 0.812500 0.937500
vt 0.828125 0.000000
vt 0.812500 0.437500
vt 0.812500 0.875000
vt 0.812500 0.375000
vt 0.812500 0.812500
vt 0.796875 0.000000
vt 0.781250 0.062500
vt 0.781250 0.500000
vt 0.781250 0.437500
vt 0.781250 0.937500
vt 0.781250 0.875000
vt 0.781250 0.375000
vt 0.781250 0.812500
vt 0.781250 0.312500
vt 0.781250 0.750000
vt 0.781250 0.250000
vt 0.781250 0.687500
vt 0.781250 0.187500
vt 0.781250 0.625000
vt 0.781250 0.125000
vt 0.781250 0.562500
vt 0.796875 1.000000
vt 0.765625 1.000000
vt 0.765625 0.000000
vn 0.7708 0.0759 -0.6326
vn 0.6332 0.0624 0.7715
vn 0.8786 0.0865 -0.4696
vn 0.4709 0.0464 0.8810
vn 0.9527 0.0938 -0.2890
vn 0.2902 0.0286 0.9566
vn 0.9904 0.0975 -0.0975
vn 0.0980 0.0097 -0.9951
vn 0.0980 0.0096 0.9951
vn 0.9904 0.0975 0.0975
vn 0.2902 0.0286 -0.9566
vn 0.9527 0.0938 0.2890
vn 0.4709 0.0464 -0.8810
vn 0.8786 0.0865 0.4696
vn 0.6331 0.0624 -0.7715
vn 0.7708 0.0759 0.6326
vn 0.8448 0.2563 0.4696
vn 0.6088 0.1847 -0.7715
vn 0.7412 0.2248 0.6326
vn 0.7412 0.2248 -0.6326
vn 0.6088 0.1847 0.7715
vn 0.8448 0.2563 -0.4696
vn 0.4528 0.1374 0.8810
vn 0.9161 0.2779 -0.2890
vn 0.2790 0.0846 0.9566
vn 0.9524 0.2889 -0.0976
vn 0.0943 0.0286 -0.9951
vn 0.0942 0.0286 0.9951
vn 0.9524 0.2889 0.0975
vn 0.2790 0.0846 -0.9565
vn 0.9161 0.2779 0.2890
vn 0.4528 0.1374 -0.8810
vn 0.2572 0.1374 0.9565
vn 0.8777 0.4691 -0.0976
vn 0.0868 0.0464 -0.9951
vn 0.0869 0.0464 0.9951
vn 0.8777 0.4691 0.0976
vn 0.2572 0.1374 -0.9565
vn 0.8443 0.4513 0.2890
vn 0.4173 0.2231 -0.8810
vn 0.7786 0.4162 0.4696
vn 0.5611 0.2999 -0.7715
vn 0.6830 0.3651 0.6326
vn 0.6831 0.3651 -0.6326
vn 0.5611 0.2999 0.7715
vn 0.7786 0.4162 -0.4696
vn 0.4173 0.2231 0.8810
vn 0.8443 0.4513 -0.2890
vn 0.5987 0.4913 0.6326
vn 0.5987 0.4913 -0.6326
vn 0.4918 0.4036 0.7715
vn 0.6825 0.5601 -0.4696
vn 0.3658 0.3002 0.8810
vn 0.7400 0.6073 -0.2890
vn 0.2254 0.1850 0.9565
vn 0.7693 0.6314 -0.0976
vn 0.0762 0.0625 -0.9951
vn 0.0761 0.0625 0.9951
vn 0.7693 0.6314 0.0976
vn 0.2254 0.1850 -0.9565
vn 0.7400 0.6073 0.2890
vn 0.3658 0.3002 -0.8810
vn 0.6825 0.5601 0.4696
vn 0.4918 0.4036 -0.7715
vn 0.0624 0.0761 -0.9951
vn 0.0626 0.0761 0.9951
vn 0.6314 0.7693 0.0975
vn 0.1850 0.2254 -0.9566
vn 0.6073 0.7400 0.2890
vn 0.3002 0.3658 -0.8810
vn 0.5601 0.6825 0.4696
vn 0.4036 0.4918 -0.7715
vn 0.4914 0.5987 0.6326
vn 0.4914 0.5987 -0.6326
vn 0.4036 0.4918 0.7715
vn 0.5601 0.6825 -0.4696
vn 0.3002 0.3658 0.8810
vn 0.6073 0.7400 -0.2890
vn 0.1850 0.2254 0.9565
vn 0.6314 0.7693 -0.0975
vn 0.3651 0.6831 -0.6326
vn 0.2999 0.5611 0.7715
vn 0.4162 0.7786 -0.4696
vn 0.2230 0.4173 0.8810
vn 0.4513 0.8443 -0.2890
vn 0.1374 0.2571 0.9566
vn 0.4691 0.8777 -0.0976
vn 0.0466 0.0869 -0.9951
vn 0.0464 0.0869 0.9951
vn 0.4691 0.8777 0.0976
vn 0.1374 0.2571 -0.9566
vn 0.4513 0.8443 0.2890
vn 0.2231 0.4173 -0.8810
vn 0.4162 0.7786 0.4696
vn 0.2999 0.5611 -0.7715
vn 0.3651 0.6831 0.6326
vn 0.2889 0.9524 0.0975
vn 0.0847 0.2790 -0.9565
vn 0.2779 0.9161 0.2890
vn 0.1373 0.4528 -0.8810
vn 0.2563 0.8448 0.4696
vn 0.1847 0.6088 -0.7715
vn 0.2248 0.7412 0.6326
vn 0.2248 0.7412 -0.6326
vn 0.1847 0.6088 0.7715
vn 0.2563 0.8448 -0.4696
vn 0.1374 0.4528 0.8810
vn 0.2779 0.9161 -0.2890
vn 0.0846 0.2790 0.9566
vn 0.2889 0.9524 -0.0975
vn 0.0284 0.0943 -0.9951
vn 0.0286 0.0943 0.9951
vn 0.0624 0.6332 0.7715
vn 0.0865 0.8786 -0.4696
vn 0.0464 0.4709 0.8810
vn 0.0938 0.9527 -0.2890
vn 0.0286 0.2902 0.9566
vn 0.0975 0.9904 -0.0975
vn 0.0097 0.0980 -0.9951
vn 0.0097 0.0980 0.9951
vn 0.0975 0.9904 0.0975
vn 0.0286 0.2902 -0.9566
vn 0.0938 0.9527 0.2890
vn 0.0464 0.4709 -0.8810
vn 0.0865 0.8786 0.4696
vn 0.0624 0.6332 -0.7715
vn 0.0759 0.7708 0.6326
vn 0.0759 0.7708 -0.6326
vn -0.0286 0.2902 -0.9566
vn -0.0938 0.9527 0.2890
vn -0.0464 0.4709 -0.8810
vn -0.0865 0.8786 0.4696
vn -0.0624 0.6332 -0.7715
vn -0.0759 0.7708 0.6326
vn -0.0759 0.7708 -0.6326
vn -0.0624 0.6332 0.7715
vn -0.0865 0.8786 -0.4696
vn -0.0464 0.4709 0.8810
vn -0.0938 0.9527 -0.2890
vn -0.0286 0.2902 0.9566
vn -0.0975 0.9904 -0.0975
vn -0.0097 0.0980 -0.9951
vn -0.0097 0.0980 0.9951
vn -0.0975 0.9904 0.0975
vn -0.2563 0.8449 -0.4696
vn -0.1374 0.4528 0.8810
vn -0.2779 0.9161 -0.2890
vn -0.0846 0.2790 0.9566
vn -0.2889 0.9524 -0.0976
vn -0.0286 0.0943 -0.9951
vn -0.0286 0.0943 0.9951
vn -0.2889 0.9524 0.0976
vn -0.0847 0.2790 -0.9565
vn -0.2779 0.9161 0.2890
vn -0.1373 0.4528 -0.8810
vn -0.2563 0.8448 0.4696
vn -0.1847 0.6088 -0.7715
vn -0.2248 0.7412 0.6326
vn -0.2248 0.7412 -0.6326
vn -0.1847 0.6088 0.7715
vn -0.4513 0.8443 0.2890
vn -0.2231 0.4173 -0.8810
vn -0.4162 0.7786 0.4696
vn -0.2999 0.5611 -0.7715
vn -0.3651 0.6831 0.6326
vn -0.3651 0.6831 -0.6326
vn -0.2999 0.5611 0.7715
vn -0.4162 0.7786 -0.4696
vn -0.2230 0.4173 0.8810
vn -0.4513 0.8443 -0.2890
vn -0.1374 0.2571 0.9566
vn -0.4691 0.8777 -0.0975
vn -0.0466 0.0869 -0.9951
vn -0.0464 0.0869 0.9951
vn -0.4691 0.8777 0.0975
vn -0.1374 0.2571 -0.9566
vn -0.3002 0.3658 0.8810
vn -0.6073 0.7400 -0.2890
vn -0.1849 0.2254 0.9566
vn -0.6314 0.7693 -0.0976
vn -0.0625 0.0761 -0.9951
vn -0.0626 0.0761 0.9951
vn -0.6314 0.7693 0.0976
vn -0.1850 0.2254 -0.9565
vn -0.6073 0.7400 0.2890
vn -0.3001 0.3658 -0.8810
vn -0.5601 0.6825 0.4696
vn -0.4036 0.4918 -0.7715
vn -0.4914 0.5987 0.6326
vn -0.4914 0.5987 -0.6326
vn -0.4036 0.4918 0.7715
vn -0.5601 0.6825 -0.4696
vn -0.6825 0.5601 0.4696
vn -0.4918 0.4036 -0.7715
vn -0.5987 0.4913 0.6326
vn -0.5987 0.4913 -0.6326
vn -0.4918 0.4036 0.7715
vn -0.6825 0.5601 -0.4696
vn -0.3658 0.3002 0.8810
vn -0.7400 0.6073 -0.2890
vn -0.2254 0.1850 0.9566
vn -0.7693 0.6314 -0.0976
vn -0.0761 0.0625 -0.9951
vn -0.0760 0.0625 0.9951
vn -0.7693 0.6314 0.0976
vn -0.2254 0.1850 -0.9566
vn -0.7400 0.6073 0.2890
vn -0.3658 0.3002 -0.8810
vn -0.2572 0.1374 0.9565
vn -0.8777 0.4691 -0.0975
vn -0.0868 0.0464 -0.9951
vn -0.0869 0.0464 0.9951
vn -0.8777 0.4691 0.0975
vn -0.2571 0.1374 -0.9566
vn -0.8443 0.4513 0.2890
vn -0.4173 0.2231 -0.8810
vn -0.7786 0.4162 0.4696
vn -0.5611 0.2999 -0.7715
vn -0.6831 0.3651 0.6326
vn -0.6831 0.3651 -0.6326
vn -0.5611 0.2999 0.7715
vn -0.7786 0.4162 -0.4696
vn -0.4173 0.2231 0.8810
vn -0.8443 0.4513 -0.2890
vn -0.6088 0.1847 -0.7715
vn -0.7412 0.2248 0.6326
vn -0.7412 0.2248 -0.6326
vn -0.6088 0.1847 0.7715
vn -0.8448 0.2563 -0.4696
vn -0.4528 0.1374 0.8810
vn -0.9161 0.2779 -0.2890
vn -0.2790 0.0846 0.9565
vn -0.9524 0.2889 -0.0975
vn -0.0943 0.0286 -0.9951
vn -0.0942 0.0286 0.9951
vn -0.9524 0.2889 0.0975
vn -0.2790 0.0846 -0.9565
vn -0.9161 0.2779 0.2890
vn -0.4528 0.1374 -0.8810
vn -0.8448 0.2563 0.4696
vn -0.9904 0.0975 -0.0975
vn -0.0980 0.0097 -0.9951
vn -0.0980 0.0097 0.9951
vn -0.9904 0.0975 0.0975
vn -0.2902 0.0286 -0.9566
vn -0.9527 0.0938 0.2890
vn -0.4709 0.0464 -0.8810
vn -0.8786 0.0865 0.4696
vn -0.6332 0.0624 -0.7715
vn -0.7708 0.0759 0.6326
vn -0.7708 0.0759 -0.6326
vn -0.6332 0.0624 0.7715
vn -0.8786 0.0865 -0.4696
vn -0.4709 0.0464 0.8810
vn -0.9527 0.0938 -0.2890
vn -0.2902 0.0286 0.9566
vn -0.7708 -0.0759 0.6326
vn -0.7708 -0.0759 -0.6326
vn -0.6331 -0.0624 0.7715
vn -0.8786 -0.0865 -0.4696
vn -0.4709 -0.0464 0.8810
vn -0.9527 -0.0938 -0.2890
vn -0.2902 -0.0286 0.9566
vn -0.9904 -0.0976 -0.0975
vn -0.0980 -0.0097 -0.9951
vn -0.0980 -0.0097 0.9951
vn -0.9904 -0.0976 0.0975
vn -0.2902 -0.0286 -0.9566
vn -0.9527 -0.0938 0.2890
vn -0.4709 -0.0464 -0.8810
vn -0.8786 -0.0865 0.4696
vn -0.6331 -0.0624 -0.7715
vn -0.0943 -0.0286 -0.9951
vn -0.0942 -0.0286 0.9951
vn -0.9524 -0.2889 0.0975
vn -0.2790 -0.0846 -0.9565
vn -0.9161 -0.2779 0.2890
vn -0.4528 -0.1374 -0.8810
vn -0.8448 -0.2563 0.4696
vn -0.6088 -0.1847 -0.7715
vn -0.7412 -0.2248 0.6326
vn -0.7412 -0.2248 -0.6326
vn -0.6088 -0.1847 0.7715
vn -0.8448 -0.2563 -0.4696
vn -0.4528 -0.1374 0.8810
vn -0.9161 -0.2779 -0.2890
vn -0.2790 -0.0846 0.9566
vn -0.9524 -0.2889 -0.0975
vn -0.6831 -0.3651 -0.6326
vn -0.5611 -0.2999 0.7715
vn -0.7786 -0.4162 -0.4696
vn -0.4173 -0.2231 0.8810
vn -0.8443 -0.4513 -0.2890
vn -0.2571 -0.1374 0.9566
vn -0.8777 -0.4691 -0.0975
vn -0.0868 -0.0464 -0.9951
vn -0.0869 -0.0464 0.9951
vn -0.8777 -0.4691 0.0975
vn -0.2572 -0.1374 -0.9565
vn -0.8443 -0.4513 0.2890
vn -0.4173 -0.2231 -0.8810
vn -0.7786 -0.4162 0.4696
vn -0.5611 -0.2999 -0.7715
vn -0.6830 -0.3651 0.6326
vn -0.7693 -0.6314 0.0975
vn -0.2254 -0.1850 -0.9566
vn -0.7400 -0.6073 0.2890
vn -0.3658 -0.3002 -0.8810
vn -0.6825 -0.5601 0.4696
vn -0.4918 -0.4036 -0.7715
vn -0.5987 -0.4913 0.6326
vn -0.5987 -0.4913 -0.6326
vn -0.4918 -0.4036 0.7715
vn -0.6825 -0.5601 -0.4696
vn -0.3658 -0.3002 0.8810
vn -0.7400 -0.6073 -0.2890
vn -0.2254 -0.1850 0.9566
vn -0.7693 -0.6314 -0.0975
vn -0.0760 -0.0625 -0.9951
vn -0.0760 -0.0625 0.9951
vn -0.4036 -0.4918 0.7715
vn -0.5601 -0.6825 -0.4696
vn -0.3002 -0.3658 0.8810
vn -0.6073 -0.7400 -0.2890
vn -0.1850 -0.2254 0.9566
vn -0.6314 -0.7693 -0.0975
vn -0.0624 -0.0761 -0.9951
vn -0.0626 -0.0761 0.9951
vn -0.6314 -0.7693 0.0975
vn -0.1850 -0.2254 -0.9565
vn -0.6073 -0.7400 0.2890
vn -0.3002 -0.3658 -0.8810
vn -0.5601 -0.6825 0.4696
vn -0.4036 -0.4918 -0.7715
vn -0.4913 -0.5987 0.6326
vn -0.4913 -0.5987 -0.6326
vn -0.4513 -0.8443 0.2890
vn -0.2230 -0.4173 -0.8810
vn -0.4162 -0.7786 0.4696
vn -0.2999 -0.5611 -0.7715
vn -0.3651 -0.6831 0.6326
vn -0.3651 -0.6831 -0.6326
vn -0.2999 -0.5611 0.7715
vn -0.4162 -0.7786 -0.4696
vn -0.2230 -0.4173 0.8810
vn -0.4513 -0.8443 -0.2890
vn -0.1375 -0.2571 0.9565
vn -0.4691 -0.8777 -0.0975
vn -0.0466 -0.0869 -0.9951
vn -0.0464 -0.0869 0.9951
vn -0.4691 -0.8777 0.0975
vn -0.1374 -0.2571 -0.9566
vn -0.1373 -0.4528 0.8810
vn -0.2779 -0.9161 -0.2890
vn -0.0846 -0.2790 0.9566
vn -0.2889 -0.9524 -0.0975
vn -0.0284 -0.0943 -0.9951
vn -0.0286 -0.0943 0.9951
vn -0.2889 -0.9524 0.0975
vn -0.0847 -0.2790 -0.9565
vn -0.2779 -0.9161 0.2890
vn -0.1374 -0.4528 -0.8810
vn -0.2563 -0.8449 0.4696
vn -0.1847 -0.6088 -0.7715
vn -0.2248 -0.7412 0.6326
vn -0.2249 -0.7412 -0.6326
vn -0.1847 -0.6088 0.7715
vn -0.2563 -0.8448 -0.4696
vn -0.0464 -0.4709 -0.8810
vn -0.0865 -0.8786 0.4696
vn -0.0624 -0.6331 -0.7715
vn -0.0759 -0.7708 0.6326
vn -0.0759 -0.7708 -0.6326
vn -0.0624 -0.6331 0.7715
vn -0.0865 -0.8786 -0.4696
vn -0.0464 -0.4709 0.8810
vn -0.0938 -0.9527 -0.2890
vn -0.0286 -0.2902 0.9565
vn -0.0975 -0.9904 -0.0975
vn -0.0097 -0.0980 -0.9951
vn -0.0097 -0.0980 0.9951
vn -0.0975 -0.9904 0.0975
vn -0.0286 -0.2902 -0.9566
vn -0.0938 -0.9527 0.2890
vn 0.0938 -0.9527 -0.2890
vn 0.0286 -0.2902 0.9566
vn 0.0975 -0.9904 -0.0975
vn 0.0097 -0.0980 -0.9951
vn 0.0097 -0.0980 0.9951
vn 0.0975 -0.9904 0.0975
vn 0.0286 -0.2902 -0.9566
vn 0.0938 -0.9527 0.2890
vn 0.0464 -0.4709 -0.8810
vn 0.0865 -0.8786 0.4696
vn 0.0624 -0.6331 -0.7715
vn 0.0759 -0.7708 0.6326
vn 0.0759 -0.7708 -0.6326
vn 0.0624 -0.6331 0.7715
vn 0.0865 -0.8786 -0.4696
vn 0.0464 -0.4709 0.8810
vn 0.2563 -0.8449 0.4696
vn 0.1847 -0.6088 -0.7715
vn 0.2248 -0.7412 0.6326
vn 0.2248 -0.7412 -0.6326
vn 0.1847 -0.6088 0.7715
vn 0.2563 -0.8449 -0.4696
vn 0.1373 -0.4528 0.8810
vn 0.2779 -0.9161 -0.2890
vn 0.0846 -0.2790 0.9566
vn 0.2889 -0.9524 -0.0975
vn 0.0286 -0.0943 -0.9951
vn 0.0286 -0.0943 0.9951
vn 0.2889 -0.9524 0.0975
vn 0.0846 -0.2790 -0.9566
vn 0.2779 -0.9161 0.2890
vn 0.1374 -0.4528 -0.8810
vn 0.1375 -0.2571 0.9565
vn 0.4692 -0.8777 -0.0975
vn 0.0466 -0.0869 -0.9951
vn 0.0464 -0.0869 0.9951
vn 0.4691 -0.8777 0.0975
vn 0.1374 -0.2571 -0.9566
vn 0.4513 -0.8443 0.2890
vn 0.2231 -0.4173 -0.8810
vn 0.4162 -0.7786 0.4696
vn 0.2999 -0.5611 -0.7715
vn 0.3651 -0.6831 0.6326
vn 0.3651 -0.6831 -0.6326
vn 0.2999 -0.5611 0.7715
vn 0.4162 -0.7786 -0.4696
vn 0.2231 -0.4173 0.8810
vn 0.4513 -0.8443 -0.2890
vn 0.4036 -0.4918 -0.7715
vn 0.4914 -0.5987 0.6326
vn 0.4914 -0.5987 -0.6326
vn 0.4036 -0.4918 0.7715
vn 0.5601 -0.6825 -0.4696
vn 0.3002 -0.3658 0.8810
vn 0.6073 -0.7400 -0.2890
vn 0.1849 -0.2254 0.9566
vn 0.6314 -0.7693 -0.0975
vn 0.0625 -0.0761 -0.9951
vn 0.0626 -0.0761 0.9951
vn 0.6314 -0.7693 0.0975
vn 0.1849 -0.2254 -0.9566
vn 0.6073 -0.7400 0.2890
vn 0.3002 -0.3658 -0.8810
vn 0.5601 -0.6825 0.4696
vn 0.7693 -0.6314 -0.0975
vn 0.0761 -0.0625 -0.9951
vn 0.0760 -0.0625 0.9951
vn 0.7693 -0.6314 0.0975
vn 0.2254 -0.1850 -0.9565
vn 0.7400 -0.6073 0.2890
vn 0.3658 -0.3002 -0.8810
vn 0.6825 -0.5601 0.4696
vn 0.4918 -0.4036 -0.7715
vn 0.5987 -0.4913 0.6326
vn 0.5987 -0.4913 -0.6326
vn 0.4918 -0.4036 0.7715
vn 0.6825 -0.5601 -0.4696
vn 0.3658 -0.3002 0.8810
vn 0.7400 -0.6073 -0.2890
vn 0.2254 -0.1850 0.9566
vn 0.6830 -0.3651 0.6326
vn 0.6831 -0.3651 -0.6326
vn 0.5611 -0.2999 0.7715
vn 0.7786 -0.4162 -0.4696
vn 0.4173 -0.2231 0.8810
vn 0.8443 -0.4513 -0.2890
vn 0.2572 -0.1374 0.9565
vn 0.8777 -0.4691 -0.0975
vn 0.0868 -0.0464 -0.9951
vn 0.0869 -0.0464 0.9951
vn 0.8777 -0.4692 0.0975
vn 0.2571 -0.1374 -0.9566
vn 0.8443 -0.4513 0.2890
vn 0.4173 -0.2231 -0.8810
vn 0.7786 -0.4162 0.4696
vn 0.5611 -0.2999 -0.7715
vn 0.0942 -0.0286 0.9951
vn 0.9524 -0.2889 0.0975
vn 0.2790 -0.0846 -0.9565
vn 0.9161 -0.2779 0.2890
vn 0.4528 -0.1374 -0.8810
vn 0.8448 -0.2563 0.4696
vn 0.6088 -0.1847 -0.7715
vn 0.7412 -0.2248 0.6326
vn 0.7412 -0.2248 -0.6326
vn 0.6088 -0.1847 0.7715
vn 0.8448 -0.2563 -0.4696
vn 0.4528 -0.1374 0.8810
vn 0.9161 -0.2779 -0.2890
vn 0.2790 -0.0846 0.9565
vn 0.9524 -0.2889 -0.0975
vn 0.0943 -0.0286 -0.9951
vn 0.6331 -0.0624 0.7715
vn 0.8786 -0.0865 -0.4696
vn 0.4709 -0.0464 0.8810
vn 0.9527 -0.0938 -0.2890
vn 0.2902 -0.0286 0.9566
vn 0.9904 -0.0976 -0.0975
vn 0.0980 -0.0097 -0.9951
vn 0.0980 -0.0097 0.9951
vn 0.9904 -0.0975 0.0975
vn 0.2902 -0.0286 -0.9566
vn 0.9527 -0.0938 0.2890
vn 0.4709 -0.0464 -0.8810
vn 0.8786 -0.0865 0.4696
vn 0.6331 -0.0624 -0.7715
vn 0.7708 -0.0759 0.6326
vn 0.7708 -0.0759 -0.6326
usemtl ChessWhite
s off
f 3288/3284/3281 3287/3285/3281 3297/3286/3281 3298/3287/3281
f 3293/3288/3282 3292/3289/3282 3305/3290/3282 3306/3291/3282
f 3289/3292/3283 3288/3284/3283 3298/3287/3283 3299/3293/3283
f 3763/3294/3284 3293/3288/3284 3306/3291/3284 3307/3295/3284
f 3290/3296/3285 3289/3292/3285 3299/3293/3285 3300/3297/3285
f 3764/3298/3286 3763/3294/3286 3307/3295/3286 3308/3299/3286
f 3760/3300/3287 3290/3296/3287 3300/3297/3287 3301/3301/3287
f 3284/3302/3288 3609/3303/3288 3294/3304/3288
f 3765/3305/3289 3764/3298/3289 3308/3299/3289
f 3761/3306/3290 3760/3300/3290 3301/3301/3290 3302/3307/3290
f 3285/3308/3291 3284/3302/3291 3294/3304/3291 3295/3309/3291
f 3762/3310/3292 3761/3306/3292 3302/3307/3292 3303/3311/3292
f 3286/3312/3293 3285/3308/3293 3295/3309/3293 3296/3313/3293
f 3291/3314/3294 3762/3310/3294 3303/3311/3294 3304/3315/3294
f 3287/3285/3295 3286/3312/3295 3296/3313/3295 3297/3286/3295
f 3292/3289/3296 3291/3314/3296 3304/3315/3296 3305/3290/3296
f 3304/3315/3297 3303/3311/3297 3318/3316/3297 3319/3317/3297
f 3297/3286/3298 3296/3313/3298 3311/3318/3298 3312/3319/3298
f 3305/3290/3299 3304/3315/3299 3319/3317/3299 3320/3320/3299
f 3298/3287/3300 3297/3286/3300 3312/3319/3300 3313/3321/3300
f 3306/3291/3301 3305/3290/3301 3320/3320/3301 3321/3322/3301
f 3299/3293/3302 3298/3287/3302 3313/3321/3302 3314/3323/3302
f 3307/3295/3303 3306/3291/3303 3321/3322/3303 3322/3324/3303
f 3300/3297/3304 3299/3293/3304 3314/3323/3304 3315/3325/3304
f 3308/3299/3305 3307/3295/3305 3322/3324/3305 3323/3326/3305
f 3301/3301/3306 3300/3297/3306 3315/3325/3306 3316/3327/3306
f 3294/3304/3307 3609/3328/3307 3309/3329/3307
f 3765/3330/3308 3308/3299/3308 3323/3326/3308
f 3302/3307/3309 3301/3301/3309 3316/3327/3309 3317/3331/3309
f 3295/3309/3310 3294/3304/3310 3309/3329/3310 3310/3332/3310
f 3303/3311/3311 3302/3307/3311 3317/3331/3311 3318/3316/3311
f 3296/3313/3312 3295/3309/3312 3310/3332/3312 3311/3318/3312
f 3323/3326/3313 3322/3324/3313 3337/3333/3313 3338/3334/3313
f 3316/3327/3314 3315/3325/3314 3330/3335/3314 3331/3336/3314
f 3309/3329/3315 3609/3337/3315 3324/3338/3315
f 3765/3339/3316 3323/3326/3316 3338/3334/3316
f 3317/3331/3317 3316/3327/3317 3331/3336/3317 3332/3340/3317
f 3310/3332/3318 3309/3329/3318 3324/3338/3318 3325/3341/3318
f 3318/3316/3319 3317/3331/3319 3332/3340/3319 3333/3342/3319
f 3311/3318/3320 3310/3332/3320 3325/3341/3320 3326/3343/3320
f 3319/3317/3321 3318/3316/3321 3333/3342/3321 3334/3344/3321
f 3312/3319/3322 3311/3318/3322 3326/3343/3322 3327/3345/3322
f 3320/3320/3323 3319/3317/3323 3334/3344/3323 3335/3346/3323
f 3313/3321/3324 3312/3319/3324 3327/3345/3324 3328/3347/3324
f 3321/3322/3325 3320/3320/3325 3335/3346/3325 3336/3348/3325
f 3314/3323/3326 3313/3321/3326 3328/3347/3326 3329/3349/3326
f 3322/3324/3327 3321/3322/3327 3336/3348/3327 3337/3333/3327
f 3315/3325/3328 3314/3323/3328 3329/3349/3328 3330/3335/3328
f 3335/3346/3329 3334/3344/3329 3349/3350/3329 3350/3351/3329
f 3328/3347/3330 3327/3345/3330 3342/3352/3330 3343/3353/3330
f 3336/3348/3331 3335/3346/3331 3350/3351/3331 3351/3354/3331
f 3329/3349/3332 3328/3347/3332 3343/3353/3332 3344/3355/3332
f 3337/3333/3333 3336/3348/3333 3351/3354/3333 3352/3356/3333
f 3330/3335/3334 3329/3349/3334 3344/3355/3334 3345/3357/3334
f 3338/3334/3335 3337/3333/3335 3352/3356/3335 3353/3358/3335
f 3331/3336/3336 3330/3335/3336 3345/3357/3336 3346/3359/3336
f 3324/3338/3337 3609/3360/3337 3339/3361/3337
f 3765/3362/3338 3338/3334/3338 3353/3358/3338
f 3332/3340/3339 3331/3336/3339 3346/3359/3339 3347/3363/3339
f 3325/3341/3340 3324/3338/3340 3339/3361/3340 3340/3364/3340
f 3333/3342/3341 3332/3340/3341 3347/3363/3341 3348/3365/3341
f 3326/3343/3342 3325/3341/3342 3340/3364/3342 3341/3366/3342
f 3334/3344/3343 3333/3342/3343 3348/3365/3343 3349/3350/3343
f 3327/3345/3344 3326/3343/3344 3341/3366/3344 3342/3352/3344
f 3339/3361/3345 3609/3367/3345 3354/3368/3345
f 3765/3369/3346 3353/3358/3346 3368/3370/3346
f 3347/3363/3347 3346/3359/3347 3361/3371/3347 3362/3372/3347
f 3340/3364/3348 3339/3361/3348 3354/3368/3348 3355/3373/3348
f 3348/3365/3349 3347/3363/3349 3362/3372/3349 3363/3374/3349
f 3341/3366/3350 3340/3364/3350 3355/3373/3350 3356/3375/3350
f 3349/3350/3351 3348/3365/3351 3363/3374/3351 3364/3376/3351
f 3342/3352/3352 3341/3366/3352 3356/3375/3352 3357/3377/3352
f 3350/3351/3353 3349/3350/3353 3364/3376/3353 3365/3378/3353
f 3343/3353/3354 3342/3352/3354 3357/3377/3354 3358/3379/3354
f 3351/3354/3355 3350/3351/3355 3365/3378/3355 3366/3380/3355
f 3344/3355/3356 3343/3353/3356 3358/3379/3356 3359/3381/3356
f 3352/3356/3357 3351/3354/3357 3366/3380/3357 3367/3382/3357
f 3345/3357/3358 3344/3355/3358 3359/3381/3358 3360/3383/3358
f 3353/3358/3359 3352/3356/3359 3367/3382/3359 3368/3370/3359
f 3346/3359/3360 3345/3357/3360 3360/3383/3360 3361/3371/3360
f 3358/3379/3361 3357/3377/3361 3372/3384/3361 3373/3385/3361
f 3366/3380/3362 3365/3378/3362 3380/3386/3362 3381/3387/3362
f 3359/3381/3363 3358/3379/3363 3373/3385/3363 3374/3388/3363
f 3367/3382/3364 3366/3380/3364 3381/3387/3364 3382/3389/3364
f 3360/3383/3365 3359/3381/3365 3374/3388/3365 3375/3390/3365
f 3368/3370/3366 3367/3382/3366 3382/3389/3366 3383/3391/3366
f 3361/3371/3367 3360/3383/3367 3375/3390/3367 3376/3392/3367
f 3354/3368/3368 3609/3393/3368 3369/3394/3368
f 3765/3395/3369 3368/3370/3369 3383/3391/3369
f 3362/3372/3370 3361/3371/3370 3376/3392/3370 3377/3396/3370
f 3355/3373/3371 3354/3368/3371 3369/3394/3371 3370/3397/3371
f 3363/3374/3372 3362/3372/3372 3377/3396/3372 3378/3398/3372
f 3356/3375/3373 3355/3373/3373 3370/3397/3373 3371/3399/3373
f 3364/3376/3374 3363/3374/3374 3378/3398/3374 3379/3400/3374
f 3357/3377/3375 3356/3375/3375 3371/3399/3375 3372/3384/3375
f 3365/3378/3376 3364/3376/3376 3379/3400/3376 3380/3386/3376
f 3377/3396/3377 3376/3392/3377 3391/3401/3377 3392/3402/3377
f 3370/3397/3378 3369/3394/3378 3384/3403/3378 3385/3404/3378
f 3378/3398/3379 3377/3396/3379 3392/3402/3379 3393/3405/3379
f 3371/3399/3380 3370/3397/3380 3385/3404/3380 3386/3406/3380
f 3379/3400/3381 3378/3398/3381 3393/3405/3381 3394/3407/3381
f 3372/3384/3382 3371/3399/3382 3386/3406/3382 3387/3408/3382
f 3380/3386/3383 3379/3400/3383 3394/3407/3383 3395/3409/3383
f 3373/3385/3384 3372/3384/3384 3387/3408/3384 3388/3410/3384
f 3381/3387/3385 3380/3386/3385 3395/3409/3385 3396/3411/3385
f 3374/3388/3386 3373/3385/3386 3388/3410/3386 3389/3412/3386
f 3382/3389/3387 3381/3387/3387 3396/3411/3387 3397/3413/3387
f 3375/3390/3388 3374/3388/3388 3389/3412/3388 3390/3414/3388
f 3383/3391/3389 3382/3389/3389 3397/3413/3389 3398/3415/3389
f 3376/3392/3390 3375/3390/3390 3390/3414/3390 3391/3401/3390
f 3369/3394/3391 3609/3416/3391 3384/3403/3391
f 3765/3417/3392 3383/3391/3392 3398/3415/3392
f 3396/3411/3393 3395/3409/3393 3410/3418/3393 3411/3419/3393
f 3389/3412/3394 3388/3410/3394 3403/3420/3394 3404/3421/3394
f 3397/3413/3395 3396/3411/3395 3411/3419/3395 3412/3422/3395
f 3390/3414/3396 3389/3412/3396 3404/3421/3396 3405/3423/3396
f 3398/3415/3397 3397/3413/3397 3412/3422/3397 3413/3424/3397
f 3391/3401/3398 3390/3414/3398 3405/3423/3398 3406/3425/3398
f 3384/3403/3399 3609/3426/3399 3399/3427/3399
f 3765/3428/3400 3398/3415/3400 3413/3424/3400
f 3392/3402/3401 3391/3401/3401 3406/3425/3401 3407/3429/3401
f 3385/3404/3402 3384/3403/3402 3399/3427/3402 3400/3430/3402
f 3393/3405/3403 3392/3402/3403 3407/3429/3403 3408/3431/3403
f 3386/3406/3404 3385/3404/3404 3400/3430/3404 3401/3432/3404
f 3394/3407/3405 3393/3405/3405 3408/3431/3405 3409/3433/3405
f 3387/3408/3406 3386/3406/3406 3401/3432/3406 3402/3434/3406
f 3395/3409/3407 3394/3407/3407 3409/3433/3407 3410/3418/3407
f 3388/3410/3408 3387/3408/3408 3402/3434/3408 3403/3420/3408
f 3400/3430/3409 3399/3427/3409 3414/3435/3409 3415/3436/3409
f 3408/3431/3410 3407/3429/3410 3422/3437/3410 3423/3438/3410
f 3401/3432/3411 3400/3430/3411 3415/3436/3411 3416/3439/3411
f 3409/3433/3412 3408/3431/3412 3423/3438/3412 3424/3440/3412
f 3402/3434/3413 3401/3432/3413 3416/3439/3413 3417/3441/3413
f 3410/3418/3414 3409/3433/3414 3424/3440/3414 3425/3442/3414
f 3403/3420/3415 3402/3434/3415 3417/3441/3415 3418/3443/3415
f 3411/3419/3416 3410/3418/3416 3425/3442/3416 3426/3444/3416
f 3404/3421/3417 3403/3420/3417 3418/3443/3417 3419/3445/3417
f 3412/3422/3418 3411/3419/3418 3426/3444/3418 3427/3446/3418
f 3405/3423/3419 3404/3421/3419 3419/3445/3419 3420/3447/3419
f 3413/3424/3420 3412/3422/3420 3427/3446/3420 3428/3448/3420
f 3406/3425/3421 3405/3423/3421 3420/3447/3421 3421/3449/3421
f 3399/3427/3422 3609/3450/3422 3414/3435/3422
f 3765/3451/3423 3413/3424/3423 3428/3448/3423
f 3407/3429/3424 3406/3425/3424 3421/3449/3424 3422/3437/3424
f 3419/3445/3425 3418/3443/3425 3433/3452/3425 3434/3453/3425
f 3427/3446/3426 3426/3444/3426 3441/3454/3426 3442/3455/3426
f 3420/3447/3427 3419/3445/3427 3434/3453/3427 3435/3456/3427
f 3428/3448/3428 3427/3446/3428 3442/3455/3428 3443/3457/3428
f 3421/3449/3429 3420/3447/3429 3435/3456/3429 3436/3458/3429
f 3414/3435/3430 3609/3459/3430 3429/3460/3430
f 3765/3461/3431 3428/3448/3431 3443/3457/3431
f 3422/3437/3432 3421/3449/3432 3436/3458/3432 3437/3462/3432
f 3415/3436/3433 3414/3435/3433 3429/3460/3433 3430/3463/3433
f 3423/3438/3434 3422/3437/3434 3437/3462/3434 3438/3464/3434
f 3416/3439/3435 3415/3436/3435 3430/3463/3435 3431/3465/3435
f 3424/3440/3436 3423/3438/3436 3438/3464/3436 3439/3466/3436
f 3417/3441/3437 3416/3439/3437 3431/3465/3437 3432/3467/3437
f 3425/3442/3438 3424/3440/3438 3439/3466/3438 3440/3468/3438
f 3418/3443/3439 3417/3441/3439 3432/3467/3439 3433/3452/3439
f 3426/3444/3440 3425/3442/3440 3440/3468/3440 3441/3454/3440
f 3438/3464/3441 3437/3462/3441 3452/3469/3441 3453/3470/3441
f 3431/3465/3442 3430/3463/3442 3445/3471/3442 3446/3472/3442
f 3439/3466/3443 3438/3464/3443 3453/3470/3443 3454/3473/3443
f 3432/3467/3444 3431/3465/3444 3446/3472/3444 3447/3474/3444
f 3440/3468/3445 3439/3466/3445 3454/3473/3445 3455/3475/3445
f 3433/3452/3446 3432/3467/3446 3447/3474/3446 3448/3476/3446
f 3441/3454/3447 3440/3468/3447 3455/3475/3447 3456/3477/3447
f 3434/3453/3448 3433/3452/3448 3448/3476/3448 3449/3478/3448
f 3442/3455/3449 3441/3454/3449 3456/3477/3449 3457/3479/3449
f 3435/3456/3450 3434/3453/3450 3449/3478/3450 3450/3480/3450
f 3443/3457/3451 3442/3455/3451 3457/3479/3451 3458/3481/3451
f 3436/3458/3452 3435/3456/3452 3450/3480/3452 3451/3482/3452
f 3429/3460/3453 3609/3483/3453 3444/3484/3453
f 3765/3485/3454 3443/3457/3454 3458/3481/3454
f 3437/3462/3455 3436/3458/3455 3451/3482/3455 3452/3469/3455
f 3430/3463/3456 3429/3460/3456 3444/3484/3456 3445/3471/3456
f 3457/3479/3457 3456/3477/3457 3471/3486/3457 3472/3487/3457
f 3450/3480/3458 3449/3478/3458 3464/3488/3458 3465/3489/3458
f 3458/3481/3459 3457/3479/3459 3472/3487/3459 3473/3490/3459
f 3451/3482/3460 3450/3480/3460 3465/3489/3460 3466/3491/3460
f 3444/3484/3461 3609/3492/3461 3459/3493/3461
f 3765/3494/3462 3458/3481/3462 3473/3490/3462
f 3452/3469/3463 3451/3482/3463 3466/3491/3463 3467/3495/3463
f 3445/3471/3464 3444/3484/3464 3459/3493/3464 3460/3496/3464
f 3453/3470/3465 3452/3469/3465 3467/3495/3465 3468/3497/3465
f 3446/3472/3466 3445/3471/3466 3460/3496/3466 3461/3498/3466
f 3454/3473/3467 3453/3470/3467 3468/3497/3467 3469/3499/3467
f 3447/3474/3468 3446/3472/3468 3461/3498/3468 3462/3500/3468
f 3455/3475/3469 3454/3473/3469 3469/3499/3469 3470/3501/3469
f 3448/3476/3470 3447/3474/3470 3462/3500/3470 3463/3502/3470
f 3456/3477/3471 3455/3475/3471 3470/3501/3471 3471/3486/3471
f 3449/3478/3472 3448/3476/3472 3463/3502/3472 3464/3488/3472
f 3469/3499/3473 3468/3497/3473 3483/3503/3473 3484/3504/3473
f 3462/3500/3474 3461/3498/3474 3476/3505/3474 3477/3506/3474
f 3470/3501/3475 3469/3499/3475 3484/3504/3475 3485/3507/3475
f 3463/3502/3476 3462/3500/3476 3477/3506/3476 3478/3508/3476
f 3471/3486/3477 3470/3501/3477 3485/3507/3477 3486/3509/3477
f 3464/3488/3478 3463/3502/3478 3478/3508/3478 3479/3510/3478
f 3472/3487/3479 3471/3486/3479 3486/3509/3479 3487/3511/3479
f 3465/3489/3480 3464/3488/3480 3479/3510/3480 3480/3512/3480
f 3473/3490/3481 3472/3487/3481 3487/3511/3481 3488/3513/3481
f 3466/3491/3482 3465/3489/3482 3480/3512/3482 3481/3514/3482
f 3459/3493/3483 3609/3515/3483 3474/3516/3483
f 3765/3517/3484 3473/3490/3484 3488/3513/3484
f 3467/3495/3485 3466/3491/3485 3481/3514/3485 3482/3518/3485
f 3460/3496/3486 3459/3493/3486 3474/3516/3486 3475/3519/3486
f 3468/3497/3487 3467/3495/3487 3482/3518/3487 3483/3503/3487
f 3461/3498/3488 3460/3496/3488 3475/3519/3488 3476/3505/3488
f 3488/3513/3489 3487/3511/3489 3502/3520/3489 3503/3521/3489
f 3481/3514/3490 3480/3512/3490 3495/3522/3490 3496/3523/3490
f 3474/3516/3491 3609/3524/3491 3489/3525/3491
f 3765/3526/3492 3488/3513/3492 3503/3521/3492
f 3482/3518/3493 3481/3514/3493 3496/3523/3493 3497/3527/3493
f 3475/3519/3494 3474/3516/3494 3489/3525/3494 3490/3528/3494
f 3483/3503/3495 3482/3518/3495 3497/3527/3495 3498/3529/3495
f 3476/3505/3496 3475/3519/3496 3490/3528/3496 3491/3530/3496
f 3484/3504/3497 3483/3503/3497 3498/3529/3497 3499/3531/3497
f 3477/3506/3498 3476/3505/3498 3491/3530/3498 3492/3532/3498
f 3485/3507/3499 3484/3504/3499 3499/3531/3499 3500/3533/3499
f 3478/3508/3500 3477/3506/3500 3492/3532/3500 3493/3534/3500
f 3486/3509/3501 3485/3507/3501 3500/3533/3501 3501/3535/3501
f 3479/3510/3502 3478/3508/3502 3493/3534/3502 3494/3536/3502
f 3487/3511/3503 3486/3509/3503 3501/3535/3503 3502/3520/3503
f 3480/3512/3504 3479/3510/3504 3494/3536/3504 3495/3522/3504
f 3492/3532/3505 3491/3530/3505 3506/3537/3505 3507/3538/3505
f 3500/3533/3506 3499/3531/3506 3514/3539/3506 3515/3540/3506
f 3493/3534/3507 3492/3532/3507 3507/3538/3507 3508/3541/3507
f 3501/3535/3508 3500/3533/3508 3515/3540/3508 3516/3542/3508
f 3494/3536/3509 3493/3534/3509 3508/3541/3509 3509/3543/3509
f 3502/3520/3510 3501/3535/3510 3516/3542/3510 3517/3544/3510
f 3495/3522/3511 3494/3536/3511 3509/3543/3511 3510/3545/3511
f 3503/3521/3512 3502/3520/3512 3517/3544/3512 3518/3546/3512
f 3496/3523/3513 3495/3522/3513 3510/3545/3513 3511/3547/3513
f 3489/3525/3514 3609/3548/3514 3504/3549/3514
f 3765/3550/3515 3503/3521/3515 3518/3546/3515
f 3497/3527/3516 3496/3523/3516 3511/3547/3516 3512/3551/3516
f 3490/3528/3517 3489/3525/3517 3504/3549/3517 3505/3552/3517
f 3498/3529/3518 3497/3527/3518 3512/3551/3518 3513/3553/3518
f 3491/3530/3519 3490/3528/3519 3505/3552/3519 3506/3537/3519
f 3499/3531/3520 3498/3529/3520 3513/3553/3520 3514/3539/3520
f 3511/3547/3521 3510/3545/3521 3525/3554/3521 3526/3555/3521
f 3504/3549/3522 3609/3556/3522 3519/3557/3522
f 3765/3558/3523 3518/3546/3523 3533/3559/3523
f 3512/3551/3524 3511/3547/3524 3526/3555/3524 3527/3560/3524
f 3505/3552/3525 3504/3549/3525 3519/3557/3525 3520/3561/3525
f 3513/3553/3526 3512/3551/3526 3527/3560/3526 3528/3562/3526
f 3506/3537/3527 3505/3552/3527 3520/3561/3527 3521/3563/3527
f 3514/3539/3528 3513/3553/3528 3528/3562/3528 3529/3564/3528
f 3507/3538/3529 3506/3537/3529 3521/3563/3529 3522/3565/3529
f 3515/3540/3530 3514/3539/3530 3529/3564/3530 3530/3566/3530
f 3508/3541/3531 3507/3538/3531 3522/3565/3531 3523/3567/3531
f 3516/3542/3532 3515/3540/3532 3530/3566/3532 3531/3568/3532
f 3509/3543/3533 3508/3541/3533 3523/3567/3533 3524/3569/3533
f 3517/3544/3534 3516/3542/3534 3531/3568/3534 3532/3570/3534
f 3510/3545/3535 3509/3543/3535 3524/3569/3535 3525/3554/3535
f 3518/3546/3536 3517/3544/3536 3532/3570/3536 3533/3559/3536
f 3530/3566/3537 3529/3564/3537 3544/3571/3537 3545/3572/3537
f 3523/3567/3538 3522/3565/3538 3537/3573/3538 3538/3574/3538
f 3531/3568/3539 3530/3566/3539 3545/3572/3539 3546/3575/3539
f 3524/3569/3540 3523/3567/3540 3538/3574/3540 3539/3576/3540
f 3532/3570/3541 3531/3568/3541 3546/3575/3541 3547/3577/3541
f 3525/3554/3542 3524/3569/3542 3539/3576/3542 3540/3578/3542
f 3533/3559/3543 3532/3570/3543 3547/3577/3543 3548/3579/3543
f 3526/3555/3544 3525/3554/3544 3540/3578/3544 3541/3580/3544
f 3519/3557/3545 3609/3581/3545 3534/3582/3545
f 3765/3583/3546 3533/3559/3546 3548/3579/3546
f 3527/3560/3547 3526/3555/3547 3541/3580/3547 3542/3584/3547
f 3520/3561/3548 3519/3557/3548 3534/3582/3548 3535/3585/3548
f 3528/3562/3549 3527/3560/3549 3542/3584/3549 3543/3586/3549
f 3521/3563/3550 3520/3561/3550 3535/3585/3550 3536/3587/3550
f 3529/3564/3551 3528/3562/3551 3543/3586/3551 3544/3571/3551
f 3522/3565/3552 3521/3563/3552 3536/3587/3552 3537/3573/3552
f 3534/3582/3553 3609/3588/3553 3549/3589/3553
f 3765/3590/3554 3548/3579/3554 3563/3591/3554
f 3542/3584/3555 3541/3580/3555 3556/3592/3555 3557/3593/3555
f 3535/3585/3556 3534/3582/3556 3549/3589/3556 3550/3594/3556
f 3543/3586/3557 3542/3584/3557 3557/3593/3557 3558/3595/3557
f 3536/3587/3558 3535/3585/3558 3550/3594/3558 3551/3596/3558
f 3544/3571/3559 3543/3586/3559 3558/3595/3559 3559/3597/3559
f 3537/3573/3560 3536/3587/3560 3551/3596/3560 3552/3598/3560
f 3545/3572/3561 3544/3571/3561 3559/3597/3561 3560/3599/3561
f 3538/3574/3562 3537/3573/3562 3552/3598/3562 3553/3600/3562
f 3546/3575/3563 3545/3572/3563 3560/3599/3563 3561/3601/3563
f 3539/3576/3564 3538/3574/3564 3553/3600/3564 3554/3602/3564
f 3547/3577/3565 3546/3575/3565 3561/3601/3565 3562/3603/3565
f 3540/3578/3566 3539/3576/3566 3554/3602/3566 3555/3604/3566
f 3548/3579/3567 3547/3577/3567 3562/3603/3567 3563/3591/3567
f 3541/3580/3568 3540/3578/3568 3555/3604/3568 3556/3592/3568
f 3553/3600/3569 3552/3598/3569 3567/3605/3569 3568/3606/3569
f 3561/3601/3570 3560/3599/3570 3575/3607/3570 3576/3608/3570
f 3554/3602/3571 3553/3600/3571 3568/3606/3571 3569/3609/3571
f 3562/3603/3572 3561/3601/3572 3576/3608/3572 3577/3610/3572
f 3555/3604/3573 3554/3602/3573 3569/3609/3573 3570/3611/3573
f 3563/3591/3574 3562/3603/3574 3577/3610/3574 3578/3612/3574
f 3556/3592/3575 3555/3604/3575 3570/3611/3575 3571/3613/3575
f 3549/3589/3576 3609/3614/3576 3564/3615/3576
f 3765/3616/3577 3563/3591/3577 3578/3612/3577
f 3557/3593/3578 3556/3592/3578 3571/3613/3578 3572/3617/3578
f 3550/3594/3579 3549/3589/3579 3564/3615/3579 3565/3618/3579
f 3558/3595/3580 3557/3593/3580 3572/3617/3580 3573/3619/3580
f 3551/3596/3581 3550/3594/3581 3565/3618/3581 3566/3620/3581
f 3559/3597/3582 3558/3595/3582 3573/3619/3582 3574/3621/3582
f 3552/3598/3583 3551/3596/3583 3566/3620/3583 3567/3605/3583
f 3560/3599/3584 3559/3597/3584 3574/3621/3584 3575/3607/3584
f 3572/3617/3585 3571/3613/3585 3586/3622/3585 3587/3623/3585
f 3565/3618/3586 3564/3615/3586 3579/3624/3586 3580/3625/3586
f 3573/3619/3587 3572/3617/3587 3587/3623/3587 3588/3626/3587
f 3566/3620/3588 3565/3618/3588 3580/3625/3588 3581/3627/3588
f 3574/3621/3589 3573/3619/3589 3588/3626/3589 3589/3628/3589
f 3567/3605/3590 3566/3620/3590 3581/3627/3590 3582/3629/3590
f 3575/3607/3591 3574/3621/3591 3589/3628/3591 3590/3630/3591
f 3568/3606/3592 3567/3605/3592 3582/3629/3592 3583/3631/3592
f 3576/3608/3593 3575/3607/3593 3590/3630/3593 3591/3632/3593
f 3569/3609/3594 3568/3606/3594 3583/3631/3594 3584/3633/3594
f 3577/3610/3595 3576/3608/3595 3591/3632/3595 3592/3634/3595
f 3570/3611/3596 3569/3609/3596 3584/3633/3596 3585/3635/3596
f 3578/3612/3597 3577/3610/3597 3592/3634/3597 3593/3636/3597
f 3571/3613/3598 3570/3611/3598 3585/3635/3598 3586/3622/3598
f 3564/3615/3599 3609/3637/3599 3579/3624/3599
f 3765/3638/3600 3578/3612/3600 3593/3636/3600
f 3591/3632/3601 3590/3630/3601 3605/3639/3601 3606/3640/3601
f 3584/3633/3602 3583/3631/3602 3598/3641/3602 3599/3642/3602
f 3592/3634/3603 3591/3632/3603 3606/3640/3603 3607/3643/3603
f 3585/3635/3604 3584/3633/3604 3599/3642/3604 3600/3644/3604
f 3593/3636/3605 3592/3634/3605 3607/3643/3605 3608/3645/3605
f 3586/3622/3606 3585/3635/3606 3600/3644/3606 3601/3646/3606
f 3579/3624/3607 3609/3647/3607 3594/3648/3607
f 3765/3649/3608 3593/3636/3608 3608/3645/3608
f 3587/3623/3609 3586/3622/3609 3601/3646/3609 3602/3650/3609
f 3580/3625/3610 3579/3624/3610 3594/3648/3610 3595/3651/3610
f 3588/3626/3611 3587/3623/3611 3602/3650/3611 3603/3652/3611
f 3581/3627/3612 3580/3625/3612 3595/3651/3612 3596/3653/3612
f 3589/3628/3613 3588/3626/3613 3603/3652/3613 3604/3654/3613
f 3582/3629/3614 3581/3627/3614 3596/3653/3614 3597/3655/3614
f 3590/3630/3615 3589/3628/3615 3604/3654/3615 3605/3639/3615
f 3583/3631/3616 3582/3629/3616 3597/3655/3616 3598/3641/3616
f 3603/3652/3617 3602/3650/3617 3618/3656/3617 3619/3657/3617
f 3596/3653/3618 3595/3651/3618 3611/3658/3618 3612/3659/3618
f 3604/3654/3619 3603/3652/3619 3619/3657/3619 3620/3660/3619
f 3597/3655/3620 3596/3653/3620 3612/3659/3620 3613/3661/3620
f 3605/3639/3621 3604/3654/3621 3620/3660/3621 3621/3662/3621
f 3598/3641/3622 3597/3655/3622 3613/3661/3622 3614/3663/3622
f 3606/3640/3623 3605/3639/3623 3621/3662/3623 3622/3664/3623
f 3599/3642/3624 3598/3641/3624 3614/3663/3624 3615/3665/3624
f 3607/3643/3625 3606/3640/3625 3622/3664/3625 3623/3666/3625
f 3600/3644/3626 3599/3642/3626 3615/3665/3626 3616/3667/3626
f 3608/3645/3627 3607/3643/3627 3623/3666/3627 3624/3668/3627
f 3601/3646/3628 3600/3644/3628 3616/3667/3628 3617/3669/3628
f 3594/3648/3629 3609/3670/3629 3610/3671/3629
f 3765/3672/3630 3608/3645/3630 3624/3668/3630
f 3602/3650/3631 3601/3646/3631 3617/3669/3631 3618/3656/3631
f 3595/3651/3632 3594/3648/3632 3610/3671/3632 3611/3658/3632
f 3623/3666/3633 3622/3664/3633 3637/3673/3633 3638/3674/3633
f 3616/3667/3634 3615/3665/3634 3630/3675/3634 3631/3676/3634
f 3624/3668/3635 3623/3666/3635 3638/3674/3635 3639/3677/3635
f 3617/3669/3636 3616/3667/3636 3631/3676/3636 3632/3678/3636
f 3610/3671/3637 3609/3679/3637 3625/3680/3637
f 3765/3681/3638 3624/3668/3638 3639/3677/3638
f 3618/3656/3639 3617/3669/3639 3632/3678/3639 3633/3682/3639
f 3611/3658/3640 3610/3671/3640 3625/3680/3640 3626/3683/3640
f 3619/3657/3641 3618/3656/3641 3633/3682/3641 3634/3684/3641
f 3612/3659/3642 3611/3658/3642 3626/3683/3642 3627/3685/3642
f 3620/3660/3643 3619/3657/3643 3634/3684/3643 3635/3686/3643
f 3613/3661/3644 3612/3659/3644 3627/3685/3644 3628/3687/3644
f 3621/3662/3645 3620/3660/3645 3635/3686/3645 3636/3688/3645
f 3614/3663/3646 3613/3661/3646 3628/3687/3646 3629/3689/3646
f 3622/3664/3647 3621/3662/3647 3636/3688/3647 3637/3673/3647
f 3615/3665/3648 3614/3663/3648 3629/3689/3648 3630/3675/3648
f 3627/3685/3649 3626/3683/3649 3641/3690/3649 3642/3691/3649
f 3635/3686/3650 3634/3684/3650 3649/3692/3650 3650/3693/3650
f 3628/3687/3651 3627/3685/3651 3642/3691/3651 3643/3694/3651
f 3636/3688/3652 3635/3686/3652 3650/3693/3652 3651/3695/3652
f 3629/3689/3653 3628/3687/3653 3643/3694/3653 3644/3696/3653
f 3637/3673/3654 3636/3688/3654 3651/3695/3654 3652/3697/3654
f 3630/3675/3655 3629/3689/3655 3644/3696/3655 3645/3698/3655
f 3638/3674/3656 3637/3673/3656 3652/3697/3656 3653/3699/3656
f 3631/3676/3657 3630/3675/3657 3645/3698/3657 3646/3700/3657
f 3639/3677/3658 3638/3674/3658 3653/3699/3658 3654/3701/3658
f 3632/3678/3659 3631/3676/3659 3646/3700/3659 3647/3702/3659
f 3625/3680/3660 3609/3703/3660 3640/3704/3660
f 3765/3705/3661 3639/3677/3661 3654/3701/3661
f 3633/3682/3662 3632/3678/3662 3647/3702/3662 3648/3706/3662
f 3626/3683/3663 3625/3680/3663 3640/3704/3663 3641/3690/3663
f 3634/3684/3664 3633/3682/3664 3648/3706/3664 3649/3692/3664
f 3646/3707/3665 3645/3708/3665 3660/3709/3665 3661/3710/3665
f 3654/3711/3666 3653/3712/3666 3668/3713/3666 3669/3714/3666
f 3647/3715/3667 3646/3707/3667 3661/3710/3667 3662/3716/3667
f 3640/3717/3668 3609/3718/3668 3655/3719/3668
f 3765/3720/3669 3654/3711/3669 3669/3714/3669
f 3648/3721/3670 3647/3715/3670 3662/3716/3670 3663/3722/3670
f 3641/3723/3671 3640/3717/3671 3655/3719/3671 3656/3724/3671
f 3649/3725/3672 3648/3721/3672 3663/3722/3672 3664/3726/3672
f 3642/3727/3673 3641/3723/3673 3656/3724/3673 3657/3728/3673
f 3650/3729/3674 3649/3725/3674 3664/3726/3674 3665/3730/3674
f 3643/3731/3675 3642/3727/3675 3657/3728/3675 3658/3732/3675
f 3651/3733/3676 3650/3729/3676 3665/3730/3676 3666/3734/3676
f 3644/3735/3677 3643/3731/3677 3658/3732/3677 3659/3736/3677
f 3652/3737/3678 3651/3733/3678 3666/3734/3678 3667/3738/3678
f 3645/3708/3679 3644/3735/3679 3659/3736/3679 3660/3709/3679
f 3653/3712/3680 3652/3737/3680 3667/3738/3680 3668/3713/3680
f 3665/3730/3681 3664/3726/3681 3679/3739/3681 3680/3740/3681
f 3658/3732/3682 3657/3728/3682 3672/3741/3682 3673/3742/3682
f 3666/3734/3683 3665/3730/3683 3680/3740/3683 3681/3743/3683
f 3659/3736/3684 3658/3732/3684 3673/3742/3684 3674/3744/3684
f 3667/3738/3685 3666/3734/3685 3681/3743/3685 3682/3745/3685
f 3660/3709/3686 3659/3736/3686 3674/3744/3686 3675/3746/3686
f 3668/3713/3687 3667/3738/3687 3682/3745/3687 3683/3747/3687
f 3661/3710/3688 3660/3709/3688 3675/3746/3688 3676/3748/3688
f 3669/3714/3689 3668/3713/3689 3683/3747/3689 3684/3749/3689
f 3662/3716/3690 3661/3710/3690 3676/3748/3690 3677/3750/3690
f 3655/3719/3691 3609/3751/3691 3670/3752/3691
f 3765/3753/3692 3669/3714/3692 3684/3749/3692
f 3663/3722/3693 3662/3716/3693 3677/3750/3693 3678/3754/3693
f 3656/3724/3694 3655/3719/3694 3670/3752/3694 3671/3755/3694
f 3664/3726/3695 3663/3722/3695 3678/3754/3695 3679/3739/3695
f 3657/3728/3696 3656/3724/3696 3671/3755/3696 3672/3741/3696
f 3684/3749/3697 3683/3747/3697 3698/3756/3697 3699/3757/3697
f 3677/3750/3698 3676/3748/3698 3691/3758/3698 3692/3759/3698
f 3670/3752/3699 3609/3760/3699 3685/3761/3699
f 3765/3762/3700 3684/3749/3700 3699/3757/3700
f 3678/3754/3701 3677/3750/3701 3692/3759/3701 3693/3763/3701
f 3671/3755/3702 3670/3752/3702 3685/3761/3702 3686/3764/3702
f 3679/3739/3703 3678/3754/3703 3693/3763/3703 3694/3765/3703
f 3672/3741/3704 3671/3755/3704 3686/3764/3704 3687/3766/3704
f 3680/3740/3705 3679/3739/3705 3694/3765/3705 3695/3767/3705
f 3673/3742/3706 3672/3741/3706 3687/3766/3706 3688/3768/3706
f 3681/3743/3707 3680/3740/3707 3695/3767/3707 3696/3769/3707
f 3674/3744/3708 3673/3742/3708 3688/3768/3708 3689/3770/3708
f 3682/3745/3709 3681/3743/3709 3696/3769/3709 3697/3771/3709
f 3675/3746/3710 3674/3744/3710 3689/3770/3710 3690/3772/3710
f 3683/3747/3711 3682/3745/3711 3697/3771/3711 3698/3756/3711
f 3676/3748/3712 3675/3746/3712 3690/3772/3712 3691/3758/3712
f 3688/3768/3713 3687/3766/3713 3702/3773/3713 3703/3774/3713
f 3696/3769/3714 3695/3767/3714 3710/3775/3714 3711/3776/3714
f 3689/3770/3715 3688/3768/3715 3703/3774/3715 3704/3777/3715
f 3697/3771/3716 3696/3769/3716 3711/3776/3716 3712/3778/3716
f 3690/3772/3717 3689/3770/3717 3704/3777/3717 3705/3779/3717
f 3698/3756/3718 3697/3771/3718 3712/3778/3718 3713/3780/3718
f 3691/3758/3719 3690/3772/3719 3705/3779/3719 3706/3781/3719
f 3699/3757/3720 3698/3756/3720 3713/3780/3720 3714/3782/3720
f 3692/3759/3721 3691/3758/3721 3706/3781/3721 3707/3783/3721
f 3685/3761/3722 3609/3784/3722 3700/3785/3722
f 3765/3786/3723 3699/3757/3723 3714/3782/3723
f 3693/3763/3724 3692/3759/3724 3707/3783/3724 3708/3787/3724
f 3686/3764/3725 3685/3761/3725 3700/3785/3725 3701/3788/3725
f 3694/3765/3726 3693/3763/3726 3708/3787/3726 3709/3789/3726
f 3687/3766/3727 3686/3764/3727 3701/3788/3727 3702/3773/3727
f 3695/3767/3728 3694/3765/3728 3709/3789/3728 3710/3775/3728
f 3707/3783/3729 3706/3781/3729 3721/3790/3729 3722/3791/3729
f 3700/3785/3730 3609/3792/3730 3715/3793/3730
f 3765/3794/3731 3714/3782/3731 3729/3795/3731
f 3708/3787/3732 3707/3783/3732 3722/3791/3732 3723/3796/3732
f 3701/3788/3733 3700/3785/3733 3715/3793/3733 3716/3797/3733
f 3709/3789/3734 3708/3787/3734 3723/3796/3734 3724/3798/3734
f 3702/3773/3735 3701/3788/3735 3716/3797/3735 3717/3799/3735
f 3710/3775/3736 3709/3789/3736 3724/3798/3736 3725/3800/3736
f 3703/3774/3737 3702/3773/3737 3717/3799/3737 3718/3801/3737
f 3711/3776/3738 3710/3775/3738 3725/3800/3738 3726/3802/3738
f 3704/3777/3739 3703/3774/3739 3718/3801/3739 3719/3803/3739
f 3712/3778/3740 3711/3776/3740 3726/3802/3740 3727/3804/3740
f 3705/3779/3741 3704/3777/3741 3719/3803/3741 3720/3805/3741
f 3713/3780/3742 3712/3778/3742 3727/3804/3742 3728/3806/3742
f 3706/3781/3743 3705/3779/3743 3720/3805/3743 3721/3790/3743
f 3714/3782/3744 3713/3780/3744 3728/3806/3744 3729/3795/3744
f 3726/3802/3745 3725/3800/3745 3740/3807/3745 3741/3808/3745
f 3719/3803/3746 3718/3801/3746 3733/3809/3746 3734/3810/3746
f 3727/3804/3747 3726/3802/3747 3741/3808/3747 3742/3811/3747
f 3720/3805/3748 3719/3803/3748 3734/3810/3748 3735/3812/3748
f 3728/3806/3749 3727/3804/3749 3742/3811/3749 3743/3813/3749
f 3721/3790/3750 3720/3805/3750 3735/3812/3750 3736/3814/3750
f 3729/3795/3751 3728/3806/3751 3743/3813/3751 3744/3815/3751
f 3722/3791/3752 3721/3790/3752 3736/3814/3752 3737/3816/3752
f 3715/3793/3753 3609/3817/3753 3730/3818/3753
f 3765/3819/3754 3729/3795/3754 3744/3815/3754
f 3723/3796/3755 3722/3791/3755 3737/3816/3755 3738/3820/3755
f 3716/3797/3756 3715/3793/3756 3730/3818/3756 3731/3821/3756
f 3724/3798/3757 3723/3796/3757 3738/3820/3757 3739/3822/3757
f 3717/3799/3758 3716/3797/3758 3731/3821/3758 3732/3823/3758
f 3725/3800/3759 3724/3798/3759 3739/3822/3759 3740/3807/3759
f 3718/3801/3760 3717/3799/3760 3732/3823/3760 3733/3809/3760
f 3765/3824/3761 3744/3815/3761 3759/3825/3761
f 3738/3820/3762 3737/3816/3762 3752/3826/3762 3753/3827/3762
f 3731/3821/3763 3730/3818/3763 3745/3828/3763 3746/3829/3763
f 3739/3822/3764 3738/3820/3764 3753/3827/3764 3754/3830/3764
f 3732/3823/3765 3731/3821/3765 3746/3829/3765 3747/3831/3765
f 3740/3807/3766 3739/3822/3766 3754/3830/3766 3755/3832/3766
f 3733/3809/3767 3732/3823/3767 3747/3831/3767 3748/3833/3767
f 3741/3808/3768 3740/3807/3768 3755/3832/3768 3756/3834/3768
f 3734/3810/3769 3733/3809/3769 3748/3833/3769 3749/3835/3769
f 3742/3811/3770 3741/3808/3770 3756/3834/3770 3757/3836/3770
f 3735/3812/3771 3734/3810/3771 3749/3835/3771 3750/3837/3771
f 3743/3813/3772 3742/3811/3772 3757/3836/3772 3758/3838/3772
f 3736/3814/3773 3735/3812/3773 3750/3837/3773 3751/3839/3773
f 3744/3815/3774 3743/3813/3774 3758/3838/3774 3759/3825/3774
f 3737/3816/3775 3736/3814/3775 3751/3839/3775 3752/3826/3775
f 3730/3818/3776 3609/3840/3776 3745/3828/3776
f 3757/3836/3777 3756/3834/3777 3292/3289/3777 3293/3288/3777
f 3750/3837/3778 3749/3835/3778 3288/3284/3778 3289/3292/3778
f 3758/3838/3779 3757/3836/3779 3293/3288/3779 3763/3294/3779
f 3751/3839/3780 3750/3837/3780 3289/3292/3780 3290/3296/3780
f 3759/3825/3781 3758/3838/3781 3763/3294/3781 3764/3298/3781
f 3752/3826/3782 3751/3839/3782 3290/3296/3782 3760/3300/3782
f 3745/3828/3783 3609/3841/3783 3284/3302/3783
f 3765/3842/3784 3759/3825/3784 3764/3298/3784
f 3753/3827/3785 3752/3826/3785 3760/3300/3785 3761/3306/3785
f 3746/3829/3786 3745/3828/3786 3284/3302/3786 3285/3308/3786
f 3754/3830/3787 3753/3827/3787 3761/3306/3787 3762/3310/3787
f 3747/3831/3788 3746/3829/3788 3285/3308/3788 3286/3312/3788
f 3755/3832/3789 3754/3830/3789 3762/3310/3789 3291/3314/3789
f 3748/3833/3790 3747/3831/3790 3286/3312/3790 3287/3285/3790
f 3756/3834/3791 3755/3832/3791 3291/3314/3791 3292/3289/3791
f 3749/3835/3792 3748/3833/3792 3287/3285/3792 3288/3284/3792
o Sphere.002
v -0.127551 0.359391 1.780945
v -0.132936 0.359391 1.786900
v -0.139380 0.359391 1.791690
v -0.146634 0.359391 1.795131
v -0.154420 0.359391 1.797091
v -0.162439 0.359391 1.797494
v -0.170383 0.359391 1.796325
v -0.195582 0.359391 1.777680
v -0.199023 0.359391 1.770426
v -0.200983 0.359391 1.762640
v -0.127486 0.360950 1.780806
v -0.132808 0.362449 1.786628
v -0.139194 0.363830 1.791295
v -0.146397 0.365041 1.794628
v -0.154141 0.366035 1.796499
v -0.162129 0.366773 1.796836
v -0.170053 0.367228 1.795627
v -0.177610 0.367381 1.792917
v -0.184508 0.367228 1.788811
v -0.190482 0.366773 1.783466
v -0.195303 0.366035 1.777088
v -0.198786 0.365041 1.769922
v -0.200796 0.363830 1.762244
v -0.201258 0.362449 1.754348
v -0.200151 0.360950 1.746539
v -0.127292 0.362449 1.780395
v -0.132428 0.365389 1.785821
v -0.138641 0.368099 1.790124
v -0.145694 0.370474 1.793137
v -0.153315 0.372423 1.794746
v -0.161211 0.373872 1.794889
v -0.169078 0.374763 1.793559
v -0.176616 0.375065 1.790809
v -0.183533 0.374763 1.786743
v -0.189563 0.373872 1.781518
v -0.194476 0.372423 1.775335
v -0.198083 0.370474 1.768432
v -0.200244 0.368099 1.761073
v -0.200877 0.365389 1.753542
v -0.199957 0.362449 1.746127
v -0.126977 0.363830 1.779727
v -0.131810 0.368099 1.784511
v -0.137744 0.372033 1.788222
v -0.144552 0.375481 1.790717
v -0.151972 0.378311 1.791900
v -0.159719 0.380413 1.791726
v -0.167495 0.381708 1.790202
v -0.175001 0.382146 1.787385
v -0.181949 0.381708 1.783386
v -0.188072 0.380413 1.778356
v -0.193134 0.378311 1.772489
v -0.196941 0.375481 1.766011
v -0.199347 0.372033 1.759171
v -0.200259 0.368099 1.752232
v -0.199643 0.363830 1.745459
v -0.126553 0.365041 1.778828
v -0.130978 0.370474 1.782748
v -0.136537 0.375481 1.785662
v -0.143016 0.379870 1.787459
v -0.150166 0.383471 1.788069
v -0.157712 0.386147 1.787470
v -0.165364 0.387796 1.785683
v -0.172829 0.388352 1.782779
v -0.179818 0.387796 1.778867
v -0.186065 0.386147 1.774099
v -0.191328 0.383471 1.768659
v -0.195405 0.379870 1.762754
v -0.198140 0.375481 1.756612
v -0.199428 0.370474 1.750469
v -0.199219 0.365041 1.744561
v -0.126037 0.366035 1.777733
v -0.129965 0.372423 1.780600
v -0.135067 0.378311 1.782543
v -0.141144 0.383471 1.783490
v -0.147965 0.387706 1.783402
v -0.155266 0.390853 1.782284
v -0.162768 0.392791 1.780178
v -0.170181 0.393446 1.777165
v -0.177222 0.392791 1.773361
v -0.183619 0.390853 1.768913
v -0.189127 0.387706 1.763991
v -0.193533 0.383471 1.758784
v -0.196670 0.378311 1.753493
v -0.198415 0.372423 1.748320
v -0.198702 0.366035 1.743465
v -0.125447 0.366773 1.776483
v -0.128810 0.373872 1.778149
v -0.133389 0.380413 1.778985
v -0.139009 0.386147 1.778961
v -0.145454 0.390853 1.778077
v -0.152476 0.394350 1.776367
v -0.159806 0.396503 1.773896
v -0.167161 0.397230 1.770760
v -0.174260 0.396503 1.767080
v -0.180829 0.394350 1.762996
v -0.186615 0.390853 1.758666
v -0.191398 0.386147 1.754256
v -0.194992 0.380413 1.749935
v -0.197259 0.373872 1.745870
v -0.198113 0.366773 1.742216
v -0.124808 0.367228 1.775128
v -0.127555 0.374763 1.775489
v -0.131568 0.381708 1.775124
v -0.136691 0.387796 1.774047
v -0.142729 0.392791 1.772299
v -0.149448 0.396503 1.769946
v -0.156592 0.398789 1.767080
v -0.163884 0.399561 1.763811
v -0.171046 0.398789 1.760264
v -0.177801 0.396503 1.756576
v -0.183891 0.392791 1.752888
v -0.189080 0.387796 1.749342
v -0.193171 0.381708 1.746074
v -0.196005 0.374763 1.743210
v -0.197474 0.367228 1.740860
v -0.124143 0.367381 1.773718
v -0.126251 0.375065 1.772724
v -0.129675 0.382146 1.771109
v -0.134282 0.388352 1.768937
v -0.139895 0.393446 1.766289
v -0.146300 0.397230 1.763269
v -0.153249 0.399561 1.759992
v -0.160476 0.400348 1.756584
v -0.167703 0.399561 1.753176
v -0.174652 0.397230 1.749899
v -0.181057 0.393446 1.746879
v -0.186670 0.388352 1.744231
v -0.191277 0.382146 1.742059
v -0.194701 0.375065 1.740444
v -0.196809 0.367381 1.739450
v -0.123478 0.367228 1.772308
v -0.124947 0.374763 1.769958
v -0.127781 0.381708 1.767094
v -0.131872 0.387796 1.763826
v -0.137061 0.392791 1.760280
v -0.143151 0.396503 1.756592
v -0.149906 0.398789 1.752904
v -0.157068 0.399561 1.749357
v -0.164360 0.398789 1.746088
v -0.171504 0.396503 1.743222
v -0.178223 0.392791 1.740870
v -0.184261 0.387796 1.739121
v -0.189384 0.381708 1.738044
v -0.193397 0.374763 1.737679
v -0.196144 0.367228 1.738040
v -0.122839 0.366773 1.770952
v -0.123693 0.373872 1.767299
v -0.125960 0.380413 1.763233
v -0.129554 0.386147 1.758913
v -0.134337 0.390853 1.754502
v -0.140123 0.394350 1.750172
v -0.146692 0.396503 1.746088
v -0.153791 0.397230 1.742408
v -0.161146 0.396503 1.739272
v -0.168476 0.394350 1.736802
v -0.175498 0.390853 1.735091
v -0.181943 0.386147 1.734207
v -0.187563 0.380413 1.734183
v -0.192142 0.373872 1.735019
v -0.195505 0.366773 1.736685
v -0.122250 0.366035 1.769703
v -0.122537 0.372423 1.764848
v -0.124282 0.378311 1.759675
v -0.127419 0.383471 1.754384
v -0.131825 0.387706 1.749177
v -0.137333 0.390853 1.744255
v -0.143730 0.392791 1.739807
v -0.150771 0.393446 1.736003
v -0.158184 0.392791 1.732991
v -0.165686 0.390853 1.730885
v -0.172987 0.387706 1.729766
v -0.179808 0.383471 1.729678
v -0.185885 0.378311 1.730625
v -0.190987 0.372423 1.732569
v -0.194915 0.366035 1.735435
v -0.121733 0.365041 1.768607
v -0.121524 0.370474 1.762699
v -0.122812 0.375481 1.756556
v -0.125547 0.379870 1.750414
v -0.129624 0.383471 1.744510
v -0.134887 0.386147 1.739069
v -0.141134 0.387796 1.734301
v -0.148123 0.388352 1.730390
v -0.155588 0.387796 1.727485
v -0.163240 0.386147 1.725698
v -0.170786 0.383471 1.725099
v -0.177936 0.379870 1.725709
v -0.184415 0.375481 1.727506
v -0.189974 0.370474 1.730420
v -0.194399 0.365041 1.734340
v -0.121309 0.363830 1.767709
v -0.120693 0.368099 1.760936
v -0.121605 0.372033 1.753997
v -0.124011 0.375481 1.747157
v -0.127818 0.378311 1.740679
v -0.132880 0.380413 1.734812
v -0.139003 0.381708 1.729783
v -0.145951 0.382146 1.725783
v -0.153457 0.381708 1.722966
v -0.161233 0.380413 1.721442
v -0.168980 0.378311 1.721268
v -0.176400 0.375481 1.722451
v -0.183208 0.372033 1.724946
v -0.189142 0.368099 1.728657
v -0.193975 0.363830 1.733441
v -0.120995 0.362449 1.767041
v -0.120075 0.365389 1.759626
v -0.120708 0.368099 1.752095
v -0.122869 0.370474 1.744736
v -0.126476 0.372423 1.737833
v -0.131389 0.373872 1.731650
v -0.137419 0.374763 1.726425
v -0.144336 0.375065 1.722359
v -0.151874 0.374763 1.719609
v -0.159741 0.373872 1.718279
v -0.167637 0.372423 1.718422
v -0.175258 0.370474 1.720031
v -0.182311 0.368099 1.723045
v -0.188524 0.365389 1.727347
v -0.193660 0.362449 1.732773
v -0.120801 0.360950 1.766630
v -0.119694 0.362449 1.758820
v -0.120156 0.363830 1.750924
v -0.122166 0.365041 1.743246
v -0.125649 0.366035 1.736080
v -0.130470 0.366773 1.729702
v -0.136444 0.367228 1.724357
v -0.143342 0.367381 1.720251
v -0.150899 0.367228 1.717541
v -0.158823 0.366773 1.716332
v -0.166811 0.366035 1.716669
v -0.174555 0.365041 1.718540
v -0.181758 0.363830 1.721873
v -0.188144 0.362449 1.726540
v -0.193466 0.360950 1.732362
v -0.120735 0.359391 1.766491
v -0.119566 0.359391 1.758547
v -0.119969 0.359391 1.750528
v -0.121929 0.359391 1.742742
v -0.125370 0.359391 1.735488
v -0.130160 0.359391 1.729045
v -0.136115 0.359391 1.723659
v -0.143007 0.359391 1.719539
v -0.150569 0.359391 1.716843
v -0.158513 0.359391 1.715674
v -0.166532 0.359391 1.716077
v -0.174318 0.359391 1.718037
v -0.181572 0.359391 1.721478
v -0.188016 0.359391 1.726268
v -0.193401 0.359391 1.732223
v -0.120801 0.357832 1.766630
v -0.119694 0.356333 1.758820
v -0.120156 0.354952 1.750924
v -0.122166 0.353741 1.743246
v -0.125649 0.352747 1.736080
v -0.130470 0.352009 1.729702
v -0.136444 0.351554 1.724357
v -0.143342 0.351401 1.720251
v -0.150899 0.351554 1.717541
v -0.158823 0.352009 1.716332
v -0.166811 0.352747 1.716669
v -0.174555 0.353741 1.718540
v -0.181758 0.354952 1.721873
v -0.188144 0.356333 1.726540
v -0.193466 0.357832 1.732362
v -0.120995 0.356333 1.767041
v -0.120075 0.353393 1.759626
v -0.120708 0.350683 1.752095
v -0.122869 0.348308 1.744736
v -0.126476 0.346359 1.737833
v -0.131389 0.344911 1.731650
v -0.137419 0.344019 1.726425
v -0.144336 0.343717 1.722359
v -0.151874 0.344019 1.719609
v -0.159741 0.344910 1.718279
v -0.167637 0.346359 1.718422
v -0.175258 0.348308 1.720031
v -0.182311 0.350683 1.723045
v -0.188524 0.353393 1.727347
v -0.193660 0.356333 1.732773
v -0.121309 0.354952 1.767709
v -0.120693 0.350683 1.760936
v -0.121605 0.346749 1.753997
v -0.124011 0.343301 1.747157
v -0.127818 0.340471 1.740679
v -0.132880 0.338369 1.734812
v -0.139003 0.337074 1.729783
v -0.145951 0.336636 1.725783
v -0.153457 0.337074 1.722966
v -0.161233 0.338369 1.721442
v -0.168980 0.340471 1.721268
v -0.176400 0.343301 1.722451
v -0.183208 0.346749 1.724946
v -0.189142 0.350683 1.728657
v -0.193975 0.354952 1.733441
v -0.121733 0.353741 1.768607
v -0.121524 0.348308 1.762699
v -0.122812 0.343301 1.756556
v -0.125547 0.338912 1.750414
v -0.129624 0.335311 1.744510
v -0.134887 0.332635 1.739069
v -0.141134 0.330986 1.734301
v -0.148123 0.330430 1.730390
v -0.155588 0.330986 1.727485
v -0.163240 0.332635 1.725698
v -0.170786 0.335311 1.725099
v -0.177936 0.338912 1.725709
v -0.184415 0.343301 1.727506
v -0.189974 0.348308 1.730420
v -0.194399 0.353741 1.734340
v -0.122250 0.352747 1.769703
v -0.122537 0.346359 1.764848
v -0.124282 0.340471 1.759675
v -0.127419 0.335311 1.754384
v -0.131825 0.331076 1.749177
v -0.137333 0.327929 1.744255
v -0.143730 0.325991 1.739807
v -0.150771 0.325336 1.736003
v -0.158184 0.325991 1.732991
v -0.165686 0.327929 1.730885
v -0.172987 0.331076 1.729766
v -0.179808 0.335311 1.729678
v -0.185885 0.340471 1.730625
v -0.190987 0.346359 1.732569
v -0.194915 0.352747 1.735435
v -0.123431 0.359391 1.774053
v -0.122839 0.352009 1.770952
v -0.123693 0.344911 1.767299
v -0.125960 0.338369 1.763233
v -0.129554 0.332635 1.758913
v -0.134337 0.327929 1.754502
v -0.140123 0.324432 1.750172
v -0.146692 0.322279 1.746088
v -0.153791 0.321552 1.742408
v -0.161146 0.322279 1.739272
v -0.168476 0.324432 1.736802
v -0.175498 0.327929 1.735091
v -0.181943 0.332635 1.734207
v -0.187563 0.338369 1.734183
v -0.192142 0.344911 1.735019
v -0.195505 0.352009 1.736685
v -0.123478 0.351554 1.772308
v -0.124947 0.344019 1.769958
v -0.127781 0.337074 1.767094
v -0.131872 0.330986 1.763826
v -0.137061 0.325991 1.760280
v -0.143151 0.322279 1.756592
v -0.149906 0.319993 1.752904
v -0.157068 0.319221 1.749357
v -0.164360 0.319993 1.746088
v -0.171504 0.322279 1.743222
v -0.178223 0.325991 1.740870
v -0.184261 0.330986 1.739121
v -0.189384 0.337074 1.738044
v -0.193397 0.344019 1.737679
v -0.196144 0.351554 1.738040
v -0.124143 0.351401 1.773718
v -0.126251 0.343717 1.772724
v -0.129675 0.336636 1.771109
v -0.134282 0.330430 1.768937
v -0.139895 0.325336 1.766289
v -0.146300 0.321552 1.763269
v -0.153249 0.319221 1.759992
v -0.160476 0.318434 1.756584
v -0.167703 0.319221 1.753176
v -0.174652 0.321552 1.749899
v -0.181057 0.325336 1.746879
v -0.186670 0.330430 1.744231
v -0.191277 0.336636 1.742059
v -0.194701 0.343717 1.740444
v -0.196809 0.351401 1.739450
v -0.124808 0.351554 1.775128
v -0.127555 0.344019 1.775489
v -0.131568 0.337074 1.775124
v -0.136691 0.330986 1.774047
v -0.142729 0.325991 1.772299
v -0.149448 0.322279 1.769946
v -0.156592 0.319993 1.767080
v -0.163884 0.319221 1.763811
v -0.171046 0.319993 1.760264
v -0.177801 0.322279 1.756576
v -0.183891 0.325991 1.752888
v -0.189080 0.330986 1.749342
v -0.193171 0.337074 1.746074
v -0.196005 0.344019 1.743210
v -0.197474 0.351554 1.740860
v -0.125447 0.352009 1.776483
v -0.128810 0.344911 1.778149
v -0.133389 0.338369 1.778985
v -0.139009 0.332635 1.778961
v -0.145454 0.327929 1.778077
v -0.152476 0.324432 1.776367
v -0.159806 0.322279 1.773896
v -0.167161 0.321552 1.770760
v -0.174260 0.322279 1.767080
v -0.180829 0.324432 1.762996
v -0.186615 0.327929 1.758666
v -0.191398 0.332635 1.754256
v -0.194992 0.338369 1.749935
v -0.197259 0.344911 1.745870
v -0.198113 0.352009 1.742216
v -0.126037 0.352747 1.777733
v -0.129965 0.346359 1.780600
v -0.135067 0.340471 1.782543
v -0.141144 0.335311 1.783490
v -0.147965 0.331076 1.783402
v -0.155266 0.327929 1.782284
v -0.162768 0.325991 1.780178
v -0.170181 0.325336 1.777165
v -0.177222 0.325991 1.773361
v -0.183619 0.327929 1.768913
v -0.189127 0.331076 1.763991
v -0.193533 0.335311 1.758784
v -0.196670 0.340471 1.753493
v -0.198415 0.346359 1.748320
v -0.198702 0.352747 1.743465
v -0.126553 0.353741 1.778828
v -0.130978 0.348308 1.782748
v -0.136537 0.343301 1.785662
v -0.143016 0.338912 1.787459
v -0.150166 0.335311 1.788069
v -0.157712 0.332635 1.787470
v -0.165364 0.330986 1.785683
v -0.172829 0.330430 1.782779
v -0.179818 0.330986 1.778867
v -0.186065 0.332635 1.774099
v -0.191328 0.335311 1.768659
v -0.195405 0.338912 1.762754
v -0.198140 0.343301 1.756612
v -0.199428 0.348308 1.750469
v -0.199219 0.353741 1.744561
v -0.126977 0.354952 1.779727
v -0.131810 0.350683 1.784511
v -0.137744 0.346749 1.788222
v -0.144552 0.343301 1.790717
v -0.151972 0.340471 1.791900
v -0.159719 0.338369 1.791726
v -0.167495 0.337074 1.790202
v -0.175001 0.336637 1.787385
v -0.181949 0.337074 1.783386
v -0.188072 0.338369 1.778356
v -0.193134 0.340471 1.772489
v -0.196941 0.343301 1.766011
v -0.199347 0.346749 1.759171
v -0.200259 0.350683 1.752232
v -0.199643 0.354952 1.745459
v -0.127292 0.356333 1.780395
v -0.132428 0.353393 1.785821
v -0.138641 0.350683 1.790124
v -0.145694 0.348308 1.793137
v -0.153315 0.346359 1.794746
v -0.161211 0.344911 1.794889
v -0.169078 0.344019 1.793559
v -0.176616 0.343717 1.790809
v -0.183533 0.344019 1.786743
v -0.189563 0.344911 1.781518
v -0.194476 0.346359 1.775335
v -0.198083 0.348308 1.768432
v -0.200244 0.350683 1.761073
v -0.200877 0.353393 1.753542
v -0.199957 0.356333 1.746127
v -0.127486 0.357832 1.780806
v -0.132808 0.356333 1.786628
v -0.139194 0.354952 1.791295
v -0.146397 0.353741 1.794628
v -0.154141 0.352747 1.796499
v -0.162129 0.352009 1.796836
v -0.170053 0.351554 1.795627
v -0.177610 0.351401 1.792917
v -0.184508 0.351554 1.788811
v -0.190482 0.352009 1.783466
v -0.195303 0.352747 1.777088
v -0.198786 0.353741 1.769922
v -0.200796 0.354952 1.762244
v -0.201258 0.356333 1.754348
v -0.200151 0.357832 1.746539
v -0.177945 0.359391 1.793629
v -0.184837 0.359391 1.789509
v -0.190792 0.359391 1.784124
v -0.201386 0.359391 1.754621
v -0.200217 0.359391 1.746677
v -0.197521 0.359391 1.739115
vt 0.750000 0.687500
vt 0.750000 0.750000
vt 0.718750 0.750000
vt 0.718750 0.687500
vt 0.750000 0.187500
vt 0.750000 0.250000
vt 0.718750 0.250000
vt 0.718750 0.187500
vt 0.750000 0.625000
vt 0.718750 0.625000
vt 0.750000 0.125000
vt 0.718750 0.125000
vt 0.750000 0.562500
vt 0.718750 0.562500
vt 0.750000 0.062500
vt 0.718750 0.062500
vt 0.750000 0.500000
vt 0.718750 0.500000
vt 0.750000 0.937500
vt 0.734375 1.000000
vt 0.718750 0.937500
vt 0.734375 0.000000
vt 0.750000 0.437500
vt 0.718750 0.437500
vt 0.750000 0.875000
vt 0.718750 0.875000
vt 0.750000 0.375000
vt 0.718750 0.375000
vt 0.750000 0.812500
vt 0.718750 0.812500
vt 0.750000 0.312500
vt 0.718750 0.312500
vt 0.687500 0.375000
vt 0.687500 0.312500
vt 0.687500 0.812500
vt 0.687500 0.750000
vt 0.687500 0.250000
vt 0.687500 0.687500
vt 0.687500 0.187500
vt 0.687500 0.625000
vt 0.687500 0.125000
vt 0.687500 0.562500
vt 0.687500 0.062500
vt 0.687500 0.500000
vt 0.703125 1.000000
vt 0.687500 0.937500
vt 0.703125 0.000000
vt 0.687500 0.437500
vt 0.687500 0.875000
vt 0.656250 0.125000
vt 0.656250 0.062500
vt 0.656250 0.562500
vt 0.656250 0.500000
vt 0.671875 1.000000
vt 0.656250 0.937500
vt 0.671875 0.000000
vt 0.656250 0.437500
vt 0.656250 0.875000
vt 0.656250 0.375000
vt 0.656250 0.812500
vt 0.656250 0.312500
vt 0.656250 0.750000
vt 0.656250 0.250000
vt 0.656250 0.687500
vt 0.656250 0.187500
vt 0.656250 0.625000
vt 0.625000 0.312500
vt 0.625000 0.250000
vt 0.625000 0.750000
vt 0.625000 0.687500
vt 0.625000 0.187500
vt 0.625000 0.625000
vt 0.625000 0.125000
vt 0.625000 0.562500
vt 0.625000 0.062500
vt 0.625000 0.500000
vt 0.640625 1.000000
vt 0.625000 0.937500
vt 0.640625 0.000000
vt 0.625000 0.437500
vt 0.625000 0.875000
vt 0.625000 0.375000
vt 0.625000 0.812500
vt 0.609375 1.000000
vt 0.593750 0.937500
vt 0.609375 0.000000
vt 0.593750 0.062500
vt 0.593750 0.500000
vt 0.593750 0.437500
vt 0.593750 0.875000
vt 0.593750 0.375000
vt 0.593750 0.812500
vt 0.593750 0.312500
vt 0.593750 0.750000
vt 0.593750 0.250000
vt 0.593750 0.687500
vt 0.593750 0.187500
vt 0.593750 0.625000
vt 0.593750 0.125000
vt 0.593750 0.562500
vt 0.562500 0.750000
vt 0.562500 0.687500
vt 0.562500 0.250000
vt 0.562500 0.187500
vt 0.562500 0.625000
vt 0.562500 0.125000
vt 0.562500 0.562500
vt 0.562500 0.062500
vt 0.562500 0.500000
vt 0.578125 1.000000
vt 0.562500 0.937500
vt 0.578125 0.000000
vt 0.562500 0.437500
vt 0.562500 0.875000
vt 0.562500 0.375000
vt 0.562500 0.812500
vt 0.562500 0.312500
vt 0.531250 0.500000
vt 0.531250 0.437500
vt 0.531250 0.937500
vt 0.531250 0.875000
vt 0.531250 0.375000
vt 0.531250 0.812500
vt 0.531250 0.312500
vt 0.531250 0.750000
vt 0.531250 0.250000
vt 0.531250 0.687500
vt 0.531250 0.187500
vt 0.531250 0.625000
vt 0.531250 0.125000
vt 0.531250 0.562500
vt 0.531250 0.062500
vt 0.546875 1.000000
vt 0.546875 0.000000
vt 0.500000 0.250000
vt 0.500000 0.187500
vt 0.500000 0.687500
vt 0.500000 0.625000
vt 0.500000 0.125000
vt 0.500000 0.562500
vt 0.500000 0.062500
vt 0.500000 0.500000
vt 0.515625 1.000000
vt 0.500000 0.937500
vt 0.515625 0.000000
vt 0.500000 0.437500
vt 0.500000 0.875000
vt 0.500000 0.375000
vt 0.500000 0.812500
vt 0.500000 0.312500
vt 0.500000 0.750000
vt 0.468750 0.937500
vt 0.468750 0.875000
vt 0.468750 0.437500
vt 0.468750 0.375000
vt 0.468750 0.812500
vt 0.468750 0.312500
vt 0.468750 0.750000
vt 0.468750 0.250000
vt 0.468750 0.687500
vt 0.468750 0.187500
vt 0.468750 0.625000
vt 0.468750 0.125000
vt 0.468750 0.562500
vt 0.468750 0.062500
vt 0.468750 0.500000
vt 0.484375 1.000000
vt 0.484375 0.000000
vt 0.437500 0.687500
vt 0.437500 0.625000
vt 0.437500 0.187500
vt 0.437500 0.125000
vt 0.437500 0.562500
vt 0.437500 0.062500
vt 0.437500 0.500000
vt 0.453125 1.000000
vt 0.437500 0.937500
vt 0.453125 0.000000
vt 0.437500 0.437500
vt 0.437500 0.875000
vt 0.437500 0.375000
vt 0.437500 0.812500
vt 0.437500 0.312500
vt 0.437500 0.750000
vt 0.437500 0.250000
vt 0.406250 0.437500
vt 0.406250 0.375000
vt 0.406250 0.875000
vt 0.406250 0.812500
vt 0.406250 0.312500
vt 0.406250 0.750000
vt 0.406250 0.250000
vt 0.406250 0.687500
vt 0.406250 0.187500
vt 0.406250 0.625000
vt 0.406250 0.125000
vt 0.406250 0.562500
vt 0.406250 0.062500
vt 0.406250 0.500000
vt 0.421875 1.000000
vt 0.406250 0.937500
vt 0.421875 0.000000
vt 0.375000 0.187500
vt 0.375000 0.125000
vt 0.375000 0.625000
vt 0.375000 0.562500
vt 0.375000 0.062500
vt 0.375000 0.500000
vt 0.390625 1.000000
vt 0.375000 0.937500
vt 0.390625 0.000000
vt 0.375000 0.437500
vt 0.375000 0.875000
vt 0.375000 0.375000
vt 0.375000 0.812500
vt 0.375000 0.312500
vt 0.375000 0.750000
vt 0.375000 0.250000
vt 0.375000 0.687500
vt 0.343750 0.375000
vt 0.343750 0.312500
vt 0.343750 0.812500
vt 0.343750 0.750000
vt 0.343750 0.250000
vt 0.343750 0.687500
vt 0.343750 0.187500
vt 0.343750 0.625000
vt 0.343750 0.125000
vt 0.343750 0.562500
vt 0.343750 0.062500
vt 0.343750 0.500000
vt 0.359375 1.000000
vt 0.343750 0.937500
vt 0.359375 0.000000
vt 0.343750 0.437500
vt 0.343750 0.875000
vt 0.312500 0.125000
vt 0.312500 0.062500
vt 0.312500 0.562500
vt 0.312500 0.500000
vt 0.328125 1.000000
vt 0.312500 0.937500
vt 0.328125 0.000000
vt 0.312500 0.437500
vt 0.312500 0.875000
vt 0.312500 0.375000
vt 0.312500 0.812500
vt 0.312500 0.312500
vt 0.312500 0.750000
vt 0.312500 0.250000
vt 0.312500 0.687500
vt 0.312500 0.187500
vt 0.312500 0.625000
vt 0.281250 0.812500
vt 0.281250 0.750000
vt 0.281250 0.312500
vt 0.281250 0.250000
vt 0.281250 0.687500
vt 0.281250 0.187500
vt 0.281250 0.625000
vt 0.281250 0.125000
vt 0.281250 0.562500
vt 0.281250 0.062500
vt 0.281250 0.500000
vt 0.296875 1.000000
vt 0.281250 0.937500
vt 0.296875 0.000000
vt 0.281250 0.437500
vt 0.281250 0.875000
vt 0.281250 0.375000
vt 0.250000 0.562500
vt 0.250000 0.500000
vt 0.265625 1.000000
vt 0.250000 0.937500
vt 0.265625 0.000000
vt 0.250000 0.062500
vt 0.250000 0.437500
vt 0.250000 0.875000
vt 0.250000 0.375000
vt 0.250000 0.812500
vt 0.250000 0.312500
vt 0.250000 0.750000
vt 0.250000 0.250000
vt 0.250000 0.687500
vt 0.250000 0.187500
vt 0.250000 0.625000
vt 0.250000 0.125000
vt 0.218750 0.312500
vt 0.218750 0.250000
vt 0.218750 0.750000
vt 0.218750 0.687500
vt 0.218750 0.187500
vt 0.218750 0.625000
vt 0.218750 0.125000
vt 0.218750 0.562500
vt 0.218750 0.062500
vt 0.218750 0.500000
vt 0.234375 1.000000
vt 0.218750 0.937500
vt 0.234375 0.000000
vt 0.218750 0.437500
vt 0.218750 0.875000
vt 0.218750 0.375000
vt 0.218750 0.812500
vt 0.203125 1.000000
vt 0.187500 0.937500
vt 0.203125 0.000000
vt 0.187500 0.062500
vt 0.187500 0.500000
vt 0.187500 0.437500
vt 0.187500 0.875000
vt 0.187500 0.375000
vt 0.187500 0.812500
vt 0.187500 0.312500
vt 0.187500 0.750000
vt 0.187500 0.250000
vt 0.187500 0.687500
vt 0.187500 0.187500
vt 0.187500 0.625000
vt 0.187500 0.125000
vt 0.187500 0.562500
vt 0.156250 0.750000
vt 0.156250 0.687500
vt 0.156250 0.250000
vt 0.156250 0.187500
vt 0.156250 0.625000
vt 0.156250 0.125000
vt 0.156250 0.562500
vt 0.156250 0.062500
vt 0.156250 0.500000
vt 0.171875 1.000000
vt 0.156250 0.937500
vt 0.171875 0.000000
vt 0.156250 0.437500
vt 0.156250 0.875000
vt 0.156250 0.375000
vt 0.156250 0.812500
vt 0.156250 0.312500
vt 0.125000 0.500000
vt 0.125000 0.437500
vt 0.125000 0.937500
vt 0.125000 0.875000
vt 0.125000 0.375000
vt 0.125000 0.812500
vt 0.125000 0.312500
vt 0.125000 0.750000
vt 0.125000 0.250000
vt 0.125000 0.687500
vt 0.125000 0.187500
vt 0.125000 0.625000
vt 0.125000 0.125000
vt 0.125000 0.562500
vt 0.125000 0.062500
vt 0.140625 1.000000
vt 0.140625 0.000000
vt 0.093750 0.250000
vt 0.093750 0.187500
vt 0.093750 0.687500
vt 0.093750 0.625000
vt 0.093750 0.125000
vt 0.093750 0.562500
vt 0.093750 0.062500
vt 0.093750 0.500000
vt 0.109375 1.000000
vt 0.093750 0.937500
vt 0.109375 0.000000
vt 0.093750 0.437500
vt 0.093750 0.875000
vt 0.093750 0.375000
vt 0.093750 0.812500
vt 0.093750 0.312500
vt 0.093750 0.750000
vt 0.062500 0.437500
vt 0.062500 0.375000
vt 0.062500 0.875000
vt 0.062500 0.812500
vt 0.062500 0.312500
vt 0.062500 0.750000
vt 0.062500 0.250000
vt 0.062500 0.687500
vt 0.062500 0.187500
vt 0.062500 0.625000
vt 0.062500 0.125000
vt 0.062500 0.562500
vt 0.062500 0.062500
vt 0.062500 0.500000
vt 0.078125 1.000000
vt 0.062500 0.937500
vt 0.078125 0.000000
vt 0.031250 0.187500
vt 0.031250 0.125000
vt 0.031250 0.625000
vt 0.031250 0.562500
vt 0.031250 0.062500
vt 0.031250 0.500000
vt 0.046875 1.000000
vt 0.031250 0.937500
vt 0.046875 0.000000
vt 0.031250 0.437500
vt 0.031250 0.875000
vt 0.031250 0.375000
vt 0.031250 0.812500
vt 0.031250 0.312500
vt 0.031250 0.750000
vt 0.031250 0.250000
vt 0.031250 0.687500
vt 0.000000 0.875000
vt 0.000000 0.812500
vt 0.000000 0.375000
vt 0.000000 0.312500
vt 0.000000 0.750000
vt 0.000000 0.250000
vt 0.000000 0.687500
vt 0.000000 0.187500
vt 0.000000 0.625000
vt 0.000000 0.125000
vt 0.000000 0.562500
vt 0.000000 0.062500
vt 0.000000 0.500000
vt 0.015625 1.000000
vt 0.000000 0.937500
vt 0.015625 0.000000
vt 0.000000 0.437500
vt 1.000000 0.562500
vt 1.000000 0.625000
vt 0.968750 0.625000
vt 0.968750 0.562500
vt 1.000000 0.062500
vt 1.000000 0.125000
vt 0.968750 0.125000
vt 0.968750 0.062500
vt 1.000000 0.500000
vt 0.968750 0.500000
vt 1.000000 0.937500
vt 0.984375 1.000000
vt 0.968750 0.937500
vt 0.984375 0.000000
vt 1.000000 0.437500
vt 0.968750 0.437500
vt 1.000000 0.875000
vt 0.968750 0.875000
vt 1.000000 0.375000
vt 0.968750 0.375000
vt 1.000000 0.812500
vt 0.968750 0.812500
vt 1.000000 0.312500
vt 0.968750 0.312500
vt 1.000000 0.750000
vt 0.968750 0.750000
vt 1.000000 0.250000
vt 0.968750 0.250000
vt 1.000000 0.687500
vt 0.968750 0.687500
vt 1.000000 0.187500
vt 0.968750 0.187500
vt 0.937500 0.375000
vt 0.937500 0.312500
vt 0.937500 0.812500
vt 0.937500 0.750000
vt 0.937500 0.250000
vt 0.937500 0.687500
vt 0.937500 0.187500
vt 0.937500 0.625000
vt 0.937500 0.125000
vt 0.937500 0.562500
vt 0.937500 0.062500
vt 0.937500 0.500000
vt 0.953125 1.000000
vt 0.937500 0.937500
vt 0.953125 0.000000
vt 0.937500 0.437500
vt 0.937500 0.875000
vt 0.906250 0.125000
vt 0.906250 0.062500
vt 0.906250 0.562500
vt 0.906250 0.500000
vt 0.921875 1.000000
vt 0.906250 0.937500
vt 0.921875 0.000000
vt 0.906250 0.437500
vt 0.906250 0.875000
vt 0.906250 0.375000
vt 0.906250 0.812500
vt 0.906250 0.312500
vt 0.906250 0.750000
vt 0.906250 0.250000
vt 0.906250 0.687500
vt 0.906250 0.187500
vt 0.906250 0.625000
vt 0.875000 0.812500
vt 0.875000 0.750000
vt 0.875000 0.312500
vt 0.875000 0.250000
vt 0.875000 0.687500
vt 0.875000 0.187500
vt 0.875000 0.625000
vt 0.875000 0.125000
vt 0.875000 0.562500
vt 0.875000 0.062500
vt 0.875000 0.500000
vt 0.890625 1.000000
vt 0.875000 0.937500
vt 0.890625 0.000000
vt 0.875000 0.437500
vt 0.875000 0.875000
vt 0.875000 0.375000
vt 0.843750 0.562500
vt 0.843750 0.500000
vt 0.859375 1.000000
vt 0.843750 0.937500
vt 0.859375 0.000000
vt 0.843750 0.062500
vt 0.843750 0.437500
vt 0.843750 0.875000
vt 0.843750 0.375000
vt 0.843750 0.812500
vt 0.843750 0.312500
vt 0.843750 0.750000
vt 0.843750 0.250000
vt 0.843750 0.687500
vt 0.843750 0.187500
vt 0.843750 0.625000
vt 0.843750 0.125000
vt 0.812500 0.312500
vt 0.812500 0.250000
vt 0.812500 0.750000
vt 0.812500 0.687500
vt 0.812500 0.187500
vt 0.812500 0.625000
vt 0.812500 0.125000
vt 0.812500 0.562500
vt 0.812500 0.062500
vt 0.812500 0.500000
vt 0.828125 1.000000
vt 0.812500 0.937500
vt 0.828125 0.000000
vt 0.812500 0.437500
vt 0.812500 0.875000
vt 0.812500 0.375000
vt 0.812500 0.812500
vt 0.796875 0.000000
vt 0.781250 0.062500
vt 0.781250 0.500000
vt 0.781250 0.437500
vt 0.781250 0.937500
vt 0.781250 0.875000
vt 0.781250 0.375000
vt 0.781250 0.812500
vt 0.781250 0.312500
vt 0.781250 0.750000
vt 0.781250 0.250000
vt 0.781250 0.687500
vt 0.781250 0.187500
vt 0.781250 0.625000
vt 0.781250 0.125000
vt 0.781250 0.562500
vt 0.796875 1.000000
vt 0.765625 1.000000
vt 0.765625 0.000000
vn 0.1445 0.0000 0.9895
vn 0.3339 0.0000 0.9426
vn 0.3397 0.1385 0.9302
vn 0.1513 0.1626 0.9750
vn -0.9882 0.0000 0.1528
vn -0.9397 0.0000 0.3420
vn -0.9339 0.1385 0.3297
vn -0.9836 0.1092 0.1431
vn -0.0502 0.0000 0.9987
vn -0.0427 0.1804 0.9826
vn -0.9991 0.0000 -0.0423
vn -0.9959 0.0757 -0.0490
vn -0.2430 0.0000 0.9700
vn -0.2350 0.1914 0.9529
vn -0.9717 0.0000 -0.2360
vn -0.9701 0.0392 -0.2395
vn -0.4265 0.0000 0.9044
vn -0.4183 0.1951 0.8871
vn 0.8003 0.0000 0.5996
vn 0.9044 0.0000 0.4265
vn 0.8019 0.0392 0.5961
vn -0.9044 0.0000 -0.4265
vn -0.5938 0.0000 0.8046
vn -0.5858 0.1914 0.7875
vn 0.6682 0.0000 0.7439
vn 0.6714 0.0757 0.7372
vn -0.7386 0.0000 0.6741
vn -0.7310 0.1804 0.6580
vn 0.5107 0.0000 0.8597
vn 0.5153 0.1092 0.8500
vn -0.8554 0.0000 0.5180
vn -0.8486 0.1626 0.5035
vn -0.7086 0.3539 0.6104
vn -0.8283 0.3189 0.4606
vn 0.5289 0.2142 0.8212
vn 0.3569 0.2717 0.8937
vn -0.9166 0.2717 0.2931
vn 0.1716 0.3189 0.9321
vn -0.9701 0.2142 0.1143
vn -0.0202 0.3539 0.9351
vn -0.9865 0.1484 -0.0690
vn -0.2112 0.3754 0.9025
vn -0.9652 0.0769 -0.2499
vn -0.3941 0.3827 0.8356
vn 0.8068 0.0769 0.5857
vn -0.5620 0.3754 0.7370
vn 0.6808 0.1484 0.7172
vn -0.9712 0.2155 -0.1014
vn -0.9573 0.1116 -0.2667
vn -0.1725 0.5450 0.8205
vn -0.3546 0.5556 0.7520
vn 0.8147 0.1116 0.5690
vn -0.5233 0.5450 0.6550
vn 0.6961 0.2155 0.6848
vn -0.6721 0.5137 0.5331
vn 0.5510 0.3110 0.7744
vn -0.7955 0.4630 0.3909
vn 0.3849 0.3945 0.8343
vn -0.8886 0.3945 0.2337
vn 0.2044 0.4630 0.8625
vn -0.9480 0.3110 0.0675
vn 0.0162 0.5137 0.8578
vn -0.7513 0.5893 0.2972
vn -0.8510 0.5021 0.1539
vn 0.4226 0.5021 0.7545
vn 0.2486 0.5893 0.7687
vn -0.9183 0.3958 0.0045
vn 0.0652 0.6539 0.7537
vn -0.9506 0.2743 -0.1450
vn -0.1205 0.6937 0.7101
vn -0.9466 0.1421 -0.2893
vn -0.3016 0.7071 0.6395
vn 0.8254 0.1421 0.5463
vn -0.4713 0.6937 0.5447
vn 0.7167 0.2743 0.6412
vn -0.6231 0.6539 0.4291
vn 0.5806 0.3958 0.7114
vn 0.8384 0.1671 0.5188
vn -0.9336 0.1671 -0.3168
vn -0.2369 0.8314 0.5025
vn -0.4078 0.8157 0.4102
vn 0.7417 0.3225 0.5880
vn -0.5633 0.7689 0.3024
vn 0.6168 0.4654 0.6347
vn -0.6974 0.6929 0.1830
vn 0.4685 0.5904 0.6571
vn -0.8051 0.5904 0.0565
vn 0.3025 0.6929 0.6545
vn -0.8821 0.4654 -0.0721
vn 0.1250 0.7689 0.6270
vn -0.9256 0.3225 -0.1982
vn -0.0570 0.8157 0.5757
vn 0.5209 0.6561 0.5461
vn 0.3639 0.7699 0.5242
vn -0.7527 0.6561 -0.0545
vn -0.8408 0.5171 -0.1597
vn 0.1932 0.8544 0.4824
vn -0.8970 0.3583 -0.2589
vn 0.0153 0.9063 0.4223
vn -0.9188 0.1856 -0.3482
vn -0.1632 0.9239 0.3461
vn 0.8532 0.1856 0.4874
vn -0.3355 0.9063 0.2568
vn 0.7703 0.3583 0.5274
vn -0.4951 0.8544 0.1578
vn 0.6581 0.5171 0.5472
vn -0.6360 0.7699 0.0526
vn -0.0832 0.9808 0.1764
vn -0.2570 0.9622 0.0904
vn 0.8693 0.1971 0.4533
vn 0.8014 0.3804 0.4616
vn -0.4211 0.9070 0.0009
vn 0.7029 0.5490 0.4522
vn -0.5693 0.8173 -0.0887
vn 0.5777 0.6965 0.4256
vn -0.6959 0.6965 -0.1750
vn 0.4306 0.8173 0.3828
vn -0.7960 0.5490 -0.2546
vn 0.2672 0.9070 0.3255
vn -0.8659 0.3804 -0.3247
vn 0.0938 0.9622 0.2558
vn -0.9027 0.1971 -0.3824
vn -0.6368 0.7101 -0.3003
vn -0.7495 0.5598 -0.3534
vn 0.5000 0.8333 0.2358
vn 0.3442 0.9247 0.1623
vn -0.8336 0.3879 -0.3931
vn 0.1754 0.9810 0.0827
vn -0.8860 0.2010 -0.4178
vn 0.0000 1.0000 0.0000
vn 0.8860 0.2010 0.4179
vn -0.1754 0.9810 -0.0827
vn 0.8336 0.3879 0.3931
vn -0.3442 0.9247 -0.1623
vn 0.7495 0.5598 0.3534
vn -0.5000 0.8333 -0.2358
vn 0.6368 0.7101 0.3003
vn 0.9027 0.1971 0.3823
vn 0.8659 0.3804 0.3247
vn -0.0938 0.9622 -0.2558
vn -0.2672 0.9070 -0.3255
vn 0.7960 0.5490 0.2546
vn -0.4306 0.8173 -0.3828
vn 0.6959 0.6965 0.1750
vn -0.5777 0.6965 -0.4256
vn 0.5693 0.8173 0.0887
vn -0.7029 0.5490 -0.4522
vn 0.4211 0.9070 -0.0009
vn -0.8014 0.3804 -0.4616
vn 0.2570 0.9622 -0.0904
vn -0.8693 0.1971 -0.4533
vn 0.0832 0.9808 -0.1764
vn 0.6360 0.7699 -0.0526
vn 0.4951 0.8544 -0.1578
vn -0.6581 0.5171 -0.5472
vn -0.7703 0.3583 -0.5274
vn 0.3355 0.9063 -0.2568
vn -0.8532 0.1856 -0.4874
vn 0.1632 0.9239 -0.3461
vn 0.9188 0.1856 0.3482
vn -0.0153 0.9063 -0.4223
vn 0.8970 0.3583 0.2589
vn -0.1932 0.8544 -0.4824
vn 0.8408 0.5172 0.1597
vn -0.3639 0.7699 -0.5242
vn 0.7527 0.6561 0.0545
vn -0.5209 0.6561 -0.5461
vn 0.0570 0.8157 -0.5757
vn -0.1250 0.7689 -0.6270
vn 0.9256 0.3225 0.1982
vn 0.8821 0.4654 0.0721
vn -0.3025 0.6929 -0.6545
vn 0.8051 0.5904 -0.0565
vn -0.4685 0.5904 -0.6571
vn 0.6974 0.6929 -0.1830
vn -0.6168 0.4654 -0.6347
vn 0.5633 0.7689 -0.3024
vn -0.7417 0.3225 -0.5880
vn 0.4078 0.8157 -0.4102
vn -0.8384 0.1671 -0.5188
vn 0.2369 0.8314 -0.5025
vn 0.9336 0.1671 0.3168
vn -0.5806 0.3958 -0.7114
vn -0.7167 0.2743 -0.6412
vn 0.6231 0.6539 -0.4291
vn 0.4713 0.6937 -0.5447
vn -0.8254 0.1421 -0.5463
vn 0.3016 0.7071 -0.6395
vn 0.9466 0.1421 0.2893
vn 0.1205 0.6937 -0.7101
vn 0.9506 0.2743 0.1451
vn -0.0652 0.6539 -0.7537
vn 0.9183 0.3958 -0.0045
vn -0.2486 0.5893 -0.7687
vn 0.8510 0.5021 -0.1539
vn -0.4226 0.5021 -0.7545
vn 0.7513 0.5893 -0.2972
vn -0.0162 0.5137 -0.8578
vn -0.2044 0.4630 -0.8625
vn 0.9480 0.3110 -0.0675
vn 0.8886 0.3945 -0.2337
vn -0.3849 0.3945 -0.8343
vn 0.7955 0.4630 -0.3909
vn -0.5510 0.3110 -0.7744
vn 0.6721 0.5137 -0.5331
vn -0.6961 0.2155 -0.6848
vn 0.5233 0.5450 -0.6550
vn -0.8147 0.1116 -0.5690
vn 0.3546 0.5556 -0.7520
vn 0.9573 0.1116 0.2667
vn 0.1725 0.5450 -0.8205
vn 0.9712 0.2155 0.1014
vn -0.6808 0.1484 -0.7172
vn -0.8068 0.0769 -0.5857
vn 0.5620 0.3754 -0.7370
vn 0.3941 0.3827 -0.8356
vn 0.9652 0.0769 0.2499
vn 0.2112 0.3754 -0.9025
vn 0.9865 0.1484 0.0690
vn 0.0202 0.3539 -0.9351
vn 0.9701 0.2142 -0.1143
vn -0.1716 0.3189 -0.9321
vn 0.9166 0.2717 -0.2931
vn -0.3569 0.2717 -0.8937
vn 0.8283 0.3189 -0.4606
vn -0.5289 0.2142 -0.8212
vn 0.7086 0.3539 -0.6104
vn 0.9836 0.1092 -0.1431
vn 0.9339 0.1385 -0.3297
vn -0.1513 0.1626 -0.9750
vn -0.3397 0.1385 -0.9302
vn 0.8486 0.1626 -0.5035
vn -0.5153 0.1092 -0.8500
vn 0.7310 0.1804 -0.6580
vn -0.6714 0.0757 -0.7372
vn 0.5858 0.1914 -0.7875
vn -0.8019 0.0392 -0.5961
vn 0.4183 0.1951 -0.8871
vn 0.9701 0.0392 0.2395
vn 0.2350 0.1914 -0.9529
vn 0.9959 0.0757 0.0490
vn 0.0427 0.1804 -0.9826
vn 0.5938 0.0000 -0.8046
vn 0.4265 0.0000 -0.9044
vn 0.9717 0.0000 0.2360
vn -0.8003 0.0000 -0.5996
vn 0.2430 0.0000 -0.9700
vn 0.9991 0.0000 0.0423
vn 0.0502 0.0000 -0.9987
vn 0.9882 0.0000 -0.1528
vn -0.1445 0.0000 -0.9895
vn 0.9397 0.0000 -0.3420
vn -0.3339 0.0000 -0.9426
vn 0.8554 0.0000 -0.5180
vn -0.5107 0.0000 -0.8597
vn 0.7386 0.0000 -0.6741
vn -0.6682 0.0000 -0.7439
vn -0.1513 -0.1626 -0.9750
vn -0.3397 -0.1385 -0.9302
vn 0.9339 -0.1385 -0.3297
vn 0.8486 -0.1626 -0.5035
vn -0.5153 -0.1092 -0.8500
vn 0.7310 -0.1804 -0.6580
vn -0.6714 -0.0757 -0.7372
vn 0.5858 -0.1914 -0.7875
vn -0.8019 -0.0392 -0.5961
vn 0.4183 -0.1951 -0.8871
vn 0.9701 -0.0392 0.2395
vn 0.2350 -0.1914 -0.9529
vn 0.9959 -0.0757 0.0490
vn 0.0427 -0.1804 -0.9826
vn 0.9836 -0.1092 -0.1431
vn 0.9652 -0.0769 0.2499
vn -0.8068 -0.0769 -0.5857
vn 0.3941 -0.3827 -0.8356
vn 0.2112 -0.3754 -0.9025
vn 0.9865 -0.1484 0.0690
vn 0.0202 -0.3539 -0.9351
vn 0.9701 -0.2142 -0.1143
vn -0.1716 -0.3189 -0.9321
vn 0.9166 -0.2717 -0.2931
vn -0.3569 -0.2717 -0.8937
vn 0.8283 -0.3189 -0.4606
vn -0.5289 -0.2142 -0.8212
vn 0.7086 -0.3539 -0.6104
vn -0.6808 -0.1484 -0.7172
vn 0.5620 -0.3754 -0.7370
vn 0.8886 -0.3945 -0.2337
vn 0.7955 -0.4630 -0.3909
vn -0.3849 -0.3945 -0.8343
vn -0.5510 -0.3110 -0.7744
vn 0.6721 -0.5137 -0.5331
vn -0.6961 -0.2155 -0.6848
vn 0.5233 -0.5450 -0.6550
vn -0.8147 -0.1116 -0.5690
vn 0.3546 -0.5556 -0.7520
vn 0.9573 -0.1116 0.2667
vn 0.1725 -0.5450 -0.8205
vn 0.9712 -0.2155 0.1014
vn -0.0162 -0.5137 -0.8578
vn 0.9480 -0.3110 -0.0675
vn -0.2044 -0.4630 -0.8625
vn 0.3016 -0.7071 -0.6395
vn 0.1205 -0.6937 -0.7101
vn 0.9466 -0.1421 0.2893
vn 0.9506 -0.2743 0.1450
vn -0.0652 -0.6539 -0.7537
vn 0.9183 -0.3958 -0.0045
vn -0.2486 -0.5893 -0.7687
vn 0.8510 -0.5021 -0.1539
vn -0.4226 -0.5021 -0.7545
vn 0.7513 -0.5893 -0.2972
vn -0.5806 -0.3958 -0.7114
vn 0.6231 -0.6539 -0.4291
vn -0.7166 -0.2743 -0.6412
vn 0.4713 -0.6937 -0.5447
vn -0.8254 -0.1421 -0.5463
vn -0.4685 -0.5904 -0.6571
vn -0.6168 -0.4654 -0.6347
vn 0.6974 -0.6929 -0.1830
vn 0.5633 -0.7689 -0.3024
vn -0.7417 -0.3225 -0.5880
vn 0.4078 -0.8157 -0.4102
vn -0.8384 -0.1671 -0.5188
vn 0.2369 -0.8314 -0.5025
vn 0.9336 -0.1671 0.3168
vn 0.0570 -0.8157 -0.5757
vn 0.9256 -0.3225 0.1982
vn -0.1250 -0.7689 -0.6270
vn 0.8821 -0.4654 0.0721
vn -0.3025 -0.6929 -0.6545
vn 0.8051 -0.5904 -0.0565
vn -0.0153 -0.9063 -0.4223
vn -0.1932 -0.8544 -0.4824
vn 0.8970 -0.3583 0.2589
vn 0.8408 -0.5172 0.1597
vn -0.3639 -0.7699 -0.5242
vn 0.7527 -0.6561 0.0545
vn -0.5209 -0.6561 -0.5461
vn 0.6360 -0.7699 -0.0526
vn -0.6581 -0.5171 -0.5472
vn 0.4951 -0.8544 -0.1578
vn -0.7703 -0.3583 -0.5274
vn 0.3355 -0.9063 -0.2568
vn -0.8532 -0.1856 -0.4874
vn 0.1632 -0.9239 -0.3461
vn 0.9188 -0.1856 0.3482
vn -0.7029 -0.5490 -0.4522
vn -0.8014 -0.3804 -0.4616
vn 0.4211 -0.9070 -0.0009
vn 0.2570 -0.9622 -0.0904
vn -0.8693 -0.1971 -0.4533
vn 0.0832 -0.9808 -0.1764
vn 0.9027 -0.1971 0.3823
vn -0.0938 -0.9622 -0.2558
vn 0.8659 -0.3804 0.3247
vn -0.2672 -0.9070 -0.3255
vn 0.7960 -0.5490 0.2546
vn -0.4306 -0.8173 -0.3828
vn 0.6959 -0.6965 0.1750
vn -0.5777 -0.6965 -0.4256
vn 0.5693 -0.8173 0.0887
vn 0.8336 -0.3879 0.3931
vn 0.7495 -0.5598 0.3534
vn -0.3442 -0.9247 -0.1623
vn -0.5000 -0.8333 -0.2358
vn 0.6368 -0.7101 0.3003
vn -0.6368 -0.7101 -0.3003
vn 0.5000 -0.8333 0.2358
vn -0.7495 -0.5598 -0.3534
vn 0.3442 -0.9247 0.1623
vn -0.8336 -0.3879 -0.3931
vn 0.1754 -0.9810 0.0827
vn -0.8860 -0.2010 -0.4178
vn 0.0000 -1.0000 0.0000
vn 0.8860 -0.2010 0.4179
vn -0.1754 -0.9810 -0.0827
vn 0.2672 -0.9070 0.3255
vn 0.0938 -0.9622 0.2558
vn -0.8659 -0.3804 -0.3247
vn -0.9027 -0.1971 -0.3824
vn -0.0832 -0.9808 0.1764
vn 0.8693 -0.1971 0.4533
vn -0.2570 -0.9622 0.0904
vn 0.8014 -0.3804 0.4616
vn -0.4211 -0.9070 0.0009
vn 0.7029 -0.5490 0.4522
vn -0.5693 -0.8173 -0.0887
vn 0.5777 -0.6965 0.4256
vn -0.6959 -0.6965 -0.1750
vn 0.4306 -0.8173 0.3828
vn -0.7960 -0.5490 -0.2546
vn -0.4951 -0.8544 0.1578
vn -0.6360 -0.7699 0.0526
vn 0.6581 -0.5171 0.5472
vn 0.5209 -0.6561 0.5461
vn -0.7527 -0.6561 -0.0545
vn 0.3639 -0.7699 0.5242
vn -0.8408 -0.5172 -0.1597
vn 0.1932 -0.8544 0.4824
vn -0.8970 -0.3583 -0.2589
vn 0.0153 -0.9063 0.4223
vn -0.9188 -0.1856 -0.3482
vn -0.1632 -0.9239 0.3461
vn 0.8532 -0.1856 0.4874
vn -0.3355 -0.9063 0.2568
vn 0.7703 -0.3583 0.5274
vn -0.9256 -0.3225 -0.1982
vn -0.9336 -0.1671 -0.3168
vn -0.0570 -0.8157 0.5757
vn -0.2369 -0.8314 0.5025
vn 0.8384 -0.1671 0.5188
vn -0.4078 -0.8157 0.4102
vn 0.7417 -0.3225 0.5880
vn -0.5633 -0.7689 0.3024
vn 0.6168 -0.4654 0.6347
vn -0.6974 -0.6929 0.1830
vn 0.4685 -0.5904 0.6571
vn -0.8051 -0.5904 0.0565
vn 0.3025 -0.6929 0.6545
vn -0.8821 -0.4654 -0.0721
vn 0.1250 -0.7689 0.6270
vn 0.5806 -0.3958 0.7114
vn 0.4226 -0.5021 0.7545
vn -0.7513 -0.5893 0.2972
vn -0.8510 -0.5021 0.1539
vn 0.2486 -0.5893 0.7687
vn -0.9183 -0.3958 0.0045
vn 0.0652 -0.6539 0.7537
vn -0.9506 -0.2743 -0.1451
vn -0.1205 -0.6937 0.7101
vn -0.9466 -0.1421 -0.2893
vn -0.3016 -0.7071 0.6395
vn 0.8254 -0.1421 0.5463
vn -0.4713 -0.6937 0.5447
vn 0.7167 -0.2743 0.6412
vn -0.6231 -0.6539 0.4291
vn -0.1725 -0.5450 0.8205
vn -0.3546 -0.5556 0.7520
vn 0.8147 -0.1116 0.5690
vn -0.9573 -0.1116 -0.2667
vn -0.5233 -0.5450 0.6550
vn 0.6961 -0.2155 0.6848
vn -0.6721 -0.5137 0.5331
vn 0.5510 -0.3110 0.7744
vn -0.7955 -0.4630 0.3909
vn 0.3849 -0.3945 0.8343
vn -0.8886 -0.3945 0.2337
vn 0.2044 -0.4630 0.8625
vn -0.9480 -0.3110 0.0675
vn 0.0162 -0.5137 0.8578
vn -0.9712 -0.2155 -0.1014
vn -0.8283 -0.3189 0.4606
vn -0.9166 -0.2717 0.2931
vn 0.3569 -0.2717 0.8937
vn 0.1715 -0.3189 0.9321
vn -0.9701 -0.2142 0.1143
vn -0.0202 -0.3539 0.9351
vn -0.9865 -0.1484 -0.0690
vn -0.2112 -0.3754 0.9025
vn -0.9652 -0.0769 -0.2499
vn -0.3941 -0.3827 0.8356
vn 0.8068 -0.0769 0.5857
vn -0.5620 -0.3754 0.7370
vn 0.6808 -0.1484 0.7172
vn -0.7086 -0.3539 0.6104
vn 0.5289 -0.2142 0.8212
vn -0.9701 -0.0392 -0.2395
vn -0.4183 -0.1951 0.8871
vn -0.5858 -0.1914 0.7875
vn 0.8019 -0.0392 0.5961
vn 0.6714 -0.0757 0.7372
vn -0.7310 -0.1804 0.6580
vn 0.5153 -0.1092 0.8500
vn -0.8486 -0.1626 0.5035
vn 0.3397 -0.1385 0.9302
vn -0.9339 -0.1385 0.3297
vn 0.1513 -0.1626 0.9750
vn -0.9836 -0.1092 0.1431
vn -0.0427 -0.1804 0.9826
vn -0.9959 -0.0757 -0.0490
vn -0.2350 -0.1914 0.9529
usemtl ChessWhite
s 1
f 3770/3843/3793 3769/3844/3794 3779/3845/3795 3780/3846/3796
f 3775/3847/3797 3774/3848/3798 3787/3849/3799 3788/3850/3800
f 3771/3851/3801 3770/3843/3793 3780/3846/3796 3781/3852/3802
f 4245/3853/3803 3775/3847/3797 3788/3850/3800 3789/3854/3804
f 3772/3855/3805 3771/3851/3801 3781/3852/3802 3782/3856/3806
f 4246/3857/3807 4245/3853/3803 3789/3854/3804 3790/3858/3808
f 4242/3859/3809 3772/3855/3805 3782/3856/3806 3783/3860/3810
f 3766/3861/3811 4091/3862/3812 3776/3863/3813
f 4247/3864/3814 4246/3857/3807 3790/3858/3808
f 4243/3865/3815 4242/3859/3809 3783/3860/3810 3784/3866/3816
f 3767/3867/3817 3766/3861/3811 3776/3863/3813 3777/3868/3818
f 4244/3869/3819 4243/3865/3815 3784/3866/3816 3785/3870/3820
f 3768/3871/3821 3767/3867/3817 3777/3868/3818 3778/3872/3822
f 3773/3873/3823 4244/3869/3819 3785/3870/3820 3786/3874/3824
f 3769/3844/3794 3768/3871/3821 3778/3872/3822 3779/3845/3795
f 3774/3848/3798 3773/3873/3823 3786/3874/3824 3787/3849/3799
f 3786/3874/3824 3785/3870/3820 3800/3875/3825 3801/3876/3826
f 3779/3845/3795 3778/3872/3822 3793/3877/3827 3794/3878/3828
f 3787/3849/3799 3786/3874/3824 3801/3876/3826 3802/3879/3829
f 3780/3846/3796 3779/3845/3795 3794/3878/3828 3795/3880/3830
f 3788/3850/3800 3787/3849/3799 3802/3879/3829 3803/3881/3831
f 3781/3852/3802 3780/3846/3796 3795/3880/3830 3796/3882/3832
f 3789/3854/3804 3788/3850/3800 3803/3881/3831 3804/3883/3833
f 3782/3856/3806 3781/3852/3802 3796/3882/3832 3797/3884/3834
f 3790/3858/3808 3789/3854/3804 3804/3883/3833 3805/3885/3835
f 3783/3860/3810 3782/3856/3806 3797/3884/3834 3798/3886/3836
f 3776/3863/3813 4091/3887/3812 3791/3888/3837
f 4247/3889/3814 3790/3858/3808 3805/3885/3835
f 3784/3866/3816 3783/3860/3810 3798/3886/3836 3799/3890/3838
f 3777/3868/3818 3776/3863/3813 3791/3888/3837 3792/3891/3839
f 3785/3870/3820 3784/3866/3816 3799/3890/3838 3800/3875/3825
f 3778/3872/3822 3777/3868/3818 3792/3891/3839 3793/3877/3827
f 3805/3885/3835 3804/3883/3833 3819/3892/3840 3820/3893/3841
f 3798/3886/3836 3797/3884/3834 3812/3894/3842 3813/3895/3843
f 3791/3888/3837 4091/3896/3812 3806/3897/3844
f 4247/3898/3814 3805/3885/3835 3820/3893/3841
f 3799/3890/3838 3798/3886/3836 3813/3895/3843 3814/3899/3845
f 3792/3891/3839 3791/3888/3837 3806/3897/3844 3807/3900/3846
f 3800/3875/3825 3799/3890/3838 3814/3899/3845 3815/3901/3847
f 3793/3877/3827 3792/3891/3839 3807/3900/3846 3808/3902/3848
f 3801/3876/3826 3800/3875/3825 3815/3901/3847 3816/3903/3849
f 3794/3878/3828 3793/3877/3827 3808/3902/3848 3809/3904/3850
f 3802/3879/3829 3801/3876/3826 3816/3903/3849 3817/3905/3851
f 3795/3880/3830 3794/3878/3828 3809/3904/3850 3810/3906/3852
f 3803/3881/3831 3802/3879/3829 3817/3905/3851 3818/3907/3853
f 3796/3882/3832 3795/3880/3830 3810/3906/3852 3811/3908/3854
f 3804/3883/3833 3803/3881/3831 3818/3907/3853 3819/3892/3840
f 3797/3884/3834 3796/3882/3832 3811/3908/3854 3812/3894/3842
f 3817/3905/3851 3816/3903/3849 3831/3909/3855 3832/3910/3856
f 3810/3906/3852 3809/3904/3850 3824/3911/3857 3825/3912/3858
f 3818/3907/3853 3817/3905/3851 3832/3910/3856 3833/3913/3859
f 3811/3908/3854 3810/3906/3852 3825/3912/3858 3826/3914/3860
f 3819/3892/3840 3818/3907/3853 3833/3913/3859 3834/3915/3861
f 3812/3894/3842 3811/3908/3854 3826/3914/3860 3827/3916/3862
f 3820/3893/3841 3819/3892/3840 3834/3915/3861 3835/3917/3863
f 3813/3895/3843 3812/3894/3842 3827/3916/3862 3828/3918/3864
f 3806/3897/3844 4091/3919/3812 3821/3920/3865
f 4247/3921/3814 3820/3893/3841 3835/3917/3863
f 3814/3899/3845 3813/3895/3843 3828/3918/3864 3829/3922/3866
f 3807/3900/3846 3806/3897/3844 3821/3920/3865 3822/3923/3867
f 3815/3901/3847 3814/3899/3845 3829/3922/3866 3830/3924/3868
f 3808/3902/3848 3807/3900/3846 3822/3923/3867 3823/3925/3869
f 3816/3903/3849 3815/3901/3847 3830/3924/3868 3831/3909/3855
f 3809/3904/3850 3808/3902/3848 3823/3925/3869 3824/3911/3857
f 3821/3920/3865 4091/3926/3812 3836/3927/3870
f 4247/3928/3814 3835/3917/3863 3850/3929/3871
f 3829/3922/3866 3828/3918/3864 3843/3930/3872 3844/3931/3873
f 3822/3923/3867 3821/3920/3865 3836/3927/3870 3837/3932/3874
f 3830/3924/3868 3829/3922/3866 3844/3931/3873 3845/3933/3875
f 3823/3925/3869 3822/3923/3867 3837/3932/3874 3838/3934/3876
f 3831/3909/3855 3830/3924/3868 3845/3933/3875 3846/3935/3877
f 3824/3911/3857 3823/3925/3869 3838/3934/3876 3839/3936/3878
f 3832/3910/3856 3831/3909/3855 3846/3935/3877 3847/3937/3879
f 3825/3912/3858 3824/3911/3857 3839/3936/3878 3840/3938/3880
f 3833/3913/3859 3832/3910/3856 3847/3937/3879 3848/3939/3881
f 3826/3914/3860 3825/3912/3858 3840/3938/3880 3841/3940/3882
f 3834/3915/3861 3833/3913/3859 3848/3939/3881 3849/3941/3883
f 3827/3916/3862 3826/3914/3860 3841/3940/3882 3842/3942/3884
f 3835/3917/3863 3834/3915/3861 3849/3941/3883 3850/3929/3871
f 3828/3918/3864 3827/3916/3862 3842/3942/3884 3843/3930/3872
f 3840/3938/3880 3839/3936/3878 3854/3943/3885 3855/3944/3886
f 3848/3939/3881 3847/3937/3879 3862/3945/3887 3863/3946/3888
f 3841/3940/3882 3840/3938/3880 3855/3944/3886 3856/3947/3889
f 3849/3941/3883 3848/3939/3881 3863/3946/3888 3864/3948/3890
f 3842/3942/3884 3841/3940/3882 3856/3947/3889 3857/3949/3891
f 3850/3929/3871 3849/3941/3883 3864/3948/3890 3865/3950/3892
f 3843/3930/3872 3842/3942/3884 3857/3949/3891 3858/3951/3893
f 3836/3927/3870 4091/3952/3812 3851/3953/3894
f 4247/3954/3814 3850/3929/3871 3865/3950/3892
f 3844/3931/3873 3843/3930/3872 3858/3951/3893 3859/3955/3895
f 3837/3932/3874 3836/3927/3870 3851/3953/3894 3852/3956/3896
f 3845/3933/3875 3844/3931/3873 3859/3955/3895 3860/3957/3897
f 3838/3934/3876 3837/3932/3874 3852/3956/3896 3853/3958/3898
f 3846/3935/3877 3845/3933/3875 3860/3957/3897 3861/3959/3899
f 3839/3936/3878 3838/3934/3876 3853/3958/3898 3854/3943/3885
f 3847/3937/3879 3846/3935/3877 3861/3959/3899 3862/3945/3887
f 3859/3955/3895 3858/3951/3893 3873/3960/3900 3874/3961/3901
f 3852/3956/3896 3851/3953/3894 3866/3962/3902 3867/3963/3903
f 3860/3957/3897 3859/3955/3895 3874/3961/3901 3875/3964/3904
f 3853/3958/3898 3852/3956/3896 3867/3963/3903 3868/3965/3905
f 3861/3959/3899 3860/3957/3897 3875/3964/3904 3876/3966/3906
f 3854/3943/3885 3853/3958/3898 3868/3965/3905 3869/3967/3907
f 3862/3945/3887 3861/3959/3899 3876/3966/3906 3877/3968/3908
f 3855/3944/3886 3854/3943/3885 3869/3967/3907 3870/3969/3909
f 3863/3946/3888 3862/3945/3887 3877/3968/3908 3878/3970/3910
f 3856/3947/3889 3855/3944/3886 3870/3969/3909 3871/3971/3911
f 3864/3948/3890 3863/3946/3888 3878/3970/3910 3879/3972/3912
f 3857/3949/3891 3856/3947/3889 3871/3971/3911 3872/3973/3913
f 3865/3950/3892 3864/3948/3890 3879/3972/3912 3880/3974/3914
f 3858/3951/3893 3857/3949/3891 3872/3973/3913 3873/3960/3900
f 3851/3953/3894 4091/3975/3812 3866/3962/3902
f 4247/3976/3814 3865/3950/3892 3880/3974/3914
f 3878/3970/3910 3877/3968/3908 3892/3977/3915 3893/3978/3916
f 3871/3971/3911 3870/3969/3909 3885/3979/3917 3886/3980/3918
f 3879/3972/3912 3878/3970/3910 3893/3978/3916 3894/3981/3919
f 3872/3973/3913 3871/3971/3911 3886/3980/3918 3887/3982/3920
f 3880/3974/3914 3879/3972/3912 3894/3981/3919 3895/3983/3921
f 3873/3960/3900 3872/3973/3913 3887/3982/3920 3888/3984/3922
f 3866/3962/3902 4091/3985/3812 3881/3986/3923
f 4247/3987/3814 3880/3974/3914 3895/3983/3921
f 3874/3961/3901 3873/3960/3900 3888/3984/3922 3889/3988/3924
f 3867/3963/3903 3866/3962/3902 3881/3986/3923 3882/3989/3925
f 3875/3964/3904 3874/3961/3901 3889/3988/3924 3890/3990/3926
f 3868/3965/3905 3867/3963/3903 3882/3989/3925 3883/3991/3927
f 3876/3966/3906 3875/3964/3904 3890/3990/3926 3891/3992/3928
f 3869/3967/3907 3868/3965/3905 3883/3991/3927 3884/3993/3929
f 3877/3968/3908 3876/3966/3906 3891/3992/3928 3892/3977/3915
f 3870/3969/3909 3869/3967/3907 3884/3993/3929 3885/3979/3917
f 3882/3989/3925 3881/3986/3923 3896/3994/3930 3897/3995/3931
f 3890/3990/3926 3889/3988/3924 3904/3996/3932 3905/3997/3933
f 3883/3991/3927 3882/3989/3925 3897/3995/3931 3898/3998/3934
f 3891/3992/3928 3890/3990/3926 3905/3997/3933 3906/3999/3935
f 3884/3993/3929 3883/3991/3927 3898/3998/3934 3899/4000/3936
f 3892/3977/3915 3891/3992/3928 3906/3999/3935 3907/4001/3937
f 3885/3979/3917 3884/3993/3929 3899/4000/3936 3900/4002/3938
f 3893/3978/3916 3892/3977/3915 3907/4001/3937 3908/4003/3939
f 3886/3980/3918 3885/3979/3917 3900/4002/3938 3901/4004/3940
f 3894/3981/3919 3893/3978/3916 3908/4003/3939 3909/4005/3941
f 3887/3982/3920 3886/3980/3918 3901/4004/3940 3902/4006/3942
f 3895/3983/3921 3894/3981/3919 3909/4005/3941 3910/4007/3943
f 3888/3984/3922 3887/3982/3920 3902/4006/3942 3903/4008/3944
f 3881/3986/3923 4091/4009/3812 3896/3994/3930
f 4247/4010/3814 3895/3983/3921 3910/4007/3943
f 3889/3988/3924 3888/3984/3922 3903/4008/3944 3904/3996/3932
f 3901/4004/3940 3900/4002/3938 3915/4011/3945 3916/4012/3946
f 3909/4005/3941 3908/4003/3939 3923/4013/3947 3924/4014/3948
f 3902/4006/3942 3901/4004/3940 3916/4012/3946 3917/4015/3949
f 3910/4007/3943 3909/4005/3941 3924/4014/3948 3925/4016/3950
f 3903/4008/3944 3902/4006/3942 3917/4015/3949 3918/4017/3951
f 3896/3994/3930 4091/4018/3812 3911/4019/3952
f 4247/4020/3814 3910/4007/3943 3925/4016/3950
f 3904/3996/3932 3903/4008/3944 3918/4017/3951 3919/4021/3953
f 3897/3995/3931 3896/3994/3930 3911/4019/3952 3912/4022/3954
f 3905/3997/3933 3904/3996/3932 3919/4021/3953 3920/4023/3955
f 3898/3998/3934 3897/3995/3931 3912/4022/3954 3913/4024/3956
f 3906/3999/3935 3905/3997/3933 3920/4023/3955 3921/4025/3957
f 3899/4000/3936 3898/3998/3934 3913/4024/3956 3914/4026/3958
f 3907/4001/3937 3906/3999/3935 3921/4025/3957 3922/4027/3959
f 3900/4002/3938 3899/4000/3936 3914/4026/3958 3915/4011/3945
f 3908/4003/3939 3907/4001/3937 3922/4027/3959 3923/4013/3947
f 3920/4023/3955 3919/4021/3953 3934/4028/3960 3935/4029/3961
f 3913/4024/3956 3912/4022/3954 3927/4030/3962 3928/4031/3963
f 3921/4025/3957 3920/4023/3955 3935/4029/3961 3936/4032/3964
f 3914/4026/3958 3913/4024/3956 3928/4031/3963 3929/4033/3965
f 3922/4027/3959 3921/4025/3957 3936/4032/3964 3937/4034/3966
f 3915/4011/3945 3914/4026/3958 3929/4033/3965 3930/4035/3967
f 3923/4013/3947 3922/4027/3959 3937/4034/3966 3938/4036/3968
f 3916/4012/3946 3915/4011/3945 3930/4035/3967 3931/4037/3969
f 3924/4014/3948 3923/4013/3947 3938/4036/3968 3939/4038/3970
f 3917/4015/3949 3916/4012/3946 3931/4037/3969 3932/4039/3971
f 3925/4016/3950 3924/4014/3948 3939/4038/3970 3940/4040/3972
f 3918/4017/3951 3917/4015/3949 3932/4039/3971 3933/4041/3973
f 3911/4019/3952 4091/4042/3812 3926/4043/3974
f 4247/4044/3814 3925/4016/3950 3940/4040/3972
f 3919/4021/3953 3918/4017/3951 3933/4041/3973 3934/4028/3960
f 3912/4022/3954 3911/4019/3952 3926/4043/3974 3927/4030/3962
f 3939/4038/3970 3938/4036/3968 3953/4045/3975 3954/4046/3976
f 3932/4039/3971 3931/4037/3969 3946/4047/3977 3947/4048/3978
f 3940/4040/3972 3939/4038/3970 3954/4046/3976 3955/4049/3979
f 3933/4041/3973 3932/4039/3971 3947/4048/3978 3948/4050/3980
f 3926/4043/3974 4091/4051/3812 3941/4052/3981
f 4247/4053/3814 3940/4040/3972 3955/4049/3979
f 3934/4028/3960 3933/4041/3973 3948/4050/3980 3949/4054/3982
f 3927/4030/3962 3926/4043/3974 3941/4052/3981 3942/4055/3983
f 3935/4029/3961 3934/4028/3960 3949/4054/3982 3950/4056/3984
f 3928/4031/3963 3927/4030/3962 3942/4055/3983 3943/4057/3985
f 3936/4032/3964 3935/4029/3961 3950/4056/3984 3951/4058/3986
f 3929/4033/3965 3928/4031/3963 3943/4057/3985 3944/4059/3987
f 3937/4034/3966 3936/4032/3964 3951/4058/3986 3952/4060/3988
f 3930/4035/3967 3929/4033/3965 3944/4059/3987 3945/4061/3989
f 3938/4036/3968 3937/4034/3966 3952/4060/3988 3953/4045/3975
f 3931/4037/3969 3930/4035/3967 3945/4061/3989 3946/4047/3977
f 3951/4058/3986 3950/4056/3984 3965/4062/3990 3966/4063/3991
f 3944/4059/3987 3943/4057/3985 3958/4064/3992 3959/4065/3993
f 3952/4060/3988 3951/4058/3986 3966/4063/3991 3967/4066/3994
f 3945/4061/3989 3944/4059/3987 3959/4065/3993 3960/4067/3995
f 3953/4045/3975 3952/4060/3988 3967/4066/3994 3968/4068/3996
f 3946/4047/3977 3945/4061/3989 3960/4067/3995 3961/4069/3997
f 3954/4046/3976 3953/4045/3975 3968/4068/3996 3969/4070/3998
f 3947/4048/3978 3946/4047/3977 3961/4069/3997 3962/4071/3999
f 3955/4049/3979 3954/4046/3976 3969/4070/3998 3970/4072/4000
f 3948/4050/3980 3947/4048/3978 3962/4071/3999 3963/4073/4001
f 3941/4052/3981 4091/4074/3812 3956/4075/4002
f 4247/4076/3814 3955/4049/3979 3970/4072/4000
f 3949/4054/3982 3948/4050/3980 3963/4073/4001 3964/4077/4003
f 3942/4055/3983 3941/4052/3981 3956/4075/4002 3957/4078/4004
f 3950/4056/3984 3949/4054/3982 3964/4077/4003 3965/4062/3990
f 3943/4057/3985 3942/4055/3983 3957/4078/4004 3958/4064/3992
f 3970/4072/4000 3969/4070/3998 3984/4079/4005 3985/4080/4006
f 3963/4073/4001 3962/4071/3999 3977/4081/4007 3978/4082/4008
f 3956/4075/4002 4091/4083/3812 3971/4084/4009
f 4247/4085/3814 3970/4072/4000 3985/4080/4006
f 3964/4077/4003 3963/4073/4001 3978/4082/4008 3979/4086/4010
f 3957/4078/4004 3956/4075/4002 3971/4084/4009 3972/4087/4011
f 3965/4062/3990 3964/4077/4003 3979/4086/4010 3980/4088/4012
f 3958/4064/3992 3957/4078/4004 3972/4087/4011 3973/4089/4013
f 3966/4063/3991 3965/4062/3990 3980/4088/4012 3981/4090/4014
f 3959/4065/3993 3958/4064/3992 3973/4089/4013 3974/4091/4015
f 3967/4066/3994 3966/4063/3991 3981/4090/4014 3982/4092/4016
f 3960/4067/3995 3959/4065/3993 3974/4091/4015 3975/4093/4017
f 3968/4068/3996 3967/4066/3994 3982/4092/4016 3983/4094/4018
f 3961/4069/3997 3960/4067/3995 3975/4093/4017 3976/4095/4019
f 3969/4070/3998 3968/4068/3996 3983/4094/4018 3984/4079/4005
f 3962/4071/3999 3961/4069/3997 3976/4095/4019 3977/4081/4007
f 3974/4091/4015 3973/4089/4013 3988/4096/4020 3989/4097/4021
f 3982/4092/4016 3981/4090/4014 3996/4098/4022 3997/4099/4023
f 3975/4093/4017 3974/4091/4015 3989/4097/4021 3990/4100/4024
f 3983/4094/4018 3982/4092/4016 3997/4099/4023 3998/4101/4025
f 3976/4095/4019 3975/4093/4017 3990/4100/4024 3991/4102/4026
f 3984/4079/4005 3983/4094/4018 3998/4101/4025 3999/4103/4027
f 3977/4081/4007 3976/4095/4019 3991/4102/4026 3992/4104/4028
f 3985/4080/4006 3984/4079/4005 3999/4103/4027 4000/4105/4029
f 3978/4082/4008 3977/4081/4007 3992/4104/4028 3993/4106/4030
f 3971/4084/4009 4091/4107/3812 3986/4108/4031
f 4247/4109/3814 3985/4080/4006 4000/4105/4029
f 3979/4086/4010 3978/4082/4008 3993/4106/4030 3994/4110/4032
f 3972/4087/4011 3971/4084/4009 3986/4108/4031 3987/4111/4033
f 3980/4088/4012 3979/4086/4010 3994/4110/4032 3995/4112/4034
f 3973/4089/4013 3972/4087/4011 3987/4111/4033 3988/4096/4020
f 3981/4090/4014 3980/4088/4012 3995/4112/4034 3996/4098/4022
f 3993/4106/4030 3992/4104/4028 4007/4113/4035 4008/4114/4036
f 3986/4108/4031 4091/4115/3812 4001/4116/4037
f 4247/4117/3814 4000/4105/4029 4015/4118/4038
f 3994/4110/4032 3993/4106/4030 4008/4114/4036 4009/4119/4039
f 3987/4111/4033 3986/4108/4031 4001/4116/4037 4002/4120/4040
f 3995/4112/4034 3994/4110/4032 4009/4119/4039 4010/4121/4041
f 3988/4096/4020 3987/4111/4033 4002/4120/4040 4003/4122/4042
f 3996/4098/4022 3995/4112/4034 4010/4121/4041 4011/4123/4043
f 3989/4097/4021 3988/4096/4020 4003/4122/4042 4004/4124/4044
f 3997/4099/4023 3996/4098/4022 4011/4123/4043 4012/4125/4045
f 3990/4100/4024 3989/4097/4021 4004/4124/4044 4005/4126/4046
f 3998/4101/4025 3997/4099/4023 4012/4125/4045 4013/4127/4047
f 3991/4102/4026 3990/4100/4024 4005/4126/4046 4006/4128/4048
f 3999/4103/4027 3998/4101/4025 4013/4127/4047 4014/4129/4049
f 3992/4104/4028 3991/4102/4026 4006/4128/4048 4007/4113/4035
f 4000/4105/4029 3999/4103/4027 4014/4129/4049 4015/4118/4038
f 4012/4125/4045 4011/4123/4043 4026/4130/4050 4027/4131/4051
f 4005/4126/4046 4004/4124/4044 4019/4132/4052 4020/4133/4053
f 4013/4127/4047 4012/4125/4045 4027/4131/4051 4028/4134/4054
f 4006/4128/4048 4005/4126/4046 4020/4133/4053 4021/4135/4055
f 4014/4129/4049 4013/4127/4047 4028/4134/4054 4029/4136/4056
f 4007/4113/4035 4006/4128/4048 4021/4135/4055 4022/4137/4057
f 4015/4118/4038 4014/4129/4049 4029/4136/4056 4030/4138/4058
f 4008/4114/4036 4007/4113/4035 4022/4137/4057 4023/4139/4059
f 4001/4116/4037 4091/4140/3812 4016/4141/4060
f 4247/4142/3814 4015/4118/4038 4030/4138/4058
f 4009/4119/4039 4008/4114/4036 4023/4139/4059 4024/4143/4061
f 4002/4120/4040 4001/4116/4037 4016/4141/4060 4017/4144/4062
f 4010/4121/4041 4009/4119/4039 4024/4143/4061 4025/4145/4063
f 4003/4122/4042 4002/4120/4040 4017/4144/4062 4018/4146/4064
f 4011/4123/4043 4010/4121/4041 4025/4145/4063 4026/4130/4050
f 4004/4124/4044 4003/4122/4042 4018/4146/4064 4019/4132/4052
f 4016/4141/4060 4091/4147/3812 4031/4148/4065
f 4247/4149/3814 4030/4138/4058 4045/4150/4066
f 4024/4143/4061 4023/4139/4059 4038/4151/4067 4039/4152/4068
f 4017/4144/4062 4016/4141/4060 4031/4148/4065 4032/4153/4069
f 4025/4145/4063 4024/4143/4061 4039/4152/4068 4040/4154/4070
f 4018/4146/4064 4017/4144/4062 4032/4153/4069 4033/4155/4071
f 4026/4130/4050 4025/4145/4063 4040/4154/4070 4041/4156/4072
f 4019/4132/4052 4018/4146/4064 4033/4155/4071 4034/4157/4073
f 4027/4131/4051 4026/4130/4050 4041/4156/4072 4042/4158/4074
f 4020/4133/4053 4019/4132/4052 4034/4157/4073 4035/4159/4075
f 4028/4134/4054 4027/4131/4051 4042/4158/4074 4043/4160/4076
f 4021/4135/4055 4020/4133/4053 4035/4159/4075 4036/4161/4077
f 4029/4136/4056 4028/4134/4054 4043/4160/4076 4044/4162/4078
f 4022/4137/4057 4021/4135/4055 4036/4161/4077 4037/4163/4079
f 4030/4138/4058 4029/4136/4056 4044/4162/4078 4045/4150/4066
f 4023/4139/4059 4022/4137/4057 4037/4163/4079 4038/4151/4067
f 4035/4159/4075 4034/4157/4073 4049/4164/4080 4050/4165/4081
f 4043/4160/4076 4042/4158/4074 4057/4166/4082 4058/4167/4083
f 4036/4161/4077 4035/4159/4075 4050/4165/4081 4051/4168/4084
f 4044/4162/4078 4043/4160/4076 4058/4167/4083 4059/4169/4085
f 4037/4163/4079 4036/4161/4077 4051/4168/4084 4052/4170/4086
f 4045/4150/4066 4044/4162/4078 4059/4169/4085 4060/4171/4087
f 4038/4151/4067 4037/4163/4079 4052/4170/4086 4053/4172/4088
f 4031/4148/4065 4091/4173/3812 4046/4174/4089
f 4247/4175/3814 4045/4150/4066 4060/4171/4087
f 4039/4152/4068 4038/4151/4067 4053/4172/4088 4054/4176/4090
f 4032/4153/4069 4031/4148/4065 4046/4174/4089 4047/4177/4091
f 4040/4154/4070 4039/4152/4068 4054/4176/4090 4055/4178/4092
f 4033/4155/4071 4032/4153/4069 4047/4177/4091 4048/4179/4093
f 4041/4156/4072 4040/4154/4070 4055/4178/4092 4056/4180/4094
f 4034/4157/4073 4033/4155/4071 4048/4179/4093 4049/4164/4080
f 4042/4158/4074 4041/4156/4072 4056/4180/4094 4057/4166/4082
f 4054/4176/4090 4053/4172/4088 4068/4181/4095 4069/4182/4096
f 4047/4177/4091 4046/4174/4089 4061/4183/4097 4062/4184/4098
f 4055/4178/4092 4054/4176/4090 4069/4182/4096 4070/4185/4099
f 4048/4179/4093 4047/4177/4091 4062/4184/4098 4063/4186/4100
f 4056/4180/4094 4055/4178/4092 4070/4185/4099 4071/4187/4101
f 4049/4164/4080 4048/4179/4093 4063/4186/4100 4064/4188/4102
f 4057/4166/4082 4056/4180/4094 4071/4187/4101 4072/4189/4103
f 4050/4165/4081 4049/4164/4080 4064/4188/4102 4065/4190/4104
f 4058/4167/4083 4057/4166/4082 4072/4189/4103 4073/4191/4105
f 4051/4168/4084 4050/4165/4081 4065/4190/4104 4066/4192/4106
f 4059/4169/4085 4058/4167/4083 4073/4191/4105 4074/4193/4107
f 4052/4170/4086 4051/4168/4084 4066/4192/4106 4067/4194/4108
f 4060/4171/4087 4059/4169/4085 4074/4193/4107 4075/4195/4109
f 4053/4172/4088 4052/4170/4086 4067/4194/4108 4068/4181/4095
f 4046/4174/4089 4091/4196/3812 4061/4183/4097
f 4247/4197/3814 4060/4171/4087 4075/4195/4109
f 4073/4191/4105 4072/4189/4103 4087/4198/4110 4088/4199/4111
f 4066/4192/4106 4065/4190/4104 4080/4200/4112 4081/4201/4113
f 4074/4193/4107 4073/4191/4105 4088/4199/4111 4089/4202/4114
f 4067/4194/4108 4066/4192/4106 4081/4201/4113 4082/4203/4115
f 4075/4195/4109 4074/4193/4107 4089/4202/4114 4090/4204/4116
f 4068/4181/4095 4067/4194/4108 4082/4203/4115 4083/4205/4117
f 4061/4183/4097 4091/4206/3812 4076/4207/4118
f 4247/4208/3814 4075/4195/4109 4090/4204/4116
f 4069/4182/4096 4068/4181/4095 4083/4205/4117 4084/4209/4119
f 4062/4184/4098 4061/4183/4097 4076/4207/4118 4077/4210/4120
f 4070/4185/4099 4069/4182/4096 4084/4209/4119 4085/4211/4121
f 4063/4186/4100 4062/4184/4098 4077/4210/4120 4078/4212/4122
f 4071/4187/4101 4070/4185/4099 4085/4211/4121 4086/4213/4123
f 4064/4188/4102 4063/4186/4100 4078/4212/4122 4079/4214/4124
f 4072/4189/4103 4071/4187/4101 4086/4213/4123 4087/4198/4110
f 4065/4190/4104 4064/4188/4102 4079/4214/4124 4080/4200/4112
f 4085/4211/4121 4084/4209/4119 4100/4215/4125 4101/4216/4126
f 4078/4212/4122 4077/4210/4120 4093/4217/4127 4094/4218/4128
f 4086/4213/4123 4085/4211/4121 4101/4216/4126 4102/4219/4129
f 4079/4214/4124 4078/4212/4122 4094/4218/4128 4095/4220/4130
f 4087/4198/4110 4086/4213/4123 4102/4219/4129 4103/4221/4131
f 4080/4200/4112 4079/4214/4124 4095/4220/4130 4096/4222/4132
f 4088/4199/4111 4087/4198/4110 4103/4221/4131 4104/4223/4133
f 4081/4201/4113 4080/4200/4112 4096/4222/4132 4097/4224/4134
f 4089/4202/4114 4088/4199/4111 4104/4223/4133 4105/4225/4135
f 4082/4203/4115 4081/4201/4113 4097/4224/4134 4098/4226/4136
f 4090/4204/4116 4089/4202/4114 4105/4225/4135 4106/4227/4137
f 4083/4205/4117 4082/4203/4115 4098/4226/4136 4099/4228/4138
f 4076/4207/4118 4091/4229/3812 4092/4230/4139
f 4247/4231/3814 4090/4204/4116 4106/4227/4137
f 4084/4209/4119 4083/4205/4117 4099/4228/4138 4100/4215/4125
f 4077/4210/4120 4076/4207/4118 4092/4230/4139 4093/4217/4127
f 4105/4225/4135 4104/4223/4133 4119/4232/4140 4120/4233/4141
f 4098/4226/4136 4097/4224/4134 4112/4234/4142 4113/4235/4143
f 4106/4227/4137 4105/4225/4135 4120/4233/4141 4121/4236/4144
f 4099/4228/4138 4098/4226/4136 4113/4235/4143 4114/4237/4145
f 4092/4230/4139 4091/4238/3812 4107/4239/4146
f 4247/4240/3814 4106/4227/4137 4121/4236/4144
f 4100/4215/4125 4099/4228/4138 4114/4237/4145 4115/4241/4147
f 4093/4217/4127 4092/4230/4139 4107/4239/4146 4108/4242/4148
f 4101/4216/4126 4100/4215/4125 4115/4241/4147 4116/4243/4149
f 4094/4218/4128 4093/4217/4127 4108/4242/4148 4109/4244/4150
f 4102/4219/4129 4101/4216/4126 4116/4243/4149 4117/4245/4151
f 4095/4220/4130 4094/4218/4128 4109/4244/4150 4110/4246/4152
f 4103/4221/4131 4102/4219/4129 4117/4245/4151 4118/4247/4153
f 4096/4222/4132 4095/4220/4130 4110/4246/4152 4111/4248/4154
f 4104/4223/4133 4103/4221/4131 4118/4247/4153 4119/4232/4140
f 4097/4224/4134 4096/4222/4132 4111/4248/4154 4112/4234/4142
f 4109/4244/4150 4108/4242/4148 4123/4249/4155 4124/4250/4156
f 4117/4245/4151 4116/4243/4149 4131/4251/4157 4132/4252/4158
f 4110/4246/4152 4109/4244/4150 4124/4250/4156 4125/4253/4159
f 4118/4247/4153 4117/4245/4151 4132/4252/4158 4133/4254/4160
f 4111/4248/4154 4110/4246/4152 4125/4253/4159 4126/4255/4161
f 4119/4232/4140 4118/4247/4153 4133/4254/4160 4134/4256/4162
f 4112/4234/4142 4111/4248/4154 4126/4255/4161 4127/4257/4163
f 4120/4233/4141 4119/4232/4140 4134/4256/4162 4135/4258/4164
f 4113/4235/4143 4112/4234/4142 4127/4257/4163 4128/4259/4165
f 4121/4236/4144 4120/4233/4141 4135/4258/4164 4136/4260/4166
f 4114/4237/4145 4113/4235/4143 4128/4259/4165 4129/4261/4167
f 4107/4239/4146 4091/4262/3812 4122/4263/4168
f 4247/4264/3814 4121/4236/4144 4136/4260/4166
f 4115/4241/4147 4114/4237/4145 4129/4261/4167 4130/4265/4169
f 4108/4242/4148 4107/4239/4146 4122/4263/4168 4123/4249/4155
f 4116/4243/4149 4115/4241/4147 4130/4265/4169 4131/4251/4157
f 4128/4266/4165 4127/4267/4163 4142/4268/4170 4143/4269/4171
f 4136/4270/4166 4135/4271/4164 4150/4272/4172 4151/4273/4173
f 4129/4274/4167 4128/4266/4165 4143/4269/4171 4144/4275/4174
f 4122/4276/4168 4091/4277/3812 4137/4278/4175
f 4247/4279/3814 4136/4270/4166 4151/4273/4173
f 4130/4280/4169 4129/4274/4167 4144/4275/4174 4145/4281/4176
f 4123/4282/4155 4122/4276/4168 4137/4278/4175 4138/4283/4177
f 4131/4284/4157 4130/4280/4169 4145/4281/4176 4146/4285/4178
f 4124/4286/4156 4123/4282/4155 4138/4283/4177 4139/4287/4179
f 4132/4288/4158 4131/4284/4157 4146/4285/4178 4147/4289/4180
f 4125/4290/4159 4124/4286/4156 4139/4287/4179 4140/4291/4181
f 4133/4292/4160 4132/4288/4158 4147/4289/4180 4148/4293/4182
f 4126/4294/4161 4125/4290/4159 4140/4291/4181 4141/4295/4183
f 4134/4296/4162 4133/4292/4160 4148/4293/4182 4149/4297/4184
f 4127/4267/4163 4126/4294/4161 4141/4295/4183 4142/4268/4170
f 4135/4271/4164 4134/4296/4162 4149/4297/4184 4150/4272/4172
f 4147/4289/4180 4146/4285/4178 4161/4298/4185 4162/4299/4186
f 4140/4291/4181 4139/4287/4179 4154/4300/4187 4155/4301/4188
f 4148/4293/4182 4147/4289/4180 4162/4299/4186 4163/4302/4189
f 4141/4295/4183 4140/4291/4181 4155/4301/4188 4156/4303/4190
f 4149/4297/4184 4148/4293/4182 4163/4302/4189 4164/4304/4191
f 4142/4268/4170 4141/4295/4183 4156/4303/4190 4157/4305/4192
f 4150/4272/4172 4149/4297/4184 4164/4304/4191 4165/4306/4193
f 4143/4269/4171 4142/4268/4170 4157/4305/4192 4158/4307/4194
f 4151/4273/4173 4150/4272/4172 4165/4306/4193 4166/4308/4195
f 4144/4275/4174 4143/4269/4171 4158/4307/4194 4159/4309/4196
f 4137/4278/4175 4091/4310/3812 4152/4311/4197
f 4247/4312/3814 4151/4273/4173 4166/4308/4195
f 4145/4281/4176 4144/4275/4174 4159/4309/4196 4160/4313/4198
f 4138/4283/4177 4137/4278/4175 4152/4311/4197 4153/4314/4199
f 4146/4285/4178 4145/4281/4176 4160/4313/4198 4161/4298/4185
f 4139/4287/4179 4138/4283/4177 4153/4314/4199 4154/4300/4187
f 4166/4308/4195 4165/4306/4193 4180/4315/4200 4181/4316/4201
f 4159/4309/4196 4158/4307/4194 4173/4317/4202 4174/4318/4203
f 4152/4311/4197 4091/4319/3812 4167/4320/4204
f 4247/4321/3814 4166/4308/4195 4181/4316/4201
f 4160/4313/4198 4159/4309/4196 4174/4318/4203 4175/4322/4205
f 4153/4314/4199 4152/4311/4197 4167/4320/4204 4168/4323/4206
f 4161/4298/4185 4160/4313/4198 4175/4322/4205 4176/4324/4207
f 4154/4300/4187 4153/4314/4199 4168/4323/4206 4169/4325/4208
f 4162/4299/4186 4161/4298/4185 4176/4324/4207 4177/4326/4209
f 4155/4301/4188 4154/4300/4187 4169/4325/4208 4170/4327/4210
f 4163/4302/4189 4162/4299/4186 4177/4326/4209 4178/4328/4211
f 4156/4303/4190 4155/4301/4188 4170/4327/4210 4171/4329/4212
f 4164/4304/4191 4163/4302/4189 4178/4328/4211 4179/4330/4213
f 4157/4305/4192 4156/4303/4190 4171/4329/4212 4172/4331/4214
f 4165/4306/4193 4164/4304/4191 4179/4330/4213 4180/4315/4200
f 4158/4307/4194 4157/4305/4192 4172/4331/4214 4173/4317/4202
f 4170/4327/4210 4169/4325/4208 4184/4332/4215 4185/4333/4216
f 4178/4328/4211 4177/4326/4209 4192/4334/4217 4193/4335/4218
f 4171/4329/4212 4170/4327/4210 4185/4333/4216 4186/4336/4219
f 4179/4330/4213 4178/4328/4211 4193/4335/4218 4194/4337/4220
f 4172/4331/4214 4171/4329/4212 4186/4336/4219 4187/4338/4221
f 4180/4315/4200 4179/4330/4213 4194/4337/4220 4195/4339/4222
f 4173/4317/4202 4172/4331/4214 4187/4338/4221 4188/4340/4223
f 4181/4316/4201 4180/4315/4200 4195/4339/4222 4196/4341/4224
f 4174/4318/4203 4173/4317/4202 4188/4340/4223 4189/4342/4225
f 4167/4320/4204 4091/4343/3812 4182/4344/4226
f 4247/4345/3814 4181/4316/4201 4196/4341/4224
f 4175/4322/4205 4174/4318/4203 4189/4342/4225 4190/4346/4227
f 4168/4323/4206 4167/4320/4204 4182/4344/4226 4183/4347/4228
f 4176/4324/4207 4175/4322/4205 4190/4346/4227 4191/4348/4229
f 4169/4325/4208 4168/4323/4206 4183/4347/4228 4184/4332/4215
f 4177/4326/4209 4176/4324/4207 4191/4348/4229 4192/4334/4217
f 4189/4342/4225 4188/4340/4223 4203/4349/4230 4204/4350/4231
f 4182/4344/4226 4091/4351/3812 4197/4352/4232
f 4247/4353/3814 4196/4341/4224 4211/4354/4233
f 4190/4346/4227 4189/4342/4225 4204/4350/4231 4205/4355/4234
f 4183/4347/4228 4182/4344/4226 4197/4352/4232 4198/4356/4235
f 4191/4348/4229 4190/4346/4227 4205/4355/4234 4206/4357/4236
f 4184/4332/4215 4183/4347/4228 4198/4356/4235 4199/4358/4237
f 4192/4334/4217 4191/4348/4229 4206/4357/4236 4207/4359/4238
f 4185/4333/4216 4184/4332/4215 4199/4358/4237 4200/4360/4239
f 4193/4335/4218 4192/4334/4217 4207/4359/4238 4208/4361/4240
f 4186/4336/4219 4185/4333/4216 4200/4360/4239 4201/4362/4241
f 4194/4337/4220 4193/4335/4218 4208/4361/4240 4209/4363/4242
f 4187/4338/4221 4186/4336/4219 4201/4362/4241 4202/4364/4243
f 4195/4339/4222 4194/4337/4220 4209/4363/4242 4210/4365/4244
f 4188/4340/4223 4187/4338/4221 4202/4364/4243 4203/4349/4230
f 4196/4341/4224 4195/4339/4222 4210/4365/4244 4211/4354/4233
f 4208/4361/4240 4207/4359/4238 4222/4366/4245 4223/4367/4246
f 4201/4362/4241 4200/4360/4239 4215/4368/4247 4216/4369/4248
f 4209/4363/4242 4208/4361/4240 4223/4367/4246 4224/4370/4249
f 4202/4364/4243 4201/4362/4241 4216/4369/4248 4217/4371/4250
f 4210/4365/4244 4209/4363/4242 4224/4370/4249 4225/4372/4251
f 4203/4349/4230 4202/4364/4243 4217/4371/4250 4218/4373/4252
f 4211/4354/4233 4210/4365/4244 4225/4372/4251 4226/4374/4253
f 4204/4350/4231 4203/4349/4230 4218/4373/4252 4219/4375/4254
f 4197/4352/4232 4091/4376/3812 4212/4377/4255
f 4247/4378/3814 4211/4354/4233 4226/4374/4253
f 4205/4355/4234 4204/4350/4231 4219/4375/4254 4220/4379/4256
f 4198/4356/4235 4197/4352/4232 4212/4377/4255 4213/4380/4257
f 4206/4357/4236 4205/4355/4234 4220/4379/4256 4221/4381/4258
f 4199/4358/4237 4198/4356/4235 4213/4380/4257 4214/4382/4259
f 4207/4359/4238 4206/4357/4236 4221/4381/4258 4222/4366/4245
f 4200/4360/4239 4199/4358/4237 4214/4382/4259 4215/4368/4247
f 4247/4383/3814 4226/4374/4253 4241/4384/4260
f 4220/4379/4256 4219/4375/4254 4234/4385/4261 4235/4386/4262
f 4213/4380/4257 4212/4377/4255 4227/4387/4263 4228/4388/4264
f 4221/4381/4258 4220/4379/4256 4235/4386/4262 4236/4389/4265
f 4214/4382/4259 4213/4380/4257 4228/4388/4264 4229/4390/4266
f 4222/4366/4245 4221/4381/4258 4236/4389/4265 4237/4391/4267
f 4215/4368/4247 4214/4382/4259 4229/4390/4266 4230/4392/4268
f 4223/4367/4246 4222/4366/4245 4237/4391/4267 4238/4393/4269
f 4216/4369/4248 4215/4368/4247 4230/4392/4268 4231/4394/4270
f 4224/4370/4249 4223/4367/4246 4238/4393/4269 4239/4395/4271
f 4217/4371/4250 4216/4369/4248 4231/4394/4270 4232/4396/4272
f 4225/4372/4251 4224/4370/4249 4239/4395/4271 4240/4397/4273
f 4218/4373/4252 4217/4371/4250 4232/4396/4272 4233/4398/4274
f 4226/4374/4253 4225/4372/4251 4240/4397/4273 4241/4384/4260
f 4219/4375/4254 4218/4373/4252 4233/4398/4274 4234/4385/4261
f 4212/4377/4255 4091/4399/3812 4227/4387/4263
f 4239/4395/4271 4238/4393/4269 3774/3848/3798 3775/3847/3797
f 4232/4396/4272 4231/4394/4270 3770/3843/3793 3771/3851/3801
f 4240/4397/4273 4239/4395/4271 3775/3847/3797 4245/3853/3803
f 4233/4398/4274 4232/4396/4272 3771/3851/3801 3772/3855/3805
f 4241/4384/4260 4240/4397/4273 4245/3853/3803 4246/3857/3807
f 4234/4385/4261 4233/4398/4274 3772/3855/3805 4242/3859/3809
f 4227/4387/4263 4091/4400/3812 3766/3861/3811
f 4247/4401/3814 4241/4384/4260 4246/3857/3807
f 4235/4386/4262 4234/4385/4261 4242/3859/3809 4243/3865/3815
f 4228/4388/4264 4227/4387/4263 3766/3861/3811 3767/3867/3817
f 4236/4389/4265 4235/4386/4262 4243/3865/3815 4244/3869/3819
f 4229/4390/4266 4228/4388/4264 3767/3867/3817 3768/3871/3821
f 4237/4391/4267 4236/4389/4265 4244/3869/3819 3773/3873/3823
f 4230/4392/4268 4229/4390/4266 3768/3871/3821 3769/3844/3794
f 4238/4393/4269 4237/4391/4267 3773/3873/3823 3774/3848/3798
f 4231/4394/4270 4230/4392/4268 3769/3844/3794 3770/3843/3793
