# Blender v3.0.0 OBJ File: 'rook.blend'
# www.blender.org
mtllib models/chess_materials/ChessWhite.mtl
o Rook_Plane.003
v 0.419870 0.000000 -0.006170
v 0.240596 0.000000 -0.005084
v 0.235958 -0.046935 -0.005084
v 0.411774 -0.081907 -0.006170
v 0.000000 0.000000 0.000000
v 0.222283 -0.092073 -0.005084
v 0.387907 -0.160677 -0.006170
v 0.200035 -0.133660 -0.005084
v 0.349086 -0.233252 -0.006170
v 0.170127 -0.170128 -0.005084
v 0.296892 -0.296893 -0.006170
v 0.133659 -0.200036 -0.005084
v 0.233252 -0.349087 -0.006170
v 0.092072 -0.222283 -0.005084
v 0.160677 -0.387909 -0.006170
v 0.046934 -0.235959 -0.005084
v 0.081906 -0.411775 -0.006170
v 0.000000 -0.240597 -0.005084
v 0.000000 -0.419869 -0.006170
v -0.046936 -0.235959 -0.005084
v -0.081907 -0.411775 -0.006170
v -0.092074 -0.222283 -0.005084
v -0.160677 -0.387909 -0.006170
v -0.133661 -0.200036 -0.005084
v -0.233252 -0.349087 -0.006170
v -0.170129 -0.170128 -0.005084
v -0.296893 -0.296893 -0.006170
v -0.200036 -0.133660 -0.005084
v -0.349087 -0.233252 -0.006170
v -0.222283 -0.092073 -0.005084
v -0.387910 -0.160677 -0.006170
v -0.235960 -0.046935 -0.005084
v -0.411776 -0.081907 -0.006170
v -0.240597 0.000000 -0.005084
v -0.419870 0.000000 -0.006170
v -0.235960 0.046935 -0.005084
v -0.411776 0.081907 -0.006170
v -0.222283 0.092072 -0.005084
v -0.387910 0.160677 -0.006170
v -0.200036 0.133660 -0.005084
v -0.349087 0.233252 -0.006170
v -0.170129 0.170128 -0.005084
v -0.296893 0.296893 -0.006170
v -0.133661 0.200036 -0.005084
v -0.233252 0.349086 -0.006170
v -0.092074 0.222283 -0.005084
v -0.160677 0.387909 -0.006170
v -0.046936 0.235959 -0.005084
v -0.081907 0.411776 -0.006170
v 0.000000 0.240597 -0.005084
v 0.000000 0.419870 -0.006170
v 0.046934 0.235959 -0.005084
v 0.081906 0.411775 -0.006170
v 0.092072 0.222283 -0.005084
v 0.160677 0.387908 -0.006170
v 0.133659 0.200036 -0.005084
v 0.233252 0.349086 -0.006170
v 0.170127 0.170128 -0.005084
v 0.296893 0.296892 -0.006170
v 0.200035 0.133660 -0.005084
v 0.349086 0.233252 -0.006170
v 0.222283 0.092072 -0.005084
v 0.387907 0.160677 -0.006170
v 0.235958 0.046935 -0.005084
v 0.411774 0.081907 -0.006170
v 0.000217 0.000001 1.481128
v 0.016237 0.000218 1.481941
v 0.015966 -0.002954 1.481941
v 0.000214 -0.000042 1.481128
v 0.038324 0.001742 1.483202
v 0.037924 -0.005768 1.483202
v 0.036073 -0.013057 1.483202
v 0.015085 -0.006012 1.481941
v 0.000202 -0.000083 1.481128
v 0.013620 -0.008839 1.481941
v 0.000182 -0.000121 1.481128
v 0.032830 -0.019842 1.483202
v 0.028330 -0.025867 1.483202
v 0.011635 -0.011327 1.481941
v 0.000155 -0.000154 1.481128
v 0.009200 -0.013378 1.481941
v 0.000121 -0.000182 1.481128
v 0.022739 -0.030897 1.483202
v 0.016274 -0.034741 1.483202
v 0.006415 -0.014917 1.481941
v 0.000082 -0.000202 1.481128
v 0.003381 -0.015881 1.481941
v 0.000043 -0.000214 1.481128
v 0.009184 -0.037246 1.483202
v 0.001742 -0.038324 1.483202
v 0.000217 -0.016237 1.481941
v 0.000000 -0.000218 1.481128
v -0.002955 -0.015967 1.481941
v -0.000043 -0.000214 1.481128
v -0.005770 -0.037926 1.483202
v -0.013057 -0.036073 1.483202
v -0.006013 -0.015084 1.481941
v -0.000084 -0.000202 1.481128
v -0.008839 -0.013621 1.481941
v -0.000122 -0.000182 1.481128
v -0.019843 -0.032830 1.483202
v -0.025868 -0.028330 1.483202
v -0.011328 -0.011635 1.481941
v -0.000156 -0.000154 1.481128
v -0.013380 -0.009201 1.481941
v -0.000183 -0.000121 1.481128
v -0.030898 -0.022738 1.483202
v -0.034742 -0.016274 1.483202
v -0.014918 -0.006415 1.481941
v -0.000203 -0.000083 1.481128
v -0.015883 -0.003380 1.481941
v -0.000215 -0.000042 1.481128
v -0.037247 -0.009184 1.483202
v -0.038325 -0.001741 1.483202
v -0.016238 -0.000217 1.481941
v -0.000219 0.000001 1.481128
v -0.015968 0.002955 1.481941
v -0.000215 0.000044 1.481128
v -0.037927 0.005769 1.483202
v -0.036074 0.013058 1.483202
v -0.015085 0.006014 1.481941
v -0.000203 0.000084 1.481128
v -0.013621 0.008840 1.481941
v -0.000183 0.000122 1.481128
v -0.032832 0.019844 1.483202
v -0.028331 0.025869 1.483202
v -0.011636 0.011327 1.481941
v -0.000156 0.000155 1.481128
v -0.009202 0.013380 1.481941
v -0.000122 0.000182 1.481128
v -0.022738 0.030897 1.483202
v -0.016276 0.034742 1.483202
v -0.006415 0.014919 1.481941
v -0.000084 0.000203 1.481128
v -0.003381 0.015882 1.481941
v -0.000043 0.000215 1.481128
v -0.009185 0.037247 1.483202
v -0.001741 0.038325 1.483202
v -0.000219 0.016238 1.481941
v 0.000000 0.000218 1.481128
v 0.002954 0.015967 1.481941
v 0.000043 0.000215 1.481128
v 0.005767 0.037926 1.483202
v 0.013058 0.036074 1.483202
v 0.006012 0.015086 1.481941
v 0.000082 0.000203 1.481128
v 0.008840 0.013621 1.481941
v 0.000121 0.000182 1.481128
v 0.019842 0.032832 1.483202
v 0.025867 0.028331 1.483202
v 0.011326 0.011636 1.481941
v 0.000155 0.000155 1.481128
v 0.013379 0.009202 1.481941
v 0.000182 0.000122 1.481128
v 0.030895 0.022739 1.483202
v 0.034741 0.016276 1.483202
v 0.014918 0.006416 1.481941
v 0.000202 0.000084 1.481128
v 0.015881 0.003382 1.481941
v 0.000214 0.000044 1.481128
v 0.037245 0.009185 1.483202
v 0.354500 0.000001 1.368540
v 0.345446 0.000001 1.327315
v 0.338788 -0.067388 1.327315
v 0.347667 -0.069154 1.368540
v 0.345352 0.000001 1.311643
v 0.338693 -0.067370 1.311643
v 0.319064 -0.132160 1.311643
v 0.319151 -0.132196 1.327315
v 0.327517 -0.135661 1.368540
v 0.287209 -0.191907 1.327315
v 0.294737 -0.196937 1.368540
v 0.287130 -0.191854 1.311643
v 0.244200 -0.244200 1.311643
v 0.244268 -0.244268 1.327315
v 0.250670 -0.250669 1.368540
v 0.191907 -0.287209 1.327315
v 0.196937 -0.294738 1.368540
v 0.191854 -0.287131 1.311643
v 0.132161 -0.319063 1.311643
v 0.132197 -0.319152 1.327315
v 0.135661 -0.327516 1.368540
v 0.067389 -0.338788 1.327315
v 0.069154 -0.347667 1.368540
v 0.067369 -0.338694 1.311643
v 0.000000 -0.345352 1.311643
v 0.000000 -0.345447 1.327315
v 0.000000 -0.354502 1.368540
v -0.067390 -0.338788 1.327315
v -0.069156 -0.347667 1.368540
v -0.067371 -0.338694 1.311643
v -0.132160 -0.319063 1.311643
v -0.132198 -0.319152 1.327315
v -0.135663 -0.327516 1.368540
v -0.191908 -0.287209 1.327315
v -0.196938 -0.294738 1.368540
v -0.191856 -0.287131 1.311643
v -0.244201 -0.244200 1.311643
v -0.244268 -0.244268 1.327315
v -0.250671 -0.250669 1.368540
v -0.287211 -0.191907 1.327315
v -0.294739 -0.196937 1.368540
v -0.287131 -0.191854 1.311643
v -0.319064 -0.132160 1.311643
v -0.319153 -0.132196 1.327315
v -0.327518 -0.135661 1.368540
v -0.338789 -0.067388 1.327315
v -0.347668 -0.069154 1.368540
v -0.338696 -0.067369 1.311643
v -0.345352 0.000001 1.311643
v -0.345448 0.000001 1.327315
v -0.354502 0.000001 1.368540
v -0.338789 0.067390 1.327315
v -0.347668 0.069156 1.368540
v -0.338696 0.067371 1.311643
v -0.319064 0.132161 1.311643
v -0.319153 0.132197 1.327315
v -0.327518 0.135662 1.368540
v -0.287211 0.191909 1.327315
v -0.294739 0.196938 1.368540
v -0.287131 0.191855 1.311643
v -0.244201 0.244202 1.311643
v -0.244268 0.244269 1.327315
v -0.250671 0.250671 1.368540
v -0.191908 0.287211 1.327315
v -0.196938 0.294739 1.368540
v -0.191856 0.287132 1.311643
v -0.132160 0.319064 1.311643
v -0.132198 0.319152 1.327315
v -0.135663 0.327518 1.368540
v -0.067390 0.338789 1.327315
v -0.069156 0.347668 1.368540
v -0.067371 0.338695 1.311643
v 0.000000 0.345353 1.311643
v 0.000000 0.345448 1.327315
v 0.000000 0.354502 1.368540
v 0.067389 0.338789 1.327315
v 0.069154 0.347668 1.368540
v 0.067369 0.338695 1.311643
v 0.132161 0.319064 1.311643
v 0.132197 0.319152 1.327315
v 0.135661 0.327518 1.368540
v 0.191907 0.287211 1.327315
v 0.196938 0.294739 1.368540
v 0.191854 0.287132 1.311643
v 0.244200 0.244202 1.311643
v 0.244268 0.244268 1.327315
v 0.250670 0.250671 1.368540
v 0.287209 0.191909 1.327315
v 0.294737 0.196938 1.368540
v 0.287130 0.191855 1.311643
v 0.319064 0.132161 1.311643
v 0.319151 0.132197 1.327315
v 0.327517 0.135662 1.368540
v 0.338788 0.067390 1.327315
v 0.347667 0.069156 1.368540
v 0.338693 0.067371 1.311643
v 0.256740 0.010448 1.131824
v 0.263597 0.010448 1.106144
v 0.260553 -0.041175 1.106144
v 0.253829 -0.039837 1.131824
v 0.268893 0.010448 1.074330
v 0.265747 -0.042208 1.074330
v 0.252422 -0.093247 1.074330
v 0.247529 -0.091222 1.106144
v 0.241196 -0.088597 1.131824
v 0.224963 -0.137750 1.106144
v 0.219263 -0.133942 1.131824
v 0.229367 -0.140692 1.074330
v 0.197525 -0.182749 1.074330
v 0.193779 -0.179002 1.106144
v 0.188931 -0.174154 1.131824
v 0.155123 -0.213354 1.106144
v 0.151315 -0.207655 1.131824
v 0.158066 -0.217758 1.074330
v 0.112553 -0.244426 1.074330
v 0.110528 -0.239533 1.106144
v 0.107903 -0.233200 1.131824
v 0.061669 -0.256477 1.106144
v 0.060331 -0.249753 1.131824
v 0.062702 -0.261671 1.074330
v 0.010448 -0.268894 1.074330
v 0.010448 -0.263596 1.106144
v 0.010448 -0.256741 1.131824
v -0.041176 -0.260553 1.106144
v -0.039838 -0.253829 1.131824
v -0.042208 -0.265747 1.074330
v -0.093248 -0.252423 1.074330
v -0.091222 -0.247530 1.106144
v -0.088597 -0.241196 1.131824
v -0.137751 -0.224963 1.106144
v -0.133942 -0.219263 1.131824
v -0.140693 -0.229366 1.074330
v -0.182749 -0.197524 1.074330
v -0.179003 -0.193780 1.106144
v -0.174155 -0.188932 1.131824
v -0.213356 -0.155125 1.106144
v -0.207656 -0.151315 1.131824
v -0.217758 -0.158066 1.074330
v -0.244428 -0.112553 1.074330
v -0.239535 -0.110527 1.106144
v -0.233201 -0.107903 1.131824
v -0.256478 -0.061669 1.106144
v -0.249755 -0.060331 1.131824
v -0.261672 -0.062702 1.074330
v -0.268894 -0.010447 1.074330
v -0.263598 -0.010447 1.106144
v -0.256742 -0.010447 1.131824
v -0.260555 0.041176 1.106144
v -0.253831 0.039837 1.131824
v -0.265748 0.042209 1.074330
v -0.252424 0.093248 1.074330
v -0.247532 0.091222 1.106144
v -0.241196 0.088598 1.131824
v -0.224964 0.137751 1.106144
v -0.219263 0.133942 1.131824
v -0.229368 0.140693 1.074330
v -0.197524 0.182749 1.074330
v -0.193780 0.179003 1.106144
v -0.188932 0.174155 1.131824
v -0.155126 0.213356 1.106144
v -0.151316 0.207655 1.131824
v -0.158067 0.217758 1.074330
v -0.112555 0.244427 1.074330
v -0.110528 0.239534 1.106144
v -0.107904 0.233200 1.131824
v -0.061669 0.256478 1.106144
v -0.060332 0.249755 1.131824
v -0.062703 0.261671 1.074330
v -0.010448 0.268893 1.074330
v -0.010448 0.263597 1.106144
v -0.010448 0.256742 1.131824
v 0.041174 0.260555 1.106144
v 0.039837 0.253831 1.131824
v 0.042208 0.265748 1.074330
v 0.093247 0.252423 1.074330
v 0.091221 0.247530 1.106144
v 0.088598 0.241197 1.131824
v 0.137750 0.224963 1.106144
v 0.133942 0.219263 1.131824
v 0.140692 0.229367 1.074330
v 0.182748 0.197525 1.074330
v 0.179003 0.193779 1.106144
v 0.174155 0.188931 1.131824
v 0.213353 0.155125 1.106144
v 0.207653 0.151316 1.131824
v 0.217758 0.158066 1.074330
v 0.244426 0.112554 1.074330
v 0.239534 0.110528 1.106144
v 0.233198 0.107903 1.131824
v 0.256477 0.061669 1.106144
v 0.249752 0.060332 1.131824
v 0.261671 0.062703 1.074330
v 0.269285 0.010448 1.007971
v 0.268862 0.010448 0.970051
v 0.265717 -0.042202 0.970051
v 0.266132 -0.042284 1.007971
v 0.269368 0.010448 0.929809
v 0.266214 -0.042301 0.929809
v 0.252862 -0.093430 0.929809
v 0.252395 -0.093235 0.970051
v 0.252785 -0.093397 1.007971
v 0.229340 -0.140675 0.970051
v 0.229693 -0.140910 1.007971
v 0.229762 -0.140956 0.929809
v 0.197860 -0.183084 0.929809
v 0.197502 -0.182726 0.970051
v 0.197801 -0.183025 1.007971
v 0.158048 -0.217732 0.970051
v 0.158285 -0.218084 1.007971
v 0.158330 -0.218153 0.929809
v 0.112736 -0.244865 0.929809
v 0.112542 -0.244397 0.970051
v 0.112704 -0.244789 1.007971
v 0.062696 -0.261640 0.970051
v 0.062778 -0.262056 1.007971
v 0.062794 -0.262138 0.929809
v 0.010448 -0.269368 0.929809
v 0.010448 -0.268861 0.970051
v 0.010448 -0.269286 1.007971
v -0.042203 -0.265717 0.970051
v -0.042285 -0.266132 1.007971
v -0.042301 -0.266214 0.929809
v -0.093431 -0.252862 0.929809
v -0.093236 -0.252395 0.970051
v -0.093398 -0.252785 1.007971
v -0.140675 -0.229340 0.970051
v -0.140911 -0.229693 1.007971
v -0.140957 -0.229762 0.929809
v -0.183085 -0.197860 0.929809
v -0.182727 -0.197503 0.970051
v -0.183025 -0.197802 1.007971
v -0.217733 -0.158048 0.970051
v -0.218085 -0.158284 1.007971
v -0.218154 -0.158331 0.929809
v -0.244866 -0.112736 0.929809
v -0.244399 -0.112542 0.970051
v -0.244789 -0.112704 1.007971
v -0.261641 -0.062695 0.970051
v -0.262057 -0.062779 1.007971
v -0.262138 -0.062795 0.929809
v -0.269369 -0.010448 0.929809
v -0.268863 -0.010447 0.970051
v -0.269287 -0.010447 1.007971
v -0.265717 0.042203 0.970051
v -0.266134 0.042284 1.007971
v -0.266215 0.042301 0.929809
v -0.252863 0.093430 0.929809
v -0.252396 0.093236 0.970051
v -0.252786 0.093398 1.007971
v -0.229341 0.140675 0.970051
v -0.229693 0.140911 1.007971
v -0.229762 0.140957 0.929809
v -0.197862 0.183084 0.929809
v -0.197504 0.182727 0.970051
v -0.197802 0.183026 1.007971
v -0.158049 0.217733 0.970051
v -0.158284 0.218084 1.007971
v -0.158331 0.218154 0.929809
v -0.112736 0.244867 0.929809
v -0.112543 0.244398 0.970051
v -0.112705 0.244790 1.007971
v -0.062696 0.261641 0.970051
v -0.062780 0.262057 1.007971
v -0.062796 0.262138 0.929809
v -0.010448 0.269369 0.929809
v -0.010448 0.268862 0.970051
v -0.010448 0.269286 1.007971
v 0.042201 0.265718 0.970051
v 0.042284 0.266133 1.007971
v 0.042301 0.266214 0.929809
v 0.093430 0.252863 0.929809
v 0.093236 0.252395 0.970051
v 0.093398 0.252785 1.007971
v 0.140675 0.229340 0.970051
v 0.140909 0.229693 1.007971
v 0.140956 0.229762 0.929809
v 0.183083 0.197861 0.929809
v 0.182726 0.197503 0.970051
v 0.183026 0.197801 1.007971
v 0.217731 0.158050 0.970051
v 0.218083 0.158285 1.007971
v 0.218153 0.158330 0.929809
v 0.244865 0.112736 0.929809
v 0.244398 0.112542 0.970051
v 0.244788 0.112704 1.007971
v 0.261640 0.062696 0.970051
v 0.262055 0.062780 1.007971
v 0.262138 0.062795 0.929809
v 0.270660 0.010448 0.888544
v 0.267481 -0.042553 0.888544
v 0.272067 0.010448 0.842963
v 0.268860 -0.042827 0.842963
v 0.255355 -0.094462 0.842963
v 0.254056 -0.093924 0.888544
v 0.230836 -0.141673 0.888544
v 0.232005 -0.142456 0.842963
v 0.199769 -0.184993 0.842963
v 0.198774 -0.183997 0.888544
v 0.159048 -0.219226 0.888544
v 0.159829 -0.220396 0.842963
v 0.113767 -0.247359 0.842963
v 0.113230 -0.246059 0.888544
v 0.063046 -0.263404 0.888544
v 0.063321 -0.264784 0.842963
v 0.010448 -0.272068 0.842963
v 0.010448 -0.270660 0.888544
v -0.042554 -0.267480 0.888544
v -0.042828 -0.268860 0.842963
v -0.094463 -0.255355 0.842963
v -0.093924 -0.254056 0.888544
v -0.141674 -0.230836 0.888544
v -0.142457 -0.232005 0.842963
v -0.184994 -0.199768 0.842963
v -0.183998 -0.198773 0.888544
v -0.219228 -0.159048 0.888544
v -0.220397 -0.159830 0.842963
v -0.247360 -0.113769 0.842963
v -0.246059 -0.113230 0.888544
v -0.263404 -0.063046 0.888544
v -0.264785 -0.063322 0.842963
v -0.272068 -0.010448 0.842963
v -0.270661 -0.010448 0.888544
v -0.267481 0.042553 0.888544
v -0.268862 0.042828 0.842963
v -0.255357 0.094463 0.842963
v -0.254056 0.093924 0.888544
v -0.230836 0.141674 0.888544
v -0.232007 0.142456 0.842963
v -0.199770 0.184993 0.842963
v -0.198774 0.183998 0.888544
v -0.159048 0.219227 0.888544
v -0.159831 0.220397 0.842963
v -0.113770 0.247359 0.842963
v -0.113230 0.246059 0.888544
v -0.063047 0.263405 0.888544
v -0.063322 0.264785 0.842963
v -0.010448 0.272068 0.842963
v -0.010448 0.270660 0.888544
v 0.042552 0.267481 0.888544
v 0.042827 0.268861 0.842963
v 0.094463 0.255356 0.842963
v 0.093924 0.254056 0.888544
v 0.141673 0.230836 0.888544
v 0.142455 0.232006 0.842963
v 0.184993 0.199769 0.842963
v 0.183998 0.198774 0.888544
v 0.219226 0.159048 0.888544
v 0.220397 0.159830 0.842963
v 0.247358 0.113770 0.842963
v 0.246059 0.113231 0.888544
v 0.263405 0.063047 0.888544
v 0.264784 0.063321 0.842963
v 0.274556 0.010231 0.791563
v 0.271259 -0.043526 0.791563
v 0.286165 0.008707 0.744585
v 0.282346 -0.047285 0.744584
v 0.267714 -0.101467 0.744584
v 0.257572 -0.095616 0.791563
v 0.233955 -0.144019 0.791564
v 0.242758 -0.151735 0.744585
v 0.208505 -0.196192 0.744584
v 0.201376 -0.186907 0.791563
v 0.161032 -0.222588 0.791564
v 0.166214 -0.233086 0.744585
v 0.117555 -0.261050 0.744584
v 0.114521 -0.249743 0.791563
v 0.063593 -0.267269 0.791564
v 0.064364 -0.278950 0.744585
v 0.008706 -0.286165 0.744584
v 0.010230 -0.274558 0.791563
v -0.043528 -0.271261 0.791564
v -0.047286 -0.282347 0.744585
v -0.101467 -0.267714 0.744584
v -0.095617 -0.257573 0.791563
v -0.144021 -0.233955 0.791564
v -0.151736 -0.242759 0.744585
v -0.196192 -0.208506 0.744584
v -0.186908 -0.201376 0.791563
v -0.222589 -0.161032 0.791564
v -0.233086 -0.166214 0.744585
v -0.261050 -0.117555 0.744584
v -0.249744 -0.114520 0.791563
v -0.267269 -0.063594 0.791564
v -0.278951 -0.064363 0.744585
v -0.286166 -0.008707 0.744584
v -0.274559 -0.010231 0.791563
v -0.271261 0.043526 0.791564
v -0.282348 0.047285 0.744585
v -0.267714 0.101466 0.744584
v -0.257573 0.095617 0.791563
v -0.233955 0.144020 0.791564
v -0.242760 0.151736 0.744585
v -0.208506 0.196193 0.744584
v -0.201376 0.186908 0.791563
v -0.161032 0.222589 0.791564
v -0.166215 0.233085 0.744585
v -0.117556 0.261050 0.744584
v -0.114520 0.249743 0.791563
v -0.063595 0.267269 0.791564
v -0.064363 0.278950 0.744585
v -0.008707 0.286165 0.744584
v -0.010232 0.274557 0.791563
v 0.043526 0.271260 0.791564
v 0.047284 0.282347 0.744585
v 0.101466 0.267714 0.744584
v 0.095616 0.257573 0.791563
v 0.144019 0.233955 0.791564
v 0.151736 0.242759 0.744585
v 0.196192 0.208506 0.744584
v 0.186906 0.201376 0.791563
v 0.222587 0.161032 0.791564
v 0.233084 0.166214 0.744585
v 0.261050 0.117555 0.744584
v 0.249742 0.114521 0.791563
v 0.267268 0.063593 0.791563
v 0.278949 0.064364 0.744584
v 0.337622 0.003483 0.691274
v 0.349114 0.005442 0.676804
v 0.343446 -0.062767 0.676804
v 0.331792 -0.062447 0.691274
v 0.351088 0.008707 0.664480
v 0.346017 -0.059950 0.664480
v 0.327695 -0.126311 0.664480
v 0.324623 -0.128573 0.676804
v 0.313254 -0.125985 0.691274
v 0.293282 -0.189420 0.676804
v 0.282638 -0.184665 0.691274
v 0.296736 -0.187802 0.664480
v 0.254413 -0.242100 0.664480
v 0.250708 -0.243013 0.676804
v 0.241197 -0.236272 0.691274
v 0.198469 -0.287237 0.676804
v 0.190456 -0.278770 0.691274
v 0.202280 -0.287063 0.664480
v 0.142399 -0.321031 0.664480
v 0.138628 -0.320457 0.676804
v 0.132419 -0.310590 0.691274
v 0.073442 -0.341323 0.676804
v 0.069277 -0.330434 0.691274
v 0.077027 -0.342621 0.664480
v 0.008706 -0.351088 0.664480
v 0.005442 -0.349115 0.676804
v 0.003482 -0.337622 0.691274
v -0.062768 -0.343447 0.676804
v -0.062448 -0.331793 0.691274
v -0.059951 -0.346018 0.664480
v -0.126312 -0.327695 0.664480
v -0.128573 -0.324623 0.676804
v -0.125985 -0.313255 0.691274
v -0.189421 -0.293283 0.676804
v -0.184666 -0.282640 0.691274
v -0.187803 -0.296737 0.664480
v -0.242101 -0.254413 0.664480
v -0.243013 -0.250710 0.676804
v -0.236273 -0.241197 0.691274
v -0.287237 -0.198470 0.676804
v -0.278771 -0.190456 0.691274
v -0.287063 -0.202281 0.664480
v -0.321031 -0.142399 0.664480
v -0.320458 -0.138628 0.676804
v -0.310589 -0.132420 0.691274
v -0.341324 -0.073441 0.676804
v -0.330435 -0.069278 0.691274
v -0.342622 -0.077029 0.664480
v -0.351088 -0.008707 0.664480
v -0.349115 -0.005442 0.676804
v -0.337623 -0.003483 0.691274
v -0.343448 0.062768 0.676804
v -0.331794 0.062447 0.691274
v -0.346019 0.059950 0.664480
v -0.327696 0.126311 0.664480
v -0.324623 0.128573 0.676804
v -0.313255 0.125984 0.691274
v -0.293284 0.189421 0.676804
v -0.282640 0.184665 0.691274
v -0.296738 0.187802 0.664480
v -0.254414 0.242100 0.664480
v -0.250710 0.243014 0.676804
v -0.241198 0.236273 0.691274
v -0.198470 0.287237 0.676804
v -0.190456 0.278770 0.691274
v -0.202282 0.287063 0.664480
v -0.142400 0.321031 0.664480
v -0.138628 0.320458 0.676804
v -0.132421 0.310589 0.691274
v -0.073442 0.341323 0.676804
v -0.069278 0.330434 0.691274
v -0.077029 0.342621 0.664480
v -0.008707 0.351088 0.664480
v -0.005442 0.349115 0.676804
v -0.003484 0.337622 0.691274
v 0.062767 0.343446 0.676804
v 0.062446 0.331793 0.691274
v 0.059949 0.346018 0.664480
v 0.126310 0.327695 0.664480
v 0.128572 0.324623 0.676804
v 0.125984 0.313255 0.691274
v 0.189420 0.293283 0.676804
v 0.184664 0.282639 0.691274
v 0.187801 0.296737 0.664480
v 0.242099 0.254413 0.664480
v 0.243013 0.250709 0.676804
v 0.236271 0.241197 0.691274
v 0.287237 0.198470 0.676804
v 0.278769 0.190457 0.691274
v 0.287062 0.202280 0.664480
v 0.321030 0.142400 0.664480
v 0.320457 0.138628 0.676804
v 0.310589 0.132421 0.691274
v 0.341323 0.073442 0.676804
v 0.330433 0.069278 0.691274
v 0.342620 0.077029 0.664480
v 0.350131 0.010238 0.651297
v 0.345377 -0.058261 0.651297
v 0.341454 0.010511 0.637494
v 0.336923 -0.056302 0.637494
v 0.319485 -0.120958 0.637494
v 0.327396 -0.124530 0.651297
v 0.296792 -0.185998 0.651297
v 0.289730 -0.180951 0.637494
v 0.248878 -0.234013 0.637494
v 0.254819 -0.240340 0.651297
v 0.203021 -0.285417 0.651297
v 0.198428 -0.278052 0.637494
v 0.140380 -0.311440 0.637494
v 0.143448 -0.319561 0.651297
v 0.078344 -0.341384 0.651297
v 0.076918 -0.332822 0.637494
v 0.010511 -0.341455 0.637494
v 0.010237 -0.350131 0.651297
v -0.058261 -0.345379 0.651297
v -0.056303 -0.336923 0.637494
v -0.120958 -0.319485 0.637494
v -0.124531 -0.327397 0.651297
v -0.185998 -0.296793 0.651297
v -0.180952 -0.289731 0.637494
v -0.234014 -0.248878 0.637494
v -0.240341 -0.254820 0.651297
v -0.285418 -0.203023 0.651297
v -0.278053 -0.198429 0.637494
v -0.311442 -0.140380 0.637494
v -0.319562 -0.143449 0.651297
v -0.341384 -0.078344 0.651297
v -0.332822 -0.076918 0.637494
v -0.341456 -0.010511 0.637494
v -0.350132 -0.010239 0.651297
v -0.345379 0.058262 0.651297
v -0.336924 0.056302 0.637494
v -0.319486 0.120958 0.637494
v -0.327398 0.124530 0.651297
v -0.296793 0.185997 0.651297
v -0.289731 0.180951 0.637494
v -0.248879 0.234013 0.637494
v -0.254820 0.240340 0.651297
v -0.203024 0.285416 0.651297
v -0.198430 0.278052 0.637494
v -0.140381 0.311441 0.637494
v -0.143450 0.319561 0.651297
v -0.078344 0.341384 0.651297
v -0.076920 0.332822 0.637494
v -0.010511 0.341455 0.637494
v -0.010240 0.350131 0.651297
v 0.058261 0.345379 0.651297
v 0.056301 0.336923 0.637494
v 0.120958 0.319486 0.637494
v 0.124529 0.327397 0.651297
v 0.185997 0.296792 0.651297
v 0.180950 0.289730 0.637494
v 0.234012 0.248878 0.637494
v 0.240340 0.254819 0.651297
v 0.285416 0.203022 0.651297
v 0.278051 0.198429 0.637494
v 0.311440 0.140380 0.637494
v 0.319561 0.143448 0.651297
v 0.341384 0.078344 0.651297
v 0.332822 0.076919 0.637494
v 0.321246 0.010629 0.624265
v 0.317127 -0.052244 0.624265
v 0.300981 0.010700 0.613355
v 0.297266 -0.048222 0.613355
v 0.282165 -0.105296 0.613355
v 0.300861 -0.113116 0.624265
v 0.272994 -0.169627 0.624265
v 0.256184 -0.158309 0.613355
v 0.220391 -0.205261 0.613355
v 0.234671 -0.219640 0.624265
v 0.187301 -0.261184 0.624265
v 0.176102 -0.244297 0.613355
v 0.125066 -0.273976 0.613355
v 0.132755 -0.292726 0.624265
v 0.073091 -0.312981 0.624265
v 0.069207 -0.293092 0.613355
v 0.010700 -0.300982 0.613355
v 0.010627 -0.321247 0.624265
v -0.052244 -0.317128 0.624265
v -0.048222 -0.297267 0.613355
v -0.105297 -0.282166 0.613355
v -0.113117 -0.300861 0.624265
v -0.169628 -0.272995 0.624265
v -0.158311 -0.256185 0.613355
v -0.205262 -0.220392 0.613355
v -0.219641 -0.234672 0.624265
v -0.261185 -0.187301 0.624265
v -0.244298 -0.176101 0.613355
v -0.273977 -0.125066 0.613355
v -0.292727 -0.132756 0.624265
v -0.312982 -0.073092 0.624265
v -0.293092 -0.069208 0.613355
v -0.300982 -0.010699 0.613355
v -0.321247 -0.010628 0.624265
v -0.317128 0.052244 0.624265
v -0.297268 0.048221 0.613355
v -0.282167 0.105296 0.613355
v -0.300862 0.113116 0.624265
v -0.272996 0.169627 0.624265
v -0.256186 0.158310 0.613355
v -0.220393 0.205261 0.613355
v -0.234672 0.219640 0.624265
v -0.187301 0.261185 0.624265
v -0.176101 0.244297 0.613355
v -0.125065 0.273977 0.613355
v -0.132757 0.292726 0.624265
v -0.073092 0.312980 0.624265
v -0.069208 0.293092 0.613355
v -0.010699 0.300982 0.613355
v -0.010630 0.321247 0.624265
v 0.052244 0.317127 0.624265
v 0.048221 0.297266 0.613355
v 0.105296 0.282165 0.613355
v 0.113116 0.300861 0.624265
v 0.169626 0.272994 0.624265
v 0.158309 0.256185 0.613355
v 0.205260 0.220392 0.613355
v 0.219640 0.234671 0.624265
v 0.261184 0.187301 0.624265
v 0.244297 0.176102 0.613355
v 0.273976 0.125066 0.613355
v 0.292726 0.132755 0.624265
v 0.312980 0.073092 0.624265
v 0.293091 0.069208 0.613355
v 0.292897 0.010417 0.606011
v 0.289283 -0.046922 0.606011
v 0.297002 0.008816 0.600908
v 0.292997 -0.049293 0.600908
v 0.277767 -0.105513 0.600908
v 0.274589 -0.102463 0.606011
v 0.249308 -0.154054 0.606011
v 0.251829 -0.157666 0.600908
v 0.216245 -0.203779 0.600908
v 0.214476 -0.199744 0.606011
v 0.171376 -0.237733 0.606011
v 0.172323 -0.242035 0.600908
v 0.121801 -0.271021 0.600908
v 0.121710 -0.266617 0.606011
v 0.067353 -0.285220 0.606011
v 0.066583 -0.289557 0.600908
v 0.008816 -0.297002 0.600908
v 0.010416 -0.292897 0.606011
v -0.046923 -0.289284 0.606011
v -0.049294 -0.292996 0.600908
v -0.105514 -0.277768 0.600908
v -0.102464 -0.274589 0.606011
v -0.154054 -0.249307 0.606011
v -0.157666 -0.251830 0.600908
v -0.203780 -0.216246 0.600908
v -0.199745 -0.214477 0.606011
v -0.237733 -0.171376 0.606011
v -0.242036 -0.172324 0.600908
v -0.271021 -0.121802 0.600908
v -0.266617 -0.121711 0.606011
v -0.285221 -0.067354 0.606011
v -0.289557 -0.066584 0.600908
v -0.297002 -0.008815 0.600908
v -0.292898 -0.010417 0.606011
v -0.289285 0.046922 0.606011
v -0.292996 0.049293 0.600908
v -0.277768 0.105513 0.600908
v -0.274590 0.102464 0.606011
v -0.249308 0.154055 0.606011
v -0.251830 0.157666 0.600908
v -0.216247 0.203779 0.600908
v -0.214477 0.199745 0.606011
v -0.171376 0.237734 0.606011
v -0.172325 0.242035 0.600908
v -0.121803 0.271021 0.600908
v -0.121711 0.266616 0.606011
v -0.067355 0.285220 0.606011
v -0.066584 0.289557 0.600908
v -0.008815 0.297002 0.600908
v -0.010417 0.292898 0.606011
v 0.046921 0.289284 0.606011
v 0.049293 0.292997 0.600908
v 0.105512 0.277768 0.600908
v 0.102463 0.274589 0.606011
v 0.154055 0.249308 0.606011
v 0.157666 0.251830 0.600908
v 0.203778 0.216245 0.600908
v 0.199744 0.214476 0.606011
v 0.237733 0.171376 0.606011
v 0.242035 0.172324 0.600908
v 0.271020 0.121802 0.600908
v 0.266616 0.121711 0.606011
v 0.285220 0.067354 0.606011
v 0.289556 0.066584 0.600908
v 0.323097 0.002015 0.589334
v 0.331548 0.000611 0.579187
v 0.325275 -0.064078 0.579187
v 0.317261 -0.061053 0.589334
v 0.334139 0.000410 0.566281
v 0.327778 -0.064781 0.566281
v 0.308861 -0.127491 0.566281
v 0.306545 -0.126313 0.579187
v 0.299274 -0.121783 0.589334
v 0.275993 -0.183679 0.579187
v 0.269747 -0.177817 0.589334
v 0.278036 -0.185285 0.566281
v 0.236563 -0.235982 0.566281
v 0.234872 -0.234008 0.579187
v 0.229888 -0.227039 0.589334
v 0.184694 -0.275315 0.579187
v 0.181166 -0.267509 0.589334
v 0.185967 -0.277581 0.566281
v 0.128248 -0.308548 0.566281
v 0.127442 -0.306077 0.579187
v 0.125506 -0.297733 0.589334
v 0.065276 -0.325038 0.579187
v 0.065006 -0.316476 0.589334
v 0.065585 -0.327619 0.566281
v 0.000410 -0.334140 0.566281
v 0.000611 -0.331549 0.579187
v 0.002015 -0.323097 0.589334
v -0.064078 -0.325276 0.579187
v -0.061053 -0.317263 0.589334
v -0.064781 -0.327778 0.566281
v -0.127492 -0.308862 0.566281
v -0.126314 -0.306544 0.579187
v -0.121784 -0.299274 0.589334
v -0.183679 -0.275995 0.579187
v -0.177818 -0.269748 0.589334
v -0.185286 -0.278037 0.566281
v -0.235983 -0.236563 0.566281
v -0.234008 -0.234872 0.579187
v -0.227041 -0.229890 0.589334
v -0.275316 -0.184695 0.579187
v -0.267510 -0.181168 0.589334
v -0.277582 -0.185968 0.566281
v -0.308549 -0.128249 0.566281
v -0.306077 -0.127443 0.579187
v -0.297734 -0.125506 0.589334
v -0.325039 -0.065277 0.579187
v -0.316478 -0.065005 0.589334
v -0.327619 -0.065586 0.566281
v -0.334141 -0.000410 0.566281
v -0.331549 -0.000611 0.579187
v -0.323098 -0.002015 0.589334
v -0.325276 0.064079 0.579187
v -0.317263 0.061053 0.589334
v -0.327779 0.064781 0.566281
v -0.308863 0.127490 0.566281
v -0.306546 0.126314 0.579187
v -0.299275 0.121782 0.589334
v -0.275995 0.183679 0.579187
v -0.269749 0.177817 0.589334
v -0.278038 0.185285 0.566281
v -0.236563 0.235982 0.566281
v -0.234872 0.234008 0.579187
v -0.229890 0.227040 0.589334
v -0.184696 0.275315 0.579187
v -0.181169 0.267509 0.589334
v -0.185968 0.277581 0.566281
v -0.128249 0.308548 0.566281
v -0.127443 0.306077 0.579187
v -0.125506 0.297732 0.589334
v -0.065278 0.325037 0.579187
v -0.065005 0.316476 0.589334
v -0.065587 0.327618 0.566281
v -0.000412 0.334140 0.566281
v -0.000612 0.331548 0.579187
v -0.002015 0.323098 0.589334
v 0.064079 0.325276 0.579187
v 0.061053 0.317262 0.589334
v 0.064781 0.327779 0.566281
v 0.127490 0.308862 0.566281
v 0.126313 0.306545 0.579187
v 0.121781 0.299275 0.589334
v 0.183678 0.275994 0.579187
v 0.177816 0.269748 0.589334
v 0.185284 0.278037 0.566281
v 0.235982 0.236563 0.566281
v 0.234008 0.234872 0.579187
v 0.227039 0.229889 0.589334
v 0.275315 0.184694 0.579187
v 0.267508 0.181167 0.589334
v 0.277580 0.185967 0.566281
v 0.308547 0.128249 0.566281
v 0.306076 0.127442 0.579187
v 0.297731 0.125506 0.589334
v 0.325036 0.065277 0.579187
v 0.316475 0.065006 0.589334
v 0.327618 0.065586 0.566281
v 0.331371 0.000485 0.552273
v 0.325078 -0.064167 0.552273
v 0.322511 0.001832 0.540510
v 0.316651 -0.061118 0.540510
v 0.298663 -0.121727 0.540510
v 0.306331 -0.126361 0.552273
v 0.275776 -0.183684 0.552273
v 0.269159 -0.177643 0.540510
v 0.229346 -0.226755 0.540510
v 0.234658 -0.233971 0.552273
v 0.184492 -0.275237 0.552273
v 0.180689 -0.267124 0.540510
v 0.125113 -0.297262 0.540510
v 0.127259 -0.305961 0.552273
v 0.065120 -0.324888 0.552273
v 0.064712 -0.315937 0.540510
v 0.001831 -0.322513 0.540510
v 0.000484 -0.331371 0.552273
v -0.064167 -0.325078 0.552273
v -0.061118 -0.316653 0.540510
v -0.121727 -0.298664 0.540510
v -0.126362 -0.306333 0.552273
v -0.183685 -0.275777 0.552273
v -0.177644 -0.269159 0.540510
v -0.226755 -0.229347 0.540510
v -0.233972 -0.234658 0.552273
v -0.275239 -0.184492 0.552273
v -0.267125 -0.180691 0.540510
v -0.297263 -0.125113 0.540510
v -0.305961 -0.127259 0.552273
v -0.324889 -0.065119 0.552273
v -0.315938 -0.064712 0.540510
v -0.322513 -0.001833 0.540510
v -0.331371 -0.000486 0.552273
v -0.325078 0.064167 0.552273
v -0.316653 0.061118 0.540510
v -0.298665 0.121727 0.540510
v -0.306334 0.126362 0.552273
v -0.275778 0.183684 0.552273
v -0.269160 0.177643 0.540510
v -0.229348 0.226755 0.540510
v -0.234659 0.233972 0.552273
v -0.184492 0.275237 0.552273
v -0.180691 0.267124 0.540510
v -0.125114 0.297261 0.540510
v -0.127260 0.305961 0.552273
v -0.065120 0.324888 0.552273
v -0.064712 0.315938 0.540510
v -0.001833 0.322512 0.540510
v -0.000486 0.331371 0.552273
v 0.064166 0.325078 0.552273
v 0.061117 0.316652 0.540510
v 0.121726 0.298664 0.540510
v 0.126362 0.306332 0.552273
v 0.183683 0.275777 0.552273
v 0.177642 0.269160 0.540510
v 0.226754 0.229346 0.540510
v 0.233971 0.234658 0.552273
v 0.275236 0.184492 0.552273
v 0.267124 0.180690 0.540510
v 0.297260 0.125113 0.540510
v 0.305960 0.127259 0.552273
v 0.324887 0.065120 0.552273
v 0.315938 0.064712 0.540510
v 0.297125 0.008730 0.529576
v 0.298016 0.010079 0.525640
v 0.294239 -0.048253 0.525640
v 0.293099 -0.049401 0.529576
v 0.317166 0.008798 0.520530
v 0.312767 -0.053244 0.520530
v 0.296390 -0.113246 0.520530
v 0.279188 -0.104735 0.525640
v 0.277849 -0.105640 0.529576
v 0.253376 -0.157180 0.525640
v 0.251884 -0.157805 0.529576
v 0.268585 -0.168882 0.520530
v 0.230491 -0.218049 0.520529
v 0.217856 -0.203604 0.525640
v 0.216271 -0.203926 0.529576
v 0.173939 -0.242177 0.525640
v 0.172321 -0.242185 0.529576
v 0.183512 -0.258809 0.520530
v 0.129503 -0.289657 0.520529
v 0.123358 -0.271474 0.525640
v 0.121770 -0.271166 0.529576
v 0.068020 -0.290306 0.525640
v 0.066524 -0.289693 0.529576
v 0.070501 -0.309336 0.520530
v 0.008798 -0.317167 0.520529
v 0.010079 -0.298018 0.525640
v 0.008728 -0.297125 0.529576
v -0.048253 -0.294238 0.525640
v -0.049402 -0.293100 0.529576
v -0.053244 -0.312768 0.520530
v -0.113246 -0.296390 0.520529
v -0.104735 -0.279189 0.525640
v -0.105641 -0.277849 0.529576
v -0.157180 -0.253375 0.525640
v -0.157805 -0.251884 0.529576
v -0.168883 -0.268585 0.520530
v -0.218050 -0.230492 0.520529
v -0.203604 -0.217857 0.525640
v -0.203927 -0.216272 0.529576
v -0.242179 -0.173938 0.525640
v -0.242186 -0.172321 0.529576
v -0.258810 -0.183512 0.520530
v -0.289657 -0.129503 0.520529
v -0.271476 -0.123358 0.525640
v -0.271167 -0.121770 0.529576
v -0.290307 -0.068021 0.525640
v -0.289695 -0.066524 0.529576
v -0.309337 -0.070501 0.520530
v -0.317167 -0.008798 0.520529
v -0.298018 -0.010078 0.525640
v -0.297125 -0.008729 0.529576
v -0.294238 0.048252 0.525640
v -0.293102 0.049401 0.529576
v -0.312769 0.053243 0.520530
v -0.296391 0.113246 0.520529
v -0.279189 0.104735 0.525640
v -0.277849 0.105640 0.529576
v -0.253376 0.157179 0.525640
v -0.251885 0.157805 0.529576
v -0.268585 0.168882 0.520530
v -0.230491 0.218049 0.520529
v -0.217858 0.203603 0.525640
v -0.216272 0.203927 0.529576
v -0.173939 0.242177 0.525640
v -0.172322 0.242185 0.529576
v -0.183512 0.258809 0.520530
v -0.129504 0.289656 0.520529
v -0.123359 0.271475 0.525640
v -0.121770 0.271167 0.529576
v -0.068022 0.290306 0.525640
v -0.066525 0.289694 0.529576
v -0.070501 0.309335 0.520530
v -0.008799 0.317166 0.520529
v -0.010078 0.298017 0.525640
v -0.008731 0.297125 0.529576
v 0.048252 0.294239 0.525640
v 0.049401 0.293100 0.529576
v 0.053242 0.312768 0.520530
v 0.113246 0.296390 0.520529
v 0.104734 0.279189 0.525640
v 0.105640 0.277849 0.529576
v 0.157179 0.253376 0.525640
v 0.157805 0.251885 0.529576
v 0.168882 0.268585 0.520530
v 0.218049 0.230492 0.520529
v 0.203602 0.217856 0.525640
v 0.203926 0.216272 0.529576
v 0.242177 0.173939 0.525640
v 0.242184 0.172322 0.529576
v 0.258808 0.183512 0.520530
v 0.289655 0.129503 0.520529
v 0.271475 0.123358 0.525640
v 0.271166 0.121770 0.529576
v 0.290305 0.068021 0.525640
v 0.289694 0.066524 0.529576
v 0.309334 0.070501 0.520530
v 0.355396 0.005291 0.513415
v 0.349576 -0.064142 0.513415
v 0.395479 0.001764 0.503735
v 0.388199 -0.075419 0.503735
v 0.366050 -0.149714 0.503735
v 0.330368 -0.131117 0.513415
v 0.298421 -0.193037 0.513415
v 0.329789 -0.218236 0.503735
v 0.280893 -0.278399 0.503735
v 0.255044 -0.247563 0.513415
v 0.201833 -0.292544 0.513415
v 0.221169 -0.327829 0.503735
v 0.152973 -0.364700 0.503735
v 0.140891 -0.326320 0.513415
v 0.074517 -0.347514 0.513415
v 0.078878 -0.387511 0.503735
v 0.001764 -0.395480 0.503735
v 0.005289 -0.355396 0.513415
v -0.064143 -0.349576 0.513415
v -0.075419 -0.388201 0.503735
v -0.149714 -0.366051 0.503735
v -0.131117 -0.330368 0.513415
v -0.193038 -0.298421 0.513415
v -0.218236 -0.329788 0.503735
v -0.278400 -0.280894 0.503735
v -0.247564 -0.255044 0.513415
v -0.292544 -0.201833 0.513415
v -0.327830 -0.221170 0.503735
v -0.364701 -0.152974 0.503735
v -0.326321 -0.140892 0.513415
v -0.347513 -0.074518 0.513415
v -0.387513 -0.078880 0.503735
v -0.395480 -0.001764 0.503735
v -0.355397 -0.005290 0.513415
v -0.349578 0.064142 0.513415
v -0.388201 0.075419 0.503735
v -0.366052 0.149714 0.503735
v -0.330368 0.131117 0.513415
v -0.298422 0.193037 0.513415
v -0.329788 0.218236 0.503735
v -0.280894 0.278399 0.503735
v -0.255044 0.247563 0.513415
v -0.201834 0.292544 0.513415
v -0.221170 0.327828 0.503735
v -0.152975 0.364700 0.503735
v -0.140892 0.326319 0.513415
v -0.074519 0.347513 0.513415
v -0.078881 0.387512 0.503735
v -0.001766 0.395480 0.503735
v -0.005291 0.355397 0.513415
v 0.064141 0.349577 0.513415
v 0.075419 0.388200 0.503735
v 0.149714 0.366051 0.503735
v 0.131117 0.330368 0.513415
v 0.193037 0.298421 0.513415
v 0.218236 0.329789 0.503735
v 0.278399 0.280894 0.503735
v 0.247563 0.255044 0.513415
v 0.292543 0.201833 0.513415
v 0.327828 0.221169 0.503735
v 0.364699 0.152973 0.503735
v 0.326318 0.140891 0.513415
v 0.347513 0.074518 0.513415
v 0.387511 0.078879 0.503735
v 0.420921 0.000221 0.491165
v 0.412849 -0.081896 0.491165
v 0.436208 0.000000 0.476062
v 0.427799 -0.085095 0.476062
v 0.403004 -0.166930 0.476062
v 0.388963 -0.160876 0.491165
v 0.350083 -0.233653 0.491165
v 0.362669 -0.242329 0.476062
v 0.308444 -0.308445 0.476062
v 0.297791 -0.297480 0.491165
v 0.234019 -0.349838 0.491165
v 0.242328 -0.362671 0.476062
v 0.166929 -0.403003 0.476062
v 0.161282 -0.388796 0.491165
v 0.082328 -0.412763 0.491165
v 0.085093 -0.427799 0.476062
v 0.000000 -0.436208 0.476062
v 0.000221 -0.420921 0.491165
v -0.081896 -0.412849 0.491165
v -0.085095 -0.427799 0.476062
v -0.166930 -0.403003 0.476062
v -0.160877 -0.388965 0.491165
v -0.233653 -0.350083 0.491165
v -0.242329 -0.362671 0.476062
v -0.308446 -0.308445 0.476062
v -0.297480 -0.297792 0.491165
v -0.349839 -0.234019 0.491165
v -0.362671 -0.242329 0.476062
v -0.403003 -0.166930 0.476062
v -0.388797 -0.161283 0.491165
v -0.412764 -0.082329 0.491165
v -0.427799 -0.085094 0.476062
v -0.436209 0.000000 0.476062
v -0.420921 -0.000220 0.491165
v -0.412849 0.081896 0.491165
v -0.427799 0.085094 0.476062
v -0.403003 0.166929 0.476062
v -0.388965 0.160876 0.491165
v -0.350083 0.233653 0.491165
v -0.362671 0.242329 0.476062
v -0.308446 0.308446 0.476062
v -0.297793 0.297480 0.491165
v -0.234019 0.349838 0.491165
v -0.242329 0.362670 0.476062
v -0.166930 0.403004 0.476062
v -0.161283 0.388796 0.491165
v -0.082329 0.412763 0.491165
v -0.085095 0.427799 0.476062
v 0.000000 0.436208 0.476062
v -0.000220 0.420921 0.491165
v 0.081896 0.412850 0.491165
v 0.085093 0.427799 0.476062
v 0.166929 0.403004 0.476062
v 0.160876 0.388964 0.491165
v 0.233653 0.350083 0.491165
v 0.242329 0.362670 0.476062
v 0.308445 0.308445 0.476062
v 0.297480 0.297792 0.491165
v 0.349838 0.234020 0.491165
v 0.362669 0.242328 0.476062
v 0.403004 0.166929 0.476062
v 0.388795 0.161283 0.491165
v 0.412763 0.082328 0.491165
v 0.427799 0.085094 0.476062
v 0.449125 0.000000 0.458805
v 0.440467 -0.087614 0.458805
v 0.459655 0.000000 0.439199
v 0.450795 -0.089669 0.439198
v 0.424667 -0.175903 0.439198
v 0.414938 -0.171873 0.458805
v 0.373409 -0.249504 0.458805
v 0.382166 -0.255355 0.439199
v 0.325026 -0.325026 0.439199
v 0.317578 -0.317580 0.458805
v 0.249504 -0.373410 0.458805
v 0.255355 -0.382165 0.439199
v 0.175902 -0.424667 0.439199
v 0.171872 -0.414938 0.458805
v 0.087614 -0.440467 0.458805
v 0.089669 -0.450795 0.439199
v 0.000000 -0.459656 0.439199
v 0.000000 -0.449125 0.458805
v -0.087615 -0.440467 0.458805
v -0.089669 -0.450795 0.439199
v -0.175904 -0.424667 0.439199
v -0.171874 -0.414938 0.458805
v -0.249505 -0.373410 0.458805
v -0.255356 -0.382165 0.439199
v -0.325026 -0.325026 0.439199
v -0.317580 -0.317580 0.458805
v -0.373412 -0.249504 0.458805
v -0.382166 -0.255355 0.439199
v -0.424668 -0.175903 0.439199
v -0.414938 -0.171873 0.458805
v -0.440467 -0.087614 0.458805
v -0.450796 -0.089668 0.439199
v -0.459657 0.000000 0.439199
v -0.449125 0.000000 0.458805
v -0.440467 0.087614 0.458805
v -0.450796 0.089669 0.439199
v -0.424668 0.175903 0.439199
v -0.414938 0.171873 0.458805
v -0.373410 0.249505 0.458805
v -0.382166 0.255355 0.439199
v -0.325026 0.325026 0.439199
v -0.317580 0.317579 0.458805
v -0.249505 0.373410 0.458805
v -0.255356 0.382166 0.439199
v -0.175904 0.424667 0.439199
v -0.171874 0.414938 0.458805
v -0.087615 0.440468 0.458805
v -0.089669 0.450795 0.439199
v 0.000000 0.459656 0.439199
v 0.000000 0.449126 0.458805
v 0.087614 0.440467 0.458805
v 0.089669 0.450795 0.439199
v 0.175902 0.424667 0.439199
v 0.171872 0.414938 0.458805
v 0.249504 0.373410 0.458805
v 0.255355 0.382166 0.439199
v 0.325026 0.325026 0.439199
v 0.317578 0.317579 0.458805
v 0.373409 0.249505 0.458805
v 0.382166 0.255355 0.439199
v 0.424667 0.175903 0.439199
v 0.414938 0.171873 0.458805
v 0.440467 0.087614 0.458805
v 0.450795 0.089669 0.439198
v 0.466406 0.000000 0.417257
v 0.457414 -0.090985 0.417257
v 0.470276 0.000000 0.394400
v 0.461210 -0.091741 0.394400
v 0.434479 -0.179967 0.394400
v 0.430903 -0.178486 0.417257
v 0.387777 -0.259105 0.417257
v 0.390994 -0.261255 0.394400
v 0.332535 -0.332536 0.394400
v 0.329798 -0.329798 0.417257
v 0.259105 -0.387778 0.417257
v 0.261254 -0.390995 0.394400
v 0.179967 -0.434479 0.394400
v 0.178486 -0.430903 0.417257
v 0.090985 -0.457415 0.417257
v 0.091740 -0.461210 0.394400
v 0.000000 -0.470276 0.394400
v 0.000000 -0.466406 0.417257
v -0.090985 -0.457415 0.417257
v -0.091742 -0.461210 0.394400
v -0.179968 -0.434479 0.394400
v -0.178486 -0.430903 0.417257
v -0.259105 -0.387778 0.417257
v -0.261255 -0.390995 0.394400
v -0.332536 -0.332536 0.394400
v -0.329800 -0.329798 0.417257
v -0.387779 -0.259105 0.417257
v -0.390995 -0.261255 0.394400
v -0.434479 -0.179967 0.394400
v -0.430903 -0.178486 0.417257
v -0.457416 -0.090985 0.417257
v -0.461211 -0.091741 0.394400
v -0.470277 0.000000 0.394400
v -0.466406 0.000000 0.417257
v -0.457416 0.090986 0.417257
v -0.461211 0.091740 0.394400
v -0.434479 0.179967 0.394400
v -0.430903 0.178486 0.417257
v -0.387779 0.259105 0.417257
v -0.390995 0.261254 0.394400
v -0.332536 0.332536 0.394400
v -0.329800 0.329799 0.417257
v -0.259105 0.387778 0.417257
v -0.261255 0.390995 0.394400
v -0.179968 0.434479 0.394400
v -0.178486 0.430903 0.417257
v -0.090985 0.457415 0.417257
v -0.091742 0.461210 0.394400
v 0.000000 0.470276 0.394400
v 0.000000 0.466406 0.417257
v 0.090985 0.457415 0.417257
v 0.091740 0.461210 0.394400
v 0.179967 0.434478 0.394400
v 0.178486 0.430903 0.417257
v 0.259105 0.387777 0.417257
v 0.261254 0.390995 0.394400
v 0.332535 0.332535 0.394400
v 0.329798 0.329799 0.417257
v 0.387777 0.259105 0.417257
v 0.390994 0.261254 0.394400
v 0.434479 0.179967 0.394400
v 0.430903 0.178486 0.417257
v 0.457414 0.090986 0.417257
v 0.461210 0.091740 0.394400
v 0.472369 0.000000 0.371974
v 0.463264 -0.092149 0.371974
v 0.472308 0.000000 0.349613
v 0.463203 -0.092137 0.349613
v 0.436355 -0.180745 0.349613
v 0.436412 -0.180769 0.371974
v 0.392736 -0.262418 0.371974
v 0.392684 -0.262384 0.349613
v 0.333973 -0.333973 0.349613
v 0.334015 -0.334016 0.371974
v 0.262418 -0.392737 0.371974
v 0.262384 -0.392684 0.349613
v 0.180744 -0.436356 0.349613
v 0.180767 -0.436414 0.371974
v 0.092149 -0.463264 0.371974
v 0.092136 -0.463204 0.349613
v 0.000000 -0.472309 0.349613
v 0.000000 -0.472370 0.371974
v -0.092150 -0.463264 0.371974
v -0.092138 -0.463204 0.349613
v -0.180745 -0.436356 0.349613
v -0.180769 -0.436414 0.371974
v -0.262418 -0.392737 0.371974
v -0.262385 -0.392684 0.349613
v -0.333973 -0.333973 0.349613
v -0.334017 -0.334016 0.371974
v -0.392737 -0.262418 0.371974
v -0.392686 -0.262384 0.349613
v -0.436357 -0.180745 0.349613
v -0.436414 -0.180769 0.371974
v -0.463264 -0.092149 0.371974
v -0.463204 -0.092137 0.349613
v -0.472309 0.000000 0.349613
v -0.472370 0.000000 0.371974
v -0.463264 0.092149 0.371974
v -0.463204 0.092137 0.349613
v -0.436357 0.180745 0.349613
v -0.436414 0.180768 0.371974
v -0.392737 0.262418 0.371974
v -0.392686 0.262384 0.349613
v -0.333973 0.333973 0.349613
v -0.334017 0.334016 0.371974
v -0.262418 0.392736 0.371974
v -0.262385 0.392685 0.349613
v -0.180745 0.436356 0.349613
v -0.180769 0.436413 0.371974
v -0.092149 0.463264 0.371974
v -0.092137 0.463203 0.349613
v 0.000000 0.472309 0.349613
v 0.000000 0.472370 0.371974
v 0.092149 0.463264 0.371974
v 0.092136 0.463204 0.349613
v 0.180744 0.436356 0.349613
v 0.180767 0.436413 0.371974
v 0.262418 0.392736 0.371974
v 0.262384 0.392685 0.349613
v 0.333973 0.333973 0.349613
v 0.334015 0.334016 0.371974
v 0.392736 0.262418 0.371974
v 0.392684 0.262384 0.349613
v 0.436355 0.180745 0.349613
v 0.436412 0.180768 0.371974
v 0.463264 0.092149 0.371974
v 0.463204 0.092137 0.349613
v 0.461696 0.000000 0.309286
v 0.450483 0.000000 0.298193
v 0.441799 -0.087880 0.298193
v 0.452795 -0.090067 0.309286
v 0.445268 0.000000 0.290542
v 0.436685 -0.086862 0.290542
v 0.411373 -0.170397 0.290542
v 0.416191 -0.172393 0.298193
v 0.426551 -0.176683 0.309286
v 0.374540 -0.250259 0.298193
v 0.383860 -0.256488 0.309286
v 0.370203 -0.247362 0.290542
v 0.314852 -0.314852 0.290542
v 0.318540 -0.318540 0.298193
v 0.326468 -0.326468 0.309286
v 0.250259 -0.374539 0.298193
v 0.256488 -0.383862 0.309286
v 0.247362 -0.370204 0.290542
v 0.170397 -0.411374 0.290542
v 0.172392 -0.416193 0.298193
v 0.176683 -0.426551 0.309286
v 0.087879 -0.441799 0.298193
v 0.090066 -0.452796 0.309286
v 0.086861 -0.436685 0.290542
v 0.000000 -0.445269 0.290542
v 0.000000 -0.450483 0.298193
v 0.000000 -0.461696 0.309286
v -0.087880 -0.441799 0.298193
v -0.090067 -0.452796 0.309286
v -0.086863 -0.436685 0.290542
v -0.170397 -0.411374 0.290542
v -0.172393 -0.416193 0.298193
v -0.176684 -0.426551 0.309286
v -0.250259 -0.374539 0.298193
v -0.256488 -0.383862 0.309286
v -0.247363 -0.370204 0.290542
v -0.314854 -0.314852 0.290542
v -0.318540 -0.318540 0.298193
v -0.326468 -0.326468 0.309286
v -0.374540 -0.250259 0.298193
v -0.383862 -0.256488 0.309286
v -0.370205 -0.247362 0.290542
v -0.411375 -0.170397 0.290542
v -0.416193 -0.172393 0.298193
v -0.426553 -0.176683 0.309286
v -0.441799 -0.087880 0.298193
v -0.452796 -0.090067 0.309286
v -0.436685 -0.086862 0.290542
v -0.445269 0.000000 0.290542
v -0.450484 0.000000 0.298193
v -0.461697 0.000000 0.309286
v -0.441799 0.087879 0.298193
v -0.452796 0.090067 0.309286
v -0.436685 0.086862 0.290542
v -0.411375 0.170397 0.290542
v -0.416193 0.172393 0.298193
v -0.426553 0.176684 0.309286
v -0.374540 0.250259 0.298193
v -0.383862 0.256488 0.309286
v -0.370205 0.247362 0.290542
v -0.314854 0.314852 0.290542
v -0.318540 0.318540 0.298193
v -0.326468 0.326468 0.309286
v -0.250259 0.374540 0.298193
v -0.256488 0.383861 0.309286
v -0.247363 0.370204 0.290542
v -0.170397 0.411374 0.290542
v -0.172393 0.416192 0.298193
v -0.176684 0.426551 0.309286
v -0.087880 0.441800 0.298193
v -0.090067 0.452795 0.309286
v -0.086863 0.436685 0.290542
v 0.000000 0.445268 0.290542
v 0.000000 0.450484 0.298193
v 0.000000 0.461696 0.309286
v 0.087879 0.441800 0.298193
v 0.090066 0.452795 0.309286
v 0.086861 0.436685 0.290542
v 0.170397 0.411374 0.290542
v 0.172392 0.416192 0.298193
v 0.176683 0.426551 0.309286
v 0.250259 0.374540 0.298193
v 0.256488 0.383861 0.309286
v 0.247362 0.370203 0.290542
v 0.314852 0.314852 0.290542
v 0.318540 0.318540 0.298193
v 0.326468 0.326468 0.309286
v 0.374540 0.250259 0.298193
v 0.383860 0.256488 0.309286
v 0.370203 0.247362 0.290542
v 0.411373 0.170397 0.290542
v 0.416191 0.172393 0.298193
v 0.426551 0.176684 0.309286
v 0.441799 0.087879 0.298193
v 0.452795 0.090067 0.309286
v 0.436685 0.086862 0.290542
v 0.492483 0.000000 0.232027
v 0.502463 0.000000 0.205903
v 0.492778 -0.098020 0.205903
v 0.482989 -0.096073 0.232027
v 0.511824 0.000000 0.169753
v 0.501958 -0.099846 0.169753
v 0.472863 -0.195867 0.169753
v 0.464216 -0.192285 0.205903
v 0.454995 -0.188465 0.232027
v 0.417757 -0.279136 0.205903
v 0.409458 -0.273592 0.232027
v 0.425539 -0.284336 0.169753
v 0.361913 -0.361915 0.169752
v 0.355295 -0.355296 0.205903
v 0.348238 -0.348238 0.232027
v 0.279135 -0.417757 0.205903
v 0.273590 -0.409459 0.232027
v 0.284336 -0.425539 0.169753
v 0.195866 -0.472864 0.169752
v 0.192284 -0.464216 0.205903
v 0.188464 -0.454995 0.232027
v 0.098018 -0.492778 0.205903
v 0.096071 -0.482989 0.232027
v 0.099845 -0.501958 0.169753
v 0.000000 -0.511825 0.169752
v 0.000000 -0.502464 0.205903
v 0.000000 -0.492483 0.232027
v -0.098021 -0.492778 0.205903
v -0.096073 -0.482989 0.232027
v -0.099847 -0.501958 0.169753
v -0.195868 -0.472864 0.169752
v -0.192286 -0.464216 0.205903
v -0.188465 -0.454995 0.232027
v -0.279137 -0.417757 0.205903
v -0.273592 -0.409459 0.232027
v -0.284337 -0.425539 0.169753
v -0.361915 -0.361915 0.169752
v -0.355297 -0.355296 0.205903
v -0.348238 -0.348238 0.232027
v -0.417757 -0.279136 0.205903
v -0.409459 -0.273592 0.232027
v -0.425540 -0.284336 0.169753
v -0.472864 -0.195867 0.169752
v -0.464217 -0.192285 0.205903
v -0.454996 -0.188465 0.232027
v -0.492778 -0.098020 0.205903
v -0.482989 -0.096073 0.232027
v -0.501958 -0.099846 0.169753
v -0.511826 0.000000 0.169752
v -0.502465 0.000000 0.205903
v -0.492484 0.000000 0.232027
v -0.492778 0.098020 0.205903
v -0.482989 0.096072 0.232027
v -0.501958 0.099845 0.169753
v -0.472864 0.195866 0.169752
v -0.464217 0.192284 0.205903
v -0.454996 0.188465 0.232027
v -0.417757 0.279136 0.205903
v -0.409459 0.273591 0.232027
v -0.425540 0.284336 0.169753
v -0.361915 0.361915 0.169752
v -0.355297 0.355295 0.205903
v -0.348238 0.348238 0.232027
v -0.279137 0.417757 0.205903
v -0.273592 0.409458 0.232027
v -0.284337 0.425539 0.169753
v -0.195868 0.472864 0.169752
v -0.192286 0.464216 0.205903
v -0.188465 0.454995 0.232027
v -0.098021 0.492778 0.205903
v -0.096073 0.482989 0.232027
v -0.099847 0.501958 0.169753
v 0.000000 0.511824 0.169752
v 0.000000 0.502464 0.205903
v 0.000000 0.492483 0.232027
v 0.098019 0.492777 0.205903
v 0.096071 0.482989 0.232027
v 0.099845 0.501957 0.169753
v 0.195866 0.472864 0.169752
v 0.192284 0.464216 0.205903
v 0.188464 0.454995 0.232027
v 0.279135 0.417756 0.205903
v 0.273590 0.409458 0.232027
v 0.284336 0.425539 0.169753
v 0.361914 0.361914 0.169752
v 0.355295 0.355295 0.205903
v 0.348238 0.348238 0.232027
v 0.417757 0.279136 0.205903
v 0.409458 0.273591 0.232027
v 0.425539 0.284336 0.169753
v 0.472863 0.195866 0.169752
v 0.464216 0.192284 0.205903
v 0.454995 0.188465 0.232027
v 0.492777 0.098019 0.205903
v 0.482989 0.096072 0.232027
v 0.501957 0.099845 0.169753
v 0.513299 0.000000 0.014443
v 0.497011 0.000000 0.000088
v 0.487429 -0.096956 0.000088
v 0.503404 -0.100133 0.014443
v 0.459179 -0.190198 0.000088
v 0.474227 -0.196432 0.014443
v 0.413224 -0.276107 0.000088
v 0.426766 -0.285156 0.014443
v 0.351440 -0.351441 0.000088
v 0.362956 -0.362958 0.014443
v 0.276107 -0.413224 0.000088
v 0.285154 -0.426766 0.014443
v 0.190198 -0.459179 0.000088
v 0.196430 -0.474227 0.014443
v 0.096956 -0.487431 0.000088
v 0.100132 -0.503404 0.014443
v 0.000000 -0.497012 0.000088
v 0.000000 -0.513300 0.014443
v -0.096957 -0.487431 0.000088
v -0.100134 -0.503404 0.014443
v -0.190198 -0.459179 0.000088
v -0.196432 -0.474227 0.014443
v -0.276108 -0.413224 0.000088
v -0.285156 -0.426766 0.014443
v -0.351442 -0.351441 0.000088
v -0.362959 -0.362958 0.014443
v -0.413224 -0.276107 0.000088
v -0.426766 -0.285156 0.014443
v -0.459180 -0.190198 0.000088
v -0.474227 -0.196432 0.014443
v -0.487431 -0.096956 0.000088
v -0.503404 -0.100133 0.014443
v -0.497012 0.000000 0.000088
v -0.513301 0.000000 0.014443
v -0.487431 0.096956 0.000088
v -0.503404 0.100133 0.014443
v -0.459180 0.190198 0.000088
v -0.474227 0.196431 0.014443
v -0.413224 0.276107 0.000088
v -0.426766 0.285155 0.014443
v -0.351442 0.351440 0.000088
v -0.362959 0.362958 0.014443
v -0.276108 0.413224 0.000088
v -0.285156 0.426766 0.014443
v -0.190198 0.459179 0.000088
v -0.196432 0.474227 0.014443
v -0.096957 0.487430 0.000088
v -0.100133 0.503405 0.014443
v 0.000000 0.497012 0.000088
v 0.000000 0.513300 0.014443
v 0.096956 0.487430 0.000088
v 0.100132 0.503405 0.014443
v 0.190199 0.459179 0.000088
v 0.196430 0.474227 0.014443
v 0.276107 0.413224 0.000088
v 0.285155 0.426766 0.014443
v 0.351440 0.351440 0.000088
v 0.362957 0.362957 0.014443
v 0.413224 0.276107 0.000088
v 0.426766 0.285155 0.014443
v 0.459179 0.190198 0.000088
v 0.474227 0.196431 0.014443
v 0.487429 0.096956 0.000088
v 0.503404 0.100133 0.014443
v 0.522555 0.000000 0.073061
v 0.519536 0.000000 0.037650
v 0.509519 -0.101350 0.037650
v 0.512482 -0.101939 0.073061
v 0.479988 -0.198818 0.037650
v 0.482779 -0.199974 0.073061
v 0.431950 -0.288620 0.037650
v 0.434462 -0.290298 0.073061
v 0.367367 -0.367368 0.037650
v 0.369502 -0.369503 0.073061
v 0.288620 -0.431950 0.037650
v 0.290297 -0.434462 0.073061
v 0.198817 -0.479989 0.037650
v 0.199973 -0.482779 0.073061
v 0.101350 -0.509521 0.037650
v 0.101938 -0.512482 0.073061
v 0.000000 -0.519536 0.037650
v 0.000000 -0.522556 0.073061
v -0.101350 -0.509521 0.037650
v -0.101940 -0.512482 0.073061
v -0.198819 -0.479989 0.037650
v -0.199975 -0.482779 0.073061
v -0.288621 -0.431950 0.037650
v -0.290298 -0.434461 0.073061
v -0.367368 -0.367367 0.037650
v -0.369503 -0.369503 0.073061
v -0.431951 -0.288620 0.037650
v -0.434462 -0.290298 0.073061
v -0.479989 -0.198818 0.037650
v -0.482780 -0.199974 0.073061
v -0.509521 -0.101350 0.037650
v -0.512482 -0.101939 0.073061
v -0.519536 0.000000 0.037650
v -0.522556 0.000000 0.073061
v -0.509521 0.101350 0.037650
v -0.512482 0.101939 0.073061
v -0.479989 0.198818 0.037650
v -0.482780 0.199973 0.073061
v -0.431951 0.288620 0.037650
v -0.434461 0.290298 0.073061
v -0.367368 0.367367 0.037650
v -0.369503 0.369503 0.073061
v -0.288621 0.431951 0.037650
v -0.290298 0.434462 0.073061
v -0.198819 0.479989 0.037650
v -0.199975 0.482779 0.073061
v -0.101350 0.509520 0.037650
v -0.101940 0.512483 0.073061
v 0.000000 0.519536 0.037650
v 0.000000 0.522556 0.073061
v 0.101350 0.509520 0.037650
v 0.101938 0.512483 0.073061
v 0.198817 0.479989 0.037650
v 0.199973 0.482779 0.073061
v 0.288620 0.431951 0.037650
v 0.290297 0.434462 0.073061
v 0.367367 0.367367 0.037650
v 0.369502 0.369503 0.073061
v 0.431950 0.288620 0.037650
v 0.434462 0.290298 0.073061
v 0.479988 0.198818 0.037650
v 0.482779 0.199973 0.073061
v 0.509519 0.101350 0.037650
v 0.512482 0.101939 0.073061
v 0.469411 0.000000 0.269545
v 0.482132 0.000000 0.252993
v 0.472838 -0.094054 0.252993
v 0.460363 -0.091572 0.269545
v 0.445433 -0.184504 0.252993
v 0.433679 -0.179636 0.269545
v 0.400852 -0.267841 0.252993
v 0.390276 -0.260775 0.269545
v 0.340919 -0.340919 0.252993
v 0.331925 -0.331924 0.269545
v 0.267840 -0.400853 0.252993
v 0.260774 -0.390276 0.269545
v 0.184503 -0.445432 0.252993
v 0.179636 -0.433681 0.269545
v 0.094053 -0.472838 0.252993
v 0.091571 -0.460363 0.269545
v 0.000000 -0.482133 0.252993
v 0.000000 -0.469412 0.269545
v -0.094054 -0.472838 0.252993
v -0.091572 -0.460363 0.269545
v -0.184504 -0.445432 0.252993
v -0.179636 -0.433681 0.269545
v -0.267842 -0.400853 0.252993
v -0.260776 -0.390276 0.269545
v -0.340920 -0.340919 0.252993
v -0.331925 -0.331924 0.269545
v -0.400853 -0.267841 0.252993
v -0.390277 -0.260775 0.269545
v -0.445432 -0.184504 0.252993
v -0.433681 -0.179636 0.269545
v -0.472838 -0.094054 0.252993
v -0.460363 -0.091572 0.269545
v -0.482133 0.000000 0.252993
v -0.469413 0.000000 0.269545
v -0.472838 0.094053 0.252993
v -0.460363 0.091572 0.269545
v -0.445432 0.184504 0.252993
v -0.433681 0.179636 0.269545
v -0.400853 0.267842 0.252993
v -0.390277 0.260774 0.269545
v -0.340920 0.340919 0.252993
v -0.331925 0.331925 0.269545
v -0.267842 0.400853 0.252993
v -0.260776 0.390277 0.269545
v -0.184504 0.445433 0.252993
v -0.179636 0.433680 0.269545
v -0.094054 0.472838 0.252993
v -0.091572 0.460363 0.269545
v 0.000000 0.482132 0.252993
v 0.000000 0.469412 0.269545
v 0.094053 0.472838 0.252993
v 0.091571 0.460363 0.269545
v 0.184503 0.445433 0.252993
v 0.179636 0.433680 0.269545
v 0.267841 0.400853 0.252993
v 0.260774 0.390277 0.269545
v 0.340919 0.340919 0.252993
v 0.331925 0.331925 0.269545
v 0.400852 0.267841 0.252993
v 0.390276 0.260774 0.269545
v 0.445433 0.184504 0.252993
v 0.433679 0.179636 0.269545
v 0.472838 0.094053 0.252993
v 0.460363 0.091572 0.269545
v 0.454090 0.000000 0.281682
v 0.445336 -0.088583 0.281682
v 0.419525 -0.173773 0.281682
v 0.377537 -0.252263 0.281682
v 0.321090 -0.321090 0.281682
v 0.252262 -0.377538 0.281682
v 0.173772 -0.419525 0.281682
v 0.088582 -0.445337 0.281682
v 0.000000 -0.454091 0.281682
v -0.088584 -0.445337 0.281682
v -0.173773 -0.419525 0.281682
v -0.252264 -0.377538 0.281682
v -0.321091 -0.321090 0.281682
v -0.377539 -0.252263 0.281682
v -0.419525 -0.173773 0.281682
v -0.445338 -0.088583 0.281682
v -0.454092 0.000000 0.281682
v -0.445338 0.088583 0.281682
v -0.419525 0.173773 0.281682
v -0.377539 0.252263 0.281682
v -0.321091 0.321091 0.281682
v -0.252264 0.377538 0.281682
v -0.173773 0.419525 0.281682
v -0.088584 0.445337 0.281682
v 0.000000 0.454091 0.281682
v 0.088582 0.445337 0.281682
v 0.173772 0.419525 0.281682
v 0.252262 0.377538 0.281682
v 0.321090 0.321091 0.281682
v 0.377537 0.252263 0.281682
v 0.419525 0.173773 0.281682
v 0.445336 0.088583 0.281682
v 0.469212 0.000000 0.327447
v 0.460168 -0.091533 0.327447
v 0.433496 -0.179560 0.327447
v 0.390111 -0.260664 0.327447
v 0.331783 -0.331784 0.327447
v 0.260664 -0.390112 0.327447
v 0.179560 -0.433497 0.327447
v 0.091532 -0.460168 0.327447
v 0.000000 -0.469213 0.327447
v -0.091534 -0.460168 0.327447
v -0.179560 -0.433497 0.327447
v -0.260664 -0.390112 0.327447
v -0.331784 -0.331784 0.327447
v -0.390112 -0.260664 0.327447
v -0.433497 -0.179560 0.327447
v -0.460168 -0.091533 0.327447
v -0.469214 0.000000 0.327447
v -0.460168 0.091533 0.327447
v -0.433497 0.179560 0.327447
v -0.390112 0.260664 0.327447
v -0.331784 0.331784 0.327447
v -0.260664 0.390111 0.327447
v -0.179560 0.433496 0.327447
v -0.091534 0.460168 0.327447
v 0.000000 0.469213 0.327447
v 0.091532 0.460168 0.327447
v 0.179560 0.433496 0.327447
v 0.260664 0.390111 0.327447
v 0.331783 0.331784 0.327447
v 0.390111 0.260664 0.327447
v 0.433496 0.179560 0.327447
v 0.460168 0.091533 0.327447
v 0.308370 0.005238 0.533608
v 0.303448 -0.055019 0.533608
v 0.286902 -0.113169 0.533608
v 0.259294 -0.166955 0.533608
v 0.221755 -0.214347 0.533608
v 0.175665 -0.253474 0.533608
v 0.122848 -0.282892 0.533608
v 0.065293 -0.301404 0.533608
v 0.005238 -0.308371 0.533608
v -0.055019 -0.303448 0.533608
v -0.113169 -0.286902 0.533608
v -0.166956 -0.259294 0.533608
v -0.214348 -0.221755 0.533608
v -0.253475 -0.175666 0.533608
v -0.282893 -0.122848 0.533608
v -0.301405 -0.065294 0.533608
v -0.308372 -0.005239 0.533608
v -0.303448 0.055019 0.533608
v -0.286903 0.113168 0.533608
v -0.259294 0.166955 0.533608
v -0.221756 0.214347 0.533608
v -0.175666 0.253474 0.533608
v -0.122849 0.282893 0.533608
v -0.065294 0.301404 0.533608
v -0.005240 0.308371 0.533608
v 0.055018 0.303448 0.533608
v 0.113168 0.286902 0.533608
v 0.166955 0.259295 0.533608
v 0.214346 0.221755 0.533608
v 0.253473 0.175666 0.533608
v 0.282892 0.122848 0.533608
v 0.301403 0.065294 0.533608
v 0.311903 0.005442 0.712039
v 0.306951 -0.055507 0.712039
v 0.290242 -0.114332 0.712039
v 0.262343 -0.168748 0.712039
v 0.224396 -0.216700 0.712039
v 0.177796 -0.256297 0.712039
v 0.124387 -0.286078 0.712039
v 0.066181 -0.304828 0.712039
v 0.005442 -0.311902 0.712039
v -0.055509 -0.306952 0.712039
v -0.114333 -0.290243 0.712039
v -0.168748 -0.262344 0.712039
v -0.216700 -0.224397 0.712039
v -0.256299 -0.177797 0.712039
v -0.286078 -0.124387 0.712039
v -0.304829 -0.066182 0.712039
v -0.311902 -0.005441 0.712039
v -0.306952 0.055508 0.712039
v -0.290243 0.114332 0.712039
v -0.262344 0.168748 0.712039
v -0.224396 0.216701 0.712039
v -0.177798 0.256298 0.712039
v -0.124388 0.286078 0.712039
v -0.066182 0.304828 0.712039
v -0.005442 0.311903 0.712039
v 0.055508 0.306951 0.712039
v 0.114331 0.290243 0.712039
v 0.168747 0.262344 0.712039
v 0.216701 0.224396 0.712039
v 0.256297 0.177797 0.712039
v 0.286078 0.124388 0.712039
v 0.304828 0.066182 0.712039
v 0.309432 0.005375 0.596051
v 0.304515 -0.055093 0.596051
v 0.287935 -0.113449 0.596051
v 0.260253 -0.167432 0.596051
v 0.222601 -0.215002 0.596051
v 0.176369 -0.254281 0.596051
v 0.123380 -0.283822 0.596051
v 0.065633 -0.302419 0.596051
v 0.005374 -0.309433 0.596051
v -0.055093 -0.304516 0.596051
v -0.113450 -0.287935 0.596051
v -0.167432 -0.260253 0.596051
v -0.215002 -0.222602 0.596051
v -0.254283 -0.176369 0.596051
v -0.283823 -0.123380 0.596051
v -0.302420 -0.065635 0.596051
v -0.309434 -0.005374 0.596051
v -0.304517 0.055092 0.596051
v -0.287935 0.113450 0.596051
v -0.260254 0.167432 0.596051
v -0.222604 0.215002 0.596051
v -0.176370 0.254282 0.596051
v -0.123381 0.283822 0.596051
v -0.065635 0.302419 0.596051
v -0.005375 0.309433 0.596051
v 0.055092 0.304516 0.596051
v 0.113449 0.287936 0.596051
v 0.167432 0.260253 0.596051
v 0.215002 0.222602 0.596051
v 0.254282 0.176369 0.596051
v 0.283821 0.123380 0.596051
v 0.302418 0.065634 0.596051
v 0.519391 0.000000 0.121336
v 0.509378 -0.101322 0.121336
v 0.479855 -0.198763 0.121336
v 0.431831 -0.288540 0.121336
v 0.367264 -0.367266 0.121336
v 0.288540 -0.431831 0.121336
v 0.198762 -0.479855 0.121336
v 0.101320 -0.509379 0.121336
v 0.000000 -0.519392 0.121336
v -0.101323 -0.509379 0.121336
v -0.198763 -0.479855 0.121336
v -0.288541 -0.431830 0.121336
v -0.367267 -0.367265 0.121336
v -0.431832 -0.288540 0.121336
v -0.479856 -0.198763 0.121336
v -0.509379 -0.101322 0.121336
v -0.519392 0.000000 0.121336
v -0.509379 0.101322 0.121336
v -0.479855 0.198763 0.121336
v -0.431832 0.288540 0.121336
v -0.367266 0.367265 0.121336
v -0.288541 0.431831 0.121336
v -0.198763 0.479855 0.121336
v -0.101323 0.509379 0.121336
v 0.000000 0.519392 0.121336
v 0.101321 0.509379 0.121336
v 0.198762 0.479855 0.121336
v 0.288540 0.431831 0.121336
v 0.367264 0.367265 0.121336
v 0.431831 0.288540 0.121336
v 0.479855 0.198763 0.121336
v 0.509378 0.101321 0.121336
v 0.270141 0.010448 1.042030
v 0.266972 -0.042451 1.042030
v 0.253577 -0.093725 1.042030
v 0.230404 -0.141386 1.042030
v 0.198406 -0.183631 1.042030
v 0.158759 -0.218795 1.042030
v 0.113031 -0.245581 1.042030
v 0.062945 -0.262896 1.042030
v 0.010448 -0.270142 1.042030
v -0.042453 -0.266973 1.042030
v -0.093726 -0.253576 1.042030
v -0.141387 -0.230405 1.042030
v -0.183631 -0.198407 1.042030
v -0.218796 -0.158761 1.042030
v -0.245581 -0.113032 1.042030
v -0.262896 -0.062946 1.042030
v -0.270143 -0.010447 1.042030
v -0.266973 0.042452 1.042030
v -0.253577 0.093725 1.042030
v -0.230406 0.141387 1.042030
v -0.198408 0.183631 1.042030
v -0.158762 0.218797 1.042030
v -0.113033 0.245581 1.042030
v -0.062947 0.262896 1.042030
v -0.010448 0.270143 1.042030
v 0.042451 0.266972 1.042030
v 0.093725 0.253578 1.042030
v 0.141386 0.230405 1.042030
v 0.183630 0.198407 1.042030
v 0.218795 0.158761 1.042030
v 0.245580 0.113033 1.042030
v 0.262896 0.062946 1.042030
v 0.250982 0.010448 1.152095
v 0.251702 0.010448 1.146093
v 0.248887 -0.038854 1.146093
v 0.248183 -0.038713 1.152095
v 0.236540 -0.086668 1.146093
v 0.235876 -0.086394 1.152095
v 0.215072 -0.131142 1.146093
v 0.214475 -0.130742 1.152095
v 0.185367 -0.170591 1.146093
v 0.184858 -0.170083 1.152095
v 0.148515 -0.203464 1.146093
v 0.148116 -0.202867 1.152095
v 0.105975 -0.228544 1.146093
v 0.105699 -0.227879 1.152095
v 0.059347 -0.244810 1.146093
v 0.059208 -0.244106 1.152095
v 0.010448 -0.251702 1.146093
v 0.010448 -0.250982 1.152095
v -0.038854 -0.248887 1.146093
v -0.038714 -0.248182 1.152095
v -0.086670 -0.236541 1.146093
v -0.086395 -0.235876 1.152095
v -0.131143 -0.215073 1.146093
v -0.130743 -0.214475 1.152095
v -0.170593 -0.185368 1.146093
v -0.170083 -0.184859 1.152095
v -0.203464 -0.148516 1.146093
v -0.202867 -0.148117 1.152095
v -0.228545 -0.105976 1.146093
v -0.227879 -0.105700 1.152095
v -0.244811 -0.059348 1.146093
v -0.244106 -0.059208 1.152095
v -0.251702 -0.010447 1.146093
v -0.250984 -0.010447 1.152095
v -0.248888 0.038855 1.146093
v -0.248182 0.038714 1.152095
v -0.236541 0.086669 1.146093
v -0.235876 0.086395 1.152095
v -0.215074 0.131143 1.146093
v -0.214476 0.130742 1.152095
v -0.185368 0.170592 1.146093
v -0.184860 0.170084 1.152095
v -0.148517 0.203465 1.146093
v -0.148117 0.202868 1.152095
v -0.105977 0.228545 1.146093
v -0.105700 0.227880 1.152095
v -0.059349 0.244812 1.146093
v -0.059208 0.244106 1.152095
v -0.010448 0.251702 1.146093
v -0.010448 0.250982 1.152095
v 0.038854 0.248888 1.146093
v 0.038713 0.248183 1.152095
v 0.086668 0.236540 1.146093
v 0.086393 0.235877 1.152095
v 0.131142 0.215074 1.146093
v 0.130741 0.214475 1.152095
v 0.170591 0.185368 1.146093
v 0.170083 0.184860 1.152095
v 0.203464 0.148517 1.146093
v 0.202867 0.148116 1.152095
v 0.228543 0.105976 1.146093
v 0.227879 0.105701 1.152095
v 0.244810 0.059348 1.146093
v 0.244106 0.059209 1.152095
v 0.265884 0.010448 1.156116
v 0.256148 0.010448 1.154558
v 0.253248 -0.039721 1.154558
v 0.262796 -0.041620 1.156116
v 0.240648 -0.088371 1.154558
v 0.249643 -0.092096 1.156116
v 0.218770 -0.133612 1.154558
v 0.226864 -0.139021 1.156116
v 0.188512 -0.173737 1.154558
v 0.195396 -0.180620 1.156116
v 0.150986 -0.207161 1.154558
v 0.156394 -0.215255 1.156116
v 0.107676 -0.232651 1.154558
v 0.111402 -0.241646 1.156116
v 0.060215 -0.249172 1.154558
v 0.062114 -0.258721 1.156116
v 0.010448 -0.256149 1.154558
v 0.010448 -0.265885 1.156116
v -0.039722 -0.253248 1.154558
v -0.041621 -0.262797 1.156116
v -0.088372 -0.240649 1.154558
v -0.092097 -0.249643 1.156116
v -0.133613 -0.218770 1.154558
v -0.139022 -0.226865 1.156116
v -0.173738 -0.188512 1.154558
v -0.180621 -0.195396 1.156116
v -0.207162 -0.150985 1.154558
v -0.215256 -0.156394 1.156116
v -0.232653 -0.107676 1.154558
v -0.241647 -0.111403 1.156116
v -0.249173 -0.060216 1.154558
v -0.258722 -0.062115 1.156116
v -0.256149 -0.010447 1.154558
v -0.265886 -0.010447 1.156116
v -0.253249 0.039722 1.154558
v -0.262798 0.041622 1.156116
v -0.240650 0.088371 1.154558
v -0.249644 0.092096 1.156116
v -0.218771 0.133613 1.154558
v -0.226866 0.139022 1.156116
v -0.188513 0.173737 1.154558
v -0.195397 0.180620 1.156116
v -0.150987 0.207161 1.154558
v -0.156396 0.215257 1.156116
v -0.107677 0.232652 1.154558
v -0.111404 0.241647 1.156116
v -0.060217 0.249173 1.154558
v -0.062116 0.258720 1.156116
v -0.010448 0.256149 1.154558
v -0.010448 0.265884 1.156116
v 0.039722 0.253249 1.154558
v 0.041621 0.262798 1.156116
v 0.088369 0.240650 1.154558
v 0.092095 0.249644 1.156116
v 0.133613 0.218771 1.154558
v 0.139021 0.226865 1.156116
v 0.173735 0.188513 1.154558
v 0.180619 0.195398 1.156116
v 0.207160 0.150987 1.154558
v 0.215256 0.156395 1.156116
v 0.232652 0.107677 1.154558
v 0.241645 0.111404 1.156116
v 0.249172 0.060217 1.154558
v 0.258720 0.062116 1.156116
v 0.290475 0.010448 1.164222
v 0.278097 0.010448 1.158788
v 0.274775 -0.044004 1.158788
v 0.286914 -0.046418 1.164222
v 0.260927 -0.096770 1.158788
v 0.272363 -0.101506 1.164222
v 0.237020 -0.145805 1.158788
v 0.247310 -0.152682 1.164222
v 0.204033 -0.189257 1.158788
v 0.212786 -0.198009 1.164222
v 0.163179 -0.225410 1.158788
v 0.170057 -0.235702 1.164222
v 0.116076 -0.252931 1.158788
v 0.120813 -0.264366 1.164222
v 0.064497 -0.270699 1.158788
v 0.066912 -0.282838 1.164222
v 0.010448 -0.278098 1.158788
v 0.010448 -0.290476 1.164222
v -0.044005 -0.274774 1.158788
v -0.046419 -0.286914 1.164222
v -0.096772 -0.260928 1.158788
v -0.101508 -0.272362 1.164222
v -0.145808 -0.237020 1.158788
v -0.152683 -0.247311 1.164222
v -0.189258 -0.204034 1.158788
v -0.198010 -0.212786 1.164222
v -0.225412 -0.163180 1.158788
v -0.235702 -0.170056 1.164222
v -0.252932 -0.116077 1.158788
v -0.264367 -0.120814 1.164222
v -0.270700 -0.064498 1.158788
v -0.282839 -0.066913 1.164222
v -0.278099 -0.010447 1.158788
v -0.290477 -0.010447 1.164222
v -0.274776 0.044003 1.158788
v -0.286915 0.046418 1.164222
v -0.260928 0.096770 1.158788
v -0.272364 0.101507 1.164222
v -0.237021 0.145807 1.158788
v -0.247312 0.152682 1.164222
v -0.204035 0.189257 1.158788
v -0.212786 0.198009 1.164222
v -0.163181 0.225411 1.158788
v -0.170056 0.235702 1.164222
v -0.116078 0.252932 1.158788
v -0.120815 0.264367 1.164222
v -0.064498 0.270699 1.158788
v -0.066914 0.282839 1.164222
v -0.010448 0.278099 1.158788
v -0.010448 0.290477 1.164222
v 0.044002 0.274775 1.158788
v 0.046417 0.286915 1.164222
v 0.096770 0.260927 1.158788
v 0.101506 0.272364 1.164222
v 0.145805 0.237020 1.158788
v 0.152681 0.247312 1.164222
v 0.189257 0.204034 1.158788
v 0.198009 0.212786 1.164222
v 0.225410 0.163181 1.158788
v 0.235701 0.170057 1.164222
v 0.252931 0.116078 1.158788
v 0.264365 0.120814 1.164222
v 0.270699 0.064498 1.158788
v 0.282837 0.066912 1.164222
v 0.308429 0.010448 1.187808
v 0.300920 0.010448 1.173748
v 0.297158 -0.048455 1.173748
v 0.304522 -0.049921 1.187809
v 0.282013 -0.105505 1.173748
v 0.288950 -0.108377 1.187809
v 0.255995 -0.158485 1.173748
v 0.262238 -0.162656 1.187809
v 0.220172 -0.205395 1.173748
v 0.225480 -0.210704 1.187809
v 0.175858 -0.244386 1.173748
v 0.180030 -0.250630 1.187809
v 0.124811 -0.274016 1.173748
v 0.127683 -0.280954 1.187809
v 0.068950 -0.293082 1.173748
v 0.070415 -0.300446 1.187809
v 0.010448 -0.300922 1.173748
v 0.010448 -0.308429 1.187809
v -0.048457 -0.297158 1.173748
v -0.049921 -0.304522 1.187809
v -0.105506 -0.282013 1.173748
v -0.108379 -0.288951 1.187809
v -0.158485 -0.255995 1.173748
v -0.162657 -0.262237 1.187809
v -0.205397 -0.220171 1.173748
v -0.210705 -0.225481 1.187809
v -0.244387 -0.175858 1.173748
v -0.250629 -0.180031 1.187809
v -0.274018 -0.124810 1.173748
v -0.280955 -0.127684 1.187809
v -0.293083 -0.068950 1.173748
v -0.300446 -0.070414 1.187809
v -0.300923 -0.010447 1.173748
v -0.308431 -0.010447 1.187809
v -0.297159 0.048456 1.173748
v -0.304523 0.049922 1.187809
v -0.282013 0.105505 1.173748
v -0.288951 0.108378 1.187809
v -0.255995 0.158485 1.173748
v -0.262239 0.162656 1.187809
v -0.220172 0.205396 1.173748
v -0.225481 0.210704 1.187809
v -0.175860 0.244386 1.173748
v -0.180031 0.250629 1.187809
v -0.124810 0.274016 1.173748
v -0.127685 0.280955 1.187809
v -0.068950 0.293083 1.173748
v -0.070416 0.300446 1.187809
v -0.010448 0.300922 1.173748
v -0.010448 0.308430 1.187809
v 0.048455 0.297159 1.173748
v 0.049921 0.304523 1.187809
v 0.105504 0.282014 1.173748
v 0.108377 0.288951 1.187809
v 0.158485 0.255996 1.173748
v 0.162655 0.262238 1.187809
v 0.205394 0.220172 1.173748
v 0.210703 0.225481 1.187809
v 0.244385 0.175860 1.173748
v 0.250629 0.180030 1.187809
v 0.274015 0.124811 1.173748
v 0.280954 0.127685 1.187809
v 0.293081 0.068950 1.173748
v 0.300446 0.070415 1.187809
v 0.311346 0.010448 1.225071
v 0.312225 0.010448 1.205953
v 0.308244 -0.050662 1.205953
v 0.307381 -0.050490 1.225071
v 0.292457 -0.109830 1.205953
v 0.291644 -0.109493 1.225071
v 0.265393 -0.164764 1.205953
v 0.264662 -0.164277 1.225071
v 0.228165 -0.213388 1.205953
v 0.227542 -0.212766 1.225071
v 0.182139 -0.253784 1.205953
v 0.181650 -0.253054 1.225071
v 0.129136 -0.284460 1.205953
v 0.128800 -0.283648 1.225071
v 0.071154 -0.304168 1.205953
v 0.070983 -0.303305 1.225071
v 0.010448 -0.312226 1.205953
v 0.010448 -0.311346 1.225071
v -0.050662 -0.308244 1.205953
v -0.050491 -0.307381 1.225071
v -0.109831 -0.292457 1.205953
v -0.109494 -0.291645 1.225071
v -0.164765 -0.265393 1.205953
v -0.164278 -0.264662 1.225071
v -0.213388 -0.228165 1.205953
v -0.212767 -0.227542 1.225071
v -0.253786 -0.182139 1.205953
v -0.253054 -0.181650 1.225071
v -0.284461 -0.129136 1.205953
v -0.283648 -0.128800 1.225071
v -0.304169 -0.071155 1.205953
v -0.303306 -0.070983 1.225071
v -0.312226 -0.010447 1.205953
v -0.311346 -0.010447 1.225071
v -0.308245 0.050662 1.205953
v -0.307383 0.050490 1.225071
v -0.292458 0.109831 1.205953
v -0.291645 0.109495 1.225071
v -0.265395 0.164765 1.205953
v -0.264663 0.164277 1.225071
v -0.228165 0.213389 1.205953
v -0.227543 0.212768 1.225071
v -0.182139 0.253785 1.205953
v -0.181651 0.253055 1.225071
v -0.129137 0.284461 1.205953
v -0.128801 0.283649 1.225071
v -0.071156 0.304169 1.205953
v -0.070984 0.303306 1.225071
v -0.010448 0.312226 1.205953
v -0.010448 0.311347 1.225071
v 0.050661 0.308245 1.205953
v 0.050489 0.307383 1.225071
v 0.109829 0.292457 1.205953
v 0.109494 0.291645 1.225071
v 0.164764 0.265394 1.205953
v 0.164276 0.264662 1.225071
v 0.213389 0.228166 1.205953
v 0.212766 0.227543 1.225071
v 0.253785 0.182140 1.205953
v 0.253054 0.181650 1.225071
v 0.284459 0.129137 1.205953
v 0.283648 0.128801 1.225071
v 0.304167 0.071156 1.205953
v 0.303304 0.070985 1.225071
v 0.325414 -0.058051 1.635886
v 0.363660 -0.068646 1.636491
v 0.363607 -0.068625 1.787045
v 0.325436 -0.058060 1.785178
v 0.360380 -0.079818 1.626495
v 0.374637 -0.072503 1.626107
v 0.378461 -0.073847 1.625971
v 0.356737 -0.146194 1.625971
v 0.343233 -0.138205 1.626495
v 0.314991 -0.192106 1.626495
v 0.309587 -0.202420 1.636491
v 0.309540 -0.202402 1.786924
v 0.343162 -0.138177 1.787321
v 0.278306 -0.177995 1.635886
v 0.222226 -0.137010 1.634308
v 0.222346 -0.137056 1.781959
v 0.278331 -0.178005 1.785129
v 0.302276 -0.211491 1.626495
v 0.318252 -0.210184 1.626107
v 0.321272 -0.212889 1.625971
v 0.273514 -0.271414 1.625971
v 0.264096 -0.258866 1.626495
v 0.003529 -0.369421 1.626495
v -0.057076 -0.363956 1.626495
v -0.068674 -0.362910 1.636491
v -0.068678 -0.362878 1.786660
v 0.003520 -0.369342 1.787384
v 0.238180 -0.228807 1.625889
v 0.208438 -0.305318 1.626495
v 0.188885 -0.270781 1.625889
v 0.215226 -0.319461 1.625971
v 0.144808 -0.340059 1.636491
v 0.133695 -0.343531 1.626495
v 0.075611 -0.361674 1.626495
v 0.075599 -0.361591 1.787435
v 0.144803 -0.340016 1.786817
v 0.132368 -0.302369 1.635886
v 0.132372 -0.302407 1.784967
v -0.098956 -0.168370 1.618016
v -0.137037 -0.221475 1.624309
v -0.168284 -0.197605 1.624309
v -0.120375 -0.152761 1.618016
v 0.148706 -0.355256 1.625971
v 0.147700 -0.351329 1.626107
v 0.155156 -0.334409 1.626495
v 0.076469 -0.377338 1.625971
v 0.001315 -0.384953 1.625971
v 0.142676 -0.296608 1.625889
v -0.079853 -0.359628 1.626495
v -0.072531 -0.373887 1.626107
v -0.073874 -0.377711 1.625971
v -0.146221 -0.355986 1.625971
v -0.138232 -0.342484 1.626495
v -0.369448 -0.002779 1.626495
v -0.384981 -0.000565 1.625971
v -0.377739 0.074625 1.625971
v -0.373915 0.073281 1.626107
v -0.363996 0.057683 1.626495
v -0.058079 -0.324664 1.635886
v -0.041675 -0.257167 1.634308
v -0.041658 -0.257305 1.781827
v -0.058075 -0.324704 1.784918
v -0.120379 -0.307036 1.625889
v -0.202448 -0.308837 1.626495
v -0.178023 -0.277556 1.625889
v -0.212917 -0.320521 1.625971
v -0.258893 -0.263347 1.636491
v -0.266354 -0.254407 1.626495
v -0.305345 -0.207687 1.626495
v -0.305284 -0.207644 1.787319
v -0.258846 -0.263313 1.787045
v -0.228835 -0.237430 1.635886
v -0.228854 -0.237444 1.785178
v -0.144937 0.082961 1.602726
v -0.160341 0.093955 1.612765
v -0.161542 0.109113 1.618016
v -0.145789 0.130730 1.618016
v -0.126045 0.109728 1.602726
v -0.271442 -0.272764 1.625971
v -0.268199 -0.270330 1.626107
v -0.249714 -0.270744 1.626495
v -0.132971 0.344309 1.626495
v -0.146977 0.352106 1.626107
v -0.147985 0.356033 1.625971
v -0.075746 0.378116 1.625971
v -0.074887 0.362452 1.626495
v 0.259616 0.264125 1.626495
v 0.306067 0.208465 1.626495
v 0.306005 0.208421 1.787319
v 0.259570 0.264091 1.787045
v -0.340086 -0.144058 1.636491
v -0.302398 -0.131617 1.635886
v -0.302420 -0.131633 1.785130
v -0.340046 -0.144029 1.786925
v -0.334506 -0.154278 1.626495
v -0.361702 -0.074860 1.626495
v -0.377366 -0.075718 1.625971
v -0.322312 -0.070012 1.625889
v -0.329868 -0.005709 1.625889
v -0.257194 0.042425 1.634308
v -0.324692 0.058829 1.635886
v -0.324713 0.058838 1.785177
v -0.257317 0.042472 1.781920
v -0.359656 0.080596 1.626495
v -0.356013 0.146972 1.625971
v -0.342511 0.138983 1.626495
v -0.362938 0.069424 1.636491
v -0.342441 0.138955 1.787321
v -0.362884 0.069403 1.787045
v -0.237157 -0.107757 1.634308
v -0.175988 -0.084757 1.628017
v -0.175919 -0.084709 1.778955
v -0.237262 -0.107832 1.781959
v 0.162266 -0.108335 1.618016
v 0.215157 -0.146263 1.624309
v 0.191170 -0.177664 1.624309
v 0.146512 -0.129952 1.618016
v -0.301555 0.212269 1.626495
v -0.317530 0.210962 1.626107
v -0.320548 0.213667 1.625971
v -0.272792 0.272192 1.625971
v -0.263374 0.259644 1.626495
v -0.002806 0.370199 1.626495
v 0.057799 0.364734 1.626495
v 0.069397 0.363688 1.636491
v 0.069400 0.363655 1.786660
v -0.002798 0.370120 1.787384
v -0.277585 0.178773 1.635886
v -0.221503 0.137787 1.634308
v -0.221624 0.137834 1.781959
v -0.277609 0.178783 1.785129
v -0.237458 0.229585 1.625889
v -0.207715 0.306095 1.626495
v -0.188162 0.271559 1.625889
v -0.214503 0.320239 1.625971
v -0.144086 0.340837 1.636491
v -0.074878 0.362369 1.787435
v -0.144080 0.340794 1.786817
v -0.131646 0.303148 1.635886
v -0.131650 0.303185 1.784967
v 0.049465 -0.189170 1.618016
v 0.074576 -0.179966 1.618016
v 0.085508 -0.175960 1.628017
v 0.085499 -0.175892 1.778717
v 0.049452 -0.189076 1.779131
v -0.154432 0.335187 1.626495
v -0.000593 0.385731 1.625971
v 0.370172 0.003557 1.626494
v 0.385704 0.001343 1.625971
v 0.364719 -0.056905 1.626495
v 0.038851 0.191576 1.618016
v 0.053650 0.254955 1.624309
v 0.091841 0.244811 1.624309
v 0.064852 0.185294 1.618016
v 0.080576 0.360405 1.626495
v 0.073253 0.374665 1.626107
v 0.074597 0.378488 1.625971
v 0.146945 0.356764 1.625971
v 0.138954 0.343262 1.626495
v 0.323640 -0.064962 1.788747
v 0.354732 -0.073567 1.790268
v 0.336529 -0.135496 1.790513
v 0.307200 -0.191521 1.790168
v 0.282629 -0.172314 1.788755
v 0.226521 -0.131275 1.785578
v 0.177986 -0.096532 1.782842
v 0.191936 -0.066424 1.782948
v 0.199467 -0.035313 1.782753
v 0.256384 -0.048629 1.785496
v 0.058801 0.325442 1.635886
v 0.042396 0.257945 1.634308
v 0.042379 0.258082 1.781827
v 0.058797 0.325482 1.784918
v 0.121101 0.307814 1.625889
v 0.203169 0.309615 1.626495
v 0.178745 0.278334 1.625889
v 0.213639 0.321299 1.625971
v 0.272165 0.273542 1.625971
v 0.229556 0.238208 1.625889
v 0.156701 0.118295 1.618016
v 0.130702 0.146539 1.618016
v 0.130640 0.146495 1.778844
v 0.156626 0.118243 1.779077
v 0.320211 0.215253 1.625971
v 0.335230 0.155056 1.626495
v 0.340808 0.144836 1.636491
v 0.340768 0.144807 1.786925
v 0.185266 -0.064101 1.618016
v 0.191547 -0.038105 1.618016
v 0.194282 -0.026787 1.628017
v 0.194211 -0.026760 1.778843
v 0.185181 -0.064069 1.779077
v 0.303119 0.132395 1.635886
v 0.237880 0.108535 1.634308
v 0.237986 0.108610 1.781959
v 0.303141 0.132411 1.785130
v 0.356006 0.148734 1.625971
v 0.352078 0.147727 1.626107
v 0.362424 0.075638 1.626494
v 0.378089 0.076496 1.625971
v 0.323035 0.070790 1.625889
v 0.330591 0.006487 1.625888
v 0.161483 0.012584 1.575874
v 0.167057 0.012458 1.602726
v 0.166198 -0.020294 1.602726
v 0.160756 -0.019082 1.575874
v 0.257918 -0.041647 1.634308
v 0.258041 -0.041694 1.781920
v 0.195870 0.011568 1.618016
v 0.261185 0.009408 1.624309
v 0.258674 -0.029834 1.624309
v 0.194774 -0.014914 1.618016
v 0.158987 -0.052254 1.602726
v 0.153885 -0.050003 1.575874
v 0.145661 -0.082183 1.602726
v 0.141095 -0.078980 1.575874
v 0.271087 -0.187138 1.625889
v 0.169121 -0.098929 1.628017
v 0.174018 -0.088365 1.618016
v 0.169043 -0.098899 1.778955
v 0.126766 -0.108950 1.602726
v 0.122914 -0.104918 1.575874
v 0.103001 -0.131501 1.602726
v 0.100009 -0.126796 1.575874
v 0.118267 -0.155950 1.618016
v 0.108507 -0.237130 1.634308
v 0.108524 -0.237272 1.781751
v 0.075303 -0.149000 1.602726
v 0.073287 -0.143801 1.575874
v 0.044716 -0.160741 1.602726
v 0.043753 -0.155248 1.575874
v 0.095649 -0.169765 1.618016
v 0.082003 -0.166701 1.612765
v 0.011541 -0.195120 1.618016
v 0.012430 -0.166308 1.602726
v 0.012557 -0.160733 1.575874
v -0.020322 -0.165448 1.602726
v -0.019110 -0.160007 1.575874
v -0.052929 -0.254177 1.624309
v -0.069289 -0.321492 1.625889
v -0.091120 -0.244033 1.624309
v -0.026814 -0.193531 1.628017
v -0.015181 -0.194014 1.618016
v 0.011527 -0.195022 1.779193
v -0.026825 -0.193453 1.778897
v -0.052282 -0.158237 1.602726
v -0.050031 -0.153136 1.575874
v -0.082211 -0.144910 1.602726
v -0.079008 -0.140345 1.575874
v -0.064128 -0.184516 1.618016
v -0.219567 -0.244749 1.625889
v -0.108977 -0.126017 1.602726
v -0.104946 -0.122165 1.575874
v -0.131529 -0.102250 1.602726
v -0.126824 -0.099260 1.575874
v -0.122767 -0.138980 1.612765
v -0.179992 -0.073828 1.618016
v -0.240917 -0.096736 1.624309
v -0.253676 -0.059338 1.624309
v -0.189198 -0.048714 1.618016
v -0.149028 -0.074553 1.602726
v -0.143829 -0.072537 1.575874
v -0.160768 -0.043966 1.602726
v -0.155276 -0.043003 1.575874
v -0.305980 -0.120532 1.625889
v -0.195147 -0.010790 1.618016
v -0.166335 -0.011680 1.602726
v -0.160761 -0.011806 1.575874
v -0.165475 0.021072 1.602726
v -0.160034 0.019860 1.575874
v -0.193559 0.027565 1.628017
v -0.193489 0.027538 1.778843
v -0.260464 -0.008630 1.624309
v -0.257950 0.030612 1.624309
v -0.194050 0.015692 1.618016
v -0.158264 0.053031 1.602726
v -0.153164 0.050781 1.575874
v -0.140374 0.079758 1.575874
v -0.214434 0.147041 1.624309
v -0.190448 0.178442 1.624309
v -0.270364 0.187916 1.625889
v -0.122193 0.105696 1.575874
v -0.102278 0.132279 1.602726
v -0.099287 0.127574 1.575874
v -0.117545 0.156728 1.618016
v -0.084785 0.176738 1.628017
v -0.107784 0.237908 1.634308
v -0.107803 0.238050 1.781751
v -0.084776 0.176670 1.778717
v -0.074581 0.149778 1.602726
v -0.072565 0.144579 1.575874
v -0.043994 0.161518 1.602726
v -0.043030 0.156026 1.575874
v -0.094927 0.170543 1.618016
v -0.081281 0.167478 1.612765
v -0.048742 0.189948 1.618016
v -0.010818 0.195898 1.618016
v -0.011707 0.167086 1.602726
v -0.011834 0.161511 1.575874
v 0.021045 0.166226 1.602726
v 0.019833 0.160784 1.575874
v 0.070011 0.322270 1.625889
v 0.027538 0.194309 1.628017
v 0.015904 0.194791 1.618016
v -0.010806 0.195800 1.779193
v 0.027547 0.194231 1.778897
v 0.053003 0.159015 1.602726
v 0.050753 0.153914 1.575874
v 0.082933 0.145688 1.602726
v 0.079730 0.141123 1.575874
v 0.099678 0.169148 1.618016
v 0.109699 0.126795 1.602726
v 0.105668 0.122943 1.575874
v 0.132251 0.103028 1.602726
v 0.127546 0.100037 1.575874
v 0.180715 0.074606 1.618016
v 0.241639 0.097514 1.624309
v 0.254398 0.060116 1.624309
v 0.189920 0.049492 1.618016
v 0.149750 0.075331 1.602726
v 0.144551 0.073315 1.575874
v 0.161490 0.044744 1.602726
v 0.155999 0.043781 1.575874
v 0.176710 0.085535 1.628017
v 0.176642 0.085487 1.778955
v 0.129706 0.010449 1.505116
v 0.135287 0.010449 1.537607
v 0.134717 -0.016144 1.537607
v 0.129244 -0.015055 1.505116
v 0.128987 -0.042118 1.537607
v 0.123831 -0.039983 1.505116
v 0.118283 -0.066469 1.537607
v 0.113644 -0.063369 1.505116
v 0.103049 -0.088273 1.537607
v 0.099104 -0.084328 1.505116
v 0.083842 -0.106675 1.537607
v 0.080744 -0.102035 1.505116
v 0.061424 -0.120989 1.537607
v 0.059290 -0.115834 1.505116
v 0.036637 -0.130639 1.537607
v 0.035549 -0.125167 1.505116
v 0.010448 -0.135286 1.537607
v 0.010448 -0.129707 1.505116
v -0.016145 -0.134717 1.537607
v -0.015057 -0.129244 1.505116
v -0.042119 -0.128986 1.537607
v -0.039984 -0.123832 1.505116
v -0.066470 -0.118283 1.537607
v -0.063371 -0.113644 1.505116
v -0.088275 -0.103051 1.537607
v -0.084328 -0.099104 1.505116
v -0.106676 -0.083842 1.537607
v -0.102037 -0.080743 1.505116
v -0.120990 -0.061425 1.537607
v -0.115836 -0.059289 1.505116
v -0.130641 -0.036637 1.537607
v -0.125169 -0.035549 1.505116
v -0.135286 -0.010447 1.537607
v -0.129708 -0.010447 1.505116
v -0.134718 0.016145 1.537607
v -0.129245 0.015056 1.505116
v -0.128987 0.042119 1.537607
v -0.123833 0.039984 1.505116
v -0.118284 0.066470 1.537607
v -0.113646 0.063371 1.505116
v -0.103051 0.088274 1.537607
v -0.099106 0.084329 1.505116
v -0.083844 0.106676 1.537607
v -0.080744 0.102037 1.505116
v -0.061426 0.120991 1.537607
v -0.059291 0.115836 1.505116
v -0.036638 0.130641 1.537607
v -0.035550 0.125169 1.505116
v -0.010448 0.135287 1.537607
v -0.010448 0.129707 1.505116
v 0.016144 0.134717 1.537607
v 0.015055 0.129245 1.505116
v 0.042118 0.128987 1.537607
v 0.039983 0.123833 1.505116
v 0.066470 0.118285 1.537607
v 0.063369 0.113645 1.505116
v 0.088273 0.103051 1.537607
v 0.084329 0.099105 1.505116
v 0.106675 0.083844 1.537607
v 0.102036 0.080744 1.505116
v 0.120990 0.061426 1.537607
v 0.115834 0.059291 1.505116
v 0.130640 0.036639 1.537607
v 0.125168 0.035551 1.505116
v 0.099676 0.008708 1.487174
v 0.119213 0.010231 1.490581
v 0.118909 -0.013222 1.490581
v 0.099453 -0.010906 1.487174
v 0.114052 -0.036168 1.490581
v 0.095421 -0.030100 1.487174
v 0.104799 -0.057720 1.490581
v 0.087710 -0.048134 1.487174
v 0.091530 -0.077062 1.490581
v 0.076639 -0.064324 1.487174
v 0.074732 -0.093431 1.490581
v 0.062613 -0.078035 1.487174
v 0.055072 -0.106223 1.490581
v 0.046188 -0.088757 1.487174
v 0.033289 -0.114918 1.490581
v 0.027984 -0.096056 1.487174
v 0.010230 -0.119212 1.490581
v 0.008706 -0.099676 1.487174
v -0.013223 -0.118909 1.490581
v -0.010907 -0.099453 1.487174
v -0.036170 -0.114052 1.490581
v -0.030101 -0.095421 1.487174
v -0.057721 -0.104799 1.490581
v -0.048136 -0.087710 1.487174
v -0.077063 -0.091530 1.490581
v -0.064325 -0.076638 1.487174
v -0.093433 -0.074733 1.490581
v -0.078036 -0.062613 1.487174
v -0.106224 -0.055072 1.490581
v -0.088758 -0.046188 1.487174
v -0.114920 -0.033289 1.490581
v -0.096058 -0.027983 1.487174
v -0.119213 -0.010231 1.490581
v -0.099677 -0.008707 1.487174
v -0.118911 0.013223 1.490581
v -0.099454 0.010906 1.487174
v -0.114053 0.036170 1.490581
v -0.095422 0.030101 1.487174
v -0.104800 0.057722 1.490581
v -0.087711 0.048135 1.487174
v -0.091531 0.077062 1.490581
v -0.076639 0.064326 1.487174
v -0.074734 0.093433 1.490581
v -0.062614 0.078036 1.487174
v -0.055073 0.106223 1.490581
v -0.046190 0.088757 1.487174
v -0.033290 0.114920 1.490581
v -0.027984 0.096056 1.487174
v -0.010232 0.119213 1.490581
v -0.008707 0.099677 1.487174
v 0.013221 0.118911 1.490581
v 0.010905 0.099455 1.487174
v 0.036168 0.114054 1.490581
v 0.030100 0.095422 1.487174
v 0.057720 0.104799 1.490581
v 0.048133 0.087710 1.487174
v 0.077062 0.091531 1.490581
v 0.064325 0.076640 1.487174
v 0.093431 0.074733 1.490581
v 0.078035 0.062614 1.487174
v 0.106222 0.055073 1.490581
v 0.088757 0.046190 1.487174
v 0.114918 0.033290 1.490581
v 0.096055 0.027985 1.487174
v 0.069385 0.005225 1.485147
v 0.069067 -0.008412 1.485147
v 0.066103 -0.021726 1.485147
v 0.060590 -0.034202 1.485147
v 0.052756 -0.045369 1.485147
v 0.042889 -0.054786 1.485147
v 0.031378 -0.062104 1.485147
v 0.018659 -0.067030 1.485147
v 0.005223 -0.069385 1.485147
v -0.008414 -0.069067 1.485147
v -0.021727 -0.066103 1.485147
v -0.034203 -0.060591 1.485147
v -0.045370 -0.052757 1.485147
v -0.054787 -0.042889 1.485147
v -0.062105 -0.031379 1.485147
v -0.067031 -0.018658 1.485147
v -0.069386 -0.005224 1.485147
v -0.069068 0.008413 1.485147
v -0.066104 0.021727 1.485147
v -0.060592 0.034204 1.485147
v -0.052758 0.045370 1.485147
v -0.042891 0.054786 1.485147
v -0.031381 0.062106 1.485147
v -0.018659 0.067030 1.485147
v -0.005225 0.069387 1.485147
v 0.008411 0.069068 1.485147
v 0.021725 0.066104 1.485147
v 0.034203 0.060591 1.485147
v 0.045368 0.052758 1.485147
v 0.054785 0.042890 1.485147
v 0.062104 0.031379 1.485147
v 0.067028 0.018660 1.485147
v 0.343313 0.000218 1.299111
v 0.336737 -0.066759 1.299111
v 0.322621 0.001742 1.287526
v 0.316742 -0.061228 1.287526
v 0.298730 -0.121852 1.287526
v 0.317262 -0.131178 1.299111
v 0.285556 -0.190540 1.299111
v 0.269199 -0.177779 1.287526
v 0.229359 -0.226896 1.287526
v 0.242911 -0.242604 1.299111
v 0.190902 -0.285315 1.299111
v 0.180674 -0.267265 1.287526
v 0.125070 -0.297397 1.287526
v 0.131581 -0.317095 1.299111
v 0.067185 -0.336652 1.299111
v 0.064643 -0.316063 1.287526
v 0.001742 -0.322622 1.287526
v 0.000217 -0.343312 1.299111
v -0.066760 -0.336736 1.299111
v -0.061229 -0.316742 1.287526
v -0.121853 -0.298729 1.287526
v -0.131179 -0.317262 1.299111
v -0.190541 -0.285556 1.299111
v -0.177780 -0.269200 1.287526
v -0.226897 -0.229359 1.287526
v -0.242605 -0.242912 1.299111
v -0.285315 -0.190903 1.299111
v -0.267265 -0.180675 1.287526
v -0.297398 -0.125070 1.287526
v -0.317096 -0.131581 1.299111
v -0.336652 -0.067186 1.299111
v -0.316063 -0.064644 1.287526
v -0.322623 -0.001741 1.287526
v -0.343313 -0.000217 1.299111
v -0.336736 0.066760 1.299111
v -0.316742 0.061229 1.287526
v -0.298731 0.121854 1.287526
v -0.317263 0.131180 1.299111
v -0.285557 0.190541 1.299111
v -0.269201 0.177780 1.287526
v -0.229360 0.226898 1.287526
v -0.242913 0.242606 1.299111
v -0.190903 0.285315 1.299111
v -0.180676 0.267266 1.287526
v -0.125072 0.297398 1.287526
v -0.131581 0.317097 1.299111
v -0.067186 0.336653 1.299111
v -0.064645 0.316064 1.287526
v -0.001741 0.322622 1.287526
v -0.000218 0.343313 1.299111
v 0.066758 0.336737 1.299111
v 0.061229 0.316742 1.287526
v 0.121853 0.298730 1.287526
v 0.131179 0.317264 1.299111
v 0.190540 0.285557 1.299111
v 0.177778 0.269201 1.287526
v 0.226897 0.229359 1.287526
v 0.242604 0.242913 1.299111
v 0.285314 0.190904 1.299111
v 0.267266 0.180676 1.287526
v 0.297397 0.125072 1.287526
v 0.317096 0.131582 1.299111
v 0.336652 0.067187 1.299111
v 0.316063 0.064644 1.287526
v 0.241573 0.008708 1.272034
v 0.252454 0.010231 1.264778
v 0.249583 -0.039215 1.264778
v 0.238615 -0.038586 1.272034
v 0.283864 0.010449 1.255223
v 0.280430 -0.045128 1.255223
v 0.266255 -0.098977 1.255223
v 0.237152 -0.087157 1.264778
v 0.226516 -0.084401 1.272034
v 0.215578 -0.131741 1.264779
v 0.205685 -0.126963 1.272034
v 0.241814 -0.149009 1.255224
v 0.208110 -0.193334 1.255224
v 0.185746 -0.171278 1.264778
v 0.176975 -0.164662 1.272034
v 0.148752 -0.204211 1.264779
v 0.141440 -0.196011 1.272034
v 0.166383 -0.230205 1.255224
v 0.118282 -0.258258 1.255224
v 0.106061 -0.229323 1.264778
v 0.100489 -0.219852 1.272034
v 0.059281 -0.245591 1.264779
v 0.055664 -0.235218 1.272034
v 0.065623 -0.276353 1.255224
v 0.010448 -0.283865 1.255224
v 0.010230 -0.252454 1.264778
v 0.008706 -0.241573 1.272034
v -0.039216 -0.249583 1.264779
v -0.038587 -0.238615 1.272034
v -0.045130 -0.280430 1.255224
v -0.098978 -0.266255 1.255224
v -0.087159 -0.237152 1.264778
v -0.084403 -0.226516 1.272034
v -0.131742 -0.215578 1.264779
v -0.126964 -0.205685 1.272034
v -0.149011 -0.241814 1.255224
v -0.193336 -0.208110 1.255224
v -0.171279 -0.185746 1.264778
v -0.164663 -0.176975 1.272034
v -0.204212 -0.148753 1.264779
v -0.196011 -0.141441 1.272034
v -0.230206 -0.166384 1.255224
v -0.258259 -0.118282 1.255224
v -0.229323 -0.106061 1.264778
v -0.219853 -0.100489 1.272034
v -0.245592 -0.059281 1.264779
v -0.235219 -0.055665 1.272034
v -0.276355 -0.065622 1.255224
v -0.283866 -0.010447 1.255224
v -0.252454 -0.010231 1.264778
v -0.241573 -0.008707 1.272034
v -0.249583 0.039215 1.264779
v -0.238616 0.038587 1.272034
v -0.280431 0.045128 1.255224
v -0.266256 0.098978 1.255224
v -0.237154 0.087159 1.264778
v -0.226516 0.084403 1.272034
v -0.215579 0.131741 1.264779
v -0.205686 0.126964 1.272034
v -0.241815 0.149010 1.255224
v -0.208111 0.193334 1.255224
v -0.185747 0.171279 1.264778
v -0.176976 0.164662 1.272034
v -0.148753 0.204212 1.264779
v -0.141442 0.196012 1.272034
v -0.166385 0.230206 1.255224
v -0.118283 0.258259 1.255224
v -0.106063 0.229323 1.264778
v -0.100491 0.219852 1.272034
v -0.059283 0.245593 1.264779
v -0.055666 0.235218 1.272034
v -0.065623 0.276354 1.255224
v -0.010448 0.283865 1.255224
v -0.010232 0.252455 1.264778
v -0.008707 0.241574 1.272034
v 0.039214 0.249584 1.264779
v 0.038586 0.238616 1.272034
v 0.045127 0.280431 1.255224
v 0.098976 0.266256 1.255224
v 0.087157 0.237152 1.264778
v 0.084401 0.226517 1.272034
v 0.131741 0.215579 1.264779
v 0.126963 0.205685 1.272034
v 0.149008 0.241815 1.255224
v 0.193334 0.208112 1.255224
v 0.171278 0.185747 1.264778
v 0.164661 0.176975 1.272034
v 0.204211 0.148754 1.264779
v 0.196011 0.141442 1.272034
v 0.230204 0.166385 1.255224
v 0.258257 0.118284 1.255224
v 0.229322 0.106063 1.264778
v 0.219851 0.100491 1.272034
v 0.245591 0.059282 1.264778
v 0.235216 0.055665 1.272034
v 0.276353 0.065624 1.255223
v 0.303825 0.010449 1.241899
v 0.300006 -0.049023 1.241899
v 0.284696 -0.106616 1.241899
v 0.258410 -0.160099 1.241899
v 0.222225 -0.207448 1.241899
v 0.177472 -0.246801 1.241899
v 0.125922 -0.276700 1.241899
v 0.069515 -0.295930 1.241899
v 0.010448 -0.303825 1.241899
v -0.049024 -0.300007 1.241899
v -0.106617 -0.284697 1.241899
v -0.160099 -0.258410 1.241899
v -0.207450 -0.222224 1.241899
v -0.246801 -0.177472 1.241899
v -0.276700 -0.125921 1.241899
v -0.295931 -0.069516 1.241899
v -0.303826 -0.010447 1.241899
v -0.300008 0.049023 1.241899
v -0.284697 0.106616 1.241899
v -0.258410 0.160099 1.241899
v -0.222226 0.207449 1.241899
v -0.177473 0.246802 1.241899
v -0.125922 0.276701 1.241899
v -0.069517 0.295931 1.241899
v -0.010448 0.303825 1.241899
v 0.049021 0.300007 1.241899
v 0.106616 0.284697 1.241899
v 0.160098 0.258410 1.241899
v 0.207448 0.222226 1.241899
v 0.246801 0.177473 1.241899
v 0.276699 0.125923 1.241899
v 0.295930 0.069517 1.241899
v 0.276236 0.005225 1.278926
v 0.271929 -0.048764 1.278926
v 0.257207 -0.100884 1.278926
v 0.232568 -0.149115 1.278926
v 0.199022 -0.191635 1.278926
v 0.157801 -0.226765 1.278926
v 0.110537 -0.253210 1.278926
v 0.059010 -0.269892 1.278926
v 0.005223 -0.276236 1.278926
v -0.048765 -0.271930 1.278926
v -0.100886 -0.257208 1.278926
v -0.149116 -0.232569 1.278926
v -0.191635 -0.199023 1.278926
v -0.226766 -0.157801 1.278926
v -0.253210 -0.110538 1.278926
v -0.269893 -0.059011 1.278926
v -0.276236 -0.005224 1.278926
v -0.271931 0.048764 1.278926
v -0.257209 0.100885 1.278926
v -0.232571 0.149115 1.278926
v -0.199024 0.191635 1.278926
v -0.157802 0.226766 1.278926
v -0.110539 0.253210 1.278926
v -0.059012 0.269892 1.278926
v -0.005225 0.276237 1.278926
v 0.048763 0.271931 1.278926
v 0.100883 0.257209 1.278926
v 0.149114 0.232570 1.278926
v 0.191634 0.199023 1.278926
v 0.226765 0.157803 1.278926
v 0.253209 0.110538 1.278926
v 0.269891 0.059012 1.278926
v 0.399655 -0.001760 1.560430
v 0.396694 0.000001 1.526668
v 0.389046 -0.077386 1.526668
v 0.391573 -0.079651 1.560430
v 0.366497 -0.151807 1.526668
v 0.368499 -0.154483 1.560430
v 0.329816 -0.220377 1.526668
v 0.331225 -0.223353 1.560430
v 0.280505 -0.280504 1.526668
v 0.281270 -0.283659 1.560430
v 0.220376 -0.329817 1.526668
v 0.220477 -0.333021 1.560430
v 0.151808 -0.366496 1.526668
v 0.151246 -0.369620 1.560430
v 0.077386 -0.389046 1.526668
v 0.076192 -0.391960 1.560430
v 0.000000 -0.396693 1.526668
v -0.001775 -0.399280 1.560430
v -0.077387 -0.389046 1.526668
v -0.079665 -0.391198 1.560430
v -0.151809 -0.366496 1.526668
v -0.154498 -0.368124 1.560430
v -0.220378 -0.329817 1.526668
v -0.223366 -0.330850 1.560430
v -0.280505 -0.280504 1.526668
v -0.283673 -0.280894 1.560430
v -0.329818 -0.220377 1.526668
v -0.333035 -0.220102 1.560430
v -0.366497 -0.151807 1.526668
v -0.369634 -0.150872 1.560430
v -0.389047 -0.077386 1.526668
v -0.391975 -0.075817 1.560430
v -0.396695 0.000001 1.526668
v -0.399295 0.002150 1.560430
v -0.389047 0.077387 1.526668
v -0.391213 0.080041 1.560430
v -0.366497 0.151809 1.526668
v -0.368139 0.154874 1.560430
v -0.329818 0.220378 1.526668
v -0.330864 0.223742 1.560430
v -0.280505 0.280505 1.526668
v -0.280909 0.284048 1.560430
v -0.220378 0.329819 1.526668
v -0.220116 0.333411 1.560430
v -0.151809 0.366498 1.526668
v -0.150887 0.370010 1.560430
v -0.077387 0.389047 1.526668
v -0.075832 0.392351 1.560430
v 0.000000 0.396695 1.526668
v 0.002135 0.399670 1.560430
v 0.077386 0.389047 1.526668
v 0.080027 0.391588 1.560430
v 0.151808 0.366498 1.526668
v 0.154858 0.368513 1.560430
v 0.220376 0.329818 1.526668
v 0.223727 0.331239 1.560430
v 0.280505 0.280505 1.526668
v 0.284034 0.281284 1.560430
v 0.329818 0.220378 1.526668
v 0.333396 0.220492 1.560430
v 0.366497 0.151809 1.526668
v 0.369995 0.151262 1.560430
v 0.389046 0.077387 1.526668
v 0.392336 0.076207 1.560430
v 0.376891 0.000001 1.448932
v 0.369625 -0.073522 1.448932
v 0.348202 -0.144229 1.448932
v 0.313354 -0.209376 1.448932
v 0.266502 -0.266503 1.448932
v 0.209375 -0.313353 1.448932
v 0.144229 -0.348202 1.448932
v 0.073522 -0.369625 1.448932
v 0.000000 -0.376891 1.448932
v -0.073523 -0.369625 1.448932
v -0.144230 -0.348202 1.448932
v -0.209377 -0.313353 1.448932
v -0.266504 -0.266503 1.448932
v -0.313354 -0.209376 1.448932
v -0.348203 -0.144229 1.448932
v -0.369626 -0.073522 1.448932
v -0.376893 0.000001 1.448932
v -0.369626 0.073524 1.448932
v -0.348203 0.144231 1.448932
v -0.313354 0.209376 1.448932
v -0.266504 0.266504 1.448932
v -0.209377 0.313355 1.448932
v -0.144230 0.348203 1.448932
v -0.073523 0.369627 1.448932
v 0.000000 0.376892 1.448932
v 0.073522 0.369626 1.448932
v 0.144229 0.348203 1.448932
v 0.209375 0.313355 1.448932
v 0.266502 0.266504 1.448932
v 0.313354 0.209376 1.448932
v 0.348202 0.144231 1.448932
v 0.369625 0.073524 1.448932
v 0.393710 -0.000899 1.597396
v 0.396250 -0.002167 1.577470
v 0.388121 -0.079348 1.577470
v 0.385874 -0.077608 1.597396
v 0.365138 -0.153474 1.577470
v 0.363274 -0.151329 1.597396
v 0.328091 -0.221667 1.577470
v 0.326681 -0.219201 1.597396
v 0.278490 -0.281356 1.577470
v 0.277589 -0.278662 1.597396
v 0.218167 -0.330181 1.577470
v 0.217808 -0.327363 1.597396
v 0.149500 -0.366344 1.577470
v 0.149699 -0.363511 1.597396
v 0.075082 -0.388369 1.577470
v 0.075831 -0.385628 1.597396
v -0.002195 -0.395502 1.577470
v -0.000927 -0.392959 1.597396
v -0.079375 -0.387370 1.577470
v -0.077635 -0.385125 1.597396
v -0.153501 -0.364387 1.577470
v -0.151358 -0.362524 1.597396
v -0.221695 -0.327340 1.577470
v -0.219228 -0.325931 1.597396
v -0.281384 -0.277740 1.577470
v -0.278690 -0.276840 1.597396
v -0.330208 -0.217416 1.577470
v -0.327391 -0.217058 1.597396
v -0.366372 -0.148750 1.577470
v -0.363539 -0.148948 1.597396
v -0.388396 -0.074333 1.577470
v -0.385655 -0.075081 1.597396
v -0.395529 0.002945 1.577470
v -0.392986 0.001677 1.597396
v -0.387397 0.080126 1.577470
v -0.385153 0.078386 1.597396
v -0.364415 0.154252 1.577470
v -0.362551 0.152107 1.597396
v -0.327367 0.222445 1.577470
v -0.325959 0.219979 1.597396
v -0.277768 0.282133 1.577470
v -0.276867 0.279439 1.597396
v -0.217444 0.330959 1.577470
v -0.217086 0.328141 1.597396
v -0.148777 0.367122 1.577470
v -0.148976 0.364288 1.597396
v -0.074361 0.389146 1.577470
v -0.075109 0.386405 1.597396
v 0.002918 0.396279 1.577470
v 0.001649 0.393737 1.597396
v 0.080098 0.388148 1.577470
v 0.078359 0.385903 1.597396
v 0.154224 0.365165 1.577470
v 0.152079 0.363302 1.597396
v 0.222417 0.328118 1.577470
v 0.219951 0.326709 1.597396
v 0.282105 0.278518 1.577470
v 0.279411 0.277617 1.597396
v 0.330932 0.218194 1.577470
v 0.328113 0.217836 1.597396
v 0.367094 0.149528 1.577470
v 0.364260 0.149726 1.597396
v 0.389117 0.075111 1.577470
v 0.386377 0.075859 1.597396
v 0.392047 0.000015 1.618517
v 0.392545 -0.000239 1.610812
v 0.384863 -0.076734 1.610812
v 0.384423 -0.076387 1.618517
v 0.362452 -0.150274 1.610812
v 0.362089 -0.149848 1.618517
v 0.326080 -0.218005 1.610812
v 0.325807 -0.217516 1.618517
v 0.277232 -0.277372 1.610812
v 0.277061 -0.276840 1.618517
v 0.217711 -0.326028 1.610812
v 0.217645 -0.325472 1.618517
v 0.149863 -0.362183 1.610812
v 0.149908 -0.361624 1.618517
v 0.076252 -0.384357 1.610812
v 0.076403 -0.383818 1.618517
v -0.000267 -0.391795 1.610812
v -0.000012 -0.391297 1.618517
v -0.076762 -0.384112 1.610812
v -0.076414 -0.383673 1.618517
v -0.150301 -0.361701 1.610812
v -0.149876 -0.361338 1.618517
v -0.218033 -0.325330 1.610812
v -0.217545 -0.325057 1.618517
v -0.277400 -0.276482 1.610812
v -0.276867 -0.276310 1.618517
v -0.326056 -0.216960 1.610812
v -0.325500 -0.216895 1.618517
v -0.362210 -0.149113 1.610812
v -0.361651 -0.149157 1.618517
v -0.384386 -0.075501 1.610812
v -0.383846 -0.075653 1.618517
v -0.391823 0.001017 1.610812
v -0.391324 0.000763 1.618517
v -0.384139 0.077512 1.610812
v -0.383700 0.077165 1.618517
v -0.361729 0.151052 1.610812
v -0.361366 0.150626 1.618517
v -0.325357 0.218783 1.610812
v -0.325085 0.218294 1.618517
v -0.276510 0.278149 1.610812
v -0.276338 0.277617 1.618517
v -0.216989 0.326806 1.610812
v -0.216923 0.326250 1.618517
v -0.149140 0.362960 1.610812
v -0.149185 0.362402 1.618517
v -0.075528 0.385135 1.610812
v -0.075681 0.384596 1.618517
v 0.000989 0.392573 1.610812
v 0.000735 0.392075 1.618517
v 0.077483 0.384890 1.610812
v 0.077137 0.384451 1.618517
v 0.151024 0.362479 1.610812
v 0.150598 0.362116 1.618517
v 0.218755 0.326108 1.610812
v 0.218267 0.325835 1.618517
v 0.278121 0.277260 1.610812
v 0.277589 0.277088 1.618517
v 0.326779 0.217738 1.610812
v 0.326223 0.217673 1.618517
v 0.362932 0.149891 1.610812
v 0.362375 0.149935 1.618517
v 0.385108 0.076279 1.610812
v 0.384569 0.076431 1.618517
v 0.184636 -0.024557 1.612765
v 0.170640 0.095471 1.618016
v 0.167450 0.082031 1.612765
v -0.319489 -0.214475 1.625971
v -0.355283 -0.147957 1.625971
v -0.351357 -0.146949 1.626107
v -0.183913 0.025335 1.612765
v -0.190824 0.038883 1.618016
v -0.184543 0.064879 1.618016
v 0.161063 -0.093177 1.612765
v 0.152758 -0.211454 1.624309
v 0.178414 0.191198 1.624309
v 0.229577 0.238222 1.785178
v 0.178522 0.191273 1.781920
v -0.343560 -0.132937 1.626495
v -0.024584 -0.183886 1.612765
v -0.038128 -0.190798 1.618016
v -0.177691 -0.190420 1.634308
v -0.177799 -0.190495 1.781920
v -0.137865 -0.137195 1.618016
v -0.155978 -0.117517 1.618016
v -0.169918 -0.094693 1.618016
v -0.166729 -0.081253 1.612765
v -0.155904 -0.117465 1.779077
v -0.325635 0.047060 1.625889
v 0.118746 -0.231189 1.624309
v -0.152034 0.212232 1.624309
v -0.141953 0.297386 1.625889
v -0.118024 0.231967 1.624309
v -0.308864 0.203198 1.636491
v -0.308818 0.203180 1.786923
v -0.168397 0.099707 1.628017
v -0.168320 0.099677 1.778954
v -0.073852 0.180744 1.618016
v 0.326357 -0.046282 1.625889
v -0.048731 0.189854 1.779131
v -0.184458 0.064847 1.779077
v 0.025306 0.184664 1.612765
v 0.137759 0.222253 1.624309
v 0.344282 0.133715 1.626495
v -0.129979 -0.145761 1.628017
v -0.129917 -0.145718 1.778844
v 0.306703 0.121310 1.625889
v 0.390963 0.000321 1.623378
v 0.383420 -0.075875 1.623377
v 0.361204 -0.149150 1.623378
v 0.325076 -0.216660 1.623377
v 0.276510 -0.275856 1.623378
v 0.217297 -0.324402 1.623377
v 0.149776 -0.360506 1.623378
v 0.076493 -0.382696 1.623377
v 0.000294 -0.390214 1.623378
v -0.075902 -0.382669 1.623377
v -0.149178 -0.360454 1.623378
v -0.216688 -0.324326 1.623377
v -0.275884 -0.275761 1.623378
v -0.324430 -0.216547 1.623377
v -0.360533 -0.149026 1.623378
v -0.382723 -0.075742 1.623377
v -0.390241 0.000457 1.623378
v -0.382698 0.076653 1.623377
v -0.360482 0.149928 1.623378
v -0.324353 0.217438 1.623377
v -0.275788 0.276634 1.623378
v -0.216575 0.325179 1.623377
v -0.149054 0.361284 1.623378
v -0.075769 0.383474 1.623377
v 0.000429 0.390991 1.623378
v 0.076625 0.383447 1.623377
v 0.149901 0.361232 1.623378
v 0.217411 0.325104 1.623377
v 0.276607 0.276538 1.623378
v 0.325151 0.217325 1.623377
v 0.361256 0.149804 1.623378
v 0.383447 0.076520 1.623378
v 0.125637 -0.304747 1.788570
v 0.135760 -0.335377 1.790076
v 0.074144 -0.354587 1.790627
v 0.003459 -0.362188 1.790577
v -0.059520 -0.356548 1.789946
v -0.051173 -0.326494 1.788574
v -0.034720 -0.258948 1.785477
v -0.021214 -0.200808 1.782808
v 0.011936 -0.202165 1.783064
v 0.051247 -0.196001 1.783000
v 0.081303 -0.185008 1.782656
v 0.101837 -0.239746 1.785361
v -0.233594 -0.232117 1.788748
v -0.258023 -0.253186 1.790268
v -0.299370 -0.203618 1.790512
v -0.329694 -0.148126 1.790168
v -0.300074 -0.138368 1.788755
v -0.234778 -0.114514 1.785578
v -0.178917 -0.093459 1.782842
v -0.161614 -0.121773 1.782946
v -0.139945 -0.145333 1.782753
v -0.182646 -0.185265 1.785496
v -0.322918 0.065740 1.788747
v -0.354010 0.074345 1.790268
v -0.335808 0.136274 1.790513
v -0.306478 0.192299 1.790167
v -0.281905 0.173092 1.788755
v -0.225800 0.132053 1.785577
v -0.177264 0.097310 1.782842
v -0.191213 0.067202 1.782948
v -0.198744 0.036090 1.782753
v -0.255661 0.049407 1.785496
v -0.124914 0.305525 1.788570
v -0.135038 0.336155 1.790076
v -0.073422 0.355365 1.790627
v -0.002736 0.362966 1.790577
v 0.060243 0.357326 1.789946
v 0.051896 0.327272 1.788574
v 0.035442 0.259725 1.785477
v 0.021937 0.201586 1.782808
v -0.011215 0.202942 1.783064
v -0.050525 0.196779 1.783000
v -0.080582 0.185786 1.782656
v -0.101114 0.240524 1.785361
v 0.234318 0.232895 1.788748
v 0.258745 0.253964 1.790268
v 0.300092 0.204396 1.790512
v 0.330415 0.148904 1.790168
v 0.300796 0.139145 1.788755
v 0.235499 0.115292 1.785578
v 0.179639 0.094237 1.782842
v 0.162338 0.122550 1.782946
v 0.140669 0.146111 1.782753
v 0.183368 0.186043 1.785496
v -0.314270 0.192884 1.626495
v -0.173295 0.089143 1.618016
vt 0.455698 0.761943
vt 0.531824 0.666398
vt 0.531883 0.766444
vt 0.488167 0.663819
vt 0.531744 0.532129
vt 0.446180 0.656196
vt 0.314910 0.726989
vt 0.382425 0.748640
vt 0.407491 0.643789
vt 0.373562 0.627105
vt 0.207132 0.662368
vt 0.255699 0.697874
vt 0.345732 0.606760
vt 0.325027 0.583556
vt 0.148774 0.577921
vt 0.170999 0.621875
vt 0.312291 0.558369
vt 0.307962 0.532177
vt 0.148720 0.486501
vt 0.141218 0.532212
vt 0.312260 0.505983
vt 0.324965 0.480791
vt 0.206977 0.402028
vt 0.170892 0.442538
vt 0.345643 0.457577
vt 0.373449 0.437220
vt 0.314677 0.337362
vt 0.255502 0.366502
vt 0.407358 0.420522
vt 0.446032 0.408099
vt 0.455424 0.302347
vt 0.382167 0.315682
vt 0.488010 0.400457
vt 0.531664 0.397860
vt 0.607789 0.302315
vt 0.531604 0.297814
vt 0.575320 0.400439
vt 0.617307 0.408062
vt 0.748578 0.337269
vt 0.681062 0.315618
vt 0.655996 0.420469
vt 0.689925 0.437152
vt 0.856355 0.401889
vt 0.807788 0.366384
vt 0.717755 0.457498
vt 0.738460 0.480702
vt 0.914713 0.486337
vt 0.892488 0.442383
vt 0.751196 0.505889
vt 0.755525 0.532081
vt 0.914767 0.577756
vt 0.922269 0.532045
vt 0.751227 0.558275
vt 0.738522 0.583467
vt 0.856510 0.662229
vt 0.892595 0.621720
vt 0.717844 0.606680
vt 0.690038 0.627037
vt 0.748810 0.726895
vt 0.807985 0.697755
vt 0.656129 0.643736
vt 0.617455 0.656159
vt 0.608063 0.761910
vt 0.681320 0.748576
vt 0.575477 0.663800
vt 0.531744 0.532251
vt 0.529001 0.541040
vt 0.531951 0.541190
vt 0.526391 0.553295
vt 0.533376 0.553516
vt 0.519611 0.552263
vt 0.531666 0.532242
vt 0.531704 0.532248
vt 0.523526 0.539732
vt 0.526156 0.540548
vt 0.513298 0.550455
vt 0.507692 0.547944
vt 0.531600 0.532215
vt 0.531631 0.532230
vt 0.519302 0.537266
vt 0.521211 0.538624
vt 0.503014 0.544825
vt 0.499436 0.541218
vt 0.531574 0.532197
vt 0.517870 0.535712
vt 0.531556 0.532175
vt 0.516973 0.534019
vt 0.497103 0.537261
vt 0.496098 0.533108
vt 0.531544 0.532153
vt 0.516641 0.532254
vt 0.531540 0.532129
vt 0.516891 0.530483
vt 0.496467 0.528917
vt 0.498187 0.524849
vt 0.531544 0.532105
vt 0.517711 0.528776
vt 0.531555 0.532082
vt 0.519072 0.527198
vt 0.501200 0.521062
vt 0.505384 0.517698
vt 0.531574 0.532061
vt 0.520917 0.525809
vt 0.531600 0.532042
vt 0.523181 0.524664
vt 0.510584 0.514891
vt 0.516594 0.512744
vt 0.531630 0.532027
vt 0.525772 0.523805
vt 0.531666 0.532016
vt 0.528593 0.523266
vt 0.523189 0.511345
vt 0.530111 0.510741
vt 0.531704 0.532009
vt 0.531536 0.523067
vt 0.531744 0.532007
vt 0.534486 0.523217
vt 0.537096 0.510963
vt 0.543876 0.511994
vt 0.531783 0.532009
vt 0.537331 0.523709
vt 0.531821 0.532016
vt 0.539961 0.524525
vt 0.550189 0.513803
vt 0.555795 0.516313
vt 0.531857 0.532027
vt 0.542276 0.525633
vt 0.531887 0.532042
vt 0.544184 0.526991
vt 0.560473 0.519433
vt 0.564051 0.523039
vt 0.531913 0.532061
vt 0.545617 0.528546
vt 0.531931 0.532082
vt 0.546515 0.530239
vt 0.566384 0.526996
vt 0.567389 0.531149
vt 0.531943 0.532105
vt 0.546846 0.532004
vt 0.531947 0.532129
vt 0.546596 0.533774
vt 0.567021 0.535340
vt 0.565301 0.539409
vt 0.531932 0.532175
vt 0.531943 0.532153
vt 0.544416 0.537059
vt 0.545776 0.535481
vt 0.562287 0.543196
vt 0.558103 0.546559
vt 0.531913 0.532197
vt 0.542570 0.538448
vt 0.531888 0.532215
vt 0.540306 0.539593
vt 0.552903 0.549366
vt 0.546893 0.551513
vt 0.531821 0.532242
vt 0.531857 0.532230
vt 0.534894 0.540991
vt 0.537715 0.540453
vt 0.540298 0.552913
vt 0.531783 0.532248
vt 0.467560 0.764470
vt 0.531868 0.741450
vt 0.531882 0.764456
vt 0.469189 0.741463
vt 0.531863 0.732704
vt 0.408911 0.741476
vt 0.469201 0.732717
vt 0.348708 0.764496
vt 0.405701 0.764483
vt 0.353417 0.732742
vt 0.408939 0.732730
vt 0.304672 0.741498
vt 0.353373 0.741488
vt 0.348250 0.764496
vt 0.304214 0.741498
vt 0.298273 0.764506
vt 0.352915 0.741488
vt 0.304271 0.732753
vt 0.408452 0.741476
vt 0.352959 0.732742
vt 0.467102 0.764470
vt 0.405243 0.764483
vt 0.468731 0.741463
vt 0.408481 0.732730
vt 0.531410 0.741450
vt 0.468743 0.732717
vt 0.595746 0.764443
vt 0.531424 0.764456
vt 0.594067 0.732691
vt 0.531405 0.732704
vt 0.594089 0.741436
vt 0.654329 0.732678
vt 0.654368 0.741423
vt 0.714598 0.764417
vt 0.657604 0.764429
vt 0.709906 0.741411
vt 0.758606 0.741401
vt 0.709851 0.732666
vt 0.348708 0.764496
vt 0.304672 0.741498
vt 0.298731 0.764506
vt 0.353373 0.741488
vt 0.304729 0.732753
vt 0.408939 0.732730
vt 0.353417 0.732742
vt 0.408911 0.741476
vt 0.467560 0.764470
vt 0.405701 0.764483
vt 0.469189 0.741463
vt 0.531868 0.741450
vt 0.469201 0.732717
vt 0.596204 0.764442
vt 0.531882 0.764456
vt 0.594525 0.732690
vt 0.531863 0.732704
vt 0.654826 0.741423
vt 0.594548 0.741436
vt 0.715056 0.764417
vt 0.658063 0.764429
vt 0.710364 0.741411
vt 0.654787 0.732678
vt 0.758997 0.732655
vt 0.710309 0.732666
vt 0.759065 0.741401
vt 0.714598 0.764417
vt 0.758606 0.741401
vt 0.764575 0.764406
vt 0.709851 0.732666
vt 0.758538 0.732655
vt 0.709906 0.741411
vt 0.654329 0.732678
vt 0.654368 0.741423
vt 0.595746 0.764443
vt 0.657604 0.764429
vt 0.594089 0.741436
vt 0.531410 0.741450
vt 0.594067 0.732691
vt 0.467102 0.764470
vt 0.531424 0.764456
vt 0.468743 0.732717
vt 0.531405 0.732704
vt 0.468731 0.741463
vt 0.408481 0.732730
vt 0.408452 0.741476
vt 0.348250 0.764496
vt 0.405243 0.764483
vt 0.352959 0.732742
vt 0.352915 0.741488
vt 0.304271 0.732753
vt 0.304214 0.741498
vt 0.715056 0.764417
vt 0.759064 0.741401
vt 0.765033 0.764406
vt 0.710309 0.732666
vt 0.758997 0.732655
vt 0.710364 0.741411
vt 0.654787 0.732678
vt 0.654826 0.741423
vt 0.596204 0.764442
vt 0.658063 0.764429
vt 0.594525 0.732690
vt 0.594547 0.741436
vt 0.494750 0.632361
vt 0.541513 0.618020
vt 0.541521 0.632351
vt 0.493497 0.618030
vt 0.541502 0.600265
vt 0.446949 0.618040
vt 0.492526 0.600276
vt 0.449398 0.632371
vt 0.407223 0.632380
vt 0.403672 0.618050
vt 0.445053 0.600286
vt 0.365302 0.618058
vt 0.400925 0.600295
vt 0.369820 0.632388
vt 0.390605 0.632383
vt 0.351100 0.618061
vt 0.355618 0.632391
vt 0.387054 0.618053
vt 0.347606 0.600307
vt 0.428534 0.618044
vt 0.384306 0.600299
vt 0.430983 0.632375
vt 0.475230 0.632365
vt 0.473978 0.618034
vt 0.426638 0.600290
vt 0.521618 0.618024
vt 0.473006 0.600280
vt 0.521627 0.632355
vt 0.568398 0.632345
vt 0.569634 0.618014
vt 0.521608 0.600270
vt 0.616182 0.618004
vt 0.570584 0.600259
vt 0.613750 0.632335
vt 0.655926 0.632326
vt 0.659460 0.617995
vt 0.618057 0.600249
vt 0.697829 0.617986
vt 0.662186 0.600240
vt 0.693328 0.632318
vt 0.391063 0.632383
vt 0.351558 0.618061
vt 0.356076 0.632390
vt 0.387512 0.618053
vt 0.348065 0.600307
vt 0.428992 0.618044
vt 0.384765 0.600299
vt 0.431441 0.632374
vt 0.475688 0.632365
vt 0.474436 0.618034
vt 0.427096 0.600290
vt 0.522076 0.618024
vt 0.473464 0.600280
vt 0.522085 0.632355
vt 0.568856 0.632345
vt 0.570092 0.618014
vt 0.522066 0.600269
vt 0.616640 0.618004
vt 0.571042 0.600259
vt 0.614209 0.632335
vt 0.656384 0.632326
vt 0.659918 0.617995
vt 0.618515 0.600249
vt 0.698287 0.617986
vt 0.662644 0.600239
vt 0.693787 0.632318
vt 0.672085 0.632323
vt 0.711573 0.617983
vt 0.707072 0.632315
vt 0.675619 0.617991
vt 0.715046 0.600228
vt 0.634139 0.618000
vt 0.678345 0.600236
vt 0.631707 0.632331
vt 0.587460 0.632341
vt 0.588695 0.618010
vt 0.636014 0.600245
vt 0.541054 0.618020
vt 0.589646 0.600255
vt 0.541063 0.632351
vt 0.494292 0.632361
vt 0.493039 0.618030
vt 0.541044 0.600265
vt 0.446491 0.618040
vt 0.492068 0.600276
vt 0.448940 0.632371
vt 0.406765 0.632380
vt 0.403213 0.618050
vt 0.444595 0.600286
vt 0.364844 0.618058
vt 0.400466 0.600296
vt 0.369361 0.632388
vt 0.672543 0.632323
vt 0.712031 0.617983
vt 0.707530 0.632315
vt 0.676077 0.617991
vt 0.715504 0.600228
vt 0.634597 0.618000
vt 0.678804 0.600236
vt 0.632166 0.632331
vt 0.587918 0.632341
vt 0.589154 0.618010
vt 0.636472 0.600245
vt 0.590104 0.600255
vt 0.541480 0.563233
vt 0.492497 0.542081
vt 0.541468 0.542071
vt 0.541454 0.519613
vt 0.445030 0.542092
vt 0.492392 0.519624
vt 0.492433 0.563243
vt 0.444892 0.563253
vt 0.400906 0.542101
vt 0.444836 0.519634
vt 0.361794 0.542109
vt 0.400631 0.519643
vt 0.400700 0.563263
vt 0.347326 0.563274
vt 0.384288 0.542105
vt 0.347592 0.542112
vt 0.347246 0.519655
vt 0.426615 0.542096
vt 0.384013 0.519647
vt 0.384082 0.563266
vt 0.426477 0.563257
vt 0.472977 0.542086
vt 0.426421 0.519638
vt 0.521573 0.542075
vt 0.472872 0.519628
vt 0.472913 0.563247
vt 0.521586 0.563237
vt 0.570544 0.542065
vt 0.521560 0.519617
vt 0.618011 0.542054
vt 0.570622 0.519607
vt 0.570633 0.563226
vt 0.618174 0.563216
vt 0.662135 0.542045
vt 0.618178 0.519597
vt 0.701247 0.542037
vt 0.662383 0.519587
vt 0.662366 0.563207
vt 0.347785 0.563274
vt 0.384746 0.542105
vt 0.348050 0.542112
vt 0.347704 0.519655
vt 0.427073 0.542095
vt 0.384471 0.519647
vt 0.384540 0.563266
vt 0.426935 0.563257
vt 0.473435 0.542085
vt 0.426879 0.519638
vt 0.522031 0.542075
vt 0.473330 0.519628
vt 0.473371 0.563247
vt 0.522044 0.563237
vt 0.571002 0.542065
vt 0.522018 0.519617
vt 0.618469 0.542054
vt 0.571080 0.519607
vt 0.571091 0.563226
vt 0.618632 0.563216
vt 0.662593 0.542045
vt 0.618636 0.519597
vt 0.701705 0.542036
vt 0.662841 0.519587
vt 0.662824 0.563207
vt 0.715281 0.563195
vt 0.678294 0.542042
vt 0.714990 0.542034
vt 0.715310 0.519576
vt 0.635968 0.542051
vt 0.678543 0.519584
vt 0.678526 0.563203
vt 0.636131 0.563212
vt 0.589605 0.542060
vt 0.636135 0.519593
vt 0.541009 0.542071
vt 0.589684 0.519603
vt 0.589695 0.563222
vt 0.541022 0.563233
vt 0.492039 0.542082
vt 0.540996 0.519613
vt 0.444571 0.542092
vt 0.491933 0.519624
vt 0.491974 0.563243
vt 0.444433 0.563253
vt 0.400448 0.542101
vt 0.444378 0.519634
vt 0.361336 0.542110
vt 0.400173 0.519644
vt 0.400242 0.563263
vt 0.715739 0.563195
vt 0.678753 0.542041
vt 0.715448 0.542034
vt 0.715768 0.519576
vt 0.636426 0.542051
vt 0.679001 0.519584
vt 0.678984 0.563203
vt 0.636589 0.563212
vt 0.590064 0.542060
vt 0.636593 0.519593
vt 0.590142 0.519603
vt 0.590153 0.563222
vt 0.541440 0.496585
vt 0.492143 0.496595
vt 0.541425 0.471147
vt 0.444362 0.496605
vt 0.491873 0.471158
vt 0.399950 0.496615
vt 0.443846 0.471168
vt 0.360584 0.496623
vt 0.399207 0.471178
vt 0.361447 0.519652
vt 0.346382 0.496626
vt 0.383332 0.496619
vt 0.345442 0.471190
vt 0.425947 0.496609
vt 0.382590 0.471182
vt 0.472624 0.496599
vt 0.425431 0.471172
vt 0.521546 0.496589
vt 0.472353 0.471162
vt 0.570843 0.496578
vt 0.521531 0.471152
vt 0.618624 0.496568
vt 0.571083 0.471141
vt 0.663037 0.496559
vt 0.619110 0.471131
vt 0.702402 0.496550
vt 0.663749 0.471121
vt 0.701567 0.519579
vt 0.346841 0.496626
vt 0.383790 0.496618
vt 0.345900 0.471189
vt 0.426406 0.496609
vt 0.383048 0.471181
vt 0.473082 0.496599
vt 0.425890 0.471172
vt 0.522004 0.496589
vt 0.472811 0.471162
vt 0.571301 0.496578
vt 0.521989 0.471152
vt 0.619082 0.496568
vt 0.571541 0.471141
vt 0.663495 0.496558
vt 0.619568 0.471131
vt 0.702860 0.496550
vt 0.664207 0.471121
vt 0.702025 0.519579
vt 0.716146 0.496547
vt 0.679196 0.496555
vt 0.717056 0.471110
vt 0.636581 0.496564
vt 0.679908 0.471118
vt 0.589905 0.496574
vt 0.637066 0.471127
vt 0.540982 0.496585
vt 0.590145 0.471137
vt 0.491685 0.496595
vt 0.540967 0.471148
vt 0.443904 0.496605
vt 0.491415 0.471158
vt 0.399491 0.496615
vt 0.443388 0.471168
vt 0.360126 0.496623
vt 0.398749 0.471178
vt 0.360989 0.519652
vt 0.716604 0.496547
vt 0.679655 0.496555
vt 0.717514 0.471110
vt 0.637039 0.496564
vt 0.680367 0.471118
vt 0.590363 0.496574
vt 0.637525 0.471127
vt 0.590603 0.471137
vt 0.541206 0.442463
vt 0.491206 0.442473
vt 0.539773 0.416246
vt 0.442756 0.442484
vt 0.487694 0.416257
vt 0.397735 0.442494
vt 0.437299 0.416268
vt 0.357846 0.442502
vt 0.390544 0.416278
vt 0.359643 0.471186
vt 0.343930 0.442505
vt 0.381454 0.442497
vt 0.337283 0.416289
vt 0.424715 0.442488
vt 0.376619 0.416281
vt 0.472083 0.442478
vt 0.421877 0.416271
vt 0.521716 0.442467
vt 0.471351 0.416261
vt 0.571716 0.442456
vt 0.523118 0.416250
vt 0.620166 0.442446
vt 0.575197 0.416238
vt 0.665187 0.442436
vt 0.625591 0.416228
vt 0.705076 0.442428
vt 0.672347 0.416218
vt 0.703312 0.471113
vt 0.344388 0.442505
vt 0.381912 0.442497
vt 0.337741 0.416289
vt 0.425173 0.442488
vt 0.377077 0.416281
vt 0.472541 0.442478
vt 0.422335 0.416271
vt 0.522174 0.442467
vt 0.471809 0.416261
vt 0.572175 0.442456
vt 0.523576 0.416249
vt 0.620624 0.442446
vt 0.575655 0.416238
vt 0.665645 0.442436
vt 0.626049 0.416228
vt 0.705534 0.442428
vt 0.672805 0.416217
vt 0.703771 0.471113
vt 0.718533 0.442425
vt 0.681009 0.442433
vt 0.725150 0.416206
vt 0.637749 0.442442
vt 0.685813 0.416215
vt 0.590381 0.442452
vt 0.640555 0.416224
vt 0.540748 0.442463
vt 0.591082 0.416235
vt 0.490747 0.442474
vt 0.539315 0.416246
vt 0.442298 0.442484
vt 0.487236 0.416257
vt 0.397277 0.442494
vt 0.436841 0.416268
vt 0.357387 0.442502
vt 0.390085 0.416278
vt 0.359185 0.471187
vt 0.718992 0.442425
vt 0.681468 0.442433
vt 0.725608 0.416206
vt 0.638207 0.442442
vt 0.686271 0.416215
vt 0.590839 0.442452
vt 0.641013 0.416224
vt 0.591540 0.416235
vt 0.534896 0.386496
vt 0.473271 0.378435
vt 0.536713 0.378421
vt 0.475887 0.371556
vt 0.539746 0.371543
vt 0.414164 0.371570
vt 0.473574 0.386510
vt 0.412065 0.378448
vt 0.414477 0.386522
vt 0.355469 0.378460
vt 0.356971 0.371582
vt 0.306468 0.371593
vt 0.360079 0.689897
vt 0.305797 0.672090
vt 0.355659 0.695838
vt 0.312065 0.666780
vt 0.264648 0.642945
vt 0.298006 0.378472
vt 0.343046 0.371585
vt 0.294557 0.371595
vt 0.346595 0.378462
vt 0.398742 0.371573
vt 0.354053 0.386535
vt 0.402254 0.378450
vt 0.408033 0.386524
vt 0.462885 0.378437
vt 0.459545 0.371560
vt 0.523091 0.371546
vt 0.466762 0.386511
vt 0.526132 0.378423
vt 0.527959 0.386498
vt 0.589575 0.378410
vt 0.586950 0.371532
vt 0.648673 0.371519
vt 0.589281 0.386485
vt 0.650781 0.378397
vt 0.648378 0.386472
vt 0.707376 0.378384
vt 0.705866 0.371507
vt 0.756369 0.371496
vt 0.268796 0.429130
vt 0.298475 0.396561
vt 0.258895 0.426478
vt 0.307324 0.400321
vt 0.347049 0.371871
vt 0.298464 0.378472
vt 0.343505 0.371585
vt 0.295015 0.371595
vt 0.347053 0.378462
vt 0.399200 0.371573
vt 0.354511 0.386535
vt 0.402712 0.378450
vt 0.408491 0.386524
vt 0.463343 0.378437
vt 0.460003 0.371560
vt 0.523549 0.371546
vt 0.467220 0.386511
vt 0.526590 0.378423
vt 0.528417 0.386498
vt 0.590033 0.378410
vt 0.587408 0.371532
vt 0.649131 0.371519
vt 0.589739 0.386485
vt 0.651239 0.378397
vt 0.648836 0.386472
vt 0.707834 0.378384
vt 0.706325 0.371507
vt 0.756827 0.371496
vt 0.703409 0.374360
vt 0.757690 0.392168
vt 0.707829 0.368420
vt 0.751423 0.397477
vt 0.798839 0.421312
vt 0.764381 0.378372
vt 0.719333 0.371504
vt 0.767822 0.371494
vt 0.715792 0.378383
vt 0.663637 0.371516
vt 0.708344 0.386459
vt 0.660133 0.378395
vt 0.654364 0.386471
vt 0.599502 0.378408
vt 0.602835 0.371529
vt 0.539288 0.371543
vt 0.595635 0.386484
vt 0.536255 0.378421
vt 0.534438 0.386497
vt 0.472813 0.378435
vt 0.475429 0.371556
vt 0.413706 0.371570
vt 0.473116 0.386510
vt 0.411607 0.378448
vt 0.414019 0.386522
vt 0.355011 0.378460
vt 0.356513 0.371582
vt 0.306010 0.371593
vt 0.794691 0.635128
vt 0.765012 0.667697
vt 0.804592 0.637780
vt 0.756162 0.663936
vt 0.716438 0.692386
vt 0.764840 0.378372
vt 0.719791 0.371504
vt 0.768280 0.371494
vt 0.716251 0.378382
vt 0.664095 0.371516
vt 0.708802 0.386459
vt 0.660591 0.378394
vt 0.654822 0.386471
vt 0.599961 0.378407
vt 0.603293 0.371529
vt 0.596093 0.386483
vt 0.477454 0.364199
vt 0.541166 0.364185
vt 0.479272 0.356495
vt 0.541415 0.356482
vt 0.419134 0.356508
vt 0.415817 0.364212
vt 0.358645 0.364224
vt 0.363335 0.356520
vt 0.313981 0.356531
vt 0.308100 0.364235
vt 0.342352 0.364228
vt 0.294175 0.364238
vt 0.346620 0.356524
vt 0.299697 0.356534
vt 0.400612 0.356512
vt 0.397762 0.364216
vt 0.458317 0.364203
vt 0.459638 0.356500
vt 0.521404 0.356486
vt 0.521662 0.364189
vt 0.585375 0.364175
vt 0.583548 0.356473
vt 0.643685 0.356460
vt 0.647012 0.364162
vt 0.704183 0.364150
vt 0.699485 0.356448
vt 0.748838 0.356438
vt 0.754728 0.364139
vt 0.342810 0.364227
vt 0.294633 0.364238
vt 0.347078 0.356524
vt 0.300155 0.356534
vt 0.401070 0.356512
vt 0.398220 0.364215
vt 0.458775 0.364202
vt 0.460096 0.356499
vt 0.521862 0.356486
vt 0.522120 0.364189
vt 0.585833 0.364175
vt 0.584006 0.356473
vt 0.644143 0.356460
vt 0.647470 0.364162
vt 0.704641 0.364150
vt 0.699943 0.356448
vt 0.749296 0.356438
vt 0.755186 0.364139
vt 0.720018 0.364147
vt 0.768196 0.364136
vt 0.715742 0.356445
vt 0.762664 0.356435
vt 0.661750 0.356456
vt 0.664608 0.364158
vt 0.604054 0.364171
vt 0.602724 0.356469
vt 0.540957 0.356482
vt 0.540708 0.364185
vt 0.476996 0.364199
vt 0.478814 0.356496
vt 0.418676 0.356508
vt 0.415358 0.364212
vt 0.358187 0.364224
vt 0.362876 0.356520
vt 0.313523 0.356531
vt 0.307642 0.364235
vt 0.720477 0.364146
vt 0.768654 0.364136
vt 0.716200 0.356445
vt 0.763123 0.356435
vt 0.662208 0.356456
vt 0.665066 0.364158
vt 0.604512 0.364171
vt 0.603182 0.356469
vt 0.541634 0.722681
vt 0.483256 0.709117
vt 0.541736 0.711404
vt 0.486991 0.698033
vt 0.541795 0.700094
vt 0.433901 0.689617
vt 0.479489 0.720165
vt 0.426633 0.700052
vt 0.419345 0.710447
vt 0.374063 0.684512
vt 0.384583 0.675128
vt 0.340902 0.655163
vt 0.363536 0.693854
vt 0.327532 0.663135
vt 0.314169 0.671066
vt 0.288875 0.636707
vt 0.304579 0.630454
vt 0.276957 0.601978
vt 0.273190 0.642921
vt 0.259520 0.606274
vt 0.242116 0.610532
vt 0.240661 0.572981
vt 0.259158 0.570810
vt 0.251801 0.538160
vt 0.222208 0.575121
vt 0.232952 0.538124
vt 0.214156 0.538063
vt 0.236763 0.503036
vt 0.255237 0.505277
vt 0.269263 0.473423
vt 0.218349 0.500776
vt 0.251872 0.469063
vt 0.234546 0.464690
vt 0.277772 0.437520
vt 0.293410 0.443832
vt 0.326686 0.417624
vt 0.262202 0.431204
vt 0.313400 0.409602
vt 0.300182 0.401584
vt 0.357446 0.386407
vt 0.367868 0.395830
vt 0.415328 0.379257
vt 0.347090 0.376997
vt 0.408169 0.368795
vt 0.401071 0.358352
vt 0.463656 0.357480
vt 0.467275 0.368578
vt 0.521692 0.364163
vt 0.460090 0.346407
vt 0.521751 0.352854
vt 0.521853 0.341576
vt 0.580231 0.355140
vt 0.576496 0.366225
vt 0.629586 0.374641
vt 0.583998 0.344092
vt 0.636854 0.364206
vt 0.644142 0.353810
vt 0.689424 0.379746
vt 0.678904 0.389129
vt 0.722585 0.409094
vt 0.699951 0.370404
vt 0.735955 0.401123
vt 0.749318 0.393192
vt 0.774612 0.427551
vt 0.758908 0.433804
vt 0.786530 0.462279
vt 0.790296 0.421337
vt 0.803967 0.457984
vt 0.821371 0.453725
vt 0.822826 0.491276
vt 0.804329 0.493448
vt 0.811686 0.526098
vt 0.841279 0.489137
vt 0.830535 0.526133
vt 0.849331 0.526195
vt 0.826724 0.561221
vt 0.808250 0.558980
vt 0.794224 0.590834
vt 0.845138 0.563482
vt 0.811615 0.595195
vt 0.828941 0.599568
vt 0.785715 0.626737
vt 0.770076 0.620425
vt 0.736801 0.646634
vt 0.801285 0.633053
vt 0.750087 0.654656
vt 0.763305 0.662674
vt 0.706041 0.677850
vt 0.695618 0.668428
vt 0.648160 0.685001
vt 0.716397 0.687261
vt 0.655318 0.695463
vt 0.662416 0.705905
vt 0.599831 0.706778
vt 0.596212 0.695680
vt 0.603397 0.717850
vt 0.488197 0.693578
vt 0.541530 0.695583
vt 0.487986 0.338924
vt 0.539826 0.336065
vt 0.541317 0.338913
vt 0.436326 0.338935
vt 0.485779 0.336076
vt 0.436532 0.685388
vt 0.388539 0.671289
vt 0.388341 0.338945
vt 0.433487 0.336088
vt 0.345844 0.338954
vt 0.384980 0.336098
vt 0.346030 0.651860
vt 0.310682 0.627815
vt 0.342278 0.652849
vt 0.417965 0.338939
vt 0.370888 0.336101
vt 0.371772 0.338949
vt 0.283801 0.600105
vt 0.266480 0.569774
vt 0.468524 0.338928
vt 0.417879 0.336091
vt 0.521481 0.338917
vt 0.469238 0.336080
vt 0.259319 0.538000
vt 0.262662 0.506001
vt 0.574813 0.338905
vt 0.522969 0.336068
vt 0.626473 0.338894
vt 0.577017 0.336057
vt 0.276311 0.475002
vt 0.299809 0.446206
vt 0.674458 0.338884
vt 0.629308 0.336046
vt 0.716955 0.338875
vt 0.677815 0.336035
vt 0.332190 0.420701
vt 0.372266 0.399492
vt 0.330543 0.418450
vt 0.418423 0.338939
vt 0.371346 0.336101
vt 0.372230 0.338949
vt 0.418450 0.383363
vt 0.469002 0.372971
vt 0.468982 0.338928
vt 0.418337 0.336091
vt 0.521940 0.338917
vt 0.469696 0.336080
vt 0.521957 0.368674
vt 0.575290 0.370680
vt 0.575271 0.338905
vt 0.523428 0.336068
vt 0.626931 0.338894
vt 0.577475 0.336057
vt 0.626955 0.378869
vt 0.674948 0.392968
vt 0.674916 0.338884
vt 0.629766 0.336046
vt 0.717413 0.338875
vt 0.678273 0.336035
vt 0.717457 0.412397
vt 0.752805 0.436442
vt 0.721209 0.411409
vt 0.644375 0.338890
vt 0.691449 0.336032
vt 0.690569 0.338881
vt 0.779686 0.464153
vt 0.797007 0.494484
vt 0.593817 0.338901
vt 0.644458 0.336042
vt 0.540859 0.338913
vt 0.593099 0.336053
vt 0.804168 0.526257
vt 0.800825 0.558257
vt 0.487528 0.338924
vt 0.539368 0.336065
vt 0.435868 0.338935
vt 0.485320 0.336077
vt 0.787176 0.589255
vt 0.763678 0.618052
vt 0.387883 0.338946
vt 0.433029 0.336088
vt 0.345386 0.338955
vt 0.384522 0.336098
vt 0.731297 0.643557
vt 0.691221 0.664766
vt 0.732944 0.645808
vt 0.644833 0.338890
vt 0.691907 0.336032
vt 0.691027 0.338881
vt 0.645037 0.680894
vt 0.594485 0.691287
vt 0.594275 0.338901
vt 0.644916 0.336042
vt 0.593557 0.336053
vt 0.474837 0.329620
vt 0.532188 0.323945
vt 0.533497 0.329607
vt 0.472019 0.323957
vt 0.531997 0.316742
vt 0.414134 0.323970
vt 0.471362 0.316755
vt 0.418352 0.329632
vt 0.366234 0.329643
vt 0.360778 0.323981
vt 0.413035 0.316768
vt 0.313966 0.323991
vt 0.359280 0.316779
vt 0.320648 0.660468
vt 0.360994 0.686188
vt 0.366444 0.682702
vt 0.282991 0.633285
vt 0.314168 0.663250
vt 0.359375 0.323982
vt 0.311127 0.316790
vt 0.312704 0.323992
vt 0.412625 0.323970
vt 0.358187 0.316780
vt 0.414430 0.329633
vt 0.362659 0.329644
vt 0.470703 0.329621
vt 0.470446 0.323958
vt 0.411871 0.316768
vt 0.530593 0.323945
vt 0.470155 0.316756
vt 0.529290 0.329608
vt 0.587951 0.329596
vt 0.590761 0.323932
vt 0.530775 0.316743
vt 0.648647 0.323920
vt 0.591410 0.316729
vt 0.644436 0.329584
vt 0.696554 0.329572
vt 0.702003 0.323908
vt 0.649737 0.316717
vt 0.748815 0.323898
vt 0.703493 0.316706
vt 0.317845 0.405471
vt 0.274977 0.429679
vt 0.280789 0.432949
vt 0.363149 0.382877
vt 0.313208 0.401583
vt 0.359833 0.323981
vt 0.311586 0.316790
vt 0.313162 0.323992
vt 0.413084 0.323970
vt 0.358645 0.316779
vt 0.414889 0.329633
vt 0.363117 0.329644
vt 0.471161 0.329621
vt 0.470905 0.323958
vt 0.412329 0.316768
vt 0.531051 0.323945
vt 0.470613 0.316755
vt 0.529749 0.329608
vt 0.588409 0.329596
vt 0.591220 0.323932
vt 0.531233 0.316742
vt 0.649105 0.323919
vt 0.591868 0.316729
vt 0.644894 0.329583
vt 0.697012 0.329572
vt 0.702461 0.323908
vt 0.650196 0.316717
vt 0.749273 0.323898
vt 0.703951 0.316705
vt 0.742839 0.403790
vt 0.702493 0.378069
vt 0.697043 0.381556
vt 0.780496 0.430972
vt 0.749319 0.401008
vt 0.702947 0.323908
vt 0.751186 0.316695
vt 0.749618 0.323898
vt 0.649697 0.323919
vt 0.704127 0.316705
vt 0.647899 0.329583
vt 0.699670 0.329572
vt 0.591627 0.329595
vt 0.591876 0.323932
vt 0.650443 0.316717
vt 0.531730 0.323945
vt 0.592159 0.316729
vt 0.533039 0.329607
vt 0.474379 0.329620
vt 0.471561 0.323958
vt 0.531539 0.316742
vt 0.413676 0.323970
vt 0.470904 0.316755
vt 0.417893 0.329632
vt 0.365775 0.329643
vt 0.360320 0.323981
vt 0.412577 0.316768
vt 0.313508 0.323991
vt 0.358821 0.316779
vt 0.745642 0.658786
vt 0.788510 0.634579
vt 0.782698 0.631308
vt 0.700338 0.681380
vt 0.750278 0.662674
vt 0.703406 0.323908
vt 0.751645 0.316695
vt 0.750076 0.323898
vt 0.650155 0.323919
vt 0.704585 0.316705
vt 0.648357 0.329583
vt 0.700128 0.329572
vt 0.592085 0.329595
vt 0.592334 0.323932
vt 0.650901 0.316717
vt 0.592617 0.316729
vt 0.471928 0.308938
vt 0.532062 0.308925
vt 0.474760 0.302373
vt 0.533311 0.302360
vt 0.418387 0.302385
vt 0.414080 0.308950
vt 0.360764 0.308962
vt 0.366379 0.302396
vt 0.320700 0.302406
vt 0.313991 0.308972
vt 0.359555 0.308962
vt 0.312894 0.308972
vt 0.363086 0.302397
vt 0.317831 0.302406
vt 0.414779 0.302385
vt 0.412787 0.308951
vt 0.470584 0.308938
vt 0.470959 0.302373
vt 0.529444 0.302361
vt 0.530701 0.308925
vt 0.590835 0.308912
vt 0.587995 0.302348
vt 0.644368 0.302336
vt 0.648683 0.308900
vt 0.701999 0.308888
vt 0.696376 0.302325
vt 0.742055 0.302315
vt 0.748771 0.308878
vt 0.360013 0.308962
vt 0.313353 0.308972
vt 0.363545 0.302396
vt 0.318289 0.302406
vt 0.415237 0.302385
vt 0.413246 0.308950
vt 0.471042 0.308938
vt 0.471417 0.302373
vt 0.529902 0.302361
vt 0.531159 0.308925
vt 0.591293 0.308912
vt 0.588453 0.302348
vt 0.644826 0.302336
vt 0.649141 0.308900
vt 0.702457 0.308888
vt 0.696834 0.302325
vt 0.742514 0.302315
vt 0.749230 0.308878
vt 0.702750 0.308888
vt 0.749410 0.308878
vt 0.699210 0.302324
vt 0.744466 0.302315
vt 0.647518 0.302335
vt 0.649517 0.308900
vt 0.591720 0.308912
vt 0.591338 0.302348
vt 0.532853 0.302360
vt 0.531604 0.308925
vt 0.471470 0.308938
vt 0.474302 0.302373
vt 0.417929 0.302385
vt 0.413622 0.308950
vt 0.360306 0.308962
vt 0.365921 0.302396
vt 0.320241 0.302406
vt 0.313533 0.308972
vt 0.703208 0.308888
vt 0.749868 0.308878
vt 0.699669 0.302324
vt 0.744924 0.302315
vt 0.647976 0.302335
vt 0.649975 0.308900
vt 0.592179 0.308912
vt 0.591796 0.302347
vt 0.539723 0.296257
vt 0.486722 0.294072
vt 0.540976 0.294060
vt 0.486961 0.696343
vt 0.540032 0.709127
vt 0.541217 0.698440
vt 0.434421 0.687956
vt 0.482325 0.706685
vt 0.485654 0.296268
vt 0.434187 0.294083
vt 0.433346 0.296280
vt 0.385407 0.294093
vt 0.385634 0.673560
vt 0.426511 0.697557
vt 0.342442 0.653748
vt 0.374754 0.682051
vt 0.384827 0.296290
vt 0.342228 0.294103
vt 0.329988 0.296302
vt 0.369361 0.294097
vt 0.328513 0.294106
vt 0.306550 0.629246
vt 0.329010 0.660802
vt 0.279283 0.601025
vt 0.291083 0.634592
vt 0.370867 0.296293
vt 0.416407 0.294087
vt 0.417885 0.296283
vt 0.467876 0.294076
vt 0.261749 0.570147
vt 0.262374 0.604458
vt 0.254558 0.537813
vt 0.244051 0.571535
vt 0.469270 0.296272
vt 0.521769 0.294064
vt 0.523025 0.296260
vt 0.576023 0.294053
vt 0.258053 0.505259
vt 0.236747 0.537102
vt 0.272032 0.473736
vt 0.240817 0.502478
vt 0.577093 0.296249
vt 0.628558 0.294041
vt 0.629401 0.296238
vt 0.677338 0.294031
vt 0.296024 0.444463
vt 0.256030 0.468989
vt 0.329045 0.418548
vt 0.281874 0.437935
vt 0.677921 0.296227
vt 0.720517 0.294022
vt 0.330446 0.296302
vt 0.369820 0.294097
vt 0.328971 0.294106
vt 0.369881 0.397012
vt 0.317288 0.410489
vt 0.416917 0.380652
vt 0.360971 0.387733
vt 0.371325 0.296293
vt 0.416865 0.294087
vt 0.418343 0.296283
vt 0.468335 0.294076
vt 0.468380 0.370132
vt 0.411195 0.370507
vt 0.522270 0.365817
vt 0.466067 0.359513
vt 0.469728 0.296272
vt 0.522227 0.294064
vt 0.523483 0.296260
vt 0.576481 0.294052
vt 0.576525 0.367915
vt 0.523455 0.355131
vt 0.629066 0.376302
vt 0.581162 0.357573
vt 0.577551 0.296249
vt 0.629017 0.294041
vt 0.629859 0.296238
vt 0.677796 0.294031
vt 0.677853 0.390697
vt 0.636976 0.366701
vt 0.721045 0.410510
vt 0.688733 0.382207
vt 0.678379 0.296227
vt 0.720975 0.294022
vt 0.732302 0.296216
vt 0.692925 0.294028
vt 0.733774 0.294019
vt 0.756937 0.435011
vt 0.734477 0.403456
vt 0.784204 0.463233
vt 0.772404 0.429665
vt 0.691423 0.296224
vt 0.645880 0.294038
vt 0.644404 0.296234
vt 0.594410 0.294049
vt 0.801738 0.494111
vt 0.801113 0.459800
vt 0.808929 0.526445
vt 0.819436 0.492723
vt 0.593019 0.296245
vt 0.540518 0.294060
vt 0.539264 0.296257
vt 0.486263 0.294072
vt 0.805434 0.558998
vt 0.826740 0.527155
vt 0.791455 0.590522
vt 0.822670 0.561780
vt 0.485196 0.296269
vt 0.433728 0.294083
vt 0.432888 0.296280
vt 0.384949 0.294094
vt 0.767463 0.619795
vt 0.807457 0.595268
vt 0.734442 0.645710
vt 0.781613 0.626322
vt 0.384369 0.296290
vt 0.341770 0.294103
vt 0.732760 0.296215
vt 0.693384 0.294027
vt 0.734232 0.294019
vt 0.693606 0.667245
vt 0.746199 0.653769
vt 0.646570 0.683605
vt 0.702516 0.676525
vt 0.691881 0.296224
vt 0.646338 0.294038
vt 0.644863 0.296234
vt 0.594869 0.294049
vt 0.595107 0.694125
vt 0.652292 0.693750
vt 0.597420 0.704744
vt 0.593478 0.296245
vt 0.536782 0.730462
vt 0.472200 0.727229
vt 0.533516 0.752832
vt 0.409900 0.716522
vt 0.461724 0.748785
vt 0.352297 0.698706
vt 0.392615 0.736439
vt 0.301567 0.674510
vt 0.328870 0.716216
vt 0.259713 0.644823
vt 0.272895 0.688942
vt 0.228277 0.610821
vt 0.226900 0.655621
vt 0.208543 0.573784
vt 0.192582 0.617571
vt 0.201187 0.535152
vt 0.171341 0.576226
vt 0.206577 0.496403
vt 0.163904 0.533192
vt 0.224421 0.459023
vt 0.170649 0.490117
vt 0.254115 0.424461
vt 0.191226 0.448652
vt 0.294442 0.394023
vt 0.224931 0.410404
vt 0.343919 0.368910
vt 0.270388 0.376820
vt 0.400590 0.350049
vt 0.325922 0.349223
vt 0.462318 0.338208
vt 0.389340 0.328632
vt 0.526705 0.333795
vt 0.458248 0.315887
vt 0.591287 0.337029
vt 0.529971 0.311425
vt 0.653587 0.347735
vt 0.601762 0.315472
vt 0.711190 0.365551
vt 0.670872 0.327818
vt 0.761920 0.389748
vt 0.734617 0.348041
vt 0.803774 0.419434
vt 0.790592 0.375316
vt 0.835210 0.453437
vt 0.836587 0.408636
vt 0.854945 0.490474
vt 0.870905 0.446687
vt 0.862300 0.529106
vt 0.892146 0.488031
vt 0.856910 0.567855
vt 0.899583 0.531065
vt 0.839066 0.605235
vt 0.892838 0.574140
vt 0.809372 0.639797
vt 0.872261 0.615606
vt 0.769045 0.670234
vt 0.838556 0.653853
vt 0.719568 0.695347
vt 0.793098 0.687438
vt 0.662897 0.714208
vt 0.737565 0.715035
vt 0.601169 0.726049
vt 0.674147 0.735626
vt 0.605239 0.748370
vt 0.532089 0.767030
vt 0.455708 0.762542
vt 0.531889 0.775562
vt 0.382241 0.749229
vt 0.452739 0.770886
vt 0.314537 0.727545
vt 0.376615 0.757065
vt 0.255153 0.698376
vt 0.306472 0.734571
vt 0.206433 0.662797
vt 0.244958 0.704323
vt 0.170174 0.622213
vt 0.194501 0.667436
vt 0.147855 0.578156
vt 0.156961 0.625367
vt 0.140241 0.532336
vt 0.133872 0.579703
vt 0.147721 0.486508
vt 0.126022 0.532216
vt 0.169910 0.442427
vt 0.133815 0.484726
vt 0.206050 0.401805
vt 0.156850 0.439051
vt 0.254665 0.366174
vt 0.194339 0.396966
vt 0.313963 0.336943
vt 0.244753 0.360057
vt 0.381603 0.315187
vt 0.306231 0.329783
vt 0.455032 0.301796
vt 0.376347 0.307259
vt 0.531399 0.297227
vt 0.452454 0.293406
vt 0.607778 0.301715
vt 0.531599 0.288696
vt 0.681246 0.315029
vt 0.610749 0.293372
vt 0.748950 0.336713
vt 0.686872 0.307193
vt 0.808334 0.365882
vt 0.757015 0.329686
vt 0.857054 0.401461
vt 0.818529 0.359934
vt 0.893313 0.442044
vt 0.868986 0.396821
vt 0.915632 0.486102
vt 0.906526 0.438891
vt 0.923246 0.531922
vt 0.929615 0.484555
vt 0.915766 0.577750
vt 0.937465 0.532042
vt 0.893577 0.621830
vt 0.929672 0.579532
vt 0.857437 0.662453
vt 0.906637 0.625206
vt 0.808822 0.698083
vt 0.869147 0.667292
vt 0.749524 0.727315
vt 0.818734 0.704200
vt 0.681884 0.749070
vt 0.757256 0.734474
vt 0.608455 0.762462
vt 0.687140 0.756998
vt 0.611033 0.770852
vt 0.531585 0.266394
vt 0.450088 0.256781
vt 0.531580 0.256764
vt 0.448171 0.245840
vt 0.531573 0.245822
vt 0.371719 0.256798
vt 0.376322 0.266427
vt 0.452438 0.266411
vt 0.299512 0.256813
vt 0.294065 0.245873
vt 0.367964 0.245857
vt 0.236195 0.256827
vt 0.244697 0.266456
vt 0.306193 0.266443
vt 0.244239 0.266456
vt 0.299054 0.256814
vt 0.235737 0.256827
vt 0.293607 0.245873
vt 0.228805 0.245887
vt 0.371261 0.256798
vt 0.375864 0.266428
vt 0.305735 0.266443
vt 0.449630 0.256781
vt 0.447713 0.245840
vt 0.367506 0.245858
vt 0.531121 0.256764
vt 0.531127 0.266394
vt 0.451980 0.266411
vt 0.612612 0.256746
vt 0.614517 0.245804
vt 0.531115 0.245822
vt 0.690982 0.256729
vt 0.686390 0.266361
vt 0.610274 0.266377
vt 0.763188 0.256714
vt 0.768623 0.245771
vt 0.694724 0.245787
vt 0.826505 0.256700
vt 0.818015 0.266333
vt 0.756519 0.266346
vt 0.244697 0.266456
vt 0.299512 0.256813
vt 0.236195 0.256827
vt 0.294065 0.245873
vt 0.229263 0.245887
vt 0.371719 0.256798
vt 0.376322 0.266427
vt 0.306193 0.266443
vt 0.450088 0.256781
vt 0.448171 0.245840
vt 0.367964 0.245857
vt 0.531580 0.256764
vt 0.531585 0.266394
vt 0.452438 0.266411
vt 0.613071 0.256746
vt 0.614975 0.245804
vt 0.531573 0.245822
vt 0.691440 0.256729
vt 0.686848 0.266361
vt 0.610732 0.266377
vt 0.763646 0.256714
vt 0.769081 0.245771
vt 0.695182 0.245787
vt 0.826964 0.256700
vt 0.818473 0.266333
vt 0.756977 0.266346
vt 0.818015 0.266333
vt 0.763188 0.256714
vt 0.826505 0.256700
vt 0.768623 0.245771
vt 0.833425 0.245758
vt 0.690982 0.256729
vt 0.686390 0.266361
vt 0.756519 0.266346
vt 0.612612 0.256746
vt 0.614516 0.245804
vt 0.694724 0.245787
vt 0.531121 0.256764
vt 0.531127 0.266394
vt 0.610274 0.266377
vt 0.449630 0.256781
vt 0.447713 0.245840
vt 0.531115 0.245822
vt 0.371260 0.256798
vt 0.375864 0.266428
vt 0.451980 0.266411
vt 0.299054 0.256814
vt 0.293606 0.245873
vt 0.367506 0.245858
vt 0.235737 0.256827
vt 0.244239 0.266456
vt 0.305735 0.266443
vt 0.818473 0.266333
vt 0.763646 0.256714
vt 0.826963 0.256700
vt 0.769081 0.245771
vt 0.833883 0.245757
vt 0.691440 0.256729
vt 0.686848 0.266361
vt 0.756977 0.266346
vt 0.613071 0.256746
vt 0.614975 0.245804
vt 0.695182 0.245787
vt 0.610732 0.266377
vt 0.446939 0.233596
vt 0.531566 0.233577
vt 0.446229 0.220840
vt 0.531558 0.220822
vt 0.365554 0.233613
vt 0.290570 0.233629
vt 0.288562 0.220874
vt 0.364169 0.220858
vt 0.224816 0.233643
vt 0.229263 0.245887
vt 0.290111 0.233629
vt 0.224358 0.233643
vt 0.288104 0.220874
vt 0.221805 0.220888
vt 0.365096 0.233613
vt 0.446481 0.233596
vt 0.445771 0.220840
vt 0.363711 0.220858
vt 0.531107 0.233577
vt 0.615734 0.233559
vt 0.616429 0.220804
vt 0.531100 0.220822
vt 0.697119 0.233542
vt 0.772103 0.233526
vt 0.774096 0.220770
vt 0.698489 0.220786
vt 0.837857 0.233512
vt 0.833425 0.245758
vt 0.290570 0.233629
vt 0.224816 0.233643
vt 0.288562 0.220874
vt 0.222263 0.220888
vt 0.365554 0.233613
vt 0.446939 0.233596
vt 0.446229 0.220840
vt 0.364169 0.220858
vt 0.531566 0.233577
vt 0.616192 0.233559
vt 0.616887 0.220803
vt 0.531558 0.220822
vt 0.697577 0.233542
vt 0.772561 0.233526
vt 0.774554 0.220770
vt 0.698947 0.220786
vt 0.838315 0.233512
vt 0.833883 0.245757
vt 0.772103 0.233526
vt 0.837857 0.233512
vt 0.774095 0.220770
vt 0.840395 0.220756
vt 0.697119 0.233542
vt 0.615734 0.233559
vt 0.616429 0.220804
vt 0.698489 0.220786
vt 0.531107 0.233577
vt 0.446481 0.233596
vt 0.445771 0.220840
vt 0.531100 0.220822
vt 0.365096 0.233613
vt 0.290111 0.233629
vt 0.288104 0.220874
vt 0.363711 0.220858
vt 0.224358 0.233643
vt 0.228805 0.245887
vt 0.772561 0.233526
vt 0.838315 0.233512
vt 0.774554 0.220770
vt 0.840853 0.220755
vt 0.697577 0.233542
vt 0.616192 0.233559
vt 0.616887 0.220803
vt 0.698947 0.220786
vt 0.445842 0.208325
vt 0.531551 0.208306
vt 0.445846 0.195846
vt 0.531543 0.195828
vt 0.363431 0.195864
vt 0.287473 0.208359
vt 0.363416 0.208342
vt 0.287497 0.195880
vt 0.220912 0.195894
vt 0.222263 0.220888
vt 0.287015 0.208359
vt 0.220420 0.208373
vt 0.287039 0.195880
vt 0.220453 0.195894
vt 0.362972 0.195864
vt 0.445384 0.208325
vt 0.362958 0.208343
vt 0.531092 0.208306
vt 0.445387 0.195846
vt 0.616801 0.208288
vt 0.531085 0.195828
vt 0.699197 0.195792
vt 0.616782 0.195809
vt 0.775170 0.208254
vt 0.699227 0.208270
vt 0.841764 0.208240
vt 0.775131 0.195775
vt 0.840395 0.220756
vt 0.287473 0.208359
vt 0.220878 0.208373
vt 0.287497 0.195880
vt 0.220912 0.195894
vt 0.363416 0.208342
vt 0.445842 0.208325
vt 0.363431 0.195864
vt 0.531543 0.195828
vt 0.445846 0.195846
vt 0.617259 0.208288
vt 0.531551 0.208306
vt 0.699685 0.208270
vt 0.617241 0.195809
vt 0.775628 0.208254
vt 0.699656 0.195792
vt 0.842223 0.208240
vt 0.775589 0.195775
vt 0.840853 0.220755
vt 0.775170 0.208254
vt 0.841764 0.208240
vt 0.841716 0.195761
vt 0.699197 0.195792
vt 0.775131 0.195775
vt 0.699227 0.208270
vt 0.616801 0.208288
vt 0.531085 0.195828
vt 0.616782 0.195809
vt 0.445384 0.208325
vt 0.531092 0.208306
vt 0.445387 0.195846
vt 0.362972 0.195864
vt 0.287015 0.208359
vt 0.362958 0.208343
vt 0.220420 0.208373
vt 0.287039 0.195880
vt 0.221805 0.220888
vt 0.775628 0.208254
vt 0.842222 0.208240
vt 0.775589 0.195775
vt 0.842174 0.195761
vt 0.699656 0.195792
vt 0.617259 0.208288
vt 0.699685 0.208270
vt 0.617241 0.195809
vt 0.448122 0.784837
vt 0.531893 0.783529
vt 0.531897 0.789786
vt 0.449788 0.167149
vt 0.531524 0.162862
vt 0.531526 0.167132
vt 0.373035 0.162896
vt 0.450732 0.162879
vt 0.371538 0.764426
vt 0.450153 0.778700
vt 0.293309 0.746400
vt 0.367550 0.770208
vt 0.298757 0.167182
vt 0.371182 0.167166
vt 0.238676 0.162925
vt 0.301449 0.162911
vt 0.235572 0.709959
vt 0.299099 0.741196
vt 0.174795 0.675343
vt 0.228200 0.714385
vt 0.298299 0.167182
vt 0.238218 0.162925
vt 0.234790 0.167196
vt 0.372577 0.162896
vt 0.300991 0.162912
vt 0.144696 0.628418
vt 0.183464 0.671865
vt 0.110623 0.582482
vt 0.135062 0.630815
vt 0.449330 0.167150
vt 0.370724 0.167167
vt 0.531065 0.162862
vt 0.450274 0.162880
vt 0.112744 0.532219
vt 0.120850 0.581259
vt 0.110564 0.481956
vt 0.102315 0.532221
vt 0.612805 0.167114
vt 0.531068 0.167132
vt 0.689553 0.162828
vt 0.611857 0.162845
vt 0.144581 0.436005
vt 0.120792 0.483174
vt 0.174625 0.389068
vt 0.134945 0.433613
vt 0.763837 0.167082
vt 0.691412 0.167098
vt 0.823913 0.162799
vt 0.761139 0.162813
vt 0.235360 0.354426
vt 0.183297 0.392542
vt 0.293054 0.317960
vt 0.227983 0.350003
vt 0.298757 0.167182
vt 0.238676 0.162925
vt 0.235249 0.167196
vt 0.373036 0.162896
vt 0.301449 0.162911
vt 0.371261 0.299900
vt 0.298850 0.323161
vt 0.447821 0.279457
vt 0.367267 0.294120
vt 0.449788 0.167149
vt 0.371182 0.167166
vt 0.531524 0.162862
vt 0.450732 0.162879
vt 0.531594 0.280729
vt 0.449859 0.285593
vt 0.615365 0.279421
vt 0.531590 0.274472
vt 0.613263 0.167114
vt 0.531526 0.167132
vt 0.690012 0.162828
vt 0.612315 0.162845
vt 0.691949 0.299831
vt 0.613334 0.285558
vt 0.770178 0.317857
vt 0.695937 0.294050
vt 0.764295 0.167082
vt 0.691870 0.167097
vt 0.824371 0.162799
vt 0.761597 0.162813
vt 0.827915 0.354299
vt 0.764388 0.323061
vt 0.888692 0.388915
vt 0.835287 0.349873
vt 0.763836 0.167082
vt 0.823913 0.162799
vt 0.827345 0.167068
vt 0.689553 0.162828
vt 0.761139 0.162813
vt 0.918791 0.435839
vt 0.880023 0.392393
vt 0.952864 0.481775
vt 0.928425 0.433443
vt 0.612805 0.167114
vt 0.691412 0.167098
vt 0.531065 0.162862
vt 0.611856 0.162845
vt 0.950743 0.532039
vt 0.942637 0.482998
vt 0.952923 0.582301
vt 0.961172 0.532037
vt 0.449330 0.167150
vt 0.531068 0.167132
vt 0.372577 0.162896
vt 0.450274 0.162880
vt 0.918906 0.628252
vt 0.942695 0.581083
vt 0.888862 0.675190
vt 0.928542 0.630645
vt 0.298299 0.167182
vt 0.370724 0.167167
vt 0.238218 0.162925
vt 0.300991 0.162912
vt 0.828127 0.709832
vt 0.880190 0.671715
vt 0.770433 0.746298
vt 0.835504 0.714255
vt 0.764295 0.167082
vt 0.824371 0.162799
vt 0.827803 0.167068
vt 0.690012 0.162828
vt 0.761597 0.162813
vt 0.692226 0.764357
vt 0.764637 0.741097
vt 0.615666 0.784801
vt 0.696221 0.770138
vt 0.613263 0.167114
vt 0.691870 0.167097
vt 0.612315 0.162845
vt 0.613628 0.778664
vt 0.531504 0.130207
vt 0.440326 0.115648
vt 0.531495 0.115628
vt 0.438616 0.095473
vt 0.531483 0.095453
vt 0.352649 0.115666
vt 0.356211 0.130245
vt 0.442146 0.130226
vt 0.271868 0.115684
vt 0.267019 0.095510
vt 0.349306 0.095492
vt 0.201031 0.115699
vt 0.207604 0.130276
vt 0.277034 0.130262
vt 0.207146 0.130277
vt 0.271410 0.115684
vt 0.200573 0.115699
vt 0.266561 0.095510
vt 0.194405 0.095526
vt 0.352191 0.115666
vt 0.355752 0.130245
vt 0.276576 0.130262
vt 0.439868 0.115648
vt 0.438158 0.095473
vt 0.348847 0.095492
vt 0.531037 0.115628
vt 0.531046 0.130207
vt 0.441688 0.130226
vt 0.622206 0.115609
vt 0.623892 0.095433
vt 0.531025 0.095453
vt 0.709883 0.115590
vt 0.706339 0.130169
vt 0.620404 0.130188
vt 0.790665 0.115572
vt 0.795489 0.095397
vt 0.713203 0.095414
vt 0.861501 0.115557
vt 0.854946 0.130138
vt 0.785516 0.130152
vt 0.207604 0.130276
vt 0.271868 0.115684
vt 0.201031 0.115699
vt 0.267019 0.095510
vt 0.194863 0.095525
vt 0.352649 0.115666
vt 0.356211 0.130245
vt 0.277034 0.130262
vt 0.440326 0.115648
vt 0.438616 0.095473
vt 0.349306 0.095492
vt 0.531495 0.115628
vt 0.531504 0.130207
vt 0.442146 0.130226
vt 0.622664 0.115608
vt 0.624351 0.095433
vt 0.531483 0.095453
vt 0.710341 0.115590
vt 0.706797 0.130169
vt 0.620862 0.130188
vt 0.791123 0.115572
vt 0.795947 0.095396
vt 0.713661 0.095414
vt 0.861959 0.115557
vt 0.855404 0.130138
vt 0.785974 0.130152
vt 0.854946 0.130138
vt 0.790664 0.115572
vt 0.861501 0.115557
vt 0.795489 0.095397
vt 0.867646 0.095381
vt 0.709883 0.115590
vt 0.706339 0.130169
vt 0.785516 0.130152
vt 0.622206 0.115609
vt 0.623892 0.095433
vt 0.713203 0.095414
vt 0.531037 0.115628
vt 0.531046 0.130207
vt 0.620404 0.130188
vt 0.439868 0.115648
vt 0.438158 0.095473
vt 0.531025 0.095453
vt 0.352191 0.115666
vt 0.355752 0.130245
vt 0.441688 0.130226
vt 0.271410 0.115684
vt 0.266561 0.095510
vt 0.348847 0.095492
vt 0.200573 0.115699
vt 0.207146 0.130277
vt 0.276576 0.130262
vt 0.855404 0.130138
vt 0.791123 0.115572
vt 0.861959 0.115557
vt 0.795947 0.095396
vt 0.868104 0.095381
vt 0.710341 0.115590
vt 0.706797 0.130169
vt 0.785974 0.130152
vt 0.622664 0.115608
vt 0.624351 0.095433
vt 0.713661 0.095414
vt 0.620862 0.130188
vt 0.438776 0.813082
vt 0.531909 0.809494
vt 0.531914 0.818584
vt 0.441726 0.804167
vt 0.354991 0.788419
vt 0.266659 0.770349
vt 0.349198 0.796818
vt 0.275071 0.762790
vt 0.204982 0.728326
vt 0.134899 0.691350
vt 0.194273 0.734756
vt 0.147491 0.686297
vt 0.104719 0.638364
vt 0.063555 0.588110
vt 0.090725 0.641845
vt 0.078411 0.586334
vt 0.069467 0.532228
vt 0.063488 0.476348
vt 0.054318 0.532231
vt 0.078347 0.478118
vt 0.104593 0.426077
vt 0.134709 0.373078
vt 0.090595 0.422602
vt 0.147308 0.378125
vt 0.204748 0.336072
vt 0.266375 0.294022
vt 0.194032 0.329647
vt 0.274796 0.301578
vt 0.354685 0.275914
vt 0.438441 0.251216
vt 0.348883 0.267518
vt 0.441402 0.260129
vt 0.531578 0.254763
vt 0.624711 0.251176
vt 0.531573 0.245673
vt 0.621761 0.260091
vt 0.708496 0.275838
vt 0.796828 0.293908
vt 0.714289 0.267439
vt 0.788417 0.301467
vt 0.858505 0.335932
vt 0.928588 0.372908
vt 0.869214 0.329502
vt 0.915996 0.377960
vt 0.958768 0.425894
vt 0.999932 0.476147
vt 0.972762 0.422412
vt 0.985076 0.477924
vt 0.994020 0.532030
vt 0.999999 0.587909
vt 1.009169 0.532026
vt 0.985140 0.586139
vt 0.958894 0.638180
vt 0.928778 0.691180
vt 0.972893 0.641656
vt 0.916179 0.686132
vt 0.858739 0.728186
vt 0.797112 0.770235
vt 0.869455 0.734611
vt 0.788691 0.762680
vt 0.708802 0.788343
vt 0.625046 0.813042
vt 0.714604 0.796740
vt 0.622086 0.804128
vt 0.436637 0.041514
vt 0.531439 0.021731
vt 0.531451 0.041493
vt 0.437173 0.021752
vt 0.531432 0.008781
vt 0.348729 0.008820
vt 0.438296 0.008801
vt 0.346517 0.021771
vt 0.261442 0.041551
vt 0.345454 0.041533
vt 0.262991 0.021789
vt 0.193841 0.008853
vt 0.266205 0.008837
vt 0.189747 0.021805
vt 0.260984 0.041551
vt 0.189289 0.021805
vt 0.187314 0.041567
vt 0.262533 0.021789
vt 0.193383 0.008853
vt 0.348271 0.008820
vt 0.265747 0.008838
vt 0.346059 0.021771
vt 0.436178 0.041514
vt 0.344995 0.041533
vt 0.436714 0.021752
vt 0.530973 0.008781
vt 0.437838 0.008801
vt 0.530981 0.021731
vt 0.625808 0.041473
vt 0.530993 0.041493
vt 0.625248 0.021711
vt 0.713676 0.008741
vt 0.624109 0.008761
vt 0.715904 0.021692
vt 0.801002 0.041435
vt 0.716991 0.041453
vt 0.799430 0.021674
vt 0.868564 0.008708
vt 0.796200 0.008724
vt 0.872674 0.021658
vt 0.261442 0.041551
vt 0.189747 0.021805
vt 0.187773 0.041567
vt 0.262991 0.021789
vt 0.193841 0.008853
vt 0.348729 0.008820
vt 0.266205 0.008837
vt 0.346517 0.021771
vt 0.436637 0.041514
vt 0.345454 0.041533
vt 0.437173 0.021752
vt 0.531432 0.008781
vt 0.438296 0.008801
vt 0.531439 0.021731
vt 0.626266 0.041473
vt 0.531451 0.041493
vt 0.625706 0.021711
vt 0.714135 0.008741
vt 0.624567 0.008761
vt 0.716362 0.021692
vt 0.801460 0.041435
vt 0.717449 0.041453
vt 0.799888 0.021674
vt 0.869022 0.008708
vt 0.796658 0.008724
vt 0.873132 0.021658
vt 0.801002 0.041435
vt 0.872673 0.021658
vt 0.874671 0.041420
vt 0.799430 0.021674
vt 0.868564 0.008708
vt 0.713676 0.008741
vt 0.796200 0.008724
vt 0.715904 0.021692
vt 0.625808 0.041473
vt 0.716990 0.041453
vt 0.625248 0.021711
vt 0.530973 0.008781
vt 0.624108 0.008761
vt 0.530981 0.021731
vt 0.436178 0.041514
vt 0.530993 0.041493
vt 0.436714 0.021752
vt 0.348271 0.008820
vt 0.437838 0.008801
vt 0.346058 0.021771
vt 0.260984 0.041551
vt 0.344995 0.041533
vt 0.262532 0.021789
vt 0.193383 0.008853
vt 0.265747 0.008838
vt 0.189289 0.021805
vt 0.801460 0.041435
vt 0.873132 0.021658
vt 0.875130 0.041420
vt 0.799888 0.021674
vt 0.869022 0.008708
vt 0.714134 0.008741
vt 0.796658 0.008724
vt 0.716362 0.021692
vt 0.626266 0.041473
vt 0.717449 0.041453
vt 0.625706 0.021711
vt 0.624567 0.008761
vt 0.531517 0.151144
vt 0.444031 0.141926
vt 0.531511 0.141907
vt 0.359902 0.141944
vt 0.364435 0.151180
vt 0.446344 0.151162
vt 0.282389 0.141960
vt 0.214418 0.141975
vt 0.222790 0.151210
vt 0.288967 0.151196
vt 0.222332 0.151210
vt 0.281931 0.141961
vt 0.213960 0.141975
vt 0.359444 0.141944
vt 0.363977 0.151180
vt 0.288509 0.151196
vt 0.443573 0.141926
vt 0.531053 0.141907
vt 0.531058 0.151144
vt 0.445886 0.151162
vt 0.618533 0.141888
vt 0.702662 0.141870
vt 0.698140 0.151108
vt 0.616230 0.151126
vt 0.780175 0.141854
vt 0.848145 0.141839
vt 0.839785 0.151078
vt 0.773607 0.151092
vt 0.222790 0.151210
vt 0.282389 0.141960
vt 0.214418 0.141975
vt 0.359902 0.141944
vt 0.364435 0.151180
vt 0.288967 0.151196
vt 0.444031 0.141926
vt 0.531511 0.141907
vt 0.531517 0.151144
vt 0.446345 0.151162
vt 0.618991 0.141888
vt 0.703120 0.141870
vt 0.698598 0.151108
vt 0.616688 0.151126
vt 0.780633 0.141854
vt 0.848603 0.141839
vt 0.840243 0.151078
vt 0.774066 0.151092
vt 0.839785 0.151078
vt 0.780175 0.141854
vt 0.848145 0.141839
vt 0.702662 0.141870
vt 0.698140 0.151108
vt 0.773607 0.151092
vt 0.618533 0.141888
vt 0.531053 0.141907
vt 0.531058 0.151144
vt 0.616230 0.151126
vt 0.443573 0.141926
vt 0.359443 0.141944
vt 0.363977 0.151180
vt 0.445886 0.151162
vt 0.281931 0.141961
vt 0.213960 0.141975
vt 0.222332 0.151210
vt 0.288509 0.151196
vt 0.840243 0.151078
vt 0.780633 0.141854
vt 0.848603 0.141839
vt 0.703120 0.141870
vt 0.698598 0.151108
vt 0.774065 0.151092
vt 0.618991 0.141888
vt 0.616688 0.151126
vt 0.449129 0.157935
vt 0.531521 0.157917
vt 0.531895 0.785542
vt 0.446725 0.789060
vt 0.531900 0.794092
vt 0.370255 0.766286
vt 0.449500 0.780674
vt 0.373392 0.761737
vt 0.451097 0.775845
vt 0.297237 0.742871
vt 0.289324 0.749981
vt 0.364806 0.774187
vt 0.233200 0.711383
vt 0.239001 0.707900
vt 0.301793 0.738776
vt 0.180675 0.672984
vt 0.168830 0.677736
vt 0.223127 0.717431
vt 0.141596 0.629189
vt 0.149176 0.627304
vt 0.187496 0.670247
vt 0.117560 0.581653
vt 0.103586 0.583324
vt 0.128433 0.632464
vt 0.109389 0.532219
vt 0.448670 0.157935
vt 0.613454 0.157900
vt 0.531062 0.157918
vt 0.103525 0.481117
vt 0.095138 0.532222
vt 0.141481 0.435236
vt 0.117501 0.482782
vt 0.149063 0.437118
vt 0.125549 0.483741
vt 0.180507 0.391425
vt 0.168656 0.386677
vt 0.128313 0.431966
vt 0.232987 0.353003
vt 0.238791 0.356483
vt 0.187331 0.394158
vt 0.296985 0.321488
vt 0.289065 0.314380
vt 0.222907 0.346959
vt 0.369976 0.298041
vt 0.373119 0.302588
vt 0.301546 0.325580
vt 0.449203 0.283619
vt 0.446419 0.275234
vt 0.364518 0.290142
vt 0.531593 0.278716
vt 0.449129 0.157935
vt 0.613913 0.157900
vt 0.531521 0.157917
vt 0.616762 0.275198
vt 0.531587 0.270166
vt 0.693232 0.297971
vt 0.613987 0.283584
vt 0.690095 0.302520
vt 0.612390 0.288412
vt 0.766250 0.321387
vt 0.774163 0.314276
vt 0.698681 0.290071
vt 0.830287 0.352875
vt 0.824486 0.356357
vt 0.761694 0.325481
vt 0.882812 0.391274
vt 0.894657 0.386521
vt 0.840360 0.346827
vt 0.921891 0.435068
vt 0.914311 0.436954
vt 0.875992 0.394010
vt 0.945927 0.482605
vt 0.959901 0.480934
vt 0.935054 0.431793
vt 0.954098 0.532038
vt 0.613454 0.157900
vt 0.448670 0.157935
vt 0.531062 0.157918
vt 0.959962 0.583140
vt 0.968349 0.532035
vt 0.922006 0.629022
vt 0.945985 0.581475
vt 0.914424 0.627139
vt 0.937938 0.580516
vt 0.882980 0.672833
vt 0.894830 0.677580
vt 0.935174 0.632291
vt 0.830500 0.711254
vt 0.824696 0.707774
vt 0.876156 0.670099
vt 0.766501 0.742770
vt 0.774422 0.749877
vt 0.840580 0.717298
vt 0.693511 0.766217
vt 0.690368 0.761669
vt 0.761941 0.738678
vt 0.614284 0.780639
vt 0.617069 0.789024
vt 0.698969 0.774115
vt 0.613913 0.157900
vt 0.531536 0.183457
vt 0.446400 0.183476
vt 0.531530 0.173323
vt 0.367195 0.173358
vt 0.447758 0.173341
vt 0.364525 0.183493
vt 0.289089 0.183509
vt 0.227878 0.173388
vt 0.292967 0.173374
vt 0.222940 0.183523
vt 0.222482 0.183524
vt 0.288631 0.183509
vt 0.227420 0.173388
vt 0.366736 0.173358
vt 0.292509 0.173374
vt 0.364067 0.183493
vt 0.445942 0.183476
vt 0.531071 0.173323
vt 0.447300 0.173341
vt 0.531078 0.183457
vt 0.616213 0.183439
vt 0.695407 0.173288
vt 0.614843 0.173305
vt 0.698088 0.183422
vt 0.773524 0.183405
vt 0.834723 0.173258
vt 0.769634 0.173272
vt 0.839673 0.183391
vt 0.222940 0.183523
vt 0.289089 0.183509
vt 0.227878 0.173388
vt 0.367195 0.173358
vt 0.292967 0.173374
vt 0.364525 0.183493
vt 0.446400 0.183476
vt 0.531530 0.173323
vt 0.447758 0.173341
vt 0.531536 0.183457
vt 0.616672 0.183439
vt 0.695865 0.173287
vt 0.615302 0.173305
vt 0.698546 0.183421
vt 0.773982 0.183405
vt 0.835181 0.173258
vt 0.770092 0.173271
vt 0.840131 0.183391
vt 0.839673 0.183391
vt 0.773524 0.183405
vt 0.834723 0.173258
vt 0.695406 0.173288
vt 0.769634 0.173272
vt 0.698088 0.183422
vt 0.616213 0.183439
vt 0.531071 0.173323
vt 0.614843 0.173305
vt 0.531078 0.183457
vt 0.445942 0.183476
vt 0.366736 0.173358
vt 0.447300 0.173341
vt 0.364067 0.183493
vt 0.288631 0.183509
vt 0.227420 0.173388
vt 0.292509 0.173374
vt 0.222482 0.183524
vt 0.840131 0.183391
vt 0.773982 0.183405
vt 0.835181 0.173258
vt 0.695865 0.173287
vt 0.770092 0.173271
vt 0.698546 0.183421
vt 0.616672 0.183439
vt 0.615302 0.173305
vt 0.533555 0.712112
vt 0.480671 0.701484
vt 0.536718 0.704219
vt 0.485893 0.695708
vt 0.539962 0.697942
vt 0.433579 0.687208
vt 0.475003 0.708854
vt 0.426580 0.692262
vt 0.418623 0.698827
vt 0.376543 0.676866
vt 0.385051 0.672728
vt 0.342141 0.652864
vt 0.366605 0.682373
vt 0.332451 0.655926
vt 0.320913 0.660165
vt 0.296043 0.630212
vt 0.306542 0.628344
vt 0.279569 0.600139
vt 0.283349 0.633019
vt 0.268663 0.600742
vt 0.255299 0.602010
vt 0.251426 0.568627
vt 0.262318 0.569311
vt 0.255387 0.537060
vt 0.237908 0.568305
vt 0.244926 0.535114
vt 0.231772 0.533216
vt 0.249485 0.501485
vt 0.259111 0.504618
vt 0.273278 0.473230
vt 0.237201 0.498084
vt 0.264855 0.469030
vt 0.253913 0.464257
vt 0.290515 0.439008
vt 0.297411 0.444113
vt 0.330519 0.418367
vt 0.281336 0.433046
vt 0.325415 0.412553
vt 0.318350 0.405630
vt 0.368271 0.390708
vt 0.371385 0.397008
vt 0.418394 0.380824
vt 0.363593 0.383092
vt 0.417387 0.374280
vt 0.415276 0.366262
vt 0.470913 0.363938
vt 0.469772 0.370473
vt 0.523525 0.366315
vt 0.471449 0.355828
vt 0.526769 0.360038
vt 0.529932 0.352146
vt 0.582816 0.362774
vt 0.577594 0.368549
vt 0.629907 0.377050
vt 0.588484 0.355403
vt 0.636907 0.371996
vt 0.644864 0.365430
vt 0.686944 0.387392
vt 0.678436 0.391529
vt 0.721346 0.411394
vt 0.696882 0.381884
vt 0.731036 0.408332
vt 0.742574 0.404093
vt 0.767444 0.434045
vt 0.756945 0.435914
vt 0.783918 0.464119
vt 0.780138 0.431238
vt 0.794824 0.463515
vt 0.808188 0.462248
vt 0.812061 0.495630
vt 0.801169 0.494946
vt 0.808100 0.527198
vt 0.825579 0.495952
vt 0.818560 0.529144
vt 0.831715 0.531042
vt 0.814002 0.562772
vt 0.804375 0.559639
vt 0.790209 0.591027
vt 0.826286 0.566173
vt 0.798632 0.595227
vt 0.809574 0.600001
vt 0.772972 0.625249
vt 0.766076 0.620144
vt 0.732968 0.645890
vt 0.782151 0.631212
vt 0.738072 0.651704
vt 0.745136 0.658627
vt 0.695216 0.673549
vt 0.692102 0.667250
vt 0.645093 0.683434
vt 0.699894 0.681166
vt 0.646100 0.689977
vt 0.648211 0.697995
vt 0.592574 0.700319
vt 0.593714 0.693784
vt 0.592038 0.708430
vt 0.536725 0.398084
vt 0.480217 0.703439
vt 0.535095 0.720544
vt 0.536909 0.706190
vt 0.425498 0.694126
vt 0.473771 0.717304
vt 0.480035 0.398096
vt 0.425322 0.398108
vt 0.374876 0.678568
vt 0.414668 0.706971
vt 0.330263 0.657400
vt 0.349194 0.416287
vt 0.374709 0.398119
vt 0.315004 0.624934
vt 0.349332 0.648528
vt 0.293417 0.631402
vt 0.265701 0.601602
vt 0.272520 0.638472
vt 0.365835 0.398121
vt 0.415511 0.398110
vt 0.248242 0.569124
vt 0.242905 0.606090
vt 0.241642 0.535228
vt 0.224426 0.570856
vt 0.469649 0.398099
vt 0.526144 0.398087
vt 0.246226 0.501213
vt 0.217719 0.534140
vt 0.261748 0.468382
vt 0.223119 0.497345
vt 0.582834 0.398074
vt 0.637547 0.398063
vt 0.287679 0.438008
vt 0.240340 0.461883
vt 0.322958 0.411240
vt 0.713697 0.416209
vt 0.688160 0.398052
vt 0.377069 0.402085
vt 0.337745 0.422682
vt 0.366287 0.389133
vt 0.415954 0.372503
vt 0.354505 0.376595
vt 0.366293 0.398121
vt 0.415969 0.398110
vt 0.470085 0.362028
vt 0.408475 0.358826
vt 0.526578 0.358067
vt 0.467197 0.347739
vt 0.470107 0.398099
vt 0.526602 0.398086
vt 0.583270 0.360818
vt 0.528392 0.343714
vt 0.637989 0.370131
vt 0.589716 0.346954
vt 0.583292 0.398074
vt 0.638005 0.398062
vt 0.688611 0.385690
vt 0.648819 0.357287
vt 0.733224 0.406857
vt 0.714155 0.416209
vt 0.688618 0.398052
vt 0.748483 0.439324
vt 0.714155 0.415729
vt 0.770070 0.432855
vt 0.797786 0.462655
vt 0.790967 0.425786
vt 0.696576 0.398050
vt 0.646900 0.398061
vt 0.815245 0.495134
vt 0.820582 0.458168
vt 0.821845 0.529030
vt 0.839060 0.493401
vt 0.592762 0.398072
vt 0.536267 0.398084
vt 0.817261 0.563045
vt 0.845768 0.530118
vt 0.801739 0.595876
vt 0.840368 0.566912
vt 0.479577 0.398096
vt 0.424864 0.398108
vt 0.775808 0.626249
vt 0.823147 0.602374
vt 0.740529 0.653017
vt 0.348736 0.416287
vt 0.374251 0.398119
vt 0.686418 0.662173
vt 0.725742 0.641575
vt 0.697200 0.675124
vt 0.647533 0.691754
vt 0.708982 0.687663
vt 0.697034 0.398050
vt 0.647358 0.398061
vt 0.593402 0.702230
vt 0.655012 0.705432
vt 0.596290 0.716519
vt 0.593220 0.398072
vt 0.485993 0.695650
vt 0.536845 0.704812
vt 0.540041 0.697874
vt 0.480603 0.702080
vt 0.533725 0.712438
vt 0.426319 0.692838
vt 0.475063 0.709194
vt 0.433697 0.687163
vt 0.385181 0.672698
vt 0.376100 0.677401
vt 0.418572 0.699168
vt 0.331842 0.656399
vt 0.306681 0.628345
vt 0.295292 0.630605
vt 0.267799 0.601040
vt 0.279705 0.600157
vt 0.262446 0.569345
vt 0.250482 0.568817
vt 0.254861 0.602229
vt 0.243939 0.535190
vt 0.237407 0.568469
vt 0.255501 0.537108
vt 0.259208 0.504678
vt 0.248492 0.501444
vt 0.231227 0.533318
vt 0.263894 0.468874
vt 0.236634 0.498120
vt 0.273354 0.473301
vt 0.297462 0.444191
vt 0.289624 0.438742
vt 0.253345 0.464226
vt 0.324627 0.412188
vt 0.371382 0.397091
vt 0.367616 0.390258
vt 0.416892 0.373762
vt 0.418364 0.380905
vt 0.469717 0.370550
vt 0.470596 0.363372
vt 0.414910 0.365999
vt 0.526642 0.359446
vt 0.471176 0.355527
vt 0.523445 0.366384
vt 0.577494 0.368607
vt 0.582884 0.362178
vt 0.529762 0.351819
vt 0.637168 0.371419
vt 0.588424 0.355063
vt 0.629790 0.377095
vt 0.678306 0.391560
vt 0.687387 0.386857
vt 0.644915 0.365089
vt 0.731645 0.407859
vt 0.756806 0.435912
vt 0.768195 0.433652
vt 0.795688 0.463218
vt 0.783782 0.464101
vt 0.801041 0.494913
vt 0.813005 0.495440
vt 0.808626 0.462029
vt 0.819548 0.529068
vt 0.826080 0.495788
vt 0.807985 0.527150
vt 0.804279 0.559579
vt 0.814995 0.562813
vt 0.832259 0.530940
vt 0.799593 0.595384
vt 0.826853 0.566137
vt 0.790133 0.590957
vt 0.766026 0.620067
vt 0.773863 0.625515
vt 0.810143 0.600032
vt 0.738860 0.652070
vt 0.692105 0.667166
vt 0.695871 0.674000
vt 0.646595 0.690495
vt 0.645123 0.683352
vt 0.593770 0.693707
vt 0.592891 0.700886
vt 0.648577 0.698258
vt 0.592311 0.708730
vt 0.437227 0.068454
vt 0.531467 0.068434
vt 0.346596 0.068473
vt 0.263093 0.068491
vt 0.189870 0.068507
vt 0.194863 0.095525
vt 0.262635 0.068491
vt 0.189412 0.068507
vt 0.346138 0.068474
vt 0.436769 0.068454
vt 0.531009 0.068434
vt 0.625249 0.068414
vt 0.715880 0.068394
vt 0.799383 0.068376
vt 0.872606 0.068361
vt 0.867646 0.095381
vt 0.263093 0.068491
vt 0.189870 0.068507
vt 0.346596 0.068473
vt 0.437227 0.068454
vt 0.531467 0.068434
vt 0.625708 0.068414
vt 0.716338 0.068394
vt 0.799841 0.068376
vt 0.873065 0.068360
vt 0.868104 0.095381
vt 0.799383 0.068376
vt 0.872606 0.068361
vt 0.715880 0.068394
vt 0.625249 0.068414
vt 0.531009 0.068434
vt 0.436769 0.068454
vt 0.346138 0.068474
vt 0.262635 0.068491
vt 0.189411 0.068507
vt 0.194405 0.095526
vt 0.799841 0.068376
vt 0.873064 0.068360
vt 0.716338 0.068394
vt 0.625708 0.068414
vt 0.541492 0.582240
vt 0.492289 0.582251
vt 0.444598 0.582261
vt 0.400268 0.582271
vt 0.361528 0.563271
vt 0.361808 0.600304
vt 0.346774 0.582282
vt 0.383651 0.582274
vt 0.426183 0.582265
vt 0.472769 0.582255
vt 0.521597 0.582245
vt 0.570800 0.582234
vt 0.618490 0.582224
vt 0.662820 0.582214
vt 0.701538 0.563198
vt 0.701302 0.600231
vt 0.347233 0.582282
vt 0.384109 0.582274
vt 0.426641 0.582265
vt 0.473227 0.582255
vt 0.522055 0.582245
vt 0.571258 0.582234
vt 0.618949 0.582224
vt 0.663278 0.582214
vt 0.701996 0.563198
vt 0.701760 0.600231
vt 0.715856 0.582203
vt 0.678980 0.582211
vt 0.636447 0.582220
vt 0.589862 0.582230
vt 0.541033 0.582241
vt 0.491830 0.582251
vt 0.444140 0.582261
vt 0.399810 0.582271
vt 0.361070 0.563271
vt 0.361350 0.600304
vt 0.716314 0.582203
vt 0.679438 0.582211
vt 0.636906 0.582220
vt 0.590320 0.582230
vt 0.495802 0.643673
vt 0.541526 0.640314
vt 0.541528 0.643664
vt 0.495669 0.640324
vt 0.451196 0.640333
vt 0.451454 0.643683
vt 0.410205 0.643692
vt 0.409831 0.640342
vt 0.373139 0.640350
vt 0.373614 0.643700
vt 0.393587 0.643695
vt 0.358937 0.640353
vt 0.359412 0.643702
vt 0.393213 0.640345
vt 0.432781 0.640337
vt 0.433039 0.643687
vt 0.476282 0.643678
vt 0.476149 0.640328
vt 0.521632 0.640318
vt 0.521634 0.643668
vt 0.567360 0.643658
vt 0.567489 0.640308
vt 0.611962 0.640299
vt 0.611708 0.643648
vt 0.652957 0.643640
vt 0.653326 0.640290
vt 0.690019 0.640282
vt 0.689548 0.643632
vt 0.394045 0.643695
vt 0.359395 0.640353
vt 0.359870 0.643702
vt 0.393672 0.640345
vt 0.433239 0.640337
vt 0.433497 0.643687
vt 0.476740 0.643678
vt 0.476607 0.640328
vt 0.522090 0.640318
vt 0.522092 0.643668
vt 0.567818 0.643658
vt 0.567947 0.640308
vt 0.612420 0.640299
vt 0.612166 0.643648
vt 0.653415 0.643640
vt 0.653785 0.640290
vt 0.690477 0.640282
vt 0.690006 0.643632
vt 0.669116 0.643636
vt 0.703763 0.640279
vt 0.703292 0.643629
vt 0.669486 0.640286
vt 0.629919 0.640295
vt 0.629664 0.643645
vt 0.586422 0.643654
vt 0.586550 0.640304
vt 0.541068 0.640314
vt 0.541070 0.643664
vt 0.495343 0.643674
vt 0.495211 0.640324
vt 0.450738 0.640333
vt 0.450996 0.643683
vt 0.409747 0.643692
vt 0.409373 0.640342
vt 0.372680 0.640350
vt 0.373155 0.643700
vt 0.669575 0.643636
vt 0.704221 0.640279
vt 0.703750 0.643629
vt 0.669944 0.640286
vt 0.630376 0.640295
vt 0.630123 0.643644
vt 0.586880 0.643654
vt 0.587009 0.640304
vt 0.541550 0.680508
vt 0.494882 0.673466
vt 0.541547 0.675074
vt 0.495817 0.670639
vt 0.541545 0.672192
vt 0.451466 0.663781
vt 0.493119 0.678795
vt 0.449629 0.666444
vt 0.446167 0.671465
vt 0.407542 0.654244
vt 0.410210 0.651846
vt 0.373609 0.635327
vt 0.402514 0.658762
vt 0.370212 0.637366
vt 0.363811 0.641209
vt 0.339110 0.616431
vt 0.343104 0.614828
vt 0.319826 0.591162
vt 0.331584 0.619450
vt 0.315387 0.592266
vt 0.307023 0.594347
vt 0.300006 0.565783
vt 0.304718 0.565219
vt 0.298305 0.538010
vt 0.291126 0.566845
vt 0.293500 0.538011
vt 0.284445 0.538013
vt 0.296181 0.510012
vt 0.300893 0.510573
vt 0.312324 0.483962
vt 0.287300 0.508954
vt 0.307884 0.482860
vt 0.299517 0.480783
vt 0.328218 0.457608
vt 0.332214 0.459209
vt 0.359747 0.437248
vt 0.320688 0.454591
vt 0.356348 0.435210
vt 0.349943 0.431370
vt 0.391240 0.416549
vt 0.393911 0.418945
vt 0.433355 0.404978
vt 0.386207 0.412033
vt 0.431515 0.402315
vt 0.428046 0.397296
vt 0.475653 0.393086
vt 0.476592 0.395913
vt 0.521942 0.392066
vt 0.473884 0.387758
vt 0.521940 0.389183
vt 0.521937 0.383750
vt 0.568605 0.390791
vt 0.567669 0.393619
vt 0.612021 0.400477
vt 0.570368 0.385462
vt 0.613858 0.397813
vt 0.617320 0.392793
vt 0.655945 0.410014
vt 0.653277 0.412411
vt 0.689878 0.428931
vt 0.660973 0.405495
vt 0.693275 0.426892
vt 0.699675 0.423048
vt 0.724377 0.447827
vt 0.720383 0.449429
vt 0.743661 0.473096
vt 0.731903 0.444807
vt 0.748100 0.471991
vt 0.756465 0.469911
vt 0.763481 0.498475
vt 0.758769 0.499038
vt 0.765182 0.526248
vt 0.772361 0.497413
vt 0.769986 0.526247
vt 0.779042 0.526245
vt 0.767306 0.554246
vt 0.762593 0.553684
vt 0.751163 0.580295
vt 0.776188 0.555304
vt 0.755603 0.581397
vt 0.763970 0.583475
vt 0.735269 0.606650
vt 0.731273 0.605049
vt 0.703740 0.627010
vt 0.742799 0.609666
vt 0.707139 0.629048
vt 0.713544 0.632888
vt 0.672247 0.647709
vt 0.669576 0.645312
vt 0.630132 0.659280
vt 0.677280 0.652225
vt 0.631972 0.661942
vt 0.635440 0.666961
vt 0.587834 0.671171
vt 0.586895 0.668344
vt 0.589603 0.676499
vt 0.541558 0.694232
vt 0.490906 0.685480
vt 0.541554 0.687324
vt 0.488665 0.692255
vt 0.441823 0.677763
vt 0.437421 0.684146
vt 0.396206 0.664431
vt 0.389814 0.670175
vt 0.355781 0.646031
vt 0.347644 0.650917
vt 0.322141 0.623239
vt 0.312571 0.627079
vt 0.296528 0.596958
vt 0.285894 0.599603
vt 0.279985 0.568177
vt 0.268695 0.569527
vt 0.273085 0.538015
vt 0.261572 0.538018
vt 0.276157 0.507626
vt 0.264866 0.506281
vt 0.289020 0.478176
vt 0.278382 0.475535
vt 0.311240 0.450807
vt 0.301666 0.446971
vt 0.341907 0.426552
vt 0.333763 0.421669
vt 0.379893 0.406367
vt 0.373494 0.400625
vt 0.423695 0.391000
vt 0.419286 0.384619
vt 0.471663 0.381074
vt 0.469414 0.374300
vt 0.521933 0.376934
vt 0.521929 0.370026
vt 0.572580 0.378777
vt 0.574823 0.372002
vt 0.621664 0.386495
vt 0.626066 0.380112
vt 0.667281 0.399827
vt 0.673673 0.394082
vt 0.707705 0.418227
vt 0.715843 0.413341
vt 0.741346 0.441018
vt 0.750916 0.437179
vt 0.766959 0.467300
vt 0.777593 0.464654
vt 0.783502 0.496081
vt 0.794792 0.494731
vt 0.790402 0.526242
vt 0.801915 0.526240
vt 0.787330 0.556631
vt 0.798621 0.557976
vt 0.774467 0.586081
vt 0.785105 0.588722
vt 0.752247 0.613451
vt 0.761821 0.617286
vt 0.721580 0.637706
vt 0.729724 0.642589
vt 0.683594 0.657890
vt 0.689993 0.663632
vt 0.639792 0.673258
vt 0.644201 0.679639
vt 0.591824 0.683184
vt 0.594073 0.689958
vt 0.541540 0.663594
vt 0.486748 0.655760
vt 0.541535 0.655748
vt 0.541562 0.700061
vt 0.486773 0.697973
vt 0.485390 0.663606
vt 0.433686 0.655771
vt 0.431018 0.663618
vt 0.384408 0.655781
vt 0.433706 0.689532
vt 0.384420 0.675023
vt 0.380533 0.663628
vt 0.340777 0.655791
vt 0.321641 0.663641
vt 0.367791 0.655785
vt 0.326575 0.655794
vt 0.340776 0.655040
vt 0.304496 0.630319
vt 0.363916 0.663632
vt 0.415271 0.655775
vt 0.412603 0.663622
vt 0.467228 0.655764
vt 0.276919 0.601836
vt 0.259168 0.570666
vt 0.465870 0.663610
vt 0.521641 0.655752
vt 0.521645 0.663598
vt 0.576429 0.655740
vt 0.251857 0.538020
vt 0.255337 0.505146
vt 0.577796 0.663586
vt 0.629490 0.655729
vt 0.632167 0.663574
vt 0.678768 0.655718
vt 0.269405 0.473306
vt 0.293587 0.443735
vt 0.682652 0.663564
vt 0.722399 0.655709
vt 0.322100 0.663641
vt 0.368249 0.655785
vt 0.327033 0.655794
vt 0.326891 0.417548
vt 0.368094 0.395780
vt 0.364374 0.663632
vt 0.415729 0.655775
vt 0.413062 0.663622
vt 0.467686 0.655763
vt 0.415565 0.379234
vt 0.467515 0.368583
vt 0.466328 0.663610
vt 0.522099 0.655752
vt 0.522104 0.663598
vt 0.576887 0.655740
vt 0.521925 0.364197
vt 0.576714 0.366285
vt 0.578254 0.663586
vt 0.629948 0.655729
vt 0.632625 0.663574
vt 0.679226 0.655718
vt 0.629781 0.374725
vt 0.679067 0.389235
vt 0.683110 0.663564
vt 0.722857 0.655709
vt 0.741086 0.663551
vt 0.694927 0.655715
vt 0.736143 0.655706
vt 0.722711 0.409217
vt 0.758991 0.433939
vt 0.698812 0.663560
vt 0.647447 0.655725
vt 0.650124 0.663571
vt 0.595490 0.655736
vt 0.786568 0.462422
vt 0.804319 0.493592
vt 0.596857 0.663582
vt 0.541077 0.655748
vt 0.541082 0.663594
vt 0.486290 0.655760
vt 0.811630 0.526238
vt 0.808150 0.559111
vt 0.484932 0.663606
vt 0.433228 0.655771
vt 0.430560 0.663618
vt 0.383950 0.655781
vt 0.794082 0.590951
vt 0.769900 0.620523
vt 0.380075 0.663629
vt 0.340319 0.655791
vt 0.741544 0.663551
vt 0.695385 0.655715
vt 0.736601 0.655706
vt 0.736596 0.646709
vt 0.695393 0.668477
vt 0.699270 0.663560
vt 0.647905 0.655725
vt 0.650582 0.663571
vt 0.595948 0.655736
vt 0.647922 0.685023
vt 0.595972 0.695674
vt 0.597315 0.663582
vt 0.484873 0.684401
vt 0.541546 0.673720
vt 0.541552 0.684389
vt 0.484707 0.673732
vt 0.429993 0.684413
vt 0.379039 0.684424
vt 0.429673 0.673744
vt 0.378578 0.673755
vt 0.335843 0.663638
vt 0.333938 0.684433
vt 0.362421 0.684427
vt 0.319151 0.673767
vt 0.319736 0.684436
vt 0.361960 0.673758
vt 0.411578 0.684417
vt 0.465353 0.684405
vt 0.411258 0.673748
vt 0.465187 0.673736
vt 0.521658 0.684393
vt 0.578337 0.684381
vt 0.521652 0.673724
vt 0.578490 0.673712
vt 0.633217 0.684369
vt 0.684171 0.684358
vt 0.633524 0.673700
vt 0.684619 0.673689
vt 0.727342 0.663554
vt 0.729273 0.684348
vt 0.362879 0.684427
vt 0.319609 0.673767
vt 0.320194 0.684436
vt 0.362419 0.673758
vt 0.412036 0.684417
vt 0.465812 0.684405
vt 0.411717 0.673748
vt 0.465646 0.673736
vt 0.522116 0.684393
vt 0.578795 0.684381
vt 0.522110 0.673724
vt 0.578948 0.673712
vt 0.633676 0.684369
vt 0.684630 0.684358
vt 0.633982 0.673700
vt 0.685078 0.673689
vt 0.727800 0.663554
vt 0.729731 0.684348
vt 0.700331 0.684355
vt 0.743588 0.673676
vt 0.743016 0.684346
vt 0.700779 0.673686
vt 0.651174 0.684365
vt 0.597399 0.684377
vt 0.651481 0.673696
vt 0.597552 0.673708
vt 0.541094 0.684389
vt 0.484415 0.684401
vt 0.541088 0.673720
vt 0.484249 0.673732
vt 0.429535 0.684413
vt 0.378581 0.684424
vt 0.429215 0.673744
vt 0.378120 0.673755
vt 0.335385 0.663638
vt 0.333479 0.684433
vt 0.700789 0.684355
vt 0.744046 0.673676
vt 0.743474 0.684345
vt 0.701237 0.673685
vt 0.651633 0.684365
vt 0.597857 0.684377
vt 0.651939 0.673696
vt 0.598010 0.673708
vt 0.272517 0.996393
vt 0.242007 0.913423
vt 0.272484 0.913078
vt 0.472694 0.712922
vt 0.467931 0.704277
vt 0.415036 0.702547
vt 0.421600 0.997557
vt 0.370421 0.997346
vt 0.370357 0.913395
vt 0.310023 0.913070
vt 0.354665 0.994579
vt 0.354713 0.912180
vt 0.421525 0.907806
vt 0.476958 0.913372
vt 0.361878 0.685601
vt 0.362987 0.676519
vt 0.315226 0.662777
vt 0.529046 0.997569
vt 0.586578 0.997153
vt 0.586525 0.913349
vt 0.285096 0.913413
vt 0.310053 0.996358
vt 0.315707 0.622313
vt 0.325223 0.658272
vt 0.349170 0.645876
vt 0.288192 0.631668
vt 0.471545 0.907795
vt 0.416405 0.913385
vt 0.471606 0.997610
vt 0.290728 0.996272
vt 0.260675 0.913419
vt 0.290708 0.913074
vt 0.409667 0.474427
vt 0.354905 0.466473
vt 0.397234 0.484671
vt 0.264994 0.606198
vt 0.248380 0.603118
vt 0.276923 0.634916
vt 0.237050 0.533707
vt 0.230762 0.568582
vt 0.243244 0.568169
vt 0.378438 0.682595
vt 0.295113 0.600224
vt 0.230422 0.496699
vt 0.244831 0.493838
vt 0.247714 0.462104
vt 0.577296 0.357909
vt 0.590793 0.351336
vt 0.530873 0.347886
vt 0.272943 0.913078
vt 0.326668 0.994512
vt 0.326729 0.912186
vt 0.310204 0.446886
vt 0.258476 0.465922
vt 0.286728 0.474452
vt 0.285270 0.435213
vt 0.366156 0.907817
vt 0.321805 0.913405
vt 0.366244 0.997568
vt 0.714219 0.996298
vt 0.738108 0.913316
vt 0.714154 0.912983
vt 0.618837 0.471672
vt 0.618338 0.454699
vt 0.606259 0.455277
vt 0.315612 0.412607
vt 0.313996 0.402219
vt 0.275956 0.430209
vt 0.815107 0.461140
vt 0.805768 0.468320
vt 0.832725 0.495675
vt 0.742160 0.997335
vt 0.697779 0.907746
vt 0.742133 0.907737
vt 0.802808 0.913302
vt 0.772842 0.996259
vt 0.772775 0.912971
vt 0.416937 0.997337
vt 0.416864 0.913385
vt 0.529114 0.355313
vt 0.470987 0.351540
vt 0.471676 0.359029
vt 0.526790 0.374238
vt 0.475551 0.377862
vt 0.736900 0.994475
vt 0.790540 0.912967
vt 0.736753 0.912098
vt 0.595556 0.359980
vt 0.648451 0.361711
vt 0.642410 0.907758
vt 0.586983 0.913349
vt 0.642441 0.997509
vt 0.720786 0.912102
vt 0.672035 0.992835
vt 0.672038 0.908601
vt 0.427919 0.602030
vt 0.414941 0.634854
vt 0.445149 0.609558
vt 0.701609 0.378656
vt 0.700500 0.387738
vt 0.748260 0.401480
vt 0.534079 0.997568
vt 0.476547 0.997176
vt 0.476500 0.913372
vt 0.753002 0.912975
vt 0.708456 0.994503
vt 0.708311 0.912104
vt 0.747780 0.441944
vt 0.738264 0.405985
vt 0.714317 0.418382
vt 0.775295 0.432589
vt 0.591473 0.907769
vt 0.646619 0.913336
vt 0.591519 0.997584
vt 0.773312 0.996168
vt 0.803267 0.913302
vt 0.773233 0.912971
vt 0.492440 0.992971
vt 0.463715 0.992747
vt 0.463659 0.908646
vt 0.798493 0.458060
vt 0.786564 0.429342
vt 0.826437 0.530551
vt 0.820243 0.496088
vt 0.486190 0.706348
vt 0.532614 0.716371
vt 0.679108 0.562931
vt 0.734618 0.557565
vt 0.684107 0.550499
vt 0.833065 0.567559
vt 0.818656 0.570420
vt 0.815773 0.602153
vt 0.426887 0.640285
vt 0.423555 0.692884
vt 0.479759 0.686709
vt 0.790998 0.912967
vt 0.737370 0.994424
vt 0.737211 0.912098
vt 0.753284 0.617372
vt 0.805011 0.598336
vt 0.776759 0.589805
vt 0.778217 0.629044
vt 0.741983 0.656041
vt 0.787531 0.634048
vt 0.721322 0.641673
vt 0.625922 0.903030
vt 0.648447 0.992778
vt 0.648429 0.903025
vt 0.697643 0.678260
vt 0.749491 0.662039
vt 0.697798 0.997497
vt 0.647105 0.997288
vt 0.647078 0.913336
vt 0.480653 0.992944
vt 0.510384 0.992807
vt 0.510312 0.908636
vt 0.290250 0.913075
vt 0.342203 0.994582
vt 0.342238 0.912183
vt 0.655090 0.692212
vt 0.650058 0.702147
vt 0.703056 0.685021
vt 0.534373 0.708945
vt 0.592499 0.712718
vt 0.591811 0.705228
vt 0.536697 0.690020
vt 0.587936 0.686396
vt 0.516434 0.879535
vt 0.541576 0.894515
vt 0.541669 0.879530
vt 0.377085 0.992836
vt 0.326271 0.912186
vt 0.376978 0.908665
vt 0.519604 0.625085
vt 0.539005 0.656835
vt 0.540708 0.625605
vt 0.491794 0.879541
vt 0.515477 0.894521
vt 0.468703 0.879546
vt 0.490010 0.894526
vt 0.389911 0.623390
vt 0.382384 0.661602
vt 0.480574 0.903061
vt 0.452824 0.908648
vt 0.448033 0.879550
vt 0.466160 0.894532
vt 0.452085 0.879549
vt 0.430771 0.894539
vt 0.433832 0.879553
vt 0.426672 0.581226
vt 0.444650 0.592586
vt 0.391543 0.992762
vt 0.342696 0.912183
vt 0.391439 0.908661
vt 0.473379 0.879545
vt 0.449710 0.894535
vt 0.496915 0.879540
vt 0.471782 0.894530
vt 0.412719 0.567986
vt 0.398616 0.571192
vt 0.396178 0.577718
vt 0.398910 0.537927
vt 0.380702 0.555639
vt 0.403356 0.553363
vt 0.521774 0.879534
vt 0.496156 0.894525
vt 0.547009 0.879529
vt 0.521884 0.894519
vt 0.336942 0.488431
vt 0.275223 0.498882
vt 0.328869 0.506693
vt 0.522598 0.903052
vt 0.553166 0.908627
vt 0.522661 0.993000
vt 0.571649 0.879524
vt 0.547983 0.894514
vt 0.594740 0.879519
vt 0.573451 0.894509
vt 0.415934 0.492674
vt 0.384379 0.501326
vt 0.405323 0.506986
vt 0.373918 0.451528
vt 0.615409 0.879514
vt 0.597301 0.894503
vt 0.452543 0.879549
vt 0.431229 0.894539
vt 0.434290 0.879553
vt 0.430982 0.479872
vt 0.420648 0.473282
vt 0.492560 0.441504
vt 0.454278 0.416783
vt 0.472550 0.445909
vt 0.473838 0.879544
vt 0.450168 0.894535
vt 0.497373 0.879539
vt 0.472240 0.894530
vt 0.484076 0.410677
vt 0.435296 0.385679
vt 0.522079 0.452428
vt 0.496352 0.455096
vt 0.522232 0.879534
vt 0.496614 0.894525
vt 0.547467 0.879529
vt 0.522343 0.894519
vt 0.686035 0.992770
vt 0.686041 0.908598
vt 0.543883 0.439172
vt 0.524482 0.407423
vt 0.522779 0.438653
vt 0.572107 0.879523
vt 0.548442 0.894514
vt 0.595199 0.879519
vt 0.573909 0.894509
vt 0.635568 0.462228
vt 0.648546 0.429404
vt 0.673576 0.440867
vt 0.681103 0.402655
vt 0.615868 0.879514
vt 0.597759 0.894503
vt 0.610900 0.879515
vt 0.632232 0.894496
vt 0.629153 0.879511
vt 0.636815 0.483031
vt 0.672493 0.992702
vt 0.721244 0.912102
vt 0.672496 0.908601
vt 0.589605 0.879520
vt 0.613293 0.894500
vt 0.566070 0.879525
vt 0.591221 0.894505
vt 0.650768 0.496271
vt 0.664870 0.493065
vt 0.667308 0.486540
vt 0.664577 0.526330
vt 0.682785 0.508619
vt 0.660131 0.510894
vt 0.541210 0.879530
vt 0.566846 0.894510
vt 0.515976 0.879535
vt 0.541118 0.894515
vt 0.726544 0.575826
vt 0.788264 0.565375
vt 0.540415 0.903048
vt 0.509854 0.908636
vt 0.540459 0.992996
vt 0.491336 0.879541
vt 0.515019 0.894521
vt 0.468244 0.879546
vt 0.489552 0.894527
vt 0.647552 0.571584
vt 0.658164 0.557271
vt 0.632505 0.584385
vt 0.666253 0.579586
vt 0.447575 0.879550
vt 0.465701 0.894532
vt 0.611358 0.879515
vt 0.632690 0.894496
vt 0.629611 0.879511
vt 0.613572 0.595171
vt 0.648245 0.594423
vt 0.570927 0.622754
vt 0.609209 0.647474
vt 0.590937 0.618348
vt 0.590063 0.879520
vt 0.613751 0.894500
vt 0.566528 0.879525
vt 0.591679 0.894504
vt 0.391085 0.992895
vt 0.390981 0.908661
vt 0.541408 0.611829
vt 0.567134 0.609161
vt 0.567305 0.894510
vt 0.517924 0.840678
vt 0.541656 0.858805
vt 0.541646 0.840673
vt 0.516922 0.858810
vt 0.494738 0.840683
vt 0.472987 0.840687
vt 0.492763 0.858815
vt 0.470114 0.858820
vt 0.453493 0.840691
vt 0.456369 0.840691
vt 0.435632 0.858828
vt 0.439291 0.840695
vt 0.453497 0.858824
vt 0.476323 0.840687
vt 0.498404 0.840682
vt 0.474348 0.858819
vt 0.497402 0.858814
vt 0.521751 0.840677
vt 0.545473 0.840672
vt 0.521762 0.858809
vt 0.546496 0.858804
vt 0.568658 0.840667
vt 0.590410 0.840662
vt 0.570655 0.858799
vt 0.593304 0.858794
vt 0.613585 0.858789
vt 0.609904 0.840658
vt 0.456827 0.840691
vt 0.436090 0.858828
vt 0.439749 0.840694
vt 0.453955 0.858824
vt 0.474806 0.858819
vt 0.476781 0.840686
vt 0.498862 0.840682
vt 0.497860 0.858814
vt 0.522220 0.858809
vt 0.522209 0.840677
vt 0.545931 0.840671
vt 0.546954 0.858804
vt 0.571113 0.858798
vt 0.569116 0.840667
vt 0.590868 0.840662
vt 0.593762 0.858794
vt 0.614043 0.858789
vt 0.610362 0.840658
vt 0.606570 0.840659
vt 0.627328 0.858787
vt 0.623648 0.840655
vt 0.609464 0.858790
vt 0.588612 0.858795
vt 0.586615 0.840663
vt 0.564535 0.840668
vt 0.565558 0.858800
vt 0.541198 0.858805
vt 0.541187 0.840673
vt 0.517465 0.840678
vt 0.516464 0.858810
vt 0.492305 0.858815
vt 0.494280 0.840683
vt 0.472528 0.840687
vt 0.469656 0.858820
vt 0.449376 0.858825
vt 0.453034 0.840692
vt 0.607028 0.840659
vt 0.627786 0.858786
vt 0.624106 0.840655
vt 0.609922 0.858790
vt 0.589070 0.858795
vt 0.587073 0.840663
vt 0.564993 0.840668
vt 0.566016 0.858800
vt 0.521633 0.587633
vt 0.541299 0.598655
vt 0.539875 0.587753
vt 0.519624 0.832565
vt 0.541438 0.832561
vt 0.498282 0.832570
vt 0.503779 0.585386
vt 0.519485 0.598491
vt 0.487002 0.581086
vt 0.498140 0.595785
vt 0.478236 0.832575
vt 0.460246 0.832578
vt 0.471939 0.574911
vt 0.478092 0.590625
vt 0.459183 0.567087
vt 0.460098 0.583224
vt 0.461955 0.832578
vt 0.446331 0.832581
vt 0.480241 0.832574
vt 0.449205 0.557923
vt 0.444866 0.573853
vt 0.442410 0.547765
vt 0.432963 0.562884
vt 0.500502 0.832570
vt 0.521949 0.832565
vt 0.439036 0.537008
vt 0.424867 0.550729
vt 0.439237 0.526063
vt 0.420866 0.537862
vt 0.543763 0.832560
vt 0.565105 0.832556
vt 0.442981 0.515350
vt 0.421139 0.524774
vt 0.450148 0.505284
vt 0.425649 0.511967
vt 0.585151 0.832552
vt 0.603140 0.832548
vt 0.460440 0.496246
vt 0.434250 0.499938
vt 0.473481 0.488592
vt 0.446585 0.489141
vt 0.462413 0.832578
vt 0.446789 0.832581
vt 0.480699 0.832574
vt 0.488753 0.482606
vt 0.462203 0.480002
vt 0.505683 0.478528
vt 0.480484 0.472860
vt 0.500960 0.832570
vt 0.522407 0.832565
vt 0.523612 0.476504
vt 0.500742 0.468003
vt 0.541854 0.476625
vt 0.522188 0.465602
vt 0.544221 0.832560
vt 0.565564 0.832556
vt 0.559708 0.478871
vt 0.544002 0.465766
vt 0.576485 0.483171
vt 0.565346 0.468472
vt 0.585609 0.832551
vt 0.603599 0.832548
vt 0.591548 0.489346
vt 0.585395 0.473632
vt 0.604305 0.497171
vt 0.603389 0.481033
vt 0.600974 0.832548
vt 0.616598 0.832545
vt 0.582688 0.832552
vt 0.614282 0.506335
vt 0.618621 0.490404
vt 0.621077 0.516493
vt 0.630524 0.501373
vt 0.562427 0.832556
vt 0.540980 0.832561
vt 0.624451 0.527250
vt 0.638620 0.513528
vt 0.624250 0.538195
vt 0.642621 0.526395
vt 0.519166 0.832566
vt 0.497823 0.832570
vt 0.620506 0.548908
vt 0.642348 0.539484
vt 0.613339 0.558973
vt 0.637838 0.552290
vt 0.477778 0.832575
vt 0.459788 0.832578
vt 0.603047 0.568011
vt 0.629237 0.564320
vt 0.590006 0.575665
vt 0.616902 0.575116
vt 0.601432 0.832548
vt 0.617056 0.832545
vt 0.583146 0.832552
vt 0.574734 0.581652
vt 0.601284 0.584255
vt 0.557803 0.585729
vt 0.583002 0.591397
vt 0.562885 0.832556
vt 0.562744 0.596254
vt 0.523942 0.570675
vt 0.536626 0.570850
vt 0.511558 0.569023
vt 0.499951 0.565949
vt 0.489563 0.561580
vt 0.480800 0.556075
vt 0.473989 0.549653
vt 0.469405 0.542555
vt 0.467209 0.535058
vt 0.467500 0.527448
vt 0.470253 0.520017
vt 0.475376 0.513053
vt 0.482658 0.506820
vt 0.491833 0.501563
vt 0.502537 0.497476
vt 0.514366 0.494726
vt 0.526861 0.493408
vt 0.539545 0.493583
vt 0.551929 0.495234
vt 0.563536 0.498308
vt 0.573924 0.502677
vt 0.582687 0.508182
vt 0.589498 0.514605
vt 0.594082 0.521702
vt 0.596279 0.529199
vt 0.595987 0.536810
vt 0.593234 0.544240
vt 0.588111 0.551204
vt 0.580829 0.557437
vt 0.571654 0.562695
vt 0.560950 0.566781
vt 0.549121 0.569532
vt 0.469765 0.725723
vt 0.532061 0.725710
vt 0.532060 0.723720
vt 0.474900 0.708904
vt 0.533471 0.712173
vt 0.469762 0.720063
vt 0.418506 0.698864
vt 0.409848 0.725736
vt 0.354635 0.725748
vt 0.409838 0.709209
vt 0.366478 0.682396
vt 0.354614 0.691526
vt 0.320781 0.660172
vt 0.306210 0.725758
vt 0.353840 0.725748
vt 0.305465 0.725759
vt 0.306175 0.667738
vt 0.283217 0.633011
vt 0.266433 0.638722
vt 0.255173 0.601986
vt 0.409016 0.725736
vt 0.468910 0.725724
vt 0.236853 0.605623
vt 0.237792 0.568267
vt 0.218643 0.569690
vt 0.231670 0.533165
vt 0.531198 0.725710
vt 0.593494 0.725697
vt 0.212425 0.532319
vt 0.237118 0.498022
vt 0.218519 0.494940
vt 0.253851 0.464186
vt 0.653412 0.725684
vt 0.708625 0.725672
vt 0.236610 0.458985
vt 0.281298 0.432970
vt 0.266081 0.425851
vt 0.318338 0.405551
vt 0.757050 0.725662
vt 0.354298 0.725748
vt 0.305923 0.725759
vt 0.305727 0.396788
vt 0.363607 0.383013
vt 0.354088 0.372942
vt 0.415315 0.366186
vt 0.409474 0.725736
vt 0.469368 0.725723
vt 0.409253 0.355194
vt 0.471512 0.355758
vt 0.469141 0.344268
vt 0.530017 0.352085
vt 0.531656 0.725710
vt 0.593952 0.725697
vt 0.531427 0.340538
vt 0.588587 0.355354
vt 0.593725 0.344194
vt 0.644981 0.365393
vt 0.653870 0.725684
vt 0.709083 0.725672
vt 0.653649 0.355049
vt 0.697009 0.381862
vt 0.708873 0.372731
vt 0.742706 0.404086
vt 0.757508 0.725662
vt 0.708961 0.725672
vt 0.757336 0.725662
vt 0.757312 0.396519
vt 0.780270 0.431247
vt 0.797054 0.425535
vt 0.808314 0.462272
vt 0.653786 0.725684
vt 0.593891 0.725697
vt 0.826634 0.458635
vt 0.825695 0.495990
vt 0.844844 0.494567
vt 0.831817 0.531093
vt 0.531603 0.725710
vt 0.469307 0.725723
vt 0.851062 0.531939
vt 0.826369 0.566235
vt 0.844968 0.569318
vt 0.809636 0.600071
vt 0.409390 0.725736
vt 0.354176 0.725748
vt 0.826876 0.605272
vt 0.782189 0.631288
vt 0.797406 0.638406
vt 0.745149 0.658706
vt 0.305751 0.725759
vt 0.709420 0.725672
vt 0.757794 0.725662
vt 0.757759 0.667470
vt 0.699880 0.681245
vt 0.709399 0.691315
vt 0.648172 0.698071
vt 0.654244 0.725684
vt 0.594349 0.725697
vt 0.654234 0.709063
vt 0.591975 0.708500
vt 0.594346 0.719989
vt 0.539922 0.666941
vt 0.495352 0.671421
vt 0.541343 0.673013
vt 0.541556 0.690542
vt 0.450756 0.664493
vt 0.489862 0.688637
vt 0.495933 0.665299
vt 0.453316 0.658557
vt 0.409281 0.652462
vt 0.439772 0.680737
vt 0.372498 0.635822
vt 0.393228 0.667107
vt 0.413722 0.646940
vt 0.378649 0.630925
vt 0.341854 0.615184
vt 0.351990 0.648307
vt 0.318483 0.591364
vt 0.317682 0.625028
vt 0.349479 0.611102
vt 0.327290 0.588253
vt 0.303336 0.565261
vt 0.291574 0.598190
vt 0.296936 0.537889
vt 0.274725 0.568806
vt 0.312984 0.563240
vt 0.307057 0.537036
vt 0.299590 0.510294
vt 0.267721 0.538016
vt 0.311136 0.483536
vt 0.270897 0.507000
vt 0.309793 0.510643
vt 0.321030 0.485072
vt 0.331188 0.458651
vt 0.284064 0.476946
vt 0.358922 0.436581
vt 0.306780 0.449020
vt 0.340392 0.461316
vt 0.367083 0.440272
vt 0.393319 0.418195
vt 0.338113 0.424277
vt 0.433018 0.404173
vt 0.376912 0.403692
vt 0.400122 0.422770
vt 0.438203 0.409457
vt 0.476523 0.395084
vt 0.421641 0.388027
vt 0.522144 0.391244
vt 0.470615 0.377918
vt 0.479891 0.400873
vt 0.523565 0.397317
vt 0.568135 0.392837
vt 0.521931 0.373715
vt 0.612731 0.399764
vt 0.573625 0.375621
vt 0.567554 0.398958
vt 0.610171 0.405701
vt 0.654206 0.411795
vt 0.623715 0.383521
vt 0.690989 0.428436
vt 0.670259 0.397151
vt 0.649765 0.417318
vt 0.684838 0.433332
vt 0.721633 0.449074
vt 0.711497 0.415950
vt 0.745004 0.472893
vt 0.745805 0.439230
vt 0.714008 0.453156
vt 0.736197 0.476005
vt 0.760152 0.498997
vt 0.771913 0.466067
vt 0.766551 0.526369
vt 0.788762 0.495452
vt 0.750503 0.501017
vt 0.756430 0.527221
vt 0.763897 0.553963
vt 0.795766 0.526241
vt 0.752351 0.580721
vt 0.792590 0.557258
vt 0.753694 0.553615
vt 0.742457 0.579185
vt 0.732299 0.605606
vt 0.779423 0.587311
vt 0.704565 0.627676
vt 0.756707 0.615238
vt 0.723095 0.602941
vt 0.696404 0.623985
vt 0.670168 0.646063
vt 0.725374 0.639981
vt 0.630469 0.660085
vt 0.686575 0.660565
vt 0.663365 0.641488
vt 0.625284 0.654801
vt 0.586964 0.669174
vt 0.641846 0.676230
vt 0.592872 0.686340
vt 0.583596 0.663385
vt 0.541563 0.701681
vt 0.486243 0.693792
vt 0.541558 0.693780
vt 0.432675 0.693803
vt 0.486247 0.699562
vt 0.432674 0.691029
vt 0.382931 0.693814
vt 0.338889 0.693823
vt 0.382920 0.676370
vt 0.338867 0.656187
vt 0.366313 0.693818
vt 0.324688 0.693826
vt 0.414260 0.693807
vt 0.302251 0.631219
vt 0.274424 0.602457
vt 0.466724 0.693796
vt 0.521663 0.693784
vt 0.256519 0.570983
vt 0.249156 0.538020
vt 0.576978 0.693772
vt 0.630546 0.693761
vt 0.252688 0.504831
vt 0.266909 0.472687
vt 0.680291 0.693750
vt 0.724332 0.693741
vt 0.291341 0.442835
vt 0.324981 0.416403
vt 0.366771 0.693817
vt 0.325146 0.693826
vt 0.414718 0.693807
vt 0.366593 0.394433
vt 0.414530 0.377737
vt 0.467182 0.693796
vt 0.522122 0.693784
vt 0.466987 0.366994
vt 0.521924 0.362576
vt 0.577436 0.693772
vt 0.631004 0.693761
vt 0.577240 0.364696
vt 0.630813 0.373228
vt 0.680749 0.693750
vt 0.724790 0.693741
vt 0.680567 0.387887
vt 0.724620 0.408071
vt 0.696451 0.693747
vt 0.738076 0.693738
vt 0.648503 0.693757
vt 0.761236 0.433038
vt 0.789063 0.461801
vt 0.596040 0.693768
vt 0.541100 0.693780
vt 0.806968 0.493275
vt 0.814331 0.526237
vt 0.485785 0.693792
vt 0.432217 0.693804
vt 0.810799 0.559427
vt 0.796578 0.591571
vt 0.382472 0.693814
vt 0.338431 0.693824
vt 0.772146 0.621423
vt 0.738506 0.647855
vt 0.696909 0.693747
vt 0.738534 0.693738
vt 0.648961 0.693757
vt 0.696894 0.669825
vt 0.648957 0.686520
vt 0.596498 0.693768
vt 0.596500 0.697263
vt 0.486478 0.683894
vt 0.536695 0.686286
vt 0.437995 0.675688
vt 0.393127 0.661948
vt 0.353568 0.643235
vt 0.320879 0.620238
vt 0.296267 0.593867
vt 0.280734 0.565115
vt 0.274815 0.535099
vt 0.278802 0.504969
vt 0.292478 0.475880
vt 0.315378 0.448959
vt 0.346567 0.425224
vt 0.384894 0.405610
vt 0.428847 0.390843
vt 0.476767 0.381523
vt 0.526792 0.377972
vt 0.577009 0.380364
vt 0.625492 0.388569
vt 0.670360 0.402310
vt 0.709919 0.421023
vt 0.742608 0.444019
vt 0.767220 0.470391
vt 0.782753 0.499143
vt 0.788672 0.529158
vt 0.784685 0.559288
vt 0.771009 0.588378
vt 0.748108 0.615299
vt 0.716920 0.639034
vt 0.678592 0.658647
vt 0.634640 0.673415
vt 0.586720 0.682734
vt 0.531867 0.871360
vt 0.459957 0.852717
vt 0.531935 0.852702
vt 0.459610 0.871376
vt 0.390736 0.852732
vt 0.390124 0.871391
vt 0.326960 0.852746
vt 0.326106 0.871404
vt 0.271034 0.852758
vt 0.269625 0.871417
vt 0.326501 0.852746
vt 0.270576 0.852758
vt 0.325778 0.871405
vt 0.390278 0.852732
vt 0.389811 0.871391
vt 0.459499 0.852717
vt 0.459306 0.871376
vt 0.531476 0.852702
vt 0.531566 0.871360
vt 0.603454 0.852687
vt 0.603823 0.871345
vt 0.672675 0.852672
vt 0.673309 0.871330
vt 0.736451 0.852658
vt 0.737327 0.871316
vt 0.792377 0.852646
vt 0.270083 0.871417
vt 0.326960 0.852746
vt 0.271034 0.852758
vt 0.326236 0.871404
vt 0.390736 0.852732
vt 0.390269 0.871391
vt 0.459957 0.852717
vt 0.459764 0.871376
vt 0.531935 0.852702
vt 0.532024 0.871360
vt 0.603912 0.852687
vt 0.604281 0.871345
vt 0.673133 0.852672
vt 0.673768 0.871330
vt 0.736910 0.852658
vt 0.737786 0.871316
vt 0.792835 0.852646
vt 0.793350 0.871304
vt 0.736451 0.852658
vt 0.792377 0.852646
vt 0.737196 0.871316
vt 0.672675 0.852672
vt 0.673164 0.871330
vt 0.603454 0.852687
vt 0.603669 0.871345
vt 0.531476 0.852702
vt 0.531409 0.871360
vt 0.459499 0.852717
vt 0.459152 0.871376
vt 0.390278 0.852732
vt 0.389666 0.871391
vt 0.326501 0.852746
vt 0.325647 0.871405
vt 0.270576 0.852758
vt 0.793808 0.871304
vt 0.736910 0.852658
vt 0.792835 0.852646
vt 0.737655 0.871316
vt 0.673133 0.852672
vt 0.673622 0.871330
vt 0.603912 0.852687
vt 0.604127 0.871345
vt 0.531909 0.809320
vt 0.463524 0.809335
vt 0.397759 0.809349
vt 0.337166 0.809362
vt 0.298731 0.764506
vt 0.284032 0.809373
vt 0.283574 0.809373
vt 0.336707 0.809362
vt 0.397301 0.809349
vt 0.463066 0.809335
vt 0.531451 0.809320
vt 0.599835 0.809306
vt 0.665601 0.809292
vt 0.726194 0.809279
vt 0.764575 0.764406
vt 0.779327 0.809267
vt 0.284032 0.809373
vt 0.337166 0.809362
vt 0.397759 0.809349
vt 0.463524 0.809335
vt 0.531909 0.809320
vt 0.600293 0.809305
vt 0.666059 0.809291
vt 0.726652 0.809278
vt 0.765033 0.764406
vt 0.779786 0.809267
vt 0.779327 0.809267
vt 0.726194 0.809279
vt 0.665600 0.809292
vt 0.599835 0.809306
vt 0.531451 0.809320
vt 0.463066 0.809335
vt 0.397300 0.809349
vt 0.336707 0.809362
vt 0.298273 0.764506
vt 0.283574 0.809373
vt 0.779785 0.809267
vt 0.726652 0.809278
vt 0.666059 0.809291
vt 0.600293 0.809305
vt 0.469803 0.891556
vt 0.529914 0.880423
vt 0.530931 0.891543
vt 0.466665 0.871111
vt 0.528897 0.871098
vt 0.468410 0.880436
vt 0.406932 0.871124
vt 0.411057 0.891569
vt 0.356971 0.891581
vt 0.409341 0.880449
vt 0.352020 0.871136
vt 0.354999 0.880460
vt 0.303999 0.871146
vt 0.309588 0.891591
vt 0.358220 0.891580
vt 0.309858 0.880470
vt 0.310582 0.891591
vt 0.356630 0.871135
vt 0.307851 0.871145
vt 0.357929 0.880460
vt 0.412106 0.871123
vt 0.412496 0.891569
vt 0.471359 0.891556
vt 0.412647 0.880448
vt 0.472185 0.871110
vt 0.471948 0.880435
vt 0.534535 0.871097
vt 0.532526 0.891543
vt 0.593654 0.891530
vt 0.533530 0.880422
vt 0.596768 0.871083
vt 0.595033 0.880409
vt 0.656500 0.871071
vt 0.652401 0.891517
vt 0.706486 0.891506
vt 0.654103 0.880396
vt 0.711413 0.871059
vt 0.708445 0.880385
vt 0.759434 0.871049
vt 0.753869 0.891495
vt 0.358678 0.891580
vt 0.310316 0.880470
vt 0.311040 0.891590
vt 0.357088 0.871135
vt 0.308309 0.871145
vt 0.358387 0.880460
vt 0.412564 0.871123
vt 0.412954 0.891569
vt 0.471817 0.891556
vt 0.413106 0.880448
vt 0.472643 0.871110
vt 0.472407 0.880435
vt 0.534993 0.871097
vt 0.532984 0.891543
vt 0.594112 0.891530
vt 0.533988 0.880422
vt 0.597226 0.871083
vt 0.595491 0.880409
vt 0.656959 0.871071
vt 0.652859 0.891517
vt 0.706944 0.891506
vt 0.654561 0.880396
vt 0.711871 0.871059
vt 0.708903 0.880385
vt 0.759892 0.871049
vt 0.754327 0.891495
vt 0.704779 0.891506
vt 0.753128 0.880375
vt 0.752417 0.891496
vt 0.706345 0.871060
vt 0.755123 0.871049
vt 0.705057 0.880385
vt 0.650869 0.871072
vt 0.650503 0.891517
vt 0.591640 0.891530
vt 0.650338 0.880397
vt 0.590790 0.871085
vt 0.591037 0.880410
vt 0.528439 0.871098
vt 0.530473 0.891543
vt 0.469345 0.891557
vt 0.529455 0.880423
vt 0.466206 0.871111
vt 0.467952 0.880436
vt 0.406474 0.871124
vt 0.410598 0.891569
vt 0.356513 0.891581
vt 0.408883 0.880449
vt 0.351561 0.871136
vt 0.354541 0.880460
vt 0.303541 0.871146
vt 0.309130 0.891591
vt 0.705237 0.891506
vt 0.753586 0.880375
vt 0.752875 0.891496
vt 0.706803 0.871060
vt 0.755582 0.871049
vt 0.705515 0.880385
vt 0.651327 0.871072
vt 0.650962 0.891517
vt 0.592098 0.891530
vt 0.650796 0.880397
vt 0.591248 0.871085
vt 0.591496 0.880410
vt 0.470784 0.903343
vt 0.531461 0.899030
vt 0.531667 0.903330
vt 0.470505 0.899043
vt 0.411902 0.899055
vt 0.412244 0.903356
vt 0.358320 0.903367
vt 0.357928 0.899067
vt 0.310621 0.899077
vt 0.311047 0.903377
vt 0.358357 0.903367
vt 0.310871 0.899077
vt 0.358303 0.899067
vt 0.412369 0.899055
vt 0.412336 0.903356
vt 0.470910 0.903343
vt 0.471029 0.899043
vt 0.532005 0.899030
vt 0.531804 0.903330
vt 0.592688 0.903317
vt 0.592961 0.899017
vt 0.651564 0.899004
vt 0.651227 0.903304
vt 0.705151 0.903293
vt 0.705538 0.898992
vt 0.752846 0.898982
vt 0.752424 0.903283
vt 0.358816 0.903367
vt 0.311329 0.899077
vt 0.311469 0.903377
vt 0.358761 0.899067
vt 0.412827 0.899055
vt 0.412794 0.903356
vt 0.471368 0.903343
vt 0.471487 0.899043
vt 0.532463 0.899030
vt 0.532263 0.903330
vt 0.593146 0.903317
vt 0.593420 0.899016
vt 0.652022 0.899004
vt 0.651685 0.903304
vt 0.705609 0.903293
vt 0.705996 0.898992
vt 0.753304 0.898982
vt 0.752882 0.903283
vt 0.704656 0.903293
vt 0.752137 0.898982
vt 0.752002 0.903283
vt 0.704705 0.898993
vt 0.650639 0.899004
vt 0.650677 0.903305
vt 0.592103 0.903317
vt 0.591979 0.899017
vt 0.531003 0.899030
vt 0.531209 0.903330
vt 0.470325 0.903343
vt 0.470046 0.899043
vt 0.411444 0.899056
vt 0.411786 0.903356
vt 0.357862 0.903367
vt 0.357470 0.899067
vt 0.310162 0.899077
vt 0.310589 0.903377
vt 0.705114 0.903293
vt 0.752595 0.898982
vt 0.752460 0.903283
vt 0.705163 0.898993
vt 0.651097 0.899004
vt 0.651135 0.903304
vt 0.592561 0.903317
vt 0.592437 0.899017
vt 0.515309 0.611424
vt 0.511917 0.620240
vt 0.326222 0.994563
vt 0.591506 0.603543
vt 0.596850 0.612005
vt 0.607562 0.613528
vt 0.408397 0.372045
vt 0.413429 0.362110
vt 0.360432 0.379236
vt 0.573648 0.456276
vt 0.562364 0.440711
vt 0.551570 0.444017
vt 0.457228 0.608981
vt 0.407194 0.588530
vt 0.362974 0.605030
vt 0.342632 0.994466
vt 0.388043 0.567643
vt 0.389588 0.994550
vt 0.348867 0.907483
vt 0.389622 0.906593
vt 0.720919 0.994501
vt 0.427743 0.992825
vt 0.427640 0.903072
vt 0.465985 0.601614
vt 0.461067 0.615174
vt 0.425401 0.367713
vt 0.379380 0.513758
vt 0.384891 0.520233
vt 0.673533 0.994489
vt 0.673399 0.912112
vt 0.449915 0.469086
vt 0.422067 0.466062
vt 0.377550 0.992865
vt 0.377437 0.908665
vt 0.790608 0.996282
vt 0.821018 0.913298
vt 0.686486 0.992799
vt 0.686499 0.908598
vt 0.471982 0.460714
vt 0.466638 0.452252
vt 0.455925 0.450730
vt 0.438007 0.903070
vt 0.464117 0.908646
vt 0.438103 0.992953
vt 0.555754 0.408617
vt 0.568841 0.376253
vt 0.822099 0.559529
vt 0.838815 0.531607
vt 0.347238 0.588772
vt 0.716249 0.475486
vt 0.700513 0.459228
vt 0.777929 0.913308
vt 0.753071 0.996263
vt 0.665979 0.992836
vt 0.665991 0.908603
vt 0.656293 0.475728
vt 0.721406 0.994385
vt 0.675444 0.496614
vt 0.507733 0.655640
vt 0.534034 0.907781
vt 0.768374 0.464033
vt 0.492377 0.903059
vt 0.570680 0.992955
vt 0.570635 0.903042
vt 0.583383 0.992922
vt 0.553652 0.992798
vt 0.553624 0.908627
vt 0.821476 0.913298
vt 0.791080 0.996136
vt 0.678596 0.544025
vt 0.708582 0.597785
vt 0.683846 0.617228
vt 0.599404 0.992718
vt 0.599361 0.908617
vt 0.494646 0.688005
vt 0.638086 0.696544
vt 0.635376 0.992781
vt 0.635376 0.908609
vt 0.260216 0.913419
vt 0.290282 0.996363
vt 0.628191 0.678579
vt 0.579411 0.653581
vt 0.531801 0.718886
vt 0.471193 0.906055
vt 0.531912 0.906042
vt 0.412801 0.906068
vt 0.471079 0.715293
vt 0.412681 0.704683
vt 0.359004 0.906079
vt 0.311832 0.906089
vt 0.358874 0.687421
vt 0.311688 0.664211
vt 0.358636 0.906079
vt 0.311450 0.906089
vt 0.412443 0.906068
vt 0.272986 0.635908
vt 0.244196 0.603630
vt 0.470841 0.906055
vt 0.531562 0.906042
vt 0.224672 0.532651
vt 0.226492 0.568595
vt 0.220481 0.532163
vt 0.592281 0.906029
vt 0.650673 0.906017
vt 0.226470 0.495730
vt 0.244152 0.460691
vt 0.704470 0.906005
vt 0.751642 0.905995
vt 0.272923 0.428407
vt 0.311607 0.400095
vt 0.359094 0.906079
vt 0.311908 0.906089
vt 0.412901 0.906068
vt 0.358779 0.376874
vt 0.412575 0.359600
vt 0.471299 0.906055
vt 0.532020 0.906042
vt 0.470967 0.348978
vt 0.531686 0.345371
vt 0.592740 0.906029
vt 0.651131 0.906017
vt 0.592408 0.348965
vt 0.650806 0.359574
vt 0.704928 0.906005
vt 0.752100 0.905995
vt 0.704613 0.376836
vt 0.751799 0.400047
vt 0.704380 0.906005
vt 0.751566 0.905995
vt 0.650573 0.906017
vt 0.790501 0.428350
vt 0.819291 0.460628
vt 0.592176 0.906029
vt 0.531454 0.906042
vt 0.836995 0.495663
vt 0.843006 0.532094
vt 0.470735 0.906055
vt 0.412343 0.906068
vt 0.837017 0.568527
vt 0.819335 0.603566
vt 0.358546 0.906079
vt 0.311374 0.906089
vt 0.790564 0.635850
vt 0.751880 0.664162
vt 0.704839 0.906005
vt 0.752024 0.905995
vt 0.651031 0.906017
vt 0.704709 0.687383
vt 0.650912 0.704657
vt 0.592634 0.906029
vt 0.592520 0.715279
vt 0.248891 0.567467
vt 0.340414 0.580688
vt 0.325073 0.515400
vt 0.440112 0.419722
vt 0.369089 0.388854
vt 0.346398 0.420307
vt 0.636600 0.423973
vt 0.639932 0.371374
vt 0.583728 0.377549
vt 0.814596 0.496790
vt 0.723073 0.483569
vt 0.738414 0.548858
vt 0.623375 0.644535
vt 0.694398 0.675403
vt 0.717089 0.643950
vt 0.599819 0.908617
vt 0.625933 0.992912
vt 0.693620 0.997277
vt 0.693585 0.913326
vt 0.242465 0.913423
vt 0.272960 0.996248
vt 0.415589 0.992828
vt 0.415504 0.908656
vt 0.583355 0.903039
vt 0.611112 0.908614
vt 0.548178 0.452834
vt 0.336335 0.427017
vt 0.685049 0.381662
vt 0.399585 0.522268
vt 0.376824 0.524731
vt 0.489839 0.607981
vt 0.501123 0.623547
vt 0.328626 0.404648
vt 0.348905 0.996377
vt 0.324914 0.907826
vt 0.257719 0.595938
vt 0.597502 0.462643
vt 0.602420 0.449084
vt 0.528985 0.907782
vt 0.397141 0.992894
vt 0.397029 0.908660
vt 0.663902 0.541990
vt 0.686663 0.539527
vt 0.241388 0.504728
vt 0.466446 0.900134
vt 0.455573 0.903066
vt 0.629623 0.900099
vt 0.627719 0.903030
vt 0.466905 0.900133
vt 0.472822 0.903063
vt 0.596563 0.900106
vt 0.607439 0.903034
vt 0.597021 0.900106
vt 0.591107 0.903037
vt 0.512084 0.900124
vt 0.519769 0.903053
vt 0.457402 0.900136
vt 0.445324 0.903069
vt 0.551384 0.900115
vt 0.562179 0.903044
vt 0.551842 0.900115
vt 0.544160 0.903048
vt 0.606524 0.900104
vt 0.618605 0.903032
vt 0.511626 0.900124
vt 0.500834 0.903057
vt 0.260489 0.601251
vt 0.251509 0.602635
vt 0.321504 0.408217
vt 0.315936 0.403769
vt 0.414233 0.363988
vt 0.416540 0.369376
vt 0.802998 0.463006
vt 0.811978 0.461622
vt 0.649254 0.700270
vt 0.646948 0.694882
vt 0.473881 0.907578
vt 0.486310 0.907792
vt 0.364033 0.684157
vt 0.370218 0.680013
vt 0.589595 0.907553
vt 0.595430 0.907768
vt 0.590054 0.907553
vt 0.577624 0.907772
vt 0.699454 0.380100
vt 0.693269 0.384244
vt 0.473423 0.907578
vt 0.467589 0.907796
vt 0.290519 0.595297
vt 0.342165 0.422585
vt 0.426464 0.387394
vt 0.772968 0.468961
vt 0.637023 0.676863
vt 0.391239 0.572870
vt 0.342500 0.583877
vt 0.415242 0.469834
vt 0.379641 0.447029
vt 0.463842 0.447826
vt 0.445496 0.418583
vt 0.672248 0.491388
vt 0.720987 0.480380
vt 0.599645 0.616431
vt 0.617991 0.645675
vt 0.485266 0.687555
vt 0.389672 0.665053
vt 0.272699 0.504242
vt 0.242218 0.499183
vt 0.578221 0.376702
vt 0.673815 0.399205
vt 0.790788 0.560015
vt 0.821269 0.565074
vt 0.498320 0.655281
vt 0.510143 0.624852
vt 0.422317 0.638232
vt 0.452648 0.612834
vt 0.326490 0.512075
vt 0.377204 0.519168
vt 0.565167 0.408977
vt 0.553344 0.439405
vt 0.641170 0.426026
vt 0.610839 0.451423
vt 0.736997 0.552183
vt 0.686283 0.545089
vt 0.503350 0.627333
vt 0.480431 0.620507
vt 0.478556 0.623738
vt 0.454560 0.617073
vt 0.375258 0.556492
vt 0.376028 0.537501
vt 0.370336 0.537698
vt 0.384027 0.570861
vt 0.380777 0.555633
vt 0.371407 0.521847
vt 0.437784 0.457434
vt 0.456907 0.446427
vt 0.434349 0.454704
vt 0.415581 0.465069
vt 0.560136 0.436925
vt 0.583055 0.443750
vt 0.584931 0.440520
vt 0.608927 0.447184
vt 0.688228 0.507765
vt 0.687459 0.526756
vt 0.693151 0.526560
vt 0.679460 0.493396
vt 0.682710 0.508625
vt 0.692079 0.542410
vt 0.625703 0.606823
vt 0.606580 0.617831
vt 0.629138 0.609553
vt 0.647906 0.599188
vt 0.264217 0.596924
vt 0.290489 0.595299
vt 0.288622 0.592079
vt 0.329601 0.408632
vt 0.342154 0.422575
vt 0.426452 0.387384
vt 0.413301 0.374346
vt 0.421086 0.388506
vt 0.799270 0.467333
vt 0.772998 0.468959
vt 0.774865 0.472179
vt 0.733886 0.655626
vt 0.721333 0.641682
vt 0.637035 0.676874
vt 0.650186 0.689912
vt 0.642401 0.675752
vt 0.342387 0.583885
vt 0.379581 0.446978
vt 0.383747 0.444660
vt 0.445437 0.418532
vt 0.721100 0.480372
vt 0.683906 0.617280
vt 0.679740 0.619598
vt 0.618050 0.645725
vt 0.421421 0.696056
vt 0.472910 0.701576
vt 0.485259 0.687566
vt 0.378901 0.678870
vt 0.389664 0.665065
vt 0.394201 0.667118
vt 0.243310 0.568164
vt 0.242814 0.533672
vt 0.247290 0.503559
vt 0.237113 0.533702
vt 0.272667 0.504245
vt 0.271242 0.507545
vt 0.365879 0.386027
vt 0.642066 0.368202
vt 0.590577 0.362681
vt 0.578228 0.376691
vt 0.684586 0.385388
vt 0.673823 0.399193
vt 0.669286 0.397140
vt 0.820177 0.496093
vt 0.820673 0.530586
vt 0.816197 0.560699
vt 0.826374 0.530555
vt 0.790820 0.560013
vt 0.792245 0.556713
vt 0.697608 0.678230
vt 0.492755 0.654549
vt 0.498282 0.655339
vt 0.422280 0.638290
vt 0.326381 0.512083
vt 0.570732 0.409709
vt 0.565205 0.408918
vt 0.641207 0.425968
vt 0.737106 0.552175
vt 0.304729 0.732753
vt 0.758539 0.732655
vt 0.359898 0.386534
vt 0.305622 0.378471
vt 0.702957 0.386461
vt 0.757223 0.378374
vt 0.703416 0.386460
vt 0.757682 0.378374
vt 0.359439 0.386534
vt 0.305164 0.378471
vt 0.342090 0.336107
vt 0.720705 0.336026
vt 0.721164 0.336026
vt 0.341631 0.336107
vt 0.312126 0.316789
vt 0.275731 0.635256
vt 0.750646 0.316695
vt 0.359865 0.378521
vt 0.751105 0.316695
vt 0.787756 0.429002
vt 0.311667 0.316789
vt 0.703621 0.685736
vt 0.341929 0.296299
vt 0.720819 0.296218
vt 0.721277 0.296218
vt 0.341471 0.296299
vt 0.220878 0.208373
vt 0.841716 0.195761
vt 0.842175 0.195761
vt 0.220453 0.195894
vt 0.235249 0.167196
vt 0.827345 0.167068
vt 0.827803 0.167068
vt 0.234790 0.167196
vt 0.187773 0.041567
vt 0.874671 0.041420
vt 0.875130 0.041420
vt 0.187314 0.041567
vt 0.125607 0.580691
vt 0.450807 0.288447
vt 0.937880 0.483567
vt 0.612680 0.775810
vt 0.330108 0.398129
vt 0.732761 0.398042
vt 0.733219 0.398042
vt 0.329650 0.398129
vt 0.360976 0.582279
vt 0.702112 0.582206
vt 0.702571 0.582206
vt 0.360518 0.582279
vt 0.333353 0.673764
vt 0.729845 0.673679
vt 0.730303 0.673679
vt 0.332895 0.673764
vt 0.242100 0.997442
vt 0.473764 0.711093
vt 0.421399 0.696089
vt 0.378572 0.907815
vt 0.468052 0.907796
vt 0.477025 0.997391
vt 0.577281 0.907772
vt 0.285184 0.997364
vt 0.425259 0.907805
vt 0.416460 0.997277
vt 0.260759 0.997310
vt 0.233470 0.497341
vt 0.589723 0.353164
vt 0.328926 0.907825
vt 0.321882 0.997425
vt 0.738120 0.997336
vt 0.802826 0.997254
vt 0.408717 0.907808
vt 0.642088 0.368168
vt 0.595883 0.907768
vt 0.587017 0.997368
vt 0.485738 0.907792
vt 0.637760 0.907759
vt 0.646665 0.997227
vt 0.803282 0.997194
vt 0.472367 0.903063
vt 0.830017 0.566917
vt 0.655218 0.907755
vt 0.501290 0.903057
vt 0.461239 0.903065
vt 0.452898 0.992882
vt 0.444830 0.894536
vt 0.375950 0.537507
vt 0.543892 0.903048
vt 0.553223 0.992828
vt 0.618631 0.894499
vt 0.619089 0.894499
vt 0.687537 0.526750
vt 0.519121 0.903053
vt 0.509896 0.992837
vt 0.444371 0.894536
vt 0.625745 0.606858
vt 0.449834 0.858824
vt 0.269972 0.871417
vt 0.793462 0.871304
vt 0.793920 0.871304
vt 0.269514 0.871417
vt 0.307435 0.880471
vt 0.756009 0.880374
vt 0.756467 0.880374
vt 0.306976 0.880471
vt 0.365845 0.385998
vt 0.583082 0.443710
vt 0.480406 0.620548
vt 0.437742 0.457399
vt 0.821025 0.997317
vt 0.456195 0.903066
vt 0.464205 0.992879
vt 0.777941 0.997259
vt 0.562640 0.903044
vt 0.821500 0.997102
vt 0.590646 0.903037
vt 0.260299 0.997371
vt 0.607734 0.903034
vt 0.599831 0.992850
vt 0.685362 0.907749
vt 0.242541 0.997226
vt 0.422327 0.903074
vt 0.602691 0.903035
vt 0.611138 0.992847
vt 0.325005 0.997424
vt 0.641656 0.903027
vt 0.476835 0.705844
vt 0.586652 0.358413
vt 0.510164 0.624818
vt 0.452671 0.612797
vt 0.391293 0.572866
vt 0.377267 0.519164
vt 0.463880 0.447859
vt 0.415277 0.469864
vt 0.553322 0.439439
vt 0.610816 0.451460
vt 0.672194 0.491392
vt 0.686219 0.545094
vt 0.599607 0.616399
vt 0.648210 0.594394
vt 0.260523 0.601249
vt 0.321531 0.408239
vt 0.416562 0.369395
vt 0.802964 0.463009
vt 0.741956 0.656018
vt 0.646924 0.694862
vt 0.476851 0.705818
vt 0.370232 0.679991
vt 0.242244 0.499181
vt 0.586636 0.358439
vt 0.693255 0.384267
vt 0.821243 0.565076
vn 0.0394 -0.0078 -0.9992
vn -0.0131 0.0000 -0.9999
vn 0.0402 0.0000 -0.9992
vn -0.0129 0.0026 -0.9999
vn -0.0197 0.0058 -0.9998
vn -0.0121 0.0050 -0.9999
vn 0.0334 -0.0223 -0.9992
vn 0.0371 -0.0154 -0.9992
vn -0.0109 0.0073 -0.9999
vn -0.0093 0.0093 -0.9999
vn 0.0223 -0.0334 -0.9992
vn 0.0284 -0.0284 -0.9992
vn -0.0073 0.0109 -0.9999
vn -0.0050 0.0121 -0.9999
vn 0.0078 -0.0394 -0.9992
vn 0.0154 -0.0371 -0.9992
vn -0.0026 0.0129 -0.9999
vn -0.0000 0.0131 -0.9999
vn -0.0078 -0.0394 -0.9992
vn 0.0000 -0.0402 -0.9992
vn 0.0026 0.0129 -0.9999
vn 0.0050 0.0121 -0.9999
vn -0.0223 -0.0334 -0.9992
vn -0.0154 -0.0371 -0.9992
vn 0.0073 0.0109 -0.9999
vn 0.0093 0.0093 -0.9999
vn -0.0334 -0.0223 -0.9992
vn -0.0284 -0.0284 -0.9992
vn 0.0109 0.0073 -0.9999
vn 0.0121 0.0050 -0.9999
vn -0.0394 -0.0078 -0.9992
vn -0.0371 -0.0154 -0.9992
vn 0.0129 0.0026 -0.9999
vn 0.0131 0.0000 -0.9999
vn -0.0394 0.0078 -0.9992
vn -0.0402 0.0000 -0.9992
vn 0.0129 -0.0026 -0.9999
vn 0.0121 -0.0050 -0.9999
vn -0.0334 0.0223 -0.9992
vn -0.0371 0.0154 -0.9992
vn 0.0109 -0.0073 -0.9999
vn 0.0093 -0.0093 -0.9999
vn -0.0223 0.0334 -0.9992
vn -0.0284 0.0284 -0.9992
vn 0.0073 -0.0109 -0.9999
vn 0.0050 -0.0121 -0.9999
vn -0.0078 0.0394 -0.9992
vn -0.0154 0.0371 -0.9992
vn 0.0026 -0.0129 -0.9999
vn -0.0000 -0.0131 -0.9999
vn 0.0078 0.0394 -0.9992
vn 0.0000 0.0402 -0.9992
vn -0.0026 -0.0129 -0.9999
vn -0.0050 -0.0121 -0.9999
vn 0.0223 0.0334 -0.9992
vn 0.0154 0.0371 -0.9992
vn -0.0073 -0.0109 -0.9999
vn -0.0093 -0.0093 -0.9999
vn 0.0334 0.0223 -0.9992
vn 0.0284 0.0284 -0.9992
vn -0.0109 -0.0073 -0.9999
vn -0.0121 -0.0050 -0.9999
vn 0.0394 0.0078 -0.9992
vn 0.0371 0.0154 -0.9992
vn -0.0129 -0.0026 -0.9999
vn -0.0505 0.0000 0.9987
vn -0.0530 0.0098 0.9985
vn -0.0538 -0.0007 0.9985
vn -0.0589 0.0090 0.9982
vn -0.0596 -0.0027 0.9982
vn -0.0561 0.0203 0.9982
vn -0.0461 0.0190 0.9988
vn -0.0496 0.0093 0.9987
vn -0.0452 0.0293 0.9985
vn -0.0500 0.0199 0.9985
vn -0.0510 0.0308 0.9982
vn -0.0440 0.0402 0.9982
vn -0.0353 0.0357 0.9987
vn -0.0407 0.0280 0.9988
vn -0.0305 0.0444 0.9985
vn -0.0386 0.0376 0.9985
vn -0.0354 0.0480 0.9982
vn -0.0253 0.0540 0.9982
vn -0.0269 0.0421 0.9988
vn -0.0213 0.0495 0.9985
vn -0.0166 0.0468 0.9988
vn -0.0112 0.0527 0.9985
vn -0.0143 0.0579 0.9982
vn -0.0027 0.0596 0.9982
vn -0.0083 0.0496 0.9987
vn -0.0007 0.0539 0.9985
vn -0.0024 0.0506 0.9987
vn 0.0098 0.0530 0.9985
vn 0.0090 0.0589 0.9982
vn 0.0203 0.0561 0.9982
vn 0.0056 0.0498 0.9987
vn 0.0199 0.0500 0.9985
vn 0.0187 0.0469 0.9987
vn 0.0293 0.0452 0.9985
vn 0.0308 0.0510 0.9982
vn 0.0402 0.0440 0.9982
vn 0.0295 0.0421 0.9987
vn 0.0376 0.0386 0.9985
vn 0.0352 0.0357 0.9987
vn 0.0444 0.0305 0.9985
vn 0.0480 0.0353 0.9982
vn 0.0540 0.0253 0.9982
vn 0.0408 0.0279 0.9988
vn 0.0495 0.0213 0.9985
vn 0.0459 0.0189 0.9988
vn 0.0527 0.0112 0.9985
vn 0.0579 0.0143 0.9982
vn 0.0596 0.0027 0.9982
vn 0.0497 0.0093 0.9987
vn 0.0538 0.0007 0.9985
vn 0.0511 -0.0000 0.9987
vn 0.0530 -0.0098 0.9985
vn 0.0589 -0.0090 0.9982
vn 0.0561 -0.0203 0.9982
vn 0.0507 -0.0094 0.9987
vn 0.0500 -0.0199 0.9985
vn 0.0468 -0.0193 0.9987
vn 0.0452 -0.0293 0.9985
vn 0.0510 -0.0308 0.9982
vn 0.0440 -0.0402 0.9982
vn 0.0408 -0.0279 0.9988
vn 0.0386 -0.0376 0.9985
vn 0.0350 -0.0357 0.9987
vn 0.0305 -0.0444 0.9985
vn 0.0353 -0.0480 0.9982
vn 0.0253 -0.0540 0.9982
vn 0.0294 -0.0423 0.9987
vn 0.0213 -0.0495 0.9985
vn 0.0215 -0.0468 0.9987
vn 0.0112 -0.0527 0.9985
vn 0.0143 -0.0579 0.9982
vn 0.0027 -0.0596 0.9982
vn 0.0107 -0.0496 0.9987
vn 0.0007 -0.0539 0.9985
vn 0.0000 -0.0507 0.9987
vn -0.0098 -0.0530 0.9985
vn -0.0090 -0.0589 0.9982
vn -0.0203 -0.0561 0.9982
vn -0.0216 -0.0468 0.9987
vn -0.0112 -0.0497 0.9987
vn -0.0293 -0.0452 0.9985
vn -0.0199 -0.0500 0.9985
vn -0.0308 -0.0510 0.9982
vn -0.0402 -0.0440 0.9982
vn -0.0320 -0.0424 0.9986
vn -0.0376 -0.0386 0.9985
vn -0.0390 -0.0358 0.9986
vn -0.0444 -0.0305 0.9985
vn -0.0480 -0.0353 0.9982
vn -0.0540 -0.0253 0.9982
vn -0.0468 -0.0193 0.9987
vn -0.0421 -0.0279 0.9987
vn -0.0527 -0.0112 0.9985
vn -0.0495 -0.0213 0.9985
vn -0.0579 -0.0143 0.9982
vn -0.0502 -0.0095 0.9987
vn 0.9517 -0.1893 -0.2419
vn 0.9938 0.0000 -0.1116
vn 0.9703 -0.0000 -0.2419
vn 0.9747 -0.1939 -0.1117
vn 0.9965 -0.0004 -0.0831
vn 0.9181 -0.3803 -0.1116
vn 0.9773 -0.1948 -0.0831
vn 0.8068 -0.5391 -0.2419
vn 0.8964 -0.3713 -0.2419
vn 0.8284 -0.5540 -0.0831
vn 0.9205 -0.3817 -0.0831
vn 0.7027 -0.7027 -0.1117
vn 0.8263 -0.5521 -0.1116
vn 0.5391 -0.8068 -0.2419
vn 0.6861 -0.6861 -0.2419
vn 0.5521 -0.8263 -0.1116
vn 0.7044 -0.7049 -0.0831
vn 0.3803 -0.9181 -0.1116
vn 0.5533 -0.8288 -0.0831
vn 0.1893 -0.9517 -0.2419
vn 0.3713 -0.8964 -0.2419
vn 0.1939 -0.9747 -0.1116
vn 0.3810 -0.9208 -0.0831
vn 0.0000 -0.9937 -0.1116
vn 0.1940 -0.9775 -0.0831
vn -0.1893 -0.9517 -0.2419
vn 0.0000 -0.9703 -0.2419
vn -0.1948 -0.9773 -0.0831
vn -0.0004 -0.9965 -0.0831
vn -0.1939 -0.9747 -0.1116
vn -0.3817 -0.9205 -0.0832
vn -0.3803 -0.9181 -0.1117
vn -0.5391 -0.8068 -0.2419
vn -0.3713 -0.8964 -0.2419
vn -0.5521 -0.8263 -0.1116
vn -0.7027 -0.7027 -0.1116
vn -0.5540 -0.8284 -0.0831
vn -0.8068 -0.5391 -0.2419
vn -0.6861 -0.6861 -0.2419
vn -0.8263 -0.5521 -0.1116
vn -0.7049 -0.7044 -0.0831
vn -0.9208 -0.3810 -0.0831
vn -0.8288 -0.5533 -0.0831
vn -0.9181 -0.3803 -0.1117
vn -0.9517 -0.1893 -0.2419
vn -0.8964 -0.3713 -0.2419
vn -0.9747 -0.1939 -0.1116
vn -0.9937 -0.0000 -0.1117
vn -0.9775 -0.1940 -0.0831
vn -0.9517 0.1893 -0.2419
vn -0.9703 -0.0000 -0.2419
vn -0.9773 0.1948 -0.0831
vn -0.9965 0.0004 -0.0831
vn -0.9181 0.3803 -0.1116
vn -0.9747 0.1939 -0.1116
vn -0.8068 0.5391 -0.2419
vn -0.8964 0.3713 -0.2419
vn -0.8263 0.5521 -0.1116
vn -0.9205 0.3817 -0.0831
vn -0.7044 0.7049 -0.0831
vn -0.8284 0.5540 -0.0831
vn -0.7027 0.7027 -0.1116
vn -0.5391 0.8068 -0.2419
vn -0.6861 0.6861 -0.2419
vn -0.5533 0.8288 -0.0831
vn -0.5521 0.8263 -0.1116
vn -0.3810 0.9208 -0.0831
vn -0.3803 0.9181 -0.1116
vn -0.1893 0.9517 -0.2419
vn -0.3713 0.8964 -0.2419
vn -0.1939 0.9747 -0.1116
vn 0.0000 0.9937 -0.1116
vn -0.1940 0.9775 -0.0831
vn 0.1893 0.9517 -0.2419
vn 0.0000 0.9703 -0.2419
vn 0.1948 0.9773 -0.0831
vn 0.0004 0.9965 -0.0831
vn 0.1939 0.9747 -0.1116
vn 0.3817 0.9205 -0.0831
vn 0.3803 0.9181 -0.1116
vn 0.5391 0.8068 -0.2419
vn 0.3713 0.8964 -0.2419
vn 0.5540 0.8284 -0.0831
vn 0.5521 0.8263 -0.1116
vn 0.7049 0.7044 -0.0831
vn 0.7027 0.7027 -0.1116
vn 0.8068 0.5391 -0.2419
vn 0.6861 0.6861 -0.2419
vn 0.8288 0.5533 -0.0831
vn 0.8263 0.5521 -0.1116
vn 0.9208 0.3810 -0.0831
vn 0.9181 0.3803 -0.1116
vn 0.9517 0.1893 -0.2419
vn 0.8964 0.3713 -0.2419
vn 0.9775 0.1940 -0.0831
vn 0.9747 0.1939 -0.1117
vn 0.9440 -0.1482 0.2948
vn 0.9768 0.0387 0.2105
vn 0.9548 0.0388 0.2948
vn 0.9656 -0.1527 0.2105
vn 0.9941 0.0386 0.1011
vn 0.9173 -0.3381 0.2105
vn 0.9826 -0.1561 0.1011
vn 0.8969 -0.3296 0.2948
vn 0.8154 -0.4982 0.2948
vn 0.8337 -0.5105 0.2105
vn 0.9332 -0.3448 0.1011
vn 0.7181 -0.6634 0.2105
vn 0.8480 -0.5202 0.1011
vn 0.7025 -0.6477 0.2948
vn 0.5627 -0.7723 0.2948
vn 0.5749 -0.7907 0.2105
vn 0.7302 -0.6757 0.1011
vn 0.4095 -0.8877 0.2105
vn 0.5844 -0.8052 0.1011
vn 0.4012 -0.8673 0.2948
vn 0.2243 -0.9289 0.2948
vn 0.2285 -0.9505 0.2105
vn 0.4161 -0.9037 0.1011
vn 0.0387 -0.9768 0.2105
vn 0.2318 -0.9675 0.1011
vn 0.0388 -0.9548 0.2948
vn -0.1482 -0.9440 0.2948
vn -0.1526 -0.9656 0.2105
vn 0.0386 -0.9941 0.1011
vn -0.3381 -0.9173 0.2105
vn -0.1561 -0.9826 0.1011
vn -0.3296 -0.8969 0.2948
vn -0.4982 -0.8154 0.2948
vn -0.5105 -0.8337 0.2105
vn -0.3448 -0.9332 0.1011
vn -0.6634 -0.7181 0.2105
vn -0.5202 -0.8480 0.1011
vn -0.6477 -0.7025 0.2948
vn -0.7723 -0.5627 0.2948
vn -0.7907 -0.5749 0.2105
vn -0.6757 -0.7302 0.1011
vn -0.8877 -0.4095 0.2105
vn -0.8052 -0.5844 0.1011
vn -0.8673 -0.4012 0.2948
vn -0.9288 -0.2243 0.2948
vn -0.9505 -0.2285 0.2105
vn -0.9037 -0.4161 0.1011
vn -0.9768 -0.0387 0.2105
vn -0.9675 -0.2318 0.1011
vn -0.9548 -0.0388 0.2948
vn -0.9440 0.1482 0.2948
vn -0.9656 0.1526 0.2105
vn -0.9941 -0.0386 0.1011
vn -0.9173 0.3381 0.2105
vn -0.9826 0.1561 0.1011
vn -0.8969 0.3296 0.2948
vn -0.8154 0.4982 0.2948
vn -0.8337 0.5105 0.2105
vn -0.9332 0.3448 0.1011
vn -0.7181 0.6634 0.2105
vn -0.8480 0.5202 0.1011
vn -0.7025 0.6477 0.2948
vn -0.5627 0.7723 0.2948
vn -0.5749 0.7907 0.2105
vn -0.7302 0.6757 0.1011
vn -0.4095 0.8877 0.2105
vn -0.5844 0.8052 0.1011
vn -0.4012 0.8673 0.2948
vn -0.2243 0.9289 0.2948
vn -0.2285 0.9505 0.2105
vn -0.4161 0.9037 0.1011
vn -0.0387 0.9768 0.2105
vn -0.2318 0.9675 0.1011
vn -0.0388 0.9548 0.2948
vn 0.1482 0.9440 0.2948
vn 0.1526 0.9656 0.2105
vn -0.0386 0.9941 0.1011
vn 0.3381 0.9173 0.2105
vn 0.1561 0.9826 0.1011
vn 0.3296 0.8969 0.2948
vn 0.4982 0.8154 0.2948
vn 0.5105 0.8337 0.2105
vn 0.3448 0.9332 0.1011
vn 0.6634 0.7181 0.2105
vn 0.5202 0.8480 0.1011
vn 0.6477 0.7025 0.2948
vn 0.7723 0.5627 0.2948
vn 0.7907 0.5749 0.2105
vn 0.6757 0.7302 0.1011
vn 0.8877 0.4095 0.2105
vn 0.8052 0.5844 0.1011
vn 0.8673 0.4012 0.2948
vn 0.9289 0.2243 0.2948
vn 0.9505 0.2285 0.2105
vn 0.9037 0.4161 0.1011
vn 0.9675 0.2318 0.1011
vn 0.9991 0.0388 -0.0181
vn 0.9876 -0.1568 0.0007
vn 0.9992 0.0388 0.0007
vn 0.9990 0.0388 0.0219
vn 0.9380 -0.3465 0.0007
vn 0.9874 -0.1569 0.0220
vn 0.9874 -0.1569 -0.0182
vn 0.9379 -0.3465 -0.0182
vn 0.8524 -0.5229 0.0007
vn 0.9378 -0.3465 0.0219
vn 0.7340 -0.6791 0.0007
vn 0.8522 -0.5228 0.0219
vn 0.8522 -0.5228 -0.0182
vn 0.7339 -0.6790 -0.0181
vn 0.5874 -0.8093 0.0007
vn 0.7338 -0.6790 0.0219
vn 0.4183 -0.9083 0.0007
vn 0.5872 -0.8091 0.0219
vn 0.5873 -0.8092 -0.0181
vn 0.4182 -0.9082 -0.0182
vn 0.2330 -0.9725 0.0007
vn 0.4181 -0.9081 0.0220
vn 0.0388 -0.9992 0.0007
vn 0.2329 -0.9723 0.0219
vn 0.2329 -0.9723 -0.0182
vn 0.0388 -0.9991 -0.0182
vn -0.1568 -0.9876 0.0007
vn 0.0388 -0.9990 0.0220
vn -0.3465 -0.9380 0.0007
vn -0.1569 -0.9874 0.0219
vn -0.1569 -0.9874 -0.0182
vn -0.3465 -0.9379 -0.0181
vn -0.5228 -0.8524 0.0007
vn -0.3465 -0.9378 0.0219
vn -0.6791 -0.7340 0.0007
vn -0.5228 -0.8522 0.0219
vn -0.5228 -0.8523 -0.0182
vn -0.6790 -0.7339 -0.0182
vn -0.8093 -0.5874 0.0007
vn -0.6790 -0.7338 0.0219
vn -0.9083 -0.4183 0.0007
vn -0.8091 -0.5872 0.0219
vn -0.8092 -0.5873 -0.0181
vn -0.9082 -0.4181 -0.0182
vn -0.9725 -0.2330 0.0007
vn -0.9081 -0.4181 0.0219
vn -0.9992 -0.0388 0.0007
vn -0.9723 -0.2329 0.0219
vn -0.9723 -0.2329 -0.0182
vn -0.9991 -0.0388 -0.0182
vn -0.9876 0.1568 0.0007
vn -0.9990 -0.0388 0.0220
vn -0.9380 0.3465 0.0007
vn -0.9874 0.1569 0.0219
vn -0.9874 0.1569 -0.0182
vn -0.9379 0.3465 -0.0181
vn -0.8524 0.5228 0.0007
vn -0.9378 0.3465 0.0219
vn -0.7340 0.6791 0.0007
vn -0.8522 0.5228 0.0219
vn -0.8523 0.5228 -0.0182
vn -0.7339 0.6790 -0.0181
vn -0.5874 0.8093 0.0007
vn -0.7338 0.6790 0.0219
vn -0.4183 0.9083 0.0007
vn -0.5872 0.8091 0.0219
vn -0.5873 0.8092 -0.0182
vn -0.4182 0.9082 -0.0182
vn -0.2330 0.9725 0.0007
vn -0.4181 0.9081 0.0219
vn -0.0388 0.9992 0.0007
vn -0.2329 0.9723 0.0220
vn -0.2329 0.9723 -0.0182
vn -0.0388 0.9991 -0.0182
vn 0.1568 0.9876 0.0007
vn -0.0388 0.9990 0.0219
vn 0.3465 0.9380 0.0007
vn 0.1569 0.9874 0.0219
vn 0.1569 0.9874 -0.0181
vn 0.3465 0.9379 -0.0182
vn 0.5229 0.8524 0.0007
vn 0.3465 0.9378 0.0219
vn 0.6791 0.7340 0.0007
vn 0.5228 0.8522 0.0219
vn 0.5228 0.8523 -0.0182
vn 0.6790 0.7339 -0.0181
vn 0.8093 0.5874 0.0007
vn 0.6790 0.7338 0.0219
vn 0.9083 0.4183 0.0007
vn 0.8091 0.5872 0.0219
vn 0.8092 0.5873 -0.0182
vn 0.9082 0.4182 -0.0182
vn 0.9725 0.2330 0.0007
vn 0.9081 0.4181 0.0220
vn 0.9723 0.2329 0.0220
vn 0.9723 0.2330 -0.0182
vn 0.9988 0.0386 0.0311
vn 0.9871 -0.1570 0.0310
vn 0.9985 0.0384 0.0396
vn 0.9375 -0.3466 0.0310
vn 0.9868 -0.1572 0.0396
vn 0.8519 -0.5228 0.0310
vn 0.9372 -0.3466 0.0396
vn 0.7335 -0.6790 0.0311
vn 0.8515 -0.5228 0.0397
vn 0.5869 -0.8090 0.0310
vn 0.7332 -0.6789 0.0397
vn 0.4178 -0.9080 0.0310
vn 0.5866 -0.8089 0.0397
vn 0.2327 -0.9721 0.0310
vn 0.4176 -0.9078 0.0397
vn 0.0386 -0.9988 0.0311
vn 0.2324 -0.9718 0.0397
vn -0.1570 -0.9871 0.0310
vn 0.0384 -0.9985 0.0397
vn -0.3466 -0.9375 0.0310
vn -0.1572 -0.9868 0.0397
vn -0.5228 -0.8519 0.0310
vn -0.3466 -0.9372 0.0397
vn -0.6790 -0.7335 0.0311
vn -0.5228 -0.8515 0.0397
vn -0.8090 -0.5869 0.0310
vn -0.6789 -0.7332 0.0397
vn -0.9080 -0.4178 0.0310
vn -0.8089 -0.5866 0.0397
vn -0.9721 -0.2327 0.0310
vn -0.9078 -0.4176 0.0397
vn -0.9988 -0.0386 0.0310
vn -0.9718 -0.2324 0.0397
vn -0.9871 0.1570 0.0310
vn -0.9985 -0.0384 0.0397
vn -0.9375 0.3466 0.0311
vn -0.9868 0.1571 0.0397
vn -0.8519 0.5228 0.0310
vn -0.9372 0.3466 0.0397
vn -0.7335 0.6790 0.0310
vn -0.8515 0.5228 0.0397
vn -0.5869 0.8090 0.0310
vn -0.7332 0.6789 0.0397
vn -0.4178 0.9080 0.0310
vn -0.5866 0.8089 0.0397
vn -0.2327 0.9721 0.0310
vn -0.4176 0.9078 0.0397
vn -0.0386 0.9988 0.0311
vn -0.2324 0.9718 0.0396
vn 0.1570 0.9871 0.0310
vn -0.0384 0.9985 0.0397
vn 0.3466 0.9375 0.0310
vn 0.1572 0.9868 0.0396
vn 0.5228 0.8519 0.0310
vn 0.3466 0.9372 0.0397
vn 0.6790 0.7335 0.0311
vn 0.5228 0.8515 0.0397
vn 0.8090 0.5869 0.0311
vn 0.6789 0.7332 0.0397
vn 0.9080 0.4178 0.0311
vn 0.8089 0.5866 0.0396
vn 0.9721 0.2327 0.0310
vn 0.9078 0.4176 0.0396
vn 0.9718 0.2324 0.0396
vn 0.9886 0.0371 0.1457
vn 0.9769 -0.1565 0.1457
vn 0.8953 0.0278 0.4445
vn 0.9276 -0.3440 0.1457
vn 0.8836 -0.1475 0.4445
vn 0.8426 -0.5184 0.1457
vn 0.8378 -0.3170 0.4445
vn 0.7253 -0.6728 0.1457
vn 0.7599 -0.4744 0.4445
vn 0.5801 -0.8014 0.1457
vn 0.6527 -0.6135 0.4445
vn 0.4126 -0.8992 0.1457
vn 0.5205 -0.7291 0.4445
vn 0.2293 -0.9624 0.1457
vn 0.3683 -0.8166 0.4445
vn 0.0371 -0.9886 0.1457
vn 0.2019 -0.8728 0.4445
vn -0.1565 -0.9769 0.1457
vn 0.0278 -0.8953 0.4445
vn -0.3441 -0.9276 0.1457
vn -0.1475 -0.8836 0.4445
vn -0.5184 -0.8426 0.1457
vn -0.3170 -0.8378 0.4445
vn -0.6728 -0.7253 0.1457
vn -0.4744 -0.7599 0.4445
vn -0.8014 -0.5801 0.1457
vn -0.6135 -0.6527 0.4445
vn -0.8992 -0.4126 0.1457
vn -0.7291 -0.5205 0.4445
vn -0.9624 -0.2293 0.1457
vn -0.8166 -0.3683 0.4445
vn -0.9886 -0.0371 0.1457
vn -0.8727 -0.2019 0.4445
vn -0.9769 0.1565 0.1457
vn -0.8953 -0.0278 0.4445
vn -0.9276 0.3441 0.1457
vn -0.8836 0.1475 0.4445
vn -0.8426 0.5184 0.1457
vn -0.8378 0.3170 0.4445
vn -0.7253 0.6728 0.1457
vn -0.7599 0.4744 0.4445
vn -0.5801 0.8014 0.1457
vn -0.6527 0.6135 0.4445
vn -0.4126 0.8992 0.1457
vn -0.5205 0.7291 0.4445
vn -0.2293 0.9624 0.1457
vn -0.3683 0.8166 0.4445
vn -0.0371 0.9886 0.1457
vn -0.2019 0.8728 0.4445
vn 0.1565 0.9769 0.1457
vn -0.0278 0.8953 0.4445
vn 0.3441 0.9276 0.1457
vn 0.1475 0.8836 0.4445
vn 0.5184 0.8426 0.1457
vn 0.3170 0.8378 0.4445
vn 0.6728 0.7253 0.1457
vn 0.4744 0.7599 0.4445
vn 0.8014 0.5801 0.1457
vn 0.6135 0.6527 0.4445
vn 0.8992 0.4126 0.1457
vn 0.7291 0.5205 0.4445
vn 0.9624 0.2293 0.1457
vn 0.8166 0.3683 0.4445
vn 0.8727 0.2019 0.4445
vn 0.7132 0.0052 0.7009
vn 0.9010 -0.1692 0.3994
vn 0.9167 0.0098 0.3994
vn 0.9847 -0.1678 0.0476
vn 0.9985 0.0275 0.0477
vn 0.9330 -0.3567 0.0476
vn 0.7005 -0.1340 0.7009
vn 0.8507 -0.3418 0.3994
vn 0.6609 -0.2681 0.7009
vn 0.7677 -0.5011 0.3994
vn 0.8455 -0.5319 0.0477
vn 0.7255 -0.6866 0.0477
vn 0.5959 -0.3919 0.7009
vn 0.6551 -0.6413 0.3994
vn 0.5080 -0.5006 0.7009
vn 0.5175 -0.7568 0.3994
vn 0.5776 -0.8149 0.0477
vn 0.4075 -0.9120 0.0477
vn 0.4006 -0.5901 0.7009
vn 0.3599 -0.8432 0.3994
vn 0.2777 -0.6569 0.7009
vn 0.1885 -0.8972 0.3994
vn 0.2217 -0.9739 0.0477
vn 0.0275 -0.9985 0.0477
vn 0.1443 -0.6985 0.7009
vn 0.0098 -0.9167 0.3994
vn 0.0052 -0.7132 0.7009
vn -0.1692 -0.9010 0.3994
vn -0.1678 -0.9847 0.0476
vn -0.3567 -0.9330 0.0477
vn -0.1340 -0.7005 0.7009
vn -0.3418 -0.8507 0.3994
vn -0.2681 -0.6609 0.7009
vn -0.5011 -0.7677 0.3994
vn -0.5319 -0.8455 0.0477
vn -0.6866 -0.7255 0.0477
vn -0.3919 -0.5959 0.7009
vn -0.6413 -0.6551 0.3994
vn -0.5006 -0.5080 0.7009
vn -0.7568 -0.5175 0.3994
vn -0.8149 -0.5776 0.0477
vn -0.9120 -0.4075 0.0477
vn -0.5901 -0.4006 0.7009
vn -0.8432 -0.3599 0.3994
vn -0.6569 -0.2777 0.7009
vn -0.8972 -0.1885 0.3994
vn -0.9739 -0.2218 0.0476
vn -0.9985 -0.0275 0.0477
vn -0.6985 -0.1443 0.7009
vn -0.9167 -0.0098 0.3994
vn -0.7132 -0.0052 0.7009
vn -0.9010 0.1692 0.3994
vn -0.9847 0.1678 0.0476
vn -0.9330 0.3567 0.0477
vn -0.7005 0.1340 0.7009
vn -0.8507 0.3418 0.3994
vn -0.6609 0.2681 0.7009
vn -0.7677 0.5011 0.3994
vn -0.8455 0.5319 0.0477
vn -0.7255 0.6866 0.0477
vn -0.5959 0.3919 0.7009
vn -0.6551 0.6413 0.3994
vn -0.5080 0.5006 0.7009
vn -0.5175 0.7568 0.3994
vn -0.5776 0.8149 0.0477
vn -0.4075 0.9120 0.0477
vn -0.4006 0.5901 0.7009
vn -0.3599 0.8432 0.3994
vn -0.2777 0.6569 0.7009
vn -0.1885 0.8972 0.3994
vn -0.2217 0.9739 0.0477
vn -0.0275 0.9985 0.0477
vn -0.1443 0.6985 0.7009
vn -0.0098 0.9167 0.3994
vn -0.0052 0.7132 0.7009
vn 0.1692 0.9010 0.3994
vn 0.1678 0.9847 0.0477
vn 0.3567 0.9330 0.0477
vn 0.1340 0.7005 0.7009
vn 0.3418 0.8507 0.3994
vn 0.2681 0.6609 0.7009
vn 0.5011 0.7677 0.3994
vn 0.5319 0.8455 0.0477
vn 0.6866 0.7255 0.0477
vn 0.3919 0.5959 0.7009
vn 0.6413 0.6551 0.3994
vn 0.5006 0.5080 0.7009
vn 0.7568 0.5175 0.3994
vn 0.8149 0.5776 0.0476
vn 0.9120 0.4075 0.0477
vn 0.5901 0.4006 0.7009
vn 0.8432 0.3599 0.3994
vn 0.6569 0.2778 0.7009
vn 0.8972 0.1885 0.3994
vn 0.9739 0.2218 0.0477
vn 0.6985 0.1443 0.7009
vn 0.9393 -0.1562 -0.3054
vn 0.9517 0.0300 -0.3054
vn 0.7106 -0.1183 -0.6936
vn 0.7200 0.0226 -0.6936
vn 0.6739 -0.2547 -0.6936
vn 0.8908 -0.3364 -0.3054
vn 0.8080 -0.5038 -0.3054
vn 0.6112 -0.3812 -0.6936
vn 0.5251 -0.4932 -0.6936
vn 0.6942 -0.6517 -0.3054
vn 0.5537 -0.7747 -0.3055
vn 0.4188 -0.5861 -0.6936
vn 0.2964 -0.6566 -0.6936
vn 0.3920 -0.8678 -0.3054
vn 0.2151 -0.9276 -0.3054
vn 0.1626 -0.7018 -0.6936
vn 0.0226 -0.7200 -0.6936
vn 0.0300 -0.9517 -0.3054
vn -0.1562 -0.9393 -0.3054
vn -0.1183 -0.7106 -0.6936
vn -0.2547 -0.6738 -0.6936
vn -0.3365 -0.8908 -0.3054
vn -0.5038 -0.8080 -0.3054
vn -0.3812 -0.6112 -0.6936
vn -0.4932 -0.5251 -0.6936
vn -0.6517 -0.6942 -0.3054
vn -0.7747 -0.5537 -0.3054
vn -0.5861 -0.4188 -0.6936
vn -0.6566 -0.2964 -0.6936
vn -0.8678 -0.3920 -0.3054
vn -0.9276 -0.2151 -0.3055
vn -0.7018 -0.1626 -0.6936
vn -0.7200 -0.0226 -0.6936
vn -0.9518 -0.0300 -0.3054
vn -0.9393 0.1562 -0.3054
vn -0.7106 0.1183 -0.6936
vn -0.6738 0.2547 -0.6936
vn -0.8908 0.3365 -0.3054
vn -0.8080 0.5038 -0.3055
vn -0.6112 0.3812 -0.6936
vn -0.5251 0.4932 -0.6936
vn -0.6942 0.6517 -0.3054
vn -0.5537 0.7747 -0.3054
vn -0.4188 0.5861 -0.6936
vn -0.2964 0.6566 -0.6936
vn -0.3920 0.8678 -0.3054
vn -0.2151 0.9276 -0.3054
vn -0.1626 0.7018 -0.6936
vn -0.0226 0.7200 -0.6936
vn -0.0300 0.9517 -0.3054
vn 0.1562 0.9393 -0.3054
vn 0.1183 0.7106 -0.6936
vn 0.2547 0.6739 -0.6936
vn 0.3365 0.8908 -0.3054
vn 0.5038 0.8080 -0.3054
vn 0.3812 0.6112 -0.6936
vn 0.4932 0.5251 -0.6936
vn 0.6517 0.6942 -0.3054
vn 0.7747 0.5537 -0.3054
vn 0.5861 0.4188 -0.6936
vn 0.6566 0.2964 -0.6936
vn 0.8678 0.3920 -0.3054
vn 0.9276 0.2151 -0.3054
vn 0.7018 0.1626 -0.6936
vn 0.5068 -0.0833 -0.8580
vn 0.5133 0.0171 -0.8581
vn 0.5650 -0.0913 -0.8200
vn 0.5719 0.0206 -0.8201
vn 0.5363 -0.1998 -0.8201
vn 0.4808 -0.1806 -0.8580
vn 0.4363 -0.2709 -0.8580
vn 0.4871 -0.3006 -0.8200
vn 0.4190 -0.3898 -0.8201
vn 0.3750 -0.3508 -0.8581
vn 0.2994 -0.4173 -0.8580
vn 0.3349 -0.4641 -0.8200
vn 0.2379 -0.5205 -0.8201
vn 0.2122 -0.4677 -0.8581
vn 0.1169 -0.5001 -0.8580
vn 0.1318 -0.5569 -0.8200
vn 0.0206 -0.5719 -0.8201
vn 0.0171 -0.5133 -0.8581
vn -0.0834 -0.5068 -0.8580
vn -0.0913 -0.5650 -0.8200
vn -0.1998 -0.5363 -0.8201
vn -0.1806 -0.4808 -0.8580
vn -0.2709 -0.4363 -0.8580
vn -0.3006 -0.4870 -0.8200
vn -0.3898 -0.4190 -0.8201
vn -0.3508 -0.3750 -0.8580
vn -0.4173 -0.2994 -0.8580
vn -0.4641 -0.3349 -0.8200
vn -0.5204 -0.2379 -0.8201
vn -0.4677 -0.2122 -0.8581
vn -0.5001 -0.1169 -0.8580
vn -0.5569 -0.1318 -0.8200
vn -0.5719 -0.0206 -0.8201
vn -0.5133 -0.0171 -0.8581
vn -0.5068 0.0834 -0.8580
vn -0.5650 0.0913 -0.8200
vn -0.5363 0.1998 -0.8201
vn -0.4808 0.1806 -0.8580
vn -0.4363 0.2709 -0.8580
vn -0.4870 0.3006 -0.8200
vn -0.4190 0.3898 -0.8201
vn -0.3750 0.3508 -0.8581
vn -0.2994 0.4173 -0.8580
vn -0.3349 0.4641 -0.8200
vn -0.2379 0.5205 -0.8201
vn -0.2122 0.4677 -0.8581
vn -0.1169 0.5001 -0.8580
vn -0.1318 0.5570 -0.8200
vn -0.0206 0.5719 -0.8201
vn -0.0171 0.5133 -0.8580
vn 0.0834 0.5068 -0.8580
vn 0.0913 0.5650 -0.8200
vn 0.1998 0.5363 -0.8201
vn 0.1806 0.4808 -0.8581
vn 0.2709 0.4363 -0.8580
vn 0.3006 0.4870 -0.8200
vn 0.3898 0.4190 -0.8201
vn 0.3508 0.3750 -0.8580
vn 0.4173 0.2994 -0.8580
vn 0.4641 0.3349 -0.8200
vn 0.5205 0.2379 -0.8201
vn 0.4677 0.2122 -0.8580
vn 0.5001 0.1169 -0.8580
vn 0.5570 0.1318 -0.8200
vn 0.9846 -0.1522 -0.0859
vn 0.9954 0.0429 -0.0860
vn 0.5838 0.0150 0.8118
vn 0.9360 -0.3413 -0.0861
vn 0.5756 -0.0992 0.8117
vn 0.8514 -0.5174 -0.0860
vn 0.5452 -0.2096 0.8117
vn 0.7342 -0.6735 -0.0860
vn 0.4939 -0.3119 0.8117
vn 0.5886 -0.8038 -0.0861
vn 0.4234 -0.4022 0.8117
vn 0.4205 -0.9032 -0.0860
vn 0.3369 -0.4772 0.8117
vn 0.2362 -0.9679 -0.0860
vn 0.2373 -0.5336 0.8117
vn 0.0429 -0.9954 -0.0860
vn 0.1287 -0.5698 0.8117
vn -0.1522 -0.9846 -0.0860
vn 0.0150 -0.5838 0.8118
vn -0.3413 -0.9360 -0.0861
vn -0.0992 -0.5756 0.8117
vn -0.5174 -0.8514 -0.0860
vn -0.2095 -0.5451 0.8117
vn -0.6735 -0.7342 -0.0860
vn -0.3119 -0.4939 0.8117
vn -0.8038 -0.5886 -0.0860
vn -0.4022 -0.4234 0.8117
vn -0.9032 -0.4205 -0.0861
vn -0.4771 -0.3369 0.8117
vn -0.9679 -0.2362 -0.0860
vn -0.5336 -0.2373 0.8117
vn -0.9954 -0.0429 -0.0860
vn -0.5698 -0.1287 0.8117
vn -0.9846 0.1522 -0.0861
vn -0.5838 -0.0150 0.8118
vn -0.9360 0.3413 -0.0861
vn -0.5756 0.0992 0.8117
vn -0.8514 0.5174 -0.0861
vn -0.5452 0.2095 0.8117
vn -0.7342 0.6735 -0.0860
vn -0.4939 0.3119 0.8117
vn -0.5886 0.8038 -0.0860
vn -0.4234 0.4022 0.8118
vn -0.4205 0.9032 -0.0860
vn -0.3369 0.4772 0.8117
vn -0.2362 0.9679 -0.0860
vn -0.2373 0.5336 0.8118
vn -0.0429 0.9954 -0.0860
vn -0.1287 0.5698 0.8117
vn 0.1522 0.9846 -0.0860
vn -0.0150 0.5838 0.8118
vn 0.3413 0.9360 -0.0861
vn 0.0992 0.5756 0.8117
vn 0.5174 0.8514 -0.0860
vn 0.2095 0.5451 0.8117
vn 0.6735 0.7342 -0.0861
vn 0.3119 0.4939 0.8117
vn 0.8038 0.5886 -0.0860
vn 0.4022 0.4234 0.8117
vn 0.9032 0.4205 -0.0861
vn 0.4771 0.3369 0.8117
vn 0.9679 0.2362 -0.0860
vn 0.5336 0.2373 0.8117
vn 0.5698 0.1287 0.8116
vn 0.6155 -0.1180 0.7792
vn 0.9050 0.0003 0.4254
vn 0.6267 0.0043 0.7792
vn 0.8877 -0.1762 0.4254
vn 1.0000 0.0008 0.0014
vn 0.8362 -0.3460 0.4254
vn 0.9809 -0.1943 0.0015
vn 0.5807 -0.2358 0.7792
vn 0.5235 -0.3446 0.7792
vn 0.7527 -0.5025 0.4254
vn 0.9242 -0.3820 0.0014
vn 0.6402 -0.6397 0.4254
vn 0.8319 -0.5549 0.0014
vn 0.4462 -0.4401 0.7792
vn 0.3518 -0.5187 0.7792
vn 0.5031 -0.7523 0.4254
vn 0.7077 -0.7066 0.0014
vn 0.3467 -0.8360 0.4254
vn 0.5562 -0.8310 0.0014
vn 0.2438 -0.5774 0.7792
vn 0.1265 -0.6138 0.7792
vn 0.1769 -0.8875 0.4254
vn 0.3834 -0.9236 0.0014
vn 0.0003 -0.9050 0.4254
vn 0.1958 -0.9806 0.0014
vn 0.0043 -0.6267 0.7792
vn -0.1180 -0.6155 0.7792
vn -0.1762 -0.8877 0.4254
vn 0.0008 -1.0000 0.0014
vn -0.3460 -0.8362 0.4254
vn -0.1943 -0.9809 0.0014
vn -0.2359 -0.5807 0.7792
vn -0.3446 -0.5235 0.7792
vn -0.5025 -0.7527 0.4254
vn -0.3820 -0.9242 0.0014
vn -0.6397 -0.6402 0.4254
vn -0.5549 -0.8319 0.0014
vn -0.4401 -0.4462 0.7792
vn -0.5187 -0.3518 0.7792
vn -0.7523 -0.5031 0.4254
vn -0.7066 -0.7076 0.0015
vn -0.8360 -0.3466 0.4254
vn -0.8310 -0.5562 0.0014
vn -0.5774 -0.2438 0.7792
vn -0.6138 -0.1265 0.7792
vn -0.8875 -0.1769 0.4254
vn -0.9236 -0.3834 0.0014
vn -0.9050 -0.0003 0.4254
vn -0.9806 -0.1958 0.0014
vn -0.6268 -0.0043 0.7792
vn -0.6155 0.1180 0.7792
vn -0.8877 0.1762 0.4254
vn -1.0000 -0.0008 0.0014
vn -0.8362 0.3460 0.4254
vn -0.9809 0.1943 0.0014
vn -0.5807 0.2358 0.7792
vn -0.5235 0.3446 0.7792
vn -0.7527 0.5025 0.4254
vn -0.9242 0.3820 0.0014
vn -0.6402 0.6397 0.4254
vn -0.8319 0.5549 0.0014
vn -0.4462 0.4401 0.7792
vn -0.3518 0.5187 0.7792
vn -0.5031 0.7523 0.4254
vn -0.7076 0.7066 0.0015
vn -0.3466 0.8360 0.4254
vn -0.5562 0.8310 0.0014
vn -0.2438 0.5774 0.7792
vn -0.1265 0.6138 0.7792
vn -0.1769 0.8875 0.4254
vn -0.3834 0.9236 0.0014
vn -0.0003 0.9050 0.4254
vn -0.1958 0.9806 0.0014
vn -0.0043 0.6268 0.7792
vn 0.1180 0.6155 0.7792
vn 0.1762 0.8877 0.4254
vn -0.0008 1.0000 0.0014
vn 0.3460 0.8362 0.4254
vn 0.1943 0.9809 0.0014
vn 0.2359 0.5807 0.7792
vn 0.3446 0.5235 0.7792
vn 0.5025 0.7527 0.4254
vn 0.3820 0.9242 0.0014
vn 0.6397 0.6402 0.4254
vn 0.5549 0.8319 0.0014
vn 0.4401 0.4462 0.7792
vn 0.5187 0.3518 0.7792
vn 0.7523 0.5031 0.4254
vn 0.7066 0.7077 0.0014
vn 0.8360 0.3466 0.4254
vn 0.8310 0.5562 0.0014
vn 0.5774 0.2438 0.7792
vn 0.6138 0.1265 0.7792
vn 0.8875 0.1769 0.4255
vn 0.9236 0.3834 0.0014
vn 0.9806 0.1959 0.0014
vn 0.8978 -0.1786 -0.4026
vn 0.9154 0.0000 -0.4026
vn 0.6335 -0.1221 -0.7640
vn 0.6452 0.0039 -0.7640
vn 0.5976 -0.2434 -0.7640
vn 0.8457 -0.3503 -0.4026
vn 0.7611 -0.5085 -0.4026
vn 0.5386 -0.3553 -0.7640
vn 0.4590 -0.4535 -0.7640
vn 0.6473 -0.6473 -0.4026
vn 0.5086 -0.7611 -0.4026
vn 0.3617 -0.5343 -0.7640
vn 0.2505 -0.5947 -0.7640
vn 0.3503 -0.8457 -0.4025
vn 0.1786 -0.8978 -0.4026
vn 0.1297 -0.6321 -0.7640
vn 0.0039 -0.6452 -0.7640
vn 0.0000 -0.9154 -0.4025
vn -0.1786 -0.8978 -0.4026
vn -0.1221 -0.6336 -0.7640
vn -0.2434 -0.5976 -0.7640
vn -0.3503 -0.8457 -0.4026
vn -0.5085 -0.7611 -0.4026
vn -0.3552 -0.5386 -0.7640
vn -0.4535 -0.4590 -0.7640
vn -0.6473 -0.6473 -0.4025
vn -0.7611 -0.5086 -0.4026
vn -0.5343 -0.3617 -0.7640
vn -0.5947 -0.2505 -0.7640
vn -0.8457 -0.3503 -0.4026
vn -0.8978 -0.1786 -0.4025
vn -0.6321 -0.1297 -0.7640
vn -0.6453 -0.0038 -0.7640
vn -0.9154 -0.0000 -0.4026
vn -0.8978 0.1786 -0.4026
vn -0.6335 0.1221 -0.7640
vn -0.5976 0.2434 -0.7640
vn -0.8457 0.3503 -0.4025
vn -0.7611 0.5085 -0.4026
vn -0.5386 0.3552 -0.7640
vn -0.4590 0.4535 -0.7640
vn -0.6473 0.6473 -0.4025
vn -0.5086 0.7611 -0.4026
vn -0.3617 0.5343 -0.7640
vn -0.2505 0.5946 -0.7640
vn -0.3503 0.8457 -0.4025
vn -0.1786 0.8978 -0.4026
vn -0.1296 0.6321 -0.7640
vn -0.0039 0.6452 -0.7640
vn -0.0000 0.9154 -0.4026
vn 0.1786 0.8978 -0.4026
vn 0.1221 0.6336 -0.7640
vn 0.2434 0.5976 -0.7640
vn 0.3503 0.8457 -0.4026
vn 0.5085 0.7611 -0.4026
vn 0.3553 0.5386 -0.7640
vn 0.4535 0.4590 -0.7640
vn 0.6473 0.6473 -0.4026
vn 0.7611 0.5086 -0.4025
vn 0.5343 0.3617 -0.7640
vn 0.5946 0.2505 -0.7640
vn 0.8457 0.3503 -0.4025
vn 0.8978 0.1786 -0.4026
vn 0.6321 0.1297 -0.7640
vn 0.8683 0.0176 -0.4957
vn 0.6913 -0.1036 0.7151
vn 0.6983 0.0334 0.7150
vn 0.2186 0.0060 0.9758
vn 0.6579 -0.2364 0.7150
vn 0.2156 -0.0368 0.9758
vn 0.8553 -0.1521 -0.4953
vn 0.8090 -0.3160 -0.4956
vn 0.5991 -0.3603 0.7150
vn 0.2042 -0.0781 0.9758
vn 0.5172 -0.4701 0.7152
vn 0.1851 -0.1165 0.9758
vn 0.7320 -0.4678 -0.4953
vn 0.6266 -0.6016 -0.4954
vn 0.4157 -0.5622 0.7150
vn 0.1588 -0.1503 0.9758
vn 0.2980 -0.6323 0.7151
vn 0.1264 -0.1784 0.9758
vn 0.4972 -0.7123 -0.4954
vn 0.3486 -0.7956 -0.4955
vn 0.1689 -0.6784 0.7150
vn 0.0892 -0.1997 0.9758
vn 0.0333 -0.6982 0.7151
vn 0.0485 -0.2132 0.9758
vn 0.1868 -0.8484 -0.4953
vn 0.0176 -0.8684 -0.4955
vn -0.1036 -0.6914 0.7150
vn 0.0060 -0.2186 0.9758
vn -0.2364 -0.6579 0.7151
vn -0.0368 -0.2156 0.9758
vn -0.1521 -0.8553 -0.4954
vn -0.3160 -0.8090 -0.4956
vn -0.3603 -0.5992 0.7150
vn -0.0781 -0.2042 0.9758
vn -0.4702 -0.5173 0.7151
vn -0.1165 -0.1851 0.9758
vn -0.4678 -0.7319 -0.4954
vn -0.6016 -0.6265 -0.4956
vn -0.5622 -0.4156 0.7150
vn -0.1503 -0.1588 0.9758
vn -0.6323 -0.2980 0.7151
vn -0.1784 -0.1264 0.9758
vn -0.7123 -0.4972 -0.4954
vn -0.7956 -0.3486 -0.4955
vn -0.6784 -0.1689 0.7150
vn -0.1997 -0.0892 0.9758
vn -0.6982 -0.0333 0.7151
vn -0.2132 -0.0485 0.9758
vn -0.8484 -0.1868 -0.4954
vn -0.8684 -0.0176 -0.4955
vn -0.6915 0.1036 0.7149
vn -0.2186 -0.0060 0.9758
vn -0.6579 0.2364 0.7150
vn -0.2156 0.0368 0.9758
vn -0.8552 0.1521 -0.4955
vn -0.8090 0.3160 -0.4956
vn -0.5992 0.3603 0.7149
vn -0.2042 0.0781 0.9758
vn -0.5173 0.4701 0.7151
vn -0.1851 0.1165 0.9758
vn -0.7319 0.4678 -0.4954
vn -0.6265 0.6016 -0.4955
vn -0.4157 0.5622 0.7150
vn -0.1588 0.1503 0.9758
vn -0.2980 0.6323 0.7151
vn -0.1264 0.1784 0.9758
vn -0.4972 0.7123 -0.4954
vn -0.3486 0.7956 -0.4955
vn -0.1689 0.6785 0.7150
vn -0.0892 0.1997 0.9758
vn -0.0333 0.6983 0.7150
vn -0.0485 0.2132 0.9758
vn -0.1868 0.8484 -0.4954
vn -0.0176 0.8684 -0.4956
vn 0.1036 0.6914 0.7150
vn -0.0060 0.2186 0.9758
vn 0.2364 0.6579 0.7150
vn 0.0368 0.2156 0.9758
vn 0.1521 0.8553 -0.4954
vn 0.3160 0.8090 -0.4956
vn 0.3603 0.5992 0.7149
vn 0.0781 0.2042 0.9758
vn 0.4702 0.5173 0.7151
vn 0.1165 0.1851 0.9758
vn 0.4678 0.7319 -0.4954
vn 0.6016 0.6265 -0.4956
vn 0.5622 0.4157 0.7150
vn 0.1503 0.1588 0.9758
vn 0.6323 0.2980 0.7151
vn 0.1784 0.1264 0.9758
vn 0.7123 0.4972 -0.4954
vn 0.7956 0.3486 -0.4955
vn 0.6785 0.1689 0.7150
vn 0.1997 0.0892 0.9758
vn 0.2132 0.0485 0.9758
vn 0.8484 0.1868 -0.4954
vn 0.2107 0.0033 0.9775
vn 0.2073 -0.0379 0.9775
vn 0.3472 0.0019 0.9378
vn 0.1960 -0.0776 0.9775
vn 0.3409 -0.0659 0.9378
vn 0.1771 -0.1143 0.9775
vn 0.3215 -0.1311 0.9378
vn 0.1513 -0.1467 0.9775
vn 0.2897 -0.1913 0.9378
vn 0.1198 -0.1734 0.9775
vn 0.2468 -0.2442 0.9378
vn 0.0837 -0.1934 0.9775
vn 0.1945 -0.2877 0.9378
vn 0.0443 -0.2061 0.9775
vn 0.1346 -0.3201 0.9378
vn 0.0033 -0.2107 0.9775
vn 0.0696 -0.3402 0.9378
vn -0.0379 -0.2073 0.9775
vn 0.0019 -0.3472 0.9378
vn -0.0776 -0.1960 0.9775
vn -0.0659 -0.3409 0.9378
vn -0.1143 -0.1771 0.9775
vn -0.1311 -0.3215 0.9378
vn -0.1467 -0.1513 0.9775
vn -0.1913 -0.2897 0.9378
vn -0.1734 -0.1198 0.9775
vn -0.2442 -0.2469 0.9378
vn -0.1934 -0.0837 0.9775
vn -0.2877 -0.1945 0.9378
vn -0.2060 -0.0443 0.9775
vn -0.3201 -0.1346 0.9378
vn -0.2107 -0.0033 0.9775
vn -0.3402 -0.0696 0.9378
vn -0.2073 0.0379 0.9775
vn -0.3472 -0.0019 0.9378
vn -0.1960 0.0776 0.9775
vn -0.3409 0.0659 0.9378
vn -0.1771 0.1143 0.9775
vn -0.3215 0.1311 0.9378
vn -0.1513 0.1467 0.9775
vn -0.2897 0.1913 0.9378
vn -0.1198 0.1734 0.9775
vn -0.2468 0.2442 0.9378
vn -0.0837 0.1934 0.9775
vn -0.1944 0.2877 0.9378
vn -0.0443 0.2060 0.9775
vn -0.1346 0.3201 0.9378
vn -0.0033 0.2107 0.9775
vn -0.0696 0.3402 0.9378
vn 0.0379 0.2073 0.9775
vn -0.0019 0.3472 0.9378
vn 0.0776 0.1960 0.9775
vn 0.0659 0.3409 0.9378
vn 0.1143 0.1771 0.9775
vn 0.1311 0.3215 0.9378
vn 0.1467 0.1513 0.9775
vn 0.1913 0.2897 0.9378
vn 0.1734 0.1198 0.9775
vn 0.2442 0.2468 0.9378
vn 0.1934 0.0837 0.9775
vn 0.2877 0.1944 0.9378
vn 0.2061 0.0443 0.9775
vn 0.3201 0.1346 0.9378
vn 0.3402 0.0696 0.9378
vn 0.5870 0.0001 0.8096
vn 0.5758 -0.1144 0.8096
vn 0.7558 -0.0001 0.6548
vn 0.5424 -0.2245 0.8096
vn 0.7413 -0.1476 0.6548
vn 0.4882 -0.3260 0.8096
vn 0.6982 -0.2894 0.6548
vn 0.4152 -0.4150 0.8095
vn 0.6284 -0.4200 0.6548
vn 0.3262 -0.4880 0.8096
vn 0.5343 -0.5345 0.6548
vn 0.2248 -0.5423 0.8096
vn 0.4198 -0.6285 0.6548
vn 0.1146 -0.5757 0.8096
vn 0.2891 -0.6983 0.6548
vn 0.0001 -0.5870 0.8096
vn 0.1473 -0.7413 0.6548
vn -0.1144 -0.5758 0.8096
vn -0.0001 -0.7558 0.6548
vn -0.2245 -0.5424 0.8096
vn -0.1476 -0.7413 0.6548
vn -0.3260 -0.4882 0.8096
vn -0.2894 -0.6982 0.6548
vn -0.4150 -0.4152 0.8096
vn -0.4200 -0.6284 0.6548
vn -0.4880 -0.3262 0.8096
vn -0.5345 -0.5343 0.6548
vn -0.5423 -0.2248 0.8095
vn -0.6285 -0.4198 0.6548
vn -0.5757 -0.1146 0.8096
vn -0.6983 -0.2891 0.6548
vn -0.5870 -0.0001 0.8096
vn -0.7413 -0.1473 0.6548
vn -0.5758 0.1144 0.8096
vn -0.7558 0.0001 0.6548
vn -0.5424 0.2245 0.8095
vn -0.7413 0.1476 0.6548
vn -0.4882 0.3260 0.8096
vn -0.6982 0.2894 0.6548
vn -0.4152 0.4150 0.8096
vn -0.6284 0.4200 0.6548
vn -0.3262 0.4880 0.8096
vn -0.5343 0.5345 0.6548
vn -0.2248 0.5423 0.8096
vn -0.4198 0.6285 0.6548
vn -0.1146 0.5757 0.8096
vn -0.2891 0.6983 0.6548
vn -0.0001 0.5870 0.8096
vn -0.1473 0.7413 0.6548
vn 0.1144 0.5758 0.8096
vn 0.0001 0.7558 0.6548
vn 0.2245 0.5424 0.8096
vn 0.1476 0.7413 0.6548
vn 0.3260 0.4882 0.8096
vn 0.2894 0.6982 0.6548
vn 0.4150 0.4152 0.8096
vn 0.4200 0.6284 0.6548
vn 0.4880 0.3262 0.8096
vn 0.5345 0.5344 0.6548
vn 0.5423 0.2248 0.8096
vn 0.6285 0.4198 0.6548
vn 0.5757 0.1146 0.8096
vn 0.6983 0.2891 0.6548
vn 0.7413 0.1473 0.6548
vn 0.8282 -0.1647 0.5356
vn 0.8445 0.0000 0.5356
vn 0.9059 -0.1802 0.3833
vn 0.9236 0.0000 0.3833
vn 0.7802 -0.3232 0.5356
vn 0.7021 -0.4692 0.5356
vn 0.7680 -0.5131 0.3833
vn 0.8533 -0.3535 0.3833
vn 0.5971 -0.5971 0.5356
vn 0.4692 -0.7021 0.5356
vn 0.5131 -0.7680 0.3833
vn 0.6531 -0.6531 0.3833
vn 0.3232 -0.7802 0.5356
vn 0.1647 -0.8282 0.5356
vn 0.1802 -0.9059 0.3833
vn 0.3535 -0.8533 0.3833
vn 0.0000 -0.8445 0.5356
vn -0.1647 -0.8282 0.5356
vn -0.1802 -0.9059 0.3833
vn 0.0000 -0.9236 0.3833
vn -0.3232 -0.7802 0.5356
vn -0.4692 -0.7021 0.5356
vn -0.5131 -0.7680 0.3833
vn -0.3535 -0.8533 0.3833
vn -0.5971 -0.5971 0.5356
vn -0.7022 -0.4692 0.5356
vn -0.7680 -0.5131 0.3833
vn -0.6531 -0.6531 0.3833
vn -0.7802 -0.3232 0.5356
vn -0.8282 -0.1647 0.5356
vn -0.9059 -0.1802 0.3833
vn -0.8533 -0.3535 0.3833
vn -0.8445 -0.0000 0.5356
vn -0.8282 0.1647 0.5356
vn -0.9059 0.1802 0.3833
vn -0.9236 -0.0000 0.3833
vn -0.7802 0.3232 0.5356
vn -0.7021 0.4692 0.5356
vn -0.7680 0.5131 0.3833
vn -0.8533 0.3535 0.3833
vn -0.5971 0.5971 0.5356
vn -0.4692 0.7022 0.5356
vn -0.5131 0.7680 0.3833
vn -0.6531 0.6531 0.3833
vn -0.3232 0.7802 0.5356
vn -0.1647 0.8282 0.5356
vn -0.1802 0.9059 0.3833
vn -0.3535 0.8533 0.3833
vn 0.0000 0.8445 0.5356
vn 0.1647 0.8282 0.5356
vn 0.1802 0.9059 0.3833
vn 0.0000 0.9236 0.3833
vn 0.3232 0.7802 0.5356
vn 0.4692 0.7021 0.5356
vn 0.5131 0.7680 0.3833
vn 0.3535 0.8533 0.3833
vn 0.5971 0.5971 0.5356
vn 0.7021 0.4692 0.5356
vn 0.7680 0.5131 0.3833
vn 0.6531 0.6531 0.3833
vn 0.7802 0.3232 0.5356
vn 0.8282 0.1647 0.5356
vn 0.9059 0.1802 0.3833
vn 0.8533 0.3535 0.3833
vn 0.9545 -0.1899 0.2301
vn 0.9732 0.0000 0.2301
vn 0.9725 -0.1934 0.1298
vn 0.9915 0.0000 0.1297
vn 0.8991 -0.3724 0.2301
vn 0.8092 -0.5407 0.2300
vn 0.8244 -0.5509 0.1298
vn 0.9161 -0.3795 0.1297
vn 0.6881 -0.6881 0.2301
vn 0.5407 -0.8092 0.2300
vn 0.5509 -0.8244 0.1297
vn 0.7011 -0.7011 0.1298
vn 0.3724 -0.8991 0.2301
vn 0.1899 -0.9545 0.2301
vn 0.1934 -0.9725 0.1297
vn 0.3795 -0.9161 0.1297
vn 0.0000 -0.9732 0.2301
vn -0.1899 -0.9545 0.2301
vn -0.1934 -0.9725 0.1297
vn 0.0000 -0.9915 0.1297
vn -0.3724 -0.8991 0.2301
vn -0.5407 -0.8092 0.2300
vn -0.5509 -0.8244 0.1297
vn -0.3795 -0.9161 0.1297
vn -0.6881 -0.6881 0.2301
vn -0.8092 -0.5407 0.2300
vn -0.8244 -0.5509 0.1297
vn -0.7011 -0.7011 0.1298
vn -0.8991 -0.3724 0.2300
vn -0.9545 -0.1899 0.2301
vn -0.9725 -0.1934 0.1297
vn -0.9161 -0.3794 0.1298
vn -0.9732 0.0000 0.2301
vn -0.9545 0.1899 0.2300
vn -0.9725 0.1934 0.1297
vn -0.9915 0.0000 0.1297
vn -0.8991 0.3724 0.2300
vn -0.8092 0.5407 0.2300
vn -0.8244 0.5509 0.1297
vn -0.9161 0.3795 0.1298
vn -0.6881 0.6881 0.2301
vn -0.5407 0.8092 0.2301
vn -0.5509 0.8244 0.1297
vn -0.7011 0.7011 0.1297
vn -0.3724 0.8991 0.2301
vn -0.1899 0.9545 0.2301
vn -0.1934 0.9725 0.1297
vn -0.3794 0.9161 0.1297
vn 0.0000 0.9732 0.2301
vn 0.1899 0.9545 0.2301
vn 0.1934 0.9725 0.1297
vn 0.0000 0.9915 0.1297
vn 0.3724 0.8991 0.2301
vn 0.5407 0.8092 0.2300
vn 0.5509 0.8244 0.1297
vn 0.3795 0.9161 0.1297
vn 0.6881 0.6881 0.2301
vn 0.8092 0.5407 0.2300
vn 0.8244 0.5509 0.1297
vn 0.7011 0.7011 0.1297
vn 0.8991 0.3724 0.2301
vn 0.9545 0.1899 0.2301
vn 0.9725 0.1934 0.1298
vn 0.9161 0.3795 0.1297
vn 0.9798 -0.1949 0.0450
vn 0.9990 -0.0000 0.0450
vn 0.9784 -0.1946 -0.0704
vn 0.9975 -0.0000 -0.0704
vn 0.9216 -0.3817 -0.0704
vn 0.8306 -0.5550 0.0450
vn 0.9229 -0.3823 0.0450
vn 0.8294 -0.5542 -0.0704
vn 0.7054 -0.7054 -0.0704
vn 0.5550 -0.8306 0.0450
vn 0.7064 -0.7064 0.0450
vn 0.5542 -0.8294 -0.0704
vn 0.3817 -0.9216 -0.0704
vn 0.1949 -0.9798 0.0450
vn 0.3823 -0.9229 0.0450
vn 0.0000 -0.9990 0.0450
vn 0.1946 -0.9784 -0.0704
vn -0.1949 -0.9798 0.0450
vn 0.0000 -0.9975 -0.0704
vn -0.3817 -0.9216 -0.0704
vn -0.1946 -0.9784 -0.0704
vn -0.5550 -0.8306 0.0450
vn -0.3823 -0.9229 0.0450
vn -0.7064 -0.7064 0.0450
vn -0.5542 -0.8294 -0.0704
vn -0.8306 -0.5550 0.0450
vn -0.8294 -0.5542 -0.0704
vn -0.7053 -0.7054 -0.0704
vn -0.9229 -0.3823 0.0450
vn -0.9798 -0.1949 0.0450
vn -0.9216 -0.3817 -0.0704
vn -0.9975 -0.0000 -0.0704
vn -0.9784 -0.1946 -0.0704
vn -0.9798 0.1949 0.0450
vn -0.9990 0.0000 0.0450
vn -0.9229 0.3823 0.0450
vn -0.9784 0.1946 -0.0704
vn -0.8306 0.5550 0.0450
vn -0.9216 0.3817 -0.0704
vn -0.7064 0.7064 0.0450
vn -0.8294 0.5542 -0.0704
vn -0.5550 0.8306 0.0450
vn -0.7053 0.7054 -0.0704
vn -0.3817 0.9216 -0.0704
vn -0.5542 0.8294 -0.0704
vn -0.3823 0.9229 0.0450
vn -0.1949 0.9798 0.0450
vn -0.0000 0.9975 -0.0704
vn -0.1946 0.9784 -0.0704
vn 0.1949 0.9798 0.0450
vn -0.0000 0.9990 0.0450
vn 0.1946 0.9784 -0.0704
vn 0.3817 0.9216 -0.0704
vn 0.5550 0.8306 0.0450
vn 0.3823 0.9229 0.0450
vn 0.7064 0.7064 0.0450
vn 0.5542 0.8294 -0.0704
vn 0.8306 0.5550 0.0450
vn 0.8294 0.5542 -0.0704
vn 0.7054 0.7053 -0.0704
vn 0.9216 0.3817 -0.0704
vn 0.9798 0.1949 0.0450
vn 0.9229 0.3823 0.0450
vn 0.9784 0.1946 -0.0704
vn 0.8178 -0.1627 -0.5520
vn 0.7659 0.0000 -0.6430
vn 0.8338 -0.0000 -0.5520
vn 0.7512 -0.1494 -0.6429
vn 0.9954 0.0000 0.0962
vn 0.9196 -0.3809 0.0963
vn 0.9762 -0.1942 0.0962
vn 0.7076 -0.2931 -0.6430
vn 0.6933 -0.4632 -0.5520
vn 0.7703 -0.3191 -0.5520
vn 0.6368 -0.4255 -0.6429
vn 0.7038 -0.7038 0.0962
vn 0.8276 -0.5530 0.0962
vn 0.5415 -0.5415 -0.6430
vn 0.4632 -0.6933 -0.5520
vn 0.5896 -0.5896 -0.5520
vn 0.4255 -0.6368 -0.6429
vn 0.3809 -0.9196 0.0962
vn 0.5530 -0.8276 0.0962
vn 0.2931 -0.7076 -0.6430
vn 0.1627 -0.8178 -0.5520
vn 0.3191 -0.7704 -0.5520
vn 0.1494 -0.7512 -0.6429
vn 0.0000 -0.9954 0.0963
vn 0.1942 -0.9762 0.0962
vn 0.0000 -0.7659 -0.6430
vn -0.1627 -0.8178 -0.5520
vn 0.0000 -0.8338 -0.5520
vn -0.1494 -0.7512 -0.6429
vn -0.3809 -0.9196 0.0962
vn -0.1942 -0.9762 0.0962
vn -0.2931 -0.7076 -0.6430
vn -0.4632 -0.6933 -0.5520
vn -0.3191 -0.7704 -0.5520
vn -0.4255 -0.6368 -0.6429
vn -0.7038 -0.7038 0.0962
vn -0.5530 -0.8276 0.0962
vn -0.5416 -0.5416 -0.6430
vn -0.6933 -0.4633 -0.5520
vn -0.5896 -0.5896 -0.5520
vn -0.6368 -0.4255 -0.6429
vn -0.9196 -0.3809 0.0962
vn -0.8276 -0.5530 0.0962
vn -0.7076 -0.2931 -0.6430
vn -0.8178 -0.1627 -0.5520
vn -0.7704 -0.3191 -0.5520
vn -0.7512 -0.1494 -0.6429
vn -0.9954 0.0000 0.0963
vn -0.9762 -0.1942 0.0962
vn -0.7659 0.0000 -0.6430
vn -0.8178 0.1627 -0.5521
vn -0.8338 -0.0000 -0.5520
vn -0.7512 0.1494 -0.6429
vn -0.9196 0.3809 0.0962
vn -0.9762 0.1942 0.0962
vn -0.7076 0.2931 -0.6430
vn -0.6933 0.4633 -0.5520
vn -0.7704 0.3191 -0.5520
vn -0.6368 0.4255 -0.6429
vn -0.7038 0.7038 0.0963
vn -0.8276 0.5530 0.0962
vn -0.5416 0.5416 -0.6430
vn -0.4632 0.6933 -0.5520
vn -0.5896 0.5896 -0.5520
vn -0.4255 0.6368 -0.6429
vn -0.3809 0.9196 0.0962
vn -0.5530 0.8276 0.0962
vn -0.2931 0.7076 -0.6430
vn -0.1627 0.8178 -0.5520
vn -0.3191 0.7704 -0.5520
vn -0.1494 0.7512 -0.6430
vn 0.0000 0.9954 0.0962
vn -0.1942 0.9762 0.0962
vn 0.0000 0.7659 -0.6430
vn 0.1627 0.8178 -0.5520
vn 0.0000 0.8338 -0.5520
vn 0.1494 0.7512 -0.6430
vn 0.3809 0.9196 0.0962
vn 0.1942 0.9762 0.0962
vn 0.2931 0.7076 -0.6430
vn 0.4632 0.6933 -0.5520
vn 0.3191 0.7704 -0.5520
vn 0.4255 0.6368 -0.6430
vn 0.7038 0.7038 0.0962
vn 0.5530 0.8276 0.0962
vn 0.5415 0.5415 -0.6430
vn 0.6933 0.4632 -0.5520
vn 0.5896 0.5896 -0.5520
vn 0.6368 0.4255 -0.6429
vn 0.9196 0.3809 0.0963
vn 0.8276 0.5530 0.0962
vn 0.7076 0.2931 -0.6430
vn 0.8178 0.1627 -0.5521
vn 0.7703 0.3191 -0.5520
vn 0.7512 0.1494 -0.6429
vn 0.9762 0.1942 0.0962
vn 0.9169 0.0000 0.3992
vn 0.9346 -0.1859 0.3032
vn 0.9529 0.0000 0.3032
vn 0.9605 -0.1911 0.2022
vn 0.9793 0.0000 0.2022
vn 0.8804 -0.3647 0.3032
vn 0.8471 -0.3509 0.3992
vn 0.8993 -0.1789 0.3991
vn 0.7923 -0.5294 0.3032
vn 0.8143 -0.5441 0.2022
vn 0.9048 -0.3748 0.2022
vn 0.6738 -0.6738 0.3032
vn 0.6483 -0.6483 0.3992
vn 0.7624 -0.5094 0.3992
vn 0.5294 -0.7923 0.3032
vn 0.5441 -0.8143 0.2022
vn 0.6925 -0.6925 0.2022
vn 0.3647 -0.8804 0.3032
vn 0.3509 -0.8471 0.3992
vn 0.5094 -0.7624 0.3991
vn 0.1859 -0.9346 0.3032
vn 0.1911 -0.9605 0.2022
vn 0.3748 -0.9048 0.2022
vn 0.0000 -0.9529 0.3032
vn 0.0000 -0.9169 0.3991
vn 0.1789 -0.8993 0.3991
vn -0.1859 -0.9346 0.3032
vn -0.1911 -0.9605 0.2022
vn 0.0000 -0.9793 0.2022
vn -0.3647 -0.8804 0.3033
vn -0.3509 -0.8471 0.3992
vn -0.1789 -0.8993 0.3991
vn -0.5294 -0.7923 0.3032
vn -0.5441 -0.8143 0.2022
vn -0.3748 -0.9048 0.2022
vn -0.6738 -0.6738 0.3032
vn -0.6483 -0.6483 0.3992
vn -0.5094 -0.7624 0.3991
vn -0.7923 -0.5294 0.3032
vn -0.8143 -0.5441 0.2022
vn -0.6925 -0.6925 0.2022
vn -0.8804 -0.3647 0.3032
vn -0.8471 -0.3509 0.3992
vn -0.7624 -0.5094 0.3991
vn -0.9346 -0.1859 0.3032
vn -0.9605 -0.1911 0.2022
vn -0.9048 -0.3748 0.2022
vn -0.9529 0.0000 0.3032
vn -0.9169 0.0000 0.3992
vn -0.8993 -0.1789 0.3991
vn -0.9346 0.1859 0.3032
vn -0.9605 0.1911 0.2022
vn -0.9793 0.0000 0.2022
vn -0.8804 0.3647 0.3032
vn -0.8471 0.3509 0.3992
vn -0.8993 0.1789 0.3991
vn -0.7923 0.5294 0.3032
vn -0.8143 0.5441 0.2022
vn -0.9048 0.3748 0.2022
vn -0.6738 0.6738 0.3033
vn -0.6483 0.6483 0.3992
vn -0.7624 0.5094 0.3991
vn -0.5294 0.7923 0.3032
vn -0.5441 0.8143 0.2022
vn -0.6925 0.6925 0.2022
vn -0.3647 0.8804 0.3032
vn -0.3509 0.8471 0.3992
vn -0.5094 0.7624 0.3991
vn -0.1859 0.9346 0.3032
vn -0.1911 0.9605 0.2022
vn -0.3748 0.9048 0.2022
vn 0.0000 0.9529 0.3032
vn 0.0000 0.9169 0.3992
vn -0.1789 0.8993 0.3991
vn 0.1859 0.9346 0.3032
vn 0.1911 0.9605 0.2022
vn 0.0000 0.9793 0.2022
vn 0.3647 0.8804 0.3032
vn 0.3509 0.8471 0.3992
vn 0.1789 0.8993 0.3991
vn 0.5294 0.7923 0.3032
vn 0.5441 0.8143 0.2022
vn 0.3748 0.9048 0.2022
vn 0.6738 0.6738 0.3032
vn 0.6483 0.6483 0.3991
vn 0.5094 0.7624 0.3991
vn 0.7923 0.5294 0.3032
vn 0.8143 0.5441 0.2022
vn 0.6925 0.6925 0.2022
vn 0.8804 0.3647 0.3032
vn 0.8471 0.3509 0.3992
vn 0.7624 0.5094 0.3992
vn 0.9346 0.1859 0.3032
vn 0.9605 0.1911 0.2022
vn 0.9048 0.3748 0.2022
vn 0.8993 0.1789 0.3991
vn 0.8381 -0.1667 -0.5194
vn 0.4075 -0.0000 -0.9132
vn 0.8545 0.0000 -0.5194
vn 0.3995 -0.0795 -0.9133
vn 0.3764 -0.1559 -0.9132
vn 0.7105 -0.4748 -0.5194
vn 0.7895 -0.3270 -0.5194
vn 0.3387 -0.2263 -0.9133
vn 0.2881 -0.2881 -0.9132
vn 0.4747 -0.7105 -0.5194
vn 0.6043 -0.6043 -0.5194
vn 0.2263 -0.3387 -0.9133
vn 0.1559 -0.3764 -0.9132
vn 0.1667 -0.8381 -0.5194
vn 0.3270 -0.7895 -0.5194
vn 0.0795 -0.3995 -0.9133
vn 0.0000 -0.4075 -0.9132
vn -0.1667 -0.8381 -0.5194
vn 0.0000 -0.8545 -0.5194
vn -0.0795 -0.3995 -0.9133
vn -0.1559 -0.3764 -0.9132
vn -0.4747 -0.7105 -0.5194
vn -0.3270 -0.7895 -0.5194
vn -0.2263 -0.3387 -0.9133
vn -0.2881 -0.2881 -0.9132
vn -0.7105 -0.4747 -0.5194
vn -0.6043 -0.6043 -0.5194
vn -0.3387 -0.2263 -0.9133
vn -0.3765 -0.1559 -0.9132
vn -0.8381 -0.1667 -0.5194
vn -0.7895 -0.3270 -0.5194
vn -0.3995 -0.0795 -0.9133
vn -0.4075 0.0000 -0.9132
vn -0.8381 0.1667 -0.5194
vn -0.8545 -0.0000 -0.5194
vn -0.3995 0.0795 -0.9133
vn -0.3765 0.1559 -0.9132
vn -0.7105 0.4747 -0.5194
vn -0.7895 0.3270 -0.5194
vn -0.3387 0.2263 -0.9133
vn -0.2881 0.2881 -0.9132
vn -0.4747 0.7105 -0.5194
vn -0.6043 0.6043 -0.5194
vn -0.2263 0.3387 -0.9133
vn -0.1559 0.3764 -0.9132
vn -0.1667 0.8381 -0.5194
vn -0.3270 0.7895 -0.5194
vn -0.0795 0.3995 -0.9133
vn 0.0000 0.4075 -0.9132
vn 0.1667 0.8381 -0.5194
vn 0.0000 0.8545 -0.5194
vn 0.0795 0.3995 -0.9133
vn 0.1559 0.3765 -0.9132
vn 0.4748 0.7105 -0.5194
vn 0.3270 0.7895 -0.5194
vn 0.2263 0.3387 -0.9133
vn 0.2881 0.2881 -0.9132
vn 0.7105 0.4748 -0.5194
vn 0.6043 0.6043 -0.5194
vn 0.3387 0.2263 -0.9133
vn 0.3764 0.1559 -0.9132
vn 0.8381 0.1667 -0.5194
vn 0.7895 0.3270 -0.5194
vn 0.3995 0.0795 -0.9133
vn 0.9807 -0.1951 -0.0098
vn 0.9851 0.0000 -0.1720
vn 1.0000 -0.0000 -0.0098
vn 0.9662 -0.1922 -0.1720
vn 0.9101 -0.3770 -0.1720
vn 0.8314 -0.5555 -0.0098
vn 0.9238 -0.3827 -0.0098
vn 0.8191 -0.5473 -0.1720
vn 0.6966 -0.6966 -0.1720
vn 0.5555 -0.8314 -0.0098
vn 0.7071 -0.7071 -0.0098
vn 0.5473 -0.8191 -0.1720
vn 0.3770 -0.9101 -0.1720
vn 0.1951 -0.9807 -0.0098
vn 0.3827 -0.9238 -0.0098
vn 0.1922 -0.9662 -0.1720
vn 0.0000 -0.9851 -0.1720
vn -0.1951 -0.9807 -0.0098
vn 0.0000 -1.0000 -0.0098
vn -0.1922 -0.9662 -0.1720
vn -0.3770 -0.9101 -0.1720
vn -0.5555 -0.8314 -0.0098
vn -0.3827 -0.9238 -0.0098
vn -0.5473 -0.8191 -0.1720
vn -0.6966 -0.6966 -0.1720
vn -0.8314 -0.5555 -0.0098
vn -0.7071 -0.7071 -0.0098
vn -0.8191 -0.5473 -0.1720
vn -0.9101 -0.3770 -0.1720
vn -0.9807 -0.1951 -0.0098
vn -0.9238 -0.3827 -0.0098
vn -0.9662 -0.1922 -0.1720
vn -0.9851 -0.0000 -0.1720
vn -0.9807 0.1951 -0.0098
vn -1.0000 -0.0000 -0.0098
vn -0.9662 0.1922 -0.1720
vn -0.9101 0.3770 -0.1720
vn -0.8314 0.5555 -0.0098
vn -0.9238 0.3827 -0.0098
vn -0.8191 0.5473 -0.1720
vn -0.6966 0.6966 -0.1720
vn -0.5555 0.8314 -0.0098
vn -0.7071 0.7071 -0.0098
vn -0.5473 0.8191 -0.1720
vn -0.3770 0.9101 -0.1720
vn -0.1951 0.9807 -0.0098
vn -0.3827 0.9238 -0.0098
vn -0.1922 0.9662 -0.1720
vn 0.0000 0.9851 -0.1720
vn 0.1951 0.9807 -0.0098
vn 0.0000 1.0000 -0.0098
vn 0.1922 0.9662 -0.1720
vn 0.3770 0.9101 -0.1720
vn 0.5555 0.8314 -0.0098
vn 0.3827 0.9238 -0.0098
vn 0.5473 0.8191 -0.1720
vn 0.6966 0.6966 -0.1720
vn 0.8314 0.5555 -0.0098
vn 0.7071 0.7071 -0.0098
vn 0.8191 0.5473 -0.1720
vn 0.9101 0.3770 -0.1720
vn 0.9807 0.1951 -0.0098
vn 0.9238 0.3827 -0.0098
vn 0.9662 0.1922 -0.1720
vn 0.7160 0.0000 0.6981
vn 0.8342 -0.1659 0.5258
vn 0.8506 0.0000 0.5259
vn 0.7858 -0.3255 0.5259
vn 0.6615 -0.2740 0.6981
vn 0.7023 -0.1397 0.6981
vn 0.7072 -0.4726 0.5258
vn 0.6015 -0.6015 0.5258
vn 0.5063 -0.5063 0.6981
vn 0.5954 -0.3978 0.6981
vn 0.4726 -0.7072 0.5258
vn 0.3255 -0.7858 0.5258
vn 0.2740 -0.6615 0.6981
vn 0.3978 -0.5953 0.6981
vn 0.1659 -0.8342 0.5258
vn 0.0000 -0.8506 0.5258
vn 0.0000 -0.7160 0.6981
vn 0.1397 -0.7023 0.6981
vn -0.1659 -0.8342 0.5258
vn -0.3255 -0.7858 0.5258
vn -0.2740 -0.6615 0.6981
vn -0.1397 -0.7023 0.6981
vn -0.4726 -0.7072 0.5258
vn -0.6015 -0.6015 0.5258
vn -0.5063 -0.5063 0.6981
vn -0.3978 -0.5953 0.6981
vn -0.7072 -0.4726 0.5258
vn -0.7858 -0.3255 0.5258
vn -0.6615 -0.2740 0.6981
vn -0.5954 -0.3978 0.6981
vn -0.8342 -0.1659 0.5258
vn -0.8506 0.0000 0.5258
vn -0.7160 0.0000 0.6981
vn -0.7023 -0.1397 0.6981
vn -0.8342 0.1659 0.5258
vn -0.7858 0.3255 0.5258
vn -0.6615 0.2740 0.6981
vn -0.7023 0.1397 0.6981
vn -0.7072 0.4726 0.5258
vn -0.6015 0.6015 0.5258
vn -0.5063 0.5063 0.6981
vn -0.5954 0.3978 0.6981
vn -0.4726 0.7072 0.5258
vn -0.3255 0.7858 0.5258
vn -0.2740 0.6615 0.6981
vn -0.3978 0.5954 0.6981
vn -0.1659 0.8342 0.5258
vn 0.0000 0.8506 0.5258
vn 0.0000 0.7160 0.6981
vn -0.1397 0.7023 0.6981
vn 0.1659 0.8343 0.5258
vn 0.3255 0.7858 0.5258
vn 0.2740 0.6615 0.6981
vn 0.1397 0.7023 0.6981
vn 0.4726 0.7072 0.5258
vn 0.6015 0.6015 0.5258
vn 0.5063 0.5063 0.6981
vn 0.3978 0.5954 0.6981
vn 0.7072 0.4726 0.5258
vn 0.7858 0.3255 0.5259
vn 0.6615 0.2740 0.6981
vn 0.5954 0.3978 0.6981
vn 0.8342 0.1659 0.5258
vn 0.7023 0.1397 0.6981
vn 0.6512 -0.1295 0.7478
vn 0.6639 0.0000 0.7478
vn 0.6133 -0.2541 0.7478
vn 0.5520 -0.3689 0.7478
vn 0.4694 -0.4694 0.7478
vn 0.3689 -0.5521 0.7478
vn 0.2541 -0.6133 0.7478
vn 0.1295 -0.6512 0.7478
vn 0.0000 -0.6639 0.7478
vn -0.1295 -0.6512 0.7478
vn -0.2541 -0.6133 0.7478
vn -0.3689 -0.5520 0.7478
vn -0.4694 -0.4694 0.7478
vn -0.5520 -0.3689 0.7478
vn -0.6133 -0.2541 0.7478
vn -0.6512 -0.1295 0.7478
vn -0.6639 0.0000 0.7478
vn -0.6512 0.1295 0.7478
vn -0.6134 0.2541 0.7478
vn -0.5520 0.3689 0.7478
vn -0.4694 0.4694 0.7478
vn -0.3689 0.5520 0.7478
vn -0.2541 0.6133 0.7478
vn -0.1295 0.6512 0.7478
vn 0.0000 0.6639 0.7478
vn 0.1295 0.6512 0.7478
vn 0.2541 0.6134 0.7478
vn 0.3689 0.5520 0.7478
vn 0.4694 0.4694 0.7478
vn 0.5520 0.3689 0.7478
vn 0.6133 0.2541 0.7478
vn 0.6512 0.1295 0.7478
vn 0.9655 -0.0000 -0.2605
vn 0.9469 -0.1884 -0.2605
vn 0.8920 -0.3695 -0.2605
vn 0.8028 -0.5364 -0.2605
vn 0.6827 -0.6827 -0.2605
vn 0.5364 -0.8028 -0.2605
vn 0.3695 -0.8920 -0.2605
vn 0.1884 -0.9469 -0.2605
vn 0.0000 -0.9655 -0.2605
vn -0.1884 -0.9469 -0.2605
vn -0.3695 -0.8920 -0.2605
vn -0.5364 -0.8028 -0.2605
vn -0.6827 -0.6827 -0.2605
vn -0.8028 -0.5364 -0.2605
vn -0.8920 -0.3695 -0.2605
vn -0.9469 -0.1884 -0.2605
vn -0.9655 -0.0000 -0.2605
vn -0.9469 0.1884 -0.2605
vn -0.8920 0.3695 -0.2605
vn -0.8028 0.5364 -0.2605
vn -0.6827 0.6827 -0.2605
vn -0.5364 0.8028 -0.2605
vn -0.3695 0.8920 -0.2605
vn -0.1884 0.9469 -0.2605
vn -0.0000 0.9655 -0.2605
vn 0.1884 0.9469 -0.2605
vn 0.3695 0.8920 -0.2605
vn 0.5364 0.8028 -0.2605
vn 0.6827 0.6827 -0.2605
vn 0.8028 0.5364 -0.2605
vn 0.8920 0.3695 -0.2605
vn 0.9469 0.1884 -0.2605
vn 0.3867 -0.0697 -0.9196
vn 0.3929 0.0071 -0.9196
vn 0.3657 -0.1438 -0.9196
vn 0.3306 -0.2124 -0.9196
vn 0.2828 -0.2728 -0.9196
vn 0.2242 -0.3228 -0.9196
vn 0.1569 -0.3603 -0.9196
vn 0.0836 -0.3840 -0.9196
vn 0.0071 -0.3929 -0.9196
vn -0.0697 -0.3867 -0.9196
vn -0.1438 -0.3657 -0.9196
vn -0.2124 -0.3306 -0.9196
vn -0.2728 -0.2828 -0.9196
vn -0.3227 -0.2242 -0.9196
vn -0.3603 -0.1569 -0.9196
vn -0.3840 -0.0836 -0.9196
vn -0.3929 -0.0071 -0.9196
vn -0.3867 0.0697 -0.9196
vn -0.3657 0.1438 -0.9196
vn -0.3306 0.2124 -0.9196
vn -0.2828 0.2728 -0.9196
vn -0.2242 0.3227 -0.9196
vn -0.1569 0.3603 -0.9196
vn -0.0836 0.3840 -0.9196
vn -0.0071 0.3929 -0.9196
vn 0.0697 0.3867 -0.9196
vn 0.1438 0.3657 -0.9196
vn 0.2124 0.3306 -0.9196
vn 0.2728 0.2828 -0.9196
vn 0.3227 0.2242 -0.9196
vn 0.3603 0.1569 -0.9196
vn 0.3839 0.0836 -0.9196
vn 0.7082 0.0125 0.7059
vn 0.6971 -0.1259 0.7058
vn 0.6591 -0.2595 0.7058
vn 0.5959 -0.3831 0.7058
vn 0.5096 -0.4920 0.7059
vn 0.4039 -0.5820 0.7058
vn 0.2826 -0.6496 0.7059
vn 0.1504 -0.6922 0.7058
vn 0.0125 -0.7082 0.7059
vn -0.1259 -0.6971 0.7058
vn -0.2595 -0.6591 0.7059
vn -0.3831 -0.5959 0.7058
vn -0.4920 -0.5096 0.7059
vn -0.5820 -0.4039 0.7058
vn -0.6496 -0.2826 0.7059
vn -0.6923 -0.1504 0.7058
vn -0.7082 -0.0125 0.7059
vn -0.6971 0.1259 0.7058
vn -0.6591 0.2595 0.7059
vn -0.5959 0.3831 0.7058
vn -0.5096 0.4920 0.7059
vn -0.4039 0.5820 0.7058
vn -0.2826 0.6496 0.7059
vn -0.1504 0.6922 0.7058
vn -0.0125 0.7082 0.7059
vn 0.1259 0.6971 0.7058
vn 0.2595 0.6591 0.7059
vn 0.3831 0.5959 0.7058
vn 0.4920 0.5096 0.7059
vn 0.5820 0.4039 0.7058
vn 0.6495 0.2826 0.7059
vn 0.6922 0.1504 0.7058
vn 0.4066 0.0077 0.9136
vn 0.4003 -0.0718 0.9136
vn 0.3786 -0.1485 0.9136
vn 0.3423 -0.2195 0.9136
vn 0.2930 -0.2821 0.9136
vn 0.2323 -0.3338 0.9136
vn 0.1627 -0.3727 0.9136
vn 0.0869 -0.3973 0.9136
vn 0.0077 -0.4066 0.9136
vn -0.0718 -0.4003 0.9136
vn -0.1485 -0.3786 0.9136
vn -0.2195 -0.3423 0.9136
vn -0.2821 -0.2929 0.9136
vn -0.3338 -0.2323 0.9136
vn -0.3727 -0.1627 0.9136
vn -0.3973 -0.0869 0.9136
vn -0.4066 -0.0077 0.9136
vn -0.4003 0.0718 0.9136
vn -0.3786 0.1485 0.9136
vn -0.3423 0.2195 0.9136
vn -0.2929 0.2821 0.9136
vn -0.2323 0.3338 0.9136
vn -0.1627 0.3727 0.9136
vn -0.0869 0.3973 0.9136
vn -0.0077 0.4066 0.9136
vn 0.0718 0.4003 0.9136
vn 0.1485 0.3786 0.9136
vn 0.2195 0.3423 0.9136
vn 0.2821 0.2929 0.9136
vn 0.3338 0.2323 0.9136
vn 0.3727 0.1627 0.9136
vn 0.3973 0.0869 0.9136
vn 0.9749 -0.1939 0.1097
vn 0.9940 0.0000 0.1097
vn 0.9183 -0.3804 0.1097
vn 0.8264 -0.5522 0.1097
vn 0.7028 -0.7028 0.1097
vn 0.5522 -0.8264 0.1097
vn 0.3804 -0.9183 0.1097
vn 0.1939 -0.9749 0.1097
vn 0.0000 -0.9940 0.1097
vn -0.1939 -0.9749 0.1097
vn -0.3804 -0.9183 0.1097
vn -0.5522 -0.8265 0.1097
vn -0.7028 -0.7028 0.1097
vn -0.8265 -0.5522 0.1097
vn -0.9183 -0.3804 0.1097
vn -0.9749 -0.1939 0.1097
vn -0.9940 -0.0000 0.1097
vn -0.9749 0.1939 0.1097
vn -0.9183 0.3804 0.1097
vn -0.8265 0.5522 0.1097
vn -0.7028 0.7028 0.1097
vn -0.5522 0.8265 0.1097
vn -0.3804 0.9183 0.1097
vn -0.1939 0.9749 0.1097
vn 0.0000 0.9940 0.1097
vn 0.1939 0.9749 0.1097
vn 0.3804 0.9183 0.1097
vn 0.5522 0.8264 0.1097
vn 0.7028 0.7028 0.1097
vn 0.8264 0.5522 0.1097
vn 0.9183 0.3804 0.1097
vn 0.9749 0.1939 0.1097
vn 0.9992 0.0386 0.0067
vn 0.9876 -0.1571 0.0067
vn 0.9380 -0.3467 0.0067
vn 0.8523 -0.5230 0.0067
vn 0.7339 -0.6793 0.0067
vn 0.5872 -0.8094 0.0067
vn 0.4181 -0.9084 0.0067
vn 0.2328 -0.9725 0.0067
vn 0.0386 -0.9992 0.0067
vn -0.1571 -0.9876 0.0067
vn -0.3467 -0.9379 0.0067
vn -0.5230 -0.8523 0.0067
vn -0.6793 -0.7339 0.0067
vn -0.8094 -0.5873 0.0067
vn -0.9084 -0.4181 0.0067
vn -0.9725 -0.2328 0.0067
vn -0.9992 -0.0386 0.0067
vn -0.9876 0.1571 0.0067
vn -0.9380 0.3467 0.0067
vn -0.8523 0.5230 0.0067
vn -0.7339 0.6793 0.0067
vn -0.5873 0.8094 0.0067
vn -0.4181 0.9084 0.0067
vn -0.2328 0.9725 0.0067
vn -0.0386 0.9992 0.0067
vn 0.1571 0.9876 0.0067
vn 0.3467 0.9380 0.0067
vn 0.5230 0.8523 0.0067
vn 0.6793 0.7339 0.0067
vn 0.8094 0.5873 0.0067
vn 0.9084 0.4181 0.0067
vn 0.9725 0.2328 0.0067
vn 0.8568 -0.1329 -0.4983
vn 0.9726 0.0405 0.2288
vn 0.8662 0.0368 -0.4983
vn 0.9619 -0.1500 0.2287
vn 0.9141 -0.3348 0.2288
vn 0.8143 -0.2975 -0.4983
vn 0.7407 -0.4507 -0.4983
vn 0.8312 -0.5067 0.2288
vn 0.7164 -0.6591 0.2288
vn 0.6385 -0.5865 -0.4984
vn 0.5118 -0.6998 -0.4983
vn 0.5741 -0.7862 0.2287
vn 0.4096 -0.8831 0.2289
vn 0.3655 -0.7862 -0.4983
vn 0.2051 -0.8424 -0.4983
vn 0.2295 -0.9461 0.2287
vn 0.0405 -0.9726 0.2289
vn 0.0368 -0.8662 -0.4983
vn -0.1329 -0.8568 -0.4982
vn -0.1500 -0.9619 0.2288
vn -0.3348 -0.9141 0.2288
vn -0.2975 -0.8143 -0.4983
vn -0.4507 -0.7407 -0.4982
vn -0.5067 -0.8312 0.2288
vn -0.6591 -0.7164 0.2289
vn -0.5865 -0.6385 -0.4983
vn -0.6998 -0.5119 -0.4982
vn -0.7862 -0.5741 0.2288
vn -0.8831 -0.4096 0.2289
vn -0.7862 -0.3655 -0.4983
vn -0.8424 -0.2051 -0.4983
vn -0.9460 -0.2295 0.2288
vn -0.9726 -0.0405 0.2288
vn -0.8662 -0.0368 -0.4984
vn -0.8568 0.1329 -0.4982
vn -0.9618 0.1500 0.2288
vn -0.9141 0.3348 0.2288
vn -0.8143 0.2975 -0.4984
vn -0.7407 0.4507 -0.4982
vn -0.8312 0.5067 0.2288
vn -0.7164 0.6591 0.2288
vn -0.6385 0.5865 -0.4984
vn -0.5119 0.6998 -0.4982
vn -0.5741 0.7862 0.2288
vn -0.4096 0.8831 0.2288
vn -0.3655 0.7862 -0.4983
vn -0.2051 0.8425 -0.4982
vn -0.2295 0.9460 0.2289
vn -0.0405 0.9726 0.2289
vn -0.0368 0.8662 -0.4983
vn 0.1329 0.8568 -0.4982
vn 0.1500 0.9618 0.2288
vn 0.3348 0.9141 0.2288
vn 0.2975 0.8143 -0.4984
vn 0.4507 0.7407 -0.4982
vn 0.5067 0.8312 0.2289
vn 0.6591 0.7164 0.2288
vn 0.5865 0.6385 -0.4984
vn 0.6998 0.5119 -0.4982
vn 0.7862 0.5741 0.2288
vn 0.8831 0.4096 0.2287
vn 0.7862 0.3655 -0.4984
vn 0.8424 0.2051 -0.4983
vn 0.9461 0.2295 0.2287
vn 0.1876 0.0075 -0.9822
vn 0.2858 -0.0450 -0.9572
vn 0.2890 0.0116 -0.9573
vn 0.1855 -0.0293 -0.9822
vn 0.2715 -0.0999 -0.9572
vn 0.1762 -0.0649 -0.9822
vn 0.2468 -0.1510 -0.9572
vn 0.1601 -0.0980 -0.9822
vn 0.2126 -0.1961 -0.9573
vn 0.1379 -0.1274 -0.9822
vn 0.1703 -0.2339 -0.9572
vn 0.1104 -0.1519 -0.9822
vn 0.1213 -0.2626 -0.9572
vn 0.0787 -0.1705 -0.9822
vn 0.0678 -0.2813 -0.9572
vn 0.0439 -0.1826 -0.9822
vn 0.0116 -0.2890 -0.9573
vn 0.0075 -0.1876 -0.9822
vn -0.0450 -0.2858 -0.9572
vn -0.0293 -0.1855 -0.9822
vn -0.0999 -0.2715 -0.9572
vn -0.0649 -0.1762 -0.9822
vn -0.1510 -0.2468 -0.9572
vn -0.0980 -0.1601 -0.9822
vn -0.1962 -0.2126 -0.9573
vn -0.1274 -0.1379 -0.9822
vn -0.2339 -0.1703 -0.9572
vn -0.1519 -0.1104 -0.9822
vn -0.2626 -0.1213 -0.9573
vn -0.1705 -0.0787 -0.9822
vn -0.2813 -0.0678 -0.9572
vn -0.1826 -0.0439 -0.9822
vn -0.2890 -0.0116 -0.9572
vn -0.1876 -0.0075 -0.9822
vn -0.2858 0.0450 -0.9572
vn -0.1855 0.0293 -0.9822
vn -0.2714 0.0999 -0.9573
vn -0.1762 0.0649 -0.9822
vn -0.2468 0.1510 -0.9572
vn -0.1601 0.0980 -0.9822
vn -0.2126 0.1962 -0.9572
vn -0.1379 0.1274 -0.9822
vn -0.1703 0.2339 -0.9572
vn -0.1104 0.1519 -0.9822
vn -0.1213 0.2626 -0.9572
vn -0.0787 0.1705 -0.9822
vn -0.0678 0.2813 -0.9572
vn -0.0439 0.1826 -0.9822
vn -0.0116 0.2890 -0.9573
vn -0.0075 0.1876 -0.9822
vn 0.0450 0.2858 -0.9572
vn 0.0293 0.1855 -0.9822
vn 0.0999 0.2715 -0.9573
vn 0.0649 0.1762 -0.9822
vn 0.1509 0.2468 -0.9572
vn 0.0980 0.1602 -0.9822
vn 0.1962 0.2126 -0.9573
vn 0.1274 0.1379 -0.9822
vn 0.2339 0.1703 -0.9572
vn 0.1519 0.1104 -0.9822
vn 0.2626 0.1213 -0.9572
vn 0.1705 0.0787 -0.9822
vn 0.2813 0.0678 -0.9572
vn 0.1826 0.0439 -0.9822
vn 0.5520 0.0201 -0.8336
vn 0.3112 -0.0496 -0.9491
vn 0.3149 0.0120 -0.9491
vn 0.5453 -0.0880 -0.8336
vn 0.2955 -0.1094 -0.9491
vn 0.5177 -0.1927 -0.8336
vn 0.2685 -0.1649 -0.9491
vn 0.4701 -0.2900 -0.8336
vn 0.2312 -0.2142 -0.9491
vn 0.4045 -0.3762 -0.8336
vn 0.1849 -0.2551 -0.9491
vn 0.3234 -0.4479 -0.8336
vn 0.1316 -0.2863 -0.9491
vn 0.2298 -0.5023 -0.8336
vn 0.0732 -0.3065 -0.9491
vn 0.1274 -0.5375 -0.8336
vn 0.0120 -0.3149 -0.9491
vn 0.0200 -0.5520 -0.8336
vn -0.0496 -0.3112 -0.9491
vn -0.0880 -0.5453 -0.8336
vn -0.1094 -0.2955 -0.9491
vn -0.1927 -0.5177 -0.8336
vn -0.1649 -0.2685 -0.9491
vn -0.2900 -0.4701 -0.8336
vn -0.2142 -0.2312 -0.9491
vn -0.3762 -0.4045 -0.8336
vn -0.2551 -0.1849 -0.9491
vn -0.4479 -0.3234 -0.8336
vn -0.2863 -0.1316 -0.9491
vn -0.5023 -0.2298 -0.8336
vn -0.3065 -0.0732 -0.9491
vn -0.5375 -0.1274 -0.8336
vn -0.3149 -0.0120 -0.9491
vn -0.5520 -0.0200 -0.8336
vn -0.3112 0.0496 -0.9491
vn -0.5453 0.0880 -0.8336
vn -0.2955 0.1094 -0.9491
vn -0.5177 0.1927 -0.8336
vn -0.2685 0.1649 -0.9491
vn -0.4701 0.2900 -0.8336
vn -0.2312 0.2142 -0.9491
vn -0.4045 0.3762 -0.8336
vn -0.1849 0.2551 -0.9491
vn -0.3234 0.4478 -0.8336
vn -0.1316 0.2863 -0.9491
vn -0.2298 0.5024 -0.8336
vn -0.0732 0.3065 -0.9491
vn -0.1274 0.5375 -0.8336
vn -0.0120 0.3149 -0.9491
vn -0.0200 0.5520 -0.8336
vn 0.0496 0.3112 -0.9491
vn 0.0880 0.5453 -0.8336
vn 0.1094 0.2955 -0.9491
vn 0.1927 0.5177 -0.8336
vn 0.1649 0.2685 -0.9491
vn 0.2900 0.4701 -0.8336
vn 0.2142 0.2312 -0.9491
vn 0.3762 0.4045 -0.8336
vn 0.2551 0.1849 -0.9491
vn 0.4478 0.3234 -0.8336
vn 0.2863 0.1316 -0.9490
vn 0.5024 0.2298 -0.8336
vn 0.3065 0.0732 -0.9491
vn 0.5375 0.1274 -0.8336
vn 0.9405 0.0317 -0.3384
vn 0.7832 -0.1277 -0.6086
vn 0.7930 0.0275 -0.6085
vn 0.9286 -0.1524 -0.3383
vn 0.7432 -0.2780 -0.6085
vn 0.8810 -0.3306 -0.3383
vn 0.6747 -0.4177 -0.6085
vn 0.7996 -0.4961 -0.3383
vn 0.5802 -0.5413 -0.6085
vn 0.6875 -0.6426 -0.3383
vn 0.4635 -0.6441 -0.6086
vn 0.5489 -0.7644 -0.3383
vn 0.3289 -0.7221 -0.6085
vn 0.3892 -0.8568 -0.3383
vn 0.1817 -0.7724 -0.6085
vn 0.2146 -0.9162 -0.3383
vn 0.0275 -0.7931 -0.6085
vn 0.0317 -0.9405 -0.3383
vn -0.1277 -0.7832 -0.6086
vn -0.1524 -0.9286 -0.3383
vn -0.2780 -0.7432 -0.6086
vn -0.3306 -0.8810 -0.3383
vn -0.4177 -0.6747 -0.6085
vn -0.4961 -0.7996 -0.3383
vn -0.5413 -0.5802 -0.6085
vn -0.6426 -0.6875 -0.3383
vn -0.6441 -0.4635 -0.6085
vn -0.7643 -0.5489 -0.3384
vn -0.7221 -0.3289 -0.6085
vn -0.8568 -0.3892 -0.3383
vn -0.7724 -0.1817 -0.6085
vn -0.9162 -0.2146 -0.3383
vn -0.7931 -0.0275 -0.6085
vn -0.9405 -0.0317 -0.3383
vn -0.7832 0.1277 -0.6085
vn -0.9286 0.1524 -0.3383
vn -0.7432 0.2781 -0.6085
vn -0.8810 0.3306 -0.3384
vn -0.6747 0.4177 -0.6086
vn -0.7996 0.4961 -0.3384
vn -0.5802 0.5413 -0.6085
vn -0.6875 0.6426 -0.3383
vn -0.4635 0.6441 -0.6085
vn -0.5489 0.7644 -0.3383
vn -0.3289 0.7221 -0.6085
vn -0.3892 0.8567 -0.3384
vn -0.1817 0.7724 -0.6085
vn -0.2146 0.9162 -0.3383
vn -0.0275 0.7931 -0.6085
vn -0.0317 0.9405 -0.3383
vn 0.1277 0.7832 -0.6085
vn 0.1524 0.9286 -0.3383
vn 0.2781 0.7432 -0.6085
vn 0.3306 0.8810 -0.3383
vn 0.4177 0.6747 -0.6085
vn 0.4961 0.7996 -0.3383
vn 0.5413 0.5802 -0.6085
vn 0.6426 0.6875 -0.3384
vn 0.6441 0.4635 -0.6085
vn 0.7644 0.5489 -0.3384
vn 0.7221 0.3289 -0.6086
vn 0.8568 0.3892 -0.3383
vn 0.7724 0.1817 -0.6086
vn 0.9162 0.2146 -0.3383
vn 0.9607 -0.1580 0.2282
vn 0.9963 0.0332 -0.0793
vn 0.9731 0.0325 0.2282
vn 0.9836 -0.1618 -0.0793
vn 0.9114 -0.3424 0.2282
vn 0.8271 -0.5136 0.2282
vn 0.9332 -0.3506 -0.0793
vn 0.8468 -0.5259 -0.0793
vn 0.7110 -0.6651 0.2282
vn 0.5676 -0.7910 0.2282
vn 0.7280 -0.6810 -0.0793
vn 0.5811 -0.8100 -0.0793
vn 0.4024 -0.8866 0.2282
vn 0.2217 -0.9480 0.2282
vn 0.4119 -0.9078 -0.0793
vn 0.2269 -0.9707 -0.0793
vn 0.0325 -0.9731 0.2282
vn -0.1580 -0.9607 0.2282
vn 0.0332 -0.9963 -0.0793
vn -0.1618 -0.9836 -0.0793
vn -0.3424 -0.9114 0.2282
vn -0.5136 -0.8271 0.2282
vn -0.3506 -0.9332 -0.0793
vn -0.5259 -0.8468 -0.0793
vn -0.6651 -0.7110 0.2282
vn -0.7910 -0.5676 0.2283
vn -0.6810 -0.7280 -0.0793
vn -0.8099 -0.5811 -0.0793
vn -0.8866 -0.4024 0.2282
vn -0.9480 -0.2217 0.2282
vn -0.9078 -0.4119 -0.0793
vn -0.9707 -0.2269 -0.0793
vn -0.9731 -0.0325 0.2282
vn -0.9607 0.1580 0.2282
vn -0.9963 -0.0332 -0.0793
vn -0.9836 0.1618 -0.0793
vn -0.9114 0.3424 0.2282
vn -0.8271 0.5136 0.2283
vn -0.9332 0.3506 -0.0793
vn -0.8468 0.5259 -0.0793
vn -0.7110 0.6651 0.2282
vn -0.5676 0.7910 0.2282
vn -0.7279 0.6810 -0.0793
vn -0.5811 0.8099 -0.0794
vn -0.4024 0.8866 0.2282
vn -0.2217 0.9480 0.2282
vn -0.4119 0.9078 -0.0793
vn -0.2269 0.9707 -0.0793
vn -0.0325 0.9731 0.2283
vn 0.1580 0.9607 0.2282
vn -0.0332 0.9963 -0.0793
vn 0.1618 0.9836 -0.0793
vn 0.3424 0.9114 0.2282
vn 0.5136 0.8271 0.2282
vn 0.3506 0.9332 -0.0793
vn 0.5259 0.8468 -0.0793
vn 0.6651 0.7110 0.2283
vn 0.7910 0.5676 0.2282
vn 0.6810 0.7280 -0.0793
vn 0.8099 0.5811 -0.0793
vn 0.8866 0.4024 0.2282
vn 0.9480 0.2217 0.2282
vn 0.9078 0.4119 -0.0793
vn 0.9707 0.2269 -0.0793
vn 0.1906 0.8309 0.5228
vn 0.8115 0.3129 0.4935
vn 0.2213 0.8807 0.4188
vn 0.2518 -0.0470 0.9666
vn 0.6444 -0.3265 0.6915
vn 0.2378 -0.0952 0.9666
vn 0.7857 -0.3180 0.5306
vn 0.1776 -0.8511 0.4940
vn 0.3159 -0.7800 0.5402
vn -0.5547 -0.7210 0.4153
vn -0.5187 -0.6758 0.5236
vn -0.5541 -0.7251 0.4089
vn 0.6458 -0.2607 0.7176
vn 0.2146 -0.1398 0.9666
vn -0.0881 -0.2724 0.9581
vn 0.1833 -0.1789 0.9666
vn 0.0048 -0.8476 0.5305
vn -0.7193 -0.4901 0.4923
vn -0.5998 -0.5903 0.5402
vn -0.5324 -0.6641 0.5249
vn -0.0108 0.0155 0.9998
vn 0.0078 -0.0074 0.9999
vn -0.0136 0.0131 0.9998
vn 0.0061 -0.0088 0.9999
vn 0.1420 -0.6819 0.7175
vn 0.7108 -0.5012 0.4936
vn 0.1742 -0.8295 0.5307
vn 0.7978 0.3032 0.5211
vn 0.8552 0.3053 0.4188
vn 0.3978 0.1448 0.9060
vn 0.0302 0.0487 0.9984
vn 0.1414 0.2383 0.9608
vn 0.2979 -0.0009 0.9546
vn 0.1008 -0.2354 0.9666
vn 0.1448 -0.2113 0.9666
vn 0.0062 -0.6963 0.7177
vn 0.0529 -0.2505 0.9667
vn 0.6835 -0.2380 0.6901
vn 0.3173 0.1296 0.9394
vn -0.0470 -0.2518 0.9666
vn -0.2854 -0.0228 0.9581
vn -0.0952 -0.2378 0.9666
vn -0.1663 -0.2471 0.9546
vn -0.2517 0.0470 0.9667
vn -0.2561 -0.0030 0.9666
vn -0.8784 0.2365 0.4153
vn -0.8239 0.2200 0.5223
vn -0.8819 0.2345 0.4090
vn 0.0102 0.0159 0.9998
vn -0.0038 -0.0100 0.9999
vn 0.0069 0.0175 0.9998
vn -0.0058 -0.0090 0.9999
vn -0.5757 -0.3921 0.7175
vn -0.1910 -0.8485 0.4936
vn -0.7009 -0.4766 0.5307
vn 0.5850 -0.6201 0.5227
vn 0.6093 -0.6733 0.4188
vn 0.5980 -0.5169 0.6126
vn 0.4540 -0.0237 0.8907
vn 0.5046 -0.3010 0.8092
vn 0.1131 -0.2756 0.9546
vn -0.1789 -0.1832 0.9667
vn -0.1398 -0.2146 0.9666
vn -0.1008 0.2354 0.9667
vn -0.0862 0.7172 0.6915
vn -0.0530 0.2506 0.9667
vn 0.0646 0.8672 0.4938
vn 0.5757 0.3921 0.7175
vn 0.0448 0.4327 0.9004
vn -0.8241 0.1704 0.5403
vn -0.2564 0.8116 0.5249
vn -0.2914 0.8618 0.4153
vn -0.8064 0.3249 0.4940
vn -0.0107 -0.0002 0.9999
vn -0.2506 -0.0530 0.9666
vn -0.0105 -0.0024 0.9999
vn 0.0188 0.0004 0.9998
vn 0.0184 0.0040 0.9998
vn -0.1735 -0.8337 0.5242
vn -0.2213 -0.8807 0.4188
vn -0.1889 -0.8912 0.4124
vn -0.6444 0.3265 0.6915
vn -0.2378 0.0952 0.9667
vn -0.6457 0.2607 0.7176
vn -0.8115 -0.3129 0.4935
vn -0.7857 0.3180 0.5306
vn -0.2950 0.8636 0.4090
vn 0.2935 0.8362 0.4633
vn 0.4611 0.7889 0.4063
vn -0.2074 0.1851 0.9606
vn -0.2505 -0.2503 0.9352
vn -0.4540 0.0237 0.8907
vn -0.2146 0.1398 0.9667
vn 0.0881 0.2724 0.9581
vn -0.1833 0.1789 0.9666
vn -0.0048 0.8476 0.5305
vn 0.7193 0.4901 0.4923
vn 0.5998 0.5903 0.5402
vn 0.5547 0.7210 0.4153
vn 0.5187 0.6758 0.5237
vn 0.5541 0.7251 0.4089
vn 0.0108 -0.0155 0.9998
vn -0.0078 0.0074 0.9999
vn 0.0136 -0.0131 0.9998
vn -0.0061 0.0088 0.9999
vn -0.1420 0.6819 0.7175
vn -0.7108 0.5011 0.4936
vn -0.1742 0.8295 0.5307
vn -0.7978 -0.3032 0.5212
vn -0.8552 -0.3053 0.4188
vn -0.2094 0.8234 0.5274
vn 0.3661 0.8074 0.4627
vn 0.1854 0.8743 0.4486
vn -0.2979 0.0009 0.9546
vn -0.1448 0.2113 0.9666
vn -0.0062 0.6963 0.7177
vn 0.1663 0.2471 0.9546
vn 0.2561 0.0030 0.9666
vn -0.0917 -0.2624 0.9606
vn 0.3271 -0.1356 0.9352
vn 0.1519 -0.4285 0.8907
vn 0.0470 0.2517 0.9667
vn 0.2854 0.0228 0.9581
vn 0.0952 0.2378 0.9666
vn -0.1753 -0.1665 0.9703
vn 0.1841 -0.0753 0.9800
vn 0.0148 0.2384 0.9710
vn 0.8784 -0.2365 0.4153
vn 0.8239 -0.2200 0.5223
vn 0.8819 -0.2344 0.4090
vn -0.0102 -0.0159 0.9998
vn 0.0038 0.0100 0.9999
vn -0.0069 -0.0175 0.9998
vn 0.0058 0.0090 0.9999
vn 0.1398 0.2146 0.9666
vn -0.4775 0.5163 0.7109
vn -0.6917 -0.5202 0.5010
vn -0.8854 0.0283 0.4639
vn -0.5777 -0.2107 0.7886
vn 0.1790 0.1833 0.9666
vn 0.7009 0.4766 0.5307
vn 0.8064 -0.3249 0.4940
vn 0.8241 -0.1704 0.5403
vn -0.8019 0.2806 0.5274
vn -0.4686 0.7518 0.4639
vn -0.6242 0.6396 0.4486
vn 0.2914 -0.8618 0.4153
vn 0.2738 -0.8067 0.5237
vn 0.2950 -0.8636 0.4090
vn 0.5773 0.4364 0.6901
vn 0.2355 0.1008 0.9666
vn 0.2113 0.1448 0.9666
vn 0.0107 0.0002 0.9999
vn 0.2505 0.0529 0.9667
vn 0.0105 0.0024 0.9999
vn -0.0188 -0.0004 0.9998
vn -0.0184 -0.0040 0.9998
vn -0.9152 0.1107 0.3875
vn -0.7888 -0.0564 0.6121
vn -0.9190 -0.0699 0.3881
vn 0.1889 0.8912 0.4124
vn -0.3413 0.2506 0.9059
vn -0.0573 -0.0019 0.9984
vn -0.2766 -0.0148 0.9609
vn -0.8763 0.2872 0.3868
vn -0.7848 0.0969 0.6121
vn -0.8037 0.4528 0.3860
vn -0.7504 0.2497 0.6120
vn -0.0419 0.0391 0.9984
vn -0.2254 -0.2688 0.9365
vn -0.8168 0.2862 0.5009
vn -0.9121 -0.0546 0.4063
vn -0.7002 0.6011 0.3852
vn -0.6880 0.3898 0.6121
vn -0.5697 0.7264 0.3844
vn -0.5979 0.5169 0.6126
vn -0.4852 0.6246 0.6120
vn 0.8460 0.3380 0.4124
vn -0.4172 0.8239 0.3836
vn -0.2485 0.8898 0.3828
vn -0.3554 0.7063 0.6122
vn -0.2532 0.5312 0.8086
vn 0.0185 0.4229 0.9060
vn -0.0564 0.7888 0.6121
vn -0.2169 0.8384 0.5001
vn -0.2100 0.7620 0.6125
vn -0.0701 0.9214 0.3821
vn 0.1111 0.9176 0.3816
vn 0.0201 0.0537 0.9984
vn -0.3346 0.1053 0.9365
vn -0.3271 0.1356 0.9352
vn -0.0482 0.8642 0.5009
vn -0.3995 0.8218 0.4063
vn -0.0504 0.8481 0.5274
vn 0.2880 0.8786 0.3810
vn 0.0969 0.7848 0.6121
vn 0.4541 0.8056 0.3807
vn 0.2487 0.7502 0.6126
vn 0.3914 0.6873 0.6120
vn 0.0917 0.2625 0.9606
vn 0.2723 -0.2122 0.9385
vn 0.6026 0.7015 0.3805
vn 0.7279 0.5704 0.3806
vn 0.5165 0.5987 0.6122
vn 0.3938 0.4372 0.8085
vn 0.2692 0.0696 0.9606
vn -0.0690 0.3473 0.9352
vn 0.2721 0.3641 0.8907
vn 0.8251 0.4174 0.3808
vn 0.6246 0.4852 0.6119
vn 0.8905 0.2483 0.3812
vn 0.7063 0.3554 0.6122
vn 0.0558 0.0131 0.9984
vn -0.0983 0.3367 0.9365
vn 0.7888 0.0564 0.6121
vn 0.7620 0.2100 0.6125
vn 0.9217 0.0697 0.3817
vn 0.9173 -0.1114 0.3823
vn 0.4687 -0.7518 0.4639
vn 0.6242 -0.6396 0.4486
vn 0.3413 -0.2506 0.9059
vn 0.0573 0.0019 0.9984
vn 0.2766 0.0148 0.9609
vn 0.8776 -0.2882 0.3830
vn 0.7848 -0.0969 0.6121
vn 0.8043 -0.4537 0.3838
vn 0.7504 -0.2497 0.6120
vn 0.2074 -0.1851 0.9606
vn 0.2505 0.2503 0.9352
vn 0.0419 -0.0391 0.9984
vn 0.2254 0.2688 0.9365
vn 0.7000 -0.6017 0.3846
vn 0.6880 -0.3898 0.6121
vn 0.5690 -0.7264 0.3855
vn 0.4852 -0.6246 0.6120
vn -0.3660 -0.8074 0.4627
vn -0.8460 -0.3380 0.4124
vn -0.1854 -0.8743 0.4486
vn 0.4162 -0.8232 0.3863
vn 0.2476 -0.8882 0.3870
vn 0.3554 -0.7063 0.6122
vn 0.2532 -0.5312 0.8085
vn -0.0185 -0.4229 0.9060
vn 0.0564 -0.7888 0.6121
vn 0.2169 -0.8383 0.5001
vn 0.2100 -0.7620 0.6125
vn 0.0695 -0.9192 0.3877
vn -0.1111 -0.9148 0.3882
vn -0.0201 -0.0537 0.9984
vn 0.3346 -0.1053 0.9365
vn 0.0482 -0.8642 0.5009
vn 0.3995 -0.8218 0.4063
vn 0.0504 -0.8482 0.5273
vn -0.2873 -0.8755 0.3886
vn -0.0969 -0.7848 0.6121
vn -0.4525 -0.8025 0.3889
vn -0.2487 -0.7502 0.6126
vn -0.3904 -0.6873 0.6126
vn -0.5169 -0.5979 0.6127
vn -0.1412 -0.2396 0.9606
vn -0.6003 -0.6988 0.3890
vn -0.7251 -0.5683 0.3890
vn -0.6246 -0.4852 0.6120
vn -0.2692 -0.0696 0.9606
vn 0.0690 -0.3473 0.9352
vn -0.2721 -0.3641 0.8907
vn -0.8221 -0.4159 0.3889
vn -0.8875 -0.2477 0.3886
vn -0.7063 -0.3554 0.6122
vn -0.2935 -0.8362 0.4633
vn -0.4611 -0.7889 0.4063
vn -0.7620 -0.2100 0.6125
vn -0.9181 0.1071 0.3816
vn -0.9220 -0.0709 0.3805
vn -0.9214 -0.0740 0.3816
vn -0.9185 0.1104 0.3798
vn -0.8796 0.2842 0.3816
vn -0.8072 0.4503 0.3816
vn -0.8795 0.2876 0.3791
vn -0.8069 0.4538 0.3782
vn -0.7039 0.5991 0.3816
vn -0.5735 0.7249 0.3816
vn -0.7031 0.6027 0.3774
vn -0.5722 0.7286 0.3764
vn -0.4210 0.8229 0.3816
vn -0.2524 0.8892 0.3816
vn -0.4192 0.8265 0.3756
vn -0.2501 0.8928 0.3747
vn -0.0741 0.9214 0.3816
vn 0.1071 0.9181 0.3816
vn -0.0711 0.9247 0.3741
vn 0.1106 0.9210 0.3734
vn 0.2842 0.8796 0.3816
vn 0.4503 0.8072 0.3816
vn 0.2880 0.8819 0.3731
vn 0.4546 0.8088 0.3729
vn 0.6037 0.7047 0.3729
vn 0.5991 0.7039 0.3816
vn 0.7249 0.5734 0.3816
vn 0.7295 0.5734 0.3728
vn 0.8272 0.4201 0.3731
vn 0.8229 0.4210 0.3816
vn 0.8892 0.2524 0.3816
vn 0.8931 0.2506 0.3735
vn 0.9246 0.0716 0.3741
vn 0.9214 0.0740 0.3816
vn 0.9181 -0.1071 0.3816
vn 0.9206 -0.1101 0.3747
vn 0.8811 -0.2875 0.3755
vn 0.8796 -0.2842 0.3816
vn 0.8072 -0.4503 0.3816
vn 0.8078 -0.4536 0.3763
vn 0.7035 -0.6023 0.3772
vn 0.7039 -0.5991 0.3816
vn 0.5734 -0.7249 0.3816
vn 0.5723 -0.7277 0.3781
vn 0.4192 -0.8250 0.3790
vn 0.4210 -0.8229 0.3816
vn 0.2524 -0.8892 0.3816
vn 0.2500 -0.8907 0.3797
vn 0.0714 -0.9220 0.3805
vn 0.0740 -0.9214 0.3816
vn -0.1071 -0.9181 0.3816
vn -0.1099 -0.9180 0.3810
vn -0.2868 -0.8787 0.3815
vn -0.2842 -0.8796 0.3816
vn -0.4503 -0.8072 0.3816
vn -0.4527 -0.8058 0.3818
vn -0.6013 -0.7019 0.3820
vn -0.5991 -0.7039 0.3816
vn -0.7249 -0.5734 0.3816
vn -0.7267 -0.5711 0.3819
vn -0.8243 -0.4182 0.3816
vn -0.8229 -0.4210 0.3816
vn -0.8892 -0.2524 0.3816
vn -0.8903 -0.2495 0.3810
vn -0.1215 0.0133 0.9925
vn -0.5446 -0.0471 0.8373
vn -0.1218 -0.0107 0.9925
vn -0.5433 0.0601 0.8374
vn -0.5212 0.1649 0.8374
vn -0.1166 0.0368 0.9925
vn -0.1072 0.0588 0.9925
vn -0.4789 0.2634 0.8374
vn -0.4184 0.3518 0.8373
vn -0.0937 0.0786 0.9925
vn -0.0765 0.0954 0.9925
vn -0.3417 0.4266 0.8374
vn -0.2519 0.4852 0.8374
vn -0.0565 0.1085 0.9925
vn -0.0342 0.1174 0.9925
vn -0.1524 0.5249 0.8374
vn -0.0471 0.5446 0.8374
vn -0.0107 0.1218 0.9925
vn 0.0133 0.1215 0.9925
vn 0.0601 0.5432 0.8374
vn 0.1649 0.5212 0.8374
vn 0.0368 0.1166 0.9925
vn 0.0588 0.1072 0.9925
vn 0.2634 0.4789 0.8374
vn 0.3518 0.4184 0.8374
vn 0.0786 0.0937 0.9925
vn 0.0954 0.0765 0.9925
vn 0.4266 0.3417 0.8374
vn 0.4852 0.2519 0.8374
vn 0.1085 0.0565 0.9925
vn 0.1174 0.0342 0.9925
vn 0.5249 0.1524 0.8374
vn 0.5446 0.0471 0.8374
vn 0.1218 0.0107 0.9925
vn 0.1215 -0.0133 0.9925
vn 0.5433 -0.0601 0.8374
vn 0.5212 -0.1649 0.8374
vn 0.1166 -0.0368 0.9925
vn 0.1072 -0.0588 0.9925
vn 0.4789 -0.2634 0.8374
vn 0.4184 -0.3518 0.8374
vn 0.0937 -0.0786 0.9925
vn 0.0765 -0.0954 0.9925
vn 0.3417 -0.4266 0.8374
vn 0.2519 -0.4851 0.8374
vn 0.0565 -0.1085 0.9925
vn 0.0342 -0.1174 0.9925
vn 0.1524 -0.5249 0.8374
vn 0.0471 -0.5446 0.8374
vn 0.0107 -0.1218 0.9925
vn -0.0133 -0.1215 0.9925
vn -0.0601 -0.5433 0.8374
vn -0.1649 -0.5212 0.8374
vn -0.0368 -0.1166 0.9925
vn -0.0588 -0.1072 0.9925
vn -0.2634 -0.4789 0.8374
vn -0.3518 -0.4184 0.8374
vn -0.0786 -0.0937 0.9925
vn -0.0954 -0.0765 0.9925
vn -0.4266 -0.3417 0.8374
vn -0.4851 -0.2519 0.8374
vn -0.1085 -0.0565 0.9925
vn -0.1174 -0.0342 0.9925
vn -0.5249 -0.1524 0.8374
vn -0.0639 0.0078 0.9979
vn -0.0642 -0.0048 0.9979
vn -0.0612 0.0201 0.9979
vn -0.0561 0.0317 0.9979
vn -0.0488 0.0420 0.9979
vn -0.0397 0.0507 0.9979
vn -0.0290 0.0575 0.9979
vn -0.0173 0.0621 0.9979
vn -0.0048 0.0642 0.9979
vn 0.0078 0.0639 0.9979
vn 0.0201 0.0612 0.9979
vn 0.0317 0.0561 0.9979
vn 0.0420 0.0488 0.9979
vn 0.0507 0.0397 0.9979
vn 0.0575 0.0290 0.9979
vn 0.0621 0.0173 0.9979
vn 0.0642 0.0048 0.9979
vn 0.0639 -0.0078 0.9979
vn 0.0612 -0.0201 0.9979
vn 0.0561 -0.0317 0.9979
vn 0.0488 -0.0420 0.9979
vn 0.0397 -0.0507 0.9979
vn 0.0290 -0.0575 0.9979
vn 0.0173 -0.0621 0.9979
vn 0.0048 -0.0642 0.9979
vn -0.0078 -0.0639 0.9979
vn -0.0201 -0.0612 0.9979
vn -0.0317 -0.0561 0.9979
vn -0.0420 -0.0488 0.9979
vn -0.0507 -0.0397 0.9979
vn -0.0575 -0.0290 0.9979
vn -0.0621 -0.0173 0.9979
vn 0.8120 -0.1611 -0.5610
vn 0.8279 0.0005 -0.5609
vn 0.3427 -0.0657 -0.9371
vn 0.3490 0.0025 -0.9371
vn 0.3234 -0.1313 -0.9371
vn 0.7650 -0.3164 -0.5609
vn 0.6886 -0.4595 -0.5610
vn 0.2915 -0.1918 -0.9371
vn 0.2485 -0.2451 -0.9371
vn 0.5857 -0.5851 -0.5609
vn 0.4603 -0.6881 -0.5610
vn 0.1959 -0.2888 -0.9371
vn 0.1358 -0.3215 -0.9371
vn 0.3172 -0.7647 -0.5609
vn 0.1620 -0.8118 -0.5610
vn 0.0705 -0.3418 -0.9371
vn 0.0025 -0.3490 -0.9371
vn 0.0005 -0.8279 -0.5609
vn -0.1611 -0.8120 -0.5610
vn -0.0657 -0.3428 -0.9371
vn -0.1313 -0.3234 -0.9371
vn -0.3164 -0.7650 -0.5609
vn -0.4595 -0.6886 -0.5610
vn -0.1918 -0.2915 -0.9371
vn -0.2451 -0.2485 -0.9371
vn -0.5851 -0.5857 -0.5609
vn -0.6881 -0.4603 -0.5610
vn -0.2888 -0.1959 -0.9371
vn -0.3215 -0.1358 -0.9371
vn -0.7647 -0.3172 -0.5609
vn -0.8118 -0.1620 -0.5610
vn -0.3418 -0.0705 -0.9371
vn -0.3490 -0.0025 -0.9371
vn -0.8279 -0.0005 -0.5609
vn -0.8120 0.1610 -0.5610
vn -0.3428 0.0657 -0.9371
vn -0.3234 0.1313 -0.9371
vn -0.7650 0.3164 -0.5609
vn -0.6886 0.4595 -0.5610
vn -0.2915 0.1918 -0.9371
vn -0.2485 0.2450 -0.9371
vn -0.5857 0.5851 -0.5609
vn -0.4603 0.6880 -0.5610
vn -0.1959 0.2888 -0.9371
vn -0.1358 0.3215 -0.9371
vn -0.3172 0.7647 -0.5609
vn -0.1620 0.8118 -0.5610
vn -0.0705 0.3418 -0.9371
vn -0.0025 0.3490 -0.9371
vn -0.0005 0.8279 -0.5609
vn 0.1610 0.8120 -0.5610
vn 0.0657 0.3427 -0.9371
vn 0.1313 0.3234 -0.9371
vn 0.3164 0.7650 -0.5609
vn 0.4595 0.6886 -0.5610
vn 0.1918 0.2915 -0.9371
vn 0.2450 0.2485 -0.9371
vn 0.5851 0.5857 -0.5609
vn 0.6881 0.4603 -0.5610
vn 0.2888 0.1959 -0.9371
vn 0.3215 0.1358 -0.9371
vn 0.7647 0.3172 -0.5609
vn 0.8119 0.1620 -0.5609
vn 0.3418 0.0705 -0.9371
vn 0.9781 0.0333 -0.2054
vn 0.4143 -0.0642 0.9079
vn 0.4188 0.0179 0.9079
vn 0.4350 0.0162 0.9003
vn 0.3938 -0.1437 0.9079
vn 0.4298 -0.0689 0.9003
vn 0.9658 -0.1582 -0.2053
vn 0.9164 -0.3436 -0.2054
vn 0.3582 -0.2179 0.9079
vn 0.4081 -0.1514 0.9003
vn 0.3088 -0.2835 0.9079
vn 0.3707 -0.2281 0.9003
vn 0.8318 -0.5158 -0.2053
vn 0.7152 -0.6681 -0.2054
vn 0.2476 -0.3384 0.9079
vn 0.3191 -0.2961 0.9003
vn 0.1768 -0.3801 0.9079
vn 0.2552 -0.3526 0.9003
vn 0.5711 -0.7948 -0.2053
vn 0.4050 -0.8909 -0.2054
vn 0.0992 -0.4074 0.9079
vn 0.1815 -0.3956 0.9003
vn 0.0179 -0.4188 0.9079
vn 0.1008 -0.4234 0.9003
vn 0.2235 -0.9528 -0.2053
vn 0.0333 -0.9781 -0.2054
vn -0.0642 -0.4143 0.9079
vn 0.0162 -0.4350 0.9003
vn -0.1437 -0.3938 0.9079
vn -0.0689 -0.4298 0.9003
vn -0.1582 -0.9658 -0.2053
vn -0.3436 -0.9164 -0.2054
vn -0.2179 -0.3582 0.9079
vn -0.1514 -0.4081 0.9003
vn -0.2835 -0.3088 0.9079
vn -0.2281 -0.3707 0.9003
vn -0.5158 -0.8318 -0.2053
vn -0.6681 -0.7152 -0.2054
vn -0.3383 -0.2476 0.9079
vn -0.2961 -0.3191 0.9003
vn -0.3801 -0.1768 0.9079
vn -0.3526 -0.2552 0.9003
vn -0.7948 -0.5711 -0.2053
vn -0.8909 -0.4051 -0.2054
vn -0.4074 -0.0992 0.9079
vn -0.3957 -0.1815 0.9003
vn -0.4188 -0.0179 0.9079
vn -0.4234 -0.1008 0.9003
vn -0.9528 -0.2235 -0.2053
vn -0.9781 -0.0333 -0.2054
vn -0.4143 0.0642 0.9079
vn -0.4350 -0.0162 0.9003
vn -0.3938 0.1437 0.9079
vn -0.4298 0.0689 0.9003
vn -0.9658 0.1582 -0.2053
vn -0.9164 0.3436 -0.2054
vn -0.3582 0.2179 0.9079
vn -0.4081 0.1514 0.9003
vn -0.3088 0.2835 0.9079
vn -0.3707 0.2281 0.9003
vn -0.8318 0.5158 -0.2053
vn -0.7152 0.6681 -0.2054
vn -0.2476 0.3384 0.9079
vn -0.3191 0.2961 0.9003
vn -0.1768 0.3801 0.9079
vn -0.2552 0.3526 0.9003
vn -0.5711 0.7948 -0.2053
vn -0.4051 0.8909 -0.2054
vn -0.0992 0.4073 0.9079
vn -0.1815 0.3956 0.9003
vn -0.0179 0.4188 0.9079
vn -0.1008 0.4234 0.9003
vn -0.2235 0.9529 -0.2053
vn -0.0333 0.9781 -0.2054
vn 0.0642 0.4143 0.9079
vn -0.0162 0.4350 0.9003
vn 0.1437 0.3938 0.9079
vn 0.0689 0.4298 0.9003
vn 0.1582 0.9658 -0.2053
vn 0.3436 0.9164 -0.2054
vn 0.2179 0.3582 0.9079
vn 0.1514 0.4081 0.9003
vn 0.2835 0.3088 0.9079
vn 0.2281 0.3707 0.9003
vn 0.5158 0.8318 -0.2053
vn 0.6681 0.7152 -0.2054
vn 0.3384 0.2476 0.9079
vn 0.2961 0.3191 0.9003
vn 0.3801 0.1768 0.9079
vn 0.3526 0.2552 0.9003
vn 0.7948 0.5711 -0.2053
vn 0.8909 0.4050 -0.2054
vn 0.4073 0.0992 0.9079
vn 0.3956 0.1815 0.9003
vn 0.4234 0.1008 0.9003
vn 0.9528 0.2235 -0.2053
vn 0.7708 0.0266 0.6365
vn 0.7612 -0.1243 0.6365
vn 0.7223 -0.2705 0.6365
vn 0.6557 -0.4062 0.6365
vn 0.5639 -0.5263 0.6365
vn 0.4503 -0.6261 0.6365
vn 0.3195 -0.7020 0.6365
vn 0.1764 -0.7508 0.6365
vn 0.0266 -0.7708 0.6365
vn -0.1243 -0.7612 0.6365
vn -0.2705 -0.7223 0.6365
vn -0.4062 -0.6557 0.6365
vn -0.5263 -0.5638 0.6365
vn -0.6262 -0.4503 0.6365
vn -0.7020 -0.3195 0.6365
vn -0.7508 -0.1764 0.6365
vn -0.7709 -0.0266 0.6365
vn -0.7612 0.1243 0.6365
vn -0.7223 0.2705 0.6365
vn -0.6557 0.4062 0.6365
vn -0.5638 0.5263 0.6365
vn -0.4503 0.6262 0.6365
vn -0.3195 0.7020 0.6365
vn -0.1764 0.7508 0.6365
vn -0.0266 0.7708 0.6365
vn 0.1243 0.7612 0.6365
vn 0.2704 0.7223 0.6365
vn 0.4062 0.6557 0.6365
vn 0.5263 0.5639 0.6365
vn 0.6262 0.4503 0.6365
vn 0.7020 0.3195 0.6365
vn 0.7508 0.1764 0.6365
vn 0.1857 -0.0333 -0.9820
vn 0.1887 0.0036 -0.9820
vn 0.1757 -0.0689 -0.9820
vn 0.1589 -0.1019 -0.9820
vn 0.1359 -0.1309 -0.9820
vn 0.1078 -0.1549 -0.9820
vn 0.0755 -0.1729 -0.9820
vn 0.0403 -0.1844 -0.9820
vn 0.0036 -0.1887 -0.9820
vn -0.0333 -0.1857 -0.9820
vn -0.0689 -0.1757 -0.9820
vn -0.1019 -0.1589 -0.9820
vn -0.1309 -0.1359 -0.9820
vn -0.1549 -0.1078 -0.9820
vn -0.1729 -0.0755 -0.9820
vn -0.1844 -0.0403 -0.9820
vn -0.1887 -0.0036 -0.9820
vn -0.1857 0.0333 -0.9820
vn -0.1757 0.0689 -0.9820
vn -0.1589 0.1019 -0.9820
vn -0.1359 0.1309 -0.9820
vn -0.1078 0.1549 -0.9820
vn -0.0755 0.1729 -0.9820
vn -0.0403 0.1844 -0.9820
vn -0.0036 0.1887 -0.9820
vn 0.0333 0.1857 -0.9820
vn 0.0689 0.1757 -0.9820
vn 0.1019 0.1589 -0.9820
vn 0.1309 0.1359 -0.9820
vn 0.1549 0.1078 -0.9820
vn 0.1729 0.0755 -0.9820
vn 0.1843 0.0403 -0.9820
vn 0.9985 -0.0052 0.0547
vn 0.9671 -0.1917 -0.1669
vn 0.9859 0.0007 -0.1675
vn 0.9782 -0.1999 0.0564
vn 0.9113 -0.3768 -0.1663
vn 0.9203 -0.3868 0.0584
vn 0.8203 -0.5474 -0.1655
vn 0.8270 -0.5589 0.0605
vn 0.6979 -0.6970 -0.1648
vn 0.7020 -0.7094 0.0627
vn 0.5486 -0.8199 -0.1640
vn 0.5501 -0.8326 0.0649
vn 0.3782 -0.9112 -0.1633
vn 0.3770 -0.9238 0.0670
vn 0.1931 -0.9676 -0.1626
vn 0.1896 -0.9795 0.0688
vn 0.0007 -0.9868 -0.1621
vn -0.0051 -0.9975 0.0705
vn -0.1918 -0.9680 -0.1616
vn -0.1996 -0.9772 0.0718
vn -0.3769 -0.9121 -0.1613
vn -0.3864 -0.9195 0.0728
vn -0.5476 -0.8211 -0.1611
vn -0.5582 -0.8264 0.0733
vn -0.6973 -0.6985 -0.1610
vn -0.7087 -0.7017 0.0734
vn -0.8201 -0.5491 -0.1611
vn -0.8320 -0.5500 0.0731
vn -0.9114 -0.3786 -0.1614
vn -0.9233 -0.3771 0.0724
vn -0.9677 -0.1935 -0.1618
vn -0.9792 -0.1898 0.0713
vn -0.9867 -0.0011 -0.1622
vn -0.9975 0.0048 0.0699
vn -0.9679 0.1914 -0.1629
vn -0.9776 0.1994 0.0681
vn -0.9119 0.3765 -0.1635
vn -0.9200 0.3863 0.0661
vn -0.8208 0.5471 -0.1643
vn -0.8271 0.5584 0.0640
vn -0.6982 0.6966 -0.1650
vn -0.7024 0.7091 0.0618
vn -0.5488 0.8194 -0.1658
vn -0.5506 0.8326 0.0596
vn -0.3784 0.9106 -0.1665
vn -0.3776 0.9242 0.0576
vn -0.1934 0.9668 -0.1671
vn -0.1901 0.9802 0.0557
vn -0.0010 0.9858 -0.1677
vn 0.0048 0.9985 0.0540
vn 0.1913 0.9670 -0.1682
vn 0.1996 0.9785 0.0527
vn 0.3763 0.9110 -0.1685
vn 0.3867 0.9208 0.0517
vn 0.5469 0.8201 -0.1687
vn 0.5590 0.8276 0.0511
vn 0.6963 0.6976 -0.1688
vn 0.7097 0.7026 0.0510
vn 0.8191 0.5483 -0.1687
vn 0.8332 0.5506 0.0513
vn 0.9104 0.3779 -0.1684
vn 0.9246 0.3775 0.0520
vn 0.9667 0.1930 -0.1680
vn 0.9804 0.1898 0.0532
vn 0.9663 -0.0000 -0.2574
vn 0.9477 -0.1885 -0.2574
vn 0.8927 -0.3698 -0.2574
vn 0.8035 -0.5368 -0.2574
vn 0.6833 -0.6833 -0.2574
vn 0.5368 -0.8035 -0.2574
vn 0.3698 -0.8927 -0.2574
vn 0.1885 -0.9477 -0.2574
vn 0.0000 -0.9663 -0.2574
vn -0.1885 -0.9477 -0.2574
vn -0.3698 -0.8927 -0.2574
vn -0.5368 -0.8035 -0.2574
vn -0.6833 -0.6833 -0.2574
vn -0.8035 -0.5368 -0.2574
vn -0.8927 -0.3698 -0.2574
vn -0.9477 -0.1885 -0.2574
vn -0.9663 0.0000 -0.2574
vn -0.9477 0.1885 -0.2574
vn -0.8927 0.3698 -0.2574
vn -0.8035 0.5368 -0.2574
vn -0.6833 0.6833 -0.2574
vn -0.5368 0.8035 -0.2574
vn -0.3698 0.8927 -0.2574
vn -0.1885 0.9477 -0.2574
vn 0.0000 0.9663 -0.2574
vn 0.1885 0.9477 -0.2574
vn 0.3698 0.8927 -0.2574
vn 0.5368 0.8035 -0.2574
vn 0.6833 0.6833 -0.2574
vn 0.8035 0.5368 -0.2574
vn 0.8927 0.3698 -0.2574
vn 0.9477 0.1885 -0.2574
vn 0.9745 -0.1970 0.1070
vn 0.9868 -0.0080 0.1616
vn 0.9942 -0.0031 0.1070
vn 0.9661 -0.2003 0.1628
vn 0.9174 -0.3833 0.1070
vn 0.8250 -0.5550 0.1070
vn 0.9083 -0.3848 0.1641
vn 0.8156 -0.5544 0.1655
vn 0.7008 -0.7052 0.1070
vn 0.5498 -0.8284 0.1070
vn 0.6916 -0.7027 0.1670
vn 0.5411 -0.8239 0.1684
vn 0.3776 -0.9198 0.1070
vn 0.1909 -0.9757 0.1071
vn 0.3698 -0.9135 0.1698
vn 0.1844 -0.9679 0.1710
vn -0.0031 -0.9942 0.1071
vn -0.1970 -0.9745 0.1070
vn -0.0080 -0.9850 0.1721
vn -0.2001 -0.9644 0.1730
vn -0.3833 -0.9174 0.1071
vn -0.5550 -0.8250 0.1070
vn -0.3844 -0.9067 0.1736
vn -0.5539 -0.8142 0.1740
vn -0.7052 -0.7009 0.1071
vn -0.8284 -0.5498 0.1070
vn -0.7022 -0.6904 0.1740
vn -0.8235 -0.5401 0.1738
vn -0.9198 -0.3776 0.1070
vn -0.9758 -0.1909 0.1070
vn -0.9131 -0.3690 0.1734
vn -0.9677 -0.1837 0.1726
vn -0.9943 0.0031 0.1070
vn -0.9745 0.1970 0.1070
vn -0.9851 0.0087 0.1717
vn -0.9647 0.2008 0.1705
vn -0.9174 0.3833 0.1071
vn -0.8250 0.5550 0.1070
vn -0.9072 0.3853 0.1692
vn -0.8148 0.5550 0.1677
vn -0.7009 0.7052 0.1071
vn -0.5498 0.8284 0.1070
vn -0.6910 0.7035 0.1663
vn -0.5406 0.8250 0.1648
vn -0.3776 0.9198 0.1070
vn -0.1909 0.9757 0.1070
vn -0.3694 0.9148 0.1635
vn -0.1839 0.9695 0.1622
vn 0.0031 0.9942 0.1071
vn 0.1970 0.9745 0.1071
vn 0.0087 0.9869 0.1611
vn 0.2010 0.9664 0.1602
vn 0.3833 0.9174 0.1071
vn 0.5550 0.8250 0.1070
vn 0.3857 0.9087 0.1596
vn 0.5555 0.8161 0.1592
vn 0.7052 0.7009 0.1071
vn 0.8284 0.5498 0.1070
vn 0.7040 0.6922 0.1592
vn 0.8254 0.5416 0.1594
vn 0.9198 0.3776 0.1071
vn 0.9758 0.1909 0.1070
vn 0.9151 0.3702 0.1599
vn 0.9696 0.1846 0.1606
vn 0.9707 -0.1948 0.1410
vn 0.9971 -0.0013 0.0757
vn 0.9900 -0.0017 0.1409
vn 0.9777 -0.1958 0.0757
vn 0.9207 -0.3828 0.0757
vn 0.9140 -0.3804 0.1410
vn 0.8222 -0.5514 0.1409
vn 0.8284 -0.5551 0.0758
vn 0.7041 -0.7060 0.0757
vn 0.6988 -0.7012 0.1410
vn 0.5486 -0.8241 0.1409
vn 0.5529 -0.8298 0.0758
vn 0.3804 -0.9217 0.0758
vn 0.3773 -0.9153 0.1410
vn 0.1915 -0.9713 0.1409
vn 0.1933 -0.9782 0.0758
vn -0.0013 -0.9971 0.0757
vn -0.0017 -0.9900 0.1408
vn -0.1948 -0.9707 0.1410
vn -0.1958 -0.9777 0.0757
vn -0.3828 -0.9207 0.0758
vn -0.3804 -0.9140 0.1409
vn -0.5514 -0.8222 0.1409
vn -0.5551 -0.8284 0.0757
vn -0.7060 -0.7041 0.0758
vn -0.7013 -0.6988 0.1409
vn -0.8241 -0.5486 0.1409
vn -0.8298 -0.5529 0.0757
vn -0.9217 -0.3804 0.0758
vn -0.9153 -0.3773 0.1410
vn -0.9713 -0.1915 0.1410
vn -0.9782 -0.1932 0.0758
vn -0.9971 0.0013 0.0758
vn -0.9900 0.0017 0.1409
vn -0.9707 0.1948 0.1409
vn -0.9777 0.1958 0.0758
vn -0.9207 0.3828 0.0757
vn -0.9140 0.3804 0.1409
vn -0.8222 0.5514 0.1410
vn -0.8284 0.5551 0.0757
vn -0.7042 0.7060 0.0757
vn -0.6988 0.7012 0.1409
vn -0.5486 0.8241 0.1410
vn -0.5529 0.8298 0.0758
vn -0.3804 0.9217 0.0757
vn -0.3773 0.9153 0.1409
vn -0.1915 0.9713 0.1409
vn -0.1932 0.9782 0.0758
vn 0.0013 0.9971 0.0757
vn 0.0017 0.9900 0.1409
vn 0.1948 0.9707 0.1409
vn 0.1958 0.9777 0.0757
vn 0.3828 0.9207 0.0757
vn 0.3804 0.9140 0.1408
vn 0.5514 0.8222 0.1409
vn 0.5551 0.8284 0.0757
vn 0.7060 0.7042 0.0758
vn 0.7013 0.6989 0.1409
vn 0.8242 0.5486 0.1406
vn 0.8298 0.5529 0.0757
vn 0.9217 0.3804 0.0757
vn 0.9153 0.3773 0.1409
vn 0.9713 0.1915 0.1409
vn 0.9782 0.1932 0.0757
vn -0.5823 0.0846 0.8086
vn 0.1735 0.8337 0.5242
vn -0.5307 -0.2523 0.8091
vn -0.7827 -0.3505 0.5143
vn -0.5774 -0.4364 0.6901
vn -0.2355 -0.1008 0.9666
vn -0.2112 -0.1448 0.9667
vn 0.8525 -0.1025 0.5126
vn 0.5823 -0.0846 0.8086
vn -0.5046 0.3010 0.8092
vn -0.1661 0.2219 0.9608
vn -0.0334 0.0466 0.9984
vn 0.7907 0.3188 0.5227
vn -0.3880 0.7660 0.5126
vn -0.5968 0.6075 0.5242
vn -0.5121 0.4949 0.7020
vn -0.2738 0.8067 0.5236
vn -0.7260 0.4565 0.5143
vn -0.1775 0.2247 0.9581
vn -0.1519 0.4285 0.8907
vn 0.0850 0.5814 0.8092
vn 0.5968 -0.6075 0.5242
vn 0.6360 -0.6522 0.4124
vn 0.5592 0.6516 0.5125
vn -0.5332 0.7086 0.4622
vn -0.1906 -0.8309 0.5228
vn 0.5332 -0.7086 0.4622
vn 0.5307 0.2523 0.8091
vn 0.7827 0.3505 0.5143
vn 0.6917 0.5202 0.5010
vn 0.6789 0.5109 0.5273
vn -0.0252 -0.3443 0.9385
vn -0.0685 -0.3358 0.9394
vn -0.0416 0.7225 0.6901
vn -0.0030 0.2561 0.9666
vn 0.3003 0.1703 0.9385
vn -0.3002 -0.1703 0.9385
vn 0.0334 -0.0466 0.9984
vn -0.3158 0.7800 0.5402
vn 0.5324 0.6641 0.5249
vn 0.8584 0.2203 0.4633
vn 0.9121 0.0546 0.4063
vn 0.1661 -0.2218 0.9608
vn -0.7907 -0.3188 0.5227
vn 0.3880 -0.7660 0.5126
vn 0.0252 0.3443 0.9385
vn -0.3173 -0.1296 0.9394
vn 0.2094 -0.8234 0.5274
vn 0.8019 -0.2806 0.5274
vn 0.8183 -0.2374 0.5235
vn -0.0850 -0.5814 0.8092
vn -0.0302 -0.0488 0.9984
vn 0.0685 0.3358 0.9394
vn 0.1775 -0.2247 0.9581
vn 0.8854 -0.0283 0.4639
vn 0.8787 0.1634 0.4486
vn 0.2564 -0.8116 0.5249
vn 0.0983 -0.3367 0.9365
vn -0.0558 -0.0131 0.9984
vn 0.7961 -0.0002 0.6052
vn 0.7807 -0.1555 0.6052
vn 0.7354 -0.3048 0.6052
vn 0.6618 -0.4425 0.6052
vn 0.5627 -0.5630 0.6053
vn 0.4421 -0.6621 0.6051
vn 0.3045 -0.7356 0.6052
vn 0.1551 -0.7808 0.6052
vn -0.0002 -0.7961 0.6051
vn 0.0030 -0.2561 0.9666
vn -0.1555 -0.7807 0.6052
vn -0.3048 -0.7354 0.6051
vn -0.4425 -0.6618 0.6052
vn -0.5631 -0.5628 0.6052
vn -0.6621 -0.4421 0.6052
vn -0.7356 -0.3045 0.6051
vn -0.7808 -0.1551 0.6052
vn -0.7961 0.0002 0.6051
vn -0.7808 0.1555 0.6051
vn -0.7354 0.3049 0.6051
vn -0.6617 0.4424 0.6053
vn -0.5627 0.5630 0.6052
vn -0.4421 0.6620 0.6052
vn -0.3045 0.7356 0.6052
vn -0.1551 0.7808 0.6052
vn 0.0002 0.7961 0.6052
vn 0.1555 0.7807 0.6052
vn 0.3049 0.7355 0.6051
vn 0.4425 0.6618 0.6052
vn 0.5631 0.5628 0.6051
vn 0.6620 0.4421 0.6052
vn 0.7356 0.3045 0.6052
vn 0.7808 0.1551 0.6052
vn 0.0441 -0.1938 0.9800
vn 0.2074 0.1248 0.9703
vn -0.2249 0.0980 0.9694
vn -0.0410 0.2383 0.9703
vn -0.1648 -0.1112 0.9800
vn 0.1901 -0.1448 0.9710
vn 0.1753 0.1665 0.9703
vn -0.1841 0.0753 0.9800
vn -0.0148 -0.2385 0.9710
vn -0.0441 0.1938 0.9800
vn -0.2074 -0.1248 0.9703
vn 0.2249 -0.0980 0.9694
vn 0.0410 -0.2383 0.9703
vn 0.1648 0.1112 0.9800
vn -0.1901 0.1448 0.9710
vn -0.6789 -0.5109 0.5273
vn -0.1776 0.8511 0.4940
vn -0.8183 0.2374 0.5235
vn 0.8168 -0.2862 0.5009
vn 0.2412 -0.2435 0.9394
vn -0.6834 0.2380 0.6901
vn 0.1440 0.8455 0.5142
vn -0.8525 0.1025 0.5126
vn -0.6297 -0.3541 0.6915
vn -0.5849 0.6201 0.5227
vn 0.0861 -0.7172 0.6915
vn 0.7260 -0.4566 0.5142
vn -0.8584 -0.2203 0.4633
vn -0.1440 -0.8455 0.5143
vn 0.0417 -0.7225 0.6901
vn 0.0634 -0.1889 0.9799
vn -0.1503 -0.1308 0.9799
vn -0.1884 -0.0635 0.9800
vn -0.0634 0.1889 0.9799
vn 0.1884 0.0635 0.9800
vn 0.1924 -0.0523 0.9799
vn 0.1575 -0.1214 0.9800
vn -0.0519 -0.1920 0.9800
vn -0.1923 0.0523 0.9799
vn -0.1575 0.1214 0.9800
vn 0.0519 0.1920 0.9800
vn -0.1678 0.2250 0.9598
vn -0.2405 0.0854 0.9669
vn -0.2856 -0.0502 0.9570
vn -0.0580 0.2485 0.9669
vn -0.0176 0.2546 0.9669
vn 0.0981 0.2655 0.9591
vn -0.1597 0.2445 0.9564
vn 0.1169 0.2654 0.9570
vn 0.2046 0.1525 0.9669
vn 0.2803 0.0144 0.9598
vn 0.1678 -0.2251 0.9598
vn 0.2404 -0.0854 0.9669
vn 0.2856 0.0502 0.9570
vn 0.0580 -0.2485 0.9669
vn 0.0176 -0.2547 0.9669
vn -0.0981 -0.2654 0.9591
vn 0.1597 -0.2445 0.9564
vn -0.1169 -0.2654 0.9570
vn -0.2046 -0.1525 0.9669
vn -0.2803 -0.0144 0.9598
vn 0.2118 -0.0706 0.9748
vn 0.2106 0.1211 0.9700
vn 0.0134 -0.2193 0.9756
vn -0.1821 0.1082 0.9773
vn -0.0360 0.2384 0.9705
vn -0.2118 0.0705 0.9748
vn -0.2106 -0.1211 0.9701
vn -0.0135 0.2193 0.9756
vn 0.1821 -0.1083 0.9773
vn 0.0360 -0.2384 0.9705
vn 0.1924 -0.1404 0.9712
vn -0.1924 0.1404 0.9712
vn 0.1748 0.1331 0.9756
vn 0.0111 -0.2117 0.9773
vn -0.1782 -0.1624 0.9705
vn -0.0035 -0.1990 0.9800
vn -0.1953 -0.0915 0.9765
vn -0.2222 0.1023 0.9696
vn -0.1748 -0.1331 0.9756
vn -0.0111 0.2117 0.9773
vn 0.1782 0.1624 0.9705
vn 0.0035 0.1990 0.9800
vn 0.1954 0.0915 0.9765
vn 0.2222 -0.1023 0.9696
vn 0.0099 0.2380 0.9712
vn -0.0099 -0.2380 0.9712
vn 0.7568 0.4283 0.4937
vn 0.7775 -0.3915 0.4921
vn -0.0646 -0.8672 0.4938
vn -0.7568 -0.4284 0.4937
vn -0.7775 0.3915 0.4921
usemtl ChessWhite
s 1
f 4/1/1 2/2/2 1/3/3
f 2/2/2 3/4/4 5/5/5
f 3/4/4 6/6/6 5/5/5
f 4/1/1 6/6/6 3/4/4
f 9/7/7 6/6/6 7/8/8
f 6/6/6 8/9/9 5/5/5
f 8/9/9 10/10/10 5/5/5
f 9/7/7 10/10/10 8/9/9
f 13/11/11 10/10/10 11/12/12
f 10/10/10 12/13/13 5/5/5
f 12/13/13 14/14/14 5/5/5
f 13/11/11 14/14/14 12/13/13
f 17/15/15 14/14/14 15/16/16
f 14/14/14 16/17/17 5/5/5
f 16/17/17 18/18/18 5/5/5
f 17/15/15 18/18/18 16/17/17
f 21/19/19 18/18/18 19/20/20
f 18/18/18 20/21/21 5/5/5
f 20/21/21 22/22/22 5/5/5
f 21/19/19 22/22/22 20/21/21
f 25/23/23 22/22/22 23/24/24
f 22/22/22 24/25/25 5/5/5
f 24/25/25 26/26/26 5/5/5
f 25/23/23 26/26/26 24/25/25
f 29/27/27 26/26/26 27/28/28
f 26/26/26 28/29/29 5/5/5
f 28/29/29 30/30/30 5/5/5
f 29/27/27 30/30/30 28/29/29
f 33/31/31 30/30/30 31/32/32
f 30/30/30 32/33/33 5/5/5
f 32/33/33 34/34/34 5/5/5
f 33/31/31 34/34/34 32/33/33
f 37/35/35 34/34/34 35/36/36
f 34/34/34 36/37/37 5/5/5
f 36/37/37 38/38/38 5/5/5
f 37/35/35 38/38/38 36/37/37
f 41/39/39 38/38/38 39/40/40
f 38/38/38 40/41/41 5/5/5
f 40/41/41 42/42/42 5/5/5
f 41/39/39 42/42/42 40/41/41
f 45/43/43 42/42/42 43/44/44
f 42/42/42 44/45/45 5/5/5
f 44/45/45 46/46/46 5/5/5
f 45/43/43 46/46/46 44/45/45
f 49/47/47 46/46/46 47/48/48
f 46/46/46 48/49/49 5/5/5
f 48/49/49 50/50/50 5/5/5
f 49/47/47 50/50/50 48/49/49
f 53/51/51 50/50/50 51/52/52
f 50/50/50 52/53/53 5/5/5
f 52/53/53 54/54/54 5/5/5
f 53/51/51 54/54/54 52/53/53
f 57/55/55 54/54/54 55/56/56
f 54/54/54 56/57/57 5/5/5
f 56/57/57 58/58/58 5/5/5
f 57/55/55 58/58/58 56/57/57
f 61/59/59 58/58/58 59/60/60
f 58/58/58 60/61/61 5/5/5
f 60/61/61 62/62/62 5/5/5
f 61/59/59 62/62/62 60/61/61
f 65/63/63 62/62/62 63/64/64
f 62/62/62 64/65/65 5/5/5
f 64/65/65 2/2/2 5/5/5
f 65/63/63 2/2/2 64/65/65
f 66/66/66 68/67/67 67/68/68
f 67/68/68 71/69/69 70/70/70
f 68/67/67 72/71/71 71/69/69
f 74/72/72 68/67/67 69/73/73
f 74/72/72 75/74/74 73/75/75
f 73/75/75 77/76/76 72/71/71
f 75/74/74 78/77/77 77/76/76
f 80/78/78 75/74/74 76/79/79
f 80/78/78 81/80/80 79/81/81
f 79/81/81 83/82/82 78/77/77
f 81/80/80 84/83/83 83/82/82
f 82/84/84 85/85/85 81/80/80
f 86/86/86 87/87/87 85/85/85
f 85/85/85 89/88/88 84/83/83
f 87/87/87 90/89/89 89/88/88
f 88/90/90 91/91/91 87/87/87
f 92/92/92 93/93/93 91/91/91
f 91/91/91 95/94/94 90/89/89
f 93/93/93 96/95/95 95/94/94
f 94/96/96 97/97/97 93/93/93
f 98/98/98 99/99/99 97/97/97
f 97/97/97 101/100/100 96/95/95
f 99/99/99 102/101/101 101/100/100
f 100/102/102 103/103/103 99/99/99
f 104/104/104 105/105/105 103/103/103
f 103/103/103 107/106/106 102/101/101
f 105/105/105 108/107/107 107/106/106
f 106/108/108 109/109/109 105/105/105
f 110/110/110 111/111/111 109/109/109
f 109/109/109 113/112/112 108/107/107
f 111/111/111 114/113/113 113/112/112
f 112/114/114 115/115/115 111/111/111
f 116/116/116 117/117/117 115/115/115
f 115/115/115 119/118/118 114/113/113
f 117/117/117 120/119/119 119/118/118
f 118/120/120 121/121/121 117/117/117
f 122/122/122 123/123/123 121/121/121
f 121/121/121 125/124/124 120/119/119
f 123/123/123 126/125/125 125/124/124
f 124/126/126 127/127/127 123/123/123
f 128/128/128 129/129/129 127/127/127
f 127/127/127 131/130/130 126/125/125
f 129/129/129 132/131/131 131/130/130
f 130/132/132 133/133/133 129/129/129
f 134/134/134 135/135/135 133/133/133
f 133/133/133 137/136/136 132/131/131
f 135/135/135 138/137/137 137/136/136
f 136/138/138 139/139/139 135/135/135
f 140/140/140 141/141/141 139/139/139
f 139/139/139 143/142/142 138/137/137
f 141/141/141 144/143/143 143/142/142
f 146/144/144 141/141/141 142/145/145
f 146/144/144 147/146/146 145/147/147
f 145/147/147 149/148/148 144/143/143
f 147/146/146 150/149/149 149/148/148
f 148/150/150 151/151/151 147/146/146
f 152/152/152 153/153/153 151/151/151
f 151/151/151 155/154/154 150/149/149
f 153/153/153 156/155/155 155/154/154
f 158/156/156 153/153/153 154/157/157
f 158/156/156 159/158/158 157/159/159
f 157/159/159 161/160/160 156/155/155
f 159/158/158 70/70/70 161/160/160
f 160/161/161 67/68/68 159/158/158
f 165/162/162 163/163/163 162/164/164
f 164/165/165 166/166/166 163/163/163
f 169/167/167 167/168/168 164/165/165
f 165/162/162 169/167/167 164/165/165
f 172/169/169 169/167/167 170/170/170
f 169/167/167 173/171/171 168/172/172
f 175/173/173 173/171/171 171/174/174
f 172/169/169 175/173/173 171/174/174
f 178/175/175 175/176/173 176/177/176
f 177/178/177 174/179/178 175/176/173
f 181/180/179 179/181/180 177/178/177
f 178/175/175 181/180/179 177/178/177
f 184/182/181 181/180/179 182/183/182
f 183/184/183 180/185/184 181/180/179
f 187/186/185 185/187/186 183/184/183
f 184/182/181 187/186/185 183/184/183
f 190/188/187 187/186/185 188/189/188
f 187/186/185 191/190/189 186/191/190
f 189/192/191 192/193/192 191/190/189
f 190/188/187 193/194/193 189/192/191
f 196/195/194 193/194/193 194/196/195
f 195/197/196 192/193/192 193/194/193
f 199/198/197 197/199/198 195/197/196
f 196/195/194 199/198/197 195/197/196
f 202/200/199 199/201/197 200/202/200
f 201/203/201 198/204/202 199/201/197
f 201/203/201 204/205/203 203/206/204
f 202/200/199 205/207/205 201/203/201
f 208/208/206 205/207/205 206/209/207
f 207/210/208 204/205/203 205/207/205
f 211/211/209 209/212/210 207/210/208
f 208/208/206 211/211/209 207/210/208
f 214/213/211 211/211/209 212/214/212
f 211/211/209 215/215/213 210/216/214
f 217/217/215 215/215/213 213/218/216
f 214/213/211 217/217/215 213/218/216
f 220/219/217 217/217/215 218/220/218
f 219/221/219 216/222/220 217/217/215
f 219/221/219 222/223/221 221/224/222
f 220/219/217 223/225/223 219/221/219
f 226/226/224 223/227/223 224/228/225
f 223/227/223 227/229/226 222/230/221
f 225/231/227 228/232/228 227/229/226
f 226/226/224 229/233/229 225/231/227
f 232/234/230 229/233/229 230/235/231
f 231/236/232 228/232/228 229/233/229
f 235/237/233 233/238/234 231/236/232
f 232/234/230 235/237/233 231/236/232
f 238/239/235 235/237/233 236/240/236
f 235/237/233 239/241/237 234/242/238
f 237/243/239 240/244/240 239/241/237
f 238/239/235 241/245/241 237/243/239
f 244/246/242 241/245/241 242/247/243
f 241/245/241 245/248/244 240/244/240
f 243/249/245 246/250/246 245/248/244
f 244/246/242 247/251/247 243/249/245
f 250/252/248 247/253/247 248/254/249
f 247/253/247 251/255/250 246/256/246
f 249/257/251 252/258/252 251/255/250
f 250/252/248 253/259/253 249/257/251
f 256/260/254 253/259/253 254/261/255
f 253/259/253 257/262/256 252/258/252
f 163/163/163 257/262/256 255/263/257
f 256/260/254 163/163/163 255/263/257
f 261/264/258 259/265/259 258/266/260
f 260/267/261 262/268/262 259/265/259
f 265/269/263 263/270/264 260/267/261
f 266/271/265 260/267/261 261/264/258
f 268/272/266 265/269/263 266/271/265
f 267/273/267 264/274/268 265/269/263
f 271/275/269 269/276/270 267/273/267
f 272/277/271 267/273/267 268/272/266
f 274/278/272 271/279/269 272/280/271
f 273/281/273 270/282/274 271/279/269
f 277/283/275 275/284/276 273/281/273
f 278/285/277 273/281/273 274/278/272
f 280/286/278 277/283/275 278/285/277
f 279/287/279 276/288/280 277/283/275
f 283/289/281 281/290/282 279/287/279
f 284/291/283 279/287/279 280/286/278
f 286/292/284 283/289/281 284/291/283
f 285/293/285 282/294/286 283/289/281
f 289/295/287 287/296/288 285/293/285
f 290/297/289 285/293/285 286/292/284
f 292/298/290 289/295/287 290/297/289
f 291/299/291 288/300/292 289/295/287
f 295/301/293 293/302/294 291/299/291
f 296/303/295 291/299/291 292/298/290
f 298/304/296 295/305/293 296/306/295
f 297/307/297 294/308/298 295/305/293
f 301/309/299 299/310/300 297/307/297
f 302/311/301 297/307/297 298/304/296
f 304/312/302 301/309/299 302/311/301
f 303/313/303 300/314/304 301/309/299
f 307/315/305 305/316/306 303/313/303
f 308/317/307 303/313/303 304/312/302
f 310/318/308 307/315/305 308/317/307
f 309/319/309 306/320/310 307/315/305
f 313/321/311 311/322/312 309/319/309
f 314/323/313 309/319/309 310/318/308
f 316/324/314 313/321/311 314/323/313
f 315/325/315 312/326/316 313/321/311
f 319/327/317 317/328/318 315/325/315
f 320/329/319 315/325/315 316/324/314
f 322/330/320 319/331/317 320/332/319
f 321/333/321 318/334/322 319/331/317
f 325/335/323 323/336/324 321/333/321
f 326/337/325 321/333/321 322/330/320
f 328/338/326 325/335/323 326/337/325
f 327/339/327 324/340/328 325/335/323
f 331/341/329 329/342/330 327/339/327
f 332/343/331 327/339/327 328/338/326
f 334/344/332 331/341/329 332/343/331
f 333/345/333 330/346/334 331/341/329
f 337/347/335 335/348/336 333/345/333
f 338/349/337 333/345/333 334/344/332
f 340/350/338 337/347/335 338/349/337
f 339/351/339 336/352/340 337/347/335
f 343/353/341 341/354/342 339/351/339
f 344/355/343 339/351/339 340/350/338
f 346/356/344 343/357/341 344/358/343
f 345/359/345 342/360/346 343/357/341
f 349/361/347 347/362/348 345/359/345
f 350/363/349 345/359/345 346/356/344
f 352/364/350 349/361/347 350/363/349
f 351/365/351 348/366/352 349/361/347
f 259/265/259 353/367/353 351/365/351
f 258/266/260 351/365/351 352/364/350
f 354/368/354 356/369/355 355/370/356
f 356/369/355 358/371/357 355/370/356
f 361/372/358 359/373/359 356/369/355
f 357/374/360 361/372/358 356/369/355
f 362/375/361 363/376/362 361/372/358
f 363/376/362 360/377/363 361/372/358
f 367/378/364 365/379/365 363/376/362
f 364/380/366 367/378/364 363/376/362
f 368/381/367 369/382/368 367/383/364
f 369/382/368 366/384/369 367/383/364
f 373/385/370 371/386/371 369/382/368
f 370/387/372 373/385/370 369/382/368
f 374/388/373 375/389/374 373/385/370
f 375/389/374 372/390/375 373/385/370
f 379/391/376 377/392/377 375/389/374
f 376/393/378 379/391/376 375/389/374
f 380/394/379 381/395/380 379/391/376
f 381/395/380 378/396/381 379/391/376
f 385/397/382 383/398/383 381/395/380
f 382/399/384 385/397/382 381/395/380
f 386/400/385 387/401/386 385/397/382
f 387/401/386 384/402/387 385/397/382
f 391/403/388 389/404/389 387/401/386
f 388/405/390 391/403/388 387/401/386
f 392/406/391 393/407/392 391/408/388
f 393/407/392 390/409/393 391/408/388
f 397/410/394 395/411/395 393/407/392
f 394/412/396 397/410/394 393/407/392
f 398/413/397 399/414/398 397/410/394
f 399/414/398 396/415/399 397/410/394
f 403/416/400 401/417/401 399/414/398
f 400/418/402 403/416/400 399/414/398
f 404/419/403 405/420/404 403/416/400
f 405/420/404 402/421/405 403/416/400
f 409/422/406 407/423/407 405/420/404
f 406/424/408 409/422/406 405/420/404
f 410/425/409 411/426/410 409/422/406
f 411/426/410 408/427/411 409/422/406
f 415/428/412 413/429/413 411/426/410
f 412/430/414 415/428/412 411/426/410
f 416/431/415 417/432/416 415/433/412
f 417/432/416 414/434/417 415/433/412
f 421/435/418 419/436/419 417/432/416
f 418/437/420 421/435/418 417/432/416
f 422/438/421 423/439/422 421/435/418
f 423/439/422 420/440/423 421/435/418
f 427/441/424 425/442/425 423/439/422
f 424/443/426 427/441/424 423/439/422
f 428/444/427 429/445/428 427/441/424
f 429/445/428 426/446/429 427/441/424
f 433/447/430 431/448/431 429/445/428
f 430/449/432 433/447/430 429/445/428
f 434/450/433 435/451/434 433/447/430
f 435/451/434 432/452/435 433/447/430
f 439/453/436 437/454/437 435/451/434
f 436/455/438 439/453/436 435/451/434
f 440/456/439 441/457/440 439/458/436
f 441/457/440 438/459/441 439/458/436
f 445/460/442 443/461/443 441/457/440
f 442/462/444 445/460/442 441/457/440
f 446/463/445 447/464/446 445/460/442
f 447/464/446 444/465/447 445/460/442
f 355/370/356 449/466/448 447/464/446
f 448/467/449 355/370/356 447/464/446
f 359/373/359 450/468/450 358/371/357
f 451/469/451 452/470/452 450/468/450
f 455/471/453 453/472/454 451/469/451
f 360/377/363 451/469/451 359/373/359
f 365/379/365 455/471/453 360/377/363
f 456/473/455 454/474/456 455/471/453
f 459/475/457 457/476/458 456/473/455
f 366/477/369 456/473/455 365/379/365
f 371/386/371 459/478/457 366/384/369
f 460/479/459 458/480/460 459/478/457
f 463/481/461 461/482/462 460/479/459
f 372/390/375 460/479/459 371/386/371
f 377/392/377 463/481/461 372/390/375
f 464/483/463 462/484/464 463/481/461
f 467/485/465 465/486/466 464/483/463
f 378/396/381 464/483/463 377/392/377
f 383/398/383 467/485/465 378/396/381
f 468/487/467 466/488/468 467/485/465
f 471/489/469 469/490/470 468/487/467
f 384/402/387 468/487/467 383/398/383
f 389/404/389 471/489/469 384/402/387
f 472/491/471 470/492/472 471/489/469
f 475/493/473 473/494/474 472/491/471
f 390/495/393 472/491/471 389/404/389
f 395/411/395 475/496/473 390/409/393
f 476/497/475 474/498/476 475/496/473
f 479/499/477 477/500/478 476/497/475
f 396/415/399 476/497/475 395/411/395
f 401/417/401 479/499/477 396/415/399
f 480/501/479 478/502/480 479/499/477
f 483/503/481 481/504/482 480/501/479
f 402/421/405 480/501/479 401/417/401
f 407/423/407 483/503/481 402/421/405
f 484/505/483 482/506/484 483/503/481
f 487/507/485 485/508/486 484/505/483
f 408/427/411 484/505/483 407/423/407
f 413/429/413 487/507/485 408/427/411
f 488/509/487 486/510/488 487/507/485
f 491/511/489 489/512/490 488/509/487
f 414/513/417 488/509/487 413/429/413
f 419/436/419 491/514/489 414/434/417
f 492/515/491 490/516/492 491/514/489
f 495/517/493 493/518/494 492/515/491
f 420/440/423 492/515/491 419/436/419
f 425/442/425 495/517/493 420/440/423
f 496/519/495 494/520/496 495/517/493
f 499/521/497 497/522/498 496/519/495
f 426/446/429 496/519/495 425/442/425
f 431/448/431 499/521/497 426/446/429
f 500/523/499 498/524/500 499/521/497
f 503/525/501 501/526/502 500/523/499
f 432/452/435 500/523/499 431/448/431
f 437/454/437 503/525/501 432/452/435
f 504/527/503 502/528/504 503/525/501
f 507/529/505 505/530/506 504/527/503
f 438/531/441 504/527/503 437/454/437
f 443/461/443 507/532/505 438/459/441
f 508/533/507 506/534/508 507/532/505
f 511/535/509 509/536/510 508/533/507
f 444/465/447 508/533/507 443/461/443
f 449/466/448 511/535/509 444/465/447
f 512/537/511 510/538/512 511/535/509
f 450/468/450 513/539/513 512/537/511
f 358/371/357 512/537/511 449/466/448
f 453/472/454 514/540/514 452/470/452
f 515/541/515 516/542/516 514/540/514
f 519/543/517 517/544/518 515/541/515
f 454/474/456 515/541/515 453/472/454
f 457/476/458 519/543/517 454/474/456
f 520/545/519 518/546/520 519/543/517
f 523/547/521 521/548/522 520/545/519
f 458/549/460 520/545/519 457/476/458
f 461/482/462 523/550/521 458/480/460
f 524/551/523 522/552/524 523/550/521
f 527/553/525 525/554/526 524/551/523
f 462/484/464 524/551/523 461/482/462
f 465/486/466 527/553/525 462/484/464
f 528/555/527 526/556/528 527/553/525
f 531/557/529 529/558/530 528/555/527
f 466/488/468 528/555/527 465/486/466
f 469/490/470 531/557/529 466/488/468
f 532/559/531 530/560/532 531/557/529
f 535/561/533 533/562/534 532/559/531
f 470/492/472 532/559/531 469/490/470
f 473/494/474 535/561/533 470/492/472
f 536/563/535 534/564/536 535/561/533
f 539/565/537 537/566/538 536/563/535
f 474/567/476 536/563/535 473/494/474
f 477/500/478 539/568/537 474/498/476
f 540/569/539 538/570/540 539/568/537
f 543/571/541 541/572/542 540/569/539
f 478/502/480 540/569/539 477/500/478
f 481/504/482 543/571/541 478/502/480
f 544/573/543 542/574/544 543/571/541
f 547/575/545 545/576/546 544/573/543
f 482/506/484 544/573/543 481/504/482
f 485/508/486 547/575/545 482/506/484
f 548/577/547 546/578/548 547/575/545
f 551/579/549 549/580/550 548/577/547
f 486/510/488 548/577/547 485/508/486
f 489/512/490 551/579/549 486/510/488
f 552/581/551 550/582/552 551/579/549
f 555/583/553 553/584/554 552/581/551
f 490/585/492 552/581/551 489/512/490
f 493/518/494 555/586/553 490/516/492
f 556/587/555 554/588/556 555/586/553
f 559/589/557 557/590/558 556/587/555
f 494/520/496 556/587/555 493/518/494
f 497/522/498 559/589/557 494/520/496
f 560/591/559 558/592/560 559/589/557
f 563/593/561 561/594/562 560/591/559
f 498/524/500 560/591/559 497/522/498
f 501/526/502 563/593/561 498/524/500
f 564/595/563 562/596/564 563/593/561
f 567/597/565 565/598/566 564/595/563
f 502/528/504 564/595/563 501/526/502
f 505/530/506 567/597/565 502/528/504
f 568/599/567 566/600/568 567/597/565
f 571/601/569 569/602/570 568/599/567
f 506/603/508 568/599/567 505/530/506
f 509/536/510 571/604/569 506/534/508
f 572/605/571 570/606/572 571/604/569
f 575/607/573 573/608/574 572/605/571
f 510/538/512 572/605/571 509/536/510
f 513/539/513 575/607/573 510/538/512
f 576/609/575 574/610/576 575/607/573
f 514/540/514 577/611/577 576/609/575
f 452/470/452 576/609/575 513/539/513
f 578/612/578 580/613/579 579/614/580
f 579/614/580 583/615/581 582/616/582
f 580/613/579 584/617/583 583/615/581
f 581/618/584 585/619/585 580/613/579
f 586/620/586 587/621/587 585/619/585
f 585/619/585 589/622/588 584/617/583
f 587/621/587 590/623/589 589/622/588
f 588/624/590 591/625/591 587/626/587
f 592/627/592 593/628/593 591/625/591
f 591/629/591 595/630/594 590/631/589
f 593/632/593 596/633/595 595/630/594
f 594/634/596 597/635/597 593/632/593
f 598/636/598 599/637/599 597/635/597
f 597/635/597 601/638/600 596/633/595
f 599/637/599 602/639/601 601/638/600
f 600/640/602 603/641/603 599/637/599
f 604/642/604 605/643/605 603/641/603
f 603/641/603 607/644/606 602/639/601
f 605/643/605 608/645/607 607/644/606
f 606/646/608 609/647/609 605/643/605
f 610/648/610 611/649/611 609/647/609
f 609/647/609 613/650/612 608/645/607
f 611/649/611 614/651/613 613/650/612
f 612/652/614 615/653/615 611/654/611
f 616/655/616 617/656/617 615/653/615
f 615/657/615 619/658/618 614/659/613
f 617/660/617 620/661/619 619/658/618
f 618/662/620 621/663/621 617/660/617
f 622/664/622 623/665/623 621/663/621
f 621/663/621 625/666/624 620/661/619
f 623/665/623 626/667/625 625/666/624
f 624/668/626 627/669/627 623/665/623
f 628/670/628 629/671/629 627/669/627
f 627/669/627 631/672/630 626/667/625
f 629/671/629 632/673/631 631/672/630
f 630/674/632 633/675/633 629/671/629
f 634/676/634 635/677/635 633/675/633
f 633/675/633 637/678/636 632/673/631
f 635/677/635 638/679/637 637/678/636
f 636/680/638 639/681/639 635/682/635
f 640/683/640 641/684/641 639/681/639
f 639/685/639 643/686/642 638/687/637
f 641/688/641 644/689/643 643/686/642
f 642/690/644 645/691/645 641/688/641
f 646/692/646 647/693/647 645/691/645
f 645/691/645 649/694/648 644/689/643
f 647/693/647 650/695/649 649/694/648
f 648/696/650 651/697/651 647/693/647
f 652/698/652 653/699/653 651/697/651
f 651/697/651 655/700/654 650/695/649
f 653/699/653 656/701/655 655/700/654
f 654/702/656 657/703/657 653/699/653
f 658/704/658 659/705/659 657/703/657
f 657/703/657 661/706/660 656/701/655
f 659/705/659 662/707/661 661/706/660
f 660/708/662 663/709/663 659/710/659
f 664/711/664 665/712/665 663/709/663
f 663/713/663 667/714/666 662/715/661
f 665/716/665 668/717/667 667/714/666
f 666/718/668 669/719/669 665/716/665
f 670/720/670 671/721/671 669/719/669
f 669/719/669 673/722/672 668/717/667
f 671/721/671 582/616/582 673/722/672
f 672/723/673 579/614/580 671/721/671
f 582/616/582 675/724/674 674/725/675
f 674/725/675 677/726/676 676/727/677
f 675/724/674 678/728/678 677/726/676
f 583/615/581 679/729/679 675/724/674
f 584/617/583 680/730/680 679/729/679
f 679/729/679 681/731/681 678/728/678
f 680/730/680 682/732/682 681/731/681
f 589/622/588 683/733/683 680/730/680
f 590/631/589 684/734/684 683/735/683
f 683/735/683 685/736/685 682/737/682
f 684/734/684 686/738/686 685/736/685
f 595/630/594 687/739/687 684/734/684
f 596/633/595 688/740/688 687/739/687
f 687/739/687 689/741/689 686/738/686
f 688/740/688 690/742/690 689/741/689
f 601/638/600 691/743/691 688/740/688
f 602/639/601 692/744/692 691/743/691
f 691/743/691 693/745/693 690/742/690
f 692/744/692 694/746/694 693/745/693
f 607/644/606 695/747/695 692/744/692
f 608/645/607 696/748/696 695/747/695
f 695/747/695 697/749/697 694/746/694
f 696/748/696 698/750/698 697/749/697
f 613/650/612 699/751/699 696/748/696
f 614/659/613 700/752/700 699/753/699
f 699/753/699 701/754/701 698/755/698
f 700/752/700 702/756/702 701/754/701
f 619/658/618 703/757/703 700/752/700
f 620/661/619 704/758/704 703/757/703
f 703/757/703 705/759/705 702/756/702
f 704/758/704 706/760/706 705/759/705
f 625/666/624 707/761/707 704/758/704
f 626/667/625 708/762/708 707/761/707
f 707/761/707 709/763/709 706/760/706
f 708/762/708 710/764/710 709/763/709
f 631/672/630 711/765/711 708/762/708
f 632/673/631 712/766/712 711/765/711
f 711/765/711 713/767/713 710/764/710
f 712/766/712 714/768/714 713/767/713
f 637/678/636 715/769/715 712/766/712
f 638/687/637 716/770/716 715/771/715
f 715/771/715 717/772/717 714/773/714
f 716/770/716 718/774/718 717/772/717
f 643/686/642 719/775/719 716/770/716
f 644/689/643 720/776/720 719/775/719
f 719/775/719 721/777/721 718/774/718
f 720/776/720 722/778/722 721/777/721
f 649/694/648 723/779/723 720/776/720
f 650/695/649 724/780/724 723/779/723
f 723/779/723 725/781/725 722/778/722
f 724/780/724 726/782/726 725/781/725
f 655/700/654 727/783/727 724/780/724
f 656/701/655 728/784/728 727/783/727
f 727/783/727 729/785/729 726/782/726
f 728/784/728 730/786/730 729/785/729
f 661/706/660 731/787/731 728/784/728
f 662/715/661 732/788/732 731/789/731
f 731/789/731 733/790/733 730/791/730
f 732/788/732 734/792/734 733/790/733
f 667/714/666 735/793/735 732/788/732
f 668/717/667 736/794/736 735/793/735
f 735/793/735 737/795/737 734/792/734
f 736/794/736 676/727/677 737/795/737
f 673/722/672 674/725/675 736/794/736
f 676/796/677 739/797/738 738/798/739
f 738/798/739 741/799/740 740/800/741
f 739/797/738 742/801/742 741/799/740
f 677/802/676 743/803/743 739/797/738
f 678/804/678 744/805/744 743/803/743
f 743/803/743 745/806/745 742/801/742
f 744/805/744 746/807/746 745/806/745
f 681/808/681 747/809/747 744/805/744
f 682/810/682 748/811/748 747/809/747
f 747/809/747 749/812/749 746/807/746
f 748/811/748 750/813/750 749/812/749
f 685/814/685 751/815/751 748/811/748
f 686/816/686 752/817/752 751/815/751
f 751/815/751 753/818/753 750/813/750
f 752/817/752 754/819/754 753/818/753
f 689/820/689 755/821/755 752/817/752
f 690/822/690 756/823/756 755/821/755
f 755/821/755 757/824/757 754/819/754
f 756/823/756 758/825/758 757/824/757
f 693/826/693 759/827/759 756/823/756
f 694/828/694 760/829/760 759/827/759
f 759/827/759 761/830/761 758/825/758
f 760/829/760 762/831/762 761/830/761
f 697/832/697 763/833/763 760/829/760
f 698/834/698 764/835/764 763/833/763
f 763/833/763 765/836/765 762/831/762
f 764/835/764 766/837/766 765/836/765
f 701/838/701 767/839/767 764/835/764
f 702/840/702 768/841/768 767/839/767
f 767/839/767 769/842/769 766/837/766
f 768/841/768 770/843/770 769/842/769
f 705/844/705 771/845/771 768/841/768
f 706/846/706 772/847/772 771/845/771
f 771/845/771 773/848/773 770/843/770
f 772/847/772 774/849/774 773/848/773
f 709/850/709 775/851/775 772/847/772
f 710/852/710 776/853/776 775/851/775
f 775/851/775 777/854/777 774/849/774
f 776/853/776 778/855/778 777/854/777
f 713/856/713 779/857/779 776/853/776
f 714/858/714 780/859/780 779/857/779
f 779/857/779 781/860/781 778/855/778
f 780/859/780 782/861/782 781/860/781
f 717/862/717 783/863/783 780/859/780
f 718/864/718 784/865/784 783/863/783
f 783/863/783 785/866/785 782/861/782
f 784/865/784 786/867/786 785/866/785
f 721/868/721 787/869/787 784/865/784
f 722/870/722 788/871/788 787/869/787
f 787/869/787 789/872/789 786/867/786
f 788/871/788 790/873/790 789/872/789
f 725/874/725 791/875/791 788/871/788
f 726/876/726 792/877/792 791/875/791
f 791/875/791 793/878/793 790/873/790
f 792/877/792 794/879/794 793/878/793
f 729/880/729 795/881/795 792/877/792
f 730/882/730 796/883/796 795/881/795
f 795/881/795 797/884/797 794/879/794
f 796/883/796 798/885/798 797/884/797
f 733/886/733 799/887/799 796/883/796
f 734/888/734 800/889/800 799/887/799
f 799/887/799 801/890/801 798/885/798
f 800/889/800 740/800/741 801/890/801
f 737/891/737 738/798/739 800/889/800
f 740/800/741 803/892/802 802/893/803
f 803/894/802 804/895/804 802/896/803
f 807/897/805 805/898/806 803/894/802
f 741/799/740 807/899/805 803/892/802
f 742/801/742 808/900/807 807/899/805
f 808/901/807 806/902/808 807/897/805
f 811/903/809 809/904/810 808/901/807
f 745/806/745 811/905/809 808/900/807
f 746/807/746 812/906/811 811/905/809
f 812/906/811 810/907/812 811/905/809
f 815/908/813 813/909/814 812/910/811
f 749/812/749 815/911/813 812/906/811
f 750/813/750 816/912/815 815/911/813
f 816/913/815 814/914/816 815/908/813
f 819/915/817 817/916/818 816/913/815
f 753/818/753 819/917/817 816/912/815
f 754/819/754 820/918/819 819/917/817
f 820/919/819 818/920/820 819/915/817
f 823/921/821 821/922/822 820/919/819
f 757/824/757 823/923/821 820/918/819
f 758/825/758 824/924/823 823/923/821
f 824/925/823 822/926/824 823/921/821
f 827/927/825 825/928/826 824/925/823
f 761/830/761 827/929/825 824/924/823
f 762/831/762 828/930/827 827/929/825
f 828/930/827 826/931/828 827/929/825
f 831/932/829 829/933/830 828/934/827
f 765/836/765 831/935/829 828/930/827
f 766/837/766 832/936/831 831/935/829
f 832/937/831 830/938/832 831/932/829
f 835/939/833 833/940/834 832/937/831
f 769/842/769 835/941/833 832/936/831
f 770/843/770 836/942/835 835/941/833
f 836/943/835 834/944/836 835/939/833
f 839/945/837 837/946/838 836/943/835
f 773/848/773 839/947/837 836/942/835
f 774/849/774 840/948/839 839/947/837
f 840/949/839 838/950/840 839/945/837
f 843/951/841 841/952/842 840/949/839
f 777/854/777 843/953/841 840/948/839
f 778/855/778 844/954/843 843/953/841
f 844/954/843 842/955/844 843/953/841
f 847/956/845 845/957/846 844/958/843
f 781/860/781 847/959/845 844/954/843
f 782/861/782 848/960/847 847/959/845
f 848/961/847 846/962/848 847/956/845
f 851/963/849 849/964/850 848/961/847
f 785/866/785 851/965/849 848/960/847
f 786/867/786 852/966/851 851/965/849
f 852/967/851 850/968/852 851/963/849
f 855/969/853 853/970/854 852/967/851
f 789/872/789 855/971/853 852/966/851
f 790/873/790 856/972/855 855/971/853
f 856/973/855 854/974/856 855/969/853
f 859/975/857 857/976/858 856/973/855
f 793/878/793 859/977/857 856/972/855
f 794/879/794 860/978/859 859/977/857
f 860/978/859 858/979/860 859/977/857
f 863/980/861 861/981/862 860/982/859
f 797/884/797 863/983/861 860/978/859
f 798/885/798 864/984/863 863/983/861
f 864/985/863 862/986/864 863/980/861
f 802/896/803 865/987/865 864/985/863
f 801/890/801 802/893/803 864/984/863
f 869/988/866 867/989/867 866/990/868
f 868/991/869 870/992/870 867/989/867
f 873/993/871 871/994/872 868/991/869
f 874/995/873 868/991/869 869/988/866
f 876/996/874 873/993/871 874/995/873
f 875/997/875 872/998/876 873/993/871
f 879/999/877 877/1000/878 875/997/875
f 880/1001/879 875/1002/875 876/1003/874
f 882/1004/880 879/1005/877 880/1001/879
f 881/1006/881 878/1007/882 879/1008/877
f 885/1009/883 883/1010/884 881/1006/881
f 886/1011/885 881/1006/881 882/1012/880
f 888/1013/886 885/1009/883 886/1011/885
f 887/1014/887 884/1015/888 885/1009/883
f 891/1016/889 889/1017/890 887/1014/887
f 892/1018/891 887/1014/887 888/1013/886
f 894/1019/892 891/1016/889 892/1018/891
f 893/1020/893 890/1021/894 891/1016/889
f 897/1022/895 895/1023/896 893/1020/893
f 898/1024/897 893/1020/893 894/1019/892
f 900/1025/898 897/1022/895 898/1024/897
f 899/1026/899 896/1027/900 897/1022/895
f 903/1028/901 901/1029/902 899/1026/899
f 904/1030/903 899/1031/899 900/1032/898
f 906/1033/904 903/1034/901 904/1030/903
f 905/1035/905 902/1036/906 903/1037/901
f 909/1038/907 907/1039/908 905/1035/905
f 910/1040/909 905/1035/905 906/1041/904
f 912/1042/910 909/1038/907 910/1040/909
f 911/1043/911 908/1044/912 909/1038/907
f 915/1045/913 913/1046/914 911/1043/911
f 916/1047/915 911/1043/911 912/1042/910
f 918/1048/916 915/1045/913 916/1047/915
f 917/1049/917 914/1050/918 915/1045/913
f 921/1051/919 919/1052/920 917/1049/917
f 922/1053/921 917/1049/917 918/1048/916
f 924/1054/922 921/1051/919 922/1053/921
f 923/1055/923 920/1056/924 921/1051/919
f 927/1057/925 925/1058/926 923/1055/923
f 928/1059/927 923/1060/923 924/1061/922
f 930/1062/928 927/1063/925 928/1059/927
f 929/1064/929 926/1065/930 927/1066/925
f 933/1067/931 931/1068/932 929/1064/929
f 934/1069/933 929/1064/929 930/1070/928
f 936/1071/934 933/1067/931 934/1069/933
f 935/1072/935 932/1073/936 933/1067/931
f 939/1074/937 937/1075/938 935/1072/935
f 940/1076/939 935/1072/935 936/1071/934
f 942/1077/940 939/1074/937 940/1076/939
f 941/1078/941 938/1079/942 939/1074/937
f 945/1080/943 943/1081/944 941/1078/941
f 946/1082/945 941/1078/941 942/1077/940
f 948/1083/946 945/1080/943 946/1082/945
f 947/1084/947 944/1085/948 945/1080/943
f 951/1086/949 949/1087/950 947/1084/947
f 952/1088/951 947/1089/947 948/1090/946
f 954/1091/952 951/1092/949 952/1088/951
f 953/1093/953 950/1094/954 951/1095/949
f 957/1096/955 955/1097/956 953/1093/953
f 958/1098/957 953/1093/953 954/1099/952
f 960/1100/958 957/1096/955 958/1098/957
f 959/1101/959 956/1102/960 957/1096/955
f 867/989/867 961/1103/961 959/1101/959
f 866/990/868 959/1101/959 960/1100/958
f 870/992/870 963/1104/962 962/1105/963
f 962/1105/963 965/1106/964 964/1107/965
f 963/1104/962 966/1108/966 965/1106/964
f 871/994/872 967/1109/967 963/1104/962
f 872/998/876 968/1110/968 967/1109/967
f 967/1109/967 969/1111/969 966/1108/966
f 968/1110/968 970/1112/970 969/1111/969
f 877/1000/878 971/1113/971 968/1110/968
f 878/1007/882 972/1114/972 971/1115/971
f 971/1115/971 973/1116/973 970/1117/970
f 972/1114/972 974/1118/974 973/1116/973
f 883/1010/884 975/1119/975 972/1114/972
f 884/1015/888 976/1120/976 975/1119/975
f 975/1119/975 977/1121/977 974/1118/974
f 976/1120/976 978/1122/978 977/1121/977
f 889/1017/890 979/1123/979 976/1120/976
f 890/1021/894 980/1124/980 979/1123/979
f 979/1123/979 981/1125/981 978/1122/978
f 980/1124/980 982/1126/982 981/1125/981
f 895/1023/896 983/1127/983 980/1124/980
f 896/1027/900 984/1128/984 983/1127/983
f 983/1127/983 985/1129/985 982/1126/982
f 984/1128/984 986/1130/986 985/1129/985
f 901/1029/902 987/1131/987 984/1128/984
f 902/1036/906 988/1132/988 987/1133/987
f 987/1133/987 989/1134/989 986/1135/986
f 988/1132/988 990/1136/990 989/1134/989
f 907/1039/908 991/1137/991 988/1132/988
f 908/1044/912 992/1138/992 991/1137/991
f 991/1137/991 993/1139/993 990/1136/990
f 992/1138/992 994/1140/994 993/1139/993
f 913/1046/914 995/1141/995 992/1138/992
f 914/1050/918 996/1142/996 995/1141/995
f 995/1141/995 997/1143/997 994/1140/994
f 996/1142/996 998/1144/998 997/1143/997
f 919/1052/920 999/1145/999 996/1142/996
f 920/1056/924 1000/1146/1000 999/1145/999
f 999/1145/999 1001/1147/1001 998/1144/998
f 1000/1146/1000 1002/1148/1002 1001/1147/1001
f 925/1058/926 1003/1149/1003 1000/1146/1000
f 926/1065/930 1004/1150/1004 1003/1151/1003
f 1003/1151/1003 1005/1152/1005 1002/1153/1002
f 1004/1150/1004 1006/1154/1006 1005/1152/1005
f 931/1068/932 1007/1155/1007 1004/1150/1004
f 932/1073/936 1008/1156/1008 1007/1155/1007
f 1007/1155/1007 1009/1157/1009 1006/1154/1006
f 1008/1156/1008 1010/1158/1010 1009/1157/1009
f 937/1075/938 1011/1159/1011 1008/1156/1008
f 938/1079/942 1012/1160/1012 1011/1159/1011
f 1011/1159/1011 1013/1161/1013 1010/1158/1010
f 1012/1160/1012 1014/1162/1014 1013/1161/1013
f 943/1081/944 1015/1163/1015 1012/1160/1012
f 944/1085/948 1016/1164/1016 1015/1163/1015
f 1015/1163/1015 1017/1165/1017 1014/1162/1014
f 1016/1164/1016 1018/1166/1018 1017/1165/1017
f 949/1087/950 1019/1167/1019 1016/1164/1016
f 950/1094/954 1020/1168/1020 1019/1169/1019
f 1019/1169/1019 1021/1170/1021 1018/1171/1018
f 1020/1168/1020 1022/1172/1022 1021/1170/1021
f 955/1097/956 1023/1173/1023 1020/1168/1020
f 956/1102/960 1024/1174/1024 1023/1173/1023
f 1023/1173/1023 1025/1175/1025 1022/1172/1022
f 1024/1174/1024 964/1107/965 1025/1175/1025
f 961/1103/961 962/1105/963 1024/1174/1024
f 1026/1176/1026 1028/1177/1027 1027/1178/1028
f 1028/1179/1027 1030/1180/1029 1027/1181/1028
f 1033/1182/1030 1031/1183/1031 1028/1179/1027
f 1029/1184/1032 1033/1185/1030 1028/1177/1027
f 1034/1186/1033 1035/1187/1034 1033/1185/1030
f 1035/1188/1034 1032/1189/1035 1033/1182/1030
f 1039/1190/1036 1037/1191/1037 1035/1188/1034
f 1036/1192/1038 1039/1193/1036 1035/1187/1034
f 1040/1194/1039 1041/1195/1040 1039/1196/1036
f 1041/1197/1040 1038/1198/1041 1039/1190/1036
f 1045/1199/1042 1043/1200/1043 1041/1197/1040
f 1042/1201/1044 1045/1202/1042 1041/1195/1040
f 1046/1203/1045 1047/1204/1046 1045/1202/1042
f 1047/1205/1046 1044/1206/1047 1045/1199/1042
f 1051/1207/1048 1049/1208/1049 1047/1205/1046
f 1048/1209/1050 1051/1210/1048 1047/1204/1046
f 1052/1211/1051 1053/1212/1052 1051/1210/1048
f 1053/1213/1052 1050/1214/1053 1051/1207/1048
f 1057/1215/1054 1055/1216/1055 1053/1213/1052
f 1054/1217/1056 1057/1218/1054 1053/1212/1052
f 1058/1219/1057 1059/1220/1058 1057/1218/1054
f 1059/1221/1058 1056/1222/1059 1057/1215/1054
f 1063/1223/1060 1061/1224/1061 1059/1221/1058
f 1060/1225/1062 1063/1226/1060 1059/1220/1058
f 1064/1227/1063 1065/1228/1064 1063/1229/1060
f 1065/1230/1064 1062/1231/1065 1063/1223/1060
f 1069/1232/1066 1067/1233/1067 1065/1230/1064
f 1066/1234/1068 1069/1235/1066 1065/1228/1064
f 1070/1236/1069 1071/1237/1070 1069/1235/1066
f 1071/1238/1070 1068/1239/1071 1069/1232/1066
f 1075/1240/1072 1073/1241/1073 1071/1238/1070
f 1072/1242/1074 1075/1243/1072 1071/1237/1070
f 1076/1244/1075 1077/1245/1076 1075/1243/1072
f 1077/1246/1076 1074/1247/1077 1075/1240/1072
f 1081/1248/1078 1079/1249/1079 1077/1246/1076
f 1078/1250/1080 1081/1251/1078 1077/1245/1076
f 1082/1252/1081 1083/1253/1082 1081/1251/1078
f 1083/1254/1082 1080/1255/1083 1081/1248/1078
f 1087/1256/1084 1085/1257/1085 1083/1254/1082
f 1084/1258/1086 1087/1259/1084 1083/1253/1082
f 1088/1260/1087 1089/1261/1088 1087/1262/1084
f 1089/1263/1088 1086/1264/1089 1087/1256/1084
f 1093/1265/1090 1091/1266/1091 1089/1263/1088
f 1090/1267/1092 1093/1268/1090 1089/1261/1088
f 1094/1269/1093 1095/1270/1094 1093/1268/1090
f 1095/1271/1094 1092/1272/1095 1093/1265/1090
f 1099/1273/1096 1097/1274/1097 1095/1271/1094
f 1096/1275/1098 1099/1276/1096 1095/1270/1094
f 1100/1277/1099 1101/1278/1100 1099/1276/1096
f 1101/1279/1100 1098/1280/1101 1099/1273/1096
f 1105/1281/1102 1103/1282/1103 1101/1279/1100
f 1102/1283/1104 1105/1284/1102 1101/1278/1100
f 1106/1285/1105 1107/1286/1106 1105/1284/1102
f 1107/1287/1106 1104/1288/1107 1105/1281/1102
f 1111/1289/1108 1109/1290/1109 1107/1287/1106
f 1108/1291/1110 1111/1292/1108 1107/1286/1106
f 1112/1293/1111 1113/1294/1112 1111/1295/1108
f 1113/1296/1112 1110/1297/1113 1111/1289/1108
f 1117/1298/1114 1115/1299/1115 1113/1296/1112
f 1114/1300/1116 1117/1301/1114 1113/1294/1112
f 1118/1302/1117 1119/1303/1118 1117/1301/1114
f 1119/1304/1118 1116/1305/1119 1117/1298/1114
f 1027/1181/1028 1121/1306/1120 1119/1304/1118
f 1120/1307/1121 1027/1178/1028 1119/1303/1118
f 1031/1183/1031 1122/1308/1122 1030/1180/1029
f 1123/1309/1123 1124/1310/1124 1122/1308/1122
f 1127/1311/1125 1125/1312/1126 1123/1309/1123
f 1032/1189/1035 1123/1309/1123 1031/1183/1031
f 1037/1191/1037 1127/1311/1125 1032/1189/1035
f 1128/1313/1127 1126/1314/1128 1127/1311/1125
f 1131/1315/1129 1129/1316/1130 1128/1313/1127
f 1038/1198/1041 1128/1313/1127 1037/1191/1037
f 1043/1200/1043 1131/1315/1129 1038/1198/1041
f 1132/1317/1131 1130/1318/1132 1131/1315/1129
f 1135/1319/1133 1133/1320/1134 1132/1317/1131
f 1044/1206/1047 1132/1317/1131 1043/1200/1043
f 1049/1208/1049 1135/1319/1133 1044/1206/1047
f 1136/1321/1135 1134/1322/1136 1135/1319/1133
f 1139/1323/1137 1137/1324/1138 1136/1321/1135
f 1050/1214/1053 1136/1321/1135 1049/1208/1049
f 1055/1216/1055 1139/1323/1137 1050/1214/1053
f 1140/1325/1139 1138/1326/1140 1139/1323/1137
f 1143/1327/1141 1141/1328/1142 1140/1325/1139
f 1056/1222/1059 1140/1325/1139 1055/1216/1055
f 1061/1224/1061 1143/1327/1141 1056/1222/1059
f 1144/1329/1143 1142/1330/1144 1143/1327/1141
f 1147/1331/1145 1145/1332/1146 1144/1329/1143
f 1062/1231/1065 1144/1329/1143 1061/1224/1061
f 1067/1233/1067 1147/1331/1145 1062/1231/1065
f 1148/1333/1147 1146/1334/1148 1147/1331/1145
f 1151/1335/1149 1149/1336/1150 1148/1333/1147
f 1068/1239/1071 1148/1333/1147 1067/1233/1067
f 1073/1241/1073 1151/1335/1149 1068/1239/1071
f 1152/1337/1151 1150/1338/1152 1151/1335/1149
f 1155/1339/1153 1153/1340/1154 1152/1337/1151
f 1074/1247/1077 1152/1337/1151 1073/1241/1073
f 1079/1249/1079 1155/1339/1153 1074/1247/1077
f 1156/1341/1155 1154/1342/1156 1155/1339/1153
f 1159/1343/1157 1157/1344/1158 1156/1341/1155
f 1080/1255/1083 1156/1341/1155 1079/1249/1079
f 1085/1257/1085 1159/1343/1157 1080/1255/1083
f 1160/1345/1159 1158/1346/1160 1159/1343/1157
f 1163/1347/1161 1161/1348/1162 1160/1345/1159
f 1086/1264/1089 1160/1345/1159 1085/1257/1085
f 1091/1266/1091 1163/1347/1161 1086/1264/1089
f 1164/1349/1163 1162/1350/1164 1163/1347/1161
f 1167/1351/1165 1165/1352/1166 1164/1349/1163
f 1092/1272/1095 1164/1349/1163 1091/1266/1091
f 1097/1274/1097 1167/1351/1165 1092/1272/1095
f 1168/1353/1167 1166/1354/1168 1167/1351/1165
f 1171/1355/1169 1169/1356/1170 1168/1353/1167
f 1098/1280/1101 1168/1353/1167 1097/1274/1097
f 1103/1282/1103 1171/1355/1169 1098/1280/1101
f 1172/1357/1171 1170/1358/1172 1171/1355/1169
f 1175/1359/1173 1173/1360/1174 1172/1357/1171
f 1104/1288/1107 1172/1357/1171 1103/1282/1103
f 1109/1290/1109 1175/1359/1173 1104/1288/1107
f 1176/1361/1175 1174/1362/1176 1175/1359/1173
f 1179/1363/1177 1177/1364/1178 1176/1361/1175
f 1110/1297/1113 1176/1361/1175 1109/1290/1109
f 1115/1299/1115 1179/1363/1177 1110/1297/1113
f 1180/1365/1179 1178/1366/1180 1179/1363/1177
f 1183/1367/1181 1181/1368/1182 1180/1365/1179
f 1116/1305/1119 1180/1365/1179 1115/1299/1115
f 1121/1306/1120 1183/1367/1181 1116/1305/1119
f 1184/1369/1183 1182/1370/1184 1183/1367/1181
f 1122/1308/1122 1185/1371/1185 1184/1369/1183
f 1030/1180/1029 1184/1369/1183 1121/1306/1120
f 1125/1312/1126 1186/1372/1186 1124/1310/1124
f 1187/1373/1187 1188/1374/1188 1186/1372/1186
f 1191/1375/1189 1189/1376/1190 1187/1373/1187
f 1126/1314/1128 1187/1373/1187 1125/1312/1126
f 1129/1316/1130 1191/1375/1189 1126/1314/1128
f 1192/1377/1191 1190/1378/1192 1191/1375/1189
f 1195/1379/1193 1193/1380/1194 1192/1377/1191
f 1130/1318/1132 1192/1377/1191 1129/1316/1130
f 1133/1320/1134 1195/1379/1193 1130/1318/1132
f 1196/1381/1195 1194/1382/1196 1195/1379/1193
f 1199/1383/1197 1197/1384/1198 1196/1381/1195
f 1134/1322/1136 1196/1381/1195 1133/1320/1134
f 1137/1324/1138 1199/1383/1197 1134/1322/1136
f 1200/1385/1199 1198/1386/1200 1199/1383/1197
f 1203/1387/1201 1201/1388/1202 1200/1385/1199
f 1138/1326/1140 1200/1385/1199 1137/1324/1138
f 1141/1328/1142 1203/1387/1201 1138/1326/1140
f 1204/1389/1203 1202/1390/1204 1203/1387/1201
f 1207/1391/1205 1205/1392/1206 1204/1389/1203
f 1142/1330/1144 1204/1389/1203 1141/1328/1142
f 1145/1332/1146 1207/1391/1205 1142/1330/1144
f 1208/1393/1207 1206/1394/1208 1207/1391/1205
f 1211/1395/1209 1209/1396/1210 1208/1393/1207
f 1146/1334/1148 1208/1393/1207 1145/1332/1146
f 1149/1336/1150 1211/1395/1209 1146/1334/1148
f 1212/1397/1211 1210/1398/1212 1211/1395/1209
f 1215/1399/1213 1213/1400/1214 1212/1397/1211
f 1150/1338/1152 1212/1397/1211 1149/1336/1150
f 1153/1340/1154 1215/1399/1213 1150/1338/1152
f 1216/1401/1215 1214/1402/1216 1215/1399/1213
f 1219/1403/1217 1217/1404/1218 1216/1401/1215
f 1154/1342/1156 1216/1401/1215 1153/1340/1154
f 1157/1344/1158 1219/1403/1217 1154/1342/1156
f 1220/1405/1219 1218/1406/1220 1219/1403/1217
f 1223/1407/1221 1221/1408/1222 1220/1405/1219
f 1158/1346/1160 1220/1405/1219 1157/1344/1158
f 1161/1348/1162 1223/1407/1221 1158/1346/1160
f 1224/1409/1223 1222/1410/1224 1223/1407/1221
f 1227/1411/1225 1225/1412/1226 1224/1409/1223
f 1162/1350/1164 1224/1409/1223 1161/1348/1162
f 1165/1352/1166 1227/1411/1225 1162/1350/1164
f 1228/1413/1227 1226/1414/1228 1227/1411/1225
f 1231/1415/1229 1229/1416/1230 1228/1413/1227
f 1166/1354/1168 1228/1413/1227 1165/1352/1166
f 1169/1356/1170 1231/1415/1229 1166/1354/1168
f 1232/1417/1231 1230/1418/1232 1231/1415/1229
f 1235/1419/1233 1233/1420/1234 1232/1417/1231
f 1170/1358/1172 1232/1417/1231 1169/1356/1170
f 1173/1360/1174 1235/1419/1233 1170/1358/1172
f 1236/1421/1235 1234/1422/1236 1235/1419/1233
f 1239/1423/1237 1237/1424/1238 1236/1421/1235
f 1174/1362/1176 1236/1421/1235 1173/1360/1174
f 1177/1364/1178 1239/1423/1237 1174/1362/1176
f 1240/1425/1239 1238/1426/1240 1239/1423/1237
f 1243/1427/1241 1241/1428/1242 1240/1425/1239
f 1178/1366/1180 1240/1425/1239 1177/1364/1178
f 1181/1368/1182 1243/1427/1241 1178/1366/1180
f 1244/1429/1243 1242/1430/1244 1243/1427/1241
f 1247/1431/1245 1245/1432/1246 1244/1429/1243
f 1182/1370/1184 1244/1429/1243 1181/1368/1182
f 1185/1371/1185 1247/1431/1245 1182/1370/1184
f 1248/1433/1247 1246/1434/1248 1247/1431/1245
f 1186/1372/1186 1249/1435/1249 1248/1433/1247
f 1124/1310/1124 1248/1433/1247 1185/1371/1185
f 1188/1436/1188 1251/1437/1250 1250/1438/1251
f 1250/1438/1251 1253/1439/1252 1252/1440/1253
f 1255/1441/1254 1253/1439/1252 1251/1437/1250
f 1190/1442/1192 1251/1437/1250 1189/1443/1190
f 1190/1442/1192 1256/1444/1255 1255/1441/1254
f 1255/1441/1254 1257/1445/1256 1254/1446/1257
f 1259/1447/1258 1257/1445/1256 1256/1444/1255
f 1194/1448/1196 1256/1444/1255 1193/1449/1194
f 1194/1450/1196 1260/1451/1259 1259/1452/1258
f 1259/1452/1258 1261/1453/1260 1258/1454/1261
f 1263/1455/1262 1261/1453/1260 1260/1451/1259
f 1198/1456/1200 1260/1451/1259 1197/1457/1198
f 1198/1456/1200 1264/1458/1263 1263/1455/1262
f 1263/1455/1262 1265/1459/1264 1262/1460/1265
f 1267/1461/1266 1265/1459/1264 1264/1458/1263
f 1202/1462/1204 1264/1458/1263 1201/1463/1202
f 1202/1462/1204 1268/1464/1267 1267/1461/1266
f 1267/1461/1266 1269/1465/1268 1266/1466/1269
f 1271/1467/1270 1269/1465/1268 1268/1464/1267
f 1206/1468/1208 1268/1464/1267 1205/1469/1206
f 1206/1468/1208 1272/1470/1271 1271/1467/1270
f 1271/1467/1270 1273/1471/1272 1270/1472/1273
f 1275/1473/1274 1273/1471/1272 1272/1470/1271
f 1210/1474/1212 1272/1470/1271 1209/1475/1210
f 1210/1476/1212 1276/1477/1275 1275/1478/1274
f 1275/1478/1274 1277/1479/1276 1274/1480/1277
f 1279/1481/1278 1277/1479/1276 1276/1477/1275
f 1214/1482/1216 1276/1477/1275 1213/1483/1214
f 1214/1482/1216 1280/1484/1279 1279/1481/1278
f 1279/1481/1278 1281/1485/1280 1278/1486/1281
f 1283/1487/1282 1281/1485/1280 1280/1484/1279
f 1218/1488/1220 1280/1484/1279 1217/1489/1218
f 1218/1488/1220 1284/1490/1283 1283/1487/1282
f 1283/1487/1282 1285/1491/1284 1282/1492/1285
f 1287/1493/1286 1285/1491/1284 1284/1490/1283
f 1222/1494/1224 1284/1490/1283 1221/1495/1222
f 1222/1494/1224 1288/1496/1287 1287/1493/1286
f 1287/1493/1286 1289/1497/1288 1286/1498/1289
f 1291/1499/1290 1289/1497/1288 1288/1496/1287
f 1226/1500/1228 1288/1496/1287 1225/1501/1226
f 1226/1502/1228 1292/1503/1291 1291/1504/1290
f 1291/1504/1290 1293/1505/1292 1290/1506/1293
f 1295/1507/1294 1293/1505/1292 1292/1503/1291
f 1230/1508/1232 1292/1503/1291 1229/1509/1230
f 1230/1508/1232 1296/1510/1295 1295/1507/1294
f 1295/1507/1294 1297/1511/1296 1294/1512/1297
f 1299/1513/1298 1297/1511/1296 1296/1510/1295
f 1234/1514/1236 1296/1510/1295 1233/1515/1234
f 1234/1514/1236 1300/1516/1299 1299/1513/1298
f 1299/1513/1298 1301/1517/1300 1298/1518/1301
f 1303/1519/1302 1301/1517/1300 1300/1516/1299
f 1238/1520/1240 1300/1516/1299 1237/1521/1238
f 1238/1520/1240 1304/1522/1303 1303/1519/1302
f 1303/1519/1302 1305/1523/1304 1302/1524/1305
f 1307/1525/1306 1305/1523/1304 1304/1522/1303
f 1242/1526/1244 1304/1522/1303 1241/1527/1242
f 1242/1528/1244 1308/1529/1307 1307/1530/1306
f 1307/1530/1306 1309/1531/1308 1306/1532/1309
f 1311/1533/1310 1309/1531/1308 1308/1529/1307
f 1246/1534/1248 1308/1529/1307 1245/1535/1246
f 1246/1534/1248 1312/1536/1311 1311/1533/1310
f 1311/1533/1310 1313/1537/1312 1310/1538/1313
f 1250/1438/1251 1313/1537/1312 1312/1536/1311
f 1188/1436/1188 1312/1536/1311 1249/1539/1249
f 1252/1440/1253 1315/1540/1314 1314/1541/1315
f 1314/1541/1315 1317/1542/1316 1316/1543/1317
f 1319/1544/1318 1317/1542/1316 1315/1540/1314
f 1254/1446/1257 1315/1540/1314 1253/1439/1252
f 1254/1446/1257 1320/1545/1319 1319/1544/1318
f 1319/1544/1318 1321/1546/1320 1318/1547/1321
f 1323/1548/1322 1321/1546/1320 1320/1545/1319
f 1258/1549/1261 1320/1545/1319 1257/1445/1256
f 1258/1454/1261 1324/1550/1323 1323/1551/1322
f 1323/1551/1322 1325/1552/1324 1322/1553/1325
f 1327/1554/1326 1325/1552/1324 1324/1550/1323
f 1262/1460/1265 1324/1550/1323 1261/1453/1260
f 1262/1460/1265 1328/1555/1327 1327/1554/1326
f 1327/1554/1326 1329/1556/1328 1326/1557/1329
f 1331/1558/1330 1329/1556/1328 1328/1555/1327
f 1266/1466/1269 1328/1555/1327 1265/1459/1264
f 1266/1466/1269 1332/1559/1331 1331/1558/1330
f 1331/1558/1330 1333/1560/1332 1330/1561/1333
f 1335/1562/1334 1333/1560/1332 1332/1559/1331
f 1270/1472/1273 1332/1559/1331 1269/1465/1268
f 1270/1472/1273 1336/1563/1335 1335/1562/1334
f 1335/1562/1334 1337/1564/1336 1334/1565/1337
f 1339/1566/1338 1337/1564/1336 1336/1563/1335
f 1274/1567/1277 1336/1563/1335 1273/1471/1272
f 1274/1480/1277 1340/1568/1339 1339/1569/1338
f 1339/1569/1338 1341/1570/1340 1338/1571/1341
f 1343/1572/1342 1341/1570/1340 1340/1568/1339
f 1278/1486/1281 1340/1568/1339 1277/1479/1276
f 1278/1486/1281 1344/1573/1343 1343/1572/1342
f 1343/1572/1342 1345/1574/1344 1342/1575/1345
f 1347/1576/1346 1345/1574/1344 1344/1573/1343
f 1282/1492/1285 1344/1573/1343 1281/1485/1280
f 1282/1492/1285 1348/1577/1347 1347/1576/1346
f 1347/1576/1346 1349/1578/1348 1346/1579/1349
f 1351/1580/1350 1349/1578/1348 1348/1577/1347
f 1286/1498/1289 1348/1577/1347 1285/1491/1284
f 1286/1498/1289 1352/1581/1351 1351/1580/1350
f 1351/1580/1350 1353/1582/1352 1350/1583/1353
f 1355/1584/1354 1353/1582/1352 1352/1581/1351
f 1290/1585/1293 1352/1581/1351 1289/1497/1288
f 1290/1506/1293 1356/1586/1355 1355/1587/1354
f 1355/1587/1354 1357/1588/1356 1354/1589/1357
f 1359/1590/1358 1357/1588/1356 1356/1586/1355
f 1294/1512/1297 1356/1586/1355 1293/1505/1292
f 1294/1512/1297 1360/1591/1359 1359/1590/1358
f 1359/1590/1358 1361/1592/1360 1358/1593/1361
f 1363/1594/1362 1361/1592/1360 1360/1591/1359
f 1298/1518/1301 1360/1591/1359 1297/1511/1296
f 1298/1518/1301 1364/1595/1363 1363/1594/1362
f 1363/1594/1362 1365/1596/1364 1362/1597/1365
f 1367/1598/1366 1365/1596/1364 1364/1595/1363
f 1302/1524/1305 1364/1595/1363 1301/1517/1300
f 1302/1524/1305 1368/1599/1367 1367/1598/1366
f 1367/1598/1366 1369/1600/1368 1366/1601/1369
f 1371/1602/1370 1369/1600/1368 1368/1599/1367
f 1306/1603/1309 1368/1599/1367 1305/1523/1304
f 1306/1532/1309 1372/1604/1371 1371/1605/1370
f 1371/1605/1370 1373/1606/1372 1370/1607/1373
f 1375/1608/1374 1373/1606/1372 1372/1604/1371
f 1310/1538/1313 1372/1604/1371 1309/1531/1308
f 1310/1538/1313 1376/1609/1375 1375/1608/1374
f 1375/1608/1374 1377/1610/1376 1374/1611/1377
f 1314/1541/1315 1377/1610/1376 1376/1609/1375
f 1252/1440/1253 1376/1609/1375 1313/1537/1312
f 1316/1543/1317 1379/1612/1378 1378/1613/1379
f 1378/1613/1379 1381/1614/1380 1380/1615/1381
f 1379/1612/1378 1382/1616/1382 1381/1614/1380
f 1318/1547/1321 1379/1612/1378 1317/1542/1316
f 1318/1547/1321 1384/1617/1383 1383/1618/1384
f 1383/1618/1384 1385/1619/1385 1382/1616/1382
f 1384/1617/1383 1386/1620/1386 1385/1619/1385
f 1322/1621/1325 1384/1617/1383 1321/1546/1320
f 1322/1553/1325 1388/1622/1387 1387/1623/1388
f 1387/1623/1388 1389/1624/1389 1386/1625/1386
f 1388/1622/1387 1390/1626/1390 1389/1624/1389
f 1326/1557/1329 1388/1622/1387 1325/1552/1324
f 1326/1557/1329 1392/1627/1391 1391/1628/1392
f 1392/1627/1391 1390/1626/1390 1391/1628/1392
f 1395/1629/1393 1393/1630/1394 1392/1627/1391
f 1330/1561/1333 1392/1627/1391 1329/1556/1328
f 1330/1561/1333 1396/1631/1395 1395/1629/1393
f 1396/1631/1395 1394/1632/1396 1395/1629/1393
f 1396/1631/1395 1398/1633/1397 1397/1634/1398
f 1334/1565/1337 1396/1631/1395 1333/1560/1332
f 1334/1565/1337 1400/1635/1399 1399/1636/1400
f 1400/1635/1399 1398/1633/1397 1399/1636/1400
f 1403/1637/1401 1401/1638/1402 1400/1635/1399
f 1338/1639/1341 1400/1635/1399 1337/1564/1336
f 1338/1571/1341 1404/1640/1403 1403/1641/1401
f 1403/1641/1401 1405/1642/1404 1402/1643/1405
f 1407/1644/1406 1405/1642/1404 1404/1640/1403
f 1342/1575/1345 1404/1640/1403 1341/1570/1340
f 1342/1575/1345 1408/1645/1407 1407/1644/1406
f 1408/1645/1407 1406/1646/1408 1407/1644/1406
f 1408/1645/1407 1410/1647/1409 1409/1648/1410
f 1346/1579/1349 1408/1645/1407 1345/1574/1344
f 1346/1579/1349 1412/1649/1411 1411/1650/1412
f 1412/1649/1411 1410/1647/1409 1411/1650/1412
f 1415/1651/1413 1413/1652/1414 1412/1649/1411
f 1350/1583/1353 1412/1649/1411 1349/1578/1348
f 1350/1583/1353 1416/1653/1415 1415/1651/1413
f 1416/1653/1415 1414/1654/1416 1415/1651/1413
f 1419/1655/1417 1417/1656/1418 1416/1653/1415
f 1354/1657/1357 1416/1653/1415 1353/1582/1352
f 1354/1589/1357 1420/1658/1419 1419/1659/1417
f 1420/1658/1419 1418/1660/1420 1419/1659/1417
f 1420/1658/1419 1422/1661/1421 1421/1662/1422
f 1358/1593/1361 1420/1658/1419 1357/1588/1356
f 1361/1592/1360 1423/1663/1423 1358/1593/1361
f 1424/1664/1424 1422/1661/1421 1423/1663/1423
f 1424/1664/1424 1426/1665/1425 1425/1666/1426
f 1362/1597/1365 1424/1664/1424 1361/1592/1360
f 1362/1597/1365 1428/1667/1427 1427/1668/1428
f 1427/1668/1428 1429/1669/1429 1426/1665/1425
f 1428/1667/1427 1430/1670/1430 1429/1669/1429
f 1366/1601/1369 1428/1667/1427 1365/1596/1364
f 1366/1601/1369 1432/1671/1431 1431/1672/1432
f 1432/1671/1431 1430/1670/1430 1431/1672/1432
f 1435/1673/1433 1433/1674/1434 1432/1671/1431
f 1370/1675/1373 1432/1671/1431 1369/1600/1368
f 1370/1607/1373 1436/1676/1435 1435/1677/1433
f 1435/1677/1433 1437/1678/1436 1434/1679/1437
f 1436/1676/1435 1438/1680/1438 1437/1678/1436
f 1374/1611/1377 1436/1676/1435 1373/1606/1372
f 1374/1611/1377 1440/1681/1439 1439/1682/1440
f 1439/1682/1440 1441/1683/1441 1438/1680/1438
f 1440/1681/1439 1380/1615/1381 1441/1683/1441
f 1316/1543/1317 1440/1681/1439 1377/1610/1376
f 1445/1684/1442 1443/1685/1443 1442/1686/1444
f 1444/1687/1445 1446/1688/1446 1443/1689/1443
f 1444/1687/1445 1448/1690/1447 1447/1691/1448
f 1445/1684/1442 1449/1692/1449 1444/1693/1445
f 1452/1694/1450 1449/1692/1449 1450/1695/1451
f 1451/1696/1452 1448/1690/1447 1449/1697/1449
f 1451/1696/1452 1454/1698/1453 1453/1699/1454
f 1452/1694/1450 1455/1700/1455 1451/1701/1452
f 1458/1702/1456 1455/1700/1455 1456/1703/1457
f 1457/1704/1458 1454/1705/1453 1455/1706/1455
f 1457/1704/1458 1460/1707/1459 1459/1708/1460
f 1458/1702/1456 1461/1709/1461 1457/1710/1458
f 1464/1711/1462 1461/1709/1461 1462/1712/1463
f 1463/1713/1464 1460/1707/1459 1461/1714/1461
f 1463/1713/1464 1466/1715/1465 1465/1716/1466
f 1464/1711/1462 1467/1717/1467 1463/1718/1464
f 1470/1719/1468 1467/1717/1467 1468/1720/1469
f 1469/1721/1470 1466/1715/1465 1467/1722/1467
f 1469/1721/1470 1472/1723/1471 1471/1724/1472
f 1470/1719/1468 1473/1725/1473 1469/1726/1470
f 1476/1727/1474 1473/1725/1473 1474/1728/1475
f 1475/1729/1476 1472/1723/1471 1473/1730/1473
f 1475/1729/1476 1478/1731/1477 1477/1732/1478
f 1476/1727/1474 1479/1733/1479 1475/1734/1476
f 1482/1735/1480 1479/1733/1479 1480/1736/1481
f 1481/1737/1482 1478/1738/1477 1479/1739/1479
f 1481/1737/1482 1484/1740/1483 1483/1741/1484
f 1482/1735/1480 1485/1742/1485 1481/1743/1482
f 1488/1744/1486 1485/1742/1485 1486/1745/1487
f 1487/1746/1488 1484/1740/1483 1485/1747/1485
f 1487/1746/1488 1490/1748/1489 1489/1749/1490
f 1488/1744/1486 1491/1750/1491 1487/1751/1488
f 1494/1752/1492 1491/1750/1491 1492/1753/1493
f 1493/1754/1494 1490/1748/1489 1491/1755/1491
f 1493/1754/1494 1496/1756/1495 1495/1757/1496
f 1494/1752/1492 1497/1758/1497 1493/1759/1494
f 1500/1760/1498 1497/1758/1497 1498/1761/1499
f 1499/1762/1500 1496/1756/1495 1497/1763/1497
f 1499/1762/1500 1502/1764/1501 1501/1765/1502
f 1500/1760/1498 1503/1766/1503 1499/1767/1500
f 1506/1768/1504 1503/1766/1503 1504/1769/1505
f 1505/1770/1506 1502/1771/1501 1503/1772/1503
f 1505/1770/1506 1508/1773/1507 1507/1774/1508
f 1506/1768/1504 1509/1775/1509 1505/1776/1506
f 1512/1777/1510 1509/1775/1509 1510/1778/1511
f 1511/1779/1512 1508/1773/1507 1509/1780/1509
f 1511/1779/1512 1514/1781/1513 1513/1782/1514
f 1512/1777/1510 1515/1783/1515 1511/1784/1512
f 1518/1785/1516 1515/1783/1515 1516/1786/1517
f 1517/1787/1518 1514/1781/1513 1515/1788/1515
f 1517/1787/1518 1520/1789/1519 1519/1790/1520
f 1518/1785/1516 1521/1791/1521 1517/1792/1518
f 1524/1793/1522 1521/1791/1521 1522/1794/1523
f 1523/1795/1524 1520/1789/1519 1521/1796/1521
f 1523/1795/1524 1526/1797/1525 1525/1798/1526
f 1524/1793/1522 1527/1799/1527 1523/1800/1524
f 1530/1801/1528 1527/1799/1527 1528/1802/1529
f 1529/1803/1530 1526/1804/1525 1527/1805/1527
f 1529/1803/1530 1532/1806/1531 1531/1807/1532
f 1530/1801/1528 1533/1808/1533 1529/1809/1530
f 1536/1810/1534 1533/1808/1533 1534/1811/1535
f 1535/1812/1536 1532/1806/1531 1533/1813/1533
f 1535/1812/1536 1446/1688/1446 1537/1814/1537
f 1536/1810/1534 1443/1685/1443 1535/1815/1536
f 1538/1816/1538 1540/1817/1539 1539/1818/1540
f 1539/1818/1540 1543/1819/1541 1542/1820/1542
f 1545/1821/1543 1543/1819/1541 1540/1817/1539
f 1546/1822/1544 1540/1817/1539 1541/1823/1545
f 1546/1822/1544 1547/1824/1546 1545/1821/1543
f 1545/1821/1543 1549/1825/1547 1544/1826/1548
f 1551/1827/1549 1549/1825/1547 1547/1824/1546
f 1552/1828/1550 1547/1824/1546 1548/1829/1551
f 1552/1830/1550 1553/1831/1552 1551/1832/1549
f 1551/1832/1549 1555/1833/1553 1550/1834/1554
f 1557/1835/1555 1555/1833/1553 1553/1831/1552
f 1558/1836/1556 1553/1831/1552 1554/1837/1557
f 1558/1836/1556 1559/1838/1558 1557/1835/1555
f 1557/1835/1555 1561/1839/1559 1556/1840/1560
f 1563/1841/1561 1561/1839/1559 1559/1838/1558
f 1564/1842/1562 1559/1838/1558 1560/1843/1563
f 1564/1842/1562 1565/1844/1564 1563/1841/1561
f 1563/1841/1561 1567/1845/1565 1562/1846/1566
f 1569/1847/1567 1567/1845/1565 1565/1844/1564
f 1570/1848/1568 1565/1844/1564 1566/1849/1569
f 1570/1848/1568 1571/1850/1570 1569/1847/1567
f 1569/1847/1567 1573/1851/1571 1568/1852/1572
f 1575/1853/1573 1573/1851/1571 1571/1850/1570
f 1576/1854/1574 1571/1850/1570 1572/1855/1575
f 1576/1856/1574 1577/1857/1576 1575/1858/1573
f 1575/1858/1573 1579/1859/1577 1574/1860/1578
f 1581/1861/1579 1579/1859/1577 1577/1857/1576
f 1582/1862/1580 1577/1857/1576 1578/1863/1581
f 1582/1862/1580 1583/1864/1582 1581/1861/1579
f 1581/1861/1579 1585/1865/1583 1580/1866/1584
f 1587/1867/1585 1585/1865/1583 1583/1864/1582
f 1588/1868/1586 1583/1864/1582 1584/1869/1587
f 1588/1868/1586 1589/1870/1588 1587/1867/1585
f 1587/1867/1585 1591/1871/1589 1586/1872/1590
f 1593/1873/1591 1591/1871/1589 1589/1870/1588
f 1594/1874/1592 1589/1870/1588 1590/1875/1593
f 1594/1874/1592 1595/1876/1594 1593/1873/1591
f 1593/1873/1591 1597/1877/1595 1592/1878/1596
f 1599/1879/1597 1597/1877/1595 1595/1876/1594
f 1600/1880/1598 1595/1876/1594 1596/1881/1599
f 1600/1882/1598 1601/1883/1600 1599/1884/1597
f 1599/1884/1597 1603/1885/1601 1598/1886/1602
f 1605/1887/1603 1603/1885/1601 1601/1883/1600
f 1606/1888/1604 1601/1883/1600 1602/1889/1605
f 1606/1888/1604 1607/1890/1606 1605/1887/1603
f 1605/1887/1603 1609/1891/1607 1604/1892/1608
f 1611/1893/1609 1609/1891/1607 1607/1890/1606
f 1612/1894/1610 1607/1890/1606 1608/1895/1611
f 1612/1894/1610 1613/1896/1612 1611/1893/1609
f 1611/1893/1609 1615/1897/1613 1610/1898/1614
f 1617/1899/1615 1615/1897/1613 1613/1896/1612
f 1618/1900/1616 1613/1896/1612 1614/1901/1617
f 1618/1900/1616 1619/1902/1618 1617/1899/1615
f 1617/1899/1615 1621/1903/1619 1616/1904/1620
f 1623/1905/1621 1621/1903/1619 1619/1902/1618
f 1624/1906/1622 1619/1902/1618 1620/1907/1623
f 1624/1908/1622 1625/1909/1624 1623/1910/1621
f 1623/1910/1621 1627/1911/1625 1622/1912/1626
f 1629/1913/1627 1627/1911/1625 1625/1909/1624
f 1630/1914/1628 1625/1909/1624 1626/1915/1629
f 1630/1914/1628 1631/1916/1630 1629/1913/1627
f 1629/1913/1627 1633/1917/1631 1628/1918/1632
f 1539/1818/1540 1633/1917/1631 1631/1916/1630
f 1538/1816/1538 1631/1916/1630 1632/1919/1633
f 1637/1920/1634 1635/1921/1635 1634/1922/1636
f 1636/1923/1637 1/3/3 1635/1921/1635
f 1636/1923/1637 7/8/8 4/1/1
f 1637/1920/1634 1638/1924/1638 1636/1923/1637
f 1641/1925/1639 1638/1924/1638 1639/1926/1640
f 1640/1927/1641 7/8/8 1638/1924/1638
f 1640/1927/1641 11/12/12 9/7/7
f 1641/1925/1639 1642/1928/1642 1640/1927/1641
f 1645/1929/1643 1642/1928/1642 1643/1930/1644
f 1644/1931/1645 11/12/12 1642/1928/1642
f 1644/1931/1645 15/16/16 13/11/11
f 1645/1929/1643 1646/1932/1646 1644/1931/1645
f 1649/1933/1647 1646/1932/1646 1647/1934/1648
f 1648/1935/1649 15/16/16 1646/1932/1646
f 1648/1935/1649 19/20/20 17/15/15
f 1649/1933/1647 1650/1936/1650 1648/1935/1649
f 1653/1937/1651 1650/1936/1650 1651/1938/1652
f 1652/1939/1653 19/20/20 1650/1936/1650
f 1652/1939/1653 23/24/24 21/19/19
f 1653/1937/1651 1654/1940/1654 1652/1939/1653
f 1657/1941/1655 1654/1940/1654 1655/1942/1656
f 1656/1943/1657 23/24/24 1654/1940/1654
f 1656/1943/1657 27/28/28 25/23/23
f 1657/1941/1655 1658/1944/1658 1656/1943/1657
f 1661/1945/1659 1658/1944/1658 1659/1946/1660
f 1660/1947/1661 27/28/28 1658/1944/1658
f 1660/1947/1661 31/32/32 29/27/27
f 1661/1945/1659 1662/1948/1662 1660/1947/1661
f 1665/1949/1663 1662/1948/1662 1663/1950/1664
f 1664/1951/1665 31/32/32 1662/1948/1662
f 1664/1951/1665 35/36/36 33/31/31
f 1665/1949/1663 1666/1952/1666 1664/1951/1665
f 1669/1953/1667 1666/1952/1666 1667/1954/1668
f 1668/1955/1669 35/36/36 1666/1952/1666
f 1668/1955/1669 39/40/40 37/35/35
f 1669/1953/1667 1670/1956/1670 1668/1955/1669
f 1673/1957/1671 1670/1956/1670 1671/1958/1672
f 1672/1959/1673 39/40/40 1670/1956/1670
f 1672/1959/1673 43/44/44 41/39/39
f 1673/1957/1671 1674/1960/1674 1672/1959/1673
f 1677/1961/1675 1674/1960/1674 1675/1962/1676
f 1676/1963/1677 43/44/44 1674/1960/1674
f 1676/1963/1677 47/48/48 45/43/43
f 1677/1961/1675 1678/1964/1678 1676/1963/1677
f 1681/1965/1679 1678/1964/1678 1679/1966/1680
f 1680/1967/1681 47/48/48 1678/1964/1678
f 1680/1967/1681 51/52/52 49/47/47
f 1681/1965/1679 1682/1968/1682 1680/1967/1681
f 1685/1969/1683 1682/1968/1682 1683/1970/1684
f 1684/1971/1685 51/52/52 1682/1968/1682
f 1684/1971/1685 55/56/56 53/51/51
f 1685/1969/1683 1686/1972/1686 1684/1971/1685
f 1689/1973/1687 1686/1972/1686 1687/1974/1688
f 1688/1975/1689 55/56/56 1686/1972/1686
f 1688/1975/1689 59/60/60 57/55/55
f 1689/1973/1687 1690/1976/1690 1688/1975/1689
f 1693/1977/1691 1690/1976/1690 1691/1978/1692
f 1692/1979/1693 59/60/60 1690/1976/1690
f 1692/1979/1693 63/64/64 61/59/59
f 1693/1977/1691 1694/1980/1694 1692/1979/1693
f 1697/1981/1695 1694/1980/1694 1695/1982/1696
f 1696/1983/1697 63/64/64 1694/1980/1694
f 1696/1983/1697 1/3/3 65/63/63
f 1697/1981/1695 1635/1921/1635 1696/1983/1697
f 1701/1984/1698 1699/1985/1699 1698/1986/1700
f 1700/1987/1701 1634/1988/1636 1699/1985/1699
f 1700/1987/1701 1639/1989/1640 1637/1990/1634
f 1701/1984/1698 1702/1991/1702 1700/1987/1701
f 1705/1992/1703 1702/1991/1702 1703/1993/1704
f 1704/1994/1705 1639/1989/1640 1702/1991/1702
f 1704/1994/1705 1643/1995/1644 1641/1996/1639
f 1705/1992/1703 1706/1997/1706 1704/1994/1705
f 1709/1998/1707 1706/1999/1706 1707/2000/1708
f 1708/2001/1709 1643/2002/1644 1706/1999/1706
f 1708/2001/1709 1647/2003/1648 1645/2004/1643
f 1709/1998/1707 1710/2005/1710 1708/2001/1709
f 1713/2006/1711 1710/2005/1710 1711/2007/1712
f 1712/2008/1713 1647/2003/1648 1710/2005/1710
f 1712/2008/1713 1651/2009/1652 1649/2010/1647
f 1713/2006/1711 1714/2011/1714 1712/2008/1713
f 1717/2012/1715 1714/2011/1714 1715/2013/1716
f 1716/2014/1717 1651/2009/1652 1714/2011/1714
f 1716/2014/1717 1655/2015/1656 1653/2016/1651
f 1717/2012/1715 1718/2017/1718 1716/2014/1717
f 1721/2018/1719 1718/2017/1718 1719/2019/1720
f 1720/2020/1721 1655/2015/1656 1718/2017/1718
f 1720/2020/1721 1659/2021/1660 1657/2022/1655
f 1721/2018/1719 1722/2023/1722 1720/2020/1721
f 1725/2024/1723 1722/2025/1722 1723/2026/1724
f 1724/2027/1725 1659/2028/1660 1722/2025/1722
f 1724/2027/1725 1663/2029/1664 1661/2030/1659
f 1725/2024/1723 1726/2031/1726 1724/2027/1725
f 1729/2032/1727 1726/2031/1726 1727/2033/1728
f 1728/2034/1729 1663/2029/1664 1726/2031/1726
f 1728/2034/1729 1667/2035/1668 1665/2036/1663
f 1729/2032/1727 1730/2037/1730 1728/2034/1729
f 1733/2038/1731 1730/2037/1730 1731/2039/1732
f 1732/2040/1733 1667/2035/1668 1730/2037/1730
f 1732/2040/1733 1671/2041/1672 1669/2042/1667
f 1733/2038/1731 1734/2043/1734 1732/2040/1733
f 1737/2044/1735 1734/2043/1734 1735/2045/1736
f 1736/2046/1737 1671/2041/1672 1734/2043/1734
f 1736/2046/1737 1675/2047/1676 1673/2048/1671
f 1737/2044/1735 1738/2049/1738 1736/2046/1737
f 1741/2050/1739 1738/2051/1738 1739/2052/1740
f 1740/2053/1741 1675/2054/1676 1738/2051/1738
f 1740/2053/1741 1679/2055/1680 1677/2056/1675
f 1741/2050/1739 1742/2057/1742 1740/2053/1741
f 1745/2058/1743 1742/2057/1742 1743/2059/1744
f 1744/2060/1745 1679/2055/1680 1742/2057/1742
f 1744/2060/1745 1683/2061/1684 1681/2062/1679
f 1745/2058/1743 1746/2063/1746 1744/2060/1745
f 1749/2064/1747 1746/2063/1746 1747/2065/1748
f 1748/2066/1749 1683/2061/1684 1746/2063/1746
f 1748/2066/1749 1687/2067/1688 1685/2068/1683
f 1749/2064/1747 1750/2069/1750 1748/2066/1749
f 1753/2070/1751 1750/2069/1750 1751/2071/1752
f 1752/2072/1753 1687/2067/1688 1750/2069/1750
f 1752/2072/1753 1691/2073/1692 1689/2074/1687
f 1753/2070/1751 1754/2075/1754 1752/2072/1753
f 1757/2076/1755 1754/2077/1754 1755/2078/1756
f 1756/2079/1757 1691/2080/1692 1754/2077/1754
f 1756/2079/1757 1695/2081/1696 1693/2082/1691
f 1757/2076/1755 1758/2083/1758 1756/2079/1757
f 1761/2084/1759 1758/2083/1758 1759/2085/1760
f 1760/2086/1761 1695/2081/1696 1758/2083/1758
f 1760/2086/1761 1634/1988/1636 1697/2087/1695
f 1761/2084/1759 1699/1985/1699 1760/2086/1761
f 1762/2088/1762 1764/2089/1763 1763/2090/1764
f 1763/2090/1764 1541/1823/1545 1538/1816/1538
f 1766/2091/1765 1541/1823/1545 1764/2089/1763
f 1767/2092/1766 1764/2089/1763 1765/2093/1767
f 1767/2092/1766 1768/2094/1768 1766/2091/1765
f 1766/2091/1765 1548/1829/1551 1546/1822/1544
f 1770/2095/1769 1548/1829/1551 1768/2094/1768
f 1771/2096/1770 1768/2094/1768 1769/2097/1771
f 1771/2098/1770 1772/2099/1772 1770/2100/1769
f 1770/2100/1769 1554/1837/1557 1552/1830/1550
f 1774/2101/1773 1554/1837/1557 1772/2099/1772
f 1775/2102/1774 1772/2099/1772 1773/2103/1775
f 1775/2102/1774 1776/2104/1776 1774/2101/1773
f 1774/2101/1773 1560/1843/1563 1558/1836/1556
f 1778/2105/1777 1560/1843/1563 1776/2104/1776
f 1779/2106/1778 1776/2104/1776 1777/2107/1779
f 1779/2106/1778 1780/2108/1780 1778/2105/1777
f 1778/2105/1777 1566/1849/1569 1564/1842/1562
f 1782/2109/1781 1566/1849/1569 1780/2108/1780
f 1783/2110/1782 1780/2108/1780 1781/2111/1783
f 1783/2110/1782 1784/2112/1784 1782/2109/1781
f 1782/2109/1781 1572/1855/1575 1570/1848/1568
f 1786/2113/1785 1572/1855/1575 1784/2112/1784
f 1787/2114/1786 1784/2112/1784 1785/2115/1787
f 1787/2116/1786 1788/2117/1788 1786/2118/1785
f 1786/2118/1785 1578/1863/1581 1576/1856/1574
f 1790/2119/1789 1578/1863/1581 1788/2117/1788
f 1791/2120/1790 1788/2117/1788 1789/2121/1791
f 1791/2120/1790 1792/2122/1792 1790/2119/1789
f 1790/2119/1789 1584/1869/1587 1582/1862/1580
f 1794/2123/1793 1584/1869/1587 1792/2122/1792
f 1795/2124/1794 1792/2122/1792 1793/2125/1795
f 1795/2124/1794 1796/2126/1796 1794/2123/1793
f 1794/2123/1793 1590/1875/1593 1588/1868/1586
f 1798/2127/1797 1590/1875/1593 1796/2126/1796
f 1799/2128/1798 1796/2126/1796 1797/2129/1799
f 1799/2128/1798 1800/2130/1800 1798/2127/1797
f 1798/2127/1797 1596/1881/1599 1594/1874/1592
f 1802/2131/1801 1596/1881/1599 1800/2130/1800
f 1803/2132/1802 1800/2130/1800 1801/2133/1803
f 1803/2134/1802 1804/2135/1804 1802/2136/1801
f 1802/2136/1801 1602/1889/1605 1600/1882/1598
f 1806/2137/1805 1602/1889/1605 1804/2135/1804
f 1807/2138/1806 1804/2135/1804 1805/2139/1807
f 1807/2138/1806 1808/2140/1808 1806/2137/1805
f 1806/2137/1805 1608/1895/1611 1606/1888/1604
f 1810/2141/1809 1608/1895/1611 1808/2140/1808
f 1811/2142/1810 1808/2140/1808 1809/2143/1811
f 1811/2142/1810 1812/2144/1812 1810/2141/1809
f 1810/2141/1809 1614/1901/1617 1612/1894/1610
f 1814/2145/1813 1614/1901/1617 1812/2144/1812
f 1815/2146/1814 1812/2144/1812 1813/2147/1815
f 1815/2146/1814 1816/2148/1816 1814/2145/1813
f 1814/2145/1813 1620/1907/1623 1618/1900/1616
f 1818/2149/1817 1620/1907/1623 1816/2148/1816
f 1819/2150/1818 1816/2148/1816 1817/2151/1819
f 1819/2152/1818 1820/2153/1820 1818/2154/1817
f 1818/2154/1817 1626/1915/1629 1624/1908/1622
f 1822/2155/1821 1626/1915/1629 1820/2153/1820
f 1823/2156/1822 1820/2153/1820 1821/2157/1823
f 1823/2156/1822 1824/2158/1824 1822/2155/1821
f 1822/2155/1821 1632/1919/1633 1630/1914/1628
f 1763/2090/1764 1632/1919/1633 1824/2158/1824
f 1762/2088/1762 1824/2158/1824 1825/2159/1825
f 1446/1688/1446 1827/2160/1826 1826/2161/1827
f 1826/2162/1827 1765/2163/1767 1762/2164/1762
f 1828/2165/1828 1765/2163/1767 1827/2166/1826
f 1448/2167/1447 1827/2166/1826 1447/2168/1448
f 1448/2167/1447 1829/2169/1829 1828/2165/1828
f 1828/2165/1828 1769/2170/1771 1767/2171/1766
f 1830/2172/1830 1769/2170/1771 1829/2169/1829
f 1454/2173/1453 1829/2169/1829 1453/2174/1454
f 1454/2173/1453 1831/2175/1831 1830/2172/1830
f 1830/2172/1830 1773/2176/1775 1771/2177/1770
f 1832/2178/1832 1773/2176/1775 1831/2175/1831
f 1460/2179/1459 1831/2175/1831 1459/2180/1460
f 1460/2179/1459 1833/2181/1833 1832/2178/1832
f 1832/2178/1832 1777/2182/1779 1775/2183/1774
f 1834/2184/1834 1777/2182/1779 1833/2181/1833
f 1466/1715/1465 1833/2185/1833 1465/1716/1466
f 1466/1715/1465 1835/2186/1835 1834/2187/1834
f 1834/2184/1834 1781/2188/1783 1779/2189/1778
f 1836/2190/1836 1781/2188/1783 1835/2191/1835
f 1472/2192/1471 1835/2191/1835 1471/2193/1472
f 1472/2192/1471 1837/2194/1837 1836/2190/1836
f 1836/2190/1836 1785/2195/1787 1783/2196/1782
f 1838/2197/1838 1785/2195/1787 1837/2194/1837
f 1478/2198/1477 1837/2194/1837 1477/2199/1478
f 1478/2198/1477 1839/2200/1839 1838/2197/1838
f 1838/2197/1838 1789/2201/1791 1787/2202/1786
f 1840/2203/1840 1789/2201/1791 1839/2200/1839
f 1484/2204/1483 1839/2200/1839 1483/2205/1484
f 1484/2204/1483 1841/2206/1841 1840/2203/1840
f 1840/2203/1840 1793/2207/1795 1791/2208/1790
f 1842/2209/1842 1793/2207/1795 1841/2206/1841
f 1490/1748/1489 1841/2210/1841 1489/1749/1490
f 1490/1748/1489 1843/2211/1843 1842/2212/1842
f 1842/2209/1842 1797/2213/1799 1795/2214/1794
f 1844/2215/1844 1797/2213/1799 1843/2216/1843
f 1496/2217/1495 1843/2216/1843 1495/2218/1496
f 1496/2217/1495 1845/2219/1845 1844/2215/1844
f 1844/2215/1844 1801/2220/1803 1799/2221/1798
f 1846/2222/1846 1801/2220/1803 1845/2219/1845
f 1502/2223/1501 1845/2219/1845 1501/2224/1502
f 1502/2223/1501 1847/2225/1847 1846/2222/1846
f 1846/2222/1846 1805/2226/1807 1803/2227/1802
f 1848/2228/1848 1805/2226/1807 1847/2225/1847
f 1508/2229/1507 1847/2225/1847 1507/2230/1508
f 1508/2229/1507 1849/2231/1849 1848/2228/1848
f 1848/2228/1848 1809/2232/1811 1807/2233/1806
f 1850/2234/1850 1809/2232/1811 1849/2231/1849
f 1514/1781/1513 1849/2235/1849 1513/1782/1514
f 1514/1781/1513 1851/2236/1851 1850/2237/1850
f 1850/2234/1850 1813/2238/1815 1811/2239/1810
f 1852/2240/1852 1813/2238/1815 1851/2241/1851
f 1520/2242/1519 1851/2241/1851 1519/2243/1520
f 1520/2242/1519 1853/2244/1853 1852/2240/1852
f 1852/2240/1852 1817/2245/1819 1815/2246/1814
f 1854/2247/1854 1817/2245/1819 1853/2244/1853
f 1526/2248/1525 1853/2244/1853 1525/2249/1526
f 1526/2248/1525 1855/2250/1855 1854/2247/1854
f 1854/2247/1854 1821/2251/1823 1819/2252/1818
f 1856/2253/1856 1821/2251/1823 1855/2250/1855
f 1532/2254/1531 1855/2250/1855 1531/2255/1532
f 1532/2254/1531 1857/2256/1857 1856/2253/1856
f 1856/2253/1856 1825/2257/1825 1823/2258/1822
f 1826/2162/1827 1825/2257/1825 1857/2256/1857
f 1446/1688/1446 1857/2259/1857 1537/1814/1537
f 1381/1614/1380 1858/2260/1858 1380/1615/1381
f 1859/2261/1859 1442/2262/1444 1858/2260/1858
f 1859/2261/1859 1450/2263/1451 1445/2264/1442
f 1381/1614/1380 1860/2265/1860 1859/2261/1859
f 1385/1619/1385 1860/2265/1860 1382/1616/1382
f 1861/2266/1861 1450/2263/1451 1860/2265/1860
f 1861/2266/1861 1456/2267/1457 1452/2268/1450
f 1385/1619/1385 1862/2269/1862 1861/2266/1861
f 1389/1624/1389 1862/2270/1862 1386/1625/1386
f 1863/2271/1863 1456/2272/1457 1862/2270/1862
f 1863/2271/1863 1462/2273/1463 1458/2274/1456
f 1389/1624/1389 1864/2275/1864 1863/2271/1863
f 1393/1630/1394 1864/2275/1864 1390/1626/1390
f 1865/2276/1865 1462/2273/1463 1864/2275/1864
f 1865/2276/1865 1468/2277/1469 1464/2278/1462
f 1393/1630/1394 1866/2279/1866 1865/2276/1865
f 1397/1634/1398 1866/2279/1866 1394/1632/1396
f 1867/2280/1867 1468/2277/1469 1866/2279/1866
f 1867/2280/1867 1474/2281/1475 1470/2282/1468
f 1397/1634/1398 1868/2283/1868 1867/2280/1867
f 1401/1638/1402 1868/2283/1868 1398/1633/1397
f 1869/2284/1869 1474/2281/1475 1868/2283/1868
f 1869/2284/1869 1480/2285/1481 1476/2286/1474
f 1401/1638/1402 1870/2287/1870 1869/2284/1869
f 1405/1642/1404 1870/2288/1870 1402/1643/1405
f 1871/2289/1871 1480/2290/1481 1870/2288/1870
f 1871/2289/1871 1486/2291/1487 1482/2292/1480
f 1405/1642/1404 1872/2293/1872 1871/2289/1871
f 1409/1648/1410 1872/2293/1872 1406/1646/1408
f 1873/2294/1873 1486/2291/1487 1872/2293/1872
f 1873/2294/1873 1492/2295/1493 1488/2296/1486
f 1409/1648/1410 1874/2297/1874 1873/2294/1873
f 1413/1652/1414 1874/2297/1874 1410/1647/1409
f 1875/2298/1875 1492/2295/1493 1874/2297/1874
f 1875/2298/1875 1498/2299/1499 1494/2300/1492
f 1413/1652/1414 1876/2301/1876 1875/2298/1875
f 1417/1656/1418 1876/2301/1876 1414/1654/1416
f 1877/2302/1877 1498/2299/1499 1876/2301/1876
f 1877/2302/1877 1504/2303/1505 1500/2304/1498
f 1417/1656/1418 1878/2305/1878 1877/2302/1877
f 1421/1662/1422 1878/2306/1878 1418/1660/1420
f 1879/2307/1879 1504/2308/1505 1878/2306/1878
f 1879/2307/1879 1510/2309/1511 1506/2310/1504
f 1421/1662/1422 1880/2311/1880 1879/2307/1879
f 1425/1666/1426 1880/2311/1880 1422/1661/1421
f 1881/2312/1881 1510/2309/1511 1880/2311/1880
f 1881/2312/1881 1516/2313/1517 1512/2314/1510
f 1425/1666/1426 1882/2315/1882 1881/2312/1881
f 1429/1669/1429 1882/2315/1882 1426/1665/1425
f 1883/2316/1883 1516/2313/1517 1882/2315/1882
f 1883/2316/1883 1522/2317/1523 1518/2318/1516
f 1429/1669/1429 1884/2319/1884 1883/2316/1883
f 1433/1674/1434 1884/2319/1884 1430/1670/1430
f 1885/2320/1885 1522/2317/1523 1884/2319/1884
f 1885/2320/1885 1528/2321/1529 1524/2322/1522
f 1433/1674/1434 1886/2323/1886 1885/2320/1885
f 1437/1678/1436 1886/2324/1886 1434/1679/1437
f 1887/2325/1887 1528/2326/1529 1886/2324/1886
f 1887/2325/1887 1534/2327/1535 1530/2328/1528
f 1437/1678/1436 1888/2329/1888 1887/2325/1887
f 1441/1683/1441 1888/2329/1888 1438/1680/1438
f 1889/2330/1889 1534/2327/1535 1888/2329/1888
f 1889/2330/1889 1442/2262/1444 1536/2331/1534
f 1441/1683/1441 1858/2260/1858 1889/2330/1889
f 964/2332/965 1891/2333/1890 1890/2334/1891
f 1890/2334/1891 1029/2335/1032 1026/2336/1026
f 1891/2333/1890 1034/2337/1033 1029/2335/1032
f 965/2338/964 1892/2339/1892 1891/2333/1890
f 966/2340/966 1893/2341/1893 1892/2339/1892
f 1892/2339/1892 1036/2342/1038 1034/2337/1033
f 1893/2341/1893 1040/2343/1039 1036/2342/1038
f 969/2344/969 1894/2345/1894 1893/2341/1893
f 970/2346/970 1895/2347/1895 1894/2345/1894
f 1894/2345/1894 1042/2348/1044 1040/2343/1039
f 1895/2347/1895 1046/2349/1045 1042/2348/1044
f 973/2350/973 1896/2351/1896 1895/2347/1895
f 974/2352/974 1897/2353/1897 1896/2351/1896
f 1896/2351/1896 1048/2354/1050 1046/2349/1045
f 1897/2353/1897 1052/2355/1051 1048/2354/1050
f 977/2356/977 1898/2357/1898 1897/2353/1897
f 978/2358/978 1899/2359/1899 1898/2357/1898
f 1898/2357/1898 1054/2360/1056 1052/2355/1051
f 1899/2359/1899 1058/2361/1057 1054/2360/1056
f 981/2362/981 1900/2363/1900 1899/2359/1899
f 982/2364/982 1901/2365/1901 1900/2363/1900
f 1900/2363/1900 1060/2366/1062 1058/2361/1057
f 1901/2365/1901 1064/2367/1063 1060/2366/1062
f 985/2368/985 1902/2369/1902 1901/2365/1901
f 986/2370/986 1903/2371/1903 1902/2369/1902
f 1902/2369/1902 1066/2372/1068 1064/2367/1063
f 1903/2371/1903 1070/2373/1069 1066/2372/1068
f 989/2374/989 1904/2375/1904 1903/2371/1903
f 990/2376/990 1905/2377/1905 1904/2375/1904
f 1904/2375/1904 1072/2378/1074 1070/2373/1069
f 1905/2377/1905 1076/2379/1075 1072/2378/1074
f 993/2380/993 1906/2381/1906 1905/2377/1905
f 994/2382/994 1907/2383/1907 1906/2381/1906
f 1906/2381/1906 1078/2384/1080 1076/2379/1075
f 1907/2383/1907 1082/2385/1081 1078/2384/1080
f 997/2386/997 1908/2387/1908 1907/2383/1907
f 998/2388/998 1909/2389/1909 1908/2387/1908
f 1908/2387/1908 1084/2390/1086 1082/2385/1081
f 1909/2389/1909 1088/2391/1087 1084/2390/1086
f 1001/2392/1001 1910/2393/1910 1909/2389/1909
f 1002/2394/1002 1911/2395/1911 1910/2393/1910
f 1910/2393/1910 1090/2396/1092 1088/2391/1087
f 1911/2395/1911 1094/2397/1093 1090/2396/1092
f 1005/2398/1005 1912/2399/1912 1911/2395/1911
f 1006/2400/1006 1913/2401/1913 1912/2399/1912
f 1912/2399/1912 1096/2402/1098 1094/2397/1093
f 1913/2401/1913 1100/2403/1099 1096/2402/1098
f 1009/2404/1009 1914/2405/1914 1913/2401/1913
f 1010/2406/1010 1915/2407/1915 1914/2405/1914
f 1914/2405/1914 1102/2408/1104 1100/2403/1099
f 1915/2407/1915 1106/2409/1105 1102/2408/1104
f 1013/2410/1013 1916/2411/1916 1915/2407/1915
f 1014/2412/1014 1917/2413/1917 1916/2411/1916
f 1916/2411/1916 1108/2414/1110 1106/2409/1105
f 1917/2413/1917 1112/2415/1111 1108/2414/1110
f 1017/2416/1017 1918/2417/1918 1917/2413/1917
f 1018/2418/1018 1919/2419/1919 1918/2417/1918
f 1918/2417/1918 1114/2420/1116 1112/2415/1111
f 1919/2419/1919 1118/2421/1117 1114/2420/1116
f 1021/2422/1021 1920/2423/1920 1919/2419/1919
f 1022/2424/1022 1921/2425/1921 1920/2423/1920
f 1920/2423/1920 1120/2426/1121 1118/2421/1117
f 1921/2425/1921 1026/2336/1026 1120/2426/1121
f 1025/2427/1025 1890/2334/1891 1921/2425/1921
f 517/544/518 1922/2428/1922 516/542/516
f 1923/2429/1923 578/2430/578 1922/2431/1922
f 1924/2432/1924 581/2433/584 1923/2429/1923
f 518/546/520 1923/2434/1923 517/544/518
f 521/548/522 1924/2435/1924 518/546/520
f 1925/2436/1925 586/2437/586 1924/2432/1924
f 1926/2438/1926 588/624/590 1925/2436/1925
f 522/2439/524 1925/2440/1925 521/548/522
f 525/2441/526 1926/2438/1926 522/2442/524
f 1927/2443/1927 592/627/592 1926/2438/1926
f 1928/2444/1928 594/2445/596 1927/2443/1927
f 526/556/528 1927/2446/1927 525/554/526
f 529/558/530 1928/2447/1928 526/556/528
f 1929/2448/1929 598/2449/598 1928/2444/1928
f 1930/2450/1930 600/2451/602 1929/2448/1929
f 530/560/532 1929/2452/1929 529/558/530
f 533/562/534 1930/2453/1930 530/560/532
f 1931/2454/1931 604/2455/604 1930/2450/1930
f 1932/2456/1932 606/2457/608 1931/2454/1931
f 534/564/536 1931/2458/1931 533/562/534
f 537/566/538 1932/2459/1932 534/564/536
f 1933/2460/1933 610/2461/610 1932/2456/1932
f 1934/2462/1934 612/652/614 1933/2460/1933
f 538/2463/540 1933/2464/1933 537/566/538
f 541/2465/542 1934/2462/1934 538/2466/540
f 1935/2467/1935 616/655/616 1934/2462/1934
f 1936/2468/1936 618/2469/620 1935/2467/1935
f 542/574/544 1935/2470/1935 541/572/542
f 545/576/546 1936/2471/1936 542/574/544
f 1937/2472/1937 622/2473/622 1936/2468/1936
f 1938/2474/1938 624/2475/626 1937/2472/1937
f 546/578/548 1937/2476/1937 545/576/546
f 549/580/550 1938/2477/1938 546/578/548
f 1939/2478/1939 628/2479/628 1938/2474/1938
f 1940/2480/1940 630/2481/632 1939/2478/1939
f 550/582/552 1939/2482/1939 549/580/550
f 553/584/554 1940/2483/1940 550/582/552
f 1941/2484/1941 634/2485/634 1940/2480/1940
f 1942/2486/1942 636/680/638 1941/2484/1941
f 554/2487/556 1941/2488/1941 553/584/554
f 557/2489/558 1942/2486/1942 554/2490/556
f 1943/2491/1943 640/683/640 1942/2486/1942
f 1944/2492/1944 642/2493/644 1943/2491/1943
f 558/592/560 1943/2494/1943 557/590/558
f 561/594/562 1944/2495/1944 558/592/560
f 1945/2496/1945 646/2497/646 1944/2492/1944
f 1946/2498/1946 648/2499/650 1945/2496/1945
f 562/596/564 1945/2500/1945 561/594/562
f 565/598/566 1946/2501/1946 562/596/564
f 1947/2502/1947 652/2503/652 1946/2498/1946
f 1948/2504/1948 654/2505/656 1947/2502/1947
f 566/600/568 1947/2506/1947 565/598/566
f 569/602/570 1948/2507/1948 566/600/568
f 1949/2508/1949 658/2509/658 1948/2504/1948
f 1950/2510/1950 660/708/662 1949/2508/1949
f 570/2511/572 1949/2512/1949 569/602/570
f 573/2513/574 1950/2510/1950 570/2514/572
f 1951/2515/1951 664/711/664 1950/2510/1950
f 1952/2516/1952 666/2517/668 1951/2515/1951
f 574/610/576 1951/2518/1951 573/608/574
f 577/611/577 1952/2519/1952 574/610/576
f 1953/2520/1953 670/2521/670 1952/2516/1952
f 1922/2431/1922 672/2522/673 1953/2520/1953
f 516/542/516 1953/2523/1953 577/611/577
f 805/2524/806 1954/2525/1954 804/2526/804
f 1955/2527/1955 866/2528/868 1954/2525/1954
f 1956/2529/1956 869/2530/866 1955/2527/1955
f 806/2531/808 1955/2527/1955 805/2524/806
f 809/2532/810 1956/2529/1956 806/2531/808
f 1957/2533/1957 874/2534/873 1956/2529/1956
f 1958/2535/1958 876/1003/874 1957/2533/1957
f 810/907/812 1957/2533/1957 809/2532/810
f 813/2536/814 1958/2535/1958 810/907/812
f 1959/2537/1959 880/1001/879 1958/2535/1958
f 1960/2538/1960 882/1004/880 1959/2537/1959
f 814/2539/816 1959/2537/1959 813/2536/814
f 817/2540/818 1960/2538/1960 814/2539/816
f 1961/2541/1961 886/2542/885 1960/2538/1960
f 1962/2543/1962 888/2544/886 1961/2541/1961
f 818/2545/820 1961/2541/1961 817/2540/818
f 821/2546/822 1962/2543/1962 818/2545/820
f 1963/2547/1963 892/2548/891 1962/2543/1962
f 1964/2549/1964 894/2550/892 1963/2547/1963
f 822/2551/824 1963/2547/1963 821/2546/822
f 825/2552/826 1964/2549/1964 822/2551/824
f 1965/2553/1965 898/2554/897 1964/2549/1964
f 1966/2555/1966 900/1032/898 1965/2553/1965
f 826/931/828 1965/2553/1965 825/2552/826
f 829/2556/830 1966/2555/1966 826/931/828
f 1967/2557/1967 904/1030/903 1966/2555/1966
f 1968/2558/1968 906/1033/904 1967/2557/1967
f 830/2559/832 1967/2557/1967 829/2556/830
f 833/2560/834 1968/2558/1968 830/2559/832
f 1969/2561/1969 910/2562/909 1968/2558/1968
f 1970/2563/1970 912/2564/910 1969/2561/1969
f 834/2565/836 1969/2561/1969 833/2560/834
f 837/2566/838 1970/2563/1970 834/2565/836
f 1971/2567/1971 916/2568/915 1970/2563/1970
f 1972/2569/1972 918/2570/916 1971/2567/1971
f 838/2571/840 1971/2567/1971 837/2566/838
f 841/2572/842 1972/2569/1972 838/2571/840
f 1973/2573/1973 922/2574/921 1972/2569/1972
f 1974/2575/1974 924/1061/922 1973/2573/1973
f 842/955/844 1973/2573/1973 841/2572/842
f 845/2576/846 1974/2575/1974 842/955/844
f 1975/2577/1975 928/1059/927 1974/2575/1974
f 1976/2578/1976 930/1062/928 1975/2577/1975
f 846/2579/848 1975/2577/1975 845/2576/846
f 849/2580/850 1976/2578/1976 846/2579/848
f 1977/2581/1977 934/2582/933 1976/2578/1976
f 1978/2583/1978 936/2584/934 1977/2581/1977
f 850/2585/852 1977/2581/1977 849/2580/850
f 853/2586/854 1978/2583/1978 850/2585/852
f 1979/2587/1979 940/2588/939 1978/2583/1978
f 1980/2589/1980 942/2590/940 1979/2587/1979
f 854/2591/856 1979/2587/1979 853/2586/854
f 857/2592/858 1980/2589/1980 854/2591/856
f 1981/2593/1981 946/2594/945 1980/2589/1980
f 1982/2595/1982 948/1090/946 1981/2593/1981
f 858/979/860 1981/2593/1981 857/2592/858
f 861/2596/862 1982/2595/1982 858/979/860
f 1983/2597/1983 952/1088/951 1982/2595/1982
f 1984/2598/1984 954/1091/952 1983/2597/1983
f 862/2599/864 1983/2597/1983 861/2596/862
f 865/2600/865 1984/2598/1984 862/2599/864
f 1985/2601/1985 958/2602/957 1984/2598/1984
f 1954/2525/1954 960/2603/958 1985/2601/1985
f 804/2526/804 1985/2601/1985 865/2600/865
f 1542/1820/1542 1987/2604/1986 1986/2605/1987
f 1986/2605/1987 1701/1984/1698 1698/1986/1700
f 1988/2606/1988 1701/1984/1698 1987/2604/1986
f 1544/1826/1548 1987/2604/1986 1543/1819/1541
f 1544/1826/1548 1989/2607/1989 1988/2606/1988
f 1988/2606/1988 1705/1992/1703 1703/1993/1704
f 1990/2608/1990 1705/1992/1703 1989/2607/1989
f 1550/2609/1554 1989/2607/1989 1549/1825/1547
f 1550/1834/1554 1991/2610/1991 1990/2611/1990
f 1990/2611/1990 1709/1998/1707 1707/2000/1708
f 1992/2612/1992 1709/1998/1707 1991/2610/1991
f 1556/1840/1560 1991/2610/1991 1555/1833/1553
f 1556/1840/1560 1993/2613/1993 1992/2612/1992
f 1992/2612/1992 1713/2006/1711 1711/2007/1712
f 1994/2614/1994 1713/2006/1711 1993/2613/1993
f 1562/1846/1566 1993/2613/1993 1561/1839/1559
f 1562/1846/1566 1995/2615/1995 1994/2614/1994
f 1994/2614/1994 1717/2012/1715 1715/2013/1716
f 1996/2616/1996 1717/2012/1715 1995/2615/1995
f 1568/1852/1572 1995/2615/1995 1567/1845/1565
f 1568/1852/1572 1997/2617/1997 1996/2616/1996
f 1996/2616/1996 1721/2018/1719 1719/2019/1720
f 1998/2618/1998 1721/2018/1719 1997/2617/1997
f 1574/2619/1578 1997/2617/1997 1573/1851/1571
f 1574/1860/1578 1999/2620/1999 1998/2621/1998
f 1998/2621/1998 1725/2024/1723 1723/2026/1724
f 2000/2622/2000 1725/2024/1723 1999/2620/1999
f 1580/1866/1584 1999/2620/1999 1579/1859/1577
f 1580/1866/1584 2001/2623/2001 2000/2622/2000
f 2000/2622/2000 1729/2032/1727 1727/2033/1728
f 2002/2624/2002 1729/2032/1727 2001/2623/2001
f 1586/1872/1590 2001/2623/2001 1585/1865/1583
f 1586/1872/1590 2003/2625/2003 2002/2624/2002
f 2002/2624/2002 1733/2038/1731 1731/2039/1732
f 2004/2626/2004 1733/2038/1731 2003/2625/2003
f 1592/1878/1596 2003/2625/2003 1591/1871/1589
f 1592/1878/1596 2005/2627/2005 2004/2626/2004
f 2004/2626/2004 1737/2044/1735 1735/2045/1736
f 2006/2628/2006 1737/2044/1735 2005/2627/2005
f 1598/2629/1602 2005/2627/2005 1597/1877/1595
f 1598/1886/1602 2007/2630/2007 2006/2631/2006
f 2006/2631/2006 1741/2050/1739 1739/2052/1740
f 2008/2632/2008 1741/2050/1739 2007/2630/2007
f 1604/1892/1608 2007/2630/2007 1603/1885/1601
f 1604/1892/1608 2009/2633/2009 2008/2632/2008
f 2008/2632/2008 1745/2058/1743 1743/2059/1744
f 2010/2634/2010 1745/2058/1743 2009/2633/2009
f 1610/1898/1614 2009/2633/2009 1609/1891/1607
f 1610/1898/1614 2011/2635/2011 2010/2634/2010
f 2010/2634/2010 1749/2064/1747 1747/2065/1748
f 2012/2636/2012 1749/2064/1747 2011/2635/2011
f 1616/1904/1620 2011/2635/2011 1615/1897/1613
f 1616/1904/1620 2013/2637/2013 2012/2636/2012
f 2012/2636/2012 1753/2070/1751 1751/2071/1752
f 2014/2638/2014 1753/2070/1751 2013/2637/2013
f 1622/2639/1626 2013/2637/2013 1621/1903/1619
f 1622/1912/1626 2015/2640/2015 2014/2641/2014
f 2014/2641/2014 1757/2076/1755 1755/2078/1756
f 2016/2642/2016 1757/2076/1755 2015/2640/2015
f 1628/1918/1632 2015/2640/2015 1627/1911/1625
f 1628/1918/1632 2017/2643/2017 2016/2642/2016
f 2016/2642/2016 1761/2084/1759 1759/2085/1760
f 1986/2605/1987 1761/2084/1759 2017/2643/2017
f 1542/1820/1542 2017/2643/2017 1633/1917/1631
f 263/270/264 2018/2644/2018 262/268/262
f 2018/2644/2018 357/374/360 354/368/354
f 2019/2645/2019 362/375/361 357/374/360
f 264/274/268 2019/2645/2019 263/270/264
f 269/276/270 2020/2646/2020 264/274/268
f 2020/2646/2020 364/380/366 362/375/361
f 2021/2647/2021 368/2648/367 364/380/366
f 270/2649/274 2021/2647/2021 269/276/270
f 275/284/276 2022/2650/2022 270/282/274
f 2022/2650/2022 370/387/372 368/381/367
f 2023/2651/2023 374/388/373 370/387/372
f 276/288/280 2023/2651/2023 275/284/276
f 281/290/282 2024/2652/2024 276/288/280
f 2024/2652/2024 376/393/378 374/388/373
f 2025/2653/2025 380/394/379 376/393/378
f 282/294/286 2025/2653/2025 281/290/282
f 287/296/288 2026/2654/2026 282/294/286
f 2026/2654/2026 382/399/384 380/394/379
f 2027/2655/2027 386/400/385 382/399/384
f 288/300/292 2027/2655/2027 287/296/288
f 293/302/294 2028/2656/2028 288/300/292
f 2028/2656/2028 388/405/390 386/400/385
f 2029/2657/2029 392/2658/391 388/405/390
f 294/2659/298 2029/2657/2029 293/302/294
f 299/310/300 2030/2660/2030 294/308/298
f 2030/2660/2030 394/412/396 392/406/391
f 2031/2661/2031 398/413/397 394/412/396
f 300/314/304 2031/2661/2031 299/310/300
f 305/316/306 2032/2662/2032 300/314/304
f 2032/2662/2032 400/418/402 398/413/397
f 2033/2663/2033 404/419/403 400/418/402
f 306/320/310 2033/2663/2033 305/316/306
f 311/322/312 2034/2664/2034 306/320/310
f 2034/2664/2034 406/424/408 404/419/403
f 2035/2665/2035 410/425/409 406/424/408
f 312/326/316 2035/2665/2035 311/322/312
f 317/328/318 2036/2666/2036 312/326/316
f 2036/2666/2036 412/430/414 410/425/409
f 2037/2667/2037 416/2668/415 412/430/414
f 318/2669/322 2037/2667/2037 317/328/318
f 323/336/324 2038/2670/2038 318/334/322
f 2038/2670/2038 418/437/420 416/431/415
f 2039/2671/2039 422/438/421 418/437/420
f 324/340/328 2039/2671/2039 323/336/324
f 329/342/330 2040/2672/2040 324/340/328
f 2040/2672/2040 424/443/426 422/438/421
f 2041/2673/2041 428/444/427 424/443/426
f 330/346/334 2041/2673/2041 329/342/330
f 335/348/336 2042/2674/2042 330/346/334
f 2042/2674/2042 430/449/432 428/444/427
f 2043/2675/2043 434/450/433 430/449/432
f 336/352/340 2043/2675/2043 335/348/336
f 341/354/342 2044/2676/2044 336/352/340
f 2044/2676/2044 436/455/438 434/450/433
f 2045/2677/2045 440/2678/439 436/455/438
f 342/2679/346 2045/2677/2045 341/354/342
f 347/362/348 2046/2680/2046 342/360/346
f 2046/2680/2046 442/462/444 440/456/439
f 2047/2681/2047 446/463/445 442/462/444
f 348/366/352 2047/2681/2047 347/362/348
f 353/367/353 2048/2682/2048 348/366/352
f 2048/2682/2048 448/467/449 446/463/445
f 2049/2683/2049 354/368/354 448/467/449
f 262/268/262 2049/2683/2049 353/367/353
f 2053/2684/2050 2051/2685/2051 2050/2686/2052
f 2052/2687/2053 258/266/260 2051/2685/2051
f 2054/2688/2054 261/264/258 2052/2687/2053
f 2055/2689/2055 2052/2687/2053 2053/2684/2050
f 2057/2690/2056 2054/2688/2054 2055/2689/2055
f 2056/2691/2057 266/271/265 2054/2688/2054
f 2058/2692/2058 268/272/266 2056/2691/2057
f 2059/2693/2059 2056/2691/2057 2057/2690/2056
f 2061/2694/2060 2058/2695/2058 2059/2696/2059
f 2060/2697/2061 272/280/271 2058/2695/2058
f 2062/2698/2062 274/278/272 2060/2697/2061
f 2063/2699/2063 2060/2697/2061 2061/2694/2060
f 2065/2700/2064 2062/2698/2062 2063/2699/2063
f 2064/2701/2065 278/285/277 2062/2698/2062
f 2066/2702/2066 280/286/278 2064/2701/2065
f 2067/2703/2067 2064/2701/2065 2065/2700/2064
f 2069/2704/2068 2066/2702/2066 2067/2703/2067
f 2068/2705/2069 284/291/283 2066/2702/2066
f 2070/2706/2070 286/292/284 2068/2705/2069
f 2071/2707/2071 2068/2705/2069 2069/2704/2068
f 2073/2708/2072 2070/2706/2070 2071/2707/2071
f 2072/2709/2073 290/297/289 2070/2706/2070
f 2074/2710/2074 292/298/290 2072/2709/2073
f 2075/2711/2075 2072/2709/2073 2073/2708/2072
f 2077/2712/2076 2074/2713/2074 2075/2714/2075
f 2076/2715/2077 296/306/295 2074/2713/2074
f 2078/2716/2078 298/304/296 2076/2715/2077
f 2079/2717/2079 2076/2715/2077 2077/2712/2076
f 2081/2718/2080 2078/2716/2078 2079/2717/2079
f 2080/2719/2081 302/311/301 2078/2716/2078
f 2082/2720/2082 304/312/302 2080/2719/2081
f 2083/2721/2083 2080/2719/2081 2081/2718/2080
f 2085/2722/2084 2082/2720/2082 2083/2721/2083
f 2084/2723/2085 308/317/307 2082/2720/2082
f 2086/2724/2086 310/318/308 2084/2723/2085
f 2087/2725/2087 2084/2723/2085 2085/2722/2084
f 2089/2726/2088 2086/2724/2086 2087/2725/2087
f 2088/2727/2089 314/323/313 2086/2724/2086
f 2090/2728/2090 316/324/314 2088/2727/2089
f 2091/2729/2091 2088/2727/2089 2089/2726/2088
f 2093/2730/2092 2090/2731/2090 2091/2732/2091
f 2092/2733/2093 320/332/319 2090/2731/2090
f 2094/2734/2094 322/330/320 2092/2733/2093
f 2095/2735/2095 2092/2733/2093 2093/2730/2092
f 2097/2736/2096 2094/2734/2094 2095/2735/2095
f 2096/2737/2097 326/337/325 2094/2734/2094
f 2098/2738/2098 328/338/326 2096/2737/2097
f 2099/2739/2099 2096/2737/2097 2097/2736/2096
f 2101/2740/2100 2098/2738/2098 2099/2739/2099
f 2100/2741/2101 332/343/331 2098/2738/2098
f 2102/2742/2102 334/344/332 2100/2741/2101
f 2103/2743/2103 2100/2741/2101 2101/2740/2100
f 2105/2744/2104 2102/2742/2102 2103/2743/2103
f 2104/2745/2105 338/349/337 2102/2742/2102
f 2106/2746/2106 340/350/338 2104/2745/2105
f 2107/2747/2107 2104/2745/2105 2105/2744/2104
f 2109/2748/2108 2106/2749/2106 2107/2750/2107
f 2108/2751/2109 344/358/343 2106/2749/2106
f 2110/2752/2110 346/356/344 2108/2751/2109
f 2111/2753/2111 2108/2751/2109 2109/2748/2108
f 2113/2754/2112 2110/2752/2110 2111/2753/2111
f 2112/2755/2113 350/363/349 2110/2752/2110
f 2051/2685/2051 352/364/350 2112/2755/2113
f 2050/2686/2052 2112/2755/2113 2113/2754/2112
f 2114/2756/2114 2116/2757/2115 2115/2758/2116
f 2115/2758/2116 2053/2759/2050 2050/2760/2052
f 2116/2757/2115 2055/2761/2055 2053/2759/2050
f 2117/2762/2117 2118/2763/2118 2116/2757/2115
f 2119/2764/2119 2120/2765/2120 2118/2763/2118
f 2118/2763/2118 2057/2766/2056 2055/2761/2055
f 2120/2765/2120 2059/2767/2059 2057/2766/2056
f 2121/2768/2121 2122/2769/2122 2120/2765/2120
f 2123/2770/2123 2124/2771/2124 2122/2769/2122
f 2122/2769/2122 2061/2772/2060 2059/2767/2059
f 2124/2771/2124 2063/2773/2063 2061/2772/2060
f 2125/2774/2125 2126/2775/2126 2124/2771/2124
f 2127/2776/2127 2128/2777/2128 2126/2775/2126
f 2126/2775/2126 2065/2778/2064 2063/2773/2063
f 2128/2777/2128 2067/2779/2067 2065/2778/2064
f 2129/2780/2129 2130/2781/2130 2128/2777/2128
f 2131/2782/2131 2132/2783/2132 2130/2781/2130
f 2130/2781/2130 2069/2784/2068 2067/2779/2067
f 2132/2783/2132 2071/2785/2071 2069/2784/2068
f 2133/2786/2133 2134/2787/2134 2132/2783/2132
f 2135/2788/2135 2136/2789/2136 2134/2787/2134
f 2134/2787/2134 2073/2790/2072 2071/2785/2071
f 2136/2789/2136 2075/2791/2075 2073/2790/2072
f 2137/2792/2137 2138/2793/2138 2136/2789/2136
f 2139/2794/2139 2140/2795/2140 2138/2793/2138
f 2138/2793/2138 2077/2796/2076 2075/2791/2075
f 2140/2795/2140 2079/2797/2079 2077/2796/2076
f 2141/2798/2141 2142/2799/2142 2140/2795/2140
f 2143/2800/2143 2144/2801/2144 2142/2799/2142
f 2142/2799/2142 2081/2802/2080 2079/2797/2079
f 2144/2801/2144 2083/2803/2083 2081/2802/2080
f 2145/2804/2145 2146/2805/2146 2144/2801/2144
f 2147/2806/2147 2148/2807/2148 2146/2805/2146
f 2146/2805/2146 2085/2808/2084 2083/2803/2083
f 2148/2807/2148 2087/2809/2087 2085/2808/2084
f 2149/2810/2149 2150/2811/2150 2148/2807/2148
f 2151/2812/2151 2152/2813/2152 2150/2811/2150
f 2150/2811/2150 2089/2814/2088 2087/2809/2087
f 2152/2813/2152 2091/2815/2091 2089/2814/2088
f 2153/2816/2153 2154/2817/2154 2152/2813/2152
f 2155/2818/2155 2156/2819/2156 2154/2817/2154
f 2154/2817/2154 2093/2820/2092 2091/2815/2091
f 2156/2819/2156 2095/2821/2095 2093/2820/2092
f 2157/2822/2157 2158/2823/2158 2156/2819/2156
f 2159/2824/2159 2160/2825/2160 2158/2823/2158
f 2158/2823/2158 2097/2826/2096 2095/2821/2095
f 2160/2825/2160 2099/2827/2099 2097/2826/2096
f 2161/2828/2161 2162/2829/2162 2160/2825/2160
f 2163/2830/2163 2164/2831/2164 2162/2829/2162
f 2162/2829/2162 2101/2832/2100 2099/2827/2099
f 2164/2831/2164 2103/2833/2103 2101/2832/2100
f 2165/2834/2165 2166/2835/2166 2164/2831/2164
f 2167/2836/2167 2168/2837/2168 2166/2835/2166
f 2166/2835/2166 2105/2838/2104 2103/2833/2103
f 2168/2837/2168 2107/2839/2107 2105/2838/2104
f 2169/2840/2169 2170/2841/2170 2168/2837/2168
f 2171/2842/2171 2172/2843/2172 2170/2841/2170
f 2170/2841/2170 2109/2844/2108 2107/2839/2107
f 2172/2843/2172 2111/2845/2111 2109/2844/2108
f 2173/2846/2173 2174/2847/2174 2172/2843/2172
f 2175/2848/2175 2176/2849/2176 2174/2847/2174
f 2174/2847/2174 2113/2850/2112 2111/2845/2111
f 2176/2849/2176 2050/2760/2052 2113/2850/2112
f 2177/2851/2177 2115/2758/2116 2176/2849/2176
f 2178/2852/2178 2180/2853/2179 2179/2854/2180
f 2179/2854/2180 2117/2762/2117 2114/2756/2114
f 2180/2853/2179 2119/2764/2119 2117/2762/2117
f 2181/2855/2181 2182/2856/2182 2180/2853/2179
f 2183/2857/2183 2184/2858/2184 2182/2856/2182
f 2182/2856/2182 2121/2768/2121 2119/2764/2119
f 2184/2858/2184 2123/2770/2123 2121/2768/2121
f 2185/2859/2185 2186/2860/2186 2184/2858/2184
f 2187/2861/2187 2188/2862/2188 2186/2860/2186
f 2186/2860/2186 2125/2774/2125 2123/2770/2123
f 2188/2862/2188 2127/2776/2127 2125/2774/2125
f 2189/2863/2189 2190/2864/2190 2188/2862/2188
f 2191/2865/2191 2192/2866/2192 2190/2864/2190
f 2190/2864/2190 2129/2780/2129 2127/2776/2127
f 2192/2866/2192 2131/2782/2131 2129/2780/2129
f 2193/2867/2193 2194/2868/2194 2192/2866/2192
f 2195/2869/2195 2196/2870/2196 2194/2868/2194
f 2194/2868/2194 2133/2786/2133 2131/2782/2131
f 2196/2870/2196 2135/2788/2135 2133/2786/2133
f 2197/2871/2197 2198/2872/2198 2196/2870/2196
f 2199/2873/2199 2200/2874/2200 2198/2872/2198
f 2198/2872/2198 2137/2792/2137 2135/2788/2135
f 2200/2874/2200 2139/2794/2139 2137/2792/2137
f 2201/2875/2201 2202/2876/2202 2200/2874/2200
f 2203/2877/2203 2204/2878/2204 2202/2876/2202
f 2202/2876/2202 2141/2798/2141 2139/2794/2139
f 2204/2878/2204 2143/2800/2143 2141/2798/2141
f 2205/2879/2205 2206/2880/2206 2204/2878/2204
f 2207/2881/2207 2208/2882/2208 2206/2880/2206
f 2206/2880/2206 2145/2804/2145 2143/2800/2143
f 2208/2882/2208 2147/2806/2147 2145/2804/2145
f 2209/2883/2209 2210/2884/2210 2208/2882/2208
f 2211/2885/2211 2212/2886/2212 2210/2884/2210
f 2210/2884/2210 2149/2810/2149 2147/2806/2147
f 2212/2886/2212 2151/2812/2151 2149/2810/2149
f 2213/2887/2213 2214/2888/2214 2212/2886/2212
f 2215/2889/2215 2216/2890/2216 2214/2888/2214
f 2214/2888/2214 2153/2816/2153 2151/2812/2151
f 2216/2890/2216 2155/2818/2155 2153/2816/2153
f 2217/2891/2217 2218/2892/2218 2216/2890/2216
f 2219/2893/2219 2220/2894/2220 2218/2892/2218
f 2218/2892/2218 2157/2822/2157 2155/2818/2155
f 2220/2894/2220 2159/2824/2159 2157/2822/2157
f 2221/2895/2221 2222/2896/2222 2220/2894/2220
f 2223/2897/2223 2224/2898/2224 2222/2896/2222
f 2222/2896/2222 2161/2828/2161 2159/2824/2159
f 2224/2898/2224 2163/2830/2163 2161/2828/2161
f 2225/2899/2225 2226/2900/2226 2224/2898/2224
f 2227/2901/2227 2228/2902/2228 2226/2900/2226
f 2226/2900/2226 2165/2834/2165 2163/2830/2163
f 2228/2902/2228 2167/2836/2167 2165/2834/2165
f 2229/2903/2229 2230/2904/2230 2228/2902/2228
f 2231/2905/2231 2232/2906/2232 2230/2904/2230
f 2230/2904/2230 2169/2840/2169 2167/2836/2167
f 2232/2906/2232 2171/2842/2171 2169/2840/2169
f 2233/2907/2233 2234/2908/2234 2232/2906/2232
f 2235/2909/2235 2236/2910/2236 2234/2908/2234
f 2234/2908/2234 2173/2846/2173 2171/2842/2171
f 2236/2910/2236 2175/2848/2175 2173/2846/2173
f 2237/2911/2237 2238/2912/2238 2236/2910/2236
f 2239/2913/2239 2240/2914/2240 2238/2912/2238
f 2238/2912/2238 2177/2851/2177 2175/2848/2175
f 2240/2914/2240 2114/2756/2114 2177/2851/2177
f 2241/2915/2241 2179/2854/2180 2240/2914/2240
f 2242/2916/2242 2244/2917/2243 2243/2918/2244
f 2243/2919/2244 2181/2855/2181 2178/2852/2178
f 2244/2920/2243 2183/2857/2183 2181/2855/2181
f 2245/2921/2245 2246/2922/2246 2244/2917/2243
f 2247/2923/2247 2248/2924/2248 2246/2922/2246
f 2246/2925/2246 2185/2859/2185 2183/2857/2183
f 2248/2926/2248 2187/2861/2187 2185/2859/2185
f 2249/2927/2249 2250/2928/2250 2248/2924/2248
f 2251/2929/2251 2252/2930/2252 2250/2931/2250
f 2250/2932/2250 2189/2863/2189 2187/2861/2187
f 2252/2933/2252 2191/2865/2191 2189/2863/2189
f 2253/2934/2253 2254/2935/2254 2252/2930/2252
f 2255/2936/2255 2256/2937/2256 2254/2935/2254
f 2254/2938/2254 2193/2867/2193 2191/2865/2191
f 2256/2939/2256 2195/2869/2195 2193/2867/2193
f 2257/2940/2257 2258/2941/2258 2256/2937/2256
f 2259/2942/2259 2260/2943/2260 2258/2941/2258
f 2258/2944/2258 2197/2871/2197 2195/2869/2195
f 2260/2945/2260 2199/2873/2199 2197/2871/2197
f 2261/2946/2261 2262/2947/2262 2260/2943/2260
f 2263/2948/2263 2264/2949/2264 2262/2947/2262
f 2262/2950/2262 2201/2875/2201 2199/2873/2199
f 2264/2951/2264 2203/2877/2203 2201/2875/2201
f 2265/2952/2265 2266/2953/2266 2264/2949/2264
f 2267/2954/2267 2268/2955/2268 2266/2956/2266
f 2266/2957/2266 2205/2879/2205 2203/2877/2203
f 2268/2958/2268 2207/2881/2207 2205/2879/2205
f 2269/2959/2269 2270/2960/2270 2268/2955/2268
f 2271/2961/2271 2272/2962/2272 2270/2960/2270
f 2270/2963/2270 2209/2883/2209 2207/2881/2207
f 2272/2964/2272 2211/2885/2211 2209/2883/2209
f 2273/2965/2273 2274/2966/2274 2272/2962/2272
f 2275/2967/2275 2276/2968/2276 2274/2966/2274
f 2274/2969/2274 2213/2887/2213 2211/2885/2211
f 2276/2970/2276 2215/2889/2215 2213/2887/2213
f 2277/2971/2277 2278/2972/2278 2276/2968/2276
f 2279/2973/2279 2280/2974/2280 2278/2972/2278
f 2278/2975/2278 2217/2891/2217 2215/2889/2215
f 2280/2976/2280 2219/2893/2219 2217/2891/2217
f 2281/2977/2281 2282/2978/2282 2280/2974/2280
f 2283/2979/2283 2284/2980/2284 2282/2981/2282
f 2282/2982/2282 2221/2895/2221 2219/2893/2219
f 2284/2983/2284 2223/2897/2223 2221/2895/2221
f 2285/2984/2285 2286/2985/2286 2284/2980/2284
f 2287/2986/2287 2288/2987/2288 2286/2985/2286
f 2286/2988/2286 2225/2899/2225 2223/2897/2223
f 2288/2989/2288 2227/2901/2227 2225/2899/2225
f 2289/2990/2289 2290/2991/2290 2288/2987/2288
f 2291/2992/2291 2292/2993/2292 2290/2991/2290
f 2290/2994/2290 2229/2903/2229 2227/2901/2227
f 2292/2995/2292 2231/2905/2231 2229/2903/2229
f 2293/2996/2293 2294/2997/2294 2292/2993/2292
f 2295/2998/2295 2296/2999/2296 2294/2997/2294
f 2294/3000/2294 2233/2907/2233 2231/2905/2231
f 2296/3001/2296 2235/2909/2235 2233/2907/2233
f 2297/3002/2297 2298/3003/2298 2296/2999/2296
f 2299/3004/2299 2300/3005/2300 2298/3006/2298
f 2298/3007/2298 2237/2911/2237 2235/2909/2235
f 2300/3008/2300 2239/2913/2239 2237/2911/2237
f 2301/3009/2301 2302/3010/2302 2300/3005/2300
f 2303/3011/2303 2304/3012/2304 2302/3010/2302
f 2302/3013/2302 2241/2915/2241 2239/2913/2239
f 2304/3014/2304 2178/2852/2178 2241/2915/2241
f 2305/3015/2305 2243/2918/2244 2304/3012/2304
f 2309/3016/2306 2307/3017/2307 2306/3018/2308
f 2307/3017/2307 2245/2921/2245 2242/2916/2242
f 2308/3019/2309 2247/2923/2247 2245/2921/2245
f 2311/3020/2310 2308/3019/2309 2309/3016/2306
f 2313/3021/2311 2310/3022/2312 2311/3020/2310
f 2310/3022/2312 2249/2927/2249 2247/2923/2247
f 2312/3023/2313 2251/3024/2251 2249/2927/2249
f 2315/3025/2314 2312/3023/2313 2313/3021/2311
f 2317/3026/2315 2314/3027/2316 2315/3028/2314
f 2314/3027/2316 2253/2934/2253 2251/2929/2251
f 2316/3029/2317 2255/2936/2255 2253/2934/2253
f 2319/3030/2318 2316/3029/2317 2317/3026/2315
f 2321/3031/2319 2318/3032/2320 2319/3030/2318
f 2318/3032/2320 2257/2940/2257 2255/2936/2255
f 2320/3033/2321 2259/2942/2259 2257/2940/2257
f 2323/3034/2322 2320/3033/2321 2321/3031/2319
f 2325/3035/2323 2322/3036/2324 2323/3034/2322
f 2322/3036/2324 2261/2946/2261 2259/2942/2259
f 2324/3037/2325 2263/2948/2263 2261/2946/2261
f 2327/3038/2326 2324/3037/2325 2325/3035/2323
f 2329/3039/2327 2326/3040/2328 2327/3038/2326
f 2326/3040/2328 2265/2952/2265 2263/2948/2263
f 2328/3041/2329 2267/3042/2267 2265/2952/2265
f 2331/3043/2330 2328/3041/2329 2329/3039/2327
f 2333/3044/2331 2330/3045/2332 2331/3046/2330
f 2330/3045/2332 2269/2959/2269 2267/2954/2267
f 2332/3047/2333 2271/2961/2271 2269/2959/2269
f 2335/3048/2334 2332/3047/2333 2333/3044/2331
f 2337/3049/2335 2334/3050/2336 2335/3048/2334
f 2334/3050/2336 2273/2965/2273 2271/2961/2271
f 2336/3051/2337 2275/2967/2275 2273/2965/2273
f 2339/3052/2338 2336/3051/2337 2337/3049/2335
f 2341/3053/2339 2338/3054/2340 2339/3052/2338
f 2338/3054/2340 2277/2971/2277 2275/2967/2275
f 2340/3055/2341 2279/2973/2279 2277/2971/2277
f 2343/3056/2342 2340/3055/2341 2341/3053/2339
f 2345/3057/2343 2342/3058/2344 2343/3056/2342
f 2342/3058/2344 2281/2977/2281 2279/2973/2279
f 2344/3059/2345 2283/3060/2283 2281/2977/2281
f 2347/3061/2346 2344/3059/2345 2345/3057/2343
f 2349/3062/2347 2346/3063/2348 2347/3064/2346
f 2346/3063/2348 2285/2984/2285 2283/2979/2283
f 2348/3065/2349 2287/2986/2287 2285/2984/2285
f 2351/3066/2350 2348/3065/2349 2349/3062/2347
f 2353/3067/2351 2350/3068/2352 2351/3066/2350
f 2350/3068/2352 2289/2990/2289 2287/2986/2287
f 2352/3069/2353 2291/2992/2291 2289/2990/2289
f 2355/3070/2354 2352/3069/2353 2353/3067/2351
f 2357/3071/2355 2354/3072/2356 2355/3070/2354
f 2354/3072/2356 2293/2996/2293 2291/2992/2291
f 2356/3073/2357 2295/2998/2295 2293/2996/2293
f 2359/3074/2358 2356/3073/2357 2357/3071/2355
f 2361/3075/2359 2358/3076/2360 2359/3074/2358
f 2358/3076/2360 2297/3002/2297 2295/2998/2295
f 2360/3077/2361 2299/3078/2299 2297/3002/2297
f 2363/3079/2362 2360/3077/2361 2361/3075/2359
f 2365/3080/2363 2362/3081/2364 2363/3082/2362
f 2362/3081/2364 2301/3009/2301 2299/3004/2299
f 2364/3083/2365 2303/3011/2303 2301/3009/2301
f 2367/3084/2366 2364/3083/2365 2365/3080/2363
f 2369/3085/2367 2366/3086/2368 2367/3084/2366
f 2366/3086/2368 2305/3015/2305 2303/3011/2303
f 2368/3087/2369 2242/2916/2242 2305/3015/2305
f 2306/3018/2308 2368/3087/2369 2369/3085/2367
f 2373/3088/2370 2371/3089/2371 2370/3090/2372
f 2376/3091/2373 2374/3092/2374 2377/3093/2375
f 2382/3094/2376 2381/3095/2377 2380/3096/2378
f 2383/3097/2379 2385/3098/2380 2384/3099/2381
f 2378/3100/2382 2371/3101/2371 2382/3094/2376
f 2389/3102/2383 2387/3103/2384 2390/3104/2385
f 2396/3105/2386 2395/3106/2387 2394/3107/2388
f 2380/3108/2378 2386/3109/2389 2383/3097/2379
f 2399/3110/2390 2391/3111/2391 2397/3112/2392
f 2398/3113/2393 2390/3104/2385 2391/3111/2391
f 2403/3114/2394 2401/3115/2395 2404/3116/2396
f 2407/3117/2397 2401/3118/2395 2406/3119/2398
f 2411/3120/2399 2409/3121/2400 2408/3122/2401
f 2414/3123/2402 2412/3124/2403 2400/3125/2404
f 2392/3126/2405 2415/3127/2406 2403/3128/2394
f 2379/3129/2407 2389/3102/2383 2377/3093/2375
f 2417/3130/2408 2398/3113/2393 2399/3110/2390
f 2420/3131/2409 2418/3132/2410 2421/3133/2411
f 2427/3134/2412 2425/3135/2413 2424/3136/2414
f 2428/3137/2415 2430/3138/2416 2429/3139/2417
f 2434/3140/2418 2422/3141/2419 2432/3142/2420
f 2433/3143/2421 2421/3133/2411 2422/3141/2419
f 2438/3144/2422 2436/3145/2423 2439/3146/2424
f 2442/3147/2425 2436/3148/2423 2441/3149/2426
f 2447/3150/2427 2445/3151/2428 2444/3152/2429
f 2450/3153/2430 2448/3154/2431 2435/3155/2432
f 2453/3156/2433 2451/3157/2434 2454/3158/2435
f 2459/3159/2436 2457/3160/2437 2456/3161/2438
f 2460/3162/2439 2462/3163/2440 2461/3164/2441
f 2439/3146/2424 2463/3165/2442 2460/3166/2439
f 2423/3167/2443 2466/3168/2444 2465/3169/2445
f 2468/3170/2446 2465/3169/2445 2467/3171/2447
f 2472/3172/2448 2470/3173/2449 2469/3174/2450
f 2425/3135/2413 2473/3175/2451 2474/3176/2452
f 2475/3177/2453 2476/3178/2454 2477/3179/2455
f 2479/3180/2456 2481/3181/2457 2480/3182/2458
f 2486/3183/2459 2484/3184/2460 2483/3185/2461
f 2489/3186/2462 2487/3187/2463 2490/3188/2464
f 2496/3189/2465 2495/3190/2466 2494/3191/2467
f 2497/3192/2468 2499/3193/2469 2498/3194/2470
f 2503/3195/2471 2491/3196/2472 2501/3197/2473
f 2502/3198/2474 2490/3188/2464 2491/3196/2472
f 2455/3199/2475 2505/3200/2476 2506/3201/2477
f 2509/3202/2478 2505/3203/2476 2508/3204/2479
f 2514/3205/2480 2513/3206/2481 2512/3207/2482
f 2515/3208/2483 2453/3156/2433 2504/3209/2484
f 2492/3210/2485 2454/3158/2435 2455/3211/2475
f 2519/3212/2486 2376/3091/2373 2518/3213/2487
f 2523/3214/2488 2521/3215/2489 2520/3216/2490
f 2526/3217/2491 2524/3218/2492 2527/3219/2493
f 2534/3220/2494 2531/3221/2495 2529/3222/2496
f 2539/3223/2497 2541/3224/2498 2540/3225/2499
f 2545/3226/2500 2528/3227/2501 2543/3228/2502
f 2544/3229/2503 2527/3219/2493 2528/3227/2501
f 2456/3230/2438 2546/3231/2504 2544/3229/2503
f 2548/3232/2505 2544/3229/2503 2545/3226/2500
f 2549/3233/2506 2551/3234/2507 2550/3235/2508
f 2457/3236/2437 2547/3237/2509 2456/3230/2438
f 2458/3238/2510 2556/3239/2511 2555/3240/2512
f 2561/3241/2513 2560/3242/2514 2559/3243/2515
f 2562/3244/2516 2564/3245/2517 2563/3246/2518
f 2554/3247/2519 2566/3248/2520 2553/3249/2521
f 2517/3250/2522 2569/3251/2523 2568/3252/2524
f 2571/3253/2525 2568/3252/2524 2570/3254/2526
f 2575/3255/2527 2573/3256/2528 2572/3257/2529
f 2560/3258/2514 2576/3259/2530 2559/3260/2515
f 2581/3261/2531 2579/3262/2532 2578/3263/2533
f 2583/3264/2534 2574/3265/2535 2575/3255/2527
f 2585/3266/2536 2582/3267/2537 2583/3264/2534
f 2485/3268/2538 2586/3269/2539 2484/3184/2460
f 2557/3270/2540 2587/3271/2541 2561/3241/2513
f 2591/3272/2542 2584/3273/2543 2585/3266/2536
f 2593/3274/2544 2590/3275/2545 2591/3276/2542
f 2592/3277/2546 2486/3183/2459 2590/3278/2545
f 2513/3279/2481 2595/3280/2547 2512/3281/2482
f 2598/3282/2548 2592/3283/2546 2593/3274/2544
f 2600/3284/2549 2597/3285/2550 2598/3282/2548
f 2597/3286/2550 2602/3287/2551 2601/3288/2552
f 2604/3289/2553 2510/3290/2554 2599/3291/2555
f 2605/3292/2556 2599/3293/2555 2600/3284/2549
f 2607/3294/2557 2604/3295/2553 2605/3292/2556
f 2610/3296/2558 2609/3297/2559 2608/3298/2560
f 2603/3299/2561 2611/3300/2562 2613/3301/2563
f 2616/3302/2564 2606/3303/2565 2607/3294/2557
f 2618/3304/2566 2615/3305/2567 2616/3302/2564
f 2617/3306/2568 2619/3307/2569 2615/3308/2567
f 2410/3309/2570 2434/3140/2418 2409/3121/2400
f 2622/3310/2571 2617/3311/2568 2618/3304/2566
f 2624/3312/2572 2621/3313/2573 2622/3314/2571
f 2621/3315/2573 2625/3316/2574 2411/3120/2399
f 2629/3317/2575 2627/3318/2576 2626/3319/2577
f 2631/3320/2578 2623/3321/2579 2624/3312/2572
f 2633/3322/2580 2630/3323/2581 2631/3320/2578
f 2628/3324/2582 2634/3325/2583 2627/3318/2576
f 2636/3326/2584 2629/3317/2575 2632/3327/2585
f 2637/3328/2586 2632/3329/2585 2633/3322/2580
f 2639/3330/2587 2636/3331/2584 2637/3328/2586
f 2641/3332/2588 2469/3174/2450 2640/3333/2589
f 2644/3334/2590 2642/3335/2591 2635/3336/2592
f 2646/3337/2593 2638/3338/2594 2639/3330/2587
f 2647/3339/2595 2645/3340/2596 2646/3337/2593
f 2446/3341/2597 2648/3342/2598 2445/3151/2428
f 2649/3343/2599 2650/3344/2600 2648/3342/2598
f 2651/3345/2601 2443/3346/2602 2647/3339/2595
f 2653/3347/2603 2447/3348/2427 2651/3349/2601
f 2652/3350/2604 2446/3341/2597 2447/3150/2427
f 2658/3351/2605 2656/3352/2606 2655/3353/2607
f 2660/3354/2608 2652/3355/2604 2653/3347/2603
f 2662/3356/2609 2659/3357/2610 2660/3354/2608
f 2659/3358/2610 2664/3359/2611 2663/3360/2612
f 2667/3361/2613 2665/3362/2614 2661/3363/2615
f 2668/3364/2616 2661/3365/2615 2662/3356/2609
f 2670/3366/2617 2667/3367/2613 2668/3364/2616
f 2522/3368/2618 2671/3369/2619 2521/3215/2489
f 2666/3370/2620 2672/3371/2621 2674/3372/2622
f 2677/3373/2623 2669/3374/2624 2670/3366/2617
f 2679/3375/2625 2676/3376/2626 2677/3373/2623
f 2678/3377/2627 2523/3214/2488 2676/3378/2626
f 2681/3379/2628 2680/3380/2629 2678/3377/2627
f 2682/3381/2630 2678/3382/2627 2679/3375/2625
f 2684/3383/2631 2681/3384/2628 2682/3385/2630
f 2683/3386/2632 2550/3387/2508 2681/3379/2628
f 2688/3388/2633 2686/3389/2634 2685/3390/2635
f 2690/3391/2636 2683/3392/2632 2684/3383/2631
f 2692/3393/2637 2689/3394/2638 2690/3391/2636
f 2563/3246/2518 2694/3395/2639 2693/3396/2640
f 2573/3397/2528 2688/3388/2633 2691/3398/2641
f 2572/3257/2529 2691/3399/2641 2692/3393/2637
f 2698/3400/2642 2696/3401/2643 2695/3402/2644
f 2696/3401/2643 2575/3255/2527 2572/3257/2529
f 2697/3403/2645 2583/3264/2534 2575/3255/2527
f 2700/3404/2646 2697/3403/2645 2698/3400/2642
f 2702/3405/2647 2699/3406/2648 2700/3404/2646
f 2699/3406/2648 2585/3266/2536 2583/3264/2534
f 2701/3407/2649 2591/3272/2542 2585/3266/2536
f 2704/3408/2650 2701/3407/2649 2702/3405/2647
f 2706/3409/2651 2703/3410/2652 2704/3411/2650
f 2703/3410/2652 2593/3274/2544 2591/3276/2542
f 2705/3412/2653 2598/3282/2548 2593/3274/2544
f 2708/3413/2654 2705/3412/2653 2706/3409/2651
f 2710/3414/2655 2707/3415/2656 2708/3413/2654
f 2707/3415/2656 2600/3284/2549 2598/3282/2548
f 2709/3416/2657 2605/3292/2556 2600/3284/2549
f 2712/3417/2658 2709/3416/2657 2710/3414/2655
f 2714/3418/2659 2711/3419/2660 2712/3417/2658
f 2711/3419/2660 2607/3294/2557 2605/3292/2556
f 2713/3420/2661 2616/3302/2564 2607/3294/2557
f 2716/3421/2662 2713/3420/2661 2714/3418/2659
f 2718/3422/2663 2715/3423/2664 2716/3421/2662
f 2717/3424/2665 2616/3302/2564 2715/3423/2664
f 2719/3425/2666 2618/3304/2566 2717/3424/2665
f 2720/3426/2667 2717/3424/2665 2718/3422/2663
f 2722/3427/2668 2719/3428/2666 2720/3429/2667
f 2721/3430/2669 2622/3314/2571 2719/3428/2666
f 2723/3431/2670 2624/3312/2572 2721/3430/2669
f 2724/3432/2671 2721/3430/2669 2722/3427/2668
f 2726/3433/2672 2723/3431/2670 2724/3432/2671
f 2725/3434/2673 2631/3320/2578 2723/3431/2670
f 2727/3435/2674 2633/3322/2580 2725/3434/2673
f 2728/3436/2675 2725/3434/2673 2726/3433/2672
f 2730/3437/2676 2727/3435/2674 2728/3436/2675
f 2729/3438/2677 2637/3328/2586 2727/3435/2674
f 2731/3439/2678 2639/3330/2587 2729/3438/2677
f 2732/3440/2679 2729/3438/2677 2730/3437/2676
f 2734/3441/2680 2731/3439/2678 2732/3440/2679
f 2733/3442/2681 2646/3337/2593 2731/3439/2678
f 2735/3443/2682 2647/3339/2595 2733/3442/2681
f 2736/3444/2683 2733/3442/2681 2734/3441/2680
f 2738/3445/2684 2735/3446/2682 2736/3447/2683
f 2737/3448/2685 2651/3349/2601 2735/3446/2682
f 2739/3449/2686 2653/3347/2603 2737/3448/2685
f 2740/3450/2687 2737/3448/2685 2738/3445/2684
f 2742/3451/2688 2739/3449/2686 2740/3450/2687
f 2741/3452/2689 2660/3354/2608 2739/3449/2686
f 2743/3453/2690 2662/3356/2609 2741/3452/2689
f 2744/3454/2691 2741/3452/2689 2742/3451/2688
f 2746/3455/2692 2743/3453/2690 2744/3454/2691
f 2745/3456/2693 2668/3364/2616 2743/3453/2690
f 2747/3457/2694 2670/3366/2617 2745/3456/2693
f 2748/3458/2695 2745/3456/2693 2746/3455/2692
f 2750/3459/2696 2747/3457/2694 2748/3458/2695
f 2749/3460/2697 2677/3373/2623 2747/3457/2694
f 2751/3461/2698 2679/3375/2625 2749/3460/2697
f 2752/3462/2699 2749/3460/2697 2750/3459/2696
f 2754/3463/2700 2751/3464/2698 2752/3465/2699
f 2753/3466/2701 2682/3385/2630 2751/3464/2698
f 2755/3467/2702 2684/3383/2631 2753/3466/2701
f 2756/3468/2703 2753/3466/2701 2754/3463/2700
f 2758/3469/2704 2755/3467/2702 2756/3468/2703
f 2755/3467/2702 2692/3393/2637 2690/3391/2636
f 2757/3470/2705 2572/3257/2529 2692/3393/2637
f 2695/3402/2644 2757/3470/2705 2758/3469/2704
f 2762/3471/2706 2760/3472/2707 2759/3473/2708
f 2761/3474/2709 2695/3402/2644 2760/3475/2707
f 2763/3476/2710 2698/3400/2642 2761/3474/2709
f 2764/3477/2711 2761/3478/2709 2762/3471/2706
f 2766/3479/2712 2763/3480/2710 2764/3477/2711
f 2765/3481/2713 2700/3404/2646 2763/3476/2710
f 2767/3482/2714 2702/3405/2647 2765/3481/2713
f 2768/3483/2715 2765/3484/2713 2766/3479/2712
f 2770/3485/2716 2767/3486/2714 2768/3483/2715
f 2769/3487/2717 2704/3411/2650 2767/3488/2714
f 2771/3489/2718 2706/3409/2651 2769/3487/2717
f 2772/3490/2719 2769/3491/2717 2770/3485/2716
f 2774/3492/2720 2771/3493/2718 2772/3490/2719
f 2773/3494/2721 2708/3413/2654 2771/3489/2718
f 2775/3495/2722 2710/3414/2655 2773/3494/2721
f 2776/3496/2723 2773/3497/2721 2774/3492/2720
f 2778/3498/2724 2775/3499/2722 2776/3496/2723
f 2777/3500/2725 2712/3417/2658 2775/3495/2722
f 2779/3501/2726 2714/3418/2659 2777/3500/2725
f 2780/3502/2727 2777/3503/2725 2778/3498/2724
f 2782/3504/2728 2779/3505/2726 2780/3502/2727
f 2781/3506/2729 2716/3421/2662 2779/3501/2726
f 2783/3507/2730 2718/3422/2663 2781/3506/2729
f 2784/3508/2731 2781/3509/2729 2782/3504/2728
f 2786/3510/2732 2783/3511/2730 2784/3508/2731
f 2785/3512/2733 2720/3429/2667 2783/3513/2730
f 2787/3514/2734 2722/3427/2668 2785/3512/2733
f 2788/3515/2735 2785/3516/2733 2786/3510/2732
f 2790/3517/2736 2787/3518/2734 2788/3515/2735
f 2789/3519/2737 2724/3432/2671 2787/3514/2734
f 2791/3520/2738 2726/3433/2672 2789/3519/2737
f 2792/3521/2739 2789/3522/2737 2790/3517/2736
f 2794/3523/2740 2791/3524/2738 2792/3521/2739
f 2793/3525/2741 2728/3436/2675 2791/3520/2738
f 2795/3526/2742 2730/3437/2676 2793/3525/2741
f 2796/3527/2743 2793/3528/2741 2794/3523/2740
f 2798/3529/2744 2795/3530/2742 2796/3527/2743
f 2797/3531/2745 2732/3440/2679 2795/3526/2742
f 2799/3532/2746 2734/3441/2680 2797/3531/2745
f 2800/3533/2747 2797/3534/2745 2798/3529/2744
f 2802/3535/2748 2799/3536/2746 2800/3533/2747
f 2801/3537/2749 2736/3447/2683 2799/3538/2746
f 2803/3539/2750 2738/3445/2684 2801/3537/2749
f 2804/3540/2751 2801/3541/2749 2802/3535/2748
f 2806/3542/2752 2803/3543/2750 2804/3540/2751
f 2805/3544/2753 2740/3450/2687 2803/3539/2750
f 2807/3545/2754 2742/3451/2688 2805/3544/2753
f 2808/3546/2755 2805/3547/2753 2806/3542/2752
f 2810/3548/2756 2807/3549/2754 2808/3546/2755
f 2809/3550/2757 2744/3454/2691 2807/3545/2754
f 2811/3551/2758 2746/3455/2692 2809/3550/2757
f 2812/3552/2759 2809/3553/2757 2810/3548/2756
f 2814/3554/2760 2811/3555/2758 2812/3552/2759
f 2813/3556/2761 2748/3458/2695 2811/3551/2758
f 2815/3557/2762 2750/3459/2696 2813/3556/2761
f 2816/3558/2763 2813/3559/2761 2814/3554/2760
f 2818/3560/2764 2815/3561/2762 2816/3558/2763
f 2817/3562/2765 2752/3465/2699 2815/3563/2762
f 2819/3564/2766 2754/3463/2700 2817/3562/2765
f 2820/3565/2767 2817/3566/2765 2818/3560/2764
f 2822/3567/2768 2819/3568/2766 2820/3565/2767
f 2821/3569/2769 2756/3468/2703 2819/3564/2766
f 2760/3475/2707 2758/3469/2704 2821/3569/2769
f 2759/3473/2708 2821/3570/2769 2822/3567/2768
f 70/70/70 2824/3571/2770 2823/3572/2771
f 2823/3572/2771 2762/3471/2706 2759/3473/2708
f 2824/3571/2770 2764/3477/2711 2762/3471/2706
f 71/69/69 2825/3573/2772 2824/3571/2770
f 72/71/71 2826/3574/2773 2825/3573/2772
f 2825/3573/2772 2766/3479/2712 2764/3477/2711
f 2826/3574/2773 2768/3483/2715 2766/3479/2712
f 77/76/76 2827/3575/2774 2826/3574/2773
f 78/77/77 2828/3576/2775 2827/3575/2774
f 2827/3575/2774 2770/3485/2716 2768/3483/2715
f 2828/3576/2775 2772/3490/2719 2770/3485/2716
f 83/82/82 2829/3577/2776 2828/3576/2775
f 84/83/83 2830/3578/2777 2829/3577/2776
f 2829/3577/2776 2774/3492/2720 2772/3490/2719
f 2830/3578/2777 2776/3496/2723 2774/3492/2720
f 89/88/88 2831/3579/2778 2830/3578/2777
f 90/89/89 2832/3580/2779 2831/3579/2778
f 2831/3579/2778 2778/3498/2724 2776/3496/2723
f 2832/3580/2779 2780/3502/2727 2778/3498/2724
f 95/94/94 2833/3581/2780 2832/3580/2779
f 96/95/95 2834/3582/2781 2833/3581/2780
f 2833/3581/2780 2782/3504/2728 2780/3502/2727
f 2834/3582/2781 2784/3508/2731 2782/3504/2728
f 101/100/100 2835/3583/2782 2834/3582/2781
f 102/101/101 2836/3584/2783 2835/3583/2782
f 2835/3583/2782 2786/3510/2732 2784/3508/2731
f 2836/3584/2783 2788/3515/2735 2786/3510/2732
f 107/106/106 2837/3585/2784 2836/3584/2783
f 108/107/107 2838/3586/2785 2837/3585/2784
f 2837/3585/2784 2790/3517/2736 2788/3515/2735
f 2838/3586/2785 2792/3521/2739 2790/3517/2736
f 113/112/112 2839/3587/2786 2838/3586/2785
f 114/113/113 2840/3588/2787 2839/3587/2786
f 2839/3587/2786 2794/3523/2740 2792/3521/2739
f 2840/3588/2787 2796/3527/2743 2794/3523/2740
f 119/118/118 2841/3589/2788 2840/3588/2787
f 120/119/119 2842/3590/2789 2841/3589/2788
f 2841/3589/2788 2798/3529/2744 2796/3527/2743
f 2842/3590/2789 2800/3533/2747 2798/3529/2744
f 125/124/124 2843/3591/2790 2842/3590/2789
f 126/125/125 2844/3592/2791 2843/3591/2790
f 2843/3591/2790 2802/3535/2748 2800/3533/2747
f 2844/3592/2791 2804/3540/2751 2802/3535/2748
f 131/130/130 2845/3593/2792 2844/3592/2791
f 132/131/131 2846/3594/2793 2845/3593/2792
f 2845/3593/2792 2806/3542/2752 2804/3540/2751
f 2846/3594/2793 2808/3546/2755 2806/3542/2752
f 137/136/136 2847/3595/2794 2846/3594/2793
f 138/137/137 2848/3596/2795 2847/3595/2794
f 2847/3595/2794 2810/3548/2756 2808/3546/2755
f 2848/3596/2795 2812/3552/2759 2810/3548/2756
f 143/142/142 2849/3597/2796 2848/3596/2795
f 144/143/143 2850/3598/2797 2849/3597/2796
f 2849/3597/2796 2814/3554/2760 2812/3552/2759
f 2850/3598/2797 2816/3558/2763 2814/3554/2760
f 149/148/148 2851/3599/2798 2850/3598/2797
f 150/149/149 2852/3600/2799 2851/3599/2798
f 2851/3599/2798 2818/3560/2764 2816/3558/2763
f 2852/3600/2799 2820/3565/2767 2818/3560/2764
f 155/154/154 2853/3601/2800 2852/3600/2799
f 156/155/155 2854/3602/2801 2853/3601/2800
f 2853/3601/2800 2822/3567/2768 2820/3565/2767
f 2854/3602/2801 2759/3473/2708 2822/3567/2768
f 161/160/160 2823/3572/2771 2854/3602/2801
f 166/166/166 2856/3603/2802 2855/3604/2803
f 2855/3605/2803 2858/3606/2804 2857/3607/2805
f 2856/3608/2802 2859/3609/2806 2858/3606/2804
f 167/168/168 2860/3610/2807 2856/3603/2802
f 168/172/172 2861/3611/2808 2860/3610/2807
f 2860/3612/2807 2862/3613/2809 2859/3609/2806
f 2861/3614/2808 2863/3615/2810 2862/3613/2809
f 173/171/171 2864/3616/2811 2861/3611/2808
f 174/179/178 2865/3617/2812 2864/3618/2811
f 2864/3619/2811 2866/3620/2813 2863/3615/2810
f 2865/3621/2812 2867/3622/2814 2866/3620/2813
f 179/181/180 2868/3623/2815 2865/3617/2812
f 180/185/184 2869/3624/2816 2868/3623/2815
f 2868/3625/2815 2870/3626/2817 2867/3622/2814
f 2869/3627/2816 2871/3628/2818 2870/3626/2817
f 185/187/186 2872/3629/2819 2869/3624/2816
f 186/191/190 2873/3630/2820 2872/3629/2819
f 2872/3631/2819 2874/3632/2821 2871/3628/2818
f 2873/3633/2820 2875/3634/2822 2874/3632/2821
f 191/190/189 2876/3635/2823 2873/3630/2820
f 192/193/192 2877/3636/2824 2876/3635/2823
f 2876/3637/2823 2878/3638/2825 2875/3634/2822
f 2877/3639/2824 2879/3640/2826 2878/3638/2825
f 197/199/198 2880/3641/2827 2877/3636/2824
f 198/204/202 2881/3642/2828 2880/3643/2827
f 2880/3644/2827 2882/3645/2829 2879/3640/2826
f 2881/3646/2828 2883/3647/2830 2882/3645/2829
f 203/206/204 2884/3648/2831 2881/3642/2828
f 204/205/203 2885/3649/2832 2884/3648/2831
f 2884/3650/2831 2886/3651/2833 2883/3647/2830
f 2885/3652/2832 2887/3653/2834 2886/3651/2833
f 209/212/210 2888/3654/2835 2885/3649/2832
f 210/216/214 2889/3655/2836 2888/3654/2835
f 2888/3656/2835 2890/3657/2837 2887/3653/2834
f 2889/3658/2836 2891/3659/2838 2890/3657/2837
f 215/215/213 2892/3660/2839 2889/3655/2836
f 216/222/220 2893/3661/2840 2892/3660/2839
f 2892/3662/2839 2894/3663/2841 2891/3659/2838
f 2893/3664/2840 2895/3665/2842 2894/3663/2841
f 221/224/222 2896/3666/2843 2893/3661/2840
f 222/230/221 2897/3667/2844 2896/3668/2843
f 2896/3669/2843 2898/3670/2845 2895/3665/2842
f 2897/3671/2844 2899/3672/2846 2898/3670/2845
f 227/229/226 2900/3673/2847 2897/3667/2844
f 228/232/228 2901/3674/2848 2900/3673/2847
f 2900/3675/2847 2902/3676/2849 2899/3672/2846
f 2901/3677/2848 2903/3678/2850 2902/3676/2849
f 233/238/234 2904/3679/2851 2901/3674/2848
f 234/242/238 2905/3680/2852 2904/3679/2851
f 2904/3681/2851 2906/3682/2853 2903/3678/2850
f 2905/3683/2852 2907/3684/2854 2906/3682/2853
f 239/241/237 2908/3685/2855 2905/3680/2852
f 240/244/240 2909/3686/2856 2908/3685/2855
f 2908/3687/2855 2910/3688/2857 2907/3684/2854
f 2909/3689/2856 2911/3690/2858 2910/3688/2857
f 245/248/244 2912/3691/2859 2909/3686/2856
f 246/256/246 2913/3692/2860 2912/3693/2859
f 2912/3694/2859 2914/3695/2861 2911/3690/2858
f 2913/3696/2860 2915/3697/2862 2914/3695/2861
f 251/255/250 2916/3698/2863 2913/3692/2860
f 252/258/252 2917/3699/2864 2916/3698/2863
f 2916/3700/2863 2918/3701/2865 2915/3697/2862
f 2917/3702/2864 2857/3607/2805 2918/3701/2865
f 257/262/256 2855/3604/2803 2917/3699/2864
f 2919/3703/2866 2921/3704/2867 2920/3705/2868
f 2921/3704/2867 2923/3706/2869 2920/3705/2868
f 2926/3707/2870 2924/3708/2871 2921/3704/2867
f 2922/3709/2872 2926/3707/2870 2921/3704/2867
f 2927/3710/2873 2928/3711/2874 2926/3707/2870
f 2928/3711/2874 2925/3712/2875 2926/3707/2870
f 2932/3713/2876 2930/3714/2877 2928/3711/2874
f 2929/3715/2878 2932/3713/2876 2928/3711/2874
f 2933/3716/2879 2934/3717/2880 2932/3713/2876
f 2934/3717/2880 2931/3718/2881 2932/3713/2876
f 2938/3719/2882 2936/3720/2883 2934/3717/2880
f 2935/3721/2884 2938/3719/2882 2934/3717/2880
f 2939/3722/2885 2940/3723/2886 2938/3719/2882
f 2940/3723/2886 2937/3724/2887 2938/3719/2882
f 2944/3725/2888 2942/3726/2889 2940/3723/2886
f 2941/3727/2890 2944/3725/2888 2940/3723/2886
f 2945/3728/2891 2946/3729/2892 2944/3725/2888
f 2946/3729/2892 2943/3730/2893 2944/3725/2888
f 2950/3731/2894 2948/3732/2895 2946/3729/2892
f 2947/3733/2896 2950/3731/2894 2946/3729/2892
f 2951/3734/2897 2952/3735/2898 2950/3731/2894
f 2952/3735/2898 2949/3736/2899 2950/3731/2894
f 2956/3737/2900 2954/3738/2901 2952/3735/2898
f 2953/3739/2902 2956/3737/2900 2952/3735/2898
f 2957/3740/2903 2958/3741/2904 2956/3737/2900
f 2958/3741/2904 2955/3742/2905 2956/3737/2900
f 2962/3743/2906 2960/3744/2907 2958/3741/2904
f 2959/3745/2908 2962/3743/2906 2958/3741/2904
f 2963/3746/2909 2964/3747/2910 2962/3743/2906
f 2964/3747/2910 2961/3748/2911 2962/3743/2906
f 2968/3749/2912 2966/3750/2913 2964/3747/2910
f 2965/3751/2914 2968/3749/2912 2964/3747/2910
f 2969/3752/2915 2970/3753/2916 2968/3749/2912
f 2970/3753/2916 2967/3754/2917 2968/3749/2912
f 2974/3755/2918 2972/3756/2919 2970/3753/2916
f 2971/3757/2920 2974/3755/2918 2970/3753/2916
f 2975/3758/2921 2976/3759/2922 2974/3755/2918
f 2976/3759/2922 2973/3760/2923 2974/3755/2918
f 2980/3761/2924 2978/3762/2925 2976/3759/2922
f 2977/3763/2926 2980/3761/2924 2976/3759/2922
f 2981/3764/2927 2982/3765/2928 2980/3761/2924
f 2982/3765/2928 2979/3766/2929 2980/3761/2924
f 2986/3767/2930 2984/3768/2931 2982/3765/2928
f 2983/3769/2932 2986/3767/2930 2982/3765/2928
f 2987/3770/2933 2988/3771/2934 2986/3767/2930
f 2988/3771/2934 2985/3772/2935 2986/3767/2930
f 2992/3773/2936 2990/3774/2937 2988/3771/2934
f 2989/3775/2938 2992/3773/2936 2988/3771/2934
f 2993/3776/2939 2994/3777/2940 2992/3773/2936
f 2994/3777/2940 2991/3778/2941 2992/3773/2936
f 2998/3779/2942 2996/3780/2943 2994/3777/2940
f 2995/3781/2944 2998/3779/2942 2994/3777/2940
f 2999/3782/2945 3000/3783/2946 2998/3779/2942
f 3000/3783/2946 2997/3784/2947 2998/3779/2942
f 3004/3785/2948 3002/3786/2949 3000/3783/2946
f 3001/3787/2950 3004/3785/2948 3000/3783/2946
f 3005/3788/2951 3006/3789/2952 3004/3785/2948
f 3006/3789/2952 3003/3790/2953 3004/3785/2948
f 3010/3791/2954 3008/3792/2955 3006/3789/2952
f 3007/3793/2956 3010/3791/2954 3006/3789/2952
f 3011/3794/2957 3012/3795/2958 3010/3791/2954
f 3012/3795/2958 3009/3796/2959 3010/3791/2954
f 2920/3705/2868 3014/3797/2960 3012/3795/2958
f 3013/3798/2961 2920/3705/2868 3012/3795/2958
f 2924/3708/2871 3015/3799/2962 2923/3706/2869
f 3016/3800/2963 2306/3018/2308 3015/3801/2962
f 3017/3802/2964 2309/3016/2306 3016/3800/2963
f 2925/3712/2875 3016/3803/2963 2924/3708/2871
f 2930/3714/2877 3017/3804/2964 2925/3712/2875
f 3018/3805/2965 2311/3020/2310 3017/3802/2964
f 3019/3806/2966 2313/3021/2311 3018/3805/2965
f 2931/3718/2881 3018/3807/2965 2930/3714/2877
f 2936/3720/2883 3019/3808/2966 2931/3718/2881
f 3020/3809/2967 2315/3028/2314 3019/3810/2966
f 3021/3811/2968 2317/3026/2315 3020/3809/2967
f 2937/3724/2887 3020/3812/2967 2936/3720/2883
f 2942/3726/2889 3021/3813/2968 2937/3724/2887
f 3022/3814/2969 2319/3030/2318 3021/3811/2968
f 3023/3815/2970 2321/3031/2319 3022/3814/2969
f 2943/3730/2893 3022/3816/2969 2942/3726/2889
f 2948/3732/2895 3023/3817/2970 2943/3730/2893
f 3024/3818/2971 2323/3034/2322 3023/3815/2970
f 3025/3819/2972 2325/3035/2323 3024/3818/2971
f 2949/3736/2899 3024/3820/2971 2948/3732/2895
f 2954/3738/2901 3025/3821/2972 2949/3736/2899
f 3026/3822/2973 2327/3038/2326 3025/3819/2972
f 3027/3823/2974 2329/3039/2327 3026/3822/2973
f 2955/3742/2905 3026/3824/2973 2954/3738/2901
f 2960/3744/2907 3027/3825/2974 2955/3742/2905
f 3028/3826/2975 2331/3046/2330 3027/3827/2974
f 3029/3828/2976 2333/3044/2331 3028/3826/2975
f 2961/3748/2911 3028/3829/2975 2960/3744/2907
f 2966/3750/2913 3029/3830/2976 2961/3748/2911
f 3030/3831/2977 2335/3048/2334 3029/3828/2976
f 3031/3832/2978 2337/3049/2335 3030/3831/2977
f 2967/3754/2917 3030/3833/2977 2966/3750/2913
f 2972/3756/2919 3031/3834/2978 2967/3754/2917
f 3032/3835/2979 2339/3052/2338 3031/3832/2978
f 3033/3836/2980 2341/3053/2339 3032/3835/2979
f 2973/3760/2923 3032/3837/2979 2972/3756/2919
f 2978/3762/2925 3033/3838/2980 2973/3760/2923
f 3034/3839/2981 2343/3056/2342 3033/3836/2980
f 3035/3840/2982 2345/3057/2343 3034/3839/2981
f 2979/3766/2929 3034/3841/2981 2978/3762/2925
f 2984/3768/2931 3035/3842/2982 2979/3766/2929
f 3036/3843/2983 2347/3064/2346 3035/3844/2982
f 3037/3845/2984 2349/3062/2347 3036/3843/2983
f 2985/3772/2935 3036/3846/2983 2984/3768/2931
f 2990/3774/2937 3037/3847/2984 2985/3772/2935
f 3038/3848/2985 2351/3066/2350 3037/3845/2984
f 3039/3849/2986 2353/3067/2351 3038/3848/2985
f 2991/3778/2941 3038/3850/2985 2990/3774/2937
f 2996/3780/2943 3039/3851/2986 2991/3778/2941
f 3040/3852/2987 2355/3070/2354 3039/3849/2986
f 3041/3853/2988 2357/3071/2355 3040/3852/2987
f 2997/3784/2947 3040/3854/2987 2996/3780/2943
f 3002/3786/2949 3041/3855/2988 2997/3784/2947
f 3042/3856/2989 2359/3074/2358 3041/3853/2988
f 3043/3857/2990 2361/3075/2359 3042/3856/2989
f 3003/3790/2953 3042/3858/2989 3002/3786/2949
f 3008/3792/2955 3043/3859/2990 3003/3790/2953
f 3044/3860/2991 2363/3082/2362 3043/3861/2990
f 3045/3862/2992 2365/3080/2363 3044/3860/2991
f 3009/3796/2959 3044/3863/2991 3008/3792/2955
f 3014/3797/2960 3045/3864/2992 3009/3796/2959
f 3046/3865/2993 2367/3084/2366 3045/3862/2992
f 3015/3801/2962 2369/3085/2367 3046/3865/2993
f 2923/3706/2869 3046/3866/2993 3014/3797/2960
f 2857/3607/2805 3048/3867/2994 3047/3868/2995
f 3047/3868/2995 2922/3709/2872 2919/3703/2866
f 3048/3867/2994 2927/3710/2873 2922/3709/2872
f 2858/3606/2804 3049/3869/2996 3048/3867/2994
f 2859/3609/2806 3050/3870/2997 3049/3869/2996
f 3049/3869/2996 2929/3715/2878 2927/3710/2873
f 3050/3870/2997 2933/3716/2879 2929/3715/2878
f 2862/3613/2809 3051/3871/2998 3050/3870/2997
f 2863/3615/2810 3052/3872/2999 3051/3871/2998
f 3051/3871/2998 2935/3721/2884 2933/3716/2879
f 3052/3872/2999 2939/3722/2885 2935/3721/2884
f 2866/3620/2813 3053/3873/3000 3052/3872/2999
f 2867/3622/2814 3054/3874/3001 3053/3873/3000
f 3053/3873/3000 2941/3727/2890 2939/3722/2885
f 3054/3874/3001 2945/3728/2891 2941/3727/2890
f 2870/3626/2817 3055/3875/3002 3054/3874/3001
f 2871/3628/2818 3056/3876/3003 3055/3875/3002
f 3055/3875/3002 2947/3733/2896 2945/3728/2891
f 3056/3876/3003 2951/3734/2897 2947/3733/2896
f 2874/3632/2821 3057/3877/3004 3056/3876/3003
f 2875/3634/2822 3058/3878/3005 3057/3877/3004
f 3057/3877/3004 2953/3739/2902 2951/3734/2897
f 3058/3878/3005 2957/3740/2903 2953/3739/2902
f 2878/3638/2825 3059/3879/3006 3058/3878/3005
f 2879/3640/2826 3060/3880/3007 3059/3879/3006
f 3059/3879/3006 2959/3745/2908 2957/3740/2903
f 3060/3880/3007 2963/3746/2909 2959/3745/2908
f 2882/3645/2829 3061/3881/3008 3060/3880/3007
f 2883/3647/2830 3062/3882/3009 3061/3881/3008
f 3061/3881/3008 2965/3751/2914 2963/3746/2909
f 3062/3882/3009 2969/3752/2915 2965/3751/2914
f 2886/3651/2833 3063/3883/3010 3062/3882/3009
f 2887/3653/2834 3064/3884/3011 3063/3883/3010
f 3063/3883/3010 2971/3757/2920 2969/3752/2915
f 3064/3884/3011 2975/3758/2921 2971/3757/2920
f 2890/3657/2837 3065/3885/3012 3064/3884/3011
f 2891/3659/2838 3066/3886/3013 3065/3885/3012
f 3065/3885/3012 2977/3763/2926 2975/3758/2921
f 3066/3886/3013 2981/3764/2927 2977/3763/2926
f 2894/3663/2841 3067/3887/3014 3066/3886/3013
f 2895/3665/2842 3068/3888/3015 3067/3887/3014
f 3067/3887/3014 2983/3769/2932 2981/3764/2927
f 3068/3888/3015 2987/3770/2933 2983/3769/2932
f 2898/3670/2845 3069/3889/3016 3068/3888/3015
f 2899/3672/2846 3070/3890/3017 3069/3889/3016
f 3069/3889/3016 2989/3775/2938 2987/3770/2933
f 3070/3890/3017 2993/3776/2939 2989/3775/2938
f 2902/3676/2849 3071/3891/3018 3070/3890/3017
f 2903/3678/2850 3072/3892/3019 3071/3891/3018
f 3071/3891/3018 2995/3781/2944 2993/3776/2939
f 3072/3892/3019 2999/3782/2945 2995/3781/2944
f 2906/3682/2853 3073/3893/3020 3072/3892/3019
f 2907/3684/2854 3074/3894/3021 3073/3893/3020
f 3073/3893/3020 3001/3787/2950 2999/3782/2945
f 3074/3894/3021 3005/3788/2951 3001/3787/2950
f 2910/3688/2857 3075/3895/3022 3074/3894/3021
f 2911/3690/2858 3076/3896/3023 3075/3895/3022
f 3075/3895/3022 3007/3793/2956 3005/3788/2951
f 3076/3896/3023 3011/3794/2957 3007/3793/2956
f 2914/3695/2861 3077/3897/3024 3076/3896/3023
f 2915/3697/2862 3078/3898/3025 3077/3897/3024
f 3077/3897/3024 3013/3798/2961 3011/3794/2957
f 3078/3898/3025 2919/3703/2866 3013/3798/2961
f 2918/3701/2865 3047/3868/2995 3078/3898/3025
f 3079/3899/3026 3081/3900/3027 3080/3901/3028
f 3082/3902/3029 3083/3903/3030 3081/3900/3027
f 3084/3904/3031 3085/3905/3032 3083/3903/3030
f 3086/3906/3033 3087/3907/3034 3085/3905/3032
f 3088/3908/3035 3089/3909/3036 3087/3910/3034
f 3090/3911/3037 3091/3912/3038 3089/3909/3036
f 3092/3913/3039 3093/3914/3040 3091/3912/3038
f 3094/3915/3041 3095/3916/3042 3093/3914/3040
f 3096/3917/3043 3097/3918/3044 3095/3916/3042
f 3098/3919/3045 3099/3920/3046 3097/3918/3044
f 3100/3921/3047 3101/3922/3048 3099/3920/3046
f 3102/3923/3049 3103/3924/3050 3101/3922/3048
f 3104/3925/3051 3105/3926/3052 3103/3927/3050
f 3106/3928/3053 3107/3929/3054 3105/3926/3052
f 3108/3930/3055 3109/3931/3056 3107/3929/3054
f 3110/3932/3057 3111/3933/3058 3109/3931/3056
f 3112/3934/3059 3113/3935/3060 3111/3933/3058
f 3114/3936/3061 3115/3937/3062 3113/3935/3060
f 3116/3938/3063 3117/3939/3064 3115/3937/3062
f 3118/3940/3065 3119/3941/3066 3117/3939/3064
f 3120/3942/3067 3121/3943/3068 3119/3944/3066
f 3122/3945/3069 3123/3946/3070 3121/3943/3068
f 3124/3947/3071 3125/3948/3072 3123/3946/3070
f 3126/3949/3073 3127/3950/3074 3125/3948/3072
f 3128/3951/3075 3129/3952/3076 3127/3950/3074
f 3130/3953/3077 3131/3954/3078 3129/3952/3076
f 3132/3955/3079 3133/3956/3080 3131/3954/3078
f 3134/3957/3081 3135/3958/3082 3133/3956/3080
f 3136/3959/3083 3137/3960/3084 3135/3961/3082
f 3138/3962/3085 3139/3963/3086 3137/3960/3084
f 3140/3964/3087 3141/3965/3088 3139/3963/3086
f 3142/3966/3089 3080/3901/3028 3141/3965/3088
f 3081/3900/3027 3143/3967/3090 3080/3901/3028
f 3144/3968/3091 162/164/164 3143/3967/3090
f 3144/3968/3091 170/170/170 165/162/162
f 3081/3900/3027 3145/3969/3092 3144/3968/3091
f 3085/3905/3032 3145/3969/3092 3083/3903/3030
f 3146/3970/3093 170/170/170 3145/3969/3092
f 3146/3970/3093 176/3971/176 172/169/169
f 3085/3905/3032 3147/3972/3094 3146/3970/3093
f 3089/3909/3036 3147/3973/3094 3087/3910/3034
f 3148/3974/3095 176/177/176 3147/3973/3094
f 3148/3974/3095 182/183/182 178/175/175
f 3089/3909/3036 3149/3975/3096 3148/3974/3095
f 3093/3914/3040 3149/3975/3096 3091/3912/3038
f 3150/3976/3097 182/183/182 3149/3975/3096
f 3150/3976/3097 188/189/188 184/182/181
f 3093/3914/3040 3151/3977/3098 3150/3976/3097
f 3097/3918/3044 3151/3977/3098 3095/3916/3042
f 3152/3978/3099 188/189/188 3151/3977/3098
f 3152/3978/3099 194/196/195 190/188/187
f 3097/3918/3044 3153/3979/3100 3152/3978/3099
f 3101/3922/3048 3153/3979/3100 3099/3920/3046
f 3154/3980/3101 194/196/195 3153/3979/3100
f 3154/3980/3101 200/3981/200 196/195/194
f 3101/3922/3048 3155/3982/3102 3154/3980/3101
f 3105/3926/3052 3155/3983/3102 3103/3927/3050
f 3156/3984/3103 200/202/200 3155/3983/3102
f 3156/3984/3103 206/209/207 202/200/199
f 3105/3926/3052 3157/3985/3104 3156/3984/3103
f 3109/3931/3056 3157/3985/3104 3107/3929/3054
f 3158/3986/3105 206/209/207 3157/3985/3104
f 3158/3986/3105 212/214/212 208/208/206
f 3109/3931/3056 3159/3987/3106 3158/3986/3105
f 3113/3935/3060 3159/3987/3106 3111/3933/3058
f 3160/3988/3107 212/214/212 3159/3987/3106
f 3160/3988/3107 218/220/218 214/213/211
f 3113/3935/3060 3161/3989/3108 3160/3988/3107
f 3117/3939/3064 3161/3989/3108 3115/3937/3062
f 3162/3990/3109 218/220/218 3161/3989/3108
f 3162/3990/3109 224/3991/225 220/219/217
f 3117/3939/3064 3163/3992/3110 3162/3990/3109
f 3121/3943/3068 3163/3993/3110 3119/3944/3066
f 3164/3994/3111 224/228/225 3163/3993/3110
f 3164/3994/3111 230/235/231 226/226/224
f 3121/3943/3068 3165/3995/3112 3164/3994/3111
f 3125/3948/3072 3165/3995/3112 3123/3946/3070
f 3166/3996/3113 230/235/231 3165/3995/3112
f 3166/3996/3113 236/240/236 232/234/230
f 3125/3948/3072 3167/3997/3114 3166/3996/3113
f 3129/3952/3076 3167/3997/3114 3127/3950/3074
f 3168/3998/3115 236/240/236 3167/3997/3114
f 3168/3998/3115 242/247/243 238/239/235
f 3129/3952/3076 3169/3999/3116 3168/3998/3115
f 3133/3956/3080 3169/3999/3116 3131/3954/3078
f 3170/4000/3117 242/247/243 3169/3999/3116
f 3170/4000/3117 248/4001/249 244/246/242
f 3133/3956/3080 3171/4002/3118 3170/4000/3117
f 3137/3960/3084 3171/4003/3118 3135/3961/3082
f 3172/4004/3119 248/254/249 3171/4003/3118
f 3172/4004/3119 254/261/255 250/252/248
f 3137/3960/3084 3173/4005/3120 3172/4004/3119
f 3141/3965/3088 3173/4005/3120 3139/3963/3086
f 3174/4006/3121 254/261/255 3173/4005/3120
f 3174/4006/3121 162/164/164 256/260/254
f 3141/3965/3088 3143/3967/3090 3174/4006/3121
f 3178/4007/3122 3176/4008/3123 3175/4009/3124
f 3176/4008/3123 3082/4010/3029 3079/4011/3026
f 3177/4012/3125 3084/4013/3031 3082/4010/3029
f 3180/4014/3126 3177/4012/3125 3178/4007/3122
f 3182/4015/3127 3179/4016/3128 3180/4014/3126
f 3179/4016/3128 3086/4017/3033 3084/4013/3031
f 3181/4018/3129 3088/4019/3035 3086/4017/3033
f 3184/4020/3130 3181/4018/3129 3182/4015/3127
f 3186/4021/3131 3183/4022/3132 3184/4023/3130
f 3183/4022/3132 3090/4024/3037 3088/4025/3035
f 3185/4026/3133 3092/4027/3039 3090/4024/3037
f 3188/4028/3134 3185/4026/3133 3186/4021/3131
f 3190/4029/3135 3187/4030/3136 3188/4028/3134
f 3187/4030/3136 3094/4031/3041 3092/4027/3039
f 3189/4032/3137 3096/4033/3043 3094/4031/3041
f 3192/4034/3138 3189/4032/3137 3190/4029/3135
f 3194/4035/3139 3191/4036/3140 3192/4034/3138
f 3191/4036/3140 3098/4037/3045 3096/4033/3043
f 3193/4038/3141 3100/4039/3047 3098/4037/3045
f 3196/4040/3142 3193/4038/3141 3194/4035/3139
f 3198/4041/3143 3195/4042/3144 3196/4040/3142
f 3195/4042/3144 3102/4043/3049 3100/4039/3047
f 3197/4044/3145 3104/4045/3051 3102/4043/3049
f 3200/4046/3146 3197/4044/3145 3198/4041/3143
f 3202/4047/3147 3199/4048/3148 3200/4049/3146
f 3199/4048/3148 3106/4050/3053 3104/4051/3051
f 3201/4052/3149 3108/4053/3055 3106/4050/3053
f 3204/4054/3150 3201/4052/3149 3202/4047/3147
f 3206/4055/3151 3203/4056/3152 3204/4054/3150
f 3203/4056/3152 3110/4057/3057 3108/4053/3055
f 3205/4058/3153 3112/4059/3059 3110/4057/3057
f 3208/4060/3154 3205/4058/3153 3206/4055/3151
f 3210/4061/3155 3207/4062/3156 3208/4060/3154
f 3207/4062/3156 3114/4063/3061 3112/4059/3059
f 3209/4064/3157 3116/4065/3063 3114/4063/3061
f 3212/4066/3158 3209/4064/3157 3210/4061/3155
f 3214/4067/3159 3211/4068/3160 3212/4066/3158
f 3211/4068/3160 3118/4069/3065 3116/4065/3063
f 3213/4070/3161 3120/4071/3067 3118/4069/3065
f 3216/4072/3162 3213/4070/3161 3214/4067/3159
f 3218/4073/3163 3215/4074/3164 3216/4075/3162
f 3215/4074/3164 3122/4076/3069 3120/4077/3067
f 3217/4078/3165 3124/4079/3071 3122/4076/3069
f 3220/4080/3166 3217/4078/3165 3218/4073/3163
f 3222/4081/3167 3219/4082/3168 3220/4080/3166
f 3219/4082/3168 3126/4083/3073 3124/4079/3071
f 3221/4084/3169 3128/4085/3075 3126/4083/3073
f 3224/4086/3170 3221/4084/3169 3222/4081/3167
f 3226/4087/3171 3223/4088/3172 3224/4086/3170
f 3223/4088/3172 3130/4089/3077 3128/4085/3075
f 3225/4090/3173 3132/4091/3079 3130/4089/3077
f 3228/4092/3174 3225/4090/3173 3226/4087/3171
f 3230/4093/3175 3227/4094/3176 3228/4092/3174
f 3227/4094/3176 3134/4095/3081 3132/4091/3079
f 3229/4096/3177 3136/4097/3083 3134/4095/3081
f 3232/4098/3178 3229/4096/3177 3230/4093/3175
f 3234/4099/3179 3231/4100/3180 3232/4101/3178
f 3231/4100/3180 3138/4102/3085 3136/4103/3083
f 3233/4104/3181 3140/4105/3087 3138/4102/3085
f 3236/4106/3182 3233/4104/3181 3234/4099/3179
f 3238/4107/3183 3235/4108/3184 3236/4106/3182
f 3235/4108/3184 3142/4109/3089 3140/4105/3087
f 3237/4110/3185 3079/4011/3026 3142/4109/3089
f 3175/4009/3124 3237/4110/3185 3238/4107/3183
f 3242/4111/3186 3240/4112/3187 3239/4113/3188
f 3241/4114/3189 3175/4009/3124 3240/4112/3187
f 3243/4115/3190 3178/4007/3122 3241/4114/3189
f 3244/4116/3191 3241/4114/3189 3242/4111/3186
f 3246/4117/3192 3243/4115/3190 3244/4116/3191
f 3245/4118/3193 3180/4014/3126 3243/4115/3190
f 3247/4119/3194 3182/4015/3127 3245/4118/3193
f 3248/4120/3195 3245/4118/3193 3246/4117/3192
f 3250/4121/3196 3247/4122/3194 3248/4120/3195
f 3249/4123/3197 3184/4023/3130 3247/4122/3194
f 3251/4124/3198 3186/4021/3131 3249/4123/3197
f 3252/4125/3199 3249/4123/3197 3250/4121/3196
f 3254/4126/3200 3251/4124/3198 3252/4125/3199
f 3253/4127/3201 3188/4028/3134 3251/4124/3198
f 3255/4128/3202 3190/4029/3135 3253/4127/3201
f 3256/4129/3203 3253/4127/3201 3254/4126/3200
f 3258/4130/3204 3255/4128/3202 3256/4129/3203
f 3257/4131/3205 3192/4034/3138 3255/4128/3202
f 3259/4132/3206 3194/4035/3139 3257/4131/3205
f 3260/4133/3207 3257/4131/3205 3258/4130/3204
f 3262/4134/3208 3259/4132/3206 3260/4133/3207
f 3261/4135/3209 3196/4040/3142 3259/4132/3206
f 3263/4136/3210 3198/4041/3143 3261/4135/3209
f 3264/4137/3211 3261/4135/3209 3262/4134/3208
f 3266/4138/3212 3263/4139/3210 3264/4140/3211
f 3265/4141/3213 3200/4049/3146 3263/4139/3210
f 3267/4142/3214 3202/4047/3147 3265/4141/3213
f 3268/4143/3215 3265/4141/3213 3266/4138/3212
f 3270/4144/3216 3267/4142/3214 3268/4143/3215
f 3269/4145/3217 3204/4054/3150 3267/4142/3214
f 3271/4146/3218 3206/4055/3151 3269/4145/3217
f 3272/4147/3219 3269/4145/3217 3270/4144/3216
f 3274/4148/3220 3271/4146/3218 3272/4147/3219
f 3273/4149/3221 3208/4060/3154 3271/4146/3218
f 3275/4150/3222 3210/4061/3155 3273/4149/3221
f 3276/4151/3223 3273/4149/3221 3274/4148/3220
f 3278/4152/3224 3275/4150/3222 3276/4151/3223
f 3277/4153/3225 3212/4066/3158 3275/4150/3222
f 3279/4154/3226 3214/4067/3159 3277/4153/3225
f 3280/4155/3227 3277/4153/3225 3278/4152/3224
f 3282/4156/3228 3279/4157/3226 3280/4158/3227
f 3281/4159/3229 3216/4075/3162 3279/4157/3226
f 3283/4160/3230 3218/4073/3163 3281/4159/3229
f 3284/4161/3231 3281/4159/3229 3282/4156/3228
f 3286/4162/3232 3283/4160/3230 3284/4161/3231
f 3285/4163/3233 3220/4080/3166 3283/4160/3230
f 3287/4164/3234 3222/4081/3167 3285/4163/3233
f 3288/4165/3235 3285/4163/3233 3286/4162/3232
f 3290/4166/3236 3287/4164/3234 3288/4165/3235
f 3289/4167/3237 3224/4086/3170 3287/4164/3234
f 3291/4168/3238 3226/4087/3171 3289/4167/3237
f 3292/4169/3239 3289/4167/3237 3290/4166/3236
f 3294/4170/3240 3291/4168/3238 3292/4169/3239
f 3293/4171/3241 3228/4092/3174 3291/4168/3238
f 3295/4172/3242 3230/4093/3175 3293/4171/3241
f 3296/4173/3243 3293/4171/3241 3294/4170/3240
f 3298/4174/3244 3295/4175/3242 3296/4176/3243
f 3297/4177/3245 3232/4101/3178 3295/4175/3242
f 3299/4178/3246 3234/4099/3179 3297/4177/3245
f 3300/4179/3247 3297/4177/3245 3298/4174/3244
f 3302/4180/3248 3299/4178/3246 3300/4179/3247
f 3301/4181/3249 3236/4106/3182 3299/4178/3246
f 3240/4112/3187 3238/4107/3183 3301/4181/3249
f 3239/4113/3188 3301/4181/3249 3302/4180/3248
f 2574/4182/2535 3303/4183/3250 2581/3261/2531
f 2577/4184/3251 2370/3090/2372 2576/3259/2530
f 2689/4185/2638 3305/4186/3252 3304/4187/3253
f 2691/3398/2641 2685/3390/2635 3305/4186/3252
f 2464/4188/3254 3307/4189/3255 3306/4190/3256
f 2645/4191/2596 3310/4192/3257 3309/4193/3258
f 2397/3112/2392 2387/3103/2384 2586/3269/2539
f 2590/3278/2545 2483/3185/2461 3312/4194/3259
f 2594/4195/3260 2485/3268/2538 2486/3183/2459
f 3313/4196/3261 2397/3112/2392 2485/3268/2538
f 2596/4197/3262 2406/3119/2398 2595/3280/2547
f 2599/3291/2555 2511/4198/3263 2602/3287/2551
f 3316/4199/3264 2548/4200/2505 3314/4201/3265
f 2461/3164/2441 2482/4202/3266 2479/3180/2456
f 2543/3228/2502 2524/3218/2492 2671/3369/2619
f 2551/4203/2507 3314/4201/3265 2550/4204/2508
f 2584/4205/2543 3312/4194/3259 2588/4206/3267
f 3307/4189/3255 3317/4207/3268 2466/3168/2444
f 2432/3142/2420 2418/3132/2410 2609/3297/2559
f 2615/3308/2567 3319/4208/3269 3318/4209/3270
f 2408/3122/2401 2610/3296/2558 2619/3307/2569
f 2409/3121/2400 2432/3142/2420 2610/3296/2558
f 3321/4210/3271 2441/3149/2426 3320/4211/3272
f 2623/4212/2579 3322/4213/3273 2625/3316/2574
f 2429/3139/2417 2614/4214/3274 2611/4215/2562
f 2471/4216/3275 2476/4217/2454 2470/3173/2449
f 2540/3225/2499 2675/4218/3276 2672/4219/2621
f 2630/4220/2581 3325/4221/3277 3324/4222/3278
f 3323/4223/3279 2480/4224/2458 3326/4225/3280
f 2467/3171/2447 3317/4207/3268 2634/3325/2583
f 2642/3335/2591 2467/3171/2447 2628/3324/2582
f 2635/3336/2592 2628/3324/2582 2629/3317/2575
f 2643/4226/3281 2468/3170/2446 2642/3335/2591
f 3327/4227/3282 2423/3167/2443 2468/3170/2446
f 2619/3307/2569 2608/3298/2560 3319/4208/3269
f 2493/4228/3283 2526/3217/2491 2516/4229/3284
f 3328/4230/3285 2399/3110/2390 3313/4196/3261
f 3331/4231/3286 2503/3195/2471 3329/4232/3287
f 3332/4233/3288 2500/4234/3289 2497/3192/2468
f 2498/3194/2470 3335/4235/3290 3334/4236/3291
f 2654/4237/3292 2649/3343/2599 2446/3341/2597
f 3329/4232/3287 2501/3197/2473 2649/3343/2599
f 2657/4238/3293 2508/3204/2479 2656/3352/2606
f 2661/3363/2615 3336/4239/3294 2664/3359/2611
f 2580/4240/3295 2571/3253/2525 2579/3262/2532
f 2455/3199/2475 2496/3189/2465 2492/4241/2485
f 3330/4242/3296 2502/3198/2474 2503/3195/2471
f 2603/3299/2561 2514/3205/2480 2510/4243/2554
f 2666/3370/2620 3338/4244/3297 2665/4245/2614
f 3339/4246/3298 2641/4247/2588 2640/4248/2589
f 2494/4249/2467 2542/4250/3299 2539/3223/2497
f 2676/3378/2626 2520/3216/2490 3340/4251/3300
f 2680/3380/2629 2522/3368/2618 2523/3214/2488
f 3341/4252/3301 2543/3228/2502 2522/3368/2618
f 3314/4253/3265 2545/3226/2500 3341/4252/3301
f 2550/3387/2508 3341/4252/3301 2680/3380/2629
f 3338/4244/3297 2658/4254/2605 2655/4255/2607
f 3337/4256/3302 2517/3250/2522 2571/3253/2525
f 2566/3248/2520 3342/4257/3303 2569/3251/2523
f 3344/4258/3304 3320/4211/3272 3343/4259/3305
f 2555/4260/2512 2565/4261/3306 2562/3244/2516
f 2570/3254/2526 3342/4257/3303 3345/4262/3307
f 2579/3262/2532 2570/3254/2526 2687/4263/3308
f 2578/3263/2533 2687/4263/3308 2688/3388/2633
f 2376/3091/2373 3346/4264/3309 2518/3213/2487
f 3347/4265/3310 3239/4113/3188 3346/4266/3309
f 3348/4267/3311 3242/4111/3186 3347/4265/3310
f 2377/3093/2375 3347/4268/3310 2376/3091/2373
f 2389/3102/2383 3348/4269/3311 2377/3093/2375
f 3349/4270/3312 3244/4116/3191 3348/4267/3311
f 3350/4271/3313 3246/4117/3192 3349/4270/3312
f 2390/3104/2385 3349/4272/3312 2389/3102/2383
f 2400/3125/2404 3350/4273/3313 2390/3104/2385
f 3351/4274/3314 3248/4120/3195 3350/4275/3313
f 3352/4276/3315 3250/4121/3196 3351/4274/3314
f 2412/3124/2403 3351/4277/3314 2400/3125/2404
f 2415/3127/2406 3352/4278/3315 2412/3124/2403
f 3353/4279/3316 3252/4125/3199 3352/4276/3315
f 3354/4280/3317 3254/4126/3200 3353/4279/3316
f 2416/4281/3318 3353/4282/3316 2415/3127/2406
f 2420/3131/2409 3354/4283/3317 2416/4281/3318
f 3355/4284/3319 3256/4129/3203 3354/4280/3317
f 3356/4285/3320 3258/4130/3204 3355/4284/3319
f 2421/3133/2411 3355/4286/3319 2420/3131/2409
f 2435/3155/2432 3356/4287/3320 2421/3133/2411
f 3357/4288/3321 3260/4133/3207 3356/4285/3320
f 3358/4289/3322 3262/4134/3208 3357/4288/3321
f 2448/3154/2431 3357/4290/3321 2435/3155/2432
f 3306/4190/3256 3358/4291/3322 2448/3154/2431
f 3359/4292/3323 3264/4140/3211 3358/4293/3322
f 3360/4294/3324 3266/4138/3212 3359/4292/3323
f 3307/4189/3255 3359/4295/3323 3306/4190/3256
f 2466/3168/2444 3360/4296/3324 3307/4189/3255
f 3361/4297/3325 3268/4143/3215 3360/4294/3324
f 3362/4298/3326 3270/4144/3216 3361/4297/3325
f 2424/3136/2414 3361/4299/3325 2466/3168/2444
f 2425/3135/2413 3362/4300/3326 2424/3136/2414
f 3363/4301/3327 3272/4147/3219 3362/4298/3326
f 3364/4302/3328 3274/4148/3220 3363/4301/3327
f 2474/3176/2452 3363/4303/3327 2425/3135/2413
f 2489/3186/2462 3364/4304/3328 2474/3176/2452
f 3365/4305/3329 3276/4151/3223 3364/4302/3328
f 3366/4306/3330 3278/4152/3224 3365/4305/3329
f 2490/3188/2464 3365/4307/3329 2489/3186/2462
f 2504/3209/2484 3366/4308/3330 2490/3188/2464
f 3367/4309/3331 3280/4158/3227 3366/4310/3330
f 3368/4311/3332 3282/4156/3228 3367/4309/3331
f 2453/3156/2433 3367/4312/3331 2504/3209/2484
f 2454/3158/2435 3368/4313/3332 2453/3156/2433
f 3369/4314/3333 3284/4161/3231 3368/4311/3332
f 3370/4315/3334 3286/4162/3232 3369/4314/3333
f 2516/4229/3284 3369/4316/3333 2454/3158/2435
f 2526/3217/2491 3370/4317/3334 2516/4229/3284
f 3371/4318/3335 3288/4165/3235 3370/4315/3334
f 3372/4319/3336 3290/4166/3236 3371/4318/3335
f 2527/3219/2493 3371/4320/3335 2526/3217/2491
f 2546/3231/2504 3372/4321/3336 2527/3219/2493
f 3373/4322/3337 3292/4169/3239 3372/4319/3336
f 3374/4323/3338 3294/4170/3240 3373/4322/3337
f 2547/3237/2509 3373/4324/3337 2546/3231/2504
f 2553/3249/2521 3374/4325/3338 2547/3237/2509
f 3375/4326/3339 3296/4176/3243 3374/4327/3338
f 3376/4328/3340 3298/4174/3244 3375/4326/3339
f 2566/3248/2520 3375/4329/3339 2553/3249/2521
f 2569/3251/2523 3376/4330/3340 2566/3248/2520
f 3377/4331/3341 3300/4179/3247 3376/4328/3340
f 3346/4266/3309 3302/4180/3248 3377/4331/3341
f 2518/3213/2487 3377/4332/3341 2569/3251/2523
f 3380/4333/3342 3389/4334/3343 3384/4335/3344
f 3395/4336/3345 3392/4337/3346 3390/4338/3347
f 3405/4339/3348 3402/4340/3349 3400/4341/3350
f 3412/4342/3351 3421/4343/3352 3416/4344/3353
f 3427/4345/3354 3424/4346/3355 3422/4347/3356
f 2549/3233/2506 2693/4348/2640 2552/4349/3357
f 2477/3179/2455 3333/4350/3358 3332/4351/3288
f 2394/4352/2388 2431/4353/3359 2428/3137/2415
f 3326/4225/3280 3344/4354/3304 3343/4355/3305
f 3311/4356/3360 3334/4357/3291 3339/4246/3298
f 2638/4358/2594 3309/4193/3258 2644/3334/2590
f 2620/4359/3361 2433/3143/2421 2434/3140/2418
f 3432/4360/3362 2489/3186/2462 2474/3176/2452
f 2606/4361/2565 3318/4209/3270 2612/4362/3363
f 2582/4363/2537 2558/4364/3364 3303/4183/3250
f 2632/3327/2585 2626/3319/2577 3325/4221/3277
f 2663/3360/2612 3329/4232/3287 2654/4237/3292
f 2448/3154/2431 2437/4365/3365 3306/4190/3256
f 2501/3197/2473 2487/3187/2463 2650/3344/2600
f 3315/4366/3366 2456/4367/2438 2548/4200/2505
f 2412/3124/2403 2402/4368/3367 2415/3127/2406
f 2443/4369/2602 2444/3152/2429 3433/4370/3368
f 2403/3114/2394 2396/3105/2386 2392/4371/2405
f 2384/3099/2381 2589/4372/3369 2587/4373/2541
f 2687/4263/3308 3345/4262/3307 2686/3389/2634
f 2669/4374/2624 3340/4251/3300 2673/4375/3370
f 2393/4376/3371 2420/3131/2409 2416/4281/3318
f 2602/4377/2551 2512/3207/2482 2601/4378/2552
f 2625/4379/2574 3343/4259/3305 2411/4380/2399
f 2480/4224/2458 3325/4381/3277 2626/4382/2577
f 2664/4383/2611 2655/4255/2607 2663/4384/2612
f 2693/4348/2640 3305/4385/3252 2685/4386/2635
f 3303/4387/3250 2559/3243/2515 2581/4388/2531
f 2587/3271/2541 3312/4389/3259 2483/4390/2461
f 2611/3300/2562 3318/4391/3270 3319/4392/3269
f 3309/4393/3258 2640/4248/2589 2644/4394/2590
f 3334/4357/3291 2444/4395/2429 2445/4396/2428
f 2672/3371/2621 3340/4397/3300 2520/4398/2490
f 2401/4399/2395 2413/4400/3372 2414/3123/2402
f 2436/4401/2423 2449/4402/3373 2450/3153/2430
f 3308/4403/3374 2460/4404/2439 3317/4207/3268
f 2505/4405/2476 2452/4406/3375 2515/3208/2483
f 2567/4407/3376 2555/4408/2512 3342/4257/3303
f 2371/3101/2371 2375/4409/3377 2519/4410/2486
f 2388/4411/3378 2380/4412/2378 2387/3103/2384
f 2419/4413/3379 2394/3107/2388 2418/4414/2410
f 2476/3178/2454 2426/4415/3380 2427/4416/2412
f 2488/4417/3381 3332/4418/3288 2487/3187/2463
f 2525/4419/3382 2494/3191/2467 2524/4420/2492
f 2406/4421/2398 2414/3123/2402 2417/3130/2408
f 2441/4422/2426 2450/3153/2430 2620/4359/3361
f 2461/4423/2441 3317/4207/3268 2460/4404/2439
f 2508/4424/2479 2515/3208/2483 3330/4242/3296
f 2562/4425/2516 3342/4257/3303 2555/4408/2512
f 2512/4426/2482 3328/4230/3285 2601/3288/2552
f 2595/4427/2547 2417/3130/2408 3328/4230/3285
f 3343/4428/3305 2410/3309/2570 2411/3120/2399
f 3320/4429/3272 2620/4359/3361 2410/3309/2570
f 2480/4430/2458 2627/3318/2576 2479/4431/2456
f 2479/4431/2456 2634/3325/2583 2461/4423/2441
f 2655/4432/2607 3331/4231/3286 2663/3360/2612
f 2656/4433/2606 3330/4242/3296 3331/4231/3286
f 2693/4434/2640 2686/3389/2634 2563/4435/2518
f 2563/4435/2518 3345/4262/3307 2562/4425/2516
f 2370/4436/2372 2519/3212/2486 3337/4256/3302
f 2383/4437/2379 2387/3103/2384 2380/4412/2378
f 2428/4438/2415 2418/3132/2410 2394/4439/2388
f 2470/4440/2449 2427/3134/2412 3327/4227/3282
f 2497/4441/2468 2487/3187/2463 3332/4418/3288
f 2539/4442/2497 2524/3218/2492 2494/4443/2467
f 3337/4256/3302 2576/4444/2530 2370/4436/2372
f 2559/4445/2515 2580/4240/3295 2581/3261/2531
f 2586/3269/2539 2384/4446/2381 2484/3184/2460
f 2587/4447/2541 2484/3184/2460 2384/4446/2381
f 2609/3297/2559 2429/4448/2417 2608/3298/2560
f 2611/4449/2562 2608/3298/2560 2429/4448/2417
f 3327/4227/3282 2469/4450/2450 2470/4440/2449
f 2640/4451/2589 2643/4226/3281 2644/3334/2590
f 2650/3344/2600 2498/4452/2470 2648/3342/2598
f 3334/4453/3291 2648/3342/2598 2498/4452/2470
f 2671/3369/2619 2540/4454/2499 2521/3215/2489
f 2672/4455/2621 2521/3215/2489 2540/4454/2499
f 2601/3288/2552 3313/4196/3261 2594/4195/3260
f 2537/4456/3383 2561/4457/2513 2536/4458/3384
f 2561/4457/2513 2535/4459/3385 2536/4458/3384
f 3387/4460/3386 2613/4461/2563 3386/4462/3387
f 3388/4463/3388 2514/4464/2480 3387/4460/3386
f 2613/4461/2563 3385/4465/3389 3386/4462/3387
f 3326/4466/3280 3396/4467/3390 3397/4468/3391
f 3398/4469/3392 3326/4466/3280 3397/4468/3391
f 3408/4470/3393 3339/4471/3298 3407/4472/3394
f 3339/4471/3298 3406/4473/3395 3407/4472/3394
f 3419/4474/3396 2674/4475/2622 3418/4476/3397
f 3420/4477/3398 3338/4478/3297 3419/4474/3396
f 2674/4475/2622 3417/4479/3399 3418/4476/3397
f 2552/4480/3357 3428/4481/3400 3429/4482/3401
f 3430/4483/3402 2552/4480/3357 3429/4482/3401
f 3379/4484/3403 2407/4485/2397 3378/4486/3404
f 3391/4487/3405 2442/4488/2425 3390/4338/3347
f 2462/4489/2440 3393/4490/3406 3394/4491/3407
f 3411/4492/3408 2509/4493/2478 3410/4494/3409
f 3423/4495/3410 3315/4496/3366 3422/4347/3356
f 2565/4497/3306 3425/4498/3411 3426/4499/3412
f 2596/4500/3262 3388/4463/3388 3389/4334/3343
f 2407/4485/2397 3389/4334/3343 3378/4486/3404
f 3321/4501/3271 3398/4469/3392 3399/4502/3413
f 2442/4488/2425 3399/4502/3413 3390/4338/3347
f 3396/4467/3390 2482/4503/3266 3395/4336/3345
f 3395/4336/3345 2462/4489/2440 3394/4491/3407
f 2657/4504/3293 3420/4477/3398 3421/4343/3352
f 2509/4493/2478 3421/4343/3352 3410/4494/3409
f 3316/4505/3264 3430/4483/3402 3431/4506/3414
f 3315/4496/3366 3431/4506/3414 3422/4347/3356
f 3428/4481/3400 2564/4507/2517 3427/4345/3354
f 3427/4345/3354 2565/4497/3306 3426/4499/3412
f 2382/4508/2376 2530/4509/3415 2531/3221/2495
f 2530/4509/3415 2373/4510/2370 2529/3222/2496
f 2532/4511/3416 2382/4508/2376 2531/3221/2495
f 2386/4512/2389 2532/4511/3416 2533/4513/3417
f 2404/4514/2396 3379/4484/3403 3380/4333/3342
f 3381/4515/3418 2404/4514/2396 3380/4333/3342
f 3382/4516/3419 2396/4517/2386 3381/4515/3418
f 2431/4518/3359 3382/4516/3419 3383/4519/3420
f 2439/4520/2424 3391/4487/3405 3392/4337/3346
f 3393/4490/3406 2439/4520/2424 3392/4337/3346
f 2477/4521/2455 3401/4522/3421 3402/4340/3349
f 3401/4522/3421 2471/4523/3275 3400/4341/3350
f 3403/4524/3422 2477/4521/2455 3402/4340/3349
f 2500/4525/3289 3403/4524/3422 3404/4526/3423
f 2506/4527/2477 3411/4492/3408 3412/4342/3351
f 3413/4528/3424 2506/4527/2477 3412/4342/3351
f 3414/4529/3425 2496/4530/2465 3413/4528/3424
f 2542/4531/3299 3414/4529/3425 3415/4532/3426
f 2458/4533/2510 3423/4495/3410 3424/4346/3355
f 3425/4498/3411 2458/4533/2510 3424/4346/3355
f 2373/4510/2370 2538/4534/3427 2529/3222/2496
f 2577/4535/3251 2537/4456/3383 2538/4534/3427
f 2534/3220/2494 2386/4512/2389 2533/4513/3417
f 2535/4459/3385 2385/4536/2380 2534/3220/2494
f 3384/4335/3344 2431/4518/3359 3383/4519/3420
f 3385/4465/3389 2430/4537/2416 3384/4335/3344
f 2471/4523/3275 3409/4538/3428 3400/4341/3350
f 2472/4539/2448 3408/4470/3393 3409/4538/3428
f 3405/4339/3348 2500/4525/3289 3404/4526/3423
f 3406/4473/3395 2499/4540/2469 3405/4339/3348
f 3416/4344/3353 2542/4531/3299 3415/4532/3426
f 3417/4479/3399 2541/4541/2498 3416/4344/3353
f 4/1/1 3/4/4 2/2/2
f 4/1/1 7/8/8 6/6/6
f 9/7/7 8/9/9 6/6/6
f 9/7/7 11/12/12 10/10/10
f 13/11/11 12/13/13 10/10/10
f 13/11/11 15/16/16 14/14/14
f 17/15/15 16/17/17 14/14/14
f 17/15/15 19/20/20 18/18/18
f 21/19/19 20/21/21 18/18/18
f 21/19/19 23/24/24 22/22/22
f 25/23/23 24/25/25 22/22/22
f 25/23/23 27/28/28 26/26/26
f 29/27/27 28/29/29 26/26/26
f 29/27/27 31/32/32 30/30/30
f 33/31/31 32/33/33 30/30/30
f 33/31/31 35/36/36 34/34/34
f 37/35/35 36/37/37 34/34/34
f 37/35/35 39/40/40 38/38/38
f 41/39/39 40/41/41 38/38/38
f 41/39/39 43/44/44 42/42/42
f 45/43/43 44/45/45 42/42/42
f 45/43/43 47/48/48 46/46/46
f 49/47/47 48/49/49 46/46/46
f 49/47/47 51/52/52 50/50/50
f 53/51/51 52/53/53 50/50/50
f 53/51/51 55/56/56 54/54/54
f 57/55/55 56/57/57 54/54/54
f 57/55/55 59/60/60 58/58/58
f 61/59/59 60/61/61 58/58/58
f 61/59/59 63/64/64 62/62/62
f 65/63/63 64/65/65 62/62/62
f 65/63/63 1/3/3 2/2/2
f 66/66/66 69/73/73 68/67/67
f 67/68/68 68/67/67 71/69/69
f 68/67/67 73/75/75 72/71/71
f 74/72/72 73/75/75 68/67/67
f 74/72/72 76/79/79 75/74/74
f 73/75/75 75/74/74 77/76/76
f 75/74/74 79/81/81 78/77/77
f 80/78/78 79/81/81 75/74/74
f 80/78/78 82/84/84 81/80/80
f 79/81/81 81/80/80 83/82/82
f 81/80/80 85/85/85 84/83/83
f 82/84/84 86/86/86 85/85/85
f 86/86/86 88/90/90 87/87/87
f 85/85/85 87/87/87 89/88/88
f 87/87/87 91/91/91 90/89/89
f 88/90/90 92/92/92 91/91/91
f 92/92/92 94/96/96 93/93/93
f 91/91/91 93/93/93 95/94/94
f 93/93/93 97/97/97 96/95/95
f 94/96/96 98/98/98 97/97/97
f 98/98/98 100/102/102 99/99/99
f 97/97/97 99/99/99 101/100/100
f 99/99/99 103/103/103 102/101/101
f 100/102/102 104/104/104 103/103/103
f 104/104/104 106/108/108 105/105/105
f 103/103/103 105/105/105 107/106/106
f 105/105/105 109/109/109 108/107/107
f 106/108/108 110/110/110 109/109/109
f 110/110/110 112/114/114 111/111/111
f 109/109/109 111/111/111 113/112/112
f 111/111/111 115/115/115 114/113/113
f 112/114/114 116/116/116 115/115/115
f 116/116/116 118/120/120 117/117/117
f 115/115/115 117/117/117 119/118/118
f 117/117/117 121/121/121 120/119/119
f 118/120/120 122/122/122 121/121/121
f 122/122/122 124/126/126 123/123/123
f 121/121/121 123/123/123 125/124/124
f 123/123/123 127/127/127 126/125/125
f 124/126/126 128/128/128 127/127/127
f 128/128/128 130/132/132 129/129/129
f 127/127/127 129/129/129 131/130/130
f 129/129/129 133/133/133 132/131/131
f 130/132/132 134/134/134 133/133/133
f 134/134/134 136/138/138 135/135/135
f 133/133/133 135/135/135 137/136/136
f 135/135/135 139/139/139 138/137/137
f 136/138/138 140/140/140 139/139/139
f 140/140/140 142/145/145 141/141/141
f 139/139/139 141/141/141 143/142/142
f 141/141/141 145/147/147 144/143/143
f 146/144/144 145/147/147 141/141/141
f 146/144/144 148/150/150 147/146/146
f 145/147/147 147/146/146 149/148/148
f 147/146/146 151/151/151 150/149/149
f 148/150/150 152/152/152 151/151/151
f 152/152/152 154/157/157 153/153/153
f 151/151/151 153/153/153 155/154/154
f 153/153/153 157/159/159 156/155/155
f 158/156/156 157/159/159 153/153/153
f 158/156/156 160/161/161 159/158/158
f 157/159/159 159/158/158 161/160/160
f 159/158/158 67/68/68 70/70/70
f 160/161/161 66/66/66 67/68/68
f 165/162/162 164/165/165 163/163/163
f 164/165/165 167/168/168 166/166/166
f 169/167/167 168/172/172 167/168/168
f 165/162/162 170/170/170 169/167/167
f 172/169/169 171/174/174 169/167/167
f 169/167/167 171/174/174 173/171/171
f 175/173/173 174/4542/178 173/171/171
f 172/169/169 176/3971/176 175/173/173
f 178/175/175 177/178/177 175/176/173
f 177/178/177 179/181/180 174/179/178
f 181/180/179 180/185/184 179/181/180
f 178/175/175 182/183/182 181/180/179
f 184/182/181 183/184/183 181/180/179
f 183/184/183 185/187/186 180/185/184
f 187/186/185 186/191/190 185/187/186
f 184/182/181 188/189/188 187/186/185
f 190/188/187 189/192/191 187/186/185
f 187/186/185 189/192/191 191/190/189
f 189/192/191 193/194/193 192/193/192
f 190/188/187 194/196/195 193/194/193
f 196/195/194 195/197/196 193/194/193
f 195/197/196 197/199/198 192/193/192
f 199/198/197 198/4543/202 197/199/198
f 196/195/194 200/3981/200 199/198/197
f 202/200/199 201/203/201 199/201/197
f 201/203/201 203/206/204 198/204/202
f 201/203/201 205/207/205 204/205/203
f 202/200/199 206/209/207 205/207/205
f 208/208/206 207/210/208 205/207/205
f 207/210/208 209/212/210 204/205/203
f 211/211/209 210/216/214 209/212/210
f 208/208/206 212/214/212 211/211/209
f 214/213/211 213/218/216 211/211/209
f 211/211/209 213/218/216 215/215/213
f 217/217/215 216/222/220 215/215/213
f 214/213/211 218/220/218 217/217/215
f 220/219/217 219/221/219 217/217/215
f 219/221/219 221/224/222 216/222/220
f 219/221/219 223/225/223 222/223/221
f 220/219/217 224/3991/225 223/225/223
f 226/226/224 225/231/227 223/227/223
f 223/227/223 225/231/227 227/229/226
f 225/231/227 229/233/229 228/232/228
f 226/226/224 230/235/231 229/233/229
f 232/234/230 231/236/232 229/233/229
f 231/236/232 233/238/234 228/232/228
f 235/237/233 234/242/238 233/238/234
f 232/234/230 236/240/236 235/237/233
f 238/239/235 237/243/239 235/237/233
f 235/237/233 237/243/239 239/241/237
f 237/243/239 241/245/241 240/244/240
f 238/239/235 242/247/243 241/245/241
f 244/246/242 243/249/245 241/245/241
f 241/245/241 243/249/245 245/248/244
f 243/249/245 247/251/247 246/250/246
f 244/246/242 248/4001/249 247/251/247
f 250/252/248 249/257/251 247/253/247
f 247/253/247 249/257/251 251/255/250
f 249/257/251 253/259/253 252/258/252
f 250/252/248 254/261/255 253/259/253
f 256/260/254 255/263/257 253/259/253
f 253/259/253 255/263/257 257/262/256
f 163/163/163 166/166/166 257/262/256
f 256/260/254 162/164/164 163/163/163
f 261/264/258 260/267/261 259/265/259
f 260/267/261 263/270/264 262/268/262
f 265/269/263 264/274/268 263/270/264
f 266/271/265 265/269/263 260/267/261
f 268/272/266 267/273/267 265/269/263
f 267/273/267 269/276/270 264/274/268
f 271/275/269 270/2649/274 269/276/270
f 272/277/271 271/275/269 267/273/267
f 274/278/272 273/281/273 271/279/269
f 273/281/273 275/284/276 270/282/274
f 277/283/275 276/288/280 275/284/276
f 278/285/277 277/283/275 273/281/273
f 280/286/278 279/287/279 277/283/275
f 279/287/279 281/290/282 276/288/280
f 283/289/281 282/294/286 281/290/282
f 284/291/283 283/289/281 279/287/279
f 286/292/284 285/293/285 283/289/281
f 285/293/285 287/296/288 282/294/286
f 289/295/287 288/300/292 287/296/288
f 290/297/289 289/295/287 285/293/285
f 292/298/290 291/299/291 289/295/287
f 291/299/291 293/302/294 288/300/292
f 295/301/293 294/2659/298 293/302/294
f 296/303/295 295/301/293 291/299/291
f 298/304/296 297/307/297 295/305/293
f 297/307/297 299/310/300 294/308/298
f 301/309/299 300/314/304 299/310/300
f 302/311/301 301/309/299 297/307/297
f 304/312/302 303/313/303 301/309/299
f 303/313/303 305/316/306 300/314/304
f 307/315/305 306/320/310 305/316/306
f 308/317/307 307/315/305 303/313/303
f 310/318/308 309/319/309 307/315/305
f 309/319/309 311/322/312 306/320/310
f 313/321/311 312/326/316 311/322/312
f 314/323/313 313/321/311 309/319/309
f 316/324/314 315/325/315 313/321/311
f 315/325/315 317/328/318 312/326/316
f 319/327/317 318/2669/322 317/328/318
f 320/329/319 319/327/317 315/325/315
f 322/330/320 321/333/321 319/331/317
f 321/333/321 323/336/324 318/334/322
f 325/335/323 324/340/328 323/336/324
f 326/337/325 325/335/323 321/333/321
f 328/338/326 327/339/327 325/335/323
f 327/339/327 329/342/330 324/340/328
f 331/341/329 330/346/334 329/342/330
f 332/343/331 331/341/329 327/339/327
f 334/344/332 333/345/333 331/341/329
f 333/345/333 335/348/336 330/346/334
f 337/347/335 336/352/340 335/348/336
f 338/349/337 337/347/335 333/345/333
f 340/350/338 339/351/339 337/347/335
f 339/351/339 341/354/342 336/352/340
f 343/353/341 342/2679/346 341/354/342
f 344/355/343 343/353/341 339/351/339
f 346/356/344 345/359/345 343/357/341
f 345/359/345 347/362/348 342/360/346
f 349/361/347 348/366/352 347/362/348
f 350/363/349 349/361/347 345/359/345
f 352/364/350 351/365/351 349/361/347
f 351/365/351 353/367/353 348/366/352
f 259/265/259 262/268/262 353/367/353
f 258/266/260 259/265/259 351/365/351
f 354/368/354 357/374/360 356/369/355
f 356/369/355 359/373/359 358/371/357
f 361/372/358 360/377/363 359/373/359
f 357/374/360 362/375/361 361/372/358
f 362/375/361 364/380/366 363/376/362
f 363/376/362 365/379/365 360/377/363
f 367/378/364 366/477/369 365/379/365
f 364/380/366 368/2648/367 367/378/364
f 368/381/367 370/387/372 369/382/368
f 369/382/368 371/386/371 366/384/369
f 373/385/370 372/390/375 371/386/371
f 370/387/372 374/388/373 373/385/370
f 374/388/373 376/393/378 375/389/374
f 375/389/374 377/392/377 372/390/375
f 379/391/376 378/396/381 377/392/377
f 376/393/378 380/394/379 379/391/376
f 380/394/379 382/399/384 381/395/380
f 381/395/380 383/398/383 378/396/381
f 385/397/382 384/402/387 383/398/383
f 382/399/384 386/400/385 385/397/382
f 386/400/385 388/405/390 387/401/386
f 387/401/386 389/404/389 384/402/387
f 391/403/388 390/495/393 389/404/389
f 388/405/390 392/2658/391 391/403/388
f 392/406/391 394/412/396 393/407/392
f 393/407/392 395/411/395 390/409/393
f 397/410/394 396/415/399 395/411/395
f 394/412/396 398/413/397 397/410/394
f 398/413/397 400/418/402 399/414/398
f 399/414/398 401/417/401 396/415/399
f 403/416/400 402/421/405 401/417/401
f 400/418/402 404/419/403 403/416/400
f 404/419/403 406/424/408 405/420/404
f 405/420/404 407/423/407 402/421/405
f 409/422/406 408/427/411 407/423/407
f 406/424/408 410/425/409 409/422/406
f 410/425/409 412/430/414 411/426/410
f 411/426/410 413/429/413 408/427/411
f 415/428/412 414/513/417 413/429/413
f 412/430/414 416/2668/415 415/428/412
f 416/431/415 418/437/420 417/432/416
f 417/432/416 419/436/419 414/434/417
f 421/435/418 420/440/423 419/436/419
f 418/437/420 422/438/421 421/435/418
f 422/438/421 424/443/426 423/439/422
f 423/439/422 425/442/425 420/440/423
f 427/441/424 426/446/429 425/442/425
f 424/443/426 428/444/427 427/441/424
f 428/444/427 430/449/432 429/445/428
f 429/445/428 431/448/431 426/446/429
f 433/447/430 432/452/435 431/448/431
f 430/449/432 434/450/433 433/447/430
f 434/450/433 436/455/438 435/451/434
f 435/451/434 437/454/437 432/452/435
f 439/453/436 438/531/441 437/454/437
f 436/455/438 440/2678/439 439/453/436
f 440/456/439 442/462/444 441/457/440
f 441/457/440 443/461/443 438/459/441
f 445/460/442 444/465/447 443/461/443
f 442/462/444 446/463/445 445/460/442
f 446/463/445 448/467/449 447/464/446
f 447/464/446 449/466/448 444/465/447
f 355/370/356 358/371/357 449/466/448
f 448/467/449 354/368/354 355/370/356
f 359/373/359 451/469/451 450/468/450
f 451/469/451 453/472/454 452/470/452
f 455/471/453 454/474/456 453/472/454
f 360/377/363 455/471/453 451/469/451
f 365/379/365 456/473/455 455/471/453
f 456/473/455 457/476/458 454/474/456
f 459/475/457 458/549/460 457/476/458
f 366/477/369 459/475/457 456/473/455
f 371/386/371 460/479/459 459/478/457
f 460/479/459 461/482/462 458/480/460
f 463/481/461 462/484/464 461/482/462
f 372/390/375 463/481/461 460/479/459
f 377/392/377 464/483/463 463/481/461
f 464/483/463 465/486/466 462/484/464
f 467/485/465 466/488/468 465/486/466
f 378/396/381 467/485/465 464/483/463
f 383/398/383 468/487/467 467/485/465
f 468/487/467 469/490/470 466/488/468
f 471/489/469 470/492/472 469/490/470
f 384/402/387 471/489/469 468/487/467
f 389/404/389 472/491/471 471/489/469
f 472/491/471 473/494/474 470/492/472
f 475/493/473 474/567/476 473/494/474
f 390/495/393 475/493/473 472/491/471
f 395/411/395 476/497/475 475/496/473
f 476/497/475 477/500/478 474/498/476
f 479/499/477 478/502/480 477/500/478
f 396/415/399 479/499/477 476/497/475
f 401/417/401 480/501/479 479/499/477
f 480/501/479 481/504/482 478/502/480
f 483/503/481 482/506/484 481/504/482
f 402/421/405 483/503/481 480/501/479
f 407/423/407 484/505/483 483/503/481
f 484/505/483 485/508/486 482/506/484
f 487/507/485 486/510/488 485/508/486
f 408/427/411 487/507/485 484/505/483
f 413/429/413 488/509/487 487/507/485
f 488/509/487 489/512/490 486/510/488
f 491/511/489 490/585/492 489/512/490
f 414/513/417 491/511/489 488/509/487
f 419/436/419 492/515/491 491/514/489
f 492/515/491 493/518/494 490/516/492
f 495/517/493 494/520/496 493/518/494
f 420/440/423 495/517/493 492/515/491
f 425/442/425 496/519/495 495/517/493
f 496/519/495 497/522/498 494/520/496
f 499/521/497 498/524/500 497/522/498
f 426/446/429 499/521/497 496/519/495
f 431/448/431 500/523/499 499/521/497
f 500/523/499 501/526/502 498/524/500
f 503/525/501 502/528/504 501/526/502
f 432/452/435 503/525/501 500/523/499
f 437/454/437 504/527/503 503/525/501
f 504/527/503 505/530/506 502/528/504
f 507/529/505 506/603/508 505/530/506
f 438/531/441 507/529/505 504/527/503
f 443/461/443 508/533/507 507/532/505
f 508/533/507 509/536/510 506/534/508
f 511/535/509 510/538/512 509/536/510
f 444/465/447 511/535/509 508/533/507
f 449/466/448 512/537/511 511/535/509
f 512/537/511 513/539/513 510/538/512
f 450/468/450 452/470/452 513/539/513
f 358/371/357 450/468/450 512/537/511
f 453/472/454 515/541/515 514/540/514
f 515/541/515 517/544/518 516/542/516
f 519/543/517 518/546/520 517/544/518
f 454/474/456 519/543/517 515/541/515
f 457/476/458 520/545/519 519/543/517
f 520/545/519 521/548/522 518/546/520
f 523/547/521 522/2439/524 521/548/522
f 458/549/460 523/547/521 520/545/519
f 461/482/462 524/551/523 523/550/521
f 524/551/523 525/554/526 522/552/524
f 527/553/525 526/556/528 525/554/526
f 462/484/464 527/553/525 524/551/523
f 465/486/466 528/555/527 527/553/525
f 528/555/527 529/558/530 526/556/528
f 531/557/529 530/560/532 529/558/530
f 466/488/468 531/557/529 528/555/527
f 469/490/470 532/559/531 531/557/529
f 532/559/531 533/562/534 530/560/532
f 535/561/533 534/564/536 533/562/534
f 470/492/472 535/561/533 532/559/531
f 473/494/474 536/563/535 535/561/533
f 536/563/535 537/566/538 534/564/536
f 539/565/537 538/2463/540 537/566/538
f 474/567/476 539/565/537 536/563/535
f 477/500/478 540/569/539 539/568/537
f 540/569/539 541/572/542 538/570/540
f 543/571/541 542/574/544 541/572/542
f 478/502/480 543/571/541 540/569/539
f 481/504/482 544/573/543 543/571/541
f 544/573/543 545/576/546 542/574/544
f 547/575/545 546/578/548 545/576/546
f 482/506/484 547/575/545 544/573/543
f 485/508/486 548/577/547 547/575/545
f 548/577/547 549/580/550 546/578/548
f 551/579/549 550/582/552 549/580/550
f 486/510/488 551/579/549 548/577/547
f 489/512/490 552/581/551 551/579/549
f 552/581/551 553/584/554 550/582/552
f 555/583/553 554/2487/556 553/584/554
f 490/585/492 555/583/553 552/581/551
f 493/518/494 556/587/555 555/586/553
f 556/587/555 557/590/558 554/588/556
f 559/589/557 558/592/560 557/590/558
f 494/520/496 559/589/557 556/587/555
f 497/522/498 560/591/559 559/589/557
f 560/591/559 561/594/562 558/592/560
f 563/593/561 562/596/564 561/594/562
f 498/524/500 563/593/561 560/591/559
f 501/526/502 564/595/563 563/593/561
f 564/595/563 565/598/566 562/596/564
f 567/597/565 566/600/568 565/598/566
f 502/528/504 567/597/565 564/595/563
f 505/530/506 568/599/567 567/597/565
f 568/599/567 569/602/570 566/600/568
f 571/601/569 570/2511/572 569/602/570
f 506/603/508 571/601/569 568/599/567
f 509/536/510 572/605/571 571/604/569
f 572/605/571 573/608/574 570/606/572
f 575/607/573 574/610/576 573/608/574
f 510/538/512 575/607/573 572/605/571
f 513/539/513 576/609/575 575/607/573
f 576/609/575 577/611/577 574/610/576
f 514/540/514 516/542/516 577/611/577
f 452/470/452 514/540/514 576/609/575
f 578/612/578 581/618/584 580/613/579
f 579/614/580 580/613/579 583/615/581
f 580/613/579 585/619/585 584/617/583
f 581/618/584 586/620/586 585/619/585
f 586/620/586 588/4544/590 587/621/587
f 585/619/585 587/621/587 589/622/588
f 587/621/587 591/4545/591 590/623/589
f 588/624/590 592/627/592 591/625/591
f 592/627/592 594/2445/596 593/628/593
f 591/629/591 593/632/593 595/630/594
f 593/632/593 597/635/597 596/633/595
f 594/634/596 598/636/598 597/635/597
f 598/636/598 600/640/602 599/637/599
f 597/635/597 599/637/599 601/638/600
f 599/637/599 603/641/603 602/639/601
f 600/640/602 604/642/604 603/641/603
f 604/642/604 606/646/608 605/643/605
f 603/641/603 605/643/605 607/644/606
f 605/643/605 609/647/609 608/645/607
f 606/646/608 610/648/610 609/647/609
f 610/648/610 612/4546/614 611/649/611
f 609/647/609 611/649/611 613/650/612
f 611/649/611 615/4547/615 614/651/613
f 612/652/614 616/655/616 615/653/615
f 616/655/616 618/2469/620 617/656/617
f 615/657/615 617/660/617 619/658/618
f 617/660/617 621/663/621 620/661/619
f 618/662/620 622/664/622 621/663/621
f 622/664/622 624/668/626 623/665/623
f 621/663/621 623/665/623 625/666/624
f 623/665/623 627/669/627 626/667/625
f 624/668/626 628/670/628 627/669/627
f 628/670/628 630/674/632 629/671/629
f 627/669/627 629/671/629 631/672/630
f 629/671/629 633/675/633 632/673/631
f 630/674/632 634/676/634 633/675/633
f 634/676/634 636/4548/638 635/677/635
f 633/675/633 635/677/635 637/678/636
f 635/677/635 639/4549/639 638/679/637
f 636/680/638 640/683/640 639/681/639
f 640/683/640 642/2493/644 641/684/641
f 639/685/639 641/688/641 643/686/642
f 641/688/641 645/691/645 644/689/643
f 642/690/644 646/692/646 645/691/645
f 646/692/646 648/696/650 647/693/647
f 645/691/645 647/693/647 649/694/648
f 647/693/647 651/697/651 650/695/649
f 648/696/650 652/698/652 651/697/651
f 652/698/652 654/702/656 653/699/653
f 651/697/651 653/699/653 655/700/654
f 653/699/653 657/703/657 656/701/655
f 654/702/656 658/704/658 657/703/657
f 658/704/658 660/4550/662 659/705/659
f 657/703/657 659/705/659 661/706/660
f 659/705/659 663/4551/663 662/707/661
f 660/708/662 664/711/664 663/709/663
f 664/711/664 666/2517/668 665/712/665
f 663/713/663 665/716/665 667/714/666
f 665/716/665 669/719/669 668/717/667
f 666/718/668 670/720/670 669/719/669
f 670/720/670 672/723/673 671/721/671
f 669/719/669 671/721/671 673/722/672
f 671/721/671 579/614/580 582/616/582
f 672/723/673 578/612/578 579/614/580
f 582/616/582 583/615/581 675/724/674
f 674/725/675 675/724/674 677/726/676
f 675/724/674 679/729/679 678/728/678
f 583/615/581 584/617/583 679/729/679
f 584/617/583 589/622/588 680/730/680
f 679/729/679 680/730/680 681/731/681
f 680/730/680 683/733/683 682/732/682
f 589/622/588 590/623/589 683/733/683
f 590/631/589 595/630/594 684/734/684
f 683/735/683 684/734/684 685/736/685
f 684/734/684 687/739/687 686/738/686
f 595/630/594 596/633/595 687/739/687
f 596/633/595 601/638/600 688/740/688
f 687/739/687 688/740/688 689/741/689
f 688/740/688 691/743/691 690/742/690
f 601/638/600 602/639/601 691/743/691
f 602/639/601 607/644/606 692/744/692
f 691/743/691 692/744/692 693/745/693
f 692/744/692 695/747/695 694/746/694
f 607/644/606 608/645/607 695/747/695
f 608/645/607 613/650/612 696/748/696
f 695/747/695 696/748/696 697/749/697
f 696/748/696 699/751/699 698/750/698
f 613/650/612 614/651/613 699/751/699
f 614/659/613 619/658/618 700/752/700
f 699/753/699 700/752/700 701/754/701
f 700/752/700 703/757/703 702/756/702
f 619/658/618 620/661/619 703/757/703
f 620/661/619 625/666/624 704/758/704
f 703/757/703 704/758/704 705/759/705
f 704/758/704 707/761/707 706/760/706
f 625/666/624 626/667/625 707/761/707
f 626/667/625 631/672/630 708/762/708
f 707/761/707 708/762/708 709/763/709
f 708/762/708 711/765/711 710/764/710
f 631/672/630 632/673/631 711/765/711
f 632/673/631 637/678/636 712/766/712
f 711/765/711 712/766/712 713/767/713
f 712/766/712 715/769/715 714/768/714
f 637/678/636 638/679/637 715/769/715
f 638/687/637 643/686/642 716/770/716
f 715/771/715 716/770/716 717/772/717
f 716/770/716 719/775/719 718/774/718
f 643/686/642 644/689/643 719/775/719
f 644/689/643 649/694/648 720/776/720
f 719/775/719 720/776/720 721/777/721
f 720/776/720 723/779/723 722/778/722
f 649/694/648 650/695/649 723/779/723
f 650/695/649 655/700/654 724/780/724
f 723/779/723 724/780/724 725/781/725
f 724/780/724 727/783/727 726/782/726
f 655/700/654 656/701/655 727/783/727
f 656/701/655 661/706/660 728/784/728
f 727/783/727 728/784/728 729/785/729
f 728/784/728 731/787/731 730/786/730
f 661/706/660 662/707/661 731/787/731
f 662/715/661 667/714/666 732/788/732
f 731/789/731 732/788/732 733/790/733
f 732/788/732 735/793/735 734/792/734
f 667/714/666 668/717/667 735/793/735
f 668/717/667 673/722/672 736/794/736
f 735/793/735 736/794/736 737/795/737
f 736/794/736 674/725/675 676/727/677
f 673/722/672 582/616/582 674/725/675
f 676/796/677 677/802/676 739/797/738
f 738/798/739 739/797/738 741/799/740
f 739/797/738 743/803/743 742/801/742
f 677/802/676 678/804/678 743/803/743
f 678/804/678 681/808/681 744/805/744
f 743/803/743 744/805/744 745/806/745
f 744/805/744 747/809/747 746/807/746
f 681/808/681 682/810/682 747/809/747
f 682/810/682 685/814/685 748/811/748
f 747/809/747 748/811/748 749/812/749
f 748/811/748 751/815/751 750/813/750
f 685/814/685 686/816/686 751/815/751
f 686/816/686 689/820/689 752/817/752
f 751/815/751 752/817/752 753/818/753
f 752/817/752 755/821/755 754/819/754
f 689/820/689 690/822/690 755/821/755
f 690/822/690 693/826/693 756/823/756
f 755/821/755 756/823/756 757/824/757
f 756/823/756 759/827/759 758/825/758
f 693/826/693 694/828/694 759/827/759
f 694/828/694 697/832/697 760/829/760
f 759/827/759 760/829/760 761/830/761
f 760/829/760 763/833/763 762/831/762
f 697/832/697 698/834/698 763/833/763
f 698/834/698 701/838/701 764/835/764
f 763/833/763 764/835/764 765/836/765
f 764/835/764 767/839/767 766/837/766
f 701/838/701 702/840/702 767/839/767
f 702/840/702 705/844/705 768/841/768
f 767/839/767 768/841/768 769/842/769
f 768/841/768 771/845/771 770/843/770
f 705/844/705 706/846/706 771/845/771
f 706/846/706 709/850/709 772/847/772
f 771/845/771 772/847/772 773/848/773
f 772/847/772 775/851/775 774/849/774
f 709/850/709 710/852/710 775/851/775
f 710/852/710 713/856/713 776/853/776
f 775/851/775 776/853/776 777/854/777
f 776/853/776 779/857/779 778/855/778
f 713/856/713 714/858/714 779/857/779
f 714/858/714 717/862/717 780/859/780
f 779/857/779 780/859/780 781/860/781
f 780/859/780 783/863/783 782/861/782
f 717/862/717 718/864/718 783/863/783
f 718/864/718 721/868/721 784/865/784
f 783/863/783 784/865/784 785/866/785
f 784/865/784 787/869/787 786/867/786
f 721/868/721 722/870/722 787/869/787
f 722/870/722 725/874/725 788/871/788
f 787/869/787 788/871/788 789/872/789
f 788/871/788 791/875/791 790/873/790
f 725/874/725 726/876/726 791/875/791
f 726/876/726 729/880/729 792/877/792
f 791/875/791 792/877/792 793/878/793
f 792/877/792 795/881/795 794/879/794
f 729/880/729 730/882/730 795/881/795
f 730/882/730 733/886/733 796/883/796
f 795/881/795 796/883/796 797/884/797
f 796/883/796 799/887/799 798/885/798
f 733/886/733 734/888/734 799/887/799
f 734/888/734 737/891/737 800/889/800
f 799/887/799 800/889/800 801/890/801
f 800/889/800 738/798/739 740/800/741
f 737/891/737 676/796/677 738/798/739
f 740/800/741 741/799/740 803/892/802
f 803/894/802 805/898/806 804/895/804
f 807/897/805 806/902/808 805/898/806
f 741/799/740 742/801/742 807/899/805
f 742/801/742 745/806/745 808/900/807
f 808/901/807 809/904/810 806/902/808
f 811/903/809 810/4552/812 809/904/810
f 745/806/745 746/807/746 811/905/809
f 746/807/746 749/812/749 812/906/811
f 812/906/811 813/2536/814 810/907/812
f 815/908/813 814/914/816 813/909/814
f 749/812/749 750/813/750 815/911/813
f 750/813/750 753/818/753 816/912/815
f 816/913/815 817/916/818 814/914/816
f 819/915/817 818/920/820 817/916/818
f 753/818/753 754/819/754 819/917/817
f 754/819/754 757/824/757 820/918/819
f 820/919/819 821/922/822 818/920/820
f 823/921/821 822/926/824 821/922/822
f 757/824/757 758/825/758 823/923/821
f 758/825/758 761/830/761 824/924/823
f 824/925/823 825/928/826 822/926/824
f 827/927/825 826/4553/828 825/928/826
f 761/830/761 762/831/762 827/929/825
f 762/831/762 765/836/765 828/930/827
f 828/930/827 829/2556/830 826/931/828
f 831/932/829 830/938/832 829/933/830
f 765/836/765 766/837/766 831/935/829
f 766/837/766 769/842/769 832/936/831
f 832/937/831 833/940/834 830/938/832
f 835/939/833 834/944/836 833/940/834
f 769/842/769 770/843/770 835/941/833
f 770/843/770 773/848/773 836/942/835
f 836/943/835 837/946/838 834/944/836
f 839/945/837 838/950/840 837/946/838
f 773/848/773 774/849/774 839/947/837
f 774/849/774 777/854/777 840/948/839
f 840/949/839 841/952/842 838/950/840
f 843/951/841 842/4554/844 841/952/842
f 777/854/777 778/855/778 843/953/841
f 778/855/778 781/860/781 844/954/843
f 844/954/843 845/2576/846 842/955/844
f 847/956/845 846/962/848 845/957/846
f 781/860/781 782/861/782 847/959/845
f 782/861/782 785/866/785 848/960/847
f 848/961/847 849/964/850 846/962/848
f 851/963/849 850/968/852 849/964/850
f 785/866/785 786/867/786 851/965/849
f 786/867/786 789/872/789 852/966/851
f 852/967/851 853/970/854 850/968/852
f 855/969/853 854/974/856 853/970/854
f 789/872/789 790/873/790 855/971/853
f 790/873/790 793/878/793 856/972/855
f 856/973/855 857/976/858 854/974/856
f 859/975/857 858/4555/860 857/976/858
f 793/878/793 794/879/794 859/977/857
f 794/879/794 797/884/797 860/978/859
f 860/978/859 861/2596/862 858/979/860
f 863/980/861 862/986/864 861/981/862
f 797/884/797 798/885/798 863/983/861
f 798/885/798 801/890/801 864/984/863
f 864/985/863 865/987/865 862/986/864
f 802/896/803 804/895/804 865/987/865
f 801/890/801 740/800/741 802/893/803
f 869/988/866 868/991/869 867/989/867
f 868/991/869 871/994/872 870/992/870
f 873/993/871 872/998/876 871/994/872
f 874/995/873 873/993/871 868/991/869
f 876/996/874 875/997/875 873/993/871
f 875/997/875 877/1000/878 872/998/876
f 879/999/877 878/4556/882 877/1000/878
f 880/1001/879 879/1005/877 875/1002/875
f 882/1004/880 881/4557/881 879/1005/877
f 881/1006/881 883/1010/884 878/1007/882
f 885/1009/883 884/1015/888 883/1010/884
f 886/1011/885 885/1009/883 881/1006/881
f 888/1013/886 887/1014/887 885/1009/883
f 887/1014/887 889/1017/890 884/1015/888
f 891/1016/889 890/1021/894 889/1017/890
f 892/1018/891 891/1016/889 887/1014/887
f 894/1019/892 893/1020/893 891/1016/889
f 893/1020/893 895/1023/896 890/1021/894
f 897/1022/895 896/1027/900 895/1023/896
f 898/1024/897 897/1022/895 893/1020/893
f 900/1025/898 899/1026/899 897/1022/895
f 899/1026/899 901/1029/902 896/1027/900
f 903/1028/901 902/4558/906 901/1029/902
f 904/1030/903 903/1034/901 899/1031/899
f 906/1033/904 905/4559/905 903/1034/901
f 905/1035/905 907/1039/908 902/1036/906
f 909/1038/907 908/1044/912 907/1039/908
f 910/1040/909 909/1038/907 905/1035/905
f 912/1042/910 911/1043/911 909/1038/907
f 911/1043/911 913/1046/914 908/1044/912
f 915/1045/913 914/1050/918 913/1046/914
f 916/1047/915 915/1045/913 911/1043/911
f 918/1048/916 917/1049/917 915/1045/913
f 917/1049/917 919/1052/920 914/1050/918
f 921/1051/919 920/1056/924 919/1052/920
f 922/1053/921 921/1051/919 917/1049/917
f 924/1054/922 923/1055/923 921/1051/919
f 923/1055/923 925/1058/926 920/1056/924
f 927/1057/925 926/4560/930 925/1058/926
f 928/1059/927 927/1063/925 923/1060/923
f 930/1062/928 929/4561/929 927/1063/925
f 929/1064/929 931/1068/932 926/1065/930
f 933/1067/931 932/1073/936 931/1068/932
f 934/1069/933 933/1067/931 929/1064/929
f 936/1071/934 935/1072/935 933/1067/931
f 935/1072/935 937/1075/938 932/1073/936
f 939/1074/937 938/1079/942 937/1075/938
f 940/1076/939 939/1074/937 935/1072/935
f 942/1077/940 941/1078/941 939/1074/937
f 941/1078/941 943/1081/944 938/1079/942
f 945/1080/943 944/1085/948 943/1081/944
f 946/1082/945 945/1080/943 941/1078/941
f 948/1083/946 947/1084/947 945/1080/943
f 947/1084/947 949/1087/950 944/1085/948
f 951/1086/949 950/4562/954 949/1087/950
f 952/1088/951 951/1092/949 947/1089/947
f 954/1091/952 953/4563/953 951/1092/949
f 953/1093/953 955/1097/956 950/1094/954
f 957/1096/955 956/1102/960 955/1097/956
f 958/1098/957 957/1096/955 953/1093/953
f 960/1100/958 959/1101/959 957/1096/955
f 959/1101/959 961/1103/961 956/1102/960
f 867/989/867 870/992/870 961/1103/961
f 866/990/868 867/989/867 959/1101/959
f 870/992/870 871/994/872 963/1104/962
f 962/1105/963 963/1104/962 965/1106/964
f 963/1104/962 967/1109/967 966/1108/966
f 871/994/872 872/998/876 967/1109/967
f 872/998/876 877/1000/878 968/1110/968
f 967/1109/967 968/1110/968 969/1111/969
f 968/1110/968 971/1113/971 970/1112/970
f 877/1000/878 878/4556/882 971/1113/971
f 878/1007/882 883/1010/884 972/1114/972
f 971/1115/971 972/1114/972 973/1116/973
f 972/1114/972 975/1119/975 974/1118/974
f 883/1010/884 884/1015/888 975/1119/975
f 884/1015/888 889/1017/890 976/1120/976
f 975/1119/975 976/1120/976 977/1121/977
f 976/1120/976 979/1123/979 978/1122/978
f 889/1017/890 890/1021/894 979/1123/979
f 890/1021/894 895/1023/896 980/1124/980
f 979/1123/979 980/1124/980 981/1125/981
f 980/1124/980 983/1127/983 982/1126/982
f 895/1023/896 896/1027/900 983/1127/983
f 896/1027/900 901/1029/902 984/1128/984
f 983/1127/983 984/1128/984 985/1129/985
f 984/1128/984 987/1131/987 986/1130/986
f 901/1029/902 902/4558/906 987/1131/987
f 902/1036/906 907/1039/908 988/1132/988
f 987/1133/987 988/1132/988 989/1134/989
f 988/1132/988 991/1137/991 990/1136/990
f 907/1039/908 908/1044/912 991/1137/991
f 908/1044/912 913/1046/914 992/1138/992
f 991/1137/991 992/1138/992 993/1139/993
f 992/1138/992 995/1141/995 994/1140/994
f 913/1046/914 914/1050/918 995/1141/995
f 914/1050/918 919/1052/920 996/1142/996
f 995/1141/995 996/1142/996 997/1143/997
f 996/1142/996 999/1145/999 998/1144/998
f 919/1052/920 920/1056/924 999/1145/999
f 920/1056/924 925/1058/926 1000/1146/1000
f 999/1145/999 1000/1146/1000 1001/1147/1001
f 1000/1146/1000 1003/1149/1003 1002/1148/1002
f 925/1058/926 926/4560/930 1003/1149/1003
f 926/1065/930 931/1068/932 1004/1150/1004
f 1003/1151/1003 1004/1150/1004 1005/1152/1005
f 1004/1150/1004 1007/1155/1007 1006/1154/1006
f 931/1068/932 932/1073/936 1007/1155/1007
f 932/1073/936 937/1075/938 1008/1156/1008
f 1007/1155/1007 1008/1156/1008 1009/1157/1009
f 1008/1156/1008 1011/1159/1011 1010/1158/1010
f 937/1075/938 938/1079/942 1011/1159/1011
f 938/1079/942 943/1081/944 1012/1160/1012
f 1011/1159/1011 1012/1160/1012 1013/1161/1013
f 1012/1160/1012 1015/1163/1015 1014/1162/1014
f 943/1081/944 944/1085/948 1015/1163/1015
f 944/1085/948 949/1087/950 1016/1164/1016
f 1015/1163/1015 1016/1164/1016 1017/1165/1017
f 1016/1164/1016 1019/1167/1019 1018/1166/1018
f 949/1087/950 950/4562/954 1019/1167/1019
f 950/1094/954 955/1097/956 1020/1168/1020
f 1019/1169/1019 1020/1168/1020 1021/1170/1021
f 1020/1168/1020 1023/1173/1023 1022/1172/1022
f 955/1097/956 956/1102/960 1023/1173/1023
f 956/1102/960 961/1103/961 1024/1174/1024
f 1023/1173/1023 1024/1174/1024 1025/1175/1025
f 1024/1174/1024 962/1105/963 964/1107/965
f 961/1103/961 870/992/870 962/1105/963
f 1026/1176/1026 1029/1184/1032 1028/1177/1027
f 1028/1179/1027 1031/1183/1031 1030/1180/1029
f 1033/1182/1030 1032/1189/1035 1031/1183/1031
f 1029/1184/1032 1034/1186/1033 1033/1185/1030
f 1034/1186/1033 1036/1192/1038 1035/1187/1034
f 1035/1188/1034 1037/1191/1037 1032/1189/1035
f 1039/1190/1036 1038/1198/1041 1037/1191/1037
f 1036/1192/1038 1040/4564/1039 1039/1193/1036
f 1040/1194/1039 1042/1201/1044 1041/1195/1040
f 1041/1197/1040 1043/1200/1043 1038/1198/1041
f 1045/1199/1042 1044/1206/1047 1043/1200/1043
f 1042/1201/1044 1046/1203/1045 1045/1202/1042
f 1046/1203/1045 1048/1209/1050 1047/1204/1046
f 1047/1205/1046 1049/1208/1049 1044/1206/1047
f 1051/1207/1048 1050/1214/1053 1049/1208/1049
f 1048/1209/1050 1052/1211/1051 1051/1210/1048
f 1052/1211/1051 1054/1217/1056 1053/1212/1052
f 1053/1213/1052 1055/1216/1055 1050/1214/1053
f 1057/1215/1054 1056/1222/1059 1055/1216/1055
f 1054/1217/1056 1058/1219/1057 1057/1218/1054
f 1058/1219/1057 1060/1225/1062 1059/1220/1058
f 1059/1221/1058 1061/1224/1061 1056/1222/1059
f 1063/1223/1060 1062/1231/1065 1061/1224/1061
f 1060/1225/1062 1064/4565/1063 1063/1226/1060
f 1064/1227/1063 1066/1234/1068 1065/1228/1064
f 1065/1230/1064 1067/1233/1067 1062/1231/1065
f 1069/1232/1066 1068/1239/1071 1067/1233/1067
f 1066/1234/1068 1070/1236/1069 1069/1235/1066
f 1070/1236/1069 1072/1242/1074 1071/1237/1070
f 1071/1238/1070 1073/1241/1073 1068/1239/1071
f 1075/1240/1072 1074/1247/1077 1073/1241/1073
f 1072/1242/1074 1076/1244/1075 1075/1243/1072
f 1076/1244/1075 1078/1250/1080 1077/1245/1076
f 1077/1246/1076 1079/1249/1079 1074/1247/1077
f 1081/1248/1078 1080/1255/1083 1079/1249/1079
f 1078/1250/1080 1082/1252/1081 1081/1251/1078
f 1082/1252/1081 1084/1258/1086 1083/1253/1082
f 1083/1254/1082 1085/1257/1085 1080/1255/1083
f 1087/1256/1084 1086/1264/1089 1085/1257/1085
f 1084/1258/1086 1088/4566/1087 1087/1259/1084
f 1088/1260/1087 1090/1267/1092 1089/1261/1088
f 1089/1263/1088 1091/1266/1091 1086/1264/1089
f 1093/1265/1090 1092/1272/1095 1091/1266/1091
f 1090/1267/1092 1094/1269/1093 1093/1268/1090
f 1094/1269/1093 1096/1275/1098 1095/1270/1094
f 1095/1271/1094 1097/1274/1097 1092/1272/1095
f 1099/1273/1096 1098/1280/1101 1097/1274/1097
f 1096/1275/1098 1100/1277/1099 1099/1276/1096
f 1100/1277/1099 1102/1283/1104 1101/1278/1100
f 1101/1279/1100 1103/1282/1103 1098/1280/1101
f 1105/1281/1102 1104/1288/1107 1103/1282/1103
f 1102/1283/1104 1106/1285/1105 1105/1284/1102
f 1106/1285/1105 1108/1291/1110 1107/1286/1106
f 1107/1287/1106 1109/1290/1109 1104/1288/1107
f 1111/1289/1108 1110/1297/1113 1109/1290/1109
f 1108/1291/1110 1112/4567/1111 1111/1292/1108
f 1112/1293/1111 1114/1300/1116 1113/1294/1112
f 1113/1296/1112 1115/1299/1115 1110/1297/1113
f 1117/1298/1114 1116/1305/1119 1115/1299/1115
f 1114/1300/1116 1118/1302/1117 1117/1301/1114
f 1118/1302/1117 1120/1307/1121 1119/1303/1118
f 1119/1304/1118 1121/1306/1120 1116/1305/1119
f 1027/1181/1028 1030/1180/1029 1121/1306/1120
f 1120/1307/1121 1026/1176/1026 1027/1178/1028
f 1031/1183/1031 1123/1309/1123 1122/1308/1122
f 1123/1309/1123 1125/1312/1126 1124/1310/1124
f 1127/1311/1125 1126/1314/1128 1125/1312/1126
f 1032/1189/1035 1127/1311/1125 1123/1309/1123
f 1037/1191/1037 1128/1313/1127 1127/1311/1125
f 1128/1313/1127 1129/1316/1130 1126/1314/1128
f 1131/1315/1129 1130/1318/1132 1129/1316/1130
f 1038/1198/1041 1131/1315/1129 1128/1313/1127
f 1043/1200/1043 1132/1317/1131 1131/1315/1129
f 1132/1317/1131 1133/1320/1134 1130/1318/1132
f 1135/1319/1133 1134/1322/1136 1133/1320/1134
f 1044/1206/1047 1135/1319/1133 1132/1317/1131
f 1049/1208/1049 1136/1321/1135 1135/1319/1133
f 1136/1321/1135 1137/1324/1138 1134/1322/1136
f 1139/1323/1137 1138/1326/1140 1137/1324/1138
f 1050/1214/1053 1139/1323/1137 1136/1321/1135
f 1055/1216/1055 1140/1325/1139 1139/1323/1137
f 1140/1325/1139 1141/1328/1142 1138/1326/1140
f 1143/1327/1141 1142/1330/1144 1141/1328/1142
f 1056/1222/1059 1143/1327/1141 1140/1325/1139
f 1061/1224/1061 1144/1329/1143 1143/1327/1141
f 1144/1329/1143 1145/1332/1146 1142/1330/1144
f 1147/1331/1145 1146/1334/1148 1145/1332/1146
f 1062/1231/1065 1147/1331/1145 1144/1329/1143
f 1067/1233/1067 1148/1333/1147 1147/1331/1145
f 1148/1333/1147 1149/1336/1150 1146/1334/1148
f 1151/1335/1149 1150/1338/1152 1149/1336/1150
f 1068/1239/1071 1151/1335/1149 1148/1333/1147
f 1073/1241/1073 1152/1337/1151 1151/1335/1149
f 1152/1337/1151 1153/1340/1154 1150/1338/1152
f 1155/1339/1153 1154/1342/1156 1153/1340/1154
f 1074/1247/1077 1155/1339/1153 1152/1337/1151
f 1079/1249/1079 1156/1341/1155 1155/1339/1153
f 1156/1341/1155 1157/1344/1158 1154/1342/1156
f 1159/1343/1157 1158/1346/1160 1157/1344/1158
f 1080/1255/1083 1159/1343/1157 1156/1341/1155
f 1085/1257/1085 1160/1345/1159 1159/1343/1157
f 1160/1345/1159 1161/1348/1162 1158/1346/1160
f 1163/1347/1161 1162/1350/1164 1161/1348/1162
f 1086/1264/1089 1163/1347/1161 1160/1345/1159
f 1091/1266/1091 1164/1349/1163 1163/1347/1161
f 1164/1349/1163 1165/1352/1166 1162/1350/1164
f 1167/1351/1165 1166/1354/1168 1165/1352/1166
f 1092/1272/1095 1167/1351/1165 1164/1349/1163
f 1097/1274/1097 1168/1353/1167 1167/1351/1165
f 1168/1353/1167 1169/1356/1170 1166/1354/1168
f 1171/1355/1169 1170/1358/1172 1169/1356/1170
f 1098/1280/1101 1171/1355/1169 1168/1353/1167
f 1103/1282/1103 1172/1357/1171 1171/1355/1169
f 1172/1357/1171 1173/1360/1174 1170/1358/1172
f 1175/1359/1173 1174/1362/1176 1173/1360/1174
f 1104/1288/1107 1175/1359/1173 1172/1357/1171
f 1109/1290/1109 1176/1361/1175 1175/1359/1173
f 1176/1361/1175 1177/1364/1178 1174/1362/1176
f 1179/1363/1177 1178/1366/1180 1177/1364/1178
f 1110/1297/1113 1179/1363/1177 1176/1361/1175
f 1115/1299/1115 1180/1365/1179 1179/1363/1177
f 1180/1365/1179 1181/1368/1182 1178/1366/1180
f 1183/1367/1181 1182/1370/1184 1181/1368/1182
f 1116/1305/1119 1183/1367/1181 1180/1365/1179
f 1121/1306/1120 1184/1369/1183 1183/1367/1181
f 1184/1369/1183 1185/1371/1185 1182/1370/1184
f 1122/1308/1122 1124/1310/1124 1185/1371/1185
f 1030/1180/1029 1122/1308/1122 1184/1369/1183
f 1125/1312/1126 1187/1373/1187 1186/1372/1186
f 1187/1373/1187 1189/1376/1190 1188/1374/1188
f 1191/1375/1189 1190/1378/1192 1189/1376/1190
f 1126/1314/1128 1191/1375/1189 1187/1373/1187
f 1129/1316/1130 1192/1377/1191 1191/1375/1189
f 1192/1377/1191 1193/1380/1194 1190/1378/1192
f 1195/1379/1193 1194/1382/1196 1193/1380/1194
f 1130/1318/1132 1195/1379/1193 1192/1377/1191
f 1133/1320/1134 1196/1381/1195 1195/1379/1193
f 1196/1381/1195 1197/1384/1198 1194/1382/1196
f 1199/1383/1197 1198/1386/1200 1197/1384/1198
f 1134/1322/1136 1199/1383/1197 1196/1381/1195
f 1137/1324/1138 1200/1385/1199 1199/1383/1197
f 1200/1385/1199 1201/1388/1202 1198/1386/1200
f 1203/1387/1201 1202/1390/1204 1201/1388/1202
f 1138/1326/1140 1203/1387/1201 1200/1385/1199
f 1141/1328/1142 1204/1389/1203 1203/1387/1201
f 1204/1389/1203 1205/1392/1206 1202/1390/1204
f 1207/1391/1205 1206/1394/1208 1205/1392/1206
f 1142/1330/1144 1207/1391/1205 1204/1389/1203
f 1145/1332/1146 1208/1393/1207 1207/1391/1205
f 1208/1393/1207 1209/1396/1210 1206/1394/1208
f 1211/1395/1209 1210/1398/1212 1209/1396/1210
f 1146/1334/1148 1211/1395/1209 1208/1393/1207
f 1149/1336/1150 1212/1397/1211 1211/1395/1209
f 1212/1397/1211 1213/1400/1214 1210/1398/1212
f 1215/1399/1213 1214/1402/1216 1213/1400/1214
f 1150/1338/1152 1215/1399/1213 1212/1397/1211
f 1153/1340/1154 1216/1401/1215 1215/1399/1213
f 1216/1401/1215 1217/1404/1218 1214/1402/1216
f 1219/1403/1217 1218/1406/1220 1217/1404/1218
f 1154/1342/1156 1219/1403/1217 1216/1401/1215
f 1157/1344/1158 1220/1405/1219 1219/1403/1217
f 1220/1405/1219 1221/1408/1222 1218/1406/1220
f 1223/1407/1221 1222/1410/1224 1221/1408/1222
f 1158/1346/1160 1223/1407/1221 1220/1405/1219
f 1161/1348/1162 1224/1409/1223 1223/1407/1221
f 1224/1409/1223 1225/1412/1226 1222/1410/1224
f 1227/1411/1225 1226/1414/1228 1225/1412/1226
f 1162/1350/1164 1227/1411/1225 1224/1409/1223
f 1165/1352/1166 1228/1413/1227 1227/1411/1225
f 1228/1413/1227 1229/1416/1230 1226/1414/1228
f 1231/1415/1229 1230/1418/1232 1229/1416/1230
f 1166/1354/1168 1231/1415/1229 1228/1413/1227
f 1169/1356/1170 1232/1417/1231 1231/1415/1229
f 1232/1417/1231 1233/1420/1234 1230/1418/1232
f 1235/1419/1233 1234/1422/1236 1233/1420/1234
f 1170/1358/1172 1235/1419/1233 1232/1417/1231
f 1173/1360/1174 1236/1421/1235 1235/1419/1233
f 1236/1421/1235 1237/1424/1238 1234/1422/1236
f 1239/1423/1237 1238/1426/1240 1237/1424/1238
f 1174/1362/1176 1239/1423/1237 1236/1421/1235
f 1177/1364/1178 1240/1425/1239 1239/1423/1237
f 1240/1425/1239 1241/1428/1242 1238/1426/1240
f 1243/1427/1241 1242/1430/1244 1241/1428/1242
f 1178/1366/1180 1243/1427/1241 1240/1425/1239
f 1181/1368/1182 1244/1429/1243 1243/1427/1241
f 1244/1429/1243 1245/1432/1246 1242/1430/1244
f 1247/1431/1245 1246/1434/1248 1245/1432/1246
f 1182/1370/1184 1247/1431/1245 1244/1429/1243
f 1185/1371/1185 1248/1433/1247 1247/1431/1245
f 1248/1433/1247 1249/1435/1249 1246/1434/1248
f 1186/1372/1186 1188/1374/1188 1249/1435/1249
f 1124/1310/1124 1186/1372/1186 1248/1433/1247
f 1188/1436/1188 1189/1443/1190 1251/1437/1250
f 1250/1438/1251 1251/1437/1250 1253/1439/1252
f 1255/1441/1254 1254/1446/1257 1253/1439/1252
f 1190/1442/1192 1255/1441/1254 1251/1437/1250
f 1190/1442/1192 1193/1449/1194 1256/1444/1255
f 1255/1441/1254 1256/1444/1255 1257/1445/1256
f 1259/1447/1258 1258/1549/1261 1257/1445/1256
f 1194/1448/1196 1259/1447/1258 1256/1444/1255
f 1194/1450/1196 1197/1457/1198 1260/1451/1259
f 1259/1452/1258 1260/1451/1259 1261/1453/1260
f 1263/1455/1262 1262/1460/1265 1261/1453/1260
f 1198/1456/1200 1263/1455/1262 1260/1451/1259
f 1198/1456/1200 1201/1463/1202 1264/1458/1263
f 1263/1455/1262 1264/1458/1263 1265/1459/1264
f 1267/1461/1266 1266/1466/1269 1265/1459/1264
f 1202/1462/1204 1267/1461/1266 1264/1458/1263
f 1202/1462/1204 1205/1469/1206 1268/1464/1267
f 1267/1461/1266 1268/1464/1267 1269/1465/1268
f 1271/1467/1270 1270/1472/1273 1269/1465/1268
f 1206/1468/1208 1271/1467/1270 1268/1464/1267
f 1206/1468/1208 1209/1475/1210 1272/1470/1271
f 1271/1467/1270 1272/1470/1271 1273/1471/1272
f 1275/1473/1274 1274/1567/1277 1273/1471/1272
f 1210/1474/1212 1275/1473/1274 1272/1470/1271
f 1210/1476/1212 1213/1483/1214 1276/1477/1275
f 1275/1478/1274 1276/1477/1275 1277/1479/1276
f 1279/1481/1278 1278/1486/1281 1277/1479/1276
f 1214/1482/1216 1279/1481/1278 1276/1477/1275
f 1214/1482/1216 1217/1489/1218 1280/1484/1279
f 1279/1481/1278 1280/1484/1279 1281/1485/1280
f 1283/1487/1282 1282/1492/1285 1281/1485/1280
f 1218/1488/1220 1283/1487/1282 1280/1484/1279
f 1218/1488/1220 1221/1495/1222 1284/1490/1283
f 1283/1487/1282 1284/1490/1283 1285/1491/1284
f 1287/1493/1286 1286/1498/1289 1285/1491/1284
f 1222/1494/1224 1287/1493/1286 1284/1490/1283
f 1222/1494/1224 1225/1501/1226 1288/1496/1287
f 1287/1493/1286 1288/1496/1287 1289/1497/1288
f 1291/1499/1290 1290/1585/1293 1289/1497/1288
f 1226/1500/1228 1291/1499/1290 1288/1496/1287
f 1226/1502/1228 1229/1509/1230 1292/1503/1291
f 1291/1504/1290 1292/1503/1291 1293/1505/1292
f 1295/1507/1294 1294/1512/1297 1293/1505/1292
f 1230/1508/1232 1295/1507/1294 1292/1503/1291
f 1230/1508/1232 1233/1515/1234 1296/1510/1295
f 1295/1507/1294 1296/1510/1295 1297/1511/1296
f 1299/1513/1298 1298/1518/1301 1297/1511/1296
f 1234/1514/1236 1299/1513/1298 1296/1510/1295
f 1234/1514/1236 1237/1521/1238 1300/1516/1299
f 1299/1513/1298 1300/1516/1299 1301/1517/1300
f 1303/1519/1302 1302/1524/1305 1301/1517/1300
f 1238/1520/1240 1303/1519/1302 1300/1516/1299
f 1238/1520/1240 1241/1527/1242 1304/1522/1303
f 1303/1519/1302 1304/1522/1303 1305/1523/1304
f 1307/1525/1306 1306/1603/1309 1305/1523/1304
f 1242/1526/1244 1307/1525/1306 1304/1522/1303
f 1242/1528/1244 1245/1535/1246 1308/1529/1307
f 1307/1530/1306 1308/1529/1307 1309/1531/1308
f 1311/1533/1310 1310/1538/1313 1309/1531/1308
f 1246/1534/1248 1311/1533/1310 1308/1529/1307
f 1246/1534/1248 1249/1539/1249 1312/1536/1311
f 1311/1533/1310 1312/1536/1311 1313/1537/1312
f 1250/1438/1251 1252/1440/1253 1313/1537/1312
f 1188/1436/1188 1250/1438/1251 1312/1536/1311
f 1252/1440/1253 1253/1439/1252 1315/1540/1314
f 1314/1541/1315 1315/1540/1314 1317/1542/1316
f 1319/1544/1318 1318/1547/1321 1317/1542/1316
f 1254/1446/1257 1319/1544/1318 1315/1540/1314
f 1254/1446/1257 1257/1445/1256 1320/1545/1319
f 1319/1544/1318 1320/1545/1319 1321/1546/1320
f 1323/1548/1322 1322/1621/1325 1321/1546/1320
f 1258/1549/1261 1323/1548/1322 1320/1545/1319
f 1258/1454/1261 1261/1453/1260 1324/1550/1323
f 1323/1551/1322 1324/1550/1323 1325/1552/1324
f 1327/1554/1326 1326/1557/1329 1325/1552/1324
f 1262/1460/1265 1327/1554/1326 1324/1550/1323
f 1262/1460/1265 1265/1459/1264 1328/1555/1327
f 1327/1554/1326 1328/1555/1327 1329/1556/1328
f 1331/1558/1330 1330/1561/1333 1329/1556/1328
f 1266/1466/1269 1331/1558/1330 1328/1555/1327
f 1266/1466/1269 1269/1465/1268 1332/1559/1331
f 1331/1558/1330 1332/1559/1331 1333/1560/1332
f 1335/1562/1334 1334/1565/1337 1333/1560/1332
f 1270/1472/1273 1335/1562/1334 1332/1559/1331
f 1270/1472/1273 1273/1471/1272 1336/1563/1335
f 1335/1562/1334 1336/1563/1335 1337/1564/1336
f 1339/1566/1338 1338/1639/1341 1337/1564/1336
f 1274/1567/1277 1339/1566/1338 1336/1563/1335
f 1274/1480/1277 1277/1479/1276 1340/1568/1339
f 1339/1569/1338 1340/1568/1339 1341/1570/1340
f 1343/1572/1342 1342/1575/1345 1341/1570/1340
f 1278/1486/1281 1343/1572/1342 1340/1568/1339
f 1278/1486/1281 1281/1485/1280 1344/1573/1343
f 1343/1572/1342 1344/1573/1343 1345/1574/1344
f 1347/1576/1346 1346/1579/1349 1345/1574/1344
f 1282/1492/1285 1347/1576/1346 1344/1573/1343
f 1282/1492/1285 1285/1491/1284 1348/1577/1347
f 1347/1576/1346 1348/1577/1347 1349/1578/1348
f 1351/1580/1350 1350/1583/1353 1349/1578/1348
f 1286/1498/1289 1351/1580/1350 1348/1577/1347
f 1286/1498/1289 1289/1497/1288 1352/1581/1351
f 1351/1580/1350 1352/1581/1351 1353/1582/1352
f 1355/1584/1354 1354/1657/1357 1353/1582/1352
f 1290/1585/1293 1355/1584/1354 1352/1581/1351
f 1290/1506/1293 1293/1505/1292 1356/1586/1355
f 1355/1587/1354 1356/1586/1355 1357/1588/1356
f 1359/1590/1358 1358/1593/1361 1357/1588/1356
f 1294/1512/1297 1359/1590/1358 1356/1586/1355
f 1294/1512/1297 1297/1511/1296 1360/1591/1359
f 1359/1590/1358 1360/1591/1359 1361/1592/1360
f 1363/1594/1362 1362/1597/1365 1361/1592/1360
f 1298/1518/1301 1363/1594/1362 1360/1591/1359
f 1298/1518/1301 1301/1517/1300 1364/1595/1363
f 1363/1594/1362 1364/1595/1363 1365/1596/1364
f 1367/1598/1366 1366/1601/1369 1365/1596/1364
f 1302/1524/1305 1367/1598/1366 1364/1595/1363
f 1302/1524/1305 1305/1523/1304 1368/1599/1367
f 1367/1598/1366 1368/1599/1367 1369/1600/1368
f 1371/1602/1370 1370/1675/1373 1369/1600/1368
f 1306/1603/1309 1371/1602/1370 1368/1599/1367
f 1306/1532/1309 1309/1531/1308 1372/1604/1371
f 1371/1605/1370 1372/1604/1371 1373/1606/1372
f 1375/1608/1374 1374/1611/1377 1373/1606/1372
f 1310/1538/1313 1375/1608/1374 1372/1604/1371
f 1310/1538/1313 1313/1537/1312 1376/1609/1375
f 1375/1608/1374 1376/1609/1375 1377/1610/1376
f 1314/1541/1315 1316/1543/1317 1377/1610/1376
f 1252/1440/1253 1314/1541/1315 1376/1609/1375
f 1316/1543/1317 1317/1542/1316 1379/1612/1378
f 1378/1613/1379 1379/1612/1378 1381/1614/1380
f 1379/1612/1378 1383/1618/1384 1382/1616/1382
f 1318/1547/1321 1383/1618/1384 1379/1612/1378
f 1318/1547/1321 1321/1546/1320 1384/1617/1383
f 1383/1618/1384 1384/1617/1383 1385/1619/1385
f 1384/1617/1383 1387/4568/1388 1386/1620/1386
f 1322/1621/1325 1387/4568/1388 1384/1617/1383
f 1322/1553/1325 1325/1552/1324 1388/1622/1387
f 1387/1623/1388 1388/1622/1387 1389/1624/1389
f 1388/1622/1387 1391/1628/1392 1390/1626/1390
f 1326/1557/1329 1391/1628/1392 1388/1622/1387
f 1326/1557/1329 1329/1556/1328 1392/1627/1391
f 1392/1627/1391 1393/1630/1394 1390/1626/1390
f 1395/1629/1393 1394/1632/1396 1393/1630/1394
f 1330/1561/1333 1395/1629/1393 1392/1627/1391
f 1330/1561/1333 1333/1560/1332 1396/1631/1395
f 1396/1631/1395 1397/1634/1398 1394/1632/1396
f 1396/1631/1395 1399/1636/1400 1398/1633/1397
f 1334/1565/1337 1399/1636/1400 1396/1631/1395
f 1334/1565/1337 1337/1564/1336 1400/1635/1399
f 1400/1635/1399 1401/1638/1402 1398/1633/1397
f 1403/1637/1401 1402/4569/1405 1401/1638/1402
f 1338/1639/1341 1403/1637/1401 1400/1635/1399
f 1338/1571/1341 1341/1570/1340 1404/1640/1403
f 1403/1641/1401 1404/1640/1403 1405/1642/1404
f 1407/1644/1406 1406/1646/1408 1405/1642/1404
f 1342/1575/1345 1407/1644/1406 1404/1640/1403
f 1342/1575/1345 1345/1574/1344 1408/1645/1407
f 1408/1645/1407 1409/1648/1410 1406/1646/1408
f 1408/1645/1407 1411/1650/1412 1410/1647/1409
f 1346/1579/1349 1411/1650/1412 1408/1645/1407
f 1346/1579/1349 1349/1578/1348 1412/1649/1411
f 1412/1649/1411 1413/1652/1414 1410/1647/1409
f 1415/1651/1413 1414/1654/1416 1413/1652/1414
f 1350/1583/1353 1415/1651/1413 1412/1649/1411
f 1350/1583/1353 1353/1582/1352 1416/1653/1415
f 1416/1653/1415 1417/1656/1418 1414/1654/1416
f 1419/1655/1417 1418/4570/1420 1417/1656/1418
f 1354/1657/1357 1419/1655/1417 1416/1653/1415
f 1354/1589/1357 1357/1588/1356 1420/1658/1419
f 1420/1658/1419 1421/1662/1422 1418/1660/1420
f 1420/1658/1419 1423/1663/1423 1422/1661/1421
f 1358/1593/1361 1423/1663/1423 1420/1658/1419
f 1361/1592/1360 1424/1664/1424 1423/1663/1423
f 1424/1664/1424 1425/1666/1426 1422/1661/1421
f 1424/1664/1424 1427/1668/1428 1426/1665/1425
f 1362/1597/1365 1427/1668/1428 1424/1664/1424
f 1362/1597/1365 1365/1596/1364 1428/1667/1427
f 1427/1668/1428 1428/1667/1427 1429/1669/1429
f 1428/1667/1427 1431/1672/1432 1430/1670/1430
f 1366/1601/1369 1431/1672/1432 1428/1667/1427
f 1366/1601/1369 1369/1600/1368 1432/1671/1431
f 1432/1671/1431 1433/1674/1434 1430/1670/1430
f 1435/1673/1433 1434/4571/1437 1433/1674/1434
f 1370/1675/1373 1435/1673/1433 1432/1671/1431
f 1370/1607/1373 1373/1606/1372 1436/1676/1435
f 1435/1677/1433 1436/1676/1435 1437/1678/1436
f 1436/1676/1435 1439/1682/1440 1438/1680/1438
f 1374/1611/1377 1439/1682/1440 1436/1676/1435
f 1374/1611/1377 1377/1610/1376 1440/1681/1439
f 1439/1682/1440 1440/1681/1439 1441/1683/1441
f 1440/1681/1439 1378/1613/1379 1380/1615/1381
f 1316/1543/1317 1378/1613/1379 1440/1681/1439
f 1445/1684/1442 1444/1693/1445 1443/1685/1443
f 1444/1687/1445 1447/1691/1448 1446/1688/1446
f 1444/1687/1445 1449/1697/1449 1448/1690/1447
f 1445/1684/1442 1450/1695/1451 1449/1692/1449
f 1452/1694/1450 1451/1701/1452 1449/1692/1449
f 1451/1696/1452 1453/1699/1454 1448/1690/1447
f 1451/1696/1452 1455/4572/1455 1454/1698/1453
f 1452/1694/1450 1456/1703/1457 1455/1700/1455
f 1458/1702/1456 1457/1710/1458 1455/1700/1455
f 1457/1704/1458 1459/1708/1460 1454/1705/1453
f 1457/1704/1458 1461/1714/1461 1460/1707/1459
f 1458/1702/1456 1462/1712/1463 1461/1709/1461
f 1464/1711/1462 1463/1718/1464 1461/1709/1461
f 1463/1713/1464 1465/1716/1466 1460/1707/1459
f 1463/1713/1464 1467/1722/1467 1466/1715/1465
f 1464/1711/1462 1468/1720/1469 1467/1717/1467
f 1470/1719/1468 1469/1726/1470 1467/1717/1467
f 1469/1721/1470 1471/1724/1472 1466/1715/1465
f 1469/1721/1470 1473/1730/1473 1472/1723/1471
f 1470/1719/1468 1474/1728/1475 1473/1725/1473
f 1476/1727/1474 1475/1734/1476 1473/1725/1473
f 1475/1729/1476 1477/1732/1478 1472/1723/1471
f 1475/1729/1476 1479/4573/1479 1478/1731/1477
f 1476/1727/1474 1480/1736/1481 1479/1733/1479
f 1482/1735/1480 1481/1743/1482 1479/1733/1479
f 1481/1737/1482 1483/1741/1484 1478/1738/1477
f 1481/1737/1482 1485/1747/1485 1484/1740/1483
f 1482/1735/1480 1486/1745/1487 1485/1742/1485
f 1488/1744/1486 1487/1751/1488 1485/1742/1485
f 1487/1746/1488 1489/1749/1490 1484/1740/1483
f 1487/1746/1488 1491/1755/1491 1490/1748/1489
f 1488/1744/1486 1492/1753/1493 1491/1750/1491
f 1494/1752/1492 1493/1759/1494 1491/1750/1491
f 1493/1754/1494 1495/1757/1496 1490/1748/1489
f 1493/1754/1494 1497/1763/1497 1496/1756/1495
f 1494/1752/1492 1498/1761/1499 1497/1758/1497
f 1500/1760/1498 1499/1767/1500 1497/1758/1497
f 1499/1762/1500 1501/1765/1502 1496/1756/1495
f 1499/1762/1500 1503/4574/1503 1502/1764/1501
f 1500/1760/1498 1504/1769/1505 1503/1766/1503
f 1506/1768/1504 1505/1776/1506 1503/1766/1503
f 1505/1770/1506 1507/1774/1508 1502/1771/1501
f 1505/1770/1506 1509/1780/1509 1508/1773/1507
f 1506/1768/1504 1510/1778/1511 1509/1775/1509
f 1512/1777/1510 1511/1784/1512 1509/1775/1509
f 1511/1779/1512 1513/1782/1514 1508/1773/1507
f 1511/1779/1512 1515/1788/1515 1514/1781/1513
f 1512/1777/1510 1516/1786/1517 1515/1783/1515
f 1518/1785/1516 1517/1792/1518 1515/1783/1515
f 1517/1787/1518 1519/1790/1520 1514/1781/1513
f 1517/1787/1518 1521/1796/1521 1520/1789/1519
f 1518/1785/1516 1522/1794/1523 1521/1791/1521
f 1524/1793/1522 1523/1800/1524 1521/1791/1521
f 1523/1795/1524 1525/1798/1526 1520/1789/1519
f 1523/1795/1524 1527/4575/1527 1526/1797/1525
f 1524/1793/1522 1528/1802/1529 1527/1799/1527
f 1530/1801/1528 1529/1809/1530 1527/1799/1527
f 1529/1803/1530 1531/1807/1532 1526/1804/1525
f 1529/1803/1530 1533/1813/1533 1532/1806/1531
f 1530/1801/1528 1534/1811/1535 1533/1808/1533
f 1536/1810/1534 1535/1815/1536 1533/1808/1533
f 1535/1812/1536 1537/1814/1537 1532/1806/1531
f 1535/1812/1536 1443/1689/1443 1446/1688/1446
f 1536/1810/1534 1442/1686/1444 1443/1685/1443
f 1538/1816/1538 1541/1823/1545 1540/1817/1539
f 1539/1818/1540 1540/1817/1539 1543/1819/1541
f 1545/1821/1543 1544/1826/1548 1543/1819/1541
f 1546/1822/1544 1545/1821/1543 1540/1817/1539
f 1546/1822/1544 1548/1829/1551 1547/1824/1546
f 1545/1821/1543 1547/1824/1546 1549/1825/1547
f 1551/1827/1549 1550/2609/1554 1549/1825/1547
f 1552/1828/1550 1551/1827/1549 1547/1824/1546
f 1552/1830/1550 1554/1837/1557 1553/1831/1552
f 1551/1832/1549 1553/1831/1552 1555/1833/1553
f 1557/1835/1555 1556/1840/1560 1555/1833/1553
f 1558/1836/1556 1557/1835/1555 1553/1831/1552
f 1558/1836/1556 1560/1843/1563 1559/1838/1558
f 1557/1835/1555 1559/1838/1558 1561/1839/1559
f 1563/1841/1561 1562/1846/1566 1561/1839/1559
f 1564/1842/1562 1563/1841/1561 1559/1838/1558
f 1564/1842/1562 1566/1849/1569 1565/1844/1564
f 1563/1841/1561 1565/1844/1564 1567/1845/1565
f 1569/1847/1567 1568/1852/1572 1567/1845/1565
f 1570/1848/1568 1569/1847/1567 1565/1844/1564
f 1570/1848/1568 1572/1855/1575 1571/1850/1570
f 1569/1847/1567 1571/1850/1570 1573/1851/1571
f 1575/1853/1573 1574/2619/1578 1573/1851/1571
f 1576/1854/1574 1575/1853/1573 1571/1850/1570
f 1576/1856/1574 1578/1863/1581 1577/1857/1576
f 1575/1858/1573 1577/1857/1576 1579/1859/1577
f 1581/1861/1579 1580/1866/1584 1579/1859/1577
f 1582/1862/1580 1581/1861/1579 1577/1857/1576
f 1582/1862/1580 1584/1869/1587 1583/1864/1582
f 1581/1861/1579 1583/1864/1582 1585/1865/1583
f 1587/1867/1585 1586/1872/1590 1585/1865/1583
f 1588/1868/1586 1587/1867/1585 1583/1864/1582
f 1588/1868/1586 1590/1875/1593 1589/1870/1588
f 1587/1867/1585 1589/1870/1588 1591/1871/1589
f 1593/1873/1591 1592/1878/1596 1591/1871/1589
f 1594/1874/1592 1593/1873/1591 1589/1870/1588
f 1594/1874/1592 1596/1881/1599 1595/1876/1594
f 1593/1873/1591 1595/1876/1594 1597/1877/1595
f 1599/1879/1597 1598/2629/1602 1597/1877/1595
f 1600/1880/1598 1599/1879/1597 1595/1876/1594
f 1600/1882/1598 1602/1889/1605 1601/1883/1600
f 1599/1884/1597 1601/1883/1600 1603/1885/1601
f 1605/1887/1603 1604/1892/1608 1603/1885/1601
f 1606/1888/1604 1605/1887/1603 1601/1883/1600
f 1606/1888/1604 1608/1895/1611 1607/1890/1606
f 1605/1887/1603 1607/1890/1606 1609/1891/1607
f 1611/1893/1609 1610/1898/1614 1609/1891/1607
f 1612/1894/1610 1611/1893/1609 1607/1890/1606
f 1612/1894/1610 1614/1901/1617 1613/1896/1612
f 1611/1893/1609 1613/1896/1612 1615/1897/1613
f 1617/1899/1615 1616/1904/1620 1615/1897/1613
f 1618/1900/1616 1617/1899/1615 1613/1896/1612
f 1618/1900/1616 1620/1907/1623 1619/1902/1618
f 1617/1899/1615 1619/1902/1618 1621/1903/1619
f 1623/1905/1621 1622/2639/1626 1621/1903/1619
f 1624/1906/1622 1623/1905/1621 1619/1902/1618
f 1624/1908/1622 1626/1915/1629 1625/1909/1624
f 1623/1910/1621 1625/1909/1624 1627/1911/1625
f 1629/1913/1627 1628/1918/1632 1627/1911/1625
f 1630/1914/1628 1629/1913/1627 1625/1909/1624
f 1630/1914/1628 1632/1919/1633 1631/1916/1630
f 1629/1913/1627 1631/1916/1630 1633/1917/1631
f 1539/1818/1540 1542/1820/1542 1633/1917/1631
f 1538/1816/1538 1539/1818/1540 1631/1916/1630
f 1637/1920/1634 1636/1923/1637 1635/1921/1635
f 1636/1923/1637 4/1/1 1/3/3
f 1636/1923/1637 1638/1924/1638 7/8/8
f 1637/1920/1634 1639/1926/1640 1638/1924/1638
f 1641/1925/1639 1640/1927/1641 1638/1924/1638
f 1640/1927/1641 9/7/7 7/8/8
f 1640/1927/1641 1642/1928/1642 11/12/12
f 1641/1925/1639 1643/1930/1644 1642/1928/1642
f 1645/1929/1643 1644/1931/1645 1642/1928/1642
f 1644/1931/1645 13/11/11 11/12/12
f 1644/1931/1645 1646/1932/1646 15/16/16
f 1645/1929/1643 1647/1934/1648 1646/1932/1646
f 1649/1933/1647 1648/1935/1649 1646/1932/1646
f 1648/1935/1649 17/15/15 15/16/16
f 1648/1935/1649 1650/1936/1650 19/20/20
f 1649/1933/1647 1651/1938/1652 1650/1936/1650
f 1653/1937/1651 1652/1939/1653 1650/1936/1650
f 1652/1939/1653 21/19/19 19/20/20
f 1652/1939/1653 1654/1940/1654 23/24/24
f 1653/1937/1651 1655/1942/1656 1654/1940/1654
f 1657/1941/1655 1656/1943/1657 1654/1940/1654
f 1656/1943/1657 25/23/23 23/24/24
f 1656/1943/1657 1658/1944/1658 27/28/28
f 1657/1941/1655 1659/1946/1660 1658/1944/1658
f 1661/1945/1659 1660/1947/1661 1658/1944/1658
f 1660/1947/1661 29/27/27 27/28/28
f 1660/1947/1661 1662/1948/1662 31/32/32
f 1661/1945/1659 1663/1950/1664 1662/1948/1662
f 1665/1949/1663 1664/1951/1665 1662/1948/1662
f 1664/1951/1665 33/31/31 31/32/32
f 1664/1951/1665 1666/1952/1666 35/36/36
f 1665/1949/1663 1667/1954/1668 1666/1952/1666
f 1669/1953/1667 1668/1955/1669 1666/1952/1666
f 1668/1955/1669 37/35/35 35/36/36
f 1668/1955/1669 1670/1956/1670 39/40/40
f 1669/1953/1667 1671/1958/1672 1670/1956/1670
f 1673/1957/1671 1672/1959/1673 1670/1956/1670
f 1672/1959/1673 41/39/39 39/40/40
f 1672/1959/1673 1674/1960/1674 43/44/44
f 1673/1957/1671 1675/1962/1676 1674/1960/1674
f 1677/1961/1675 1676/1963/1677 1674/1960/1674
f 1676/1963/1677 45/43/43 43/44/44
f 1676/1963/1677 1678/1964/1678 47/48/48
f 1677/1961/1675 1679/1966/1680 1678/1964/1678
f 1681/1965/1679 1680/1967/1681 1678/1964/1678
f 1680/1967/1681 49/47/47 47/48/48
f 1680/1967/1681 1682/1968/1682 51/52/52
f 1681/1965/1679 1683/1970/1684 1682/1968/1682
f 1685/1969/1683 1684/1971/1685 1682/1968/1682
f 1684/1971/1685 53/51/51 51/52/52
f 1684/1971/1685 1686/1972/1686 55/56/56
f 1685/1969/1683 1687/1974/1688 1686/1972/1686
f 1689/1973/1687 1688/1975/1689 1686/1972/1686
f 1688/1975/1689 57/55/55 55/56/56
f 1688/1975/1689 1690/1976/1690 59/60/60
f 1689/1973/1687 1691/1978/1692 1690/1976/1690
f 1693/1977/1691 1692/1979/1693 1690/1976/1690
f 1692/1979/1693 61/59/59 59/60/60
f 1692/1979/1693 1694/1980/1694 63/64/64
f 1693/1977/1691 1695/1982/1696 1694/1980/1694
f 1697/1981/1695 1696/1983/1697 1694/1980/1694
f 1696/1983/1697 65/63/63 63/64/64
f 1696/1983/1697 1635/1921/1635 1/3/3
f 1697/1981/1695 1634/1922/1636 1635/1921/1635
f 1701/1984/1698 1700/1987/1701 1699/1985/1699
f 1700/1987/1701 1637/1990/1634 1634/1988/1636
f 1700/1987/1701 1702/1991/1702 1639/1989/1640
f 1701/1984/1698 1703/1993/1704 1702/1991/1702
f 1705/1992/1703 1704/1994/1705 1702/1991/1702
f 1704/1994/1705 1641/1996/1639 1639/1989/1640
f 1704/1994/1705 1706/1997/1706 1643/1995/1644
f 1705/1992/1703 1707/4576/1708 1706/1997/1706
f 1709/1998/1707 1708/2001/1709 1706/1999/1706
f 1708/2001/1709 1645/2004/1643 1643/2002/1644
f 1708/2001/1709 1710/2005/1710 1647/2003/1648
f 1709/1998/1707 1711/2007/1712 1710/2005/1710
f 1713/2006/1711 1712/2008/1713 1710/2005/1710
f 1712/2008/1713 1649/2010/1647 1647/2003/1648
f 1712/2008/1713 1714/2011/1714 1651/2009/1652
f 1713/2006/1711 1715/2013/1716 1714/2011/1714
f 1717/2012/1715 1716/2014/1717 1714/2011/1714
f 1716/2014/1717 1653/2016/1651 1651/2009/1652
f 1716/2014/1717 1718/2017/1718 1655/2015/1656
f 1717/2012/1715 1719/2019/1720 1718/2017/1718
f 1721/2018/1719 1720/2020/1721 1718/2017/1718
f 1720/2020/1721 1657/2022/1655 1655/2015/1656
f 1720/2020/1721 1722/2023/1722 1659/2021/1660
f 1721/2018/1719 1723/4577/1724 1722/2023/1722
f 1725/2024/1723 1724/2027/1725 1722/2025/1722
f 1724/2027/1725 1661/2030/1659 1659/2028/1660
f 1724/2027/1725 1726/2031/1726 1663/2029/1664
f 1725/2024/1723 1727/2033/1728 1726/2031/1726
f 1729/2032/1727 1728/2034/1729 1726/2031/1726
f 1728/2034/1729 1665/2036/1663 1663/2029/1664
f 1728/2034/1729 1730/2037/1730 1667/2035/1668
f 1729/2032/1727 1731/2039/1732 1730/2037/1730
f 1733/2038/1731 1732/2040/1733 1730/2037/1730
f 1732/2040/1733 1669/2042/1667 1667/2035/1668
f 1732/2040/1733 1734/2043/1734 1671/2041/1672
f 1733/2038/1731 1735/2045/1736 1734/2043/1734
f 1737/2044/1735 1736/2046/1737 1734/2043/1734
f 1736/2046/1737 1673/2048/1671 1671/2041/1672
f 1736/2046/1737 1738/2049/1738 1675/2047/1676
f 1737/2044/1735 1739/4578/1740 1738/2049/1738
f 1741/2050/1739 1740/2053/1741 1738/2051/1738
f 1740/2053/1741 1677/2056/1675 1675/2054/1676
f 1740/2053/1741 1742/2057/1742 1679/2055/1680
f 1741/2050/1739 1743/2059/1744 1742/2057/1742
f 1745/2058/1743 1744/2060/1745 1742/2057/1742
f 1744/2060/1745 1681/2062/1679 1679/2055/1680
f 1744/2060/1745 1746/2063/1746 1683/2061/1684
f 1745/2058/1743 1747/2065/1748 1746/2063/1746
f 1749/2064/1747 1748/2066/1749 1746/2063/1746
f 1748/2066/1749 1685/2068/1683 1683/2061/1684
f 1748/2066/1749 1750/2069/1750 1687/2067/1688
f 1749/2064/1747 1751/2071/1752 1750/2069/1750
f 1753/2070/1751 1752/2072/1753 1750/2069/1750
f 1752/2072/1753 1689/2074/1687 1687/2067/1688
f 1752/2072/1753 1754/2075/1754 1691/2073/1692
f 1753/2070/1751 1755/4579/1756 1754/2075/1754
f 1757/2076/1755 1756/2079/1757 1754/2077/1754
f 1756/2079/1757 1693/2082/1691 1691/2080/1692
f 1756/2079/1757 1758/2083/1758 1695/2081/1696
f 1757/2076/1755 1759/2085/1760 1758/2083/1758
f 1761/2084/1759 1760/2086/1761 1758/2083/1758
f 1760/2086/1761 1697/2087/1695 1695/2081/1696
f 1760/2086/1761 1699/1985/1699 1634/1988/1636
f 1761/2084/1759 1698/1986/1700 1699/1985/1699
f 1762/2088/1762 1765/2093/1767 1764/2089/1763
f 1763/2090/1764 1764/2089/1763 1541/1823/1545
f 1766/2091/1765 1546/1822/1544 1541/1823/1545
f 1767/2092/1766 1766/2091/1765 1764/2089/1763
f 1767/2092/1766 1769/2097/1771 1768/2094/1768
f 1766/2091/1765 1768/2094/1768 1548/1829/1551
f 1770/2095/1769 1552/1828/1550 1548/1829/1551
f 1771/2096/1770 1770/2095/1769 1768/2094/1768
f 1771/2098/1770 1773/2103/1775 1772/2099/1772
f 1770/2100/1769 1772/2099/1772 1554/1837/1557
f 1774/2101/1773 1558/1836/1556 1554/1837/1557
f 1775/2102/1774 1774/2101/1773 1772/2099/1772
f 1775/2102/1774 1777/2107/1779 1776/2104/1776
f 1774/2101/1773 1776/2104/1776 1560/1843/1563
f 1778/2105/1777 1564/1842/1562 1560/1843/1563
f 1779/2106/1778 1778/2105/1777 1776/2104/1776
f 1779/2106/1778 1781/2111/1783 1780/2108/1780
f 1778/2105/1777 1780/2108/1780 1566/1849/1569
f 1782/2109/1781 1570/1848/1568 1566/1849/1569
f 1783/2110/1782 1782/2109/1781 1780/2108/1780
f 1783/2110/1782 1785/2115/1787 1784/2112/1784
f 1782/2109/1781 1784/2112/1784 1572/1855/1575
f 1786/2113/1785 1576/1854/1574 1572/1855/1575
f 1787/2114/1786 1786/2113/1785 1784/2112/1784
f 1787/2116/1786 1789/2121/1791 1788/2117/1788
f 1786/2118/1785 1788/2117/1788 1578/1863/1581
f 1790/2119/1789 1582/1862/1580 1578/1863/1581
f 1791/2120/1790 1790/2119/1789 1788/2117/1788
f 1791/2120/1790 1793/2125/1795 1792/2122/1792
f 1790/2119/1789 1792/2122/1792 1584/1869/1587
f 1794/2123/1793 1588/1868/1586 1584/1869/1587
f 1795/2124/1794 1794/2123/1793 1792/2122/1792
f 1795/2124/1794 1797/2129/1799 1796/2126/1796
f 1794/2123/1793 1796/2126/1796 1590/1875/1593
f 1798/2127/1797 1594/1874/1592 1590/1875/1593
f 1799/2128/1798 1798/2127/1797 1796/2126/1796
f 1799/2128/1798 1801/2133/1803 1800/2130/1800
f 1798/2127/1797 1800/2130/1800 1596/1881/1599
f 1802/2131/1801 1600/1880/1598 1596/1881/1599
f 1803/2132/1802 1802/2131/1801 1800/2130/1800
f 1803/2134/1802 1805/2139/1807 1804/2135/1804
f 1802/2136/1801 1804/2135/1804 1602/1889/1605
f 1806/2137/1805 1606/1888/1604 1602/1889/1605
f 1807/2138/1806 1806/2137/1805 1804/2135/1804
f 1807/2138/1806 1809/2143/1811 1808/2140/1808
f 1806/2137/1805 1808/2140/1808 1608/1895/1611
f 1810/2141/1809 1612/1894/1610 1608/1895/1611
f 1811/2142/1810 1810/2141/1809 1808/2140/1808
f 1811/2142/1810 1813/2147/1815 1812/2144/1812
f 1810/2141/1809 1812/2144/1812 1614/1901/1617
f 1814/2145/1813 1618/1900/1616 1614/1901/1617
f 1815/2146/1814 1814/2145/1813 1812/2144/1812
f 1815/2146/1814 1817/2151/1819 1816/2148/1816
f 1814/2145/1813 1816/2148/1816 1620/1907/1623
f 1818/2149/1817 1624/1906/1622 1620/1907/1623
f 1819/2150/1818 1818/2149/1817 1816/2148/1816
f 1819/2152/1818 1821/2157/1823 1820/2153/1820
f 1818/2154/1817 1820/2153/1820 1626/1915/1629
f 1822/2155/1821 1630/1914/1628 1626/1915/1629
f 1823/2156/1822 1822/2155/1821 1820/2153/1820
f 1823/2156/1822 1825/2159/1825 1824/2158/1824
f 1822/2155/1821 1824/2158/1824 1632/1919/1633
f 1763/2090/1764 1538/1816/1538 1632/1919/1633
f 1762/2088/1762 1763/2090/1764 1824/2158/1824
f 1446/1688/1446 1447/1691/1448 1827/2160/1826
f 1826/2162/1827 1827/2166/1826 1765/2163/1767
f 1828/2165/1828 1767/2171/1766 1765/2163/1767
f 1448/2167/1447 1828/2165/1828 1827/2166/1826
f 1448/2167/1447 1453/2174/1454 1829/2169/1829
f 1828/2165/1828 1829/2169/1829 1769/2170/1771
f 1830/2172/1830 1771/2177/1770 1769/2170/1771
f 1454/2173/1453 1830/2172/1830 1829/2169/1829
f 1454/2173/1453 1459/2180/1460 1831/2175/1831
f 1830/2172/1830 1831/2175/1831 1773/2176/1775
f 1832/2178/1832 1775/2183/1774 1773/2176/1775
f 1460/2179/1459 1832/2178/1832 1831/2175/1831
f 1460/2179/1459 1465/4580/1466 1833/2181/1833
f 1832/2178/1832 1833/2181/1833 1777/2182/1779
f 1834/2184/1834 1779/2189/1778 1777/2182/1779
f 1466/1715/1465 1834/2187/1834 1833/2185/1833
f 1466/1715/1465 1471/1724/1472 1835/2186/1835
f 1834/2184/1834 1835/2191/1835 1781/2188/1783
f 1836/2190/1836 1783/2196/1782 1781/2188/1783
f 1472/2192/1471 1836/2190/1836 1835/2191/1835
f 1472/2192/1471 1477/2199/1478 1837/2194/1837
f 1836/2190/1836 1837/2194/1837 1785/2195/1787
f 1838/2197/1838 1787/2202/1786 1785/2195/1787
f 1478/2198/1477 1838/2197/1838 1837/2194/1837
f 1478/2198/1477 1483/2205/1484 1839/2200/1839
f 1838/2197/1838 1839/2200/1839 1789/2201/1791
f 1840/2203/1840 1791/2208/1790 1789/2201/1791
f 1484/2204/1483 1840/2203/1840 1839/2200/1839
f 1484/2204/1483 1489/4581/1490 1841/2206/1841
f 1840/2203/1840 1841/2206/1841 1793/2207/1795
f 1842/2209/1842 1795/2214/1794 1793/2207/1795
f 1490/1748/1489 1842/2212/1842 1841/2210/1841
f 1490/1748/1489 1495/1757/1496 1843/2211/1843
f 1842/2209/1842 1843/2216/1843 1797/2213/1799
f 1844/2215/1844 1799/2221/1798 1797/2213/1799
f 1496/2217/1495 1844/2215/1844 1843/2216/1843
f 1496/2217/1495 1501/2224/1502 1845/2219/1845
f 1844/2215/1844 1845/2219/1845 1801/2220/1803
f 1846/2222/1846 1803/2227/1802 1801/2220/1803
f 1502/2223/1501 1846/2222/1846 1845/2219/1845
f 1502/2223/1501 1507/2230/1508 1847/2225/1847
f 1846/2222/1846 1847/2225/1847 1805/2226/1807
f 1848/2228/1848 1807/2233/1806 1805/2226/1807
f 1508/2229/1507 1848/2228/1848 1847/2225/1847
f 1508/2229/1507 1513/4582/1514 1849/2231/1849
f 1848/2228/1848 1849/2231/1849 1809/2232/1811
f 1850/2234/1850 1811/2239/1810 1809/2232/1811
f 1514/1781/1513 1850/2237/1850 1849/2235/1849
f 1514/1781/1513 1519/1790/1520 1851/2236/1851
f 1850/2234/1850 1851/2241/1851 1813/2238/1815
f 1852/2240/1852 1815/2246/1814 1813/2238/1815
f 1520/2242/1519 1852/2240/1852 1851/2241/1851
f 1520/2242/1519 1525/2249/1526 1853/2244/1853
f 1852/2240/1852 1853/2244/1853 1817/2245/1819
f 1854/2247/1854 1819/2252/1818 1817/2245/1819
f 1526/2248/1525 1854/2247/1854 1853/2244/1853
f 1526/2248/1525 1531/2255/1532 1855/2250/1855
f 1854/2247/1854 1855/2250/1855 1821/2251/1823
f 1856/2253/1856 1823/2258/1822 1821/2251/1823
f 1532/2254/1531 1856/2253/1856 1855/2250/1855
f 1532/2254/1531 1537/4583/1537 1857/2256/1857
f 1856/2253/1856 1857/2256/1857 1825/2257/1825
f 1826/2162/1827 1762/2164/1762 1825/2257/1825
f 1446/1688/1446 1826/2161/1827 1857/2259/1857
f 1381/1614/1380 1859/2261/1859 1858/2260/1858
f 1859/2261/1859 1445/2264/1442 1442/2262/1444
f 1859/2261/1859 1860/2265/1860 1450/2263/1451
f 1381/1614/1380 1382/1616/1382 1860/2265/1860
f 1385/1619/1385 1861/2266/1861 1860/2265/1860
f 1861/2266/1861 1452/2268/1450 1450/2263/1451
f 1861/2266/1861 1862/2269/1862 1456/2267/1457
f 1385/1619/1385 1386/1620/1386 1862/2269/1862
f 1389/1624/1389 1863/2271/1863 1862/2270/1862
f 1863/2271/1863 1458/2274/1456 1456/2272/1457
f 1863/2271/1863 1864/2275/1864 1462/2273/1463
f 1389/1624/1389 1390/1626/1390 1864/2275/1864
f 1393/1630/1394 1865/2276/1865 1864/2275/1864
f 1865/2276/1865 1464/2278/1462 1462/2273/1463
f 1865/2276/1865 1866/2279/1866 1468/2277/1469
f 1393/1630/1394 1394/1632/1396 1866/2279/1866
f 1397/1634/1398 1867/2280/1867 1866/2279/1866
f 1867/2280/1867 1470/2282/1468 1468/2277/1469
f 1867/2280/1867 1868/2283/1868 1474/2281/1475
f 1397/1634/1398 1398/1633/1397 1868/2283/1868
f 1401/1638/1402 1869/2284/1869 1868/2283/1868
f 1869/2284/1869 1476/2286/1474 1474/2281/1475
f 1869/2284/1869 1870/2287/1870 1480/2285/1481
f 1401/1638/1402 1402/4569/1405 1870/2287/1870
f 1405/1642/1404 1871/2289/1871 1870/2288/1870
f 1871/2289/1871 1482/2292/1480 1480/2290/1481
f 1871/2289/1871 1872/2293/1872 1486/2291/1487
f 1405/1642/1404 1406/1646/1408 1872/2293/1872
f 1409/1648/1410 1873/2294/1873 1872/2293/1872
f 1873/2294/1873 1488/2296/1486 1486/2291/1487
f 1873/2294/1873 1874/2297/1874 1492/2295/1493
f 1409/1648/1410 1410/1647/1409 1874/2297/1874
f 1413/1652/1414 1875/2298/1875 1874/2297/1874
f 1875/2298/1875 1494/2300/1492 1492/2295/1493
f 1875/2298/1875 1876/2301/1876 1498/2299/1499
f 1413/1652/1414 1414/1654/1416 1876/2301/1876
f 1417/1656/1418 1877/2302/1877 1876/2301/1876
f 1877/2302/1877 1500/2304/1498 1498/2299/1499
f 1877/2302/1877 1878/2305/1878 1504/2303/1505
f 1417/1656/1418 1418/4570/1420 1878/2305/1878
f 1421/1662/1422 1879/2307/1879 1878/2306/1878
f 1879/2307/1879 1506/2310/1504 1504/2308/1505
f 1879/2307/1879 1880/2311/1880 1510/2309/1511
f 1421/1662/1422 1422/1661/1421 1880/2311/1880
f 1425/1666/1426 1881/2312/1881 1880/2311/1880
f 1881/2312/1881 1512/2314/1510 1510/2309/1511
f 1881/2312/1881 1882/2315/1882 1516/2313/1517
f 1425/1666/1426 1426/1665/1425 1882/2315/1882
f 1429/1669/1429 1883/2316/1883 1882/2315/1882
f 1883/2316/1883 1518/2318/1516 1516/2313/1517
f 1883/2316/1883 1884/2319/1884 1522/2317/1523
f 1429/1669/1429 1430/1670/1430 1884/2319/1884
f 1433/1674/1434 1885/2320/1885 1884/2319/1884
f 1885/2320/1885 1524/2322/1522 1522/2317/1523
f 1885/2320/1885 1886/2323/1886 1528/2321/1529
f 1433/1674/1434 1434/4571/1437 1886/2323/1886
f 1437/1678/1436 1887/2325/1887 1886/2324/1886
f 1887/2325/1887 1530/2328/1528 1528/2326/1529
f 1887/2325/1887 1888/2329/1888 1534/2327/1535
f 1437/1678/1436 1438/1680/1438 1888/2329/1888
f 1441/1683/1441 1889/2330/1889 1888/2329/1888
f 1889/2330/1889 1536/2331/1534 1534/2327/1535
f 1889/2330/1889 1858/2260/1858 1442/2262/1444
f 1441/1683/1441 1380/1615/1381 1858/2260/1858
f 964/2332/965 965/2338/964 1891/2333/1890
f 1890/2334/1891 1891/2333/1890 1029/2335/1032
f 1891/2333/1890 1892/2339/1892 1034/2337/1033
f 965/2338/964 966/2340/966 1892/2339/1892
f 966/2340/966 969/2344/969 1893/2341/1893
f 1892/2339/1892 1893/2341/1893 1036/2342/1038
f 1893/2341/1893 1894/2345/1894 1040/2343/1039
f 969/2344/969 970/2346/970 1894/2345/1894
f 970/2346/970 973/2350/973 1895/2347/1895
f 1894/2345/1894 1895/2347/1895 1042/2348/1044
f 1895/2347/1895 1896/2351/1896 1046/2349/1045
f 973/2350/973 974/2352/974 1896/2351/1896
f 974/2352/974 977/2356/977 1897/2353/1897
f 1896/2351/1896 1897/2353/1897 1048/2354/1050
f 1897/2353/1897 1898/2357/1898 1052/2355/1051
f 977/2356/977 978/2358/978 1898/2357/1898
f 978/2358/978 981/2362/981 1899/2359/1899
f 1898/2357/1898 1899/2359/1899 1054/2360/1056
f 1899/2359/1899 1900/2363/1900 1058/2361/1057
f 981/2362/981 982/2364/982 1900/2363/1900
f 982/2364/982 985/2368/985 1901/2365/1901
f 1900/2363/1900 1901/2365/1901 1060/2366/1062
f 1901/2365/1901 1902/2369/1902 1064/2367/1063
f 985/2368/985 986/2370/986 1902/2369/1902
f 986/2370/986 989/2374/989 1903/2371/1903
f 1902/2369/1902 1903/2371/1903 1066/2372/1068
f 1903/2371/1903 1904/2375/1904 1070/2373/1069
f 989/2374/989 990/2376/990 1904/2375/1904
f 990/2376/990 993/2380/993 1905/2377/1905
f 1904/2375/1904 1905/2377/1905 1072/2378/1074
f 1905/2377/1905 1906/2381/1906 1076/2379/1075
f 993/2380/993 994/2382/994 1906/2381/1906
f 994/2382/994 997/2386/997 1907/2383/1907
f 1906/2381/1906 1907/2383/1907 1078/2384/1080
f 1907/2383/1907 1908/2387/1908 1082/2385/1081
f 997/2386/997 998/2388/998 1908/2387/1908
f 998/2388/998 1001/2392/1001 1909/2389/1909
f 1908/2387/1908 1909/2389/1909 1084/2390/1086
f 1909/2389/1909 1910/2393/1910 1088/2391/1087
f 1001/2392/1001 1002/2394/1002 1910/2393/1910
f 1002/2394/1002 1005/2398/1005 1911/2395/1911
f 1910/2393/1910 1911/2395/1911 1090/2396/1092
f 1911/2395/1911 1912/2399/1912 1094/2397/1093
f 1005/2398/1005 1006/2400/1006 1912/2399/1912
f 1006/2400/1006 1009/2404/1009 1913/2401/1913
f 1912/2399/1912 1913/2401/1913 1096/2402/1098
f 1913/2401/1913 1914/2405/1914 1100/2403/1099
f 1009/2404/1009 1010/2406/1010 1914/2405/1914
f 1010/2406/1010 1013/2410/1013 1915/2407/1915
f 1914/2405/1914 1915/2407/1915 1102/2408/1104
f 1915/2407/1915 1916/2411/1916 1106/2409/1105
f 1013/2410/1013 1014/2412/1014 1916/2411/1916
f 1014/2412/1014 1017/2416/1017 1917/2413/1917
f 1916/2411/1916 1917/2413/1917 1108/2414/1110
f 1917/2413/1917 1918/2417/1918 1112/2415/1111
f 1017/2416/1017 1018/2418/1018 1918/2417/1918
f 1018/2418/1018 1021/2422/1021 1919/2419/1919
f 1918/2417/1918 1919/2419/1919 1114/2420/1116
f 1919/2419/1919 1920/2423/1920 1118/2421/1117
f 1021/2422/1021 1022/2424/1022 1920/2423/1920
f 1022/2424/1022 1025/2427/1025 1921/2425/1921
f 1920/2423/1920 1921/2425/1921 1120/2426/1121
f 1921/2425/1921 1890/2334/1891 1026/2336/1026
f 1025/2427/1025 964/2332/965 1890/2334/1891
f 517/544/518 1923/2434/1923 1922/2428/1922
f 1923/2429/1923 581/2433/584 578/2430/578
f 1924/2432/1924 586/2437/586 581/2433/584
f 518/546/520 1924/2435/1924 1923/2434/1923
f 521/548/522 1925/2440/1925 1924/2435/1924
f 1925/2436/1925 588/624/590 586/2437/586
f 1926/2438/1926 592/627/592 588/624/590
f 522/2439/524 1926/4584/1926 1925/2440/1925
f 525/2441/526 1927/2443/1927 1926/2438/1926
f 1927/2443/1927 594/2445/596 592/627/592
f 1928/2444/1928 598/2449/598 594/2445/596
f 526/556/528 1928/2447/1928 1927/2446/1927
f 529/558/530 1929/2452/1929 1928/2447/1928
f 1929/2448/1929 600/2451/602 598/2449/598
f 1930/2450/1930 604/2455/604 600/2451/602
f 530/560/532 1930/2453/1930 1929/2452/1929
f 533/562/534 1931/2458/1931 1930/2453/1930
f 1931/2454/1931 606/2457/608 604/2455/604
f 1932/2456/1932 610/2461/610 606/2457/608
f 534/564/536 1932/2459/1932 1931/2458/1931
f 537/566/538 1933/2464/1933 1932/2459/1932
f 1933/2460/1933 612/652/614 610/2461/610
f 1934/2462/1934 616/655/616 612/652/614
f 538/2463/540 1934/4585/1934 1933/2464/1933
f 541/2465/542 1935/2467/1935 1934/2462/1934
f 1935/2467/1935 618/2469/620 616/655/616
f 1936/2468/1936 622/2473/622 618/2469/620
f 542/574/544 1936/2471/1936 1935/2470/1935
f 545/576/546 1937/2476/1937 1936/2471/1936
f 1937/2472/1937 624/2475/626 622/2473/622
f 1938/2474/1938 628/2479/628 624/2475/626
f 546/578/548 1938/2477/1938 1937/2476/1937
f 549/580/550 1939/2482/1939 1938/2477/1938
f 1939/2478/1939 630/2481/632 628/2479/628
f 1940/2480/1940 634/2485/634 630/2481/632
f 550/582/552 1940/2483/1940 1939/2482/1939
f 553/584/554 1941/2488/1941 1940/2483/1940
f 1941/2484/1941 636/680/638 634/2485/634
f 1942/2486/1942 640/683/640 636/680/638
f 554/2487/556 1942/4586/1942 1941/2488/1941
f 557/2489/558 1943/2491/1943 1942/2486/1942
f 1943/2491/1943 642/2493/644 640/683/640
f 1944/2492/1944 646/2497/646 642/2493/644
f 558/592/560 1944/2495/1944 1943/2494/1943
f 561/594/562 1945/2500/1945 1944/2495/1944
f 1945/2496/1945 648/2499/650 646/2497/646
f 1946/2498/1946 652/2503/652 648/2499/650
f 562/596/564 1946/2501/1946 1945/2500/1945
f 565/598/566 1947/2506/1947 1946/2501/1946
f 1947/2502/1947 654/2505/656 652/2503/652
f 1948/2504/1948 658/2509/658 654/2505/656
f 566/600/568 1948/2507/1948 1947/2506/1947
f 569/602/570 1949/2512/1949 1948/2507/1948
f 1949/2508/1949 660/708/662 658/2509/658
f 1950/2510/1950 664/711/664 660/708/662
f 570/2511/572 1950/4587/1950 1949/2512/1949
f 573/2513/574 1951/2515/1951 1950/2510/1950
f 1951/2515/1951 666/2517/668 664/711/664
f 1952/2516/1952 670/2521/670 666/2517/668
f 574/610/576 1952/2519/1952 1951/2518/1951
f 577/611/577 1953/2523/1953 1952/2519/1952
f 1953/2520/1953 672/2522/673 670/2521/670
f 1922/2431/1922 578/2430/578 672/2522/673
f 516/542/516 1922/2428/1922 1953/2523/1953
f 805/2524/806 1955/2527/1955 1954/2525/1954
f 1955/2527/1955 869/2530/866 866/2528/868
f 1956/2529/1956 874/2534/873 869/2530/866
f 806/2531/808 1956/2529/1956 1955/2527/1955
f 809/2532/810 1957/2533/1957 1956/2529/1956
f 1957/2533/1957 876/1003/874 874/2534/873
f 1958/2535/1958 880/1001/879 876/1003/874
f 810/907/812 1958/2535/1958 1957/2533/1957
f 813/2536/814 1959/2537/1959 1958/2535/1958
f 1959/2537/1959 882/1004/880 880/1001/879
f 1960/2538/1960 886/2542/885 882/1004/880
f 814/2539/816 1960/2538/1960 1959/2537/1959
f 817/2540/818 1961/2541/1961 1960/2538/1960
f 1961/2541/1961 888/2544/886 886/2542/885
f 1962/2543/1962 892/2548/891 888/2544/886
f 818/2545/820 1962/2543/1962 1961/2541/1961
f 821/2546/822 1963/2547/1963 1962/2543/1962
f 1963/2547/1963 894/2550/892 892/2548/891
f 1964/2549/1964 898/2554/897 894/2550/892
f 822/2551/824 1964/2549/1964 1963/2547/1963
f 825/2552/826 1965/2553/1965 1964/2549/1964
f 1965/2553/1965 900/1032/898 898/2554/897
f 1966/2555/1966 904/1030/903 900/1032/898
f 826/931/828 1966/2555/1966 1965/2553/1965
f 829/2556/830 1967/2557/1967 1966/2555/1966
f 1967/2557/1967 906/1033/904 904/1030/903
f 1968/2558/1968 910/2562/909 906/1033/904
f 830/2559/832 1968/2558/1968 1967/2557/1967
f 833/2560/834 1969/2561/1969 1968/2558/1968
f 1969/2561/1969 912/2564/910 910/2562/909
f 1970/2563/1970 916/2568/915 912/2564/910
f 834/2565/836 1970/2563/1970 1969/2561/1969
f 837/2566/838 1971/2567/1971 1970/2563/1970
f 1971/2567/1971 918/2570/916 916/2568/915
f 1972/2569/1972 922/2574/921 918/2570/916
f 838/2571/840 1972/2569/1972 1971/2567/1971
f 841/2572/842 1973/2573/1973 1972/2569/1972
f 1973/2573/1973 924/1061/922 922/2574/921
f 1974/2575/1974 928/1059/927 924/1061/922
f 842/955/844 1974/2575/1974 1973/2573/1973
f 845/2576/846 1975/2577/1975 1974/2575/1974
f 1975/2577/1975 930/1062/928 928/1059/927
f 1976/2578/1976 934/2582/933 930/1062/928
f 846/2579/848 1976/2578/1976 1975/2577/1975
f 849/2580/850 1977/2581/1977 1976/2578/1976
f 1977/2581/1977 936/2584/934 934/2582/933
f 1978/2583/1978 940/2588/939 936/2584/934
f 850/2585/852 1978/2583/1978 1977/2581/1977
f 853/2586/854 1979/2587/1979 1978/2583/1978
f 1979/2587/1979 942/2590/940 940/2588/939
f 1980/2589/1980 946/2594/945 942/2590/940
f 854/2591/856 1980/2589/1980 1979/2587/1979
f 857/2592/858 1981/2593/1981 1980/2589/1980
f 1981/2593/1981 948/1090/946 946/2594/945
f 1982/2595/1982 952/1088/951 948/1090/946
f 858/979/860 1982/2595/1982 1981/2593/1981
f 861/2596/862 1983/2597/1983 1982/2595/1982
f 1983/2597/1983 954/1091/952 952/1088/951
f 1984/2598/1984 958/2602/957 954/1091/952
f 862/2599/864 1984/2598/1984 1983/2597/1983
f 865/2600/865 1985/2601/1985 1984/2598/1984
f 1985/2601/1985 960/2603/958 958/2602/957
f 1954/2525/1954 866/2528/868 960/2603/958
f 804/2526/804 1954/2525/1954 1985/2601/1985
f 1542/1820/1542 1543/1819/1541 1987/2604/1986
f 1986/2605/1987 1987/2604/1986 1701/1984/1698
f 1988/2606/1988 1703/1993/1704 1701/1984/1698
f 1544/1826/1548 1988/2606/1988 1987/2604/1986
f 1544/1826/1548 1549/1825/1547 1989/2607/1989
f 1988/2606/1988 1989/2607/1989 1705/1992/1703
f 1990/2608/1990 1707/4576/1708 1705/1992/1703
f 1550/2609/1554 1990/2608/1990 1989/2607/1989
f 1550/1834/1554 1555/1833/1553 1991/2610/1991
f 1990/2611/1990 1991/2610/1991 1709/1998/1707
f 1992/2612/1992 1711/2007/1712 1709/1998/1707
f 1556/1840/1560 1992/2612/1992 1991/2610/1991
f 1556/1840/1560 1561/1839/1559 1993/2613/1993
f 1992/2612/1992 1993/2613/1993 1713/2006/1711
f 1994/2614/1994 1715/2013/1716 1713/2006/1711
f 1562/1846/1566 1994/2614/1994 1993/2613/1993
f 1562/1846/1566 1567/1845/1565 1995/2615/1995
f 1994/2614/1994 1995/2615/1995 1717/2012/1715
f 1996/2616/1996 1719/2019/1720 1717/2012/1715
f 1568/1852/1572 1996/2616/1996 1995/2615/1995
f 1568/1852/1572 1573/1851/1571 1997/2617/1997
f 1996/2616/1996 1997/2617/1997 1721/2018/1719
f 1998/2618/1998 1723/4577/1724 1721/2018/1719
f 1574/2619/1578 1998/2618/1998 1997/2617/1997
f 1574/1860/1578 1579/1859/1577 1999/2620/1999
f 1998/2621/1998 1999/2620/1999 1725/2024/1723
f 2000/2622/2000 1727/2033/1728 1725/2024/1723
f 1580/1866/1584 2000/2622/2000 1999/2620/1999
f 1580/1866/1584 1585/1865/1583 2001/2623/2001
f 2000/2622/2000 2001/2623/2001 1729/2032/1727
f 2002/2624/2002 1731/2039/1732 1729/2032/1727
f 1586/1872/1590 2002/2624/2002 2001/2623/2001
f 1586/1872/1590 1591/1871/1589 2003/2625/2003
f 2002/2624/2002 2003/2625/2003 1733/2038/1731
f 2004/2626/2004 1735/2045/1736 1733/2038/1731
f 1592/1878/1596 2004/2626/2004 2003/2625/2003
f 1592/1878/1596 1597/1877/1595 2005/2627/2005
f 2004/2626/2004 2005/2627/2005 1737/2044/1735
f 2006/2628/2006 1739/4578/1740 1737/2044/1735
f 1598/2629/1602 2006/2628/2006 2005/2627/2005
f 1598/1886/1602 1603/1885/1601 2007/2630/2007
f 2006/2631/2006 2007/2630/2007 1741/2050/1739
f 2008/2632/2008 1743/2059/1744 1741/2050/1739
f 1604/1892/1608 2008/2632/2008 2007/2630/2007
f 1604/1892/1608 1609/1891/1607 2009/2633/2009
f 2008/2632/2008 2009/2633/2009 1745/2058/1743
f 2010/2634/2010 1747/2065/1748 1745/2058/1743
f 1610/1898/1614 2010/2634/2010 2009/2633/2009
f 1610/1898/1614 1615/1897/1613 2011/2635/2011
f 2010/2634/2010 2011/2635/2011 1749/2064/1747
f 2012/2636/2012 1751/2071/1752 1749/2064/1747
f 1616/1904/1620 2012/2636/2012 2011/2635/2011
f 1616/1904/1620 1621/1903/1619 2013/2637/2013
f 2012/2636/2012 2013/2637/2013 1753/2070/1751
f 2014/2638/2014 1755/4579/1756 1753/2070/1751
f 1622/2639/1626 2014/2638/2014 2013/2637/2013
f 1622/1912/1626 1627/1911/1625 2015/2640/2015
f 2014/2641/2014 2015/2640/2015 1757/2076/1755
f 2016/2642/2016 1759/2085/1760 1757/2076/1755
f 1628/1918/1632 2016/2642/2016 2015/2640/2015
f 1628/1918/1632 1633/1917/1631 2017/2643/2017
f 2016/2642/2016 2017/2643/2017 1761/2084/1759
f 1986/2605/1987 1698/1986/1700 1761/2084/1759
f 1542/1820/1542 1986/2605/1987 2017/2643/2017
f 263/270/264 2019/2645/2019 2018/2644/2018
f 2018/2644/2018 2019/2645/2019 357/374/360
f 2019/2645/2019 2020/2646/2020 362/375/361
f 264/274/268 2020/2646/2020 2019/2645/2019
f 269/276/270 2021/2647/2021 2020/2646/2020
f 2020/2646/2020 2021/2647/2021 364/380/366
f 2021/2647/2021 2022/4588/2022 368/2648/367
f 270/2649/274 2022/4588/2022 2021/2647/2021
f 275/284/276 2023/2651/2023 2022/2650/2022
f 2022/2650/2022 2023/2651/2023 370/387/372
f 2023/2651/2023 2024/2652/2024 374/388/373
f 276/288/280 2024/2652/2024 2023/2651/2023
f 281/290/282 2025/2653/2025 2024/2652/2024
f 2024/2652/2024 2025/2653/2025 376/393/378
f 2025/2653/2025 2026/2654/2026 380/394/379
f 282/294/286 2026/2654/2026 2025/2653/2025
f 287/296/288 2027/2655/2027 2026/2654/2026
f 2026/2654/2026 2027/2655/2027 382/399/384
f 2027/2655/2027 2028/2656/2028 386/400/385
f 288/300/292 2028/2656/2028 2027/2655/2027
f 293/302/294 2029/2657/2029 2028/2656/2028
f 2028/2656/2028 2029/2657/2029 388/405/390
f 2029/2657/2029 2030/4589/2030 392/2658/391
f 294/2659/298 2030/4589/2030 2029/2657/2029
f 299/310/300 2031/2661/2031 2030/2660/2030
f 2030/2660/2030 2031/2661/2031 394/412/396
f 2031/2661/2031 2032/2662/2032 398/413/397
f 300/314/304 2032/2662/2032 2031/2661/2031
f 305/316/306 2033/2663/2033 2032/2662/2032
f 2032/2662/2032 2033/2663/2033 400/418/402
f 2033/2663/2033 2034/2664/2034 404/419/403
f 306/320/310 2034/2664/2034 2033/2663/2033
f 311/322/312 2035/2665/2035 2034/2664/2034
f 2034/2664/2034 2035/2665/2035 406/424/408
f 2035/2665/2035 2036/2666/2036 410/425/409
f 312/326/316 2036/2666/2036 2035/2665/2035
f 317/328/318 2037/2667/2037 2036/2666/2036
f 2036/2666/2036 2037/2667/2037 412/430/414
f 2037/2667/2037 2038/4590/2038 416/2668/415
f 318/2669/322 2038/4590/2038 2037/2667/2037
f 323/336/324 2039/2671/2039 2038/2670/2038
f 2038/2670/2038 2039/2671/2039 418/437/420
f 2039/2671/2039 2040/2672/2040 422/438/421
f 324/340/328 2040/2672/2040 2039/2671/2039
f 329/342/330 2041/2673/2041 2040/2672/2040
f 2040/2672/2040 2041/2673/2041 424/443/426
f 2041/2673/2041 2042/2674/2042 428/444/427
f 330/346/334 2042/2674/2042 2041/2673/2041
f 335/348/336 2043/2675/2043 2042/2674/2042
f 2042/2674/2042 2043/2675/2043 430/449/432
f 2043/2675/2043 2044/2676/2044 434/450/433
f 336/352/340 2044/2676/2044 2043/2675/2043
f 341/354/342 2045/2677/2045 2044/2676/2044
f 2044/2676/2044 2045/2677/2045 436/455/438
f 2045/2677/2045 2046/4591/2046 440/2678/439
f 342/2679/346 2046/4591/2046 2045/2677/2045
f 347/362/348 2047/2681/2047 2046/2680/2046
f 2046/2680/2046 2047/2681/2047 442/462/444
f 2047/2681/2047 2048/2682/2048 446/463/445
f 348/366/352 2048/2682/2048 2047/2681/2047
f 353/367/353 2049/2683/2049 2048/2682/2048
f 2048/2682/2048 2049/2683/2049 448/467/449
f 2049/2683/2049 2018/2644/2018 354/368/354
f 262/268/262 2018/2644/2018 2049/2683/2049
f 2053/2684/2050 2052/2687/2053 2051/2685/2051
f 2052/2687/2053 261/264/258 258/266/260
f 2054/2688/2054 266/271/265 261/264/258
f 2055/2689/2055 2054/2688/2054 2052/2687/2053
f 2057/2690/2056 2056/2691/2057 2054/2688/2054
f 2056/2691/2057 268/272/266 266/271/265
f 2058/2692/2058 272/277/271 268/272/266
f 2059/2693/2059 2058/2692/2058 2056/2691/2057
f 2061/2694/2060 2060/2697/2061 2058/2695/2058
f 2060/2697/2061 274/278/272 272/280/271
f 2062/2698/2062 278/285/277 274/278/272
f 2063/2699/2063 2062/2698/2062 2060/2697/2061
f 2065/2700/2064 2064/2701/2065 2062/2698/2062
f 2064/2701/2065 280/286/278 278/285/277
f 2066/2702/2066 284/291/283 280/286/278
f 2067/2703/2067 2066/2702/2066 2064/2701/2065
f 2069/2704/2068 2068/2705/2069 2066/2702/2066
f 2068/2705/2069 286/292/284 284/291/283
f 2070/2706/2070 290/297/289 286/292/284
f 2071/2707/2071 2070/2706/2070 2068/2705/2069
f 2073/2708/2072 2072/2709/2073 2070/2706/2070
f 2072/2709/2073 292/298/290 290/297/289
f 2074/2710/2074 296/303/295 292/298/290
f 2075/2711/2075 2074/2710/2074 2072/2709/2073
f 2077/2712/2076 2076/2715/2077 2074/2713/2074
f 2076/2715/2077 298/304/296 296/306/295
f 2078/2716/2078 302/311/301 298/304/296
f 2079/2717/2079 2078/2716/2078 2076/2715/2077
f 2081/2718/2080 2080/2719/2081 2078/2716/2078
f 2080/2719/2081 304/312/302 302/311/301
f 2082/2720/2082 308/317/307 304/312/302
f 2083/2721/2083 2082/2720/2082 2080/2719/2081
f 2085/2722/2084 2084/2723/2085 2082/2720/2082
f 2084/2723/2085 310/318/308 308/317/307
f 2086/2724/2086 314/323/313 310/318/308
f 2087/2725/2087 2086/2724/2086 2084/2723/2085
f 2089/2726/2088 2088/2727/2089 2086/2724/2086
f 2088/2727/2089 316/324/314 314/323/313
f 2090/2728/2090 320/329/319 316/324/314
f 2091/2729/2091 2090/2728/2090 2088/2727/2089
f 2093/2730/2092 2092/2733/2093 2090/2731/2090
f 2092/2733/2093 322/330/320 320/332/319
f 2094/2734/2094 326/337/325 322/330/320
f 2095/2735/2095 2094/2734/2094 2092/2733/2093
f 2097/2736/2096 2096/2737/2097 2094/2734/2094
f 2096/2737/2097 328/338/326 326/337/325
f 2098/2738/2098 332/343/331 328/338/326
f 2099/2739/2099 2098/2738/2098 2096/2737/2097
f 2101/2740/2100 2100/2741/2101 2098/2738/2098
f 2100/2741/2101 334/344/332 332/343/331
f 2102/2742/2102 338/349/337 334/344/332
f 2103/2743/2103 2102/2742/2102 2100/2741/2101
f 2105/2744/2104 2104/2745/2105 2102/2742/2102
f 2104/2745/2105 340/350/338 338/349/337
f 2106/2746/2106 344/355/343 340/350/338
f 2107/2747/2107 2106/2746/2106 2104/2745/2105
f 2109/2748/2108 2108/2751/2109 2106/2749/2106
f 2108/2751/2109 346/356/344 344/358/343
f 2110/2752/2110 350/363/349 346/356/344
f 2111/2753/2111 2110/2752/2110 2108/2751/2109
f 2113/2754/2112 2112/2755/2113 2110/2752/2110
f 2112/2755/2113 352/364/350 350/363/349
f 2051/2685/2051 258/266/260 352/364/350
f 2050/2686/2052 2051/2685/2051 2112/2755/2113
f 2114/2756/2114 2117/2762/2117 2116/2757/2115
f 2115/2758/2116 2116/2757/2115 2053/2759/2050
f 2116/2757/2115 2118/2763/2118 2055/2761/2055
f 2117/2762/2117 2119/2764/2119 2118/2763/2118
f 2119/2764/2119 2121/2768/2121 2120/2765/2120
f 2118/2763/2118 2120/2765/2120 2057/2766/2056
f 2120/2765/2120 2122/2769/2122 2059/2767/2059
f 2121/2768/2121 2123/2770/2123 2122/2769/2122
f 2123/2770/2123 2125/2774/2125 2124/2771/2124
f 2122/2769/2122 2124/2771/2124 2061/2772/2060
f 2124/2771/2124 2126/2775/2126 2063/2773/2063
f 2125/2774/2125 2127/2776/2127 2126/2775/2126
f 2127/2776/2127 2129/2780/2129 2128/2777/2128
f 2126/2775/2126 2128/2777/2128 2065/2778/2064
f 2128/2777/2128 2130/2781/2130 2067/2779/2067
f 2129/2780/2129 2131/2782/2131 2130/2781/2130
f 2131/2782/2131 2133/2786/2133 2132/2783/2132
f 2130/2781/2130 2132/2783/2132 2069/2784/2068
f 2132/2783/2132 2134/2787/2134 2071/2785/2071
f 2133/2786/2133 2135/2788/2135 2134/2787/2134
f 2135/2788/2135 2137/2792/2137 2136/2789/2136
f 2134/2787/2134 2136/2789/2136 2073/2790/2072
f 2136/2789/2136 2138/2793/2138 2075/2791/2075
f 2137/2792/2137 2139/2794/2139 2138/2793/2138
f 2139/2794/2139 2141/2798/2141 2140/2795/2140
f 2138/2793/2138 2140/2795/2140 2077/2796/2076
f 2140/2795/2140 2142/2799/2142 2079/2797/2079
f 2141/2798/2141 2143/2800/2143 2142/2799/2142
f 2143/2800/2143 2145/2804/2145 2144/2801/2144
f 2142/2799/2142 2144/2801/2144 2081/2802/2080
f 2144/2801/2144 2146/2805/2146 2083/2803/2083
f 2145/2804/2145 2147/2806/2147 2146/2805/2146
f 2147/2806/2147 2149/2810/2149 2148/2807/2148
f 2146/2805/2146 2148/2807/2148 2085/2808/2084
f 2148/2807/2148 2150/2811/2150 2087/2809/2087
f 2149/2810/2149 2151/2812/2151 2150/2811/2150
f 2151/2812/2151 2153/2816/2153 2152/2813/2152
f 2150/2811/2150 2152/2813/2152 2089/2814/2088
f 2152/2813/2152 2154/2817/2154 2091/2815/2091
f 2153/2816/2153 2155/2818/2155 2154/2817/2154
f 2155/2818/2155 2157/2822/2157 2156/2819/2156
f 2154/2817/2154 2156/2819/2156 2093/2820/2092
f 2156/2819/2156 2158/2823/2158 2095/2821/2095
f 2157/2822/2157 2159/2824/2159 2158/2823/2158
f 2159/2824/2159 2161/2828/2161 2160/2825/2160
f 2158/2823/2158 2160/2825/2160 2097/2826/2096
f 2160/2825/2160 2162/2829/2162 2099/2827/2099
f 2161/2828/2161 2163/2830/2163 2162/2829/2162
f 2163/2830/2163 2165/2834/2165 2164/2831/2164
f 2162/2829/2162 2164/2831/2164 2101/2832/2100
f 2164/2831/2164 2166/2835/2166 2103/2833/2103
f 2165/2834/2165 2167/2836/2167 2166/2835/2166
f 2167/2836/2167 2169/2840/2169 2168/2837/2168
f 2166/2835/2166 2168/2837/2168 2105/2838/2104
f 2168/2837/2168 2170/2841/2170 2107/2839/2107
f 2169/2840/2169 2171/2842/2171 2170/2841/2170
f 2171/2842/2171 2173/2846/2173 2172/2843/2172
f 2170/2841/2170 2172/2843/2172 2109/2844/2108
f 2172/2843/2172 2174/2847/2174 2111/2845/2111
f 2173/2846/2173 2175/2848/2175 2174/2847/2174
f 2175/2848/2175 2177/2851/2177 2176/2849/2176
f 2174/2847/2174 2176/2849/2176 2113/2850/2112
f 2176/2849/2176 2115/2758/2116 2050/2760/2052
f 2177/2851/2177 2114/2756/2114 2115/2758/2116
f 2178/2852/2178 2181/2855/2181 2180/2853/2179
f 2179/2854/2180 2180/2853/2179 2117/2762/2117
f 2180/2853/2179 2182/2856/2182 2119/2764/2119
f 2181/2855/2181 2183/2857/2183 2182/2856/2182
f 2183/2857/2183 2185/2859/2185 2184/2858/2184
f 2182/2856/2182 2184/2858/2184 2121/2768/2121
f 2184/2858/2184 2186/2860/2186 2123/2770/2123
f 2185/2859/2185 2187/2861/2187 2186/2860/2186
f 2187/2861/2187 2189/2863/2189 2188/2862/2188
f 2186/2860/2186 2188/2862/2188 2125/2774/2125
f 2188/2862/2188 2190/2864/2190 2127/2776/2127
f 2189/2863/2189 2191/2865/2191 2190/2864/2190
f 2191/2865/2191 2193/2867/2193 2192/2866/2192
f 2190/2864/2190 2192/2866/2192 2129/2780/2129
f 2192/2866/2192 2194/2868/2194 2131/2782/2131
f 2193/2867/2193 2195/2869/2195 2194/2868/2194
f 2195/2869/2195 2197/2871/2197 2196/2870/2196
f 2194/2868/2194 2196/2870/2196 2133/2786/2133
f 2196/2870/2196 2198/2872/2198 2135/2788/2135
f 2197/2871/2197 2199/2873/2199 2198/2872/2198
f 2199/2873/2199 2201/2875/2201 2200/2874/2200
f 2198/2872/2198 2200/2874/2200 2137/2792/2137
f 2200/2874/2200 2202/2876/2202 2139/2794/2139
f 2201/2875/2201 2203/2877/2203 2202/2876/2202
f 2203/2877/2203 2205/2879/2205 2204/2878/2204
f 2202/2876/2202 2204/2878/2204 2141/2798/2141
f 2204/2878/2204 2206/2880/2206 2143/2800/2143
f 2205/2879/2205 2207/2881/2207 2206/2880/2206
f 2207/2881/2207 2209/2883/2209 2208/2882/2208
f 2206/2880/2206 2208/2882/2208 2145/2804/2145
f 2208/2882/2208 2210/2884/2210 2147/2806/2147
f 2209/2883/2209 2211/2885/2211 2210/2884/2210
f 2211/2885/2211 2213/2887/2213 2212/2886/2212
f 2210/2884/2210 2212/2886/2212 2149/2810/2149
f 2212/2886/2212 2214/2888/2214 2151/2812/2151
f 2213/2887/2213 2215/2889/2215 2214/2888/2214
f 2215/2889/2215 2217/2891/2217 2216/2890/2216
f 2214/2888/2214 2216/2890/2216 2153/2816/2153
f 2216/2890/2216 2218/2892/2218 2155/2818/2155
f 2217/2891/2217 2219/2893/2219 2218/2892/2218
f 2219/2893/2219 2221/2895/2221 2220/2894/2220
f 2218/2892/2218 2220/2894/2220 2157/2822/2157
f 2220/2894/2220 2222/2896/2222 2159/2824/2159
f 2221/2895/2221 2223/2897/2223 2222/2896/2222
f 2223/2897/2223 2225/2899/2225 2224/2898/2224
f 2222/2896/2222 2224/2898/2224 2161/2828/2161
f 2224/2898/2224 2226/2900/2226 2163/2830/2163
f 2225/2899/2225 2227/2901/2227 2226/2900/2226
f 2227/2901/2227 2229/2903/2229 2228/2902/2228
f 2226/2900/2226 2228/2902/2228 2165/2834/2165
f 2228/2902/2228 2230/2904/2230 2167/2836/2167
f 2229/2903/2229 2231/2905/2231 2230/2904/2230
f 2231/2905/2231 2233/2907/2233 2232/2906/2232
f 2230/2904/2230 2232/2906/2232 2169/2840/2169
f 2232/2906/2232 2234/2908/2234 2171/2842/2171
f 2233/2907/2233 2235/2909/2235 2234/2908/2234
f 2235/2909/2235 2237/2911/2237 2236/2910/2236
f 2234/2908/2234 2236/2910/2236 2173/2846/2173
f 2236/2910/2236 2238/2912/2238 2175/2848/2175
f 2237/2911/2237 2239/2913/2239 2238/2912/2238
f 2239/2913/2239 2241/2915/2241 2240/2914/2240
f 2238/2912/2238 2240/2914/2240 2177/2851/2177
f 2240/2914/2240 2179/2854/2180 2114/2756/2114
f 2241/2915/2241 2178/2852/2178 2179/2854/2180
f 2242/2916/2242 2245/2921/2245 2244/2917/2243
f 2243/2919/2244 2244/2920/2243 2181/2855/2181
f 2244/2920/2243 2246/2925/2246 2183/2857/2183
f 2245/2921/2245 2247/2923/2247 2246/2922/2246
f 2247/2923/2247 2249/2927/2249 2248/2924/2248
f 2246/2925/2246 2248/2926/2248 2185/2859/2185
f 2248/2926/2248 2250/2932/2250 2187/2861/2187
f 2249/2927/2249 2251/3024/2251 2250/2928/2250
f 2251/2929/2251 2253/2934/2253 2252/2930/2252
f 2250/2932/2250 2252/2933/2252 2189/2863/2189
f 2252/2933/2252 2254/2938/2254 2191/2865/2191
f 2253/2934/2253 2255/2936/2255 2254/2935/2254
f 2255/2936/2255 2257/2940/2257 2256/2937/2256
f 2254/2938/2254 2256/2939/2256 2193/2867/2193
f 2256/2939/2256 2258/2944/2258 2195/2869/2195
f 2257/2940/2257 2259/2942/2259 2258/2941/2258
f 2259/2942/2259 2261/2946/2261 2260/2943/2260
f 2258/2944/2258 2260/2945/2260 2197/2871/2197
f 2260/2945/2260 2262/2950/2262 2199/2873/2199
f 2261/2946/2261 2263/2948/2263 2262/2947/2262
f 2263/2948/2263 2265/2952/2265 2264/2949/2264
f 2262/2950/2262 2264/2951/2264 2201/2875/2201
f 2264/2951/2264 2266/2957/2266 2203/2877/2203
f 2265/2952/2265 2267/3042/2267 2266/2953/2266
f 2267/2954/2267 2269/2959/2269 2268/2955/2268
f 2266/2957/2266 2268/2958/2268 2205/2879/2205
f 2268/2958/2268 2270/2963/2270 2207/2881/2207
f 2269/2959/2269 2271/2961/2271 2270/2960/2270
f 2271/2961/2271 2273/2965/2273 2272/2962/2272
f 2270/2963/2270 2272/2964/2272 2209/2883/2209
f 2272/2964/2272 2274/2969/2274 2211/2885/2211
f 2273/2965/2273 2275/2967/2275 2274/2966/2274
f 2275/2967/2275 2277/2971/2277 2276/2968/2276
f 2274/2969/2274 2276/2970/2276 2213/2887/2213
f 2276/2970/2276 2278/2975/2278 2215/2889/2215
f 2277/2971/2277 2279/2973/2279 2278/2972/2278
f 2279/2973/2279 2281/2977/2281 2280/2974/2280
f 2278/2975/2278 2280/2976/2280 2217/2891/2217
f 2280/2976/2280 2282/2982/2282 2219/2893/2219
f 2281/2977/2281 2283/3060/2283 2282/2978/2282
f 2283/2979/2283 2285/2984/2285 2284/2980/2284
f 2282/2982/2282 2284/2983/2284 2221/2895/2221
f 2284/2983/2284 2286/2988/2286 2223/2897/2223
f 2285/2984/2285 2287/2986/2287 2286/2985/2286
f 2287/2986/2287 2289/2990/2289 2288/2987/2288
f 2286/2988/2286 2288/2989/2288 2225/2899/2225
f 2288/2989/2288 2290/2994/2290 2227/2901/2227
f 2289/2990/2289 2291/2992/2291 2290/2991/2290
f 2291/2992/2291 2293/2996/2293 2292/2993/2292
f 2290/2994/2290 2292/2995/2292 2229/2903/2229
f 2292/2995/2292 2294/3000/2294 2231/2905/2231
f 2293/2996/2293 2295/2998/2295 2294/2997/2294
f 2295/2998/2295 2297/3002/2297 2296/2999/2296
f 2294/3000/2294 2296/3001/2296 2233/2907/2233
f 2296/3001/2296 2298/3007/2298 2235/2909/2235
f 2297/3002/2297 2299/3078/2299 2298/3003/2298
f 2299/3004/2299 2301/3009/2301 2300/3005/2300
f 2298/3007/2298 2300/3008/2300 2237/2911/2237
f 2300/3008/2300 2302/3013/2302 2239/2913/2239
f 2301/3009/2301 2303/3011/2303 2302/3010/2302
f 2303/3011/2303 2305/3015/2305 2304/3012/2304
f 2302/3013/2302 2304/3014/2304 2241/2915/2241
f 2304/3014/2304 2243/2919/2244 2178/2852/2178
f 2305/3015/2305 2242/2916/2242 2243/2918/2244
f 2309/3016/2306 2308/3019/2309 2307/3017/2307
f 2307/3017/2307 2308/3019/2309 2245/2921/2245
f 2308/3019/2309 2310/3022/2312 2247/2923/2247
f 2311/3020/2310 2310/3022/2312 2308/3019/2309
f 2313/3021/2311 2312/3023/2313 2310/3022/2312
f 2310/3022/2312 2312/3023/2313 2249/2927/2249
f 2312/3023/2313 2314/4592/2316 2251/3024/2251
f 2315/3025/2314 2314/4592/2316 2312/3023/2313
f 2317/3026/2315 2316/3029/2317 2314/3027/2316
f 2314/3027/2316 2316/3029/2317 2253/2934/2253
f 2316/3029/2317 2318/3032/2320 2255/2936/2255
f 2319/3030/2318 2318/3032/2320 2316/3029/2317
f 2321/3031/2319 2320/3033/2321 2318/3032/2320
f 2318/3032/2320 2320/3033/2321 2257/2940/2257
f 2320/3033/2321 2322/3036/2324 2259/2942/2259
f 2323/3034/2322 2322/3036/2324 2320/3033/2321
f 2325/3035/2323 2324/3037/2325 2322/3036/2324
f 2322/3036/2324 2324/3037/2325 2261/2946/2261
f 2324/3037/2325 2326/3040/2328 2263/2948/2263
f 2327/3038/2326 2326/3040/2328 2324/3037/2325
f 2329/3039/2327 2328/3041/2329 2326/3040/2328
f 2326/3040/2328 2328/3041/2329 2265/2952/2265
f 2328/3041/2329 2330/4593/2332 2267/3042/2267
f 2331/3043/2330 2330/4593/2332 2328/3041/2329
f 2333/3044/2331 2332/3047/2333 2330/3045/2332
f 2330/3045/2332 2332/3047/2333 2269/2959/2269
f 2332/3047/2333 2334/3050/2336 2271/2961/2271
f 2335/3048/2334 2334/3050/2336 2332/3047/2333
f 2337/3049/2335 2336/3051/2337 2334/3050/2336
f 2334/3050/2336 2336/3051/2337 2273/2965/2273
f 2336/3051/2337 2338/3054/2340 2275/2967/2275
f 2339/3052/2338 2338/3054/2340 2336/3051/2337
f 2341/3053/2339 2340/3055/2341 2338/3054/2340
f 2338/3054/2340 2340/3055/2341 2277/2971/2277
f 2340/3055/2341 2342/3058/2344 2279/2973/2279
f 2343/3056/2342 2342/3058/2344 2340/3055/2341
f 2345/3057/2343 2344/3059/2345 2342/3058/2344
f 2342/3058/2344 2344/3059/2345 2281/2977/2281
f 2344/3059/2345 2346/4594/2348 2283/3060/2283
f 2347/3061/2346 2346/4594/2348 2344/3059/2345
f 2349/3062/2347 2348/3065/2349 2346/3063/2348
f 2346/3063/2348 2348/3065/2349 2285/2984/2285
f 2348/3065/2349 2350/3068/2352 2287/2986/2287
f 2351/3066/2350 2350/3068/2352 2348/3065/2349
f 2353/3067/2351 2352/3069/2353 2350/3068/2352
f 2350/3068/2352 2352/3069/2353 2289/2990/2289
f 2352/3069/2353 2354/3072/2356 2291/2992/2291
f 2355/3070/2354 2354/3072/2356 2352/3069/2353
f 2357/3071/2355 2356/3073/2357 2354/3072/2356
f 2354/3072/2356 2356/3073/2357 2293/2996/2293
f 2356/3073/2357 2358/3076/2360 2295/2998/2295
f 2359/3074/2358 2358/3076/2360 2356/3073/2357
f 2361/3075/2359 2360/3077/2361 2358/3076/2360
f 2358/3076/2360 2360/3077/2361 2297/3002/2297
f 2360/3077/2361 2362/4595/2364 2299/3078/2299
f 2363/3079/2362 2362/4595/2364 2360/3077/2361
f 2365/3080/2363 2364/3083/2365 2362/3081/2364
f 2362/3081/2364 2364/3083/2365 2301/3009/2301
f 2364/3083/2365 2366/3086/2368 2303/3011/2303
f 2367/3084/2366 2366/3086/2368 2364/3083/2365
f 2369/3085/2367 2368/3087/2369 2366/3086/2368
f 2366/3086/2368 2368/3087/2369 2305/3015/2305
f 2368/3087/2369 2307/3017/2307 2242/2916/2242
f 2306/3018/2308 2307/3017/2307 2368/3087/2369
f 2373/3088/2370 2372/4596/3429 2371/3089/2371
f 2375/4597/3377 2374/3092/2374 2376/3091/2373
f 2374/3092/2374 2378/4598/2382 2377/3093/2375
f 2379/4599/2407 2378/3100/2382 2380/3096/2378
f 2378/3100/2382 2382/3094/2376 2380/3096/2378
f 2383/3097/2379 2386/3109/2389 2385/3098/2380
f 2374/4600/2374 2371/3101/2371 2378/3100/2382
f 2371/3101/2371 2372/4601/3429 2382/3094/2376
f 2388/4411/3378 2387/3103/2384 2389/3102/2383
f 2387/3103/2384 2391/3111/2391 2390/3104/2385
f 2393/4602/3371 2392/4371/2405 2394/3107/2388
f 2392/4371/2405 2396/3105/2386 2394/3107/2388
f 2380/3108/2378 2381/4603/2377 2386/3109/2389
f 2399/3110/2390 2398/3113/2393 2391/3111/2391
f 2398/3113/2393 2400/3125/2404 2390/3104/2385
f 2402/4604/3367 2401/3115/2395 2403/3114/2394
f 2401/3115/2395 2405/4605/3430 2404/3116/2396
f 2407/3117/2397 2405/4606/3430 2401/3118/2395
f 2411/3120/2399 2410/3309/2570 2409/3121/2400
f 2400/3125/2404 2398/3113/2393 2414/3123/2402
f 2414/3123/2402 2413/4400/3372 2412/3124/2403
f 2392/3126/2405 2416/4281/3318 2415/3127/2406
f 2377/3093/2375 2378/4598/2382 2379/3129/2407
f 2379/3129/2407 2388/4411/3378 2389/3102/2383
f 2417/3130/2408 2414/3123/2402 2398/3113/2393
f 2419/4607/3379 2418/3132/2410 2420/3131/2409
f 2418/3132/2410 2422/3141/2419 2421/3133/2411
f 2424/3136/2414 2423/3167/2443 2427/3134/2412
f 2427/3134/2412 2426/4608/3380 2425/3135/2413
f 2428/3137/2415 2431/4353/3359 2430/3138/2416
f 2434/3140/2418 2433/3143/2421 2422/3141/2419
f 2433/3143/2421 2435/3155/2432 2421/3133/2411
f 2437/4609/3365 2436/3145/2423 2438/3144/2422
f 2436/3145/2423 2440/4610/3431 2439/3146/2424
f 2442/3147/2425 2440/4611/3431 2436/3148/2423
f 2444/3152/2429 2443/4369/2602 2447/3150/2427
f 2447/3150/2427 2446/3341/2597 2445/3151/2428
f 2435/3155/2432 2433/3143/2421 2450/3153/2430
f 2450/3153/2430 2449/4402/3373 2448/3154/2431
f 2452/4406/3375 2451/3157/2434 2453/3156/2433
f 2451/3157/2434 2455/3211/2475 2454/3158/2435
f 2459/3159/2436 2458/3238/2510 2457/3160/2437
f 2460/3162/2439 2463/4612/2442 2462/3163/2440
f 2464/4613/3254 2438/3144/2422 2460/3166/2439
f 2438/3144/2422 2439/3146/2424 2460/3166/2439
f 2423/3167/2443 2424/3136/2414 2466/3168/2444
f 2468/3170/2446 2423/3167/2443 2465/3169/2445
f 2472/3172/2448 2471/4216/3275 2470/3173/2449
f 2426/4608/3380 2473/3175/2451 2425/3135/2413
f 2473/3175/2451 2475/4614/2453 2474/3176/2452
f 2473/4615/2451 2476/3178/2454 2475/3177/2453
f 2476/3178/2454 2478/4616/3432 2477/3179/2455
f 2479/3180/2456 2482/4202/3266 2481/3181/2457
f 2486/3183/2459 2485/3268/2538 2484/3184/2460
f 2488/4417/3381 2487/3187/2463 2489/3186/2462
f 2487/3187/2463 2491/3196/2472 2490/3188/2464
f 2493/4617/3283 2492/4241/2485 2494/3191/2467
f 2492/4241/2485 2496/3189/2465 2494/3191/2467
f 2497/3192/2468 2500/4234/3289 2499/3193/2469
f 2503/3195/2471 2502/3198/2474 2491/3196/2472
f 2502/3198/2474 2504/3209/2484 2490/3188/2464
f 2451/4618/2434 2505/3200/2476 2455/3199/2475
f 2505/3200/2476 2507/4619/3433 2506/3201/2477
f 2509/3202/2478 2507/4620/3433 2505/3203/2476
f 2511/4621/3263 2510/4243/2554 2512/3207/2482
f 2510/4243/2554 2514/3205/2480 2512/3207/2482
f 2504/3209/2484 2502/3198/2474 2515/3208/2483
f 2515/3208/2483 2452/4406/3375 2453/3156/2433
f 2492/3210/2485 2516/4229/3284 2454/3158/2435
f 2518/3213/2487 2517/3250/2522 2519/3212/2486
f 2519/3212/2486 2375/4597/3377 2376/3091/2373
f 2523/3214/2488 2522/3368/2618 2521/3215/2489
f 2525/4622/3382 2524/3218/2492 2526/3217/2491
f 2524/3218/2492 2528/3227/2501 2527/3219/2493
f 2530/4509/3415 2529/3222/2496 2531/3221/2495
f 2529/3222/2496 2538/4534/3427 2534/3220/2494
f 2531/3221/2495 2534/3220/2494 2533/4513/3417
f 2538/4534/3427 2537/4456/3383 2536/4458/3384
f 2536/4458/3384 2535/4459/3385 2534/3220/2494
f 2533/4513/3417 2532/4511/3416 2531/3221/2495
f 2536/4458/3384 2534/3220/2494 2538/4534/3427
f 2539/3223/2497 2542/4250/3299 2541/3224/2498
f 2545/3226/2500 2544/3229/2503 2528/3227/2501
f 2544/3229/2503 2546/3231/2504 2527/3219/2493
f 2456/3230/2438 2547/3237/2509 2546/3231/2504
f 2548/3232/2505 2456/3230/2438 2544/3229/2503
f 2549/3233/2506 2552/4349/3357 2551/3234/2507
f 2457/3236/2437 2553/3249/2521 2547/3237/2509
f 2554/4623/2519 2457/3160/2437 2555/3240/2512
f 2457/3160/2437 2458/3238/2510 2555/3240/2512
f 2558/4624/3364 2557/3270/2540 2559/3243/2515
f 2557/3270/2540 2561/3241/2513 2559/3243/2515
f 2562/3244/2516 2565/4261/3306 2564/3245/2517
f 2553/3249/2521 2457/3236/2437 2554/3247/2519
f 2554/3247/2519 2567/4407/3376 2566/3248/2520
f 2517/3250/2522 2518/3213/2487 2569/3251/2523
f 2571/3253/2525 2517/3250/2522 2568/3252/2524
f 2575/3255/2527 2574/3265/2535 2573/3256/2528
f 2560/3258/2514 2577/4184/3251 2576/3259/2530
f 2581/3261/2531 2580/4240/3295 2579/3262/2532
f 2583/3264/2534 2582/3267/2537 2574/3265/2535
f 2585/3266/2536 2584/3273/2543 2582/3267/2537
f 2485/3268/2538 2397/3112/2392 2586/3269/2539
f 2588/4625/3267 2587/3271/2541 2557/3270/2540
f 2587/3271/2541 2589/4626/3369 2561/3241/2513
f 2591/3272/2542 2590/4627/2545 2584/3273/2543
f 2593/3274/2544 2592/3283/2546 2590/3275/2545
f 2592/3277/2546 2594/4195/3260 2486/3183/2459
f 2513/3279/2481 2596/4197/3262 2595/3280/2547
f 2598/3282/2548 2597/3285/2550 2592/3283/2546
f 2600/3284/2549 2599/3293/2555 2597/3285/2550
f 2594/4195/3260 2592/3277/2546 2601/3288/2552
f 2592/3277/2546 2597/3286/2550 2601/3288/2552
f 2604/3289/2553 2603/4628/2561 2510/3290/2554
f 2605/3292/2556 2604/3295/2553 2599/3293/2555
f 2607/3294/2557 2606/3303/2565 2604/3295/2553
f 2610/3296/2558 2432/3142/2420 2609/3297/2559
f 2612/4629/3363 2611/3300/2562 2603/3299/2561
f 2611/3300/2562 2614/4630/3274 2613/3301/2563
f 2616/3302/2564 2615/3305/2567 2606/3303/2565
f 2618/3304/2566 2617/3311/2568 2615/3305/2567
f 2617/3306/2568 2408/3122/2401 2619/3307/2569
f 2410/3309/2570 2620/4359/3361 2434/3140/2418
f 2622/3310/2571 2621/4631/2573 2617/3311/2568
f 2624/3312/2572 2623/3321/2579 2621/3313/2573
f 2408/3122/2401 2617/3306/2568 2411/3120/2399
f 2617/3306/2568 2621/3315/2573 2411/3120/2399
f 2629/3317/2575 2628/3324/2582 2627/3318/2576
f 2631/3320/2578 2630/3323/2581 2623/3321/2579
f 2633/3322/2580 2632/3329/2585 2630/3323/2581
f 2628/3324/2582 2467/3171/2447 2634/3325/2583
f 2636/3326/2584 2635/3336/2592 2629/3317/2575
f 2637/3328/2586 2636/3331/2584 2632/3329/2585
f 2639/3330/2587 2638/3338/2594 2636/3331/2584
f 2641/3332/2588 2472/3172/2448 2469/3174/2450
f 2644/3334/2590 2643/4226/3281 2642/3335/2591
f 2646/3337/2593 2645/3340/2596 2638/3338/2594
f 2647/3339/2595 2443/3346/2602 2645/3340/2596
f 2446/3341/2597 2649/3343/2599 2648/3342/2598
f 2649/3343/2599 2501/3197/2473 2650/3344/2600
f 2651/3345/2601 2447/4632/2427 2443/3346/2602
f 2653/3347/2603 2652/3355/2604 2447/3348/2427
f 2652/3350/2604 2654/4237/3292 2446/3341/2597
f 2658/3351/2605 2657/4238/3293 2656/3352/2606
f 2660/3354/2608 2659/3357/2610 2652/3355/2604
f 2662/3356/2609 2661/3365/2615 2659/3357/2610
f 2654/4237/3292 2652/3350/2604 2663/3360/2612
f 2652/3350/2604 2659/3358/2610 2663/3360/2612
f 2667/3361/2613 2666/4633/2620 2665/3362/2614
f 2668/3364/2616 2667/3367/2613 2661/3365/2615
f 2670/3366/2617 2669/3374/2624 2667/3367/2613
f 2522/3368/2618 2543/3228/2502 2671/3369/2619
f 2673/4634/3370 2672/3371/2621 2666/3370/2620
f 2672/3371/2621 2675/4635/3276 2674/3372/2622
f 2677/3373/2623 2676/3376/2626 2669/3374/2624
f 2679/3375/2625 2678/3382/2627 2676/3376/2626
f 2678/3377/2627 2680/3380/2629 2523/3214/2488
f 2681/3379/2628 2550/3387/2508 2680/3380/2629
f 2682/3381/2630 2681/4636/2628 2678/3382/2627
f 2684/3383/2631 2683/3392/2632 2681/3384/2628
f 2683/3386/2632 2549/4637/2506 2550/3387/2508
f 2688/3388/2633 2687/4263/3308 2686/3389/2634
f 2690/3391/2636 2689/3394/2638 2683/3392/2632
f 2692/3393/2637 2691/3399/2641 2689/3394/2638
f 2563/3246/2518 2564/3245/2517 2694/3395/2639
f 2573/3397/2528 2578/3263/2533 2688/3388/2633
f 2572/3257/2529 2573/3256/2528 2691/3399/2641
f 2698/3400/2642 2697/3403/2645 2696/3401/2643
f 2696/3401/2643 2697/3403/2645 2575/3255/2527
f 2697/3403/2645 2699/3406/2648 2583/3264/2534
f 2700/3404/2646 2699/3406/2648 2697/3403/2645
f 2702/3405/2647 2701/3407/2649 2699/3406/2648
f 2699/3406/2648 2701/3407/2649 2585/3266/2536
f 2701/3407/2649 2703/4638/2652 2591/3272/2542
f 2704/3408/2650 2703/4638/2652 2701/3407/2649
f 2706/3409/2651 2705/3412/2653 2703/3410/2652
f 2703/3410/2652 2705/3412/2653 2593/3274/2544
f 2705/3412/2653 2707/3415/2656 2598/3282/2548
f 2708/3413/2654 2707/3415/2656 2705/3412/2653
f 2710/3414/2655 2709/3416/2657 2707/3415/2656
f 2707/3415/2656 2709/3416/2657 2600/3284/2549
f 2709/3416/2657 2711/3419/2660 2605/3292/2556
f 2712/3417/2658 2711/3419/2660 2709/3416/2657
f 2714/3418/2659 2713/3420/2661 2711/3419/2660
f 2711/3419/2660 2713/3420/2661 2607/3294/2557
f 2713/3420/2661 2715/3423/2664 2616/3302/2564
f 2716/3421/2662 2715/3423/2664 2713/3420/2661
f 2718/3422/2663 2717/3424/2665 2715/3423/2664
f 2717/3424/2665 2618/3304/2566 2616/3302/2564
f 2719/3425/2666 2622/3310/2571 2618/3304/2566
f 2720/3426/2667 2719/3425/2666 2717/3424/2665
f 2722/3427/2668 2721/3430/2669 2719/3428/2666
f 2721/3430/2669 2624/3312/2572 2622/3314/2571
f 2723/3431/2670 2631/3320/2578 2624/3312/2572
f 2724/3432/2671 2723/3431/2670 2721/3430/2669
f 2726/3433/2672 2725/3434/2673 2723/3431/2670
f 2725/3434/2673 2633/3322/2580 2631/3320/2578
f 2727/3435/2674 2637/3328/2586 2633/3322/2580
f 2728/3436/2675 2727/3435/2674 2725/3434/2673
f 2730/3437/2676 2729/3438/2677 2727/3435/2674
f 2729/3438/2677 2639/3330/2587 2637/3328/2586
f 2731/3439/2678 2646/3337/2593 2639/3330/2587
f 2732/3440/2679 2731/3439/2678 2729/3438/2677
f 2734/3441/2680 2733/3442/2681 2731/3439/2678
f 2733/3442/2681 2647/3339/2595 2646/3337/2593
f 2735/3443/2682 2651/3345/2601 2647/3339/2595
f 2736/3444/2683 2735/3443/2682 2733/3442/2681
f 2738/3445/2684 2737/3448/2685 2735/3446/2682
f 2737/3448/2685 2653/3347/2603 2651/3349/2601
f 2739/3449/2686 2660/3354/2608 2653/3347/2603
f 2740/3450/2687 2739/3449/2686 2737/3448/2685
f 2742/3451/2688 2741/3452/2689 2739/3449/2686
f 2741/3452/2689 2662/3356/2609 2660/3354/2608
f 2743/3453/2690 2668/3364/2616 2662/3356/2609
f 2744/3454/2691 2743/3453/2690 2741/3452/2689
f 2746/3455/2692 2745/3456/2693 2743/3453/2690
f 2745/3456/2693 2670/3366/2617 2668/3364/2616
f 2747/3457/2694 2677/3373/2623 2670/3366/2617
f 2748/3458/2695 2747/3457/2694 2745/3456/2693
f 2750/3459/2696 2749/3460/2697 2747/3457/2694
f 2749/3460/2697 2679/3375/2625 2677/3373/2623
f 2751/3461/2698 2682/3381/2630 2679/3375/2625
f 2752/3462/2699 2751/3461/2698 2749/3460/2697
f 2754/3463/2700 2753/3466/2701 2751/3464/2698
f 2753/3466/2701 2684/3383/2631 2682/3385/2630
f 2755/3467/2702 2690/3391/2636 2684/3383/2631
f 2756/3468/2703 2755/3467/2702 2753/3466/2701
f 2758/3469/2704 2757/3470/2705 2755/3467/2702
f 2755/3467/2702 2757/3470/2705 2692/3393/2637
f 2757/3470/2705 2696/3401/2643 2572/3257/2529
f 2695/3402/2644 2696/3401/2643 2757/3470/2705
f 2762/3471/2706 2761/3478/2709 2760/3472/2707
f 2761/3474/2709 2698/3400/2642 2695/3402/2644
f 2763/3476/2710 2700/3404/2646 2698/3400/2642
f 2764/3477/2711 2763/3480/2710 2761/3478/2709
f 2766/3479/2712 2765/3484/2713 2763/3480/2710
f 2765/3481/2713 2702/3405/2647 2700/3404/2646
f 2767/3482/2714 2704/3408/2650 2702/3405/2647
f 2768/3483/2715 2767/3486/2714 2765/3484/2713
f 2770/3485/2716 2769/3491/2717 2767/3486/2714
f 2769/3487/2717 2706/3409/2651 2704/3411/2650
f 2771/3489/2718 2708/3413/2654 2706/3409/2651
f 2772/3490/2719 2771/3493/2718 2769/3491/2717
f 2774/3492/2720 2773/3497/2721 2771/3493/2718
f 2773/3494/2721 2710/3414/2655 2708/3413/2654
f 2775/3495/2722 2712/3417/2658 2710/3414/2655
f 2776/3496/2723 2775/3499/2722 2773/3497/2721
f 2778/3498/2724 2777/3503/2725 2775/3499/2722
f 2777/3500/2725 2714/3418/2659 2712/3417/2658
f 2779/3501/2726 2716/3421/2662 2714/3418/2659
f 2780/3502/2727 2779/3505/2726 2777/3503/2725
f 2782/3504/2728 2781/3509/2729 2779/3505/2726
f 2781/3506/2729 2718/3422/2663 2716/3421/2662
f 2783/3507/2730 2720/3426/2667 2718/3422/2663
f 2784/3508/2731 2783/3511/2730 2781/3509/2729
f 2786/3510/2732 2785/3516/2733 2783/3511/2730
f 2785/3512/2733 2722/3427/2668 2720/3429/2667
f 2787/3514/2734 2724/3432/2671 2722/3427/2668
f 2788/3515/2735 2787/3518/2734 2785/3516/2733
f 2790/3517/2736 2789/3522/2737 2787/3518/2734
f 2789/3519/2737 2726/3433/2672 2724/3432/2671
f 2791/3520/2738 2728/3436/2675 2726/3433/2672
f 2792/3521/2739 2791/3524/2738 2789/3522/2737
f 2794/3523/2740 2793/3528/2741 2791/3524/2738
f 2793/3525/2741 2730/3437/2676 2728/3436/2675
f 2795/3526/2742 2732/3440/2679 2730/3437/2676
f 2796/3527/2743 2795/3530/2742 2793/3528/2741
f 2798/3529/2744 2797/3534/2745 2795/3530/2742
f 2797/3531/2745 2734/3441/2680 2732/3440/2679
f 2799/3532/2746 2736/3444/2683 2734/3441/2680
f 2800/3533/2747 2799/3536/2746 2797/3534/2745
f 2802/3535/2748 2801/3541/2749 2799/3536/2746
f 2801/3537/2749 2738/3445/2684 2736/3447/2683
f 2803/3539/2750 2740/3450/2687 2738/3445/2684
f 2804/3540/2751 2803/3543/2750 2801/3541/2749
f 2806/3542/2752 2805/3547/2753 2803/3543/2750
f 2805/3544/2753 2742/3451/2688 2740/3450/2687
f 2807/3545/2754 2744/3454/2691 2742/3451/2688
f 2808/3546/2755 2807/3549/2754 2805/3547/2753
f 2810/3548/2756 2809/3553/2757 2807/3549/2754
f 2809/3550/2757 2746/3455/2692 2744/3454/2691
f 2811/3551/2758 2748/3458/2695 2746/3455/2692
f 2812/3552/2759 2811/3555/2758 2809/3553/2757
f 2814/3554/2760 2813/3559/2761 2811/3555/2758
f 2813/3556/2761 2750/3459/2696 2748/3458/2695
f 2815/3557/2762 2752/3462/2699 2750/3459/2696
f 2816/3558/2763 2815/3561/2762 2813/3559/2761
f 2818/3560/2764 2817/3566/2765 2815/3561/2762
f 2817/3562/2765 2754/3463/2700 2752/3465/2699
f 2819/3564/2766 2756/3468/2703 2754/3463/2700
f 2820/3565/2767 2819/3568/2766 2817/3566/2765
f 2822/3567/2768 2821/3570/2769 2819/3568/2766
f 2821/3569/2769 2758/3469/2704 2756/3468/2703
f 2760/3475/2707 2695/3402/2644 2758/3469/2704
f 2759/3473/2708 2760/3472/2707 2821/3570/2769
f 70/70/70 71/69/69 2824/3571/2770
f 2823/3572/2771 2824/3571/2770 2762/3471/2706
f 2824/3571/2770 2825/3573/2772 2764/3477/2711
f 71/69/69 72/71/71 2825/3573/2772
f 72/71/71 77/76/76 2826/3574/2773
f 2825/3573/2772 2826/3574/2773 2766/3479/2712
f 2826/3574/2773 2827/3575/2774 2768/3483/2715
f 77/76/76 78/77/77 2827/3575/2774
f 78/77/77 83/82/82 2828/3576/2775
f 2827/3575/2774 2828/3576/2775 2770/3485/2716
f 2828/3576/2775 2829/3577/2776 2772/3490/2719
f 83/82/82 84/83/83 2829/3577/2776
f 84/83/83 89/88/88 2830/3578/2777
f 2829/3577/2776 2830/3578/2777 2774/3492/2720
f 2830/3578/2777 2831/3579/2778 2776/3496/2723
f 89/88/88 90/89/89 2831/3579/2778
f 90/89/89 95/94/94 2832/3580/2779
f 2831/3579/2778 2832/3580/2779 2778/3498/2724
f 2832/3580/2779 2833/3581/2780 2780/3502/2727
f 95/94/94 96/95/95 2833/3581/2780
f 96/95/95 101/100/100 2834/3582/2781
f 2833/3581/2780 2834/3582/2781 2782/3504/2728
f 2834/3582/2781 2835/3583/2782 2784/3508/2731
f 101/100/100 102/101/101 2835/3583/2782
f 102/101/101 107/106/106 2836/3584/2783
f 2835/3583/2782 2836/3584/2783 2786/3510/2732
f 2836/3584/2783 2837/3585/2784 2788/3515/2735
f 107/106/106 108/107/107 2837/3585/2784
f 108/107/107 113/112/112 2838/3586/2785
f 2837/3585/2784 2838/3586/2785 2790/3517/2736
f 2838/3586/2785 2839/3587/2786 2792/3521/2739
f 113/112/112 114/113/113 2839/3587/2786
f 114/113/113 119/118/118 2840/3588/2787
f 2839/3587/2786 2840/3588/2787 2794/3523/2740
f 2840/3588/2787 2841/3589/2788 2796/3527/2743
f 119/118/118 120/119/119 2841/3589/2788
f 120/119/119 125/124/124 2842/3590/2789
f 2841/3589/2788 2842/3590/2789 2798/3529/2744
f 2842/3590/2789 2843/3591/2790 2800/3533/2747
f 125/124/124 126/125/125 2843/3591/2790
f 126/125/125 131/130/130 2844/3592/2791
f 2843/3591/2790 2844/3592/2791 2802/3535/2748
f 2844/3592/2791 2845/3593/2792 2804/3540/2751
f 131/130/130 132/131/131 2845/3593/2792
f 132/131/131 137/136/136 2846/3594/2793
f 2845/3593/2792 2846/3594/2793 2806/3542/2752
f 2846/3594/2793 2847/3595/2794 2808/3546/2755
f 137/136/136 138/137/137 2847/3595/2794
f 138/137/137 143/142/142 2848/3596/2795
f 2847/3595/2794 2848/3596/2795 2810/3548/2756
f 2848/3596/2795 2849/3597/2796 2812/3552/2759
f 143/142/142 144/143/143 2849/3597/2796
f 144/143/143 149/148/148 2850/3598/2797
f 2849/3597/2796 2850/3598/2797 2814/3554/2760
f 2850/3598/2797 2851/3599/2798 2816/3558/2763
f 149/148/148 150/149/149 2851/3599/2798
f 150/149/149 155/154/154 2852/3600/2799
f 2851/3599/2798 2852/3600/2799 2818/3560/2764
f 2852/3600/2799 2853/3601/2800 2820/3565/2767
f 155/154/154 156/155/155 2853/3601/2800
f 156/155/155 161/160/160 2854/3602/2801
f 2853/3601/2800 2854/3602/2801 2822/3567/2768
f 2854/3602/2801 2823/3572/2771 2759/3473/2708
f 161/160/160 70/70/70 2823/3572/2771
f 166/166/166 167/168/168 2856/3603/2802
f 2855/3605/2803 2856/3608/2802 2858/3606/2804
f 2856/3608/2802 2860/3612/2807 2859/3609/2806
f 167/168/168 168/172/172 2860/3610/2807
f 168/172/172 173/171/171 2861/3611/2808
f 2860/3612/2807 2861/3614/2808 2862/3613/2809
f 2861/3614/2808 2864/3619/2811 2863/3615/2810
f 173/171/171 174/4542/178 2864/3616/2811
f 174/179/178 179/181/180 2865/3617/2812
f 2864/3619/2811 2865/3621/2812 2866/3620/2813
f 2865/3621/2812 2868/3625/2815 2867/3622/2814
f 179/181/180 180/185/184 2868/3623/2815
f 180/185/184 185/187/186 2869/3624/2816
f 2868/3625/2815 2869/3627/2816 2870/3626/2817
f 2869/3627/2816 2872/3631/2819 2871/3628/2818
f 185/187/186 186/191/190 2872/3629/2819
f 186/191/190 191/190/189 2873/3630/2820
f 2872/3631/2819 2873/3633/2820 2874/3632/2821
f 2873/3633/2820 2876/3637/2823 2875/3634/2822
f 191/190/189 192/193/192 2876/3635/2823
f 192/193/192 197/199/198 2877/3636/2824
f 2876/3637/2823 2877/3639/2824 2878/3638/2825
f 2877/3639/2824 2880/3644/2827 2879/3640/2826
f 197/199/198 198/4543/202 2880/3641/2827
f 198/204/202 203/206/204 2881/3642/2828
f 2880/3644/2827 2881/3646/2828 2882/3645/2829
f 2881/3646/2828 2884/3650/2831 2883/3647/2830
f 203/206/204 204/205/203 2884/3648/2831
f 204/205/203 209/212/210 2885/3649/2832
f 2884/3650/2831 2885/3652/2832 2886/3651/2833
f 2885/3652/2832 2888/3656/2835 2887/3653/2834
f 209/212/210 210/216/214 2888/3654/2835
f 210/216/214 215/215/213 2889/3655/2836
f 2888/3656/2835 2889/3658/2836 2890/3657/2837
f 2889/3658/2836 2892/3662/2839 2891/3659/2838
f 215/215/213 216/222/220 2892/3660/2839
f 216/222/220 221/224/222 2893/3661/2840
f 2892/3662/2839 2893/3664/2840 2894/3663/2841
f 2893/3664/2840 2896/3669/2843 2895/3665/2842
f 221/224/222 222/223/221 2896/3666/2843
f 222/230/221 227/229/226 2897/3667/2844
f 2896/3669/2843 2897/3671/2844 2898/3670/2845
f 2897/3671/2844 2900/3675/2847 2899/3672/2846
f 227/229/226 228/232/228 2900/3673/2847
f 228/232/228 233/238/234 2901/3674/2848
f 2900/3675/2847 2901/3677/2848 2902/3676/2849
f 2901/3677/2848 2904/3681/2851 2903/3678/2850
f 233/238/234 234/242/238 2904/3679/2851
f 234/242/238 239/241/237 2905/3680/2852
f 2904/3681/2851 2905/3683/2852 2906/3682/2853
f 2905/3683/2852 2908/3687/2855 2907/3684/2854
f 239/241/237 240/244/240 2908/3685/2855
f 240/244/240 245/248/244 2909/3686/2856
f 2908/3687/2855 2909/3689/2856 2910/3688/2857
f 2909/3689/2856 2912/3694/2859 2911/3690/2858
f 245/248/244 246/250/246 2912/3691/2859
f 246/256/246 251/255/250 2913/3692/2860
f 2912/3694/2859 2913/3696/2860 2914/3695/2861
f 2913/3696/2860 2916/3700/2863 2915/3697/2862
f 251/255/250 252/258/252 2916/3698/2863
f 252/258/252 257/262/256 2917/3699/2864
f 2916/3700/2863 2917/3702/2864 2918/3701/2865
f 2917/3702/2864 2855/3605/2803 2857/3607/2805
f 257/262/256 166/166/166 2855/3604/2803
f 2919/3703/2866 2922/3709/2872 2921/3704/2867
f 2921/3704/2867 2924/3708/2871 2923/3706/2869
f 2926/3707/2870 2925/3712/2875 2924/3708/2871
f 2922/3709/2872 2927/3710/2873 2926/3707/2870
f 2927/3710/2873 2929/3715/2878 2928/3711/2874
f 2928/3711/2874 2930/3714/2877 2925/3712/2875
f 2932/3713/2876 2931/3718/2881 2930/3714/2877
f 2929/3715/2878 2933/3716/2879 2932/3713/2876
f 2933/3716/2879 2935/3721/2884 2934/3717/2880
f 2934/3717/2880 2936/3720/2883 2931/3718/2881
f 2938/3719/2882 2937/3724/2887 2936/3720/2883
f 2935/3721/2884 2939/3722/2885 2938/3719/2882
f 2939/3722/2885 2941/3727/2890 2940/3723/2886
f 2940/3723/2886 2942/3726/2889 2937/3724/2887
f 2944/3725/2888 2943/3730/2893 2942/3726/2889
f 2941/3727/2890 2945/3728/2891 2944/3725/2888
f 2945/3728/2891 2947/3733/2896 2946/3729/2892
f 2946/3729/2892 2948/3732/2895 2943/3730/2893
f 2950/3731/2894 2949/3736/2899 2948/3732/2895
f 2947/3733/2896 2951/3734/2897 2950/3731/2894
f 2951/3734/2897 2953/3739/2902 2952/3735/2898
f 2952/3735/2898 2954/3738/2901 2949/3736/2899
f 2956/3737/2900 2955/3742/2905 2954/3738/2901
f 2953/3739/2902 2957/3740/2903 2956/3737/2900
f 2957/3740/2903 2959/3745/2908 2958/3741/2904
f 2958/3741/2904 2960/3744/2907 2955/3742/2905
f 2962/3743/2906 2961/3748/2911 2960/3744/2907
f 2959/3745/2908 2963/3746/2909 2962/3743/2906
f 2963/3746/2909 2965/3751/2914 2964/3747/2910
f 2964/3747/2910 2966/3750/2913 2961/3748/2911
f 2968/3749/2912 2967/3754/2917 2966/3750/2913
f 2965/3751/2914 2969/3752/2915 2968/3749/2912
f 2969/3752/2915 2971/3757/2920 2970/3753/2916
f 2970/3753/2916 2972/3756/2919 2967/3754/2917
f 2974/3755/2918 2973/3760/2923 2972/3756/2919
f 2971/3757/2920 2975/3758/2921 2974/3755/2918
f 2975/3758/2921 2977/3763/2926 2976/3759/2922
f 2976/3759/2922 2978/3762/2925 2973/3760/2923
f 2980/3761/2924 2979/3766/2929 2978/3762/2925
f 2977/3763/2926 2981/3764/2927 2980/3761/2924
f 2981/3764/2927 2983/3769/2932 2982/3765/2928
f 2982/3765/2928 2984/3768/2931 2979/3766/2929
f 2986/3767/2930 2985/3772/2935 2984/3768/2931
f 2983/3769/2932 2987/3770/2933 2986/3767/2930
f 2987/3770/2933 2989/3775/2938 2988/3771/2934
f 2988/3771/2934 2990/3774/2937 2985/3772/2935
f 2992/3773/2936 2991/3778/2941 2990/3774/2937
f 2989/3775/2938 2993/3776/2939 2992/3773/2936
f 2993/3776/2939 2995/3781/2944 2994/3777/2940
f 2994/3777/2940 2996/3780/2943 2991/3778/2941
f 2998/3779/2942 2997/3784/2947 2996/3780/2943
f 2995/3781/2944 2999/3782/2945 2998/3779/2942
f 2999/3782/2945 3001/3787/2950 3000/3783/2946
f 3000/3783/2946 3002/3786/2949 2997/3784/2947
f 3004/3785/2948 3003/3790/2953 3002/3786/2949
f 3001/3787/2950 3005/3788/2951 3004/3785/2948
f 3005/3788/2951 3007/3793/2956 3006/3789/2952
f 3006/3789/2952 3008/3792/2955 3003/3790/2953
f 3010/3791/2954 3009/3796/2959 3008/3792/2955
f 3007/3793/2956 3011/3794/2957 3010/3791/2954
f 3011/3794/2957 3013/3798/2961 3012/3795/2958
f 3012/3795/2958 3014/3797/2960 3009/3796/2959
f 2920/3705/2868 2923/3706/2869 3014/3797/2960
f 3013/3798/2961 2919/3703/2866 2920/3705/2868
f 2924/3708/2871 3016/3803/2963 3015/3799/2962
f 3016/3800/2963 2309/3016/2306 2306/3018/2308
f 3017/3802/2964 2311/3020/2310 2309/3016/2306
f 2925/3712/2875 3017/3804/2964 3016/3803/2963
f 2930/3714/2877 3018/3807/2965 3017/3804/2964
f 3018/3805/2965 2313/3021/2311 2311/3020/2310
f 3019/3806/2966 2315/3025/2314 2313/3021/2311
f 2931/3718/2881 3019/3808/2966 3018/3807/2965
f 2936/3720/2883 3020/3812/2967 3019/3808/2966
f 3020/3809/2967 2317/3026/2315 2315/3028/2314
f 3021/3811/2968 2319/3030/2318 2317/3026/2315
f 2937/3724/2887 3021/3813/2968 3020/3812/2967
f 2942/3726/2889 3022/3816/2969 3021/3813/2968
f 3022/3814/2969 2321/3031/2319 2319/3030/2318
f 3023/3815/2970 2323/3034/2322 2321/3031/2319
f 2943/3730/2893 3023/3817/2970 3022/3816/2969
f 2948/3732/2895 3024/3820/2971 3023/3817/2970
f 3024/3818/2971 2325/3035/2323 2323/3034/2322
f 3025/3819/2972 2327/3038/2326 2325/3035/2323
f 2949/3736/2899 3025/3821/2972 3024/3820/2971
f 2954/3738/2901 3026/3824/2973 3025/3821/2972
f 3026/3822/2973 2329/3039/2327 2327/3038/2326
f 3027/3823/2974 2331/3043/2330 2329/3039/2327
f 2955/3742/2905 3027/3825/2974 3026/3824/2973
f 2960/3744/2907 3028/3829/2975 3027/3825/2974
f 3028/3826/2975 2333/3044/2331 2331/3046/2330
f 3029/3828/2976 2335/3048/2334 2333/3044/2331
f 2961/3748/2911 3029/3830/2976 3028/3829/2975
f 2966/3750/2913 3030/3833/2977 3029/3830/2976
f 3030/3831/2977 2337/3049/2335 2335/3048/2334
f 3031/3832/2978 2339/3052/2338 2337/3049/2335
f 2967/3754/2917 3031/3834/2978 3030/3833/2977
f 2972/3756/2919 3032/3837/2979 3031/3834/2978
f 3032/3835/2979 2341/3053/2339 2339/3052/2338
f 3033/3836/2980 2343/3056/2342 2341/3053/2339
f 2973/3760/2923 3033/3838/2980 3032/3837/2979
f 2978/3762/2925 3034/3841/2981 3033/3838/2980
f 3034/3839/2981 2345/3057/2343 2343/3056/2342
f 3035/3840/2982 2347/3061/2346 2345/3057/2343
f 2979/3766/2929 3035/3842/2982 3034/3841/2981
f 2984/3768/2931 3036/3846/2983 3035/3842/2982
f 3036/3843/2983 2349/3062/2347 2347/3064/2346
f 3037/3845/2984 2351/3066/2350 2349/3062/2347
f 2985/3772/2935 3037/3847/2984 3036/3846/2983
f 2990/3774/2937 3038/3850/2985 3037/3847/2984
f 3038/3848/2985 2353/3067/2351 2351/3066/2350
f 3039/3849/2986 2355/3070/2354 2353/3067/2351
f 2991/3778/2941 3039/3851/2986 3038/3850/2985
f 2996/3780/2943 3040/3854/2987 3039/3851/2986
f 3040/3852/2987 2357/3071/2355 2355/3070/2354
f 3041/3853/2988 2359/3074/2358 2357/3071/2355
f 2997/3784/2947 3041/3855/2988 3040/3854/2987
f 3002/3786/2949 3042/3858/2989 3041/3855/2988
f 3042/3856/2989 2361/3075/2359 2359/3074/2358
f 3043/3857/2990 2363/3079/2362 2361/3075/2359
f 3003/3790/2953 3043/3859/2990 3042/3858/2989
f 3008/3792/2955 3044/3863/2991 3043/3859/2990
f 3044/3860/2991 2365/3080/2363 2363/3082/2362
f 3045/3862/2992 2367/3084/2366 2365/3080/2363
f 3009/3796/2959 3045/3864/2992 3044/3863/2991
f 3014/3797/2960 3046/3866/2993 3045/3864/2992
f 3046/3865/2993 2369/3085/2367 2367/3084/2366
f 3015/3801/2962 2306/3018/2308 2369/3085/2367
f 2923/3706/2869 3015/3799/2962 3046/3866/2993
f 2857/3607/2805 2858/3606/2804 3048/3867/2994
f 3047/3868/2995 3048/3867/2994 2922/3709/2872
f 3048/3867/2994 3049/3869/2996 2927/3710/2873
f 2858/3606/2804 2859/3609/2806 3049/3869/2996
f 2859/3609/2806 2862/3613/2809 3050/3870/2997
f 3049/3869/2996 3050/3870/2997 2929/3715/2878
f 3050/3870/2997 3051/3871/2998 2933/3716/2879
f 2862/3613/2809 2863/3615/2810 3051/3871/2998
f 2863/3615/2810 2866/3620/2813 3052/3872/2999
f 3051/3871/2998 3052/3872/2999 2935/3721/2884
f 3052/3872/2999 3053/3873/3000 2939/3722/2885
f 2866/3620/2813 2867/3622/2814 3053/3873/3000
f 2867/3622/2814 2870/3626/2817 3054/3874/3001
f 3053/3873/3000 3054/3874/3001 2941/3727/2890
f 3054/3874/3001 3055/3875/3002 2945/3728/2891
f 2870/3626/2817 2871/3628/2818 3055/3875/3002
f 2871/3628/2818 2874/3632/2821 3056/3876/3003
f 3055/3875/3002 3056/3876/3003 2947/3733/2896
f 3056/3876/3003 3057/3877/3004 2951/3734/2897
f 2874/3632/2821 2875/3634/2822 3057/3877/3004
f 2875/3634/2822 2878/3638/2825 3058/3878/3005
f 3057/3877/3004 3058/3878/3005 2953/3739/2902
f 3058/3878/3005 3059/3879/3006 2957/3740/2903
f 2878/3638/2825 2879/3640/2826 3059/3879/3006
f 2879/3640/2826 2882/3645/2829 3060/3880/3007
f 3059/3879/3006 3060/3880/3007 2959/3745/2908
f 3060/3880/3007 3061/3881/3008 2963/3746/2909
f 2882/3645/2829 2883/3647/2830 3061/3881/3008
f 2883/3647/2830 2886/3651/2833 3062/3882/3009
f 3061/3881/3008 3062/3882/3009 2965/3751/2914
f 3062/3882/3009 3063/3883/3010 2969/3752/2915
f 2886/3651/2833 2887/3653/2834 3063/3883/3010
f 2887/3653/2834 2890/3657/2837 3064/3884/3011
f 3063/3883/3010 3064/3884/3011 2971/3757/2920
f 3064/3884/3011 3065/3885/3012 2975/3758/2921
f 2890/3657/2837 2891/3659/2838 3065/3885/3012
f 2891/3659/2838 2894/3663/2841 3066/3886/3013
f 3065/3885/3012 3066/3886/3013 2977/3763/2926
f 3066/3886/3013 3067/3887/3014 2981/3764/2927
f 2894/3663/2841 2895/3665/2842 3067/3887/3014
f 2895/3665/2842 2898/3670/2845 3068/3888/3015
f 3067/3887/3014 3068/3888/3015 2983/3769/2932
f 3068/3888/3015 3069/3889/3016 2987/3770/2933
f 2898/3670/2845 2899/3672/2846 3069/3889/3016
f 2899/3672/2846 2902/3676/2849 3070/3890/3017
f 3069/3889/3016 3070/3890/3017 2989/3775/2938
f 3070/3890/3017 3071/3891/3018 2993/3776/2939
f 2902/3676/2849 2903/3678/2850 3071/3891/3018
f 2903/3678/2850 2906/3682/2853 3072/3892/3019
f 3071/3891/3018 3072/3892/3019 2995/3781/2944
f 3072/3892/3019 3073/3893/3020 2999/3782/2945
f 2906/3682/2853 2907/3684/2854 3073/3893/3020
f 2907/3684/2854 2910/3688/2857 3074/3894/3021
f 3073/3893/3020 3074/3894/3021 3001/3787/2950
f 3074/3894/3021 3075/3895/3022 3005/3788/2951
f 2910/3688/2857 2911/3690/2858 3075/3895/3022
f 2911/3690/2858 2914/3695/2861 3076/3896/3023
f 3075/3895/3022 3076/3896/3023 3007/3793/2956
f 3076/3896/3023 3077/3897/3024 3011/3794/2957
f 2914/3695/2861 2915/3697/2862 3077/3897/3024
f 2915/3697/2862 2918/3701/2865 3078/3898/3025
f 3077/3897/3024 3078/3898/3025 3013/3798/2961
f 3078/3898/3025 3047/3868/2995 2919/3703/2866
f 2918/3701/2865 2857/3607/2805 3047/3868/2995
f 3079/3899/3026 3082/3902/3029 3081/3900/3027
f 3082/3902/3029 3084/3904/3031 3083/3903/3030
f 3084/3904/3031 3086/3906/3033 3085/3905/3032
f 3086/3906/3033 3088/4639/3035 3087/3907/3034
f 3088/3908/3035 3090/3911/3037 3089/3909/3036
f 3090/3911/3037 3092/3913/3039 3091/3912/3038
f 3092/3913/3039 3094/3915/3041 3093/3914/3040
f 3094/3915/3041 3096/3917/3043 3095/3916/3042
f 3096/3917/3043 3098/3919/3045 3097/3918/3044
f 3098/3919/3045 3100/3921/3047 3099/3920/3046
f 3100/3921/3047 3102/3923/3049 3101/3922/3048
f 3102/3923/3049 3104/4640/3051 3103/3924/3050
f 3104/3925/3051 3106/3928/3053 3105/3926/3052
f 3106/3928/3053 3108/3930/3055 3107/3929/3054
f 3108/3930/3055 3110/3932/3057 3109/3931/3056
f 3110/3932/3057 3112/3934/3059 3111/3933/3058
f 3112/3934/3059 3114/3936/3061 3113/3935/3060
f 3114/3936/3061 3116/3938/3063 3115/3937/3062
f 3116/3938/3063 3118/3940/3065 3117/3939/3064
f 3118/3940/3065 3120/4641/3067 3119/3941/3066
f 3120/3942/3067 3122/3945/3069 3121/3943/3068
f 3122/3945/3069 3124/3947/3071 3123/3946/3070
f 3124/3947/3071 3126/3949/3073 3125/3948/3072
f 3126/3949/3073 3128/3951/3075 3127/3950/3074
f 3128/3951/3075 3130/3953/3077 3129/3952/3076
f 3130/3953/3077 3132/3955/3079 3131/3954/3078
f 3132/3955/3079 3134/3957/3081 3133/3956/3080
f 3134/3957/3081 3136/4642/3083 3135/3958/3082
f 3136/3959/3083 3138/3962/3085 3137/3960/3084
f 3138/3962/3085 3140/3964/3087 3139/3963/3086
f 3140/3964/3087 3142/3966/3089 3141/3965/3088
f 3142/3966/3089 3079/3899/3026 3080/3901/3028
f 3081/3900/3027 3144/3968/3091 3143/3967/3090
f 3144/3968/3091 165/162/162 162/164/164
f 3144/3968/3091 3145/3969/3092 170/170/170
f 3081/3900/3027 3083/3903/3030 3145/3969/3092
f 3085/3905/3032 3146/3970/3093 3145/3969/3092
f 3146/3970/3093 172/169/169 170/170/170
f 3146/3970/3093 3147/3972/3094 176/3971/176
f 3085/3905/3032 3087/3907/3034 3147/3972/3094
f 3089/3909/3036 3148/3974/3095 3147/3973/3094
f 3148/3974/3095 178/175/175 176/177/176
f 3148/3974/3095 3149/3975/3096 182/183/182
f 3089/3909/3036 3091/3912/3038 3149/3975/3096
f 3093/3914/3040 3150/3976/3097 3149/3975/3096
f 3150/3976/3097 184/182/181 182/183/182
f 3150/3976/3097 3151/3977/3098 188/189/188
f 3093/3914/3040 3095/3916/3042 3151/3977/3098
f 3097/3918/3044 3152/3978/3099 3151/3977/3098
f 3152/3978/3099 190/188/187 188/189/188
f 3152/3978/3099 3153/3979/3100 194/196/195
f 3097/3918/3044 3099/3920/3046 3153/3979/3100
f 3101/3922/3048 3154/3980/3101 3153/3979/3100
f 3154/3980/3101 196/195/194 194/196/195
f 3154/3980/3101 3155/3982/3102 200/3981/200
f 3101/3922/3048 3103/3924/3050 3155/3982/3102
f 3105/3926/3052 3156/3984/3103 3155/3983/3102
f 3156/3984/3103 202/200/199 200/202/200
f 3156/3984/3103 3157/3985/3104 206/209/207
f 3105/3926/3052 3107/3929/3054 3157/3985/3104
f 3109/3931/3056 3158/3986/3105 3157/3985/3104
f 3158/3986/3105 208/208/206 206/209/207
f 3158/3986/3105 3159/3987/3106 212/214/212
f 3109/3931/3056 3111/3933/3058 3159/3987/3106
f 3113/3935/3060 3160/3988/3107 3159/3987/3106
f 3160/3988/3107 214/213/211 212/214/212
f 3160/3988/3107 3161/3989/3108 218/220/218
f 3113/3935/3060 3115/3937/3062 3161/3989/3108
f 3117/3939/3064 3162/3990/3109 3161/3989/3108
f 3162/3990/3109 220/219/217 218/220/218
f 3162/3990/3109 3163/3992/3110 224/3991/225
f 3117/3939/3064 3119/3941/3066 3163/3992/3110
f 3121/3943/3068 3164/3994/3111 3163/3993/3110
f 3164/3994/3111 226/226/224 224/228/225
f 3164/3994/3111 3165/3995/3112 230/235/231
f 3121/3943/3068 3123/3946/3070 3165/3995/3112
f 3125/3948/3072 3166/3996/3113 3165/3995/3112
f 3166/3996/3113 232/234/230 230/235/231
f 3166/3996/3113 3167/3997/3114 236/240/236
f 3125/3948/3072 3127/3950/3074 3167/3997/3114
f 3129/3952/3076 3168/3998/3115 3167/3997/3114
f 3168/3998/3115 238/239/235 236/240/236
f 3168/3998/3115 3169/3999/3116 242/247/243
f 3129/3952/3076 3131/3954/3078 3169/3999/3116
f 3133/3956/3080 3170/4000/3117 3169/3999/3116
f 3170/4000/3117 244/246/242 242/247/243
f 3170/4000/3117 3171/4002/3118 248/4001/249
f 3133/3956/3080 3135/3958/3082 3171/4002/3118
f 3137/3960/3084 3172/4004/3119 3171/4003/3118
f 3172/4004/3119 250/252/248 248/254/249
f 3172/4004/3119 3173/4005/3120 254/261/255
f 3137/3960/3084 3139/3963/3086 3173/4005/3120
f 3141/3965/3088 3174/4006/3121 3173/4005/3120
f 3174/4006/3121 256/260/254 254/261/255
f 3174/4006/3121 3143/3967/3090 162/164/164
f 3141/3965/3088 3080/3901/3028 3143/3967/3090
f 3178/4007/3122 3177/4012/3125 3176/4008/3123
f 3176/4008/3123 3177/4012/3125 3082/4010/3029
f 3177/4012/3125 3179/4016/3128 3084/4013/3031
f 3180/4014/3126 3179/4016/3128 3177/4012/3125
f 3182/4015/3127 3181/4018/3129 3179/4016/3128
f 3179/4016/3128 3181/4018/3129 3086/4017/3033
f 3181/4018/3129 3183/4643/3132 3088/4019/3035
f 3184/4020/3130 3183/4643/3132 3181/4018/3129
f 3186/4021/3131 3185/4026/3133 3183/4022/3132
f 3183/4022/3132 3185/4026/3133 3090/4024/3037
f 3185/4026/3133 3187/4030/3136 3092/4027/3039
f 3188/4028/3134 3187/4030/3136 3185/4026/3133
f 3190/4029/3135 3189/4032/3137 3187/4030/3136
f 3187/4030/3136 3189/4032/3137 3094/4031/3041
f 3189/4032/3137 3191/4036/3140 3096/4033/3043
f 3192/4034/3138 3191/4036/3140 3189/4032/3137
f 3194/4035/3139 3193/4038/3141 3191/4036/3140
f 3191/4036/3140 3193/4038/3141 3098/4037/3045
f 3193/4038/3141 3195/4042/3144 3100/4039/3047
f 3196/4040/3142 3195/4042/3144 3193/4038/3141
f 3198/4041/3143 3197/4044/3145 3195/4042/3144
f 3195/4042/3144 3197/4044/3145 3102/4043/3049
f 3197/4044/3145 3199/4644/3148 3104/4045/3051
f 3200/4046/3146 3199/4644/3148 3197/4044/3145
f 3202/4047/3147 3201/4052/3149 3199/4048/3148
f 3199/4048/3148 3201/4052/3149 3106/4050/3053
f 3201/4052/3149 3203/4056/3152 3108/4053/3055
f 3204/4054/3150 3203/4056/3152 3201/4052/3149
f 3206/4055/3151 3205/4058/3153 3203/4056/3152
f 3203/4056/3152 3205/4058/3153 3110/4057/3057
f 3205/4058/3153 3207/4062/3156 3112/4059/3059
f 3208/4060/3154 3207/4062/3156 3205/4058/3153
f 3210/4061/3155 3209/4064/3157 3207/4062/3156
f 3207/4062/3156 3209/4064/3157 3114/4063/3061
f 3209/4064/3157 3211/4068/3160 3116/4065/3063
f 3212/4066/3158 3211/4068/3160 3209/4064/3157
f 3214/4067/3159 3213/4070/3161 3211/4068/3160
f 3211/4068/3160 3213/4070/3161 3118/4069/3065
f 3213/4070/3161 3215/4645/3164 3120/4071/3067
f 3216/4072/3162 3215/4645/3164 3213/4070/3161
f 3218/4073/3163 3217/4078/3165 3215/4074/3164
f 3215/4074/3164 3217/4078/3165 3122/4076/3069
f 3217/4078/3165 3219/4082/3168 3124/4079/3071
f 3220/4080/3166 3219/4082/3168 3217/4078/3165
f 3222/4081/3167 3221/4084/3169 3219/4082/3168
f 3219/4082/3168 3221/4084/3169 3126/4083/3073
f 3221/4084/3169 3223/4088/3172 3128/4085/3075
f 3224/4086/3170 3223/4088/3172 3221/4084/3169
f 3226/4087/3171 3225/4090/3173 3223/4088/3172
f 3223/4088/3172 3225/4090/3173 3130/4089/3077
f 3225/4090/3173 3227/4094/3176 3132/4091/3079
f 3228/4092/3174 3227/4094/3176 3225/4090/3173
f 3230/4093/3175 3229/4096/3177 3227/4094/3176
f 3227/4094/3176 3229/4096/3177 3134/4095/3081
f 3229/4096/3177 3231/4646/3180 3136/4097/3083
f 3232/4098/3178 3231/4646/3180 3229/4096/3177
f 3234/4099/3179 3233/4104/3181 3231/4100/3180
f 3231/4100/3180 3233/4104/3181 3138/4102/3085
f 3233/4104/3181 3235/4108/3184 3140/4105/3087
f 3236/4106/3182 3235/4108/3184 3233/4104/3181
f 3238/4107/3183 3237/4110/3185 3235/4108/3184
f 3235/4108/3184 3237/4110/3185 3142/4109/3089
f 3237/4110/3185 3176/4008/3123 3079/4011/3026
f 3175/4009/3124 3176/4008/3123 3237/4110/3185
f 3242/4111/3186 3241/4114/3189 3240/4112/3187
f 3241/4114/3189 3178/4007/3122 3175/4009/3124
f 3243/4115/3190 3180/4014/3126 3178/4007/3122
f 3244/4116/3191 3243/4115/3190 3241/4114/3189
f 3246/4117/3192 3245/4118/3193 3243/4115/3190
f 3245/4118/3193 3182/4015/3127 3180/4014/3126
f 3247/4119/3194 3184/4020/3130 3182/4015/3127
f 3248/4120/3195 3247/4119/3194 3245/4118/3193
f 3250/4121/3196 3249/4123/3197 3247/4122/3194
f 3249/4123/3197 3186/4021/3131 3184/4023/3130
f 3251/4124/3198 3188/4028/3134 3186/4021/3131
f 3252/4125/3199 3251/4124/3198 3249/4123/3197
f 3254/4126/3200 3253/4127/3201 3251/4124/3198
f 3253/4127/3201 3190/4029/3135 3188/4028/3134
f 3255/4128/3202 3192/4034/3138 3190/4029/3135
f 3256/4129/3203 3255/4128/3202 3253/4127/3201
f 3258/4130/3204 3257/4131/3205 3255/4128/3202
f 3257/4131/3205 3194/4035/3139 3192/4034/3138
f 3259/4132/3206 3196/4040/3142 3194/4035/3139
f 3260/4133/3207 3259/4132/3206 3257/4131/3205
f 3262/4134/3208 3261/4135/3209 3259/4132/3206
f 3261/4135/3209 3198/4041/3143 3196/4040/3142
f 3263/4136/3210 3200/4046/3146 3198/4041/3143
f 3264/4137/3211 3263/4136/3210 3261/4135/3209
f 3266/4138/3212 3265/4141/3213 3263/4139/3210
f 3265/4141/3213 3202/4047/3147 3200/4049/3146
f 3267/4142/3214 3204/4054/3150 3202/4047/3147
f 3268/4143/3215 3267/4142/3214 3265/4141/3213
f 3270/4144/3216 3269/4145/3217 3267/4142/3214
f 3269/4145/3217 3206/4055/3151 3204/4054/3150
f 3271/4146/3218 3208/4060/3154 3206/4055/3151
f 3272/4147/3219 3271/4146/3218 3269/4145/3217
f 3274/4148/3220 3273/4149/3221 3271/4146/3218
f 3273/4149/3221 3210/4061/3155 3208/4060/3154
f 3275/4150/3222 3212/4066/3158 3210/4061/3155
f 3276/4151/3223 3275/4150/3222 3273/4149/3221
f 3278/4152/3224 3277/4153/3225 3275/4150/3222
f 3277/4153/3225 3214/4067/3159 3212/4066/3158
f 3279/4154/3226 3216/4072/3162 3214/4067/3159
f 3280/4155/3227 3279/4154/3226 3277/4153/3225
f 3282/4156/3228 3281/4159/3229 3279/4157/3226
f 3281/4159/3229 3218/4073/3163 3216/4075/3162
f 3283/4160/3230 3220/4080/3166 3218/4073/3163
f 3284/4161/3231 3283/4160/3230 3281/4159/3229
f 3286/4162/3232 3285/4163/3233 3283/4160/3230
f 3285/4163/3233 3222/4081/3167 3220/4080/3166
f 3287/4164/3234 3224/4086/3170 3222/4081/3167
f 3288/4165/3235 3287/4164/3234 3285/4163/3233
f 3290/4166/3236 3289/4167/3237 3287/4164/3234
f 3289/4167/3237 3226/4087/3171 3224/4086/3170
f 3291/4168/3238 3228/4092/3174 3226/4087/3171
f 3292/4169/3239 3291/4168/3238 3289/4167/3237
f 3294/4170/3240 3293/4171/3241 3291/4168/3238
f 3293/4171/3241 3230/4093/3175 3228/4092/3174
f 3295/4172/3242 3232/4098/3178 3230/4093/3175
f 3296/4173/3243 3295/4172/3242 3293/4171/3241
f 3298/4174/3244 3297/4177/3245 3295/4175/3242
f 3297/4177/3245 3234/4099/3179 3232/4101/3178
f 3299/4178/3246 3236/4106/3182 3234/4099/3179
f 3300/4179/3247 3299/4178/3246 3297/4177/3245
f 3302/4180/3248 3301/4181/3249 3299/4178/3246
f 3301/4181/3249 3238/4107/3183 3236/4106/3182
f 3240/4112/3187 3175/4009/3124 3238/4107/3183
f 3239/4113/3188 3240/4112/3187 3301/4181/3249
f 2578/3263/2533 2573/3397/2528 2581/3261/2531
f 2573/3397/2528 2574/4182/2535 2581/3261/2531
f 2577/4184/3251 2373/3088/2370 2370/3090/2372
f 2549/4637/2506 2683/3386/2632 3304/4187/3253
f 2683/3386/2632 2689/4185/2638 3304/4187/3253
f 3305/4186/3252 2689/4185/2638 2691/3398/2641
f 2691/3398/2641 2688/3388/2633 2685/3390/2635
f 3306/4190/3256 2438/4647/2422 2464/4188/3254
f 2464/4188/3254 3308/4403/3374 3307/4189/3255
f 3309/4193/3258 2638/4358/2594 2645/4191/2596
f 2645/4191/2596 3311/4648/3360 3310/4192/3257
f 2397/3112/2392 2391/3111/2391 2387/3103/2384
f 3312/4194/3259 2584/4205/2543 2590/3278/2545
f 2590/3278/2545 2486/3183/2459 2483/3185/2461
f 2594/4195/3260 3313/4196/3261 2485/3268/2538
f 3313/4196/3261 2399/3110/2390 2397/3112/2392
f 2596/4197/3262 2407/3117/2397 2406/3119/2398
f 2602/3287/2551 2597/3286/2550 2599/3291/2555
f 2599/3291/2555 2510/3290/2554 2511/4198/3263
f 3316/4199/3264 3315/4366/3366 2548/4200/2505
f 2461/3164/2441 2462/3163/2440 2482/4202/3266
f 2543/3228/2502 2528/3227/2501 2524/3218/2492
f 2551/4203/2507 3316/4199/3264 3314/4201/3265
f 2557/4649/2540 2582/4363/2537 2588/4206/3267
f 2582/4363/2537 2584/4205/2543 2588/4206/3267
f 3308/4403/3374 3317/4207/3268 3307/4189/3255
f 3317/4207/3268 2465/3169/2445 2466/3168/2444
f 2432/3142/2420 2422/3141/2419 2418/3132/2410
f 3318/4209/3270 2606/4361/2565 2615/3308/2567
f 2615/3308/2567 2619/3307/2569 3319/4208/3269
f 2408/3122/2401 2409/3121/2400 2610/3296/2558
f 2409/3121/2400 2434/3140/2418 2432/3142/2420
f 3321/4210/3271 2442/3147/2425 2441/3149/2426
f 2625/3316/2574 2621/3315/2573 2623/4212/2579
f 2623/4212/2579 3323/4650/3279 3322/4213/3273
f 2429/3139/2417 2430/3138/2416 2614/4214/3274
f 2471/4216/3275 2478/4651/3432 2476/4217/2454
f 2540/3225/2499 2541/3224/2498 2675/4218/3276
f 3323/4650/3279 2623/4212/2579 3324/4222/3278
f 2623/4212/2579 2630/4220/2581 3324/4222/3278
f 3324/4652/3278 2480/4224/2458 3323/4223/3279
f 2480/4224/2458 2481/4653/2457 3326/4225/3280
f 2467/3171/2447 2465/3169/2445 3317/4207/3268
f 2642/3335/2591 2468/3170/2446 2467/3171/2447
f 2635/3336/2592 2642/3335/2591 2628/3324/2582
f 2643/4226/3281 3327/4227/3282 2468/3170/2446
f 3327/4227/3282 2427/3134/2412 2423/3167/2443
f 2619/3307/2569 2610/3296/2558 2608/3298/2560
f 2516/4229/3284 2492/3210/2485 2493/4228/3283
f 2493/4228/3283 2525/4622/3382 2526/3217/2491
f 3328/4230/3285 2417/3130/2408 2399/3110/2390
f 3331/4231/3286 3330/4242/3296 2503/3195/2471
f 3332/4233/3288 3333/4654/3358 2500/4234/3289
f 2498/3194/2470 2499/3193/2469 3335/4235/3290
f 2654/4237/3292 3329/4232/3287 2649/3343/2599
f 3329/4232/3287 2503/3195/2471 2501/3197/2473
f 2657/4238/3293 2509/3202/2478 2508/3204/2479
f 2664/3359/2611 2659/3358/2610 2661/3363/2615
f 2661/3363/2615 2665/3362/2614 3336/4239/3294
f 2580/4240/3295 3337/4256/3302 2571/3253/2525
f 2455/3199/2475 2506/3201/2477 2496/3189/2465
f 3330/4242/3296 2515/3208/2483 2502/3198/2474
f 2603/3299/2561 2613/3301/2563 2514/3205/2480
f 2666/3370/2620 2674/3372/2622 3338/4244/3297
f 3310/4655/3257 3311/4356/3360 2640/4248/2589
f 3311/4356/3360 3339/4246/3298 2640/4248/2589
f 2494/4249/2467 2495/4656/2466 2542/4250/3299
f 3340/4251/3300 2669/4374/2624 2676/3378/2626
f 2676/3378/2626 2523/3214/2488 2520/3216/2490
f 2680/3380/2629 3341/4252/3301 2522/3368/2618
f 3341/4252/3301 2545/3226/2500 2543/3228/2502
f 3314/4253/3265 2548/3232/2505 2545/3226/2500
f 2550/3387/2508 3314/4253/3265 3341/4252/3301
f 3336/4657/3294 2665/4245/2614 2655/4255/2607
f 2665/4245/2614 3338/4244/3297 2655/4255/2607
f 3337/4256/3302 2519/3212/2486 2517/3250/2522
f 2567/4407/3376 3342/4257/3303 2566/3248/2520
f 3342/4257/3303 2568/3252/2524 2569/3251/2523
f 3344/4258/3304 3321/4210/3271 3320/4211/3272
f 2555/4260/2512 2556/4658/2511 2565/4261/3306
f 2570/3254/2526 2568/3252/2524 3342/4257/3303
f 2579/3262/2532 2571/3253/2525 2570/3254/2526
f 2578/3263/2533 2579/3262/2532 2687/4263/3308
f 2376/3091/2373 3347/4268/3310 3346/4264/3309
f 3347/4265/3310 3242/4111/3186 3239/4113/3188
f 3348/4267/3311 3244/4116/3191 3242/4111/3186
f 2377/3093/2375 3348/4269/3311 3347/4268/3310
f 2389/3102/2383 3349/4272/3312 3348/4269/3311
f 3349/4270/3312 3246/4117/3192 3244/4116/3191
f 3350/4271/3313 3248/4120/3195 3246/4117/3192
f 2390/3104/2385 3350/4273/3313 3349/4272/3312
f 2400/3125/2404 3351/4277/3314 3350/4273/3313
f 3351/4274/3314 3250/4121/3196 3248/4120/3195
f 3352/4276/3315 3252/4125/3199 3250/4121/3196
f 2412/3124/2403 3352/4278/3315 3351/4277/3314
f 2415/3127/2406 3353/4282/3316 3352/4278/3315
f 3353/4279/3316 3254/4126/3200 3252/4125/3199
f 3354/4280/3317 3256/4129/3203 3254/4126/3200
f 2416/4281/3318 3354/4283/3317 3353/4282/3316
f 2420/3131/2409 3355/4286/3319 3354/4283/3317
f 3355/4284/3319 3258/4130/3204 3256/4129/3203
f 3356/4285/3320 3260/4133/3207 3258/4130/3204
f 2421/3133/2411 3356/4287/3320 3355/4286/3319
f 2435/3155/2432 3357/4290/3321 3356/4287/3320
f 3357/4288/3321 3262/4134/3208 3260/4133/3207
f 3358/4289/3322 3264/4137/3211 3262/4134/3208
f 2448/3154/2431 3358/4291/3322 3357/4290/3321
f 3306/4190/3256 3359/4295/3323 3358/4291/3322
f 3359/4292/3323 3266/4138/3212 3264/4140/3211
f 3360/4294/3324 3268/4143/3215 3266/4138/3212
f 3307/4189/3255 3360/4296/3324 3359/4295/3323
f 2466/3168/2444 3361/4299/3325 3360/4296/3324
f 3361/4297/3325 3270/4144/3216 3268/4143/3215
f 3362/4298/3326 3272/4147/3219 3270/4144/3216
f 2424/3136/2414 3362/4300/3326 3361/4299/3325
f 2425/3135/2413 3363/4303/3327 3362/4300/3326
f 3363/4301/3327 3274/4148/3220 3272/4147/3219
f 3364/4302/3328 3276/4151/3223 3274/4148/3220
f 2474/3176/2452 3364/4304/3328 3363/4303/3327
f 2489/3186/2462 3365/4307/3329 3364/4304/3328
f 3365/4305/3329 3278/4152/3224 3276/4151/3223
f 3366/4306/3330 3280/4155/3227 3278/4152/3224
f 2490/3188/2464 3366/4308/3330 3365/4307/3329
f 2504/3209/2484 3367/4312/3331 3366/4308/3330
f 3367/4309/3331 3282/4156/3228 3280/4158/3227
f 3368/4311/3332 3284/4161/3231 3282/4156/3228
f 2453/3156/2433 3368/4313/3332 3367/4312/3331
f 2454/3158/2435 3369/4316/3333 3368/4313/3332
f 3369/4314/3333 3286/4162/3232 3284/4161/3231
f 3370/4315/3334 3288/4165/3235 3286/4162/3232
f 2516/4229/3284 3370/4317/3334 3369/4316/3333
f 2526/3217/2491 3371/4320/3335 3370/4317/3334
f 3371/4318/3335 3290/4166/3236 3288/4165/3235
f 3372/4319/3336 3292/4169/3239 3290/4166/3236
f 2527/3219/2493 3372/4321/3336 3371/4320/3335
f 2546/3231/2504 3373/4324/3337 3372/4321/3336
f 3373/4322/3337 3294/4170/3240 3292/4169/3239
f 3374/4323/3338 3296/4173/3243 3294/4170/3240
f 2547/3237/2509 3374/4325/3338 3373/4324/3337
f 2553/3249/2521 3375/4329/3339 3374/4325/3338
f 3375/4326/3339 3298/4174/3244 3296/4176/3243
f 3376/4328/3340 3300/4179/3247 3298/4174/3244
f 2566/3248/2520 3376/4330/3340 3375/4329/3339
f 2569/3251/2523 3377/4332/3341 3376/4330/3340
f 3377/4331/3341 3302/4180/3248 3300/4179/3247
f 3346/4266/3309 3239/4113/3188 3302/4180/3248
f 2518/3213/2487 3346/4264/3309 3377/4332/3341
f 3379/4484/3403 3378/4486/3404 3380/4333/3342
f 3378/4486/3404 3389/4334/3343 3380/4333/3342
f 3389/4334/3343 3388/4463/3388 3387/4460/3386
f 3386/4462/3387 3385/4465/3389 3384/4335/3344
f 3389/4334/3343 3387/4460/3386 3386/4462/3387
f 3382/4516/3419 3381/4515/3418 3383/4519/3420
f 3381/4515/3418 3380/4333/3342 3384/4335/3344
f 3383/4519/3420 3381/4515/3418 3384/4335/3344
f 3386/4462/3387 3384/4335/3344 3389/4334/3343
f 3391/4487/3405 3390/4338/3347 3392/4337/3346
f 3390/4338/3347 3399/4502/3413 3395/4336/3345
f 3392/4337/3346 3395/4336/3345 3394/4491/3407
f 3399/4502/3413 3398/4469/3392 3397/4468/3391
f 3397/4468/3391 3396/4467/3390 3395/4336/3345
f 3394/4491/3407 3393/4490/3406 3392/4337/3346
f 3397/4468/3391 3395/4336/3345 3399/4502/3413
f 3401/4522/3421 3400/4341/3350 3402/4340/3349
f 3400/4341/3350 3409/4538/3428 3405/4339/3348
f 3402/4340/3349 3405/4339/3348 3404/4526/3423
f 3409/4538/3428 3408/4470/3393 3407/4472/3394
f 3407/4472/3394 3406/4473/3395 3405/4339/3348
f 3404/4526/3423 3403/4524/3422 3402/4340/3349
f 3407/4472/3394 3405/4339/3348 3409/4538/3428
f 3411/4492/3408 3410/4494/3409 3412/4342/3351
f 3410/4494/3409 3421/4343/3352 3412/4342/3351
f 3421/4343/3352 3420/4477/3398 3419/4474/3396
f 3418/4476/3397 3417/4479/3399 3416/4344/3353
f 3421/4343/3352 3419/4474/3396 3418/4476/3397
f 3414/4529/3425 3413/4528/3424 3415/4532/3426
f 3413/4528/3424 3412/4342/3351 3416/4344/3353
f 3415/4532/3426 3413/4528/3424 3416/4344/3353
f 3418/4476/3397 3416/4344/3353 3421/4343/3352
f 3423/4495/3410 3422/4347/3356 3424/4346/3355
f 3422/4347/3356 3431/4506/3414 3427/4345/3354
f 3424/4346/3355 3427/4345/3354 3426/4499/3412
f 3431/4506/3414 3430/4483/3402 3429/4482/3401
f 3429/4482/3401 3428/4481/3400 3427/4345/3354
f 3426/4499/3412 3425/4498/3411 3424/4346/3355
f 3429/4482/3401 3427/4345/3354 3431/4506/3414
f 3304/4659/3253 2693/4348/2640 2549/3233/2506
f 2693/4348/2640 2694/4660/2639 2552/4349/3357
f 3432/4661/3362 2475/3177/2453 3332/4351/3288
f 2475/3177/2453 2477/3179/2455 3332/4351/3288
f 2394/4352/2388 2395/4662/2387 2431/4353/3359
f 3322/4663/3273 3323/4223/3279 3343/4355/3305
f 3323/4223/3279 3326/4225/3280 3343/4355/3305
f 3433/4664/3368 3334/4357/3291 3311/4356/3360
f 3334/4357/3291 3335/4665/3290 3339/4246/3298
f 2635/3336/2592 2636/3326/2584 2644/3334/2590
f 2636/3326/2584 2638/4358/2594 2644/3334/2590
f 2620/4359/3361 2450/3153/2430 2433/3143/2421
f 2474/3176/2452 2475/4614/2453 3432/4360/3362
f 3432/4360/3362 2488/4417/3381 2489/3186/2462
f 2603/4628/2561 2604/3289/2553 2612/4362/3363
f 2604/3289/2553 2606/4361/2565 2612/4362/3363
f 3303/4183/3250 2574/4182/2535 2582/4363/2537
f 2582/4363/2537 2557/4649/2540 2558/4364/3364
f 3325/4221/3277 2630/4220/2581 2632/3327/2585
f 2632/3327/2585 2629/3317/2575 2626/3319/2577
f 2663/3360/2612 3331/4231/3286 3329/4232/3287
f 2449/4402/3373 2437/4365/3365 2448/3154/2431
f 2437/4365/3365 2438/4647/2422 3306/4190/3256
f 2501/3197/2473 2491/3196/2472 2487/3187/2463
f 3315/4366/3366 2459/4666/2436 2456/4367/2438
f 2413/4400/3372 2402/4368/3367 2412/3124/2403
f 2402/4368/3367 2403/3128/2394 2415/3127/2406
f 3311/4648/3360 2645/4191/2596 3433/4370/3368
f 2645/4191/2596 2443/4369/2602 3433/4370/3368
f 2403/3114/2394 2404/3116/2396 2396/3105/2386
f 2384/3099/2381 2385/3098/2380 2589/4372/3369
f 2687/4263/3308 2570/3254/2526 3345/4262/3307
f 2666/4633/2620 2667/3361/2613 2673/4375/3370
f 2667/3361/2613 2669/4374/2624 2673/4375/3370
f 2416/4281/3318 2392/3126/2405 2393/4376/3371
f 2393/4376/3371 2419/4607/3379 2420/3131/2409
f 2602/4377/2551 2511/4621/3263 2512/3207/2482
f 2625/4379/2574 3322/4667/3273 3343/4259/3305
f 2480/4224/2458 3324/4652/3278 3325/4381/3277
f 2664/4383/2611 3336/4657/3294 2655/4255/2607
f 2693/4348/2640 3304/4659/3253 3305/4385/3252
f 3303/4387/3250 2558/4624/3364 2559/3243/2515
f 2587/3271/2541 2588/4625/3267 3312/4389/3259
f 2611/3300/2562 2612/4629/3363 3318/4391/3270
f 3309/4393/3258 3310/4655/3257 2640/4248/2589
f 3334/4357/3291 3433/4664/3368 2444/4395/2429
f 2672/3371/2621 2673/4634/3370 3340/4397/3300
f 2401/4399/2395 2402/4368/3367 2413/4400/3372
f 2436/4401/2423 2437/4365/3365 2449/4402/3373
f 3308/4403/3374 2464/4188/3254 2460/4404/2439
f 2505/4405/2476 2451/3157/2434 2452/4406/3375
f 2567/4407/3376 2554/3247/2519 2555/4408/2512
f 2371/3101/2371 2374/4600/2374 2375/4409/3377
f 2388/4411/3378 2379/3129/2407 2380/4412/2378
f 2419/4413/3379 2393/4602/3371 2394/3107/2388
f 2476/3178/2454 2473/4615/2451 2426/4415/3380
f 2488/4417/3381 3432/4360/3362 3332/4418/3288
f 2525/4419/3382 2493/4617/3283 2494/3191/2467
f 2406/4421/2398 2401/4399/2395 2414/3123/2402
f 2441/4422/2426 2436/4401/2423 2450/3153/2430
f 2461/4423/2441 2634/3325/2583 3317/4207/3268
f 2508/4424/2479 2505/4405/2476 2515/3208/2483
f 2562/4425/2516 3345/4262/3307 3342/4257/3303
f 2512/4426/2482 2595/4427/2547 3328/4230/3285
f 2595/4427/2547 2406/4421/2398 2417/3130/2408
f 3343/4428/3305 3320/4429/3272 2410/3309/2570
f 3320/4429/3272 2441/4422/2426 2620/4359/3361
f 2480/4430/2458 2626/3319/2577 2627/3318/2576
f 2479/4431/2456 2627/3318/2576 2634/3325/2583
f 2655/4432/2607 2656/4433/2606 3331/4231/3286
f 2656/4433/2606 2508/4424/2479 3330/4242/3296
f 2693/4434/2640 2685/3390/2635 2686/3389/2634
f 2563/4435/2518 2686/3389/2634 3345/4262/3307
f 2370/4436/2372 2371/4668/2371 2519/3212/2486
f 2383/4437/2379 2586/3269/2539 2387/3103/2384
f 2428/4438/2415 2609/3297/2559 2418/3132/2410
f 2470/4440/2449 2476/4669/2454 2427/3134/2412
f 2497/4441/2468 2650/3344/2600 2487/3187/2463
f 2539/4442/2497 2671/3369/2619 2524/3218/2492
f 3337/4256/3302 2580/4240/3295 2576/4444/2530
f 2559/4445/2515 2576/4444/2530 2580/4240/3295
f 2586/3269/2539 2383/4437/2379 2384/4446/2381
f 2587/4447/2541 2483/3185/2461 2484/3184/2460
f 2609/3297/2559 2428/4438/2415 2429/4448/2417
f 2611/4449/2562 3319/4208/3269 2608/3298/2560
f 3327/4227/3282 2643/4226/3281 2469/4450/2450
f 2640/4451/2589 2469/4450/2450 2643/4226/3281
f 2650/3344/2600 2497/4441/2468 2498/4452/2470
f 3334/4453/3291 2445/3151/2428 2648/3342/2598
f 2671/3369/2619 2539/4442/2497 2540/4454/2499
f 2672/4455/2621 2520/3216/2490 2521/3215/2489
f 2601/3288/2552 3328/4230/3285 3313/4196/3261
f 2537/4456/3383 2560/4670/2514 2561/4457/2513
f 2561/4457/2513 2589/4671/3369 2535/4459/3385
f 3387/4460/3386 2514/4464/2480 2613/4461/2563
f 3388/4463/3388 2513/4672/2481 2514/4464/2480
f 2613/4461/2563 2614/4673/3274 3385/4465/3389
f 3326/4466/3280 2481/4674/2457 3396/4467/3390
f 3398/4469/3392 3344/4675/3304 3326/4466/3280
f 3408/4470/3393 2641/4676/2588 3339/4471/3298
f 3339/4471/3298 3335/4677/3290 3406/4473/3395
f 3419/4474/3396 3338/4478/3297 2674/4475/2622
f 3420/4477/3398 2658/4678/2605 3338/4478/3297
f 2674/4475/2622 2675/4679/3276 3417/4479/3399
f 2552/4480/3357 2694/4680/2639 3428/4481/3400
f 3430/4483/3402 2551/4681/2507 2552/4480/3357
f 3379/4484/3403 2405/4682/3430 2407/4485/2397
f 3391/4487/3405 2440/4683/3431 2442/4488/2425
f 2462/4489/2440 2463/4684/2442 3393/4490/3406
f 3411/4492/3408 2507/4685/3433 2509/4493/2478
f 3423/4495/3410 2459/4686/2436 3315/4496/3366
f 2565/4497/3306 2556/4687/2511 3425/4498/3411
f 2596/4500/3262 2513/4672/2481 3388/4463/3388
f 2407/4485/2397 2596/4500/3262 3389/4334/3343
f 3321/4501/3271 3344/4675/3304 3398/4469/3392
f 2442/4488/2425 3321/4501/3271 3399/4502/3413
f 3396/4467/3390 2481/4674/2457 2482/4503/3266
f 3395/4336/3345 2482/4503/3266 2462/4489/2440
f 2657/4504/3293 2658/4678/2605 3420/4477/3398
f 2509/4493/2478 2657/4504/3293 3421/4343/3352
f 3316/4505/3264 2551/4681/2507 3430/4483/3402
f 3315/4496/3366 3316/4505/3264 3431/4506/3414
f 3428/4481/3400 2694/4680/2639 2564/4507/2517
f 3427/4345/3354 2564/4507/2517 2565/4497/3306
f 2382/4508/2376 2372/4688/3429 2530/4509/3415
f 2530/4509/3415 2372/4688/3429 2373/4510/2370
f 2532/4511/3416 2381/4689/2377 2382/4508/2376
f 2386/4512/2389 2381/4689/2377 2532/4511/3416
f 2404/4514/2396 2405/4682/3430 3379/4484/3403
f 3381/4515/3418 2396/4517/2386 2404/4514/2396
f 3382/4516/3419 2395/4690/2387 2396/4517/2386
f 2431/4518/3359 2395/4690/2387 3382/4516/3419
f 2439/4520/2424 2440/4683/3431 3391/4487/3405
f 3393/4490/3406 2463/4684/2442 2439/4520/2424
f 2477/4521/2455 2478/4691/3432 3401/4522/3421
f 3401/4522/3421 2478/4691/3432 2471/4523/3275
f 3403/4524/3422 3333/4692/3358 2477/4521/2455
f 2500/4525/3289 3333/4692/3358 3403/4524/3422
f 2506/4527/2477 2507/4685/3433 3411/4492/3408
f 3413/4528/3424 2496/4530/2465 2506/4527/2477
f 3414/4529/3425 2495/4693/2466 2496/4530/2465
f 2542/4531/3299 2495/4693/2466 3414/4529/3425
f 2458/4533/2510 2459/4686/2436 3423/4495/3410
f 3425/4498/3411 2556/4687/2511 2458/4533/2510
f 2373/4510/2370 2577/4535/3251 2538/4534/3427
f 2577/4535/3251 2560/4670/2514 2537/4456/3383
f 2534/3220/2494 2385/4536/2380 2386/4512/2389
f 2535/4459/3385 2589/4671/3369 2385/4536/2380
f 3384/4335/3344 2430/4537/2416 2431/4518/3359
f 3385/4465/3389 2614/4673/3274 2430/4537/2416
f 2471/4523/3275 2472/4539/2448 3409/4538/3428
f 2472/4539/2448 2641/4676/2588 3408/4470/3393
f 3405/4339/3348 2499/4540/2469 2500/4525/3289
f 3406/4473/3395 3335/4677/3290 2499/4540/2469
f 3416/4344/3353 2541/4541/2498 2542/4531/3299
f 3417/4479/3399 2675/4679/3276 2541/4541/2498
