# Blender v3.0.0 OBJ File: 'bishop.blend'
# www.blender.org
mtllib models/chess_materials/ChessWhite.mtl
o Plane.011_Plane.005
v 0.189238 -0.477727 0.026754
v 0.092397 -0.505434 0.026754
v 0.091498 -0.500515 0.013965
v 0.187396 -0.473076 0.013965
v -0.007984 -0.513781 0.026754
v -0.007906 -0.508778 0.013965
v -0.007838 -0.504425 0.007131
v 0.090712 -0.496230 0.007131
v 0.185791 -0.469027 0.007131
v -0.189379 -0.437832 0.274311
v -0.271139 -0.392447 0.274311
v -0.275270 -0.398426 0.261219
v -0.192264 -0.444502 0.261219
v -0.342512 -0.332033 0.274311
v -0.347730 -0.337092 0.261219
v -0.353984 -0.343154 0.242409
v -0.280218 -0.405592 0.242409
v -0.195722 -0.452495 0.242409
v -0.400682 -0.258815 0.274311
v -0.406786 -0.262758 0.261219
v -0.443501 -0.175685 0.274311
v -0.450261 -0.178360 0.261219
v -0.458358 -0.181568 0.242409
v -0.414102 -0.267484 0.242409
v -0.469225 -0.085781 0.274311
v -0.476374 -0.087086 0.261219
v -0.476973 0.007412 0.274311
v -0.484241 0.007524 0.261219
v -0.492949 0.007660 0.242409
v -0.484940 -0.088654 0.242409
v -0.466334 0.100314 0.274311
v -0.473438 0.101843 0.261219
v -0.437829 0.189375 0.274311
v -0.444502 0.192260 0.261219
v -0.452495 0.195718 0.242409
v -0.481952 0.103674 0.242409
v -0.392447 0.271135 0.274311
v -0.398426 0.275266 0.261219
v -0.332030 0.342511 0.274311
v -0.337088 0.347728 0.261219
v -0.343151 0.353983 0.242409
v -0.405592 0.280217 0.242409
v -0.258815 0.400678 0.274311
v -0.262758 0.406782 0.261219
v -0.175684 0.443500 0.274311
v -0.178361 0.450257 0.261219
v -0.181568 0.458353 0.242409
v -0.267481 0.414098 0.242409
v -0.085778 0.469224 0.274311
v -0.087086 0.476370 0.261219
v 0.007412 0.476972 0.274311
v 0.007524 0.484237 0.261219
v 0.007660 0.492948 0.242409
v -0.088651 0.484939 0.242409
v 0.100314 0.466332 0.274311
v 0.101843 0.473434 0.261219
v 0.189378 0.437828 0.274311
v 0.192263 0.444498 0.261219
v 0.195721 0.452491 0.242409
v 0.103674 0.481951 0.242409
v 0.271138 0.392443 0.274311
v 0.275266 0.398422 0.261219
v 0.342511 0.332029 0.274311
v 0.347728 0.337087 0.261219
v 0.353983 0.343150 0.242409
v 0.280217 0.405588 0.242409
v 0.400681 0.258811 0.274311
v 0.406785 0.262754 0.261219
v 0.443500 0.175680 0.274311
v 0.450257 0.178357 0.261219
v 0.458356 0.181564 0.242409
v 0.414101 0.267480 0.242409
v 0.469224 0.085777 0.274311
v 0.476373 0.087085 0.261219
v 0.476972 -0.007412 0.274311
v 0.484240 -0.007525 0.261219
v 0.492948 -0.007661 0.242409
v 0.484939 0.088650 0.242409
v 0.466332 -0.100318 0.274311
v 0.473437 -0.101845 0.261219
v 0.437828 -0.189379 0.274311
v 0.444498 -0.192264 0.261219
v 0.452494 -0.195722 0.242409
v 0.481951 -0.103678 0.242409
v 0.392446 -0.271138 0.274311
v 0.398425 -0.275270 0.261219
v 0.332029 -0.342515 0.274311
v 0.337087 -0.347732 0.261219
v 0.343150 -0.353987 0.242409
v 0.405591 -0.280221 0.242409
v 0.258814 -0.400682 0.274311
v 0.262754 -0.406786 0.261219
v 0.175683 -0.443504 0.274311
v 0.178360 -0.450261 0.261219
v 0.181567 -0.458357 0.242409
v 0.267480 -0.414102 0.242409
v 0.032231 -0.081373 2.444226
v 0.015737 -0.086092 2.444226
v 0.017590 -0.096219 2.408301
v 0.036025 -0.090944 2.408301
v -0.001361 -0.087512 2.444226
v -0.001520 -0.097807 2.408301
v -0.001655 -0.106521 2.372358
v 0.019155 -0.104789 2.372358
v 0.039232 -0.099046 2.372358
v -0.245917 0.003821 1.379787
v -0.256253 0.003981 1.381317
v -0.250536 0.053893 1.381317
v -0.240432 0.051718 1.379787
v -0.263972 0.004101 1.382553
v -0.258084 0.055516 1.382553
v -0.242310 0.104805 1.382553
v -0.235223 0.101739 1.381317
v -0.225737 0.097637 1.379787
v 0.245916 -0.003822 1.379787
v 0.241922 0.044222 1.379787
v 0.252089 0.046083 1.381317
v 0.256252 -0.003983 1.381317
v 0.228661 0.090577 1.379787
v 0.238270 0.094382 1.381317
v 0.245449 0.097225 1.382553
v 0.259684 0.047471 1.382553
v 0.263971 -0.004103 1.382553
v 0.036830 -0.092981 2.347668
v 0.017982 -0.098374 2.347668
v 0.014965 -0.081870 2.342271
v 0.030652 -0.077382 2.342271
v -0.001554 -0.100000 2.347668
v -0.001294 -0.083223 2.342271
v -0.001041 -0.066983 2.337336
v 0.012045 -0.065893 2.337336
v 0.024670 -0.062282 2.337336
v -0.039702 -0.091792 2.347668
v -0.056846 -0.082278 2.347668
v -0.047309 -0.068475 2.342271
v -0.033042 -0.076393 2.342271
v -0.071807 -0.069613 2.347668
v -0.059762 -0.057933 2.342271
v -0.048098 -0.046629 2.337336
v -0.038076 -0.055111 2.337336
v -0.026594 -0.061485 2.337336
v -0.084002 -0.054262 2.347668
v -0.069911 -0.045159 2.342271
v -0.092981 -0.036835 2.347668
v -0.077382 -0.030656 2.342271
v -0.062282 -0.024674 2.337336
v -0.056267 -0.036346 2.337336
v -0.098374 -0.017987 2.347668
v -0.081870 -0.014969 2.342271
v -0.099996 0.001553 2.347668
v -0.083222 0.001292 2.342271
v -0.066980 0.001040 2.337336
v -0.065893 -0.012047 2.337336
v -0.097768 0.021030 2.347668
v -0.081365 0.017502 2.342271
v -0.091792 0.039701 2.347668
v -0.076392 0.033041 2.342271
v -0.061484 0.026592 2.337336
v -0.065486 0.014086 2.337336
v -0.082275 0.056842 2.347668
v -0.068475 0.047305 2.342271
v -0.069609 0.071806 2.347668
v -0.057933 0.059758 2.342271
v -0.046626 0.048097 2.337336
v -0.055111 0.038072 2.337336
v -0.054262 0.084001 2.347668
v -0.045159 0.069907 2.342271
v -0.036831 0.092977 2.347668
v -0.030653 0.077378 2.342271
v -0.024671 0.062277 2.337336
v -0.036346 0.056266 2.337336
v -0.017984 0.098370 2.347668
v -0.014966 0.081865 2.342271
v 0.001553 0.099995 2.347668
v 0.001293 0.083218 2.342271
v 0.001040 0.066979 2.337336
v -0.012046 0.065888 2.337336
v 0.021030 0.097763 2.347668
v 0.017502 0.081361 2.342271
v 0.039701 0.091787 2.347668
v 0.033041 0.076388 2.342271
v 0.026593 0.061481 2.337336
v 0.014086 0.065482 2.337336
v 0.056842 0.082274 2.347668
v 0.047308 0.068470 2.342271
v 0.071806 0.069608 2.347668
v 0.059761 0.057929 2.342271
v 0.048097 0.046624 2.337336
v 0.038075 0.055109 2.337336
v 0.084001 0.054258 2.347668
v 0.069910 0.045154 2.342271
v 0.092980 0.036830 2.347668
v 0.077381 0.030652 2.342271
v 0.062281 0.024670 2.337336
v 0.056266 0.036341 2.337336
v 0.098373 0.017982 2.347668
v 0.081869 0.014965 2.342271
v 0.099995 -0.001555 2.347668
v 0.083221 -0.001294 2.342271
v 0.066979 -0.001041 2.337336
v 0.065892 0.012045 2.337336
v 0.097766 -0.021035 2.347668
v 0.081364 -0.017506 2.342271
v 0.091791 -0.039706 2.347668
v 0.076391 -0.033046 2.342271
v 0.061483 -0.026598 2.337336
v 0.065485 -0.014087 2.337336
v 0.082274 -0.056846 2.347668
v 0.068473 -0.047310 2.342271
v 0.069608 -0.071810 2.347668
v 0.057932 -0.059762 2.342271
v 0.046625 -0.048101 2.337336
v 0.055110 -0.038077 2.337336
v 0.054258 -0.084005 2.347668
v 0.045158 -0.069911 2.342271
v 0.036345 -0.056267 2.337336
v 0.024959 -0.062994 2.328564
v 0.012187 -0.066618 2.328519
v 0.015285 -0.084863 2.320221
v 0.031576 -0.080709 2.319240
v -0.001052 -0.067700 2.328492
v -0.001334 -0.085863 2.319897
v -0.001638 -0.105378 2.311131
v 0.016387 -0.104854 2.310714
v 0.037654 -0.107210 2.305812
v 0.063643 0.146358 2.265735
v 0.092413 0.132799 2.262639
v 0.109842 0.146897 2.234025
v 0.070163 0.161244 2.245527
v 0.119550 0.114754 2.258001
v 0.145672 0.130255 2.218710
v 0.148529 0.153491 2.197053
v 0.112588 0.163897 2.216589
v 0.074640 0.172258 2.231466
v 0.157805 0.062448 2.251641
v 0.166612 0.030457 2.251959
v 0.202842 0.036869 2.201199
v 0.195949 0.074880 2.198859
v 0.169278 -0.002643 2.251992
v 0.206912 -0.003240 2.201664
v 0.245155 -0.003774 2.135382
v 0.237672 0.042370 2.143197
v 0.226834 0.073041 2.151765
v 0.165537 -0.035625 2.252004
v 0.202384 -0.043566 2.201736
v 0.155469 -0.067233 2.252019
v 0.190157 -0.082207 2.201808
v 0.225290 -0.097361 2.136033
v 0.239744 -0.051525 2.135745
v 0.139344 -0.096242 2.252013
v 0.170425 -0.117656 2.201805
v 0.117861 -0.121562 2.251998
v 0.144093 -0.148589 2.201766
v 0.170712 -0.176033 2.136069
v 0.201922 -0.139385 2.136108
v 0.091854 -0.142238 2.251965
v 0.112276 -0.173813 2.201742
v 0.062345 -0.157691 2.251773
v 0.076204 -0.192418 2.201715
v 0.090280 -0.227910 2.136039
v 0.133011 -0.205906 2.136042
v 0.030430 -0.167369 2.251362
v 0.037205 -0.203643 2.201664
v -0.002649 -0.170446 2.251113
v -0.003218 -0.207047 2.201634
v -0.003809 -0.245110 2.136039
v 0.044078 -0.241129 2.136039
v -0.300823 -0.000562 1.992210
v -0.316459 -0.004721 1.947261
v -0.308315 -0.056951 1.948413
v -0.294373 -0.053913 1.993047
v -0.328639 -0.063128 1.874841
v -0.310454 -0.123574 1.875666
v -0.291236 -0.115211 1.949880
v 0.218245 -0.225194 1.950684
v 0.233095 -0.240537 1.876260
v 0.275289 -0.190400 1.876152
v 0.257833 -0.178205 1.950555
v -0.278117 -0.109972 1.994166
v -0.322011 0.025864 1.917669
v -0.327683 0.020750 1.895979
v -0.332726 0.017933 1.874592
v -0.336059 -0.013279 1.874571
v -0.324715 -0.007745 1.918773
v 0.003529 0.227108 1.325823
v 0.003787 0.243789 1.323174
v -0.043844 0.239827 1.323174
v -0.040844 0.223417 1.325823
v 0.004047 0.260458 1.320522
v -0.046842 0.256226 1.320522
v -0.095933 0.242179 1.320522
v -0.089795 0.226680 1.323174
v -0.083651 0.211168 1.325823
v 0.125422 -0.316622 1.810335
v 0.061237 -0.334985 1.810335
v 0.061555 -0.336725 1.767069
v 0.126076 -0.318291 1.767063
v -0.005291 -0.340520 1.810335
v -0.005321 -0.342259 1.767075
v -0.005351 -0.342199 1.715268
v 0.061577 -0.336848 1.715220
v 0.126147 -0.318595 1.715172
v 0.005068 0.326183 1.888044
v 0.071755 0.319257 1.884786
v 0.071950 0.331300 1.802538
v 0.005271 0.338869 1.802916
v 0.133194 0.303109 1.874328
v 0.137355 0.309846 1.801086
v 0.137119 0.313390 1.726296
v 0.072257 0.334443 1.726278
v 0.005317 0.341994 1.726251
v 0.005189 0.333970 1.591917
v 0.070311 0.326567 1.591923
v 0.068219 0.317089 1.535142
v 0.005039 0.324317 1.535142
v 0.132676 0.306651 1.591950
v 0.128777 0.297714 1.535145
v 0.120802 0.279286 1.489818
v 0.063990 0.297469 1.489818
v 0.004727 0.304255 1.489818
v 0.182107 -0.187850 1.272063
v 0.141946 -0.219744 1.271967
v 0.135155 -0.209204 1.268949
v 0.173405 -0.178852 1.269240
v 0.096348 -0.243228 1.271916
v 0.091723 -0.231557 1.268793
v 0.088174 -0.222593 1.266321
v 0.129934 -0.201115 1.266600
v 0.166716 -0.171952 1.267074
v 0.274520 -0.118568 1.994172
v 0.287515 -0.124198 1.949904
v 0.306439 -0.066543 1.948389
v 0.292469 -0.063128 1.992954
v 0.329137 -0.073079 1.874865
v 0.337786 -0.023576 1.874664
v 0.324583 -0.018024 1.918281
v 0.315966 -0.014967 1.946409
v 0.307808 -0.133532 1.875735
v 0.310904 -0.132953 1.810023
v 0.332785 -0.067024 1.810239
v 0.300508 -0.010569 1.991187
v 0.047765 0.222040 1.325826
v 0.051274 0.238349 1.323174
v 0.090172 0.208468 1.325823
v 0.096794 0.223780 1.323174
v 0.103411 0.239082 1.320522
v 0.054779 0.254647 1.320522
v -0.211172 -0.083651 1.325823
v -0.223421 -0.040844 1.325826
v -0.239831 -0.043845 1.323174
v -0.226684 -0.089795 1.323174
v -0.227109 0.003529 1.325823
v -0.243790 0.003787 1.323174
v -0.260459 0.004047 1.320522
v -0.256227 -0.046842 1.320522
v -0.242183 -0.095936 1.320522
v -0.004203 -0.270466 1.420320
v -0.056882 -0.264430 1.420317
v -0.057125 -0.265566 1.406760
v -0.004221 -0.271627 1.406760
v -0.107371 -0.248260 1.420305
v -0.107834 -0.249326 1.406748
v -0.107657 -0.248903 1.393227
v -0.057029 -0.265108 1.393230
v -0.004214 -0.271159 1.393230
v -0.153704 -0.222508 1.420275
v -0.154367 -0.223466 1.406721
v -0.194141 -0.188242 1.420245
v -0.194979 -0.189054 1.406691
v -0.194690 -0.188747 1.393206
v -0.154127 -0.223095 1.393215
v -0.227098 -0.146739 1.420251
v -0.228077 -0.147372 1.406694
v -0.251358 -0.099610 1.420386
v -0.252431 -0.100040 1.406793
v -0.252080 -0.099872 1.393242
v -0.227749 -0.147128 1.393206
v -0.248016 0.107386 1.420233
v -0.222333 0.153727 1.420146
v -0.223307 0.154390 1.406661
v -0.249092 0.107848 1.406739
v -0.188151 0.194184 1.420206
v -0.188969 0.195019 1.406679
v -0.188716 0.194703 1.393203
v -0.223037 0.154134 1.393197
v -0.248816 0.107660 1.393227
v -0.146684 0.227152 1.420245
v -0.147320 0.228132 1.406697
v -0.099576 0.251432 1.420260
v -0.100007 0.252516 1.406706
v -0.099860 0.252111 1.393212
v -0.147110 0.227765 1.393209
v -0.048619 0.266035 1.420284
v -0.048830 0.267178 1.406727
v 0.004208 0.270450 1.420308
v 0.004226 0.271614 1.406751
v 0.004216 0.271152 1.393227
v -0.048758 0.266739 1.393218
v 0.056881 0.264426 1.420317
v 0.057127 0.265562 1.406760
v 0.107385 0.248264 1.420320
v 0.107845 0.249331 1.406760
v 0.107659 0.248902 1.393230
v 0.057028 0.265105 1.393230
v 0.153745 0.222529 1.420320
v 0.154405 0.223486 1.406760
v 0.194216 0.188272 1.420320
v 0.195051 0.189082 1.406760
v 0.194716 0.188754 1.393230
v 0.154139 0.223102 1.393230
v 0.227202 0.146757 1.420320
v 0.228178 0.147384 1.406760
v 0.251484 0.099616 1.420320
v 0.252562 0.100044 1.406760
v 0.252127 0.099874 1.393230
v 0.227784 0.147132 1.393230
v 0.266068 0.048638 1.420320
v 0.267211 0.048845 1.406760
v 0.270462 -0.004203 1.420320
v 0.271623 -0.004221 1.406760
v 0.271155 -0.004214 1.393230
v 0.266752 0.048763 1.393230
v 0.264429 -0.056886 1.420320
v 0.265565 -0.057128 1.406760
v 0.248267 -0.107386 1.420320
v 0.249331 -0.107846 1.406760
v 0.248902 -0.107662 1.393230
v 0.265108 -0.057032 1.393230
v 0.222533 -0.153747 1.420320
v 0.223489 -0.154406 1.406760
v 0.188273 -0.194220 1.420320
v 0.189082 -0.195055 1.406760
v 0.188757 -0.194717 1.393230
v 0.223102 -0.154142 1.393230
v 0.146757 -0.227203 1.420320
v 0.147387 -0.228179 1.406760
v 0.099619 -0.251485 1.420320
v 0.100047 -0.252566 1.406760
v 0.099874 -0.252131 1.393230
v 0.147133 -0.227785 1.393230
v 0.079156 -0.199831 1.359903
v 0.038647 -0.211419 1.359903
v 0.038512 -0.210673 1.348122
v 0.078875 -0.199124 1.348122
v -0.003340 -0.214910 1.359903
v -0.003328 -0.214150 1.348122
v -0.003341 -0.214975 1.336518
v 0.038662 -0.211484 1.336518
v 0.079181 -0.199891 1.336518
v -0.108164 -0.250071 1.309206
v -0.154864 -0.224149 1.309206
v -0.155210 -0.224654 1.296387
v -0.108407 -0.250634 1.296387
v -0.195628 -0.189644 1.309206
v -0.196070 -0.190069 1.296387
v -0.195344 -0.189366 1.283559
v -0.154637 -0.223825 1.283559
v -0.108008 -0.249707 1.283559
v -0.228852 -0.147825 1.309206
v -0.229367 -0.148156 1.296387
v -0.253311 -0.100345 1.309206
v -0.253879 -0.100571 1.296387
v -0.252943 -0.100198 1.283559
v -0.228518 -0.147611 1.283559
v -0.268001 -0.048994 1.309206
v -0.268603 -0.049104 1.296387
v -0.272428 0.004232 1.309206
v -0.273040 0.004242 1.296387
v -0.272032 0.004226 1.283559
v -0.267613 -0.048925 1.283559
v -0.266349 0.057292 1.309206
v -0.266948 0.057422 1.296387
v -0.250071 0.108163 1.309206
v -0.250631 0.108406 1.296387
v -0.249707 0.108004 1.283559
v -0.265964 0.057212 1.283559
v -0.224148 0.154860 1.309206
v -0.224653 0.155209 1.296387
v -0.189641 0.195626 1.309206
v -0.190070 0.196065 1.296387
v -0.189366 0.195340 1.283559
v -0.223822 0.154636 1.283559
v -0.147824 0.228850 1.309206
v -0.148156 0.229363 1.296387
v -0.100342 0.253307 1.309206
v -0.100567 0.253877 1.296387
v -0.100198 0.252939 1.283559
v -0.147608 0.228517 1.283559
v -0.048994 0.268000 1.309206
v -0.049104 0.268602 1.296387
v 0.004233 0.272424 1.309206
v 0.004242 0.273038 1.296387
v 0.004226 0.272027 1.283559
v -0.048922 0.267609 1.283559
v 0.057295 0.266348 1.309206
v 0.057425 0.266947 1.296387
v 0.108163 0.250067 1.309206
v 0.108406 0.250630 1.296387
v 0.108007 0.249703 1.283559
v 0.057211 0.265960 1.283559
v 0.154860 0.224147 1.309206
v 0.155209 0.224649 1.296387
v 0.195627 0.189640 1.309206
v 0.196068 0.190065 1.296387
v 0.195344 0.189365 1.283559
v 0.154636 0.223821 1.283559
v 0.228851 0.147820 1.309206
v 0.229366 0.148155 1.296387
v 0.253310 0.100341 1.309206
v 0.253878 0.100566 1.296387
v 0.252942 0.100194 1.283559
v 0.228517 0.147607 1.283559
v 0.268000 0.048989 1.309206
v 0.268602 0.049100 1.296387
v 0.272427 -0.004234 1.309206
v 0.273038 -0.004244 1.296387
v 0.272031 -0.004228 1.283559
v 0.267609 0.048921 1.283559
v 0.266348 -0.057296 1.309206
v 0.266947 -0.057426 1.296387
v 0.250067 -0.108167 1.309206
v 0.250630 -0.108410 1.296387
v 0.249707 -0.108008 1.283559
v 0.265960 -0.057216 1.283559
v 0.224148 -0.154864 1.309206
v 0.224652 -0.155211 1.296387
v 0.189640 -0.195631 1.309206
v 0.190068 -0.196069 1.296387
v 0.189365 -0.195344 1.283559
v 0.223821 -0.154640 1.283559
v 0.147821 -0.228852 1.309206
v 0.148155 -0.229367 1.296387
v 0.100341 -0.253311 1.309206
v 0.100566 -0.253882 1.296387
v 0.100197 -0.252943 1.283559
v 0.147607 -0.228521 1.283559
v -0.045198 -0.210116 1.359903
v -0.045040 -0.209374 1.348122
v -0.085327 -0.197275 1.359903
v -0.085028 -0.196577 1.348122
v -0.085355 -0.197334 1.336518
v -0.045215 -0.210181 1.336518
v -0.122165 -0.176824 1.359903
v -0.121736 -0.176201 1.348122
v -0.154326 -0.149604 1.359903
v -0.153781 -0.149075 1.348122
v -0.154372 -0.149651 1.336518
v -0.122205 -0.176882 1.336518
v -0.214910 0.003339 1.359903
v -0.210116 0.045197 1.359903
v -0.209374 0.045039 1.348122
v -0.214151 0.003327 1.348122
v -0.197272 0.085326 1.359903
v -0.196574 0.085024 1.348122
v -0.197334 0.085351 1.336518
v -0.210182 0.045210 1.336518
v -0.214976 0.003340 1.336518
v -0.176825 0.122164 1.359903
v -0.176198 0.121732 1.348122
v -0.149604 0.154322 1.359903
v -0.149075 0.153777 1.348122
v -0.149648 0.154371 1.336518
v -0.176878 0.122201 1.336518
v -0.116612 0.180531 1.359903
v -0.116202 0.179894 1.348122
v -0.079157 0.199826 1.359903
v -0.078879 0.199120 1.348122
v -0.079182 0.199887 1.336518
v -0.116651 0.180589 1.336518
v 0.085326 0.197271 1.359903
v 0.122164 0.176821 1.359903
v 0.121735 0.176197 1.348122
v 0.085024 0.196573 1.348122
v 0.154325 0.149599 1.359903
v 0.153780 0.149071 1.348122
v 0.154371 0.149647 1.336518
v 0.122201 0.176877 1.336518
v 0.085354 0.197330 1.336518
v 0.180534 0.116611 1.359903
v 0.179895 0.116198 1.348122
v 0.199826 0.079155 1.359903
v 0.199120 0.078875 1.348122
v 0.199890 0.079178 1.336518
v 0.180589 0.116647 1.336518
v 0.211417 0.038647 1.359903
v 0.210668 0.038512 1.348122
v 0.214909 -0.003340 1.359903
v 0.214150 -0.003328 1.348122
v 0.214975 -0.003341 1.336518
v 0.211480 0.038658 1.336518
v 0.210115 -0.045202 1.359903
v 0.209370 -0.045040 1.348122
v 0.197271 -0.085330 1.359903
v 0.196573 -0.085027 1.348122
v 0.197333 -0.085355 1.336518
v 0.210178 -0.045215 1.336518
v 0.176824 -0.122168 1.359903
v 0.176197 -0.121735 1.348122
v 0.149603 -0.154326 1.359903
v 0.149074 -0.153782 1.348122
v 0.149647 -0.154375 1.336518
v 0.176877 -0.122205 1.336518
v 0.116611 -0.180535 1.359903
v 0.116201 -0.179899 1.348122
v 0.116647 -0.180592 1.336518
v 0.048992 -0.268001 1.309206
v 0.049103 -0.268606 1.296387
v -0.004234 -0.272428 1.309206
v -0.004243 -0.273040 1.296387
v -0.004228 -0.272032 1.283559
v 0.048921 -0.267613 1.283559
v -0.107812 -0.211195 1.266429
v -0.051429 -0.233428 1.266579
v -0.052658 -0.243361 1.269432
v -0.099854 -0.227770 1.269306
v -0.003734 -0.239494 1.267233
v -0.003883 -0.249099 1.269384
v -0.004071 -0.261604 1.272114
v -0.055023 -0.255770 1.272138
v -0.103866 -0.240132 1.272120
v 0.197045 -0.136131 1.267203
v 0.204950 -0.141589 1.269339
v 0.219817 -0.095077 1.267149
v 0.228642 -0.098890 1.269342
v 0.240131 -0.103863 1.272102
v 0.215242 -0.148706 1.272099
v -0.003849 -0.249424 1.262748
v -0.003728 -0.240427 1.265421
v -0.051372 -0.235343 1.266249
v -0.053666 -0.243315 1.262877
v -0.100635 -0.222786 1.264917
v -0.113162 -0.220932 1.264173
v 0.130435 -0.201923 1.264884
v 0.167359 -0.172655 1.265409
v 0.088521 -0.223468 1.264524
v 0.091847 -0.231864 1.262103
v 0.135316 -0.209515 1.262451
v 0.173614 -0.179144 1.262892
v -0.159434 -0.175583 1.266699
v -0.200532 -0.130863 1.266321
v -0.201496 -0.131127 1.266144
v -0.172818 -0.172980 1.265040
v -0.222342 -0.088036 1.266891
v -0.223877 -0.088729 1.265592
v -0.231883 -0.091857 1.262277
v -0.208549 -0.136283 1.262436
v -0.166621 -0.184076 1.264173
v 0.228940 -0.099047 1.262604
v 0.243834 -0.052461 1.262409
v 0.235039 -0.050564 1.265190
v 0.220675 -0.095462 1.265286
v 0.249389 -0.003879 1.262316
v 0.240403 -0.003736 1.265181
v 0.239485 -0.003719 1.267254
v 0.234130 -0.050360 1.267176
v -0.219836 0.095086 1.267296
v -0.197049 0.136136 1.267296
v -0.197800 0.136655 1.265184
v -0.220673 0.095446 1.265184
v -0.166714 0.171976 1.267296
v -0.167348 0.172630 1.265184
v -0.173600 0.179079 1.262277
v -0.205189 0.141763 1.262277
v -0.228917 0.099013 1.262277
v -0.239492 0.003721 1.267296
v -0.240404 0.003735 1.265184
v -0.236498 -0.043237 1.265184
v -0.235598 -0.043070 1.267296
v -0.249384 0.003875 1.262277
v -0.245332 -0.044852 1.262277
v 0.205211 -0.141824 1.262874
v 0.197811 -0.136686 1.265472
v -0.004426 -0.285380 1.250700
v -0.060014 -0.279017 1.250700
v -0.066818 -0.310607 1.241211
v -0.004937 -0.317695 1.241211
v -0.113302 -0.261963 1.250652
v -0.126137 -0.291623 1.241205
v -0.137907 -0.318836 1.232148
v -0.073052 -0.339593 1.232148
v -0.005398 -0.347341 1.232148
v -0.145895 -0.337302 1.216752
v -0.208882 -0.302339 1.216752
v -0.210779 -0.305084 1.202736
v -0.147221 -0.340367 1.202736
v -0.263870 -0.255795 1.216752
v -0.266267 -0.258119 1.202736
v -0.267726 -0.259533 1.185411
v -0.211936 -0.306759 1.185411
v -0.148028 -0.342232 1.185411
v -0.308680 -0.199388 1.216752
v -0.311486 -0.201201 1.202736
v -0.341669 -0.135345 1.216752
v -0.344776 -0.136576 1.202736
v -0.346666 -0.137323 1.185411
v -0.313193 -0.202303 1.185411
v -0.361485 -0.066083 1.216752
v -0.364771 -0.066686 1.202736
v -0.367456 0.005709 1.216752
v -0.370795 0.005761 1.202736
v -0.372829 0.005792 1.185411
v -0.366771 -0.067052 1.185411
v -0.255794 0.263866 1.216752
v -0.199388 0.308678 1.216752
v -0.201198 0.311485 1.202736
v -0.258119 0.266263 1.202736
v -0.135345 0.341668 1.216752
v -0.136575 0.344772 1.202736
v -0.137323 0.346662 1.185411
v -0.202303 0.313192 1.185411
v -0.259533 0.267722 1.185411
v 0.005710 0.367455 1.216752
v 0.077281 0.359256 1.216752
v 0.077983 0.362521 1.202736
v 0.005761 0.370794 1.202736
v 0.145894 0.337298 1.216752
v 0.147220 0.340362 1.202736
v 0.148027 0.342228 1.185411
v 0.078410 0.364507 1.185411
v 0.005793 0.372824 1.185411
v 0.208881 0.302335 1.216752
v 0.210778 0.305083 1.202736
v 0.263866 0.255790 1.216752
v 0.266266 0.258115 1.202736
v 0.267725 0.259529 1.185411
v 0.211935 0.306754 1.185411
v 0.308679 0.199384 1.216752
v 0.311485 0.201197 1.202736
v 0.341668 0.135341 1.216752
v 0.344775 0.136571 1.202736
v 0.346665 0.137322 1.185411
v 0.313192 0.202299 1.185411
v 0.361484 0.066082 1.216752
v 0.364770 0.066683 1.202736
v 0.367455 -0.005711 1.216752
v 0.370794 -0.005762 1.202736
v 0.372828 -0.005794 1.185411
v 0.366771 0.067047 1.185411
v 0.359256 -0.077282 1.216752
v 0.362521 -0.077987 1.202736
v 0.337298 -0.145896 1.216752
v 0.340366 -0.147221 1.202736
v 0.342231 -0.148028 1.185411
v 0.364510 -0.078414 1.185411
v 0.302335 -0.208882 1.216752
v 0.305083 -0.210782 1.202736
v 0.255791 -0.263870 1.216752
v 0.258118 -0.266267 1.202736
v 0.259532 -0.267726 1.185411
v 0.306754 -0.211936 1.185411
v 0.199387 -0.308683 1.216752
v 0.201197 -0.311486 1.202736
v 0.135344 -0.341672 1.216752
v 0.136574 -0.344776 1.202736
v 0.137322 -0.346666 1.185411
v 0.202302 -0.313195 1.185411
v -0.055633 -0.257168 1.258023
v -0.004069 -0.263198 1.257990
v -0.105695 -0.240983 1.258236
v -0.141175 -0.204376 1.264152
v -0.149495 -0.216386 1.257717
v -0.187916 -0.184040 1.257837
v -0.204925 -0.198653 1.250583
v -0.162221 -0.234806 1.250610
v -0.220814 -0.143020 1.257666
v -0.244701 -0.096935 1.257624
v -0.265345 -0.105112 1.250571
v -0.239726 -0.154848 1.250571
v -0.258893 -0.047329 1.257624
v -0.263168 0.004089 1.257624
v -0.285371 0.004433 1.250571
v -0.280735 -0.051322 1.250571
v -0.243820 0.052448 1.262277
v -0.257297 0.055345 1.257624
v -0.241571 0.104487 1.257624
v -0.261951 0.113301 1.250571
v -0.279005 0.060016 1.250571
v -0.216531 0.149596 1.257624
v -0.183197 0.188977 1.257624
v -0.198650 0.204920 1.250571
v -0.234800 0.162217 1.250571
v -0.135320 0.209493 1.262277
v -0.142800 0.221074 1.257624
v -0.091857 0.231882 1.262277
v -0.096932 0.244700 1.257624
v -0.105112 0.265343 1.250571
v -0.154847 0.239722 1.250571
v -0.044848 0.245331 1.262277
v -0.047329 0.258892 1.257624
v 0.003874 0.249380 1.262277
v 0.004089 0.263167 1.257624
v 0.004434 0.285367 1.250571
v -0.051322 0.280731 1.250571
v 0.053678 0.243262 1.262394
v 0.055643 0.257130 1.257660
v 0.113162 0.220913 1.264005
v 0.105690 0.240946 1.258002
v 0.113301 0.261949 1.250571
v 0.060019 0.279001 1.250571
v 0.141161 0.204336 1.263945
v 0.149494 0.216367 1.257612
v 0.166625 0.184066 1.264167
v 0.187915 0.184029 1.257801
v 0.204921 0.198649 1.250571
v 0.162218 0.234796 1.250571
v 0.208545 0.136276 1.262412
v 0.220813 0.143016 1.257660
v 0.231882 0.091853 1.262277
v 0.244700 0.096931 1.257624
v 0.265344 0.105108 1.250571
v 0.239722 0.154843 1.250571
v 0.245331 0.044847 1.262283
v 0.258892 0.047325 1.257627
v 0.263173 -0.004093 1.257657
v 0.285370 -0.004438 1.250583
v 0.280734 0.051318 1.250574
v 0.257311 -0.055362 1.257741
v 0.241591 -0.104516 1.257891
v 0.261955 -0.113315 1.250667
v 0.279007 -0.060022 1.250613
v 0.216547 -0.149648 1.258089
v 0.183205 -0.189032 1.258122
v 0.198652 -0.204943 1.250748
v 0.234805 -0.162236 1.250736
v 0.142798 -0.221102 1.257864
v 0.096931 -0.244704 1.257642
v 0.105111 -0.265348 1.250589
v 0.154846 -0.239735 1.250664
v 0.044859 -0.245336 1.262352
v 0.047340 -0.258902 1.257774
v 0.051324 -0.280738 1.250631
v -0.310607 0.066813 1.241196
v -0.317692 0.004936 1.241196
v -0.291620 0.126136 1.241196
v -0.318836 0.137905 1.232148
v -0.339593 0.073048 1.232148
v -0.347341 0.005397 1.232148
v -0.180595 -0.261394 1.241202
v -0.228134 -0.221152 1.241196
v -0.249425 -0.241792 1.232148
v -0.197448 -0.285787 1.232148
v 0.310606 -0.066818 1.241202
v 0.317691 -0.004937 1.241196
v 0.291622 -0.126140 1.241208
v 0.318835 -0.137910 1.232148
v 0.339592 -0.073052 1.232148
v 0.347340 -0.005398 1.232148
v 0.261393 -0.180597 1.241217
v 0.221152 -0.228137 1.241217
v 0.241791 -0.249425 1.232148
v 0.285785 -0.197449 1.232148
v 0.057133 -0.312533 1.241202
v 0.117014 -0.295401 1.241199
v 0.062465 -0.341699 1.232148
v 0.127933 -0.322967 1.232148
v -0.266879 -0.172386 1.241196
v -0.295398 -0.117018 1.241196
v -0.322967 -0.127937 1.232148
v -0.291783 -0.188473 1.232148
v 0.312529 0.057130 1.241196
v 0.295397 0.117014 1.241196
v 0.341698 0.062462 1.232148
v 0.322966 0.127933 1.232148
v 0.180593 0.261390 1.241196
v 0.126136 0.291619 1.241196
v 0.228133 0.221149 1.241196
v 0.249423 0.241787 1.232148
v 0.197445 0.285782 1.232148
v 0.137905 0.318832 1.232148
v -0.312533 -0.057134 1.241196
v -0.341698 -0.062466 1.232148
v -0.172386 0.266875 1.241196
v -0.221153 0.228130 1.241196
v -0.117015 0.295397 1.241196
v -0.127934 0.322963 1.232148
v -0.188474 0.291782 1.232148
v -0.241792 0.249420 1.232148
v -0.261395 0.180590 1.241196
v -0.285786 0.197444 1.232148
v 0.066082 -0.361488 1.216752
v 0.066682 -0.364774 1.202736
v -0.005711 -0.367456 1.216752
v -0.005762 -0.370798 1.202736
v -0.005794 -0.372829 1.185411
v 0.067047 -0.366772 1.185411
v -0.243788 0.251482 1.142025
v -0.190030 0.294191 1.142025
v -0.172345 0.266815 1.136448
v -0.221102 0.228078 1.136448
v -0.128993 0.325632 1.142025
v -0.116989 0.295330 1.136448
v -0.103832 0.262116 1.130064
v -0.152964 0.236806 1.130064
v -0.196235 0.202429 1.130064
v 0.202429 0.196234 1.130064
v 0.228081 0.221098 1.136448
v 0.266815 0.172344 1.136448
v 0.236809 0.152959 1.130064
v 0.251482 0.243787 1.142025
v 0.294191 0.190029 1.142025
v 0.325632 0.128989 1.142025
v 0.295331 0.116985 1.136448
v 0.262117 0.103828 1.130064
v 0.111925 0.258764 1.130064
v 0.059287 0.275609 1.130064
v 0.066800 0.310531 1.136448
v 0.126108 0.291553 1.136448
v 0.004380 0.281896 1.130064
v 0.004935 0.317619 1.136448
v 0.005441 0.350207 1.142025
v 0.073653 0.342394 1.142025
v 0.139045 0.321467 1.142025
v -0.262118 -0.103832 1.130064
v -0.295332 -0.116990 1.136448
v -0.312461 -0.057121 1.136448
v -0.277319 -0.050697 1.130064
v -0.325636 -0.128994 1.142025
v -0.344521 -0.062984 1.142025
v -0.350211 0.005441 1.142025
v -0.317620 0.004935 1.136448
v -0.281900 0.004380 1.130064
v -0.062984 0.344516 1.142025
v -0.057121 0.312457 1.136448
v -0.050697 0.277318 1.130064
v -0.139049 -0.321471 1.142025
v -0.126109 -0.291557 1.136448
v -0.066801 -0.310535 1.136448
v -0.073657 -0.342398 1.142025
v -0.111926 -0.258768 1.130064
v -0.059289 -0.275614 1.130064
v -0.004381 -0.281900 1.130064
v -0.004936 -0.317624 1.136448
v -0.005442 -0.350211 1.142025
v 0.067025 -0.366645 1.168371
v 0.137273 -0.346545 1.168371
v -0.005792 -0.372700 1.168371
v -0.005762 -0.370828 1.154922
v 0.066688 -0.364804 1.154922
v 0.136586 -0.344806 1.154922
v -0.081723 -0.188942 1.064112
v -0.117006 -0.169356 1.064112
v -0.115511 -0.167192 1.045644
v -0.080680 -0.186527 1.045644
v -0.147807 -0.143285 1.064112
v -0.145919 -0.141454 1.045644
v -0.144828 -0.140399 1.008330
v -0.114649 -0.165945 1.008330
v -0.080077 -0.185136 1.008330
v -0.172910 -0.111691 1.064112
v -0.170700 -0.110261 1.045644
v -0.191387 -0.075816 1.064112
v -0.188941 -0.074846 1.045644
v -0.187532 -0.074289 1.008330
v -0.169424 -0.109441 1.008330
v -0.202488 -0.037017 1.064112
v -0.199901 -0.036544 1.045644
v -0.205832 0.003198 1.064112
v -0.203202 0.003157 1.045644
v -0.201684 0.003134 1.008330
v -0.198408 -0.036274 1.008330
v -0.201240 0.043289 1.064112
v -0.198668 0.042733 1.045644
v -0.188942 0.081721 1.064112
v -0.186524 0.080676 1.045644
v -0.185132 0.080075 1.008330
v -0.197185 0.042416 1.008330
v -0.169356 0.117004 1.064112
v -0.167192 0.115507 1.045644
v -0.143285 0.147803 1.064112
v -0.141453 0.145915 1.045644
v -0.140396 0.144827 1.008330
v -0.165942 0.114647 1.008330
v -0.111688 0.172906 1.064112
v -0.110261 0.170696 1.045644
v -0.075813 0.191386 1.064112
v -0.074846 0.188940 1.045644
v -0.074286 0.187530 1.008330
v -0.109437 0.169423 1.008330
v -0.037017 0.202484 1.064112
v -0.036544 0.199896 1.045644
v 0.003198 0.205828 1.064112
v 0.003157 0.203198 1.045644
v 0.003133 0.201683 1.008330
v -0.036270 0.198407 1.008330
v 0.043289 0.201236 1.064112
v 0.042736 0.198664 1.045644
v 0.081722 0.188938 1.064112
v 0.080679 0.186523 1.045644
v 0.080076 0.185131 1.008330
v 0.042416 0.197184 1.008330
v 0.117005 0.169352 1.064112
v 0.115510 0.167188 1.045644
v 0.147806 0.143280 1.064112
v 0.145918 0.141449 1.045644
v 0.144827 0.140395 1.008330
v 0.114648 0.165941 1.008330
v 0.172909 0.111686 1.064112
v 0.170699 0.110257 1.045644
v 0.191386 0.075812 1.064112
v 0.188940 0.074841 1.045644
v 0.187531 0.074284 1.008330
v 0.169423 0.109436 1.008330
v 0.202487 0.037016 1.064112
v 0.199900 0.036540 1.045644
v 0.205831 -0.003199 1.064112
v 0.203201 -0.003158 1.045644
v 0.201683 -0.003134 1.008330
v 0.198407 0.036269 1.008330
v 0.188938 -0.081726 1.064112
v 0.169355 -0.117009 1.064112
v 0.167191 -0.115511 1.045644
v 0.186523 -0.080680 1.045644
v 0.143284 -0.147808 1.064112
v 0.141452 -0.145919 1.045644
v 0.140395 -0.144831 1.008330
v 0.165941 -0.114652 1.008330
v 0.185131 -0.080080 1.008330
v 0.111687 -0.172909 1.064112
v 0.110260 -0.170700 1.045644
v 0.075812 -0.191390 1.064112
v 0.074845 -0.188944 1.045644
v 0.074285 -0.187535 1.008330
v 0.109436 -0.169427 1.008330
v -0.078411 -0.364511 1.185411
v -0.078386 -0.364385 1.168371
v -0.147977 -0.342113 1.168371
v -0.147234 -0.340397 1.154922
v -0.077991 -0.362555 1.154922
v -0.211862 -0.306652 1.168371
v -0.267635 -0.259445 1.168371
v -0.266288 -0.258143 1.154922
v -0.210797 -0.305111 1.154922
v -0.313086 -0.202233 1.168371
v -0.346545 -0.137277 1.168371
v -0.344806 -0.136587 1.154922
v -0.311513 -0.201219 1.154922
v -0.366645 -0.067026 1.168371
v -0.372700 0.005791 1.168371
v -0.370828 0.005761 1.154922
v -0.364804 -0.066692 1.154922
v -0.364511 0.078410 1.185411
v -0.364385 0.078384 1.168371
v -0.342232 0.148027 1.185411
v -0.342113 0.147973 1.168371
v -0.340396 0.147230 1.154922
v -0.362555 0.077989 1.154922
v -0.306756 0.211932 1.185411
v -0.306652 0.211858 1.168371
v -0.259445 0.267631 1.168371
v -0.258140 0.266287 1.154922
v -0.305111 0.210796 1.154922
v -0.202232 0.313082 1.168371
v -0.137277 0.346544 1.168371
v -0.136587 0.344802 1.154922
v -0.201216 0.311512 1.154922
v 0.078385 0.364381 1.168371
v 0.005791 0.372695 1.168371
v 0.147973 0.342112 1.168371
v 0.147233 0.340392 1.154922
v 0.077990 0.362551 1.154922
v 0.005761 0.370827 1.154922
v 0.211861 0.306648 1.168371
v 0.267631 0.259441 1.168371
v 0.266287 0.258139 1.154922
v 0.210796 0.305110 1.154922
v 0.313085 0.202228 1.168371
v 0.346544 0.137272 1.168371
v 0.344805 0.136582 1.154922
v 0.311512 0.201215 1.154922
v 0.366641 0.067025 1.168371
v 0.372698 -0.005791 1.168371
v 0.370827 -0.005763 1.154922
v 0.364803 0.066688 1.154922
v 0.364381 -0.078386 1.168371
v 0.342112 -0.147978 1.168371
v 0.340395 -0.147234 1.154922
v 0.362554 -0.077994 1.154922
v 0.306651 -0.211862 1.168371
v 0.259441 -0.267635 1.168371
v 0.258139 -0.266291 1.154922
v 0.305110 -0.210800 1.154922
v 0.202231 -0.313086 1.168371
v 0.201215 -0.311513 1.154922
v 0.088507 -0.223433 1.112688
v 0.043213 -0.236390 1.112688
v 0.040633 -0.222271 1.098456
v 0.083221 -0.210088 1.098456
v -0.003734 -0.240296 1.112688
v -0.003511 -0.225943 1.098456
v -0.003341 -0.214970 1.084518
v 0.038659 -0.211476 1.084518
v 0.079178 -0.199885 1.084518
v -0.054072 -0.251362 1.122831
v -0.003995 -0.257100 1.122831
v -0.102080 -0.235998 1.122831
v -0.095407 -0.220575 1.112688
v -0.050537 -0.234933 1.112688
v -0.160247 -0.231943 1.130064
v -0.146150 -0.211538 1.122831
v -0.202430 -0.196238 1.130064
v -0.184622 -0.178972 1.122831
v -0.172552 -0.167275 1.112688
v -0.136595 -0.197711 1.112688
v -0.236810 -0.152964 1.130064
v -0.215974 -0.139507 1.122831
v -0.239056 -0.094697 1.122831
v -0.223430 -0.088508 1.112688
v -0.201857 -0.130389 1.112688
v -0.252920 -0.046237 1.122831
v -0.257096 0.003994 1.122831
v -0.240293 0.003733 1.112688
v -0.236390 -0.043217 1.112688
v -0.275611 0.059288 1.130064
v -0.251362 0.054071 1.122831
v -0.258765 0.111922 1.130064
v -0.235998 0.102076 1.122831
v -0.220572 0.095403 1.112688
v -0.234932 0.050536 1.112688
v -0.231944 0.160243 1.130064
v -0.211535 0.146146 1.122831
v -0.178972 0.184618 1.122831
v -0.167272 0.172551 1.112688
v -0.197711 0.136594 1.112688
v -0.139507 0.215973 1.122831
v -0.094698 0.239055 1.122831
v -0.088508 0.223429 1.112688
v -0.130386 0.201856 1.112688
v -0.046237 0.252919 1.122831
v 0.003994 0.257095 1.122831
v 0.003733 0.240292 1.112688
v -0.043214 0.236385 1.112688
v 0.054071 0.251361 1.122831
v 0.102076 0.235997 1.122831
v 0.095406 0.220570 1.112688
v 0.050536 0.234928 1.112688
v 0.160246 0.231940 1.130064
v 0.146146 0.211534 1.122831
v 0.184621 0.178968 1.122831
v 0.172551 0.167271 1.112688
v 0.136594 0.197707 1.112688
v 0.215973 0.139503 1.122831
v 0.239055 0.094693 1.122831
v 0.223429 0.088504 1.112688
v 0.201856 0.130385 1.112688
v 0.277318 0.050696 1.130064
v 0.252919 0.046236 1.122831
v 0.281899 -0.004381 1.130064
v 0.257095 -0.003995 1.122831
v 0.240292 -0.003734 1.112688
v 0.236389 0.043213 1.112688
v 0.275610 -0.059289 1.130064
v 0.251361 -0.054073 1.122831
v 0.258763 -0.111926 1.130064
v 0.235997 -0.102080 1.122831
v 0.220571 -0.095407 1.112688
v 0.234931 -0.050540 1.112688
v 0.231943 -0.160247 1.130064
v 0.211534 -0.146150 1.122831
v 0.196234 -0.202433 1.130064
v 0.178971 -0.184621 1.122831
v 0.167271 -0.172555 1.112688
v 0.197707 -0.136598 1.112688
v 0.152963 -0.236811 1.130064
v 0.139503 -0.215977 1.122831
v 0.103831 -0.262120 1.130064
v 0.094693 -0.239056 1.122831
v 0.130385 -0.201859 1.112688
v 0.037016 -0.202488 1.064112
v 0.036543 -0.199901 1.045644
v -0.003199 -0.205833 1.064112
v -0.003158 -0.203202 1.045644
v -0.003134 -0.201687 1.008330
v 0.036269 -0.198411 1.008330
v -0.119682 -0.276698 0.676182
v -0.171353 -0.248015 0.676182
v -0.175791 -0.254442 0.661443
v -0.122782 -0.283868 0.661443
v -0.216458 -0.209837 0.676182
v -0.222066 -0.215273 0.661443
v -0.227053 -0.220105 0.646080
v -0.179738 -0.260153 0.646080
v -0.125539 -0.290240 0.646080
v -0.253220 -0.163564 0.676182
v -0.259781 -0.167804 0.661443
v -0.280283 -0.111027 0.676182
v -0.287543 -0.113906 0.661443
v -0.293997 -0.116461 0.646080
v -0.265612 -0.171569 0.646080
v -0.296537 -0.054212 0.676182
v -0.304223 -0.055616 0.661443
v -0.301434 0.004683 0.676182
v -0.309245 0.004804 0.661443
v -0.316187 0.004912 0.646080
v -0.311050 -0.056864 0.646080
v -0.294710 0.063395 0.676182
v -0.302348 0.065038 0.661443
v -0.276698 0.119678 0.676182
v -0.283865 0.122781 0.661443
v -0.290237 0.125535 0.646080
v -0.309133 0.066496 0.646080
v -0.248015 0.171349 0.676182
v -0.254442 0.175790 0.661443
v -0.209834 0.216457 0.676182
v -0.215270 0.222064 0.661443
v -0.220104 0.227049 0.646080
v -0.260153 0.179734 0.646080
v -0.163564 0.253215 0.676182
v -0.167801 0.259780 0.661443
v -0.111027 0.280279 0.676182
v -0.113903 0.287542 0.661443
v -0.116461 0.293996 0.646080
v -0.171569 0.265608 0.646080
v 0.004684 0.301430 0.676182
v 0.063395 0.294706 0.676182
v 0.065038 0.302344 0.661443
v 0.004804 0.309244 0.661443
v 0.119681 0.276694 0.676182
v 0.122781 0.283864 0.661443
v 0.125538 0.290236 0.646080
v 0.066499 0.309128 0.646080
v 0.004912 0.316183 0.646080
v 0.171352 0.248014 0.676182
v 0.175790 0.254441 0.661443
v 0.216457 0.209833 0.676182
v 0.222065 0.215269 0.661443
v 0.227051 0.220100 0.646080
v 0.179738 0.260149 0.646080
v 0.253219 0.163560 0.676182
v 0.259780 0.167800 0.661443
v 0.280282 0.111023 0.676182
v 0.287542 0.113902 0.661443
v 0.293996 0.116457 0.646080
v 0.265611 0.171565 0.646080
v 0.296536 0.054208 0.676182
v 0.304218 0.055613 0.661443
v 0.301433 -0.004685 0.676182
v 0.309244 -0.004806 0.661443
v 0.316186 -0.004914 0.646080
v 0.311048 0.056860 0.646080
v 0.294710 -0.063399 0.676182
v 0.302344 -0.065041 0.661443
v 0.276697 -0.119682 0.676182
v 0.283864 -0.122785 0.661443
v 0.290236 -0.125539 0.646080
v 0.309132 -0.066500 0.646080
v 0.248014 -0.171353 0.676182
v 0.254441 -0.175794 0.661443
v 0.209833 -0.216461 0.676182
v 0.215269 -0.222069 0.661443
v 0.220103 -0.227053 0.646080
v 0.260152 -0.179738 0.646080
v 0.163563 -0.253219 0.676182
v 0.167800 -0.259781 0.661443
v 0.111026 -0.280283 0.676182
v 0.113902 -0.287546 0.661443
v 0.116460 -0.294001 0.646080
v 0.171568 -0.265613 0.646080
v -0.043290 -0.201240 1.064112
v -0.042737 -0.198668 1.045644
v -0.042417 -0.197188 1.008330
v -0.128439 -0.185902 1.098456
v -0.089708 -0.207402 1.098456
v -0.162247 -0.157285 1.098456
v -0.154369 -0.149645 1.084518
v -0.122199 -0.176873 1.084518
v -0.085352 -0.197328 1.084518
v -0.189803 -0.122602 1.098456
v -0.210089 -0.083221 1.098456
v -0.199882 -0.079180 1.084518
v -0.180584 -0.116647 1.084518
v -0.222272 -0.040634 1.098456
v -0.225942 0.003510 1.098456
v -0.214970 0.003340 1.084518
v -0.211476 -0.038662 1.084518
v -0.220902 0.047516 1.098456
v -0.207402 0.089704 1.098456
v -0.197325 0.085348 1.084518
v -0.210173 0.045210 1.084518
v -0.185903 0.128435 1.098456
v -0.157285 0.162246 1.098456
v -0.149645 0.154365 1.084518
v -0.176873 0.122198 1.084518
v -0.122601 0.189799 1.098456
v -0.083222 0.210085 1.098456
v -0.079180 0.199881 1.084518
v -0.116645 0.180583 1.084518
v -0.040634 0.222271 1.098456
v 0.003511 0.225941 1.098456
v 0.003340 0.214966 1.084518
v -0.038660 0.211474 1.084518
v 0.047519 0.220901 1.098456
v 0.089707 0.207397 1.098456
v 0.085351 0.197324 1.084518
v 0.045211 0.210172 1.084518
v 0.128435 0.185899 1.098456
v 0.162246 0.157281 1.098456
v 0.154365 0.149641 1.084518
v 0.122198 0.176871 1.084518
v 0.189802 0.122597 1.098456
v 0.210085 0.083218 1.098456
v 0.199881 0.079175 1.084518
v 0.180583 0.116644 1.084518
v 0.222271 0.040630 1.098456
v 0.225941 -0.003512 1.098456
v 0.214966 -0.003341 1.084518
v 0.211474 0.038658 1.084518
v 0.220901 -0.047521 1.098456
v 0.207398 -0.089709 1.098456
v 0.197324 -0.085351 1.084518
v 0.210172 -0.045215 1.084518
v 0.185902 -0.128440 1.098456
v 0.157281 -0.162250 1.098456
v 0.149642 -0.154369 1.084518
v 0.176871 -0.122203 1.084518
v 0.122597 -0.189803 1.098456
v 0.116644 -0.180583 1.084518
v 0.097287 -0.245598 0.695802
v 0.047499 -0.259841 0.695802
v 0.049690 -0.271822 0.692424
v 0.101773 -0.256922 0.692424
v -0.004105 -0.264131 0.695802
v -0.004294 -0.276312 0.692424
v -0.004466 -0.287410 0.688956
v 0.051686 -0.282742 0.688956
v 0.105862 -0.267241 0.688956
v -0.197975 0.042585 0.946206
v -0.202491 0.003145 0.946206
v -0.185875 0.080396 0.946206
v -0.189401 0.081921 0.876231
v -0.201731 0.043393 0.876231
v -0.206333 0.003205 0.876231
v 0.109876 -0.170106 0.946206
v 0.140956 -0.145410 0.946206
v 0.074582 -0.188283 0.946206
v 0.075997 -0.191858 0.876231
v 0.111959 -0.173334 0.876231
v 0.143632 -0.148170 0.876231
v -0.115109 -0.166610 0.946206
v -0.080397 -0.185875 0.946206
v -0.145410 -0.140960 0.946206
v -0.148167 -0.143636 0.876231
v -0.117291 -0.169772 0.876231
v -0.081922 -0.189404 0.876231
v 0.197185 -0.042420 1.008330
v 0.197974 -0.042589 0.946206
v 0.202490 -0.003147 0.946206
v 0.185874 -0.080400 0.946206
v 0.189400 -0.081925 0.876231
v 0.201730 -0.043397 0.876231
v 0.206333 -0.003207 0.876231
v 0.115108 0.166606 0.946206
v 0.080396 0.185871 0.946206
v 0.145406 0.140956 0.946206
v 0.148166 0.143632 0.876231
v 0.117290 0.169768 0.876231
v 0.081921 0.189400 0.876231
v 0.199201 0.036413 0.946206
v 0.188282 0.074582 0.946206
v 0.202981 0.037104 0.876231
v 0.191854 0.075997 0.876231
v -0.036417 0.199201 0.946206
v -0.074583 0.188279 0.946206
v 0.003146 0.202490 0.946206
v 0.003205 0.206332 0.876231
v -0.037109 0.202981 0.876231
v -0.075998 0.191854 0.876231
v -0.109877 0.170102 0.946206
v -0.140960 0.145406 0.946206
v -0.111960 0.173330 0.876231
v -0.143633 0.148166 0.876231
v -0.042589 -0.197975 0.946206
v -0.003147 -0.202494 0.946206
v -0.043397 -0.201734 0.876231
v -0.003206 -0.206336 0.876231
v 0.036416 -0.199202 0.946206
v 0.037107 -0.202985 0.876231
v -0.199202 -0.036417 0.946206
v -0.188283 -0.074586 0.946206
v -0.202982 -0.037109 0.876231
v -0.191855 -0.076001 0.876231
v 0.042588 0.197974 0.946206
v 0.043396 0.201730 0.876231
v -0.044865 -0.208561 0.817125
v -0.003315 -0.213320 0.817125
v -0.084695 -0.195814 0.817125
v -0.087994 -0.203441 0.771789
v -0.046612 -0.216682 0.771789
v -0.003444 -0.221629 0.771789
v -0.121263 -0.175516 0.817125
v -0.153184 -0.148496 0.817125
v -0.159149 -0.154282 0.771789
v -0.125984 -0.182352 0.771789
v -0.173331 -0.111963 0.876231
v -0.179198 -0.115751 0.817125
v -0.198348 -0.078573 0.817125
v -0.206074 -0.081634 0.771789
v -0.186179 -0.120260 0.771789
v -0.209854 -0.038364 0.817125
v -0.213320 0.003314 0.817125
v -0.221626 0.003443 0.771789
v -0.218026 -0.039860 0.771789
v -0.208561 0.044861 0.817125
v -0.195812 0.084694 0.817125
v -0.203438 0.087993 0.771789
v -0.216683 0.046611 0.771789
v -0.169769 0.117290 0.876231
v -0.175516 0.121259 0.817125
v -0.148496 0.153180 0.817125
v -0.154279 0.159148 0.771789
v -0.182352 0.125983 0.771789
v -0.115751 0.179194 0.817125
v -0.078570 0.198347 0.817125
v -0.081631 0.206072 0.771789
v -0.120257 0.186174 0.771789
v -0.038363 0.209850 0.817125
v 0.003314 0.213316 0.817125
v 0.003443 0.221625 0.771789
v -0.039857 0.218025 0.771789
v 0.044864 0.208557 0.817125
v 0.084695 0.195810 0.817125
v 0.087993 0.203437 0.771789
v 0.046611 0.216682 0.771789
v 0.121262 0.175512 0.817125
v 0.153183 0.148492 0.817125
v 0.159148 0.154277 0.771789
v 0.125983 0.182348 0.771789
v 0.173330 0.111959 0.876231
v 0.179197 0.115747 0.817125
v 0.198347 0.078569 0.817125
v 0.206073 0.081630 0.771789
v 0.186178 0.120256 0.771789
v 0.209853 0.038360 0.817125
v 0.213319 -0.003315 0.817125
v 0.221625 -0.003444 0.771789
v 0.218025 0.039855 0.771789
v 0.208560 -0.044866 0.817125
v 0.195810 -0.084698 0.817125
v 0.203437 -0.087997 0.771789
v 0.216682 -0.046615 0.771789
v 0.169768 -0.117294 0.876231
v 0.175515 -0.121263 0.817125
v 0.148495 -0.153184 0.817125
v 0.154277 -0.159152 0.771789
v 0.182351 -0.125987 0.771789
v 0.115750 -0.179199 0.817125
v 0.078569 -0.198351 0.817125
v 0.081630 -0.206077 0.771789
v 0.120256 -0.186179 0.771789
v 0.038362 -0.209854 0.817125
v 0.039856 -0.218026 0.771789
v 0.041233 -0.225563 0.739176
v 0.084454 -0.213198 0.739176
v -0.003563 -0.229290 0.739176
v -0.003662 -0.235637 0.718365
v 0.042375 -0.231810 0.718365
v 0.086792 -0.219104 0.718365
v 0.054208 -0.296538 0.676182
v 0.055612 -0.304223 0.661443
v -0.004685 -0.301434 0.676182
v -0.004805 -0.309245 0.661443
v -0.004913 -0.316187 0.646080
v 0.056863 -0.311050 0.646080
v -0.127220 -0.294124 0.626328
v -0.182144 -0.263639 0.626328
v -0.181730 -0.263039 0.614811
v -0.126930 -0.293455 0.614811
v -0.230093 -0.223051 0.626328
v -0.229569 -0.222547 0.614811
v -0.228232 -0.221253 0.603783
v -0.180668 -0.261513 0.603783
v -0.126190 -0.291755 0.603783
v -0.320419 0.004979 0.626328
v -0.313271 0.067389 0.626328
v -0.312560 0.067234 0.614811
v -0.319693 0.004964 0.614811
v -0.294123 0.127216 0.626328
v -0.293456 0.126926 0.614811
v -0.291751 0.126186 0.603783
v -0.310745 0.066840 0.603783
v -0.317836 0.004932 0.603783
v -0.263636 0.182140 0.626328
v -0.263039 0.181726 0.614811
v -0.223052 0.230089 0.626328
v -0.222544 0.229564 0.614811
v -0.221253 0.228228 0.603783
v -0.261513 0.180667 0.603783
v -0.173865 0.269167 0.626328
v -0.173470 0.268554 0.614811
v -0.118020 0.297933 0.626328
v -0.117752 0.297254 0.614811
v -0.117064 0.295530 0.603783
v -0.172462 0.266993 0.603783
v -0.057624 0.315213 0.626328
v -0.057494 0.314497 0.614811
v 0.004978 0.320418 0.626328
v 0.004967 0.319689 0.614811
v 0.004939 0.317832 0.603783
v -0.057157 0.312667 0.603783
v 0.067389 0.313270 0.626328
v 0.067237 0.312559 0.614811
v 0.127219 0.294122 0.626328
v 0.126929 0.293452 0.614811
v 0.126189 0.291750 0.603783
v 0.066842 0.310741 0.603783
v 0.182143 0.263635 0.626328
v 0.181730 0.263035 0.614811
v 0.230092 0.223048 0.626328
v 0.229567 0.222540 0.614811
v 0.228237 0.221246 0.603783
v 0.180673 0.261506 0.603783
v 0.269166 0.173861 0.626328
v 0.268554 0.173469 0.614811
v 0.297933 0.118015 0.626328
v 0.297257 0.117750 0.614811
v 0.295527 0.117066 0.603783
v 0.266996 0.172461 0.603783
v 0.315213 0.057623 0.626328
v 0.314497 0.057490 0.614811
v 0.320418 -0.004979 0.626328
v 0.319689 -0.004971 0.614811
v 0.317832 -0.004946 0.603783
v 0.312667 0.057155 0.603783
v 0.313270 -0.067390 0.626328
v 0.312559 -0.067238 0.614811
v 0.294122 -0.127220 0.626328
v 0.293455 -0.126933 0.614811
v 0.291747 -0.126199 0.603783
v 0.310741 -0.066852 0.603783
v 0.263635 -0.182144 0.626328
v 0.263035 -0.181733 0.614811
v 0.223048 -0.230093 0.626328
v 0.222542 -0.229571 0.614811
v 0.221246 -0.228241 0.603783
v 0.261503 -0.180680 0.603783
v 0.173864 -0.269171 0.626328
v 0.173469 -0.268558 0.614811
v 0.118019 -0.297938 0.626328
v 0.117751 -0.297258 0.614811
v 0.117063 -0.295534 0.603783
v 0.172455 -0.267000 0.603783
v -0.063396 -0.294710 0.676182
v -0.065039 -0.302348 0.661443
v -0.066500 -0.309133 0.646080
v -0.055550 -0.258240 0.695802
v -0.058112 -0.270147 0.692424
v -0.104871 -0.242456 0.695802
v -0.109707 -0.253636 0.692424
v -0.114114 -0.263822 0.688956
v -0.060446 -0.281000 0.688956
v -0.150146 -0.217324 0.695802
v -0.157070 -0.227346 0.692424
v -0.189672 -0.183868 0.695802
v -0.198418 -0.192346 0.692424
v -0.206387 -0.200074 0.688956
v -0.163379 -0.236476 0.688956
v -0.221884 -0.143321 0.695802
v -0.232113 -0.149932 0.692424
v -0.245594 -0.097288 0.695802
v -0.256922 -0.101774 0.692424
v -0.267241 -0.105862 0.688956
v -0.241439 -0.155955 0.688956
v -0.259841 -0.047504 0.695802
v -0.271823 -0.049693 0.692424
v -0.264131 0.004104 0.695802
v -0.276309 0.004293 0.692424
v -0.287411 0.004465 0.688956
v -0.282739 -0.051690 0.688956
v -0.258239 0.055549 0.695802
v -0.270147 0.058111 0.692424
v -0.242453 0.104867 0.695802
v -0.253636 0.109703 0.692424
v -0.263822 0.114110 0.688956
v -0.280997 0.060446 0.688956
v -0.217324 0.150145 0.695802
v -0.227342 0.157066 0.692424
v -0.183868 0.189668 0.695802
v -0.192346 0.198414 0.692424
v -0.200071 0.206386 0.688956
v -0.236477 0.163378 0.688956
v -0.143321 0.221880 0.695802
v -0.149931 0.232112 0.692424
v -0.097288 0.245593 0.695802
v -0.101774 0.256918 0.692424
v -0.105862 0.267239 0.688956
v -0.155952 0.241435 0.688956
v 0.004104 0.264130 0.695802
v 0.055549 0.258235 0.695802
v 0.058111 0.270143 0.692424
v 0.004293 0.276308 0.692424
v 0.104870 0.242452 0.695802
v 0.109706 0.253632 0.692424
v 0.114113 0.263821 0.688956
v 0.060445 0.280995 0.688956
v 0.004465 0.287407 0.688956
v 0.150145 0.217320 0.695802
v 0.157069 0.227341 0.692424
v 0.189671 0.183864 0.695802
v 0.198417 0.192342 0.692424
v 0.206386 0.200070 0.688956
v 0.163377 0.236473 0.688956
v 0.221880 0.143320 0.695802
v 0.232112 0.149927 0.692424
v 0.245593 0.097284 0.695802
v 0.256918 0.101770 0.692424
v 0.267240 0.105858 0.688956
v 0.241438 0.155951 0.688956
v 0.259837 0.047499 0.695802
v 0.271819 0.049689 0.692424
v 0.264130 -0.004105 0.695802
v 0.276308 -0.004294 0.692424
v 0.287407 -0.004466 0.688956
v 0.282738 0.051686 0.688956
v 0.258235 -0.055553 0.695802
v 0.270143 -0.058115 0.692424
v 0.242452 -0.104871 0.695802
v 0.253632 -0.109707 0.692424
v 0.263821 -0.114114 0.688956
v 0.280996 -0.060449 0.688956
v 0.217320 -0.150146 0.695802
v 0.227341 -0.157071 0.692424
v 0.183867 -0.189672 0.695802
v 0.192345 -0.198418 0.692424
v 0.200070 -0.206390 0.688956
v 0.236476 -0.163382 0.688956
v 0.143320 -0.221884 0.695802
v 0.149930 -0.232116 0.692424
v 0.155951 -0.241439 0.688956
v 0.057623 -0.315214 0.626328
v 0.057493 -0.314498 0.614811
v -0.004979 -0.320422 0.626328
v -0.004968 -0.319693 0.614811
v -0.004940 -0.317836 0.603783
v 0.057155 -0.312671 0.603783
v 0.220910 -0.227866 0.562860
v 0.172192 -0.266579 0.562860
v 0.180445 -0.279360 0.559407
v 0.231493 -0.238802 0.559407
v 0.116884 -0.295073 0.562857
v 0.122485 -0.309216 0.559407
v 0.127817 -0.322722 0.555273
v 0.188305 -0.291567 0.555273
v 0.241586 -0.249238 0.555273
v -0.281815 0.121867 0.591447
v -0.252608 0.174492 0.591447
v -0.242174 0.167279 0.586302
v -0.270171 0.116825 0.586302
v -0.213717 0.220438 0.591447
v -0.204894 0.211324 0.586302
v -0.196583 0.202650 0.581415
v -0.232328 0.160393 0.581415
v -0.259172 0.111994 0.581415
v -0.307002 0.004752 0.591447
v -0.300156 0.064542 0.591447
v -0.287755 0.061870 0.586302
v -0.294317 0.004549 0.586302
v -0.276028 0.059276 0.581412
v -0.282307 0.004290 0.581412
v -0.277703 -0.050859 0.581412
v -0.289533 -0.052943 0.586302
v -0.262460 -0.104064 0.581415
v -0.273659 -0.108409 0.586302
v -0.285460 -0.113068 0.591447
v -0.302017 -0.055213 0.591447
v 0.347069 -0.005411 0.555273
v 0.332548 -0.005158 0.559407
v 0.325133 -0.069932 0.559407
v 0.339328 -0.072998 0.555273
v 0.317338 -0.004841 0.562860
v 0.310276 -0.066656 0.562860
v 0.291319 -0.125925 0.562860
v 0.305260 -0.132029 0.559407
v 0.318588 -0.137795 0.555273
v -0.067390 -0.313271 0.626328
v -0.067238 -0.312560 0.614811
v -0.066844 -0.310745 0.603783
v 0.018825 -0.122549 2.299086
v 0.024849 -0.140159 2.282862
v 0.050708 -0.129960 2.283936
v -0.001966 -0.126468 2.297649
v -0.002226 -0.143255 2.281716
v -0.026905 -0.062189 2.328564
v -0.038522 -0.055752 2.328585
v -0.049316 -0.071537 2.319396
v -0.034072 -0.079689 2.319237
v -0.048661 -0.047172 2.328588
v -0.062384 -0.060478 2.319393
v -0.080632 -0.078164 2.305248
v -0.063548 -0.092645 2.305275
v -0.040967 -0.105988 2.305812
v -0.056924 -0.036770 2.328588
v -0.072982 -0.047143 2.319393
v -0.063009 -0.024960 2.328588
v -0.080781 -0.032002 2.319393
v -0.104405 -0.041359 2.305248
v -0.094325 -0.060928 2.305248
v -0.066663 -0.012188 2.328588
v -0.085466 -0.015625 2.319393
v -0.067763 0.001052 2.328588
v -0.086876 0.001349 2.319393
v -0.112283 0.001745 2.305248
v -0.110461 -0.020196 2.305248
v -0.066252 0.014248 2.328588
v -0.084939 0.018268 2.319393
v -0.062203 0.026901 2.328588
v -0.079748 0.034492 2.319393
v -0.103070 0.044578 2.305248
v -0.109780 0.023614 2.305248
v -0.055755 0.038517 2.328588
v -0.071482 0.049383 2.319393
v -0.047172 0.048657 2.328588
v -0.060476 0.062384 2.319393
v -0.078164 0.080627 2.305248
v -0.092386 0.063827 2.305248
v -0.036770 0.056920 2.328588
v -0.047142 0.072978 2.319393
v -0.024959 0.063004 2.328588
v -0.031998 0.080777 2.319393
v -0.041358 0.104404 2.305248
v -0.060927 0.094320 2.305248
v -0.012188 0.066658 2.328588
v -0.015625 0.085462 2.319393
v 0.001052 0.067761 2.328588
v 0.001349 0.086875 2.319393
v 0.001745 0.112282 2.305248
v -0.020193 0.110456 2.305248
v 0.014251 0.066248 2.328588
v 0.018271 0.084934 2.319393
v 0.026904 0.062199 2.328588
v 0.034492 0.079744 2.319393
v 0.044581 0.103068 2.305248
v 0.023614 0.109776 2.305248
v 0.038518 0.055750 2.328588
v 0.049383 0.071478 2.319393
v 0.048657 0.047168 2.328588
v 0.062383 0.060475 2.319393
v 0.080631 0.078160 2.305248
v 0.063828 0.092382 2.305248
v 0.056923 0.036766 2.328588
v 0.072978 0.047138 2.319393
v 0.063005 0.024955 2.328588
v 0.080777 0.031997 2.319393
v 0.104404 0.041354 2.305248
v 0.094324 0.060926 2.305248
v 0.066659 0.012183 2.328588
v 0.085465 0.015620 2.319393
v 0.067762 -0.001054 2.328588
v 0.086875 -0.001351 2.319393
v 0.112282 -0.001745 2.305248
v 0.110460 0.020191 2.305248
v 0.066248 -0.014252 2.328588
v 0.084938 -0.018272 2.319393
v 0.062199 -0.026905 2.328588
v 0.079744 -0.034496 2.319393
v 0.103069 -0.044582 2.305248
v 0.109779 -0.023618 2.305248
v 0.055754 -0.038522 2.328588
v 0.071478 -0.049388 2.319393
v 0.047168 -0.048662 2.328588
v 0.060475 -0.062388 2.319393
v 0.078164 -0.080632 2.305248
v 0.092385 -0.063829 2.305248
v 0.036766 -0.056922 2.328585
v 0.047065 -0.073035 2.319396
v 0.060634 -0.094575 2.305275
v -0.005399 -0.347068 0.555273
v 0.062404 -0.341433 0.555273
v 0.059802 -0.327150 0.559407
v -0.005168 -0.332552 0.559407
v 0.057070 -0.312187 0.562857
v -0.004931 -0.317345 0.562854
v -0.112380 -0.259970 0.573066
v -0.160832 -0.233114 0.573072
v -0.169714 -0.245880 0.567786
v -0.118573 -0.274239 0.567780
v -0.203134 -0.197346 0.573078
v -0.214364 -0.208114 0.567789
v -0.227831 -0.220965 0.562857
v -0.180362 -0.261137 0.562857
v -0.125987 -0.291310 0.562857
v -0.237669 -0.153947 0.573078
v -0.250796 -0.162305 0.567789
v -0.263150 -0.104633 0.573075
v -0.277657 -0.110270 0.567786
v -0.295037 -0.116969 0.562857
v -0.266532 -0.172271 0.562860
v -0.278496 -0.051281 0.573069
v -0.293822 -0.053978 0.567783
v -0.283172 0.004033 0.573063
v -0.298730 0.004378 0.567777
v -0.317345 0.004837 0.562854
v -0.312170 -0.057161 0.562857
v -0.276920 0.059194 0.573069
v -0.292112 0.062566 0.567783
v -0.260061 0.112087 0.573075
v -0.274306 0.118360 0.567786
v -0.291332 0.125909 0.562857
v -0.310283 0.066653 0.562857
v -0.233177 0.160656 0.573078
v -0.245924 0.169588 0.567789
v -0.197369 0.203074 0.573078
v -0.208127 0.214321 0.567789
v -0.220972 0.227815 0.562860
v -0.261152 0.180316 0.562860
v -0.153938 0.237658 0.573078
v -0.162299 0.250789 0.567789
v -0.104567 0.263142 0.573078
v -0.110222 0.277652 0.567789
v -0.116954 0.295033 0.562860
v -0.172268 0.266528 0.562860
v -0.051093 0.278474 0.573078
v -0.053843 0.293806 0.567789
v 0.004342 0.283124 0.573078
v 0.004599 0.298695 0.567789
v 0.004915 0.317332 0.562860
v -0.057113 0.312163 0.562860
v 0.059544 0.276826 0.573078
v 0.062819 0.292045 0.567789
v 0.112421 0.259908 0.573078
v 0.118601 0.274196 0.567789
v 0.125996 0.291294 0.562860
v 0.066739 0.310256 0.562860
v 0.160953 0.232976 0.573078
v 0.169801 0.245779 0.567789
v 0.203304 0.197159 0.573078
v 0.214486 0.207979 0.567789
v 0.227872 0.220918 0.562860
v 0.180391 0.261099 0.562860
v 0.249243 0.241583 0.555273
v 0.238804 0.231493 0.559407
v 0.279356 0.180448 0.559407
v 0.291566 0.188302 0.555273
v 0.266563 0.172234 0.562860
v 0.295045 0.116956 0.562860
v 0.309212 0.122491 0.559407
v 0.322721 0.127811 0.555273
v 0.263187 0.104583 0.573078
v 0.278488 0.051269 0.573078
v 0.293815 0.053971 0.567789
v 0.277686 0.110233 0.567789
v 0.283150 -0.004043 0.573078
v 0.298717 -0.004384 0.567789
v 0.312166 0.057154 0.562860
v 0.276895 -0.059222 0.573078
v 0.292096 -0.062578 0.567789
v 0.259999 -0.112159 0.573078
v 0.274268 -0.118396 0.567789
v 0.233032 -0.160805 0.573078
v 0.245826 -0.169686 0.567789
v 0.197127 -0.203278 0.573078
v 0.207955 -0.214466 0.567789
v 0.261118 -0.180350 0.562860
v 0.104290 -0.263285 0.573075
v 0.050920 -0.278562 0.573069
v 0.053718 -0.293872 0.567780
v 0.110024 -0.277756 0.567786
v -0.004400 -0.283169 0.573063
v -0.004642 -0.298728 0.567777
v -0.073007 -0.339323 0.555273
v -0.076785 -0.356802 0.547602
v -0.005693 -0.364957 0.547602
v -0.137813 -0.318583 0.555273
v -0.144935 -0.334995 0.547602
v -0.153485 -0.354728 0.534045
v -0.081321 -0.377818 0.534045
v -0.006035 -0.386456 0.534045
v -0.197295 -0.285566 0.555273
v -0.207467 -0.300290 0.547602
v -0.249221 -0.241614 0.555273
v -0.262046 -0.254092 0.547602
v -0.277475 -0.269073 0.534045
v -0.219689 -0.317986 0.534045
v -0.291544 -0.188346 0.555273
v -0.306547 -0.198085 0.547602
v -0.322705 -0.127857 0.555273
v -0.339322 -0.134485 0.547602
v -0.359302 -0.142429 0.534045
v -0.324596 -0.209773 0.534045
v -0.341425 -0.062441 0.555273
v -0.359012 -0.065699 0.547602
v -0.347068 0.005368 0.555273
v -0.364955 0.005605 0.547602
v -0.386454 0.005911 0.534045
v -0.380159 -0.069592 0.534045
v -0.339329 0.072970 0.555273
v -0.356824 0.076691 0.547602
v -0.318590 0.137782 0.555273
v -0.335015 0.144854 0.547602
v -0.354753 0.153373 0.534045
v -0.377849 0.081189 0.534045
v -0.285558 0.197288 0.555273
v -0.300270 0.207448 0.547602
v -0.241596 0.249231 0.555273
v -0.254034 0.262086 0.547602
v -0.268994 0.277531 0.534045
v -0.317956 0.219667 0.534045
v -0.188327 0.291555 0.555273
v -0.198037 0.306587 0.547602
v -0.127848 0.322707 0.555273
v -0.134458 0.339332 0.547602
v -0.142389 0.359321 0.534045
v -0.209707 0.324651 0.534045
v 0.005393 0.347064 0.555273
v 0.073002 0.339319 0.555273
v 0.076784 0.356797 0.547602
v 0.005670 0.364945 0.547602
v 0.137815 0.318573 0.555273
v 0.144949 0.334976 0.547602
v 0.153504 0.354699 0.534045
v 0.081317 0.377811 0.534045
v 0.006004 0.386440 0.534045
v 0.197309 0.285547 0.555273
v 0.207511 0.300241 0.547602
v 0.262115 0.254002 0.547602
v 0.277572 0.268951 0.534045
v 0.219754 0.317914 0.534045
v 0.306614 0.197973 0.547602
v 0.339367 0.134360 0.547602
v 0.359367 0.142255 0.534045
v 0.324688 0.209618 0.534045
v 0.341432 0.062392 0.555273
v 0.359037 0.065568 0.547602
v 0.364962 -0.005717 0.547602
v 0.386463 -0.006068 0.534045
v 0.380192 0.069410 0.534045
v 0.356825 -0.076762 0.547602
v 0.335013 -0.144882 0.547602
v 0.354752 -0.153409 0.534045
v 0.377847 -0.081286 0.534045
v 0.285556 -0.197292 0.555273
v 0.300265 -0.207455 0.547602
v 0.254012 -0.262099 0.547602
v 0.268963 -0.277546 0.534045
v 0.317952 -0.219677 0.534045
v 0.197976 -0.306614 0.547602
v 0.134372 -0.339371 0.547602
v 0.142270 -0.359372 0.534045
v 0.209621 -0.324686 0.534045
v 0.065601 -0.359038 0.547602
v 0.069455 -0.380194 0.534045
v -0.086300 -0.401032 0.513723
v -0.006395 -0.410192 0.513723
v -0.162896 -0.376520 0.513723
v -0.171593 -0.396680 0.491133
v -0.090900 -0.422504 0.491133
v -0.006722 -0.432146 0.491133
v 0.222522 -0.344615 0.513723
v 0.285503 -0.294583 0.513723
v 0.151033 -0.381434 0.513723
v 0.159154 -0.401831 0.491133
v 0.234472 -0.363036 0.491133
v 0.300812 -0.310331 0.491133
v -0.344547 -0.222632 0.513723
v -0.294531 -0.285583 0.513723
v -0.381382 -0.151146 0.513723
v -0.401813 -0.159194 0.491133
v -0.363013 -0.234509 0.491133
v -0.310313 -0.300841 0.491133
v 0.337488 -0.233170 0.513723
v 0.376538 -0.162842 0.513723
v 0.355557 -0.245654 0.491133
v 0.396685 -0.171574 0.491133
v 0.403538 0.073703 0.513723
v 0.381430 0.151021 0.513723
v 0.410200 -0.006419 0.513723
v 0.432148 -0.006733 0.491133
v 0.425128 0.077692 0.491133
v 0.401830 0.159148 0.491133
v -0.222584 0.344587 0.513723
v -0.285525 0.294571 0.513723
v -0.151119 0.381395 0.513723
v -0.159185 0.401815 0.491133
v -0.234494 0.363024 0.491133
v -0.300819 0.310327 0.491133
v 0.073737 -0.403540 0.513723
v 0.077704 -0.425132 0.491133
v -0.337492 0.233163 0.513723
v -0.376539 0.162814 0.513723
v -0.355561 0.245650 0.491133
v -0.396686 0.171562 0.491133
v 0.401053 -0.086276 0.513723
v 0.422509 -0.090891 0.491133
v -0.401051 0.086206 0.513723
v -0.410193 0.006308 0.513723
v -0.422510 0.090863 0.491133
v -0.432147 0.006691 0.491133
v 0.344616 0.222519 0.513723
v 0.294601 0.285494 0.513723
v 0.363035 0.234469 0.491133
v 0.310336 0.300806 0.491133
v -0.094348 -0.438583 0.470619
v -0.006971 -0.448591 0.470619
v -0.178109 -0.411778 0.470619
v -0.182489 -0.421905 0.450549
v -0.096667 -0.449372 0.450549
v -0.007142 -0.459626 0.450549
v -0.245657 -0.355570 0.491133
v -0.255003 -0.369094 0.470619
v -0.322129 -0.312275 0.470619
v -0.330053 -0.319955 0.450549
v -0.261277 -0.378172 0.450549
v -0.376836 -0.243415 0.470619
v -0.417110 -0.165233 0.470619
v -0.427371 -0.169295 0.450549
v -0.386107 -0.249401 0.450549
v -0.425120 -0.077740 0.491133
v -0.441302 -0.080679 0.470619
v -0.448590 0.006967 0.470619
v -0.459623 0.007141 0.450549
v -0.452159 -0.082658 0.450549
v -0.438583 0.094341 0.470619
v -0.411778 0.178102 0.470619
v -0.421905 0.182488 0.450549
v -0.449372 0.096666 0.450549
v -0.369094 0.255001 0.470619
v -0.312272 0.322128 0.470619
v -0.319952 0.330052 0.450549
v -0.378172 0.261273 0.450549
v -0.243412 0.376835 0.470619
v -0.165230 0.417109 0.470619
v -0.169292 0.427367 0.450549
v -0.249401 0.386103 0.450549
v 0.171594 0.396670 0.491133
v 0.245674 0.355547 0.491133
v 0.255004 0.369090 0.470619
v 0.178109 0.411774 0.470619
v 0.322131 0.312267 0.470619
v 0.330052 0.319951 0.450549
v 0.261272 0.378168 0.450549
v 0.182488 0.421901 0.450549
v 0.376838 0.243408 0.470619
v 0.417112 0.165223 0.470619
v 0.427370 0.169291 0.450549
v 0.386106 0.249397 0.450549
v 0.441301 0.080669 0.470619
v 0.448589 -0.006974 0.470619
v 0.459622 -0.007142 0.450549
v 0.452155 0.082657 0.450549
v 0.438582 -0.094348 0.470619
v 0.411774 -0.178110 0.470619
v 0.421904 -0.182491 0.450549
v 0.449368 -0.096667 0.450549
v 0.369090 -0.255002 0.470619
v 0.312270 -0.322133 0.470619
v 0.319951 -0.330055 0.450549
v 0.378171 -0.261277 0.450549
v 0.243408 -0.376842 0.470619
v 0.165226 -0.417112 0.470619
v 0.169291 -0.427371 0.450549
v 0.249397 -0.386107 0.450549
v 0.080672 -0.441305 0.470619
v 0.082657 -0.452158 0.450549
v -0.098087 -0.455969 0.428607
v -0.007247 -0.466376 0.428607
v -0.185168 -0.428102 0.428607
v -0.186705 -0.431654 0.405750
v -0.098902 -0.459755 0.405750
v -0.007307 -0.470245 0.405750
v -0.265110 -0.383726 0.428607
v -0.334899 -0.324654 0.428607
v -0.337680 -0.327346 0.405750
v -0.267311 -0.386908 0.405750
v -0.391778 -0.253063 0.428607
v -0.433645 -0.171781 0.428607
v -0.437243 -0.173204 0.405750
v -0.395027 -0.255164 0.405750
v -0.458796 -0.083873 0.428607
v -0.466373 0.007246 0.428607
v -0.470242 0.007306 0.405750
v -0.462602 -0.084569 0.405750
v -0.455969 0.098086 0.428607
v -0.428098 0.185167 0.428607
v -0.431651 0.186701 0.405750
v -0.459752 0.098897 0.405750
v -0.383726 0.265109 0.428607
v -0.324650 0.334898 0.428607
v -0.327347 0.337676 0.405750
v -0.386908 0.267310 0.405750
v -0.253063 0.391774 0.428607
v -0.171778 0.433644 0.428607
v -0.173204 0.437242 0.405750
v -0.255161 0.395026 0.405750
v 0.007141 0.459622 0.450549
v 0.096666 0.449368 0.450549
v 0.098086 0.455968 0.428607
v 0.007246 0.466371 0.428607
v 0.185167 0.428097 0.428607
v 0.186705 0.431650 0.405750
v 0.098901 0.459751 0.405750
v 0.007307 0.470241 0.405750
v 0.265109 0.383722 0.428607
v 0.334898 0.324649 0.428607
v 0.337676 0.327343 0.405750
v 0.267310 0.386907 0.405750
v 0.391774 0.253059 0.428607
v 0.433644 0.171777 0.428607
v 0.437242 0.173200 0.405750
v 0.395026 0.255160 0.405750
v 0.458795 0.083872 0.428607
v 0.466371 -0.007247 0.428607
v 0.470241 -0.007307 0.405750
v 0.462601 0.084565 0.405750
v 0.455968 -0.098087 0.428607
v 0.428098 -0.185171 0.428607
v 0.431650 -0.186705 0.405750
v 0.459751 -0.098902 0.405750
v 0.383722 -0.265114 0.428607
v 0.324649 -0.334902 0.428607
v 0.327343 -0.337680 0.405750
v 0.386907 -0.267314 0.405750
v 0.253059 -0.391778 0.428607
v 0.171777 -0.433648 0.428607
v 0.173203 -0.437246 0.405750
v 0.255160 -0.395030 0.405750
v 0.083872 -0.458796 0.428607
v 0.084568 -0.462605 0.405750
v -0.099345 -0.461824 0.383460
v -0.007340 -0.472362 0.383460
v -0.187546 -0.433597 0.383460
v -0.187589 -0.433701 0.362040
v -0.099371 -0.461934 0.362040
v -0.007342 -0.472474 0.362040
v -0.268517 -0.388654 0.383460
v -0.339200 -0.328820 0.383460
v -0.339279 -0.328900 0.362040
v -0.268579 -0.388746 0.362040
v -0.396806 -0.256313 0.383460
v -0.439214 -0.173987 0.383460
v -0.439317 -0.174027 0.362040
v -0.396899 -0.256374 0.362040
v -0.464687 -0.084951 0.383460
v -0.472362 0.007339 0.383460
v -0.472473 0.007341 0.362040
v -0.464796 -0.084971 0.362040
v -0.461824 0.099344 0.383460
v -0.433597 0.187545 0.383460
v -0.433698 0.187588 0.362040
v -0.461932 0.099367 0.362040
v -0.388651 0.268513 0.383460
v -0.328820 0.339196 0.383460
v -0.328897 0.339278 0.362040
v -0.388742 0.268578 0.362040
v -0.256313 0.396805 0.383460
v -0.173984 0.439210 0.383460
v -0.174024 0.439316 0.362040
v -0.256371 0.396898 0.362040
v 0.099344 0.461820 0.383460
v 0.007339 0.472358 0.383460
v 0.187545 0.433593 0.383460
v 0.187589 0.433697 0.362040
v 0.099370 0.461930 0.362040
v 0.007341 0.472469 0.362040
v 0.268513 0.388650 0.383460
v 0.339199 0.328816 0.383460
v 0.339278 0.328896 0.362040
v 0.268578 0.388741 0.362040
v 0.396805 0.256309 0.383460
v 0.439214 0.173983 0.383460
v 0.439316 0.174023 0.362040
v 0.396898 0.256370 0.362040
v 0.464686 0.084947 0.383460
v 0.472361 -0.007340 0.383460
v 0.472472 -0.007342 0.362040
v 0.464795 0.084967 0.362040
v 0.461823 -0.099347 0.383460
v 0.433596 -0.187549 0.383460
v 0.433697 -0.187592 0.362040
v 0.461930 -0.099371 0.362040
v 0.388650 -0.268517 0.383460
v 0.328820 -0.339200 0.383460
v 0.328896 -0.339283 0.362040
v 0.388741 -0.268582 0.362040
v 0.256309 -0.396809 0.383460
v 0.173983 -0.439214 0.383460
v 0.174023 -0.439320 0.362040
v 0.256370 -0.396902 0.362040
v 0.084947 -0.464687 0.383460
v 0.084970 -0.464799 0.362040
v -0.203990 -0.471617 0.026754
v -0.292060 -0.422732 0.026754
v -0.289217 -0.418615 0.013965
v -0.202005 -0.467024 0.013965
v -0.368941 -0.357653 0.026754
v -0.365352 -0.354172 0.013965
v -0.362224 -0.351139 0.007131
v -0.286740 -0.415032 0.007131
v -0.200278 -0.463028 0.007131
v -0.431599 -0.278787 0.026754
v -0.427398 -0.276071 0.013965
v -0.477725 -0.189242 0.026754
v -0.473075 -0.187400 0.013965
v -0.469027 -0.185794 0.007131
v -0.423740 -0.273710 0.007131
v -0.505431 -0.092398 0.026754
v -0.500512 -0.091499 0.013965
v -0.513779 0.007983 0.026754
v -0.508778 0.007906 0.013965
v -0.504422 0.007837 0.007131
v -0.496230 -0.090716 0.007131
v -0.502316 0.108056 0.026754
v -0.497427 0.107002 0.013965
v -0.471614 0.203989 0.026754
v -0.467024 0.202004 0.013965
v -0.463028 0.200274 0.007131
v -0.493172 0.106087 0.007131
v -0.422729 0.292059 0.026754
v -0.418615 0.289214 0.013965
v -0.357650 0.368940 0.026754
v -0.354172 0.365348 0.013965
v -0.351139 0.362223 0.007131
v -0.415031 0.286739 0.007131
v -0.278784 0.431598 0.026754
v -0.276071 0.427397 0.013965
v -0.189239 0.477723 0.026754
v -0.187397 0.473071 0.013965
v -0.185795 0.469023 0.007131
v -0.273707 0.423739 0.007131
v -0.092398 0.505430 0.026754
v -0.091499 0.500511 0.013965
v 0.007983 0.513778 0.026754
v 0.007906 0.508777 0.013965
v 0.007837 0.504421 0.007131
v -0.090716 0.496226 0.007131
v 0.108056 0.502315 0.026754
v 0.107005 0.497426 0.013965
v 0.203990 0.471613 0.026754
v 0.202004 0.467023 0.013965
v 0.200274 0.463024 0.007131
v 0.106087 0.493168 0.007131
v 0.292059 0.422728 0.026754
v 0.289216 0.418614 0.013965
v 0.368940 0.357649 0.026754
v 0.365348 0.354168 0.013965
v 0.362223 0.351138 0.007131
v 0.286739 0.415030 0.007131
v 0.431598 0.278783 0.026754
v 0.427397 0.276067 0.013965
v 0.477724 0.189238 0.026754
v 0.473074 0.187396 0.013965
v 0.469026 0.185791 0.007131
v 0.423739 0.273706 0.007131
v 0.505430 0.092397 0.026754
v 0.500511 0.091495 0.013965
v 0.513778 -0.007984 0.026754
v 0.508777 -0.007906 0.013965
v 0.504421 -0.007839 0.007131
v 0.496226 0.090712 0.007131
v 0.502315 -0.108057 0.026754
v 0.497426 -0.107005 0.013965
v 0.471613 -0.203993 0.026754
v 0.467023 -0.202008 0.013965
v 0.463027 -0.200278 0.007131
v 0.493168 -0.106091 0.007131
v 0.422728 -0.292063 0.026754
v 0.418614 -0.289217 0.013965
v 0.357649 -0.368944 0.026754
v 0.354168 -0.365352 0.013965
v 0.351138 -0.362224 0.007131
v 0.415030 -0.286743 0.007131
v 0.278784 -0.431602 0.026754
v 0.276070 -0.427398 0.013965
v 0.273706 -0.423740 0.007131
v -0.006896 -0.443809 0.298890
v -0.093339 -0.433906 0.298890
v -0.095309 -0.443059 0.293505
v -0.007042 -0.453168 0.293505
v -0.176208 -0.407385 0.298890
v -0.179924 -0.415977 0.293505
v -0.184097 -0.425618 0.287667
v -0.097517 -0.453328 0.287667
v -0.007205 -0.463673 0.287667
v -0.285641 -0.413441 0.217134
v -0.199509 -0.461254 0.217134
v -0.360835 -0.349795 0.217134
v -0.367512 -0.356266 0.181104
v -0.290927 -0.421091 0.181104
v -0.203200 -0.469787 0.181104
v -0.422116 -0.272661 0.217134
v -0.467228 -0.185082 0.217134
v -0.475871 -0.188506 0.181104
v -0.429926 -0.277703 0.181104
v -0.494325 -0.090368 0.217134
v -0.502491 0.007807 0.217134
v -0.511787 0.007952 0.181104
v -0.503472 -0.092042 0.181104
v -0.491279 0.105679 0.217134
v -0.461252 0.199505 0.217134
v -0.469784 0.203196 0.181104
v -0.500369 0.107635 0.181104
v -0.413441 0.285640 0.217134
v -0.349793 0.360834 0.217134
v -0.356266 0.367508 0.181104
v -0.421091 0.290923 0.181104
v -0.272658 0.422112 0.217134
v -0.185081 0.467227 0.217134
v -0.188506 0.475870 0.181104
v -0.277703 0.429922 0.181104
v -0.090368 0.494324 0.217134
v 0.007807 0.502487 0.217134
v 0.007952 0.511783 0.181104
v -0.092039 0.503468 0.181104
v 0.105682 0.491278 0.217134
v 0.199508 0.461251 0.217134
v 0.203199 0.469783 0.181104
v 0.107635 0.500365 0.181104
v 0.285640 0.413440 0.217134
v 0.360834 0.349792 0.217134
v 0.367508 0.356262 0.181104
v 0.290926 0.421086 0.181104
v 0.422115 0.272657 0.217134
v 0.467227 0.185077 0.217134
v 0.475870 0.188502 0.181104
v 0.429925 0.277699 0.181104
v 0.494324 0.090364 0.217134
v 0.502487 -0.007808 0.217134
v 0.511786 -0.007953 0.181104
v 0.503471 0.092038 0.181104
v 0.413440 -0.285644 0.217134
v 0.461251 -0.199509 0.217134
v 0.349792 -0.360838 0.217134
v 0.356262 -0.367512 0.181104
v 0.421089 -0.290927 0.181104
v 0.469783 -0.203200 0.181104
v 0.272657 -0.422116 0.217134
v 0.185080 -0.467230 0.217134
v 0.188505 -0.475874 0.181104
v 0.277702 -0.429926 0.181104
v 0.088650 -0.484943 0.242409
v 0.090367 -0.494328 0.217134
v -0.007661 -0.492952 0.242409
v -0.007808 -0.502491 0.217134
v -0.007953 -0.511787 0.181104
v 0.092038 -0.503472 0.181104
v 0.085777 -0.469225 0.274311
v 0.087085 -0.476374 0.261219
v -0.007412 -0.476976 0.274311
v -0.007525 -0.484241 0.261219
v -0.315920 -0.123561 1.810074
v -0.286121 -0.184574 1.810290
v -0.280952 -0.181741 1.876146
v -0.006717 -0.432272 0.000936
v -0.004519 -0.290765 0.000117
v 0.059747 -0.326831 0.000177
v 0.078601 -0.429965 0.000936
v 0.000000 0.000000 0.000000
v 0.107097 -0.270362 0.000117
v 0.159218 -0.401940 0.000936
v -0.396796 0.171626 0.000936
v -0.266901 0.115442 0.000117
v -0.324817 0.069873 0.000177
v -0.427315 0.091918 0.000936
v -0.290765 0.004518 0.000117
v -0.432272 0.006716 0.000936
v -0.108057 -0.502319 0.026754
v -0.107006 -0.497430 0.013965
v -0.106091 -0.493172 0.007131
v -0.008120 -0.522517 0.084411
v -0.109894 -0.510860 0.084411
v -0.109273 -0.507971 0.049119
v -0.008074 -0.519562 0.049119
v -0.207461 -0.479637 0.084411
v -0.206288 -0.476925 0.049119
v -0.297026 -0.429918 0.084411
v -0.295347 -0.427487 0.049119
v -0.375216 -0.363734 0.084411
v -0.373093 -0.361679 0.049122
v -0.438940 -0.283528 0.084411
v -0.436457 -0.281922 0.049122
v -0.485848 -0.192458 0.084411
v -0.483101 -0.191370 0.049122
v -0.514028 -0.093972 0.084411
v -0.511121 -0.093438 0.049119
v -0.522516 0.008119 0.084411
v -0.519562 0.008073 0.049119
v -0.363734 0.375215 0.084411
v -0.283525 0.438935 0.084411
v -0.281922 0.436453 0.049122
v -0.361679 0.373092 0.049122
v -0.192458 0.485848 0.084411
v -0.191370 0.483100 0.049122
v -0.093968 0.514024 0.084411
v -0.093437 0.511117 0.049119
v 0.008119 0.522515 0.084411
v 0.008073 0.519558 0.049119
v 0.109893 0.510856 0.084411
v 0.109272 0.507967 0.049119
v 0.207460 0.479633 0.084411
v 0.206286 0.476921 0.049119
v 0.297025 0.429914 0.084411
v 0.295346 0.427483 0.049119
v 0.375215 0.363733 0.084411
v 0.373092 0.361675 0.049122
v 0.438938 0.283524 0.084411
v 0.436456 0.281918 0.049122
v 0.485847 0.192454 0.084411
v 0.483100 0.191365 0.049122
v 0.514027 0.093967 0.084411
v 0.511120 0.093436 0.049119
v 0.522515 -0.008120 0.084411
v 0.519561 -0.008074 0.049119
v 0.510859 -0.109897 0.084411
v 0.507971 -0.109273 0.049119
v 0.479633 -0.207461 0.084411
v 0.476921 -0.206288 0.049119
v 0.429918 -0.297029 0.084411
v 0.427486 -0.295347 0.049119
v 0.363733 -0.375216 0.084411
v 0.361675 -0.373096 0.049122
v 0.283524 -0.438940 0.084411
v 0.281921 -0.436457 0.049122
v 0.192457 -0.485852 0.084411
v 0.191369 -0.483104 0.049122
v 0.093967 -0.514027 0.084411
v 0.093436 -0.511121 0.049119
v 0.084577 -0.462656 0.342084
v 0.173220 -0.437294 0.342084
v -0.007308 -0.470296 0.342084
v -0.007254 -0.466826 0.326514
v 0.083952 -0.459238 0.326514
v 0.171941 -0.434064 0.326514
v -0.267341 -0.386953 0.342084
v -0.186727 -0.431702 0.342084
v -0.337717 -0.327382 0.342084
v -0.335222 -0.324966 0.326514
v -0.265368 -0.384097 0.326514
v -0.185348 -0.428513 0.326514
v -0.395072 -0.255191 0.342084
v -0.437291 -0.173224 0.342084
v -0.434064 -0.171945 0.326514
v -0.392153 -0.253307 0.326514
v -0.462653 -0.084578 0.342084
v -0.470296 0.007307 0.342084
v -0.466822 0.007253 0.326514
v -0.459239 -0.083956 0.326514
v -0.459802 0.098910 0.342084
v -0.431699 0.186723 0.342084
v -0.428513 0.185344 0.326514
v -0.456408 0.098179 0.326514
v -0.386953 0.267337 0.342084
v -0.327382 0.337713 0.342084
v -0.324964 0.335221 0.326514
v -0.384094 0.265364 0.326514
v -0.255190 0.395068 0.342084
v -0.173225 0.437290 0.342084
v -0.171945 0.434060 0.326514
v -0.253307 0.392152 0.326514
v 0.098910 0.459801 0.342084
v 0.007307 0.470292 0.342084
v 0.186723 0.431698 0.342084
v 0.185344 0.428509 0.326514
v 0.098179 0.456407 0.326514
v 0.007253 0.466821 0.326514
v 0.267340 0.386948 0.342084
v 0.337716 0.327378 0.342084
v 0.335221 0.324962 0.326514
v 0.265367 0.384093 0.326514
v 0.395068 0.255186 0.342084
v 0.437290 0.173220 0.342084
v 0.434063 0.171941 0.326514
v 0.392152 0.253302 0.326514
v 0.462652 0.084577 0.342084
v 0.470295 -0.007308 0.342084
v 0.466821 -0.007254 0.326514
v 0.459237 0.083952 0.326514
v 0.459801 -0.098912 0.342084
v 0.431698 -0.186727 0.342084
v 0.428512 -0.185349 0.326514
v 0.456407 -0.098184 0.326514
v 0.386949 -0.267342 0.342084
v 0.327381 -0.337717 0.342084
v 0.324962 -0.335225 0.326514
v 0.384093 -0.265368 0.326514
v 0.255189 -0.395072 0.342084
v 0.253306 -0.392156 0.326514
v -0.007107 -0.457364 0.312831
v -0.096191 -0.447162 0.312831
v -0.094559 -0.439573 0.309045
v -0.006986 -0.449601 0.309045
v -0.181592 -0.419830 0.312831
v -0.178508 -0.412705 0.309045
v -0.175778 -0.406389 0.305709
v -0.093113 -0.432844 0.305709
v -0.006880 -0.442720 0.305709
v -0.259991 -0.376313 0.312831
v -0.255577 -0.369926 0.309045
v -0.328429 -0.318381 0.312831
v -0.322857 -0.312977 0.309045
v -0.317916 -0.308187 0.305709
v -0.251666 -0.364265 0.305709
v -0.384206 -0.248174 0.312831
v -0.377687 -0.243963 0.309045
v -0.425267 -0.168461 0.312831
v -0.418049 -0.165602 0.309045
v -0.411652 -0.163067 0.305709
v -0.371908 -0.240227 0.305709
v -0.449932 -0.082252 0.312831
v -0.442295 -0.080858 0.309045
v -0.457364 0.007106 0.312831
v -0.449601 0.006986 0.309045
v -0.442720 0.006879 0.305709
v -0.435528 -0.079619 0.305709
v -0.447159 0.096190 0.312831
v -0.439569 0.094558 0.309045
v -0.419828 0.181588 0.312831
v -0.412702 0.178507 0.309045
v -0.406387 0.175774 0.305709
v -0.432844 0.093109 0.305709
v -0.376310 0.259987 0.312831
v -0.369925 0.255576 0.309045
v -0.318378 0.328428 0.312831
v -0.312977 0.322853 0.309045
v -0.308187 0.317912 0.305709
v -0.364265 0.251662 0.305709
v -0.248173 0.384205 0.312831
v -0.243960 0.377683 0.309045
v -0.168461 0.425266 0.312831
v -0.165599 0.418048 0.309045
v -0.163067 0.411651 0.305709
v -0.240227 0.371904 0.305709
v 0.007106 0.457360 0.312831
v 0.096190 0.447158 0.312831
v 0.094558 0.439568 0.309045
v 0.006985 0.449597 0.309045
v 0.181591 0.419827 0.312831
v 0.178507 0.412701 0.309045
v 0.175778 0.406385 0.305709
v 0.093112 0.432840 0.305709
v 0.006879 0.442719 0.305709
v 0.259990 0.376309 0.312831
v 0.255576 0.369922 0.309045
v 0.328428 0.318377 0.312831
v 0.322853 0.312973 0.309045
v 0.317912 0.308183 0.305709
v 0.251665 0.364261 0.305709
v 0.384205 0.248169 0.312831
v 0.377683 0.243959 0.309045
v 0.425266 0.168457 0.312831
v 0.418048 0.165598 0.309045
v 0.411651 0.163063 0.305709
v 0.371904 0.240223 0.305709
v 0.449931 0.082251 0.312831
v 0.442294 0.080854 0.309045
v 0.457360 -0.007107 0.312831
v 0.449600 -0.006986 0.309045
v 0.442719 -0.006880 0.305709
v 0.435527 0.079615 0.305709
v 0.447158 -0.096191 0.312831
v 0.439568 -0.094561 0.309045
v 0.419827 -0.181592 0.312831
v 0.412701 -0.178511 0.309045
v 0.406386 -0.175779 0.305709
v 0.432843 -0.093113 0.305709
v 0.376309 -0.259990 0.312831
v 0.369922 -0.255580 0.309045
v 0.318377 -0.328432 0.312831
v 0.312973 -0.322857 0.309045
v 0.308183 -0.317916 0.305709
v 0.364261 -0.251666 0.305709
v 0.248172 -0.384209 0.312831
v 0.243959 -0.377687 0.309045
v 0.168460 -0.425270 0.312831
v 0.165598 -0.418052 0.309045
v 0.163066 -0.411655 0.305709
v 0.240226 -0.371908 0.305709
v 0.090701 -0.228972 0.702810
v 0.044286 -0.242254 0.702810
v 0.045663 -0.249797 0.699189
v 0.093525 -0.236103 0.699189
v -0.003827 -0.246253 0.702810
v -0.003946 -0.253923 0.699189
v -0.130339 -0.188654 0.739176
v -0.091037 -0.210472 0.739176
v -0.164650 -0.159612 0.739176
v -0.169211 -0.164032 0.718365
v -0.133949 -0.193879 0.718365
v -0.093558 -0.216301 0.718365
v -0.192613 -0.124418 0.739176
v -0.213198 -0.084454 0.739176
v -0.219101 -0.086793 0.718365
v -0.197947 -0.127861 0.718365
v -0.225563 -0.041237 0.739176
v -0.229287 0.003562 0.739176
v -0.235637 0.003661 0.718365
v -0.231807 -0.042380 0.718365
v -0.224174 0.048221 0.739176
v -0.210472 0.091033 0.739176
v -0.216298 0.093554 0.718365
v -0.230378 0.049557 0.718365
v -0.188654 0.130338 0.739176
v -0.159611 0.164649 0.739176
v -0.164033 0.169207 0.718365
v -0.193879 0.133945 0.718365
v -0.124415 0.192612 0.739176
v -0.084455 0.213194 0.739176
v -0.086793 0.219100 0.718365
v -0.127861 0.197943 0.718365
v 0.048221 0.224170 0.739176
v 0.003563 0.229285 0.739176
v 0.091037 0.210467 0.739176
v 0.093557 0.216297 0.718365
v 0.049557 0.230377 0.718365
v 0.003661 0.235633 0.718365
v 0.130339 0.188653 0.739176
v 0.164650 0.159610 0.739176
v 0.169210 0.164029 0.718365
v 0.133948 0.193875 0.718365
v 0.192612 0.124414 0.739176
v 0.213197 0.084450 0.739176
v 0.219100 0.086788 0.718365
v 0.197946 0.127856 0.718365
v 0.225563 0.041233 0.739176
v 0.229286 -0.003563 0.739176
v 0.235636 -0.003662 0.718365
v 0.231806 0.042375 0.718365
v 0.224172 -0.048225 0.739176
v 0.210471 -0.091038 0.739176
v 0.216297 -0.093558 0.718365
v 0.230377 -0.049561 0.718365
v 0.188653 -0.130342 0.739176
v 0.159610 -0.164650 0.739176
v 0.164032 -0.169211 0.718365
v 0.193878 -0.133948 0.718365
v 0.124414 -0.192613 0.739176
v 0.127859 -0.197947 0.718365
v -0.097772 -0.226043 0.702810
v -0.139983 -0.202615 0.702810
v -0.144342 -0.208923 0.699189
v -0.100816 -0.233084 0.699189
v -0.176832 -0.171424 0.702810
v -0.182340 -0.176763 0.699189
v -0.206864 -0.133621 0.702810
v -0.213307 -0.137784 0.699189
v -0.228972 -0.090702 0.702810
v -0.236103 -0.093529 0.699189
v -0.242251 -0.044287 0.702810
v -0.249797 -0.045667 0.699189
v -0.246253 0.003826 0.702810
v -0.253923 0.003945 0.699189
v -0.240758 0.051788 0.702810
v -0.248258 0.053402 0.699189
v -0.226044 0.097771 0.702810
v -0.233083 0.100815 0.699189
v -0.202612 0.139982 0.702810
v -0.208923 0.144340 0.699189
v -0.171421 0.176831 0.702810
v -0.176760 0.182338 0.699189
v -0.133621 0.206863 0.702810
v -0.137781 0.213306 0.699189
v -0.090702 0.228971 0.702810
v -0.093529 0.236102 0.699189
v -0.044287 0.242250 0.702810
v -0.045667 0.249793 0.699189
v 0.003826 0.246252 0.702810
v 0.003945 0.253919 0.699189
v -0.047500 0.259837 0.695802
v 0.051791 0.240757 0.702810
v 0.053402 0.248254 0.699189
v 0.097771 0.226042 0.702810
v 0.100815 0.233082 0.699189
v 0.139982 0.202611 0.702810
v 0.144341 0.208922 0.699189
v 0.176831 0.171420 0.702810
v 0.182339 0.176759 0.699189
v 0.206863 0.133620 0.702810
v 0.213306 0.137780 0.699189
v 0.228971 0.090701 0.702810
v 0.236102 0.093524 0.699189
v 0.242250 0.044283 0.702810
v 0.249796 0.045663 0.699189
v 0.246252 -0.003827 0.702810
v 0.253922 -0.003946 0.699189
v 0.240757 -0.051792 0.702810
v 0.248257 -0.053406 0.699189
v 0.226043 -0.097772 0.702810
v 0.233083 -0.100820 0.699189
v 0.202611 -0.139983 0.702810
v 0.208922 -0.144345 0.699189
v 0.171420 -0.176835 0.702810
v 0.176759 -0.182342 0.699189
v 0.133620 -0.206867 0.702810
v 0.137780 -0.213307 0.699189
v 0.082251 -0.449935 0.312831
v 0.080854 -0.442298 0.309045
v 0.079618 -0.435528 0.305709
v -0.252284 -0.365158 0.298890
v -0.257606 -0.372861 0.293505
v -0.318696 -0.308943 0.298890
v -0.325416 -0.315461 0.293505
v -0.332959 -0.322772 0.287667
v -0.263576 -0.381503 0.287667
v -0.372820 -0.240819 0.298890
v -0.380682 -0.245897 0.293505
v -0.412663 -0.163468 0.298890
v -0.421367 -0.166916 0.293505
v -0.431133 -0.170785 0.287667
v -0.389504 -0.251595 0.287667
v -0.436596 -0.079816 0.298890
v -0.445803 -0.081500 0.293505
v -0.443806 0.006895 0.298890
v -0.453168 0.007041 0.293505
v -0.463670 0.007204 0.287667
v -0.456139 -0.083389 0.287667
v -0.433906 0.093338 0.298890
v -0.443056 0.095308 0.293505
v -0.407385 0.176207 0.298890
v -0.415977 0.179923 0.293505
v -0.425618 0.184093 0.287667
v -0.453328 0.097516 0.287667
v -0.365158 0.252283 0.298890
v -0.372858 0.257602 0.293505
v -0.308943 0.318692 0.298890
v -0.315458 0.325415 0.293505
v -0.322769 0.332957 0.287667
v -0.381503 0.263575 0.287667
v -0.240816 0.372816 0.298890
v -0.245897 0.380681 0.293505
v -0.163466 0.412659 0.298890
v -0.166913 0.421363 0.293505
v -0.170785 0.431132 0.287667
v -0.251595 0.389503 0.287667
v -0.079813 0.436595 0.298890
v -0.081497 0.445802 0.293505
v 0.006895 0.443805 0.298890
v 0.007041 0.453163 0.293505
v 0.007204 0.463669 0.287667
v -0.083386 0.456135 0.287667
v 0.093338 0.433905 0.298890
v 0.095308 0.443055 0.293505
v 0.176207 0.407381 0.298890
v 0.179923 0.415973 0.293505
v 0.184093 0.425617 0.287667
v 0.097516 0.453324 0.287667
v 0.252283 0.365154 0.298890
v 0.257605 0.372857 0.293505
v 0.318695 0.308939 0.298890
v 0.325415 0.315457 0.293505
v 0.332958 0.322768 0.287667
v 0.263575 0.381499 0.287667
v 0.412662 0.163465 0.298890
v 0.436595 0.079812 0.298890
v 0.445803 0.081496 0.293505
v 0.421366 0.166912 0.293505
v 0.443805 -0.006897 0.298890
v 0.453167 -0.007042 0.293505
v 0.463669 -0.007206 0.287667
v 0.456135 0.083385 0.287667
v 0.431132 0.170781 0.287667
v 0.433905 -0.093342 0.298890
v 0.443055 -0.095312 0.293505
v 0.407384 -0.176211 0.298890
v 0.415976 -0.179927 0.293505
v 0.425617 -0.184097 0.287667
v 0.453324 -0.097520 0.287667
v 0.365157 -0.252286 0.298890
v 0.372857 -0.257605 0.293505
v 0.308942 -0.318696 0.298890
v 0.315457 -0.325419 0.293505
v 0.322768 -0.332962 0.287667
v 0.381499 -0.263576 0.287667
v 0.240815 -0.372820 0.298890
v 0.245896 -0.380685 0.293505
v 0.163465 -0.412664 0.298890
v 0.166912 -0.421366 0.293505
v 0.170781 -0.431133 0.287667
v 0.251594 -0.389507 0.287667
v 0.103972 -0.262495 0.581415
v 0.102273 -0.258190 0.577338
v 0.150669 -0.233255 0.577341
v 0.153173 -0.237153 0.581415
v 0.153643 -0.237854 0.573078
v 0.193299 -0.199372 0.577341
v 0.196505 -0.202734 0.581415
v -0.107636 -0.500369 0.181104
v -0.109228 -0.507768 0.132687
v -0.008070 -0.519355 0.132687
v -0.206204 -0.476731 0.132687
v -0.295227 -0.427316 0.132687
v -0.372944 -0.361534 0.132687
v -0.436282 -0.281811 0.132687
v -0.482908 -0.191295 0.132687
v -0.510917 -0.093401 0.132687
v -0.519352 0.008069 0.132687
v -0.507767 0.109227 0.132687
v -0.476731 0.206202 0.132687
v -0.479634 0.207457 0.084411
v -0.510860 0.109893 0.084411
v -0.427315 0.295226 0.132687
v -0.361531 0.372943 0.132687
v -0.429919 0.297025 0.084411
v -0.281808 0.436278 0.132687
v -0.191292 0.482904 0.132687
v -0.093399 0.510912 0.132687
v 0.008069 0.519351 0.132687
v 0.109227 0.507764 0.132687
v 0.206202 0.476727 0.132687
v 0.295226 0.427312 0.132687
v 0.372943 0.361530 0.132687
v 0.436281 0.281807 0.132687
v 0.482907 0.191291 0.132687
v 0.510913 0.093398 0.132687
v 0.519351 -0.008071 0.132687
v 0.500368 -0.107639 0.181104
v 0.507764 -0.109231 0.132687
v 0.476730 -0.206206 0.132687
v 0.427314 -0.295230 0.132687
v 0.361530 -0.372947 0.132687
v 0.281807 -0.436282 0.132687
v 0.191291 -0.482908 0.132687
v 0.093398 -0.510916 0.132687
v -0.022624 -0.121905 2.299086
v -0.029195 -0.139319 2.282862
v -0.054723 -0.128322 2.283936
v -0.067215 -0.155677 2.251773
v -0.035616 -0.166343 2.251362
v -0.078777 -0.114263 2.284704
v -0.099607 -0.096556 2.284752
v -0.121579 -0.117841 2.251998
v -0.096230 -0.139316 2.251965
v -0.116528 -0.075266 2.284752
v -0.128982 -0.051094 2.284755
v -0.157481 -0.062367 2.252019
v -0.142262 -0.091864 2.252010
v -0.135623 0.029173 2.284746
v -0.138710 0.002151 2.284752
v -0.127371 0.055085 2.284704
v -0.156469 0.067790 2.252220
v -0.165601 0.035621 2.251962
v -0.169309 0.002621 2.252001
v -0.114158 0.078811 2.284770
v -0.096277 0.099202 2.285445
v -0.115610 0.118372 2.257542
v -0.138933 0.095548 2.251620
v -0.074816 0.115728 2.286051
v -0.050685 0.127861 2.286435
v -0.059113 0.148524 2.265462
v -0.088266 0.135880 2.262390
v -0.024722 0.135115 2.286660
v 0.002130 0.137278 2.286744
v 0.002425 0.157864 2.267943
v -0.028657 0.155839 2.267277
v 0.028900 0.134260 2.286684
v 0.054626 0.126192 2.286468
v 0.033424 0.154722 2.267451
v 0.078368 0.113311 2.286081
v 0.099311 0.096139 2.285463
v 0.116553 0.075214 2.284779
v 0.129020 0.051098 2.284707
v 0.142270 0.091325 2.252022
v 0.136462 0.024945 2.284746
v 0.138703 -0.002159 2.284752
v 0.135613 -0.029177 2.284752
v 0.127331 -0.055076 2.284755
v 0.114132 -0.078851 2.284752
v 0.096558 -0.099607 2.284752
v 0.075188 -0.116656 2.284704
v -0.014252 -0.066207 2.328519
v -0.017915 -0.084347 2.320221
v -0.019638 -0.104294 2.310714
v -0.000001 -0.000013 2.482011
v -0.017824 -0.041219 2.475039
v -0.010799 -0.050206 2.473623
v -0.000698 -0.044903 2.475039
v -0.026852 -0.062083 2.469081
v -0.014379 -0.066847 2.468916
v -0.001052 -0.067637 2.469081
v -0.032239 -0.031258 2.475039
v -0.029187 -0.042251 2.473623
v -0.048567 -0.047083 2.469081
v -0.038865 -0.056257 2.468916
v -0.041744 -0.016544 2.475039
v -0.043132 -0.027867 2.473623
v -0.062885 -0.024913 2.469081
v -0.057434 -0.037102 2.468916
v -0.044893 0.000691 2.475039
v -0.050511 -0.009240 2.473623
v -0.067631 0.001047 2.469081
v -0.067259 -0.012298 2.468916
v -0.041210 0.017817 2.475039
v -0.050200 0.010792 2.473623
v -0.062081 0.026849 2.469081
v -0.066844 0.014374 2.468916
v -0.031253 0.032229 2.475039
v -0.042245 0.029180 2.473623
v -0.047081 0.048562 2.469081
v -0.056253 0.038861 2.468916
v -0.016535 0.041736 2.475039
v -0.027861 0.043124 2.473623
v -0.024911 0.062881 2.469081
v -0.037099 0.057430 2.468916
v 0.000697 0.044886 2.475039
v -0.009234 0.050504 2.473623
v 0.001051 0.067626 2.469081
v -0.012295 0.067255 2.468916
v 0.017823 0.041203 2.475039
v 0.010798 0.050193 2.473623
v 0.026851 0.062077 2.469081
v 0.014377 0.066840 2.468916
v 0.032238 0.031243 2.475039
v 0.029186 0.042238 2.473623
v 0.048566 0.047077 2.469081
v 0.038864 0.056249 2.468916
v 0.041743 0.016528 2.475039
v 0.043131 0.027853 2.473623
v 0.062884 0.024906 2.469081
v 0.057433 0.037095 2.468916
v 0.044892 -0.000704 2.475039
v 0.050510 0.009227 2.473623
v 0.067630 -0.001055 2.469081
v 0.067258 0.012291 2.468916
v 0.041209 -0.017833 2.475039
v 0.050199 -0.010805 2.473623
v 0.062080 -0.026855 2.469081
v 0.066843 -0.014382 2.468916
v 0.031252 -0.032245 2.475039
v 0.042244 -0.029194 2.473623
v 0.047080 -0.048570 2.469081
v 0.056252 -0.038868 2.468916
v 0.016534 -0.041753 2.475039
v 0.027859 -0.043138 2.473623
v 0.024910 -0.062889 2.469081
v 0.037098 -0.057437 2.468916
v 0.048638 -0.266072 1.420320
v 0.048849 -0.267213 1.406760
v 0.048763 -0.266752 1.393230
v 0.111985 -0.280955 1.489896
v 0.054769 -0.295730 1.489581
v 0.048841 -0.264395 1.459353
v 0.099882 -0.250811 1.459608
v -0.004553 -0.299978 1.489329
v -0.004076 -0.268431 1.459143
v -0.003771 -0.244994 1.442238
v 0.044256 -0.241116 1.442313
v 0.090584 -0.228206 1.442403
v 0.003819 0.246012 1.442376
v 0.051740 0.240520 1.442373
v 0.051798 0.240790 1.434768
v 0.003820 0.246294 1.434777
v 0.097675 0.225819 1.442373
v 0.097784 0.226072 1.434768
v 0.102835 0.237752 1.431693
v 0.054472 0.253230 1.431696
v 0.004015 0.259018 1.431705
v -0.241569 -0.095406 1.431603
v -0.217866 -0.140594 1.431561
v -0.207311 -0.133662 1.434219
v -0.230599 -0.090739 1.434267
v -0.186164 -0.180382 1.431576
v -0.177177 -0.171596 1.434291
v -0.176976 -0.171404 1.441755
v -0.207413 -0.133673 1.441644
v -0.230789 -0.090586 1.441611
v -0.021031 -0.097768 2.347668
v -0.017503 -0.081365 2.342271
v -0.014087 -0.065486 2.337336
v -0.132576 -0.305958 1.591962
v -0.189768 -0.274625 1.591995
v -0.184259 -0.266670 1.535358
v -0.128716 -0.296798 1.535151
v -0.239734 -0.232398 1.592049
v -0.232720 -0.225678 1.535517
v -0.218324 -0.211725 1.490181
v -0.172859 -0.250158 1.490019
v -0.120720 -0.278260 1.489755
v -0.280517 -0.181163 1.592064
v -0.272254 -0.175921 1.535541
v -0.310583 -0.122963 1.591959
v -0.301544 -0.119443 1.535241
v -0.283280 -0.112054 1.489788
v -0.255454 -0.165041 1.490190
v -0.306347 0.132605 1.591896
v -0.274540 0.189769 1.592007
v -0.266752 0.184322 1.535316
v -0.297740 0.128718 1.535142
v -0.232317 0.239734 1.592016
v -0.225715 0.232870 1.535223
v -0.211774 0.218476 1.489914
v -0.250334 0.172930 1.490043
v -0.279759 0.120760 1.489803
v -0.181187 0.280558 1.591986
v -0.175972 0.272443 1.535160
v -0.123083 0.310622 1.591947
v -0.119467 0.301568 1.535145
v -0.112067 0.282904 1.489818
v -0.165093 0.255588 1.489830
v -0.060131 0.328594 1.591923
v -0.058335 0.319055 1.535142
v -0.054718 0.299314 1.489818
v -0.063843 -0.294533 1.489443
v -0.056959 -0.263333 1.459215
v -0.107721 -0.248437 1.459383
v -0.097718 -0.225625 1.442211
v -0.051706 -0.239841 1.442250
v -0.154310 -0.223233 1.459413
v -0.194957 -0.188956 1.459365
v -0.140021 -0.202495 1.441995
v -0.228228 -0.147283 1.459305
v -0.253683 -0.099949 1.459059
v -0.300839 -0.054740 1.488906
v -0.270635 -0.048749 1.458549
v -0.306493 0.004690 1.488393
v -0.276435 0.004303 1.458309
v -0.252476 0.003973 1.441710
v -0.246784 -0.044067 1.441614
v -0.299046 0.063946 1.488957
v -0.269001 0.057154 1.458795
v -0.250464 0.107797 1.459446
v -0.227978 0.097840 1.442184
v -0.245303 0.051811 1.441929
v -0.223521 0.154291 1.459653
v -0.188945 0.194887 1.459584
v -0.171357 0.176686 1.442382
v -0.203011 0.139997 1.442343
v -0.147265 0.227978 1.459533
v -0.099961 0.252341 1.459524
v -0.090627 0.228760 1.442391
v -0.133521 0.206678 1.442394
v -0.048809 0.266977 1.459524
v 0.004216 0.271383 1.459524
v -0.044252 0.242021 1.442385
v 0.057076 0.265329 1.459521
v 0.107749 0.249110 1.459521
v 0.172957 0.250339 1.489818
v 0.154270 0.223289 1.459521
v 0.218485 0.211799 1.489818
v 0.194880 0.188914 1.459521
v 0.176658 0.171251 1.442373
v 0.139844 0.202412 1.442373
v 0.255592 0.165092 1.489818
v 0.227975 0.147255 1.459521
v 0.282907 0.112066 1.489818
v 0.252341 0.099957 1.459521
v 0.228745 0.090611 1.442373
v 0.206659 0.133488 1.442373
v 0.299314 0.054717 1.489818
v 0.266974 0.048805 1.459521
v 0.304259 -0.004729 1.489818
v 0.271386 -0.004218 1.459521
v 0.246009 -0.003824 1.442373
v 0.242012 0.044242 1.442373
v 0.297469 -0.063994 1.489818
v 0.265329 -0.057080 1.459521
v 0.279289 -0.120806 1.489818
v 0.249114 -0.107753 1.459521
v 0.225819 -0.097679 1.442373
v 0.240520 -0.051741 1.442373
v 0.250333 -0.172931 1.489824
v 0.223287 -0.154244 1.459527
v 0.211767 -0.218252 1.489872
v 0.188887 -0.194671 1.459572
v 0.171241 -0.176583 1.442388
v 0.202412 -0.139836 1.442373
v 0.165006 -0.254790 1.489956
v 0.147176 -0.227285 1.459647
v 0.133459 -0.206411 1.442418
v -0.034745 -0.080333 2.444226
v -0.049746 -0.072004 2.444226
v -0.055600 -0.080477 2.408301
v -0.038834 -0.089780 2.408301
v -0.062842 -0.060922 2.444226
v -0.070235 -0.068086 2.408301
v -0.076492 -0.074151 2.372358
v -0.060551 -0.087642 2.372358
v -0.042292 -0.097779 2.372358
v -0.073515 -0.047489 2.444226
v -0.082162 -0.053072 2.408301
v -0.081370 -0.032236 2.444226
v -0.090943 -0.036026 2.408301
v -0.099043 -0.039237 2.372358
v -0.089481 -0.057802 2.372358
v -0.086091 -0.015741 2.444226
v -0.096216 -0.017591 2.408301
v -0.087512 0.001359 2.444226
v -0.097807 0.001520 2.408301
v -0.106517 0.001654 2.372358
v -0.104789 -0.019159 2.372358
v -0.085561 0.018404 2.444226
v -0.095624 0.020568 2.408301
v -0.080330 0.034744 2.444226
v -0.089780 0.038830 2.408301
v -0.097776 0.042291 2.372358
v -0.104143 0.022401 2.372358
v -0.072005 0.049745 2.444226
v -0.080474 0.055595 2.408301
v -0.060918 0.062840 2.444226
v -0.068086 0.070231 2.408301
v -0.074151 0.076488 2.372358
v -0.087642 0.060549 2.372358
v -0.047485 0.073510 2.444226
v -0.053072 0.082161 2.408301
v -0.032232 0.081369 2.444226
v -0.036026 0.090942 2.408301
v -0.039233 0.099042 2.372358
v -0.057798 0.089477 2.372358
v 0.001360 0.087511 2.444226
v 0.018404 0.085557 2.444226
v 0.020571 0.095622 2.408301
v 0.001519 0.097805 2.408301
v 0.034744 0.080328 2.444226
v 0.038833 0.089779 2.408301
v 0.042291 0.097775 2.372358
v 0.022401 0.104139 2.372358
v 0.001654 0.106516 2.372358
v 0.049745 0.072000 2.444226
v 0.055599 0.080472 2.408301
v 0.062841 0.060917 2.444226
v 0.070234 0.068081 2.408301
v 0.076491 0.074147 2.372358
v 0.060550 0.087638 2.372358
v 0.073514 0.047484 2.444226
v 0.082161 0.053068 2.408301
v 0.081369 0.032231 2.444226
v 0.090942 0.036022 2.408301
v 0.099042 0.039232 2.372358
v 0.089480 0.057797 2.372358
v 0.086090 0.015736 2.444226
v 0.096215 0.017587 2.408301
v 0.087511 -0.001360 2.444226
v 0.097806 -0.001520 2.408301
v 0.106516 -0.001656 2.372358
v 0.104788 0.019155 2.372358
v 0.085560 -0.018408 2.444226
v 0.095623 -0.020572 2.408301
v 0.080329 -0.034747 2.444226
v 0.089779 -0.038834 2.408301
v 0.097775 -0.042295 2.372358
v 0.104142 -0.022406 2.372358
v 0.060918 -0.062845 2.444226
v 0.047484 -0.073515 2.444226
v 0.053071 -0.082165 2.408301
v 0.068084 -0.070235 2.408301
v 0.057797 -0.089481 2.372358
v 0.074150 -0.076492 2.372358
v -0.005256 -0.332035 1.591962
v -0.070284 -0.324979 1.591977
v -0.068160 -0.314550 1.534968
v -0.004979 -0.320785 1.534890
v 0.090577 -0.228662 1.379787
v 0.044225 -0.241923 1.379787
v 0.042076 -0.230170 1.376577
v 0.086177 -0.217552 1.376577
v -0.003821 -0.245920 1.379787
v -0.003636 -0.233969 1.376577
v -0.003475 -0.223581 1.372323
v 0.040207 -0.219949 1.372320
v 0.082348 -0.207891 1.372323
v -0.097638 -0.225736 1.379787
v -0.139793 -0.202339 1.379787
v -0.133001 -0.192508 1.376577
v -0.092896 -0.214769 1.376577
v -0.176591 -0.171191 1.379787
v -0.168014 -0.162872 1.376577
v -0.160553 -0.155640 1.372323
v -0.127095 -0.183958 1.372320
v -0.088772 -0.205232 1.372323
v -0.206582 -0.133439 1.379787
v -0.196547 -0.126956 1.376577
v -0.228662 -0.090581 1.379787
v -0.217552 -0.086178 1.376577
v -0.207891 -0.082353 1.372323
v -0.187818 -0.121322 1.372320
v -0.241923 -0.044226 1.379787
v -0.230167 -0.042078 1.376577
v -0.233969 0.003635 1.376577
v -0.223581 0.003474 1.372323
v -0.219949 -0.040211 1.372320
v -0.228749 0.049204 1.376577
v -0.214769 0.092891 1.376577
v -0.205232 0.088768 1.372323
v -0.218594 0.047021 1.372320
v -0.202336 0.139792 1.379787
v -0.192507 0.133000 1.376577
v -0.171188 0.176590 1.379787
v -0.162872 0.168009 1.376577
v -0.155640 0.160549 1.372323
v -0.183958 0.127094 1.372320
v -0.133439 0.206581 1.379787
v -0.126955 0.196543 1.376577
v -0.090578 0.228657 1.379787
v -0.086178 0.217548 1.376577
v -0.082352 0.207887 1.372323
v -0.121318 0.187817 1.372320
v -0.044226 0.241919 1.379787
v -0.042077 0.230166 1.376577
v 0.003820 0.245916 1.379787
v 0.003635 0.233965 1.376577
v 0.003474 0.223577 1.372323
v -0.040208 0.219945 1.372320
v 0.051720 0.240428 1.379787
v 0.049207 0.228748 1.376577
v 0.097638 0.225733 1.379787
v 0.092895 0.214765 1.376577
v 0.088768 0.205228 1.372323
v 0.047021 0.218589 1.372320
v 0.139792 0.202335 1.379787
v 0.133000 0.192503 1.376577
v 0.176590 0.171187 1.379787
v 0.168009 0.162868 1.376577
v 0.160552 0.155635 1.372323
v 0.127094 0.183957 1.372320
v 0.206581 0.133438 1.379787
v 0.196543 0.126954 1.376577
v 0.217548 0.086174 1.376577
v 0.207890 0.082348 1.372323
v 0.187817 0.121317 1.372320
v 0.230166 0.042073 1.376577
v 0.233968 -0.003636 1.376577
v 0.223577 -0.003475 1.372323
v 0.219948 0.040207 1.372320
v 0.240431 -0.051721 1.379787
v 0.228748 -0.049209 1.376577
v 0.225736 -0.097642 1.379787
v 0.214765 -0.092896 1.376577
v 0.205231 -0.088771 1.372323
v 0.218593 -0.047026 1.372320
v 0.202335 -0.139794 1.379787
v 0.192503 -0.133001 1.376577
v 0.171187 -0.176595 1.379787
v 0.162868 -0.168013 1.376577
v 0.155639 -0.160553 1.372323
v 0.183957 -0.127098 1.372320
v 0.133438 -0.206584 1.379787
v 0.126954 -0.196547 1.376577
v 0.121317 -0.187821 1.372320
v -0.132173 0.282053 1.967004
v -0.123145 0.294418 1.935534
v -0.170832 0.274372 1.921857
v -0.164172 0.266798 1.961055
v -0.123777 0.306844 1.874247
v -0.180695 0.279888 1.870059
v -0.222283 0.247308 1.878990
v -0.209260 0.248380 1.921983
v -0.198742 0.246540 1.956210
v 0.072004 -0.049749 2.444226
v 0.080473 -0.055600 2.408301
v 0.087641 -0.060554 2.372358
v 0.326986 0.111477 1.795875
v 0.328410 0.112363 1.765371
v 0.320071 0.132229 1.774488
v 0.318648 0.134625 1.795581
v 0.321790 0.129472 1.722651
v 0.312394 0.151008 1.764678
v 0.308140 0.157045 1.796835
v 0.047037 -0.257344 1.272000
v 0.044774 -0.245019 1.269048
v 0.043037 -0.235549 1.266708
v 0.287068 0.191363 1.761867
v 0.285376 0.193253 1.802160
v 0.286714 0.187288 1.714485
v 0.245842 0.237223 1.717590
v 0.250338 0.234038 1.770696
v 0.258959 0.222935 1.802169
v 0.301632 0.156222 1.832178
v 0.304142 0.158247 1.822440
v 0.279571 0.193304 1.849497
v 0.289492 0.166384 1.853457
v 0.244102 0.233934 1.832760
v 0.230375 0.240910 1.879101
v 0.254725 0.212821 1.893129
v 0.261861 0.188749 1.908138
v 0.271327 0.181818 1.890765
v 0.280832 0.173509 1.872558
v -0.031589 -0.073034 2.462274
v -0.016753 -0.077878 2.462253
v -0.018405 -0.085561 2.444226
v -0.001237 -0.079563 2.462274
v -0.106720 -0.246733 1.385580
v -0.056534 -0.262797 1.385580
v -0.104809 -0.242310 1.382553
v -0.055518 -0.258084 1.382553
v -0.004102 -0.263974 1.382553
v -0.004177 -0.268792 1.385580
v -0.086603 -0.200219 1.329498
v -0.045874 -0.213253 1.329498
v -0.090173 -0.208472 1.325823
v -0.047766 -0.222044 1.325823
v -0.003530 -0.227112 1.325823
v -0.003389 -0.218120 1.329498
v -0.086372 -0.199686 1.367496
v -0.045752 -0.212687 1.367496
v -0.047022 -0.218594 1.372320
v -0.003380 -0.217541 1.367496
v -0.143810 -0.332483 1.225287
v -0.076180 -0.354129 1.225287
v -0.077282 -0.359260 1.216752
v -0.005629 -0.362207 1.225287
v -0.145367 -0.336081 1.147086
v -0.077004 -0.357959 1.147086
v -0.005690 -0.366128 1.147086
v -0.082971 -0.191827 1.074585
v -0.043953 -0.204314 1.074585
v -0.045212 -0.210173 1.084518
v -0.003248 -0.208976 1.074585
v -0.117117 -0.270770 0.684660
v -0.062041 -0.288398 0.684660
v -0.004584 -0.294979 0.684660
v -0.126924 -0.293444 0.635478
v -0.067235 -0.312547 0.635478
v -0.004968 -0.319678 0.635478
v -0.124830 -0.288637 0.596535
v -0.066123 -0.307422 0.596535
v -0.121874 -0.281815 0.591447
v -0.064558 -0.300155 0.591447
v -0.004771 -0.307004 0.591447
v -0.004886 -0.314435 0.596535
v -0.174811 -0.404151 0.302685
v -0.092599 -0.430461 0.302685
v -0.006842 -0.440282 0.302685
v -0.195348 -0.451631 0.003114
v -0.103604 -0.481620 0.003114
v -0.171630 -0.396796 0.000936
v -0.091922 -0.427315 0.000936
v -0.007646 -0.492010 0.003114
v -0.183783 -0.424898 0.317613
v -0.097352 -0.452560 0.317613
v -0.098180 -0.456408 0.326514
v -0.007193 -0.462887 0.317613
v -0.095582 -0.220980 0.707739
v -0.050631 -0.235367 0.707739
v -0.049558 -0.230381 0.718365
v -0.051792 -0.240760 0.702810
v -0.003741 -0.240736 0.707739
v -0.015701 -0.115072 2.304960
v -0.001823 -0.117248 2.305128
v -0.042883 -0.099141 2.354298
v -0.022716 -0.105596 2.354298
v -0.022402 -0.104143 2.372358
v -0.001679 -0.108006 2.354298
v -0.024204 -0.055953 2.333619
v -0.012820 -0.059593 2.333613
v -0.000947 -0.060951 2.333610
v 0.145667 0.210840 1.381317
v 0.184014 0.178380 1.381317
v 0.101743 0.235222 1.381317
v 0.104808 0.242306 1.382553
v 0.150056 0.217189 1.382553
v 0.189555 0.183754 1.382553
v -0.102869 -0.237774 1.431669
v -0.106109 -0.245314 1.428111
v -0.056207 -0.261284 1.428114
v -0.054479 -0.253237 1.431690
v -0.004153 -0.267245 1.428114
v -0.004025 -0.259010 1.431693
v -0.057133 -0.055385 2.462274
v -0.045280 -0.065540 2.462253
v -0.193014 -0.187111 1.385577
v -0.152795 -0.221156 1.385577
v -0.189557 -0.183759 1.382553
v -0.150057 -0.217193 1.382553
v -0.156629 -0.151840 1.329498
v -0.123992 -0.179467 1.329498
v -0.163088 -0.158097 1.325823
v -0.129102 -0.186865 1.325823
v -0.187034 -0.181314 1.320522
v -0.193456 -0.187538 1.316769
v -0.153142 -0.221661 1.316769
v -0.148059 -0.214302 1.320522
v -0.106963 -0.247294 1.316769
v -0.103412 -0.239086 1.320522
v -0.156212 -0.151435 1.367496
v -0.123660 -0.178989 1.367496
v -0.193178 -0.187267 1.275966
v -0.152921 -0.221341 1.275963
v -0.187856 -0.182108 1.272150
v -0.148709 -0.215243 1.272129
v -0.106810 -0.246936 1.275963
v -0.260099 -0.252142 1.225287
v -0.205898 -0.298019 1.225287
v -0.262913 -0.254870 1.147086
v -0.208127 -0.301243 1.147086
v -0.251483 -0.243791 1.142025
v -0.199079 -0.288149 1.142025
v -0.150065 -0.145472 1.074585
v -0.118792 -0.171944 1.074585
v -0.211821 -0.205343 0.684660
v -0.167681 -0.242705 0.684660
v -0.229559 -0.222535 0.635478
v -0.181721 -0.263027 0.635478
v -0.225782 -0.218891 0.596535
v -0.178726 -0.258720 0.596535
v -0.220439 -0.213717 0.591447
v -0.174497 -0.252608 0.591447
v -0.316164 -0.306489 0.302685
v -0.250279 -0.362258 0.302685
v -0.353307 -0.342499 0.003114
v -0.280025 -0.405310 0.003114
v -0.310413 -0.300914 0.000936
v -0.248453 -0.359610 0.000936
v -0.338228 -0.327881 0.282156
v -0.267747 -0.387540 0.282156
v -0.187010 -0.432357 0.282156
v -0.332395 -0.322223 0.317613
v -0.263127 -0.380855 0.317613
v -0.172872 -0.167582 0.707739
v -0.136847 -0.198074 0.707739
v -0.077558 -0.075184 2.354298
v -0.061394 -0.088866 2.354298
v -0.043772 -0.042433 2.333622
v -0.034651 -0.050153 2.333622
v 0.004101 0.263971 1.382553
v 0.055517 0.258080 1.382553
v 0.053893 0.250535 1.381317
v 0.003982 0.256252 1.381317
v -0.191920 -0.186041 1.428093
v -0.151923 -0.219889 1.428102
v -0.147330 -0.213167 1.431621
v -0.073980 -0.029308 2.462274
v -0.066914 -0.043222 2.462253
v -0.249924 -0.099005 1.385580
v -0.225794 -0.145850 1.385577
v -0.245450 -0.097230 1.382553
v -0.221750 -0.143237 1.382553
v -0.199891 -0.079182 1.336518
v -0.202813 -0.080340 1.329498
v -0.183230 -0.118356 1.329498
v -0.180590 -0.116651 1.336518
v -0.190782 -0.123234 1.325823
v -0.250497 -0.099230 1.316769
v -0.226312 -0.146184 1.316769
v -0.218798 -0.141332 1.320522
v -0.202273 -0.080126 1.367496
v -0.182741 -0.118040 1.367496
v -0.199827 -0.079159 1.359903
v -0.180535 -0.116615 1.359903
v -0.250135 -0.099086 1.275969
v -0.225985 -0.145973 1.275969
v -0.243249 -0.096358 1.272162
v -0.219763 -0.141953 1.272162
v -0.336788 -0.133412 1.225287
v -0.304270 -0.196540 1.225287
v -0.340435 -0.134855 1.147086
v -0.307564 -0.198667 1.147086
v -0.294192 -0.190030 1.142025
v -0.194312 -0.076974 1.074585
v -0.175550 -0.113396 1.074585
v -0.274277 -0.108651 0.684660
v -0.247794 -0.160060 0.684660
v -0.297246 -0.117749 0.635478
v -0.268546 -0.173464 0.635478
v -0.297934 -0.118020 0.626328
v -0.269167 -0.173865 0.626328
v -0.295531 -0.117067 0.603783
v -0.292370 -0.115811 0.596535
v -0.264136 -0.170616 0.596535
v -0.266994 -0.172462 0.603783
v -0.257890 -0.166582 0.591447
v -0.409385 -0.162170 0.302685
v -0.369859 -0.238906 0.302685
v -0.457482 -0.181222 0.003114
v -0.413814 -0.267296 0.003114
v -0.401937 -0.159219 0.000936
v -0.367156 -0.237160 0.000936
v -0.437959 -0.173487 0.282156
v -0.395672 -0.255580 0.282156
v -0.430403 -0.170496 0.317613
v -0.388847 -0.251171 0.317613
v -0.223843 -0.088673 0.707739
v -0.202229 -0.130629 0.707739
v -0.100426 -0.039782 2.354298
v -0.090730 -0.058607 2.354298
v -0.056678 -0.022454 2.333622
v -0.051206 -0.033077 2.333622
v -0.097230 0.245446 1.382553
v -0.047473 0.259681 1.382553
v -0.046085 0.252089 1.381317
v -0.094386 0.238270 1.381317
v -0.248619 -0.098432 1.428195
v -0.224527 -0.145015 1.428102
v -0.079563 0.001233 2.462274
v -0.078359 -0.014328 2.462253
v -0.271069 0.004223 1.393359
v -0.268780 0.004176 1.385595
v -0.264417 -0.048341 1.385589
v -0.266680 -0.048759 1.393317
v -0.259685 -0.047476 1.382553
v -0.218119 0.003389 1.329498
v -0.214575 -0.039227 1.329498
v -0.211485 -0.038662 1.336518
v -0.269404 0.004186 1.316769
v -0.265025 -0.048451 1.316769
v -0.269014 0.004180 1.275969
v -0.264643 -0.048380 1.275969
v -0.261608 0.004064 1.272162
v -0.257356 -0.047050 1.272162
v -0.362207 0.005628 1.225287
v -0.356321 -0.065140 1.225287
v -0.366128 0.005689 1.147086
v -0.360179 -0.065846 1.147086
v -0.208976 0.003247 1.074585
v -0.205581 -0.037584 1.074585
v -0.294979 0.004583 0.684660
v -0.290186 -0.053051 0.684660
v -0.319678 0.004966 0.635478
v -0.314486 -0.057491 0.635478
v -0.315214 -0.057624 0.626328
v -0.314435 0.004873 0.596535
v -0.309326 -0.056552 0.596535
v -0.312671 -0.057160 0.603783
v -0.440282 0.006841 0.302685
v -0.433127 -0.079183 0.302685
v -0.492007 0.007645 0.003114
v -0.484604 -0.088593 0.003114
v -0.429965 -0.078602 0.000936
v -0.471010 0.007319 0.282156
v -0.463358 -0.084708 0.282156
v -0.462884 0.007192 0.317613
v -0.455363 -0.083248 0.317613
v -0.240737 0.003740 0.707739
v -0.236825 -0.043294 0.707739
v -0.108005 0.001678 2.354298
v -0.106251 -0.019424 2.354298
v -0.060956 0.000946 2.333622
v -0.059965 -0.010965 2.333622
v -0.183755 0.189556 1.382553
v -0.143237 0.221746 1.382553
v -0.139047 0.215263 1.381317
v -0.178384 0.184011 1.381317
v -0.073034 0.031587 2.462274
v -0.077876 0.016751 2.462253
v -0.246721 0.106718 1.385580
v -0.262782 0.056532 1.385589
v -0.265013 0.057037 1.393305
v -0.200219 0.086599 1.329498
v -0.213252 0.045874 1.329498
v -0.208472 0.090168 1.325823
v -0.222044 0.047762 1.325823
v -0.239086 0.103411 1.320522
v -0.247293 0.106961 1.316769
v -0.263392 0.056659 1.316769
v -0.254648 0.054776 1.320522
v -0.199685 0.086368 1.367496
v -0.212684 0.045750 1.367496
v -0.217537 0.003380 1.367496
v -0.246936 0.106806 1.275969
v -0.263012 0.056578 1.275969
v -0.240138 0.103865 1.272162
v -0.255770 0.055019 1.272162
v -0.184015 -0.178384 1.381317
v -0.215265 -0.139050 1.381317
v -0.238271 -0.094386 1.381317
v -0.332480 0.143809 1.225287
v -0.354126 0.076175 1.225287
v -0.337300 0.145891 1.216752
v -0.359260 0.077281 1.216752
v -0.336080 0.145366 1.147086
v -0.357959 0.077000 1.147086
v -0.321471 0.139045 1.142025
v -0.342398 0.073653 1.142025
v -0.191827 0.082970 1.074585
v -0.204314 0.043949 1.074585
v -0.293444 0.126923 0.635478
v -0.312548 0.067231 0.635478
v -0.288634 0.124823 0.596535
v -0.307422 0.066113 0.596535
v -0.404148 0.174807 0.302685
v -0.430458 0.092598 0.302685
v -0.451631 0.195344 0.003114
v -0.481617 0.103603 0.003114
v -0.432357 0.187006 0.282156
v -0.460502 0.099059 0.282156
v -0.424898 0.183782 0.317613
v -0.452556 0.097352 0.317613
v -0.220980 0.095581 0.707739
v -0.235367 0.050627 0.707739
v -0.099141 0.042879 2.354298
v -0.105596 0.022712 2.354298
v -0.055953 0.024199 2.333622
v -0.059596 0.012819 2.333622
v -0.055385 0.057129 2.462274
v -0.065539 0.045276 2.462253
v -0.187107 0.193012 1.385577
v -0.221150 0.152794 1.385574
v -0.217193 0.150053 1.382553
v -0.151836 0.156628 1.329498
v -0.179464 0.123988 1.329498
v -0.158096 0.163084 1.325823
v -0.186861 0.129098 1.325823
v -0.181310 0.187033 1.320522
v -0.187535 0.193454 1.316769
v -0.221661 0.153141 1.316769
v -0.214302 0.148057 1.320522
v -0.151432 0.156211 1.367496
v -0.178986 0.123659 1.367496
v -0.187267 0.193174 1.275969
v -0.221340 0.152920 1.275969
v -0.182111 0.187855 1.272162
v -0.215246 0.148708 1.272162
v -0.252090 -0.046087 1.381317
v -0.252139 0.260097 1.225287
v -0.298019 0.205894 1.225287
v -0.302339 0.208881 1.216752
v -0.254867 0.262912 1.147086
v -0.301244 0.208123 1.147086
v -0.288146 0.199078 1.142025
v -0.145472 0.150061 1.074585
v -0.171941 0.118791 1.074585
v -0.205339 0.211820 0.684660
v -0.242702 0.167677 0.684660
v -0.270770 0.117116 0.684660
v -0.222535 0.229555 0.635478
v -0.263027 0.181720 0.635478
v -0.218888 0.225778 0.596535
v -0.258720 0.178725 0.596535
v -0.306489 0.316161 0.302685
v -0.362258 0.250278 0.302685
v -0.342496 0.353306 0.003114
v -0.405310 0.280024 0.003114
v -0.300914 0.310409 0.000936
v -0.359610 0.248449 0.000936
v -0.327881 0.338227 0.282156
v -0.387540 0.267746 0.282156
v -0.322223 0.332391 0.317613
v -0.380855 0.263126 0.317613
v -0.167582 0.172868 0.707739
v -0.198073 0.136846 0.707739
v -0.075185 0.077554 2.354298
v -0.088865 0.061393 2.354298
v -0.042433 0.043771 2.333622
v -0.050153 0.034650 2.333622
v -0.003982 -0.256257 1.381317
v 0.046084 -0.252093 1.381317
v 0.047472 -0.259685 1.382553
v 0.094385 -0.238274 1.381317
v 0.097229 -0.245450 1.382553
v -0.180438 0.186026 1.431672
v -0.186029 0.191901 1.428039
v -0.219886 0.151910 1.427910
v -0.213399 0.147258 1.431498
v -0.245408 0.106104 1.427910
v -0.238536 0.102856 1.431405
v -0.029305 0.073975 2.462274
v -0.043222 0.066910 2.462253
v -0.099002 0.249925 1.385577
v -0.145847 0.225793 1.385577
v -0.080340 0.202809 1.329498
v -0.118356 0.183229 1.329498
v -0.123234 0.190781 1.325823
v -0.099227 0.250496 1.316769
v -0.146181 0.226308 1.316769
v -0.141329 0.218794 1.320522
v -0.080126 0.202269 1.367496
v -0.118040 0.182740 1.367496
v -0.145668 -0.210844 1.381317
v -0.101744 -0.235227 1.381317
v -0.133411 0.336787 1.225287
v -0.196540 0.304269 1.225287
v -0.134855 0.340431 1.147086
v -0.198667 0.307560 1.147086
v -0.076971 0.194308 1.074585
v -0.113393 0.175549 1.074585
v -0.108648 0.274276 0.684660
v -0.160060 0.247793 0.684660
v -0.117746 0.297241 0.635478
v -0.173461 0.268542 0.635478
v -0.115805 0.292366 0.596535
v -0.170613 0.264132 0.596535
v -0.113065 0.285455 0.591447
v -0.166582 0.257886 0.591447
v -0.162170 0.409384 0.302685
v -0.238903 0.369855 0.302685
v -0.181222 0.457478 0.003114
v -0.267296 0.413810 0.003114
v -0.159219 0.401936 0.000936
v -0.237160 0.367155 0.000936
v -0.173487 0.437955 0.282156
v -0.255577 0.395668 0.282156
v -0.170493 0.430399 0.317613
v -0.251168 0.388843 0.317613
v -0.088670 0.223839 0.707739
v -0.130626 0.202228 0.707739
v -0.039782 0.100422 2.354298
v -0.058604 0.090726 2.354298
v -0.022454 0.056677 2.333622
v -0.033076 0.051205 2.333622
v 0.139045 -0.215268 1.381317
v 0.178383 -0.184016 1.381317
v 0.183754 -0.189560 1.382553
v 0.143236 -0.221751 1.382553
v -0.095447 0.240881 1.431753
v -0.098434 0.248489 1.428117
v -0.145012 0.224495 1.428105
v -0.140621 0.217628 1.431753
v 0.001236 0.079558 2.462274
v -0.014325 0.078358 2.462253
v -0.015738 0.086087 2.444226
v 0.004176 0.268788 1.385580
v -0.048338 0.264422 1.385577
v 0.003340 0.214975 1.336518
v 0.003389 0.218115 1.329498
v -0.039227 0.214573 1.329498
v -0.038663 0.211480 1.336518
v 0.004186 0.269400 1.316769
v -0.048449 0.265024 1.316769
v -0.053894 -0.250539 1.381317
v -0.051722 -0.240432 1.379787
v 0.005397 0.347336 1.232148
v 0.005628 0.362203 1.225287
v -0.065141 0.356320 1.225287
v -0.062466 0.341694 1.232148
v -0.066083 0.361484 1.216752
v 0.005689 0.366123 1.147086
v -0.065846 0.360175 1.147086
v -0.066689 0.364800 1.154922
v 0.003247 0.208972 1.074585
v -0.037584 0.205577 1.074585
v 0.004583 0.294975 0.684660
v -0.053051 0.290182 0.684660
v -0.051687 0.282738 0.688956
v -0.054209 0.296533 0.676182
v 0.004885 0.314431 0.596535
v -0.056540 0.309324 0.596535
v 0.004770 0.307000 0.591447
v -0.055201 0.302012 0.591447
v 0.006841 0.440281 0.302685
v -0.079180 0.433126 0.302685
v -0.079619 0.435524 0.305709
v 0.007319 0.471009 0.282156
v -0.084707 0.463357 0.282156
v 0.007192 0.462883 0.317613
v -0.083245 0.455362 0.317613
v -0.083953 0.459237 0.326514
v -0.082252 0.449931 0.312831
v 0.001678 0.108001 2.354298
v -0.019424 0.106247 2.354298
v -0.019156 0.104785 2.372358
v 0.000946 0.060952 2.333622
v -0.010962 0.059964 2.333622
v 0.031588 0.073030 2.462274
v 0.016751 0.077875 2.462253
v 0.106719 0.246729 1.385580
v 0.056530 0.262793 1.385580
v 0.086602 0.200215 1.329498
v 0.045873 0.213251 1.329498
v 0.045214 0.210178 1.336518
v 0.106961 0.247292 1.316769
v 0.056659 0.263391 1.316769
v 0.086371 0.199681 1.367496
v 0.045751 0.212683 1.367496
v 0.045197 0.210112 1.359903
v 0.003339 0.214909 1.359903
v 0.003379 0.217536 1.367496
v 0.106809 0.246934 1.275969
v 0.056578 0.263011 1.275969
v 0.103868 0.240133 1.272162
v 0.055019 0.255769 1.272162
v 0.004064 0.261604 1.272162
v 0.004180 0.269010 1.275969
v 0.143810 0.332479 1.225287
v 0.076179 0.354124 1.225287
v 0.073051 0.339589 1.232148
v 0.145366 0.336076 1.147086
v 0.077000 0.357955 1.147086
v 0.082970 0.191822 1.074585
v 0.043949 0.204310 1.074585
v 0.117116 0.270769 0.684660
v 0.062037 0.288394 0.684660
v 0.126923 0.293440 0.635478
v 0.067234 0.312544 0.635478
v 0.004967 0.319677 0.635478
v 0.124832 0.288627 0.596535
v 0.066122 0.307418 0.596535
v 0.121879 0.281805 0.591447
v 0.064557 0.300151 0.591447
v 0.174807 0.404147 0.302685
v 0.092598 0.430457 0.302685
v 0.195347 0.451627 0.003114
v 0.103603 0.481616 0.003114
v 0.171629 0.396795 0.000936
v 0.091921 0.427311 0.000936
v 0.006716 0.432268 0.000936
v 0.007645 0.492006 0.003114
v 0.187010 0.432353 0.282156
v 0.099059 0.460501 0.282156
v 0.183782 0.424894 0.317613
v 0.097352 0.452556 0.317613
v 0.095581 0.220976 0.707739
v 0.050630 0.235362 0.707739
v 0.003740 0.240733 0.707739
v 0.042882 0.099137 2.354298
v 0.022715 0.105592 2.354298
v 0.024199 0.055952 2.333622
v 0.012819 0.059594 2.333622
v 0.106106 0.245308 1.428114
v 0.056206 0.261280 1.428114
v 0.004152 0.267240 1.428114
v 0.057132 0.055381 2.462274
v 0.045279 0.065535 2.462253
v 0.193016 0.187109 1.385580
v 0.152794 0.221155 1.385580
v 0.156628 0.151835 1.329498
v 0.123991 0.179463 1.329498
v 0.163084 0.158092 1.325823
v 0.129101 0.186860 1.325823
v 0.187033 0.181309 1.320522
v 0.193454 0.187534 1.316769
v 0.153141 0.221657 1.316769
v 0.148058 0.214298 1.320522
v 0.156211 0.151431 1.367496
v 0.123659 0.178984 1.367496
v 0.193177 0.187263 1.275969
v 0.152920 0.221339 1.275969
v 0.187858 0.182107 1.272162
v 0.148712 0.215245 1.272162
v 0.260098 0.252138 1.225287
v 0.205897 0.298015 1.225287
v 0.262912 0.254866 1.147086
v 0.208126 0.301239 1.147086
v 0.199078 0.288145 1.142025
v 0.150064 0.145468 1.074585
v 0.118791 0.171940 1.074585
v 0.211820 0.205339 0.684660
v 0.167680 0.242701 0.684660
v 0.229558 0.222531 0.635478
v 0.181720 0.263023 0.635478
v 0.225796 0.218875 0.596535
v 0.178736 0.258703 0.596535
v 0.220459 0.213698 0.591447
v 0.174510 0.252589 0.591447
v 0.316163 0.306485 0.302685
v 0.250278 0.362254 0.302685
v 0.353306 0.342495 0.003114
v 0.280024 0.405306 0.003114
v 0.310409 0.300910 0.000936
v 0.248449 0.359608 0.000936
v 0.338227 0.327877 0.282156
v 0.267746 0.387536 0.282156
v 0.332394 0.322219 0.317613
v 0.263126 0.380851 0.317613
v 0.172871 0.167578 0.707739
v 0.136846 0.198072 0.707739
v 0.077557 0.075181 2.354298
v 0.061393 0.088861 2.354298
v 0.043772 0.042431 2.333622
v 0.034650 0.050152 2.333622
v 0.185991 0.180299 1.431693
v 0.191904 0.186031 1.428114
v 0.151913 0.219882 1.428114
v 0.147235 0.213108 1.431693
v 0.249929 0.099001 1.385580
v 0.225796 0.145849 1.385580
v 0.221749 0.143233 1.382553
v 0.202812 0.080336 1.329498
v 0.183229 0.118352 1.329498
v 0.211171 0.083647 1.325823
v 0.190781 0.123230 1.325823
v 0.242180 0.095932 1.320522
v 0.250496 0.099226 1.316769
v 0.226311 0.146180 1.316769
v 0.218798 0.141328 1.320522
v 0.202272 0.080122 1.367496
v 0.182741 0.118039 1.367496
v 0.250134 0.099082 1.275969
v 0.225984 0.145969 1.275969
v 0.243248 0.096354 1.272162
v 0.219762 0.141949 1.272162
v 0.336787 0.133410 1.225287
v 0.304269 0.196536 1.225287
v 0.291782 0.188470 1.232148
v 0.340434 0.134854 1.147086
v 0.307563 0.198663 1.147086
v 0.194311 0.076969 1.074585
v 0.175549 0.113392 1.074585
v 0.274276 0.108647 0.684660
v 0.247793 0.160056 0.684660
v 0.297244 0.117745 0.635478
v 0.268545 0.173460 0.635478
v 0.292363 0.115819 0.596535
v 0.264138 0.170615 0.596535
v 0.285450 0.113082 0.591447
v 0.257895 0.166584 0.591447
v 0.409384 0.162166 0.302685
v 0.369858 0.238902 0.302685
v 0.372819 0.240815 0.298890
v 0.457481 0.181218 0.003114
v 0.413813 0.267295 0.003114
v 0.401936 0.159215 0.000936
v 0.367154 0.237156 0.000936
v 0.430402 0.170492 0.317613
v 0.388843 0.251167 0.317613
v 0.223842 0.088669 0.707739
v 0.202228 0.130625 0.707739
v 0.100425 0.039778 2.354298
v 0.090729 0.058603 2.354298
v 0.056677 0.022450 2.333622
v 0.051205 0.033075 2.333622
v 0.240833 0.095398 1.431693
v 0.248488 0.098430 1.428114
v 0.224495 0.145008 1.428114
v 0.217579 0.140540 1.431693
v 0.079559 -0.001240 2.462274
v 0.078358 0.014323 2.462253
v 0.073976 0.029304 2.462274
v 0.268791 -0.004177 1.385580
v 0.264422 0.048337 1.385580
v 0.218119 -0.003390 1.329498
v 0.214574 0.039226 1.329498
v 0.227108 -0.003529 1.325823
v 0.223417 0.040840 1.325823
v 0.260458 -0.004048 1.320522
v 0.269400 -0.004187 1.316769
v 0.265024 0.048447 1.316769
v 0.256226 0.046838 1.320522
v 0.217536 -0.003380 1.367496
v 0.214002 0.039120 1.367496
v 0.269013 -0.004181 1.275966
v 0.264642 0.048379 1.275969
v 0.261604 -0.004066 1.272150
v 0.257355 0.047046 1.272162
v 0.362206 -0.005629 1.225287
v 0.356320 0.065136 1.225287
v 0.366127 -0.005690 1.147086
v 0.360178 0.065842 1.147086
v 0.350210 -0.005442 1.142025
v 0.344520 0.062980 1.142025
v 0.208975 -0.003248 1.074585
v 0.205580 0.037580 1.074585
v 0.294975 -0.004584 0.684660
v 0.290185 0.053046 0.684660
v 0.319677 -0.004968 0.635478
v 0.314482 0.057487 0.635478
v 0.314428 -0.004901 0.596535
v 0.309319 0.056545 0.596535
v 0.306991 -0.004795 0.591447
v 0.302004 0.055206 0.591447
v 0.440281 -0.006841 0.302685
v 0.433126 0.079179 0.302685
v 0.492006 -0.007646 0.003114
v 0.484603 0.088589 0.003114
v 0.432271 -0.006717 0.000936
v 0.429964 0.078598 0.000936
v 0.471009 -0.007319 0.282156
v 0.463357 0.084703 0.282156
v 0.437955 0.173483 0.282156
v 0.462883 -0.007193 0.317613
v 0.455362 0.083244 0.317613
v 0.240736 -0.003741 0.707739
v 0.236821 0.043290 0.707739
v 0.108005 -0.001679 2.354298
v 0.106247 0.019420 2.354298
v 0.060955 -0.000947 2.333622
v 0.059964 0.010961 2.333622
v 0.259009 -0.004025 1.431693
v 0.267244 -0.004153 1.428114
v 0.262900 0.048058 1.428114
v 0.254800 0.046578 1.431693
v 0.073030 -0.031592 2.462274
v 0.077875 -0.016756 2.462253
v 0.246732 -0.106723 1.385580
v 0.262793 -0.056533 1.385580
v 0.242309 -0.104809 1.382553
v 0.258083 -0.055521 1.382553
v 0.200218 -0.086602 1.329498
v 0.213251 -0.045875 1.329498
v 0.208471 -0.090173 1.325823
v 0.222040 -0.047766 1.325823
v 0.239082 -0.103415 1.320522
v 0.247292 -0.106966 1.316769
v 0.263391 -0.056663 1.316769
v 0.254647 -0.054781 1.320522
v 0.199684 -0.086373 1.367496
v 0.212683 -0.045755 1.367496
v 0.246935 -0.106810 1.275960
v 0.263012 -0.056579 1.275963
v 0.255763 -0.055020 1.272123
v 0.332479 -0.143811 1.225287
v 0.354124 -0.076180 1.225287
v 0.336079 -0.145366 1.147086
v 0.357958 -0.077004 1.147086
v 0.321467 -0.139049 1.142025
v 0.342397 -0.073658 1.142025
v 0.270769 -0.117121 0.684660
v 0.288397 -0.062041 0.684660
v 0.293443 -0.126927 0.635478
v 0.312544 -0.067235 0.635478
v 0.288617 -0.124863 0.596535
v 0.307412 -0.066149 0.596535
v 0.281783 -0.121940 0.591447
v 0.300136 -0.064608 0.591447
v 0.404147 -0.174811 0.302685
v 0.430457 -0.092602 0.302685
v 0.451630 -0.195348 0.003114
v 0.481616 -0.103604 0.003114
v 0.396795 -0.171630 0.000936
v 0.427314 -0.091923 0.000936
v 0.432353 -0.187010 0.282156
v 0.460501 -0.099063 0.282156
v 0.424897 -0.183786 0.317613
v 0.452555 -0.097355 0.317613
v 0.220979 -0.095585 0.707739
v 0.235363 -0.050632 0.707739
v 0.099140 -0.042883 2.354298
v 0.105592 -0.022716 2.354298
v 0.055952 -0.024204 2.333622
v 0.059595 -0.012823 2.333622
v 0.237752 -0.102839 1.431693
v 0.245311 -0.106107 1.428114
v 0.261280 -0.056207 1.428114
v 0.253230 -0.054476 1.431693
v 0.055384 -0.057133 2.462274
v 0.065538 -0.045281 2.462253
v 0.187109 -0.193020 1.385580
v 0.221155 -0.152798 1.385580
v 0.217192 -0.150057 1.382553
v 0.151835 -0.156632 1.329498
v 0.179463 -0.123992 1.329498
v 0.158092 -0.163088 1.325823
v 0.186860 -0.129102 1.325823
v 0.181309 -0.187037 1.320522
v 0.187534 -0.193459 1.316769
v 0.221660 -0.153145 1.316769
v 0.214301 -0.148062 1.320522
v 0.151431 -0.156215 1.367496
v 0.178985 -0.123660 1.367496
v 0.187266 -0.193178 1.275957
v 0.221339 -0.152923 1.275960
v 0.252138 -0.260102 1.225287
v 0.298015 -0.205898 1.225287
v 0.254866 -0.262916 1.147086
v 0.301242 -0.208127 1.147086
v 0.243787 -0.251486 1.142025
v 0.288145 -0.199079 1.142025
v 0.145471 -0.150065 1.074585
v 0.171941 -0.118796 1.074585
v 0.191825 -0.082974 1.074585
v 0.205338 -0.211824 0.684660
v 0.242701 -0.167681 0.684660
v 0.222534 -0.229559 0.635478
v 0.263026 -0.181724 0.635478
v 0.218869 -0.225806 0.596535
v 0.258697 -0.178759 0.596535
v 0.213686 -0.220478 0.591447
v 0.252570 -0.174553 0.591447
v 0.306488 -0.316165 0.302685
v 0.362257 -0.250282 0.302685
v 0.342495 -0.353310 0.003114
v 0.405309 -0.280025 0.003114
v 0.300910 -0.310413 0.000936
v 0.359608 -0.248453 0.000936
v 0.327877 -0.338231 0.282156
v 0.387539 -0.267750 0.282156
v 0.322222 -0.332395 0.317613
v 0.380852 -0.263130 0.317613
v 0.167581 -0.172872 0.707739
v 0.198072 -0.136850 0.707739
v 0.075184 -0.077558 2.354298
v 0.088864 -0.061398 2.354298
v 0.042432 -0.043772 2.333622
v 0.050152 -0.034651 2.333622
v 0.250535 -0.053898 1.381317
v 0.235222 -0.101744 1.381317
v 0.180299 -0.185995 1.431693
v 0.186031 -0.191908 1.428114
v 0.219882 -0.151917 1.428114
v 0.213108 -0.147236 1.431693
v 0.029304 -0.073980 2.462274
v 0.043221 -0.066914 2.462253
v 0.099001 -0.249930 1.385580
v 0.145849 -0.225799 1.385580
v 0.080339 -0.202814 1.329498
v 0.118355 -0.183232 1.329498
v 0.083650 -0.211173 1.325823
v 0.123233 -0.190785 1.325823
v 0.080125 -0.202273 1.367496
v 0.118039 -0.182744 1.367496
v 0.099082 -0.250136 1.275936
v 0.145969 -0.225985 1.275945
v 0.133410 -0.336791 1.225287
v 0.196539 -0.304273 1.225287
v 0.188470 -0.291783 1.232148
v 0.134854 -0.340435 1.147086
v 0.198666 -0.307565 1.147086
v 0.128990 -0.325636 1.142025
v 0.190029 -0.294195 1.142025
v 0.076970 -0.194312 1.074585
v 0.113392 -0.175553 1.074585
v 0.108647 -0.274277 0.684660
v 0.160059 -0.247797 0.684660
v 0.117745 -0.297246 0.635478
v 0.173460 -0.268546 0.635478
v 0.115801 -0.292377 0.596535
v 0.170600 -0.264148 0.596535
v 0.113058 -0.285466 0.591447
v 0.166563 -0.257908 0.591447
v 0.162166 -0.409388 0.302685
v 0.238902 -0.369859 0.302685
v 0.181221 -0.457482 0.003114
v 0.267295 -0.413814 0.003114
v 0.237156 -0.367155 0.000936
v 0.173486 -0.437959 0.282156
v 0.255576 -0.395672 0.282156
v 0.170492 -0.430403 0.317613
v 0.251167 -0.388847 0.317613
v 0.088669 -0.223843 0.707739
v 0.130625 -0.202229 0.707739
v 0.039781 -0.100426 2.354298
v 0.058603 -0.090730 2.354298
v 0.022450 -0.056678 2.333619
v 0.033075 -0.051206 2.333622
v 0.210840 -0.145671 1.381317
v 0.095398 -0.240837 1.431693
v 0.098433 -0.248490 1.428114
v 0.145008 -0.224500 1.428114
v 0.140543 -0.217583 1.431693
v 0.048337 -0.264427 1.385580
v 0.039226 -0.214575 1.329498
v 0.040843 -0.223421 1.325823
v 0.039121 -0.214007 1.367496
v -0.004181 -0.269014 1.275963
v 0.048379 -0.264643 1.275948
v 0.065140 -0.356324 1.225287
v 0.065842 -0.360179 1.147086
v 0.062980 -0.344521 1.142025
v 0.037580 -0.205581 1.074585
v 0.053047 -0.290186 0.684660
v 0.057490 -0.314485 0.635478
v 0.056539 -0.309328 0.596535
v 0.055200 -0.302017 0.591447
v 0.079179 -0.433130 0.302685
v 0.079812 -0.436596 0.298890
v -0.007319 -0.471013 0.282156
v 0.084704 -0.463361 0.282156
v 0.083385 -0.456139 0.287667
v 0.012118 -0.115505 2.304960
v 0.019423 -0.106251 2.354298
v 0.010961 -0.059963 2.333613
v 0.215263 0.139045 1.381317
v 0.048061 -0.262904 1.428114
v 0.046579 -0.254804 1.431693
v 0.009233 -0.050517 2.473623
v 0.012294 -0.067262 2.468916
v -0.187231 0.237171 1.992552
v -0.152063 0.246721 2.020161
v -0.156107 0.257762 1.993062
v -0.191066 0.241740 1.979463
v -0.104207 0.265231 2.039619
v -0.114872 0.277088 1.999236
v 0.315382 0.137652 1.814469
v 0.323245 0.113989 1.817256
v 0.310793 0.140232 1.826157
v 0.318596 0.117208 1.831530
v 0.043843 -0.239831 1.323174
v 0.089794 -0.226684 1.323174
v -0.003789 -0.243793 1.323174
v -0.004048 -0.260463 1.320522
v 0.046841 -0.256230 1.320522
v 0.095932 -0.242183 1.320522
v -0.210672 -0.038513 1.348122
v -0.211418 -0.038651 1.359903
v -0.199121 -0.078880 1.348122
v -0.179896 -0.116203 1.348122
v -0.057426 -0.266951 1.296387
v -0.057296 -0.266349 1.309206
v -0.057212 -0.265964 1.283559
v 0.003721 0.239488 1.267296
v -0.043070 0.235597 1.267296
v -0.044798 0.245054 1.269504
v 0.003870 0.249101 1.269504
v -0.088211 0.222682 1.267296
v -0.091753 0.231622 1.269504
v -0.096358 0.243245 1.272162
v -0.047047 0.257354 1.272162
v 0.141189 0.204359 1.269459
v 0.099857 0.227783 1.269438
v 0.177723 0.173986 1.269438
v 0.159452 0.175606 1.266816
v 0.132425 0.191672 1.266987
v 0.107824 0.211236 1.266681
v -0.234149 0.050365 1.267296
v -0.235040 0.050560 1.265184
v 0.222419 0.088018 1.266852
v 0.223801 0.088738 1.265634
v 0.201381 0.131113 1.266174
v 0.200651 0.130875 1.266336
v 0.172786 0.172959 1.264911
v 0.235386 0.043007 1.267122
v 0.236708 0.043292 1.265352
v 0.266875 0.172382 1.241196
v -0.305084 0.210778 1.202736
v -0.340367 0.147217 1.202736
v -0.362522 0.077983 1.202736
v 0.066817 0.310603 1.241196
v 0.004936 0.317691 1.241196
v -0.057134 0.312529 1.241196
v 0.172385 -0.266879 1.241208
v -0.077984 -0.362525 1.202736
v 0.261331 -0.180555 1.136448
v 0.221101 -0.228082 1.136448
v 0.291553 -0.126109 1.136448
v -0.291554 0.126104 1.136448
v -0.310535 0.066800 1.136448
v -0.055613 0.304219 0.661443
v -0.056864 0.311045 0.646080
v -0.170103 -0.109877 0.946206
v -0.166607 0.115105 0.946206
v -0.048222 -0.224174 0.739176
v 0.112081 0.259130 0.581415
v 0.110245 0.254881 0.577341
v 0.058393 0.271471 0.577341
v 0.059369 0.276001 0.581415
v 0.004272 0.277653 0.577341
v 0.004371 0.282292 0.581415
v 0.162087 -0.250931 0.567789
v 0.259112 -0.112118 0.581415
v 0.254922 -0.110111 0.577341
v 0.271504 -0.058201 0.577341
v 0.275986 -0.059364 0.581415
v 0.277665 -0.004075 0.577341
v 0.282290 -0.004327 0.581415
v 0.250884 0.162210 0.567789
v 0.237792 0.153811 0.573078
v 0.069940 0.325127 0.559407
v 0.005164 0.332548 0.559407
v 0.132036 0.305257 0.559407
v 0.189040 0.273614 0.559407
v -0.062824 -0.292066 0.567777
v -0.059548 -0.276858 0.573063
v -0.066740 -0.310266 0.562854
v -0.069537 0.380158 0.534045
v -0.073798 0.403513 0.513723
v 0.006373 0.410182 0.513723
v 0.006715 0.432142 0.491133
v -0.077726 0.425119 0.491133
v 0.233226 0.337459 0.513723
v 0.162910 0.376501 0.513723
v -0.233183 -0.337512 0.513723
v -0.403517 -0.073834 0.513723
v 0.081496 -0.445806 0.293505
v -0.080855 0.442294 0.309045
v -0.041234 0.225559 0.739176
v -0.042376 0.231806 0.718365
v 0.380681 0.245893 0.293505
v 0.389503 0.251594 0.287667
v 0.050765 -0.277720 0.581412
v 0.049936 -0.273170 0.577332
v -0.004387 -0.282308 0.581412
v -0.004316 -0.277686 0.577329
v -0.136457 -0.024950 2.284752
v -0.166583 -0.030461 2.252010
v -0.317499 0.068160 1.534545
v -0.326451 0.070336 1.591674
v -0.324973 0.004998 1.534164
v -0.334047 0.005325 1.591554
v -0.319446 -0.058347 1.534572
v -0.328650 -0.059963 1.591713
v -0.049208 -0.228752 1.376577
v 0.088589 -0.484607 0.003114
v 0.395671 0.255576 0.282156
v -0.057491 0.314482 0.635478
v -0.043295 0.236821 0.707739
v -0.046603 0.254833 1.431729
v -0.048062 0.262900 1.428114
v -0.210841 0.145667 1.381317
v -0.214003 -0.039124 1.367496
v -0.054781 -0.254651 1.320522
v -0.056660 -0.263395 1.316769
v -0.004187 -0.269404 1.316769
v -0.056579 -0.263012 1.275966
v -0.314516 0.127082 1.831260
v -0.319901 0.124240 1.817241
v -0.329592 0.083863 1.828452
v -0.322926 0.088844 1.848591
v -0.323076 0.121686 1.795761
v -0.334227 0.078306 1.801404
v -0.344098 0.015406 1.814307
v -0.335609 0.041275 1.844136
v -0.328340 0.046846 1.871940
v 0.320515 0.031540 1.916616
v 0.323300 0.015027 1.915911
v 0.329720 0.009970 1.895142
v 0.326935 0.025565 1.896378
v 0.335335 0.007303 1.874727
v 0.331376 0.035832 1.872357
v 0.226333 0.215719 1.959336
v 0.223561 0.224316 1.955967
v 0.213052 0.226825 1.970418
v 0.211114 0.223627 1.976118
v 0.206166 0.239984 1.956246
v 0.198524 0.234948 1.979466
v 0.191832 0.232178 1.992606
v 0.004506 0.282266 2.053668
v 0.004689 0.302555 1.979172
v -0.068727 0.299246 1.975713
v -0.053530 0.277303 2.049018
v -0.061898 0.321688 1.884867
v 0.183872 0.113827 2.190546
v 0.209109 0.098816 2.161299
v 0.209364 0.128321 2.141460
v 0.180120 0.142295 2.173467
v 0.233541 0.081640 2.124942
v 0.234048 0.111925 2.104809
v 0.252454 0.068595 2.095968
v 0.257607 0.094768 2.068005
v -0.244553 -0.237046 1.810329
v -0.245919 -0.238294 1.767072
v -0.194588 -0.281627 1.767069
v -0.193572 -0.280173 1.810335
v -0.246050 -0.238385 1.715232
v -0.194664 -0.281722 1.715226
v -0.135957 -0.314237 1.715238
v -0.135902 -0.314184 1.767069
v -0.135199 -0.312572 1.810335
v 0.036319 0.168154 2.250744
v 0.002552 0.171166 2.252568
v 0.037978 0.177424 2.239719
v 0.002729 0.179160 2.241915
v 0.278094 0.162378 1.852761
v 0.286242 0.154966 1.836645
v 0.270259 0.173491 1.879047
v 0.186898 0.174774 1.878675
v 0.192967 0.164871 1.855779
v 0.196697 0.156577 1.836549
v 0.261373 0.181723 1.897614
v 0.251742 0.191135 1.919178
v 0.173824 0.192013 1.918455
v 0.181087 0.183451 1.898730
v 0.240190 0.205417 1.937997
v 0.235213 0.200600 1.941021
v 0.220817 0.210272 1.963770
v 0.152028 0.210855 1.961679
v 0.163345 0.201750 1.940817
v 0.206221 0.219016 1.980783
v 0.184582 0.226695 1.999425
v 0.126020 0.227014 1.998495
v 0.141503 0.218024 1.978047
v 0.160087 0.241210 2.018508
v 0.148234 0.241679 2.029251
v 0.113402 0.259011 2.045682
v 0.105548 0.253282 2.058528
v 0.068616 0.254765 2.061285
v 0.100423 0.240859 2.029926
v 0.062335 0.275682 2.049153
v 0.052102 0.261694 2.077086
v 0.035135 0.263086 2.079840
v 0.187386 0.070588 1.975008
v 0.177474 0.086902 2.013342
v 0.260167 0.085511 2.013375
v 0.275752 0.068660 1.973490
v 0.164326 0.105006 2.055807
v 0.241084 0.103807 2.056701
v 0.279147 0.075067 2.025900
v 0.297102 0.056410 1.978260
v 0.169376 0.149647 2.161851
v 0.141424 0.159107 2.183280
v 0.194025 0.137953 2.135004
v 0.131374 0.138534 2.134134
v 0.115257 0.149535 2.159646
v 0.096659 0.158323 2.179821
v 0.106613 0.168295 2.203827
v 0.069471 0.175989 2.220741
v 0.072800 0.167191 2.200002
v 0.047296 0.174681 2.216844
v 0.023558 0.178977 2.226183
v 0.035101 0.180586 2.230410
v 0.002866 0.180622 2.229345
v 0.002818 0.182326 2.233386
v 0.203899 0.048869 1.876053
v 0.203514 0.038209 1.898805
v 0.302830 0.036363 1.897188
v 0.301343 0.048250 1.875624
v 0.199594 0.046617 1.918605
v 0.295582 0.043718 1.914984
v 0.195487 0.117483 1.839474
v 0.199639 0.082714 1.858011
v 0.296495 0.081496 1.856838
v 0.290610 0.117859 1.839168
v 0.326691 0.078609 1.848909
v 0.345119 0.004622 1.814475
v 0.338118 0.030627 1.844661
v 0.337632 0.009194 1.857807
v 0.340123 -0.015859 1.849917
v 0.276807 -0.005214 2.059347
v 0.274468 0.050899 2.055273
v 0.300610 0.031138 1.987464
v 0.195911 0.139736 1.832664
v 0.288155 0.139461 1.832721
v -0.065680 0.164401 2.245218
v -0.099953 0.153373 2.235843
v -0.068798 0.174814 2.229885
v -0.107294 0.167014 2.215761
v -0.144738 0.156185 2.197569
v -0.134260 0.138308 2.222439
v -0.193829 0.080781 2.199408
v -0.201206 0.043024 2.201022
v -0.227251 0.080157 2.151438
v -0.233747 0.050035 2.150313
v -0.241499 0.004058 2.143554
v -0.206017 0.003144 2.201133
v -0.203698 -0.037238 2.201757
v -0.241322 -0.043996 2.135811
v -0.228216 -0.090300 2.136033
v -0.192617 -0.076250 2.201808
v -0.173981 -0.112298 2.201799
v -0.206132 -0.133035 2.136099
v -0.176091 -0.170640 2.136063
v -0.148635 -0.144040 2.201763
v -0.117620 -0.170241 2.201742
v -0.139342 -0.201674 2.136042
v -0.097318 -0.224995 2.136039
v -0.082150 -0.189959 2.201715
v -0.043515 -0.202389 2.201664
v -0.051550 -0.239643 2.136039
v 0.280256 -0.193375 1.810287
v 0.281923 -0.194460 1.767057
v 0.314650 -0.134590 1.766958
v 0.237069 -0.244530 1.810329
v 0.238372 -0.245822 1.767069
v 0.238495 -0.245977 1.715211
v 0.282100 -0.194652 1.715232
v 0.314817 -0.135459 1.715202
v 0.189191 0.274203 1.870011
v 0.204187 0.270799 1.800381
v 0.196916 0.279601 1.724643
v 0.123386 -0.311486 1.876287
v 0.184772 -0.286052 1.810335
v 0.181760 -0.281411 1.876284
v -0.071991 -0.334625 1.767075
v -0.071617 -0.332922 1.810335
v -0.072041 -0.334577 1.715265
v 0.185742 -0.287561 1.767063
v 0.185837 -0.287839 1.715178
v -0.061598 0.333304 1.802514
v -0.061821 0.336499 1.726272
v -0.127294 0.317456 1.726284
v -0.127628 0.313870 1.801056
v -0.266819 -0.172348 1.136448
v -0.228082 -0.221102 1.136448
v 0.003327 0.214147 1.348122
v -0.038513 0.210668 1.348122
v -0.038648 0.211414 1.359903
v 0.140963 0.278304 1.967232
v 0.132380 0.290298 1.935465
v 0.078067 0.297400 1.975779
v 0.127021 0.273846 1.999605
v -0.066683 0.364769 1.202736
v -0.067048 0.366767 1.185411
v -0.180551 -0.261335 1.136448
v 0.180550 0.261331 1.136448
v -0.067026 0.366641 1.168371
v -0.047520 -0.220902 1.098456
v 0.170102 0.109873 0.946206
v -0.314498 -0.057494 0.614811
v -0.297257 -0.117751 0.614811
v -0.268555 -0.173470 0.614811
v -0.049691 0.271818 0.692424
v 0.086299 0.401025 0.513723
v 0.090895 0.422499 0.491133
v 0.006970 0.448589 0.470619
v -0.080676 0.441298 0.470619
v -0.082658 0.452154 0.450549
v -0.083873 0.458795 0.428607
v -0.084569 0.462601 0.405750
v -0.084948 0.464683 0.383460
v -0.084971 0.464795 0.362040
v -0.105683 -0.491282 0.217134
v -0.103675 -0.481955 0.242409
v -0.101844 -0.473439 0.261219
v -0.100315 -0.466333 0.274311
v -0.427487 0.295343 0.049119
v -0.476922 0.206283 0.049119
v -0.507971 0.109272 0.049119
v -0.084578 0.462652 0.342084
v 0.123070 -0.310773 1.591743
v 0.119459 -0.300615 1.535091
v 0.175970 -0.272282 1.535142
v 0.181253 -0.281014 1.591773
v 0.225759 -0.232871 1.535145
v 0.232477 -0.239972 1.591863
v 0.266843 -0.184355 1.535142
v 0.274802 -0.189837 1.591908
v 0.297705 -0.128764 1.535142
v 0.306590 -0.132556 1.591914
v 0.317077 -0.068199 1.535139
v 0.326486 -0.070140 1.591905
v 0.324303 -0.005022 1.535139
v 0.333853 -0.005045 1.591890
v 0.319028 0.058338 1.535136
v 0.328388 0.060176 1.591878
v 0.301538 0.119457 1.535139
v 0.310366 0.123040 1.591893
v 0.272422 0.175971 1.535145
v 0.280382 0.181167 1.591950
v 0.232874 0.225755 1.535151
v 0.239692 0.232415 1.591995
v 0.184357 0.266843 1.535151
v 0.189827 0.274802 1.591986
v -0.017591 0.096215 2.408301
v 0.058363 -0.316477 1.534968
v 0.060059 -0.327581 1.591842
v -0.314238 0.144588 1.795497
v -0.315965 0.142158 1.774446
v -0.324785 0.122519 1.765251
v -0.302618 0.166358 1.796811
v -0.306958 0.160512 1.764600
v -0.317356 0.139341 1.722630
v 0.345295 0.000920 1.765974
v 0.338703 0.064419 1.763121
v 0.336594 0.067696 1.801407
v 0.342511 -0.002947 1.714605
v 0.336136 0.062899 1.714791
v -0.278638 0.201591 1.802160
v -0.280829 0.200170 1.761903
v -0.251986 0.230950 1.802217
v -0.242762 0.241604 1.770678
v -0.238258 0.244711 1.717578
v -0.280634 0.196134 1.714470
v -0.273224 0.201633 1.849650
v -0.236900 0.241397 1.832781
v -0.299417 0.167947 1.822605
v -0.296672 0.167082 1.832475
v -0.284279 0.178363 1.853658
v -0.275355 0.187705 1.873338
v -0.269210 0.192782 1.887303
v -0.253763 0.205804 1.912389
v -0.247776 0.220356 1.892952
v -0.039122 0.214002 1.367496
v -0.048380 0.264642 1.275969
v -0.099086 0.250134 1.275969
v -0.088590 0.484603 0.003114
v -0.078602 0.429961 0.000936
v -0.145970 0.225984 1.275969
v -0.141953 0.219761 1.272162
v -0.288398 0.062037 0.684660
v -0.099063 -0.460505 0.282156
v -0.020572 -0.095626 2.408301
v 0.135244 0.312012 1.656057
v 0.071663 0.332295 1.656000
v 0.005279 0.339753 1.655976
v 0.045039 0.209370 1.348122
v 0.245054 0.044798 1.269501
v 0.231622 0.091749 1.269504
v 0.249098 -0.003868 1.269468
v -0.261335 0.180550 1.136448
v -0.237103 0.215563 1.938051
v -0.230581 0.228244 1.928622
v -0.222255 0.224207 1.958955
v -0.217120 0.231616 1.956477
v 0.310534 -0.066801 1.136448
v 0.317619 -0.004936 1.136448
v 0.312460 0.057120 1.136448
v 0.201239 -0.043291 1.064112
v 0.198667 -0.042737 1.045644
v 0.050696 -0.277323 1.130064
v 0.046236 -0.252921 1.122831
v 0.166606 -0.115109 0.946206
v -0.053406 -0.248258 0.699189
v -0.062426 0.341424 0.555273
v -0.065663 0.359011 0.547602
v 0.216960 0.241617 1.921980
v 0.179426 0.268879 1.921818
v 0.172533 0.261881 1.961088
v 0.094347 0.438579 0.470619
v 0.491278 -0.105683 0.217134
v -0.098912 -0.459806 0.342084
v 0.066913 0.043218 2.462253
v 0.204314 -0.043953 1.074585
v 0.099226 -0.250498 1.316769
v 0.146180 -0.226312 1.316769
v 0.141328 -0.218799 1.320522
v 0.014323 -0.078362 2.462253
v 0.048448 -0.265028 1.316769
v 0.083244 -0.455365 0.317613
v 0.043294 -0.236826 0.707739
v -0.191765 0.123387 1.839339
v -0.191529 0.145771 1.832748
v -0.284071 0.147966 1.833261
v -0.286858 0.126913 1.839372
v -0.191829 0.161753 1.836951
v -0.282094 0.161851 1.837329
v -0.306424 0.150260 1.825656
v 0.001860 0.119901 1.839690
v 0.001276 0.085453 1.858092
v -0.197058 0.088644 1.857936
v -0.202900 0.055433 1.875717
v 0.000429 0.052136 1.875894
v -0.317717 0.044079 1.918674
v -0.324653 0.037204 1.896990
v 0.237012 0.220051 1.928343
v -0.207358 0.230562 1.973832
v -0.206894 0.233168 1.970256
v 0.163434 0.253843 1.992702
v -0.196067 0.277507 1.800426
v -0.188088 0.285538 1.724631
v -0.318780 -0.124753 1.766973
v -0.287904 -0.185615 1.767066
v -0.319058 -0.125615 1.715217
v -0.288126 -0.185801 1.715244
v -0.204049 0.134613 2.142111
v -0.228006 0.121885 2.110005
v -0.235666 0.089685 2.119350
v -0.213002 0.103116 2.151096
v -0.250639 0.106560 2.072937
v -0.248826 0.081500 2.099481
v -0.031504 0.170345 2.250864
v -0.032357 0.178576 2.238579
v -0.273237 0.171863 1.855242
v -0.187824 0.171196 1.855680
v -0.181409 0.180262 1.878822
v -0.263568 0.181819 1.877616
v -0.255910 0.189839 1.898208
v -0.175292 0.188758 1.898859
v -0.167775 0.197105 1.918599
v -0.243554 0.198601 1.917549
v -0.228937 0.207959 1.941411
v -0.157085 0.206558 1.941024
v -0.145505 0.215334 1.961904
v -0.213482 0.216667 1.963647
v -0.198384 0.224221 1.979964
v -0.134560 0.222130 1.978143
v -0.118721 0.230625 1.998507
v -0.176599 0.233042 2.000766
v -0.138923 0.246550 2.030820
v -0.092633 0.243760 2.029668
v -0.060688 0.256468 2.061486
v -0.091685 0.256854 2.059284
v -0.044022 0.262948 2.076963
v -0.026999 0.264055 2.079942
v 0.004009 0.265406 2.084682
v -0.307646 0.054256 1.944945
v -0.286094 0.064689 1.943955
v -0.295343 0.054148 1.918077
v -0.292892 0.067988 1.981875
v -0.272729 0.077920 1.976703
v -0.185558 0.076685 1.976118
v -0.194194 0.063492 1.944522
v -0.200451 0.052938 1.919271
v -0.136142 0.163195 2.183043
v -0.163799 0.154462 2.161341
v -0.176178 0.145239 2.172483
v -0.091610 0.161231 2.179980
v -0.110410 0.152966 2.159706
v -0.126845 0.142576 2.134482
v -0.189407 0.144265 2.136243
v -0.064107 0.178149 2.221080
v -0.101441 0.171528 2.204046
v -0.041727 0.176235 2.217345
v -0.067477 0.169464 2.200368
v -0.029516 0.181611 2.230530
v -0.017829 0.179734 2.226501
v -0.299960 0.056074 1.876134
v -0.301372 0.047131 1.897590
v -0.203927 0.044891 1.900062
v -0.293715 0.090745 1.856979
v -0.339079 -0.005125 1.849839
v -0.335701 0.019963 1.857483
v -0.269900 0.063379 2.056947
v -0.275997 0.003931 2.059983
v -0.272039 0.087319 2.030871
v -0.298308 0.042119 1.990026
v -0.310997 0.147544 1.814433
v -0.175166 0.118673 2.193348
v 0.002445 0.159469 1.836621
v 0.002196 0.142324 1.832610
v 0.002567 0.167743 1.855935
v 0.002731 0.177533 1.878786
v 0.002900 0.186085 1.898748
v 0.003037 0.194505 1.918401
v 0.003132 0.204074 1.940736
v 0.003307 0.213034 1.961649
v 0.003514 0.219958 1.977819
v 0.003733 0.228647 1.998099
v 0.003868 0.242155 2.029629
v 0.003953 0.255541 2.060868
v 0.004053 0.262570 2.077275
v -0.000428 0.041633 1.899618
v -0.000732 0.050035 1.919538
v 0.194413 0.057289 1.943718
v -0.000188 0.060586 1.944576
v 0.000665 0.073708 1.975725
v 0.001205 0.089761 2.013813
v 0.001542 0.107563 2.056041
v -0.174566 0.092821 2.014782
v -0.160759 0.110528 2.057265
v 0.148228 0.123090 2.098113
v 0.001899 0.125334 2.098197
v 0.002215 0.140427 2.134002
v -0.144116 0.127900 2.099052
v 0.002397 0.151012 2.159109
v 0.002524 0.159373 2.178942
v 0.002674 0.167849 2.199045
v 0.002813 0.174874 2.215710
v 0.002876 0.178299 2.223837
v -0.061302 0.334358 1.655997
v -0.125474 0.316051 1.656057
v 0.243767 0.236303 1.655076
v 0.193402 0.279358 1.655937
v 0.317612 0.126285 1.654977
v 0.283987 0.183826 1.654770
v 0.332932 0.061404 1.654608
v 0.339532 -0.004637 1.654455
v 0.335112 -0.070373 1.715055
v 0.332182 -0.071018 1.654545
v 0.312046 -0.134744 1.654587
v 0.236506 -0.244064 1.654539
v 0.279663 -0.193096 1.654587
v 0.125159 -0.316305 1.654440
v 0.184348 -0.285803 1.654455
v 0.061073 -0.333969 1.654566
v -0.005356 -0.338859 1.654695
v -0.071491 -0.331372 1.654689
v -0.134852 -0.311482 1.654620
v -0.193049 -0.279374 1.654593
v -0.243961 -0.236404 1.654602
v -0.285597 -0.184295 1.654617
v -0.316222 -0.124988 1.654599
v -0.334394 -0.060635 1.654524
v -0.339630 0.005961 1.654410
v -0.337322 -0.059888 1.715064
v -0.342524 0.007770 1.714602
v -0.331865 0.072028 1.654509
v -0.312365 0.135774 1.655052
v -0.333657 0.073283 1.714806
v -0.278093 0.192596 1.654755
v -0.236225 0.243726 1.655073
v -0.184595 0.285208 1.655934
v 0.270358 0.107094 0.000117
v 0.326827 0.059746 0.000177
v 0.290764 -0.004519 0.000117
v -0.270359 -0.107098 0.000117
v -0.326831 -0.059748 0.000177
v 0.057120 -0.312461 1.136448
v 0.116988 -0.295335 1.136448
v 0.279086 0.180269 0.000177
v 0.208796 0.202403 0.000117
v -0.279087 -0.180273 0.000177
v -0.208796 -0.202407 0.000117
v 0.115445 0.266900 0.000117
v 0.188853 0.273350 0.000177
v -0.069874 -0.324818 0.000177
v -0.115446 -0.266904 0.000117
v 0.069873 0.324813 0.000177
v 0.004518 0.290761 0.000117
v -0.188858 -0.273351 0.000177
v -0.059748 0.326827 0.000177
v -0.107098 0.270358 0.000117
v 0.202406 -0.208796 0.000117
v 0.180269 -0.279087 0.000177
v 0.266900 -0.115446 0.000117
v 0.324813 -0.069873 0.000177
v -0.202407 0.208792 0.000117
v -0.180273 0.279086 0.000177
v 0.273350 -0.188857 0.000177
v -0.273351 0.188853 0.000177
v 0.172344 -0.266819 1.136448
v 0.243532 -0.052382 1.269396
v 0.208996 0.135348 1.269489
v 0.052654 0.243363 1.269489
v 0.051419 0.233385 1.266501
v -0.173405 0.178878 1.269504
v -0.135167 0.209257 1.269504
v -0.129953 0.201180 1.267296
v -0.204957 0.141603 1.269504
v -0.228661 0.098901 1.269504
v -0.243545 0.052390 1.269504
v -0.249102 0.003870 1.269504
v -0.231623 -0.091753 1.269504
v -0.245055 -0.044802 1.269504
v -0.177724 -0.173984 1.269399
v -0.208997 -0.135352 1.269483
v -0.141186 -0.204346 1.269351
v -0.132417 -0.191640 1.266777
v -0.332552 0.005152 0.559407
v -0.325134 0.069926 0.559407
v -0.305264 0.132021 0.559407
v -0.309210 -0.122501 0.559407
v -0.327144 -0.059821 0.559407
v -0.279351 -0.180461 0.559407
v -0.238796 -0.231506 0.559407
v -0.273625 0.189028 0.559407
v -0.231503 0.238792 0.559407
v -0.180458 0.279350 0.559407
v -0.122498 0.309206 0.559407
v -0.059812 0.327143 0.559407
v -0.271539 0.058141 0.577335
v -0.254990 0.110003 0.577338
v -0.277687 0.004050 0.577329
v -0.258092 -0.102518 0.577338
v -0.273120 -0.050195 0.577335
v -0.233121 -0.150888 0.577341
v -0.237097 -0.153256 0.581415
v -0.199254 -0.193464 0.577341
v -0.202666 -0.196579 0.581415
v -0.228612 0.157626 0.577341
v -0.193480 0.199209 0.577341
v -0.157753 -0.228566 0.577338
v -0.110216 -0.254926 0.577332
v -0.112070 -0.259150 0.581412
v -0.160439 -0.232313 0.581412
v -0.189035 -0.273625 0.559407
v -0.132037 -0.305261 0.559407
v -0.069941 -0.325134 0.559407
v -0.058397 -0.271492 0.577329
v -0.059370 -0.276011 0.581412
v 0.273617 -0.189035 0.559407
v 0.228489 -0.157772 0.577341
v 0.232254 -0.160511 0.581415
v 0.327146 0.059811 0.559407
v 0.258120 0.102484 0.577341
v 0.273113 0.050186 0.577341
v 0.262465 0.104051 0.581415
v 0.277696 0.050852 0.581415
v 0.233209 0.150793 0.577341
v 0.237129 0.153222 0.581415
v 0.199378 0.193332 0.577341
v 0.202712 0.196527 0.581415
v 0.157841 0.228466 0.577341
v 0.160474 0.232272 0.581415
v -0.050060 0.273105 0.577341
v -0.102473 0.258087 0.577341
v -0.104046 0.262456 0.581415
v -0.050808 0.277696 0.581415
v -0.150882 0.233114 0.577341
v -0.153257 0.237093 0.581415
v -0.159709 0.247227 0.586302
v -0.108403 0.273658 0.586302
v -0.052928 0.289531 0.586302
v 0.004570 0.294312 0.586302
v -0.247228 -0.159709 0.586302
v -0.211328 -0.204894 0.586302
v -0.167286 -0.242171 0.586302
v -0.116841 -0.270170 0.586302
v -0.061892 -0.287755 0.586302
v -0.004574 -0.294319 0.586302
v 0.061891 0.287748 0.586302
v 0.116843 0.270160 0.586302
v 0.167300 0.242152 0.586302
v 0.211348 0.204871 0.586302
v 0.247236 0.159704 0.586302
v 0.273655 0.108417 0.586302
v 0.289526 0.052934 0.586302
v 0.294303 -0.004594 0.586302
v 0.270124 -0.116933 0.586302
v 0.287722 -0.061958 0.586302
v 0.204856 -0.211376 0.586302
v 0.242126 -0.167366 0.586302
v 0.159683 -0.247251 0.586302
v 0.108390 -0.273668 0.586302
v 0.052921 -0.289539 0.586302
v -0.261590 0.056216 1.428186
v -0.254916 0.054502 1.431531
v -0.264198 0.056911 1.420569
v -0.270282 0.004244 1.420818
v -0.267688 0.004171 1.428441
v -0.261209 0.004058 1.431693
v -0.256448 -0.046554 1.431690
v -0.246238 -0.044267 1.434357
v -0.251579 0.003990 1.434438
v -0.267026 -0.048829 1.407009
v -0.271389 0.004255 1.407126
v -0.265922 -0.048615 1.420674
v -0.265307 0.057153 1.406967
v -0.263231 -0.048047 1.428384
v -0.244742 0.052027 1.434483
v -0.227486 0.097830 1.434525
v -0.202958 0.139972 1.434627
v -0.171605 0.176900 1.434762
v -0.140180 -0.202747 1.434480
v -0.097842 -0.226084 1.434666
v -0.051800 -0.240713 1.434741
v -0.003822 -0.246160 1.434750
v -0.133715 0.206936 1.434822
v -0.090758 0.229047 1.434822
v -0.044313 0.242313 1.434801
v 0.140001 0.202638 1.434768
v 0.176856 0.171443 1.434768
v 0.206890 0.133637 1.434768
v 0.229002 0.090712 1.434768
v 0.242283 0.044288 1.434768
v 0.246285 -0.003827 1.434768
v 0.240790 -0.051799 1.434768
v 0.226072 -0.097788 1.434768
v 0.202638 -0.140002 1.434768
v 0.171444 -0.176848 1.434768
v 0.133635 -0.206864 1.434774
v 0.090710 -0.228937 1.434771
v 0.044293 -0.242173 1.434759
v 0.132283 -0.204797 1.323174
v 0.169707 -0.175065 1.323174
v 0.200587 -0.138587 1.323174
v 0.223783 -0.096795 1.323174
v 0.238350 -0.051275 1.323174
v 0.243789 -0.003788 1.323174
v 0.239830 0.043841 1.323174
v 0.226683 0.089794 1.323174
v 0.204796 0.132283 1.323174
v 0.175064 0.169704 1.323174
v 0.138583 0.200587 1.323174
v -0.132284 0.204796 1.323174
v -0.169708 0.175061 1.323174
v -0.200588 0.138583 1.323174
v -0.223784 0.096794 1.323174
v -0.238354 0.051271 1.323174
v -0.204797 -0.132287 1.323174
v -0.175065 -0.169708 1.323174
v -0.138584 -0.200588 1.323174
v -0.096795 -0.223784 1.323174
v -0.051275 -0.238354 1.323174
v -0.214859 -0.208301 1.994757
v -0.225140 -0.218304 1.950687
v -0.178268 -0.258037 1.950705
v -0.170097 -0.246205 1.994763
v -0.190411 -0.275626 1.876284
v -0.133005 -0.307502 1.876287
v -0.124574 -0.291497 1.950705
v -0.070451 -0.327184 1.876287
v -0.066026 -0.310805 1.950705
v -0.118854 -0.277691 1.994763
v 0.208282 -0.214877 1.994757
v 0.246141 -0.170064 1.994676
v 0.115456 -0.295227 1.950705
v 0.170164 -0.263451 1.950705
v 0.110168 -0.281250 1.994763
v 0.162364 -0.251371 1.994763
v -0.005201 -0.334659 1.876287
v -0.004939 -0.317801 1.950705
v -0.063011 -0.297539 1.994763
v -0.263252 -0.170108 1.950555
v 0.060250 -0.329216 1.876287
v 0.056333 -0.312707 1.950705
v -0.004727 -0.304215 1.994763
v -0.251310 -0.162331 1.994673
v -0.240419 -0.233174 1.876260
v 0.053735 -0.299353 1.994763
v -0.004337 -0.279099 2.061360
v 0.049682 -0.274607 2.061360
v 0.101839 -0.257091 2.061360
v -0.237000 0.112721 2.060991
v -0.213773 0.129966 2.101461
v 0.218373 0.122267 2.098671
v -0.257242 -0.101739 2.061090
v -0.232388 -0.150035 2.061360
v -0.198591 -0.192482 2.061375
v -0.109779 -0.253803 2.061360
v -0.058191 -0.272931 2.061360
v 0.150033 -0.232271 2.061363
v 0.192520 -0.198559 2.061375
v 0.227625 -0.157190 2.061366
v 0.253920 -0.109699 2.061090
v -0.157178 -0.227497 2.061363
v 0.270313 -0.058007 2.060361
v -0.272101 -0.049470 2.060484
v 0.332279 0.073284 1.828641
v -0.255649 0.093868 2.017533
v -0.313265 0.032492 1.945722
v 0.311274 0.041849 1.941648
v 0.287531 0.055065 1.941510
v 0.315406 0.021556 1.943592
v -0.333815 -0.056360 1.810218
v 0.335146 -0.067949 1.766742
v -0.337144 -0.057475 1.766757
v -0.344379 0.011597 1.765977
v -0.336060 0.074857 1.763145
v 0.043221 -0.236471 1.264890
v -0.130448 0.201949 1.265184
v -0.088548 0.223531 1.265184
v -0.043233 0.236497 1.265184
v 0.003735 0.240403 1.265184
v 0.051395 0.235357 1.266051
v 0.100630 0.222761 1.264878
vt 0.598353 -0.032060
vt 0.527510 -0.031894
vt 0.526838 -0.037615
vt 0.597227 -0.037780
vt 0.453846 -0.031721
vt 0.453809 -0.037444
vt 0.453785 -0.041042
vt 0.526611 -0.041212
vt 0.599436 -0.041383
vt 0.317292 0.079477
vt 0.259104 0.079614
vt 0.255984 0.072377
vt 0.318076 0.072197
vt 0.200916 0.079750
vt 0.196435 0.072687
vt 0.191953 0.065624
vt 0.252386 0.063979
vt 0.315816 0.063693
vt 0.198384 0.079756
vt 0.256572 0.079620
vt 0.253452 0.072383
vt 0.193902 0.072693
vt 0.314760 0.079483
vt 0.315544 0.072203
vt 0.313284 0.063699
vt 0.249854 0.063985
vt 0.189421 0.065630
vt 0.383398 0.079323
vt 0.382510 0.072046
vt 0.452036 0.079162
vt 0.451988 0.071883
vt 0.451933 0.063374
vt 0.381255 0.063540
vt 0.520673 0.079001
vt 0.521467 0.071720
vt 0.589311 0.078840
vt 0.588432 0.071564
vt 0.590582 0.063049
vt 0.522611 0.063209
vt 0.647499 0.078704
vt 0.650525 0.071452
vt 0.705687 0.078567
vt 0.710077 0.071484
vt 0.714466 0.064400
vt 0.654013 0.063038
vt 0.200916 0.079750
vt 0.259104 0.079614
vt 0.255984 0.072377
vt 0.196434 0.072687
vt 0.317292 0.079477
vt 0.318076 0.072197
vt 0.315816 0.063693
vt 0.252386 0.063979
vt 0.191953 0.065624
vt 0.385930 0.079317
vt 0.385041 0.072040
vt 0.454568 0.079156
vt 0.454520 0.071877
vt 0.454465 0.063368
vt 0.383787 0.063534
vt 0.523205 0.078995
vt 0.523999 0.071715
vt 0.591843 0.078834
vt 0.590964 0.071558
vt 0.593114 0.063043
vt 0.525143 0.063203
vt 0.650031 0.078698
vt 0.653057 0.071446
vt 0.708219 0.078561
vt 0.712609 0.071478
vt 0.716998 0.064394
vt 0.656545 0.063032
vt 0.705687 0.078567
vt 0.647499 0.078704
vt 0.650525 0.071452
vt 0.710077 0.071484
vt 0.589311 0.078840
vt 0.588432 0.071564
vt 0.590582 0.063049
vt 0.654014 0.063038
vt 0.714466 0.064400
vt 0.520673 0.079001
vt 0.521467 0.071720
vt 0.452036 0.079162
vt 0.451988 0.071883
vt 0.451933 0.063374
vt 0.522611 0.063209
vt 0.383398 0.079323
vt 0.382510 0.072046
vt 0.314760 0.079483
vt 0.315544 0.072203
vt 0.313284 0.063699
vt 0.381255 0.063540
vt 0.256572 0.079620
vt 0.253452 0.072383
vt 0.198384 0.079756
vt 0.193902 0.072693
vt 0.189421 0.065630
vt 0.249854 0.063985
vt 0.708219 0.078561
vt 0.650031 0.078698
vt 0.653057 0.071446
vt 0.712609 0.071478
vt 0.591843 0.078834
vt 0.590964 0.071558
vt 0.593114 0.063043
vt 0.656545 0.063032
vt 0.716998 0.064394
vt 0.485141 1.041224
vt 0.472986 1.041253
vt 0.474665 1.019233
vt 0.488133 1.019201
vt 0.460831 1.041281
vt 0.460687 1.019265
vt 0.460578 1.002535
vt 0.475851 1.002499
vt 0.490538 1.002465
vt 0.276269 0.455115
vt 0.268059 0.455134
vt 0.271769 0.433034
vt 0.279615 0.433951
vt 0.256398 0.455161
vt 0.263884 0.432112
vt 0.271369 0.409062
vt 0.282186 0.411725
vt 0.289757 0.413582
vt 0.637756 0.454267
vt 0.634134 0.433120
vt 0.641968 0.432166
vt 0.645966 0.454248
vt 0.623728 0.412799
vt 0.631274 0.410907
vt 0.642055 0.408193
vt 0.649841 0.431207
vt 0.657626 0.454221
vt 0.488262 0.499461
vt 0.472795 0.501345
vt 0.469191 0.490693
vt 0.480717 0.488652
vt 0.457328 0.503228
vt 0.457252 0.491510
vt 0.457186 0.481383
vt 0.465692 0.480347
vt 0.474197 0.479311
vt 0.426347 0.499606
vt 0.413190 0.494376
vt 0.423196 0.485315
vt 0.433750 0.488762
vt 0.400034 0.489146
vt 0.413790 0.480828
vt 0.425679 0.473638
vt 0.432914 0.476515
vt 0.440149 0.479391
vt 0.391214 0.481293
vt 0.406237 0.475220
vt 0.382395 0.473441
vt 0.400410 0.468914
vt 0.415979 0.465002
vt 0.420829 0.469320
vt 0.379256 0.464161
vt 0.397009 0.461998
vt 0.376116 0.454880
vt 0.395647 0.454835
vt 0.412526 0.454795
vt 0.414253 0.459898
vt 0.379135 0.445586
vt 0.396916 0.447665
vt 0.382153 0.436291
vt 0.400226 0.440734
vt 0.415846 0.444573
vt 0.414186 0.449684
vt 0.390870 0.428398
vt 0.405971 0.434401
vt 0.399587 0.420504
vt 0.413451 0.428757
vt 0.425433 0.435891
vt 0.420639 0.440232
vt 0.412675 0.415212
vt 0.422798 0.424226
vt 0.425763 0.409920
vt 0.433307 0.420729
vt 0.439828 0.430071
vt 0.432630 0.432981
vt 0.441230 0.408037
vt 0.444833 0.418689
vt 0.456696 0.406153
vt 0.456773 0.417872
vt 0.456838 0.427999
vt 0.448333 0.429035
vt 0.472187 0.407964
vt 0.468722 0.418633
vt 0.487678 0.409775
vt 0.480274 0.420619
vt 0.473876 0.429991
vt 0.465357 0.428995
vt 0.500834 0.415006
vt 0.490829 0.424066
vt 0.513991 0.420236
vt 0.500235 0.428554
vt 0.488346 0.435743
vt 0.481111 0.432867
vt 0.522810 0.428088
vt 0.507787 0.434162
vt 0.531629 0.435941
vt 0.513615 0.440468
vt 0.498045 0.444380
vt 0.493196 0.440062
vt 0.534769 0.445221
vt 0.517016 0.447383
vt 0.537908 0.454501
vt 0.518378 0.454547
vt 0.501498 0.454587
vt 0.499772 0.449483
vt 0.534890 0.463796
vt 0.517109 0.461717
vt 0.531871 0.473090
vt 0.513798 0.468648
vt 0.498178 0.464809
vt 0.499838 0.459698
vt 0.523154 0.480984
vt 0.508053 0.474981
vt 0.514438 0.488878
vt 0.500574 0.480624
vt 0.488592 0.473491
vt 0.493385 0.469150
vt 0.501350 0.494170
vt 0.491227 0.485156
vt 0.481394 0.476401
vt 0.474095 0.479165
vt 0.465640 0.480195
vt 0.469249 0.491437
vt 0.481117 0.489645
vt 0.457185 0.481225
vt 0.457256 0.492111
vt 0.457315 0.501160
vt 0.470546 0.500746
vt 0.486144 0.501532
vt 0.507313 0.955025
vt 0.527254 0.954979
vt 0.539756 0.942046
vt 0.510555 0.946746
vt 0.547195 0.954932
vt 0.561290 0.935678
vt 0.576824 0.920786
vt 0.541320 0.933098
vt 0.512565 0.939924
vt 0.504782 0.955031
vt 0.481260 0.955086
vt 0.487038 0.927985
vt 0.515132 0.926531
vt 0.457738 0.955141
vt 0.457545 0.927985
vt 0.457395 0.898051
vt 0.490970 0.901527
vt 0.519947 0.905017
vt 0.434216 0.955196
vt 0.427951 0.928086
vt 0.410694 0.955251
vt 0.399450 0.928184
vt 0.388400 0.898499
vt 0.422246 0.898293
vt 0.390754 0.955298
vt 0.372944 0.928315
vt 0.370813 0.955345
vt 0.347290 0.928706
vt 0.323767 0.902066
vt 0.356602 0.898889
vt 0.547195 0.954932
vt 0.527254 0.954979
vt 0.544687 0.927888
vt 0.570370 0.928183
vt 0.507313 0.955025
vt 0.518166 0.927879
vt 0.528840 0.898172
vt 0.560639 0.898382
vt 0.593546 0.901434
vt 0.483792 0.955080
vt 0.489671 0.927945
vt 0.460270 0.955135
vt 0.460093 0.928015
vt 0.459900 0.898334
vt 0.495043 0.898251
vt 0.453064 0.834858
vt 0.449774 0.814970
vt 0.411465 0.815713
vt 0.413983 0.835390
vt 0.406541 0.783276
vt 0.362276 0.783753
vt 0.368854 0.816462
vt 0.289132 0.815833
vt 0.277235 0.786212
vt 0.319229 0.784236
vt 0.328225 0.816660
vt 0.372980 0.835980
vt 0.472814 0.802049
vt 0.468867 0.792705
vt 0.466480 0.783823
vt 0.443602 0.783243
vt 0.447199 0.802541
vt 0.456363 0.354971
vt 0.456309 0.346715
vt 0.421296 0.349112
vt 0.424587 0.358841
vt 0.456225 0.333794
vt 0.417701 0.338485
vt 0.379176 0.343177
vt 0.387495 0.355096
vt 0.392811 0.362711
vt 0.554740 0.754496
vt 0.507788 0.754606
vt 0.507917 0.735527
vt 0.555116 0.735414
vt 0.458965 0.754721
vt 0.458838 0.735645
vt 0.458669 0.712802
vt 0.507786 0.712666
vt 0.555023 0.712534
vt 0.459189 0.788985
vt 0.508348 0.787477
vt 0.508029 0.751167
vt 0.458948 0.751449
vt 0.553616 0.782693
vt 0.556331 0.750414
vt 0.555902 0.717437
vt 0.508000 0.717542
vt 0.458725 0.717645
vt 0.458338 0.658412
vt 0.506274 0.658303
vt 0.504947 0.632667
vt 0.458171 0.632776
vt 0.552328 0.658206
vt 0.550024 0.632562
vt 0.549377 0.608361
vt 0.503695 0.608468
vt 0.458014 0.608575
vt 0.593502 0.535943
vt 0.564770 0.550809
vt 0.559031 0.545550
vt 0.586675 0.531868
vt 0.534632 0.565895
vt 0.527841 0.556188
vt 0.524177 0.550916
vt 0.552382 0.539572
vt 0.580587 0.528228
vt 0.372973 0.835983
vt 0.368857 0.816473
vt 0.411435 0.815705
vt 0.413912 0.835349
vt 0.406584 0.783299
vt 0.443588 0.783278
vt 0.447072 0.802354
vt 0.449488 0.814677
vt 0.362281 0.783763
vt 0.361876 0.754838
vt 0.411164 0.754765
vt 0.452620 0.834480
vt 0.488189 0.358692
vt 0.491353 0.348947
vt 0.520014 0.362413
vt 0.525230 0.354773
vt 0.533394 0.342816
vt 0.494810 0.338305
vt 0.303713 0.493212
vt 0.297263 0.474146
vt 0.281047 0.476121
vt 0.291020 0.496401
vt 0.290813 0.455080
vt 0.277052 0.455113
vt 0.255517 0.455163
vt 0.263336 0.478278
vt 0.271156 0.501392
vt 0.457846 0.582749
vt 0.418840 0.583026
vt 0.418767 0.576860
vt 0.457807 0.576770
vt 0.379533 0.585165
vt 0.381016 0.576941
vt 0.379150 0.568734
vt 0.418653 0.570707
vt 0.457768 0.570804
vt 0.346394 0.585203
vt 0.346280 0.577008
vt 0.313255 0.585242
vt 0.312884 0.577069
vt 0.312513 0.568896
vt 0.345832 0.568815
vt 0.310682 0.585248
vt 0.343832 0.585170
vt 0.343733 0.577001
vt 0.310331 0.577075
vt 0.376982 0.585092
vt 0.378481 0.576959
vt 0.376618 0.568745
vt 0.343300 0.568824
vt 0.309981 0.568902
vt 0.533665 0.584659
vt 0.566839 0.584623
vt 0.566826 0.576467
vt 0.532081 0.576576
vt 0.600014 0.584587
vt 0.600238 0.576404
vt 0.600462 0.568221
vt 0.567143 0.568299
vt 0.533825 0.568377
vt 0.313277 0.585259
vt 0.346437 0.585181
vt 0.346300 0.576999
vt 0.312895 0.577077
vt 0.379597 0.585103
vt 0.381040 0.576922
vt 0.379150 0.568739
vt 0.345832 0.568817
vt 0.312513 0.568896
vt 0.418859 0.583007
vt 0.418782 0.576847
vt 0.457851 0.582743
vt 0.457812 0.576766
vt 0.457770 0.570803
vt 0.418658 0.570705
vt 0.496855 0.582843
vt 0.496848 0.576678
vt 0.536188 0.584798
vt 0.534607 0.576589
vt 0.536357 0.568371
vt 0.496881 0.570526
vt 0.569389 0.584720
vt 0.569366 0.576507
vt 0.602590 0.584643
vt 0.602792 0.576429
vt 0.602994 0.568215
vt 0.569675 0.568293
vt 0.600058 0.584648
vt 0.566857 0.584726
vt 0.566834 0.576513
vt 0.600260 0.576435
vt 0.533656 0.584804
vt 0.532075 0.576595
vt 0.533825 0.568377
vt 0.567143 0.568299
vt 0.600462 0.568221
vt 0.494323 0.582849
vt 0.494316 0.576685
vt 0.455314 0.582755
vt 0.455275 0.576776
vt 0.455236 0.570811
vt 0.494349 0.570532
vt 0.416308 0.583032
vt 0.416234 0.576868
vt 0.377001 0.585171
vt 0.378475 0.576955
vt 0.376618 0.568745
vt 0.416121 0.570715
vt 0.343800 0.585249
vt 0.343716 0.577036
vt 0.310599 0.585327
vt 0.310290 0.577114
vt 0.309981 0.568902
vt 0.343300 0.568824
vt 0.602590 0.584643
vt 0.569389 0.584720
vt 0.569366 0.576507
vt 0.602792 0.576429
vt 0.536188 0.584798
vt 0.534607 0.576589
vt 0.536357 0.568371
vt 0.569675 0.568293
vt 0.602994 0.568215
vt 0.518119 0.555968
vt 0.488486 0.556037
vt 0.488369 0.550806
vt 0.517966 0.550589
vt 0.457672 0.556109
vt 0.457639 0.550914
vt 0.457605 0.545798
vt 0.488565 0.545579
vt 0.519321 0.543892
vt 0.378588 0.535976
vt 0.345122 0.536055
vt 0.345351 0.528366
vt 0.380291 0.528284
vt 0.311656 0.536133
vt 0.311751 0.528445
vt 0.311846 0.520757
vt 0.345246 0.520679
vt 0.378645 0.520601
vt 0.309124 0.536139
vt 0.342590 0.536061
vt 0.342819 0.528372
vt 0.309219 0.528451
vt 0.376056 0.535982
vt 0.377759 0.528290
vt 0.376113 0.520607
vt 0.342714 0.520685
vt 0.309314 0.520763
vt 0.415701 0.534023
vt 0.415714 0.528201
vt 0.454995 0.533761
vt 0.454958 0.528109
vt 0.454921 0.522453
vt 0.415686 0.522376
vt 0.494291 0.533839
vt 0.494202 0.528017
vt 0.533960 0.535612
vt 0.532157 0.527929
vt 0.533703 0.520237
vt 0.494155 0.522192
vt 0.567426 0.535534
vt 0.567098 0.527847
vt 0.600893 0.535455
vt 0.600697 0.527768
vt 0.600502 0.520081
vt 0.567103 0.520159
vt 0.311656 0.536133
vt 0.345122 0.536055
vt 0.345351 0.528366
vt 0.311751 0.528445
vt 0.378588 0.535976
vt 0.380291 0.528284
vt 0.378645 0.520601
vt 0.345246 0.520679
vt 0.311846 0.520757
vt 0.418233 0.534017
vt 0.418246 0.528195
vt 0.457527 0.533755
vt 0.457490 0.528103
vt 0.457453 0.522447
vt 0.418217 0.522370
vt 0.496823 0.533833
vt 0.496734 0.528011
vt 0.536492 0.535606
vt 0.534689 0.527923
vt 0.536235 0.520231
vt 0.496687 0.522186
vt 0.569958 0.535528
vt 0.569630 0.527841
vt 0.603424 0.535449
vt 0.603229 0.527762
vt 0.603034 0.520075
vt 0.569635 0.520153
vt 0.600893 0.535455
vt 0.567426 0.535534
vt 0.567098 0.527847
vt 0.600697 0.527768
vt 0.533960 0.535612
vt 0.532157 0.527929
vt 0.533703 0.520237
vt 0.567103 0.520159
vt 0.600502 0.520081
vt 0.494291 0.533839
vt 0.494202 0.528017
vt 0.454995 0.533761
vt 0.454958 0.528109
vt 0.454921 0.522453
vt 0.494155 0.522192
vt 0.415701 0.534023
vt 0.415714 0.528201
vt 0.376056 0.535982
vt 0.377759 0.528290
vt 0.376113 0.520607
vt 0.415686 0.522376
vt 0.342590 0.536061
vt 0.342819 0.528372
vt 0.309124 0.536139
vt 0.309219 0.528451
vt 0.309314 0.520763
vt 0.342714 0.520685
vt 0.603424 0.535449
vt 0.569958 0.535528
vt 0.569630 0.527841
vt 0.603229 0.527762
vt 0.536492 0.535606
vt 0.534689 0.527923
vt 0.536235 0.520231
vt 0.569634 0.520153
vt 0.603034 0.520075
vt 0.426859 0.556181
vt 0.426908 0.550950
vt 0.397226 0.556251
vt 0.397309 0.550872
vt 0.395866 0.544182
vt 0.426643 0.545724
vt 0.369607 0.556454
vt 0.369871 0.550934
vt 0.343638 0.558033
vt 0.343587 0.551168
vt 0.343536 0.544304
vt 0.369701 0.544243
vt 0.455141 0.556115
vt 0.485954 0.556043
vt 0.485837 0.550812
vt 0.455107 0.550920
vt 0.515587 0.555973
vt 0.515434 0.550595
vt 0.516789 0.543898
vt 0.486033 0.545585
vt 0.455073 0.545804
vt 0.543208 0.556047
vt 0.542872 0.550529
vt 0.569197 0.557504
vt 0.569158 0.550640
vt 0.569120 0.543776
vt 0.542955 0.543837
vt 0.343637 0.558033
vt 0.369607 0.556454
vt 0.369871 0.550934
vt 0.343587 0.551168
vt 0.397226 0.556251
vt 0.397309 0.550872
vt 0.395866 0.544182
vt 0.369701 0.544243
vt 0.343536 0.544304
vt 0.518119 0.555968
vt 0.545740 0.556041
vt 0.545404 0.550523
vt 0.517966 0.550589
vt 0.571729 0.557498
vt 0.571690 0.550634
vt 0.571652 0.543770
vt 0.545487 0.543831
vt 0.519321 0.543892
vt 0.569197 0.557504
vt 0.543207 0.556047
vt 0.542872 0.550529
vt 0.569158 0.550640
vt 0.515587 0.555973
vt 0.515434 0.550595
vt 0.516789 0.543898
vt 0.542955 0.543837
vt 0.569120 0.543776
vt 0.485954 0.556043
vt 0.485837 0.550812
vt 0.455141 0.556115
vt 0.455107 0.550920
vt 0.455073 0.545804
vt 0.486033 0.545585
vt 0.424327 0.556187
vt 0.424376 0.550956
vt 0.394694 0.556257
vt 0.394777 0.550878
vt 0.393334 0.544188
vt 0.424112 0.545730
vt 0.367075 0.556459
vt 0.367339 0.550940
vt 0.341105 0.558038
vt 0.341055 0.551174
vt 0.341004 0.544310
vt 0.367169 0.544249
vt 0.571729 0.557498
vt 0.545739 0.556041
vt 0.545404 0.550523
vt 0.571690 0.550634
vt 0.545487 0.543831
vt 0.571652 0.543770
vt 0.496823 0.533833
vt 0.496734 0.528011
vt 0.457527 0.533755
vt 0.457490 0.528103
vt 0.457453 0.522447
vt 0.496687 0.522186
vt 0.391050 0.551291
vt 0.424362 0.555215
vt 0.421989 0.562526
vt 0.387488 0.556541
vt 0.457673 0.559139
vt 0.457718 0.564805
vt 0.457797 0.575252
vt 0.419320 0.570754
vt 0.380843 0.566255
vt 0.599301 0.511243
vt 0.609275 0.515188
vt 0.618016 0.494258
vt 0.626762 0.496400
vt 0.642952 0.500393
vt 0.618057 0.518592
vt 0.457748 0.564683
vt 0.457706 0.560459
vt 0.423177 0.558639
vt 0.421834 0.562853
vt 0.388674 0.554784
vt 0.386298 0.558277
vt 0.555389 0.542279
vt 0.582143 0.529188
vt 0.525077 0.552205
vt 0.527810 0.556122
vt 0.559430 0.545895
vt 0.587136 0.532179
vt 0.334427 0.528819
vt 0.315453 0.511924
vt 0.310689 0.513913
vt 0.330035 0.531475
vt 0.296479 0.495029
vt 0.294433 0.495544
vt 0.287947 0.497173
vt 0.304763 0.516298
vt 0.325643 0.534130
vt 0.626643 0.496393
vt 0.636921 0.475728
vt 0.629822 0.474895
vt 0.620117 0.494783
vt 0.640307 0.454263
vt 0.633272 0.454278
vt 0.631054 0.454283
vt 0.624535 0.474271
vt 0.295959 0.415106
vt 0.314712 0.398123
vt 0.310241 0.396345
vt 0.293906 0.414601
vt 0.333466 0.381140
vt 0.331891 0.380202
vt 0.326899 0.377231
vt 0.304223 0.393953
vt 0.287399 0.413002
vt 0.282971 0.455099
vt 0.280753 0.455104
vt 0.284469 0.475704
vt 0.289725 0.475064
vt 0.273721 0.455120
vt 0.277394 0.476566
vt 0.609819 0.515454
vt 0.603791 0.513047
vt 0.457837 0.580540
vt 0.416904 0.578210
vt 0.412079 0.593050
vt 0.457932 0.595836
vt 0.377505 0.571148
vt 0.367947 0.585205
vt 0.354080 0.605454
vt 0.406076 0.611533
vt 0.458073 0.617612
vt 0.351206 0.495288
vt 0.306246 0.495394
vt 0.305119 0.487419
vt 0.352704 0.487267
vt 0.261286 0.495499
vt 0.259385 0.487516
vt 0.257484 0.479532
vt 0.304240 0.479519
vt 0.352309 0.479415
vt 0.258754 0.495505
vt 0.303714 0.495400
vt 0.302587 0.487425
vt 0.256853 0.487521
vt 0.348674 0.495294
vt 0.350172 0.487273
vt 0.349777 0.479421
vt 0.301708 0.479525
vt 0.254952 0.479538
vt 0.401764 0.493290
vt 0.401469 0.486982
vt 0.454730 0.492995
vt 0.454689 0.486815
vt 0.454640 0.479175
vt 0.401185 0.479300
vt 0.261286 0.495499
vt 0.306246 0.495394
vt 0.305119 0.487419
vt 0.259385 0.487516
vt 0.351206 0.495288
vt 0.352704 0.487267
vt 0.352309 0.479415
vt 0.304240 0.479519
vt 0.257484 0.479532
vt 0.457261 0.492989
vt 0.510230 0.493036
vt 0.510442 0.486727
vt 0.457221 0.486809
vt 0.563343 0.494791
vt 0.561741 0.486777
vt 0.562034 0.478924
vt 0.510627 0.479044
vt 0.457172 0.479169
vt 0.608304 0.494686
vt 0.609327 0.486706
vt 0.653264 0.494580
vt 0.655061 0.486588
vt 0.656858 0.478596
vt 0.610103 0.478802
vt 0.650732 0.494586
vt 0.605772 0.494692
vt 0.606795 0.486712
vt 0.652529 0.486594
vt 0.560811 0.494797
vt 0.559209 0.486783
vt 0.559502 0.478929
vt 0.607571 0.478808
vt 0.654326 0.478602
vt 0.507698 0.493042
vt 0.507910 0.486733
vt 0.454730 0.492995
vt 0.454689 0.486815
vt 0.454640 0.479175
vt 0.508095 0.479050
vt 0.401764 0.493290
vt 0.401469 0.486982
vt 0.348674 0.495294
vt 0.350172 0.487273
vt 0.349777 0.479421
vt 0.401184 0.479301
vt 0.303714 0.495400
vt 0.302587 0.487425
vt 0.258754 0.495505
vt 0.256853 0.487521
vt 0.254952 0.479538
vt 0.301708 0.479525
vt 0.653264 0.494580
vt 0.608304 0.494686
vt 0.609327 0.486706
vt 0.655061 0.486588
vt 0.563343 0.494791
vt 0.561741 0.486777
vt 0.562034 0.478924
vt 0.610103 0.478802
vt 0.656858 0.478596
vt 0.420006 0.568649
vt 0.457784 0.570758
vt 0.383606 0.562231
vt 0.355971 0.546204
vt 0.350182 0.551442
vt 0.320604 0.537174
vt 0.309282 0.544025
vt 0.341175 0.559595
vt 0.296570 0.519568
vt 0.278602 0.499522
vt 0.263551 0.503303
vt 0.283086 0.525010
vt 0.267465 0.477775
vt 0.263589 0.455144
vt 0.247272 0.455182
vt 0.251475 0.479722
vt 0.277115 0.433659
vt 0.267171 0.432496
vt 0.278024 0.410698
vt 0.262924 0.406986
vt 0.251155 0.430624
vt 0.295777 0.390596
vt 0.319707 0.372949
vt 0.308124 0.366053
vt 0.282176 0.385189
vt 0.354592 0.363495
vt 0.348931 0.358454
vt 0.386208 0.353252
vt 0.382295 0.347645
vt 0.375991 0.338614
vt 0.339813 0.350335
vt 0.420554 0.346920
vt 0.418539 0.340963
vt 0.456296 0.344716
vt 0.456257 0.338637
vt 0.456193 0.328847
vt 0.415293 0.331369
vt 0.492204 0.346551
vt 0.494029 0.340749
vt 0.527714 0.351135
vt 0.530418 0.347165
vt 0.536520 0.338238
vt 0.497124 0.331177
vt 0.558048 0.363193
vt 0.563840 0.357948
vt 0.588381 0.375251
vt 0.593420 0.372210
vt 0.604742 0.365358
vt 0.572849 0.349789
vt 0.609262 0.393084
vt 0.617455 0.389814
vt 0.626078 0.412209
vt 0.635423 0.409860
vt 0.650474 0.406078
vt 0.630939 0.384371
vt 0.636631 0.432816
vt 0.646560 0.431607
vt 0.650439 0.454239
vt 0.666754 0.454200
vt 0.662550 0.429660
vt 0.646864 0.476890
vt 0.636016 0.498695
vt 0.651106 0.502399
vt 0.662873 0.478760
vt 0.618261 0.518806
vt 0.594325 0.536455
vt 0.605903 0.543337
vt 0.631854 0.524200
vt 0.565094 0.550939
vt 0.531730 0.561737
vt 0.538034 0.570768
vt 0.574212 0.559051
vt 0.493478 0.562462
vt 0.495495 0.568423
vt 0.498735 0.578015
vt 0.226414 0.427731
vt 0.221771 0.455242
vt 0.239490 0.401251
vt 0.205740 0.392932
vt 0.195609 0.424129
vt 0.185477 0.455327
vt 0.327926 0.571664
vt 0.292550 0.554142
vt 0.277202 0.563423
vt 0.315450 0.583208
vt 0.687611 0.481651
vt 0.692254 0.454140
vt 0.674535 0.508131
vt 0.708284 0.516450
vt 0.718416 0.485252
vt 0.728547 0.454055
vt 0.651967 0.532144
vt 0.622765 0.553369
vt 0.638233 0.562577
vt 0.671208 0.539628
vt 0.503746 0.592835
vt 0.547774 0.584783
vt 0.509988 0.611290
vt 0.561904 0.604967
vt 0.263072 0.533054
vt 0.240192 0.509148
vt 0.206552 0.517626
vt 0.243929 0.540629
vt 0.687252 0.426651
vt 0.673832 0.400234
vt 0.718010 0.422905
vt 0.707472 0.391756
vt 0.586099 0.337718
vt 0.546078 0.324177
vt 0.621475 0.355240
vt 0.636823 0.345959
vt 0.598574 0.326173
vt 0.559944 0.303928
vt 0.226772 0.482731
vt 0.196015 0.486477
vt 0.326407 0.338327
vt 0.291260 0.356013
vt 0.366250 0.324599
vt 0.352120 0.304415
vt 0.313781 0.326841
vt 0.275792 0.346805
vt 0.262058 0.377239
vt 0.242816 0.369754
vt 0.510230 0.493036
vt 0.510442 0.486727
vt 0.457261 0.492989
vt 0.457221 0.486809
vt 0.457172 0.479169
vt 0.510627 0.479044
vt 0.274295 0.345913
vt 0.312562 0.325734
vt 0.326427 0.338339
vt 0.291298 0.356036
vt 0.350833 0.302570
vt 0.366226 0.324557
vt 0.376976 0.340026
vt 0.341238 0.351604
vt 0.309935 0.367131
vt 0.602945 0.366444
vt 0.621437 0.355262
vt 0.650932 0.376340
vt 0.628824 0.385226
vt 0.638308 0.345060
vt 0.671941 0.368021
vt 0.710546 0.390983
vt 0.673901 0.400219
vt 0.648121 0.406669
vt 0.535553 0.339654
vt 0.496637 0.332679
vt 0.501963 0.316277
vt 0.546101 0.324136
vt 0.456203 0.330377
vt 0.456093 0.313488
vt 0.455939 0.289770
vt 0.508573 0.295924
vt 0.561208 0.302077
vt 0.265903 0.502712
vt 0.240123 0.509162
vt 0.226681 0.482742
vt 0.253974 0.479418
vt 0.203478 0.518398
vt 0.192811 0.486867
vt 0.182144 0.455335
vt 0.221675 0.455242
vt 0.249822 0.455176
vt 0.403386 0.296170
vt 0.410261 0.316492
vt 0.415800 0.332868
vt 0.352817 0.607304
vt 0.367923 0.585246
vt 0.412061 0.593104
vt 0.405451 0.613458
vt 0.378472 0.569728
vt 0.417388 0.576703
vt 0.457821 0.579005
vt 0.457931 0.595893
vt 0.458086 0.619612
vt 0.510620 0.471489
vt 0.562196 0.471201
vt 0.457123 0.471656
vt 0.457084 0.465726
vt 0.510550 0.465434
vt 0.564280 0.463469
vt 0.398930 0.425821
vt 0.372428 0.426058
vt 0.373477 0.417967
vt 0.399617 0.417675
vt 0.347002 0.428043
vt 0.348524 0.419180
vt 0.350046 0.410317
vt 0.374051 0.402031
vt 0.399937 0.401222
vt 0.344470 0.428049
vt 0.369896 0.426064
vt 0.370945 0.417973
vt 0.345992 0.419186
vt 0.396399 0.425827
vt 0.397085 0.417681
vt 0.397405 0.401228
vt 0.371519 0.402037
vt 0.347514 0.410322
vt 0.424780 0.425760
vt 0.425104 0.417616
vt 0.454292 0.425691
vt 0.454239 0.417547
vt 0.454131 0.401095
vt 0.425214 0.401163
vt 0.483803 0.425622
vt 0.483373 0.417479
vt 0.512184 0.425555
vt 0.511392 0.417414
vt 0.510858 0.400962
vt 0.483048 0.401027
vt 0.538689 0.425668
vt 0.537535 0.417583
vt 0.564141 0.427535
vt 0.562503 0.418679
vt 0.560865 0.409823
vt 0.536754 0.401649
vt 0.347002 0.428043
vt 0.372428 0.426058
vt 0.373477 0.417967
vt 0.348524 0.419180
vt 0.398930 0.425821
vt 0.399617 0.417675
vt 0.399937 0.401222
vt 0.374051 0.402031
vt 0.350046 0.410317
vt 0.427312 0.425754
vt 0.427636 0.417610
vt 0.456823 0.425685
vt 0.456770 0.417542
vt 0.456663 0.401089
vt 0.427746 0.401157
vt 0.486335 0.425616
vt 0.485905 0.417473
vt 0.514716 0.425549
vt 0.513924 0.417408
vt 0.513390 0.400956
vt 0.485580 0.401021
vt 0.541221 0.425662
vt 0.540067 0.417577
vt 0.566673 0.427529
vt 0.565035 0.418673
vt 0.563397 0.409817
vt 0.539286 0.401643
vt 0.564141 0.427535
vt 0.538689 0.425668
vt 0.537535 0.417583
vt 0.562503 0.418679
vt 0.512184 0.425555
vt 0.511392 0.417414
vt 0.510858 0.400962
vt 0.536754 0.401649
vt 0.560865 0.409823
vt 0.483803 0.425622
vt 0.483373 0.417479
vt 0.454292 0.425691
vt 0.454239 0.417547
vt 0.454131 0.401095
vt 0.483048 0.401027
vt 0.396399 0.425827
vt 0.369896 0.426064
vt 0.370945 0.417973
vt 0.397085 0.417681
vt 0.344470 0.428049
vt 0.345992 0.419186
vt 0.347514 0.410322
vt 0.371519 0.402037
vt 0.397405 0.401228
vt 0.566673 0.427529
vt 0.541221 0.425662
vt 0.540067 0.417577
vt 0.565035 0.418673
vt 0.514716 0.425549
vt 0.513924 0.417408
vt 0.513390 0.400956
vt 0.539286 0.401643
vt 0.563397 0.409817
vt 0.403716 0.479295
vt 0.403625 0.471740
vt 0.352046 0.471693
vt 0.349862 0.463971
vt 0.403616 0.465684
vt 0.304206 0.471761
vt 0.258229 0.471858
vt 0.258974 0.464184
vt 0.304418 0.464078
vt 0.301674 0.471767
vt 0.255697 0.471864
vt 0.349514 0.471699
vt 0.347330 0.463977
vt 0.301886 0.464084
vt 0.256442 0.464190
vt 0.401093 0.471745
vt 0.454591 0.471662
vt 0.454552 0.465732
vt 0.401084 0.465690
vt 0.508095 0.479050
vt 0.508088 0.471495
vt 0.559502 0.478929
vt 0.559664 0.471207
vt 0.561748 0.463475
vt 0.508018 0.465440
vt 0.607571 0.478808
vt 0.607504 0.471051
vt 0.654326 0.478602
vt 0.653481 0.470932
vt 0.652636 0.463262
vt 0.607192 0.463368
vt 0.304206 0.471761
vt 0.258229 0.471858
vt 0.352046 0.471693
vt 0.349862 0.463971
vt 0.304418 0.464078
vt 0.258974 0.464184
vt 0.510620 0.471489
vt 0.457123 0.471656
vt 0.562196 0.471201
vt 0.564280 0.463469
vt 0.510550 0.465434
vt 0.457084 0.465726
vt 0.610036 0.471045
vt 0.656013 0.470926
vt 0.655168 0.463256
vt 0.609724 0.463362
vt 0.607504 0.471051
vt 0.653481 0.470932
vt 0.559664 0.471207
vt 0.561748 0.463475
vt 0.607192 0.463368
vt 0.652636 0.463262
vt 0.508088 0.471495
vt 0.454591 0.471662
vt 0.454552 0.465732
vt 0.508018 0.465440
vt 0.401093 0.471745
vt 0.349514 0.471699
vt 0.347330 0.463977
vt 0.401084 0.465690
vt 0.301674 0.471767
vt 0.255697 0.471864
vt 0.256442 0.464190
vt 0.301886 0.464084
vt 0.610036 0.471045
vt 0.656013 0.470926
vt 0.609724 0.463362
vt 0.655168 0.463256
vt 0.526158 0.448552
vt 0.491565 0.448633
vt 0.489345 0.440953
vt 0.520599 0.440880
vt 0.456973 0.448714
vt 0.456923 0.441029
vt 0.456882 0.434682
vt 0.487704 0.434610
vt 0.517345 0.434541
vt 0.420848 0.566048
vt 0.457751 0.568266
vt 0.385256 0.559790
vt 0.388480 0.555068
vt 0.423099 0.559116
vt 0.457718 0.563163
vt 0.342584 0.558317
vt 0.352576 0.549268
vt 0.311079 0.542938
vt 0.323686 0.535314
vt 0.329676 0.531692
vt 0.359078 0.543380
vt 0.285201 0.524155
vt 0.300204 0.518089
vt 0.282412 0.498564
vt 0.290257 0.496593
vt 0.309966 0.514143
vt 0.271705 0.477259
vt 0.267721 0.455134
vt 0.276225 0.455115
vt 0.283241 0.475854
vt 0.253659 0.430916
vt 0.271417 0.432992
vt 0.265284 0.407567
vt 0.281847 0.411637
vt 0.289716 0.413572
vt 0.282971 0.434343
vt 0.284302 0.386034
vt 0.299384 0.392029
vt 0.322640 0.374695
vt 0.328677 0.378289
vt 0.309197 0.395930
vt 0.351348 0.360606
vt 0.383890 0.349931
vt 0.387176 0.354638
vt 0.357926 0.366463
vt 0.419399 0.343506
vt 0.456273 0.341116
vt 0.456306 0.346218
vt 0.421741 0.350428
vt 0.493176 0.343334
vt 0.528768 0.349591
vt 0.525544 0.354313
vt 0.490925 0.350266
vt 0.571441 0.351065
vt 0.561448 0.360114
vt 0.590339 0.374068
vt 0.584349 0.377690
vt 0.554947 0.366002
vt 0.613820 0.391293
vt 0.631612 0.410818
vt 0.623768 0.412789
vt 0.604059 0.395239
vt 0.660050 0.429964
vt 0.642320 0.432123
vt 0.664202 0.454205
vt 0.646304 0.454247
vt 0.637800 0.454267
vt 0.630784 0.433528
vt 0.660366 0.478466
vt 0.642608 0.476389
vt 0.648740 0.501815
vt 0.632178 0.497744
vt 0.624308 0.495810
vt 0.631054 0.475039
vt 0.629723 0.523348
vt 0.614641 0.517352
vt 0.604090 0.542251
vt 0.591384 0.534687
vt 0.585347 0.531093
vt 0.604828 0.513452
vt 0.572786 0.557778
vt 0.562676 0.548776
vt 0.537048 0.569356
vt 0.530134 0.559451
vt 0.526849 0.554744
vt 0.556098 0.542919
vt 0.486335 0.425616
vt 0.485905 0.417473
vt 0.456823 0.425685
vt 0.456770 0.417542
vt 0.456663 0.401089
vt 0.485580 0.401021
vt 0.369222 0.257244
vt 0.332555 0.257330
vt 0.328889 0.248691
vt 0.368567 0.248640
vt 0.295888 0.257416
vt 0.290690 0.248568
vt 0.285491 0.239719
vt 0.325861 0.241494
vt 0.366692 0.241568
vt 0.293356 0.257422
vt 0.330023 0.257336
vt 0.326357 0.248696
vt 0.288158 0.248573
vt 0.366690 0.257250
vt 0.366035 0.248646
vt 0.364160 0.241574
vt 0.323329 0.241500
vt 0.282959 0.239725
vt 0.409942 0.257149
vt 0.408783 0.248546
vt 0.453194 0.257047
vt 0.453138 0.248442
vt 0.453092 0.241366
vt 0.407758 0.241472
vt 0.496445 0.256946
vt 0.497492 0.248338
vt 0.539697 0.256845
vt 0.540241 0.248238
vt 0.542023 0.241158
vt 0.498426 0.241260
vt 0.576364 0.256759
vt 0.579918 0.248102
vt 0.613031 0.256673
vt 0.618114 0.247800
vt 0.623198 0.238928
vt 0.582852 0.240892
vt 0.295888 0.257416
vt 0.332555 0.257330
vt 0.328889 0.248691
vt 0.290690 0.248568
vt 0.369222 0.257244
vt 0.368567 0.248640
vt 0.366692 0.241568
vt 0.325861 0.241494
vt 0.285491 0.239719
vt 0.455725 0.257042
vt 0.498977 0.256940
vt 0.500024 0.248332
vt 0.455670 0.248436
vt 0.542229 0.256839
vt 0.542773 0.248232
vt 0.544555 0.241152
vt 0.500958 0.241254
vt 0.455624 0.241360
vt 0.578896 0.256753
vt 0.582450 0.248096
vt 0.615563 0.256667
vt 0.620646 0.247794
vt 0.625730 0.238922
vt 0.585384 0.240886
vt 0.613031 0.256673
vt 0.576364 0.256759
vt 0.579918 0.248102
vt 0.618114 0.247800
vt 0.539697 0.256845
vt 0.540241 0.248238
vt 0.542023 0.241158
vt 0.582852 0.240892
vt 0.623198 0.238928
vt 0.496445 0.256946
vt 0.497492 0.248338
vt 0.453194 0.257047
vt 0.453138 0.248442
vt 0.453092 0.241366
vt 0.498426 0.241260
vt 0.409942 0.257149
vt 0.408783 0.248546
vt 0.366690 0.257250
vt 0.366035 0.248646
vt 0.364160 0.241574
vt 0.407758 0.241472
vt 0.330023 0.257336
vt 0.326357 0.248696
vt 0.293356 0.257422
vt 0.288158 0.248573
vt 0.282959 0.239725
vt 0.323329 0.241500
vt 0.615563 0.256667
vt 0.578896 0.256753
vt 0.582450 0.248096
vt 0.620646 0.247794
vt 0.542229 0.256839
vt 0.542773 0.248232
vt 0.544555 0.241152
vt 0.585384 0.240886
vt 0.625730 0.238922
vt 0.427312 0.425754
vt 0.427636 0.417610
vt 0.427746 0.401157
vt 0.387789 0.448876
vt 0.358463 0.448945
vt 0.364323 0.441209
vt 0.393247 0.441178
vt 0.329137 0.449013
vt 0.336741 0.441088
vt 0.344345 0.433162
vt 0.368920 0.434740
vt 0.396419 0.434824
vt 0.326605 0.449019
vt 0.355931 0.448951
vt 0.361791 0.441215
vt 0.334209 0.441094
vt 0.385257 0.448882
vt 0.390715 0.441184
vt 0.393887 0.434830
vt 0.366388 0.434746
vt 0.341813 0.433168
vt 0.419849 0.448801
vt 0.421970 0.441111
vt 0.454441 0.448720
vt 0.454391 0.441035
vt 0.454350 0.434688
vt 0.423528 0.434761
vt 0.489034 0.448639
vt 0.486813 0.440959
vt 0.523626 0.448558
vt 0.518067 0.440886
vt 0.514813 0.434547
vt 0.485172 0.434616
vt 0.552952 0.448489
vt 0.546991 0.440781
vt 0.582277 0.448420
vt 0.574571 0.440531
vt 0.566864 0.432641
vt 0.542310 0.434334
vt 0.329137 0.449013
vt 0.358463 0.448945
vt 0.364323 0.441209
vt 0.336741 0.441088
vt 0.387789 0.448876
vt 0.393247 0.441178
vt 0.396419 0.434824
vt 0.368920 0.434740
vt 0.344345 0.433162
vt 0.422381 0.448795
vt 0.424502 0.441105
vt 0.456973 0.448714
vt 0.456923 0.441029
vt 0.456882 0.434682
vt 0.426060 0.434755
vt 0.491565 0.448633
vt 0.489345 0.440953
vt 0.526158 0.448552
vt 0.520599 0.440880
vt 0.517345 0.434541
vt 0.487704 0.434610
vt 0.555484 0.448483
vt 0.549523 0.440775
vt 0.584809 0.448414
vt 0.577103 0.440525
vt 0.569396 0.432635
vt 0.544842 0.434328
vt 0.582277 0.448420
vt 0.552952 0.448489
vt 0.546991 0.440781
vt 0.574571 0.440531
vt 0.523626 0.448558
vt 0.518067 0.440886
vt 0.514813 0.434547
vt 0.542310 0.434334
vt 0.566864 0.432641
vt 0.489034 0.448639
vt 0.486813 0.440959
vt 0.454441 0.448720
vt 0.454391 0.441035
vt 0.454350 0.434688
vt 0.485172 0.434616
vt 0.419849 0.448801
vt 0.421970 0.441111
vt 0.385257 0.448882
vt 0.390715 0.441184
vt 0.393887 0.434830
vt 0.423528 0.434761
vt 0.355931 0.448951
vt 0.361791 0.441215
vt 0.326605 0.449019
vt 0.334209 0.441094
vt 0.341813 0.433168
vt 0.366388 0.434746
vt 0.584809 0.448414
vt 0.555483 0.448483
vt 0.549523 0.440775
vt 0.577103 0.440525
vt 0.544842 0.434328
vt 0.569396 0.432635
vt 0.532003 0.562128
vt 0.495626 0.568835
vt 0.497407 0.574098
vt 0.535461 0.567082
vt 0.457770 0.571169
vt 0.457805 0.576540
vt 0.457837 0.581434
vt 0.499029 0.578895
vt 0.538612 0.571597
vt 0.482986 0.373635
vt 0.453953 0.373703
vt 0.510907 0.373569
vt 0.511787 0.342711
vt 0.483336 0.342778
vt 0.453752 0.342847
vt 0.539462 0.373598
vt 0.564195 0.374022
vt 0.513439 0.373563
vt 0.514319 0.342705
vt 0.540771 0.342280
vt 0.564993 0.338226
vt 0.373509 0.373987
vt 0.399531 0.373830
vt 0.348782 0.374526
vt 0.347518 0.338736
vt 0.371793 0.342676
vt 0.398250 0.342977
vt 0.425214 0.401163
vt 0.424920 0.373771
vt 0.453953 0.373703
vt 0.396999 0.373836
vt 0.395718 0.342983
vt 0.424168 0.342917
vt 0.453752 0.342847
vt 0.539462 0.373598
vt 0.513439 0.373563
vt 0.564195 0.374022
vt 0.564994 0.338226
vt 0.540771 0.342280
vt 0.514319 0.342705
vt 0.482986 0.373635
vt 0.510907 0.373569
vt 0.483336 0.342778
vt 0.511787 0.342711
vt 0.427452 0.373765
vt 0.399531 0.373830
vt 0.456485 0.373697
vt 0.456284 0.342841
vt 0.426700 0.342911
vt 0.398250 0.342977
vt 0.373509 0.373987
vt 0.348782 0.374526
vt 0.371793 0.342676
vt 0.347518 0.338736
vt 0.427452 0.373765
vt 0.456485 0.373697
vt 0.426700 0.342911
vt 0.456284 0.342841
vt 0.485518 0.373629
vt 0.485868 0.342772
vt 0.424920 0.373771
vt 0.396999 0.373836
vt 0.424168 0.342917
vt 0.395718 0.342983
vt 0.485518 0.373629
vt 0.485868 0.342772
vt 0.425529 0.316852
vt 0.456114 0.316781
vt 0.396116 0.316921
vt 0.393649 0.296936
vt 0.424208 0.296864
vt 0.455984 0.296789
vt 0.368673 0.316817
vt 0.342476 0.316035
vt 0.337434 0.293335
vt 0.365087 0.296691
vt 0.344986 0.338742
vt 0.369261 0.342682
vt 0.366141 0.316823
vt 0.339944 0.316041
vt 0.393584 0.316927
vt 0.391117 0.296941
vt 0.362556 0.296697
vt 0.334902 0.293341
vt 0.422998 0.316858
vt 0.453583 0.316787
vt 0.453452 0.296795
vt 0.421676 0.296870
vt 0.484168 0.316715
vt 0.513581 0.316646
vt 0.515788 0.296649
vt 0.485229 0.296721
vt 0.538239 0.342286
vt 0.541022 0.316413
vt 0.562461 0.338232
vt 0.567208 0.315509
vt 0.571954 0.292785
vt 0.544345 0.296271
vt 0.368673 0.316817
vt 0.342476 0.316035
vt 0.396116 0.316921
vt 0.393649 0.296936
vt 0.365087 0.296691
vt 0.337434 0.293335
vt 0.425529 0.316852
vt 0.456114 0.316781
vt 0.455984 0.296789
vt 0.424208 0.296864
vt 0.486700 0.316709
vt 0.516113 0.316640
vt 0.518320 0.296643
vt 0.487761 0.296715
vt 0.543554 0.316407
vt 0.569740 0.315503
vt 0.574486 0.292779
vt 0.546877 0.296265
vt 0.562461 0.338232
vt 0.538239 0.342286
vt 0.541022 0.316413
vt 0.567208 0.315509
vt 0.513581 0.316646
vt 0.515788 0.296649
vt 0.544345 0.296271
vt 0.571954 0.292785
vt 0.484168 0.316715
vt 0.453583 0.316787
vt 0.453452 0.296795
vt 0.485229 0.296721
vt 0.422998 0.316858
vt 0.393584 0.316927
vt 0.391117 0.296941
vt 0.421676 0.296870
vt 0.369261 0.342682
vt 0.366141 0.316823
vt 0.344986 0.338742
vt 0.339944 0.316041
vt 0.334902 0.293341
vt 0.362556 0.296697
vt 0.543554 0.316407
vt 0.569740 0.315503
vt 0.516113 0.316640
vt 0.518320 0.296643
vt 0.546877 0.296265
vt 0.574486 0.292779
vt 0.486700 0.316709
vt 0.487761 0.296715
vt 0.488808 0.282265
vt 0.520559 0.281924
vt 0.455891 0.282409
vt 0.455831 0.273233
vt 0.489821 0.272886
vt 0.524129 0.269867
vt 0.498977 0.256940
vt 0.500024 0.248332
vt 0.455725 0.257042
vt 0.455670 0.248436
vt 0.455624 0.241360
vt 0.500957 0.241254
vt 0.365445 0.232862
vt 0.324160 0.233058
vt 0.324445 0.227874
vt 0.365617 0.227784
vt 0.284276 0.234239
vt 0.284962 0.227937
vt 0.285647 0.221635
vt 0.325164 0.222892
vt 0.366110 0.222919
vt 0.453035 0.232657
vt 0.498976 0.232549
vt 0.498838 0.227471
vt 0.453002 0.227579
vt 0.543157 0.232446
vt 0.542919 0.227368
vt 0.542361 0.222506
vt 0.498536 0.222609
vt 0.452967 0.222716
vt 0.584443 0.232448
vt 0.584090 0.227266
vt 0.624341 0.233442
vt 0.623573 0.227143
vt 0.622806 0.220845
vt 0.583307 0.222288
vt 0.284276 0.234239
vt 0.324160 0.233058
vt 0.324445 0.227874
vt 0.284962 0.227937
vt 0.365445 0.232862
vt 0.365617 0.227784
vt 0.366109 0.222919
vt 0.325161 0.222892
vt 0.285647 0.221635
vt 0.409626 0.232759
vt 0.409697 0.227680
vt 0.455567 0.232651
vt 0.455534 0.227573
vt 0.455502 0.222710
vt 0.409934 0.222817
vt 0.501508 0.232543
vt 0.501370 0.227465
vt 0.545689 0.232440
vt 0.545451 0.227362
vt 0.544895 0.222500
vt 0.501071 0.222603
vt 0.586975 0.232442
vt 0.586623 0.227260
vt 0.626873 0.233436
vt 0.626106 0.227137
vt 0.625338 0.220839
vt 0.585842 0.222282
vt 0.624341 0.233442
vt 0.584443 0.232448
vt 0.584091 0.227266
vt 0.623573 0.227143
vt 0.543157 0.232446
vt 0.542920 0.227368
vt 0.542367 0.222506
vt 0.583311 0.222288
vt 0.622806 0.220845
vt 0.498976 0.232549
vt 0.498838 0.227471
vt 0.453035 0.232657
vt 0.453002 0.227579
vt 0.452967 0.222716
vt 0.498540 0.222609
vt 0.407094 0.232765
vt 0.407165 0.227686
vt 0.362913 0.232868
vt 0.363084 0.227789
vt 0.363571 0.222925
vt 0.407396 0.222822
vt 0.321628 0.233064
vt 0.321912 0.227880
vt 0.281744 0.234245
vt 0.282430 0.227943
vt 0.283115 0.221641
vt 0.322625 0.222898
vt 0.626873 0.233436
vt 0.586975 0.232442
vt 0.586622 0.227260
vt 0.626105 0.227137
vt 0.545689 0.232440
vt 0.545451 0.227362
vt 0.544894 0.222500
vt 0.585839 0.222282
vt 0.625338 0.220839
vt 0.412474 0.257143
vt 0.411315 0.248540
vt 0.410290 0.241466
vt 0.419885 0.569012
vt 0.418173 0.574284
vt 0.383422 0.562477
vt 0.380029 0.567447
vt 0.376937 0.571976
vt 0.416613 0.579088
vt 0.349797 0.551785
vt 0.344853 0.556262
vt 0.320278 0.537375
vt 0.313973 0.541188
vt 0.308227 0.544662
vt 0.340348 0.560343
vt 0.296031 0.519777
vt 0.288608 0.522778
vt 0.277950 0.499685
vt 0.269693 0.501760
vt 0.262168 0.503651
vt 0.281843 0.525513
vt 0.266773 0.477859
vt 0.258001 0.478928
vt 0.262882 0.455146
vt 0.253931 0.455167
vt 0.245773 0.455186
vt 0.250006 0.479901
vt 0.266477 0.432415
vt 0.257691 0.431388
vt 0.277369 0.410537
vt 0.269086 0.408501
vt 0.261537 0.406646
vt 0.249684 0.430452
vt 0.295188 0.390362
vt 0.287726 0.387395
vt 0.319205 0.372650
vt 0.312851 0.368867
vt 0.307060 0.365420
vt 0.280926 0.384692
vt 0.348536 0.358102
vt 0.343534 0.353648
vt 0.382021 0.347253
vt 0.378564 0.342299
vt 0.375412 0.337785
vt 0.338976 0.349589
vt 0.456254 0.338213
vt 0.494139 0.340370
vt 0.495851 0.335098
vt 0.456219 0.332842
vt 0.530602 0.346905
vt 0.533995 0.341935
vt 0.537088 0.337406
vt 0.497411 0.330294
vt 0.456187 0.327947
vt 0.564228 0.357596
vt 0.569172 0.353119
vt 0.593747 0.372007
vt 0.600052 0.368194
vt 0.605797 0.364720
vt 0.573677 0.349039
vt 0.617994 0.389605
vt 0.625417 0.386604
vt 0.636075 0.409696
vt 0.644332 0.407622
vt 0.651856 0.405731
vt 0.632182 0.383869
vt 0.647252 0.431522
vt 0.656024 0.430454
vt 0.651142 0.454236
vt 0.660094 0.454215
vt 0.668252 0.454196
vt 0.664018 0.429481
vt 0.647548 0.476967
vt 0.656333 0.477994
vt 0.636655 0.498845
vt 0.644939 0.500881
vt 0.652488 0.502736
vt 0.664340 0.478930
vt 0.618836 0.519020
vt 0.626298 0.521986
vt 0.594819 0.536732
vt 0.601173 0.540514
vt 0.606964 0.543962
vt 0.633098 0.524690
vt 0.565489 0.551280
vt 0.570490 0.555734
vt 0.575049 0.559793
vt 0.501508 0.232543
vt 0.501370 0.227465
vt 0.455567 0.232651
vt 0.455534 0.227573
vt 0.455502 0.222710
vt 0.501070 0.222603
vt 0.622584 0.553252
vt 0.587341 0.570737
vt 0.593586 0.576301
vt 0.630516 0.557983
vt 0.547110 0.583772
vt 0.551427 0.589959
vt 0.555538 0.595868
vt 0.599537 0.581614
vt 0.638081 0.562496
vt 0.239494 0.401245
vt 0.264816 0.378307
vt 0.276374 0.382892
vt 0.256044 0.405304
vt 0.290139 0.355369
vt 0.302844 0.362918
vt 0.308882 0.366504
vt 0.286397 0.386867
vt 0.263912 0.407229
vt 0.221963 0.455258
vt 0.230728 0.428252
vt 0.244330 0.429833
vt 0.239841 0.455206
vt 0.256125 0.431205
vt 0.248339 0.455180
vt 0.256437 0.479118
vt 0.244660 0.480552
vt 0.264536 0.503056
vt 0.256696 0.505022
vt 0.240196 0.509154
vt 0.231079 0.482206
vt 0.712101 0.454100
vt 0.701430 0.454114
vt 0.696905 0.482733
vt 0.707379 0.483962
vt 0.690249 0.454104
vt 0.685942 0.481416
vt 0.672861 0.507707
vt 0.683192 0.510278
vt 0.693065 0.512706
vt 0.409626 0.232759
vt 0.409697 0.227680
vt 0.409934 0.222817
vt 0.472629 0.508599
vt 0.477116 0.515843
vt 0.496053 0.511436
vt 0.457375 0.510461
vt 0.457422 0.517610
vt 0.457492 0.528449
vt 0.480996 0.525587
vt 0.504499 0.522725
vt 0.440249 0.479244
vt 0.433056 0.476385
vt 0.422238 0.486255
vt 0.433363 0.489756
vt 0.425864 0.473526
vt 0.412563 0.481570
vt 0.398885 0.489840
vt 0.411646 0.496078
vt 0.428491 0.501667
vt 0.421043 0.469234
vt 0.404720 0.475833
vt 0.416222 0.464941
vt 0.398803 0.469318
vt 0.380892 0.473818
vt 0.388578 0.482359
vt 0.414506 0.459868
vt 0.395216 0.462217
vt 0.412789 0.454794
vt 0.393905 0.454839
vt 0.374486 0.454884
vt 0.376140 0.464540
vt 0.414440 0.449714
vt 0.395120 0.447455
vt 0.416090 0.444633
vt 0.398614 0.440337
vt 0.380645 0.435921
vt 0.376014 0.445221
vt 0.420855 0.440317
vt 0.404446 0.433795
vt 0.425620 0.436002
vt 0.412214 0.428021
vt 0.398430 0.419815
vt 0.388220 0.427344
vt 0.432775 0.433109
vt 0.421776 0.423316
vt 0.439929 0.430217
vt 0.432634 0.419765
vt 0.425133 0.409018
vt 0.410898 0.413630
vt 0.448384 0.429187
vt 0.444469 0.417613
vt 0.456839 0.428157
vt 0.456766 0.416826
vt 0.456690 0.405175
vt 0.440597 0.406168
vt 0.465308 0.429147
vt 0.469072 0.417556
vt 0.473776 0.430137
vt 0.480935 0.419652
vt 0.488296 0.408870
vt 0.472795 0.406092
vt 0.480968 0.432996
vt 0.491839 0.423151
vt 0.488160 0.435855
vt 0.501462 0.427812
vt 0.515139 0.419541
vt 0.502590 0.413415
vt 0.492982 0.440148
vt 0.509304 0.433549
vt 0.497803 0.444441
vt 0.515222 0.440064
vt 0.533133 0.435563
vt 0.525447 0.427022
vt 0.499519 0.449514
vt 0.518808 0.447165
vt 0.501235 0.454587
vt 0.520120 0.454543
vt 0.539538 0.454497
vt 0.537884 0.444842
vt 0.499585 0.459668
vt 0.518904 0.461927
vt 0.497935 0.464749
vt 0.515410 0.469044
vt 0.533380 0.473461
vt 0.538010 0.464161
vt 0.493170 0.469064
vt 0.509578 0.475587
vt 0.488405 0.473380
vt 0.501810 0.481361
vt 0.515595 0.489567
vt 0.525805 0.482038
vt 0.481250 0.476272
vt 0.492196 0.486091
vt 0.502916 0.495864
vt 0.458003 0.607743
vt 0.507743 0.604678
vt 0.505628 0.598403
vt 0.457966 0.601341
vt 0.503405 0.591830
vt 0.457923 0.594635
vt 0.378321 0.569950
vt 0.344710 0.556613
vt 0.336114 0.564291
vt 0.373915 0.576447
vt 0.311099 0.543275
vt 0.302697 0.548161
vt 0.292770 0.554057
vt 0.328222 0.571360
vt 0.368606 0.584196
vt 0.288403 0.523152
vt 0.275490 0.528231
vt 0.265707 0.503029
vt 0.254848 0.505626
vt 0.241903 0.508786
vt 0.263637 0.532921
vt 0.257559 0.479227
vt 0.242399 0.480955
vt 0.249410 0.455425
vt 0.237741 0.455331
vt 0.223773 0.455278
vt 0.228460 0.482566
vt 0.257091 0.431566
vt 0.241983 0.429680
vt 0.264772 0.407707
vt 0.254032 0.404937
vt 0.241155 0.401679
vt 0.228079 0.427967
vt 0.287071 0.387425
vt 0.274310 0.382212
vt 0.309371 0.367143
vt 0.301218 0.362119
vt 0.291398 0.356152
vt 0.262552 0.377436
vt 0.342910 0.353525
vt 0.334448 0.345779
vt 0.376448 0.339907
vt 0.372150 0.333393
vt 0.366865 0.325626
vt 0.326630 0.338667
vt 0.416325 0.335027
vt 0.413346 0.325927
vt 0.456201 0.330146
vt 0.456128 0.323141
vt 0.456091 0.314751
vt 0.410588 0.317561
vt 0.495950 0.334793
vt 0.498900 0.325702
vt 0.535699 0.339440
vt 0.540129 0.332952
vt 0.545426 0.325192
vt 0.501617 0.317340
vt 0.569458 0.352860
vt 0.577983 0.345137
vt 0.603217 0.366280
vt 0.611436 0.361286
vt 0.621287 0.355344
vt 0.585825 0.338036
vt 0.636693 0.346051
vt 0.629167 0.350589
vt 0.659694 0.372744
vt 0.668552 0.369176
vt 0.650410 0.376475
vt 0.672129 0.400600
vt 0.682457 0.398038
vt 0.692307 0.395577
vt 0.648318 0.406353
vt 0.656452 0.430155
vt 0.671621 0.428428
vt 0.659196 0.403768
vt 0.664586 0.453958
vt 0.676273 0.454051
vt 0.685563 0.426817
vt 0.656920 0.477816
vt 0.672032 0.479703
vt 0.649253 0.501675
vt 0.659969 0.504457
vt 0.626808 0.522044
vt 0.639638 0.527214
vt 0.604363 0.542414
vt 0.612670 0.547336
vt 0.651448 0.531960
vt 0.537197 0.569569
vt 0.497510 0.574411
vt 0.500581 0.583484
vt 0.541711 0.576038
vt 0.457823 0.579253
vt 0.457868 0.586255
vt 0.408220 0.604908
vt 0.405691 0.612646
vt 0.458045 0.615631
vt 0.360307 0.596320
vt 0.355307 0.603617
vt 0.349307 0.612388
vt 0.402660 0.621950
vt 0.458100 0.625112
vt 0.316129 0.582275
vt 0.308866 0.588853
vt 0.277350 0.563344
vt 0.268102 0.568954
vt 0.256980 0.575691
vt 0.300137 0.596759
vt 0.245491 0.540222
vt 0.234606 0.544645
vt 0.221730 0.513823
vt 0.209616 0.516887
vt 0.195048 0.520560
vt 0.221512 0.549952
vt 0.207040 0.485144
vt 0.194164 0.486732
vt 0.201925 0.455299
vt 0.188779 0.455348
vt 0.172977 0.455397
vt 0.178683 0.488628
vt 0.206646 0.425430
vt 0.193738 0.423939
vt 0.220959 0.396679
vt 0.208789 0.393702
vt 0.194164 0.390116
vt 0.178226 0.422137
vt 0.244378 0.370164
vt 0.233423 0.365810
vt 0.275938 0.346887
vt 0.266614 0.341326
vt 0.255402 0.334645
vt 0.220254 0.360575
vt 0.314472 0.327772
vt 0.307123 0.321228
vt 0.358466 0.313519
vt 0.353371 0.306246
vt 0.347258 0.297503
vt 0.298291 0.313364
vt 0.456016 0.301640
vt 0.505804 0.304475
vt 0.508333 0.296737
vt 0.455965 0.293755
vt 0.553722 0.313064
vt 0.558729 0.305772
vt 0.564733 0.297003
vt 0.511363 0.287434
vt 0.455903 0.284275
vt 0.597907 0.327114
vt 0.605193 0.320549
vt 0.645975 0.340465
vt 0.657118 0.333743
vt 0.613936 0.312652
vt 0.679471 0.364784
vt 0.704445 0.392548
vt 0.719028 0.388896
vt 0.692585 0.359496
vt 0.706991 0.424257
vt 0.719881 0.422706
vt 0.725252 0.454082
vt 0.741056 0.454053
vt 0.735370 0.420831
vt 0.720288 0.485472
vt 0.705235 0.515689
vt 0.719860 0.519280
vt 0.735800 0.487286
vt 0.669646 0.539219
vt 0.680599 0.543574
vt 0.647395 0.568060
vt 0.658601 0.574742
vt 0.693768 0.548809
vt 0.606858 0.588165
vt 0.560592 0.603151
vt 0.566682 0.611900
vt 0.615673 0.596033
vt 0.510342 0.612412
vt 0.513476 0.621705
vt 0.399192 0.632660
vt 0.458179 0.636235
vt 0.342290 0.622683
vt 0.332244 0.637436
vt 0.395271 0.644805
vt 0.458298 0.652174
vt 0.625850 0.605074
vt 0.671773 0.582572
vt 0.573859 0.622155
vt 0.584155 0.636846
vt 0.637406 0.615317
vt 0.690657 0.593787
vt 0.206422 0.556038
vt 0.243914 0.583579
vt 0.177940 0.524845
vt 0.153420 0.530977
vt 0.189303 0.562927
vt 0.225186 0.594878
vt 0.708930 0.554836
vt 0.737013 0.523500
vt 0.726123 0.561669
vt 0.761588 0.529552
vt 0.753185 0.418649
vt 0.736120 0.384587
vt 0.759592 0.454001
vt 0.786150 0.453920
vt 0.773377 0.416162
vt 0.760604 0.378405
vt 0.288132 0.304319
vt 0.242237 0.326814
vt 0.340107 0.287241
vt 0.329869 0.272536
vt 0.276618 0.294065
vt 0.223367 0.315595
vt 0.517104 0.632394
vt 0.521227 0.644510
vt 0.205093 0.354548
vt 0.177012 0.385891
vt 0.187902 0.347712
vt 0.152436 0.379830
vt 0.753644 0.489372
vt 0.773869 0.491736
vt 0.160381 0.420038
vt 0.154439 0.455428
vt 0.140155 0.417646
vt 0.127874 0.455462
vt 0.707652 0.353389
vt 0.670161 0.325838
vt 0.724722 0.346454
vt 0.688839 0.314504
vt 0.455172 0.171989
vt 0.392194 0.172137
vt 0.390657 0.164014
vt 0.455119 0.163863
vt 0.329216 0.172284
vt 0.328529 0.164160
vt 0.325787 0.155447
vt 0.389162 0.155299
vt 0.455062 0.155145
vt 0.275826 0.172410
vt 0.270879 0.164311
vt 0.222436 0.172535
vt 0.215434 0.164524
vt 0.208431 0.156513
vt 0.266489 0.155652
vt 0.219904 0.172541
vt 0.273294 0.172416
vt 0.268347 0.164317
vt 0.212901 0.164530
vt 0.326684 0.172290
vt 0.325997 0.164166
vt 0.323255 0.155453
vt 0.263957 0.155658
vt 0.205899 0.156518
vt 0.389662 0.172143
vt 0.388125 0.164020
vt 0.452640 0.171995
vt 0.452587 0.163869
vt 0.452530 0.155150
vt 0.386631 0.155305
vt 0.515618 0.171848
vt 0.517049 0.163718
vt 0.578596 0.171700
vt 0.579177 0.163572
vt 0.581806 0.154847
vt 0.518430 0.154996
vt 0.631986 0.171575
vt 0.636828 0.163454
vt 0.685376 0.171450
vt 0.692274 0.163406
vt 0.699172 0.155363
vt 0.641104 0.154774
vt 0.222436 0.172535
vt 0.275826 0.172410
vt 0.270879 0.164311
vt 0.215433 0.164524
vt 0.329216 0.172284
vt 0.328529 0.164160
vt 0.325787 0.155447
vt 0.266489 0.155652
vt 0.208431 0.156513
vt 0.581128 0.171694
vt 0.634518 0.171569
vt 0.639360 0.163448
vt 0.581709 0.163567
vt 0.687908 0.171444
vt 0.694806 0.163400
vt 0.701704 0.155357
vt 0.643636 0.154768
vt 0.584338 0.154842
vt 0.685376 0.171450
vt 0.631986 0.171575
vt 0.636828 0.163454
vt 0.692274 0.163406
vt 0.578596 0.171700
vt 0.579177 0.163572
vt 0.581806 0.154847
vt 0.641104 0.154774
vt 0.699172 0.155363
vt 0.515618 0.171848
vt 0.517049 0.163718
vt 0.452640 0.171995
vt 0.452587 0.163869
vt 0.452530 0.155150
vt 0.518430 0.154996
vt 0.389662 0.172143
vt 0.388125 0.164020
vt 0.326684 0.172290
vt 0.325997 0.164166
vt 0.323255 0.155453
vt 0.386631 0.155305
vt 0.273294 0.172416
vt 0.268347 0.164317
vt 0.219904 0.172541
vt 0.212901 0.164530
vt 0.205899 0.156518
vt 0.263957 0.155658
vt 0.687908 0.171444
vt 0.634518 0.171569
vt 0.639360 0.163448
vt 0.694806 0.163400
vt 0.581128 0.171694
vt 0.581709 0.163567
vt 0.584338 0.154842
vt 0.643636 0.154768
vt 0.701704 0.155357
vt 0.518150 0.171842
vt 0.519581 0.163712
vt 0.520962 0.154990
vt 0.388132 0.145626
vt 0.454999 0.145470
vt 0.323826 0.145777
vt 0.322672 0.135701
vt 0.387511 0.135549
vt 0.454934 0.135391
vt 0.263745 0.145929
vt 0.206056 0.146120
vt 0.203681 0.135728
vt 0.262094 0.135822
vt 0.261213 0.145935
vt 0.203524 0.146126
vt 0.321294 0.145783
vt 0.320140 0.135707
vt 0.259562 0.135828
vt 0.201150 0.135734
vt 0.385600 0.145632
vt 0.452467 0.145476
vt 0.452402 0.135397
vt 0.384980 0.135555
vt 0.519335 0.145319
vt 0.583641 0.145168
vt 0.584664 0.135087
vt 0.519824 0.135239
vt 0.643722 0.145039
vt 0.701412 0.144959
vt 0.703651 0.134556
vt 0.645241 0.134924
vt 0.263745 0.145929
vt 0.206056 0.146120
vt 0.323825 0.145777
vt 0.322672 0.135701
vt 0.262094 0.135822
vt 0.203681 0.135728
vt 0.455062 0.155145
vt 0.520962 0.154990
vt 0.521867 0.145313
vt 0.454999 0.145470
vt 0.586173 0.145162
vt 0.587196 0.135081
vt 0.522356 0.135233
vt 0.454934 0.135391
vt 0.646254 0.145033
vt 0.703943 0.144954
vt 0.706183 0.134550
vt 0.647773 0.134918
vt 0.643722 0.145039
vt 0.701412 0.144959
vt 0.583641 0.145168
vt 0.584664 0.135087
vt 0.645241 0.134924
vt 0.703651 0.134556
vt 0.519335 0.145319
vt 0.452467 0.145476
vt 0.452402 0.135397
vt 0.519824 0.135239
vt 0.385600 0.145632
vt 0.321294 0.145783
vt 0.320140 0.135707
vt 0.384979 0.135555
vt 0.261213 0.145935
vt 0.203524 0.146126
vt 0.201149 0.135734
vt 0.259562 0.135828
vt 0.646254 0.145033
vt 0.703943 0.144954
vt 0.586173 0.145162
vt 0.587196 0.135081
vt 0.647773 0.134918
vt 0.706183 0.134550
vt 0.521867 0.145313
vt 0.522356 0.135233
vt 0.387144 0.125721
vt 0.454870 0.125562
vt 0.322012 0.125873
vt 0.321919 0.116429
vt 0.387066 0.116276
vt 0.454808 0.116117
vt 0.261173 0.126005
vt 0.202810 0.126089
vt 0.201939 0.116449
vt 0.261019 0.116550
vt 0.258641 0.126011
vt 0.200278 0.126095
vt 0.319480 0.125879
vt 0.319387 0.116435
vt 0.258487 0.116556
vt 0.199407 0.116455
vt 0.384612 0.125727
vt 0.452338 0.125568
vt 0.452276 0.116123
vt 0.384534 0.116282
vt 0.520064 0.125409
vt 0.585196 0.125257
vt 0.585166 0.115812
vt 0.520018 0.115964
vt 0.646034 0.125103
vt 0.704397 0.124913
vt 0.705142 0.115270
vt 0.646066 0.115647
vt 0.261173 0.126005
vt 0.202810 0.126089
vt 0.322012 0.125873
vt 0.321919 0.116429
vt 0.261019 0.116550
vt 0.201939 0.116449
vt 0.522596 0.125403
vt 0.454870 0.125562
vt 0.587728 0.125251
vt 0.587698 0.115806
vt 0.522550 0.115958
vt 0.454808 0.116117
vt 0.648566 0.125097
vt 0.706929 0.124907
vt 0.707675 0.115264
vt 0.648598 0.115641
vt 0.646034 0.125103
vt 0.704397 0.124913
vt 0.585196 0.125257
vt 0.585166 0.115812
vt 0.646066 0.115647
vt 0.705142 0.115270
vt 0.520064 0.125409
vt 0.452338 0.125568
vt 0.452276 0.116123
vt 0.520018 0.115964
vt 0.384612 0.125727
vt 0.319480 0.125879
vt 0.319387 0.116435
vt 0.384534 0.116282
vt 0.258641 0.126011
vt 0.200278 0.126095
vt 0.199407 0.116455
vt 0.258487 0.116556
vt 0.648566 0.125097
vt 0.706929 0.124907
vt 0.587728 0.125251
vt 0.587698 0.115806
vt 0.648598 0.115641
vt 0.707674 0.115264
vt 0.522596 0.125403
vt 0.522550 0.115958
vt 0.309338 -0.031382
vt 0.243248 -0.031464
vt 0.245132 -0.037014
vt 0.310390 -0.037108
vt 0.180471 -0.033915
vt 0.182564 -0.037163
vt 0.184657 -0.040411
vt 0.246396 -0.040556
vt 0.308134 -0.040700
vt 0.177939 -0.033909
vt 0.240715 -0.031458
vt 0.242600 -0.037008
vt 0.180032 -0.037157
vt 0.306807 -0.031376
vt 0.307858 -0.037102
vt 0.305602 -0.040694
vt 0.243864 -0.040550
vt 0.182125 -0.040405
vt 0.377649 -0.031542
vt 0.378247 -0.037267
vt 0.451314 -0.031715
vt 0.451277 -0.037438
vt 0.451253 -0.041036
vt 0.378428 -0.040865
vt 0.524979 -0.031888
vt 0.524306 -0.037609
vt 0.595821 -0.032054
vt 0.594696 -0.037774
vt 0.596905 -0.041377
vt 0.524079 -0.041206
vt 0.661909 -0.032445
vt 0.659952 -0.037986
vt 0.724652 -0.035190
vt 0.722517 -0.038428
vt 0.720382 -0.041666
vt 0.658643 -0.041522
vt 0.180471 -0.033915
vt 0.243248 -0.031464
vt 0.245132 -0.037014
vt 0.182564 -0.037163
vt 0.309338 -0.031382
vt 0.310390 -0.037108
vt 0.308134 -0.040700
vt 0.246395 -0.040556
vt 0.184657 -0.040411
vt 0.380181 -0.031548
vt 0.380779 -0.037273
vt 0.453846 -0.031721
vt 0.453809 -0.037444
vt 0.453785 -0.041042
vt 0.380960 -0.040871
vt 0.527510 -0.031894
vt 0.526838 -0.037615
vt 0.598353 -0.032060
vt 0.597227 -0.037780
vt 0.599436 -0.041383
vt 0.526611 -0.041212
vt 0.664441 -0.032451
vt 0.662484 -0.037992
vt 0.727183 -0.035196
vt 0.725049 -0.038434
vt 0.722914 -0.041672
vt 0.661175 -0.041528
vt 0.724652 -0.035190
vt 0.661909 -0.032445
vt 0.659952 -0.037986
vt 0.722517 -0.038428
vt 0.595821 -0.032054
vt 0.594695 -0.037774
vt 0.596904 -0.041377
vt 0.658643 -0.041522
vt 0.720382 -0.041666
vt 0.524978 -0.031888
vt 0.524306 -0.037609
vt 0.451314 -0.031715
vt 0.451277 -0.037438
vt 0.451253 -0.041036
vt 0.524079 -0.041206
vt 0.377649 -0.031542
vt 0.378247 -0.037267
vt 0.306807 -0.031376
vt 0.307858 -0.037102
vt 0.305602 -0.040694
vt 0.378428 -0.040865
vt 0.240715 -0.031458
vt 0.242600 -0.037008
vt 0.177939 -0.033909
vt 0.180032 -0.037157
vt 0.182125 -0.040405
vt 0.243864 -0.040550
vt 0.727183 -0.035196
vt 0.664441 -0.032451
vt 0.662484 -0.037992
vt 0.725048 -0.038434
vt 0.661175 -0.041528
vt 0.722913 -0.041672
vt 0.458306 0.653395
vt 0.394889 0.645980
vt 0.393330 0.650782
vt 0.458314 0.654695
vt 0.331473 0.638566
vt 0.330651 0.639770
vt 0.327828 0.643905
vt 0.391837 0.655377
vt 0.458343 0.659163
vt 0.248371 0.052838
vt 0.313060 0.052554
vt 0.186430 0.053642
vt 0.180906 0.041659
vt 0.244418 0.037218
vt 0.310342 0.036674
vt 0.245839 0.052844
vt 0.183898 0.053647
vt 0.310528 0.052560
vt 0.307810 0.036680
vt 0.241886 0.037224
vt 0.178374 0.041665
vt 0.379815 0.052398
vt 0.451860 0.052229
vt 0.451757 0.036342
vt 0.378378 0.036514
vt 0.523906 0.052060
vt 0.593192 0.051898
vt 0.595704 0.036005
vt 0.525136 0.036170
vt 0.657884 0.051878
vt 0.719834 0.052392
vt 0.725201 0.040383
vt 0.661632 0.036241
vt 0.248371 0.052838
vt 0.186430 0.053642
vt 0.313060 0.052554
vt 0.310342 0.036674
vt 0.244419 0.037218
vt 0.180906 0.041659
vt 0.382347 0.052392
vt 0.454392 0.052223
vt 0.454289 0.036336
vt 0.380910 0.036508
vt 0.526438 0.052054
vt 0.595724 0.051892
vt 0.598236 0.035999
vt 0.527668 0.036164
vt 0.660416 0.051872
vt 0.722366 0.052386
vt 0.727733 0.040377
vt 0.664165 0.036235
vt 0.657884 0.051878
vt 0.719834 0.052392
vt 0.593193 0.051898
vt 0.595704 0.036005
vt 0.661633 0.036241
vt 0.725201 0.040383
vt 0.523906 0.052060
vt 0.451860 0.052229
vt 0.451757 0.036342
vt 0.525136 0.036170
vt 0.245839 0.052844
vt 0.310528 0.052560
vt 0.183898 0.053647
vt 0.178374 0.041665
vt 0.241886 0.037224
vt 0.307810 0.036680
vt 0.660416 0.051872
vt 0.722366 0.052386
vt 0.595724 0.051892
vt 0.598236 0.035999
vt 0.664165 0.036235
vt 0.727733 0.040377
vt 0.525143 0.063203
vt 0.526438 0.052054
vt 0.454465 0.063368
vt 0.454392 0.052223
vt 0.454289 0.036336
vt 0.527668 0.036164
vt 0.523205 0.078995
vt 0.523999 0.071715
vt 0.454568 0.079156
vt 0.454520 0.071877
vt 0.361875 0.754842
vt 0.316967 0.755196
vt 0.319239 0.784234
vt 0.458253 0.645317
vt 0.457847 0.582914
vt 0.505581 0.598263
vt 0.520908 0.643568
vt 0.457012 0.454691
vt 0.539565 0.572962
vt 0.579741 0.630521
vt 0.163012 0.382429
vt 0.259255 0.406085
vt 0.217354 0.426672
vt 0.141727 0.417830
vt 0.243307 0.455192
vt 0.139303 0.455435
vt 0.380181 -0.031548
vt 0.380779 -0.037273
vt 0.380960 -0.040871
vt 0.454011 -0.006298
vt 0.379094 -0.006122
vt 0.379417 -0.021684
vt 0.453910 -0.021859
vt 0.307046 -0.005954
vt 0.307776 -0.021517
vt 0.239560 -0.006192
vt 0.240849 -0.021518
vt 0.172734 -0.010403
vt 0.176603 -0.022159
vt 0.170203 -0.010398
vt 0.237028 -0.006187
vt 0.238317 -0.021512
vt 0.174071 -0.022153
vt 0.304515 -0.005948
vt 0.305244 -0.021511
vt 0.376562 -0.006116
vt 0.376885 -0.021679
vt 0.451479 -0.006292
vt 0.451378 -0.021853
vt 0.172734 -0.010403
vt 0.239560 -0.006192
vt 0.240849 -0.021518
vt 0.176603 -0.022159
vt 0.307047 -0.005954
vt 0.307776 -0.021517
vt 0.379094 -0.006122
vt 0.379417 -0.021684
vt 0.454011 -0.006298
vt 0.453910 -0.021859
vt 0.528929 -0.006474
vt 0.528404 -0.022034
vt 0.600976 -0.006642
vt 0.600044 -0.022202
vt 0.668457 -0.007198
vt 0.666969 -0.022517
vt 0.735226 -0.011722
vt 0.731205 -0.023459
vt 0.732694 -0.011716
vt 0.665925 -0.007192
vt 0.664437 -0.022511
vt 0.728673 -0.023453
vt 0.598444 -0.006636
vt 0.597512 -0.022196
vt 0.526397 -0.006468
vt 0.525872 -0.022028
vt 0.451479 -0.006292
vt 0.451378 -0.021853
vt 0.376562 -0.006116
vt 0.376885 -0.021679
vt 0.304515 -0.005948
vt 0.305244 -0.021511
vt 0.237028 -0.006186
vt 0.238317 -0.021512
vt 0.170202 -0.010397
vt 0.174071 -0.022153
vt 0.735226 -0.011722
vt 0.668457 -0.007198
vt 0.666969 -0.022517
vt 0.731205 -0.023459
vt 0.600976 -0.006642
vt 0.600044 -0.022202
vt 0.528929 -0.006474
vt 0.528404 -0.022034
vt 0.522252 0.107112
vt 0.587311 0.106767
vt 0.454751 0.107319
vt 0.454706 0.100453
vt 0.521992 0.100102
vt 0.589406 0.097821
vt 0.261840 0.107476
vt 0.322188 0.107388
vt 0.203855 0.107585
vt 0.205771 0.098720
vt 0.262874 0.098586
vt 0.319977 0.098452
vt 0.259308 0.107482
vt 0.201323 0.107591
vt 0.319656 0.107394
vt 0.317445 0.098458
vt 0.260342 0.098592
vt 0.203239 0.098726
vt 0.384718 0.107435
vt 0.452219 0.107325
vt 0.452174 0.100459
vt 0.384886 0.100424
vt 0.519720 0.107118
vt 0.584779 0.106773
vt 0.586874 0.097827
vt 0.519460 0.100108
vt 0.645126 0.106578
vt 0.703111 0.106415
vt 0.701080 0.097559
vt 0.643977 0.097693
vt 0.261840 0.107476
vt 0.203855 0.107585
vt 0.322188 0.107388
vt 0.319977 0.098452
vt 0.262874 0.098586
vt 0.205771 0.098720
vt 0.522252 0.107112
vt 0.454751 0.107319
vt 0.587311 0.106767
vt 0.589406 0.097821
vt 0.521992 0.100102
vt 0.454706 0.100453
vt 0.647658 0.106572
vt 0.705643 0.106409
vt 0.703611 0.097553
vt 0.646509 0.097687
vt 0.645126 0.106578
vt 0.703111 0.106415
vt 0.584779 0.106773
vt 0.586874 0.097827
vt 0.643977 0.097693
vt 0.701080 0.097559
vt 0.519720 0.107118
vt 0.452219 0.107325
vt 0.452174 0.100459
vt 0.519460 0.100108
vt 0.384718 0.107435
vt 0.319656 0.107394
vt 0.317445 0.098458
vt 0.384886 0.100424
vt 0.259308 0.107482
vt 0.201323 0.107591
vt 0.203239 0.098726
vt 0.260342 0.098592
vt 0.647658 0.106572
vt 0.705643 0.106409
vt 0.646509 0.097687
vt 0.703611 0.097553
vt 0.458365 0.662594
vt 0.392013 0.654836
vt 0.393702 0.649638
vt 0.458308 0.653754
vt 0.325661 0.647079
vt 0.331264 0.638882
vt 0.331398 0.638676
vt 0.394852 0.646095
vt 0.458306 0.653513
vt 0.270963 0.623400
vt 0.274407 0.620104
vt 0.220246 0.597865
vt 0.223984 0.595604
vt 0.223613 0.595829
vt 0.277505 0.617253
vt 0.177293 0.567635
vt 0.182758 0.565543
vt 0.137401 0.535002
vt 0.151019 0.531576
vt 0.151361 0.531494
vt 0.187487 0.563662
vt 0.123954 0.495253
vt 0.132605 0.494199
vt 0.110507 0.455503
vt 0.125241 0.455468
vt 0.125641 0.455467
vt 0.138501 0.493481
vt 0.123436 0.415691
vt 0.132101 0.416704
vt 0.136365 0.375880
vt 0.150027 0.379242
vt 0.150370 0.379322
vt 0.138006 0.417395
vt 0.175831 0.343061
vt 0.181324 0.345128
vt 0.218389 0.312631
vt 0.222157 0.314874
vt 0.221782 0.314651
vt 0.186076 0.346987
vt 0.268772 0.286859
vt 0.272259 0.290139
vt 0.323160 0.262924
vt 0.328870 0.271095
vt 0.329006 0.271300
vt 0.275394 0.292976
vt 0.455659 0.246788
vt 0.522011 0.254545
vt 0.520323 0.259744
vt 0.455716 0.255628
vt 0.588364 0.262303
vt 0.582760 0.270500
vt 0.582627 0.270705
vt 0.519172 0.263287
vt 0.455718 0.255868
vt 0.643062 0.285982
vt 0.639618 0.289278
vt 0.693779 0.311517
vt 0.690040 0.313778
vt 0.690412 0.313553
vt 0.636519 0.292129
vt 0.736732 0.341747
vt 0.731266 0.343839
vt 0.776623 0.374380
vt 0.763006 0.377806
vt 0.762664 0.377887
vt 0.726538 0.345720
vt 0.790070 0.414129
vt 0.781419 0.415183
vt 0.803517 0.453879
vt 0.788783 0.453913
vt 0.788383 0.453914
vt 0.775524 0.415901
vt 0.790588 0.493690
vt 0.781924 0.492677
vt 0.777659 0.533502
vt 0.763997 0.530140
vt 0.763654 0.530060
vt 0.776019 0.491987
vt 0.738193 0.566321
vt 0.732701 0.564254
vt 0.695636 0.596751
vt 0.691868 0.594508
vt 0.692242 0.594731
vt 0.727948 0.562395
vt 0.645253 0.622522
vt 0.641765 0.619243
vt 0.590864 0.646457
vt 0.585155 0.638287
vt 0.585018 0.638082
vt 0.638630 0.616406
vt 0.528264 0.556772
vt 0.492998 0.561067
vt 0.494142 0.564446
vt 0.529211 0.558120
vt 0.457733 0.565361
vt 0.457742 0.566810
vt 0.361781 0.282151
vt 0.391219 0.282227
vt 0.333504 0.281829
vt 0.329573 0.270323
vt 0.358532 0.270255
vt 0.387491 0.270187
vt 0.359249 0.282157
vt 0.330972 0.281835
vt 0.388687 0.282233
vt 0.384959 0.270193
vt 0.356000 0.270261
vt 0.327041 0.270329
vt 0.420441 0.282426
vt 0.453359 0.282415
vt 0.453299 0.273239
vt 0.419305 0.273051
vt 0.486276 0.282271
vt 0.518027 0.281930
vt 0.521597 0.269873
vt 0.487290 0.272892
vt 0.547463 0.281716
vt 0.575734 0.281261
vt 0.579515 0.269737
vt 0.550556 0.269805
vt 0.361781 0.282151
vt 0.333504 0.281829
vt 0.391219 0.282227
vt 0.387491 0.270187
vt 0.358532 0.270255
vt 0.329573 0.270323
vt 0.488808 0.282265
vt 0.455891 0.282409
vt 0.520559 0.281924
vt 0.524129 0.269867
vt 0.489821 0.272886
vt 0.455831 0.273233
vt 0.549994 0.281710
vt 0.578267 0.281255
vt 0.582047 0.269731
vt 0.553088 0.269799
vt 0.547462 0.281716
vt 0.575734 0.281261
vt 0.518027 0.281930
vt 0.521597 0.269873
vt 0.550556 0.269805
vt 0.579515 0.269737
vt 0.486276 0.282271
vt 0.453359 0.282415
vt 0.453299 0.273239
vt 0.487289 0.272892
vt 0.420441 0.282426
vt 0.388687 0.282233
vt 0.384959 0.270193
vt 0.419305 0.273051
vt 0.359249 0.282157
vt 0.330972 0.281835
vt 0.327041 0.270329
vt 0.356000 0.270261
vt 0.549994 0.281710
vt 0.578267 0.281255
vt 0.553088 0.269799
vt 0.582047 0.269731
vt 0.387091 0.557103
vt 0.356908 0.545426
vt 0.353913 0.548073
vt 0.386163 0.558455
vt 0.329533 0.531778
vt 0.325563 0.534179
vt 0.306573 0.515460
vt 0.302186 0.517278
vt 0.286877 0.497442
vt 0.284630 0.498010
vt 0.279719 0.476283
vt 0.274087 0.476968
vt 0.272561 0.455123
vt 0.270148 0.455129
vt 0.279444 0.433931
vt 0.273803 0.433271
vt 0.286326 0.412738
vt 0.284071 0.412181
vt 0.305786 0.394629
vt 0.301376 0.392832
vt 0.328533 0.378203
vt 0.324532 0.375821
vt 0.355730 0.364427
vt 0.352701 0.361795
vt 0.385760 0.352610
vt 0.384814 0.351262
vt 0.421026 0.348315
vt 0.419883 0.344936
vt 0.456292 0.344020
vt 0.456282 0.342572
vt 0.418398 0.340547
vt 0.491612 0.348150
vt 0.492712 0.344765
vt 0.526933 0.352279
vt 0.527862 0.350926
vt 0.557116 0.363955
vt 0.560111 0.361309
vt 0.584492 0.377603
vt 0.588462 0.375203
vt 0.607452 0.393922
vt 0.611838 0.392104
vt 0.627147 0.411940
vt 0.629394 0.411372
vt 0.634305 0.433099
vt 0.639937 0.432413
vt 0.641463 0.454259
vt 0.643877 0.454253
vt 0.634581 0.475451
vt 0.640222 0.476110
vt 0.627698 0.496643
vt 0.629953 0.497201
vt 0.608238 0.514753
vt 0.612648 0.516550
vt 0.585491 0.531179
vt 0.589493 0.533561
vt 0.558294 0.544955
vt 0.561324 0.547586
vt 0.524615 0.654526
vt 0.522859 0.649335
vt 0.521662 0.645798
vt 0.277613 0.617155
vt 0.273110 0.621233
vt 0.223752 0.595744
vt 0.222226 0.596668
vt 0.216980 0.599840
vt 0.268800 0.625136
vt 0.187648 0.563597
vt 0.180887 0.566330
vt 0.151543 0.531449
vt 0.149544 0.531951
vt 0.142675 0.533677
vt 0.174415 0.568947
vt 0.138691 0.493458
vt 0.130701 0.494431
vt 0.125839 0.455467
vt 0.123672 0.455472
vt 0.116225 0.455489
vt 0.123054 0.495362
vt 0.138196 0.417417
vt 0.130194 0.416482
vt 0.150553 0.379367
vt 0.148548 0.378874
vt 0.141656 0.377180
vt 0.122535 0.415586
vt 0.186238 0.347051
vt 0.179442 0.344349
vt 0.221923 0.314735
vt 0.220384 0.313819
vt 0.215098 0.310672
vt 0.172936 0.341763
vt 0.275503 0.293072
vt 0.270947 0.289016
vt 0.329083 0.271410
vt 0.328246 0.270210
vt 0.325369 0.266088
vt 0.266586 0.285133
vt 0.392401 0.263698
vt 0.390779 0.258904
vt 0.455719 0.255987
vt 0.455710 0.254687
vt 0.455681 0.250218
vt 0.389227 0.254316
vt 0.519135 0.263401
vt 0.520694 0.258600
vt 0.582551 0.270816
vt 0.583373 0.269612
vt 0.586196 0.265477
vt 0.522187 0.254004
vt 0.636412 0.292227
vt 0.640915 0.288149
vt 0.690272 0.313637
vt 0.691799 0.312714
vt 0.697044 0.309542
vt 0.645225 0.284245
vt 0.762481 0.377933
vt 0.775333 0.415924
vt 0.783323 0.414951
vt 0.764481 0.377431
vt 0.788185 0.453915
vt 0.790353 0.453910
vt 0.797800 0.453892
vt 0.790971 0.414020
vt 0.771350 0.375705
vt 0.775828 0.491965
vt 0.783831 0.492900
vt 0.763471 0.530015
vt 0.765477 0.530508
vt 0.772368 0.532201
vt 0.791490 0.493796
vt 0.727786 0.562331
vt 0.734583 0.565033
vt 0.692101 0.594647
vt 0.693640 0.595563
vt 0.698927 0.598710
vt 0.741088 0.567619
vt 0.638521 0.616310
vt 0.643077 0.620366
vt 0.584942 0.637972
vt 0.585779 0.639172
vt 0.588656 0.643293
vt 0.647438 0.624249
vt 0.535291 0.212306
vt 0.533388 0.210882
vt 0.568664 0.210800
vt 0.569140 0.212227
vt 0.534853 0.209451
vt 0.568524 0.209372
vt 0.602195 0.209293
vt 0.602592 0.210720
vt 0.602990 0.212148
vt 0.380910 0.036508
vt 0.379686 0.015163
vt 0.454150 0.014988
vt 0.308075 0.015330
vt 0.241152 0.015485
vt 0.176820 0.015628
vt 0.238620 0.015491
vt 0.174288 0.015634
vt 0.305543 0.015336
vt 0.377154 0.015169
vt 0.451618 0.014994
vt 0.526082 0.014820
vt 0.597693 0.014652
vt 0.598444 -0.006636
vt 0.526397 -0.006468
vt 0.664616 0.014493
vt 0.728948 0.014334
vt 0.732694 -0.011716
vt 0.665925 -0.007192
vt 0.241152 0.015485
vt 0.176820 0.015628
vt 0.308075 0.015330
vt 0.379686 0.015163
vt 0.454150 0.014988
vt 0.528613 0.014814
vt 0.600225 0.014646
vt 0.667148 0.014487
vt 0.731480 0.014328
vt 0.664616 0.014493
vt 0.728948 0.014334
vt 0.597693 0.014652
vt 0.526082 0.014820
vt 0.451618 0.014994
vt 0.378378 0.036514
vt 0.377154 0.015169
vt 0.305543 0.015336
vt 0.238620 0.015491
vt 0.174288 0.015634
vt 0.667148 0.014487
vt 0.731480 0.014328
vt 0.600225 0.014646
vt 0.528614 0.014814
vt 0.442098 0.508671
vt 0.437705 0.515936
vt 0.418711 0.511617
vt 0.410412 0.522945
vt 0.433952 0.525697
vt 0.401010 0.505513
vt 0.385430 0.497977
vt 0.370426 0.507050
vt 0.390419 0.514997
vt 0.372846 0.488720
vt 0.363271 0.478246
vt 0.343623 0.483183
vt 0.357025 0.495117
vt 0.357395 0.443044
vt 0.355383 0.454929
vt 0.362967 0.431576
vt 0.343255 0.426731
vt 0.338668 0.440855
vt 0.334081 0.454979
vt 0.372406 0.421058
vt 0.384869 0.411742
vt 0.369747 0.402739
vt 0.356501 0.414735
vt 0.400298 0.404191
vt 0.417754 0.398446
vt 0.409525 0.386657
vt 0.389636 0.394698
vt 0.436824 0.395013
vt 0.456615 0.393713
vt 0.456532 0.380932
vt 0.433029 0.383795
vt 0.476423 0.394920
vt 0.495537 0.398264
vt 0.503612 0.386437
vt 0.480072 0.383685
vt 0.513068 0.403927
vt 0.528594 0.411405
vt 0.543598 0.402332
vt 0.523605 0.394384
vt 0.541178 0.420662
vt 0.550754 0.431136
vt 0.570402 0.426199
vt 0.557000 0.414265
vt 0.556475 0.442578
vt 0.558642 0.454453
vt 0.579943 0.454403
vt 0.575172 0.440301
vt 0.556630 0.466337
vt 0.551057 0.477806
vt 0.570769 0.482651
vt 0.575356 0.468527
vt 0.541619 0.488324
vt 0.529156 0.497640
vt 0.544277 0.506642
vt 0.557523 0.494647
vt 0.513675 0.505249
vt 0.524388 0.514683
vt 0.448717 0.480235
vt 0.445254 0.491493
vt 0.444078 0.500808
vt 0.457012 0.454696
vt 0.444504 0.473014
vt 0.449795 0.476916
vt 0.457141 0.474491
vt 0.438169 0.482291
vt 0.447402 0.484283
vt 0.457206 0.484516
vt 0.433772 0.468747
vt 0.436171 0.473567
vt 0.422001 0.475863
vt 0.429260 0.479824
vt 0.426577 0.462341
vt 0.425719 0.467345
vt 0.411163 0.466213
vt 0.415343 0.471539
vt 0.424016 0.454771
vt 0.420032 0.459197
vt 0.407305 0.454808
vt 0.407770 0.460689
vt 0.426479 0.447189
vt 0.419974 0.450363
vt 0.411014 0.443386
vt 0.407693 0.448926
vt 0.433590 0.440749
vt 0.425555 0.442188
vt 0.421727 0.433685
vt 0.415125 0.438040
vt 0.444266 0.436433
vt 0.435925 0.435917
vt 0.437811 0.427182
vt 0.428934 0.429690
vt 0.456883 0.434896
vt 0.449506 0.432505
vt 0.456818 0.424867
vt 0.447017 0.425146
vt 0.469520 0.436374
vt 0.464229 0.432470
vt 0.475855 0.427093
vt 0.466622 0.425100
vt 0.480253 0.440640
vt 0.477854 0.435819
vt 0.492023 0.433520
vt 0.484764 0.429559
vt 0.487447 0.447046
vt 0.488305 0.442041
vt 0.502862 0.443171
vt 0.498682 0.437845
vt 0.490008 0.454616
vt 0.493993 0.450189
vt 0.506720 0.454575
vt 0.506255 0.448695
vt 0.487546 0.462198
vt 0.494050 0.459023
vt 0.503010 0.465998
vt 0.506331 0.460458
vt 0.480435 0.468638
vt 0.488469 0.467198
vt 0.492298 0.475698
vt 0.498900 0.471343
vt 0.469758 0.472954
vt 0.478099 0.473469
vt 0.476214 0.482201
vt 0.485091 0.479693
vt 0.496855 0.582843
vt 0.496848 0.576679
vt 0.496881 0.570526
vt 0.548909 0.585604
vt 0.503570 0.589898
vt 0.496578 0.570473
vt 0.533943 0.564349
vt 0.458231 0.594192
vt 0.457872 0.572897
vt 0.457671 0.555900
vt 0.489922 0.551973
vt 0.522173 0.548045
vt 0.456353 0.353481
vt 0.488654 0.357258
vt 0.491412 0.348766
vt 0.456303 0.346526
vt 0.520956 0.361034
vt 0.525299 0.354645
vt 0.532692 0.343844
vt 0.494462 0.339375
vt 0.456232 0.334905
vt 0.272667 0.500952
vt 0.298154 0.518742
vt 0.307876 0.514849
vt 0.289700 0.496456
vt 0.322805 0.535808
vt 0.330454 0.531146
vt 0.337777 0.526708
vt 0.319297 0.510253
vt 0.300816 0.493797
vt 0.441837 0.501417
vt 0.445302 0.490749
vt 0.448667 0.480387
vt 0.364416 0.658652
vt 0.321395 0.658603
vt 0.324588 0.633163
vt 0.366352 0.632998
vt 0.279414 0.656917
vt 0.284459 0.633165
vt 0.289503 0.609413
vt 0.328077 0.609101
vt 0.366651 0.608789
vt 0.276882 0.656923
vt 0.318848 0.658640
vt 0.322031 0.633270
vt 0.281876 0.633171
vt 0.361909 0.658657
vt 0.363807 0.633084
vt 0.364134 0.609242
vt 0.325502 0.609331
vt 0.286870 0.609419
vt 0.549748 0.658189
vt 0.592751 0.657974
vt 0.589280 0.632515
vt 0.547444 0.632601
vt 0.634706 0.656085
vt 0.629502 0.632135
vt 0.624299 0.608185
vt 0.585529 0.608474
vt 0.546758 0.608762
vt 0.279414 0.656917
vt 0.321357 0.658601
vt 0.324504 0.633052
vt 0.284306 0.632944
vt 0.364352 0.658646
vt 0.366319 0.632993
vt 0.366651 0.608789
vt 0.327924 0.608880
vt 0.289197 0.608971
vt 0.410403 0.658528
vt 0.411396 0.632886
vt 0.412332 0.608682
vt 0.412371 0.590719
vt 0.419027 0.570942
vt 0.366511 0.587247
vt 0.381434 0.565149
vt 0.393069 0.548348
vt 0.425370 0.552124
vt 0.327834 0.571751
vt 0.347097 0.554190
vt 0.289157 0.556255
vt 0.316506 0.539640
vt 0.365423 0.537528
vt 0.263197 0.533136
vt 0.291870 0.521411
vt 0.237237 0.510017
vt 0.272218 0.500914
vt 0.227127 0.482680
vt 0.259202 0.478442
vt 0.217017 0.455342
vt 0.253439 0.455163
vt 0.278112 0.455014
vt 0.289464 0.474406
vt 0.226704 0.427893
vt 0.258891 0.431856
vt 0.236392 0.400443
vt 0.271617 0.409325
vt 0.300406 0.416235
vt 0.289259 0.435624
vt 0.261964 0.377120
vt 0.291027 0.388750
vt 0.287536 0.353796
vt 0.315446 0.370418
vt 0.337270 0.383404
vt 0.318838 0.399820
vt 0.326162 0.338180
vt 0.345832 0.355695
vt 0.364788 0.322563
vt 0.379984 0.344334
vt 0.391852 0.361337
vt 0.364561 0.372371
vt 0.410434 0.317004
vt 0.417436 0.337703
vt 0.456080 0.311445
vt 0.456233 0.335048
vt 0.424102 0.357409
vt 0.501797 0.316790
vt 0.495064 0.337521
vt 0.547514 0.322135
vt 0.532602 0.343976
vt 0.586342 0.337570
vt 0.566899 0.355178
vt 0.625170 0.353005
vt 0.597462 0.369760
vt 0.575823 0.382845
vt 0.548389 0.371940
vt 0.651197 0.376181
vt 0.622004 0.387984
vt 0.677225 0.399356
vt 0.640941 0.408474
vt 0.612602 0.415595
vt 0.594213 0.399220
vt 0.686490 0.426744
vt 0.651991 0.430945
vt 0.695755 0.454131
vt 0.656417 0.454224
vt 0.625695 0.454296
vt 0.619149 0.434945
vt 0.686847 0.481562
vt 0.652294 0.477522
vt 0.677939 0.508992
vt 0.641537 0.500045
vt 0.613106 0.493057
vt 0.619401 0.473676
vt 0.652214 0.532289
vt 0.622865 0.520614
vt 0.626488 0.555585
vt 0.598541 0.538877
vt 0.576755 0.525977
vt 0.594931 0.509517
vt 0.587699 0.570595
vt 0.568114 0.553365
vt 0.549464 0.537011
vt 0.436520 1.041339
vt 0.426215 1.041363
vt 0.420681 1.019212
vt 0.433242 1.019330
vt 0.415910 1.041387
vt 0.408387 1.018507
vt 0.400864 0.995627
vt 0.416663 1.002051
vt 0.430619 1.002605
vt 0.413379 1.041393
vt 0.423683 1.041369
vt 0.418149 1.019218
vt 0.405855 1.018513
vt 0.433988 1.041344
vt 0.430710 1.019336
vt 0.428087 1.002611
vt 0.414131 1.002056
vt 0.398332 0.995633
vt 0.446144 1.041316
vt 0.444178 1.019304
vt 0.458299 1.041287
vt 0.458155 1.019271
vt 0.458047 1.002541
vt 0.442774 1.002577
vt 0.470454 1.041259
vt 0.472133 1.019239
vt 0.482609 1.041230
vt 0.485601 1.019207
vt 0.488006 1.002471
vt 0.473319 1.002505
vt 0.492914 1.041206
vt 0.498160 1.019031
vt 0.503219 1.041182
vt 0.510444 1.018268
vt 0.517669 0.995354
vt 0.501954 1.001851
vt 0.415910 1.041387
vt 0.426215 1.041363
vt 0.420681 1.019212
vt 0.408387 1.018507
vt 0.436520 1.041339
vt 0.433242 1.019330
vt 0.430619 1.002605
vt 0.416663 1.002051
vt 0.400864 0.995627
vt 0.460831 1.041281
vt 0.472986 1.041253
vt 0.474665 1.019233
vt 0.460687 1.019266
vt 0.485141 1.041224
vt 0.488133 1.019201
vt 0.490538 1.002465
vt 0.475851 1.002499
vt 0.460578 1.002535
vt 0.495446 1.041200
vt 0.500692 1.019025
vt 0.505751 1.041176
vt 0.512976 1.018262
vt 0.520201 0.995348
vt 0.504486 1.001845
vt 0.503219 1.041182
vt 0.492914 1.041206
vt 0.498160 1.019031
vt 0.510444 1.018268
vt 0.482609 1.041230
vt 0.485601 1.019207
vt 0.488006 1.002471
vt 0.501954 1.001851
vt 0.517669 0.995354
vt 0.470454 1.041259
vt 0.472133 1.019239
vt 0.458299 1.041287
vt 0.458155 1.019271
vt 0.458047 1.002541
vt 0.473319 1.002505
vt 0.446144 1.041316
vt 0.444178 1.019304
vt 0.433988 1.041344
vt 0.430710 1.019336
vt 0.428087 1.002611
vt 0.442774 1.002577
vt 0.505751 1.041176
vt 0.495446 1.041200
vt 0.500692 1.019025
vt 0.512976 1.018262
vt 0.504486 1.001845
vt 0.520201 0.995348
vt 0.458269 0.658432
vt 0.410405 0.658551
vt 0.411421 0.632790
vt 0.458198 0.632627
vt 0.412486 0.608381
vt 0.458320 0.607972
vt 0.526832 0.554720
vt 0.492964 0.560964
vt 0.491187 0.555712
vt 0.523450 0.549875
vt 0.457718 0.563137
vt 0.457684 0.557885
vt 0.457660 0.554262
vt 0.489389 0.550398
vt 0.521118 0.546534
vt 0.388497 0.555044
vt 0.357190 0.545090
vt 0.362124 0.540622
vt 0.391815 0.550184
vt 0.329706 0.531673
vt 0.335872 0.527945
vt 0.340125 0.525373
vt 0.367114 0.536103
vt 0.394104 0.546832
vt 0.307131 0.515289
vt 0.314539 0.512294
vt 0.290297 0.496583
vt 0.298372 0.494554
vt 0.303940 0.493154
vt 0.322033 0.509264
vt 0.279891 0.476262
vt 0.288645 0.475196
vt 0.285023 0.455094
vt 0.291060 0.455080
vt 0.297500 0.474117
vt 0.288383 0.434976
vt 0.297858 0.415573
vt 0.303444 0.416946
vt 0.297252 0.436013
vt 0.306347 0.394797
vt 0.313793 0.397758
vt 0.328708 0.378307
vt 0.334922 0.382007
vt 0.339208 0.384558
vt 0.321326 0.400752
vt 0.356016 0.364762
vt 0.361008 0.369207
vt 0.387192 0.354662
vt 0.390574 0.359507
vt 0.392906 0.362848
vt 0.366057 0.373703
vt 0.421061 0.348418
vt 0.422838 0.353670
vt 0.456306 0.346245
vt 0.456340 0.351497
vt 0.456364 0.355120
vt 0.424635 0.358984
vt 0.491579 0.348253
vt 0.489870 0.353513
vt 0.525528 0.354338
vt 0.522209 0.359198
vt 0.519921 0.362550
vt 0.488142 0.358835
vt 0.556835 0.364292
vt 0.551901 0.368760
vt 0.584318 0.377708
vt 0.578152 0.381437
vt 0.573900 0.384008
vt 0.546910 0.373279
vt 0.606893 0.394093
vt 0.599486 0.397088
vt 0.615653 0.414828
vt 0.610084 0.416227
vt 0.591992 0.400118
vt 0.625380 0.434186
vt 0.629002 0.454288
vt 0.622965 0.454302
vt 0.616524 0.435265
vt 0.634409 0.475431
vt 0.625642 0.474406
vt 0.624268 0.495800
vt 0.616167 0.493809
vt 0.610580 0.492436
vt 0.616772 0.473369
vt 0.607678 0.514584
vt 0.600231 0.511624
vt 0.585316 0.531075
vt 0.579102 0.527375
vt 0.574816 0.524823
vt 0.592698 0.508630
vt 0.558008 0.544620
vt 0.553017 0.540175
vt 0.547967 0.535679
vt 0.359086 0.824028
vt 0.365469 0.810149
vt 0.329457 0.804052
vt 0.334957 0.821642
vt 0.364695 0.783122
vt 0.322322 0.781242
vt 0.282527 0.784428
vt 0.293219 0.803070
vt 0.303912 0.821712
vt 0.423683 1.041369
vt 0.418149 1.019218
vt 0.413379 1.041393
vt 0.405855 1.018513
vt 0.398332 0.995633
vt 0.414131 1.002056
vt 0.542189 0.748239
vt 0.542350 0.734660
vt 0.558053 0.738592
vt 0.559695 0.747976
vt 0.554540 0.715903
vt 0.571190 0.734246
vt 0.575219 0.748500
vt 0.496214 0.570573
vt 0.493416 0.562343
vt 0.490925 0.555028
vt 0.600881 0.732706
vt 0.602292 0.750662
vt 0.597832 0.712245
vt 0.639531 0.715815
vt 0.638945 0.733020
vt 0.638357 0.750225
vt 0.572398 0.761973
vt 0.576184 0.759603
vt 0.600889 0.772037
vt 0.581450 0.773556
vt 0.636596 0.766909
vt 0.634834 0.783592
vt 0.615414 0.791023
vt 0.602582 0.800214
vt 0.598194 0.794757
vt 0.590993 0.785752
vt 0.434909 0.487066
vt 0.445861 0.489028
vt 0.432931 0.489962
vt 0.445096 0.491385
vt 0.457260 0.492807
vt 0.457240 0.489677
vt 0.380056 0.567271
vt 0.418916 0.567415
vt 0.380963 0.565807
vt 0.419349 0.565717
vt 0.457734 0.565627
vt 0.457746 0.567372
vt 0.394919 0.542604
vt 0.426239 0.542714
vt 0.393972 0.541027
vt 0.425772 0.540952
vt 0.457573 0.540878
vt 0.457585 0.542678
vt 0.394201 0.561705
vt 0.396498 0.559597
vt 0.426534 0.559527
vt 0.425954 0.561631
vt 0.457694 0.559454
vt 0.457708 0.561557
vt 0.353387 0.498957
vt 0.352297 0.497122
vt 0.404791 0.496786
vt 0.405343 0.498835
vt 0.404296 0.493284
vt 0.457285 0.496620
vt 0.457299 0.498713
vt 0.350862 0.462316
vt 0.403970 0.462400
vt 0.351862 0.460660
vt 0.404456 0.460537
vt 0.457049 0.460413
vt 0.457062 0.462317
vt 0.398076 0.430440
vt 0.426891 0.430373
vt 0.426060 0.434755
vt 0.456853 0.430303
vt 0.374706 0.575244
vt 0.415534 0.582410
vt 0.371324 0.580196
vt 0.414610 0.585257
vt 0.457895 0.590317
vt 0.457860 0.584966
vt 0.365679 0.236896
vt 0.409758 0.236793
vt 0.455593 0.236685
vt 0.366699 0.219748
vt 0.410274 0.219646
vt 0.365543 0.217685
vt 0.410506 0.217580
vt 0.455468 0.217474
vt 0.455481 0.219540
vt 0.327835 0.091416
vt 0.330547 0.090294
vt 0.391520 0.090151
vt 0.391240 0.091268
vt 0.327897 0.089184
vt 0.391264 0.089035
vt 0.454631 0.088887
vt 0.454638 0.090003
vt 0.454645 0.091119
vt 0.312734 0.666012
vt 0.319618 0.655930
vt 0.387690 0.668149
vt 0.385617 0.674533
vt 0.336576 0.631091
vt 0.395577 0.643862
vt 0.458428 0.672158
vt 0.458499 0.683054
vt 0.321021 0.096539
vt 0.387851 0.096624
vt 0.387418 0.100418
vt 0.322065 0.094627
vt 0.388365 0.094471
vt 0.454666 0.094316
vt 0.454681 0.096516
vt 0.386345 0.268292
vt 0.421087 0.268545
vt 0.421837 0.273045
vt 0.385199 0.266398
vt 0.420492 0.266315
vt 0.455785 0.266232
vt 0.455800 0.268530
vt 0.447050 0.505693
vt 0.457349 0.506395
vt 0.429828 0.994685
vt 0.444895 0.994650
vt 0.445306 1.002571
vt 0.429552 0.992050
vt 0.445031 0.992014
vt 0.460510 0.991977
vt 0.460527 0.994613
vt 0.443450 0.986533
vt 0.443853 0.985591
vt 0.452017 0.985571
vt 0.451962 0.986513
vt 0.443538 0.984650
vt 0.452000 0.984630
vt 0.460462 0.984610
vt 0.460468 0.985552
vt 0.460474 0.986493
vt 0.561083 0.360416
vt 0.589669 0.374473
vt 0.528622 0.349795
vt 0.533060 0.343305
vt 0.564413 0.357289
vt 0.593665 0.372056
vt 0.381480 0.588189
vt 0.380507 0.586677
vt 0.419198 0.586354
vt 0.419680 0.588100
vt 0.457868 0.586217
vt 0.457880 0.588010
vt 0.415942 0.479526
vt 0.424809 0.483854
vt 0.412267 0.481748
vt 0.422599 0.485855
vt 0.312339 0.542175
vt 0.317480 0.539067
vt 0.347510 0.553976
vt 0.345745 0.555455
vt 0.320360 0.537326
vt 0.349611 0.552093
vt 0.380965 0.566077
vt 0.380057 0.567406
vt 0.343400 0.523393
vt 0.343927 0.523074
vt 0.368311 0.535089
vt 0.369633 0.533821
vt 0.339443 0.525786
vt 0.364815 0.538189
vt 0.394010 0.546969
vt 0.394938 0.545609
vt 0.322178 0.536226
vt 0.317167 0.539256
vt 0.347237 0.554240
vt 0.350927 0.550963
vt 0.311698 0.542563
vt 0.345251 0.555902
vt 0.378805 0.569240
vt 0.379718 0.567903
vt 0.380630 0.566566
vt 0.340362 0.561832
vt 0.342000 0.559932
vt 0.368663 0.559697
vt 0.367281 0.561769
vt 0.311987 0.542388
vt 0.317378 0.539128
vt 0.347414 0.554072
vt 0.345474 0.555700
vt 0.321585 0.536584
vt 0.350507 0.551317
vt 0.379901 0.567634
vt 0.378960 0.569012
vt 0.269087 0.568330
vt 0.309474 0.588497
vt 0.261788 0.572744
vt 0.306866 0.590663
vt 0.351944 0.608583
vt 0.353012 0.607018
vt 0.259689 0.574013
vt 0.267016 0.569583
vt 0.307839 0.589984
vt 0.305251 0.592126
vt 0.275716 0.564322
vt 0.314246 0.584321
vt 0.351815 0.608771
vt 0.350814 0.610238
vt 0.345673 0.430603
vt 0.371216 0.430510
vt 0.304081 0.547169
vt 0.337232 0.563164
vt 0.297799 0.550968
vt 0.334562 0.565582
vt 0.284884 0.236979
vt 0.324485 0.236975
vt 0.287465 0.219749
vt 0.326281 0.219812
vt 0.289282 0.217864
vt 0.327413 0.217774
vt 0.220331 0.091668
vt 0.220394 0.090552
vt 0.274398 0.090425
vt 0.274083 0.091542
vt 0.220457 0.089435
vt 0.274177 0.089309
vt 0.188935 0.616799
vt 0.201726 0.609064
vt 0.256822 0.635984
vt 0.250835 0.641405
vt 0.233235 0.590010
vt 0.279600 0.615356
vt 0.212730 0.602410
vt 0.265681 0.627961
vt 0.204351 0.607476
vt 0.262691 0.630668
vt 0.321031 0.653860
vt 0.325541 0.647255
vt 0.209064 0.604626
vt 0.216864 0.599910
vt 0.268556 0.625559
vt 0.266316 0.627385
vt 0.324614 0.648612
vt 0.323568 0.650145
vt 0.331268 0.530729
vt 0.332052 0.530255
vt 0.358963 0.543581
vt 0.360303 0.542271
vt 0.388215 0.555458
vt 0.389338 0.553813
vt 0.402086 0.993869
vt 0.415796 0.994571
vt 0.403308 0.992111
vt 0.416430 0.992081
vt 0.429018 0.986567
vt 0.429105 0.985625
vt 0.436335 0.985608
vt 0.436234 0.986550
vt 0.429192 0.984684
vt 0.436365 0.984667
vt 0.456229 0.334322
vt 0.494644 0.338814
vt 0.493108 0.343545
vt 0.456274 0.341319
vt 0.318299 0.538570
vt 0.348131 0.553424
vt 0.351474 0.550418
vt 0.312973 0.541817
vt 0.346198 0.555076
vt 0.379424 0.568334
vt 0.380378 0.566936
vt 0.381333 0.565538
vt 0.403229 0.468206
vt 0.408660 0.474240
vt 0.398416 0.469415
vt 0.405342 0.475582
vt 0.267554 0.502298
vt 0.269761 0.501743
vt 0.292398 0.521166
vt 0.289947 0.522237
vt 0.271969 0.501188
vt 0.295520 0.519890
vt 0.308230 0.492077
vt 0.305971 0.492644
vt 0.323713 0.508538
vt 0.325815 0.507735
vt 0.318572 0.510660
vt 0.268935 0.501951
vt 0.291960 0.521332
vt 0.297393 0.519092
vt 0.266714 0.502509
vt 0.289206 0.522536
vt 0.391669 0.561711
vt 0.393966 0.559603
vt 0.366131 0.559703
vt 0.364749 0.561774
vt 0.394694 0.556257
vt 0.367075 0.556459
vt 0.341105 0.558038
vt 0.339468 0.559938
vt 0.337830 0.561838
vt 0.267092 0.502414
vt 0.269382 0.501838
vt 0.292237 0.521224
vt 0.289540 0.522401
vt 0.271673 0.501263
vt 0.296802 0.519347
vt 0.203953 0.518279
vt 0.235162 0.544256
vt 0.201354 0.518932
vt 0.231571 0.545838
vt 0.198605 0.519623
vt 0.201042 0.519011
vt 0.232696 0.545249
vt 0.229147 0.546818
vt 0.242084 0.541361
vt 0.395544 0.430446
vt 0.368685 0.430516
vt 0.343141 0.430609
vt 0.256740 0.505015
vt 0.277164 0.527404
vt 0.248512 0.507082
vt 0.273156 0.529025
vt 0.363147 0.236902
vt 0.321953 0.236981
vt 0.362913 0.232868
vt 0.321628 0.233064
vt 0.281744 0.234245
vt 0.282352 0.236985
vt 0.363577 0.222925
vt 0.364162 0.219754
vt 0.323739 0.219818
vt 0.322629 0.222898
vt 0.363012 0.217691
vt 0.324862 0.217780
vt 0.286712 0.217870
vt 0.284914 0.219755
vt 0.283115 0.221641
vt 0.325303 0.091422
vt 0.328015 0.090300
vt 0.271866 0.090431
vt 0.271551 0.091548
vt 0.325365 0.089189
vt 0.271645 0.089315
vt 0.217924 0.089441
vt 0.217862 0.090558
vt 0.217799 0.091674
vt 0.105948 0.542906
vt 0.122698 0.538697
vt 0.156431 0.576218
vt 0.147442 0.579852
vt 0.163962 0.528328
vt 0.190631 0.562390
vt 0.137109 0.535076
vt 0.169732 0.570840
vt 0.126137 0.537833
vt 0.165244 0.572655
vt 0.132308 0.536282
vt 0.134855 0.535642
vt 0.173713 0.569096
vt 0.170686 0.570454
vt 0.292342 0.496069
vt 0.289610 0.496755
vt 0.309632 0.514213
vt 0.311805 0.513399
vt 0.427296 0.994691
vt 0.413264 0.994577
vt 0.427020 0.992056
vt 0.413898 0.992087
vt 0.400776 0.992117
vt 0.399554 0.993875
vt 0.440918 0.986539
vt 0.441321 0.985596
vt 0.433803 0.985614
vt 0.433702 0.986556
vt 0.441006 0.984656
vt 0.433833 0.984673
vt 0.426660 0.984689
vt 0.426573 0.985631
vt 0.426486 0.986573
vt 0.379517 0.343665
vt 0.417873 0.338994
vt 0.419471 0.343718
vt 0.384039 0.350134
vt 0.270539 0.501547
vt 0.293310 0.520788
vt 0.268411 0.502141
vt 0.290692 0.521980
vt 0.398703 0.454828
vt 0.399872 0.461650
vt 0.393485 0.454840
vt 0.395951 0.462127
vt 0.455247 0.570867
vt 0.455215 0.567385
vt 0.416385 0.567427
vt 0.416128 0.570753
vt 0.455202 0.565633
vt 0.416817 0.565723
vt 0.378431 0.565813
vt 0.377524 0.567279
vt 0.455053 0.542683
vt 0.423708 0.542720
vt 0.424112 0.545730
vt 0.455041 0.540884
vt 0.423241 0.540958
vt 0.391440 0.541033
vt 0.392387 0.542610
vt 0.393334 0.544188
vt 0.455029 0.538956
vt 0.455017 0.537122
vt 0.416016 0.537256
vt 0.416474 0.539046
vt 0.376988 0.537559
vt 0.377920 0.539137
vt 0.454899 0.519081
vt 0.415989 0.519130
vt 0.454887 0.517233
vt 0.416440 0.517323
vt 0.377993 0.517413
vt 0.377053 0.519010
vt 0.454767 0.498719
vt 0.454753 0.496626
vt 0.402259 0.496792
vt 0.402811 0.498841
vt 0.349765 0.497128
vt 0.350855 0.498963
vt 0.454530 0.462323
vt 0.401439 0.462406
vt 0.454518 0.460419
vt 0.401924 0.460543
vt 0.349330 0.460666
vt 0.348330 0.462322
vt 0.454322 0.430309
vt 0.424359 0.430379
vt 0.239888 0.455200
vt 0.244477 0.480575
vt 0.230968 0.455221
vt 0.239740 0.481151
vt 0.453061 0.236691
vt 0.407227 0.236799
vt 0.407094 0.232765
vt 0.452939 0.219546
vt 0.407735 0.219652
vt 0.407400 0.222822
vt 0.452909 0.217480
vt 0.407960 0.217586
vt 0.452114 0.091125
vt 0.452106 0.090009
vt 0.388988 0.090157
vt 0.388709 0.091274
vt 0.452099 0.088892
vt 0.388732 0.089041
vt 0.076407 0.455583
vt 0.094567 0.455540
vt 0.101800 0.497951
vt 0.091178 0.499244
vt 0.142217 0.493028
vt 0.110191 0.455504
vt 0.117520 0.496036
vt 0.098295 0.455531
vt 0.112216 0.496682
vt 0.452149 0.096522
vt 0.385319 0.096630
vt 0.452134 0.094322
vt 0.385834 0.094477
vt 0.319533 0.094633
vt 0.318489 0.096545
vt 0.453269 0.268536
vt 0.418555 0.268551
vt 0.453254 0.266238
vt 0.417960 0.266321
vt 0.382667 0.266404
vt 0.383813 0.268298
vt 0.457995 0.994619
vt 0.442363 0.994656
vt 0.457978 0.991983
vt 0.442499 0.992020
vt 0.457942 0.986499
vt 0.457936 0.985558
vt 0.449485 0.985577
vt 0.449430 0.986519
vt 0.457930 0.984616
vt 0.449468 0.984636
vt 0.319288 0.372699
vt 0.348347 0.357796
vt 0.351718 0.360906
vt 0.323315 0.375097
vt 0.403054 0.441429
vt 0.399783 0.448000
vt 0.398226 0.440242
vt 0.395856 0.447541
vt 0.532899 0.566915
vt 0.494044 0.567244
vt 0.494357 0.570565
vt 0.531974 0.565453
vt 0.493588 0.565543
vt 0.517716 0.542316
vt 0.486398 0.542573
vt 0.518643 0.540735
vt 0.486842 0.540809
vt 0.532138 0.538775
vt 0.533049 0.537194
vt 0.494018 0.537073
vt 0.493583 0.538866
vt 0.518683 0.561414
vt 0.516358 0.559316
vt 0.486323 0.559387
vt 0.486930 0.561488
vt 0.455162 0.559460
vt 0.455176 0.561563
vt 0.532743 0.518645
vt 0.493809 0.518948
vt 0.531782 0.517053
vt 0.493335 0.517143
vt 0.324355 0.534909
vt 0.300704 0.517868
vt 0.282750 0.498475
vt 0.558679 0.498476
vt 0.559745 0.496636
vt 0.507248 0.496546
vt 0.506723 0.498597
vt 0.560811 0.494797
vt 0.507698 0.493042
vt 0.560727 0.461824
vt 0.507621 0.462157
vt 0.559705 0.460173
vt 0.507111 0.460296
vt 0.513099 0.430171
vt 0.484284 0.430238
vt 0.542975 0.236481
vt 0.498896 0.236584
vt 0.541730 0.219338
vt 0.498151 0.219440
vt 0.542861 0.217270
vt 0.497885 0.217375
vt 0.578924 0.090828
vt 0.576198 0.089718
vt 0.515225 0.089861
vt 0.515519 0.090976
vt 0.578833 0.088595
vt 0.515466 0.088744
vt 0.104810 0.368124
vt 0.121614 0.372254
vt 0.101248 0.413097
vt 0.090609 0.411853
vt 0.136072 0.375808
vt 0.116992 0.414938
vt 0.125064 0.373102
vt 0.111679 0.414317
vt 0.585805 0.095919
vt 0.518978 0.096317
vt 0.584736 0.094011
vt 0.518435 0.094166
vt 0.522719 0.267973
vt 0.487981 0.268388
vt 0.523840 0.266073
vt 0.488547 0.266155
vt 0.488694 0.994547
vt 0.473627 0.994583
vt 0.488935 0.991910
vt 0.473457 0.991947
vt 0.474966 0.986459
vt 0.474551 0.985519
vt 0.466387 0.985538
vt 0.466454 0.986479
vt 0.474853 0.984577
vt 0.466392 0.984596
vt 0.415620 0.430049
vt 0.408407 0.435369
vt 0.411916 0.427844
vt 0.405071 0.434043
vt 0.311205 0.367887
vt 0.316386 0.370972
vt 0.291537 0.388990
vt 0.289072 0.387930
vt 0.294676 0.390250
vt 0.269154 0.408518
vt 0.266940 0.407974
vt 0.342509 0.386523
vt 0.343040 0.386840
vt 0.323016 0.401470
vt 0.325128 0.402263
vt 0.338521 0.384149
vt 0.317848 0.399373
vt 0.303216 0.416890
vt 0.305482 0.417447
vt 0.307747 0.418004
vt 0.321121 0.373790
vt 0.316070 0.370783
vt 0.291098 0.388826
vt 0.296559 0.391040
vt 0.310558 0.367502
vt 0.288327 0.387634
vt 0.266097 0.407766
vt 0.268325 0.408314
vt 0.270554 0.408862
vt 0.572522 0.561288
vt 0.570859 0.559396
vt 0.544194 0.559286
vt 0.545603 0.561351
vt 0.310850 0.367676
vt 0.316283 0.370910
vt 0.291376 0.388932
vt 0.288663 0.387768
vt 0.320522 0.373434
vt 0.295965 0.390787
vt 0.271072 0.408989
vt 0.268774 0.408424
vt 0.266477 0.407860
vt 0.272057 0.477216
vt 0.264184 0.478175
vt 0.267614 0.341936
vt 0.234003 0.366168
vt 0.260257 0.337557
vt 0.230392 0.364603
vt 0.200526 0.391650
vt 0.203133 0.392291
vt 0.258142 0.336297
vt 0.265526 0.340693
vt 0.231524 0.365187
vt 0.227955 0.363634
vt 0.240962 0.369031
vt 0.202657 0.392173
vt 0.200212 0.391573
vt 0.197768 0.390972
vt 0.565502 0.430088
vt 0.539959 0.430115
vt 0.302882 0.362932
vt 0.276223 0.382822
vt 0.296550 0.359163
vt 0.272193 0.381221
vt 0.247837 0.403278
vt 0.256091 0.405307
vt 0.623769 0.236185
vt 0.584169 0.236366
vt 0.620964 0.218968
vt 0.582150 0.219212
vt 0.619122 0.217091
vt 0.580991 0.217180
vt 0.686428 0.090576
vt 0.686351 0.089460
vt 0.632347 0.089586
vt 0.632676 0.090702
vt 0.686274 0.088344
vt 0.632554 0.088470
vt 0.186833 0.293845
vt 0.199723 0.301519
vt 0.154857 0.334576
vt 0.145822 0.330984
vt 0.231480 0.320425
vt 0.189237 0.348243
vt 0.210814 0.308122
vt 0.168229 0.339892
vt 0.202370 0.303094
vt 0.163717 0.338098
vt 0.207120 0.305922
vt 0.214981 0.310602
vt 0.172232 0.341617
vt 0.169188 0.340273
vt 0.133811 0.375252
vt 0.131256 0.374624
vt 0.330282 0.379244
vt 0.331072 0.379715
vt 0.308861 0.395861
vt 0.311045 0.396665
vt 0.289067 0.413412
vt 0.291809 0.414086
vt 0.516425 0.993601
vt 0.502724 0.994368
vt 0.515180 0.991849
vt 0.502057 0.991880
vt 0.489399 0.986425
vt 0.489299 0.985484
vt 0.482069 0.985501
vt 0.482182 0.986442
vt 0.489200 0.984543
vt 0.482027 0.984560
vt 0.457796 0.575059
vt 0.457750 0.568063
vt 0.494554 0.565664
vt 0.496152 0.570388
vt 0.529986 0.559248
vt 0.534508 0.565717
vt 0.321777 0.374226
vt 0.317222 0.371466
vt 0.292480 0.389366
vt 0.297309 0.391402
vt 0.311864 0.368219
vt 0.289956 0.388175
vt 0.268049 0.408131
vt 0.269967 0.408717
vt 0.271886 0.409303
vt 0.434488 0.422421
vt 0.424430 0.425680
vt 0.432472 0.419533
vt 0.422194 0.423689
vt 0.377668 0.341016
vt 0.378592 0.342340
vt 0.346221 0.355922
vt 0.344436 0.354451
vt 0.394703 0.365421
vt 0.393757 0.364066
vt 0.367267 0.374711
vt 0.368606 0.375972
vt 0.363731 0.371627
vt 0.378246 0.341844
vt 0.345944 0.355660
vt 0.349677 0.358919
vt 0.377316 0.340512
vt 0.343937 0.354007
vt 0.394201 0.561705
vt 0.396498 0.559597
vt 0.368663 0.559697
vt 0.367281 0.561769
vt 0.342000 0.559932
vt 0.340362 0.561832
vt 0.352942 0.548966
vt 0.385402 0.559587
vt 0.351032 0.302855
vt 0.307736 0.321581
vt 0.349943 0.301296
vt 0.305100 0.319426
vt 0.348792 0.299646
vt 0.349813 0.301109
vt 0.306083 0.320101
vt 0.303467 0.317972
vt 0.398076 0.430440
vt 0.371216 0.430510
vt 0.345673 0.430603
vt 0.373139 0.334527
vt 0.335823 0.346782
vt 0.369693 0.329591
vt 0.333122 0.344377
vt 0.365679 0.236896
vt 0.324485 0.236975
vt 0.284884 0.236979
vt 0.366696 0.219748
vt 0.326271 0.219812
vt 0.365544 0.217685
vt 0.327394 0.217774
vt 0.289244 0.217864
vt 0.287446 0.219749
vt 0.327835 0.091416
vt 0.330547 0.090294
vt 0.274398 0.090425
vt 0.274083 0.091542
vt 0.327897 0.089184
vt 0.274177 0.089309
vt 0.220456 0.089435
vt 0.220394 0.090552
vt 0.220331 0.091668
vt 0.309988 0.244052
vt 0.317002 0.254102
vt 0.254467 0.274342
vt 0.248410 0.268949
vt 0.334284 0.278861
vt 0.277513 0.294862
vt 0.323038 0.262749
vt 0.263431 0.282323
vt 0.318443 0.256165
vt 0.260406 0.279630
vt 0.321027 0.259869
vt 0.322094 0.261396
vt 0.266337 0.284711
vt 0.264074 0.282895
vt 0.388049 0.355889
vt 0.386905 0.354249
vt 0.357808 0.366263
vt 0.359166 0.367567
vt 0.429828 0.994685
vt 0.415796 0.994571
vt 0.429552 0.992050
vt 0.416430 0.992081
vt 0.403308 0.992111
vt 0.402086 0.993869
vt 0.443450 0.986533
vt 0.443853 0.985591
vt 0.436335 0.985608
vt 0.436234 0.986550
vt 0.443538 0.984650
vt 0.436365 0.984667
vt 0.429192 0.984684
vt 0.429105 0.985625
vt 0.429018 0.986567
vt 0.562307 0.548476
vt 0.590709 0.534285
vt 0.594736 0.536683
vt 0.565678 0.551587
vt 0.379825 0.344143
vt 0.378918 0.342808
vt 0.346855 0.356472
vt 0.350238 0.359462
vt 0.378011 0.341473
vt 0.344938 0.354846
vt 0.456784 0.419705
vt 0.445414 0.420407
vt 0.456764 0.416575
vt 0.444618 0.418054
vt 0.457746 0.567372
vt 0.418917 0.567416
vt 0.457734 0.565627
vt 0.419349 0.565717
vt 0.380963 0.565807
vt 0.380056 0.567273
vt 0.457605 0.545799
vt 0.457585 0.542678
vt 0.426239 0.542714
vt 0.426643 0.545724
vt 0.457573 0.540878
vt 0.425772 0.540952
vt 0.393972 0.541027
vt 0.394919 0.542604
vt 0.457561 0.538950
vt 0.457549 0.537116
vt 0.418548 0.537250
vt 0.419006 0.539041
vt 0.379520 0.537554
vt 0.380452 0.539131
vt 0.419380 0.570568
vt 0.420917 0.565837
vt 0.422445 0.561129
vt 0.457299 0.498713
vt 0.457285 0.496620
vt 0.404791 0.496786
vt 0.405343 0.498835
vt 0.404296 0.493284
vt 0.352297 0.497122
vt 0.353387 0.498957
vt 0.457062 0.462318
vt 0.403970 0.462400
vt 0.403616 0.465684
vt 0.457049 0.460413
vt 0.404456 0.460537
vt 0.351862 0.460660
vt 0.350862 0.462316
vt 0.456853 0.430303
vt 0.426891 0.430373
vt 0.456164 0.324416
vt 0.413873 0.327170
vt 0.414995 0.330487
vt 0.456129 0.319064
vt 0.412911 0.324328
vt 0.455481 0.219540
vt 0.410273 0.219646
vt 0.455468 0.217474
vt 0.410506 0.217580
vt 0.454645 0.091119
vt 0.454638 0.090003
vt 0.391520 0.090151
vt 0.391240 0.091268
vt 0.454631 0.088887
vt 0.391264 0.089035
vt 0.455658 0.246598
vt 0.388103 0.250995
vt 0.455611 0.239460
vt 0.387027 0.247813
vt 0.454681 0.096516
vt 0.387851 0.096624
vt 0.387418 0.100418
vt 0.454666 0.094316
vt 0.388365 0.094471
vt 0.322065 0.094627
vt 0.321021 0.096539
vt 0.460527 0.994613
vt 0.444895 0.994650
vt 0.445306 1.002571
vt 0.460510 0.991977
vt 0.445031 0.992014
vt 0.460474 0.986493
vt 0.460468 0.985552
vt 0.452017 0.985571
vt 0.451962 0.986513
vt 0.460462 0.984610
vt 0.452000 0.984630
vt 0.479116 0.422316
vt 0.468164 0.420354
vt 0.481094 0.419419
vt 0.468929 0.417997
vt 0.535431 0.566909
vt 0.496575 0.567234
vt 0.534506 0.565447
vt 0.496120 0.565537
vt 0.520248 0.542311
vt 0.488930 0.542567
vt 0.488565 0.545579
vt 0.521175 0.540729
vt 0.489374 0.540803
vt 0.534670 0.538769
vt 0.535581 0.537188
vt 0.496550 0.537067
vt 0.496115 0.538860
vt 0.521215 0.561408
vt 0.518890 0.559310
vt 0.488855 0.559381
vt 0.489461 0.561482
vt 0.488486 0.556037
vt 0.457672 0.556109
vt 0.457694 0.559454
vt 0.457708 0.561557
vt 0.535275 0.518639
vt 0.496341 0.518942
vt 0.534314 0.517047
vt 0.495867 0.517137
vt 0.457419 0.517227
vt 0.457431 0.519075
vt 0.561211 0.498470
vt 0.562277 0.496630
vt 0.509779 0.496540
vt 0.509255 0.498591
vt 0.563259 0.461818
vt 0.510153 0.462151
vt 0.562237 0.460167
vt 0.509643 0.460290
vt 0.515631 0.430165
vt 0.486816 0.430232
vt 0.539319 0.334138
vt 0.498490 0.326972
vt 0.542700 0.329185
vt 0.499415 0.324125
vt 0.545507 0.236475
vt 0.501428 0.236578
vt 0.455593 0.236685
vt 0.544267 0.219332
vt 0.500690 0.219434
vt 0.545392 0.217264
vt 0.500430 0.217369
vt 0.581456 0.090822
vt 0.578730 0.089712
vt 0.517756 0.089855
vt 0.518051 0.090971
vt 0.581365 0.088590
vt 0.517998 0.088738
vt 0.601290 0.243370
vt 0.594406 0.253452
vt 0.526335 0.241232
vt 0.528408 0.234849
vt 0.577448 0.278291
vt 0.518447 0.265520
vt 0.455771 0.264065
vt 0.455597 0.237224
vt 0.455526 0.226328
vt 0.588484 0.262127
vt 0.523267 0.250678
vt 0.592993 0.255522
vt 0.524302 0.247491
vt 0.588337 0.095913
vt 0.521510 0.096311
vt 0.587268 0.094005
vt 0.520967 0.094161
vt 0.525250 0.267967
vt 0.490513 0.268382
vt 0.526372 0.266067
vt 0.491079 0.266149
vt 0.455785 0.266232
vt 0.455800 0.268530
vt 0.491226 0.994541
vt 0.476159 0.994577
vt 0.491467 0.991905
vt 0.475988 0.991941
vt 0.477498 0.986453
vt 0.477083 0.985513
vt 0.468919 0.985532
vt 0.468986 0.986473
vt 0.477385 0.984571
vt 0.468923 0.984591
vt 0.534280 0.587831
vt 0.535234 0.586315
vt 0.496539 0.586173
vt 0.496080 0.587921
vt 0.457868 0.586217
vt 0.457880 0.588010
vt 0.498082 0.429856
vt 0.489215 0.425528
vt 0.501757 0.427633
vt 0.491425 0.423526
vt 0.601685 0.367206
vt 0.596544 0.370315
vt 0.566514 0.355406
vt 0.568280 0.353927
vt 0.533967 0.341976
vt 0.534875 0.340647
vt 0.570625 0.385989
vt 0.570098 0.386308
vt 0.545714 0.374293
vt 0.544391 0.375560
vt 0.574582 0.383596
vt 0.549209 0.371192
vt 0.519086 0.363773
vt 0.518158 0.365132
vt 0.591846 0.373156
vt 0.596858 0.370125
vt 0.566788 0.355142
vt 0.563097 0.358419
vt 0.602327 0.366818
vt 0.568773 0.353480
vt 0.535220 0.340142
vt 0.534307 0.341479
vt 0.575054 0.561282
vt 0.573391 0.559390
vt 0.546726 0.559280
vt 0.548134 0.561345
vt 0.602038 0.366993
vt 0.596646 0.370253
vt 0.566611 0.355309
vt 0.568551 0.353682
vt 0.592440 0.372797
vt 0.563518 0.358063
vt 0.533182 0.343127
vt 0.534123 0.341748
vt 0.535064 0.340370
vt 0.644937 0.341052
vt 0.604551 0.320885
vt 0.652236 0.336638
vt 0.607158 0.318719
vt 0.562081 0.300799
vt 0.561013 0.302363
vt 0.654335 0.335368
vt 0.647008 0.339799
vt 0.606185 0.319398
vt 0.608773 0.317256
vt 0.599779 0.325061
vt 0.562209 0.300611
vt 0.563210 0.299144
vt 0.568034 0.430082
vt 0.542491 0.430109
vt 0.609943 0.362213
vt 0.576793 0.346217
vt 0.616225 0.358414
vt 0.579463 0.343800
vt 0.626301 0.236179
vt 0.586701 0.236360
vt 0.623515 0.218962
vt 0.584692 0.219206
vt 0.621692 0.217085
vt 0.583542 0.217174
vt 0.688960 0.090570
vt 0.688883 0.089454
vt 0.634879 0.089580
vt 0.635208 0.090696
vt 0.688806 0.088338
vt 0.635085 0.088464
vt 0.725089 0.292583
vt 0.712299 0.300318
vt 0.657203 0.273398
vt 0.663190 0.267976
vt 0.680790 0.319372
vt 0.634425 0.294026
vt 0.701294 0.306972
vt 0.648344 0.281421
vt 0.709673 0.301905
vt 0.651333 0.278714
vt 0.704960 0.304755
vt 0.697161 0.309472
vt 0.645468 0.283823
vt 0.647708 0.281996
vt 0.589410 0.260770
vt 0.590457 0.259237
vt 0.582756 0.378653
vt 0.581973 0.379127
vt 0.555062 0.365800
vt 0.553722 0.367111
vt 0.525810 0.353924
vt 0.524687 0.355569
vt 0.518957 0.993595
vt 0.505256 0.994362
vt 0.517712 0.991843
vt 0.504589 0.991874
vt 0.491931 0.986419
vt 0.491831 0.985478
vt 0.484601 0.985495
vt 0.484714 0.986436
vt 0.491732 0.984537
vt 0.484559 0.984554
vt 0.591096 0.373610
vt 0.595725 0.370811
vt 0.565892 0.355957
vt 0.562484 0.358989
vt 0.601177 0.367514
vt 0.567889 0.354281
vt 0.534601 0.341048
vt 0.533647 0.342446
vt 0.646471 0.407084
vt 0.644263 0.407639
vt 0.621627 0.388216
vt 0.624078 0.387145
vt 0.618504 0.389492
vt 0.605795 0.417305
vt 0.608053 0.416738
vt 0.590312 0.400844
vt 0.588210 0.401647
vt 0.610312 0.416170
vt 0.595452 0.398722
vt 0.642869 0.407989
vt 0.645090 0.407431
vt 0.622064 0.388050
vt 0.616632 0.390290
vt 0.647311 0.406873
vt 0.624819 0.386846
vt 0.518683 0.561414
vt 0.516358 0.559317
vt 0.544194 0.559286
vt 0.545603 0.561351
vt 0.570859 0.559396
vt 0.572522 0.561288
vt 0.646932 0.406968
vt 0.644642 0.407544
vt 0.621787 0.388158
vt 0.624485 0.386981
vt 0.642352 0.408119
vt 0.617222 0.390034
vt 0.710071 0.391103
vt 0.678863 0.365125
vt 0.670096 0.368752
vt 0.712670 0.390450
vt 0.682453 0.363544
vt 0.715420 0.389759
vt 0.712983 0.390371
vt 0.681328 0.364133
vt 0.684878 0.362564
vt 0.513099 0.430171
vt 0.539959 0.430115
vt 0.565502 0.430088
vt 0.657285 0.404367
vt 0.636860 0.381977
vt 0.665512 0.402299
vt 0.640869 0.380357
vt 0.542975 0.236481
vt 0.584169 0.236366
vt 0.623769 0.236185
vt 0.541749 0.219338
vt 0.582162 0.219212
vt 0.542911 0.217269
vt 0.581016 0.217180
vt 0.619122 0.217091
vt 0.620964 0.218968
vt 0.578924 0.090828
vt 0.576198 0.089718
vt 0.632347 0.089586
vt 0.632676 0.090702
vt 0.578833 0.088595
vt 0.632554 0.088470
vt 0.686274 0.088344
vt 0.686351 0.089460
vt 0.686428 0.090576
vt 0.808076 0.366476
vt 0.791327 0.370685
vt 0.757594 0.333164
vt 0.766583 0.329530
vt 0.750063 0.381054
vt 0.723393 0.346992
vt 0.781716 0.373100
vt 0.779170 0.373740
vt 0.740312 0.340286
vt 0.743338 0.338928
vt 0.621682 0.413313
vt 0.624415 0.412626
vt 0.604393 0.395169
vt 0.602219 0.395983
vt 0.488694 0.994547
vt 0.502724 0.994368
vt 0.488935 0.991910
vt 0.502057 0.991880
vt 0.515180 0.991849
vt 0.516425 0.993601
vt 0.474966 0.986459
vt 0.474551 0.985519
vt 0.482069 0.985501
vt 0.482182 0.986442
vt 0.474853 0.984577
vt 0.482027 0.984560
vt 0.489200 0.984543
vt 0.489299 0.985484
vt 0.489399 0.986425
vt 0.641160 0.408419
vt 0.643483 0.407835
vt 0.620713 0.388594
vt 0.615687 0.390663
vt 0.645805 0.407251
vt 0.623491 0.387383
vt 0.515322 0.454554
vt 0.514152 0.447732
vt 0.520539 0.454542
vt 0.518074 0.447254
vt 0.515608 0.439967
vt 0.510796 0.441176
vt 0.455214 0.567378
vt 0.494043 0.567240
vt 0.455202 0.565633
vt 0.493588 0.565543
vt 0.531974 0.565453
vt 0.532900 0.566915
vt 0.455053 0.542683
vt 0.486398 0.542573
vt 0.455041 0.540884
vt 0.486842 0.540809
vt 0.518643 0.540735
vt 0.517716 0.542316
vt 0.455029 0.538956
vt 0.455017 0.537122
vt 0.494018 0.537073
vt 0.493583 0.538866
vt 0.533049 0.537194
vt 0.532138 0.538775
vt 0.455176 0.561563
vt 0.455162 0.559460
vt 0.486323 0.559387
vt 0.486930 0.561488
vt 0.454899 0.519081
vt 0.493809 0.518948
vt 0.454887 0.517233
vt 0.493335 0.517143
vt 0.531782 0.517053
vt 0.532743 0.518645
vt 0.454767 0.498719
vt 0.454753 0.496626
vt 0.507248 0.496546
vt 0.506723 0.498597
vt 0.559745 0.496636
vt 0.558679 0.498476
vt 0.454530 0.462323
vt 0.507621 0.462157
vt 0.454518 0.460419
vt 0.507111 0.460296
vt 0.559705 0.460173
vt 0.560727 0.461824
vt 0.454322 0.430309
vt 0.484284 0.430238
vt 0.674137 0.454182
vt 0.669547 0.428807
vt 0.683057 0.454161
vt 0.674285 0.428230
vt 0.453061 0.236691
vt 0.498896 0.236584
vt 0.452939 0.219546
vt 0.498163 0.219440
vt 0.452909 0.217480
vt 0.497910 0.217375
vt 0.452114 0.091125
vt 0.452106 0.090009
vt 0.515224 0.089861
vt 0.515519 0.090976
vt 0.452099 0.088892
vt 0.515466 0.088744
vt 0.837617 0.453799
vt 0.819458 0.453842
vt 0.812224 0.411431
vt 0.822847 0.410138
vt 0.774722 0.453946
vt 0.771807 0.416353
vt 0.803834 0.453878
vt 0.796505 0.413346
vt 0.815730 0.453850
vt 0.801809 0.412700
vt 0.787888 0.371549
vt 0.776915 0.374306
vt 0.452149 0.096522
vt 0.518978 0.096317
vt 0.452134 0.094322
vt 0.518435 0.094166
vt 0.584736 0.094011
vt 0.585805 0.095919
vt 0.453269 0.268536
vt 0.487981 0.268388
vt 0.453254 0.266238
vt 0.488547 0.266155
vt 0.523840 0.266073
vt 0.522719 0.267973
vt 0.457995 0.994619
vt 0.473627 0.994583
vt 0.457978 0.991983
vt 0.473457 0.991947
vt 0.457942 0.986499
vt 0.457936 0.985558
vt 0.466387 0.985538
vt 0.466454 0.986479
vt 0.457930 0.984616
vt 0.466392 0.984596
vt 0.455348 0.588016
vt 0.455337 0.586223
vt 0.494007 0.586179
vt 0.493548 0.587927
vt 0.532702 0.586321
vt 0.531748 0.587837
vt 0.510970 0.467953
vt 0.514241 0.461382
vt 0.515798 0.469140
vt 0.518169 0.461841
vt 0.377524 0.567279
vt 0.416384 0.567422
vt 0.378431 0.565813
vt 0.416817 0.565723
vt 0.392387 0.542610
vt 0.423708 0.542720
vt 0.391440 0.541033
vt 0.423241 0.540958
vt 0.377920 0.539137
vt 0.376988 0.537559
vt 0.416016 0.537256
vt 0.416474 0.539046
vt 0.391669 0.561711
vt 0.393966 0.559603
vt 0.424002 0.559533
vt 0.423422 0.561637
vt 0.377053 0.519010
vt 0.415989 0.519130
vt 0.377993 0.517413
vt 0.416440 0.517323
vt 0.350855 0.498963
vt 0.349765 0.497128
vt 0.402259 0.496792
vt 0.402811 0.498841
vt 0.348330 0.462322
vt 0.401439 0.462406
vt 0.349330 0.460666
vt 0.401924 0.460543
vt 0.657934 0.504075
vt 0.669878 0.479578
vt 0.666188 0.506104
vt 0.674622 0.480132
vt 0.363147 0.236902
vt 0.407227 0.236799
vt 0.364143 0.219754
vt 0.407722 0.219652
vt 0.362962 0.217691
vt 0.407935 0.217586
vt 0.325303 0.091422
vt 0.328015 0.090300
vt 0.388988 0.090157
vt 0.388709 0.091274
vt 0.325365 0.089189
vt 0.388732 0.089041
vt 0.809214 0.541258
vt 0.792410 0.537127
vt 0.812776 0.496284
vt 0.823416 0.497528
vt 0.751013 0.526952
vt 0.772297 0.491552
vt 0.777952 0.533574
vt 0.797033 0.494444
vt 0.788960 0.536279
vt 0.802345 0.495065
vt 0.318489 0.096545
vt 0.385319 0.096630
vt 0.319533 0.094633
vt 0.385834 0.094477
vt 0.383813 0.268298
vt 0.418555 0.268551
vt 0.382667 0.266404
vt 0.417960 0.266321
vt 0.427296 0.994691
vt 0.442363 0.994656
vt 0.427020 0.992056
vt 0.442499 0.992020
vt 0.440918 0.986539
vt 0.441321 0.985597
vt 0.449485 0.985577
vt 0.449430 0.986519
vt 0.441006 0.984656
vt 0.449468 0.984636
vt 0.378948 0.588195
vt 0.377975 0.586683
vt 0.416666 0.586360
vt 0.417148 0.588106
vt 0.498404 0.479333
vt 0.505618 0.474013
vt 0.502108 0.481538
vt 0.508953 0.475339
vt 0.602820 0.541495
vt 0.597638 0.538411
vt 0.622487 0.520392
vt 0.624952 0.521452
vt 0.619348 0.519131
vt 0.642655 0.500319
vt 0.644870 0.500864
vt 0.647085 0.501408
vt 0.571516 0.522858
vt 0.570985 0.522542
vt 0.591009 0.507912
vt 0.588896 0.507118
vt 0.575504 0.525232
vt 0.596177 0.510009
vt 0.610809 0.492492
vt 0.608543 0.491935
vt 0.606277 0.491378
vt 0.592903 0.535591
vt 0.597955 0.538598
vt 0.622927 0.520556
vt 0.617465 0.518342
vt 0.603466 0.541880
vt 0.625697 0.521748
vt 0.647928 0.501615
vt 0.645699 0.501068
vt 0.643471 0.500520
vt 0.337830 0.561838
vt 0.339468 0.559938
vt 0.366131 0.559703
vt 0.364749 0.561774
vt 0.603175 0.541706
vt 0.597741 0.538471
vt 0.622648 0.520450
vt 0.625361 0.521614
vt 0.645250 0.500957
vt 0.647548 0.501522
vt 0.646411 0.567446
vt 0.680022 0.543214
vt 0.653767 0.571825
vt 0.683633 0.544779
vt 0.713499 0.517732
vt 0.710891 0.517091
vt 0.655883 0.573085
vt 0.648498 0.568689
vt 0.682500 0.544195
vt 0.686070 0.545747
vt 0.639730 0.563468
vt 0.673063 0.540351
vt 0.711368 0.517208
vt 0.713813 0.517809
vt 0.716257 0.518410
vt 0.343141 0.430609
vt 0.368685 0.430516
vt 0.395544 0.430446
vt 0.611142 0.546449
vt 0.637801 0.526559
vt 0.617474 0.550219
vt 0.641831 0.528161
vt 0.282352 0.236985
vt 0.321953 0.236981
vt 0.284914 0.219755
vt 0.323726 0.219818
vt 0.286712 0.217870
vt 0.324837 0.217781
vt 0.217799 0.091674
vt 0.217862 0.090558
vt 0.271866 0.090431
vt 0.271551 0.091548
vt 0.217925 0.089441
vt 0.271645 0.089315
vt 0.727192 0.615537
vt 0.714301 0.607863
vt 0.759167 0.574805
vt 0.768203 0.578397
vt 0.682544 0.588957
vt 0.724787 0.561139
vt 0.703210 0.601260
vt 0.745796 0.569490
vt 0.711655 0.606288
vt 0.750308 0.571284
vt 0.706904 0.603460
vt 0.699044 0.598780
vt 0.741793 0.567765
vt 0.744836 0.569109
vt 0.780213 0.534130
vt 0.782768 0.534758
vt 0.583742 0.530137
vt 0.582952 0.529667
vt 0.605163 0.513521
vt 0.602979 0.512717
vt 0.624957 0.495970
vt 0.622216 0.495296
vt 0.399554 0.993875
vt 0.413264 0.994577
vt 0.400776 0.992117
vt 0.413898 0.992087
vt 0.426486 0.986573
vt 0.426573 0.985631
vt 0.433803 0.985614
vt 0.433702 0.986556
vt 0.426660 0.984689
vt 0.433833 0.984673
vt 0.650141 0.477270
vt 0.642255 0.476348
vt 0.631839 0.497657
vt 0.592147 0.535141
vt 0.596812 0.537918
vt 0.621568 0.520019
vt 0.616515 0.517974
vt 0.602307 0.541190
vt 0.624362 0.521217
vt 0.646417 0.501244
vt 0.644087 0.500671
vt 0.641757 0.500099
vt 0.479537 0.486961
vt 0.489594 0.483702
vt 0.481552 0.489849
vt 0.491830 0.485693
vt 0.535432 0.567044
vt 0.567803 0.553461
vt 0.569588 0.554933
vt 0.519322 0.543961
vt 0.520268 0.545316
vt 0.546757 0.534671
vt 0.545419 0.533410
vt 0.521214 0.546671
vt 0.550293 0.537755
vt 0.521215 0.561408
vt 0.518890 0.559310
vt 0.546726 0.559280
vt 0.548134 0.561345
vt 0.573391 0.559390
vt 0.575054 0.561282
vt 0.536550 0.568643
vt 0.535591 0.567269
vt 0.567901 0.553555
vt 0.569862 0.555175
vt 0.562993 0.606526
vt 0.606288 0.587801
vt 0.600243 0.582541
vt 0.564081 0.608086
vt 0.608924 0.589955
vt 0.565232 0.609735
vt 0.564212 0.608273
vt 0.607942 0.589280
vt 0.610557 0.591410
vt 0.563192 0.606811
vt 0.601462 0.583648
vt 0.515631 0.430165
vt 0.542491 0.430109
vt 0.568034 0.430082
vt 0.540886 0.574854
vt 0.578202 0.562600
vt 0.544331 0.579791
vt 0.580903 0.565005
vt 0.545507 0.236475
vt 0.586701 0.236360
vt 0.626301 0.236179
vt 0.544264 0.219332
vt 0.584682 0.219206
vt 0.545392 0.217264
vt 0.583523 0.217174
vt 0.621654 0.217085
vt 0.623496 0.218962
vt 0.581456 0.090822
vt 0.578730 0.089712
vt 0.634879 0.089580
vt 0.635208 0.090696
vt 0.581365 0.088590
vt 0.635085 0.088464
vt 0.688806 0.088338
vt 0.688883 0.089454
vt 0.688960 0.090570
vt 0.604037 0.665329
vt 0.597022 0.655279
vt 0.659557 0.635040
vt 0.665614 0.640433
vt 0.636511 0.614519
vt 0.590987 0.646633
vt 0.650594 0.627059
vt 0.595582 0.653216
vt 0.653618 0.629752
vt 0.592997 0.649513
vt 0.591931 0.647985
vt 0.647687 0.624671
vt 0.649951 0.626487
vt 0.525975 0.553493
vt 0.527120 0.555132
vt 0.556216 0.543119
vt 0.554859 0.541815
vt 0.491226 0.994541
vt 0.505256 0.994362
vt 0.491467 0.991905
vt 0.504589 0.991874
vt 0.517712 0.991843
vt 0.518957 0.993595
vt 0.477498 0.986453
vt 0.477083 0.985513
vt 0.484601 0.985495
vt 0.484714 0.986436
vt 0.477385 0.984571
vt 0.484559 0.984554
vt 0.491732 0.984537
vt 0.491831 0.985478
vt 0.491931 0.986419
vt 0.614138 0.517133
vt 0.534133 0.565179
vt 0.535105 0.566573
vt 0.567174 0.552911
vt 0.563726 0.549895
vt 0.536078 0.567967
vt 0.569193 0.554578
vt 0.496574 0.567234
vt 0.496120 0.565537
vt 0.534506 0.565447
vt 0.535431 0.566909
vt 0.488930 0.542567
vt 0.489374 0.540803
vt 0.521175 0.540729
vt 0.520248 0.542311
vt 0.488855 0.559381
vt 0.489461 0.561482
vt 0.457431 0.519075
vt 0.496341 0.518942
vt 0.457419 0.517227
vt 0.495867 0.517137
vt 0.534314 0.517047
vt 0.535275 0.518639
vt 0.509779 0.496540
vt 0.509255 0.498591
vt 0.562277 0.496630
vt 0.561211 0.498470
vt 0.510153 0.462151
vt 0.509643 0.460290
vt 0.562237 0.460167
vt 0.563259 0.461818
vt 0.486816 0.430232
vt 0.500152 0.582212
vt 0.501113 0.585054
vt 0.501428 0.236578
vt 0.500689 0.219434
vt 0.500430 0.217369
vt 0.517756 0.089855
vt 0.518051 0.090971
vt 0.517998 0.088738
vt 0.458367 0.662784
vt 0.525921 0.658387
vt 0.524798 0.655066
vt 0.458413 0.669922
vt 0.526998 0.661569
vt 0.467638 0.505644
vt 0.476159 0.994577
vt 0.475988 0.991941
vt 0.468919 0.985532
vt 0.468986 0.986473
vt 0.468923 0.984591
vt 0.613320 0.391514
vt 0.496539 0.586173
vt 0.496080 0.587921
vt 0.535234 0.586315
vt 0.534280 0.587831
vt 0.464518 0.476881
vt 0.467007 0.484237
vt 0.309537 0.834325
vt 0.344564 0.851329
vt 0.341027 0.836460
vt 0.314682 0.830124
vt 0.379590 0.868333
vt 0.372068 0.839638
vt 0.562118 0.756485
vt 0.545414 0.758000
vt 0.565214 0.762352
vt 0.558030 0.762731
vt 0.489437 0.550541
vt 0.492729 0.560270
vt 0.526529 0.554286
vt 0.457661 0.554410
vt 0.457715 0.562667
vt 0.457799 0.575588
vt 0.496324 0.570896
vt 0.534848 0.566205
vt 0.424376 0.550956
vt 0.424327 0.556187
vt 0.394777 0.550878
vt 0.367339 0.550940
vt 0.367169 0.544249
vt 0.341004 0.544310
vt 0.341055 0.551174
vt 0.418246 0.528195
vt 0.418233 0.534017
vt 0.418217 0.522370
vt 0.456332 0.350266
vt 0.423057 0.354318
vt 0.420588 0.347021
vt 0.456295 0.344576
vt 0.389781 0.358371
vt 0.386160 0.353160
vt 0.379393 0.343487
vt 0.417810 0.338808
vt 0.456227 0.334130
vt 0.557855 0.363329
vt 0.526540 0.352831
vt 0.585664 0.376895
vt 0.579598 0.380563
vt 0.551292 0.369311
vt 0.522987 0.358059
vt 0.289465 0.435102
vt 0.284200 0.434487
vt 0.617546 0.414352
vt 0.619592 0.413838
vt 0.603335 0.395468
vt 0.598572 0.397458
vt 0.583989 0.377907
vt 0.624300 0.434318
vt 0.629556 0.433678
vt 0.650952 0.376328
vt 0.650732 0.494586
vt 0.652529 0.486594
vt 0.606795 0.486712
vt 0.605772 0.494692
vt 0.559209 0.486783
vt 0.507910 0.486733
vt 0.501945 0.316332
vt 0.456093 0.313546
vt 0.507948 0.297849
vt 0.455952 0.291770
vt 0.410279 0.316547
vt 0.404036 0.298092
vt 0.587617 0.571055
vt 0.404001 0.486976
vt 0.651946 0.532131
vt 0.622727 0.553346
vt 0.674604 0.508144
vt 0.239421 0.401237
vt 0.226323 0.427720
vt 0.192400 0.423754
vt 0.411315 0.248540
vt 0.412474 0.257143
vt 0.410290 0.241466
vt 0.370978 0.373993
vt 0.346250 0.374532
vt 0.536930 0.373604
vt 0.561663 0.374027
vt 0.422973 0.282420
vt 0.535291 0.212306
vt 0.533388 0.210883
vt 0.495078 0.210972
vt 0.495363 0.212400
vt 0.534853 0.209451
vt 0.495135 0.209544
vt 0.455417 0.209637
vt 0.455400 0.211065
vt 0.455435 0.212493
vt 0.579408 0.563671
vt 0.570780 0.555992
vt 0.372882 0.212687
vt 0.375039 0.211254
vt 0.413395 0.211164
vt 0.412893 0.212593
vt 0.373829 0.209829
vt 0.413563 0.209735
vt 0.453296 0.209642
vt 0.453084 0.211071
vt 0.452904 0.212499
vt 0.638608 0.381195
vt 0.625767 0.386316
vt 0.503757 0.310756
vt 0.456056 0.308041
vt 0.549666 0.318985
vt 0.592002 0.332446
vt 0.415123 0.583688
vt 0.418072 0.574602
vt 0.412407 0.592044
vt 0.400487 0.287692
vt 0.396879 0.276998
vt 0.455830 0.273150
vt 0.455727 0.257208
vt 0.392798 0.264872
vt 0.623962 0.303551
vt 0.571745 0.286705
vt 0.635310 0.293225
vt 0.581780 0.271945
vt 0.290096 0.605851
vt 0.278715 0.616157
vt 0.160859 0.490786
vt 0.140647 0.493220
vt 0.523245 0.650477
vt 0.521624 0.645683
vt 0.391165 0.260047
vt 0.389410 0.254856
vt 0.392362 0.263584
vt 0.422973 0.282420
vt 0.421837 0.273045
vt 0.733138 0.343052
vt 0.726377 0.345785
vt 0.739609 0.340435
vt 0.495363 0.212400
vt 0.495081 0.210969
vt 0.455435 0.212493
vt 0.455426 0.211059
vt 0.455417 0.209622
vt 0.495135 0.209537
vt 0.357549 0.466804
vt 0.338852 0.469081
vt 0.502358 0.632384
vt 0.503762 0.658198
vt 0.501041 0.607902
vt 0.455323 0.607041
vt 0.455590 0.632264
vt 0.455906 0.658257
vt 0.408845 0.632620
vt 0.407993 0.658440
vt 0.409729 0.608142
vt 0.424154 0.555869
vt 0.425882 0.550547
vt 0.531268 0.674192
vt 0.529112 0.667818
vt 0.744292 0.338542
vt 0.748781 0.336727
vt 0.409758 0.236793
vt 0.421087 0.268545
vt 0.386345 0.268292
vt 0.420492 0.266315
vt 0.385199 0.266398
vt 0.381415 0.588253
vt 0.419647 0.588132
vt 0.419197 0.586356
vt 0.380506 0.586678
vt 0.299887 0.392249
vt 0.423422 0.561637
vt 0.424002 0.559533
vt 0.457561 0.538950
vt 0.419006 0.539041
vt 0.418548 0.537250
vt 0.457549 0.537116
vt 0.380452 0.539131
vt 0.379520 0.537554
vt 0.418521 0.519124
vt 0.379585 0.519004
vt 0.380525 0.517407
vt 0.418972 0.517317
vt 0.557935 0.762624
vt 0.545471 0.757923
vt 0.514948 0.763208
vt 0.519296 0.773664
vt 0.542234 0.748192
vt 0.510054 0.750659
vt 0.464331 0.756519
vt 0.482957 0.769901
vt 0.480656 0.784704
vt 0.488852 0.798579
vt 0.472313 0.801247
vt 0.468534 0.792367
vt 0.484396 0.791886
vt 0.466214 0.783894
vt 0.479940 0.785192
vt 0.617100 0.824496
vt 0.623786 0.819143
vt 0.624772 0.825543
vt 0.622725 0.828855
vt 0.631320 0.820974
vt 0.628526 0.827350
vt 0.625377 0.834597
vt 0.459783 0.881022
vt 0.459457 0.831429
vt 0.405992 0.828942
vt 0.419687 0.874678
vt 0.410024 0.787698
vt 0.545437 0.921775
vt 0.524723 0.954984
vt 0.543114 0.909171
vt 0.561652 0.901306
vt 0.568261 0.911048
vt 0.574869 0.920790
vt 0.544663 0.954938
vt 0.539923 0.893341
vt 0.547614 0.882618
vt 0.524809 0.879952
vt 0.533575 0.863930
vt 0.277402 0.757089
vt 0.276181 0.736701
vt 0.318483 0.736076
vt 0.319356 0.755210
vt 0.274961 0.716312
vt 0.318211 0.713370
vt 0.362379 0.713014
vt 0.362568 0.735869
vt 0.363190 0.754945
vt 0.460270 0.955135
vt 0.483792 0.955080
vt 0.485306 0.948977
vt 0.460182 0.949663
vt 0.485877 0.943739
vt 0.460141 0.944905
vt 0.683323 0.761713
vt 0.674791 0.773337
vt 0.664242 0.773643
vt 0.679533 0.762101
vt 0.665809 0.785550
vt 0.655540 0.784175
vt 0.594498 0.784508
vt 0.605295 0.774078
vt 0.675743 0.762489
vt 0.658378 0.795270
vt 0.649327 0.792916
vt 0.655286 0.800127
vt 0.641718 0.801617
vt 0.584808 0.801960
vt 0.590187 0.793261
vt 0.636593 0.812087
vt 0.631274 0.812021
vt 0.625531 0.823330
vt 0.623130 0.823379
vt 0.619867 0.823447
vt 0.581272 0.812178
vt 0.622503 0.358196
vt 0.613444 0.354908
vt 0.610544 0.356869
vt 0.620107 0.359049
vt 0.604398 0.353136
vt 0.594913 0.353465
vt 0.598710 0.356920
vt 0.607781 0.358564
vt 0.616851 0.360209
vt 0.570409 0.344023
vt 0.565602 0.347454
vt 0.536364 0.338711
vt 0.530023 0.341392
vt 0.524181 0.341142
vt 0.561446 0.349031
vt 0.496292 0.336253
vt 0.493235 0.337944
vt 0.490228 0.339080
vt 0.596323 0.826929
vt 0.588965 0.843940
vt 0.651033 0.843684
vt 0.662187 0.826100
vt 0.579219 0.862738
vt 0.636855 0.862872
vt 0.654887 0.863646
vt 0.668350 0.843365
vt 0.681812 0.823083
vt 0.595560 0.910984
vt 0.583320 0.909311
vt 0.563055 0.918733
vt 0.614295 0.901183
vt 0.601027 0.897776
vt 0.554846 0.897184
vt 0.542950 0.908383
vt 0.529243 0.917238
vt 0.536720 0.928100
vt 0.509182 0.935655
vt 0.511666 0.926096
vt 0.492889 0.933550
vt 0.475423 0.937808
vt 0.483904 0.940044
vt 0.460210 0.939353
vt 0.460171 0.941424
vt 0.682736 0.784472
vt 0.614621 0.792848
vt 0.682355 0.792189
vt 0.693415 0.784569
vt 0.605414 0.801985
vt 0.676492 0.800893
vt 0.698066 0.798089
vt 0.701080 0.791378
vt 0.704094 0.784667
vt 0.598968 0.401086
vt 0.608854 0.417789
vt 0.675872 0.417449
vt 0.668858 0.399847
vt 0.680483 0.438338
vt 0.691167 0.439235
vt 0.701851 0.440132
vt 0.696008 0.416675
vt 0.690165 0.393217
vt 0.464268 0.756556
vt 0.482695 0.770092
vt 0.466105 0.775279
vt 0.447354 0.771800
vt 0.456480 0.864525
vt 0.498963 0.861619
vt 0.483913 0.832219
vt 0.506157 0.823495
vt 0.519866 0.843713
vt 0.673293 0.386257
vt 0.605251 0.391485
vt 0.668828 0.390523
vt 0.677081 0.385436
vt 0.685516 0.388917
vt 0.680868 0.384616
vt 0.413226 0.955246
vt 0.409774 0.946661
vt 0.384390 0.942977
vt 0.393286 0.955292
vt 0.407651 0.939778
vt 0.378867 0.933114
vt 0.343297 0.920937
vt 0.358321 0.938138
vt 0.373345 0.955339
vt 0.504782 0.955031
vt 0.515270 0.926632
vt 0.487102 0.928040
vt 0.481260 0.955086
vt 0.521417 0.903166
vt 0.491169 0.903644
vt 0.457581 0.901564
vt 0.457575 0.928015
vt 0.457738 0.955141
vt 0.427963 0.928095
vt 0.434216 0.955196
vt 0.422285 0.898322
vt 0.388412 0.898498
vt 0.399457 0.928183
vt 0.410694 0.955251
vt 0.372947 0.928312
vt 0.390754 0.955298
vt 0.356607 0.898886
vt 0.323767 0.902066
vt 0.347290 0.928706
vt 0.370813 0.955345
vt 0.373345 0.955339
vt 0.349822 0.928700
vt 0.375501 0.928284
vt 0.393286 0.955292
vt 0.326299 0.902061
vt 0.359165 0.898854
vt 0.390960 0.898495
vt 0.402021 0.928151
vt 0.413226 0.955246
vt 0.430516 0.928084
vt 0.436748 0.955191
vt 0.424757 0.898416
vt 0.316967 0.755194
vt 0.316040 0.736077
vt 0.361005 0.735823
vt 0.274870 0.757095
vt 0.273649 0.736707
vt 0.272429 0.716318
vt 0.315685 0.713380
vt 0.360221 0.713004
vt 0.595914 0.780610
vt 0.606505 0.749936
vt 0.635614 0.783590
vt 0.637998 0.766905
vt 0.640383 0.750221
vt 0.641148 0.733015
vt 0.641913 0.715809
vt 0.600787 0.716729
vt 0.553376 0.783579
vt 0.598577 0.754555
vt 0.596566 0.783644
vt 0.409763 0.735760
vt 0.410143 0.754835
vt 0.409577 0.712916
vt 0.640554 0.756238
vt 0.599203 0.735416
vt 0.641509 0.735845
vt 0.599197 0.712691
vt 0.642464 0.715451
vt 0.409876 0.751387
vt 0.409456 0.717769
vt 0.361565 0.717887
vt 0.361574 0.750857
vt 0.263093 0.533042
vt 0.292587 0.554120
vt 0.457639 0.550914
vt 0.426908 0.550950
vt 0.426859 0.556181
vt 0.559683 0.823552
vt 0.553148 0.809709
vt 0.512882 0.828686
vt 0.546914 0.839219
vt 0.499796 0.874476
vt 0.539809 0.867930
vt 0.404001 0.486976
vt 0.403716 0.479295
vt 0.327946 0.571651
vt 0.586079 0.337731
vt 0.403625 0.471740
vt 0.424502 0.441105
vt 0.422381 0.448795
vt 0.536930 0.373604
vt 0.561663 0.374027
vt 0.407165 0.227686
vt 0.363084 0.227789
vt 0.321913 0.227880
vt 0.282430 0.227943
vt 0.416618 0.335284
vt 0.514832 0.276723
vt 0.518753 0.264577
vt 0.455172 0.171989
vt 0.455119 0.163863
vt 0.390657 0.164014
vt 0.392194 0.172137
vt 0.389162 0.155299
vt 0.388132 0.145626
vt 0.387511 0.135549
vt 0.387144 0.125721
vt 0.387066 0.116276
vt 0.382347 0.052392
vt 0.383787 0.063534
vt 0.385042 0.072040
vt 0.385930 0.079317
vt 0.728673 -0.023453
vt 0.664437 -0.022511
vt 0.597512 -0.022196
vt 0.525872 -0.022028
vt 0.387250 0.107429
vt 0.552319 0.658115
vt 0.549986 0.632560
vt 0.591818 0.632434
vt 0.595362 0.657871
vt 0.549059 0.608640
vt 0.587945 0.608410
vt 0.626831 0.608179
vt 0.632034 0.632129
vt 0.637238 0.656079
vt 0.276882 0.656923
vt 0.281774 0.632950
vt 0.321975 0.633055
vt 0.318835 0.658578
vt 0.286665 0.608977
vt 0.325392 0.608886
vt 0.364119 0.608795
vt 0.363798 0.632997
vt 0.361907 0.658636
vt 0.408880 0.632891
vt 0.407998 0.658524
vt 0.409801 0.608688
vt 0.455482 0.608581
vt 0.455653 0.632780
vt 0.455913 0.658406
vt 0.502419 0.632670
vt 0.503773 0.658289
vt 0.501164 0.608474
vt 0.546845 0.608367
vt 0.547488 0.632565
vt 0.549763 0.658188
vt 0.589303 0.632430
vt 0.592764 0.657950
vt 0.585572 0.608276
vt 0.624299 0.608185
vt 0.629502 0.632135
vt 0.634706 0.656085
vt 0.637238 0.656079
vt 0.632034 0.632129
vt 0.591839 0.632425
vt 0.595325 0.657959
vt 0.626831 0.608179
vt 0.588104 0.608270
vt 0.446710 1.019298
vt 0.448675 1.041310
vt 0.504938 0.632582
vt 0.506211 0.658267
vt 0.503690 0.608306
vt 0.559669 0.747956
vt 0.558014 0.738568
vt 0.542368 0.734636
vt 0.575147 0.748504
vt 0.571113 0.734234
vt 0.554524 0.715895
vt 0.460706 0.735137
vt 0.507218 0.733905
vt 0.509963 0.750715
vt 0.457906 0.712511
vt 0.506421 0.712445
vt 0.602235 0.750670
vt 0.600806 0.732700
vt 0.638354 0.750227
vt 0.638904 0.733017
vt 0.639455 0.715807
vt 0.597782 0.712241
vt 0.600907 0.772083
vt 0.636687 0.766914
vt 0.576221 0.759671
vt 0.572700 0.762215
vt 0.581501 0.773668
vt 0.590301 0.785120
vt 0.596530 0.792792
vt 0.602862 0.801874
vt 0.615508 0.791066
vt 0.635019 0.783602
vt 0.425954 0.561631
vt 0.426534 0.559527
vt 0.418521 0.519124
vt 0.379585 0.519004
vt 0.418972 0.517317
vt 0.380525 0.517407
vt 0.382757 0.235190
vt 0.384913 0.241564
vt 0.393116 0.265814
vt 0.344162 0.354207
vt 0.346124 0.355826
vt 0.377474 0.340739
vt 0.378434 0.342113
vt 0.349251 0.358565
vt 0.244147 0.429804
vt 0.239402 0.429249
vt 0.390757 0.658703
vt 0.389722 0.661891
vt 0.448675 1.041310
vt 0.446710 1.019298
vt 0.554337 0.686470
vt 0.507387 0.686553
vt 0.458522 0.686659
vt 0.488369 0.550806
vt 0.650150 0.431170
vt 0.636462 0.432836
vt 0.626230 0.412180
vt 0.657948 0.454220
vt 0.640533 0.454260
vt 0.262078 0.377251
vt 0.610511 0.812941
vt 0.621312 0.806986
vt 0.618014 0.823495
vt 0.624587 0.822220
vt 0.631161 0.820946
vt 0.633090 0.802274
vt 0.731880 0.454047
vt 0.721624 0.485628
vt 0.687702 0.481661
vt 0.692350 0.454139
vt 0.721214 0.422515
vt 0.687343 0.426640
vt 0.424780 0.425760
vt 0.425104 0.417616
vt 0.498224 0.576514
vt 0.494625 0.565875
vt 0.492284 0.558954
vt 0.370978 0.373993
vt 0.346250 0.374532
vt 0.422412 0.561232
vt 0.421313 0.564617
vt 0.406266 0.304708
vt 0.403638 0.296981
vt 0.614874 0.821012
vt 0.625244 0.802301
vt 0.589053 0.803448
vt 0.583981 0.821010
vt 0.518150 0.171842
vt 0.519581 0.163712
vt 0.379815 0.052398
vt 0.387250 0.107429
vt 0.505365 0.435142
vt 0.508683 0.433800
vt 0.424359 0.430379
vt 0.535779 0.567537
vt 0.568080 0.553722
vt 0.564347 0.550463
vt 0.536709 0.568870
vt 0.570088 0.555375
vt 0.468610 0.488975
vt 0.469406 0.491328
vt 0.496550 0.537067
vt 0.496115 0.538860
vt 0.535581 0.537188
vt 0.534670 0.538769
vt 0.521510 0.096311
vt 0.520967 0.094161
vt 0.587268 0.094005
vt 0.588337 0.095913
vt 0.490513 0.268382
vt 0.491079 0.266149
vt 0.526372 0.266067
vt 0.525250 0.267967
vt 0.314347 0.401770
vt 0.307915 0.392170
vt 0.244264 0.391481
vt 0.244414 0.400843
vt 0.239810 0.387244
vt 0.235882 0.386366
vt 0.231955 0.385487
vt 0.227473 0.389928
vt 0.222990 0.394369
vt 0.456664 0.401625
vt 0.456772 0.418227
vt 0.304690 0.418565
vt 0.233318 0.439675
vt 0.456901 0.439007
vt 0.489607 0.800514
vt 0.485132 0.792609
vt 0.610084 0.813701
vt 0.621115 0.806620
vt 0.633077 0.802283
vt 0.292535 0.824258
vt 0.301488 0.828834
vt 0.303211 0.827091
vt 0.298224 0.822985
vt 0.578727 0.835711
vt 0.574615 0.849209
vt 0.608505 0.834680
vt 0.612145 0.827389
vt 0.311374 0.750620
vt 0.316689 0.717390
vt 0.275614 0.716660
vt 0.276556 0.733866
vt 0.277498 0.751072
vt 0.280012 0.767750
vt 0.361002 0.735830
vt 0.316033 0.736081
vt 0.360216 0.713010
vt 0.315674 0.713385
vt 0.272429 0.716318
vt 0.273649 0.736707
vt 0.274870 0.757095
vt 0.561285 0.901301
vt 0.549829 0.884748
vt 0.538139 0.888404
vt 0.543243 0.904758
vt 0.538372 0.868196
vt 0.526777 0.881720
vt 0.435044 0.948890
vt 0.436748 0.955191
vt 0.434380 0.943608
vt 0.234413 0.763008
vt 0.238336 0.763313
vt 0.253906 0.774698
vt 0.243388 0.774460
vt 0.242260 0.763618
vt 0.312844 0.774822
vt 0.323804 0.785170
vt 0.262825 0.785129
vt 0.252364 0.785912
vt 0.269106 0.793832
vt 0.257696 0.793586
vt 0.328259 0.793891
vt 0.333743 0.802571
vt 0.276754 0.802517
vt 0.267294 0.801651
vt 0.287320 0.812906
vt 0.280534 0.812801
vt 0.337329 0.812790
vt 0.298698 0.824275
vt 0.295616 0.824267
vt 0.289502 0.358404
vt 0.292591 0.359559
vt 0.302285 0.357426
vt 0.297599 0.355740
vt 0.295680 0.360714
vt 0.305119 0.359262
vt 0.314559 0.357810
vt 0.317959 0.354033
vt 0.306407 0.353407
vt 0.347122 0.347949
vt 0.341276 0.346256
vt 0.351408 0.349669
vt 0.388257 0.341529
vt 0.382524 0.341759
vt 0.376145 0.339106
vt 0.419257 0.338137
vt 0.416183 0.336450
vt 0.422266 0.339274
vt 0.456221 0.333795
vt 0.456276 0.337019
vt 0.221889 0.801142
vt 0.230472 0.813773
vt 0.248347 0.814236
vt 0.241611 0.802884
vt 0.239055 0.826403
vt 0.257386 0.828423
vt 0.322218 0.828073
vt 0.315931 0.814177
vt 0.311382 0.803071
vt 0.357057 0.919222
vt 0.336755 0.910034
vt 0.324550 0.911418
vt 0.390868 0.917743
vt 0.377077 0.909006
vt 0.365078 0.897984
vt 0.319111 0.898934
vt 0.305803 0.901899
vt 0.411074 0.935786
vt 0.383461 0.928393
vt 0.427462 0.933854
vt 0.408565 0.926506
vt 0.436414 0.940087
vt 0.444999 0.937964
vt 0.235573 0.785993
vt 0.224948 0.785660
vt 0.235694 0.793763
vt 0.302593 0.793900
vt 0.214323 0.785328
vt 0.218106 0.793235
vt 0.237675 0.418447
vt 0.217535 0.417609
vt 0.212080 0.440848
vt 0.222699 0.440262
vt 0.447377 0.771748
vt 0.466285 0.775140
vt 0.500378 0.863425
vt 0.456937 0.864911
vt 0.524006 0.847786
vt 0.508927 0.825771
vt 0.485282 0.833438
vt 0.562147 0.756496
vt 0.565318 0.762420
vt 0.543005 0.926952
vt 0.568630 0.910846
vt 0.524723 0.954984
vt 0.544663 0.954938
vt 0.560319 0.937665
vt 0.575975 0.920391
vt 0.456552 0.386751
vt 0.456594 0.392055
vt 0.459067 0.774550
vt 0.459001 0.763054
vt 0.459143 0.784943
vt 0.459226 0.793648
vt 0.459286 0.802298
vt 0.459308 0.812357
vt 0.459352 0.821994
vt 0.610839 0.828328
vt 0.459507 0.828833
vt 0.601810 0.833210
vt 0.459661 0.837260
vt 0.317656 0.833606
vt 0.308177 0.828941
vt 0.564719 0.851833
vt 0.459694 0.852016
vt 0.527627 0.870457
vt 0.459690 0.866626
vt 0.391703 0.870914
vt 0.354679 0.852260
vt 0.493724 0.876058
vt 0.459720 0.873719
vt 0.459821 0.881660
vt 0.425762 0.876287
vt 0.458460 0.793499
vt 0.458169 0.802702
vt 0.459155 0.785232
vt 0.601549 0.813064
vt 0.458520 0.813753
vt 0.459087 0.827506
vt 0.459410 0.844376
vt 0.459576 0.863069
vt 0.330222 0.845158
vt 0.340287 0.863958
vt 0.567304 0.881369
vt 0.459756 0.881659
vt 0.459918 0.897390
vt 0.352440 0.882411
vt 0.460003 0.908369
vt 0.460056 0.916991
vt 0.460126 0.925718
vt 0.460195 0.933003
vt 0.460226 0.936660
vt 0.409659 0.686782
vt 0.362717 0.686918
vt 0.639575 0.685944
vt 0.598034 0.686339
vt 0.551846 0.686062
vt 0.595348 0.685790
vt 0.637119 0.685950
vt 0.505102 0.685915
vt 0.456458 0.685993
vt 0.408278 0.712826
vt 0.407597 0.686147
vt 0.360540 0.686275
vt 0.274655 0.686621
vt 0.316697 0.686404
vt 0.554098 0.685756
vt 0.597846 0.685687
vt 0.639851 0.685765
vt 0.507208 0.685922
vt 0.458453 0.686093
vt 0.409770 0.686205
vt 0.362986 0.686284
vt 0.319249 0.686398
vt 0.277187 0.686615
vt 0.316691 0.686414
vt 0.360537 0.686281
vt 0.274655 0.686621
vt 0.407614 0.686138
vt 0.456491 0.685972
vt 0.408305 0.712829
vt 0.457958 0.712510
vt 0.505124 0.685901
vt 0.551841 0.686061
vt 0.506461 0.712440
vt 0.595324 0.685791
vt 0.637080 0.685946
vt 0.319035 0.686991
vt 0.277514 0.686789
vt 0.654131 0.405159
vt 0.696298 0.425549
vt 0.670717 0.454190
vt 0.259894 0.504222
vt 0.217726 0.483832
vt 0.510639 0.613212
vt 0.503764 0.592889
vt 0.547798 0.584824
vt 0.659497 0.372825
vt 0.607534 0.363669
vt 0.254527 0.536557
vt 0.306490 0.545712
vt 0.538023 0.336037
vt 0.591869 0.332564
vt 0.410313 0.598486
vt 0.376002 0.573345
vt 0.503711 0.310896
vt 0.456177 0.326468
vt 0.322155 0.576818
vt 0.408443 0.311119
vt 0.374460 0.336420
vt 0.608715 0.545004
vt 0.593455 0.576182
vt 0.654769 0.503297
vt 0.696671 0.482710
vt 0.305310 0.364378
vt 0.320569 0.333200
vt 0.660557 0.535605
vt 0.253468 0.373777
vt 0.587598 0.571043
vt 0.636730 0.475699
vt 0.650450 0.477306
vt 0.608489 0.393474
vt 0.494705 0.338628
vt 0.492033 0.346853
vt 0.489660 0.354162
vt 0.327352 0.377500
vt 0.354983 0.363805
vt 0.361624 0.369755
vt 0.304743 0.394185
vt 0.287246 0.412974
vt 0.277283 0.433678
vt 0.263574 0.432075
vt 0.273488 0.455121
vt 0.256077 0.455162
vt 0.287794 0.497202
vt 0.277562 0.476545
vt 0.263875 0.478212
vt 0.328362 0.532485
vt 0.305536 0.515908
vt 0.356173 0.546044
vt 0.362739 0.540055
vt 0.212595 0.455270
vt 0.217119 0.426651
vt 0.230832 0.399105
vt 0.231570 0.511346
vt 0.217495 0.483867
vt 0.254336 0.536641
vt 0.284864 0.558797
vt 0.253265 0.373702
vt 0.283503 0.351402
vt 0.320430 0.333084
vt 0.362589 0.319425
vt 0.408391 0.310981
vt 0.531941 0.209458
vt 0.492207 0.209543
vt 0.492352 0.210975
vt 0.530670 0.210888
vt 0.452472 0.209629
vt 0.452693 0.211066
vt 0.452904 0.212499
vt 0.492832 0.212406
vt 0.532759 0.212312
vt 0.373070 0.209830
vt 0.374747 0.211253
vt 0.413043 0.211161
vt 0.412771 0.209730
vt 0.373048 0.212686
vt 0.412976 0.212593
vt 0.339490 0.211337
vt 0.339199 0.212766
vt 0.339443 0.209909
vt 0.305817 0.209988
vt 0.305583 0.211416
vt 0.305350 0.212845
vt 0.599372 0.209300
vt 0.565657 0.209379
vt 0.565965 0.210806
vt 0.599915 0.210727
vt 0.566609 0.212233
vt 0.600458 0.212154
vt 0.308930 0.209981
vt 0.342453 0.209898
vt 0.342263 0.211329
vt 0.308406 0.211410
vt 0.375977 0.209816
vt 0.377483 0.211244
vt 0.375580 0.212680
vt 0.341731 0.212760
vt 0.307882 0.212839
vt 0.322027 0.576939
vt 0.364360 0.590398
vt 0.410267 0.598626
vt 0.415773 0.211153
vt 0.415697 0.209719
vt 0.415508 0.212587
vt 0.660756 0.535681
vt 0.306107 0.209987
vt 0.339968 0.209908
vt 0.339710 0.211337
vt 0.305728 0.211416
vt 0.339116 0.212766
vt 0.305350 0.212845
vt 0.696530 0.425517
vt 0.532700 0.209456
vt 0.531022 0.210888
vt 0.492743 0.210978
vt 0.492998 0.209549
vt 0.532759 0.212312
vt 0.492832 0.212406
vt 0.566224 0.210806
vt 0.566609 0.212233
vt 0.566182 0.209378
vt 0.599663 0.209299
vt 0.600061 0.210726
vt 0.600458 0.212154
vt 0.602990 0.212148
vt 0.602592 0.210720
vt 0.568664 0.210800
vt 0.569140 0.212227
vt 0.602195 0.209293
vt 0.568524 0.209372
vt 0.415509 0.209731
vt 0.415678 0.211158
vt 0.375602 0.209824
vt 0.377307 0.211248
vt 0.375580 0.212680
vt 0.415508 0.212587
vt 0.308348 0.209982
vt 0.308115 0.211411
vt 0.342025 0.211331
vt 0.341975 0.209903
vt 0.307882 0.212839
vt 0.341731 0.212760
vt 0.376403 0.339205
vt 0.342643 0.352855
vt 0.335930 0.346878
vt 0.373129 0.334501
vt 0.328189 0.339985
vt 0.366240 0.324601
vt 0.413916 0.327280
vt 0.416300 0.334346
vt 0.411167 0.319131
vt 0.456094 0.313661
vt 0.456164 0.324388
vt 0.456197 0.329487
vt 0.287285 0.523313
vt 0.277324 0.527340
vt 0.310035 0.543569
vt 0.304058 0.547192
vt 0.291476 0.554815
vt 0.265836 0.531985
vt 0.337347 0.563074
vt 0.329706 0.570009
vt 0.343972 0.557060
vt 0.377909 0.570551
vt 0.374699 0.575272
vt 0.367936 0.585202
vt 0.415576 0.582300
vt 0.412933 0.590461
vt 0.417868 0.575223
vt 0.457827 0.579895
vt 0.457860 0.584994
vt 0.457930 0.595720
vt 0.501091 0.318920
vt 0.498448 0.327082
vt 0.546088 0.324180
vt 0.539328 0.334111
vt 0.536115 0.338831
vt 0.496156 0.334159
vt 0.603990 0.365813
vt 0.570052 0.352322
vt 0.576687 0.346313
vt 0.609979 0.362196
vt 0.584338 0.339385
vt 0.622587 0.354590
vt 0.648198 0.377394
vt 0.636705 0.382040
vt 0.673808 0.400197
vt 0.657324 0.404353
vt 0.649489 0.406326
vt 0.626740 0.386069
vt 0.665685 0.454202
vt 0.657587 0.430264
vt 0.669359 0.428831
vt 0.674176 0.454195
vt 0.682935 0.427177
vt 0.692062 0.454156
vt 0.674510 0.508167
vt 0.657946 0.504128
vt 0.669673 0.479588
vt 0.683286 0.481162
vt 0.650045 0.502252
vt 0.657865 0.478227
vt 0.623847 0.554036
vt 0.611160 0.546481
vt 0.637620 0.526527
vt 0.649179 0.531101
vt 0.605143 0.542878
vt 0.627594 0.522565
vt 0.537621 0.570177
vt 0.571382 0.556527
vt 0.578084 0.562511
vt 0.540893 0.574883
vt 0.585816 0.569408
vt 0.547785 0.584781
vt 0.500108 0.582102
vt 0.497724 0.575036
vt 0.502858 0.590251
vt 0.531715 0.587564
vt 0.532690 0.586112
vt 0.494005 0.586190
vt 0.493499 0.587794
vt 0.494349 0.582947
vt 0.455349 0.582975
vt 0.455341 0.586366
vt 0.455282 0.588023
vt 0.256355 0.455200
vt 0.264511 0.478076
vt 0.277810 0.476151
vt 0.272569 0.455097
vt 0.416252 0.576974
vt 0.455305 0.576937
vt 0.416328 0.583179
vt 0.494339 0.576774
vt 0.378968 0.588277
vt 0.417125 0.588150
vt 0.416672 0.586478
vt 0.377975 0.586685
vt 0.277517 0.434026
vt 0.264120 0.432252
vt 0.289158 0.413690
vt 0.307182 0.395261
vt 0.329605 0.378892
vt 0.357863 0.544449
vt 0.388687 0.554752
vt 0.419562 0.570007
vt 0.422608 0.560617
vt 0.457792 0.574477
vt 0.457716 0.562852
vt 0.356785 0.365434
vt 0.387392 0.354946
vt 0.418029 0.339524
vt 0.421217 0.348916
vt 0.556022 0.364987
vt 0.583316 0.378315
vt 0.605741 0.394586
vt 0.623216 0.412939
vt 0.633280 0.433224
vt 0.637281 0.454268
vt 0.656655 0.454223
vt 0.648908 0.431321
vt 0.649206 0.477161
vt 0.633554 0.475331
vt 0.623755 0.495663
vt 0.606519 0.514096
vt 0.584306 0.530473
vt 0.557186 0.543928
vt 0.526599 0.554413
vt 0.492790 0.560451
vt 0.495962 0.569828
vt 0.557210 0.543950
vt 0.584207 0.530414
vt 0.606555 0.514111
vt 0.623542 0.495622
vt 0.650989 0.477369
vt 0.633251 0.475296
vt 0.658508 0.454219
vt 0.636972 0.454269
vt 0.623211 0.454301
vt 0.617010 0.473397
vt 0.650688 0.431104
vt 0.632978 0.433261
vt 0.623004 0.412981
vt 0.616762 0.435236
vt 0.605777 0.394572
vt 0.583217 0.378374
vt 0.556045 0.364965
vt 0.356814 0.365432
vt 0.329817 0.378968
vt 0.307470 0.395271
vt 0.290482 0.413760
vt 0.297014 0.435985
vt 0.280773 0.434086
vt 0.263035 0.432012
vt 0.308248 0.514810
vt 0.330807 0.531008
vt 0.357979 0.544417
vt 0.388794 0.554609
vt 0.422671 0.560434
vt 0.419215 0.571077
vt 0.425836 0.550690
vt 0.296656 0.828257
vt 0.291664 0.815827
vt 0.330708 0.816719
vt 0.336537 0.835648
vt 0.321745 0.784288
vt 0.364933 0.784021
vt 0.371160 0.816821
vt 0.411124 0.783913
vt 0.414403 0.816720
vt 0.375331 0.836238
vt 0.294124 0.828263
vt 0.334032 0.835616
vt 0.547577 0.816408
vt 0.588025 0.816116
vt 0.543658 0.835843
vt 0.582443 0.835072
vt 0.638568 0.785366
vt 0.627057 0.815041
vt 0.459154 0.783800
vt 0.459368 0.816614
vt 0.622227 0.827494
vt 0.416591 0.836141
vt 0.328225 0.816659
vt 0.507185 0.783687
vt 0.504333 0.816509
vt 0.459495 0.836041
vt 0.334034 0.835615
vt 0.277235 0.786212
vt 0.289132 0.815833
vt 0.294124 0.828263
vt 0.502398 0.835940
vt 0.459686 0.865406
vt 0.499329 0.865313
vt 0.537453 0.865223
vt 0.279767 0.786206
vt 0.283706 0.865575
vt 0.301017 0.883624
vt 0.267655 0.868830
vt 0.286729 0.885365
vt 0.619388 0.881616
vt 0.634591 0.882414
vt 0.379459 0.865475
vt 0.343661 0.865577
vt 0.308946 0.865165
vt 0.381918 0.865588
vt 0.420043 0.865498
vt 0.573174 0.865041
vt 0.607886 0.864464
vt 0.308946 0.865165
vt 0.343657 0.865580
vt 0.379447 0.865475
vt 0.311478 0.865159
vt 0.346196 0.865573
vt 0.417616 0.865063
vt 0.417694 0.865118
vt 0.514764 0.763365
vt 0.518985 0.773962
vt 0.269206 0.846324
vt 0.256561 0.848221
vt 0.477957 0.814376
vt 0.499267 0.813143
vt 0.689939 0.810586
vt 0.670380 0.812069
vt 0.477042 0.813328
vt 0.497504 0.811037
vt 0.411167 0.754768
vt 0.410208 0.735613
vt 0.410228 0.735619
vt 0.460754 0.735136
vt 0.507273 0.733890
vt 0.492023 0.558203
vt 0.358626 0.367087
vt 0.388925 0.357143
vt 0.421990 0.351165
vt 0.456324 0.348935
vt 0.490855 0.350755
vt 0.525351 0.354597
vn 0.3505 -0.8849 -0.3068
vn 0.1712 -0.9363 -0.3067
vn 0.1606 -0.8782 -0.4505
vn 0.3288 -0.8300 -0.4506
vn -0.0148 -0.9517 -0.3067
vn -0.0139 -0.8926 -0.4505
vn -0.0131 -0.8432 -0.5374
vn 0.1516 -0.8296 -0.5374
vn 0.3106 -0.7840 -0.5375
vn -0.3329 -0.7697 0.5446
vn -0.4767 -0.6900 0.5447
vn -0.5070 -0.7338 0.4521
vn -0.3541 -0.8186 0.4522
vn -0.6022 -0.5837 0.5447
vn -0.6404 -0.6208 0.4521
vn -0.6623 -0.6421 0.3861
vn -0.5243 -0.7589 0.3861
vn -0.3662 -0.8466 0.3861
vn -0.7045 -0.4550 0.5446
vn -0.7492 -0.4840 0.4521
vn -0.7797 -0.3089 0.5446
vn -0.8292 -0.3285 0.4522
vn -0.8576 -0.3397 0.3861
vn -0.7749 -0.5005 0.3861
vn -0.8250 -0.1508 0.5446
vn -0.8774 -0.1604 0.4521
vn -0.8386 0.0130 0.5447
vn -0.8918 0.0139 0.4521
vn -0.9223 0.0143 0.3861
vn -0.9074 -0.1659 0.3861
vn -0.8199 0.1764 0.5447
vn -0.8720 0.1876 0.4521
vn -0.7697 0.3329 0.5447
vn -0.8186 0.3541 0.4522
vn -0.8467 0.3662 0.3861
vn -0.9018 0.1940 0.3861
vn -0.6900 0.4767 0.5446
vn -0.7338 0.5070 0.4521
vn -0.5837 0.6022 0.5446
vn -0.6208 0.6404 0.4521
vn -0.6420 0.6623 0.3861
vn -0.7589 0.5243 0.3861
vn -0.4550 0.7045 0.5446
vn -0.4840 0.7492 0.4521
vn -0.3089 0.7797 0.5446
vn -0.3285 0.8293 0.4521
vn -0.3397 0.8576 0.3861
vn -0.5005 0.7749 0.3861
vn -0.1508 0.8250 0.5446
vn -0.1604 0.8774 0.4521
vn 0.0130 0.8386 0.5446
vn 0.0139 0.8918 0.4521
vn 0.0143 0.9223 0.3862
vn -0.1659 0.9074 0.3861
vn 0.1764 0.8199 0.5446
vn 0.1876 0.8720 0.4521
vn 0.3329 0.7697 0.5446
vn 0.3541 0.8187 0.4521
vn 0.3662 0.8466 0.3862
vn 0.1940 0.9018 0.3861
vn 0.4767 0.6900 0.5446
vn 0.5070 0.7339 0.4521
vn 0.6022 0.5837 0.5446
vn 0.6404 0.6208 0.4521
vn 0.6623 0.6421 0.3862
vn 0.5243 0.7589 0.3861
vn 0.7045 0.4550 0.5446
vn 0.7492 0.4840 0.4521
vn 0.7797 0.3089 0.5447
vn 0.8292 0.3285 0.4522
vn 0.8576 0.3397 0.3861
vn 0.7749 0.5005 0.3861
vn 0.8250 0.1508 0.5447
vn 0.8774 0.1604 0.4521
vn 0.8385 -0.0130 0.5447
vn 0.8918 -0.0139 0.4522
vn 0.9223 -0.0143 0.3861
vn 0.9074 0.1659 0.3861
vn 0.8199 -0.1764 0.5447
vn 0.8720 -0.1876 0.4521
vn 0.7697 -0.3329 0.5447
vn 0.8186 -0.3541 0.4522
vn 0.8466 -0.3662 0.3861
vn 0.9018 -0.1940 0.3861
vn 0.6900 -0.4767 0.5446
vn 0.7338 -0.5070 0.4521
vn 0.5837 -0.6022 0.5447
vn 0.6208 -0.6404 0.4521
vn 0.6420 -0.6623 0.3861
vn 0.7589 -0.5243 0.3861
vn 0.4551 -0.7045 0.5446
vn 0.4840 -0.7493 0.4521
vn 0.3089 -0.7797 0.5446
vn 0.3285 -0.8293 0.4521
vn 0.3397 -0.8576 0.3861
vn 0.5005 -0.7749 0.3861
vn 0.3466 -0.8750 0.3378
vn 0.1692 -0.9258 0.3379
vn 0.1739 -0.9511 0.2553
vn 0.3561 -0.8989 0.2553
vn -0.0146 -0.9411 0.3378
vn -0.0150 -0.9667 0.2553
vn -0.0153 -0.9872 0.1585
vn 0.1776 -0.9713 0.1585
vn 0.3636 -0.9180 0.1585
vn -0.1998 0.0031 -0.9798
vn -0.1526 0.0024 -0.9883
vn -0.1492 0.0321 -0.9883
vn -0.1953 0.0420 -0.9798
vn -0.3643 0.0057 -0.9313
vn -0.3559 0.0765 -0.9314
vn -0.3336 0.1442 -0.9316
vn -0.1401 0.0606 -0.9883
vn -0.1834 0.0793 -0.9798
vn 0.1998 -0.0031 -0.9798
vn 0.1966 0.0359 -0.9798
vn 0.1501 0.0274 -0.9883
vn 0.1526 -0.0024 -0.9883
vn 0.1857 0.0736 -0.9798
vn 0.1419 0.0562 -0.9883
vn 0.3375 0.1337 -0.9318
vn 0.3570 0.0653 -0.9318
vn 0.3629 -0.0056 -0.9318
vn 0.1803 -0.4552 -0.8719
vn 0.0881 -0.4816 -0.8720
vn 0.0538 -0.2941 -0.9543
vn 0.1101 -0.2779 -0.9543
vn -0.0076 -0.4896 -0.8719
vn -0.0046 -0.2989 -0.9543
vn -0.0063 -0.4047 -0.9144
vn 0.0728 -0.3982 -0.9144
vn 0.1490 -0.3761 -0.9145
vn -0.1944 -0.4494 -0.8719
vn -0.2783 -0.4029 -0.8719
vn -0.1699 -0.2460 -0.9543
vn -0.1187 -0.2744 -0.9543
vn -0.3516 -0.3408 -0.8719
vn -0.2146 -0.2081 -0.9543
vn -0.2903 -0.2814 -0.9146
vn -0.2299 -0.3328 -0.9146
vn -0.1606 -0.3713 -0.9145
vn -0.4112 -0.2657 -0.8720
vn -0.2511 -0.1622 -0.9543
vn -0.4552 -0.1803 -0.8719
vn -0.2779 -0.1101 -0.9543
vn -0.3763 -0.1491 -0.9144
vn -0.3397 -0.2195 -0.9146
vn -0.4816 -0.0880 -0.8719
vn -0.2941 -0.0537 -0.9543
vn -0.4896 0.0076 -0.8719
vn -0.2989 0.0046 -0.9543
vn -0.4043 0.0063 -0.9146
vn -0.3978 -0.0727 -0.9146
vn -0.4787 0.1030 -0.8719
vn -0.2923 0.0629 -0.9543
vn -0.4494 0.1944 -0.8719
vn -0.2744 0.1187 -0.9543
vn -0.3714 0.1606 -0.9145
vn -0.3954 0.0850 -0.9146
vn -0.4028 0.2783 -0.8720
vn -0.2460 0.1699 -0.9543
vn -0.3408 0.3516 -0.8719
vn -0.2081 0.2146 -0.9543
vn -0.2815 0.2903 -0.9146
vn -0.3328 0.2299 -0.9146
vn -0.2657 0.4113 -0.8719
vn -0.1622 0.2511 -0.9543
vn -0.1803 0.4552 -0.8719
vn -0.1101 0.2779 -0.9543
vn -0.1489 0.3760 -0.9146
vn -0.2194 0.3397 -0.9146
vn -0.0881 0.4816 -0.8719
vn -0.0538 0.2941 -0.9543
vn 0.0076 0.4896 -0.8719
vn 0.0046 0.2989 -0.9543
vn 0.0063 0.4043 -0.9146
vn -0.0727 0.3979 -0.9145
vn 0.1030 0.4786 -0.8720
vn 0.0629 0.2923 -0.9543
vn 0.1944 0.4494 -0.8719
vn 0.1187 0.2744 -0.9543
vn 0.1605 0.3712 -0.9146
vn 0.0851 0.3954 -0.9146
vn 0.2783 0.4028 -0.8719
vn 0.1699 0.2460 -0.9543
vn 0.3516 0.3408 -0.8719
vn 0.2146 0.2081 -0.9543
vn 0.2904 0.2815 -0.9146
vn 0.2299 0.3328 -0.9146
vn 0.4112 0.2657 -0.8720
vn 0.2511 0.1622 -0.9543
vn 0.4552 0.1803 -0.8719
vn 0.2779 0.1101 -0.9543
vn 0.3765 0.1491 -0.9143
vn 0.3397 0.2195 -0.9146
vn 0.4817 0.0881 -0.8719
vn 0.2941 0.0538 -0.9543
vn 0.4896 -0.0076 -0.8719
vn 0.2989 -0.0046 -0.9543
vn 0.4043 -0.0063 -0.9146
vn 0.3978 0.0727 -0.9146
vn 0.4787 -0.1030 -0.8719
vn 0.2923 -0.0629 -0.9543
vn 0.4494 -0.1944 -0.8719
vn 0.2744 -0.1187 -0.9543
vn 0.3715 -0.1606 -0.9144
vn 0.3954 -0.0850 -0.9146
vn 0.4028 -0.2783 -0.8720
vn 0.2460 -0.1699 -0.9543
vn 0.3408 -0.3516 -0.8719
vn 0.2081 -0.2146 -0.9543
vn 0.2814 -0.2903 -0.9146
vn 0.3327 -0.2299 -0.9146
vn 0.2657 -0.4113 -0.8719
vn 0.1622 -0.2511 -0.9543
vn 0.2196 -0.3400 -0.9144
vn 0.1915 -0.4763 0.8582
vn 0.0921 -0.5005 0.8608
vn 0.0870 -0.4163 0.9051
vn 0.1817 -0.4083 0.8946
vn -0.0079 -0.5091 0.8607
vn -0.0065 -0.4192 0.9079
vn -0.0069 -0.4451 0.8955
vn 0.1005 -0.4599 0.8823
vn 0.2193 -0.5096 0.8320
vn 0.3062 0.6722 0.6741
vn 0.4363 0.6104 0.6611
vn 0.4760 0.6153 0.6284
vn 0.3288 0.6986 0.6355
vn 0.5564 0.5136 0.6531
vn 0.5965 0.5106 0.6193
vn 0.5909 0.5068 0.6276
vn 0.4756 0.5899 0.6525
vn 0.3078 0.8338 0.4584
vn 0.7155 0.2765 0.6415
vn 0.7581 0.1347 0.6380
vn 0.8206 0.1293 0.5567
vn 0.7799 0.2767 0.5614
vn 0.7693 -0.0084 0.6388
vn 0.8352 -0.0088 0.5499
vn 0.8973 -0.0128 0.4413
vn 0.8821 0.1317 0.4522
vn 0.8454 0.2995 0.4423
vn 0.7509 -0.1599 0.6407
vn 0.8173 -0.1722 0.5498
vn 0.7044 -0.3040 0.6414
vn 0.7666 -0.3297 0.5510
vn 0.8243 -0.3528 0.4428
vn 0.8780 -0.1843 0.4418
vn 0.6307 -0.4370 0.6412
vn 0.6856 -0.4756 0.5512
vn 0.5338 -0.5520 0.6406
vn 0.5797 -0.6006 0.5507
vn 0.6223 -0.6445 0.4442
vn 0.7368 -0.5101 0.4438
vn 0.4167 -0.6453 0.6403
vn 0.4528 -0.7016 0.5503
vn 0.2898 -0.7143 0.6370
vn 0.3086 -0.7764 0.5496
vn 0.3349 -0.8293 0.4473
vn 0.4856 -0.7528 0.4444
vn 0.1458 -0.7616 0.6314
vn 0.1516 -0.8223 0.5485
vn -0.0121 -0.7782 0.6279
vn -0.0130 -0.8364 0.5480
vn -0.0138 -0.8891 0.4575
vn 0.1663 -0.8752 0.4543
vn -0.9439 -0.0073 0.3300
vn -0.9548 -0.0238 0.2963
vn -0.9349 -0.1999 0.2933
vn -0.9299 -0.1826 0.3193
vn -0.9624 -0.2129 0.1689
vn -0.9171 -0.3589 0.1738
vn -0.8911 -0.3498 0.2892
vn 0.6668 -0.6855 0.2922
vn 0.6858 -0.7051 0.1803
vn 0.8120 -0.5563 0.1767
vn 0.7880 -0.5416 0.2927
vn -0.8848 -0.3463 0.3119
vn -0.9578 0.1483 0.2462
vn -0.9658 0.1333 0.2226
vn -0.9715 0.1236 0.2022
vn -0.9828 -0.0439 0.1791
vn -0.9641 -0.0268 0.2642
vn 0.0041 0.2626 0.9649
vn 0.0024 0.1570 0.9876
vn -0.0282 0.1544 0.9876
vn -0.0472 0.2584 0.9649
vn 0.0044 0.2808 0.9597
vn -0.0505 0.2763 0.9598
vn -0.1034 0.2611 0.9597
vn -0.0578 0.1459 0.9876
vn -0.0967 0.2442 0.9649
vn 0.3670 -0.9281 0.0629
vn 0.1788 -0.9818 0.0639
vn 0.1788 -0.9836 0.0216
vn 0.3677 -0.9296 0.0231
vn -0.0155 -0.9978 0.0644
vn -0.0160 -0.9997 0.0201
vn -0.0173 -0.9995 -0.0265
vn 0.1757 -0.9842 -0.0228
vn 0.3664 -0.9303 -0.0189
vn 0.0156 0.9808 0.1942
vn 0.1924 0.9647 0.1801
vn 0.2071 0.9743 0.0884
vn 0.0158 0.9955 0.0931
vn 0.3782 0.9137 0.1484
vn 0.4002 0.9134 0.0741
vn 0.4036 0.9149 0.0078
vn 0.2113 0.9774 0.0056
vn 0.0153 0.9999 0.0048
vn 0.0154 0.9915 -0.1291
vn 0.2078 0.9696 -0.1296
vn 0.2012 0.9366 -0.2868
vn 0.0149 0.9580 -0.2865
vn 0.3943 0.9098 -0.1298
vn 0.3805 0.8792 -0.2869
vn 0.3244 0.7500 -0.5764
vn 0.1718 0.7989 -0.5764
vn 0.0127 0.8171 -0.5763
vn 0.2474 -0.2536 -0.9351
vn 0.1973 -0.3031 -0.9323
vn 0.1299 -0.1944 -0.9723
vn 0.1575 -0.1580 -0.9748
vn 0.1340 -0.3390 -0.9312
vn 0.0873 -0.2225 -0.9710
vn 0.0882 -0.2254 -0.9703
vn 0.1321 -0.1950 -0.9719
vn 0.1589 -0.1576 -0.9746
vn 0.8736 -0.3731 0.3124
vn 0.8756 -0.3804 0.2977
vn 0.9245 -0.2254 0.3075
vn 0.9243 -0.2105 0.3184
vn 0.9546 -0.2457 0.1685
vn 0.9807 -0.0671 0.1835
vn 0.9549 -0.0537 0.2920
vn 0.9502 -0.0574 0.3063
vn 0.9022 -0.3968 0.1692
vn 0.9180 -0.3919 0.0604
vn 0.9704 -0.2373 0.0460
vn 0.9440 -0.0463 0.3267
vn 0.0552 0.2568 0.9649
vn 0.0330 0.1535 0.9876
vn 0.1043 0.2411 0.9649
vn 0.0623 0.1441 0.9876
vn 0.1115 0.2578 0.9597
vn 0.0591 0.2746 0.9598
vn -0.2442 -0.0967 0.9649
vn -0.2584 -0.0472 0.9649
vn -0.1545 -0.0282 0.9876
vn -0.1460 -0.0578 0.9876
vn -0.2626 0.0041 0.9649
vn -0.1570 0.0024 0.9876
vn -0.2808 0.0044 0.9597
vn -0.2763 -0.0505 0.9598
vn -0.2607 -0.1035 0.9599
vn -0.0151 -0.9721 0.2342
vn -0.2046 -0.9505 0.2339
vn -0.2103 -0.9773 0.0254
vn -0.0155 -0.9996 0.0253
vn -0.3864 -0.8925 0.2329
vn -0.3971 -0.9174 0.0258
vn -0.3917 -0.9053 -0.1645
vn -0.2075 -0.9642 -0.1650
vn -0.0153 -0.9862 -0.1651
vn -0.5534 -0.8003 0.2309
vn -0.5686 -0.8222 0.0264
vn -0.6991 -0.6775 0.2286
vn -0.7179 -0.6956 0.0271
vn -0.7086 -0.6866 -0.1626
vn -0.5609 -0.8115 -0.1637
vn -0.8181 -0.5289 0.2256
vn -0.8398 -0.5422 0.0276
vn -0.9067 -0.3603 0.2194
vn -0.9295 -0.3678 0.0279
vn -0.9181 -0.3631 -0.1591
vn -0.8291 -0.5353 -0.1613
vn -0.8950 0.3888 0.2189
vn -0.8016 0.5537 0.2254
vn -0.8227 0.5677 0.0296
vn -0.9174 0.3968 0.0304
vn -0.6780 0.6987 0.2281
vn -0.6961 0.7174 0.0283
vn -0.6871 0.7085 -0.1611
vn -0.8125 0.5609 -0.1589
vn -0.9067 0.3918 -0.1562
vn -0.5284 0.8175 0.2290
vn -0.5426 0.8396 0.0273
vn -0.3586 0.9047 0.2300
vn -0.3684 0.9293 0.0268
vn -0.3635 0.9172 -0.1631
vn -0.5355 0.8288 -0.1624
vn -0.1753 0.9569 0.2317
vn -0.1801 0.9833 0.0262
vn 0.0149 0.9723 0.2332
vn 0.0153 0.9996 0.0257
vn 0.0152 0.9862 -0.1647
vn -0.1776 0.9704 -0.1639
vn 0.2044 0.9505 0.2340
vn 0.2102 0.9773 0.0254
vn 0.3859 0.8923 0.2342
vn 0.3969 0.9175 0.0254
vn 0.3915 0.9052 -0.1652
vn 0.2074 0.9642 -0.1651
vn 0.5526 0.7998 0.2342
vn 0.5682 0.8225 0.0254
vn 0.6980 0.6767 0.2342
vn 0.7178 0.6958 0.0253
vn 0.7082 0.6865 -0.1651
vn 0.5606 0.8114 -0.1651
vn 0.8166 0.5275 0.2343
vn 0.8397 0.5424 0.0253
vn 0.9038 0.3580 0.2342
vn 0.9294 0.3682 0.0253
vn 0.9169 0.3632 -0.1651
vn 0.8285 0.5351 -0.1651
vn 0.9563 0.1748 0.2342
vn 0.9834 0.1798 0.0253
vn 0.9721 -0.0151 0.2342
vn 0.9996 -0.0155 0.0253
vn 0.9862 -0.0153 -0.1651
vn 0.9702 0.1774 -0.1651
vn 0.9504 -0.2045 0.2342
vn 0.9773 -0.2102 0.0253
vn 0.8923 -0.3860 0.2342
vn 0.9175 -0.3969 0.0253
vn 0.9052 -0.3916 -0.1651
vn 0.9642 -0.2074 -0.1651
vn 0.7999 -0.5526 0.2342
vn 0.8225 -0.5682 0.0253
vn 0.6767 -0.6980 0.2342
vn 0.6958 -0.7178 0.0253
vn 0.6865 -0.7081 -0.1651
vn 0.8114 -0.5606 -0.1651
vn 0.5275 -0.8166 0.2342
vn 0.5424 -0.8397 0.0253
vn 0.3581 -0.9038 0.2342
vn 0.3682 -0.9294 0.0253
vn 0.3632 -0.9169 -0.1652
vn 0.5351 -0.8285 -0.1651
vn 0.3609 -0.9111 -0.1992
vn 0.1762 -0.9640 -0.1992
vn 0.1798 -0.9837 0.0033
vn 0.3683 -0.9297 0.0033
vn -0.0152 -0.9798 -0.1993
vn -0.0155 -0.9999 0.0034
vn -0.0151 -0.9691 0.2461
vn 0.1743 -0.9534 0.2461
vn 0.3569 -0.9011 0.2461
vn -0.3881 -0.8973 0.2104
vn -0.5557 -0.8043 0.2104
vn -0.5684 -0.8226 -0.0153
vn -0.3969 -0.9177 -0.0153
vn -0.7019 -0.6805 0.2104
vn -0.7179 -0.6959 -0.0153
vn -0.6997 -0.6783 -0.2244
vn -0.5539 -0.8018 -0.2244
vn -0.3869 -0.8944 -0.2244
vn -0.8212 -0.5305 0.2104
vn -0.8399 -0.5425 -0.0153
vn -0.9089 -0.3600 0.2104
vn -0.9296 -0.3682 -0.0153
vn -0.9060 -0.3589 -0.2245
vn -0.8186 -0.5288 -0.2244
vn -0.9617 -0.1758 0.2103
vn -0.9836 -0.1798 -0.0153
vn -0.9775 0.0152 0.2103
vn -0.9998 0.0155 -0.0153
vn -0.9744 0.0151 -0.2244
vn -0.9586 -0.1753 -0.2245
vn -0.9558 0.2056 0.2103
vn -0.9775 0.2103 -0.0153
vn -0.8973 0.3881 0.2104
vn -0.9177 0.3969 -0.0153
vn -0.8944 0.3869 -0.2244
vn -0.9527 0.2049 -0.2244
vn -0.8043 0.5557 0.2104
vn -0.8226 0.5684 -0.0153
vn -0.6805 0.7019 0.2104
vn -0.6960 0.7179 -0.0153
vn -0.6783 0.6997 -0.2244
vn -0.8017 0.5539 -0.2244
vn -0.5304 0.8212 0.2104
vn -0.5425 0.8399 -0.0153
vn -0.3601 0.9089 0.2103
vn -0.3682 0.9296 -0.0153
vn -0.3589 0.9060 -0.2244
vn -0.5288 0.8186 -0.2244
vn -0.1758 0.9617 0.2104
vn -0.1798 0.9836 -0.0153
vn 0.0152 0.9775 0.2104
vn 0.0155 0.9998 -0.0153
vn 0.0151 0.9744 -0.2245
vn -0.1752 0.9586 -0.2244
vn 0.2056 0.9558 0.2104
vn 0.2103 0.9775 -0.0153
vn 0.3881 0.8973 0.2104
vn 0.3969 0.9177 -0.0153
vn 0.3869 0.8944 -0.2244
vn 0.2049 0.9527 -0.2244
vn 0.5557 0.8043 0.2104
vn 0.5684 0.8226 -0.0153
vn 0.7019 0.6805 0.2104
vn 0.7179 0.6960 -0.0153
vn 0.6997 0.6783 -0.2244
vn 0.5539 0.8018 -0.2244
vn 0.8212 0.5304 0.2104
vn 0.8399 0.5425 -0.0153
vn 0.9089 0.3600 0.2104
vn 0.9296 0.3682 -0.0153
vn 0.9060 0.3589 -0.2244
vn 0.8186 0.5287 -0.2245
vn 0.9617 0.1758 0.2104
vn 0.9836 0.1798 -0.0153
vn 0.9775 -0.0152 0.2104
vn 0.9998 -0.0155 -0.0153
vn 0.9744 -0.0151 -0.2243
vn 0.9586 0.1753 -0.2244
vn 0.9558 -0.2056 0.2104
vn 0.9775 -0.2103 -0.0153
vn 0.8973 -0.3881 0.2103
vn 0.9177 -0.3969 -0.0153
vn 0.8945 -0.3869 -0.2243
vn 0.9527 -0.2050 -0.2243
vn 0.8043 -0.5557 0.2103
vn 0.8226 -0.5683 -0.0153
vn 0.6804 -0.7020 0.2104
vn 0.6960 -0.7179 -0.0153
vn 0.6783 -0.6997 -0.2241
vn 0.8018 -0.5540 -0.2242
vn 0.5304 -0.8212 0.2104
vn 0.5425 -0.8399 -0.0153
vn 0.3600 -0.9089 0.2104
vn 0.3682 -0.9296 -0.0153
vn 0.3589 -0.9061 -0.2240
vn 0.5288 -0.8186 -0.2240
vn -0.2061 -0.9580 -0.1992
vn -0.2103 -0.9776 0.0034
vn -0.3890 -0.8994 -0.1992
vn -0.3970 -0.9178 0.0034
vn -0.3848 -0.8896 0.2461
vn -0.2038 -0.9476 0.2461
vn -0.5570 -0.8063 -0.1991
vn -0.5684 -0.8227 0.0034
vn -0.7036 -0.6821 -0.1992
vn -0.7180 -0.6960 0.0034
vn -0.6959 -0.6746 0.2462
vn -0.5509 -0.7974 0.2461
vn -0.9799 0.0152 -0.1991
vn -0.9581 0.2061 -0.1991
vn -0.9776 0.2103 0.0034
vn -0.9999 0.0155 0.0034
vn -0.8994 0.3890 -0.1992
vn -0.9178 0.3970 0.0034
vn -0.8896 0.3848 0.2462
vn -0.9476 0.2038 0.2461
vn -0.9691 0.0151 0.2461
vn -0.8063 0.5570 -0.1992
vn -0.8227 0.5684 0.0033
vn -0.6821 0.7036 -0.1992
vn -0.6960 0.7180 0.0034
vn -0.6746 0.6959 0.2462
vn -0.7974 0.5509 0.2461
vn -0.5317 0.8232 -0.1991
vn -0.5426 0.8400 0.0034
vn -0.3609 0.9111 -0.1992
vn -0.3683 0.9297 0.0034
vn -0.3569 0.9011 0.2461
vn -0.5259 0.8142 0.2461
vn 0.3890 0.8994 -0.1992
vn 0.5570 0.8063 -0.1991
vn 0.5684 0.8227 0.0034
vn 0.3970 0.9178 0.0034
vn 0.7036 0.6821 -0.1992
vn 0.7180 0.6960 0.0033
vn 0.6959 0.6746 0.2462
vn 0.5509 0.7974 0.2461
vn 0.3848 0.8896 0.2462
vn 0.8232 0.5317 -0.1992
vn 0.8400 0.5426 0.0033
vn 0.9111 0.3609 -0.1992
vn 0.9297 0.3683 0.0033
vn 0.9011 0.3569 0.2462
vn 0.8142 0.5259 0.2461
vn 0.9640 0.1762 -0.1992
vn 0.9837 0.1799 0.0033
vn 0.9799 -0.0152 -0.1991
vn 0.9999 -0.0155 0.0033
vn 0.9691 -0.0151 0.2462
vn 0.9534 0.1743 0.2462
vn 0.9580 -0.2061 -0.1992
vn 0.9776 -0.2103 0.0033
vn 0.8994 -0.3890 -0.1992
vn 0.9178 -0.3970 0.0033
vn 0.8896 -0.3848 0.2462
vn 0.9475 -0.2038 0.2462
vn 0.8063 -0.5570 -0.1991
vn 0.8227 -0.5684 0.0033
vn 0.6821 -0.7036 -0.1991
vn 0.6960 -0.7180 0.0033
vn 0.6746 -0.6959 0.2462
vn 0.7974 -0.5509 0.2461
vn 0.5317 -0.8232 -0.1991
vn 0.5426 -0.8400 0.0034
vn 0.5259 -0.8142 0.2461
vn 0.1758 -0.9617 0.2103
vn 0.1798 -0.9836 -0.0153
vn -0.0152 -0.9775 0.2103
vn -0.0155 -0.9998 -0.0153
vn -0.0152 -0.9744 -0.2243
vn 0.1752 -0.9587 -0.2241
vn -0.1131 -0.1900 -0.9753
vn -0.0549 -0.2379 -0.9697
vn -0.0478 -0.2215 -0.9740
vn -0.0874 -0.2049 -0.9749
vn -0.0069 -0.2375 -0.9714
vn -0.0061 -0.2262 -0.9741
vn -0.0066 -0.3497 -0.9368
vn -0.0727 -0.3379 -0.9384
vn -0.1366 -0.3170 -0.9385
vn 0.1809 -0.1238 -0.9757
vn 0.1797 -0.1232 -0.9760
vn 0.2036 -0.0877 -0.9751
vn 0.2002 -0.0862 -0.9760
vn 0.3196 -0.1380 -0.9374
vn 0.2879 -0.1985 -0.9369
vn -0.0004 -0.3146 0.9492
vn 0.0043 -0.5439 0.8391
vn -0.0700 -0.3822 0.9214
vn -0.0708 -0.3307 0.9411
vn 0.0051 -0.7635 0.6458
vn -0.0716 -0.3611 0.9298
vn -0.0703 -0.1717 0.9826
vn -0.0948 -0.2738 0.9571
vn -0.1734 -0.3404 0.9241
vn 0.6052 -0.6279 0.4894
vn 0.4713 -0.7381 0.4827
vn 0.4699 -0.7391 0.4826
vn 0.6036 -0.6293 0.4894
vn 0.3254 -0.8216 0.4680
vn 0.1353 -0.2248 0.9650
vn 0.0961 -0.2447 0.9648
vn 0.1056 -0.2689 0.9574
vn 0.1521 -0.2483 0.9567
vn 0.1834 -0.1960 0.9633
vn 0.2048 -0.2167 0.9545
vn -0.1461 -0.1260 0.9812
vn -0.2643 -0.1673 0.9498
vn -0.3228 -0.1954 0.9261
vn -0.2428 -0.1923 0.9508
vn -0.6181 -0.2269 0.7526
vn -0.4676 -0.1771 0.8660
vn -0.3134 -0.1230 0.9416
vn -0.3005 -0.1920 0.9343
vn -0.2682 -0.2880 0.9193
vn 0.2826 -0.1179 0.9520
vn 0.3026 -0.0626 0.9511
vn 0.2890 -0.0597 0.9555
vn 0.2641 -0.1096 0.9583
vn 0.3147 -0.0041 0.9492
vn 0.3084 -0.0045 0.9512
vn 0.8846 -0.1899 0.4260
vn 0.8868 -0.0166 0.4618
vn 0.8868 -0.0164 0.4619
vn 0.8847 -0.1896 0.4259
vn 0.8196 -0.3530 0.4512
vn 0.8198 -0.3525 0.4513
vn -0.8423 0.3643 0.3971
vn -0.7553 0.5218 0.3965
vn -0.7551 0.5216 0.3971
vn -0.8424 0.3643 0.3971
vn -0.6389 0.6591 0.3967
vn -0.6389 0.6589 0.3971
vn -0.2533 0.1750 0.9514
vn -0.2143 0.2211 0.9514
vn -0.2187 0.2256 0.9494
vn -0.2585 0.1786 0.9493
vn -0.2826 0.1222 0.9514
vn -0.2884 0.1247 0.9494
vn -0.9177 0.0143 0.3969
vn -0.8505 -0.1493 0.5044
vn -0.8506 -0.1492 0.5042
vn -0.3079 0.0048 0.9514
vn -0.3142 0.0049 0.9493
vn -0.3153 -0.0570 0.9473
vn -0.3161 -0.0563 0.9471
vn 0.2509 -0.1705 0.9529
vn 0.2293 -0.1553 0.9609
vn 0.7236 -0.4996 0.4763
vn 0.7242 -0.4986 0.4764
vn -0.0039 -0.2950 0.9555
vn -0.0623 -0.2903 0.9549
vn -0.0605 -0.2807 0.9579
vn -0.0043 -0.2871 0.9579
vn -0.1183 -0.2721 0.9550
vn -0.1140 -0.2631 0.9580
vn -0.1430 -0.3305 0.9329
vn -0.0757 -0.3521 0.9329
vn -0.0056 -0.3601 0.9329
vn -0.3674 -0.8493 0.3792
vn -0.5260 -0.7613 0.3792
vn -0.5598 -0.8102 0.1738
vn -0.3910 -0.9038 0.1738
vn -0.6644 -0.6440 0.3792
vn -0.7071 -0.6854 0.1738
vn -0.7169 -0.6950 0.0544
vn -0.5676 -0.8215 0.0544
vn -0.3964 -0.9165 0.0544
vn -0.7772 -0.5020 0.3793
vn -0.8272 -0.5343 0.1738
vn -0.8602 -0.3408 0.3793
vn -0.9155 -0.3627 0.1739
vn -0.9283 -0.3677 0.0544
vn -0.8388 -0.5418 0.0544
vn -0.9102 -0.1664 0.3792
vn -0.9687 -0.1771 0.1739
vn -0.9252 0.0144 0.3792
vn -0.9847 0.0153 0.1739
vn -0.9984 0.0155 0.0544
vn -0.9822 -0.1796 0.0544
vn -0.6440 0.6644 0.3792
vn -0.5021 0.7773 0.3792
vn -0.5343 0.8272 0.1738
vn -0.6854 0.7071 0.1738
vn -0.3408 0.8603 0.3792
vn -0.3627 0.9156 0.1738
vn -0.3677 0.9283 0.0544
vn -0.5418 0.8388 0.0544
vn -0.6950 0.7169 0.0544
vn 0.0144 0.9252 0.3793
vn 0.1946 0.9046 0.3792
vn 0.2071 0.9628 0.1738
vn 0.0153 0.9847 0.1738
vn 0.3673 0.8493 0.3792
vn 0.3909 0.9039 0.1738
vn 0.3964 0.9165 0.0544
vn 0.2100 0.9762 0.0544
vn 0.0155 0.9984 0.0543
vn 0.5260 0.7613 0.3792
vn 0.5598 0.8102 0.1738
vn 0.6644 0.6440 0.3792
vn 0.7071 0.6854 0.1739
vn 0.7170 0.6950 0.0544
vn 0.5676 0.8215 0.0544
vn 0.7773 0.5020 0.3792
vn 0.8272 0.5343 0.1739
vn 0.8603 0.3408 0.3793
vn 0.9155 0.3627 0.1739
vn 0.9283 0.3678 0.0544
vn 0.8388 0.5418 0.0544
vn 0.9102 0.1664 0.3792
vn 0.9687 0.1771 0.1739
vn 0.9252 -0.0144 0.3792
vn 0.9846 -0.0153 0.1739
vn 0.9984 -0.0155 0.0544
vn 0.9822 0.1796 0.0544
vn 0.9046 -0.1946 0.3792
vn 0.9627 -0.2071 0.1739
vn 0.8492 -0.3673 0.3793
vn 0.9038 -0.3909 0.1739
vn 0.9165 -0.3964 0.0544
vn 0.9762 -0.2100 0.0543
vn 0.7613 -0.5260 0.3793
vn 0.8102 -0.5598 0.1738
vn 0.6441 -0.6644 0.3792
vn 0.6854 -0.7071 0.1738
vn 0.6950 -0.7169 0.0544
vn 0.8215 -0.5676 0.0544
vn 0.5021 -0.7773 0.3792
vn 0.5343 -0.8272 0.1738
vn 0.3408 -0.8603 0.3792
vn 0.3627 -0.9156 0.1738
vn 0.3677 -0.9283 0.0544
vn 0.5418 -0.8388 0.0544
vn -0.0663 -0.3139 0.9471
vn -0.0031 -0.3165 0.9486
vn -0.1270 -0.3050 0.9439
vn -0.2344 -0.3345 0.9128
vn -0.2048 -0.2924 0.9341
vn -0.2421 -0.2244 0.9440
vn -0.2097 -0.2025 0.9566
vn -0.1680 -0.2413 0.9558
vn -0.2663 -0.1701 0.9488
vn -0.2891 -0.1145 0.9504
vn -0.2696 -0.1068 0.9570
vn -0.2442 -0.1574 0.9569
vn -0.3057 -0.0559 0.9505
vn -0.3107 0.0048 0.9505
vn -0.2899 0.0045 0.9570
vn -0.2852 -0.0521 0.9570
vn -0.3072 0.0661 0.9493
vn -0.3038 0.0654 0.9505
vn -0.2852 0.1234 0.9505
vn -0.2661 0.1151 0.9570
vn -0.2835 0.0610 0.9570
vn -0.2557 0.1767 0.9505
vn -0.2163 0.2231 0.9505
vn -0.2018 0.2082 0.9570
vn -0.2386 0.1648 0.9570
vn -0.1705 0.2640 0.9493
vn -0.1686 0.2611 0.9505
vn -0.1157 0.2921 0.9494
vn -0.1144 0.2889 0.9505
vn -0.1068 0.2696 0.9570
vn -0.1573 0.2436 0.9570
vn -0.0565 0.3091 0.9493
vn -0.0559 0.3057 0.9505
vn 0.0041 0.3260 0.9453
vn 0.0049 0.3106 0.9505
vn 0.0045 0.2899 0.9571
vn -0.0521 0.2852 0.9570
vn 0.0718 0.3432 0.9365
vn 0.0638 0.3075 0.9494
vn 0.1716 0.3419 0.9239
vn 0.1233 0.3016 0.9454
vn 0.1160 0.2687 0.9562
vn 0.0607 0.2850 0.9566
vn 0.2322 0.3347 0.9133
vn 0.2024 0.2915 0.9349
vn 0.2657 0.2887 0.9198
vn 0.2411 0.2244 0.9442
vn 0.2089 0.2022 0.9568
vn 0.1663 0.2400 0.9564
vn 0.2987 0.1910 0.9350
vn 0.2660 0.1701 0.9489
vn 0.3161 0.1245 0.9405
vn 0.2889 0.1145 0.9505
vn 0.2695 0.1068 0.9570
vn 0.2440 0.1574 0.9569
vn 0.3202 0.0582 0.9456
vn 0.3059 0.0562 0.9504
vn 0.3116 -0.0040 0.9502
vn 0.2907 -0.0041 0.9568
vn 0.2854 0.0523 0.9570
vn 0.3068 -0.0641 0.9496
vn 0.2917 -0.1232 0.9486
vn 0.2709 -0.1159 0.9556
vn 0.2859 -0.0607 0.9563
vn 0.2640 -0.1803 0.9475
vn 0.2203 -0.2301 0.9479
vn 0.2062 -0.2137 0.9549
vn 0.2448 -0.1682 0.9549
vn 0.1662 -0.2647 0.9499
vn 0.1129 -0.2869 0.9513
vn 0.1072 -0.2714 0.9565
vn 0.1583 -0.2479 0.9558
vn 0.0587 -0.2894 0.9554
vn 0.0590 -0.3056 0.9503
vn 0.0537 -0.2878 0.9562
vn -0.2792 0.0601 0.9583
vn -0.2856 0.0044 0.9583
vn -0.2621 0.1134 0.9583
vn -0.3304 0.1429 0.9330
vn -0.3519 0.0757 0.9330
vn -0.3599 0.0056 0.9330
vn -0.1628 -0.2354 0.9582
vn -0.2053 -0.1989 0.9583
vn -0.2585 -0.2506 0.9330
vn -0.2047 -0.2962 0.9329
vn 0.2799 -0.0600 0.9581
vn 0.2858 -0.0044 0.9583
vn 0.2635 -0.1137 0.9579
vn 0.3306 -0.1430 0.9329
vn 0.3520 -0.0757 0.9329
vn 0.3600 -0.0056 0.9330
vn 0.2367 -0.1634 0.9577
vn 0.2001 -0.2066 0.9577
vn 0.2507 -0.2587 0.9329
vn 0.2964 -0.2048 0.9329
vn 0.0517 -0.2818 0.9581
vn 0.1054 -0.2662 0.9581
vn 0.0648 -0.3542 0.9329
vn 0.1326 -0.3347 0.9329
vn -0.2400 -0.1550 0.9583
vn -0.2655 -0.1052 0.9583
vn -0.3347 -0.1326 0.9330
vn -0.3024 -0.1953 0.9330
vn 0.2810 0.0514 0.9583
vn 0.2655 0.1052 0.9583
vn 0.3541 0.0647 0.9330
vn 0.3347 0.1326 0.9330
vn 0.1624 0.2350 0.9583
vn 0.1134 0.2621 0.9583
vn 0.2051 0.1988 0.9583
vn 0.2585 0.2505 0.9330
vn 0.2046 0.2961 0.9330
vn 0.1429 0.3304 0.9330
vn -0.2810 -0.0514 0.9583
vn -0.3541 -0.0647 0.9330
vn -0.1550 0.2399 0.9583
vn -0.1988 0.2051 0.9583
vn -0.1052 0.2655 0.9583
vn -0.1326 0.3347 0.9330
vn -0.1953 0.3024 0.9330
vn -0.2506 0.2585 0.9330
vn -0.2350 0.1624 0.9583
vn -0.2962 0.2046 0.9330
vn 0.1664 -0.9102 0.3792
vn 0.1771 -0.9687 0.1738
vn -0.0144 -0.9252 0.3792
vn -0.0153 -0.9847 0.1738
vn -0.0155 -0.9984 0.0543
vn 0.1796 -0.9822 0.0543
vn -0.1674 0.1727 -0.9707
vn -0.1305 0.2020 -0.9707
vn -0.0934 0.1445 -0.9851
vn -0.1198 0.1235 -0.9851
vn -0.0886 0.2236 -0.9707
vn -0.0634 0.1600 -0.9851
vn -0.0829 0.2093 -0.9743
vn -0.1221 0.1891 -0.9743
vn -0.1567 0.1616 -0.9743
vn 0.1616 0.1567 -0.9743
vn 0.1235 0.1198 -0.9851
vn 0.1445 0.0934 -0.9851
vn 0.1891 0.1221 -0.9743
vn 0.1727 0.1674 -0.9707
vn 0.2020 0.1305 -0.9707
vn 0.2236 0.0886 -0.9707
vn 0.1600 0.0634 -0.9851
vn 0.2092 0.0829 -0.9743
vn 0.0894 0.2066 -0.9743
vn 0.0473 0.2201 -0.9743
vn 0.0362 0.1682 -0.9851
vn 0.0683 0.1579 -0.9851
vn 0.0035 0.2250 -0.9743
vn 0.0027 0.1720 -0.9851
vn 0.0037 0.2404 -0.9707
vn 0.0506 0.2351 -0.9707
vn 0.0955 0.2207 -0.9707
vn -0.2092 -0.0829 -0.9743
vn -0.1600 -0.0634 -0.9851
vn -0.1693 -0.0309 -0.9851
vn -0.2214 -0.0405 -0.9743
vn -0.2236 -0.0886 -0.9707
vn -0.2365 -0.0432 -0.9707
vn -0.2404 0.0037 -0.9707
vn -0.1720 0.0027 -0.9851
vn -0.2250 0.0035 -0.9743
vn -0.0432 0.2365 -0.9707
vn -0.0309 0.1693 -0.9851
vn -0.0405 0.2214 -0.9743
vn -0.0955 -0.2207 -0.9707
vn -0.0683 -0.1579 -0.9851
vn -0.0362 -0.1682 -0.9851
vn -0.0506 -0.2351 -0.9707
vn -0.0893 -0.2066 -0.9743
vn -0.0473 -0.2201 -0.9743
vn -0.0035 -0.2250 -0.9743
vn -0.0027 -0.1720 -0.9851
vn -0.0037 -0.2404 -0.9707
vn 0.1794 -0.9811 -0.0726
vn 0.3673 -0.9273 -0.0726
vn -0.0155 -0.9972 -0.0726
vn -0.0147 -0.9442 -0.3290
vn 0.1698 -0.9289 -0.3290
vn 0.3478 -0.8780 -0.3290
vn -0.3876 -0.8962 -0.2159
vn -0.5550 -0.8033 -0.2158
vn -0.5661 -0.8193 -0.0912
vn -0.3953 -0.9140 -0.0912
vn -0.7011 -0.6796 -0.2159
vn -0.7150 -0.6931 -0.0912
vn -0.7179 -0.6960 -0.0138
vn -0.5684 -0.8227 -0.0138
vn -0.3969 -0.9177 -0.0138
vn -0.8202 -0.5298 -0.2159
vn -0.8365 -0.5403 -0.0912
vn -0.9078 -0.3596 -0.2159
vn -0.9258 -0.3667 -0.0912
vn -0.9296 -0.3683 -0.0138
vn -0.8399 -0.5425 -0.0138
vn -0.9605 -0.1756 -0.2159
vn -0.9796 -0.1791 -0.0912
vn -0.9763 0.0152 -0.2159
vn -0.9957 0.0155 -0.0912
vn -0.9998 0.0155 -0.0139
vn -0.9836 -0.1798 -0.0138
vn -0.9546 0.2054 -0.2159
vn -0.9736 0.2094 -0.0912
vn -0.8962 0.3876 -0.2159
vn -0.9140 0.3953 -0.0913
vn -0.9177 0.3970 -0.0138
vn -0.9775 0.2103 -0.0138
vn -0.8033 0.5550 -0.2159
vn -0.8193 0.5660 -0.0912
vn -0.6796 0.7011 -0.2159
vn -0.6931 0.7150 -0.0912
vn -0.6960 0.7179 -0.0138
vn -0.8227 0.5684 -0.0138
vn -0.5298 0.8202 -0.2159
vn -0.5403 0.8365 -0.0912
vn -0.3596 0.9078 -0.2159
vn -0.3667 0.9258 -0.0912
vn -0.3682 0.9296 -0.0138
vn -0.5425 0.8399 -0.0138
vn -0.1756 0.9605 -0.2159
vn -0.1791 0.9796 -0.0912
vn 0.0152 0.9763 -0.2159
vn 0.0155 0.9957 -0.0912
vn 0.0155 0.9998 -0.0138
vn -0.1798 0.9836 -0.0138
vn 0.2053 0.9546 -0.2159
vn 0.2094 0.9736 -0.0912
vn 0.3876 0.8962 -0.2159
vn 0.3953 0.9140 -0.0912
vn 0.3970 0.9177 -0.0138
vn 0.2103 0.9775 -0.0138
vn 0.5550 0.8033 -0.2159
vn 0.5661 0.8193 -0.0912
vn 0.7011 0.6796 -0.2159
vn 0.7150 0.6931 -0.0912
vn 0.7179 0.6960 -0.0138
vn 0.5684 0.8227 -0.0138
vn 0.8202 0.5298 -0.2159
vn 0.8365 0.5403 -0.0912
vn 0.9078 0.3596 -0.2159
vn 0.9258 0.3667 -0.0912
vn 0.9296 0.3683 -0.0138
vn 0.8399 0.5425 -0.0138
vn 0.9605 0.1756 -0.2159
vn 0.9796 0.1791 -0.0912
vn 0.9763 -0.0152 -0.2159
vn 0.9957 -0.0155 -0.0912
vn 0.9998 -0.0155 -0.0139
vn 0.9836 0.1798 -0.0138
vn 0.8962 -0.3876 -0.2159
vn 0.8033 -0.5550 -0.2159
vn 0.8193 -0.5660 -0.0912
vn 0.9140 -0.3953 -0.0912
vn 0.6796 -0.7011 -0.2159
vn 0.6931 -0.7150 -0.0912
vn 0.6960 -0.7179 -0.0138
vn 0.8227 -0.5684 -0.0138
vn 0.9177 -0.3970 -0.0138
vn 0.5298 -0.8202 -0.2159
vn 0.5403 -0.8365 -0.0912
vn 0.3596 -0.9078 -0.2159
vn 0.3668 -0.9258 -0.0912
vn 0.3682 -0.9296 -0.0138
vn 0.5425 -0.8399 -0.0138
vn -0.2100 -0.9762 0.0543
vn -0.2098 -0.9751 -0.0726
vn -0.3959 -0.9154 -0.0726
vn -0.3749 -0.8667 -0.3290
vn -0.1986 -0.9232 -0.3290
vn -0.5669 -0.8206 -0.0726
vn -0.7161 -0.6942 -0.0726
vn -0.6780 -0.6573 -0.3290
vn -0.5368 -0.7769 -0.3290
vn -0.8378 -0.5411 -0.0725
vn -0.9273 -0.3673 -0.0725
vn -0.8779 -0.3478 -0.3290
vn -0.7932 -0.5124 -0.3290
vn -0.9811 -0.1793 -0.0726
vn -0.9972 0.0155 -0.0726
vn -0.9442 0.0147 -0.3290
vn -0.9289 -0.1698 -0.3290
vn -0.9762 0.2100 0.0544
vn -0.9751 0.2098 -0.0726
vn -0.9165 0.3964 0.0544
vn -0.9154 0.3959 -0.0726
vn -0.8667 0.3749 -0.3290
vn -0.9232 0.1986 -0.3290
vn -0.8215 0.5676 0.0544
vn -0.8206 0.5669 -0.0725
vn -0.6942 0.7161 -0.0725
vn -0.6573 0.6780 -0.3290
vn -0.7769 0.5368 -0.3290
vn -0.5412 0.8378 -0.0725
vn -0.3673 0.9273 -0.0726
vn -0.3478 0.8779 -0.3291
vn -0.5124 0.7932 -0.3291
vn 0.2098 0.9751 -0.0725
vn 0.0155 0.9972 -0.0725
vn 0.3959 0.9154 -0.0725
vn 0.3749 0.8667 -0.3291
vn 0.1986 0.9232 -0.3291
vn 0.0147 0.9442 -0.3290
vn 0.5669 0.8206 -0.0725
vn 0.7161 0.6942 -0.0725
vn 0.6780 0.6573 -0.3290
vn 0.5368 0.7769 -0.3290
vn 0.8378 0.5412 -0.0725
vn 0.9273 0.3673 -0.0726
vn 0.8780 0.3478 -0.3290
vn 0.7932 0.5124 -0.3290
vn 0.9811 0.1794 -0.0726
vn 0.9972 -0.0155 -0.0726
vn 0.9442 -0.0147 -0.3289
vn 0.9290 0.1698 -0.3289
vn 0.9751 -0.2097 -0.0726
vn 0.9154 -0.3959 -0.0725
vn 0.8667 -0.3749 -0.3290
vn 0.9232 -0.1986 -0.3290
vn 0.8206 -0.5669 -0.0725
vn 0.6942 -0.7161 -0.0726
vn 0.6573 -0.6780 -0.3290
vn 0.7769 -0.5368 -0.3290
vn 0.5412 -0.8378 -0.0726
vn 0.5124 -0.7932 -0.3290
vn 0.2247 -0.5672 -0.7923
vn 0.1097 -0.6002 -0.7923
vn 0.1339 -0.7325 -0.6675
vn 0.2742 -0.6922 -0.6675
vn -0.0095 -0.6100 -0.7923
vn -0.0116 -0.7445 -0.6675
vn -0.0128 -0.8212 -0.5706
vn 0.1477 -0.8079 -0.5705
vn 0.3025 -0.7635 -0.5706
vn -0.0831 -0.3861 -0.9187
vn -0.0061 -0.3948 -0.9187
vn -0.1568 -0.3624 -0.9187
vn -0.2422 -0.5600 -0.7923
vn -0.1283 -0.5965 -0.7923
vn -0.1280 -0.1852 -0.9743
vn -0.2245 -0.3249 -0.9187
vn -0.1616 -0.1567 -0.9743
vn -0.2835 -0.2748 -0.9187
vn -0.4380 -0.4246 -0.7923
vn -0.3468 -0.5020 -0.7923
vn -0.1891 -0.1221 -0.9743
vn -0.3317 -0.2143 -0.9187
vn -0.3671 -0.1454 -0.9187
vn -0.5672 -0.2247 -0.7923
vn -0.5125 -0.3311 -0.7923
vn -0.3885 -0.0710 -0.9187
vn -0.3948 0.0061 -0.9187
vn -0.6100 0.0095 -0.7923
vn -0.6002 -0.1097 -0.7923
vn -0.2201 0.0473 -0.9743
vn -0.3861 0.0831 -0.9187
vn -0.2066 0.0894 -0.9743
vn -0.3624 0.1568 -0.9187
vn -0.5600 0.2422 -0.7923
vn -0.5965 0.1283 -0.7923
vn -0.1852 0.1280 -0.9743
vn -0.3249 0.2245 -0.9187
vn -0.2748 0.2835 -0.9187
vn -0.4246 0.4381 -0.7923
vn -0.5020 0.3468 -0.7923
vn -0.2143 0.3317 -0.9187
vn -0.1454 0.3671 -0.9188
vn -0.2247 0.5672 -0.7923
vn -0.3311 0.5125 -0.7923
vn -0.0710 0.3885 -0.9187
vn 0.0061 0.3948 -0.9187
vn 0.0095 0.6100 -0.7923
vn -0.1097 0.6002 -0.7923
vn 0.0830 0.3861 -0.9187
vn 0.1567 0.3624 -0.9188
vn 0.2422 0.5600 -0.7923
vn 0.1283 0.5965 -0.7923
vn 0.1280 0.1852 -0.9743
vn 0.2245 0.3249 -0.9187
vn 0.2835 0.2748 -0.9187
vn 0.4380 0.4246 -0.7923
vn 0.3468 0.5020 -0.7923
vn 0.3317 0.2143 -0.9187
vn 0.3671 0.1454 -0.9187
vn 0.5672 0.2247 -0.7923
vn 0.5125 0.3311 -0.7923
vn 0.2214 0.0405 -0.9743
vn 0.3885 0.0710 -0.9187
vn 0.2250 -0.0035 -0.9743
vn 0.3948 -0.0061 -0.9187
vn 0.6100 -0.0095 -0.7923
vn 0.6002 0.1097 -0.7923
vn 0.2201 -0.0473 -0.9743
vn 0.3861 -0.0831 -0.9187
vn 0.2066 -0.0894 -0.9743
vn 0.3624 -0.1568 -0.9187
vn 0.5600 -0.2422 -0.7923
vn 0.5965 -0.1283 -0.7923
vn 0.1852 -0.1280 -0.9743
vn 0.3249 -0.2245 -0.9187
vn 0.1567 -0.1616 -0.9743
vn 0.2748 -0.2835 -0.9187
vn 0.4246 -0.4381 -0.7923
vn 0.5020 -0.3468 -0.7923
vn 0.1221 -0.1891 -0.9743
vn 0.2143 -0.3317 -0.9187
vn 0.0829 -0.2092 -0.9743
vn 0.1454 -0.3671 -0.9187
vn 0.3311 -0.5125 -0.7923
vn 0.1756 -0.9605 -0.2158
vn 0.1791 -0.9796 -0.0912
vn -0.0152 -0.9763 -0.2159
vn -0.0155 -0.9957 -0.0912
vn -0.0155 -0.9998 -0.0138
vn 0.1798 -0.9836 -0.0138
vn -0.3350 -0.7745 0.5366
vn -0.4797 -0.6943 0.5366
vn -0.5106 -0.7390 0.4395
vn -0.3566 -0.8244 0.4395
vn -0.6059 -0.5873 0.5366
vn -0.6449 -0.6252 0.4395
vn -0.6694 -0.6489 0.3617
vn -0.5299 -0.7670 0.3617
vn -0.3701 -0.8557 0.3617
vn -0.7088 -0.4578 0.5366
vn -0.7545 -0.4874 0.4395
vn -0.7845 -0.3108 0.5366
vn -0.8351 -0.3308 0.4395
vn -0.8667 -0.3433 0.3618
vn -0.7831 -0.5058 0.3617
vn -0.8301 -0.1517 0.5366
vn -0.8836 -0.1615 0.4395
vn -0.8437 0.0131 0.5366
vn -0.8981 0.0140 0.4395
vn -0.9322 0.0145 0.3617
vn -0.9171 -0.1677 0.3617
vn -0.8250 0.1775 0.5366
vn -0.8782 0.1889 0.4394
vn -0.7745 0.3350 0.5366
vn -0.8244 0.3566 0.4395
vn -0.8557 0.3701 0.3617
vn -0.9114 0.1961 0.3617
vn -0.6942 0.4796 0.5366
vn -0.7390 0.5106 0.4395
vn -0.5873 0.6059 0.5366
vn -0.6252 0.6450 0.4395
vn -0.6489 0.6694 0.3617
vn -0.7670 0.5299 0.3617
vn -0.4579 0.7088 0.5366
vn -0.4874 0.7545 0.4395
vn -0.3108 0.7845 0.5366
vn -0.3308 0.8351 0.4395
vn -0.3434 0.8668 0.3617
vn -0.5059 0.7831 0.3617
vn 0.0131 0.8437 0.5366
vn 0.1775 0.8250 0.5366
vn 0.1889 0.8782 0.4395
vn 0.0140 0.8981 0.4395
vn 0.3350 0.7745 0.5366
vn 0.3566 0.8244 0.4395
vn 0.3701 0.8557 0.3617
vn 0.1961 0.9114 0.3617
vn 0.0145 0.9322 0.3617
vn 0.4797 0.6943 0.5366
vn 0.5106 0.7390 0.4394
vn 0.6059 0.5873 0.5366
vn 0.6450 0.6252 0.4395
vn 0.6694 0.6489 0.3617
vn 0.5300 0.7670 0.3616
vn 0.7088 0.4578 0.5366
vn 0.7545 0.4874 0.4394
vn 0.7845 0.3108 0.5366
vn 0.8351 0.3308 0.4395
vn 0.8668 0.3433 0.3617
vn 0.7831 0.5058 0.3617
vn 0.8301 0.1517 0.5366
vn 0.8836 0.1615 0.4394
vn 0.8437 -0.0131 0.5366
vn 0.8981 -0.0140 0.4395
vn 0.9322 -0.0145 0.3617
vn 0.9171 0.1677 0.3617
vn 0.8250 -0.1775 0.5366
vn 0.8782 -0.1889 0.4394
vn 0.7745 -0.3350 0.5366
vn 0.8244 -0.3566 0.4395
vn 0.8557 -0.3701 0.3617
vn 0.9114 -0.1961 0.3617
vn 0.6942 -0.4797 0.5366
vn 0.7390 -0.5106 0.4395
vn 0.5873 -0.6059 0.5366
vn 0.6252 -0.6450 0.4395
vn 0.6489 -0.6694 0.3617
vn 0.7670 -0.5299 0.3617
vn 0.4579 -0.7088 0.5366
vn 0.4874 -0.7545 0.4395
vn 0.3108 -0.7845 0.5366
vn 0.3308 -0.8351 0.4395
vn 0.3434 -0.8668 0.3617
vn 0.5059 -0.7831 0.3617
vn -0.2053 -0.9546 -0.2159
vn -0.2094 -0.9736 -0.0912
vn -0.2103 -0.9775 -0.0138
vn -0.4233 -0.6126 -0.6675
vn -0.2956 -0.6834 -0.6675
vn -0.5346 -0.5183 -0.6675
vn -0.5897 -0.5716 -0.5706
vn -0.4668 -0.6757 -0.5705
vn -0.3260 -0.7538 -0.5706
vn -0.6255 -0.4040 -0.6675
vn -0.6922 -0.2742 -0.6675
vn -0.7635 -0.3025 -0.5706
vn -0.6899 -0.4456 -0.5705
vn -0.7325 -0.1339 -0.6675
vn -0.7445 0.0116 -0.6675
vn -0.8212 0.0128 -0.5705
vn -0.8079 -0.1477 -0.5705
vn -0.7280 0.1566 -0.6675
vn -0.6834 0.2956 -0.6675
vn -0.7538 0.3260 -0.5705
vn -0.8029 0.1727 -0.5705
vn -0.6126 0.4232 -0.6675
vn -0.5183 0.5346 -0.6675
vn -0.5716 0.5896 -0.5706
vn -0.6757 0.4668 -0.5705
vn -0.4040 0.6255 -0.6675
vn -0.2742 0.6923 -0.6675
vn -0.3025 0.7635 -0.5706
vn -0.4456 0.6899 -0.5705
vn -0.1339 0.7325 -0.6675
vn 0.0116 0.7445 -0.6675
vn 0.0128 0.8211 -0.5706
vn -0.1477 0.8079 -0.5706
vn 0.1566 0.7280 -0.6675
vn 0.2956 0.6834 -0.6675
vn 0.3260 0.7537 -0.5706
vn 0.1727 0.8029 -0.5706
vn 0.4233 0.6126 -0.6675
vn 0.5346 0.5183 -0.6675
vn 0.5897 0.5716 -0.5706
vn 0.4668 0.6757 -0.5705
vn 0.6255 0.4040 -0.6675
vn 0.6922 0.2742 -0.6675
vn 0.7636 0.3025 -0.5705
vn 0.6899 0.4456 -0.5705
vn 0.7325 0.1339 -0.6675
vn 0.7445 -0.0116 -0.6675
vn 0.8212 -0.0128 -0.5705
vn 0.8079 0.1477 -0.5705
vn 0.7280 -0.1566 -0.6675
vn 0.6834 -0.2956 -0.6675
vn 0.7538 -0.3260 -0.5705
vn 0.8029 -0.1727 -0.5705
vn 0.6126 -0.4232 -0.6675
vn 0.5182 -0.5346 -0.6675
vn 0.5716 -0.5897 -0.5705
vn 0.6757 -0.4668 -0.5705
vn 0.4040 -0.6255 -0.6675
vn 0.4456 -0.6899 -0.5705
vn 0.1067 -0.2693 0.9571
vn 0.0521 -0.2850 0.9571
vn 0.0510 -0.2791 0.9589
vn 0.1045 -0.2638 0.9589
vn -0.0045 -0.2897 0.9571
vn -0.0044 -0.2836 0.9589
vn -0.0063 -0.4037 0.9149
vn 0.0726 -0.3972 0.9149
vn 0.1487 -0.3754 0.9149
vn -0.9771 0.2102 0.0340
vn -0.9993 0.0155 0.0340
vn -0.9173 0.3968 0.0340
vn -0.9144 0.3955 0.0863
vn -0.9740 0.2095 0.0863
vn -0.9961 0.0155 0.0863
vn 0.5423 -0.8395 0.0340
vn 0.6956 -0.7176 0.0340
vn 0.3681 -0.9292 0.0340
vn 0.3669 -0.9263 0.0863
vn 0.5406 -0.8369 0.0863
vn 0.6934 -0.7153 0.0863
vn -0.5681 -0.8223 0.0340
vn -0.3967 -0.9173 0.0340
vn -0.7176 -0.6956 0.0340
vn -0.7153 -0.6934 0.0863
vn -0.5663 -0.8197 0.0863
vn -0.3955 -0.9144 0.0863
vn 0.9775 -0.2103 -0.0138
vn 0.9771 -0.2102 0.0340
vn 0.9993 -0.0155 0.0340
vn 0.9173 -0.3968 0.0340
vn 0.9144 -0.3955 0.0863
vn 0.9740 -0.2095 0.0863
vn 0.9961 -0.0155 0.0863
vn 0.5681 0.8223 0.0340
vn 0.3968 0.9173 0.0340
vn 0.7176 0.6956 0.0340
vn 0.7153 0.6934 0.0863
vn 0.5663 0.8197 0.0863
vn 0.3955 0.9144 0.0863
vn 0.9831 0.1797 0.0340
vn 0.9292 0.3681 0.0340
vn 0.9800 0.1792 0.0863
vn 0.9262 0.3669 0.0863
vn -0.1797 0.9831 0.0340
vn -0.3681 0.9292 0.0340
vn 0.0155 0.9993 0.0340
vn 0.0155 0.9961 0.0863
vn -0.1792 0.9800 0.0863
vn -0.3669 0.9262 0.0863
vn -0.5423 0.8395 0.0340
vn -0.6956 0.7176 0.0340
vn -0.5406 0.8369 0.0863
vn -0.6934 0.7153 0.0863
vn -0.2102 -0.9771 0.0340
vn -0.0155 -0.9993 0.0340
vn -0.2095 -0.9740 0.0863
vn -0.0155 -0.9961 0.0863
vn 0.1797 -0.9831 0.0340
vn 0.1792 -0.9800 0.0863
vn -0.9831 -0.1797 0.0340
vn -0.9292 -0.3681 0.0340
vn -0.9800 -0.1792 0.0863
vn -0.9262 -0.3669 0.0863
vn 0.2102 0.9771 0.0340
vn 0.2095 0.9740 0.0863
vn -0.2079 -0.9667 0.1492
vn -0.0154 -0.9887 0.1492
vn -0.3925 -0.9076 0.1492
vn -0.3886 -0.8984 0.2049
vn -0.2058 -0.9569 0.2049
vn -0.0152 -0.9787 0.2049
vn -0.5621 -0.8135 0.1492
vn -0.7100 -0.6882 0.1492
vn -0.7028 -0.6813 0.2049
vn -0.5564 -0.8053 0.2048
vn -0.8369 -0.5406 0.0863
vn -0.8306 -0.5365 0.1492
vn -0.9193 -0.3642 0.1492
vn -0.9100 -0.3605 0.2049
vn -0.8222 -0.5311 0.2049
vn -0.9727 -0.1778 0.1492
vn -0.9887 0.0154 0.1492
vn -0.9787 0.0152 0.2049
vn -0.9628 -0.1760 0.2049
vn -0.9667 0.2080 0.1492
vn -0.9076 0.3925 0.1492
vn -0.8984 0.3886 0.2049
vn -0.9569 0.2059 0.2049
vn -0.8197 0.5663 0.0863
vn -0.8135 0.5621 0.1492
vn -0.6882 0.7100 0.1492
vn -0.6813 0.7028 0.2049
vn -0.8053 0.5564 0.2049
vn -0.5365 0.8306 0.1492
vn -0.3642 0.9193 0.1492
vn -0.3605 0.9100 0.2049
vn -0.5311 0.8222 0.2049
vn -0.1778 0.9727 0.1492
vn 0.0154 0.9887 0.1492
vn 0.0152 0.9787 0.2049
vn -0.1760 0.9628 0.2048
vn 0.2080 0.9667 0.1492
vn 0.3926 0.9075 0.1492
vn 0.3886 0.8984 0.2049
vn 0.2058 0.9569 0.2048
vn 0.5621 0.8135 0.1492
vn 0.7100 0.6882 0.1492
vn 0.7028 0.6813 0.2049
vn 0.5564 0.8053 0.2049
vn 0.8369 0.5406 0.0863
vn 0.8306 0.5365 0.1492
vn 0.9193 0.3642 0.1492
vn 0.9100 0.3605 0.2049
vn 0.8222 0.5311 0.2049
vn 0.9727 0.1778 0.1492
vn 0.9887 -0.0154 0.1492
vn 0.9787 -0.0152 0.2049
vn 0.9628 0.1760 0.2049
vn 0.9667 -0.2080 0.1492
vn 0.9075 -0.3925 0.1492
vn 0.8984 -0.3886 0.2049
vn 0.9569 -0.2058 0.2049
vn 0.8197 -0.5663 0.0863
vn 0.8135 -0.5620 0.1492
vn 0.6882 -0.7100 0.1492
vn 0.6813 -0.7028 0.2048
vn 0.8053 -0.5564 0.2049
vn 0.5365 -0.8306 0.1492
vn 0.3642 -0.9193 0.1492
vn 0.3605 -0.9100 0.2049
vn 0.5311 -0.8222 0.2048
vn 0.1778 -0.9727 0.1492
vn 0.1760 -0.9628 0.2049
vn 0.1736 -0.9496 0.2609
vn 0.3555 -0.8975 0.2609
vn -0.0150 -0.9652 0.2609
vn -0.0145 -0.9309 0.3649
vn 0.1674 -0.9159 0.3649
vn 0.3429 -0.8656 0.3649
vn 0.1517 -0.8301 0.5366
vn 0.1615 -0.8836 0.4395
vn -0.0131 -0.8437 0.5366
vn -0.0140 -0.8981 0.4395
vn -0.0145 -0.9322 0.3617
vn 0.1676 -0.9171 0.3617
vn -0.3970 -0.9178 0.0088
vn -0.5684 -0.8227 0.0089
vn -0.5647 -0.8173 -0.1144
vn -0.3944 -0.9118 -0.1143
vn -0.7180 -0.6960 0.0089
vn -0.7133 -0.6914 -0.1145
vn -0.6859 -0.6648 -0.2960
vn -0.5430 -0.7859 -0.2959
vn -0.3792 -0.8768 -0.2958
vn -0.9998 0.0155 0.0088
vn -0.9776 0.2103 0.0088
vn -0.9712 0.2089 -0.1144
vn -0.9933 0.0154 -0.1143
vn -0.9178 0.3970 0.0088
vn -0.9118 0.3944 -0.1144
vn -0.8767 0.3792 -0.2959
vn -0.9339 0.2009 -0.2958
vn -0.9551 0.0148 -0.2958
vn -0.8227 0.5684 0.0088
vn -0.8173 0.5647 -0.1144
vn -0.6960 0.7180 0.0088
vn -0.6915 0.7133 -0.1144
vn -0.6648 0.6858 -0.2960
vn -0.7859 0.5430 -0.2959
vn -0.5426 0.8400 0.0089
vn -0.5390 0.8345 -0.1145
vn -0.3683 0.9297 0.0089
vn -0.3659 0.9236 -0.1144
vn -0.3518 0.8880 -0.2960
vn -0.5183 0.8023 -0.2961
vn -0.1798 0.9837 0.0089
vn -0.1787 0.9772 -0.1144
vn 0.0155 0.9998 0.0088
vn 0.0154 0.9933 -0.1144
vn 0.0148 0.9551 -0.2958
vn -0.1718 0.9396 -0.2959
vn 0.2103 0.9776 0.0089
vn 0.2089 0.9712 -0.1144
vn 0.3970 0.9178 0.0089
vn 0.3944 0.9118 -0.1144
vn 0.3792 0.8767 -0.2960
vn 0.2009 0.9339 -0.2959
vn 0.5684 0.8227 0.0089
vn 0.5647 0.8173 -0.1144
vn 0.7180 0.6960 0.0088
vn 0.7133 0.6915 -0.1144
vn 0.6858 0.6649 -0.2959
vn 0.5429 0.7859 -0.2960
vn 0.8400 0.5426 0.0088
vn 0.8345 0.5390 -0.1143
vn 0.9297 0.3683 0.0088
vn 0.9236 0.3659 -0.1144
vn 0.8881 0.3518 -0.2959
vn 0.8024 0.5183 -0.2958
vn 0.9837 0.1798 0.0089
vn 0.9772 0.1786 -0.1145
vn 0.9998 -0.0155 0.0088
vn 0.9933 -0.0154 -0.1144
vn 0.9551 -0.0148 -0.2960
vn 0.9396 0.1718 -0.2960
vn 0.9776 -0.2103 0.0089
vn 0.9712 -0.2089 -0.1144
vn 0.9178 -0.3970 0.0088
vn 0.9118 -0.3944 -0.1144
vn 0.8767 -0.3792 -0.2959
vn 0.9338 -0.2009 -0.2960
vn 0.8227 -0.5684 0.0088
vn 0.8173 -0.5647 -0.1144
vn 0.6960 -0.7180 0.0089
vn 0.6915 -0.7133 -0.1144
vn 0.6649 -0.6859 -0.2959
vn 0.7859 -0.5430 -0.2959
vn 0.5426 -0.8400 0.0089
vn 0.5390 -0.8345 -0.1144
vn 0.3683 -0.9297 0.0088
vn 0.3659 -0.9236 -0.1144
vn 0.3518 -0.8881 -0.2958
vn 0.5183 -0.8024 -0.2959
vn -0.1775 -0.8250 0.5366
vn -0.1889 -0.8782 0.4395
vn -0.1961 -0.9115 0.3617
vn -0.0609 -0.2832 0.9571
vn -0.0597 -0.2773 0.9589
vn -0.1150 -0.2659 0.9571
vn -0.1126 -0.2604 0.9589
vn -0.1603 -0.3706 0.9149
vn -0.0849 -0.3947 0.9149
vn -0.1647 -0.2384 0.9571
vn -0.1613 -0.2334 0.9589
vn -0.2080 -0.2016 0.9571
vn -0.2037 -0.1975 0.9589
vn -0.2899 -0.2810 0.9149
vn -0.2295 -0.3322 0.9149
vn -0.2434 -0.1572 0.9571
vn -0.2383 -0.1539 0.9589
vn -0.2693 -0.1067 0.9571
vn -0.2637 -0.1045 0.9589
vn -0.3754 -0.1487 0.9149
vn -0.3392 -0.2191 0.9149
vn -0.2850 -0.0521 0.9571
vn -0.2791 -0.0510 0.9589
vn -0.2897 0.0045 0.9571
vn -0.2837 0.0044 0.9589
vn -0.4037 0.0063 0.9149
vn -0.3972 -0.0726 0.9149
vn -0.2833 0.0609 0.9571
vn -0.2774 0.0597 0.9589
vn -0.2659 0.1150 0.9571
vn -0.2604 0.1126 0.9589
vn -0.3706 0.1603 0.9149
vn -0.3947 0.0849 0.9149
vn -0.2384 0.1647 0.9571
vn -0.2334 0.1613 0.9589
vn -0.2017 0.2080 0.9571
vn -0.1975 0.2037 0.9589
vn -0.2810 0.2899 0.9149
vn -0.3322 0.2295 0.9149
vn -0.1572 0.2434 0.9571
vn -0.1539 0.2383 0.9589
vn -0.1067 0.2694 0.9571
vn -0.1045 0.2637 0.9589
vn -0.1487 0.3754 0.9149
vn -0.2191 0.3391 0.9149
vn 0.0045 0.2897 0.9571
vn 0.0609 0.2832 0.9571
vn 0.0597 0.2774 0.9589
vn 0.0044 0.2837 0.9589
vn 0.1150 0.2659 0.9571
vn 0.1126 0.2604 0.9589
vn 0.1603 0.3706 0.9149
vn 0.0849 0.3947 0.9149
vn 0.0063 0.4037 0.9149
vn 0.1647 0.2384 0.9571
vn 0.1613 0.2334 0.9589
vn 0.2080 0.2017 0.9571
vn 0.2037 0.1975 0.9589
vn 0.2899 0.2810 0.9149
vn 0.2295 0.3322 0.9149
vn 0.2434 0.1572 0.9571
vn 0.2383 0.1539 0.9589
vn 0.2694 0.1067 0.9571
vn 0.2637 0.1045 0.9589
vn 0.3754 0.1487 0.9149
vn 0.3392 0.2191 0.9149
vn 0.2850 0.0521 0.9571
vn 0.2791 0.0510 0.9589
vn 0.2897 -0.0045 0.9571
vn 0.2837 -0.0044 0.9589
vn 0.4037 -0.0063 0.9149
vn 0.3971 0.0726 0.9149
vn 0.2833 -0.0609 0.9571
vn 0.2773 -0.0597 0.9589
vn 0.2659 -0.1150 0.9571
vn 0.2604 -0.1126 0.9589
vn 0.3706 -0.1603 0.9149
vn 0.3947 -0.0849 0.9149
vn 0.2384 -0.1647 0.9571
vn 0.2334 -0.1612 0.9589
vn 0.2017 -0.2080 0.9571
vn 0.1975 -0.2037 0.9589
vn 0.2810 -0.2899 0.9149
vn 0.3322 -0.2295 0.9149
vn 0.1572 -0.2434 0.9571
vn 0.1539 -0.2383 0.9589
vn 0.2191 -0.3392 0.9149
vn 0.1798 -0.9837 0.0088
vn 0.1787 -0.9772 -0.1144
vn -0.0155 -0.9998 0.0088
vn -0.0154 -0.9933 -0.1144
vn -0.0148 -0.9551 -0.2958
vn 0.1718 -0.9397 -0.2957
vn 0.1653 -0.1705 0.9714
vn 0.1289 -0.1995 0.9714
vn 0.1352 -0.2094 0.9684
vn 0.1735 -0.1790 0.9684
vn 0.0874 -0.2208 0.9714
vn 0.0918 -0.2317 0.9684
vn 0.1245 -0.3144 0.9411
vn 0.1835 -0.2841 0.9411
vn 0.2355 -0.2429 0.9410
vn -0.4389 0.1898 -0.8782
vn -0.3935 0.2718 -0.8782
vn -0.3096 0.2139 -0.9265
vn -0.3454 0.1494 -0.9265
vn -0.3329 0.3434 -0.8782
vn -0.2619 0.2702 -0.9265
vn -0.3606 0.3724 -0.8551
vn -0.4265 0.2950 -0.8551
vn -0.4759 0.2062 -0.8550
vn -0.4782 0.0074 -0.8782
vn -0.4675 0.1005 -0.8782
vn -0.3680 0.0792 -0.9265
vn -0.3763 0.0059 -0.9265
vn -0.5073 0.1094 -0.8548
vn -0.5190 0.0083 -0.8548
vn -0.5105 -0.0931 -0.8548
vn -0.3702 -0.0677 -0.9265
vn -0.4823 -0.1908 -0.8550
vn -0.3499 -0.1386 -0.9265
vn -0.4446 -0.1761 -0.8783
vn -0.4704 -0.0860 -0.8782
vn 0.3381 -0.0052 0.9411
vn 0.2492 -0.0039 0.9684
vn 0.2436 -0.0524 0.9684
vn 0.3305 -0.0711 0.9411
vn 0.2375 -0.0036 0.9714
vn 0.2322 -0.0499 0.9714
vn 0.2179 -0.0942 0.9714
vn 0.2287 -0.0990 0.9684
vn 0.3104 -0.1343 0.9411
vn -0.2103 -0.9776 0.0088
vn -0.2089 -0.9712 -0.1143
vn -0.2009 -0.9339 -0.2957
vn 0.1333 -0.6128 0.7789
vn 0.1446 -0.6915 0.7078
vn 0.2721 -0.6339 0.7240
vn -0.0101 -0.6509 0.7591
vn -0.0111 -0.7167 0.6973
vn -0.2062 -0.4701 0.8582
vn -0.2894 -0.4239 0.8582
vn -0.2618 -0.3759 0.8889
vn -0.1943 -0.4025 0.8946
vn -0.3675 -0.3564 0.8590
vn -0.3315 -0.3211 0.8872
vn -0.3984 -0.3857 0.8322
vn -0.3203 -0.4527 0.8321
vn -0.2350 -0.5025 0.8320
vn -0.4301 -0.2778 0.8590
vn -0.3877 -0.2505 0.8871
vn -0.4759 -0.1885 0.8590
vn -0.4292 -0.1700 0.8871
vn -0.5155 -0.2042 0.8322
vn -0.4657 -0.3009 0.8322
vn -0.5036 -0.0920 0.8590
vn -0.4541 -0.0830 0.8871
vn -0.5119 0.0080 0.8590
vn -0.4615 0.0072 0.8871
vn -0.5544 0.0086 0.8322
vn -0.5454 -0.0997 0.8322
vn -0.5005 0.1077 0.8590
vn -0.4513 0.0971 0.8871
vn -0.4699 0.2032 0.8590
vn -0.4237 0.1832 0.8871
vn -0.5090 0.2200 0.8322
vn -0.5421 0.1167 0.8322
vn -0.4213 0.2910 0.8590
vn -0.3798 0.2624 0.8871
vn -0.3564 0.3676 0.8590
vn -0.3213 0.3314 0.8871
vn -0.3855 0.3939 0.8344
vn -0.4564 0.3135 0.8328
vn -0.2778 0.4301 0.8590
vn -0.2505 0.3878 0.8871
vn -0.1886 0.4760 0.8590
vn -0.1700 0.4291 0.8871
vn -0.2024 0.5074 0.8376
vn -0.2993 0.4594 0.8363
vn -0.0921 0.5037 0.8590
vn -0.0830 0.4541 0.8871
vn 0.0079 0.5119 0.8590
vn 0.0072 0.4615 0.8871
vn 0.0084 0.5447 0.8386
vn -0.0986 0.5362 0.8383
vn 0.1077 0.5006 0.8590
vn 0.0971 0.4513 0.8871
vn 0.2033 0.4699 0.8590
vn 0.1832 0.4237 0.8871
vn 0.2180 0.5008 0.8377
vn 0.1152 0.5328 0.8384
vn 0.2911 0.4213 0.8589
vn 0.2624 0.3798 0.8871
vn 0.3676 0.3564 0.8590
vn 0.3314 0.3213 0.8871
vn 0.3975 0.3817 0.8344
vn 0.3134 0.4498 0.8363
vn 0.4301 0.2778 0.8590
vn 0.3877 0.2505 0.8871
vn 0.4760 0.1885 0.8590
vn 0.4291 0.1700 0.8871
vn 0.5155 0.2041 0.8322
vn 0.4658 0.2991 0.8328
vn 0.5037 0.0921 0.8590
vn 0.4541 0.0830 0.8871
vn 0.5119 -0.0079 0.8590
vn 0.4615 -0.0072 0.8871
vn 0.5544 -0.0086 0.8322
vn 0.5455 0.0997 0.8322
vn 0.5006 -0.1077 0.8590
vn 0.4513 -0.0971 0.8871
vn 0.4699 -0.2032 0.8590
vn 0.4236 -0.1833 0.8871
vn 0.5089 -0.2201 0.8322
vn 0.5421 -0.1165 0.8322
vn 0.4212 -0.2910 0.8590
vn 0.3798 -0.2624 0.8871
vn 0.3563 -0.3677 0.8590
vn 0.3213 -0.3312 0.8872
vn 0.3862 -0.3979 0.8322
vn 0.4561 -0.3152 0.8322
vn 0.2761 -0.4327 0.8582
vn 0.2500 -0.3839 0.8889
vn 0.3061 -0.4624 0.8322
vn -0.0053 -0.3382 0.9411
vn 0.0608 -0.3326 0.9411
vn 0.0448 -0.2451 0.9685
vn -0.0039 -0.2491 0.9685
vn 0.0427 -0.2335 0.9714
vn -0.0037 -0.2373 0.9714
vn -0.1847 -0.4279 0.8847
vn -0.2645 -0.3837 0.8847
vn -0.1631 -0.2364 0.9579
vn -0.1138 -0.2635 0.9579
vn -0.3343 -0.3248 0.8847
vn -0.2061 -0.2000 0.9579
vn -0.1706 -0.1654 0.9714
vn -0.1351 -0.1955 0.9714
vn -0.0942 -0.2180 0.9714
vn -0.3913 -0.2536 0.8846
vn -0.2410 -0.1559 0.9579
vn -0.4332 -0.1725 0.8846
vn -0.2667 -0.1059 0.9579
vn -0.2208 -0.0875 0.9714
vn -0.1996 -0.1289 0.9714
vn -0.4586 -0.0847 0.8846
vn -0.2822 -0.0518 0.9580
vn -0.4662 0.0064 0.8846
vn -0.2868 0.0042 0.9580
vn -0.2373 0.0036 0.9714
vn -0.2336 -0.0427 0.9714
vn -0.4561 0.0972 0.8846
vn -0.2805 0.0601 0.9580
vn -0.4283 0.1843 0.8846
vn -0.2635 0.1137 0.9579
vn -0.2180 0.0942 0.9714
vn -0.2321 0.0499 0.9714
vn -0.3842 0.2644 0.8846
vn -0.2363 0.1629 0.9579
vn -0.3252 0.3342 0.8846
vn -0.1999 0.2059 0.9579
vn -0.1654 0.1705 0.9714
vn -0.1955 0.1350 0.9714
vn -0.2537 0.3915 0.8845
vn -0.1558 0.2409 0.9580
vn -0.1724 0.4336 0.8845
vn -0.1058 0.2666 0.9580
vn -0.0875 0.2207 0.9714
vn -0.1289 0.1995 0.9714
vn -0.0844 0.4591 0.8844
vn -0.0517 0.2821 0.9580
vn 0.0070 0.4665 0.8845
vn 0.0044 0.2868 0.9580
vn 0.0037 0.2374 0.9714
vn -0.0427 0.2335 0.9714
vn 0.0980 0.4561 0.8845
vn 0.0603 0.2805 0.9580
vn 0.1851 0.4280 0.8846
vn 0.1139 0.2634 0.9579
vn 0.0943 0.2180 0.9714
vn 0.0499 0.2322 0.9714
vn 0.2650 0.3838 0.8846
vn 0.1631 0.2362 0.9579
vn 0.3345 0.3247 0.8847
vn 0.2061 0.1999 0.9579
vn 0.1706 0.1655 0.9713
vn 0.1351 0.1955 0.9714
vn 0.2429 0.2354 0.9411
vn 0.1790 0.1735 0.9684
vn 0.2094 0.1353 0.9684
vn 0.2841 0.1835 0.9411
vn 0.1997 0.1290 0.9713
vn 0.2210 0.0876 0.9713
vn 0.2318 0.0918 0.9684
vn 0.3144 0.1245 0.9411
vn 0.4332 0.1722 0.8847
vn 0.4585 0.0845 0.8846
vn 0.2823 0.0518 0.9579
vn 0.2669 0.1059 0.9579
vn 0.4661 -0.0064 0.8847
vn 0.2869 -0.0042 0.9580
vn 0.2337 0.0428 0.9714
vn 0.4560 -0.0973 0.8847
vn 0.2805 -0.0601 0.9580
vn 0.4284 -0.1846 0.8845
vn 0.2633 -0.1137 0.9580
vn 0.3844 -0.2650 0.8843
vn 0.2360 -0.1629 0.9580
vn 0.3251 -0.3349 0.8844
vn 0.1997 -0.2059 0.9580
vn 0.1954 -0.1349 0.9714
vn 0.1717 -0.4336 0.8846
vn 0.0838 -0.4588 0.8846
vn 0.0516 -0.2822 0.9580
vn 0.1056 -0.2668 0.9580
vn -0.0072 -0.4662 0.8847
vn -0.0045 -0.2868 0.9580
vn -0.0711 -0.3307 0.9411
vn -0.0987 -0.4585 0.8832
vn -0.0074 -0.4689 0.8832
vn -0.1342 -0.3104 0.9411
vn -0.1862 -0.4304 0.8832
vn -0.2367 -0.5473 0.8028
vn -0.1255 -0.5830 0.8027
vn -0.0094 -0.5963 0.8027
vn -0.1922 -0.2782 0.9411
vn -0.2665 -0.3858 0.8833
vn -0.2428 -0.2353 0.9411
vn -0.3367 -0.3264 0.8832
vn -0.4281 -0.4151 0.8028
vn -0.3389 -0.4906 0.8027
vn -0.2841 -0.1835 0.9411
vn -0.3939 -0.2545 0.8832
vn -0.3144 -0.1246 0.9411
vn -0.4360 -0.1728 0.8832
vn -0.5544 -0.2198 0.8027
vn -0.5009 -0.3236 0.8027
vn -0.3327 -0.0608 0.9411
vn -0.4613 -0.0844 0.8832
vn -0.3382 0.0052 0.9411
vn -0.4690 0.0072 0.8832
vn -0.5962 0.0091 0.8028
vn -0.5866 -0.1074 0.8027
vn -0.3307 0.0711 0.9411
vn -0.4586 0.0986 0.8832
vn -0.3105 0.1343 0.9410
vn -0.4306 0.1862 0.8831
vn -0.5473 0.2367 0.8028
vn -0.5830 0.1253 0.8027
vn -0.2783 0.1923 0.9410
vn -0.3860 0.2666 0.8831
vn -0.2354 0.2428 0.9411
vn -0.3265 0.3367 0.8832
vn -0.4151 0.4281 0.8028
vn -0.4906 0.3389 0.8028
vn -0.1835 0.2840 0.9411
vn -0.2545 0.3939 0.8832
vn -0.1245 0.3144 0.9411
vn -0.1727 0.4360 0.8832
vn -0.2196 0.5544 0.8027
vn -0.3236 0.5009 0.8027
vn 0.0053 0.3382 0.9410
vn 0.0711 0.3307 0.9411
vn 0.0987 0.4586 0.8831
vn 0.0073 0.4691 0.8831
vn 0.1343 0.3104 0.9411
vn 0.1863 0.4305 0.8832
vn 0.2368 0.5473 0.8027
vn 0.1255 0.5830 0.8027
vn 0.0093 0.5962 0.8027
vn 0.1923 0.2783 0.9411
vn 0.2667 0.3858 0.8832
vn 0.3368 0.3264 0.8832
vn 0.4283 0.4149 0.8028
vn 0.3391 0.4905 0.8027
vn 0.3940 0.2544 0.8832
vn 0.4361 0.1726 0.8832
vn 0.5545 0.2195 0.8027
vn 0.5010 0.3234 0.8027
vn 0.3327 0.0608 0.9411
vn 0.4613 0.0843 0.8832
vn 0.4689 -0.0073 0.8832
vn 0.5962 -0.0093 0.8027
vn 0.5866 0.1071 0.8027
vn 0.4584 -0.0986 0.8832
vn 0.4304 -0.1863 0.8832
vn 0.5473 -0.2368 0.8028
vn 0.5830 -0.1255 0.8027
vn 0.2783 -0.1923 0.9410
vn 0.3859 -0.2667 0.8831
vn 0.3265 -0.3368 0.8831
vn 0.4150 -0.4282 0.8028
vn 0.4906 -0.3390 0.8028
vn 0.2545 -0.3940 0.8832
vn 0.1727 -0.4360 0.8832
vn 0.2195 -0.5544 0.8027
vn 0.3235 -0.5010 0.8027
vn 0.0843 -0.4613 0.8832
vn 0.1071 -0.5866 0.8027
vn -0.1443 -0.6706 0.7277
vn -0.0107 -0.6858 0.7277
vn -0.2723 -0.6296 0.7276
vn -0.2981 -0.6892 0.6605
vn -0.1579 -0.7340 0.6605
vn -0.0117 -0.7507 0.6605
vn 0.3721 -0.5762 0.7277
vn 0.4774 -0.4925 0.7277
vn 0.2526 -0.6378 0.7276
vn 0.2765 -0.6981 0.6605
vn 0.4074 -0.6307 0.6605
vn 0.5225 -0.5390 0.6606
vn -0.5762 -0.3723 0.7276
vn -0.4925 -0.4775 0.7276
vn -0.6377 -0.2527 0.7277
vn -0.6980 -0.2765 0.6605
vn -0.6307 -0.4074 0.6605
vn -0.5391 -0.5226 0.6604
vn 0.5643 -0.3899 0.7277
vn 0.6295 -0.2724 0.7277
vn 0.6177 -0.4268 0.6606
vn 0.6891 -0.2981 0.6605
vn 0.6748 0.1233 0.7276
vn 0.6378 0.2525 0.7277
vn 0.6859 -0.0107 0.7276
vn 0.7508 -0.0117 0.6604
vn 0.7386 0.1350 0.6605
vn 0.6980 0.2765 0.6605
vn -0.3722 0.5762 0.7276
vn -0.4775 0.4924 0.7277
vn -0.2526 0.6378 0.7276
vn -0.2765 0.6981 0.6605
vn -0.4074 0.6307 0.6604
vn -0.5226 0.5391 0.6605
vn 0.1233 -0.6748 0.7276
vn 0.1350 -0.7386 0.6605
vn -0.5643 0.3898 0.7277
vn -0.6295 0.2722 0.7278
vn -0.6177 0.4267 0.6606
vn -0.6890 0.2980 0.6606
vn 0.6707 -0.1443 0.7276
vn 0.7341 -0.1579 0.6604
vn -0.6706 0.1442 0.7277
vn -0.6858 0.0106 0.7277
vn -0.7340 0.1579 0.6605
vn -0.7507 0.0116 0.6605
vn 0.5762 0.3721 0.7277
vn 0.4926 0.4774 0.7277
vn 0.6307 0.4074 0.6605
vn 0.5391 0.5226 0.6605
vn -0.1752 -0.8144 0.5532
vn -0.0129 -0.8329 0.5532
vn -0.3307 -0.7646 0.5532
vn -0.3659 -0.8460 0.3877
vn -0.1939 -0.9012 0.3877
vn -0.0143 -0.9217 0.3877
vn -0.4268 -0.6178 0.6604
vn -0.4735 -0.6854 0.5532
vn -0.5981 -0.5798 0.5532
vn -0.6619 -0.6416 0.3877
vn -0.5240 -0.7584 0.3877
vn -0.6997 -0.4520 0.5532
vn -0.7745 -0.3068 0.5533
vn -0.8570 -0.3395 0.3877
vn -0.7743 -0.5002 0.3877
vn -0.7386 -0.1351 0.6605
vn -0.8194 -0.1498 0.5533
vn -0.8329 0.0129 0.5533
vn -0.9217 0.0143 0.3877
vn -0.9068 -0.1658 0.3876
vn -0.8144 0.1752 0.5533
vn -0.7645 0.3307 0.5533
vn -0.8460 0.3660 0.3877
vn -0.9012 0.1939 0.3877
vn -0.6853 0.4735 0.5533
vn -0.5798 0.5981 0.5532
vn -0.6416 0.6619 0.3877
vn -0.7584 0.5240 0.3877
vn -0.4520 0.6998 0.5532
vn -0.3068 0.7745 0.5532
vn -0.3395 0.8570 0.3877
vn -0.5002 0.7743 0.3877
vn 0.2981 0.6891 0.6606
vn 0.4268 0.6177 0.6605
vn 0.4735 0.6854 0.5532
vn 0.3307 0.7646 0.5533
vn 0.5981 0.5798 0.5532
vn 0.6619 0.6416 0.3877
vn 0.5240 0.7584 0.3877
vn 0.3660 0.8460 0.3877
vn 0.6997 0.4520 0.5532
vn 0.7745 0.3068 0.5532
vn 0.8570 0.3395 0.3877
vn 0.7743 0.5002 0.3876
vn 0.8195 0.1498 0.5532
vn 0.8330 -0.0129 0.5532
vn 0.9217 -0.0143 0.3877
vn 0.9068 0.1658 0.3877
vn 0.8144 -0.1752 0.5532
vn 0.7646 -0.3307 0.5533
vn 0.8460 -0.3659 0.3877
vn 0.9012 -0.1939 0.3877
vn 0.6853 -0.4735 0.5533
vn 0.5798 -0.5981 0.5533
vn 0.6416 -0.6619 0.3877
vn 0.7584 -0.5240 0.3877
vn 0.4520 -0.6997 0.5532
vn 0.3068 -0.7745 0.5532
vn 0.3395 -0.8570 0.3877
vn 0.5002 -0.7743 0.3877
vn 0.1498 -0.8195 0.5532
vn 0.1658 -0.9068 0.3877
vn -0.2047 -0.9514 0.2301
vn -0.0151 -0.9731 0.2301
vn -0.3863 -0.8932 0.2301
vn -0.3936 -0.9100 0.1306
vn -0.2085 -0.9693 0.1306
vn -0.0154 -0.9913 0.1306
vn -0.5532 -0.8007 0.2300
vn -0.6987 -0.6774 0.2301
vn -0.7119 -0.6901 0.1306
vn -0.5636 -0.8157 0.1306
vn -0.8175 -0.5280 0.2301
vn -0.9048 -0.3584 0.2300
vn -0.9218 -0.3651 0.1306
vn -0.8328 -0.5379 0.1306
vn -0.9573 -0.1750 0.2300
vn -0.9731 0.0151 0.2300
vn -0.9913 0.0154 0.1306
vn -0.9753 -0.1783 0.1306
vn -0.9514 0.2047 0.2300
vn -0.8932 0.3863 0.2300
vn -0.9100 0.3936 0.1306
vn -0.9693 0.2085 0.1306
vn -0.8007 0.5532 0.2300
vn -0.6774 0.6987 0.2301
vn -0.6901 0.7119 0.1306
vn -0.8157 0.5636 0.1306
vn -0.5280 0.8175 0.2301
vn -0.3584 0.9048 0.2301
vn -0.3651 0.9218 0.1306
vn -0.5379 0.8328 0.1306
vn 0.0143 0.9217 0.3877
vn 0.1939 0.9012 0.3877
vn 0.2047 0.9514 0.2301
vn 0.0151 0.9731 0.2301
vn 0.3863 0.8932 0.2301
vn 0.3936 0.9100 0.1306
vn 0.2085 0.9693 0.1305
vn 0.0154 0.9913 0.1305
vn 0.5532 0.8007 0.2301
vn 0.6987 0.6774 0.2301
vn 0.7119 0.6901 0.1306
vn 0.5636 0.8157 0.1306
vn 0.8175 0.5280 0.2300
vn 0.9048 0.3584 0.2300
vn 0.9218 0.3651 0.1306
vn 0.8328 0.5379 0.1306
vn 0.9573 0.1750 0.2300
vn 0.9731 -0.0151 0.2301
vn 0.9913 -0.0154 0.1306
vn 0.9753 0.1783 0.1306
vn 0.9514 -0.2047 0.2301
vn 0.8932 -0.3863 0.2300
vn 0.9100 -0.3936 0.1306
vn 0.9693 -0.2085 0.1306
vn 0.8007 -0.5532 0.2300
vn 0.6774 -0.6987 0.2301
vn 0.6901 -0.7119 0.1306
vn 0.8157 -0.5636 0.1306
vn 0.5280 -0.8175 0.2301
vn 0.3584 -0.9048 0.2301
vn 0.3651 -0.9218 0.1306
vn 0.5379 -0.8328 0.1306
vn 0.1750 -0.9573 0.2301
vn 0.1783 -0.9753 0.1306
vn -0.2100 -0.9764 0.0498
vn -0.0155 -0.9986 0.0498
vn -0.3965 -0.9167 0.0498
vn -0.3965 -0.9166 -0.0515
vn -0.2100 -0.9763 -0.0515
vn -0.0155 -0.9986 -0.0515
vn -0.5677 -0.8217 0.0499
vn -0.7171 -0.6952 0.0498
vn -0.7171 -0.6951 -0.0515
vn -0.5677 -0.8216 -0.0515
vn -0.8390 -0.5419 0.0498
vn -0.9286 -0.3678 0.0498
vn -0.9285 -0.3678 -0.0516
vn -0.8389 -0.5419 -0.0515
vn -0.9825 -0.1796 0.0498
vn -0.9986 0.0155 0.0498
vn -0.9985 0.0155 -0.0516
vn -0.9824 -0.1796 -0.0516
vn -0.9764 0.2100 0.0498
vn -0.9167 0.3965 0.0498
vn -0.9166 0.3965 -0.0516
vn -0.9763 0.2100 -0.0516
vn -0.8217 0.5677 0.0498
vn -0.6952 0.7171 0.0498
vn -0.6951 0.7171 -0.0516
vn -0.8216 0.5677 -0.0515
vn -0.5419 0.8390 0.0498
vn -0.3678 0.9286 0.0498
vn -0.3678 0.9285 -0.0515
vn -0.5419 0.8389 -0.0516
vn 0.2100 0.9764 0.0498
vn 0.0155 0.9986 0.0498
vn 0.3965 0.9167 0.0498
vn 0.3965 0.9166 -0.0515
vn 0.2100 0.9763 -0.0515
vn 0.0155 0.9986 -0.0515
vn 0.5677 0.8217 0.0498
vn 0.7171 0.6952 0.0498
vn 0.7171 0.6951 -0.0516
vn 0.5677 0.8216 -0.0515
vn 0.8390 0.5419 0.0498
vn 0.9286 0.3678 0.0498
vn 0.9285 0.3678 -0.0516
vn 0.8389 0.5419 -0.0516
vn 0.9825 0.1796 0.0498
vn 0.9986 -0.0155 0.0498
vn 0.9985 -0.0155 -0.0516
vn 0.9824 0.1796 -0.0516
vn 0.9764 -0.2100 0.0498
vn 0.9167 -0.3965 0.0498
vn 0.9166 -0.3965 -0.0516
vn 0.9763 -0.2100 -0.0516
vn 0.8217 -0.5677 0.0498
vn 0.6952 -0.7171 0.0498
vn 0.6951 -0.7171 -0.0516
vn 0.8216 -0.5677 -0.0516
vn 0.5419 -0.8390 0.0498
vn 0.3678 -0.9286 0.0498
vn 0.3678 -0.9285 -0.0515
vn 0.5419 -0.8389 -0.0515
vn 0.1796 -0.9825 0.0498
vn 0.1796 -0.9824 -0.0515
vn -0.3778 -0.8736 -0.3068
vn -0.5410 -0.7831 -0.3067
vn -0.5075 -0.7345 -0.4506
vn -0.3544 -0.8194 -0.4506
vn -0.6834 -0.6625 -0.3067
vn -0.6410 -0.6214 -0.4506
vn -0.6055 -0.5869 -0.5375
vn -0.4793 -0.6938 -0.5375
vn -0.3348 -0.7740 -0.5374
vn -0.7995 -0.5164 -0.3067
vn -0.7499 -0.4844 -0.4505
vn -0.8849 -0.3505 -0.3067
vn -0.8300 -0.3288 -0.4505
vn -0.7841 -0.3106 -0.5374
vn -0.7084 -0.4576 -0.5374
vn -0.9363 -0.1712 -0.3067
vn -0.8782 -0.1605 -0.4505
vn -0.9517 0.0148 -0.3067
vn -0.8927 0.0139 -0.4505
vn -0.8432 0.0131 -0.5374
vn -0.8296 -0.1517 -0.5373
vn -0.9305 0.2002 -0.3067
vn -0.8728 0.1877 -0.4505
vn -0.8736 0.3779 -0.3067
vn -0.8194 0.3544 -0.4505
vn -0.7740 0.3348 -0.5374
vn -0.8245 0.1774 -0.5373
vn -0.7831 0.5410 -0.3067
vn -0.7345 0.5075 -0.4505
vn -0.6625 0.6834 -0.3067
vn -0.6214 0.6410 -0.4505
vn -0.5870 0.6055 -0.5374
vn -0.6938 0.4794 -0.5374
vn -0.5164 0.7995 -0.3067
vn -0.4844 0.7499 -0.4505
vn -0.3505 0.8849 -0.3067
vn -0.3288 0.8300 -0.4505
vn -0.3106 0.7840 -0.5374
vn -0.4576 0.7084 -0.5374
vn -0.1712 0.9363 -0.3067
vn -0.1606 0.8782 -0.4505
vn 0.0148 0.9517 -0.3067
vn 0.0139 0.8926 -0.4506
vn 0.0131 0.8431 -0.5375
vn -0.1517 0.8295 -0.5374
vn 0.2002 0.9305 -0.3067
vn 0.1878 0.8728 -0.4506
vn 0.3779 0.8736 -0.3067
vn 0.3544 0.8194 -0.4506
vn 0.3347 0.7739 -0.5376
vn 0.1773 0.8244 -0.5376
vn 0.5410 0.7831 -0.3067
vn 0.5075 0.7345 -0.4505
vn 0.6834 0.6625 -0.3067
vn 0.6410 0.6214 -0.4505
vn 0.6055 0.5870 -0.5373
vn 0.4793 0.6938 -0.5375
vn 0.7995 0.5164 -0.3067
vn 0.7499 0.4844 -0.4505
vn 0.8849 0.3505 -0.3067
vn 0.8300 0.3288 -0.4505
vn 0.7840 0.3106 -0.5374
vn 0.7084 0.4576 -0.5373
vn 0.9363 0.1712 -0.3067
vn 0.8782 0.1605 -0.4505
vn 0.9517 -0.0148 -0.3067
vn 0.8926 -0.0139 -0.4506
vn 0.8431 -0.0131 -0.5375
vn 0.8295 0.1516 -0.5375
vn 0.9305 -0.2002 -0.3067
vn 0.8728 -0.1877 -0.4505
vn 0.8736 -0.3779 -0.3067
vn 0.8194 -0.3544 -0.4505
vn 0.7740 -0.3348 -0.5374
vn 0.8244 -0.1774 -0.5375
vn 0.7831 -0.5410 -0.3067
vn 0.7345 -0.5075 -0.4505
vn 0.6625 -0.6834 -0.3067
vn 0.6214 -0.6410 -0.4506
vn 0.5870 -0.6055 -0.5374
vn 0.6938 -0.4794 -0.5374
vn 0.5164 -0.7995 -0.3067
vn 0.4844 -0.7499 -0.4506
vn 0.4576 -0.7084 -0.5374
vn -0.0096 -0.6167 0.7871
vn -0.1297 -0.6031 0.7870
vn -0.1034 -0.4809 0.8707
vn -0.0076 -0.4918 0.8707
vn -0.2449 -0.5662 0.7870
vn -0.1952 -0.4514 0.8707
vn -0.2173 -0.5024 0.8369
vn -0.1151 -0.5351 0.8369
vn -0.0085 -0.5473 0.8369
vn -0.5421 -0.7846 0.3010
vn -0.3786 -0.8753 0.3010
vn -0.6847 -0.6638 0.3010
vn -0.7032 -0.6817 0.2018
vn -0.5567 -0.8058 0.2018
vn -0.3888 -0.8989 0.2018
vn -0.8011 -0.5174 0.3010
vn -0.8866 -0.3512 0.3010
vn -0.9106 -0.3607 0.2018
vn -0.8227 -0.5314 0.2018
vn -0.9381 -0.1715 0.3010
vn -0.9535 0.0148 0.3010
vn -0.9793 0.0152 0.2018
vn -0.9635 -0.1761 0.2018
vn -0.9323 0.2006 0.3010
vn -0.8753 0.3786 0.3010
vn -0.8989 0.3888 0.2018
vn -0.9575 0.2060 0.2018
vn -0.7846 0.5421 0.3010
vn -0.6637 0.6847 0.3010
vn -0.6817 0.7032 0.2018
vn -0.8058 0.5567 0.2018
vn -0.5174 0.8010 0.3010
vn -0.3512 0.8866 0.3010
vn -0.3607 0.9106 0.2018
vn -0.5314 0.8227 0.2018
vn -0.1715 0.9381 0.3010
vn 0.0148 0.9535 0.3010
vn 0.0152 0.9793 0.2018
vn -0.1761 0.9635 0.2018
vn 0.2006 0.9323 0.3010
vn 0.3786 0.8753 0.3010
vn 0.3888 0.8989 0.2018
vn 0.2060 0.9575 0.2018
vn 0.5421 0.7846 0.3010
vn 0.6847 0.6638 0.3010
vn 0.7032 0.6817 0.2018
vn 0.5567 0.8058 0.2017
vn 0.8011 0.5174 0.3010
vn 0.8866 0.3512 0.3010
vn 0.9106 0.3607 0.2018
vn 0.8227 0.5314 0.2018
vn 0.9381 0.1715 0.3010
vn 0.9535 -0.0148 0.3010
vn 0.9793 -0.0152 0.2018
vn 0.9635 0.1761 0.2018
vn 0.7846 -0.5421 0.3010
vn 0.8753 -0.3786 0.3010
vn 0.6638 -0.6847 0.3010
vn 0.6817 -0.7032 0.2018
vn 0.8058 -0.5567 0.2018
vn 0.8989 -0.3888 0.2018
vn 0.5174 -0.8010 0.3010
vn 0.3512 -0.8866 0.3010
vn 0.3607 -0.9106 0.2018
vn 0.5314 -0.8227 0.2018
vn 0.1659 -0.9074 0.3861
vn 0.1715 -0.9381 0.3010
vn -0.0143 -0.9223 0.3862
vn -0.0148 -0.9535 0.3010
vn -0.0152 -0.9793 0.2018
vn 0.1761 -0.9635 0.2018
vn 0.1508 -0.8250 0.5446
vn 0.1604 -0.8774 0.4521
vn -0.0130 -0.8386 0.5446
vn -0.0139 -0.8918 0.4522
vn -0.9320 -0.3555 0.0706
vn -0.8422 -0.5347 0.0685
vn -0.8301 -0.5281 0.1792
vn -0.0004 -0.0226 -0.9997
vn -0.0000 -0.0026 -1.0000
vn 0.0008 -0.0046 -1.0000
vn 0.0042 -0.0231 -0.9997
vn 0.0000 0.0000 -1.0000
vn 0.0010 -0.0024 -1.0000
vn 0.0083 -0.0210 -0.9997
vn -0.0208 0.0090 -0.9997
vn -0.0024 0.0010 -1.0000
vn -0.0045 0.0010 -1.0000
vn -0.0229 0.0049 -0.9997
vn -0.0026 0.0000 -1.0000
vn -0.0226 0.0004 -0.9997
vn -0.2002 -0.9305 -0.3067
vn -0.1877 -0.8728 -0.4505
vn -0.1774 -0.8245 -0.5374
vn -0.0155 -0.9998 -0.0090
vn -0.2103 -0.9776 -0.0090
vn -0.2074 -0.9640 -0.1666
vn -0.0153 -0.9859 -0.1666
vn -0.3970 -0.9178 -0.0090
vn -0.3914 -0.9050 -0.1666
vn -0.5684 -0.8227 -0.0090
vn -0.5605 -0.8112 -0.1666
vn -0.7180 -0.6960 -0.0090
vn -0.7080 -0.6863 -0.1666
vn -0.8400 -0.5426 -0.0090
vn -0.8283 -0.5350 -0.1666
vn -0.9297 -0.3683 -0.0090
vn -0.9167 -0.3631 -0.1666
vn -0.9837 -0.1798 -0.0090
vn -0.9699 -0.1773 -0.1666
vn -0.9998 0.0155 -0.0090
vn -0.9859 0.0153 -0.1666
vn -0.6960 0.7180 -0.0090
vn -0.5426 0.8400 -0.0090
vn -0.5350 0.8283 -0.1666
vn -0.6863 0.7080 -0.1666
vn -0.3683 0.9297 -0.0090
vn -0.3631 0.9167 -0.1666
vn -0.1798 0.9837 -0.0090
vn -0.1773 0.9700 -0.1666
vn 0.0155 0.9998 -0.0090
vn 0.0153 0.9859 -0.1666
vn 0.2103 0.9776 -0.0090
vn 0.2074 0.9640 -0.1666
vn 0.3970 0.9178 -0.0090
vn 0.3914 0.9050 -0.1666
vn 0.5684 0.8227 -0.0090
vn 0.5605 0.8112 -0.1666
vn 0.7180 0.6960 -0.0090
vn 0.7080 0.6863 -0.1666
vn 0.8400 0.5426 -0.0090
vn 0.8283 0.5350 -0.1666
vn 0.9297 0.3683 -0.0090
vn 0.9167 0.3631 -0.1666
vn 0.9837 0.1798 -0.0090
vn 0.9699 0.1773 -0.1666
vn 0.9998 -0.0155 -0.0090
vn 0.9859 -0.0153 -0.1666
vn 0.9776 -0.2103 -0.0090
vn 0.9640 -0.2074 -0.1666
vn 0.9178 -0.3970 -0.0090
vn 0.9050 -0.3914 -0.1666
vn 0.8227 -0.5684 -0.0090
vn 0.8112 -0.5605 -0.1666
vn 0.6960 -0.7180 -0.0090
vn 0.6863 -0.7080 -0.1666
vn 0.5426 -0.8400 -0.0090
vn 0.5350 -0.8283 -0.1666
vn 0.3683 -0.9297 -0.0090
vn 0.3631 -0.9167 -0.1666
vn 0.1798 -0.9837 -0.0090
vn 0.1773 -0.9700 -0.1666
vn 0.1774 -0.9706 -0.1628
vn 0.3634 -0.9173 -0.1628
vn -0.0153 -0.9865 -0.1628
vn -0.0148 -0.9503 -0.3109
vn 0.1709 -0.9350 -0.3109
vn 0.3500 -0.8836 -0.3109
vn -0.5608 -0.8118 -0.1628
vn -0.3917 -0.9056 -0.1628
vn -0.7084 -0.6867 -0.1628
vn -0.6824 -0.6615 -0.3109
vn -0.5403 -0.7820 -0.3109
vn -0.3773 -0.8723 -0.3109
vn -0.8288 -0.5353 -0.1628
vn -0.9173 -0.3634 -0.1628
vn -0.8837 -0.3500 -0.3108
vn -0.7984 -0.5157 -0.3108
vn -0.9706 -0.1774 -0.1628
vn -0.9865 0.0153 -0.1628
vn -0.9503 0.0148 -0.3109
vn -0.9350 -0.1709 -0.3109
vn -0.9646 0.2075 -0.1628
vn -0.9056 0.3917 -0.1628
vn -0.8724 0.3773 -0.3108
vn -0.9292 0.1999 -0.3109
vn -0.8118 0.5608 -0.1628
vn -0.6868 0.7084 -0.1628
vn -0.6615 0.6824 -0.3109
vn -0.7820 0.5403 -0.3108
vn -0.5354 0.8288 -0.1628
vn -0.3634 0.9173 -0.1628
vn -0.3500 0.8836 -0.3109
vn -0.5157 0.7984 -0.3109
vn 0.2075 0.9646 -0.1628
vn 0.0153 0.9865 -0.1628
vn 0.3917 0.9056 -0.1628
vn 0.3773 0.8723 -0.3109
vn 0.1999 0.9292 -0.3109
vn 0.0148 0.9503 -0.3109
vn 0.5608 0.8118 -0.1628
vn 0.7084 0.6867 -0.1628
vn 0.6824 0.6615 -0.3109
vn 0.5403 0.7820 -0.3109
vn 0.8288 0.5353 -0.1628
vn 0.9173 0.3634 -0.1628
vn 0.8837 0.3500 -0.3108
vn 0.7984 0.5157 -0.3108
vn 0.9706 0.1774 -0.1628
vn 0.9865 -0.0153 -0.1628
vn 0.9503 -0.0148 -0.3109
vn 0.9350 0.1709 -0.3109
vn 0.9646 -0.2075 -0.1628
vn 0.9056 -0.3917 -0.1628
vn 0.8724 -0.3773 -0.3109
vn 0.9292 -0.1999 -0.3109
vn 0.8118 -0.5608 -0.1628
vn 0.6868 -0.7084 -0.1628
vn 0.6615 -0.6824 -0.3109
vn 0.7820 -0.5403 -0.3109
vn 0.5353 -0.8288 -0.1628
vn 0.5157 -0.7984 -0.3109
vn -0.0086 -0.5567 -0.8307
vn -0.1171 -0.5443 -0.8307
vn -0.0920 -0.4275 -0.8993
vn -0.0068 -0.4372 -0.8993
vn -0.2210 -0.5110 -0.8307
vn -0.1736 -0.4014 -0.8993
vn -0.2437 -0.5634 -0.7894
vn -0.1291 -0.6002 -0.7893
vn -0.0095 -0.6138 -0.7894
vn -0.3165 -0.4581 -0.8307
vn -0.2486 -0.3598 -0.8993
vn -0.3997 -0.3875 -0.8307
vn -0.3140 -0.3044 -0.8993
vn -0.4407 -0.4272 -0.7895
vn -0.3489 -0.5050 -0.7894
vn -0.4676 -0.3021 -0.8307
vn -0.3674 -0.2373 -0.8993
vn -0.5176 -0.2050 -0.8307
vn -0.4066 -0.1611 -0.8993
vn -0.5707 -0.2261 -0.7894
vn -0.5157 -0.3331 -0.7894
vn -0.5477 -0.1001 -0.8307
vn -0.4302 -0.0787 -0.8993
vn -0.5567 0.0087 -0.8307
vn -0.4373 0.0068 -0.8993
vn -0.6137 0.0095 -0.7895
vn -0.6039 -0.1104 -0.7894
vn -0.5443 0.1171 -0.8307
vn -0.4276 0.0920 -0.8993
vn -0.5109 0.2210 -0.8307
vn -0.4014 0.1736 -0.8993
vn -0.5634 0.2437 -0.7894
vn -0.6002 0.1291 -0.7894
vn -0.4580 0.3164 -0.8307
vn -0.3599 0.2486 -0.8993
vn -0.3875 0.3998 -0.8307
vn -0.3044 0.3140 -0.8993
vn -0.4272 0.4407 -0.7895
vn -0.5051 0.3489 -0.7894
vn -0.3021 0.4677 -0.8307
vn -0.2373 0.3674 -0.8993
vn -0.2051 0.5176 -0.8307
vn -0.1611 0.4066 -0.8993
vn -0.2261 0.5707 -0.7894
vn -0.3331 0.5157 -0.7894
vn 0.0086 0.5567 -0.8307
vn 0.1171 0.5443 -0.8307
vn 0.0920 0.4276 -0.8993
vn 0.0068 0.4373 -0.8993
vn 0.2210 0.5110 -0.8307
vn 0.1736 0.4014 -0.8993
vn 0.2437 0.5634 -0.7895
vn 0.1291 0.6002 -0.7893
vn 0.0095 0.6138 -0.7894
vn 0.3165 0.4581 -0.8307
vn 0.2486 0.3598 -0.8993
vn 0.3998 0.3875 -0.8307
vn 0.3140 0.3044 -0.8993
vn 0.4408 0.4273 -0.7894
vn 0.3489 0.5050 -0.7894
vn 0.4676 0.3021 -0.8307
vn 0.3674 0.2373 -0.8993
vn 0.5176 0.2050 -0.8307
vn 0.4066 0.1611 -0.8993
vn 0.5707 0.2261 -0.7894
vn 0.5158 0.3332 -0.7893
vn 0.5476 0.1001 -0.8307
vn 0.4303 0.0787 -0.8993
vn 0.5567 -0.0086 -0.8307
vn 0.4373 -0.0068 -0.8993
vn 0.6137 -0.0095 -0.7895
vn 0.6038 0.1104 -0.7894
vn 0.5443 -0.1171 -0.8307
vn 0.4276 -0.0920 -0.8993
vn 0.5110 -0.2210 -0.8307
vn 0.4014 -0.1736 -0.8993
vn 0.5634 -0.2437 -0.7894
vn 0.6002 -0.1291 -0.7894
vn 0.4580 -0.3164 -0.8307
vn 0.3598 -0.2486 -0.8993
vn 0.3875 -0.3998 -0.8307
vn 0.3044 -0.3140 -0.8993
vn 0.4273 -0.4408 -0.7894
vn 0.5052 -0.3490 -0.7893
vn 0.3021 -0.4677 -0.8307
vn 0.2373 -0.3674 -0.8993
vn 0.2051 -0.5176 -0.8307
vn 0.1611 -0.4066 -0.8993
vn 0.2261 -0.5706 -0.7895
vn 0.3331 -0.5157 -0.7894
vn 0.2011 -0.5076 0.8378
vn 0.0982 -0.5371 0.8378
vn 0.0662 -0.3623 0.9297
vn 0.1356 -0.3424 0.9297
vn -0.0085 -0.5459 0.8378
vn -0.0057 -0.3683 0.9297
vn -0.5487 -0.7942 0.2609
vn -0.3832 -0.8860 0.2609
vn -0.6931 -0.6719 0.2609
vn -0.6685 -0.6480 0.3649
vn -0.5292 -0.7660 0.3649
vn -0.3696 -0.8545 0.3649
vn -0.8109 -0.5238 0.2609
vn -0.8975 -0.3555 0.2609
vn -0.8656 -0.3429 0.3649
vn -0.7821 -0.5052 0.3649
vn -0.9496 -0.1736 0.2609
vn -0.9652 0.0150 0.2609
vn -0.9309 0.0145 0.3649
vn -0.9159 -0.1674 0.3649
vn -0.9438 0.2030 0.2609
vn -0.8860 0.3832 0.2609
vn -0.8545 0.3696 0.3649
vn -0.9102 0.1958 0.3649
vn -0.7942 0.5487 0.2609
vn -0.6719 0.6931 0.2609
vn -0.6480 0.6685 0.3649
vn -0.7660 0.5292 0.3649
vn -0.5238 0.8109 0.2609
vn -0.3555 0.8975 0.2609
vn -0.3429 0.8656 0.3649
vn -0.5052 0.7821 0.3649
vn 0.2030 0.9438 0.2609
vn 0.0150 0.9653 0.2609
vn 0.3832 0.8860 0.2609
vn 0.3696 0.8545 0.3649
vn 0.1958 0.9102 0.3649
vn 0.0145 0.9309 0.3649
vn 0.5487 0.7942 0.2609
vn 0.6931 0.6719 0.2609
vn 0.6685 0.6480 0.3649
vn 0.5292 0.7660 0.3649
vn 0.8109 0.5238 0.2609
vn 0.8975 0.3555 0.2609
vn 0.8656 0.3429 0.3649
vn 0.7821 0.5052 0.3649
vn 0.9496 0.1736 0.2609
vn 0.9652 -0.0150 0.2609
vn 0.9309 -0.0145 0.3649
vn 0.9159 0.1674 0.3648
vn 0.9438 -0.2030 0.2609
vn 0.8860 -0.3832 0.2609
vn 0.8545 -0.3696 0.3649
vn 0.9102 -0.1958 0.3649
vn 0.7942 -0.5487 0.2609
vn 0.6719 -0.6931 0.2609
vn 0.6480 -0.6685 0.3649
vn 0.7660 -0.5292 0.3649
vn 0.5238 -0.8109 0.2609
vn 0.5052 -0.7821 0.3648
vn -0.2168 -0.5011 0.8378
vn -0.3104 -0.4492 0.8378
vn -0.2094 -0.3030 0.9297
vn -0.1462 -0.3380 0.9297
vn -0.3920 -0.3800 0.8378
vn -0.2644 -0.2563 0.9297
vn -0.4587 -0.2963 0.8378
vn -0.3094 -0.1998 0.9297
vn -0.5076 -0.2011 0.8378
vn -0.3424 -0.1356 0.9297
vn -0.5371 -0.0982 0.8378
vn -0.3623 -0.0662 0.9297
vn -0.5459 0.0085 0.8378
vn -0.3682 0.0057 0.9297
vn -0.5339 0.1148 0.8377
vn -0.3601 0.0775 0.9297
vn -0.5011 0.2168 0.8378
vn -0.3380 0.1462 0.9297
vn -0.4492 0.3104 0.8378
vn -0.3030 0.2094 0.9297
vn -0.3800 0.3920 0.8378
vn -0.2563 0.2644 0.9297
vn -0.2963 0.4586 0.8378
vn -0.1999 0.3094 0.9297
vn -0.2010 0.5075 0.8379
vn -0.1356 0.3424 0.9297
vn -0.0982 0.5371 0.8378
vn -0.0662 0.3624 0.9297
vn 0.0085 0.5459 0.8378
vn 0.0057 0.3683 0.9297
vn -0.0521 0.2850 0.9571
vn 0.1148 0.5338 0.8378
vn 0.0775 0.3601 0.9297
vn 0.2167 0.5011 0.8378
vn 0.1462 0.3380 0.9297
vn 0.3104 0.4492 0.8378
vn 0.2094 0.3030 0.9297
vn 0.3920 0.3800 0.8378
vn 0.2644 0.2563 0.9297
vn 0.4587 0.2963 0.8378
vn 0.3094 0.1999 0.9297
vn 0.5076 0.2011 0.8378
vn 0.3424 0.1356 0.9297
vn 0.5371 0.0982 0.8378
vn 0.3623 0.0662 0.9297
vn 0.5459 -0.0085 0.8378
vn 0.3682 -0.0057 0.9297
vn 0.5338 -0.1148 0.8378
vn 0.3601 -0.0775 0.9297
vn 0.5011 -0.2167 0.8378
vn 0.3380 -0.1462 0.9297
vn 0.4493 -0.3104 0.8378
vn 0.3030 -0.2094 0.9297
vn 0.3800 -0.3920 0.8378
vn 0.2563 -0.2644 0.9297
vn 0.2962 -0.4586 0.8378
vn 0.1999 -0.3094 0.9297
vn 0.1001 -0.5477 -0.8307
vn 0.0786 -0.4302 -0.8993
vn 0.1104 -0.6039 -0.7894
vn -0.3507 -0.5075 0.7870
vn -0.2796 -0.4047 0.8707
vn -0.4429 -0.4293 0.7871
vn -0.3532 -0.3424 0.8707
vn -0.3930 -0.3810 0.8369
vn -0.3111 -0.4504 0.8369
vn -0.5182 -0.3347 0.7871
vn -0.4132 -0.2669 0.8706
vn -0.5735 -0.2272 0.7871
vn -0.4573 -0.1811 0.8707
vn -0.5089 -0.2016 0.8369
vn -0.4598 -0.2970 0.8369
vn -0.6068 -0.1109 0.7871
vn -0.4838 -0.0885 0.8707
vn -0.6167 0.0096 0.7871
vn -0.4918 0.0076 0.8707
vn -0.5473 0.0085 0.8369
vn -0.5384 -0.0984 0.8369
vn -0.6031 0.1297 0.7871
vn -0.4809 0.1034 0.8707
vn -0.5661 0.2449 0.7871
vn -0.4514 0.1953 0.8707
vn -0.5024 0.2173 0.8369
vn -0.5351 0.1151 0.8369
vn -0.5075 0.3507 0.7871
vn -0.4047 0.2796 0.8707
vn -0.4293 0.4429 0.7871
vn -0.3423 0.3532 0.8707
vn -0.3810 0.3930 0.8369
vn -0.4503 0.3111 0.8369
vn -0.3347 0.5182 0.7870
vn -0.2669 0.4132 0.8707
vn -0.2272 0.5735 0.7871
vn -0.1811 0.4573 0.8707
vn -0.2016 0.5089 0.8369
vn -0.2970 0.4598 0.8369
vn -0.1109 0.6069 0.7870
vn -0.0885 0.4839 0.8707
vn 0.0096 0.6168 0.7871
vn 0.0076 0.4918 0.8707
vn 0.0085 0.5472 0.8369
vn -0.0984 0.5384 0.8369
vn 0.1297 0.6031 0.7870
vn 0.1034 0.4809 0.8707
vn 0.2449 0.5662 0.7871
vn 0.1953 0.4514 0.8707
vn 0.2173 0.5024 0.8369
vn 0.1151 0.5351 0.8369
vn 0.3506 0.5075 0.7871
vn 0.2796 0.4047 0.8707
vn 0.4429 0.4293 0.7871
vn 0.3532 0.3424 0.8707
vn 0.3930 0.3810 0.8369
vn 0.3111 0.4504 0.8369
vn 0.5734 0.2272 0.7871
vn 0.6068 0.1109 0.7871
vn 0.4839 0.0885 0.8707
vn 0.4573 0.1811 0.8707
vn 0.6167 -0.0096 0.7871
vn 0.4918 -0.0076 0.8707
vn 0.5473 -0.0085 0.8369
vn 0.5384 0.0984 0.8369
vn 0.5089 0.2016 0.8369
vn 0.6031 -0.1297 0.7871
vn 0.4809 -0.1035 0.8707
vn 0.5661 -0.2449 0.7871
vn 0.4515 -0.1953 0.8707
vn 0.5024 -0.2173 0.8369
vn 0.5351 -0.1151 0.8369
vn 0.5075 -0.3507 0.7871
vn 0.4047 -0.2796 0.8706
vn 0.4293 -0.4429 0.7871
vn 0.3424 -0.3532 0.8707
vn 0.3810 -0.3930 0.8369
vn 0.4503 -0.3111 0.8369
vn 0.3347 -0.5182 0.7871
vn 0.2669 -0.4132 0.8707
vn 0.2272 -0.5735 0.7871
vn 0.1811 -0.4573 0.8707
vn 0.2016 -0.5089 0.8369
vn 0.2970 -0.4598 0.8369
vn 0.1910 -0.4822 -0.8550
vn 0.2432 -0.6142 -0.7507
vn 0.3583 -0.5545 -0.7511
vn 0.2812 -0.4354 -0.8552
vn 0.2262 -0.5709 0.7893
vn 0.2532 -0.3918 0.8845
vn 0.3335 -0.5160 0.7890
vn 0.4281 -0.4414 0.7886
vn 0.4590 -0.4731 -0.7520
vn 0.3602 -0.3718 -0.8556
vn -0.2060 -0.9575 0.2018
vn -0.2090 -0.9717 0.1097
vn -0.0154 -0.9938 0.1097
vn -0.3946 -0.9123 0.1097
vn -0.5650 -0.8178 0.1097
vn -0.7137 -0.6918 0.1097
vn -0.8349 -0.5393 0.1097
vn -0.9241 -0.3661 0.1097
vn -0.9778 -0.1787 0.1097
vn -0.9938 0.0154 0.1097
vn -0.9717 0.2090 0.1097
vn -0.9123 0.3946 0.1097
vn -0.9178 0.3970 -0.0090
vn -0.9776 0.2103 -0.0090
vn -0.8178 0.5650 0.1097
vn -0.6918 0.7137 0.1097
vn -0.8227 0.5684 -0.0090
vn -0.5393 0.8349 0.1097
vn -0.3661 0.9241 0.1097
vn -0.1787 0.9778 0.1097
vn 0.0154 0.9938 0.1097
vn 0.2090 0.9717 0.1097
vn 0.3946 0.9123 0.1097
vn 0.5650 0.8178 0.1097
vn 0.7137 0.6918 0.1097
vn 0.8349 0.5393 0.1097
vn 0.9241 0.3661 0.1097
vn 0.9778 0.1787 0.1097
vn 0.9938 -0.0154 0.1097
vn 0.9575 -0.2060 0.2018
vn 0.9717 -0.2090 0.1097
vn 0.9123 -0.3946 0.1097
vn 0.8178 -0.5650 0.1097
vn 0.6918 -0.7137 0.1097
vn 0.5393 -0.8349 0.1097
vn 0.3661 -0.9241 0.1097
vn 0.1787 -0.9778 0.1097
vn -0.1523 -0.6084 0.7789
vn -0.1660 -0.6866 0.7078
vn -0.2916 -0.6251 0.7240
vn -0.3118 -0.7050 0.6370
vn -0.1694 -0.7567 0.6314
vn -0.3885 -0.5574 0.7338
vn -0.4858 -0.4711 0.7362
vn -0.5508 -0.5351 0.6406
vn -0.4366 -0.6320 0.6403
vn -0.5680 -0.3673 0.7365
vn -0.6287 -0.2490 0.7367
vn -0.7133 -0.2824 0.6414
vn -0.6441 -0.4173 0.6411
vn -0.6604 0.1375 0.7382
vn -0.6764 0.0105 0.7364
vn -0.6166 0.2704 0.7393
vn -0.7025 0.3090 0.6411
vn -0.7578 0.1458 0.6360
vn -0.7726 0.0173 0.6347
vn -0.5578 0.3828 0.7365
vn -0.4759 0.4675 0.7450
vn -0.5491 0.5232 0.6517
vn -0.6355 0.4379 0.6359
vn -0.3643 0.5435 0.7562
vn -0.2442 0.5972 0.7640
vn -0.2830 0.6700 0.6863
vn -0.4192 0.6130 0.6697
vn -0.1182 0.6288 0.7685
vn 0.0098 0.6379 0.7701
vn 0.0150 0.7185 0.6954
vn -0.1339 0.7041 0.6974
vn 0.1374 0.6246 0.7687
vn 0.2626 0.5891 0.7642
vn 0.1594 0.7093 0.6866
vn 0.3787 0.5319 0.7575
vn 0.4858 0.4512 0.7486
vn 0.5715 0.3579 0.7384
vn 0.6291 0.2497 0.7361
vn 0.6520 0.4001 0.6440
vn 0.6656 0.1213 0.7364
vn 0.6766 -0.0106 0.7363
vn 0.6615 -0.1418 0.7364
vn 0.6207 -0.2684 0.7367
vn 0.5563 -0.3847 0.7366
vn 0.4709 -0.4860 0.7362
vn 0.3709 -0.5692 0.7338
vn -0.1077 -0.4974 0.8608
vn -0.0999 -0.4134 0.9051
vn -0.1148 -0.4565 0.8823
vn -0.0000 -0.0000 1.0000
vn -0.0766 -0.1770 0.9812
vn -0.0486 -0.2260 0.9729
vn -0.0030 -0.1928 0.9812
vn -0.1538 -0.3556 0.9219
vn -0.0829 -0.3852 0.9191
vn -0.0060 -0.3874 0.9219
vn -0.1385 -0.1342 0.9812
vn -0.1314 -0.1902 0.9729
vn -0.2782 -0.2696 0.9219
vn -0.2239 -0.3242 0.9191
vn -0.1793 -0.0710 0.9812
vn -0.1942 -0.1254 0.9729
vn -0.3601 -0.1426 0.9219
vn -0.3309 -0.2138 0.9191
vn -0.1928 0.0030 0.9812
vn -0.2274 -0.0416 0.9729
vn -0.3873 0.0060 0.9219
vn -0.3875 -0.0708 0.9191
vn -0.1770 0.0765 0.9812
vn -0.2260 0.0486 0.9729
vn -0.3555 0.1538 0.9220
vn -0.3851 0.0828 0.9191
vn -0.1342 0.1384 0.9812
vn -0.1902 0.1314 0.9729
vn -0.2696 0.2781 0.9219
vn -0.3241 0.2239 0.9192
vn -0.0710 0.1792 0.9812
vn -0.1254 0.1941 0.9729
vn -0.1426 0.3601 0.9220
vn -0.2137 0.3309 0.9191
vn 0.0030 0.1928 0.9812
vn -0.0416 0.2274 0.9729
vn 0.0060 0.3872 0.9220
vn -0.0708 0.3875 0.9192
vn 0.0765 0.1770 0.9812
vn 0.0486 0.2260 0.9729
vn 0.1538 0.3555 0.9220
vn 0.0828 0.3851 0.9192
vn 0.1384 0.1342 0.9812
vn 0.1314 0.1902 0.9729
vn 0.2781 0.2696 0.9219
vn 0.2239 0.3241 0.9192
vn 0.1793 0.0710 0.9812
vn 0.1942 0.1254 0.9729
vn 0.3601 0.1426 0.9219
vn 0.3309 0.2137 0.9191
vn 0.1928 -0.0030 0.9812
vn 0.2274 0.0416 0.9729
vn 0.3873 -0.0060 0.9219
vn 0.3875 0.0708 0.9191
vn 0.1770 -0.0765 0.9812
vn 0.2260 -0.0486 0.9729
vn 0.3555 -0.1538 0.9219
vn 0.3851 -0.0828 0.9191
vn 0.1342 -0.1385 0.9812
vn 0.1902 -0.1314 0.9729
vn 0.2696 -0.2782 0.9219
vn 0.3241 -0.2239 0.9191
vn 0.0710 -0.1793 0.9812
vn 0.1254 -0.1942 0.9729
vn 0.1427 -0.3602 0.9219
vn 0.2138 -0.3310 0.9191
vn 0.1748 -0.9563 0.2342
vn 0.1798 -0.9834 0.0253
vn 0.1774 -0.9702 -0.1652
vn 0.2868 -0.7622 -0.5803
vn 0.1347 -0.8046 -0.5783
vn 0.1096 -0.6292 -0.7695
vn 0.2255 -0.5918 -0.7739
vn -0.0089 -0.8177 -0.5756
vn -0.0059 -0.6401 -0.7683
vn -0.0058 -0.5827 -0.8126
vn 0.1013 -0.5732 -0.8131
vn 0.2065 -0.5373 -0.8177
vn 0.0158 0.9992 0.0374
vn 0.2102 0.9770 0.0364
vn 0.0157 0.9992 0.0374
vn 0.3967 0.9172 0.0362
vn 0.0495 0.2295 0.9721
vn 0.0932 0.2155 0.9720
vn 0.1282 0.2963 0.9465
vn 0.0680 0.3158 0.9464
vn 0.0041 0.2346 0.9721
vn 0.0053 0.3238 0.9461
vn -0.2981 -0.1230 0.9466
vn -0.2610 -0.1702 0.9502
vn -0.1759 -0.1154 0.9776
vn -0.2041 -0.0868 0.9751
vn -0.2239 -0.2164 0.9503
vn -0.1531 -0.1471 0.9772
vn -0.8329 -0.5534 0.0001
vn -0.7157 -0.6979 0.0256
vn -0.7154 -0.6982 0.0256
vn -0.8333 -0.5529 -0.0000
vn -0.9151 -0.4023 -0.0262
vn -0.9164 -0.3993 -0.0267
vn -0.1030 -0.4786 -0.8719
vn -0.0629 -0.2923 -0.9543
vn -0.0852 -0.3957 -0.9144
vn -0.3845 -0.9132 -0.1350
vn -0.5610 -0.8174 -0.1310
vn -0.5413 -0.7902 -0.2874
vn -0.3667 -0.8838 -0.2906
vn -0.7112 -0.6907 -0.1310
vn -0.6878 -0.6669 -0.2869
vn -0.5891 -0.5714 -0.5713
vn -0.4630 -0.6764 -0.5728
vn -0.3124 -0.7572 -0.5736
vn -0.8319 -0.5391 -0.1318
vn -0.8035 -0.5221 -0.2860
vn -0.9211 -0.3668 -0.1305
vn -0.8894 -0.3604 -0.2813
vn -0.7623 -0.3193 -0.5629
vn -0.6880 -0.4507 -0.5688
vn -0.9082 0.3982 -0.1285
vn -0.8148 0.5662 -0.1248
vn -0.7882 0.5460 -0.2837
vn -0.8787 0.3872 -0.2793
vn -0.6931 0.7099 -0.1251
vn -0.6679 0.6874 -0.2853
vn -0.5698 0.5867 -0.5754
vn -0.6724 0.4690 -0.5726
vn -0.7509 0.3410 -0.5656
vn -0.5400 0.8318 -0.1284
vn -0.5207 0.8043 -0.2862
vn -0.3659 0.9216 -0.1297
vn -0.3530 0.8905 -0.2869
vn -0.3010 0.7597 -0.5763
vn -0.4439 0.6862 -0.5762
vn -0.1776 0.9755 -0.1296
vn -0.1720 0.9424 -0.2868
vn -0.1469 0.8039 -0.5764
vn -0.1549 -0.8039 -0.5742
vn -0.1224 -0.6241 -0.7717
vn -0.2418 -0.5833 -0.7755
vn -0.2187 -0.5263 -0.8217
vn -0.1127 -0.5653 -0.8172
vn -0.3556 -0.5216 -0.7755
vn -0.4541 -0.4431 -0.7729
vn -0.4095 -0.4020 -0.8189
vn -0.3197 -0.4715 -0.8219
vn -0.5313 -0.3525 -0.7704
vn -0.5867 -0.2555 -0.7684
vn -0.5272 -0.2334 -0.8171
vn -0.4801 -0.3207 -0.8165
vn -0.8151 -0.1674 -0.5545
vn -0.6268 -0.1389 -0.7667
vn -0.8347 0.0131 -0.5506
vn -0.6424 0.0114 -0.7663
vn -0.5689 0.0110 -0.8223
vn -0.5577 -0.1281 -0.8201
vn -0.8087 0.1923 -0.5558
vn -0.6200 0.1598 -0.7681
vn -0.5742 0.2725 -0.7720
vn -0.5153 0.2504 -0.8196
vn -0.5517 0.1483 -0.8208
vn -0.5142 0.3641 -0.7765
vn -0.4353 0.4495 -0.7800
vn -0.3911 0.4056 -0.8261
vn -0.4627 0.3314 -0.8222
vn -0.3387 0.5239 -0.7816
vn -0.2296 0.5796 -0.7819
vn -0.2062 0.5205 -0.8286
vn -0.3042 0.4708 -0.8281
vn -0.1121 0.6132 -0.7819
vn 0.0097 0.6233 -0.7819
vn 0.0087 0.5598 -0.8286
vn -0.1007 0.5507 -0.8286
vn 0.1311 0.6095 -0.7819
vn 0.2475 0.5722 -0.7819
vn 0.2223 0.5139 -0.8286
vn 0.1177 0.5474 -0.8285
vn 0.4646 0.6724 -0.5763
vn 0.3543 0.5129 -0.7819
vn 0.5869 0.5689 -0.5761
vn 0.4476 0.4339 -0.7819
vn 0.4020 0.3897 -0.8286
vn 0.3183 0.4607 -0.8286
vn 0.6866 0.4435 -0.5761
vn 0.5237 0.3382 -0.7819
vn 0.7599 0.3010 -0.5761
vn 0.5796 0.2296 -0.7819
vn 0.5205 0.2062 -0.8286
vn 0.4703 0.3038 -0.8286
vn 0.8040 0.1470 -0.5762
vn 0.6132 0.1121 -0.7819
vn 0.8172 -0.0127 -0.5762
vn 0.6233 -0.0097 -0.7819
vn 0.5598 -0.0087 -0.8286
vn 0.5508 0.1007 -0.8286
vn 0.7990 -0.1718 -0.5762
vn 0.6095 -0.1311 -0.7819
vn 0.7500 -0.3245 -0.5763
vn 0.5721 -0.2476 -0.7819
vn 0.5139 -0.2224 -0.8285
vn 0.5474 -0.1177 -0.8286
vn 0.6716 -0.4652 -0.5767
vn 0.5125 -0.3555 -0.7816
vn 0.5654 -0.5884 -0.5780
vn 0.4324 -0.4513 -0.7806
vn 0.3897 -0.4064 -0.8264
vn 0.4607 -0.3194 -0.8281
vn 0.4351 -0.6888 -0.5799
vn 0.3352 -0.5313 -0.7781
vn 0.3039 -0.4802 -0.8228
vn -0.3736 -0.8639 0.3378
vn -0.5350 -0.7743 0.3379
vn -0.5496 -0.7955 0.2553
vn -0.3838 -0.8874 0.2553
vn -0.6758 -0.6551 0.3379
vn -0.6942 -0.6730 0.2553
vn -0.7089 -0.6873 0.1585
vn -0.5612 -0.8123 0.1585
vn -0.3920 -0.9062 0.1585
vn -0.7906 -0.5107 0.3379
vn -0.8122 -0.5246 0.2553
vn -0.8751 -0.3466 0.3378
vn -0.8989 -0.3561 0.2553
vn -0.9180 -0.3636 0.1585
vn -0.8294 -0.5357 0.1585
vn -0.9258 -0.1693 0.3379
vn -0.9511 -0.1739 0.2553
vn -0.9411 0.0146 0.3378
vn -0.9668 0.0150 0.2553
vn -0.9872 0.0153 0.1586
vn -0.9713 -0.1776 0.1585
vn -0.9201 0.1979 0.3379
vn -0.9452 0.2033 0.2553
vn -0.8639 0.3736 0.3378
vn -0.8874 0.3838 0.2553
vn -0.9062 0.3920 0.1585
vn -0.9653 0.2076 0.1585
vn -0.7743 0.5350 0.3379
vn -0.7955 0.5496 0.2553
vn -0.6551 0.6758 0.3379
vn -0.6730 0.6942 0.2553
vn -0.6872 0.7089 0.1585
vn -0.8123 0.5612 0.1585
vn -0.5107 0.7906 0.3379
vn -0.5246 0.8122 0.2553
vn -0.3466 0.8750 0.3379
vn -0.3561 0.8989 0.2553
vn -0.3636 0.9180 0.1585
vn -0.5357 0.8294 0.1585
vn 0.0146 0.9411 0.3379
vn 0.1979 0.9201 0.3379
vn 0.2033 0.9452 0.2553
vn 0.0150 0.9668 0.2553
vn 0.3736 0.8639 0.3379
vn 0.3838 0.8874 0.2553
vn 0.3920 0.9062 0.1585
vn 0.2076 0.9653 0.1585
vn 0.0153 0.9872 0.1585
vn 0.5350 0.7743 0.3379
vn 0.5496 0.7955 0.2553
vn 0.6758 0.6551 0.3379
vn 0.6942 0.6730 0.2553
vn 0.7089 0.6872 0.1585
vn 0.5612 0.8123 0.1585
vn 0.7906 0.5107 0.3379
vn 0.8122 0.5246 0.2553
vn 0.8751 0.3466 0.3379
vn 0.8989 0.3561 0.2553
vn 0.9180 0.3636 0.1585
vn 0.8294 0.5357 0.1585
vn 0.9258 0.1693 0.3379
vn 0.9511 0.1739 0.2553
vn 0.9411 -0.0146 0.3379
vn 0.9668 -0.0150 0.2553
vn 0.9872 -0.0153 0.1585
vn 0.9713 0.1776 0.1585
vn 0.9201 -0.1979 0.3379
vn 0.9453 -0.2033 0.2553
vn 0.8639 -0.3736 0.3379
vn 0.8874 -0.3838 0.2553
vn 0.9062 -0.3920 0.1585
vn 0.9653 -0.2076 0.1585
vn 0.6551 -0.6758 0.3379
vn 0.5107 -0.7906 0.3379
vn 0.5246 -0.8122 0.2553
vn 0.6730 -0.6942 0.2553
vn 0.5357 -0.8294 0.1585
vn 0.6872 -0.7089 0.1585
vn -0.0187 -0.9888 -0.1480
vn -0.1981 -0.9698 -0.1426
vn -0.1841 -0.9370 -0.2970
vn -0.0146 -0.9527 -0.3035
vn 0.0736 -0.1857 -0.9798
vn 0.0359 -0.1966 -0.9798
vn 0.0569 -0.3112 -0.9487
vn 0.1165 -0.2941 -0.9487
vn -0.0031 -0.1997 -0.9798
vn -0.0049 -0.3163 -0.9487
vn -0.0078 -0.5000 -0.8660
vn 0.0899 -0.4919 -0.8660
vn 0.1841 -0.4648 -0.8660
vn -0.0793 -0.1834 -0.9798
vn -0.1136 -0.1644 -0.9798
vn -0.1798 -0.2603 -0.9487
vn -0.1256 -0.2903 -0.9487
vn -0.1434 -0.1391 -0.9798
vn -0.2271 -0.2202 -0.9487
vn -0.3590 -0.3480 -0.8661
vn -0.2842 -0.4114 -0.8660
vn -0.1985 -0.4589 -0.8660
vn -0.1679 -0.1084 -0.9798
vn -0.2657 -0.1716 -0.9486
vn -0.1857 -0.0736 -0.9798
vn -0.2941 -0.1165 -0.9487
vn -0.4648 -0.1841 -0.8661
vn -0.4200 -0.2713 -0.8660
vn -0.1966 -0.0359 -0.9798
vn -0.3112 -0.0569 -0.9486
vn -0.3163 0.0049 -0.9487
vn -0.4999 0.0078 -0.8661
vn -0.4918 -0.0899 -0.8660
vn -0.3093 0.0665 -0.9486
vn -0.2903 0.1256 -0.9487
vn -0.4589 0.1985 -0.8661
vn -0.4888 0.1052 -0.8660
vn -0.1644 0.1136 -0.9798
vn -0.2603 0.1798 -0.9486
vn -0.1391 0.1435 -0.9798
vn -0.2202 0.2271 -0.9487
vn -0.3480 0.3590 -0.8661
vn -0.4114 0.2842 -0.8660
vn -0.1084 0.1678 -0.9798
vn -0.1716 0.2657 -0.9486
vn -0.0736 0.1857 -0.9798
vn -0.1165 0.2941 -0.9487
vn -0.1841 0.4648 -0.8660
vn -0.2713 0.4200 -0.8660
vn -0.0359 0.1966 -0.9798
vn -0.0569 0.3112 -0.9486
vn 0.0031 0.1997 -0.9798
vn 0.0049 0.3163 -0.9487
vn 0.0078 0.4999 -0.8660
vn -0.0899 0.4919 -0.8660
vn 0.0420 0.1953 -0.9798
vn 0.0665 0.3092 -0.9487
vn 0.0793 0.1834 -0.9798
vn 0.1256 0.2903 -0.9487
vn 0.1985 0.4589 -0.8660
vn 0.1052 0.4889 -0.8660
vn 0.1136 0.1644 -0.9798
vn 0.1798 0.2603 -0.9486
vn 0.1434 0.1390 -0.9798
vn 0.2271 0.2202 -0.9487
vn 0.3590 0.3480 -0.8660
vn 0.2842 0.4114 -0.8660
vn 0.1678 0.1084 -0.9798
vn 0.2657 0.1716 -0.9486
vn 0.2941 0.1165 -0.9487
vn 0.4648 0.1841 -0.8660
vn 0.4200 0.2713 -0.8660
vn 0.3112 0.0569 -0.9486
vn 0.3163 -0.0049 -0.9487
vn 0.4999 -0.0078 -0.8661
vn 0.4919 0.0899 -0.8660
vn 0.1953 -0.0420 -0.9798
vn 0.3093 -0.0665 -0.9486
vn 0.1833 -0.0793 -0.9798
vn 0.2903 -0.1256 -0.9487
vn 0.4589 -0.1985 -0.8660
vn 0.4888 -0.1052 -0.8660
vn 0.1644 -0.1136 -0.9798
vn 0.2603 -0.1798 -0.9486
vn 0.1390 -0.1434 -0.9798
vn 0.2202 -0.2271 -0.9487
vn 0.3480 -0.3590 -0.8660
vn 0.4114 -0.2842 -0.8660
vn 0.1084 -0.1678 -0.9798
vn 0.1716 -0.2657 -0.9486
vn 0.2713 -0.4200 -0.8660
vn -0.3867 0.8739 0.2946
vn -0.3424 0.9126 0.2233
vn -0.4916 0.8471 0.2018
vn -0.4816 0.8277 0.2882
vn -0.3497 0.9250 0.1488
vn -0.5151 0.8467 0.1333
vn -0.6359 0.7591 0.1396
vn -0.5981 0.7767 0.1975
vn -0.5641 0.7754 0.2840
vn 0.7743 -0.5350 0.3379
vn 0.7955 -0.5496 0.2553
vn 0.8123 -0.5612 0.1585
vn 0.9563 0.2814 0.0792
vn 0.9588 0.2839 0.0023
vn 0.9241 0.3813 0.0273
vn 0.9222 0.3797 0.0736
vn 0.9271 0.3707 -0.0551
vn 0.8843 0.4668 -0.0080
vn 0.8770 0.4766 0.0617
vn 0.0628 -0.3530 -0.9335
vn 0.0369 -0.2284 -0.9729
vn 0.0357 -0.2321 -0.9720
vn 0.8074 0.5895 -0.0223
vn 0.8009 0.5959 0.0591
vn 0.8176 0.5729 -0.0582
vn 0.7110 0.7026 -0.0293
vn 0.7007 0.7134 0.0122
vn 0.7151 0.6964 0.0606
vn 0.8755 0.3761 0.3033
vn 0.8766 0.4407 0.1933
vn 0.8227 0.5365 0.1881
vn 0.8777 0.3741 0.2994
vn 0.6829 0.7249 0.0904
vn 0.6586 0.7389 0.1423
vn 0.7825 0.5778 0.2320
vn 0.8422 0.4368 0.3161
vn 0.8599 0.4216 0.2877
vn 0.8846 0.3766 0.2749
vn -0.1995 -0.4612 0.8646
vn -0.1054 -0.4900 0.8653
vn -0.3636 -0.8407 0.4013
vn -0.1979 -0.9201 0.3379
vn -0.1926 -0.8954 0.4014
vn -0.0142 -0.9158 0.4013
vn -0.0078 -0.5025 0.8646
vn -0.3794 -0.8769 -0.2951
vn -0.2010 -0.9340 -0.2953
vn -0.2111 -0.4882 -0.8468
vn -0.1441 -0.3331 -0.9318
vn -0.0763 -0.3548 -0.9318
vn -0.1119 -0.5200 -0.8468
vn -0.0056 -0.3629 -0.9318
vn -0.0083 -0.5318 -0.8468
vn -0.0148 -0.9552 -0.2955
vn -0.3623 -0.8377 0.4086
vn -0.1919 -0.8923 0.4086
vn -0.1502 -0.3472 0.9257
vn -0.1043 -0.2411 0.9649
vn -0.0552 -0.2568 0.9649
vn -0.0796 -0.3698 0.9257
vn -0.0041 -0.2626 0.9649
vn -0.0059 -0.3782 0.9257
vn -0.0142 -0.9126 0.4086
vn -0.2478 -0.5728 -0.7814
vn -0.1313 -0.6101 -0.7814
vn -0.1052 -0.4889 -0.8660
vn -0.3751 -0.8673 -0.3273
vn -0.1987 -0.9238 -0.3273
vn -0.0147 -0.9448 -0.3274
vn -0.0097 -0.6240 -0.7813
vn -0.1663 -0.3845 0.9080
vn -0.0881 -0.4096 0.9080
vn -0.3381 -0.7818 0.5239
vn -0.1946 -0.9046 0.3792
vn -0.1791 -0.8328 0.5239
vn -0.0132 -0.8517 0.5239
vn -0.0065 -0.4189 0.9080
vn -0.3404 -0.7870 -0.5145
vn -0.1803 -0.8383 -0.5144
vn -0.1203 -0.2781 -0.9530
vn -0.0637 -0.2962 -0.9530
vn -0.0047 -0.3029 -0.9530
vn -0.0133 -0.8574 -0.5145
vn -0.3624 -0.8379 -0.4082
vn -0.1920 -0.8925 -0.4082
vn -0.1727 -0.8029 -0.5705
vn -0.0142 -0.9128 -0.4082
vn -0.2640 -0.6103 0.7469
vn -0.1398 -0.6500 0.7469
vn -0.0103 -0.6649 0.7469
vn -0.3892 -0.8999 0.1968
vn -0.2062 -0.9585 0.1968
vn -0.0152 -0.9803 0.1968
vn -0.3593 -0.8309 -0.4248
vn -0.1903 -0.8851 -0.4247
vn -0.2242 -0.5184 -0.8252
vn -0.1898 -0.4389 -0.8782
vn -0.1006 -0.4675 -0.8782
vn -0.1188 -0.5522 -0.8252
vn -0.0074 -0.4782 -0.8782
vn -0.0088 -0.5648 -0.8252
vn -0.0141 -0.9052 -0.4247
vn -0.3090 -0.7145 -0.6277
vn -0.1637 -0.7611 -0.6276
vn -0.2908 -0.6723 0.6808
vn -0.1541 -0.7164 0.6805
vn -0.0114 -0.7325 0.6806
vn -0.0121 -0.7784 -0.6277
vn -0.1250 -0.2889 -0.9492
vn -0.0739 -0.1708 -0.9825
vn -0.0393 -0.1827 -0.9824
vn -0.0662 -0.3076 -0.9492
vn -0.0090 -0.0208 -0.9997
vn -0.0049 -0.0229 -0.9997
vn -0.0029 -0.1860 -0.9825
vn -0.0049 -0.3147 -0.9492
vn -0.3211 -0.7423 -0.5882
vn -0.1701 -0.7906 -0.5882
vn -0.1999 -0.9292 -0.3109
vn -0.0126 -0.8086 -0.5882
vn -0.3156 -0.7295 0.6068
vn -0.1672 -0.7771 0.6067
vn -0.1958 -0.9102 0.3649
vn -0.1148 -0.5338 0.8378
vn -0.0124 -0.7948 0.6068
vn -0.1065 -0.5381 0.8361
vn -0.0086 -0.5502 0.8350
vn -0.3957 -0.9147 0.0820
vn -0.2096 -0.9743 0.0820
vn -0.2077 -0.9653 0.1585
vn -0.2532 -0.5853 -0.7703
vn -0.1341 -0.6235 -0.7702
vn -0.0099 -0.6376 -0.7703
vn -0.0155 -0.9965 0.0820
vn -0.2085 -0.4818 -0.8511
vn -0.1106 -0.5136 -0.8509
vn -0.2355 -0.5491 0.8019
vn -0.1243 -0.5880 0.7992
vn -0.0094 -0.6028 0.7978
vn -0.0082 -0.5254 -0.8508
vn 0.0868 0.1256 -0.9883
vn 0.1096 0.1062 -0.9883
vn 0.0606 0.1401 -0.9883
vn 0.1441 0.3331 -0.9318
vn 0.2063 0.2986 -0.9318
vn 0.2606 0.2526 -0.9318
vn -0.1271 -0.2925 0.9478
vn -0.1579 -0.3649 0.9175
vn -0.0840 -0.3899 0.9170
vn -0.0676 -0.3136 0.9471
vn -0.3677 -0.8492 0.3791
vn -0.1945 -0.9038 0.3812
vn -0.0144 -0.9241 0.3818
vn -0.0062 -0.3985 0.9171
vn -0.0050 -0.3212 0.9470
vn -0.3608 -0.3498 0.8646
vn -0.2849 -0.4124 0.8653
vn -0.6576 -0.6375 0.4014
vn -0.5206 -0.7535 0.4015
vn -0.6865 -0.6653 -0.2935
vn -0.5433 -0.7862 -0.2944
vn -0.3818 -0.3701 -0.8469
vn -0.2606 -0.2526 -0.9318
vn -0.2062 -0.2985 -0.9318
vn -0.3023 -0.4376 -0.8469
vn -0.6553 -0.6352 0.4087
vn -0.5188 -0.7509 0.4086
vn -0.2716 -0.2633 0.9257
vn -0.1886 -0.1828 0.9649
vn -0.1493 -0.2161 0.9649
vn -0.2151 -0.3113 0.9257
vn -0.2017 -0.1955 0.9597
vn -0.2778 -0.2693 0.9221
vn -0.2199 -0.3184 0.9221
vn -0.1596 -0.2311 0.9598
vn -0.6666 -0.6463 0.3714
vn -0.5280 -0.7639 0.3710
vn -0.3686 -0.8522 0.3713
vn -0.1536 -0.3551 0.9221
vn -0.1115 -0.2578 0.9597
vn -0.4480 -0.4343 -0.7814
vn -0.3547 -0.5135 -0.7814
vn -0.6785 -0.6577 -0.3272
vn -0.5371 -0.7774 -0.3273
vn -0.6673 -0.6468 -0.3693
vn -0.5282 -0.7646 -0.3693
vn -0.3289 -0.3187 -0.8889
vn -0.2467 -0.2383 -0.9393
vn -0.1959 -0.2832 -0.9388
vn -0.2611 -0.3778 -0.8883
vn -0.1825 -0.4220 -0.8881
vn -0.3689 -0.8529 -0.3694
vn -0.3009 -0.2916 0.9080
vn -0.2382 -0.3447 0.9080
vn -0.6116 -0.5928 0.5239
vn -0.4842 -0.7008 0.5239
vn -0.6157 -0.5969 -0.5145
vn -0.4874 -0.7055 -0.5145
vn -0.2176 -0.2109 -0.9530
vn -0.1727 -0.1674 -0.9707
vn -0.1367 -0.1978 -0.9707
vn -0.1722 -0.2493 -0.9530
vn -0.6555 -0.6354 -0.4082
vn -0.5189 -0.7511 -0.4082
vn -0.4774 -0.4628 0.7469
vn -0.3779 -0.5470 0.7469
vn -0.7040 -0.6824 0.1968
vn -0.5573 -0.8067 0.1968
vn -0.6499 -0.6301 -0.4250
vn -0.5145 -0.7448 -0.4249
vn -0.4054 -0.3930 -0.8253
vn -0.3433 -0.3328 -0.8783
vn -0.2718 -0.3934 -0.8783
vn -0.3210 -0.4647 -0.8252
vn -0.5590 -0.5419 -0.6276
vn -0.4424 -0.6404 -0.6279
vn -0.5260 -0.5099 0.6807
vn -0.4163 -0.6025 0.6809
vn -0.2260 -0.2191 -0.9492
vn -0.1336 -0.1295 -0.9825
vn -0.1062 -0.1538 -0.9824
vn -0.1788 -0.2588 -0.9492
vn -0.0162 -0.0157 -0.9997
vn -0.0133 -0.0193 -0.9997
vn -0.5092 -0.4937 0.7050
vn -0.4031 -0.5835 0.7050
vn -0.2816 -0.6510 0.7050
vn -0.5807 -0.5629 -0.5882
vn -0.4597 -0.6653 -0.5882
vn -0.5707 -0.5532 0.6068
vn -0.4518 -0.6540 0.6068
vn -0.7156 -0.6937 0.0820
vn -0.5665 -0.8200 0.0820
vn -0.4579 -0.4439 -0.7702
vn -0.3625 -0.5248 -0.7702
vn -0.3767 -0.3652 -0.8513
vn -0.2985 -0.4320 -0.8511
vn -0.4269 -0.4139 0.8040
vn -0.3378 -0.4901 0.8035
vn 0.0056 0.3629 -0.9318
vn 0.0763 0.3548 -0.9318
vn 0.0321 0.1492 -0.9883
vn 0.0024 0.1526 -0.9883
vn -0.2846 -0.2761 0.9180
vn -0.2256 -0.3265 0.9179
vn -0.1798 -0.2589 0.9490
vn -0.6672 -0.6461 0.3706
vn -0.5274 -0.7623 0.3751
vn -0.4671 -0.1850 0.8646
vn -0.4210 -0.2719 0.8653
vn -0.8516 -0.3373 0.4013
vn -0.7693 -0.4969 0.4015
vn -0.8900 -0.3521 -0.2896
vn -0.8035 -0.5187 -0.2923
vn -0.4951 -0.1961 -0.8464
vn -0.3378 -0.1338 -0.9317
vn -0.3049 -0.1969 -0.9318
vn -0.4469 -0.2886 -0.8468
vn -0.9011 -0.3570 0.2461
vn -0.8486 -0.3362 0.4086
vn -0.7667 -0.4952 0.4086
vn -0.8142 -0.5259 0.2461
vn -0.3517 -0.1393 0.9257
vn -0.2207 -0.1425 0.9649
vn -0.3178 -0.2053 0.9257
vn -0.3597 -0.1425 0.9221
vn -0.3250 -0.2100 0.9221
vn -0.2359 -0.1524 0.9597
vn -0.8632 -0.3419 0.3714
vn -0.7799 -0.5038 0.3714
vn -0.5801 -0.2298 -0.7815
vn -0.5241 -0.3385 -0.7815
vn -0.8786 -0.3480 -0.3271
vn -0.9111 -0.3609 -0.1992
vn -0.8232 -0.5317 -0.1991
vn -0.7938 -0.5127 -0.3270
vn -0.8639 -0.3422 -0.3696
vn -0.7806 -0.5042 -0.3694
vn -0.4250 -0.1683 -0.8894
vn -0.3186 -0.1262 -0.9394
vn -0.2878 -0.1857 -0.9395
vn -0.3841 -0.2481 -0.8893
vn -0.3896 -0.1543 0.9080
vn -0.3520 -0.2274 0.9080
vn -0.7919 -0.3137 0.5239
vn -0.7155 -0.4621 0.5239
vn -0.7972 -0.3158 -0.5145
vn -0.7203 -0.4653 -0.5145
vn -0.2817 -0.1116 -0.9530
vn -0.2020 -0.1305 -0.9707
vn -0.2545 -0.1644 -0.9530
vn -0.8487 -0.3362 -0.4082
vn -0.7669 -0.4953 -0.4081
vn -0.6182 -0.2449 0.7469
vn -0.5585 -0.3608 0.7469
vn -0.9115 -0.3611 0.1968
vn -0.8236 -0.5320 0.1967
vn -0.9297 -0.3683 0.0087
vn -0.8400 -0.5426 0.0087
vn -0.8881 -0.3518 -0.2958
vn -0.8415 -0.3333 -0.4253
vn -0.7604 -0.4912 -0.4249
vn -0.8024 -0.5183 -0.2959
vn -0.5251 -0.2080 -0.8252
vn -0.4016 -0.2594 -0.8783
vn -0.4743 -0.3064 -0.8253
vn -0.7237 -0.2867 -0.6278
vn -0.6539 -0.4224 -0.6277
vn -0.6811 -0.2698 0.6807
vn -0.6154 -0.3975 0.6806
vn -0.2926 -0.1159 -0.9492
vn -0.1730 -0.0685 -0.9825
vn -0.1570 -0.1014 -0.9824
vn -0.2643 -0.1707 -0.9492
vn -0.0210 -0.0083 -0.9997
vn -0.0197 -0.0127 -0.9997
vn -0.6594 -0.2612 0.7049
vn -0.5958 -0.3848 0.7050
vn -0.7518 -0.2978 -0.5882
vn -0.6793 -0.4388 -0.5882
vn -0.7390 -0.2927 0.6068
vn -0.6677 -0.4313 0.6067
vn -0.9266 -0.3670 0.0820
vn -0.8372 -0.5408 0.0820
vn -0.5929 -0.2349 -0.7703
vn -0.5357 -0.3460 -0.7703
vn -0.4881 -0.1935 -0.8511
vn -0.4410 -0.2848 -0.8511
vn -0.5527 -0.2190 0.8041
vn -0.4994 -0.3226 0.8041
vn -0.1336 0.3373 -0.9319
vn -0.0652 0.3568 -0.9319
vn -0.0274 0.1501 -0.9883
vn -0.0562 0.1419 -0.9883
vn -0.3788 -0.1551 0.9124
vn -0.3343 -0.2179 0.9169
vn -0.8690 -0.3456 0.3540
vn -0.7819 -0.5053 0.3652
vn -0.5024 0.0078 0.8646
vn -0.4930 -0.0901 0.8654
vn -0.9158 0.0142 0.4013
vn -0.9009 -0.1647 0.4015
vn -0.9880 0.0156 -0.1537
vn -0.9588 0.0149 -0.2837
vn -0.9427 -0.1719 -0.2859
vn -0.9718 -0.1771 -0.1559
vn -0.5342 0.0083 -0.8453
vn -0.3579 -0.0654 -0.9315
vn -0.5249 -0.0958 -0.8457
vn -0.9126 0.0142 0.4086
vn -0.8979 -0.1641 0.4085
vn -0.9534 -0.1743 0.2461
vn -0.3782 0.0059 0.9257
vn -0.3720 -0.0680 0.9257
vn -0.3868 0.0060 0.9221
vn -0.3806 -0.0696 0.9221
vn -0.9284 0.0144 0.3713
vn -0.9133 -0.1670 0.3714
vn -0.9291 0.0144 -0.3696
vn -0.9140 -0.1671 -0.3696
vn -0.4570 0.0071 -0.8894
vn -0.3427 0.0053 -0.9394
vn -0.3372 -0.0616 -0.9394
vn -0.4497 -0.0822 -0.8894
vn -0.4190 0.0065 0.9080
vn -0.4122 -0.0754 0.9080
vn -0.8516 0.0132 0.5240
vn -0.8379 -0.1532 0.5239
vn -0.8574 0.0133 -0.5145
vn -0.8435 -0.1542 -0.5145
vn -0.3030 0.0047 -0.9530
vn -0.2981 -0.0545 -0.9530
vn -0.9128 0.0142 -0.4082
vn -0.8980 -0.1642 -0.4082
vn -0.6649 0.0103 0.7469
vn -0.6541 -0.1196 0.7469
vn -0.9803 0.0152 0.1968
vn -0.9645 -0.1763 0.1968
vn -0.9837 -0.1798 0.0088
vn -0.9052 0.0140 -0.4248
vn -0.8905 -0.1628 -0.4247
vn -0.9397 -0.1718 -0.2958
vn -0.5648 0.0088 -0.8252
vn -0.5553 -0.1016 -0.8254
vn -0.7782 0.0121 -0.6279
vn -0.7657 -0.1400 -0.6278
vn -0.7325 0.0114 0.6806
vn -0.7207 -0.1318 0.6806
vn -0.3147 0.0049 -0.9492
vn -0.1860 0.0029 -0.9825
vn -0.1838 -0.0336 -0.9824
vn -0.3094 -0.0566 -0.9492
vn -0.0231 -0.0042 -0.9997
vn -0.7092 0.0110 0.7049
vn -0.6977 -0.1275 0.7049
vn -0.8086 0.0126 -0.5882
vn -0.7955 -0.1454 -0.5882
vn -0.7948 0.0124 0.6068
vn -0.7819 -0.1429 0.6067
vn -0.9965 0.0155 0.0821
vn -0.9804 -0.1792 0.0821
vn -0.6376 0.0099 -0.7703
vn -0.6273 -0.1147 -0.7703
vn -0.5250 0.0082 -0.8511
vn -0.5162 -0.0943 -0.8513
vn -0.5945 0.0092 0.8041
vn -0.5849 -0.1069 0.8041
vn -0.2526 0.2606 -0.9318
vn -0.1969 0.3048 -0.9319
vn -0.0828 0.1282 -0.9883
vn -0.1062 0.1096 -0.9883
vn -0.4611 0.1994 0.8646
vn -0.4899 0.1054 0.8654
vn -0.8407 0.3636 0.4013
vn -0.8954 0.1926 0.4015
vn -0.8793 0.3797 -0.2875
vn -0.9374 0.2012 -0.2843
vn -0.9661 0.2076 -0.1537
vn -0.4891 0.2114 -0.8462
vn -0.5216 0.1120 -0.8458
vn -0.8377 0.3623 0.4086
vn -0.8923 0.1920 0.4086
vn -0.3472 0.1502 0.9257
vn -0.2411 0.1043 0.9649
vn -0.2568 0.0552 0.9649
vn -0.3699 0.0796 0.9257
vn -0.2578 0.1115 0.9597
vn -0.3552 0.1536 0.9221
vn -0.3783 0.0814 0.9221
vn -0.2746 0.0591 0.9598
vn -0.8522 0.3686 0.3714
vn -0.9077 0.1953 0.3714
vn -0.5727 0.2477 -0.7815
vn -0.6100 0.1312 -0.7815
vn -0.8673 0.3751 -0.3271
vn -0.9239 0.1987 -0.3271
vn -0.9449 0.0147 -0.3270
vn -0.6238 0.0097 -0.7815
vn -0.8528 0.3689 -0.3695
vn -0.9084 0.1954 -0.3695
vn -0.4191 0.1814 -0.8896
vn -0.3146 0.1361 -0.9394
vn -0.3351 0.0721 -0.9394
vn -0.4469 0.0961 -0.8894
vn -0.1096 -0.1062 -0.9883
vn -0.1282 -0.0828 -0.9883
vn -0.1419 -0.0562 -0.9883
vn -0.3846 0.1663 0.9080
vn -0.4097 0.0881 0.9080
vn -0.7817 0.3381 0.5240
vn -0.8493 0.3673 0.3792
vn -0.9046 0.1946 0.3792
vn -0.8327 0.1791 0.5240
vn -0.7870 0.3404 -0.5145
vn -0.8383 0.1803 -0.5144
vn -0.2781 0.1203 -0.9530
vn -0.2207 0.0955 -0.9707
vn -0.2351 0.0506 -0.9707
vn -0.2962 0.0637 -0.9530
vn -0.8379 0.3624 -0.4081
vn -0.8925 0.1920 -0.4081
vn -0.8999 0.3892 0.1968
vn -0.9585 0.2062 0.1968
vn -0.8309 0.3593 -0.4249
vn -0.8851 0.1903 -0.4248
vn -0.5184 0.2242 -0.8252
vn -0.5522 0.1188 -0.8252
vn -0.7144 0.3090 -0.6278
vn -0.7609 0.1637 -0.6278
vn -0.6723 0.2908 0.6807
vn -0.7162 0.1541 0.6807
vn -0.2889 0.1250 -0.9492
vn -0.1708 0.0739 -0.9825
vn -0.1827 0.0393 -0.9824
vn -0.3075 0.0662 -0.9492
vn -0.6510 0.2816 0.7049
vn -0.6934 0.1492 0.7049
vn -0.7422 0.3210 -0.5882
vn -0.7906 0.1701 -0.5882
vn -0.7295 0.3155 0.6068
vn -0.7771 0.1672 0.6067
vn -0.9147 0.3957 0.0820
vn -0.9743 0.2096 0.0820
vn -0.5853 0.2532 -0.7703
vn -0.6235 0.1341 -0.7703
vn -0.4815 0.2083 -0.8513
vn -0.5130 0.1103 -0.8513
vn -0.5457 0.2360 0.8041
vn -0.5813 0.1251 0.8040
vn -0.3497 0.3608 0.8646
vn -0.4123 0.2849 0.8654
vn -0.6375 0.6577 0.4013
vn -0.7535 0.5206 0.4015
vn -0.6658 0.6865 -0.2923
vn -0.7876 0.5436 -0.2903
vn -0.3701 0.3818 -0.8469
vn -0.2986 0.2063 -0.9318
vn -0.4377 0.3024 -0.8468
vn -0.6353 0.6553 0.4087
vn -0.7509 0.5188 0.4087
vn -0.2633 0.2716 0.9257
vn -0.1828 0.1886 0.9649
vn -0.2161 0.1493 0.9649
vn -0.3113 0.2151 0.9257
vn -0.1955 0.2017 0.9597
vn -0.2690 0.2775 0.9223
vn -0.3184 0.2200 0.9221
vn -0.2311 0.1596 0.9598
vn -0.6464 0.6668 0.3709
vn -0.7639 0.5278 0.3713
vn -0.4343 0.4480 -0.7815
vn -0.5134 0.3547 -0.7814
vn -0.6577 0.6785 -0.3272
vn -0.7775 0.5372 -0.3271
vn -0.6468 0.6672 -0.3694
vn -0.7645 0.5282 -0.3694
vn -0.3182 0.3282 -0.8894
vn -0.2386 0.2461 -0.9394
vn -0.2820 0.1948 -0.9394
vn -0.3761 0.2598 -0.8894
vn -0.1501 -0.0274 -0.9883
vn -0.2916 0.3008 0.9080
vn -0.3447 0.2382 0.9080
vn -0.5928 0.6116 0.5240
vn -0.7613 0.5260 0.3792
vn -0.7008 0.4841 0.5240
vn -0.5968 0.6157 -0.5145
vn -0.7055 0.4874 -0.5145
vn -0.2109 0.2176 -0.9530
vn -0.1978 0.1367 -0.9707
vn -0.2493 0.1722 -0.9530
vn -0.6354 0.6555 -0.4082
vn -0.7511 0.5189 -0.4081
vn -0.4628 0.4774 0.7469
vn -0.5470 0.3779 0.7469
vn -0.6103 0.2640 0.7469
vn -0.6824 0.7040 0.1968
vn -0.8067 0.5573 0.1968
vn -0.6300 0.6498 -0.4252
vn -0.7448 0.5145 -0.4250
vn -0.3931 0.4055 -0.8252
vn -0.4647 0.3211 -0.8252
vn -0.5418 0.5589 -0.6278
vn -0.6404 0.4425 -0.6277
vn -0.5099 0.5260 0.6806
vn -0.6027 0.4164 0.6807
vn -0.2191 0.2260 -0.9492
vn -0.1295 0.1336 -0.9825
vn -0.1538 0.1062 -0.9824
vn -0.2588 0.1788 -0.9492
vn -0.0157 0.0162 -0.9997
vn -0.0193 0.0133 -0.9997
vn -0.4937 0.5093 0.7049
vn -0.5836 0.4032 0.7049
vn -0.5629 0.5806 -0.5882
vn -0.6653 0.4597 -0.5882
vn -0.5532 0.5707 0.6068
vn -0.6540 0.4518 0.6068
vn -0.6937 0.7156 0.0820
vn -0.8200 0.5665 0.0820
vn -0.4439 0.4579 -0.7703
vn -0.5249 0.3626 -0.7701
vn -0.3653 0.3768 -0.8513
vn -0.4317 0.2983 -0.8513
vn -0.4139 0.4269 0.8040
vn -0.4892 0.3380 0.8040
vn -0.0024 -0.1526 -0.9883
vn 0.0274 -0.1501 -0.9883
vn 0.0653 -0.3570 -0.9318
vn 0.0562 -0.1419 -0.9883
vn 0.1337 -0.3375 -0.9318
vn -0.2304 0.2349 0.9443
vn -0.2857 0.2925 0.9126
vn -0.3388 0.2337 0.9114
vn -0.2740 0.1882 0.9431
vn -0.6479 0.6666 0.3686
vn -0.7669 0.5288 0.3636
vn -0.8588 0.3726 0.3517
vn -0.3840 0.1712 0.9074
vn -0.3125 0.1397 0.9396
vn -0.1850 0.4671 0.8646
vn -0.2719 0.4210 0.8654
vn -0.3374 0.8515 0.4013
vn -0.4969 0.7693 0.4015
vn -0.3521 0.8886 -0.2939
vn -0.5188 0.8030 -0.2933
vn -0.1958 0.4943 -0.8470
vn -0.2885 0.4467 -0.8469
vn -0.3361 0.8485 0.4087
vn -0.4952 0.7667 0.4086
vn -0.1393 0.3518 0.9257
vn -0.1425 0.2207 0.9649
vn -0.2053 0.3178 0.9257
vn -0.1425 0.3597 0.9221
vn -0.2099 0.3250 0.9221
vn -0.1524 0.2359 0.9598
vn -0.3419 0.8632 0.3714
vn -0.5038 0.7799 0.3714
vn -0.2298 0.5801 -0.7814
vn -0.3386 0.5241 -0.7814
vn -0.3480 0.8785 -0.3272
vn -0.5127 0.7938 -0.3272
vn -0.0868 -0.1256 -0.9883
vn -0.0606 -0.1401 -0.9883
vn -0.1543 0.3895 0.9080
vn -0.2274 0.3520 0.9080
vn -0.3137 0.7919 0.5239
vn -0.4622 0.7155 0.5239
vn -0.3158 0.7972 -0.5145
vn -0.4653 0.7203 -0.5146
vn -0.1116 0.2817 -0.9530
vn -0.1644 0.2545 -0.9530
vn -0.3362 0.8487 -0.4082
vn -0.4953 0.7668 -0.4082
vn -0.2449 0.6182 0.7469
vn -0.3608 0.5585 0.7469
vn -0.3611 0.9115 0.1969
vn -0.5320 0.8236 0.1969
vn -0.3333 0.8415 -0.4252
vn -0.4912 0.7604 -0.4249
vn -0.2080 0.5251 -0.8252
vn -0.1761 0.4446 -0.8782
vn -0.2595 0.4017 -0.8782
vn -0.3065 0.4745 -0.8252
vn -0.2867 0.7237 -0.6278
vn -0.4223 0.6538 -0.6278
vn -0.2699 0.6812 0.6805
vn -0.3976 0.6155 0.6805
vn -0.1159 0.2926 -0.9492
vn -0.0685 0.1730 -0.9825
vn -0.1014 0.1570 -0.9824
vn -0.1707 0.2642 -0.9492
vn -0.0083 0.0210 -0.9997
vn -0.0127 0.0197 -0.9997
vn -0.2612 0.6594 0.7049
vn -0.3848 0.5958 0.7050
vn -0.2978 0.7519 -0.5882
vn -0.4388 0.6793 -0.5882
vn -0.2927 0.7390 0.6068
vn -0.4313 0.6677 0.6068
vn -0.3671 0.9266 0.0820
vn -0.5408 0.8372 0.0820
vn -0.2349 0.5929 -0.7703
vn -0.3460 0.5358 -0.7702
vn -0.1932 0.4879 -0.8512
vn -0.2847 0.4408 -0.8512
vn -0.2190 0.5529 0.8040
vn -0.3227 0.4995 0.8040
vn 0.0828 -0.1282 -0.9883
vn 0.1062 -0.1096 -0.9883
vn 0.2526 -0.2606 -0.9318
vn 0.1969 -0.3049 -0.9318
vn -0.1202 0.3038 0.9451
vn -0.1495 0.3777 0.9138
vn -0.2219 0.3424 0.9130
vn -0.1785 0.2750 0.9447
vn -0.3421 0.8623 0.3734
vn -0.5044 0.7797 0.3712
vn 0.0078 0.5023 0.8646
vn -0.0901 0.4929 0.8654
vn 0.0142 0.9158 0.4013
vn -0.1693 0.9258 0.3379
vn -0.1647 0.9009 0.4015
vn 0.0148 0.9553 -0.2952
vn -0.1719 0.9400 -0.2946
vn 0.0083 0.5317 -0.8469
vn -0.0956 0.5230 -0.8470
vn 0.0151 0.9691 0.2462
vn 0.0142 0.9126 0.4086
vn -0.1641 0.8978 0.4086
vn -0.1743 0.9534 0.2461
vn 0.0059 0.3782 0.9257
vn -0.0680 0.3722 0.9257
vn 0.0060 0.3869 0.9221
vn -0.0696 0.3806 0.9221
vn 0.0144 0.9284 0.3713
vn -0.1670 0.9134 0.3713
vn -0.0321 -0.1492 -0.9883
vn -0.0420 -0.1953 -0.9798
vn 0.0056 0.3599 0.9330
vn 0.0065 0.4189 0.9080
vn -0.0753 0.4122 0.9080
vn -0.0647 0.3541 0.9330
vn 0.0132 0.8516 0.5240
vn -0.1664 0.9102 0.3792
vn -0.1532 0.8379 0.5240
vn 0.0133 0.8573 -0.5146
vn -0.1542 0.8435 -0.5145
vn -0.1698 0.9289 -0.3291
vn 0.0047 0.3030 -0.9530
vn -0.0545 0.2981 -0.9530
vn 0.0142 0.9128 -0.4083
vn -0.1642 0.8980 -0.4082
vn 0.0103 0.6649 0.7469
vn -0.1196 0.6541 0.7469
vn -0.0726 0.3972 0.9149
vn -0.1517 0.8301 0.5366
vn 0.0141 0.9052 -0.4247
vn -0.1627 0.8905 -0.4248
vn 0.0088 0.5648 -0.8252
vn 0.0074 0.4782 -0.8782
vn -0.0860 0.4704 -0.8782
vn -0.1016 0.5557 -0.8252
vn 0.0121 0.7784 -0.6277
vn -0.1400 0.7658 -0.6277
vn -0.1104 0.6039 -0.7894
vn 0.0114 0.7325 0.6806
vn -0.1318 0.7207 0.6806
vn 0.0110 0.7092 0.7050
vn -0.1276 0.6977 0.7050
vn 0.0126 0.8086 -0.5882
vn -0.1454 0.7955 -0.5882
vn -0.1709 0.9350 -0.3109
vn -0.1001 0.5477 -0.8307
vn 0.0155 0.9965 0.0820
vn -0.1792 0.9804 0.0820
vn -0.1776 0.9713 0.1585
vn 0.0099 0.6376 -0.7703
vn -0.1147 0.6273 -0.7703
vn 0.0082 0.5246 -0.8513
vn -0.0944 0.5162 -0.8512
vn 0.0092 0.5945 0.8041
vn -0.1069 0.5849 0.8040
vn 0.1994 0.4611 0.8646
vn 0.1054 0.4899 0.8654
vn 0.3636 0.8407 0.4013
vn 0.1926 0.8954 0.4015
vn 0.3793 0.8769 -0.2952
vn 0.2009 0.9340 -0.2954
vn 0.2112 0.4882 -0.8468
vn 0.1119 0.5200 -0.8468
vn 0.3623 0.8377 0.4087
vn 0.1919 0.8923 0.4086
vn 0.2038 0.9476 0.2461
vn 0.1502 0.3472 0.9257
vn 0.0795 0.3697 0.9257
vn 0.1536 0.3551 0.9221
vn 0.0814 0.3783 0.9221
vn 0.3686 0.8522 0.3714
vn 0.1953 0.9077 0.3713
vn 0.2477 0.5728 -0.7814
vn 0.1313 0.6101 -0.7813
vn 0.3752 0.8673 -0.3272
vn 0.2061 0.9580 -0.1992
vn 0.1987 0.9238 -0.3272
vn 0.0152 0.9798 -0.1992
vn 0.0147 0.9448 -0.3272
vn 0.0097 0.6240 -0.7814
vn 0.3689 0.8529 -0.3694
vn 0.1954 0.9085 -0.3693
vn 0.1814 0.4195 -0.8894
vn 0.1353 0.3135 -0.9399
vn 0.0719 0.3345 -0.9397
vn 0.0961 0.4469 -0.8894
vn 0.0053 0.3426 -0.9395
vn 0.0071 0.4570 -0.8894
vn 0.0144 0.9292 -0.3694
vn 0.1663 0.3845 0.9080
vn 0.0881 0.4096 0.9080
vn 0.0757 0.3519 0.9330
vn 0.3381 0.7818 0.5239
vn 0.1791 0.8327 0.5239
vn 0.3404 0.7870 -0.5146
vn 0.1803 0.8383 -0.5145
vn 0.1203 0.2781 -0.9530
vn 0.0637 0.2962 -0.9530
vn 0.3624 0.8379 -0.4082
vn 0.1920 0.8925 -0.4082
vn 0.2640 0.6103 0.7469
vn 0.1398 0.6501 0.7469
vn 0.3892 0.8999 0.1969
vn 0.2062 0.9585 0.1969
vn 0.0152 0.9803 0.1969
vn 0.3593 0.8308 -0.4251
vn 0.1903 0.8850 -0.4248
vn 0.2242 0.5184 -0.8252
vn 0.1899 0.4389 -0.8782
vn 0.1006 0.4675 -0.8782
vn 0.1188 0.5522 -0.8252
vn 0.3090 0.7144 -0.6278
vn 0.1637 0.7611 -0.6277
vn 0.2907 0.6722 0.6809
vn 0.1541 0.7163 0.6806
vn 0.1250 0.2889 -0.9492
vn 0.0739 0.1708 -0.9825
vn 0.0393 0.1827 -0.9824
vn 0.0662 0.3076 -0.9492
vn 0.0090 0.0208 -0.9997
vn 0.0049 0.0229 -0.9997
vn 0.0004 0.0226 -0.9997
vn 0.0029 0.1860 -0.9825
vn 0.0049 0.3147 -0.9492
vn 0.2816 0.6510 0.7050
vn 0.1492 0.6934 0.7050
vn 0.3211 0.7423 -0.5882
vn 0.1701 0.7906 -0.5882
vn 0.3155 0.7295 0.6068
vn 0.1672 0.7771 0.6068
vn 0.0124 0.7947 0.6069
vn 0.3957 0.9147 0.0820
vn 0.2096 0.9743 0.0820
vn 0.2532 0.5853 -0.7703
vn 0.1341 0.6234 -0.7703
vn 0.2083 0.4817 -0.8512
vn 0.1104 0.5130 -0.8512
vn 0.2361 0.5458 0.8040
vn 0.1250 0.5813 0.8040
vn 0.1583 0.3659 0.9171
vn 0.0840 0.3902 0.9169
vn 0.3669 0.8483 0.3818
vn 0.1943 0.9038 0.3813
vn 0.0141 0.9250 0.3798
vn 0.0063 0.4006 0.9162
vn 0.3608 0.3497 0.8646
vn 0.2849 0.4123 0.8654
vn 0.6576 0.6375 0.4014
vn 0.5206 0.7535 0.4015
vn 0.6860 0.6650 -0.2954
vn 0.5430 0.7860 -0.2955
vn 0.3819 0.3702 -0.8468
vn 0.3023 0.4376 -0.8468
vn 0.6553 0.6352 0.4087
vn 0.5188 0.7509 0.4087
vn 0.2717 0.2633 0.9257
vn 0.1886 0.1828 0.9649
vn 0.1493 0.2161 0.9649
vn 0.2151 0.3113 0.9257
vn 0.2017 0.1955 0.9597
vn 0.2778 0.2693 0.9221
vn 0.2199 0.3184 0.9221
vn 0.1596 0.2311 0.9598
vn 0.6666 0.6463 0.3714
vn 0.5278 0.7639 0.3714
vn 0.4480 0.4343 -0.7814
vn 0.3547 0.5134 -0.7814
vn 0.6785 0.6577 -0.3272
vn 0.5371 0.7775 -0.3272
vn 0.6672 0.6468 -0.3695
vn 0.5282 0.7645 -0.3694
vn 0.3282 0.3182 -0.8894
vn 0.2454 0.2375 -0.9399
vn 0.1939 0.2806 -0.9400
vn 0.2598 0.3761 -0.8894
vn 0.3008 0.2916 0.9080
vn 0.2382 0.3447 0.9080
vn 0.6116 0.5929 0.5238
vn 0.4842 0.7008 0.5239
vn 0.6157 0.5968 -0.5145
vn 0.4874 0.7055 -0.5146
vn 0.2176 0.2109 -0.9530
vn 0.1367 0.1978 -0.9707
vn 0.1722 0.2493 -0.9530
vn 0.6555 0.6354 -0.4082
vn 0.5189 0.7511 -0.4082
vn 0.4774 0.4628 0.7469
vn 0.3779 0.5470 0.7470
vn 0.7040 0.6824 0.1968
vn 0.5573 0.8066 0.1969
vn 0.6499 0.6300 -0.4251
vn 0.5145 0.7446 -0.4253
vn 0.4055 0.3931 -0.8252
vn 0.3434 0.3329 -0.8782
vn 0.2718 0.3935 -0.8782
vn 0.3211 0.4647 -0.8252
vn 0.5590 0.5419 -0.6276
vn 0.4424 0.6404 -0.6278
vn 0.5260 0.5099 0.6807
vn 0.4164 0.6028 0.6806
vn 0.2260 0.2191 -0.9492
vn 0.1336 0.1295 -0.9825
vn 0.1062 0.1537 -0.9824
vn 0.1788 0.2588 -0.9492
vn 0.0162 0.0157 -0.9997
vn 0.0133 0.0193 -0.9997
vn 0.5092 0.4937 0.7050
vn 0.4031 0.5835 0.7050
vn 0.5807 0.5629 -0.5882
vn 0.4597 0.6654 -0.5882
vn 0.5707 0.5532 0.6068
vn 0.4518 0.6540 0.6068
vn 0.7156 0.6937 0.0820
vn 0.5665 0.8200 0.0820
vn 0.4579 0.4439 -0.7703
vn 0.3625 0.5247 -0.7702
vn 0.3768 0.3652 -0.8513
vn 0.2983 0.4317 -0.8513
vn 0.4270 0.4140 0.8039
vn 0.3381 0.4893 0.8039
vn 0.2318 0.2247 0.9465
vn 0.2862 0.2774 0.9171
vn 0.2266 0.3280 0.9171
vn 0.1835 0.2656 0.9465
vn 0.6636 0.6433 0.3819
vn 0.5253 0.7604 0.3819
vn 0.8882 0.3518 -0.2955
vn 0.8025 0.5184 -0.2954
vn 0.4945 0.1959 -0.8468
vn 0.3048 0.1969 -0.9318
vn 0.4468 0.2886 -0.8468
vn 0.8485 0.3361 0.4087
vn 0.7667 0.4952 0.4086
vn 0.3518 0.1393 0.9257
vn 0.2442 0.0967 0.9649
vn 0.2207 0.1425 0.9649
vn 0.3178 0.2053 0.9257
vn 0.2611 0.1034 0.9597
vn 0.3597 0.1425 0.9221
vn 0.3250 0.2100 0.9221
vn 0.2359 0.1524 0.9598
vn 0.8632 0.3419 0.3714
vn 0.7799 0.5038 0.3714
vn 0.5801 0.2298 -0.7815
vn 0.5241 0.3386 -0.7814
vn 0.8785 0.3480 -0.3272
vn 0.7938 0.5127 -0.3271
vn 0.8639 0.3422 -0.3695
vn 0.7806 0.5042 -0.3695
vn 0.4250 0.1683 -0.8894
vn 0.3186 0.1262 -0.9395
vn 0.2874 0.1856 -0.9396
vn 0.3840 0.2480 -0.8894
vn 0.3896 0.1543 0.9080
vn 0.3520 0.2274 0.9080
vn 0.3024 0.1953 0.9330
vn 0.7919 0.3137 0.5239
vn 0.7155 0.4622 0.5239
vn 0.7972 0.3158 -0.5145
vn 0.7203 0.4653 -0.5145
vn 0.2817 0.1116 -0.9530
vn 0.2545 0.1644 -0.9530
vn 0.8487 0.3362 -0.4082
vn 0.7668 0.4953 -0.4081
vn 0.6182 0.2449 0.7469
vn 0.5585 0.3608 0.7469
vn 0.9115 0.3611 0.1968
vn 0.8236 0.5320 0.1968
vn 0.8416 0.3334 -0.4249
vn 0.7604 0.4912 -0.4249
vn 0.5251 0.2080 -0.8253
vn 0.4446 0.1761 -0.8782
vn 0.4017 0.2595 -0.8782
vn 0.4745 0.3065 -0.8252
vn 0.7237 0.2867 -0.6277
vn 0.6539 0.4224 -0.6277
vn 0.6811 0.2698 0.6807
vn 0.5182 0.3347 0.7871
vn 0.6154 0.3975 0.6806
vn 0.2926 0.1159 -0.9492
vn 0.1730 0.0685 -0.9825
vn 0.1570 0.1014 -0.9824
vn 0.2643 0.1707 -0.9492
vn 0.0210 0.0083 -0.9997
vn 0.0197 0.0127 -0.9997
vn 0.7519 0.2978 -0.5882
vn 0.6793 0.4388 -0.5882
vn 0.7390 0.2927 0.6068
vn 0.6677 0.4313 0.6068
vn 0.9266 0.3670 0.0820
vn 0.8372 0.5408 0.0820
vn 0.5929 0.2349 -0.7702
vn 0.5357 0.3460 -0.7703
vn 0.4881 0.1935 -0.8511
vn 0.4408 0.2848 -0.8512
vn 0.5529 0.2190 0.8040
vn 0.4995 0.3227 0.8040
vn 0.3001 0.1189 0.9465
vn 0.3706 0.1468 0.9171
vn 0.3349 0.2163 0.9171
vn 0.2711 0.1751 0.9465
vn 0.8592 0.3403 0.3820
vn 0.7764 0.5015 0.3817
vn 0.5024 -0.0078 0.8646
vn 0.4930 0.0901 0.8653
vn 0.9158 -0.0142 0.4014
vn 0.9009 0.1647 0.4015
vn 0.8515 0.3373 0.4014
vn 0.4671 0.1850 0.8646
vn 0.9552 -0.0148 -0.2955
vn 0.9398 0.1718 -0.2955
vn 0.5318 -0.0083 -0.8468
vn 0.5233 0.0957 -0.8468
vn 0.9125 -0.0142 0.4088
vn 0.8977 0.1641 0.4088
vn 0.3783 -0.0059 0.9257
vn 0.2626 -0.0041 0.9649
vn 0.2584 0.0472 0.9649
vn 0.3722 0.0681 0.9256
vn 0.2809 -0.0044 0.9597
vn 0.3869 -0.0060 0.9221
vn 0.3806 0.0696 0.9221
vn 0.2763 0.0505 0.9598
vn 0.9283 -0.0144 0.3715
vn 0.9133 0.1670 0.3715
vn 0.6239 -0.0097 -0.7815
vn 0.6138 0.1122 -0.7814
vn 0.9449 -0.0147 -0.3270
vn 0.9296 0.1699 -0.3271
vn 0.9292 -0.0144 -0.3693
vn 0.9141 0.1671 -0.3694
vn 0.4581 -0.0070 -0.8889
vn 0.3443 -0.0050 -0.9388
vn 0.3375 0.0618 -0.9393
vn 0.4498 0.0823 -0.8893
vn 0.4190 -0.0065 0.9080
vn 0.4122 0.0754 0.9080
vn 0.8517 -0.0132 0.5239
vn 0.8379 0.1532 0.5239
vn 0.8574 -0.0133 -0.5145
vn 0.8436 0.1542 -0.5144
vn 0.3029 -0.0047 -0.9530
vn 0.2404 -0.0037 -0.9707
vn 0.2365 0.0432 -0.9707
vn 0.2980 0.0545 -0.9530
vn 0.9128 -0.0142 -0.4082
vn 0.8980 0.1642 -0.4081
vn 0.6648 -0.0103 0.7469
vn 0.6540 0.1196 0.7470
vn 0.9803 -0.0152 0.1968
vn 0.9645 0.1763 0.1968
vn 0.9050 -0.0141 -0.4251
vn 0.8904 0.1628 -0.4250
vn 0.5645 -0.0087 -0.8254
vn 0.4780 -0.0075 -0.8783
vn 0.4704 0.0860 -0.8783
vn 0.5555 0.1015 -0.8253
vn 0.7782 -0.0121 -0.6279
vn 0.7656 0.1400 -0.6279
vn 0.7325 -0.0114 0.6806
vn 0.7206 0.1317 0.6807
vn 0.3147 -0.0049 -0.9492
vn 0.1861 -0.0029 -0.9825
vn 0.1838 0.0336 -0.9824
vn 0.3095 0.0566 -0.9492
vn 0.0226 -0.0004 -0.9997
vn 0.0231 0.0042 -0.9997
vn 0.7092 -0.0110 0.7050
vn 0.6977 0.1275 0.7050
vn 0.6594 0.2612 0.7049
vn 0.8086 -0.0126 -0.5882
vn 0.7955 0.1454 -0.5882
vn 0.7947 -0.0123 0.6068
vn 0.7819 0.1429 0.6068
vn 0.9965 -0.0155 0.0820
vn 0.9804 0.1792 0.0820
vn 0.6377 -0.0099 -0.7703
vn 0.6274 0.1147 -0.7702
vn 0.5247 -0.0081 -0.8513
vn 0.5161 0.0943 -0.8513
vn 0.5946 -0.0092 0.8040
vn 0.5847 0.1069 0.8042
vn 0.3227 -0.0050 0.9465
vn 0.3985 -0.0062 0.9171
vn 0.3921 0.0717 0.9171
vn 0.3175 0.0580 0.9465
vn 0.9241 -0.0144 0.3818
vn 0.9091 0.1662 0.3819
vn 0.4612 -0.1995 0.8646
vn 0.4900 -0.1054 0.8653
vn 0.8407 -0.3636 0.4014
vn 0.8954 -0.1926 0.4015
vn 0.8768 -0.3793 -0.2954
vn 0.9340 -0.2009 -0.2955
vn 0.4878 -0.2111 -0.8470
vn 0.3332 -0.1441 -0.9318
vn 0.3548 -0.0763 -0.9318
vn 0.5201 -0.1119 -0.8468
vn 0.8377 -0.3623 0.4087
vn 0.8923 -0.1919 0.4087
vn 0.3472 -0.1502 0.9257
vn 0.2411 -0.1043 0.9649
vn 0.2568 -0.0553 0.9649
vn 0.3696 -0.0795 0.9258
vn 0.2578 -0.1115 0.9597
vn 0.3551 -0.1536 0.9221
vn 0.3783 -0.0814 0.9221
vn 0.2746 -0.0591 0.9598
vn 0.8522 -0.3686 0.3713
vn 0.9077 -0.1953 0.3714
vn 0.5726 -0.2477 -0.7815
vn 0.6100 -0.1312 -0.7815
vn 0.8673 -0.3752 -0.3271
vn 0.9239 -0.1987 -0.3271
vn 0.8530 -0.3689 -0.3692
vn 0.9086 -0.1954 -0.3692
vn 0.4234 -0.1830 -0.8873
vn 0.3387 -0.0725 -0.9381
vn 0.4496 -0.0966 -0.8880
vn 0.3846 -0.1664 0.9080
vn 0.4097 -0.0881 0.9080
vn 0.7818 -0.3381 0.5239
vn 0.8327 -0.1791 0.5239
vn 0.7870 -0.3404 -0.5145
vn 0.8383 -0.1803 -0.5145
vn 0.2781 -0.1203 -0.9530
vn 0.2207 -0.0955 -0.9707
vn 0.2351 -0.0506 -0.9707
vn 0.2962 -0.0637 -0.9530
vn 0.6103 -0.2640 0.7469
vn 0.6500 -0.1398 0.7470
vn 0.8999 -0.3892 0.1968
vn 0.9585 -0.2062 0.1968
vn 0.8308 -0.3595 -0.4249
vn 0.8849 -0.1905 -0.4250
vn 0.5184 -0.2241 -0.8252
vn 0.4389 -0.1899 -0.8782
vn 0.4673 -0.1006 -0.8783
vn 0.5520 -0.1187 -0.8253
vn 0.7145 -0.3091 -0.6277
vn 0.7611 -0.1638 -0.6276
vn 0.6724 -0.2908 0.6807
vn 0.7162 -0.1541 0.6807
vn 0.2889 -0.1250 -0.9492
vn 0.1708 -0.0739 -0.9825
vn 0.1827 -0.0393 -0.9824
vn 0.3076 -0.0662 -0.9492
vn 0.0208 -0.0090 -0.9997
vn 0.0229 -0.0049 -0.9997
vn 0.6510 -0.2816 0.7050
vn 0.6934 -0.1492 0.7050
vn 0.7422 -0.3210 -0.5882
vn 0.7906 -0.1701 -0.5883
vn 0.7295 -0.3155 0.6068
vn 0.7771 -0.1672 0.6068
vn 0.9147 -0.3956 0.0820
vn 0.9743 -0.2096 0.0820
vn 0.5854 -0.2532 -0.7702
vn 0.6235 -0.1341 -0.7702
vn 0.4819 -0.2085 -0.8511
vn 0.5130 -0.1103 -0.8513
vn 0.5458 -0.2360 0.8040
vn 0.5814 -0.1251 0.8040
vn 0.2962 -0.1281 0.9465
vn 0.3659 -0.1582 0.9171
vn 0.3897 -0.0838 0.9171
vn 0.3155 -0.0679 0.9465
vn 0.8482 -0.3669 0.3820
vn 0.9035 -0.1943 0.3819
vn 0.3498 -0.3608 0.8646
vn 0.4124 -0.2849 0.8653
vn 0.6375 -0.6577 0.4014
vn 0.7535 -0.5206 0.4015
vn 0.6650 -0.6860 -0.2954
vn 0.7860 -0.5431 -0.2954
vn 0.3699 -0.3817 -0.8471
vn 0.2986 -0.2063 -0.9318
vn 0.4376 -0.3024 -0.8468
vn 0.6353 -0.6553 0.4087
vn 0.7509 -0.5188 0.4087
vn 0.2634 -0.2717 0.9257
vn 0.1828 -0.1886 0.9649
vn 0.2161 -0.1493 0.9649
vn 0.3113 -0.2151 0.9257
vn 0.1955 -0.2017 0.9597
vn 0.2693 -0.2778 0.9221
vn 0.3183 -0.2199 0.9221
vn 0.2311 -0.1596 0.9598
vn 0.6463 -0.6667 0.3713
vn 0.7639 -0.5278 0.3713
vn 0.4343 -0.4480 -0.7815
vn 0.5133 -0.3546 -0.7815
vn 0.6577 -0.6785 -0.3271
vn 0.7775 -0.5372 -0.3270
vn 0.6470 -0.6674 -0.3688
vn 0.7647 -0.5283 -0.3690
vn 0.3246 -0.3344 -0.8848
vn 0.3807 -0.2629 -0.8866
vn 0.2916 -0.3008 0.9080
vn 0.3448 -0.2382 0.9080
vn 0.5929 -0.6116 0.5239
vn 0.7008 -0.4842 0.5239
vn 0.5968 -0.6157 -0.5145
vn 0.7055 -0.4874 -0.5145
vn 0.2109 -0.2175 -0.9530
vn 0.1674 -0.1727 -0.9707
vn 0.1978 -0.1367 -0.9707
vn 0.2493 -0.1722 -0.9530
vn 0.6354 -0.6555 -0.4082
vn 0.7511 -0.5189 -0.4081
vn 0.8379 -0.3624 -0.4082
vn 0.4628 -0.4774 0.7469
vn 0.5470 -0.3779 0.7469
vn 0.6824 -0.7040 0.1968
vn 0.8067 -0.5573 0.1967
vn 0.6300 -0.6501 -0.4249
vn 0.7447 -0.5147 -0.4248
vn 0.3932 -0.4056 -0.8252
vn 0.3329 -0.3435 -0.8782
vn 0.3935 -0.2720 -0.8782
vn 0.4648 -0.3211 -0.8252
vn 0.5419 -0.5590 -0.6276
vn 0.6406 -0.4426 -0.6274
vn 0.5099 -0.5260 0.6806
vn 0.6028 -0.4164 0.6806
vn 0.2191 -0.2260 -0.9492
vn 0.1295 -0.1336 -0.9825
vn 0.1538 -0.1062 -0.9824
vn 0.2588 -0.1788 -0.9492
vn 0.0157 -0.0162 -0.9997
vn 0.0193 -0.0133 -0.9997
vn 0.4937 -0.5092 0.7050
vn 0.5835 -0.4031 0.7050
vn 0.5629 -0.5806 -0.5882
vn 0.6653 -0.4597 -0.5883
vn 0.5532 -0.5707 0.6068
vn 0.6540 -0.4519 0.6067
vn 0.6937 -0.7156 0.0820
vn 0.8200 -0.5665 0.0820
vn 0.4439 -0.4579 -0.7703
vn 0.5247 -0.3625 -0.7703
vn 0.3652 -0.3767 -0.8513
vn 0.4320 -0.2984 -0.8511
vn 0.4138 -0.4270 0.8040
vn 0.4892 -0.3380 0.8040
vn 0.1492 -0.0321 -0.9883
vn 0.1401 -0.0606 -0.9883
vn 0.2246 -0.2317 0.9465
vn 0.2775 -0.2862 0.9171
vn 0.3280 -0.2266 0.9171
vn 0.2655 -0.1835 0.9465
vn 0.6433 -0.6636 0.3819
vn 0.7604 -0.5253 0.3819
vn 0.1851 -0.4672 0.8646
vn 0.2720 -0.4211 0.8653
vn 0.3373 -0.8516 0.4013
vn 0.4969 -0.7693 0.4015
vn 0.3518 -0.8882 -0.2955
vn 0.5184 -0.8025 -0.2954
vn 0.1958 -0.4942 -0.8470
vn 0.2886 -0.4469 -0.8468
vn 0.3361 -0.8485 0.4087
vn 0.4952 -0.7666 0.4087
vn 0.1393 -0.3517 0.9257
vn 0.0967 -0.2442 0.9649
vn 0.1425 -0.2207 0.9649
vn 0.2053 -0.3178 0.9257
vn 0.2298 -0.5802 -0.7814
vn 0.3386 -0.5242 -0.7814
vn 0.3480 -0.8785 -0.3272
vn 0.5127 -0.7938 -0.3272
vn 0.3423 -0.8643 -0.3685
vn 0.5044 -0.7808 -0.3686
vn 0.1743 -0.4401 -0.8809
vn 0.2561 -0.3957 -0.8820
vn 0.1543 -0.3895 0.9080
vn 0.2273 -0.3519 0.9080
vn 0.1954 -0.3025 0.9329
vn 0.3137 -0.7919 0.5239
vn 0.4622 -0.7155 0.5239
vn 0.3158 -0.7972 -0.5145
vn 0.4653 -0.7203 -0.5144
vn 0.1116 -0.2817 -0.9530
vn 0.0886 -0.2236 -0.9707
vn 0.1305 -0.2020 -0.9707
vn 0.1644 -0.2545 -0.9530
vn 0.3362 -0.8487 -0.4082
vn 0.4953 -0.7669 -0.4081
vn 0.2449 -0.6182 0.7469
vn 0.3608 -0.5585 0.7469
vn 0.3611 -0.9115 0.1968
vn 0.5320 -0.8236 0.1968
vn 0.3333 -0.8417 -0.4247
vn 0.4911 -0.7605 -0.4249
vn 0.2080 -0.5251 -0.8252
vn 0.1761 -0.4446 -0.8782
vn 0.2595 -0.4018 -0.8782
vn 0.3065 -0.4745 -0.8252
vn 0.2866 -0.7236 -0.6279
vn 0.4223 -0.6538 -0.6278
vn 0.2698 -0.6812 0.6805
vn 0.3975 -0.6155 0.6806
vn 0.1159 -0.2926 -0.9492
vn 0.0685 -0.1730 -0.9825
vn 0.1014 -0.1570 -0.9824
vn 0.1707 -0.2643 -0.9492
vn 0.0127 -0.0197 -0.9997
vn 0.2612 -0.6594 0.7050
vn 0.3848 -0.5958 0.7050
vn 0.2978 -0.7519 -0.5881
vn 0.4388 -0.6793 -0.5882
vn 0.2927 -0.7390 0.6068
vn 0.4313 -0.6677 0.6068
vn 0.3671 -0.9266 0.0820
vn 0.5407 -0.8372 0.0820
vn 0.2349 -0.5929 -0.7703
vn 0.3460 -0.5357 -0.7702
vn 0.1934 -0.4880 -0.8511
vn 0.2850 -0.4411 -0.8510
vn 0.2183 -0.5561 0.8019
vn 0.3225 -0.5004 0.8035
vn 0.1256 -0.0868 -0.9883
vn 0.1186 -0.2997 0.9466
vn 0.1468 -0.3706 0.9171
vn 0.2163 -0.3349 0.9171
vn 0.1751 -0.2710 0.9465
vn 0.3404 -0.8592 0.3819
vn 0.5015 -0.7764 0.3818
vn 0.1718 -0.9398 -0.2954
vn 0.0956 -0.5233 -0.8468
vn 0.1641 -0.8978 0.4086
vn 0.0472 -0.2584 0.9649
vn 0.0680 -0.3721 0.9257
vn 0.1122 -0.6139 -0.7813
vn 0.1699 -0.9295 -0.3273
vn -0.0145 -0.9292 -0.3692
vn 0.1671 -0.9144 -0.3688
vn -0.0075 -0.4626 -0.8865
vn 0.0838 -0.4615 -0.8832
vn 0.0753 -0.4122 0.9080
vn 0.1532 -0.8379 0.5239
vn 0.1542 -0.8435 -0.5145
vn 0.0432 -0.2365 -0.9707
vn 0.0545 -0.2981 -0.9530
vn 0.1642 -0.8980 -0.4082
vn 0.1196 -0.6541 0.7469
vn 0.1763 -0.9645 0.1968
vn 0.1628 -0.8906 -0.4247
vn 0.0860 -0.4704 -0.8782
vn 0.1016 -0.5557 -0.8252
vn 0.1400 -0.7658 -0.6277
vn 0.1109 -0.6069 0.7870
vn 0.1318 -0.7208 0.6805
vn -0.0110 -0.7092 0.7049
vn 0.1275 -0.6977 0.7049
vn 0.0984 -0.5384 0.8369
vn 0.0897 -0.5411 0.8361
vn 0.1792 -0.9804 0.0820
vn 0.1147 -0.6273 -0.7703
vn 0.0946 -0.5168 -0.8509
vn 0.1060 -0.5916 0.7993
vn 0.1282 0.0828 -0.9883
vn 0.0717 -0.3921 0.9171
vn 0.0578 -0.3164 0.9469
vn 0.1662 -0.9091 0.3819
vn 0.0416 -0.2274 0.9729
vn 0.0709 -0.3876 0.9191
vn -0.5360 0.7426 0.4016
vn -0.4767 0.7761 0.4128
vn -0.4778 0.7969 0.3697
vn -0.5546 0.7411 0.3783
vn -0.3925 0.7898 0.4713
vn -0.3587 0.8701 0.3379
vn 0.9094 0.3781 0.1735
vn 0.9397 0.2968 0.1698
vn 0.8904 0.3687 0.2671
vn 0.9225 0.3123 0.2268
vn 0.0282 -0.1544 0.9876
vn 0.0578 -0.1459 0.9876
vn -0.0024 -0.1569 0.9876
vn -0.0044 -0.2809 0.9597
vn 0.0505 -0.2763 0.9598
vn 0.1034 -0.2611 0.9597
vn -0.9837 -0.1798 0.0034
vn -0.9640 -0.1762 -0.1991
vn -0.9297 -0.3683 0.0034
vn -0.8400 -0.5426 0.0033
vn -0.2103 -0.9775 -0.0153
vn -0.2056 -0.9558 0.2103
vn -0.2049 -0.9527 -0.2244
vn 0.0024 0.2396 -0.9709
vn -0.0403 0.2206 -0.9745
vn -0.0387 0.2119 -0.9765
vn 0.0028 0.2226 -0.9749
vn -0.0824 0.2081 -0.9746
vn -0.0793 0.2002 -0.9765
vn -0.1262 0.3187 -0.9394
vn -0.0616 0.3371 -0.9394
vn 0.1165 0.1681 -0.9789
vn 0.0874 0.2023 -0.9754
vn 0.1599 0.1562 -0.9747
vn 0.1335 0.1660 -0.9770
vn 0.1170 0.1681 -0.9788
vn 0.1100 0.1851 -0.9765
vn -0.8973 0.1931 0.3970
vn -0.3011 0.0648 0.9514
vn 0.5863 0.2181 0.7802
vn 0.4529 0.1754 0.8741
vn 0.3300 0.2009 0.9224
vn 0.2911 0.1846 0.9387
vn 0.2473 0.1970 0.9487
vn 0.1680 0.1443 0.9752
vn 0.7850 0.1352 0.6046
vn 0.5661 0.0997 0.8183
vn 0.2399 0.1550 0.9583
vn -0.8102 0.5598 0.1738
vn -0.9039 0.3909 0.1738
vn -0.9628 0.2071 0.1738
vn 0.0601 0.2792 0.9583
vn 0.0044 0.2856 0.9583
vn -0.0514 0.2810 0.9583
vn 0.1554 -0.2412 0.9580
vn -0.2071 -0.9628 0.1738
vn 0.1416 -0.0978 -0.9851
vn 0.1198 -0.1235 -0.9851
vn 0.1579 -0.0683 -0.9851
vn -0.1579 0.0683 -0.9851
vn -0.1682 0.0362 -0.9851
vn -0.1615 0.8836 0.4395
vn -0.1677 0.9171 0.3617
vn -0.8395 -0.5423 0.0340
vn -0.8223 0.5681 0.0340
vn -0.2030 -0.9438 0.2609
vn 0.2058 0.4758 -0.8551
vn 0.2622 0.6063 -0.7508
vn 0.1388 0.6454 -0.7511
vn 0.1090 0.5066 -0.8553
vn 0.2437 0.5637 0.7892
vn 0.1290 0.6006 0.7891
vn 0.0093 0.6145 0.7888
vn 0.0099 0.6594 -0.7517
vn 0.0080 0.5177 -0.8555
vn 0.1557 -0.2410 0.9580
vn 0.4750 -0.2059 -0.8555
vn 0.6059 -0.2605 -0.7517
vn 0.6461 -0.1374 -0.7508
vn 0.5067 -0.1095 -0.8551
vn 0.5639 -0.2444 0.7889
vn 0.6001 -0.1293 0.7894
vn 0.6136 -0.0096 0.7896
vn 0.6607 -0.0088 -0.7506
vn 0.5184 -0.0085 -0.8551
vn 0.2412 0.1559 0.9579
vn 0.3914 0.2533 0.8847
vn 0.0524 0.2437 0.9684
vn 0.0039 0.2492 0.9684
vn 0.0990 0.2288 0.9684
vn 0.1417 0.2051 0.9684
vn -0.0603 -0.2805 0.9580
vn -0.0979 -0.4559 0.8846
vn -0.0499 -0.2321 0.9714
vn -0.1072 0.5866 0.8027
vn -0.1233 0.6747 0.7277
vn 0.0107 0.6858 0.7278
vn 0.0117 0.7506 0.6606
vn -0.1350 0.7385 0.6606
vn 0.3900 0.5643 0.7277
vn 0.2723 0.6295 0.7277
vn -0.3899 -0.5644 0.7276
vn -0.6747 -0.1235 0.7277
vn 0.0885 -0.4838 0.8707
vn -0.0786 0.4302 -0.8993
vn -0.1736 0.9496 0.2609
vn -0.1674 0.9159 0.3649
vn 0.4132 0.2669 0.8707
vn 0.4598 0.2970 0.8369
vn 0.0934 -0.5106 -0.8547
vn 0.1190 -0.6507 -0.7499
vn -0.0081 -0.5192 -0.8546
vn -0.0103 -0.6618 -0.7496
vn 0.1104 -0.6040 0.7893
vn -0.0095 -0.6138 0.7894
vn -0.6654 -0.1214 0.7365
vn -0.7572 -0.1332 0.6394
vn -0.9389 0.2103 -0.2724
vn -0.9695 0.2101 -0.1265
vn -0.9630 0.0151 -0.2689
vn -0.9922 0.0168 -0.1237
vn -0.9447 -0.1811 -0.2734
vn -0.9756 -0.1793 -0.1265
vn -0.0665 -0.3093 -0.9486
vn 0.0566 -0.3095 -0.9492
vn 0.0336 -0.1838 -0.9824
vn 0.5958 0.3848 0.7050
vn -0.1763 0.9644 0.1969
vn -0.1429 0.7819 0.6068
vn -0.0582 0.3200 0.9456
vn -0.0723 0.3969 0.9150
vn -0.1670 0.9112 0.3767
vn -0.1256 0.0868 -0.9883
vn -0.6137 -0.1122 -0.7815
vn -0.9296 -0.1699 -0.3271
vn -0.0591 -0.2746 0.9597
vn -0.0814 -0.3783 0.9221
vn -0.0060 -0.3869 0.9221
vn -0.1953 -0.9078 0.3712
vn -0.0144 -0.9284 0.3712
vn -0.1954 -0.9085 -0.3694
vn -0.0967 -0.4496 -0.8880
vn -0.9041 0.3382 0.2613
vn -0.9289 0.3241 0.1790
vn -0.9536 0.2434 0.1774
vn -0.9347 0.2642 0.2380
vn -0.9488 0.3070 0.0739
vn -0.9762 0.2048 0.0710
vn -0.9963 0.0281 0.0813
vn -0.9687 0.1699 0.1808
vn -0.9598 0.1828 0.2130
vn 0.9519 0.1732 0.2527
vn 0.9578 0.1093 0.2658
vn 0.9589 0.1069 0.2629
vn 0.9561 0.1513 0.2509
vn 0.9727 0.1000 0.2092
vn 0.9646 0.1621 0.2082
vn 0.8109 0.4192 0.4082
vn 0.7440 0.5682 0.3516
vn 0.6917 0.5791 0.4316
vn 0.6879 0.5390 0.4861
vn 0.6002 0.7466 0.2870
vn 0.6009 0.6845 0.4128
vn 0.5718 0.6933 0.4386
vn 0.0123 0.9225 0.3857
vn 0.0135 0.9649 0.2624
vn -0.1797 0.9456 0.2713
vn -0.1923 0.8929 0.4071
vn -0.1634 0.9699 0.1808
vn 0.7198 0.4015 0.5663
vn 0.8056 0.3527 0.4761
vn 0.8179 0.3252 0.4747
vn 0.7095 0.4226 0.5640
vn 0.8456 0.3611 0.3931
vn 0.8560 0.2810 0.4340
vn 0.8834 0.2473 0.3980
vn 0.8856 0.2543 0.3886
vn -0.7169 -0.6942 0.0646
vn -0.7170 -0.6967 0.0235
vn -0.5676 -0.8230 0.0218
vn -0.5672 -0.8212 0.0626
vn -0.7163 -0.6974 -0.0220
vn -0.5671 -0.8233 -0.0226
vn -0.3953 -0.9182 -0.0242
vn -0.3965 -0.9178 0.0208
vn -0.3956 -0.9163 0.0626
vn 0.1700 0.7521 0.6368
vn 0.0172 0.7774 0.6288
vn 0.1628 0.8645 0.4756
vn 0.0140 0.8781 0.4783
vn 0.2344 -0.8247 0.5147
vn 0.2511 -0.8380 0.4844
vn 0.1151 -0.8911 0.4390
vn 0.1514 -0.8635 0.4810
vn 0.2883 -0.8398 0.4599
vn 0.1666 -0.8729 0.4586
vn -0.0142 -0.9192 0.3936
vn -0.0141 -0.9189 0.3943
vn -0.0142 -0.9172 0.3983
vn 0.3473 -0.7805 0.5198
vn 0.1740 -0.8696 0.4620
vn 0.3615 -0.7831 0.5060
vn 0.0291 -0.9118 0.4097
vn -0.0141 -0.9194 0.3930
vn -0.0140 -0.9188 0.3944
vn 0.6712 -0.3310 0.6632
vn 0.6944 -0.3223 0.6434
vn 0.7115 -0.3154 0.6279
vn 0.7301 -0.2457 0.6376
vn 0.7244 -0.1811 0.6651
vn -0.0158 -0.9209 0.3894
vn -0.0161 -0.9173 0.3979
vn -0.0139 -0.9155 0.4021
vn -0.0151 -0.9203 0.3909
vn 0.7023 -0.0671 0.7087
vn 0.6809 0.0021 0.7324
vn 0.6608 0.0697 0.7473
vn 0.6565 0.1053 0.7470
vn -0.0109 -0.9106 0.4132
vn -0.0041 -0.9178 0.3971
vn -0.0066 -0.9143 0.4050
vn -0.0110 -0.9180 0.3965
vn 0.6272 0.4708 0.6204
vn 0.5782 0.5333 0.6175
vn 0.4384 0.7516 0.4928
vn 0.3684 0.7530 0.5452
vn 0.0044 -0.9066 0.4220
vn 0.0072 -0.9179 0.3967
vn -0.0090 -0.9191 0.3939
vn -0.0028 -0.9164 0.4002
vn 0.2109 0.8885 0.4075
vn 0.1955 0.8472 0.4941
vn -0.0087 -0.9191 0.3939
vn -0.0139 -0.9215 0.3880
vn 0.0139 0.9217 -0.3877
vn 0.0150 0.9219 -0.3870
vn 0.0156 0.9224 -0.3858
vn 0.0137 0.9219 -0.3873
vn 0.0154 0.9213 -0.3887
vn 0.0170 0.9218 -0.3873
vn 0.5332 0.8365 -0.1266
vn 0.5383 0.8380 -0.0892
vn 0.5382 0.8379 -0.0912
vn 0.5172 0.8432 -0.1465
vn 0.5113 0.8460 -0.1511
vn 0.3901 0.9060 0.1643
vn 0.4683 0.8758 0.1168
vn 0.4621 0.8783 0.1227
vn 0.3905 0.9058 0.1642
vn 0.5283 0.8486 0.0285
vn 0.5182 0.8538 0.0505
vn 0.0139 0.9213 -0.3885
vn 0.3193 0.9300 0.1821
vn 0.3172 0.9306 0.1826
vn 0.2342 0.9463 0.2230
vn 0.0139 0.9213 -0.3886
vn 0.1286 0.9484 0.2899
vn 0.0122 0.9427 0.3333
vn 0.0157 0.9007 0.4342
vn 0.0157 0.9009 0.4338
vn 0.2194 0.8683 0.4450
vn 0.1905 0.8739 0.4473
vn 0.0129 0.9225 -0.3857
vn 0.0133 0.9217 -0.3877
vn 0.2296 0.9259 -0.2998
vn 0.2797 0.9274 -0.2484
vn 0.4353 0.8822 -0.1797
vn 0.4209 0.8926 -0.1616
vn 0.3838 0.8205 0.4236
vn 0.0053 0.3803 0.9248
vn 0.0085 0.4693 0.8830
vn 0.1409 0.4736 0.8694
vn 0.1319 0.3801 0.9155
vn 0.0095 0.4772 0.8787
vn 0.1676 0.4929 0.8538
vn 0.2785 0.4929 0.8243
vn 0.2683 0.4723 0.8396
vn 0.2574 0.3854 0.8861
vn 0.9976 0.0004 0.0691
vn 0.9763 0.1457 0.1602
vn 0.9830 0.0865 0.1618
vn 0.9943 -0.0534 0.0924
vn 0.9328 -0.0240 0.3595
vn 0.9220 0.1531 0.3557
vn 0.9438 0.1257 0.3058
vn 0.9360 0.2130 0.2803
vn 0.9237 0.2165 0.3160
vn -0.0032 -0.2306 0.9730
vn -0.0032 -0.2304 0.9731
vn 0.1445 0.0462 0.9884
vn 0.1302 -0.2196 0.9669
vn 0.0027 0.2931 0.9561
vn 0.2744 0.1228 0.9537
vn 0.2828 -0.1970 0.9387
vn -0.3029 0.7300 0.6126
vn -0.4402 0.6540 0.6152
vn -0.2778 0.8601 0.4279
vn -0.3981 0.8103 0.4301
vn -0.6001 0.5106 0.6158
vn -0.5770 0.5393 0.6133
vn -0.7594 0.3248 0.5637
vn -0.8131 0.1363 0.5659
vn -0.8311 0.3221 0.4534
vn -0.8750 0.1339 0.4653
vn -0.8923 0.0162 0.4512
vn -0.8316 0.0151 0.5551
vn -0.8218 -0.1433 0.5515
vn -0.8841 -0.1544 0.4410
vn -0.8343 -0.3281 0.4430
vn -0.7761 -0.3065 0.5511
vn -0.7000 -0.4541 0.5511
vn -0.7522 -0.4871 0.4439
vn -0.6422 -0.6247 0.4443
vn -0.5982 -0.5821 0.5507
vn -0.4744 -0.6871 0.5502
vn -0.5088 -0.7374 0.4444
vn -0.3605 -0.8185 0.4473
vn -0.3325 -0.7664 0.5496
vn -0.1770 -0.8172 0.5485
vn -0.1934 -0.8696 0.4543
vn 0.8263 -0.5594 0.0658
vn 0.8259 -0.5629 0.0317
vn 0.9207 -0.3880 0.0412
vn 0.6950 -0.7162 0.0640
vn 0.6955 -0.7181 0.0237
vn 0.6958 -0.7179 -0.0202
vn 0.8230 -0.5677 -0.0202
vn 0.9196 -0.3925 -0.0183
vn 0.5401 0.8315 0.1304
vn 0.5770 0.8146 0.0593
vn 0.5708 0.8211 0.0000
vn 0.3691 -0.9149 0.1637
vn 0.5415 -0.8384 0.0627
vn 0.5394 -0.8237 0.1749
vn -0.2100 -0.9775 0.0200
vn -0.2092 -0.9758 0.0637
vn -0.2089 -0.9776 -0.0265
vn 0.5423 -0.8399 0.0234
vn 0.5429 -0.8396 -0.0186
vn -0.1775 0.9802 0.0875
vn -0.1812 0.9834 0.0060
vn -0.3740 0.9274 0.0072
vn -0.3700 0.9261 0.0739
vn -0.1445 -0.0934 -0.9851
vn -0.1235 -0.1198 -0.9851
vn 0.0155 0.9999 0.0034
vn -0.1798 0.9837 0.0034
vn -0.1762 0.9640 -0.1992
vn 0.4178 0.8663 0.2739
vn 0.3701 0.9038 0.2148
vn 0.2050 0.9412 0.2685
vn 0.3998 0.8493 0.3448
vn -0.1771 0.9687 0.1738
vn -0.1796 0.9822 0.0544
vn -0.0978 -0.1416 -0.9851
vn 0.0978 0.1416 -0.9851
vn -0.1794 0.9811 -0.0725
vn -0.1566 -0.7280 -0.6675
vn 0.8395 0.5423 0.0340
vn -0.9772 -0.1787 -0.1143
vn -0.9236 -0.3659 -0.1144
vn -0.8345 -0.5390 -0.1144
vn -0.0510 0.2791 0.9589
vn 0.1443 0.6705 0.7277
vn 0.1579 0.7340 0.6606
vn 0.0129 0.8329 0.5533
vn -0.1498 0.8194 0.5532
vn -0.1658 0.9068 0.3877
vn -0.1750 0.9573 0.2301
vn -0.1783 0.9753 0.1305
vn -0.1796 0.9825 0.0498
vn -0.1796 0.9824 -0.0515
vn -0.2006 -0.9323 0.3010
vn -0.1940 -0.9018 0.3861
vn -0.1876 -0.8720 0.4522
vn -0.1764 -0.8199 0.5446
vn -0.8112 0.5605 -0.1666
vn -0.9050 0.3914 -0.1666
vn -0.9640 0.2074 -0.1666
vn -0.1774 0.9706 -0.1628
vn 0.3546 -0.9244 -0.1406
vn 0.3368 -0.8914 -0.3032
vn 0.5136 -0.8051 -0.2966
vn 0.5370 -0.8328 -0.1344
vn 0.6654 -0.6878 -0.2902
vn 0.6911 -0.7107 -0.1310
vn 0.7880 -0.5447 -0.2871
vn 0.8159 -0.5633 -0.1302
vn 0.8795 -0.3803 -0.2863
vn 0.9103 -0.3929 -0.1299
vn 0.9369 -0.2012 -0.2858
vn 0.9698 -0.2071 -0.1290
vn 0.9583 -0.0146 -0.2854
vn 0.9919 -0.0125 -0.1262
vn 0.9428 0.1725 -0.2853
vn 0.9762 0.1748 -0.1281
vn 0.8911 0.3532 -0.2851
vn 0.9212 0.3660 -0.1322
vn 0.8051 0.5201 -0.2850
vn 0.8307 0.5421 -0.1269
vn 0.6884 0.6668 -0.2853
vn 0.7146 0.6882 -0.1252
vn 0.5452 0.7880 -0.2862
vn 0.5653 0.8148 -0.1287
vn -0.1739 0.9511 0.2553
vn 0.1545 -0.9394 -0.3060
vn 0.1627 -0.9757 -0.1467
vn -0.9074 0.4154 0.0638
vn -0.9075 0.4192 0.0261
vn -0.9497 0.3130 0.0003
vn -0.8565 0.5136 0.0518
vn -0.8657 0.5006 -0.0074
vn -0.9145 0.4006 -0.0566
vn 0.9998 -0.0175 -0.0064
vn 0.9868 0.1612 -0.0170
vn 0.9810 0.1813 0.0695
vn 0.9989 -0.0121 -0.0444
vn 0.9855 0.1591 -0.0597
vn -0.7824 0.6203 0.0552
vn -0.7908 0.6117 -0.0179
vn -0.7001 0.7115 0.0594
vn -0.6818 0.7315 0.0105
vn -0.6896 0.7236 -0.0300
vn -0.8014 0.5952 -0.0581
vn -0.7937 0.5886 0.1533
vn -0.6643 0.7414 0.0956
vn -0.8616 0.4784 0.1696
vn -0.8619 0.4307 0.2676
vn -0.8595 0.4518 0.2392
vn -0.8675 0.4590 0.1918
vn -0.8095 0.5502 0.2047
vn -0.7720 0.5930 0.2290
vn -0.7318 0.6573 0.1802
vn -0.1122 0.6139 -0.7814
vn -0.1699 0.9296 -0.3272
vn -0.1671 0.9141 -0.3694
vn -0.3422 0.8640 -0.3694
vn -0.0822 0.4496 -0.8894
vn -0.1683 0.4249 -0.8894
vn -0.0566 0.3095 -0.9492
vn -0.0336 0.1838 -0.9824
vn -0.0042 0.0231 -0.9997
vn -0.5042 0.7806 -0.3694
vn -0.2480 0.3840 -0.8894
vn -0.1860 0.2879 -0.9394
vn -0.6500 0.1398 0.7469
vn -0.1492 -0.6934 0.7049
vn -0.2033 -0.9452 0.2553
vn 0.3982 0.9153 -0.0603
vn 0.2093 0.9760 -0.0608
vn 0.0154 0.9980 -0.0610
vn 0.2103 0.9776 0.0034
vn 0.2190 0.0398 -0.9749
vn 0.2192 0.0859 -0.9719
vn 0.2182 -0.0027 -0.9759
vn 0.2273 -0.0028 -0.9738
vn 0.2347 0.0423 -0.9712
vn 0.2485 0.0961 -0.9639
vn -0.1416 0.0978 -0.9851
vn -0.7519 0.6040 0.2643
vn -0.7006 0.6763 0.2275
vn -0.7184 0.6108 0.3330
vn -0.6634 0.6793 0.3137
vn 0.1682 -0.0362 -0.9851
vn 0.1720 -0.0027 -0.9851
vn 0.1693 0.0309 -0.9851
vn 0.9546 -0.2054 -0.2159
vn 0.9736 -0.2094 -0.0912
vn 0.0405 -0.2214 -0.9743
vn 0.0710 -0.3885 -0.9187
vn 0.8223 -0.5681 0.0340
vn -0.0775 -0.3601 0.9297
vn -0.0608 0.3327 0.9411
vn -0.0843 0.4614 0.8832
vn 0.6277 0.7497 0.2098
vn 0.5181 0.8312 0.2017
vn 0.5179 0.8076 0.2820
vn 0.1752 0.8144 0.5533
vn 0.9323 -0.2006 0.3010
vn -0.2075 -0.9646 -0.1628
vn 0.4210 0.2719 0.8653
vn 0.7693 0.4969 0.4015
vn 0.8925 -0.1920 -0.4082
vn 0.1425 -0.3597 0.9221
vn 0.2100 -0.3251 0.9221
vn 0.1524 -0.2359 0.9597
vn 0.3420 -0.8632 0.3713
vn 0.5038 -0.7799 0.3713
vn 0.0902 -0.4931 0.8653
vn 0.1647 -0.9010 0.4015
vn 0.0696 -0.3806 0.9221
vn 0.1670 -0.9134 0.3712
vn 0.1454 -0.7956 -0.5882
vn 0.1429 -0.7819 0.6067
vn 0.0080 0.3766 0.9263
vn 0.0080 0.2858 0.9582
vn -0.1648 0.0418 0.9854
vn -0.1290 0.3812 0.9154
vn -0.0006 -0.2535 0.9673
vn -0.0005 -0.2541 0.9672
vn -0.1749 -0.2337 0.9565
vn -0.3486 -0.1921 0.9174
vn -0.3108 0.1187 0.9430
vn -0.2665 0.3898 0.8815
vn 0.0057 0.3846 0.9231
vn 0.0069 0.4711 0.8821
vn 0.0069 0.4678 0.8838
vn 0.0055 0.4745 0.8802
vn -0.9455 0.2160 0.2436
vn -0.9601 0.1774 0.2160
vn 0.8369 0.4251 0.3448
vn 0.7674 0.5753 0.2830
vn -0.6316 0.6555 0.4140
vn -0.6218 0.6806 0.3875
vn 0.5239 0.7616 0.3814
vn -0.5523 0.8315 0.0605
vn -0.5451 0.8384 -0.0021
vn -0.9330 -0.3577 0.0394
vn -0.8417 -0.5392 0.0296
vn -0.9312 -0.3640 -0.0179
vn -0.8396 -0.5429 -0.0205
vn -0.7810 0.3662 0.5059
vn -0.8349 0.3416 0.4315
vn -0.8230 0.4130 0.3900
vn -0.7768 0.4124 0.4760
vn -0.8846 0.3020 0.3553
vn -0.8876 0.2667 0.3755
vn -0.1429 0.7729 0.6182
vn -0.1352 0.8827 0.4501
vn -0.4523 -0.6567 0.6035
vn -0.4828 -0.6694 0.5646
vn -0.4749 -0.6662 0.5750
vn -0.0040 -0.8826 0.4701
vn -0.0082 -0.8932 0.4496
vn -0.0126 -0.9095 0.4154
vn -0.0085 -0.8977 0.4405
vn -0.0163 -0.9224 0.3860
vn -0.0173 -0.9218 0.3872
vn -0.5240 -0.6905 0.4987
vn -0.5157 -0.6850 0.5146
vn -0.6108 -0.5237 0.5939
vn -0.5582 -0.6528 0.5121
vn -0.0165 -0.9180 0.3961
vn -0.0194 -0.9199 0.3918
vn -0.0167 -0.9188 0.3943
vn -0.0196 -0.9157 0.4015
vn -0.6449 -0.4690 0.6034
vn -0.6361 -0.4687 0.6129
vn -0.6596 -0.4303 0.6162
vn -0.6573 -0.4464 0.6072
vn -0.0143 -0.9213 0.3886
vn -0.0173 -0.9229 0.3846
vn -0.0130 -0.9174 0.3977
vn -0.0123 -0.9202 0.3912
vn -0.6496 -0.3040 0.6968
vn -0.6576 -0.3580 0.6629
vn -0.6405 -0.1965 0.7424
vn -0.6401 -0.2319 0.7325
vn -0.0157 -0.9163 0.4001
vn -0.0147 -0.9122 0.4094
vn -0.0209 -0.9132 0.4069
vn -0.0231 -0.9122 0.4092
vn -0.6266 -0.0299 0.7788
vn -0.6389 -0.1462 0.7553
vn -0.6214 0.0037 0.7835
vn -0.0271 -0.9148 0.4030
vn -0.0337 -0.9061 0.4218
vn -0.0240 -0.9154 0.4018
vn -0.0417 -0.9129 0.4061
vn -0.4925 0.6346 0.5956
vn -0.3396 0.7703 0.5398
vn -0.1769 0.8525 0.4918
vn -0.0124 -0.9191 0.3938
vn -0.0310 -0.9096 0.4143
vn 0.0108 0.8771 0.4801
vn 0.1389 0.8675 0.4776
vn -0.4044 0.8960 -0.1832
vn -0.4320 0.8833 -0.1821
vn -0.2231 0.9319 -0.2860
vn -0.2049 0.9362 -0.2855
vn -0.4582 0.8757 -0.1524
vn -0.4607 0.8747 -0.1504
vn 0.0096 0.9247 -0.3805
vn 0.0111 0.9234 -0.3838
vn 0.0138 0.9222 -0.3864
vn 0.0165 0.9243 -0.3812
vn -0.4014 0.8941 0.1985
vn -0.3985 0.8953 0.1990
vn -0.4664 0.8666 0.1774
vn -0.4737 0.8636 0.1728
vn -0.5041 0.8567 0.1092
vn -0.5087 0.8577 0.0742
vn -0.2135 0.9431 0.2549
vn -0.3108 0.9262 0.2135
vn -0.1028 0.9432 0.3159
vn 0.0123 0.9178 0.3968
vn -0.1686 0.9078 0.3840
vn -0.1869 0.9049 0.3825
vn 0.0122 0.9179 0.3966
vn -0.3534 0.8626 0.3620
vn -0.2360 0.9378 -0.2546
vn -0.3949 0.9018 -0.1756
vn 0.0193 0.9278 -0.3725
vn -0.1330 0.4753 0.8697
vn -0.2689 0.4771 0.8367
vn -0.2758 0.4978 0.8223
vn -0.1585 0.4941 0.8548
vn -0.9927 -0.0265 0.1179
vn -0.9758 0.1156 0.1857
vn -0.9190 0.1929 0.3438
vn -0.9323 0.0150 0.3613
vn -0.9118 0.2705 0.3090
vn -0.9223 0.2645 0.2817
vn -0.9348 0.1755 0.3088
vn -0.8982 0.4074 0.1653
vn -0.8822 0.3863 0.2693
vn -0.6936 0.4391 0.5710
vn -0.7082 0.4149 0.5712
vn -0.0028 -0.2334 0.9724
vn 0.0045 0.2943 0.9557
vn -0.0140 -0.9172 0.3981
vn -0.0135 -0.9126 0.4086
vn -0.0140 -0.9204 0.3907
vn -0.0135 -0.9191 0.3938
vn -0.0135 -0.9191 0.3939
vn -0.0137 -0.9188 0.3944
vn -0.0136 -0.9195 0.3929
vn -0.0127 -0.9200 0.3916
vn -0.0130 -0.9265 0.3760
vn -0.0140 -0.9338 0.3575
vn 0.0139 0.9214 -0.3885
vn 0.0153 0.9128 0.4082
vn 0.0153 0.9129 0.4080
vn 0.0135 0.9213 -0.3885
vn 0.0088 0.9221 -0.3869
vn 0.0105 0.9206 -0.3904
vn 0.0144 0.9211 -0.3891
vn 0.0132 0.9210 -0.3892
vn -0.1790 0.9820 -0.0606
vn -0.3697 0.9272 -0.0600
vn 0.7193 0.6917 -0.0644
vn 0.5702 0.8193 -0.0610
vn 0.9260 0.3681 -0.0841
vn 0.8275 0.5563 -0.0761
vn 0.9832 0.1664 -0.0750
vn 0.9976 -0.0086 -0.0684
vn 0.9774 -0.2097 -0.0249
vn 0.9760 -0.2067 -0.0687
vn 0.9164 -0.3941 -0.0693
vn 0.6954 -0.7154 -0.0681
vn 0.8208 -0.5669 -0.0695
vn 0.3623 -0.9295 -0.0690
vn 0.5423 -0.8375 -0.0669
vn 0.1697 -0.9826 -0.0749
vn -0.0191 -0.9967 -0.0792
vn -0.2054 -0.9756 -0.0775
vn -0.3916 -0.9172 -0.0728
vn -0.5653 -0.8219 -0.0701
vn -0.7149 -0.6957 -0.0702
vn -0.8370 -0.5425 -0.0710
vn -0.9279 -0.3662 -0.0703
vn -0.9819 -0.1764 -0.0688
vn -0.9976 0.0203 -0.0669
vn -0.9839 -0.1773 -0.0224
vn -0.9991 0.0205 -0.0368
vn -0.9765 0.2031 -0.0725
vn -0.9126 0.4005 -0.0823
vn -0.9798 0.1924 -0.0542
vn -0.8124 0.5782 -0.0756
vn -0.6975 0.7137 -0.0641
vn -0.5448 0.8364 -0.0606
vn 0.0024 0.0010 -1.0000
vn 0.0046 0.0008 -1.0000
vn 0.0026 -0.0000 -1.0000
vn -0.0024 -0.0010 -1.0000
vn -0.0046 -0.0008 -1.0000
vn 0.0309 -0.1693 -0.9851
vn 0.0634 -0.1600 -0.9851
vn 0.0039 0.0025 -1.0000
vn 0.0019 0.0018 -1.0000
vn -0.0039 -0.0025 -1.0000
vn -0.0019 -0.0018 -1.0000
vn 0.0010 0.0024 -1.0000
vn 0.0026 0.0038 -1.0000
vn -0.0010 -0.0045 -1.0000
vn -0.0010 -0.0024 -1.0000
vn 0.0010 0.0045 -1.0000
vn 0.0000 0.0026 -1.0000
vn -0.0026 -0.0038 -1.0000
vn -0.0008 0.0046 -1.0000
vn -0.0010 0.0024 -1.0000
vn 0.0018 -0.0019 -1.0000
vn 0.0025 -0.0039 -1.0000
vn 0.0024 -0.0010 -1.0000
vn 0.0045 -0.0010 -1.0000
vn -0.0018 0.0019 -1.0000
vn -0.0025 0.0039 -1.0000
vn 0.0038 -0.0026 -1.0000
vn -0.0038 0.0026 -1.0000
vn 0.0934 -0.1445 -0.9851
vn 0.2194 -0.0460 -0.9746
vn 0.2134 -0.0450 -0.9759
vn 0.1984 0.1291 -0.9716
vn 0.2226 0.1505 -0.9632
vn 0.0480 0.2217 -0.9739
vn 0.0567 0.2425 -0.9685
vn -0.1558 0.1607 -0.9746
vn -0.1499 0.1546 -0.9765
vn -0.1169 0.1809 -0.9765
vn -0.1215 0.1880 -0.9746
vn -0.1842 0.1272 -0.9746
vn -0.1772 0.1224 -0.9765
vn -0.2055 0.0889 -0.9746
vn -0.1977 0.0855 -0.9765
vn -0.2106 0.0453 -0.9765
vn -0.2189 0.0471 -0.9746
vn -0.2242 0.0035 -0.9745
vn -0.2154 0.0033 -0.9765
vn -0.2432 -0.0937 -0.9654
vn -0.2167 -0.0846 -0.9726
vn -0.2155 -0.0390 -0.9757
vn -0.2279 -0.0409 -0.9728
vn -0.1377 -0.1684 -0.9761
vn -0.1622 -0.1572 -0.9742
vn -0.1984 -0.1287 -0.9716
vn -0.2223 -0.1495 -0.9634
vn -0.1205 -0.1722 -0.9777
vn -0.1220 -0.1730 -0.9773
vn -0.2492 0.0039 0.9685
vn -0.2436 0.0524 0.9685
vn -0.2288 0.0990 0.9684
vn -0.2317 -0.0918 0.9684
vn -0.2451 -0.0448 0.9685
vn -0.2094 -0.1352 0.9684
vn -0.1790 -0.1735 0.9684
vn -0.2051 0.1417 0.9684
vn -0.1735 0.1790 0.9684
vn -0.1352 0.2094 0.9684
vn -0.0918 0.2317 0.9684
vn -0.0448 0.2452 0.9684
vn -0.6004 0.1290 0.7893
vn -0.5636 0.2436 0.7893
vn -0.6140 0.0094 0.7893
vn -0.6468 0.1377 -0.7501
vn -0.6614 0.0087 -0.7499
vn -0.6072 0.2610 -0.7505
vn -0.5707 -0.2262 0.7893
vn -0.6043 -0.1107 0.7890
vn -0.6139 -0.2449 -0.7505
vn -0.6501 -0.1205 -0.7502
vn -0.5546 -0.3600 -0.7502
vn -0.4360 -0.2813 -0.8549
vn -0.5156 -0.3331 0.7894
vn -0.4405 -0.4270 0.7897
vn -0.4744 -0.4614 -0.7497
vn -0.3730 -0.3612 -0.8547
vn -0.5053 0.3489 0.7893
vn -0.4275 0.4408 0.7893
vn -0.5444 0.3743 -0.7507
vn -0.4608 0.4732 -0.7508
vn -0.3486 -0.5047 0.7898
vn -0.2433 -0.5632 0.7897
vn -0.3759 -0.5454 -0.7492
vn -0.2627 -0.6082 -0.7491
vn -0.2063 -0.4769 -0.8544
vn -0.2955 -0.4275 -0.8544
vn -0.1417 -0.2051 0.9684
vn -0.0989 -0.2287 0.9684
vn -0.0524 -0.2436 0.9685
vn -0.1289 -0.6001 0.7895
vn -0.1092 -0.5079 -0.8545
vn -0.1392 -0.6474 -0.7493
vn 0.2051 -0.1417 0.9684
vn 0.5060 -0.3498 0.7884
vn 0.5425 -0.3738 -0.7523
vn 0.4255 -0.2944 -0.8557
vn 0.2452 0.0448 0.9684
vn 0.5705 0.2259 0.7896
vn 0.6037 0.1104 0.7895
vn 0.6148 0.2448 -0.7498
vn 0.4827 0.1909 -0.8547
vn 0.5104 0.0929 -0.8549
vn 0.6500 0.1202 -0.7503
vn 0.5558 0.3599 -0.7494
vn 0.4364 0.2817 -0.8545
vn 0.5153 0.3330 0.7897
vn 0.4405 0.4273 0.7896
vn 0.4748 0.4608 -0.7498
vn 0.3727 0.3613 -0.8547
vn 0.3756 0.5439 -0.7504
vn 0.2949 0.4268 -0.8549
vn 0.3489 0.5052 0.7893
vn -0.1107 0.6048 0.7886
vn -0.2263 0.5715 0.7888
vn -0.1193 0.6482 -0.7520
vn -0.2441 0.6128 -0.7516
vn -0.1904 0.4815 -0.8555
vn -0.0929 0.5091 -0.8556
vn -0.3333 0.5161 0.7890
vn -0.2810 0.4355 -0.8552
vn -0.3595 0.5539 -0.7510
vn -0.2042 0.3161 -0.9265
vn -0.1385 0.3498 -0.9265
vn -0.0676 0.3700 -0.9266
vn 0.0058 0.3761 -0.9266
vn -0.3162 -0.2042 -0.9265
vn -0.2703 -0.2620 -0.9264
vn -0.2140 -0.3098 -0.9264
vn -0.1494 -0.3455 -0.9264
vn -0.0792 -0.3680 -0.9264
vn -0.0058 -0.3763 -0.9265
vn 0.0791 0.3678 -0.9265
vn 0.1494 0.3454 -0.9265
vn 0.2139 0.3097 -0.9265
vn 0.2702 0.2620 -0.9265
vn 0.3162 0.2042 -0.9265
vn 0.3499 0.1386 -0.9265
vn 0.3702 0.0676 -0.9265
vn 0.3762 -0.0059 -0.9265
vn 0.3452 -0.1494 -0.9265
vn 0.3677 -0.0792 -0.9266
vn 0.2619 -0.2702 -0.9265
vn 0.3095 -0.2140 -0.9265
vn 0.2041 -0.3161 -0.9265
vn 0.1386 -0.3498 -0.9265
vn 0.0677 -0.3702 -0.9265
vn -0.4235 0.0986 0.9005
vn -0.3477 0.0815 0.9341
vn -0.9554 0.2081 0.2097
vn -0.9205 0.2003 0.3356
vn -0.9786 0.0162 0.2052
vn -0.9445 0.0153 0.3281
vn -0.4410 0.0086 0.8975
vn -0.3607 0.0068 0.9327
vn -0.3376 -0.0666 0.9389
vn -0.2408 -0.0500 0.9693
vn -0.2662 0.0052 0.9639
vn -0.9727 -0.2217 -0.0680
vn -0.9740 -0.2158 -0.0696
vn -0.9952 0.0159 -0.0969
vn -0.9952 0.0156 -0.0969
vn -0.9834 -0.1792 0.0283
vn -0.9994 0.0162 0.0290
vn -0.9616 -0.1767 0.2102
vn -0.9771 0.2107 0.0300
vn -0.4203 -0.0817 0.9037
vn -0.9258 -0.1705 0.3374
vn -0.2584 0.0631 0.9640
vn -0.9659 0.2467 -0.0788
vn -0.9644 0.2525 -0.0778
vn -0.9018 0.4295 -0.0464
vn -0.9008 0.4319 -0.0460
vn -0.2289 0.1044 0.9678
vn -0.8142 0.5806 -0.0071
vn -0.8142 0.5805 -0.0071
vn -0.6932 0.7201 0.0302
vn -0.6937 0.7197 0.0298
vn -0.1984 0.1362 0.9706
vn -0.1659 0.1683 0.9717
vn -0.1265 -0.1806 0.9754
vn -0.0912 -0.2086 0.9737
vn -0.5651 -0.8238 0.0445
vn -0.3910 -0.9177 0.0698
vn -0.3917 -0.9174 0.0697
vn -0.5648 -0.8240 0.0445
vn -0.0488 -0.2258 0.9730
vn -0.0036 -0.2317 0.9728
vn -0.2037 -0.9726 0.1123
vn -0.0145 -0.9899 0.1409
vn -0.0139 -0.9899 0.1409
vn -0.2050 -0.9723 0.1120
vn -0.5414 0.8397 0.0423
vn -0.5417 0.8395 0.0423
vn -0.3676 0.9291 0.0408
vn -0.3678 0.9290 0.0411
vn -0.1279 0.1969 0.9720
vn -0.0860 0.2181 0.9721
vn -0.0416 0.2308 0.9721
vn -0.1794 0.9830 0.0392
vn -0.1793 0.9830 0.0392
vn 0.1335 0.1933 0.9720
vn 0.1687 0.1635 0.9720
vn 0.5680 0.8222 0.0362
vn 0.7175 0.6956 0.0362
vn 0.1973 0.1275 0.9720
vn 0.8395 0.5422 0.0362
vn 0.9291 0.3680 0.0362
vn 0.2184 0.0865 0.9720
vn 0.9830 0.1797 0.0362
vn 0.9831 0.1797 0.0362
vn 0.9992 -0.0155 0.0362
vn 0.2311 0.0422 0.9720
vn 0.2349 -0.0036 0.9720
vn 0.2296 -0.0494 0.9720
vn 0.2156 -0.0932 0.9720
vn 0.9770 -0.2102 0.0362
vn 0.9172 -0.3968 0.0364
vn 0.1932 -0.1335 0.9720
vn 0.1634 -0.1686 0.9720
vn 0.8219 -0.5683 0.0388
vn 0.8220 -0.5682 0.0382
vn 0.6943 -0.7182 0.0462
vn 0.6947 -0.7178 0.0462
vn 0.5402 -0.8390 0.0652
vn 0.5388 -0.8399 0.0654
vn 0.3646 -0.9261 0.0969
vn 0.3623 -0.9270 0.0974
vn 0.1273 -0.1971 0.9721
vn 0.0860 -0.2174 0.9723
vn 0.1771 -0.9754 0.1310
vn 0.1746 -0.9758 0.1314
vn 0.0417 -0.2287 0.9726
vn 0.0852 -0.1319 0.9876
vn 0.1093 -0.1127 0.9876
vn 0.1291 -0.0892 0.9876
vn 0.1441 -0.0623 0.9876
vn 0.1535 -0.0330 0.9876
vn 0.1570 -0.0024 0.9876
vn 0.1544 0.0282 0.9876
vn 0.1459 0.0578 0.9876
vn 0.1319 0.0852 0.9876
vn 0.1127 0.1093 0.9876
vn 0.0892 0.1292 0.9876
vn -0.0852 0.1319 0.9876
vn -0.1093 0.1127 0.9876
vn -0.1291 0.0892 0.9876
vn -0.1441 0.0623 0.9876
vn -0.1535 0.0330 0.9876
vn -0.1319 -0.0852 0.9876
vn -0.1127 -0.1093 0.9876
vn -0.0892 -0.1292 0.9876
vn -0.0623 -0.1441 0.9876
vn -0.0330 -0.1535 0.9876
vn -0.6818 -0.6600 0.3156
vn -0.6880 -0.6644 0.2920
vn -0.5585 -0.7776 0.2888
vn -0.5522 -0.7693 0.3213
vn -0.5648 -0.8065 0.1749
vn -0.3974 -0.9029 0.1637
vn -0.4008 -0.8733 0.2770
vn -0.2079 -0.9657 0.1557
vn -0.2075 -0.9423 0.2629
vn -0.4025 -0.8541 0.3294
vn 0.6610 -0.6809 0.3155
vn 0.7831 -0.5371 0.3136
vn 0.3735 -0.8853 0.2770
vn 0.5341 -0.7946 0.2889
vn 0.3757 -0.8662 0.3294
vn 0.5281 -0.7861 0.3213
vn -0.0154 -0.9879 0.1544
vn -0.0150 -0.9662 0.2574
vn -0.2115 -0.9208 0.3277
vn -0.8065 -0.5151 0.2903
vn 0.1778 -0.9717 0.1557
vn 0.1781 -0.9482 0.2629
vn -0.0147 -0.9462 0.3234
vn -0.7993 -0.5126 0.3136
vn -0.7076 -0.6832 0.1803
vn 0.1828 -0.9269 0.3277
vn -0.0144 -0.9236 0.3831
vn 0.1808 -0.9069 0.3806
vn 0.3614 -0.8559 0.3700
vn 0.0056 0.9198 -0.3923
vn 0.0116 0.9204 -0.3909
vn -0.4933 0.8623 -0.1144
vn -0.4935 0.8628 -0.1099
vn -0.5039 0.8633 -0.0289
vn -0.5061 0.8623 -0.0181
vn 0.5417 0.8401 -0.0278
vn 0.5409 0.8401 -0.0404
vn 0.0157 0.9205 -0.3904
vn -0.8717 -0.3417 0.3513
vn -0.7865 -0.5070 0.3527
vn -0.6711 -0.6514 0.3540
vn -0.3878 -0.8442 0.3700
vn -0.2089 -0.9009 0.3806
vn 0.5110 -0.7812 0.3586
vn 0.6505 -0.6720 0.3540
vn 0.7705 -0.5311 0.3525
vn 0.8611 -0.3676 0.3512
vn -0.5351 -0.7649 0.3587
vn 0.9147 -0.1966 0.3530
vn -0.9204 -0.1651 0.3543
vn 0.9626 0.2207 0.1570
vn 0.9488 0.2411 0.2041
vn 0.0042 0.9240 -0.3823
vn -0.4799 0.8646 -0.1490
vn -0.4780 0.8657 -0.1485
vn -0.9463 0.1664 0.2772
vn -0.9322 0.2520 0.2598
vn 0.4725 0.8600 -0.1925
vn 0.2614 0.9200 -0.2920
vn 0.9523 0.1215 0.2798
vn 0.9422 0.2090 0.2620
vn -0.9782 -0.1984 0.0619
vn 0.9749 -0.2214 0.0256
vn -0.9823 -0.1847 0.0308
vn -0.9999 0.0146 -0.0003
vn -0.9820 0.1883 -0.0169
vn 0.0559 -0.2659 0.9624
vn 0.1656 -0.8723 0.4601
vn 0.1640 -0.8726 0.4601
vn -0.1671 0.2587 0.9514
vn -0.4980 0.7709 0.3971
vn -0.4979 0.7710 0.3971
vn -0.3380 0.8532 0.3972
vn -0.1134 0.2863 0.9514
vn -0.1651 0.9027 0.3973
vn -0.1650 0.9027 0.3973
vn 0.0001 0.8105 0.5858
vn 0.0017 0.5851 0.8109
vn -0.0554 0.3029 0.9514
vn 0.0764 0.4224 0.9032
vn 0.0790 0.4118 0.9078
vn 0.0762 0.2036 0.9761
vn 0.1018 0.3085 0.9458
vn -0.1162 0.8724 0.4747
usemtl ChessWhite
s 1
f 1/1/1 2/2/2 3/3/3 4/4/4
f 2/2/2 5/5/5 6/6/6 3/3/3
f 3/3/3 6/6/6 7/7/7 8/8/8
f 4/4/4 3/3/3 8/8/8 9/9/9
f 10/10/10 11/11/11 12/12/12 13/13/13
f 11/11/11 14/14/14 15/15/15 12/12/12
f 12/12/12 15/15/15 16/16/16 17/17/17
f 13/13/13 12/12/12 17/17/17 18/18/18
f 14/19/14 19/20/19 20/21/20 15/22/15
f 19/20/19 21/23/21 22/24/22 20/21/20
f 20/21/20 22/24/22 23/25/23 24/26/24
f 15/22/15 20/21/20 24/26/24 16/27/16
f 21/23/21 25/28/25 26/29/26 22/24/22
f 25/28/25 27/30/27 28/31/28 26/29/26
f 26/29/26 28/31/28 29/32/29 30/33/30
f 22/24/22 26/29/26 30/33/30 23/25/23
f 27/30/27 31/34/31 32/35/32 28/31/28
f 31/34/31 33/36/33 34/37/34 32/35/32
f 32/35/32 34/37/34 35/38/35 36/39/36
f 28/31/28 32/35/32 36/39/36 29/32/29
f 33/36/33 37/40/37 38/41/38 34/37/34
f 37/40/37 39/42/39 40/43/40 38/41/38
f 38/41/38 40/43/40 41/44/41 42/45/42
f 34/37/34 38/41/38 42/45/42 35/38/35
f 39/46/39 43/47/43 44/48/44 40/49/40
f 43/47/43 45/50/45 46/51/46 44/48/44
f 44/48/44 46/51/46 47/52/47 48/53/48
f 40/49/40 44/48/44 48/53/48 41/54/41
f 45/50/45 49/55/49 50/56/50 46/51/46
f 49/55/49 51/57/51 52/58/52 50/56/50
f 50/56/50 52/58/52 53/59/53 54/60/54
f 46/51/46 50/56/50 54/60/54 47/52/47
f 51/57/51 55/61/55 56/62/56 52/58/52
f 55/61/55 57/63/57 58/64/58 56/62/56
f 56/62/56 58/64/58 59/65/59 60/66/60
f 52/58/52 56/62/56 60/66/60 53/59/53
f 57/63/57 61/67/61 62/68/62 58/64/58
f 61/67/61 63/69/63 64/70/64 62/68/62
f 62/68/62 64/70/64 65/71/65 66/72/66
f 58/64/58 62/68/62 66/72/66 59/65/59
f 63/73/63 67/74/67 68/75/68 64/76/64
f 67/74/67 69/77/69 70/78/70 68/75/68
f 68/75/68 70/78/70 71/79/71 72/80/72
f 64/76/64 68/75/68 72/80/72 65/81/65
f 69/77/69 73/82/73 74/83/74 70/78/70
f 73/82/73 75/84/75 76/85/76 74/83/74
f 74/83/74 76/85/76 77/86/77 78/87/78
f 70/78/70 74/83/74 78/87/78 71/79/71
f 75/84/75 79/88/79 80/89/80 76/85/76
f 79/88/79 81/90/81 82/91/82 80/89/80
f 80/89/80 82/91/82 83/92/83 84/93/84
f 76/85/76 80/89/80 84/93/84 77/86/77
f 81/90/81 85/94/85 86/95/86 82/91/82
f 85/94/85 87/96/87 88/97/88 86/95/86
f 86/95/86 88/97/88 89/98/89 90/99/90
f 82/91/82 86/95/86 90/99/90 83/92/83
f 87/100/87 91/101/91 92/102/92 88/103/88
f 91/101/91 93/104/93 94/105/94 92/102/92
f 92/102/92 94/105/94 95/106/95 96/107/96
f 88/103/88 92/102/92 96/107/96 89/108/89
f 97/109/97 98/110/98 99/111/99 100/112/100
f 98/110/98 101/113/101 102/114/102 99/111/99
f 99/111/99 102/114/102 103/115/103 104/116/104
f 100/112/100 99/111/99 104/116/104 105/117/105
f 106/118/106 107/119/107 108/120/108 109/121/109
f 107/119/107 110/122/110 111/123/111 108/120/108
f 108/120/108 111/123/111 112/124/112 113/125/113
f 109/121/109 108/120/108 113/125/113 114/126/114
f 115/127/115 116/128/116 117/129/117 118/130/118
f 116/128/116 119/131/119 120/132/120 117/129/117
f 117/129/117 120/132/120 121/133/121 122/134/122
f 118/130/118 117/129/117 122/134/122 123/135/123
f 124/136/124 125/137/125 126/138/126 127/139/127
f 125/137/125 128/140/128 129/141/129 126/138/126
f 126/138/126 129/141/129 130/142/130 131/143/131
f 127/139/127 126/138/126 131/143/131 132/144/132
f 133/145/133 134/146/134 135/147/135 136/148/136
f 134/146/134 137/149/137 138/150/138 135/147/135
f 135/147/135 138/150/138 139/151/139 140/152/140
f 136/148/136 135/147/135 140/152/140 141/153/141
f 137/149/137 142/154/142 143/155/143 138/150/138
f 142/154/142 144/156/144 145/157/145 143/155/143
f 143/155/143 145/157/145 146/158/146 147/159/147
f 138/150/138 143/155/143 147/159/147 139/151/139
f 144/156/144 148/160/148 149/161/149 145/157/145
f 148/160/148 150/162/150 151/163/151 149/161/149
f 149/161/149 151/163/151 152/164/152 153/165/153
f 145/157/145 149/161/149 153/165/153 146/158/146
f 150/162/150 154/166/154 155/167/155 151/163/151
f 154/166/154 156/168/156 157/169/157 155/167/155
f 155/167/155 157/169/157 158/170/158 159/171/159
f 151/163/151 155/167/155 159/171/159 152/164/152
f 156/168/156 160/172/160 161/173/161 157/169/157
f 160/172/160 162/174/162 163/175/163 161/173/161
f 161/173/161 163/175/163 164/176/164 165/177/165
f 157/169/157 161/173/161 165/177/165 158/170/158
f 162/174/162 166/178/166 167/179/167 163/175/163
f 166/178/166 168/180/168 169/181/169 167/179/167
f 167/179/167 169/181/169 170/182/170 171/183/171
f 163/175/163 167/179/167 171/183/171 164/176/164
f 168/180/168 172/184/172 173/185/173 169/181/169
f 172/184/172 174/186/174 175/187/175 173/185/173
f 173/185/173 175/187/175 176/188/176 177/189/177
f 169/181/169 173/185/173 177/189/177 170/182/170
f 174/186/174 178/190/178 179/191/179 175/187/175
f 178/190/178 180/192/180 181/193/181 179/191/179
f 179/191/179 181/193/181 182/194/182 183/195/183
f 175/187/175 179/191/179 183/195/183 176/188/176
f 180/192/180 184/196/184 185/197/185 181/193/181
f 184/196/184 186/198/186 187/199/187 185/197/185
f 185/197/185 187/199/187 188/200/188 189/201/189
f 181/193/181 185/197/185 189/201/189 182/194/182
f 186/198/186 190/202/190 191/203/191 187/199/187
f 190/202/190 192/204/192 193/205/193 191/203/191
f 191/203/191 193/205/193 194/206/194 195/207/195
f 187/199/187 191/203/191 195/207/195 188/200/188
f 192/204/192 196/208/196 197/209/197 193/205/193
f 196/208/196 198/210/198 199/211/199 197/209/197
f 197/209/197 199/211/199 200/212/200 201/213/201
f 193/205/193 197/209/197 201/213/201 194/206/194
f 198/210/198 202/214/202 203/215/203 199/211/199
f 202/214/202 204/216/204 205/217/205 203/215/203
f 203/215/203 205/217/205 206/218/206 207/219/207
f 199/211/199 203/215/203 207/219/207 200/212/200
f 204/216/204 208/220/208 209/221/209 205/217/205
f 208/220/208 210/222/210 211/223/211 209/221/209
f 209/221/209 211/223/211 212/224/212 213/225/213
f 205/217/205 209/221/209 213/225/213 206/218/206
f 210/222/210 214/226/214 215/227/215 211/223/211
f 214/226/214 124/136/124 127/139/127 215/227/215
f 215/227/215 127/139/127 132/144/132 216/228/216
f 211/223/211 215/227/215 216/228/216 212/224/212
f 217/229/217 218/230/218 219/231/219 220/232/220
f 218/230/218 221/233/221 222/234/222 219/231/219
f 219/231/219 222/234/222 223/235/223 224/236/224
f 220/232/220 219/231/219 224/236/224 225/237/225
f 226/238/226 227/239/227 228/240/228 229/241/229
f 227/239/227 230/242/230 231/243/231 228/240/228
f 228/240/228 231/243/231 232/244/232 233/245/233
f 229/241/229 228/240/228 233/245/233 234/246/234
f 235/247/235 236/248/236 237/249/237 238/250/238
f 236/248/236 239/251/239 240/252/240 237/249/237
f 237/249/237 240/252/240 241/253/241 242/254/242
f 238/250/238 237/249/237 242/254/242 243/255/243
f 239/251/239 244/256/244 245/257/245 240/252/240
f 244/256/244 246/258/246 247/259/247 245/257/245
f 245/257/245 247/259/247 248/260/248 249/261/249
f 240/252/240 245/257/245 249/261/249 241/253/241
f 246/258/246 250/262/250 251/263/251 247/259/247
f 250/262/250 252/264/252 253/265/253 251/263/251
f 251/263/251 253/265/253 254/266/254 255/267/255
f 247/259/247 251/263/251 255/267/255 248/260/248
f 252/268/252 256/269/256 257/270/257 253/271/253
f 256/269/256 258/272/258 259/273/259 257/270/257
f 257/270/257 259/273/259 260/274/260 261/275/261
f 253/271/253 257/270/257 261/275/261 254/276/254
f 258/272/258 262/277/262 263/278/263 259/273/259
f 262/277/262 264/279/264 265/280/265 263/278/263
f 263/278/263 265/280/265 266/281/266 267/282/267
f 259/273/259 263/278/263 267/282/267 260/274/260
f 268/283/268 269/284/269 270/285/270 271/286/271
f 270/285/270 272/287/272 273/288/273 274/289/274
f 275/290/275 276/291/276 277/292/277 278/293/278
f 271/286/271 270/285/270 274/289/274 279/294/279
f 280/295/280 281/296/281 282/297/282 283/298/283 284/299/284
f 285/300/285 286/301/286 287/302/287 288/303/288
f 286/301/286 289/304/289 290/305/290 287/302/287
f 287/302/287 290/305/290 291/306/291 292/307/292
f 288/303/288 287/302/287 292/307/292 293/308/293
f 294/309/294 295/310/295 296/311/296 297/312/297
f 295/310/295 298/313/298 299/314/299 296/311/296
f 296/311/296 299/314/299 300/315/300 301/316/301
f 297/312/297 296/311/296 301/316/301 302/317/302
f 303/318/303 304/319/304 305/320/305 306/321/306
f 304/319/304 307/322/307 308/323/308 305/320/305
f 305/320/305 308/323/308 309/324/309 310/325/310
f 306/321/306 305/320/305 310/325/310 311/326/311
f 312/327/312 313/328/313 314/329/314 315/330/315
f 313/328/313 316/331/316 317/332/317 314/329/314
f 314/329/314 317/332/317 318/333/318 319/334/319
f 315/330/315 314/329/314 319/334/319 320/335/320
f 321/336/321 322/337/322 323/338/323 324/339/324
f 322/337/322 325/340/325 326/341/326 323/338/323
f 323/338/323 326/341/326 327/342/327 328/343/328
f 324/339/324 323/338/323 328/343/328 329/344/329
f 330/345/330 331/346/331 332/347/332 333/348/333
f 332/347/332 334/349/334 335/350/335 336/351/336 337/352/337
f 338/353/338 339/354/339 340/355/340 334/349/334
f 333/348/333 332/347/332 337/352/337 341/356/341
f 285/300/285 342/357/342 343/358/343 286/301/286
f 342/357/342 344/359/344 345/360/345 343/358/343
f 343/358/343 345/360/345 346/361/346 347/362/347
f 286/301/286 343/358/343 347/362/347 289/304/289
f 348/363/348 349/364/349 350/365/350 351/366/351
f 349/364/349 352/367/352 353/368/353 350/365/350
f 350/365/350 353/368/353 354/369/354 355/370/355
f 351/366/351 350/365/350 355/370/355 356/371/356
f 357/372/357 358/373/358 359/374/359 360/375/360
f 358/373/358 361/376/361 362/377/362 359/374/359
f 359/374/359 362/377/362 363/378/363 364/379/364
f 360/375/360 359/374/359 364/379/364 365/380/365
f 361/376/361 366/381/366 367/382/367 362/377/362
f 366/381/366 368/383/368 369/384/369 367/382/367
f 367/382/367 369/384/369 370/385/370 371/386/371
f 362/377/362 367/382/367 371/386/371 363/378/363
f 368/387/368 372/388/372 373/389/373 369/390/369
f 372/388/372 374/391/374 375/392/375 373/389/373
f 373/389/373 375/392/375 376/393/376 377/394/377
f 369/390/369 373/389/373 377/394/377 370/395/370
f 378/396/378 379/397/379 380/398/380 381/399/381
f 379/397/379 382/400/382 383/401/383 380/398/380
f 380/398/380 383/401/383 384/402/384 385/403/385
f 381/399/381 380/398/380 385/403/385 386/404/386
f 382/405/382 387/406/387 388/407/388 383/408/383
f 387/406/387 389/409/389 390/410/390 388/407/388
f 388/407/388 390/410/390 391/411/391 392/412/392
f 383/408/383 388/407/388 392/412/392 384/413/384
f 389/409/389 393/414/393 394/415/394 390/410/390
f 393/414/393 395/416/395 396/417/396 394/415/394
f 394/415/394 396/417/396 397/418/397 398/419/398
f 390/410/390 394/415/394 398/419/398 391/411/391
f 395/416/395 399/420/399 400/421/400 396/417/396
f 399/420/399 401/422/401 402/423/402 400/421/400
f 400/421/400 402/423/402 403/424/403 404/425/404
f 396/417/396 400/421/400 404/425/404 397/418/397
f 401/422/401 405/426/405 406/427/406 402/423/402
f 405/426/405 407/428/407 408/429/408 406/427/406
f 406/427/406 408/429/408 409/430/409 410/431/410
f 402/423/402 406/427/406 410/431/410 403/424/403
f 407/432/407 411/433/411 412/434/412 408/435/408
f 411/433/411 413/436/413 414/437/414 412/434/412
f 412/434/412 414/437/414 415/438/415 416/439/416
f 408/435/408 412/434/412 416/439/416 409/440/409
f 413/436/413 417/441/417 418/442/418 414/437/414
f 417/441/417 419/443/419 420/444/420 418/442/418
f 418/442/418 420/444/420 421/445/421 422/446/422
f 414/437/414 418/442/418 422/446/422 415/438/415
f 419/443/419 423/447/423 424/448/424 420/444/420
f 423/447/423 425/449/425 426/450/426 424/448/424
f 424/448/424 426/450/426 427/451/427 428/452/428
f 420/444/420 424/448/424 428/452/428 421/445/421
f 425/449/425 429/453/429 430/454/430 426/450/426
f 429/453/429 431/455/431 432/456/432 430/454/430
f 430/454/430 432/456/432 433/457/433 434/458/434
f 426/450/426 430/454/430 434/458/434 427/451/427
f 431/459/431 435/460/435 436/461/436 432/462/432
f 435/460/435 437/463/437 438/464/438 436/461/436
f 436/461/436 438/464/438 439/465/439 440/466/440
f 432/462/432 436/461/436 440/466/440 433/467/433
f 441/468/441 442/469/442 443/470/443 444/471/444
f 442/469/442 445/472/445 446/473/446 443/470/443
f 443/470/443 446/473/446 447/474/447 448/475/448
f 444/471/444 443/470/443 448/475/448 449/476/449
f 450/477/450 451/478/451 452/479/452 453/480/453
f 451/478/451 454/481/454 455/482/455 452/479/452
f 452/479/452 455/482/455 456/483/456 457/484/457
f 453/480/453 452/479/452 457/484/457 458/485/458
f 454/486/454 459/487/459 460/488/460 455/489/455
f 459/487/459 461/490/461 462/491/462 460/488/460
f 460/488/460 462/491/462 463/492/463 464/493/464
f 455/489/455 460/488/460 464/493/464 456/494/456
f 461/490/461 465/495/465 466/496/466 462/491/462
f 465/495/465 467/497/467 468/498/468 466/496/466
f 466/496/466 468/498/468 469/499/469 470/500/470
f 462/491/462 466/496/466 470/500/470 463/492/463
f 467/497/467 471/501/471 472/502/472 468/498/468
f 471/501/471 473/503/473 474/504/474 472/502/472
f 472/502/472 474/504/474 475/505/475 476/506/476
f 468/498/468 472/502/472 476/506/476 469/499/469
f 473/503/473 477/507/477 478/508/478 474/504/474
f 477/507/477 479/509/479 480/510/480 478/508/478
f 478/508/478 480/510/480 481/511/481 482/512/482
f 474/504/474 478/508/478 482/512/482 475/505/475
f 479/513/479 483/514/483 484/515/484 480/516/480
f 483/514/483 485/517/485 486/518/486 484/515/484
f 484/515/484 486/518/486 487/519/487 488/520/488
f 480/516/480 484/515/484 488/520/488 481/521/481
f 485/517/485 489/522/489 490/523/490 486/518/486
f 489/522/489 491/524/491 492/525/492 490/523/490
f 490/523/490 492/525/492 493/526/493 494/527/494
f 486/518/486 490/523/490 494/527/494 487/519/487
f 491/524/491 495/528/495 496/529/496 492/525/492
f 495/528/495 497/530/497 498/531/498 496/529/496
f 496/529/496 498/531/498 499/532/499 500/533/500
f 492/525/492 496/529/496 500/533/500 493/526/493
f 497/530/497 501/534/501 502/535/502 498/531/498
f 501/534/501 503/536/503 504/537/504 502/535/502
f 502/535/502 504/537/504 505/538/505 506/539/506
f 498/531/498 502/535/502 506/539/506 499/532/499
f 503/540/503 507/541/507 508/542/508 504/543/504
f 507/541/507 509/544/509 510/545/510 508/542/508
f 508/542/508 510/545/510 511/546/511 512/547/512
f 504/543/504 508/542/508 512/547/512 505/548/505
f 509/544/509 513/549/513 514/550/514 510/545/510
f 513/549/513 515/551/515 516/552/516 514/550/514
f 514/550/514 516/552/516 517/553/517 518/554/518
f 510/545/510 514/550/514 518/554/518 511/546/511
f 515/551/515 519/555/519 520/556/520 516/552/516
f 519/555/519 521/557/521 522/558/522 520/556/520
f 520/556/520 522/558/522 523/559/523 524/560/524
f 516/552/516 520/556/520 524/560/524 517/553/517
f 521/557/521 525/561/525 526/562/526 522/558/522
f 525/561/525 527/563/527 528/564/528 526/562/526
f 526/562/526 528/564/528 529/565/529 530/566/530
f 522/558/522 526/562/526 530/566/530 523/559/523
f 527/567/527 531/568/531 532/569/532 528/570/528
f 531/568/531 533/571/533 534/572/534 532/569/532
f 532/569/532 534/572/534 535/573/535 536/574/536
f 528/570/528 532/569/532 536/574/536 529/575/529
f 445/472/445 537/576/537 538/577/538 446/473/446
f 537/576/537 539/578/539 540/579/540 538/577/538
f 538/577/538 540/579/540 541/580/541 542/581/542
f 446/473/446 538/577/538 542/581/542 447/474/447
f 539/578/539 543/582/543 544/583/544 540/579/540
f 543/582/543 545/584/545 546/585/546 544/583/544
f 544/583/544 546/585/546 547/586/547 548/587/548
f 540/579/540 544/583/544 548/587/548 541/580/541
f 549/588/549 550/589/550 551/590/551 552/591/552
f 550/589/550 553/592/553 554/593/554 551/590/551
f 551/590/551 554/593/554 555/594/555 556/595/556
f 552/591/552 551/590/551 556/595/556 557/596/557
f 553/592/553 558/597/558 559/598/559 554/593/554
f 558/597/558 560/599/560 561/600/561 559/598/559
f 559/598/559 561/600/561 562/601/562 563/602/563
f 554/593/554 559/598/559 563/602/563 555/594/555
f 560/603/560 564/604/564 565/605/565 561/606/561
f 564/604/564 566/607/566 567/608/567 565/605/565
f 565/605/565 567/608/567 568/609/568 569/610/569
f 561/606/561 565/605/565 569/610/569 562/611/562
f 570/612/570 571/613/571 572/614/572 573/615/573
f 571/613/571 574/616/574 575/617/575 572/614/572
f 572/614/572 575/617/575 576/618/576 577/619/577
f 573/615/573 572/614/572 577/619/577 578/620/578
f 574/621/574 579/622/579 580/623/580 575/624/575
f 579/622/579 581/625/581 582/626/582 580/623/580
f 580/623/580 582/626/582 583/627/583 584/628/584
f 575/624/575 580/623/580 584/628/584 576/629/576
f 581/625/581 585/630/585 586/631/586 582/626/582
f 585/630/585 587/632/587 588/633/588 586/631/586
f 586/631/586 588/633/588 589/634/589 590/635/590
f 582/626/582 586/631/586 590/635/590 583/627/583
f 587/632/587 591/636/591 592/637/592 588/633/588
f 591/636/591 593/638/593 594/639/594 592/637/592
f 592/637/592 594/639/594 595/640/595 596/641/596
f 588/633/588 592/637/592 596/641/596 589/634/589
f 593/638/593 597/642/597 598/643/598 594/639/594
f 597/642/597 599/644/599 600/645/600 598/643/598
f 598/643/598 600/645/600 601/646/601 602/647/602
f 594/639/594 598/643/598 602/647/602 595/640/595
f 599/648/599 603/649/603 604/650/604 600/651/600
f 603/649/603 441/468/441 444/471/444 604/650/604
f 604/650/604 444/471/444 449/476/449 605/652/605
f 600/651/600 604/650/604 605/652/605 601/653/601
f 533/571/533 606/654/606 607/655/607 534/572/534
f 606/654/606 608/656/608 609/657/609 607/655/607
f 607/655/607 609/657/609 610/658/610 611/659/611
f 534/572/534 607/655/607 611/659/611 535/573/535
f 612/660/612 613/661/613 614/662/614 615/663/615
f 613/661/613 616/664/616 617/665/617 614/662/614
f 614/662/614 617/665/617 618/666/618 619/667/619
f 615/663/615 614/662/614 619/667/619 620/668/620
f 329/344/329 621/669/621 622/670/622 324/339/324
f 621/669/621 623/671/623 624/672/624 622/670/622
f 622/670/622 624/672/624 625/673/625 626/674/626
f 324/339/324 622/670/622 626/674/626 321/336/321
f 627/675/627 628/676/628 629/677/629 630/678/630
f 628/676/628 616/664/631 613/661/632 629/677/629
f 629/677/629 613/661/632 612/660/633 631/679/634
f 630/678/630 629/677/629 631/679/634 632/680/635
f 329/344/636 328/343/637 633/681/638 634/682/639
f 328/343/637 327/342/640 635/683/640 633/681/638
f 633/681/641 635/683/642 636/684/643 637/685/644
f 634/682/645 633/681/641 637/685/644 638/686/646
f 639/687/647 640/688/648 641/689/649 642/690/650
f 640/688/648 643/691/651 644/692/652 641/689/649
f 641/689/649 644/692/652 645/693/653 646/694/654
f 642/690/650 641/689/649 646/694/654 647/695/655
f 648/696/656 649/697/657 650/698/658 651/699/659
f 649/697/657 652/700/660 653/701/661 650/698/658
f 650/698/662 653/701/663 654/702/664 655/703/665
f 651/699/666 650/698/662 655/703/665 623/671/667
f 656/704/668 657/705/669 658/706/670 659/707/671
f 657/705/669 660/708/672 661/709/673 658/706/670
f 658/706/674 661/709/675 662/710/676 663/711/677
f 659/707/678 658/706/674 663/711/677 664/712/679
f 665/713/680 666/714/680 667/715/681 668/716/682
f 666/714/683 669/717/684 670/718/685 667/715/686
f 667/715/686 670/718/685 645/693/653 644/692/652
f 668/716/682 667/715/681 644/692/652 643/691/651
f 638/686/646 671/719/687 672/720/688 634/682/645
f 671/719/687 648/696/656 651/699/659 672/720/688
f 672/720/689 651/699/666 623/671/667 621/669/690
f 634/682/639 672/720/689 621/669/690 329/344/636
f 673/721/691 674/722/692 675/723/693 676/724/694
f 674/722/692 677/725/695 678/726/696 675/723/693
f 675/723/693 678/726/696 679/727/697 680/728/698
f 676/724/694 675/723/693 680/728/698 681/729/699
f 682/730/700 683/731/701 684/732/702 685/733/703
f 683/731/701 686/734/704 687/735/705 684/732/702
f 684/732/702 687/735/705 688/736/706 689/737/707
f 685/733/703 684/732/702 689/737/707 690/738/708
f 686/739/704 691/740/709 692/741/710 687/742/705
f 691/740/709 693/743/711 694/744/712 692/741/710
f 692/741/710 694/744/712 695/745/713 696/746/714
f 687/742/705 692/741/710 696/746/714 688/747/706
f 693/743/711 697/748/715 698/749/716 694/744/712
f 697/748/715 699/750/717 700/751/718 698/749/716
f 698/749/716 700/751/718 701/752/719 702/753/720
f 694/744/712 698/749/716 702/753/720 695/745/713
f 703/754/721 704/755/722 705/756/723 706/757/724
f 704/755/722 707/758/725 708/759/726 705/756/723
f 705/756/723 708/759/726 709/760/727 710/761/728
f 706/757/724 705/756/723 710/761/728 711/762/729
f 712/763/730 713/764/731 714/765/732 715/766/733
f 713/764/731 716/767/734 717/768/735 714/765/732
f 714/765/732 717/768/735 718/769/736 719/770/737
f 715/766/733 714/765/732 719/770/737 720/771/738
f 716/767/734 721/772/739 722/773/740 717/768/735
f 721/772/739 723/774/741 724/775/742 722/773/740
f 722/773/740 724/775/742 725/776/743 726/777/744
f 717/768/735 722/773/740 726/777/744 718/769/736
f 723/778/741 727/779/745 728/780/746 724/781/742
f 727/779/745 729/782/747 730/783/748 728/780/746
f 728/780/746 730/783/748 731/784/749 732/785/750
f 724/781/742 728/780/746 732/785/750 725/786/743
f 729/782/747 733/787/751 734/788/752 730/783/748
f 733/787/751 735/789/753 736/790/754 734/788/752
f 734/788/752 736/790/754 737/791/755 738/792/756
f 730/783/748 734/788/752 738/792/756 731/784/749
f 735/789/753 739/793/757 740/794/758 736/790/754
f 739/793/757 741/795/759 742/796/760 740/794/758
f 740/794/758 742/796/760 743/797/761 744/798/762
f 736/790/754 740/794/758 744/798/762 737/791/755
f 741/795/759 745/799/763 746/800/764 742/796/760
f 745/799/763 747/801/765 748/802/766 746/800/764
f 746/800/764 748/802/766 749/803/767 750/804/768
f 742/796/760 746/800/764 750/804/768 743/797/761
f 747/805/765 751/806/769 752/807/770 748/808/766
f 751/806/769 753/809/771 754/810/772 752/807/770
f 752/807/770 754/810/772 755/811/773 756/812/774
f 748/808/766 752/807/770 756/812/774 749/813/767
f 627/675/627 630/678/630 757/814/775 758/815/776
f 630/678/630 632/680/635 759/816/777 757/814/775
f 757/814/775 759/816/777 677/725/695 674/722/692
f 758/815/776 757/814/775 674/722/692 673/721/691
f 632/680/635 760/817/778 761/818/779 759/816/777
f 760/817/778 647/695/655 762/819/780 761/818/779
f 761/818/779 762/819/780 763/820/781 764/821/782
f 759/816/777 761/818/779 764/821/782 677/725/695
f 647/695/655 646/694/654 765/822/783 762/819/780
f 646/694/654 645/693/653 766/823/784 765/822/783
f 765/822/783 766/823/784 767/824/785 768/825/786
f 762/819/780 765/822/783 768/825/786 763/820/781
f 645/693/653 670/718/685 769/826/787 766/823/784
f 670/718/685 669/717/684 770/827/788 769/826/787
f 769/826/787 770/827/788 771/828/789 772/829/790
f 766/823/784 769/826/787 772/829/790 767/824/785
f 669/717/684 773/830/791 774/831/792 770/827/788
f 773/830/791 664/712/679 775/832/793 774/831/792
f 774/831/792 775/832/793 776/833/794 777/834/795
f 770/827/788 774/831/792 777/834/795 771/828/789
f 664/712/679 663/711/677 778/835/796 775/832/793
f 663/711/677 662/710/676 779/836/797 778/835/796
f 778/835/796 779/836/797 780/837/798 781/838/799
f 775/832/793 778/835/796 781/838/799 776/833/794
f 662/710/676 782/839/800 783/840/801 779/836/797
f 782/839/800 784/841/802 785/842/803 783/840/801
f 783/840/801 785/842/803 786/843/804 787/844/805
f 779/836/797 783/840/801 787/844/805 780/837/798
f 784/841/802 788/845/806 789/846/807 785/842/803
f 788/845/806 790/847/808 791/848/809 789/846/807
f 789/846/807 791/848/809 792/849/810 793/850/811
f 785/842/803 789/846/807 793/850/811 786/843/804
f 790/847/808 794/851/812 795/852/813 791/848/809
f 794/851/812 796/853/814 797/854/815 795/852/813
f 795/852/813 797/854/815 798/855/816 799/856/817
f 791/848/809 795/852/813 799/856/817 792/849/810
f 796/853/814 800/857/818 801/858/819 797/854/815
f 800/857/818 802/859/820 803/860/821 801/858/819
f 801/858/819 803/860/821 804/861/822 805/862/823
f 797/854/815 801/858/819 805/862/823 798/855/816
f 802/859/820 806/863/824 807/864/825 803/860/821
f 806/863/824 808/865/826 809/866/827 807/864/825
f 807/864/825 809/866/827 810/867/828 811/868/829
f 803/860/821 807/864/825 811/868/829 804/861/822
f 808/865/826 812/869/830 813/870/831 809/866/827
f 812/869/830 652/700/660 814/871/832 813/870/831
f 813/870/831 814/871/832 815/872/833 816/873/834
f 809/866/827 813/870/831 816/873/834 810/867/828
f 652/700/660 649/697/657 817/874/835 814/871/832
f 649/697/657 648/696/656 818/875/836 817/874/835
f 817/874/835 818/875/836 819/876/837 820/877/838
f 814/871/832 817/874/835 820/877/838 815/872/833
f 648/696/656 671/719/687 821/878/839 818/875/836
f 671/719/687 638/686/646 822/879/840 821/878/839
f 821/878/839 822/879/840 823/880/841 824/881/842
f 818/875/836 821/878/839 824/881/842 819/876/837
f 638/686/646 637/685/644 825/882/843 822/879/840
f 637/685/644 636/684/643 826/883/844 825/882/843
f 825/882/843 826/883/844 827/884/845 828/885/846
f 822/879/840 825/882/843 828/885/846 823/880/841
f 636/684/643 829/886/847 830/887/848 826/883/844
f 829/886/847 627/675/627 758/815/776 830/887/848
f 830/887/848 758/815/776 673/721/691 831/888/849
f 826/883/844 830/887/848 831/888/849 827/884/845
f 771/828/789 777/834/795 832/889/850 833/890/851
f 777/834/795 776/833/794 834/891/852 832/889/850
f 832/889/850 834/891/852 835/892/853 836/893/854
f 833/890/851 832/889/850 836/893/854 837/894/855
f 677/725/695 764/821/782 838/895/856 678/726/696
f 764/821/782 763/820/781 839/896/857 838/895/856
f 838/895/856 839/896/857 840/897/858 841/898/859
f 678/726/696 838/895/856 841/898/859 679/727/697
f 815/872/833 820/877/838 842/899/860 843/900/861
f 820/877/838 819/876/837 844/901/862 842/899/860
f 842/899/860 844/901/862 845/902/863 846/903/864
f 843/900/861 842/899/860 846/903/864 847/904/865
f 819/876/837 824/881/842 848/905/866 844/901/862
f 824/881/842 823/880/841 849/906/867 848/905/866
f 848/905/866 849/906/867 850/907/868 851/908/869
f 844/901/862 848/905/866 851/908/869 845/902/863
f 827/884/845 831/888/849 852/909/870 853/910/871
f 831/888/849 673/721/691 676/724/694 852/909/870
f 852/909/870 676/724/694 681/729/699 854/911/872
f 853/910/871 852/909/870 854/911/872 855/912/873
f 763/820/781 768/825/786 856/913/874 839/896/857
f 768/825/786 767/824/785 857/914/875 856/913/874
f 856/913/874 857/914/875 858/915/876 859/916/877
f 839/896/857 856/913/874 859/916/877 840/897/858
f 810/867/828 816/873/834 860/917/878 861/918/879
f 816/873/834 815/872/833 843/900/861 860/917/878
f 860/917/878 843/900/861 847/904/865 862/919/880
f 861/918/879 860/917/878 862/919/880 863/920/881
f 798/855/816 805/862/823 864/921/882 865/922/883
f 805/862/823 804/861/822 866/923/884 864/921/882
f 864/921/882 866/923/884 867/924/885 868/925/886
f 865/922/883 864/921/882 868/925/886 869/926/887
f 767/824/785 772/829/790 870/927/888 857/914/875
f 772/829/790 771/828/789 833/890/851 870/927/888
f 870/927/888 833/890/851 837/894/855 871/928/889
f 857/914/875 870/927/888 871/928/889 858/915/876
f 780/837/798 787/844/805 872/929/890 873/930/891
f 787/844/805 786/843/804 874/931/892 872/929/890
f 872/929/890 874/931/892 875/932/893 876/933/894
f 873/930/891 872/929/890 876/933/894 877/934/895
f 776/833/794 781/838/799 878/935/896 834/891/852
f 781/838/799 780/837/798 873/930/891 878/935/896
f 878/935/896 873/930/891 877/934/895 879/936/897
f 834/891/852 878/935/896 879/936/897 835/892/853
f 753/809/771 880/937/898 881/938/899 754/810/772
f 880/937/898 882/939/900 883/940/901 881/938/899
f 881/938/899 883/940/901 884/941/902 885/942/903
f 754/810/772 881/938/899 885/942/903 755/811/773
f 886/943/904 887/944/905 888/945/906 889/946/907
f 887/944/905 890/947/908 891/948/909 888/945/906
f 888/945/906 891/948/909 892/949/910 893/950/911
f 889/946/907 888/945/906 893/950/911 894/951/912
f 895/952/913 896/953/914 897/954/915 898/955/916
f 896/953/914 899/956/917 900/957/918 897/954/915
f 897/954/915 900/957/918 901/958/919 902/959/920
f 898/955/916 897/954/915 902/959/920 903/960/921
f 904/961/922 905/962/923 906/963/924 907/964/925
f 905/962/923 908/965/926 909/966/927 906/963/924
f 906/963/924 909/966/927 910/967/928 911/968/929
f 907/964/925 906/963/924 911/968/929 912/969/930
f 913/970/931 914/971/932 915/972/933 916/973/934
f 914/971/932 917/974/935 918/975/936 915/972/933
f 915/972/933 918/975/936 919/976/937 920/977/938
f 916/973/934 915/972/933 920/977/938 921/978/939
f 890/947/908 922/979/940 923/980/941 891/948/909
f 922/979/940 910/967/928 909/966/927 923/980/941
f 923/980/941 909/966/927 908/965/926 924/981/942
f 891/948/909 923/980/941 924/981/942 892/949/910
f 925/982/943 926/983/944 927/984/945 928/985/946
f 926/983/944 929/986/947 930/987/948 927/984/945
f 927/984/945 930/987/948 931/988/949 932/989/950
f 928/985/946 927/984/945 932/989/950 933/990/951
f 755/811/773 885/942/903 934/991/952 935/992/953
f 885/942/903 884/941/902 936/993/954 934/991/952
f 934/991/952 936/993/954 937/994/955 938/995/956
f 935/992/953 934/991/952 938/995/956 939/996/957
f 940/997/958 941/998/959 942/999/960 943/1000/961
f 941/998/959 944/1001/962 945/1002/963 942/999/960
f 942/999/960 945/1002/963 946/1003/964 947/1004/965
f 943/1000/961 942/999/960 947/1004/965 948/1005/966
f 944/1006/962 949/1007/967 950/1008/968 945/1009/963
f 949/1007/967 951/1010/969 952/1011/970 950/1008/968
f 950/1008/968 952/1011/970 953/1012/971 954/1013/972
f 945/1009/963 950/1008/968 954/1013/972 946/1014/964
f 951/1010/969 955/1015/973 956/1016/974 952/1011/970
f 955/1015/973 957/1017/975 958/1018/976 956/1016/974
f 956/1016/974 958/1018/976 959/1019/977 960/1020/978
f 952/1011/970 956/1016/974 960/1020/978 953/1012/971
f 957/1017/975 961/1021/979 962/1022/980 958/1018/976
f 961/1021/979 963/1023/981 964/1024/982 962/1022/980
f 962/1022/980 964/1024/982 965/1025/983 966/1026/984
f 958/1018/976 962/1022/980 966/1026/984 959/1019/977
f 963/1023/981 967/1027/985 968/1028/986 964/1024/982
f 967/1027/985 969/1029/987 970/1030/988 968/1028/986
f 968/1028/986 970/1030/988 971/1031/989 972/1032/990
f 964/1024/982 968/1028/986 972/1032/990 965/1025/983
f 969/1033/987 973/1034/991 974/1035/992 970/1036/988
f 973/1034/991 975/1037/993 976/1038/994 974/1035/992
f 974/1035/992 976/1038/994 977/1039/995 978/1040/996
f 970/1036/988 974/1035/992 978/1040/996 971/1041/989
f 975/1037/993 979/1042/997 980/1043/998 976/1038/994
f 979/1042/997 981/1044/999 982/1045/1000 980/1043/998
f 980/1043/998 982/1045/1000 983/1046/1001 984/1047/1002
f 976/1038/994 980/1043/998 984/1047/1002 977/1039/995
f 981/1044/999 985/1048/1003 986/1049/1004 982/1045/1000
f 985/1048/1003 987/1050/1005 988/1051/1006 986/1049/1004
f 986/1049/1004 988/1051/1006 989/1052/1007 990/1053/1008
f 982/1045/1000 986/1049/1004 990/1053/1008 983/1046/1001
f 987/1050/1005 991/1054/1009 992/1055/1010 988/1051/1006
f 991/1054/1009 993/1056/1011 994/1057/1012 992/1055/1010
f 992/1055/1010 994/1057/1012 995/1058/1013 996/1059/1014
f 988/1051/1006 992/1055/1010 996/1059/1014 989/1052/1007
f 993/1060/1011 997/1061/1015 998/1062/1016 994/1063/1012
f 997/1061/1015 999/1064/1017 1000/1065/1018 998/1062/1016
f 998/1062/1016 1000/1065/1018 1001/1066/1019 1002/1067/1020
f 994/1063/1012 998/1062/1016 1002/1067/1020 995/1068/1013
f 999/1064/1017 1003/1069/1021 1004/1070/1022 1000/1065/1018
f 1003/1069/1021 1005/1071/1023 1006/1072/1024 1004/1070/1022
f 1004/1070/1022 1006/1072/1024 1007/1073/1025 1008/1074/1026
f 1000/1065/1018 1004/1070/1022 1008/1074/1026 1001/1066/1019
f 1009/1075/1027 1010/1076/1028 1011/1077/1029 1012/1078/1030
f 1010/1076/1028 1013/1079/1031 1014/1080/1032 1011/1077/1029
f 1011/1077/1029 1014/1080/1032 1015/1081/1033 1016/1082/1034
f 1012/1078/1030 1011/1077/1029 1016/1082/1034 1017/1083/1035
f 1013/1084/1031 1018/1085/1036 1019/1086/1037 1014/1087/1032
f 1018/1085/1036 1020/1088/1038 1021/1089/1039 1019/1086/1037
f 1019/1086/1037 1021/1089/1039 1022/1090/1040 1023/1091/1041
f 1014/1087/1032 1019/1086/1037 1023/1091/1041 1015/1092/1033
f 884/941/902 1024/1093/1042 1025/1094/1043 936/993/954
f 1024/1093/1042 690/738/708 1026/1095/1044 1025/1094/1043
f 1025/1094/1043 1026/1095/1044 1027/1096/1045 1028/1097/1046
f 936/993/954 1025/1094/1043 1028/1097/1046 937/994/955
f 690/738/708 689/737/707 1029/1098/1047 1026/1095/1044
f 689/737/707 688/736/706 1030/1099/1048 1029/1098/1047
f 1029/1098/1047 1030/1099/1048 1031/1100/1049 1032/1101/1050
f 1026/1095/1044 1029/1098/1047 1032/1101/1050 1027/1096/1045
f 688/747/706 696/746/714 1033/1102/1051 1030/1103/1048
f 696/746/714 695/745/713 1034/1104/1052 1033/1102/1051
f 1033/1102/1051 1034/1104/1052 1035/1105/1053 1036/1106/1054
f 1030/1103/1048 1033/1102/1051 1036/1106/1054 1031/1107/1049
f 695/745/713 702/753/720 1037/1108/1055 1034/1104/1052
f 702/753/720 701/752/719 1038/1109/1056 1037/1108/1055
f 1037/1108/1055 1038/1109/1056 1039/1110/1057 1040/1111/1058
f 1034/1104/1052 1037/1108/1055 1040/1111/1058 1035/1105/1053
f 701/752/719 1041/1112/1059 1042/1113/1060 1038/1109/1056
f 1041/1112/1059 1043/1114/1061 1044/1115/1062 1042/1113/1060
f 1042/1113/1060 1044/1115/1062 1045/1116/1063 1046/1117/1064
f 1038/1109/1056 1042/1113/1060 1046/1117/1064 1039/1110/1057
f 1043/1114/1061 1047/1118/1065 1048/1119/1066 1044/1115/1062
f 1047/1118/1065 711/1120/729 1049/1121/1067 1048/1119/1066
f 1048/1119/1066 1049/1121/1067 1050/1122/1068 1051/1123/1069
f 1044/1115/1062 1048/1119/1066 1051/1123/1069 1045/1116/1063
f 711/762/729 710/761/728 1052/1124/1070 1049/1125/1067
f 710/761/728 709/760/727 1053/1126/1071 1052/1124/1070
f 1052/1124/1070 1053/1126/1071 1054/1127/1072 1055/1128/1073
f 1049/1125/1067 1052/1124/1070 1055/1128/1073 1050/1129/1068
f 720/771/738 719/770/737 1056/1130/1074 1057/1131/1075
f 719/770/737 718/769/736 1058/1132/1076 1056/1130/1074
f 1056/1130/1074 1058/1132/1076 1059/1133/1077 1060/1134/1078
f 1057/1131/1075 1056/1130/1074 1060/1134/1078 1061/1135/1079
f 718/769/736 726/777/744 1062/1136/1080 1058/1132/1076
f 726/777/744 725/776/743 1063/1137/1081 1062/1136/1080
f 1062/1136/1080 1063/1137/1081 1064/1138/1082 1065/1139/1083
f 1058/1132/1076 1062/1136/1080 1065/1139/1083 1059/1133/1077
f 725/786/743 732/785/750 1066/1140/1084 1063/1141/1081
f 732/785/750 731/784/749 1067/1142/1085 1066/1140/1084
f 1066/1140/1084 1067/1142/1085 1068/1143/1086 1069/1144/1087
f 1063/1141/1081 1066/1140/1084 1069/1144/1087 1064/1145/1082
f 731/784/749 738/792/756 1070/1146/1088 1067/1142/1085
f 738/792/756 737/791/755 1071/1147/1089 1070/1146/1088
f 1070/1146/1088 1071/1147/1089 1072/1148/1090 1073/1149/1091
f 1067/1142/1085 1070/1146/1088 1073/1149/1091 1068/1143/1086
f 737/791/755 744/798/762 1074/1150/1092 1071/1147/1089
f 744/798/762 743/797/761 1075/1151/1093 1074/1150/1092
f 1074/1150/1092 1075/1151/1093 1076/1152/1094 1077/1153/1095
f 1071/1147/1089 1074/1150/1092 1077/1153/1095 1072/1148/1090
f 743/797/761 750/804/768 1078/1154/1096 1075/1151/1093
f 750/804/768 749/803/767 1079/1155/1097 1078/1154/1096
f 1078/1154/1096 1079/1155/1097 1080/1156/1098 1081/1157/1099
f 1075/1151/1093 1078/1154/1096 1081/1157/1099 1076/1152/1094
f 749/813/767 756/812/774 1082/1158/1100 1079/1159/1097
f 756/812/774 755/811/773 935/992/953 1082/1158/1100
f 1082/1158/1100 935/992/953 939/996/957 1083/1160/1101
f 1079/1159/1097 1082/1158/1100 1083/1160/1101 1080/1161/1098
f 1084/1162/1102 1085/1163/1103 1086/1164/1104 1087/1165/1105
f 1085/1163/1103 1088/1166/1106 1089/1167/1107 1086/1164/1104
f 1086/1164/1104 1089/1167/1107 1090/1168/1108 1091/1169/1109
f 1087/1165/1105 1086/1164/1104 1091/1169/1109 1092/1170/1110
f 931/988/949 930/987/948 1093/1171/1111 1094/1172/1112
f 930/987/948 929/986/947 1095/1173/1113 1093/1171/1111
f 1093/1171/1111 1095/1173/1113 1096/1174/1114 1097/1175/1115
f 1094/1172/1112 1093/1171/1111 1097/1175/1115 1088/1176/1106
f 929/986/947 1098/1177/1116 1099/1178/1117 1095/1173/1113
f 1098/1177/1116 1100/1179/1118 1101/1180/1119 1099/1178/1117
f 1099/1178/1117 1101/1180/1119 1102/1181/1120 1103/1182/1121
f 1095/1173/1113 1099/1178/1117 1103/1182/1121 1096/1174/1114
f 1100/1179/1118 1104/1183/1122 1105/1184/1123 1101/1180/1119
f 1104/1183/1122 913/970/931 1106/1185/1124 1105/1184/1123
f 1105/1184/1123 1106/1185/1124 1107/1186/1125 1108/1187/1126
f 1101/1180/1119 1105/1184/1123 1108/1187/1126 1102/1181/1120
f 913/970/931 916/973/934 1109/1188/1127 1106/1185/1124
f 916/973/934 921/978/939 1110/1189/1128 1109/1188/1127
f 1109/1188/1127 1110/1189/1128 1111/1190/1129 1112/1191/1130
f 1106/1185/1124 1109/1188/1127 1112/1191/1130 1107/1186/1125
f 921/978/939 1113/1192/1131 1114/1193/1132 1110/1189/1128
f 1113/1192/1131 1115/1194/1133 1116/1195/1134 1114/1193/1132
f 1114/1193/1132 1116/1195/1134 1117/1196/1135 1118/1197/1136
f 1110/1189/1128 1114/1193/1132 1118/1197/1136 1111/1190/1129
f 1115/1194/1133 1119/1198/1137 1120/1199/1138 1116/1195/1134
f 1119/1198/1137 894/951/912 1121/1200/1139 1120/1199/1138
f 1120/1199/1138 1121/1200/1139 1122/1201/1140 1123/1202/1141
f 1116/1195/1134 1120/1199/1138 1123/1202/1141 1117/1196/1135
f 894/951/912 893/950/911 1124/1203/1142 1121/1200/1139
f 893/950/911 892/949/910 1125/1204/1143 1124/1203/1142
f 1124/1203/1142 1125/1204/1143 1126/1205/1144 1127/1206/1145
f 1121/1200/1139 1124/1203/1142 1127/1206/1145 1122/1201/1140
f 892/949/910 924/981/942 1128/1207/1146 1125/1204/1143
f 924/981/942 908/965/926 1129/1208/1147 1128/1207/1146
f 1128/1207/1146 1129/1208/1147 1130/1209/1148 1131/1210/1149
f 1125/1204/1143 1128/1207/1146 1131/1210/1149 1126/1205/1144
f 908/965/926 905/962/923 1132/1211/1150 1129/1208/1147
f 905/962/923 904/961/922 1133/1212/1151 1132/1211/1150
f 1132/1211/1150 1133/1212/1151 1134/1213/1152 1135/1214/1153
f 1129/1208/1147 1132/1211/1150 1135/1214/1153 1130/1209/1148
f 904/961/922 1136/1215/1154 1137/1216/1155 1133/1212/1151
f 1136/1215/1154 895/952/913 1138/1217/1156 1137/1216/1155
f 1137/1216/1155 1138/1217/1156 1139/1218/1157 1140/1219/1158
f 1133/1212/1151 1137/1216/1155 1140/1219/1158 1134/1213/1152
f 895/952/913 898/955/916 1141/1220/1159 1138/1217/1156
f 898/955/916 903/960/921 1142/1221/1160 1141/1220/1159
f 1141/1220/1159 1142/1221/1160 1143/1222/1161 1144/1223/1162
f 1138/1217/1156 1141/1220/1159 1144/1223/1162 1139/1218/1157
f 903/960/921 1145/1224/1163 1146/1225/1164 1142/1221/1160
f 1145/1224/1163 1147/1226/1165 1148/1227/1166 1146/1225/1164
f 1146/1225/1164 1148/1227/1166 1149/1228/1167 1150/1229/1168
f 1142/1221/1160 1146/1225/1164 1150/1229/1168 1143/1222/1161
f 1147/1226/1165 1151/1230/1169 1152/1231/1170 1148/1227/1166
f 1151/1230/1169 1153/1232/1171 1154/1233/1172 1152/1231/1170
f 1152/1231/1170 1154/1233/1172 1155/1234/1173 1156/1235/1174
f 1148/1227/1166 1152/1231/1170 1156/1235/1174 1149/1228/1167
f 1153/1232/1171 1157/1236/1175 1158/1237/1176 1154/1233/1172
f 1157/1236/1175 1159/1238/1177 1160/1239/1178 1158/1237/1176
f 1158/1237/1176 1160/1239/1178 1161/1240/1179 1162/1241/1180
f 1154/1233/1172 1158/1237/1176 1162/1241/1180 1155/1234/1173
f 1159/1238/1177 1163/1242/1181 1164/1243/1182 1160/1239/1178
f 1163/1242/1181 1165/1244/1183 1166/1245/1184 1164/1243/1182
f 1164/1243/1182 1166/1245/1184 1084/1246/1102 1167/1247/1185
f 1160/1239/1178 1164/1243/1182 1167/1247/1185 1161/1240/1179
f 1020/1088/1038 1168/1248/1186 1169/1249/1187 1021/1089/1039
f 1168/1248/1186 1170/1250/1188 1171/1251/1189 1169/1249/1187
f 1169/1249/1187 1171/1251/1189 1172/1252/1190 1173/1253/1191
f 1021/1089/1039 1169/1249/1187 1173/1253/1191 1022/1090/1040
f 1174/1254/1192 1175/1255/1193 1176/1256/1194 1177/1257/1195
f 1175/1255/1193 1178/1258/1196 1179/1259/1197 1176/1256/1194
f 1176/1256/1194 1179/1259/1197 1180/1260/1198 1181/1261/1199
f 1177/1257/1195 1176/1256/1194 1181/1261/1199 1182/1262/1200
f 1178/1263/1196 1183/1264/1201 1184/1265/1202 1179/1266/1197
f 1183/1264/1201 1185/1267/1203 1186/1268/1204 1184/1265/1202
f 1184/1265/1202 1186/1268/1204 1187/1269/1205 1188/1270/1206
f 1179/1266/1197 1184/1265/1202 1188/1270/1206 1180/1271/1198
f 1185/1267/1203 1189/1272/1207 1190/1273/1208 1186/1268/1204
f 1189/1272/1207 1191/1274/1209 1192/1275/1210 1190/1273/1208
f 1190/1273/1208 1192/1275/1210 1193/1276/1211 1194/1277/1212
f 1186/1268/1204 1190/1273/1208 1194/1277/1212 1187/1269/1205
f 1191/1274/1209 1195/1278/1213 1196/1279/1214 1192/1275/1210
f 1195/1278/1213 1197/1280/1215 1198/1281/1216 1196/1279/1214
f 1196/1279/1214 1198/1281/1216 1199/1282/1217 1200/1283/1218
f 1192/1275/1210 1196/1279/1214 1200/1283/1218 1193/1276/1211
f 1197/1280/1215 1201/1284/1219 1202/1285/1220 1198/1281/1216
f 1201/1284/1219 1203/1286/1221 1204/1287/1222 1202/1285/1220
f 1202/1285/1220 1204/1287/1222 1205/1288/1223 1206/1289/1224
f 1198/1281/1216 1202/1285/1220 1206/1289/1224 1199/1282/1217
f 1203/1290/1221 1207/1291/1225 1208/1292/1226 1204/1293/1222
f 1207/1291/1225 1209/1294/1227 1210/1295/1228 1208/1292/1226
f 1208/1292/1226 1210/1295/1228 1211/1296/1229 1212/1297/1230
f 1204/1293/1222 1208/1292/1226 1212/1297/1230 1205/1298/1223
f 1213/1299/1231 1214/1300/1232 1215/1301/1233 1216/1302/1234
f 1214/1300/1232 1217/1303/1235 1218/1304/1236 1215/1301/1233
f 1215/1301/1233 1218/1304/1236 1219/1305/1237 1220/1306/1238
f 1216/1302/1234 1215/1301/1233 1220/1306/1238 1221/1307/1239
f 1217/1303/1235 1222/1308/1240 1223/1309/1241 1218/1304/1236
f 1222/1308/1240 1224/1310/1242 1225/1311/1243 1223/1309/1241
f 1223/1309/1241 1225/1311/1243 1226/1312/1244 1227/1313/1245
f 1218/1304/1236 1223/1309/1241 1227/1313/1245 1219/1305/1237
f 1224/1314/1242 1228/1315/1246 1229/1316/1247 1225/1317/1243
f 1228/1315/1246 1230/1318/1248 1231/1319/1249 1229/1316/1247
f 1229/1316/1247 1231/1319/1249 1232/1320/1250 1233/1321/1251
f 1225/1317/1243 1229/1316/1247 1233/1321/1251 1226/1322/1244
f 1230/1318/1248 1234/1323/1252 1235/1324/1253 1231/1319/1249
f 1234/1323/1252 1236/1325/1254 1237/1326/1255 1235/1324/1253
f 1235/1324/1253 1237/1326/1255 1238/1327/1256 1239/1328/1257
f 1231/1319/1249 1235/1324/1253 1239/1328/1257 1232/1320/1250
f 1236/1325/1254 1240/1329/1258 1241/1330/1259 1237/1326/1255
f 1240/1329/1258 1242/1331/1260 1243/1332/1261 1241/1330/1259
f 1241/1330/1259 1243/1332/1261 1244/1333/1262 1245/1334/1263
f 1237/1326/1255 1241/1330/1259 1245/1334/1263 1238/1327/1256
f 1242/1331/1260 1246/1335/1264 1247/1336/1265 1243/1332/1261
f 1246/1335/1264 1248/1337/1266 1249/1338/1267 1247/1336/1265
f 1247/1336/1265 1249/1338/1267 1250/1339/1268 1251/1340/1269
f 1243/1332/1261 1247/1336/1265 1251/1340/1269 1244/1333/1262
f 1248/1341/1266 1252/1342/1270 1253/1343/1271 1249/1344/1267
f 1252/1342/1270 1254/1345/1272 1255/1346/1273 1253/1343/1271
f 1253/1343/1271 1255/1346/1273 1256/1347/1274 1257/1348/1275
f 1249/1344/1267 1253/1343/1271 1257/1348/1275 1250/1349/1268
f 1170/1250/1188 1258/1350/1276 1259/1351/1277 1171/1251/1189
f 1258/1350/1276 940/997/958 943/1000/961 1259/1351/1277
f 1259/1351/1277 943/1000/961 948/1005/966 1260/1352/1278
f 1171/1251/1189 1259/1351/1277 1260/1352/1278 1172/1252/1190
f 1096/1353/1114 1103/1354/1121 1261/1355/1279 1262/1356/1280
f 1103/1354/1121 1102/1357/1120 1263/1358/1281 1261/1355/1279
f 1261/1355/1279 1263/1358/1281 1264/1359/1282 1265/1360/1283
f 1262/1356/1280 1261/1355/1279 1265/1360/1283 1266/1361/1284
f 1102/1362/1120 1108/1363/1126 1267/1364/1285 1263/1365/1281
f 1108/1363/1126 1107/1366/1125 1268/1367/1286 1267/1364/1285
f 1267/1364/1285 1268/1367/1286 1269/1368/1287 1270/1369/1288
f 1263/1365/1281 1267/1364/1285 1270/1369/1288 1264/1370/1282
f 1107/1366/1125 1112/1371/1130 1271/1372/1289 1268/1367/1286
f 1112/1371/1130 1111/1373/1129 1272/1374/1290 1271/1372/1289
f 1271/1372/1289 1272/1374/1290 1273/1375/1291 1274/1376/1292
f 1268/1367/1286 1271/1372/1289 1274/1376/1292 1269/1368/1287
f 1111/1373/1129 1118/1377/1136 1275/1378/1293 1272/1374/1290
f 1118/1377/1136 1117/1379/1135 1276/1380/1294 1275/1378/1293
f 1275/1378/1293 1276/1380/1294 1277/1381/1295 1278/1382/1296
f 1272/1374/1290 1275/1378/1293 1278/1382/1296 1273/1375/1291
f 1117/1379/1135 1123/1383/1141 1279/1384/1297 1276/1380/1294
f 1123/1383/1141 1122/1385/1140 1280/1386/1298 1279/1384/1297
f 1279/1384/1297 1280/1386/1298 1281/1387/1299 1282/1388/1300
f 1276/1380/1294 1279/1384/1297 1282/1388/1300 1277/1381/1295
f 1122/1389/1140 1127/1390/1145 1283/1391/1301 1280/1392/1298
f 1127/1390/1145 1126/1393/1144 1284/1394/1302 1283/1391/1301
f 1283/1391/1301 1284/1394/1302 1285/1395/1303 1286/1396/1304
f 1280/1392/1298 1283/1391/1301 1286/1396/1304 1281/1397/1299
f 1126/1393/1144 1131/1398/1149 1287/1399/1305 1284/1394/1302
f 1131/1398/1149 1130/1400/1148 1288/1401/1306 1287/1399/1305
f 1287/1399/1305 1288/1401/1306 1289/1402/1307 1290/1403/1308
f 1284/1394/1302 1287/1399/1305 1290/1403/1308 1285/1395/1303
f 1130/1400/1148 1135/1404/1153 1291/1405/1309 1288/1401/1306
f 1135/1404/1153 1134/1406/1152 1292/1407/1310 1291/1405/1309
f 1291/1405/1309 1292/1407/1310 1293/1408/1311 1294/1409/1312
f 1288/1401/1306 1291/1405/1309 1294/1409/1312 1289/1402/1307
f 1134/1406/1152 1140/1410/1158 1295/1411/1313 1292/1407/1310
f 1140/1410/1158 1139/1412/1157 1296/1413/1314 1295/1411/1313
f 1295/1411/1313 1296/1413/1314 1297/1414/1315 1298/1415/1316
f 1292/1407/1310 1295/1411/1313 1298/1415/1316 1293/1408/1311
f 1139/1416/1157 1144/1417/1162 1299/1418/1317 1296/1419/1314
f 1144/1417/1162 1143/1420/1161 1300/1421/1318 1299/1418/1317
f 1299/1418/1317 1300/1421/1318 1301/1422/1319 1302/1423/1320
f 1296/1419/1314 1299/1418/1317 1302/1423/1320 1297/1424/1315
f 1143/1420/1161 1150/1425/1168 1303/1426/1321 1300/1421/1318
f 1150/1425/1168 1149/1427/1167 1304/1428/1322 1303/1426/1321
f 1303/1426/1321 1304/1428/1322 1305/1429/1323 1306/1430/1324
f 1300/1421/1318 1303/1426/1321 1306/1430/1324 1301/1422/1319
f 1149/1427/1167 1156/1431/1174 1307/1432/1325 1304/1428/1322
f 1156/1431/1174 1155/1433/1173 1308/1434/1326 1307/1432/1325
f 1307/1432/1325 1308/1434/1326 1309/1435/1327 1310/1436/1328
f 1304/1428/1322 1307/1432/1325 1310/1436/1328 1305/1429/1323
f 1155/1433/1173 1162/1437/1180 1311/1438/1329 1308/1434/1326
f 1162/1437/1180 1161/1439/1179 1312/1440/1330 1311/1438/1329
f 1311/1438/1329 1312/1440/1330 1313/1441/1331 1314/1442/1332
f 1308/1434/1326 1311/1438/1329 1314/1442/1332 1309/1435/1327
f 1161/1443/1179 1167/1444/1185 1315/1445/1333 1312/1446/1330
f 1167/1444/1185 1084/1162/1102 1087/1165/1105 1315/1445/1333
f 1315/1445/1333 1087/1165/1105 1092/1170/1110 1316/1447/1334
f 1312/1446/1330 1315/1445/1333 1316/1447/1334 1313/1448/1331
f 1317/1449/1335 1318/1450/1336 1319/1451/1337 1320/1452/1338
f 1318/1450/1336 1321/1453/1339 1322/1454/1340 1319/1451/1337
f 1319/1451/1337 1322/1454/1340 1323/1455/1341 1324/1456/1342
f 1320/1452/1338 1319/1451/1337 1324/1456/1342 1325/1457/1343
f 959/1019/977 966/1026/984 1326/1458/1344 1327/1459/1345
f 966/1026/984 965/1025/983 1328/1460/1346 1326/1458/1344
f 1326/1458/1344 1328/1460/1346 1329/1461/1347 1330/1462/1348
f 1327/1459/1345 1326/1458/1344 1330/1462/1348 1331/1463/1349
f 1015/1092/1033 1023/1091/1041 1332/1464/1350 1333/1465/1351
f 1023/1091/1041 1022/1090/1040 1334/1466/1352 1332/1464/1350
f 1332/1464/1350 1334/1466/1352 1335/1467/1353 1336/1468/1354
f 1333/1465/1351 1332/1464/1350 1336/1468/1354 1337/1469/1355
f 948/1005/966 947/1004/965 1338/1470/1356 1339/1471/1357
f 947/1004/965 946/1003/964 1340/1472/1358 1338/1470/1356
f 1338/1470/1356 1340/1472/1358 1341/1473/1359 1342/1474/1360
f 1339/1471/1357 1338/1470/1356 1342/1474/1360 1343/1475/1361
f 1007/1073/1025 1344/1476/1362 1345/1477/1363 1346/1478/1364
f 1344/1476/1362 1017/1083/1035 1347/1479/1365 1345/1477/1363
f 1345/1477/1363 1347/1479/1365 1348/1480/1366 1349/1481/1367
f 1346/1478/1364 1345/1477/1363 1349/1481/1367 1350/1482/1368
f 989/1052/1007 996/1059/1014 1351/1483/1369 1352/1484/1370
f 996/1059/1014 995/1058/1013 1353/1485/1371 1351/1483/1369
f 1351/1483/1369 1353/1485/1371 1354/1486/1372 1355/1487/1373
f 1352/1484/1370 1351/1483/1369 1355/1487/1373 1356/1488/1374
f 1001/1066/1019 1008/1074/1026 1357/1489/1375 1358/1490/1376
f 1008/1074/1026 1007/1073/1025 1346/1478/1364 1357/1489/1375
f 1357/1489/1375 1346/1478/1364 1350/1482/1368 1359/1491/1377
f 1358/1490/1376 1357/1489/1375 1359/1491/1377 1360/1492/1378
f 977/1039/995 984/1047/1002 1361/1493/1379 1362/1494/1380
f 984/1047/1002 983/1046/1001 1363/1495/1381 1361/1493/1379
f 1361/1493/1379 1363/1495/1381 1364/1496/1382 1365/1497/1383
f 1362/1494/1380 1361/1493/1379 1365/1497/1383 1366/1498/1384
f 971/1041/989 978/1040/996 1367/1499/1385 1368/1500/1386
f 978/1040/996 977/1039/995 1362/1494/1380 1367/1499/1385
f 1367/1499/1385 1362/1494/1380 1366/1498/1384 1369/1501/1387
f 1368/1500/1386 1367/1499/1385 1369/1501/1387 1370/1502/1388
f 1172/1252/1190 1260/1352/1278 1371/1503/1389 1372/1504/1390
f 1260/1352/1278 948/1005/966 1339/1471/1357 1371/1503/1389
f 1371/1503/1389 1339/1471/1357 1343/1475/1361 1373/1505/1391
f 1372/1504/1390 1371/1503/1389 1373/1505/1391 1374/1506/1392
f 1022/1090/1040 1173/1253/1191 1375/1507/1393 1334/1466/1352
f 1173/1253/1191 1172/1252/1190 1372/1504/1390 1375/1507/1393
f 1375/1507/1393 1372/1504/1390 1374/1506/1392 1376/1508/1394
f 1334/1466/1352 1375/1507/1393 1376/1508/1394 1335/1467/1353
f 953/1012/971 960/1020/978 1377/1509/1395 1378/1510/1396
f 960/1020/978 959/1019/977 1327/1459/1345 1377/1509/1395
f 1377/1509/1395 1327/1459/1345 1331/1463/1349 1379/1511/1397
f 1378/1510/1396 1377/1509/1395 1379/1511/1397 1380/1512/1398
f 983/1046/1001 990/1053/1008 1381/1513/1399 1363/1495/1381
f 990/1053/1008 989/1052/1007 1352/1484/1370 1381/1513/1399
f 1381/1513/1399 1352/1484/1370 1356/1488/1374 1382/1514/1400
f 1363/1495/1381 1381/1513/1399 1382/1514/1400 1364/1496/1382
f 1374/1506/1392 1373/1505/1391 1383/1515/1401 1384/1516/1402
f 1373/1505/1391 1343/1475/1361 1385/1517/1403 1383/1515/1401
f 1383/1515/1401 1385/1517/1403 1386/1518/1404 1387/1519/1405
f 1384/1516/1402 1383/1515/1401 1387/1519/1405 1388/1520/1406
f 1343/1475/1361 1342/1474/1360 1389/1521/1407 1385/1517/1403
f 1342/1474/1360 1341/1473/1359 1390/1522/1408 1389/1521/1407
f 1389/1521/1407 1390/1522/1408 1391/1523/1409 1392/1524/1410
f 1385/1517/1403 1389/1521/1407 1392/1524/1410 1386/1518/1404
f 1341/1525/1359 1393/1526/1411 1394/1527/1412 1390/1528/1408
f 1393/1526/1411 1380/1512/1398 1395/1529/1413 1394/1527/1412
f 1394/1527/1412 1395/1529/1413 1396/1530/1414 1397/1531/1415
f 1390/1528/1408 1394/1527/1412 1397/1531/1415 1391/1532/1409
f 1380/1512/1398 1379/1511/1397 1398/1533/1416 1395/1529/1413
f 1379/1511/1397 1331/1463/1349 1399/1534/1417 1398/1533/1416
f 1398/1533/1416 1399/1534/1417 1400/1535/1418 1401/1536/1419
f 1395/1529/1413 1398/1533/1416 1401/1536/1419 1396/1530/1414
f 1331/1463/1349 1330/1462/1348 1402/1537/1420 1399/1534/1417
f 1330/1462/1348 1329/1461/1347 1403/1538/1421 1402/1537/1420
f 1402/1537/1420 1403/1538/1421 1404/1539/1422 1405/1540/1423
f 1399/1534/1417 1402/1537/1420 1405/1540/1423 1400/1535/1418
f 1329/1461/1347 1406/1541/1424 1407/1542/1425 1403/1538/1421
f 1406/1541/1424 1370/1543/1388 1408/1544/1426 1407/1542/1425
f 1407/1542/1425 1408/1544/1426 1409/1545/1427 1410/1546/1428
f 1403/1538/1421 1407/1542/1425 1410/1546/1428 1404/1539/1422
f 1370/1502/1388 1369/1501/1387 1411/1547/1429 1408/1548/1426
f 1369/1501/1387 1366/1498/1384 1412/1549/1430 1411/1547/1429
f 1411/1547/1429 1412/1549/1430 1413/1550/1431 1414/1551/1432
f 1408/1548/1426 1411/1547/1429 1414/1551/1432 1409/1552/1427
f 1366/1498/1384 1365/1497/1383 1415/1553/1433 1412/1549/1430
f 1365/1497/1383 1364/1496/1382 1416/1554/1434 1415/1553/1433
f 1415/1553/1433 1416/1554/1434 1417/1555/1435 1418/1556/1436
f 1412/1549/1430 1415/1553/1433 1418/1556/1436 1413/1550/1431
f 1364/1496/1382 1382/1514/1400 1419/1557/1437 1416/1554/1434
f 1382/1514/1400 1356/1488/1374 1420/1558/1438 1419/1557/1437
f 1419/1557/1437 1420/1558/1438 1421/1559/1439 1422/1560/1440
f 1416/1554/1434 1419/1557/1437 1422/1560/1440 1417/1555/1435
f 1356/1488/1374 1355/1487/1373 1423/1561/1441 1420/1558/1438
f 1355/1487/1373 1354/1486/1372 1424/1562/1442 1423/1561/1441
f 1423/1561/1441 1424/1562/1442 1425/1563/1443 1426/1564/1444
f 1420/1558/1438 1423/1561/1441 1426/1564/1444 1421/1559/1439
f 1354/1565/1372 1427/1566/1445 1428/1567/1446 1424/1568/1442
f 1427/1566/1445 1360/1492/1378 1429/1569/1447 1428/1567/1446
f 1428/1567/1446 1429/1569/1447 1430/1570/1448 1431/1571/1449
f 1424/1568/1442 1428/1567/1446 1431/1571/1449 1425/1572/1443
f 1360/1492/1378 1359/1491/1377 1432/1573/1450 1429/1569/1447
f 1359/1491/1377 1350/1482/1368 1433/1574/1451 1432/1573/1450
f 1432/1573/1450 1433/1574/1451 1434/1575/1452 1435/1576/1453
f 1429/1569/1447 1432/1573/1450 1435/1576/1453 1430/1570/1448
f 1350/1482/1368 1349/1481/1367 1436/1577/1454 1433/1574/1451
f 1349/1481/1367 1348/1480/1366 1437/1578/1455 1436/1577/1454
f 1436/1577/1454 1437/1578/1455 1438/1579/1456 1439/1580/1457
f 1433/1574/1451 1436/1577/1454 1439/1580/1457 1434/1575/1452
f 1348/1480/1366 1440/1581/1458 1441/1582/1459 1437/1578/1455
f 1440/1581/1458 1337/1583/1355 1442/1584/1460 1441/1582/1459
f 1441/1582/1459 1442/1584/1460 1443/1585/1461 1444/1586/1462
f 1437/1578/1455 1441/1582/1459 1444/1586/1462 1438/1579/1456
f 1337/1469/1355 1336/1468/1354 1445/1587/1463 1442/1588/1460
f 1336/1468/1354 1335/1467/1353 1446/1589/1464 1445/1587/1463
f 1445/1587/1463 1446/1589/1464 1447/1590/1465 1448/1591/1466
f 1442/1588/1460 1445/1587/1463 1448/1591/1466 1443/1592/1461
f 1335/1467/1353 1376/1508/1394 1449/1593/1467 1446/1589/1464
f 1376/1508/1394 1374/1506/1392 1384/1516/1402 1449/1593/1467
f 1449/1593/1467 1384/1516/1402 1388/1520/1406 1450/1594/1468
f 1446/1589/1464 1449/1593/1467 1450/1594/1468 1447/1590/1465
f 1447/1590/1465 1450/1594/1468 1451/1595/1469 1452/1596/1470
f 1450/1594/1468 1388/1520/1406 1453/1597/1471 1451/1595/1469
f 1451/1595/1469 1453/1597/1471 1454/1598/1472 1455/1599/1473
f 1452/1596/1470 1451/1595/1469 1455/1599/1473 1456/1600/1474
f 1254/1345/1272 1457/1601/1475 1458/1602/1476 1255/1346/1273
f 1457/1601/1475 1459/1603/1477 1460/1604/1478 1458/1602/1476
f 1458/1602/1476 1460/1604/1478 1461/1605/1479 1462/1606/1480
f 1255/1346/1273 1458/1602/1476 1462/1606/1480 1256/1347/1274
f 1463/1607/1481 1464/1608/1482 1465/1609/1483 1466/1610/1484
f 1464/1608/1482 1467/1611/1485 1468/1612/1486 1465/1609/1483
f 1465/1609/1483 1468/1612/1486 1469/1613/1487 1470/1614/1488
f 1466/1610/1484 1465/1609/1483 1470/1614/1488 1471/1615/1489
f 1472/1616/1490 1473/1617/1491 1474/1618/1492 1475/1619/1493
f 1473/1617/1491 1476/1620/1494 1477/1621/1495 1474/1618/1492
f 1474/1618/1492 1477/1621/1495 1478/1622/1496 1479/1623/1497
f 1475/1619/1493 1474/1618/1492 1479/1623/1497 1480/1624/1498
f 1476/1620/1494 1481/1625/1499 1482/1626/1500 1477/1621/1495
f 1481/1625/1499 1483/1627/1501 1484/1628/1502 1482/1626/1500
f 1482/1626/1500 1484/1628/1502 1485/1629/1503 1486/1630/1504
f 1477/1621/1495 1482/1626/1500 1486/1630/1504 1478/1622/1496
f 1483/1631/1501 1487/1632/1505 1488/1633/1506 1484/1634/1502
f 1487/1632/1505 1489/1635/1507 1490/1636/1508 1488/1633/1506
f 1488/1633/1506 1490/1636/1508 1491/1637/1509 1492/1638/1510
f 1484/1634/1502 1488/1633/1506 1492/1638/1510 1485/1639/1503
f 1489/1635/1507 1493/1640/1511 1494/1641/1512 1490/1636/1508
f 1493/1640/1511 1495/1642/1513 1496/1643/1514 1494/1641/1512
f 1494/1641/1512 1496/1643/1514 1497/1644/1515 1498/1645/1516
f 1490/1636/1508 1494/1641/1512 1498/1645/1516 1491/1637/1509
f 1495/1642/1513 1499/1646/1517 1500/1647/1518 1496/1643/1514
f 1499/1646/1517 1501/1648/1519 1502/1649/1520 1500/1647/1518
f 1500/1647/1518 1502/1649/1520 1503/1650/1521 1504/1651/1522
f 1496/1643/1514 1500/1647/1518 1504/1651/1522 1497/1644/1515
f 1501/1648/1519 1505/1652/1523 1506/1653/1524 1502/1649/1520
f 1505/1652/1523 1507/1654/1525 1508/1655/1526 1506/1653/1524
f 1506/1653/1524 1508/1655/1526 1509/1656/1527 1510/1657/1528
f 1502/1649/1520 1506/1653/1524 1510/1657/1528 1503/1650/1521
f 1507/1658/1525 1511/1659/1529 1512/1660/1530 1508/1661/1526
f 1511/1659/1529 1513/1662/1531 1514/1663/1532 1512/1660/1530
f 1512/1660/1530 1514/1663/1532 1515/1664/1533 1516/1665/1534
f 1508/1661/1526 1512/1660/1530 1516/1665/1534 1509/1666/1527
f 1513/1662/1531 1517/1667/1535 1518/1668/1536 1514/1663/1532
f 1517/1667/1535 1519/1669/1537 1520/1670/1538 1518/1668/1536
f 1518/1668/1536 1520/1670/1538 1521/1671/1539 1522/1672/1540
f 1514/1663/1532 1518/1668/1536 1522/1672/1540 1515/1664/1533
f 1519/1669/1537 1523/1673/1541 1524/1674/1542 1520/1670/1538
f 1523/1673/1541 1525/1675/1543 1526/1676/1544 1524/1674/1542
f 1524/1674/1542 1526/1676/1544 1527/1677/1545 1528/1678/1546
f 1520/1670/1538 1524/1674/1542 1528/1678/1546 1521/1671/1539
f 1525/1675/1543 1529/1679/1547 1530/1680/1548 1526/1676/1544
f 1529/1679/1547 1531/1681/1549 1532/1682/1550 1530/1680/1548
f 1530/1680/1548 1532/1682/1550 1533/1683/1551 1534/1684/1552
f 1526/1676/1544 1530/1680/1548 1534/1684/1552 1527/1677/1545
f 1531/1685/1549 1535/1686/1553 1536/1687/1554 1532/1688/1550
f 1535/1686/1553 1537/1689/1555 1538/1690/1556 1536/1687/1554
f 1536/1687/1554 1538/1690/1556 1539/1691/1557 1540/1692/1558
f 1532/1688/1550 1536/1687/1554 1540/1692/1558 1533/1693/1551
f 1459/1603/1477 1541/1694/1559 1542/1695/1560 1460/1604/1478
f 1541/1694/1559 1174/1254/1192 1177/1257/1195 1542/1695/1560
f 1542/1695/1560 1177/1257/1195 1182/1262/1200 1543/1696/1561
f 1460/1604/1478 1542/1695/1560 1543/1696/1561 1461/1605/1479
f 1321/1453/1339 1544/1697/1562 1545/1698/1563 1322/1454/1340
f 1544/1697/1562 1546/1699/1564 1547/1700/1565 1545/1698/1563
f 1545/1698/1563 1547/1700/1565 1548/1701/1566 1549/1702/1567
f 1322/1454/1340 1545/1698/1563 1549/1702/1567 1323/1455/1341
f 1546/1699/1564 1550/1703/1568 1551/1704/1569 1547/1700/1565
f 1550/1703/1568 1552/1705/1570 1553/1706/1571 1551/1704/1569
f 1551/1704/1569 1553/1706/1571 1554/1707/1572 1555/1708/1573
f 1547/1700/1565 1551/1704/1569 1555/1708/1573 1548/1701/1566
f 1552/1705/1570 1556/1709/1574 1557/1710/1575 1553/1706/1571
f 1556/1709/1574 1558/1711/1576 1559/1712/1577 1557/1710/1575
f 1557/1710/1575 1559/1712/1577 1560/1713/1578 1561/1714/1579
f 1553/1706/1571 1557/1710/1575 1561/1714/1579 1554/1707/1572
f 1558/1711/1576 1562/1715/1580 1563/1716/1581 1559/1712/1577
f 1562/1715/1580 1564/1717/1582 1565/1718/1583 1563/1716/1581
f 1563/1716/1581 1565/1718/1583 1566/1719/1584 1567/1720/1585
f 1559/1712/1577 1563/1716/1581 1567/1720/1585 1560/1713/1578
f 1564/1717/1582 1568/1721/1586 1569/1722/1587 1565/1718/1583
f 1568/1721/1586 1570/1723/1588 1571/1724/1589 1569/1722/1587
f 1569/1722/1587 1571/1724/1589 1572/1725/1590 1573/1726/1591
f 1565/1718/1583 1569/1722/1587 1573/1726/1591 1566/1719/1584
f 1570/1723/1588 1574/1727/1592 1575/1728/1593 1571/1724/1589
f 1574/1727/1592 1576/1729/1594 1577/1730/1595 1575/1728/1593
f 1575/1728/1593 1577/1730/1595 1578/1731/1596 1579/1732/1597
f 1571/1724/1589 1575/1728/1593 1579/1732/1597 1572/1725/1590
f 1576/1729/1594 1580/1733/1598 1581/1734/1599 1577/1730/1595
f 1580/1733/1598 1582/1735/1600 1583/1736/1601 1581/1734/1599
f 1581/1734/1599 1583/1736/1601 1584/1737/1602 1585/1738/1603
f 1577/1730/1595 1581/1734/1599 1585/1738/1603 1578/1731/1596
f 1586/1739/1604 1587/1740/1605 1588/1741/1606 1589/1742/1607
f 1587/1740/1605 1590/1743/1608 1591/1744/1609 1588/1741/1606
f 1588/1741/1606 1591/1744/1609 1592/1745/1610 1593/1746/1611
f 1589/1742/1607 1588/1741/1606 1593/1746/1611 1594/1747/1612
f 1590/1743/1608 1595/1748/1613 1596/1749/1614 1591/1744/1609
f 1595/1748/1613 1597/1750/1615 1598/1751/1616 1596/1749/1614
f 1596/1749/1614 1598/1751/1616 1599/1752/1617 1600/1753/1618
f 1591/1744/1609 1596/1749/1614 1600/1753/1618 1592/1745/1610
f 1597/1750/1615 1601/1754/1619 1602/1755/1620 1598/1751/1616
f 1601/1754/1619 1603/1756/1621 1604/1757/1622 1602/1755/1620
f 1602/1755/1620 1604/1757/1622 1605/1758/1623 1606/1759/1624
f 1598/1751/1616 1602/1755/1620 1606/1759/1624 1599/1752/1617
f 1603/1756/1621 1607/1760/1625 1608/1761/1626 1604/1757/1622
f 1607/1760/1625 1609/1762/1627 1610/1763/1628 1608/1761/1626
f 1608/1761/1626 1610/1763/1628 1611/1764/1629 1612/1765/1630
f 1604/1757/1622 1608/1761/1626 1612/1765/1630 1605/1758/1623
f 1609/1762/1627 1613/1766/1631 1614/1767/1632 1610/1763/1628
f 1613/1766/1631 1615/1768/1633 1616/1769/1634 1614/1767/1632
f 1614/1767/1632 1616/1769/1634 1617/1770/1635 1618/1771/1636
f 1610/1763/1628 1614/1767/1632 1618/1771/1636 1611/1764/1629
f 1615/1768/1633 1619/1772/1637 1620/1773/1638 1616/1769/1634
f 1619/1772/1637 1621/1774/1639 1622/1775/1640 1620/1773/1638
f 1620/1773/1638 1622/1775/1640 1623/1776/1641 1624/1777/1642
f 1616/1769/1634 1620/1773/1638 1624/1777/1642 1617/1770/1635
f 1621/1774/1639 1625/1778/1643 1626/1779/1644 1622/1775/1640
f 1625/1778/1643 1317/1449/1335 1320/1452/1338 1626/1779/1644
f 1626/1779/1644 1320/1452/1338 1325/1457/1343 1627/1780/1645
f 1622/1775/1640 1626/1779/1644 1627/1780/1645 1623/1776/1641
f 1537/1689/1555 1628/1781/1646 1629/1782/1647 1538/1690/1556
f 1628/1781/1646 1630/1783/1648 1631/1784/1649 1629/1782/1647
f 1629/1782/1647 1631/1784/1649 1632/1785/1650 1633/1786/1651
f 1538/1690/1556 1629/1782/1647 1633/1786/1651 1539/1691/1557
f 1634/1787/1652 1635/1788/1653 1636/1789/1654 1637/1790/1655
f 1635/1788/1653 1638/1791/1656 1639/1792/1657 1636/1789/1654
f 1636/1789/1654 1639/1792/1657 1640/1793/1658 1641/1794/1659
f 1637/1790/1655 1636/1789/1654 1641/1794/1659 1642/1795/1660
f 1643/1796/1661 1644/1797/1662 1645/1798/1663 1646/1799/1664
f 1644/1797/1662 1647/1800/1665 1648/1801/1666 1645/1798/1663
f 1645/1798/1663 1648/1801/1666 1649/1802/1667 1650/1803/1668
f 1646/1799/1664 1645/1798/1663 1650/1803/1668 1651/1804/1669
f 1652/1805/1670 1653/1806/1671 1654/1807/1672 1655/1808/1673
f 1653/1806/1671 1643/1796/1661 1646/1799/1664 1654/1807/1672
f 1654/1807/1672 1646/1799/1664 1651/1804/1669 1656/1809/1674
f 1655/1808/1673 1654/1807/1672 1656/1809/1674 1657/1810/1675
f 1657/1810/1675 1658/1811/1676 1659/1812/1677 1655/1808/1673
f 1658/1811/1676 1660/1813/1678 1661/1814/1679 1659/1812/1677
f 1659/1812/1677 1661/1814/1679 1662/1815/1680 1663/1816/1681
f 1655/1808/1673 1659/1812/1677 1663/1816/1681 1652/1805/1670
f 1664/1817/1682 1665/1818/1683 1666/1819/1684 1667/1820/1685
f 1665/1818/1683 1668/1821/1686 1669/1822/1687 1666/1819/1684
f 1666/1819/1684 1669/1822/1687 1670/1823/1688 1671/1824/1689
f 1667/1820/1685 1666/1819/1684 1671/1824/1689 1672/1825/1690
f 1630/1783/1648 1673/1826/1691 1674/1827/1692 1631/1784/1649
f 1673/1826/1691 1463/1607/1481 1466/1610/1484 1674/1827/1692
f 1674/1827/1692 1466/1610/1484 1471/1615/1489 1675/1828/1693
f 1631/1784/1649 1674/1827/1692 1675/1828/1693 1632/1785/1650
f 225/237/225 1676/1829/1694 1677/1830/1695 1678/1831/1696
f 1676/1829/1694 1679/1832/1697 1680/1833/1698 1677/1830/1695
f 1677/1830/1695 1680/1833/1698 264/1834/264 262/1835/262
f 1678/1831/1696 1677/1830/1695 262/1835/262 258/1836/258
f 1681/1837/1699 1682/1838/1700 1683/1839/1701 1684/1840/1702
f 1682/1838/1700 1685/1841/1703 1686/1842/1704 1683/1839/1701
f 1683/1839/1701 1686/1842/1704 1687/1843/1705 1688/1844/1706
f 1684/1840/1702 1683/1839/1701 1688/1844/1706 1689/1845/1707
f 1685/1841/1703 1690/1846/1708 1691/1847/1709 1686/1842/1704
f 1690/1846/1708 1692/1848/1710 1693/1849/1711 1691/1847/1709
f 1691/1847/1709 1693/1849/1711 1694/1850/1712 1695/1851/1713
f 1686/1842/1704 1691/1847/1709 1695/1851/1713 1687/1843/1705
f 1692/1848/1710 1696/1852/1714 1697/1853/1715 1693/1849/1711
f 1696/1852/1714 1698/1854/1716 1699/1855/1717 1697/1853/1715
f 1697/1853/1715 1699/1855/1717 1700/1856/1718 1701/1857/1719
f 1693/1849/1711 1697/1853/1715 1701/1857/1719 1694/1850/1712
f 1698/1854/1716 1702/1858/1720 1703/1859/1721 1699/1855/1717
f 1702/1858/1720 1704/1860/1722 1705/1861/1723 1703/1859/1721
f 1703/1859/1721 1705/1861/1723 1706/1862/1724 1707/1863/1725
f 1699/1855/1717 1703/1859/1721 1707/1863/1725 1700/1856/1718
f 1704/1860/1722 1708/1864/1726 1709/1865/1727 1705/1861/1723
f 1708/1864/1726 1710/1866/1728 1711/1867/1729 1709/1865/1727
f 1709/1865/1727 1711/1867/1729 1712/1868/1730 1713/1869/1731
f 1705/1861/1723 1709/1865/1727 1713/1869/1731 1706/1862/1724
f 1710/1866/1728 1714/1870/1732 1715/1871/1733 1711/1867/1729
f 1714/1870/1732 1716/1872/1734 1717/1873/1735 1715/1871/1733
f 1715/1871/1733 1717/1873/1735 1718/1874/1736 1719/1875/1737
f 1711/1867/1729 1715/1871/1733 1719/1875/1737 1712/1868/1730
f 1716/1872/1734 1720/1876/1738 1721/1877/1739 1717/1873/1735
f 1720/1876/1738 1722/1878/1740 1723/1879/1741 1721/1877/1739
f 1721/1877/1739 1723/1879/1741 1724/1880/1742 1725/1881/1743
f 1717/1873/1735 1721/1877/1739 1725/1881/1743 1718/1874/1736
f 1722/1878/1740 1726/1882/1744 1727/1883/1745 1723/1879/1741
f 1726/1882/1744 1728/1884/1746 1729/1885/1747 1727/1883/1745
f 1727/1883/1745 1729/1885/1747 1730/1886/1748 1731/1887/1749
f 1723/1879/1741 1727/1883/1745 1731/1887/1749 1724/1880/1742
f 1728/1884/1746 1732/1888/1750 1733/1889/1751 1729/1885/1747
f 1732/1888/1750 1734/1890/1752 1735/1891/1753 1733/1889/1751
f 1733/1889/1751 1735/1891/1753 1736/1892/1754 1737/1893/1755
f 1729/1885/1747 1733/1889/1751 1737/1893/1755 1730/1886/1748
f 1734/1890/1752 1738/1894/1756 1739/1895/1757 1735/1891/1753
f 1738/1894/1756 1740/1896/1758 1741/1897/1759 1739/1895/1757
f 1739/1895/1757 1741/1897/1759 1742/1898/1760 1743/1899/1761
f 1735/1891/1753 1739/1895/1757 1743/1899/1761 1736/1892/1754
f 1740/1896/1758 1744/1900/1762 1745/1901/1763 1741/1897/1759
f 1744/1900/1762 1746/1902/1764 1747/1903/1765 1745/1901/1763
f 1745/1901/1763 1747/1903/1765 1748/1904/1766 1749/1905/1767
f 1741/1897/1759 1745/1901/1763 1749/1905/1767 1742/1898/1760
f 1746/1902/1764 1750/1906/1768 1751/1907/1769 1747/1903/1765
f 1750/1906/1768 1752/1908/1770 1753/1909/1771 1751/1907/1769
f 1751/1907/1769 1753/1909/1771 1754/1910/1772 1755/1911/1773
f 1747/1903/1765 1751/1907/1769 1755/1911/1773 1748/1904/1766
f 1752/1908/1770 1756/1912/1774 1757/1913/1775 1753/1909/1771
f 1756/1912/1774 1758/1914/1776 1759/1915/1777 1757/1913/1775
f 1757/1913/1775 1759/1915/1777 1760/1916/1778 1761/1917/1779
f 1753/1909/1771 1757/1913/1775 1761/1917/1779 1754/1910/1772
f 1758/1914/1776 1762/1918/1780 1763/1919/1781 1759/1915/1777
f 1762/1918/1780 217/229/217 220/232/220 1763/1919/1781
f 1763/1919/1781 220/232/220 225/237/225 1764/1920/1782
f 1759/1915/1777 1763/1919/1781 1764/1920/1782 1760/1916/1778
f 1765/1921/1783 1766/1922/1784 1767/1923/1785 1768/1924/1786
f 1766/1922/1784 1640/1793/1658 1639/1792/1657 1767/1923/1785
f 1767/1923/1785 1639/1792/1657 1638/1791/1656 1769/1925/1787
f 1768/1924/1786 1767/1923/1785 1769/1925/1787 1770/1926/1788
f 1771/1927/1789 1772/1928/1790 1773/1929/1791 1774/1930/1792
f 1772/1928/1790 1775/1931/1793 1776/1932/1794 1773/1929/1791
f 1773/1929/1791 1776/1932/1794 1777/1933/1795 1778/1934/1796
f 1774/1930/1792 1773/1929/1791 1778/1934/1796 1779/1935/1797
f 1775/1931/1793 1780/1936/1798 1781/1937/1799 1776/1932/1794
f 1780/1936/1798 1782/1938/1800 1783/1939/1801 1781/1937/1799
f 1781/1937/1799 1783/1939/1801 1784/1940/1802 1785/1941/1803
f 1776/1932/1794 1781/1937/1799 1785/1941/1803 1777/1933/1795
f 1782/1938/1800 1786/1942/1804 1787/1943/1805 1783/1939/1801
f 1786/1942/1804 1788/1944/1806 1789/1945/1807 1787/1943/1805
f 1787/1943/1805 1789/1945/1807 1790/1946/1808 1791/1947/1809
f 1783/1939/1801 1787/1943/1805 1791/1947/1809 1784/1940/1802
f 1788/1944/1806 1792/1948/1810 1793/1949/1811 1789/1945/1807
f 1792/1948/1810 1794/1950/1812 1795/1951/1813 1793/1949/1811
f 1793/1949/1811 1795/1951/1813 1796/1952/1814 1797/1953/1815
f 1789/1945/1807 1793/1949/1811 1797/1953/1815 1790/1946/1808
f 1794/1950/1812 1798/1954/1816 1799/1955/1817 1795/1951/1813
f 1798/1954/1816 1800/1956/1818 1801/1957/1819 1799/1955/1817
f 1799/1955/1817 1801/1957/1819 1802/1958/1820 1803/1959/1821
f 1795/1951/1813 1799/1955/1817 1803/1959/1821 1796/1952/1814
f 1800/1956/1818 1804/1960/1822 1805/1961/1823 1801/1957/1819
f 1804/1960/1822 1806/1962/1824 1807/1963/1825 1805/1961/1823
f 1805/1961/1823 1807/1963/1825 1808/1964/1826 1809/1965/1827
f 1801/1957/1819 1805/1961/1823 1809/1965/1827 1802/1958/1820
f 1806/1962/1824 1810/1966/1828 1811/1967/1829 1807/1963/1825
f 1810/1966/1828 1812/1968/1830 1813/1969/1831 1811/1967/1829
f 1811/1967/1829 1813/1969/1831 1814/1970/1832 1815/1971/1833
f 1807/1963/1825 1811/1967/1829 1815/1971/1833 1808/1964/1826
f 1812/1968/1830 1816/1972/1834 1817/1973/1835 1813/1969/1831
f 1816/1972/1834 1818/1974/1836 1819/1975/1837 1817/1973/1835
f 1817/1973/1835 1819/1975/1837 1820/1976/1838 1821/1977/1839
f 1813/1969/1831 1817/1973/1835 1821/1977/1839 1814/1970/1832
f 1818/1974/1836 1822/1978/1840 1823/1979/1841 1819/1975/1837
f 1822/1978/1840 1824/1980/1842 1825/1981/1843 1823/1979/1841
f 1823/1979/1841 1825/1981/1843 1826/1982/1844 1827/1983/1845
f 1819/1975/1837 1823/1979/1841 1827/1983/1845 1820/1976/1838
f 1828/1984/1846 1829/1985/1847 1830/1986/1848 1831/1987/1849
f 1829/1985/1847 1826/1982/1844 1832/1988/1850 1830/1986/1848
f 1830/1986/1848 1832/1988/1850 1833/1989/1851 1834/1990/1852
f 1831/1987/1849 1830/1986/1848 1834/1990/1852 1835/1991/1853
f 1836/1992/1854 1837/1993/1855 1838/1994/1856 1839/1995/1857
f 1837/1993/1855 1840/1996/1858 1841/1997/1859 1838/1994/1856
f 1838/1994/1856 1841/1997/1859 1668/1821/1686 1842/1998/1860
f 1839/1995/1857 1838/1994/1856 1842/1998/1860 1833/1989/1851
f 1840/1996/1858 1843/1999/1861 1844/2000/1862 1841/1997/1859
f 1843/1999/1861 1845/2001/1863 1846/2002/1864 1844/2000/1862
f 1844/2000/1862 1846/2002/1864 1670/1823/1688 1669/1822/1687
f 1841/1997/1859 1844/2000/1862 1669/1822/1687 1668/1821/1686
f 1845/2001/1863 1847/2003/1865 1848/2004/1866 1846/2002/1864
f 1847/2003/1865 1849/2005/1867 1850/2006/1868 1848/2004/1866
f 1848/2004/1866 1850/2006/1868 1634/1787/1652 1851/2007/1869
f 1846/2002/1864 1848/2004/1866 1851/2007/1869 1670/1823/1688
f 1852/2008/1870 1853/2009/1871 1854/2010/1872 1855/2011/1873
f 1853/2009/1871 1856/2012/1874 1857/2013/1875 1854/2010/1872
f 1854/2010/1872 1857/2013/1875 1770/1926/1788 1769/1925/1787
f 1855/2011/1873 1854/2010/1872 1769/1925/1787 1638/1791/1656
f 1765/1921/1783 1858/2014/1876 1859/2015/1877 1860/2016/1878
f 1858/2014/1876 1861/2017/1879 1862/2018/1880 1859/2015/1877
f 1859/2015/1877 1862/2018/1880 1863/2019/1881 1864/2020/1882
f 1860/2016/1878 1859/2015/1877 1864/2020/1882 1865/2021/1883
f 1861/2017/1879 1866/2022/1884 1867/2023/1885 1862/2018/1880
f 1866/2022/1884 1868/2024/1886 1869/2025/1887 1867/2023/1885
f 1867/2023/1885 1869/2025/1887 1870/2026/1888 1871/2027/1889
f 1862/2018/1880 1867/2023/1885 1871/2027/1889 1863/2019/1881
f 1868/2024/1886 1872/2028/1890 1873/2029/1891 1869/2025/1887
f 1872/2028/1890 1874/2030/1892 1875/2031/1893 1873/2029/1891
f 1873/2029/1891 1875/2031/1893 1876/2032/1894 1877/2033/1895
f 1869/2025/1887 1873/2029/1891 1877/2033/1895 1870/2026/1888
f 1874/2030/1892 1878/2034/1896 1879/2035/1897 1875/2031/1893
f 1878/2034/1896 1880/2036/1898 1881/2037/1899 1879/2035/1897
f 1879/2035/1897 1881/2037/1899 1882/2038/1900 1883/2039/1901
f 1875/2031/1893 1879/2035/1897 1883/2039/1901 1876/2032/1894
f 1880/2036/1898 1884/2040/1902 1885/2041/1903 1881/2037/1899
f 1884/2040/1902 1886/2042/1904 1887/2043/1905 1885/2041/1903
f 1885/2041/1903 1887/2043/1905 1888/2044/1906 1889/2045/1907
f 1881/2037/1899 1885/2041/1903 1889/2045/1907 1882/2038/1900
f 1886/2042/1904 1890/2046/1908 1891/2047/1909 1887/2043/1905
f 1890/2046/1908 1892/2048/1910 1893/2049/1911 1891/2047/1909
f 1891/2047/1909 1893/2049/1911 1894/2050/1912 1895/2051/1913
f 1887/2043/1905 1891/2047/1909 1895/2051/1913 1888/2044/1906
f 1892/2048/1910 1896/2052/1914 1897/2053/1915 1893/2049/1911
f 1896/2052/1914 1898/2054/1916 1899/2055/1917 1897/2053/1915
f 1897/2053/1915 1899/2055/1917 1900/2056/1918 1901/2057/1919
f 1893/2049/1911 1897/2053/1915 1901/2057/1919 1894/2050/1912
f 1902/2058/1920 1903/2059/1921 1904/2060/1922 1905/2061/1923
f 1903/2059/1921 1906/2062/1924 1907/2063/1925 1904/2060/1922
f 1904/2060/1922 1907/2063/1925 1908/2064/1926 1909/2065/1927
f 1905/2061/1923 1904/2060/1922 1909/2065/1927 1910/2066/1928
f 1906/2062/1924 1911/2067/1929 1912/2068/1930 1907/2063/1925
f 1911/2067/1929 1828/1984/1846 1913/2069/1931 1912/2068/1930
f 1912/2068/1930 1913/2069/1931 1914/2070/1932 1915/2071/1933
f 1907/2063/1925 1912/2068/1930 1915/2071/1933 1908/2064/1926
f 1828/1984/1846 1831/1987/1849 1916/2072/1934 1913/2069/1931
f 1831/1987/1849 1835/1991/1853 1917/2073/1935 1916/2072/1934
f 1916/2072/1934 1917/2073/1935 1918/2074/1936 1919/2075/1937
f 1913/2069/1931 1916/2072/1934 1919/2075/1937 1914/2070/1932
f 1835/1991/1853 1920/2076/1938 1921/2077/1939 1917/2073/1935
f 1920/2076/1938 1664/1817/1682 1922/2078/1940 1921/2077/1939
f 1921/2077/1939 1922/2078/1940 1923/2079/1941 1924/2080/1942
f 1917/2073/1935 1921/2077/1939 1924/2080/1942 1918/2074/1936
f 1664/1817/1682 1667/1820/1685 1925/2081/1943 1922/2078/1940
f 1667/1820/1685 1672/1825/1690 1926/2082/1944 1925/2081/1943
f 1925/2081/1943 1926/2082/1944 1927/2083/1945 1928/2084/1946
f 1922/2078/1940 1925/2081/1943 1928/2084/1946 1923/2079/1941
f 1672/1825/1690 1929/2085/1947 1930/2086/1948 1926/2082/1944
f 1929/2085/1947 1642/1795/1660 1931/2087/1949 1930/2086/1948
f 1930/2086/1948 1931/2087/1949 1932/2088/1950 1933/2089/1951
f 1926/2082/1944 1930/2086/1948 1933/2089/1951 1927/2083/1945
f 1642/1795/1660 1641/1794/1659 1934/2090/1952 1931/2087/1949
f 1641/1794/1659 1640/1793/1658 1935/2091/1953 1934/2090/1952
f 1934/2090/1952 1935/2091/1953 1936/2092/1954 1937/2093/1955
f 1931/2087/1949 1934/2090/1952 1937/2093/1955 1932/2088/1950
f 1640/1793/1658 1766/1922/1784 1938/2094/1956 1935/2091/1953
f 1766/1922/1784 1765/1921/1783 1860/2016/1878 1938/2094/1956
f 1938/2094/1956 1860/2016/1878 1865/2021/1883 1939/2095/1957
f 1935/2091/1953 1938/2094/1956 1939/2095/1957 1936/2092/1954
f 1865/2021/1883 1864/2020/1882 1940/2096/1958 1941/2097/1959
f 1864/2020/1882 1863/2019/1881 1942/2098/1960 1940/2096/1958
f 1940/2096/1958 1942/2098/1960 1943/2099/1961 1944/2100/1962
f 1941/2097/1959 1940/2096/1958 1944/2100/1962 1945/2101/1963
f 1932/2088/1950 1937/2093/1955 1946/2102/1964 1947/2103/1965
f 1937/2093/1955 1936/2092/1954 1948/2104/1966 1946/2102/1964
f 1946/2102/1964 1948/2104/1966 1949/2105/1967 1950/2106/1968
f 1947/2103/1965 1946/2102/1964 1950/2106/1968 1951/2107/1969
f 1870/2026/1888 1877/2033/1895 1952/2108/1970 1953/2109/1971
f 1877/2033/1895 1876/2032/1894 1954/2110/1972 1952/2108/1970
f 1952/2108/1970 1954/2110/1972 1955/2111/1973 1956/2112/1974
f 1953/2109/1971 1952/2108/1970 1956/2112/1974 1957/2113/1975
f 1927/2083/1945 1933/2089/1951 1958/2114/1976 1959/2115/1977
f 1933/2089/1951 1932/2088/1950 1947/2103/1965 1958/2114/1976
f 1958/2114/1976 1947/2103/1965 1951/2107/1969 1960/2116/1978
f 1959/2115/1977 1958/2114/1976 1960/2116/1978 1961/2117/1979
f 1918/2074/1936 1924/2080/1942 1962/2118/1980 1963/2119/1981
f 1924/2080/1942 1923/2079/1941 1964/2120/1982 1962/2118/1980
f 1962/2118/1980 1964/2120/1982 1965/2121/1983 1966/2122/1984
f 1963/2119/1981 1962/2118/1980 1966/2122/1984 1967/2123/1985
f 1894/2050/1912 1901/2057/1919 1968/2124/1986 1969/2125/1987
f 1901/2057/1919 1900/2056/1918 1970/2126/1988 1968/2124/1986
f 1968/2124/1986 1970/2126/1988 1971/2127/1989 1972/2128/1990
f 1969/2125/1987 1968/2124/1986 1972/2128/1990 1973/2129/1991
f 1936/2092/1954 1939/2095/1957 1974/2130/1992 1948/2104/1966
f 1939/2095/1957 1865/2021/1883 1941/2097/1959 1974/2130/1992
f 1974/2130/1992 1941/2097/1959 1945/2101/1963 1975/2131/1993
f 1948/2104/1966 1974/2130/1992 1975/2131/1993 1949/2105/1967
f 1888/2044/1906 1895/2051/1913 1976/2132/1994 1977/2133/1995
f 1895/2051/1913 1894/2050/1912 1969/2125/1987 1976/2132/1994
f 1976/2132/1994 1969/2125/1987 1973/2129/1991 1978/2134/1996
f 1977/2133/1995 1976/2132/1994 1978/2134/1996 1979/2135/1997
f 1923/2079/1941 1928/2084/1946 1980/2136/1998 1964/2120/1982
f 1928/2084/1946 1927/2083/1945 1959/2115/1977 1980/2136/1998
f 1980/2136/1998 1959/2115/1977 1961/2117/1979 1981/2137/1999
f 1964/2120/1982 1980/2136/1998 1981/2137/1999 1965/2121/1983
f 1882/2038/1900 1889/2045/1907 1982/2138/2000 1983/2139/2001
f 1889/2045/1907 1888/2044/1906 1977/2133/1995 1982/2138/2000
f 1982/2138/2000 1977/2133/1995 1979/2135/1997 1984/2140/2002
f 1983/2139/2001 1982/2138/2000 1984/2140/2002 1985/2141/2003
f 1914/2070/1932 1919/2075/1937 1986/2142/2004 1987/2143/2005
f 1919/2075/1937 1918/2074/1936 1963/2119/1981 1986/2142/2004
f 1986/2142/2004 1963/2119/1981 1967/2123/1985 1988/2144/2006
f 1987/2143/2005 1986/2142/2004 1988/2144/2006 1989/2145/2007
f 1945/2146/1963 1944/2147/1962 1990/2148/2008 1991/2149/2009
f 1944/2147/1962 1943/2150/1961 1992/2151/2010 1990/2148/2008
f 1990/2148/2008 1992/2151/2010 1993/2152/2011 1994/2153/2012
f 1991/2149/2009 1990/2148/2008 1994/2153/2012 1995/2154/2013
f 1943/2150/1961 1996/2155/2014 1997/2156/2015 1992/2151/2010
f 1996/2155/2014 1957/2157/1975 1998/2158/2016 1997/2156/2015
f 1997/2156/2015 1998/2158/2016 1999/2159/2017 2000/2160/2018
f 1992/2151/2010 1997/2156/2015 2000/2160/2018 1993/2152/2011
f 1957/2161/1975 1956/2162/1974 2001/2163/2019 1998/2164/2016
f 1956/2162/1974 1955/2165/1973 2002/2166/2020 2001/2163/2019
f 2001/2163/2019 2002/2166/2020 2003/2167/2021 2004/2168/2022
f 1998/2164/2016 2001/2163/2019 2004/2168/2022 1999/2169/2017
f 1955/2165/1973 2005/2170/2023 2006/2171/2024 2002/2166/2020
f 2005/2170/2023 1985/2172/2003 2007/2173/2025 2006/2171/2024
f 2006/2171/2024 2007/2173/2025 2008/2174/2026 2009/2175/2027
f 2002/2166/2020 2006/2171/2024 2009/2175/2027 2003/2167/2021
f 1985/2172/2003 1984/2176/2002 2010/2177/2028 2007/2173/2025
f 1984/2176/2002 1979/2178/1997 2011/2179/2029 2010/2177/2028
f 2010/2177/2028 2011/2179/2029 2012/2180/2030 2013/2181/2031
f 2007/2173/2025 2010/2177/2028 2013/2181/2031 2008/2174/2026
f 1979/2178/1997 1978/2182/1996 2014/2183/2032 2011/2179/2029
f 1978/2182/1996 1973/2184/1991 2015/2185/2033 2014/2183/2032
f 2014/2183/2032 2015/2185/2033 2016/2186/2034 2017/2187/2035
f 2011/2179/2029 2014/2183/2032 2017/2187/2035 2012/2180/2030
f 1973/2188/1991 1972/2189/1990 2018/2190/2036 2015/2191/2033
f 1972/2189/1990 1971/2192/1989 2019/2193/2037 2018/2190/2036
f 2018/2190/2036 2019/2193/2037 2020/2194/2038 2021/2195/2039
f 2015/2191/2033 2018/2190/2036 2021/2195/2039 2016/2196/2034
f 2022/2197/2040 2023/2198/2041 2024/2199/2042 2025/2200/2043
f 2023/2198/2041 1989/2201/2007 2026/2202/2044 2024/2199/2042
f 2024/2199/2042 2026/2202/2044 2027/2203/2045 2028/2204/2046
f 2025/2200/2043 2024/2199/2042 2028/2204/2046 2029/2205/2047
f 1989/2206/2007 1988/2207/2006 2030/2208/2048 2026/2209/2044
f 1988/2207/2006 1967/2210/1985 2031/2211/2049 2030/2208/2048
f 2030/2208/2048 2031/2211/2049 2032/2212/2050 2033/2213/2051
f 2026/2209/2044 2030/2208/2048 2033/2213/2051 2027/2214/2045
f 1967/2210/1985 1966/2215/1984 2034/2216/2052 2031/2211/2049
f 1966/2215/1984 1965/2217/1983 2035/2218/2053 2034/2216/2052
f 2034/2216/2052 2035/2218/2053 2036/2219/2054 2037/2220/2055
f 2031/2211/2049 2034/2216/2052 2037/2220/2055 2032/2212/2050
f 1965/2217/1983 1981/2221/1999 2038/2222/2056 2035/2218/2053
f 1981/2221/1999 1961/2223/1979 2039/2224/2057 2038/2222/2056
f 2038/2222/2056 2039/2224/2057 2040/2225/2058 2041/2226/2059
f 2035/2218/2053 2038/2222/2056 2041/2226/2059 2036/2219/2054
f 1961/2223/1979 1960/2227/1978 2042/2228/2060 2039/2224/2057
f 1960/2227/1978 1951/2229/1969 2043/2230/2061 2042/2228/2060
f 2042/2228/2060 2043/2230/2061 2044/2231/2062 2045/2232/2063
f 2039/2224/2057 2042/2228/2060 2045/2232/2063 2040/2225/2058
f 1951/2233/1969 1950/2234/1968 2046/2235/2064 2043/2236/2061
f 1950/2234/1968 1949/2237/1967 2047/2238/2065 2046/2235/2064
f 2046/2235/2064 2047/2238/2065 2048/2239/2066 2049/2240/2067
f 2043/2236/2061 2046/2235/2064 2049/2240/2067 2044/2241/2062
f 1949/2237/1967 1975/2242/1993 2050/2243/2068 2047/2238/2065
f 1975/2242/1993 1945/2146/1963 1991/2149/2009 2050/2243/2068
f 2050/2243/2068 1991/2149/2009 1995/2154/2013 2051/2244/2069
f 2047/2238/2065 2050/2243/2068 2051/2244/2069 2048/2239/2066
f 1995/2154/2013 1994/2153/2012 2052/2245/2070 2053/2246/2071
f 1994/2153/2012 1993/2152/2011 2054/2247/2072 2052/2245/2070
f 2052/2245/2070 2054/2247/2072 2055/2248/2073 2056/2249/2074
f 2053/2246/2071 2052/2245/2070 2056/2249/2074 2057/2250/2075
f 1993/2152/2011 2000/2160/2018 2058/2251/2076 2054/2247/2072
f 2000/2160/2018 1999/2159/2017 2059/2252/2077 2058/2251/2076
f 2058/2251/2076 2059/2252/2077 2060/2253/2078 2061/2254/2079
f 2054/2247/2072 2058/2251/2076 2061/2254/2079 2055/2248/2073
f 1999/2169/2017 2004/2168/2022 2062/2255/2080 2059/2256/2077
f 2004/2168/2022 2003/2167/2021 2063/2257/2081 2062/2255/2080
f 2062/2255/2080 2063/2257/2081 2064/2258/2082 2065/2259/2083
f 2059/2256/2077 2062/2255/2080 2065/2259/2083 2060/2260/2078
f 2003/2167/2021 2009/2175/2027 2066/2261/2084 2063/2257/2081
f 2009/2175/2027 2008/2174/2026 2067/2262/2085 2066/2261/2084
f 2066/2261/2084 2067/2262/2085 2068/2263/2086 2069/2264/2087
f 2063/2257/2081 2066/2261/2084 2069/2264/2087 2064/2258/2082
f 2008/2174/2026 2013/2181/2031 2070/2265/2088 2067/2262/2085
f 2013/2181/2031 2012/2180/2030 2071/2266/2089 2070/2265/2088
f 2070/2265/2088 2071/2266/2089 2072/2267/2090 2073/2268/2091
f 2067/2262/2085 2070/2265/2088 2073/2268/2091 2068/2263/2086
f 2012/2180/2030 2017/2187/2035 2074/2269/2092 2071/2266/2089
f 2017/2187/2035 2016/2186/2034 2075/2270/2093 2074/2269/2092
f 2074/2269/2092 2075/2270/2093 2076/2271/2094 2077/2272/2095
f 2071/2266/2089 2074/2269/2092 2077/2272/2095 2072/2267/2090
f 2016/2196/2034 2021/2195/2039 2078/2273/2096 2075/2274/2093
f 2021/2195/2039 2020/2194/2038 2079/2275/2097 2078/2273/2096
f 2078/2273/2096 2079/2275/2097 2080/2276/2098 2081/2277/2099
f 2075/2274/2093 2078/2273/2096 2081/2277/2099 2076/2278/2094
f 2082/2279/2100 2083/2280/2101 2084/2281/2102 2085/2282/2103
f 2083/2280/2101 2029/2205/2047 2086/2283/2104 2084/2281/2102
f 2084/2281/2102 2086/2283/2104 2087/2284/2105 2088/2285/2106
f 2085/2282/2103 2084/2281/2102 2088/2285/2106 2089/2286/2107
f 2029/2205/2047 2028/2204/2046 2090/2287/2108 2086/2283/2104
f 2028/2204/2046 2027/2203/2045 2091/2288/2109 2090/2287/2108
f 2090/2287/2108 2091/2288/2109 2092/2289/2110 2093/2290/2111
f 2086/2283/2104 2090/2287/2108 2093/2290/2111 2087/2284/2105
f 2027/2214/2045 2033/2213/2051 2094/2291/2112 2091/2292/2109
f 2033/2213/2051 2032/2212/2050 2095/2293/2113 2094/2291/2112
f 2094/2291/2112 2095/2293/2113 2096/2294/2114 2097/2295/2115
f 2091/2292/2109 2094/2291/2112 2097/2295/2115 2092/2296/2110
f 2032/2212/2050 2037/2220/2055 2098/2297/2116 2095/2293/2113
f 2037/2220/2055 2036/2219/2054 2099/2298/2117 2098/2297/2116
f 2098/2297/2116 2099/2298/2117 2100/2299/2118 2101/2300/2119
f 2095/2293/2113 2098/2297/2116 2101/2300/2119 2096/2294/2114
f 2036/2219/2054 2041/2226/2059 2102/2301/2120 2099/2298/2117
f 2041/2226/2059 2040/2225/2058 2103/2302/2121 2102/2301/2120
f 2102/2301/2120 2103/2302/2121 2104/2303/2122 2105/2304/2123
f 2099/2298/2117 2102/2301/2120 2105/2304/2123 2100/2299/2118
f 2040/2225/2058 2045/2232/2063 2106/2305/2124 2103/2302/2121
f 2045/2232/2063 2044/2231/2062 2107/2306/2125 2106/2305/2124
f 2106/2305/2124 2107/2306/2125 2108/2307/2126 2109/2308/2127
f 2103/2302/2121 2106/2305/2124 2109/2308/2127 2104/2303/2122
f 2044/2241/2062 2049/2240/2067 2110/2309/2128 2107/2310/2125
f 2049/2240/2067 2048/2239/2066 2111/2311/2129 2110/2309/2128
f 2110/2309/2128 2111/2311/2129 2112/2312/2130 2113/2313/2131
f 2107/2310/2125 2110/2309/2128 2113/2313/2131 2108/2314/2126
f 2048/2239/2066 2051/2244/2069 2114/2315/2132 2111/2311/2129
f 2051/2244/2069 1995/2154/2013 2053/2246/2071 2114/2315/2132
f 2114/2315/2132 2053/2246/2071 2057/2250/2075 2115/2316/2133
f 2111/2311/2129 2114/2315/2132 2115/2316/2133 2112/2312/2130
f 2057/2250/2075 2056/2249/2074 2116/2317/2134 2117/2318/2135
f 2056/2249/2074 2055/2248/2073 2118/2319/2136 2116/2317/2134
f 2116/2317/2134 2118/2319/2136 2119/2320/2137 2120/2321/2138
f 2117/2318/2135 2116/2317/2134 2120/2321/2138 2121/2322/2139
f 2055/2248/2073 2061/2254/2079 2122/2323/2140 2118/2319/2136
f 2061/2254/2079 2060/2253/2078 2123/2324/2141 2122/2323/2140
f 2122/2323/2140 2123/2324/2141 2124/2325/2142 2125/2326/2143
f 2118/2319/2136 2122/2323/2140 2125/2326/2143 2119/2320/2137
f 2060/2260/2078 2065/2259/2083 2126/2327/2144 2123/2328/2141
f 2065/2259/2083 2064/2258/2082 2127/2329/2145 2126/2327/2144
f 2126/2327/2144 2127/2329/2145 2128/2330/2146 2129/2331/2147
f 2123/2328/2141 2126/2327/2144 2129/2331/2147 2124/2332/2142
f 2064/2258/2082 2069/2264/2087 2130/2333/2148 2127/2329/2145
f 2069/2264/2087 2068/2263/2086 2131/2334/2149 2130/2333/2148
f 2130/2333/2148 2131/2334/2149 2132/2335/2150 2133/2336/2151
f 2127/2329/2145 2130/2333/2148 2133/2336/2151 2128/2330/2146
f 2068/2263/2086 2073/2268/2091 2134/2337/2152 2131/2334/2149
f 2073/2268/2091 2072/2267/2090 2135/2338/2153 2134/2337/2152
f 2134/2337/2152 2135/2338/2153 2136/2339/2154 2137/2340/2155
f 2131/2334/2149 2134/2337/2152 2137/2340/2155 2132/2335/2150
f 2072/2267/2090 2077/2272/2095 2138/2341/2156 2135/2338/2153
f 2077/2272/2095 2076/2271/2094 2139/2342/2157 2138/2341/2156
f 2138/2341/2156 2139/2342/2157 2140/2343/2158 2141/2344/2159
f 2135/2338/2153 2138/2341/2156 2141/2344/2159 2136/2339/2154
f 2076/2278/2094 2081/2277/2099 2142/2345/2160 2139/2346/2157
f 2081/2277/2099 2080/2276/2098 2143/2347/2161 2142/2345/2160
f 2142/2345/2160 2143/2347/2161 2144/2348/2162 2145/2349/2163
f 2139/2346/2157 2142/2345/2160 2145/2349/2163 2140/2350/2158
f 2089/2286/2107 2088/2285/2106 2146/2351/2164 2147/2352/2165
f 2088/2285/2106 2087/2284/2105 2148/2353/2166 2146/2351/2164
f 2146/2351/2164 2148/2353/2166 2149/2354/2167 2150/2355/2168
f 2147/2352/2165 2146/2351/2164 2150/2355/2168 2151/2356/2169
f 2087/2284/2105 2093/2290/2111 2152/2357/2170 2148/2353/2166
f 2093/2290/2111 2092/2289/2110 2153/2358/2171 2152/2357/2170
f 2152/2357/2170 2153/2358/2171 2154/2359/2172 2155/2360/2173
f 2148/2353/2166 2152/2357/2170 2155/2360/2173 2149/2354/2167
f 2092/2296/2110 2097/2295/2115 2156/2361/2174 2153/2362/2171
f 2097/2295/2115 2096/2294/2114 2157/2363/2175 2156/2361/2174
f 2156/2361/2174 2157/2363/2175 2158/2364/2176 2159/2365/2177
f 2153/2362/2171 2156/2361/2174 2159/2365/2177 2154/2366/2172
f 2096/2294/2114 2101/2300/2119 2160/2367/2178 2157/2363/2175
f 2101/2300/2119 2100/2299/2118 2161/2368/2179 2160/2367/2178
f 2160/2367/2178 2161/2368/2179 2162/2369/2180 2163/2370/2181
f 2157/2363/2175 2160/2367/2178 2163/2370/2181 2158/2364/2176
f 2100/2299/2118 2105/2304/2123 2164/2371/2182 2161/2368/2179
f 2105/2304/2123 2104/2303/2122 2165/2372/2183 2164/2371/2182
f 2164/2371/2182 2165/2372/2183 2166/2373/2184 2167/2374/2185
f 2161/2368/2179 2164/2371/2182 2167/2374/2185 2162/2369/2180
f 2104/2303/2122 2109/2308/2127 2168/2375/2186 2165/2372/2183
f 2109/2308/2127 2108/2307/2126 2169/2376/2187 2168/2375/2186
f 2168/2375/2186 2169/2376/2187 2170/2377/2188 2171/2378/2189
f 2165/2372/2183 2168/2375/2186 2171/2378/2189 2166/2373/2184
f 2108/2314/2126 2113/2313/2131 2172/2379/2190 2169/2380/2187
f 2113/2313/2131 2112/2312/2130 2173/2381/2191 2172/2379/2190
f 2172/2379/2190 2173/2381/2191 2174/2382/2192 2175/2383/2193
f 2169/2380/2187 2172/2379/2190 2175/2383/2193 2170/2384/2188
f 2112/2312/2130 2115/2316/2133 2176/2385/2194 2173/2381/2191
f 2115/2316/2133 2057/2250/2075 2117/2318/2135 2176/2385/2194
f 2176/2385/2194 2117/2318/2135 2121/2322/2139 2177/2386/2195
f 2173/2381/2191 2176/2385/2194 2177/2386/2195 2174/2382/2192
f 2178/2387/2196 2179/2388/2197 2180/2389/2198 2181/2390/2199
f 2179/2388/2197 2182/2391/2200 2183/2392/2201 2180/2389/2198
f 2180/2389/2198 2183/2392/2201 2184/2393/2202 2185/2394/2203
f 2181/2390/2199 2180/2389/2198 2185/2394/2203 2186/2395/2204
f 2182/2396/2200 2187/2397/2205 2188/2398/2206 2183/2399/2201
f 2187/2397/2205 2189/2400/2207 2190/2401/2208 2188/2398/2206
f 2188/2398/2206 2190/2401/2208 2191/2402/2209 2192/2403/2210
f 2183/2399/2201 2188/2398/2206 2192/2403/2210 2184/2404/2202
f 2189/2400/2207 2193/2405/2211 2194/2406/2212 2190/2401/2208
f 2193/2405/2211 2195/2407/2213 2196/2408/2214 2194/2406/2212
f 2194/2406/2212 2196/2408/2214 2197/2409/2215 2198/2410/2216
f 2190/2401/2208 2194/2406/2212 2198/2410/2216 2191/2402/2209
f 2195/2407/2213 2199/2411/2217 2200/2412/2218 2196/2408/2214
f 2199/2411/2217 2201/2413/2219 2202/2414/2220 2200/2412/2218
f 2200/2412/2218 2202/2414/2220 2203/2415/2221 2204/2416/2222
f 2196/2408/2214 2200/2412/2218 2204/2416/2222 2197/2409/2215
f 2201/2413/2219 2205/2417/2223 2206/2418/2224 2202/2414/2220
f 2205/2417/2223 2207/2419/2225 2208/2420/2226 2206/2418/2224
f 2206/2418/2224 2208/2420/2226 2209/2421/2227 2210/2422/2228
f 2202/2414/2220 2206/2418/2224 2210/2422/2228 2203/2415/2221
f 2207/2423/2225 2211/2424/2229 2212/2425/2230 2208/2426/2226
f 2211/2424/2229 2213/2427/2231 2214/2428/2232 2212/2425/2230
f 2212/2425/2230 2214/2428/2232 2215/2429/2233 2216/2430/2234
f 2208/2426/2226 2212/2425/2230 2216/2430/2234 2209/2431/2227
f 2213/2427/2231 2217/2432/2235 2218/2433/2236 2214/2428/2232
f 2217/2432/2235 2219/2434/2237 2220/2435/2238 2218/2433/2236
f 2218/2433/2236 2220/2435/2238 2221/2436/2239 2222/2437/2240
f 2214/2428/2232 2218/2433/2236 2222/2437/2240 2215/2429/2233
f 2219/2434/2237 2223/2438/2241 2224/2439/2242 2220/2435/2238
f 2223/2438/2241 2225/2440/2243 2226/2441/2244 2224/2439/2242
f 2224/2439/2242 2226/2441/2244 2227/2442/2245 2228/2443/2246
f 2220/2435/2238 2224/2439/2242 2228/2443/2246 2221/2436/2239
f 2225/2440/2243 2229/2444/2247 2230/2445/2248 2226/2441/2244
f 2229/2444/2247 2231/2446/2249 2232/2447/2250 2230/2445/2248
f 2230/2445/2248 2232/2447/2250 2233/2448/2251 2234/2449/2252
f 2226/2441/2244 2230/2445/2248 2234/2449/2252 2227/2442/2245
f 2231/2450/2249 2235/2451/2253 2236/2452/2254 2232/2453/2250
f 2235/2451/2253 2237/2454/2255 2238/2455/2256 2236/2452/2254
f 2236/2452/2254 2238/2455/2256 2239/2456/2257 2240/2457/2258
f 2232/2453/2250 2236/2452/2254 2240/2457/2258 2233/2458/2251
f 2237/2454/2255 2241/2459/2259 2242/2460/2260 2238/2455/2256
f 2241/2459/2259 2243/2461/2261 2244/2462/2262 2242/2460/2260
f 2242/2460/2260 2244/2462/2262 2245/2463/2263 2246/2464/2264
f 2238/2455/2256 2242/2460/2260 2246/2464/2264 2239/2456/2257
f 2243/2461/2261 2247/2465/2265 2248/2466/2266 2244/2462/2262
f 2247/2465/2265 2249/2467/2267 2250/2468/2268 2248/2466/2266
f 2248/2466/2266 2250/2468/2268 2251/2469/2269 2252/2470/2270
f 2244/2462/2262 2248/2466/2266 2252/2470/2270 2245/2463/2263
f 2249/2467/2267 2253/2471/2271 2254/2472/2272 2250/2468/2268
f 2253/2471/2271 2255/2473/2273 2256/2474/2274 2254/2472/2272
f 2254/2472/2272 2256/2474/2274 2257/2475/2275 2258/2476/2276
f 2250/2468/2268 2254/2472/2272 2258/2476/2276 2251/2469/2269
f 2255/2477/2273 2259/2478/2277 2260/2479/2278 2256/2480/2274
f 2259/2478/2277 1/1/1 4/4/4 2260/2479/2278
f 2260/2479/2278 4/4/4 9/9/9 2261/2481/2279
f 2256/2480/2274 2260/2479/2278 2261/2481/2279 2257/2482/2275
f 2262/2483/2280 2263/2484/2281 2264/2485/2282 2265/2486/2283
f 2263/2484/2281 2266/2487/2284 2267/2488/2285 2264/2485/2282
f 2264/2485/2282 2267/2488/2285 2268/2489/2286 2269/2490/2287
f 2265/2486/2283 2264/2485/2282 2269/2490/2287 2270/2491/2288
f 18/18/18 17/17/17 2271/2492/2289 2272/2493/2290
f 17/17/17 16/16/16 2273/2494/2291 2271/2492/2289
f 2271/2492/2289 2273/2494/2291 2274/2495/2292 2275/2496/2293
f 2272/2493/2290 2271/2492/2289 2275/2496/2293 2276/2497/2294
f 16/27/16 24/26/24 2277/2498/2295 2273/2499/2291
f 24/26/24 23/25/23 2278/2500/2296 2277/2498/2295
f 2277/2498/2295 2278/2500/2296 2279/2501/2297 2280/2502/2298
f 2273/2499/2291 2277/2498/2295 2280/2502/2298 2274/2503/2292
f 23/25/23 30/33/30 2281/2504/2299 2278/2500/2296
f 30/33/30 29/32/29 2282/2505/2300 2281/2504/2299
f 2281/2504/2299 2282/2505/2300 2283/2506/2301 2284/2507/2302
f 2278/2500/2296 2281/2504/2299 2284/2507/2302 2279/2501/2297
f 29/32/29 36/39/36 2285/2508/2303 2282/2505/2300
f 36/39/36 35/38/35 2286/2509/2304 2285/2508/2303
f 2285/2508/2303 2286/2509/2304 2287/2510/2305 2288/2511/2306
f 2282/2505/2300 2285/2508/2303 2288/2511/2306 2283/2506/2301
f 35/38/35 42/45/42 2289/2512/2307 2286/2509/2304
f 42/45/42 41/44/41 2290/2513/2308 2289/2512/2307
f 2289/2512/2307 2290/2513/2308 2291/2514/2309 2292/2515/2310
f 2286/2509/2304 2289/2512/2307 2292/2515/2310 2287/2510/2305
f 41/54/41 48/53/48 2293/2516/2311 2290/2517/2308
f 48/53/48 47/52/47 2294/2518/2312 2293/2516/2311
f 2293/2516/2311 2294/2518/2312 2295/2519/2313 2296/2520/2314
f 2290/2517/2308 2293/2516/2311 2296/2520/2314 2291/2521/2309
f 47/52/47 54/60/54 2297/2522/2315 2294/2518/2312
f 54/60/54 53/59/53 2298/2523/2316 2297/2522/2315
f 2297/2522/2315 2298/2523/2316 2299/2524/2317 2300/2525/2318
f 2294/2518/2312 2297/2522/2315 2300/2525/2318 2295/2519/2313
f 53/59/53 60/66/60 2301/2526/2319 2298/2523/2316
f 60/66/60 59/65/59 2302/2527/2320 2301/2526/2319
f 2301/2526/2319 2302/2527/2320 2303/2528/2321 2304/2529/2322
f 2298/2523/2316 2301/2526/2319 2304/2529/2322 2299/2524/2317
f 59/65/59 66/72/66 2305/2530/2323 2302/2527/2320
f 66/72/66 65/71/65 2306/2531/2324 2305/2530/2323
f 2305/2530/2323 2306/2531/2324 2307/2532/2325 2308/2533/2326
f 2302/2527/2320 2305/2530/2323 2308/2533/2326 2303/2528/2321
f 65/81/65 72/80/72 2309/2534/2327 2306/2535/2324
f 72/80/72 71/79/71 2310/2536/2328 2309/2534/2327
f 2309/2534/2327 2310/2536/2328 2311/2537/2329 2312/2538/2330
f 2306/2535/2324 2309/2534/2327 2312/2538/2330 2307/2539/2325
f 71/79/71 78/87/78 2313/2540/2331 2310/2536/2328
f 78/87/78 77/86/77 2314/2541/2332 2313/2540/2331
f 2313/2540/2331 2314/2541/2332 2315/2542/2333 2316/2543/2334
f 2310/2536/2328 2313/2540/2331 2316/2543/2334 2311/2537/2329
f 83/92/83 90/99/90 2317/2544/2335 2318/2545/2336
f 90/99/90 89/98/89 2319/2546/2337 2317/2544/2335
f 2317/2544/2335 2319/2546/2337 2320/2547/2338 2321/2548/2339
f 2318/2545/2336 2317/2544/2335 2321/2548/2339 2322/2549/2340
f 89/108/89 96/107/96 2323/2550/2341 2319/2551/2337
f 96/107/96 95/106/95 2324/2552/2342 2323/2550/2341
f 2323/2550/2341 2324/2552/2342 2325/2553/2343 2326/2554/2344
f 2319/2551/2337 2323/2550/2341 2326/2554/2344 2320/2555/2338
f 95/106/95 2327/2556/2345 2328/2557/2346 2324/2552/2342
f 2327/2556/2345 2329/2558/2347 2330/2559/2348 2328/2557/2346
f 2328/2557/2346 2330/2559/2348 2331/2560/2349 2332/2561/2350
f 2324/2552/2342 2328/2557/2346 2332/2561/2350 2325/2553/2343
f 93/104/93 2333/2562/2351 2334/2563/2352 94/105/94
f 2333/2562/2351 2335/2564/2353 2336/2565/2354 2334/2563/2352
f 2334/2563/2352 2336/2565/2354 2329/2558/2347 2327/2556/2345
f 94/105/94 2334/2563/2352 2327/2556/2345 95/106/95
f 273/288/273 2337/2566/2355 2338/2567/2356 2339/2568/2357
f 2340/2569/2358 2341/2570/2359 2342/2571/2360 2343/2572/2361
f 2344/2573/2362 2345/2574/2363 2342/2571/2360 2341/2570/2359
f 2346/2575/2364 2343/2572/2361 2342/2571/2360 2345/2574/2363
f 2347/2576/2365 2348/2577/2366 2349/2578/2367 2350/2579/2368
f 2344/2573/2362 2351/2580/2369 2349/2578/2367 2348/2577/2366
f 2352/2581/2370 2350/2579/2368 2349/2578/2367 2351/2580/2369
f 5/5/5 2353/2582/2371 2354/2583/2372 6/6/6
f 2353/2582/2371 2178/2387/2196 2181/2390/2199 2354/2583/2372
f 2354/2583/2372 2181/2390/2199 2186/2395/2204 2355/2584/2373
f 6/6/6 2354/2583/2372 2355/2584/2373 7/7/7
f 2356/2585/2374 2357/2586/2375 2358/2587/2376 2359/2588/2377
f 2357/2586/2375 2360/2589/2378 2361/2590/2379 2358/2587/2376
f 2358/2587/2376 2361/2590/2379 2178/2387/2196 2353/2582/2371
f 2359/2588/2377 2358/2587/2376 2353/2582/2371 5/5/5
f 2360/2589/2378 2362/2591/2380 2363/2592/2381 2361/2590/2379
f 2362/2591/2380 2364/2593/2382 2365/2594/2383 2363/2592/2381
f 2363/2592/2381 2365/2594/2383 2182/2391/2200 2179/2388/2197
f 2361/2590/2379 2363/2592/2381 2179/2388/2197 2178/2387/2196
f 2364/2595/2382 2366/2596/2384 2367/2597/2385 2365/2598/2383
f 2366/2596/2384 2368/2599/2386 2369/2600/2387 2367/2597/2385
f 2367/2597/2385 2369/2600/2387 2189/2400/2207 2187/2397/2205
f 2365/2598/2383 2367/2597/2385 2187/2397/2205 2182/2396/2200
f 2368/2599/2386 2370/2601/2388 2371/2602/2389 2369/2600/2387
f 2370/2601/2388 2372/2603/2390 2373/2604/2391 2371/2602/2389
f 2371/2602/2389 2373/2604/2391 2195/2407/2213 2193/2405/2211
f 2369/2600/2387 2371/2602/2389 2193/2405/2211 2189/2400/2207
f 2374/2605/2392 2375/2606/2393 2376/2607/2394 2377/2608/2395
f 2375/2606/2393 2378/2609/2396 2379/2610/2397 2376/2607/2394
f 2376/2607/2394 2379/2610/2397 2213/2427/2231 2211/2424/2229
f 2377/2608/2395 2376/2607/2394 2211/2424/2229 2207/2423/2225
f 2378/2609/2396 2380/2611/2398 2381/2612/2399 2379/2610/2397
f 2380/2611/2398 2382/2613/2400 2383/2614/2401 2381/2612/2399
f 2381/2612/2399 2383/2614/2401 2219/2434/2237 2217/2432/2235
f 2379/2610/2397 2381/2612/2399 2217/2432/2235 2213/2427/2231
f 2382/2613/2400 2384/2615/2402 2385/2616/2403 2383/2614/2401
f 2384/2615/2402 2386/2617/2404 2387/2618/2405 2385/2616/2403
f 2385/2616/2403 2387/2618/2405 2225/2440/2243 2223/2438/2241
f 2383/2614/2401 2385/2616/2403 2223/2438/2241 2219/2434/2237
f 2386/2617/2404 2388/2619/2406 2389/2620/2407 2387/2618/2405
f 2388/2619/2406 2390/2621/2408 2391/2622/2409 2389/2620/2407
f 2389/2620/2407 2391/2622/2409 2231/2446/2249 2229/2444/2247
f 2387/2618/2405 2389/2620/2407 2229/2444/2247 2225/2440/2243
f 2390/2623/2408 2392/2624/2410 2393/2625/2411 2391/2626/2409
f 2392/2624/2410 2394/2627/2412 2395/2628/2413 2393/2625/2411
f 2393/2625/2411 2395/2628/2413 2237/2454/2255 2235/2451/2253
f 2391/2626/2409 2393/2625/2411 2235/2451/2253 2231/2450/2249
f 2394/2627/2412 2396/2629/2414 2397/2630/2415 2395/2628/2413
f 2396/2629/2414 2398/2631/2416 2399/2632/2417 2397/2630/2415
f 2397/2630/2415 2399/2632/2417 2243/2461/2261 2241/2459/2259
f 2395/2628/2413 2397/2630/2415 2241/2459/2259 2237/2454/2255
f 2398/2631/2416 2400/2633/2418 2401/2634/2419 2399/2632/2417
f 2400/2633/2418 2402/2635/2420 2403/2636/2421 2401/2634/2419
f 2401/2634/2419 2403/2636/2421 2249/2467/2267 2247/2465/2265
f 2399/2632/2417 2401/2634/2419 2247/2465/2265 2243/2461/2261
f 2402/2635/2420 2404/2637/2422 2405/2638/2423 2403/2636/2421
f 2404/2637/2422 2406/2639/2424 2407/2640/2425 2405/2638/2423
f 2405/2638/2423 2407/2640/2425 2255/2473/2273 2253/2471/2271
f 2403/2636/2421 2405/2638/2423 2253/2471/2271 2249/2467/2267
f 2406/2641/2424 2408/2642/2426 2409/2643/2427 2407/2644/2425
f 2408/2642/2426 2410/2645/2428 2411/2646/2429 2409/2643/2427
f 2409/2643/2427 2411/2646/2429 1/1/1 2259/2478/2277
f 2407/2644/2425 2409/2643/2427 2259/2478/2277 2255/2477/2273
f 2410/2645/2428 2412/2647/2430 2413/2648/2431 2411/2646/2429
f 2412/2647/2430 2356/2585/2374 2359/2588/2377 2413/2648/2431
f 2413/2648/2431 2359/2588/2377 5/5/5 2/2/2
f 2411/2646/2429 2413/2648/2431 2/2/2 1/1/1
f 2174/2382/2192 2177/2386/2195 2414/2649/2432 2415/2650/2433
f 2177/2386/2195 2121/2322/2139 2416/2651/2434 2414/2649/2432
f 2414/2649/2432 2416/2651/2434 2417/2652/2435 2418/2653/2436
f 2415/2650/2433 2414/2649/2432 2418/2653/2436 2419/2654/2437
f 2119/2320/2137 2125/2326/2143 2420/2655/2438 2421/2656/2439
f 2125/2326/2143 2124/2325/2142 2422/2657/2440 2420/2655/2438
f 2420/2655/2438 2422/2657/2440 2423/2658/2441 2424/2659/2442
f 2421/2656/2439 2420/2655/2438 2424/2659/2442 2425/2660/2443
f 2124/2332/2142 2129/2331/2147 2426/2661/2444 2422/2662/2440
f 2129/2331/2147 2128/2330/2146 2427/2663/2445 2426/2661/2444
f 2426/2661/2444 2427/2663/2445 2428/2664/2446 2429/2665/2447
f 2422/2662/2440 2426/2661/2444 2429/2665/2447 2423/2666/2441
f 2128/2330/2146 2133/2336/2151 2430/2667/2448 2427/2663/2445
f 2133/2336/2151 2132/2335/2150 2431/2668/2449 2430/2667/2448
f 2430/2667/2448 2431/2668/2449 2432/2669/2450 2433/2670/2451
f 2427/2663/2445 2430/2667/2448 2433/2670/2451 2428/2664/2446
f 2132/2335/2150 2137/2340/2155 2434/2671/2452 2431/2668/2449
f 2137/2340/2155 2136/2339/2154 2435/2672/2453 2434/2671/2452
f 2434/2671/2452 2435/2672/2453 2436/2673/2454 2437/2674/2455
f 2431/2668/2449 2434/2671/2452 2437/2674/2455 2432/2669/2450
f 2136/2339/2154 2141/2344/2159 2438/2675/2456 2435/2672/2453
f 2141/2344/2159 2140/2343/2158 2439/2676/2457 2438/2675/2456
f 2438/2675/2456 2439/2676/2457 2440/2677/2458 2441/2678/2459
f 2435/2672/2453 2438/2675/2456 2441/2678/2459 2436/2673/2454
f 2140/2350/2158 2145/2349/2163 2442/2679/2460 2439/2680/2457
f 2145/2349/2163 2144/2348/2162 2443/2681/2461 2442/2679/2460
f 2442/2679/2460 2443/2681/2461 2444/2682/2462 2445/2683/2463
f 2439/2680/2457 2442/2679/2460 2445/2683/2463 2440/2684/2458
f 2151/2356/2169 2150/2355/2168 2446/2685/2464 2447/2686/2465
f 2150/2355/2168 2149/2354/2167 2448/2687/2466 2446/2685/2464
f 2446/2685/2464 2448/2687/2466 2449/2688/2467 2450/2689/2468
f 2447/2686/2465 2446/2685/2464 2450/2689/2468 2451/2690/2469
f 2149/2354/2167 2155/2360/2173 2452/2691/2470 2448/2687/2466
f 2155/2360/2173 2154/2359/2172 2453/2692/2471 2452/2691/2470
f 2452/2691/2470 2453/2692/2471 2454/2693/2472 2455/2694/2473
f 2448/2687/2466 2452/2691/2470 2455/2694/2473 2449/2688/2467
f 2154/2366/2172 2159/2365/2177 2456/2695/2474 2453/2696/2471
f 2159/2365/2177 2158/2364/2176 2457/2697/2475 2456/2695/2474
f 2456/2695/2474 2457/2697/2475 2458/2698/2476 2459/2699/2477
f 2453/2696/2471 2456/2695/2474 2459/2699/2477 2454/2700/2472
f 2158/2364/2176 2163/2370/2181 2460/2701/2478 2457/2697/2475
f 2163/2370/2181 2162/2369/2180 2461/2702/2479 2460/2701/2478
f 2460/2701/2478 2461/2702/2479 2462/2703/2480 2463/2704/2481
f 2457/2697/2475 2460/2701/2478 2463/2704/2481 2458/2698/2476
f 2162/2369/2180 2167/2374/2185 2464/2705/2482 2461/2702/2479
f 2167/2374/2185 2166/2373/2184 2465/2706/2483 2464/2705/2482
f 2464/2705/2482 2465/2706/2483 2466/2707/2484 2467/2708/2485
f 2461/2702/2479 2464/2705/2482 2467/2708/2485 2462/2703/2480
f 2166/2373/2184 2171/2378/2189 2468/2709/2486 2465/2706/2483
f 2171/2378/2189 2170/2377/2188 2469/2710/2487 2468/2709/2486
f 2468/2709/2486 2469/2710/2487 2470/2711/2488 2471/2712/2489
f 2465/2706/2483 2468/2709/2486 2471/2712/2489 2466/2707/2484
f 2170/2384/2188 2175/2383/2193 2472/2713/2490 2469/2714/2487
f 2175/2383/2193 2174/2382/2192 2415/2650/2433 2472/2713/2490
f 2472/2713/2490 2415/2650/2433 2419/2654/2437 2473/2715/2491
f 2469/2714/2487 2472/2713/2490 2473/2715/2491 2470/2716/2488
f 2474/2717/2492 2475/2718/2493 2476/2719/2494 2477/2720/2495
f 2475/2718/2493 2478/2721/2496 2479/2722/2497 2476/2719/2494
f 2476/2719/2494 2479/2722/2497 2480/2723/2498 2481/2724/2499
f 2477/2720/2495 2476/2719/2494 2481/2724/2499 2482/2725/2500
f 2478/2721/2496 2483/2726/2501 2484/2727/2502 2479/2722/2497
f 2483/2726/2501 2485/2728/2503 2486/2729/2504 2484/2727/2502
f 2484/2727/2502 2486/2729/2504 2487/2730/2505 2488/2731/2506
f 2479/2722/2497 2484/2727/2502 2488/2731/2506 2480/2723/2498
f 2485/2728/2503 2489/2732/2507 2490/2733/2508 2486/2729/2504
f 2489/2732/2507 2491/2734/2509 2492/2735/2510 2490/2733/2508
f 2490/2733/2508 2492/2735/2510 2493/2736/2511 2494/2737/2512
f 2486/2729/2504 2490/2733/2508 2494/2737/2512 2487/2730/2505
f 2491/2734/2509 2495/2738/2513 2496/2739/2514 2492/2735/2510
f 2495/2738/2513 2497/2740/2515 2498/2741/2516 2496/2739/2514
f 2496/2739/2514 2498/2741/2516 2499/2742/2517 2500/2743/2518
f 2492/2735/2510 2496/2739/2514 2500/2743/2518 2493/2736/2511
f 2497/2740/2515 2501/2744/2519 2502/2745/2520 2498/2741/2516
f 2501/2744/2519 2503/2746/2521 2504/2747/2522 2502/2745/2520
f 2502/2745/2520 2504/2747/2522 2505/2748/2523 2506/2749/2524
f 2498/2741/2516 2502/2745/2520 2506/2749/2524 2499/2742/2517
f 2503/2746/2521 2507/2750/2525 2508/2751/2526 2504/2747/2522
f 2507/2750/2525 2509/2752/2527 2510/2753/2528 2508/2751/2526
f 2508/2751/2526 2510/2753/2528 2511/2754/2529 2512/2755/2530
f 2504/2747/2522 2508/2751/2526 2512/2755/2530 2505/2748/2523
f 2509/2752/2527 2513/2756/2531 2514/2757/2532 2510/2753/2528
f 2513/2756/2531 2515/2758/2533 2516/2759/2534 2514/2757/2532
f 2514/2757/2532 2516/2759/2534 2517/2760/2535 2518/2761/2536
f 2510/2753/2528 2514/2757/2532 2518/2761/2536 2511/2754/2529
f 2519/2762/2537 2520/2763/2538 2521/2764/2539 2522/2765/2540
f 2520/2763/2538 2523/2766/2541 2524/2767/2542 2521/2764/2539
f 2521/2764/2539 2524/2767/2542 2525/2768/2543 2526/2769/2544
f 2522/2765/2540 2521/2764/2539 2526/2769/2544 2527/2770/2545
f 2523/2766/2541 2528/2771/2546 2529/2772/2547 2524/2767/2542
f 2528/2771/2546 2530/2773/2548 2531/2774/2549 2529/2772/2547
f 2529/2772/2547 2531/2774/2549 2532/2775/2550 2533/2776/2551
f 2524/2767/2542 2529/2772/2547 2533/2776/2551 2525/2768/2543
f 2530/2773/2548 2534/2777/2552 2535/2778/2553 2531/2774/2549
f 2534/2777/2552 2536/2779/2554 2537/2780/2555 2535/2778/2553
f 2535/2778/2553 2537/2780/2555 2538/2781/2556 2539/2782/2557
f 2531/2774/2549 2535/2778/2553 2539/2782/2557 2532/2775/2550
f 2536/2779/2554 2540/2783/2558 2541/2784/2559 2537/2780/2555
f 2540/2783/2558 2542/2785/2560 2543/2786/2561 2541/2784/2559
f 2541/2784/2559 2543/2786/2561 2544/2787/2562 2545/2788/2563
f 2537/2780/2555 2541/2784/2559 2545/2788/2563 2538/2781/2556
f 2542/2785/2560 2546/2789/2564 2547/2790/2565 2543/2786/2561
f 2546/2789/2564 2548/2791/2566 2549/2792/2567 2547/2790/2565
f 2547/2790/2565 2549/2792/2567 2550/2793/2568 2551/2794/2569
f 2543/2786/2561 2547/2790/2565 2551/2794/2569 2544/2787/2562
f 2548/2791/2566 2552/2795/2570 2553/2796/2571 2549/2792/2567
f 2552/2795/2570 2554/2797/2572 2555/2798/2573 2553/2796/2571
f 2553/2796/2571 2555/2798/2573 2556/2799/2574 2557/2800/2575
f 2549/2792/2567 2553/2796/2571 2557/2800/2575 2550/2793/2568
f 2554/2797/2572 2558/2801/2576 2559/2802/2577 2555/2798/2573
f 2558/2801/2576 2560/2803/2578 2561/2804/2579 2559/2802/2577
f 2559/2802/2577 2561/2804/2579 2562/2805/2580 2563/2806/2581
f 2555/2798/2573 2559/2802/2577 2563/2806/2581 2556/2799/2574
f 2564/2807/2582 2565/2808/2583 2566/2809/2584 2567/2810/2585
f 2565/2808/2583 2568/2811/2586 2569/2812/2587 2566/2809/2584
f 2566/2809/2584 2569/2812/2587 1321/1453/1339 1318/1450/1336
f 2567/2810/2585 2566/2809/2584 1318/1450/1336 1317/1449/1335
f 1386/1518/1404 1392/1524/1410 2570/2813/2588 2571/2814/2589
f 1392/1524/1410 1391/1523/1409 2572/2815/2590 2570/2813/2588
f 2570/2813/2588 2572/2815/2590 2573/2816/2591 2574/2817/2592
f 2571/2814/2589 2570/2813/2588 2574/2817/2592 2575/2818/2593
f 1391/1532/1409 1397/1531/1415 2576/2819/2594 2572/2820/2590
f 1397/1531/1415 1396/1530/1414 2577/2821/2595 2576/2819/2594
f 2576/2819/2594 2577/2821/2595 2578/2822/2596 2579/2823/2597
f 2572/2820/2590 2576/2819/2594 2579/2823/2597 2573/2824/2591
f 1396/1530/1414 1401/1536/1419 2580/2825/2598 2577/2821/2595
f 1401/1536/1419 1400/1535/1418 2581/2826/2599 2580/2825/2598
f 2580/2825/2598 2581/2826/2599 2582/2827/2600 2583/2828/2601
f 2577/2821/2595 2580/2825/2598 2583/2828/2601 2578/2822/2596
f 1400/1535/1418 1405/1540/1423 2584/2829/2602 2581/2826/2599
f 1405/1540/1423 1404/1539/1422 2585/2830/2603 2584/2829/2602
f 2584/2829/2602 2585/2830/2603 2586/2831/2604 2587/2832/2605
f 2581/2826/2599 2584/2829/2602 2587/2832/2605 2582/2827/2600
f 1404/1539/1422 1410/1546/1428 2588/2833/2606 2585/2830/2603
f 1410/1546/1428 1409/1545/1427 2589/2834/2607 2588/2833/2606
f 2588/2833/2606 2589/2834/2607 2590/2835/2608 2591/2836/2609
f 2585/2830/2603 2588/2833/2606 2591/2836/2609 2586/2831/2604
f 1409/1552/1427 1414/1551/1432 2592/2837/2610 2589/2838/2607
f 1414/1551/1432 1413/1550/1431 2593/2839/2611 2592/2837/2610
f 2592/2837/2610 2593/2839/2611 2594/2840/2612 2595/2841/2613
f 2589/2838/2607 2592/2837/2610 2595/2841/2613 2590/2842/2608
f 1417/1555/1435 1422/1560/1440 2596/2843/2614 2597/2844/2615
f 1422/1560/1440 1421/1559/1439 2598/2845/2616 2596/2843/2614
f 2596/2843/2614 2598/2845/2616 2599/2846/2617 2600/2847/2618
f 2597/2844/2615 2596/2843/2614 2600/2847/2618 2601/2848/2619
f 1421/1559/1439 1426/1564/1444 2602/2849/2620 2598/2845/2616
f 1426/1564/1444 1425/1563/1443 2603/2850/2621 2602/2849/2620
f 2602/2849/2620 2603/2850/2621 2604/2851/2622 2605/2852/2623
f 2598/2845/2616 2602/2849/2620 2605/2852/2623 2599/2846/2617
f 1425/1572/1443 1431/1571/1449 2606/2853/2624 2603/2854/2621
f 1431/1571/1449 1430/1570/1448 2607/2855/2625 2606/2853/2624
f 2606/2853/2624 2607/2855/2625 2608/2856/2626 2609/2857/2627
f 2603/2854/2621 2606/2853/2624 2609/2857/2627 2604/2858/2622
f 1430/1570/1448 1435/1576/1453 2610/2859/2628 2607/2855/2625
f 1435/1576/1453 1434/1575/1452 2611/2860/2629 2610/2859/2628
f 2610/2859/2628 2611/2860/2629 2612/2861/2630 2613/2862/2631
f 2607/2855/2625 2610/2859/2628 2613/2862/2631 2608/2856/2626
f 1434/1575/1452 1439/1580/1457 2614/2863/2632 2611/2860/2629
f 1439/1580/1457 1438/1579/1456 2615/2864/2633 2614/2863/2632
f 2614/2863/2632 2615/2864/2633 2616/2865/2634 2617/2866/2635
f 2611/2860/2629 2614/2863/2632 2617/2866/2635 2612/2861/2630
f 1438/1579/1456 1444/1586/1462 2618/2867/2636 2615/2864/2633
f 1444/1586/1462 1443/1585/1461 2619/2868/2637 2618/2867/2636
f 2618/2867/2636 2619/2868/2637 2620/2869/2638 2621/2870/2639
f 2615/2864/2633 2618/2867/2636 2621/2870/2639 2616/2865/2634
f 1443/1592/1461 1448/1591/1466 2622/2871/2640 2619/2872/2637
f 1448/1591/1466 1447/1590/1465 1452/1596/1470 2622/2871/2640
f 2622/2871/2640 1452/1596/1470 1456/1600/1474 2623/2873/2641
f 2619/2872/2637 2622/2871/2640 2623/2873/2641 2620/2874/2638
f 2624/2875/2642 2625/2876/2643 2626/2877/2644 2627/2878/2645
f 2625/2876/2643 2628/2879/2646 2629/2880/2647 2626/2877/2644
f 2626/2877/2644 2629/2880/2647 1552/1705/1570 1550/1703/1568
f 2627/2878/2645 2626/2877/2644 1550/1703/1568 1546/1699/1564
f 2628/2879/2646 2630/2881/2648 2631/2882/2649 2629/2880/2647
f 2630/2881/2648 2632/2883/2650 2633/2884/2651 2631/2882/2649
f 2631/2882/2649 2633/2884/2651 1558/1711/1576 1556/1709/1574
f 2629/2880/2647 2631/2882/2649 1556/1709/1574 1552/1705/1570
f 2632/2883/2650 2634/2885/2652 2635/2886/2653 2633/2884/2651
f 2634/2885/2652 2636/2887/2654 2637/2888/2655 2635/2886/2653
f 2635/2886/2653 2637/2888/2655 1564/1717/1582 1562/1715/1580
f 2633/2884/2651 2635/2886/2653 1562/1715/1580 1558/1711/1576
f 2636/2887/2654 2638/2889/2656 2639/2890/2657 2637/2888/2655
f 2638/2889/2656 2640/2891/2658 2641/2892/2659 2639/2890/2657
f 2639/2890/2657 2641/2892/2659 1570/1723/1588 1568/1721/1586
f 2637/2888/2655 2639/2890/2657 1568/1721/1586 1564/1717/1582
f 2640/2891/2658 2642/2893/2660 2643/2894/2661 2641/2892/2659
f 2642/2893/2660 2644/2895/2662 2645/2896/2663 2643/2894/2661
f 2643/2894/2661 2645/2896/2663 1576/1729/1594 1574/1727/1592
f 2641/2892/2659 2643/2894/2661 1574/1727/1592 1570/1723/1588
f 2644/2895/2662 2646/2897/2664 2647/2898/2665 2645/2896/2663
f 2646/2897/2664 2648/2899/2666 2649/2900/2667 2647/2898/2665
f 2647/2898/2665 2649/2900/2667 1582/1735/1600 1580/1733/1598
f 2645/2896/2663 2647/2898/2665 1580/1733/1598 1576/1729/1594
f 2648/2899/2666 2650/2901/2668 2651/2902/2669 2649/2900/2667
f 2650/2901/2668 2652/2903/2670 2653/2904/2671 2651/2902/2669
f 2651/2902/2669 2653/2904/2671 1586/1739/1604 2654/2905/2672
f 2649/2900/2667 2651/2902/2669 2654/2905/2672 1582/1735/1600
f 2652/2903/2670 2655/2906/2673 2656/2907/2674 2653/2904/2671
f 2655/2906/2673 2657/2908/2675 2658/2909/2676 2656/2907/2674
f 2656/2907/2674 2658/2909/2676 1590/1743/1608 1587/1740/1605
f 2653/2904/2671 2656/2907/2674 1587/1740/1605 1586/1739/1604
f 2657/2908/2675 2659/2910/2677 2660/2911/2678 2658/2909/2676
f 2659/2910/2677 2661/2912/2679 2662/2913/2680 2660/2911/2678
f 2660/2911/2678 2662/2913/2680 1597/1750/1615 1595/1748/1613
f 2658/2909/2676 2660/2911/2678 1595/1748/1613 1590/1743/1608
f 2661/2912/2679 2663/2914/2681 2664/2915/2682 2662/2913/2680
f 2663/2914/2681 2665/2916/2683 2666/2917/2684 2664/2915/2682
f 2664/2915/2682 2666/2917/2684 1603/1756/1621 1601/1754/1619
f 2662/2913/2680 2664/2915/2682 1601/1754/1619 1597/1750/1615
f 2665/2916/2683 2667/2918/2685 2668/2919/2686 2666/2917/2684
f 2667/2918/2685 2669/2920/2687 2670/2921/2688 2668/2919/2686
f 2668/2919/2686 2670/2921/2688 1609/1762/1627 1607/1760/1625
f 2666/2917/2684 2668/2919/2686 1607/1760/1625 1603/1756/1621
f 2669/2920/2687 2671/2922/2689 2672/2923/2690 2670/2921/2688
f 2671/2922/2689 2673/2924/2691 2674/2925/2692 2672/2923/2690
f 2672/2923/2690 2674/2925/2692 1615/1768/1633 1613/1766/1631
f 2670/2921/2688 2672/2923/2690 1613/1766/1631 1609/1762/1627
f 2673/2924/2691 2675/2926/2693 2676/2927/2694 2674/2925/2692
f 2675/2926/2693 2677/2928/2695 2678/2929/2696 2676/2927/2694
f 2676/2927/2694 2678/2929/2696 1621/1774/1639 1619/1772/1637
f 2674/2925/2692 2676/2927/2694 1619/1772/1637 1615/1768/1633
f 2677/2928/2695 2679/2930/2697 2680/2931/2698 2678/2929/2696
f 2679/2930/2697 2564/2807/2582 2567/2810/2585 2680/2931/2698
f 2680/2931/2698 2567/2810/2585 1317/1449/1335 1625/1778/1643
f 2678/2929/2696 2680/2931/2698 1625/1778/1643 1621/1774/1639
f 2560/2803/2578 2681/2932/2699 2682/2933/2700 2561/2804/2579
f 2681/2932/2699 2474/2717/2492 2477/2720/2495 2682/2933/2700
f 2682/2933/2700 2477/2720/2495 2482/2725/2500 2683/2934/2701
f 2561/2804/2579 2682/2933/2700 2683/2934/2701 2562/2805/2580
f 2266/2487/2284 2684/2935/2702 2685/2936/2703 2267/2488/2285
f 2684/2935/2702 2686/2937/2704 2687/2938/2705 2685/2936/2703
f 2685/2936/2703 2687/2938/2705 2688/2939/2706 2689/2940/2707
f 2267/2488/2285 2685/2936/2703 2689/2940/2707 2268/2489/2286
f 2686/2937/2704 2690/2941/2708 2691/2942/2709 2687/2938/2705
f 2690/2941/2708 2692/2943/2710 2693/2944/2711 2691/2942/2709
f 2691/2942/2709 2693/2944/2711 2694/2945/2712 2695/2946/2713
f 2687/2938/2705 2691/2942/2709 2695/2946/2713 2688/2939/2706
f 2692/2943/2710 2696/2947/2714 2697/2948/2715 2693/2944/2711
f 2696/2947/2714 2698/2949/2716 2699/2950/2717 2697/2948/2715
f 2697/2948/2715 2699/2950/2717 2700/2951/2718 2701/2952/2719
f 2693/2944/2711 2697/2948/2715 2701/2952/2719 2694/2945/2712
f 2698/2949/2716 2702/2953/2720 2703/2954/2721 2699/2950/2717
f 2702/2953/2720 2704/2955/2722 2705/2956/2723 2703/2954/2721
f 2703/2954/2721 2705/2956/2723 2706/2957/2724 2707/2958/2725
f 2699/2950/2717 2703/2954/2721 2707/2958/2725 2700/2951/2718
f 2704/2955/2722 2708/2959/2726 2709/2960/2727 2705/2956/2723
f 2708/2959/2726 2710/2961/2728 2711/2962/2729 2709/2960/2727
f 2709/2960/2727 2711/2962/2729 2712/2963/2730 2713/2964/2731
f 2705/2956/2723 2709/2960/2727 2713/2964/2731 2706/2957/2724
f 2710/2961/2728 2714/2965/2732 2715/2966/2733 2711/2962/2729
f 2714/2965/2732 2716/2967/2734 2717/2968/2735 2715/2966/2733
f 2715/2966/2733 2717/2968/2735 2718/2969/2736 2719/2970/2737
f 2711/2962/2729 2715/2966/2733 2719/2970/2737 2712/2963/2730
f 2716/2967/2734 2720/2971/2738 2721/2972/2739 2717/2968/2735
f 2720/2971/2738 2722/2973/2740 2723/2974/2741 2721/2972/2739
f 2721/2972/2739 2723/2974/2741 2724/2975/2742 2725/2976/2743
f 2717/2968/2735 2721/2972/2739 2725/2976/2743 2718/2969/2736
f 2722/2973/2740 2726/2977/2744 2727/2978/2745 2723/2974/2741
f 2726/2977/2744 2728/2979/2746 2729/2980/2747 2727/2978/2745
f 2727/2978/2745 2729/2980/2747 2730/2981/2748 2731/2982/2749
f 2723/2974/2741 2727/2978/2745 2731/2982/2749 2724/2975/2742
f 2728/2979/2746 2732/2983/2750 2733/2984/2751 2729/2980/2747
f 2732/2983/2750 2734/2985/2752 2735/2986/2753 2733/2984/2751
f 2733/2984/2751 2735/2986/2753 2736/2987/2754 2737/2988/2755
f 2729/2980/2747 2733/2984/2751 2737/2988/2755 2730/2981/2748
f 2738/2989/2756 2739/2990/2757 2740/2991/2758 2741/2992/2759
f 2739/2990/2757 2742/2993/2760 2743/2994/2761 2740/2991/2758
f 2740/2991/2758 2743/2994/2761 2744/2995/2762 2745/2996/2763
f 2741/2992/2759 2740/2991/2758 2745/2996/2763 2746/2997/2764
f 2742/2993/2760 2747/2998/2765 2748/2999/2766 2743/2994/2761
f 2747/2998/2765 2749/3000/2767 2750/3001/2768 2748/2999/2766
f 2748/2999/2766 2750/3001/2768 2751/3002/2769 2752/3003/2770
f 2743/2994/2761 2748/2999/2766 2752/3003/2770 2744/2995/2762
f 2749/3000/2767 2753/3004/2771 2754/3005/2772 2750/3001/2768
f 2753/3004/2771 2755/3006/2773 2756/3007/2774 2754/3005/2772
f 2754/3005/2772 2756/3007/2774 2757/3008/2775 2758/3009/2776
f 2750/3001/2768 2754/3005/2772 2758/3009/2776 2751/3002/2769
f 2755/3006/2773 2759/3010/2777 2760/3011/2778 2756/3007/2774
f 2759/3010/2777 2761/3012/2779 2762/3013/2780 2760/3011/2778
f 2760/3011/2778 2762/3013/2780 2763/3014/2781 2764/3015/2782
f 2756/3007/2774 2760/3011/2778 2764/3015/2782 2757/3008/2775
f 2765/3016/2783 2766/3017/2784 2767/3018/2785 2768/3019/2786
f 2766/3017/2787 1852/3020/1870 2769/3021/2788 2767/3018/2789
f 2767/3018/2789 2769/3021/2788 1849/3022/1867 2770/3023/2790
f 2768/3019/2786 2767/3018/2785 2770/3023/2791 2771/3024/2792
f 2331/2560/2349 2772/3025/2793 2773/3026/2794 2774/3027/2795
f 2772/3025/2793 2276/2497/2294 2775/3028/2796 2773/3026/2794
f 2773/3026/2794 2775/3028/2796 2360/2589/2378 2357/2586/2375
f 2774/3027/2795 2773/3026/2794 2357/2586/2375 2356/2585/2374
f 2276/2497/2294 2275/2496/2293 2776/3029/2797 2775/3028/2796
f 2275/2496/2293 2274/2495/2292 2777/3030/2798 2776/3029/2797
f 2776/3029/2797 2777/3030/2798 2364/2593/2382 2362/2591/2380
f 2775/3028/2796 2776/3029/2797 2362/2591/2380 2360/2589/2378
f 2274/2503/2292 2280/2502/2298 2778/3031/2799 2777/3032/2798
f 2280/2502/2298 2279/2501/2297 2779/3033/2800 2778/3031/2799
f 2778/3031/2799 2779/3033/2800 2368/2599/2386 2366/2596/2384
f 2777/3032/2798 2778/3031/2799 2366/2596/2384 2364/2595/2382
f 2279/2501/2297 2284/2507/2302 2780/3034/2801 2779/3033/2800
f 2284/2507/2302 2283/2506/2301 2781/3035/2802 2780/3034/2801
f 2780/3034/2801 2781/3035/2802 2372/2603/2390 2370/2601/2388
f 2779/3033/2800 2780/3034/2801 2370/2601/2388 2368/2599/2386
f 2283/2506/2301 2288/2511/2306 2782/3036/2803 2781/3035/2802
f 2288/2511/2306 2287/2510/2305 2783/3037/2804 2782/3036/2803
f 2782/3036/2803 2783/3037/2804 2784/3038/2805 2785/3039/2806
f 2781/3035/2802 2782/3036/2803 2785/3039/2806 2372/2603/2390
f 2287/2510/2305 2292/2515/2310 2786/3040/2807 2783/3037/2804
f 2292/2515/2310 2291/2514/2309 2787/3041/2808 2786/3040/2807
f 2786/3040/2807 2787/3041/2808 2374/3042/2392 2788/3043/2809
f 2783/3037/2804 2786/3040/2807 2788/3043/2809 2784/3038/2805
f 2291/2521/2309 2296/2520/2314 2789/3044/2810 2787/3045/2808
f 2296/2520/2314 2295/2519/2313 2790/3046/2811 2789/3044/2810
f 2789/3044/2810 2790/3046/2811 2378/2609/2396 2375/2606/2393
f 2787/3045/2808 2789/3044/2810 2375/2606/2393 2374/2605/2392
f 2295/2519/2313 2300/2525/2318 2791/3047/2812 2790/3046/2811
f 2300/2525/2318 2299/2524/2317 2792/3048/2813 2791/3047/2812
f 2791/3047/2812 2792/3048/2813 2382/2613/2400 2380/2611/2398
f 2790/3046/2811 2791/3047/2812 2380/2611/2398 2378/2609/2396
f 2299/2524/2317 2304/2529/2322 2793/3049/2814 2792/3048/2813
f 2304/2529/2322 2303/2528/2321 2794/3050/2815 2793/3049/2814
f 2793/3049/2814 2794/3050/2815 2386/2617/2404 2384/2615/2402
f 2792/3048/2813 2793/3049/2814 2384/2615/2402 2382/2613/2400
f 2303/2528/2321 2308/2533/2326 2795/3051/2816 2794/3050/2815
f 2308/2533/2326 2307/2532/2325 2796/3052/2817 2795/3051/2816
f 2795/3051/2816 2796/3052/2817 2390/2621/2408 2388/2619/2406
f 2794/3050/2815 2795/3051/2816 2388/2619/2406 2386/2617/2404
f 2307/2539/2325 2312/2538/2330 2797/3053/2818 2796/3054/2817
f 2312/2538/2330 2311/2537/2329 2798/3055/2819 2797/3053/2818
f 2797/3053/2818 2798/3055/2819 2394/2627/2412 2392/2624/2410
f 2796/3054/2817 2797/3053/2818 2392/2624/2410 2390/2623/2408
f 2311/2537/2329 2316/2543/2334 2799/3056/2820 2798/3055/2819
f 2316/2543/2334 2315/2542/2333 2800/3057/2821 2799/3056/2820
f 2799/3056/2820 2800/3057/2821 2398/2631/2416 2396/2629/2414
f 2798/3055/2819 2799/3056/2820 2396/2629/2414 2394/2627/2412
f 2315/2542/2333 2801/3058/2822 2802/3059/2823 2800/3057/2821
f 2801/3058/2822 2322/2549/2340 2803/3060/2824 2802/3059/2823
f 2802/3059/2823 2803/3060/2824 2402/2635/2420 2400/2633/2418
f 2800/3057/2821 2802/3059/2823 2400/2633/2418 2398/2631/2416
f 2322/2549/2340 2321/2548/2339 2804/3061/2825 2803/3060/2824
f 2321/2548/2339 2320/2547/2338 2805/3062/2826 2804/3061/2825
f 2804/3061/2825 2805/3062/2826 2406/2639/2424 2404/2637/2422
f 2803/3060/2824 2804/3061/2825 2404/2637/2422 2402/2635/2420
f 2320/2555/2338 2326/2554/2344 2806/3063/2827 2805/3064/2826
f 2326/2554/2344 2325/2553/2343 2807/3065/2828 2806/3063/2827
f 2806/3063/2827 2807/3065/2828 2410/2645/2428 2408/2642/2426
f 2805/3064/2826 2806/3063/2827 2408/2642/2426 2406/2641/2424
f 2325/2553/2343 2332/2561/2350 2808/3066/2829 2807/3065/2828
f 2332/2561/2350 2331/2560/2349 2774/3027/2795 2808/3066/2829
f 2808/3066/2829 2774/3027/2795 2356/2585/2374 2412/2647/2430
f 2807/3065/2828 2808/3066/2829 2412/2647/2430 2410/2645/2428
f 1679/1832/1697 2809/3067/2830 2810/3068/2831 1680/1833/1698
f 2809/3067/2830 1689/1845/1707 2811/3069/2832 2810/3068/2831
f 2810/3068/2831 2811/3069/2832 2812/3070/2833 2813/3071/2834
f 1680/1833/1698 2810/3068/2831 2813/3071/2834 264/1834/264
f 1689/1845/1707 1688/1844/1706 2814/3072/2835 2811/3069/2832
f 1688/1844/1706 1687/1843/1705 2815/3073/2836 2814/3072/2835
f 2814/3072/2835 2815/3073/2836 2816/3074/2837 2817/3075/2838
f 2811/3069/2832 2814/3072/2835 2817/3075/2838 2812/3070/2833
f 1687/1843/1705 1695/1851/1713 2818/3076/2839 2815/3073/2836
f 1695/1851/1713 1694/1850/1712 2819/3077/2840 2818/3076/2839
f 2818/3076/2839 2819/3077/2840 2820/3078/2841 2821/3079/2842
f 2815/3073/2836 2818/3076/2839 2821/3079/2842 2816/3074/2837
f 1700/1856/1718 1707/1863/1725 2822/3080/2843 2823/3081/2844
f 1707/1863/1725 1706/1862/1724 2824/3082/2845 2822/3080/2843
f 2822/3080/2843 2824/3082/2845 2825/3083/2846 2826/3084/2847
f 2823/3081/2844 2822/3080/2843 2826/3084/2847 2827/3085/2848
f 1706/1862/1724 1713/1869/1731 2828/3086/2849 2824/3082/2845
f 1713/1869/1731 1712/1868/1730 2829/3087/2850 2828/3086/2849
f 2828/3086/2849 2829/3087/2850 2830/3088/2851 2831/3089/2852
f 2824/3082/2845 2828/3086/2849 2831/3089/2852 2825/3083/2846
f 1712/1868/1730 1719/1875/1737 2832/3090/2853 2829/3087/2850
f 1719/1875/1737 1718/1874/1736 2833/3091/2854 2832/3090/2853
f 2832/3090/2853 2833/3091/2854 2834/3092/2855 2835/3093/2856
f 2829/3087/2850 2832/3090/2853 2835/3093/2856 2830/3088/2851
f 1718/1874/1736 1725/1881/1743 2836/3094/2857 2833/3091/2854
f 1725/1881/1743 1724/1880/1742 2837/3095/2858 2836/3094/2857
f 2836/3094/2857 2837/3095/2858 2838/3096/2859 2839/3097/2860
f 2833/3091/2854 2836/3094/2857 2839/3097/2860 2834/3092/2855
f 1724/1880/1742 1731/1887/1749 2840/3098/2861 2837/3095/2858
f 1731/1887/1749 1730/1886/1748 2841/3099/2862 2840/3098/2861
f 2840/3098/2861 2841/3099/2862 226/3100/226 2842/3101/2863
f 2837/3095/2858 2840/3098/2861 2842/3101/2863 2838/3096/2859
f 1730/1886/1748 1737/1893/1755 2843/3102/2864 2841/3099/2862
f 1737/1893/1755 1736/1892/1754 2844/3103/2865 2843/3102/2864
f 2843/3102/2864 2844/3103/2865 230/3104/230 227/3105/227
f 2841/3099/2862 2843/3102/2864 227/3105/227 226/3100/226
f 1736/1892/1754 1743/1899/1761 2845/3106/2866 2844/3103/2865
f 1743/1899/1761 1742/1898/1760 2846/3107/2867 2845/3106/2866
f 2845/3106/2866 2846/3107/2867 235/3108/235 2847/3109/2868
f 2844/3103/2865 2845/3106/2866 2847/3109/2868 230/3104/230
f 1742/1898/1760 1749/1905/1767 2848/3110/2869 2846/3107/2867
f 1749/1905/1767 1748/1904/1766 2849/3111/2870 2848/3110/2869
f 2848/3110/2869 2849/3111/2870 239/3112/239 236/3113/236
f 2846/3107/2867 2848/3110/2869 236/3113/236 235/3108/235
f 1748/1904/1766 1755/1911/1773 2850/3114/2871 2849/3111/2870
f 1755/1911/1773 1754/1910/1772 2851/3115/2872 2850/3114/2871
f 2850/3114/2871 2851/3115/2872 246/3116/246 244/3117/244
f 2849/3111/2870 2850/3114/2871 244/3117/244 239/3112/239
f 1754/1910/1772 1761/1917/1779 2852/3118/2873 2851/3115/2872
f 1761/1917/1779 1760/1916/1778 2853/3119/2874 2852/3118/2873
f 2852/3118/2873 2853/3119/2874 252/3120/252 250/3121/250
f 2851/3115/2872 2852/3118/2873 250/3121/250 246/3116/246
f 1760/1916/1778 1764/1920/1782 2854/3122/2875 2853/3119/2874
f 1764/1920/1782 225/237/225 1678/1831/1696 2854/3122/2875
f 2854/3122/2875 1678/1831/1696 258/1836/258 256/3123/256
f 2853/3119/2874 2854/3122/2875 256/3123/256 252/3120/252
f 221/233/221 2855/3124/2876 2856/3125/2877 222/234/222
f 2855/3124/2876 1681/1837/1699 1684/1840/1702 2856/3125/2877
f 2856/3125/2877 1684/1840/1702 1689/1845/1707 2857/3126/2878
f 222/234/222 2856/3125/2877 2857/3126/2878 223/235/223
f 2858/3127/2879 2859/3128/2880 2860/3129/2881 2861/3130/2882
f 2862/3131/2883 2863/3132/2884 2860/3129/2881 2859/3128/2880
f 2864/3133/2885 2861/3130/2882 2860/3129/2881 2863/3132/2884
f 2858/3127/2879 2865/3134/2886 2866/3135/2887 2859/3128/2880
f 2867/3136/2888 2868/3137/2889 2866/3135/2887 2865/3134/2886
f 2862/3131/2883 2859/3128/2880 2866/3135/2887 2868/3137/2889
f 2858/3127/2879 2869/3138/2890 2870/3139/2891 2865/3134/2886
f 2871/3140/2892 2872/3141/2893 2870/3139/2891 2869/3138/2890
f 2867/3136/2888 2865/3134/2886 2870/3139/2891 2872/3141/2893
f 2858/3127/2879 2873/3142/2894 2874/3143/2895 2869/3138/2890
f 2875/3144/2896 2876/3145/2897 2874/3143/2895 2873/3142/2894
f 2871/3140/2892 2869/3138/2890 2874/3143/2895 2876/3145/2897
f 2858/3127/2879 2877/3146/2898 2878/3147/2899 2873/3142/2894
f 2879/3148/2900 2880/3149/2901 2878/3147/2899 2877/3146/2898
f 2875/3144/2896 2873/3142/2894 2878/3147/2899 2880/3149/2901
f 2858/3127/2879 2881/3150/2902 2882/3151/2903 2877/3146/2898
f 2883/3152/2904 2884/3153/2905 2882/3151/2903 2881/3150/2902
f 2879/3148/2900 2877/3146/2898 2882/3151/2903 2884/3153/2905
f 2858/3127/2879 2885/3154/2906 2886/3155/2907 2881/3150/2902
f 2887/3156/2908 2888/3157/2909 2886/3155/2907 2885/3154/2906
f 2883/3152/2904 2881/3150/2902 2886/3155/2907 2888/3157/2909
f 2858/3127/2879 2889/3158/2910 2890/3159/2911 2885/3154/2906
f 2891/3160/2912 2892/3161/2913 2890/3159/2911 2889/3158/2910
f 2887/3156/2908 2885/3154/2906 2890/3159/2911 2892/3161/2913
f 2858/3127/2879 2893/3162/2914 2894/3163/2915 2889/3158/2910
f 2895/3164/2916 2896/3165/2917 2894/3163/2915 2893/3162/2914
f 2891/3160/2912 2889/3158/2910 2894/3163/2915 2896/3165/2917
f 2858/3127/2879 2897/3166/2918 2898/3167/2919 2893/3162/2914
f 2899/3168/2920 2900/3169/2921 2898/3167/2919 2897/3166/2918
f 2895/3164/2916 2893/3162/2914 2898/3167/2919 2900/3169/2921
f 2858/3127/2879 2901/3170/2922 2902/3171/2923 2897/3166/2918
f 2903/3172/2924 2904/3173/2925 2902/3171/2923 2901/3170/2922
f 2899/3168/2920 2897/3166/2918 2902/3171/2923 2904/3173/2925
f 2858/3127/2879 2905/3174/2926 2906/3175/2927 2901/3170/2922
f 2907/3176/2928 2908/3177/2929 2906/3175/2927 2905/3174/2926
f 2903/3172/2924 2901/3170/2922 2906/3175/2927 2908/3177/2929
f 2858/3127/2879 2909/3178/2930 2910/3179/2931 2905/3174/2926
f 2911/3180/2932 2912/3181/2933 2910/3179/2931 2909/3178/2930
f 2907/3176/2928 2905/3174/2926 2910/3179/2931 2912/3181/2933
f 2858/3127/2879 2913/3182/2934 2914/3183/2935 2909/3178/2930
f 2915/3184/2936 2916/3185/2937 2914/3183/2935 2913/3182/2934
f 2911/3180/2932 2909/3178/2930 2914/3183/2935 2916/3185/2937
f 2858/3127/2879 2917/3186/2938 2918/3187/2939 2913/3182/2934
f 2919/3188/2940 2920/3189/2941 2918/3187/2939 2917/3186/2938
f 2915/3184/2936 2913/3182/2934 2918/3187/2939 2920/3189/2941
f 437/463/437 2921/3190/2942 2922/3191/2943 438/464/438
f 2921/3190/2942 357/372/357 360/375/360 2922/3191/2943
f 2922/3191/2943 360/375/360 365/380/365 2923/3192/2944
f 438/464/438 2922/3191/2943 2923/3192/2944 439/465/439
f 2924/3193/2945 2925/3194/2946 2926/3195/2947 2927/3196/2948
f 2925/3194/2946 2928/3197/2949 2929/3198/2950 2926/3195/2947
f 2926/3195/2947 2929/3198/2950 2930/3199/2951 2931/3200/2952
f 2927/3196/2948 2926/3195/2947 2931/3200/2952 2932/3201/2953
f 2933/3202/2954 2934/3203/2955 2935/3204/2955 2936/3205/2956
f 2934/3203/2955 2937/3206/2957 2938/3207/2957 2935/3204/2955
f 2935/3204/2958 2938/3207/2959 2939/3208/2960 2940/3209/2961
f 2936/3205/2962 2935/3204/2958 2940/3209/2961 2941/3210/2963
f 2942/3211/2964 2943/3212/2965 2944/3213/2966 2945/3214/2967
f 2943/3212/2965 2946/3215/2968 2947/3216/2969 2944/3213/2966
f 2944/3213/2970 2947/3216/2971 2948/3217/2972 2949/3218/2973
f 2945/3214/2974 2944/3213/2970 2949/3218/2973 2950/3219/2975
f 128/140/128 2951/3220/2976 2952/3221/2977 129/141/129
f 2951/3220/2976 133/145/133 136/148/136 2952/3221/2977
f 2952/3221/2977 136/148/136 141/153/141 2953/3222/2978
f 129/141/129 2952/3221/2977 2953/3222/2978 130/142/130
f 2954/3223/2979 2955/3224/2980 2956/3225/2981 2957/3226/2982
f 2955/3224/2980 2958/3227/2983 2959/3228/2984 2956/3225/2981
f 2956/3225/2981 2959/3228/2984 2960/3229/2985 2961/3230/2986
f 2957/3226/2982 2956/3225/2981 2961/3230/2986 2962/3231/2987
f 2958/3232/2983 2963/3233/2988 2964/3234/2989 2959/3235/2984
f 2963/3233/2988 2965/3236/2990 2966/3237/2991 2964/3234/2989
f 2964/3234/2989 2966/3237/2991 2967/3238/2992 2968/3239/2993
f 2959/3235/2984 2964/3234/2989 2968/3239/2993 2960/3240/2985
f 2969/3241/2994 2970/3242/2995 2971/3243/2996 2972/3244/2997
f 2970/3242/2995 2973/3245/2998 2974/3246/2999 2971/3243/2996
f 2971/3243/2996 2974/3246/2999 2975/3247/3000 2976/3248/3001
f 2972/3244/2997 2971/3243/2996 2976/3248/3001 2977/3249/3002
f 2973/3250/2998 2978/3251/3003 2979/3252/3004 2974/3253/2999
f 2978/3251/3003 2980/3254/3005 2981/3255/3006 2979/3252/3004
f 2979/3252/3004 2981/3255/3006 2982/3256/3007 2983/3257/3008
f 2974/3253/2999 2979/3252/3004 2983/3257/3008 2975/3258/3000
f 2980/3254/3005 2984/3259/3009 2985/3260/3010 2981/3255/3006
f 2984/3259/3009 312/327/312 315/330/315 2985/3260/3010
f 2985/3260/3010 315/330/315 320/335/320 2986/3261/3011
f 2981/3255/3006 2985/3260/3010 2986/3261/3011 2982/3256/3007
f 2928/3197/2949 2987/3262/3012 2988/3263/3013 2929/3198/2950
f 2987/3262/3012 2962/3264/2987 2989/3265/3014 2988/3263/3013
f 2988/3263/3013 2989/3265/3014 2990/3266/3015 2991/3267/3016
f 2929/3198/2950 2988/3263/3013 2991/3267/3016 2930/3199/2951
f 2962/3264/2987 2961/3268/2986 2992/3269/3017 2989/3265/3014
f 2961/3268/2986 2960/3270/2985 2993/3271/3018 2992/3269/3017
f 2992/3269/3017 2993/3271/3018 2948/3217/3019 2994/3272/3020
f 2989/3265/3014 2992/3269/3017 2994/3272/3020 2990/3266/3015
f 2960/3270/2985 2968/3273/2993 2995/3274/3021 2993/3271/3018
f 2968/3273/2993 2967/3275/2992 2996/3276/3022 2995/3274/3021
f 2995/3274/3021 2996/3276/3022 2950/3219/3023 2949/3218/3024
f 2993/3271/3018 2995/3274/3021 2949/3218/3024 2948/3217/3019
f 2967/3275/2992 2997/3277/3025 2998/3278/3026 2996/3276/3022
f 2997/3277/3025 2999/3279/3027 3000/3280/3028 2998/3278/3026
f 2998/3278/3026 3000/3280/3028 3001/3281/3029 3002/3282/3030
f 2996/3276/3022 2998/3278/3026 3002/3282/3030 2950/3219/3023
f 2999/3279/3027 3003/3283/3031 3004/3284/3032 3000/3280/3028
f 3003/3283/3031 2977/3285/3002 3005/3286/3033 3004/3284/3032
f 3004/3284/3032 3005/3286/3033 3006/3287/3034 3007/3288/3035
f 3000/3280/3028 3004/3284/3032 3007/3288/3035 3001/3281/3029
f 2977/3285/3002 2976/3289/3001 3008/3290/3036 3005/3286/3033
f 2976/3289/3001 2975/3291/3000 3009/3292/3037 3008/3290/3036
f 3008/3290/3036 3009/3292/3037 3010/3293/3038 3011/3294/3039
f 3005/3286/3033 3008/3290/3036 3011/3294/3039 3006/3287/3034
f 2975/3291/3000 2983/3295/3008 3012/3296/3040 3009/3292/3037
f 2983/3295/3008 2982/3297/3007 3013/3298/3041 3012/3296/3040
f 3012/3296/3040 3013/3298/3041 3014/3299/3042 3015/3300/3043
f 3009/3292/3037 3012/3296/3040 3015/3300/3043 3010/3293/3038
f 2982/3297/3007 2986/3301/3011 3016/3302/3044 3013/3298/3041
f 2986/3301/3011 320/3303/320 3017/3304/3045 3016/3302/3044
f 3016/3302/3044 3017/3304/3045 2933/3202/3046 3018/3305/3047
f 3013/3298/3041 3016/3302/3044 3018/3305/3047 3014/3299/3042
f 320/3303/320 319/3306/319 3019/3307/3048 3017/3304/3045
f 319/3306/319 318/3308/318 3020/3309/3049 3019/3307/3048
f 3019/3307/3048 3020/3309/3049 2937/3206/3050 2934/3203/3051
f 3017/3304/3045 3019/3307/3048 2934/3203/3051 2933/3202/3046
f 318/3308/318 3021/3310/3052 3022/3311/3053 3020/3309/3049
f 3021/3310/3052 3023/3312/3054 3024/3313/3055 3022/3311/3053
f 3022/3311/3053 3024/3313/3055 3025/3314/3056 3026/3315/3057
f 3020/3309/3049 3022/3311/3053 3026/3315/3057 2937/3206/3050
f 3023/3312/3054 3027/3316/3058 3028/3317/3059 3024/3313/3055
f 3027/3316/3058 3029/3318/3060 3030/3319/3061 3028/3317/3059
f 3028/3317/3059 3030/3319/3061 3031/3320/3062 3032/3321/3063
f 3024/3313/3055 3028/3317/3059 3032/3321/3063 3025/3314/3056
f 3029/3318/3060 3033/3322/3064 3034/3323/3065 3030/3319/3061
f 3033/3322/3064 3035/3324/3066 3036/3325/3067 3034/3323/3065
f 3034/3323/3065 3036/3325/3067 3037/3326/3068 3038/3327/3069
f 3030/3319/3061 3034/3323/3065 3038/3327/3069 3031/3320/3062
f 3035/3324/3066 3039/3328/3070 3040/3329/3071 3036/3325/3067
f 3039/3328/3070 3041/3330/3072 3042/3331/3073 3040/3329/3071
f 3040/3329/3071 3042/3331/3073 3043/3332/3074 3044/3333/3075
f 3036/3325/3067 3040/3329/3071 3044/3333/3075 3037/3326/3068
f 3041/3330/3072 3045/3334/3076 3046/3335/3077 3042/3331/3073
f 3045/3334/3076 3047/3336/3078 3048/3337/3079 3046/3335/3077
f 3046/3335/3077 3048/3337/3079 3049/3338/3080 3050/3339/3081
f 3042/3331/3073 3046/3335/3077 3050/3339/3081 3043/3332/3074
f 3047/3336/3078 3051/3340/3082 3052/3341/3083 3048/3337/3079
f 3051/3340/3082 2924/3193/2945 2927/3196/2948 3052/3341/3083
f 3052/3341/3083 2927/3196/2948 2932/3201/2953 3053/3342/3084
f 3048/3337/3079 3052/3341/3083 3053/3342/3084 3049/3338/3080
f 3054/3343/3085 3055/3344/3086 3056/3345/3087 3057/3346/3088
f 3055/3344/3086 3058/3347/3089 3059/3348/3090 3056/3345/3087
f 3056/3345/3087 3059/3348/3090 3060/3349/3091 3061/3350/3092
f 3057/3346/3088 3056/3345/3087 3061/3350/3092 3062/3351/3093
f 3058/3352/3089 3063/3353/3094 3064/3354/3095 3059/3355/3090
f 3063/3353/3094 3065/3356/3096 3066/3357/3097 3064/3354/3095
f 3064/3354/3095 3066/3357/3097 3067/3358/3098 3068/3359/3099
f 3059/3355/3090 3064/3354/3095 3068/3359/3099 3060/3360/3091
f 3065/3356/3096 3069/3361/3100 3070/3362/3101 3066/3357/3097
f 3069/3361/3100 3071/3363/3102 3072/3364/3103 3070/3362/3101
f 3070/3362/3101 3072/3364/3103 3073/3365/3104 3074/3366/3105
f 3066/3357/3097 3070/3362/3101 3074/3366/3105 3067/3358/3098
f 3071/3363/3102 3075/3367/3106 3076/3368/3107 3072/3364/3103
f 3075/3367/3106 3077/3369/3108 3078/3370/3109 3076/3368/3107
f 3076/3368/3107 3078/3370/3109 3079/3371/3110 3080/3372/3111
f 3072/3364/3103 3076/3368/3107 3080/3372/3111 3073/3365/3104
f 3077/3369/3108 3081/3373/3112 3082/3374/3113 3078/3370/3109
f 3081/3373/3112 3083/3375/3114 3084/3376/3115 3082/3374/3113
f 3082/3374/3113 3084/3376/3115 3085/3377/3116 3086/3378/3117
f 3078/3370/3109 3082/3374/3113 3086/3378/3117 3079/3371/3110
f 3083/3379/3114 3087/3380/3118 3088/3381/3119 3084/3382/3115
f 3087/3380/3118 3089/3383/3120 3090/3384/3121 3088/3381/3119
f 3088/3381/3119 3090/3384/3121 3091/3385/3122 3092/3386/3123
f 3084/3382/3115 3088/3381/3119 3092/3386/3123 3085/3387/3116
f 3093/3388/3124 3094/3389/3125 3095/3390/3126 3096/3391/3127
f 3094/3389/3125 3097/3392/3128 3098/3393/3129 3095/3390/3126
f 3095/3390/3126 3098/3393/3129 3099/3394/3130 3100/3395/3131
f 3096/3391/3127 3095/3390/3126 3100/3395/3131 3101/3396/3132
f 3097/3392/3128 3102/3397/3133 3103/3398/3134 3098/3393/3129
f 3102/3397/3133 3104/3399/3135 3105/3400/3136 3103/3398/3134
f 3103/3398/3134 3105/3400/3136 3106/3401/3137 3107/3402/3138
f 3098/3393/3129 3103/3398/3134 3107/3402/3138 3099/3394/3130
f 3104/3403/3135 3108/3404/3139 3109/3405/3140 3105/3406/3136
f 3108/3404/3139 3110/3407/3141 3111/3408/3142 3109/3405/3140
f 3109/3405/3140 3111/3408/3142 3112/3409/3143 3113/3410/3144
f 3105/3406/3136 3109/3405/3140 3113/3410/3144 3106/3411/3137
f 3110/3407/3141 3114/3412/3145 3115/3413/3146 3111/3408/3142
f 3114/3412/3145 3116/3414/3147 3117/3415/3148 3115/3413/3146
f 3115/3413/3146 3117/3415/3148 3118/3416/3149 3119/3417/3150
f 3111/3408/3142 3115/3413/3146 3119/3417/3150 3112/3409/3143
f 3116/3414/3147 3120/3418/3151 3121/3419/3152 3117/3415/3148
f 3120/3418/3151 3122/3420/3153 3123/3421/3154 3121/3419/3152
f 3121/3419/3152 3123/3421/3154 3124/3422/3155 3125/3423/3156
f 3117/3415/3148 3121/3419/3152 3125/3423/3156 3118/3416/3149
f 3126/3424/3157 3127/3425/3158 3128/3426/3159 3129/3427/3160
f 3127/3425/3158 97/109/97 100/112/100 3128/3426/3159
f 3128/3426/3159 100/112/100 105/117/105 3130/3428/3161
f 3129/3427/3160 3128/3426/3159 3130/3428/3161 3131/3429/3162
f 3132/3430/3163 3133/3431/3164 3134/3432/3165 3135/3433/3166
f 3133/3431/3164 2954/3223/2979 2957/3226/2982 3134/3432/3165
f 3134/3432/3165 2957/3226/2982 2962/3231/2987 2987/3434/3012
f 3135/3433/3166 3134/3432/3165 2987/3434/3012 2928/3435/2949
f 3136/3436/3167 3137/3437/3168 3138/3438/3169 3139/3439/3170
f 3137/3437/3168 3140/3440/3171 3141/3441/3172 3138/3438/3169
f 3138/3438/3169 3141/3441/3172 3142/3442/3173 3143/3443/3174
f 3139/3439/3170 3138/3438/3169 3143/3443/3174 3144/3444/3175
f 3145/3445/3176 3146/3446/3177 3147/3447/3178 3148/3448/3179
f 3146/3446/3177 3149/3449/3180 3150/3450/3181 3147/3447/3178
f 3147/3447/3178 3150/3450/3181 3151/3451/3182 3152/3452/3183
f 3148/3448/3179 3147/3447/3178 3152/3452/3183 3153/3453/3184
f 3149/3449/3180 3154/3454/3185 3155/3455/3186 3150/3450/3181
f 3154/3454/3185 3156/3456/3187 3157/3457/3188 3155/3455/3186
f 3155/3455/3186 3157/3457/3188 3158/3458/3189 3159/3459/3190
f 3150/3450/3181 3155/3455/3186 3159/3459/3190 3151/3451/3182
f 3156/3456/3187 3160/3460/3191 3161/3461/3192 3157/3457/3188
f 3160/3460/3191 106/118/106 3162/3462/3193 3161/3461/3192
f 3161/3461/3192 3162/3462/3193 3163/3463/3194 3164/3464/3195
f 3157/3457/3188 3161/3461/3192 3164/3464/3195 3158/3458/3189
f 106/118/106 109/121/109 3165/3465/3196 3162/3462/3193
f 109/121/109 114/126/114 3166/3466/3197 3165/3465/3196
f 3165/3465/3196 3166/3466/3197 3167/3467/3198 3168/3468/3199
f 3162/3462/3193 3165/3465/3196 3168/3468/3199 3163/3463/3194
f 114/126/114 3169/3469/3200 3170/3470/3201 3166/3466/3197
f 3169/3469/3200 3171/3471/3202 3172/3472/3203 3170/3470/3201
f 3170/3470/3201 3172/3472/3203 3173/3473/3204 3174/3474/3205
f 3166/3466/3197 3170/3470/3201 3174/3474/3205 3167/3467/3198
f 3171/3471/3202 3175/3475/3206 3176/3476/3207 3172/3472/3203
f 3175/3475/3206 3177/3477/3208 3178/3478/3209 3176/3476/3207
f 3176/3476/3207 3178/3478/3209 3179/3479/3210 3180/3480/3211
f 3172/3472/3203 3176/3476/3207 3180/3480/3211 3173/3473/3204
f 3177/3477/3208 3181/3481/3212 3182/3482/3213 3178/3478/3209
f 3181/3481/3212 3183/3483/3214 3184/3484/3215 3182/3482/3213
f 3182/3482/3213 3184/3484/3215 3185/3485/3216 3186/3486/3217
f 3178/3478/3209 3182/3482/3213 3186/3486/3217 3179/3479/3210
f 3183/3483/3214 3187/3487/3218 3188/3488/3219 3184/3484/3215
f 3187/3487/3218 3189/3489/3220 3190/3490/3221 3188/3488/3219
f 3188/3488/3219 3190/3490/3221 3191/3491/3222 3192/3492/3223
f 3184/3484/3215 3188/3488/3219 3192/3492/3223 3185/3485/3216
f 3189/3489/3220 3193/3493/3224 3194/3494/3225 3190/3490/3221
f 3193/3493/3224 3195/3495/3226 3196/3496/3227 3194/3494/3225
f 3194/3494/3225 3196/3496/3227 3197/3497/3228 3198/3498/3229
f 3190/3490/3221 3194/3494/3225 3198/3498/3229 3191/3491/3222
f 3195/3495/3226 3199/3499/3230 3200/3500/3231 3196/3496/3227
f 3199/3499/3230 119/131/119 3201/3501/3232 3200/3500/3231
f 3200/3500/3231 3201/3501/3232 3202/3502/3233 3203/3503/3234
f 3196/3496/3227 3200/3500/3231 3203/3503/3234 3197/3497/3228
f 119/131/119 116/128/116 3204/3504/3235 3201/3501/3232
f 116/128/116 115/127/115 3205/3505/3236 3204/3504/3235
f 3204/3504/3235 3205/3505/3236 3206/3506/3237 3207/3507/3238
f 3201/3501/3232 3204/3504/3235 3207/3507/3238 3202/3502/3233
f 115/127/115 3208/3508/3239 3209/3509/3240 3205/3505/3236
f 3208/3508/3239 3210/3510/3241 3211/3511/3242 3209/3509/3240
f 3209/3509/3240 3211/3511/3242 3212/3512/3243 3213/3513/3244
f 3205/3505/3236 3209/3509/3240 3213/3513/3244 3206/3506/3237
f 3210/3510/3241 3214/3514/3245 3215/3515/3246 3211/3511/3242
f 3214/3514/3245 3216/3516/3247 3217/3517/3248 3215/3515/3246
f 3215/3515/3246 3217/3517/3248 3218/3518/3249 3219/3519/3250
f 3211/3511/3242 3215/3515/3246 3219/3519/3250 3212/3512/3243
f 3216/3516/3247 3220/3520/3251 3221/3521/3252 3217/3517/3248
f 3220/3520/3251 3136/3436/3167 3139/3439/3170 3221/3521/3252
f 3221/3521/3252 3139/3439/3170 3144/3444/3175 3222/3522/3253
f 3217/3517/3248 3221/3521/3252 3222/3522/3253 3218/3518/3249
f 3223/3523/3254 3224/3524/3255 3225/3525/3256 3226/3526/3257
f 3224/3524/3255 3227/3527/3258 3228/3528/3259 3225/3525/3256
f 3225/3525/3256 3228/3528/3259 3229/3529/3260 3230/3530/3261
f 3226/3526/3257 3225/3525/3256 3230/3530/3261 3231/3531/3262
f 3122/3420/3153 3232/3532/3263 3233/3533/3264 3123/3421/3154
f 3232/3532/3263 3126/3534/3157 3129/3535/3160 3233/3533/3264
f 3233/3533/3264 3129/3535/3160 3131/3536/3162 3234/3537/3265
f 3123/3421/3154 3233/3533/3264 3234/3537/3265 3124/3422/3155
f 3235/3538/3266 3236/3539/3267 3237/3540/3268 3238/3541/3269
f 3239/3542/3270 3240/3543/3271 3237/3540/3268 3236/3539/3267
f 3241/3544/3272 3238/3541/3269 3237/3540/3268 3240/3543/3271
f 325/340/325 3242/3545/3273 3243/3546/3274 326/341/326
f 3242/3545/3273 618/666/618 617/665/617 3243/3546/3274
f 3243/3546/3274 617/665/617 616/664/616 3244/3547/3275
f 326/341/326 3243/3546/3274 3244/3547/3275 327/342/327
f 3241/3544/3272 3240/3543/3271 3245/3548/3276 3246/3549/3277
f 3240/3543/3271 3239/3542/3270 3247/3550/3278 3245/3548/3276
f 3245/3548/3276 3247/3550/3278 3248/3551/3279 3249/3552/3280
f 3246/3549/3277 3245/3548/3276 3249/3552/3280 3250/3553/3281
f 3251/3554/3282 3252/3555/3283 3253/3556/3284 3254/3557/3285
f 3241/3544/3272 3246/3549/3277 3253/3556/3284 3252/3555/3283
f 3250/3553/3281 3255/3558/3286 3253/3556/3284 3246/3549/3277
f 3256/3559/3287 3257/3560/3288 3253/3556/3284 3255/3558/3286
f 3258/3561/3289 3259/3562/3290 3253/3556/3284 3257/3560/3288
f 3260/3563/3291 3254/3557/3285 3253/3556/3284 3259/3562/3290
f 2862/3131/2883 3261/3564/3292 3262/3565/3293 2863/3132/2884
f 3261/3564/3294 3054/3566/3085 3263/3567/3295 3262/3565/3296
f 3262/3565/3296 3263/3567/3295 101/3568/101 3264/3569/3297
f 2863/3132/2884 3262/3565/3293 3264/3569/3298 2864/3133/2885
f 363/378/363 3265/3570/3299 3266/3571/3300 364/379/364
f 3265/3570/3301 3267/3572/3302 3268/3573/3303 3266/3571/3304
f 3266/3571/3304 3268/3573/3303 3269/3574/3305 3270/3575/3306
f 364/379/364 3266/3571/3300 3270/3575/3307 365/380/365
f 541/580/541 3271/3576/3308 3272/3577/3309 542/581/542
f 3271/3576/3310 3273/3578/3311 3274/3579/3312 3272/3577/3313
f 3272/3577/3313 3274/3579/3312 3275/3580/3314 3276/3581/3315
f 542/581/542 3272/3577/3309 3276/3581/3316 447/474/447
f 3153/3582/3184 3277/3583/3317 3278/3584/3318 3279/3585/3319
f 3277/3583/3320 539/578/539 537/576/537 3278/3584/3321
f 3278/3584/3321 537/576/537 445/472/445 3280/3586/3322
f 3279/3585/3319 3278/3584/3318 3280/3586/3323 3142/3587/3173
f 679/3588/697 3281/3589/3324 3282/3590/3325 680/3591/698
f 3281/3589/3326 682/730/700 3283/3592/3327 3282/3590/3328
f 3282/3590/3328 3283/3592/3327 882/939/900 3284/3593/3329
f 680/3591/698 3282/3590/3325 3284/3593/3330 681/3594/699
f 1027/1096/1045 3285/3595/3331 3286/3596/3332 1028/1097/1046
f 3285/3595/3333 925/3597/943 928/3598/946 3286/3596/3334
f 3286/3596/3334 928/3598/946 933/3599/951 3287/3600/3335
f 1028/1097/1046 3286/3596/3332 3287/3600/3336 937/994/955
f 1266/1361/1284 3288/3601/3337 3289/3602/3338 3290/3603/3339
f 3288/3601/3337 940/997/958 1258/1350/1276 3289/3602/3338
f 3289/3602/3338 1258/1350/1276 1170/1250/1188 3291/3604/3340
f 3290/3603/3339 3289/3602/3338 3291/3604/3340 1090/1168/1108
f 1548/1701/1566 3292/3605/3341 3293/3606/3342 1549/1702/1567
f 3292/3605/3341 1174/3607/1192 1541/3608/1559 3293/3606/3342
f 3293/3606/3342 1541/3608/1559 1459/3609/1477 3294/3610/3343
f 1549/1702/1567 3293/3606/3342 3294/3610/3343 1323/1455/1341
f 1182/1262/1200 3295/3611/3344 3296/3612/3345 1543/1696/1561
f 3295/3611/3344 1463/1607/1481 1673/1826/1691 3296/3612/3345
f 3296/3612/3345 1673/1826/1691 1630/1783/1648 3297/3613/3346
f 1543/1696/1561 3296/3612/3345 3297/3613/3346 1461/1605/1479
f 1471/1615/1489 3298/3614/3347 3299/3615/3348 1675/1828/1693
f 3298/3614/3349 3300/3616/3350 3301/3617/3351 3299/3615/3352
f 3299/3615/3352 3301/3617/3351 3302/3618/3353 3303/3619/3354
f 1675/1828/1693 3299/3615/3348 3303/3619/3355 1632/1785/1650
f 2480/3620/2498 3304/3621/3356 3305/3622/3357 2481/3623/2499
f 3304/3621/3358 2266/3624/2284 2263/3625/2281 3305/3622/3359
f 3305/3622/3359 2263/3625/2281 2262/3626/2280 3306/3627/3360
f 2481/3623/2499 3305/3622/3357 3306/3627/3361 2482/3628/2500
f 2186/3629/3362 3307/3630/3363 3308/3631/3364 2355/3632/3365
f 3307/3630/3363 3309/3633/3366 3310/3634/3367 3308/3631/3364
f 3308/3631/3364 3310/3634/3367 2340/2569/2358 3311/3635/3368
f 2355/3632/3365 3308/3631/3364 3311/3635/3368 7/3636/3369
f 2425/2660/2443 3312/3637/3370 3313/3638/3371 3314/3639/3372
f 3312/3637/3370 2478/3640/2496 2475/3641/2493 3313/3638/3371
f 3313/3638/3371 2475/3641/2493 2474/3642/2492 3315/3643/3373
f 3314/3639/3372 3313/3638/3371 3315/3643/3373 2417/2652/2435
f 2575/2818/2593 3316/3644/3374 3317/3645/3375 3318/3646/3376
f 3316/3644/3374 2624/3647/2642 3319/3648/3377 3317/3645/3375
f 3317/3645/3375 3319/3648/3377 2568/3649/2586 3320/3650/3378
f 3318/3646/3376 3317/3645/3375 3320/3650/3378 1454/1598/1472
f 1689/1845/1707 2809/3067/2830 3321/3651/3379 2857/3126/2878
f 1679/1832/1697 3322/3652/3380 3321/3651/3379 2809/3067/2830
f 223/235/223 2857/3126/2878 3321/3651/3379 3322/3652/3380
f 3062/3351/3093 3323/3653/3381 3324/3654/3382 3325/3655/3383
f 3323/3653/3384 133/3656/133 2951/3657/2976 3324/3654/3385
f 3324/3654/3385 2951/3657/2976 128/3658/128 3326/3659/3386
f 3325/3655/3383 3324/3654/3382 3326/3659/3387 103/115/103
f 141/3660/141 3327/3661/3388 3328/3662/3389 2953/3663/2978
f 3327/3661/3390 1681/3664/1699 2855/3665/2876 3328/3662/3391
f 3328/3662/3391 2855/3665/2876 221/3666/221 3329/3667/3392
f 2953/3663/2978 3328/3662/3389 3329/3667/3393 130/3668/130
f 3195/3495/3226 3193/3493/3224 3330/3669/3394 3331/3670/3395
f 3193/3493/3224 3189/3489/3220 3332/3671/3396 3330/3669/3394
f 3330/3669/3394 3332/3671/3396 3333/3672/3397 3334/3673/3398
f 3331/3670/3395 3330/3669/3394 3334/3673/3398 3335/3674/3399
f 3336/3675/3400 3337/3676/3401 3338/3677/3402 3339/3678/3403
f 3337/3676/3404 361/376/361 358/373/358 3338/3677/3405
f 3338/3677/3405 358/373/358 357/372/357 3340/3679/3406
f 3339/3678/3403 3338/3677/3402 3340/3679/3407 3341/3680/3408
f 2867/3136/2888 3342/3681/3409 3343/3682/3410 2868/3137/2889
f 3342/3681/3411 3058/3683/3089 3055/3684/3086 3343/3682/3412
f 3343/3682/3412 3055/3684/3086 3054/3566/3085 3261/3564/3294
f 2868/3137/2889 3343/3682/3410 3261/3564/3292 2862/3131/2883
f 370/3685/370 3344/3686/3413 3345/3687/3414 371/3688/371
f 3344/3686/3415 3346/3689/3416 3347/3690/3417 3345/3687/3418
f 3345/3687/3418 3347/3690/3417 3267/3691/3302 3265/3692/3301
f 371/3688/371 3345/3687/3414 3265/3692/3299 363/378/363
f 547/3693/547 3348/3694/3419 3349/3695/3420 548/3696/548
f 3348/3694/3421 3350/3697/3422 3351/3698/3423 3349/3695/3424
f 3349/3695/3424 3351/3698/3423 3273/3699/3311 3271/3700/3310
f 548/3696/548 3349/3695/3420 3271/3700/3308 541/580/541
f 3352/3701/3425 3353/3702/3426 3354/3703/3427 3355/3704/3428
f 3353/3702/3429 454/3705/454 451/3706/451 3354/3703/3430
f 3354/3703/3430 451/3706/451 450/3707/450 3356/3708/3431
f 3355/3704/3428 3354/3703/3427 3356/3708/3432 3357/3709/3433
f 3151/3710/3182 3358/3711/3434 3359/3712/3435 3152/3713/3183
f 3358/3711/3436 545/584/545 543/582/543 3359/3712/3437
f 3359/3712/3437 543/582/543 539/578/539 3277/3583/3320
f 3152/3713/3183 3359/3712/3435 3277/3583/3317 3153/3582/3184
f 456/3714/456 3360/3715/3438 3361/3716/3439 457/3717/457
f 3360/3715/3440 3362/3718/3441 3363/3719/3442 3361/3716/3443
f 3361/3716/3443 3363/3719/3442 620/668/620 3364/3720/3444
f 457/3717/457 3361/3716/3439 3364/3720/3445 458/3721/458
f 840/897/858 3365/3722/3446 3366/3723/3447 841/898/859
f 3365/3722/3448 686/3724/704 683/3725/701 3366/3723/3449
f 3366/3723/3449 683/3725/701 682/3726/700 3281/3727/3326
f 841/898/859 3366/3723/3447 3281/3727/3324 679/727/697
f 1031/3728/1049 3367/3729/3450 3368/3730/3451 1032/3731/1050
f 3367/3729/3452 3369/3732/3453 3370/3733/3454 3368/3730/3455
f 3368/3730/3455 3370/3733/3454 925/982/943 3285/3734/3333
f 1032/3731/1050 3368/3730/3451 3285/3734/3331 1027/3735/1045
f 1264/1359/1282 3371/3736/3456 3372/3737/3457 1265/1360/1283
f 3371/3736/3456 944/1001/962 941/998/959 3372/3737/3457
f 3372/3737/3457 941/998/959 940/997/958 3288/3601/3337
f 1265/1360/1283 3372/3737/3457 3288/3601/3337 1266/1361/1284
f 1554/1707/1572 3373/3738/3458 3374/3739/3459 1555/1708/1573
f 3373/3738/3458 1178/3740/1196 1175/3741/1193 3374/3739/3459
f 3374/3739/3459 1175/3741/1193 1174/3607/1192 3292/3605/3341
f 1555/1708/1573 3374/3739/3459 3292/3605/3341 1548/1701/1566
f 1180/1260/1198 3375/3742/3460 3376/3743/3461 1181/1261/1199
f 3375/3742/3460 1467/1611/1485 1464/1608/1482 3376/3743/3461
f 3376/3743/3461 1464/1608/1482 1463/1607/1481 3295/3611/3344
f 1181/1261/1199 3376/3743/3461 3295/3611/3344 1182/1262/1200
f 1469/1613/1487 3377/3744/3462 3378/3745/3463 1470/1614/1488
f 3377/3744/3464 3379/3746/3465 3380/3747/3466 3378/3745/3467
f 3378/3745/3467 3380/3747/3466 3300/3616/3350 3298/3614/3349
f 1470/1614/1488 3378/3745/3463 3298/3614/3347 1471/1615/1489
f 2487/3748/2505 3381/3749/3468 3382/3750/3469 2488/3751/2506
f 3381/3749/3470 2686/3752/2704 2684/3753/2702 3382/3750/3471
f 3382/3750/3471 2684/3753/2702 2266/3624/2284 3304/3621/3358
f 2488/3751/2506 3382/3750/3469 3304/3621/3356 2480/3620/2498
f 2184/3754/3472 3383/3755/3473 3384/3756/3474 2185/3757/3475
f 3383/3755/3473 3385/3758/3476 3386/3759/3477 3384/3756/3474
f 3384/3756/3474 3386/3759/3477 3309/3633/3366 3307/3630/3363
f 2185/3757/3475 3384/3756/3474 3307/3630/3363 2186/3629/3362
f 2688/2939/2706 3387/3760/3478 3388/3761/3479 2689/2940/2707
f 3387/3760/3478 14/3762/14 11/3763/11 3388/3761/3479
f 3388/3761/3479 11/3763/11 10/3764/10 3389/3765/3480
f 2689/2940/2707 3388/3761/3479 3389/3765/3480 2268/2489/2286
f 2423/3766/2441 3390/3767/3481 3391/3768/3482 2424/3769/2442
f 3390/3767/3481 2485/2728/2503 2483/2726/2501 3391/3768/3482
f 3391/3768/3482 2483/2726/2501 2478/2721/2496 3312/3770/3370
f 2424/3769/2442 3391/3768/3482 3312/3770/3370 2425/3771/2443
f 2573/3772/2591 3392/3773/3483 3393/3774/3484 2574/3775/2592
f 3392/3773/3483 2628/2879/2646 2625/2876/2643 3393/3774/3484
f 3393/3774/3484 2625/2876/2643 2624/2875/2642 3316/3776/3374
f 2574/3775/2592 3393/3774/3484 3316/3776/3374 2575/3777/2593
f 3060/3349/3091 3394/3778/3485 3395/3779/3486 3061/3350/3092
f 3394/3778/3487 137/3780/137 134/3781/134 3395/3779/3488
f 3395/3779/3488 134/3781/134 133/3656/133 3323/3653/3384
f 3061/3350/3092 3395/3779/3486 3323/3653/3381 3062/3351/3093
f 139/3782/139 3396/3783/3489 3397/3784/3490 140/3785/140
f 3396/3783/3491 1685/3786/1703 1682/3787/1700 3397/3784/3492
f 3397/3784/3492 1682/3787/1700 1681/3664/1699 3327/3661/3390
f 140/3785/140 3397/3784/3490 3327/3661/3388 141/3660/141
f 3398/3788/3493 3399/3789/3494 3400/3790/3495 3401/3791/3496
f 3399/3789/3494 3333/3672/3397 3332/3671/3396 3400/3790/3495
f 3400/3790/3495 3332/3671/3396 3189/3489/3220 3187/3487/3218
f 3401/3791/3496 3400/3790/3495 3187/3487/3218 3183/3483/3214
f 2946/3215/2968 3402/3792/3497 3403/3793/3498 3404/3794/3499
f 3402/3792/3500 368/3795/368 366/3796/366 3403/3793/3501
f 3403/3793/3501 366/3796/366 361/3797/361 3337/3798/3404
f 3404/3794/3499 3403/3793/3498 3337/3798/3401 3336/3799/3400
f 2871/3140/2892 3405/3800/3502 3406/3801/3503 2872/3141/2893
f 3405/3800/3504 3065/3802/3096 3063/3803/3094 3406/3801/3505
f 3406/3801/3505 3063/3803/3094 3058/3683/3089 3342/3681/3411
f 2872/3141/2893 3406/3801/3503 3342/3681/3409 2867/3136/2888
f 376/3804/376 3407/3805/3506 3408/3806/3507 377/3807/377
f 3407/3805/3508 3409/3808/3509 3410/3809/3510 3408/3806/3511
f 3408/3806/3511 3410/3809/3510 3346/3689/3416 3344/3686/3415
f 377/3807/377 3408/3806/3507 3344/3686/3413 370/3685/370
f 3411/3810/3512 3412/3811/3513 3413/3812/3514 3414/3813/3515
f 3412/3811/3516 348/363/348 3415/3814/3517 3413/3812/3518
f 3413/3812/3518 3415/3814/3517 3350/3697/3422 3348/3694/3421
f 3414/3813/3515 3413/3812/3514 3348/3694/3419 547/3693/547
f 356/371/356 3416/3815/3519 3417/3816/3520 3418/3817/3521
f 3416/3815/3522 461/3818/461 459/3819/459 3417/3816/3523
f 3417/3816/3523 459/3819/459 454/3705/454 3353/3702/3429
f 3418/3817/3521 3417/3816/3520 3353/3702/3426 3352/3701/3425
f 3158/3820/3189 3419/3821/3524 3420/3822/3525 3159/3823/3190
f 3419/3821/3526 3421/3824/3527 3422/3825/3528 3420/3822/3529
f 3420/3822/3529 3422/3825/3528 545/3826/545 3358/3827/3436
f 3159/3823/3190 3420/3822/3525 3358/3827/3434 3151/3828/3182
f 463/3829/463 3423/3830/3530 3424/3831/3531 464/3832/464
f 3423/3830/3532 3425/3833/3533 3426/3834/3534 3424/3831/3535
f 3424/3831/3535 3426/3834/3534 3362/3718/3441 3360/3715/3440
f 464/3832/464 3424/3831/3531 3360/3715/3438 456/3714/456
f 858/915/876 3427/3835/3536 3428/3836/3537 859/916/877
f 3427/3835/3538 693/3837/711 691/3838/709 3428/3836/3539
f 3428/3836/3539 691/3838/709 686/3724/704 3365/3722/3448
f 859/916/877 3428/3836/3537 3365/3722/3446 840/897/858
f 1035/3839/1053 3429/3840/3540 3430/3841/3541 1036/3842/1054
f 3429/3840/3542 917/974/935 3431/3843/3543 3430/3841/3544
f 3430/3841/3544 3431/3843/3543 3369/3732/3453 3367/3729/3452
f 1036/3842/1054 3430/3841/3541 3367/3729/3450 1031/3728/1049
f 1269/1368/1287 3432/3844/3545 3433/3845/3546 1270/1369/1288
f 3432/3844/3545 951/1010/969 949/1007/967 3433/3845/3546
f 3433/3845/3546 949/1007/967 944/1006/962 3371/3846/3456
f 1270/1369/1288 3433/3845/3546 3371/3846/3456 1264/1370/1282
f 1560/1713/1578 3434/3847/3547 3435/3848/3548 1561/1714/1579
f 3434/3847/3547 1185/3849/1203 1183/3850/1201 3435/3848/3548
f 3435/3848/3548 1183/3850/1201 1178/3740/1196 3373/3738/3458
f 1561/1714/1579 3435/3848/3548 3373/3738/3458 1554/1707/1572
f 1187/1269/1205 3436/3851/3549 3437/3852/3550 1188/1270/1206
f 3436/3851/3549 3438/3853/3551 3439/3854/3552 3437/3852/3550
f 3437/3852/3550 3439/3854/3552 1467/3855/1485 3375/3856/3460
f 1188/1270/1206 3437/3852/3550 3375/3856/3460 1180/1271/1198
f 3440/3857/3553 3441/3858/3554 3442/3859/3555 3443/3860/3556
f 3441/3858/3557 1662/3861/1680 3444/3862/3558 3442/3859/3559
f 3442/3859/3559 3444/3862/3558 3379/3863/3465 3377/3864/3464
f 3443/3860/3556 3442/3859/3555 3377/3864/3462 1469/3865/1487
f 2493/3866/2511 3445/3867/3560 3446/3868/3561 2494/3869/2512
f 3445/3867/3562 2692/3870/2710 2690/3871/2708 3446/3868/3563
f 3446/3868/3563 2690/3871/2708 2686/3872/2704 3381/3873/3470
f 2494/3869/2512 3446/3868/3561 3381/3873/3468 2487/3874/2505
f 2191/3875/3564 3447/3876/3565 3448/3877/3566 2192/3878/3567
f 3447/3876/3565 3449/3879/3568 3450/3880/3569 3448/3877/3566
f 3448/3877/3566 3450/3880/3569 3385/3758/3476 3383/3755/3473
f 2192/3878/3567 3448/3877/3566 3383/3755/3473 2184/3754/3472
f 2694/2945/2712 3451/3881/3570 3452/3882/3571 2695/2946/2713
f 3451/3881/3570 21/3883/21 19/3884/19 3452/3882/3571
f 3452/3882/3571 19/3884/19 14/3762/14 3387/3760/3478
f 2695/2946/2713 3452/3882/3571 3387/3760/3478 2688/2939/2706
f 2428/3885/2446 3453/3886/3572 3454/3887/3573 2429/3888/2447
f 3453/3886/3572 2491/2734/2509 2489/2732/2507 3454/3887/3573
f 3454/3887/3573 2489/2732/2507 2485/2728/2503 3390/3767/3481
f 2429/3888/2447 3454/3887/3573 3390/3767/3481 2423/3766/2441
f 2578/3889/2596 3455/3890/3574 3456/3891/3575 2579/3892/2597
f 3455/3890/3574 2632/2883/2650 2630/2881/2648 3456/3891/3575
f 3456/3891/3575 2630/2881/2648 2628/2879/2646 3392/3773/3483
f 2579/3892/2597 3456/3891/3575 3392/3773/3483 2573/3772/2591
f 3067/3358/3098 3457/3893/3576 3458/3894/3577 3068/3359/3099
f 3457/3893/3578 144/3895/144 142/3896/142 3458/3894/3579
f 3458/3894/3579 142/3896/142 137/3897/137 3394/3898/3487
f 3068/3359/3099 3458/3894/3577 3394/3898/3485 3060/3360/3091
f 146/3899/146 3459/3900/3580 3460/3901/3581 147/3902/147
f 3459/3900/3582 1692/3903/1710 1690/3904/1708 3460/3901/3583
f 3460/3901/3583 1690/3904/1708 1685/3905/1703 3396/3906/3491
f 147/3902/147 3460/3901/3581 3396/3906/3489 139/3907/139
f 3461/3908/3584 3462/3909/3585 3463/3910/3586 3464/3911/3587
f 3462/3909/3585 3398/3788/3493 3401/3791/3496 3463/3910/3586
f 3463/3910/3586 3401/3791/3496 3183/3483/3214 3181/3481/3212
f 3464/3911/3587 3463/3910/3586 3181/3481/3212 3177/3477/3208
f 2942/3211/2964 3465/3912/3588 3466/3913/3589 2943/3212/2965
f 3465/3912/3590 374/3914/374 372/3915/372 3466/3913/3591
f 3466/3913/3591 372/3915/372 368/3795/368 3402/3792/3500
f 2943/3212/2965 3466/3913/3589 3402/3792/3497 2946/3215/2968
f 2875/3144/2896 3467/3916/3592 3468/3917/3593 2876/3145/2897
f 3467/3916/3594 3071/3918/3102 3069/3919/3100 3468/3917/3595
f 3468/3917/3595 3069/3919/3100 3065/3802/3096 3405/3800/3504
f 2876/3145/2897 3468/3917/3593 3405/3800/3502 2871/3140/2892
f 3469/3920/3596 3470/3921/3597 3471/3922/3598 3472/3923/3599
f 3470/3921/3600 110/3924/110 3473/3925/3601 3471/3922/3602
f 3471/3922/3602 3473/3925/3601 3409/3926/3509 3407/3927/3508
f 3472/3923/3599 3471/3922/3598 3407/3927/3506 376/393/376
f 557/596/557 3474/3928/3603 3475/3929/3604 3476/3930/3605
f 3474/3928/3606 352/3931/352 349/3932/349 3475/3929/3607
f 3475/3929/3607 349/3932/349 348/3933/348 3412/3934/3516
f 3476/3930/3605 3475/3929/3604 3412/3934/3513 3411/3935/3512
f 354/3936/354 3477/3937/3608 3478/3938/3609 355/3939/355
f 3477/3937/3610 467/497/467 465/495/465 3478/3938/3611
f 3478/3938/3611 465/495/465 461/490/461 3416/3940/3522
f 355/3939/355 3478/3938/3609 3416/3940/3519 356/3941/356
f 469/499/469 3479/3942/3612 3480/3943/3613 470/500/470
f 3479/3942/3614 3481/3944/3615 3482/3945/3616 3480/3943/3617
f 3480/3943/3617 3482/3945/3616 3425/3946/3533 3423/3947/3532
f 470/500/470 3480/3943/3613 3423/3947/3530 463/492/463
f 837/3948/855 3483/3949/3618 3484/3950/3619 871/3951/889
f 3483/3949/3620 699/750/717 697/748/715 3484/3950/3621
f 3484/3950/3621 697/748/715 693/743/711 3427/3952/3538
f 871/3951/889 3484/3950/3619 3427/3952/3536 858/3953/876
f 1039/1110/1057 3485/3954/3622 3486/3955/3623 1040/1111/1058
f 3485/3954/3624 919/3956/937 918/3957/936 3486/3955/3625
f 3486/3955/3625 918/3957/936 917/3958/935 3429/3959/3542
f 1040/1111/1058 3486/3955/3623 3429/3959/3540 1035/1105/1053
f 1273/1375/1291 3487/3960/3626 3488/3961/3627 1274/1376/1292
f 3487/3960/3626 957/1017/975 955/1015/973 3488/3961/3627
f 3488/3961/3627 955/1015/973 951/1010/969 3432/3844/3545
f 1274/1376/1292 3488/3961/3627 3432/3844/3545 1269/1368/1287
f 1566/1719/1584 3489/3962/3628 3490/3963/3629 1567/1720/1585
f 3489/3962/3628 1191/3964/1209 1189/3965/1207 3490/3963/3629
f 3490/3963/3629 1189/3965/1207 1185/3849/1203 3434/3847/3547
f 1567/1720/1585 3490/3963/3629 3434/3847/3547 1560/1713/1578
f 1193/1276/1211 3491/3966/3630 3492/3967/3631 1194/1277/1212
f 3491/3966/3630 1472/1616/1490 3493/3968/3632 3492/3967/3631
f 3492/3967/3631 3493/3968/3632 3438/3853/3551 3436/3851/3549
f 1194/1277/1212 3492/3967/3631 3436/3851/3549 1187/1269/1205
f 1480/1624/1498 3494/3969/3633 3495/3970/3634 3496/3971/3635
f 3494/3969/3636 1652/3972/1670 1663/3973/1681 3495/3970/3637
f 3495/3970/3637 1663/3973/1681 1662/3861/1680 3441/3858/3557
f 3496/3971/3635 3495/3970/3634 3441/3858/3554 3440/3857/3553
f 2499/3974/2517 3497/3975/3638 3498/3976/3639 2500/3977/2518
f 3497/3975/3640 2698/3978/2716 2696/3979/2714 3498/3976/3641
f 3498/3976/3641 2696/3979/2714 2692/3870/2710 3445/3867/3562
f 2500/3977/2518 3498/3976/3639 3445/3867/3560 2493/3866/2511
f 2197/3980/3642 3499/3981/3643 3500/3982/3644 2198/3983/3645
f 3499/3981/3643 2352/2581/2370 3501/3984/3646 3500/3982/3644
f 3500/3982/3644 3501/3984/3646 3449/3879/3568 3447/3876/3565
f 2198/3983/3645 3500/3982/3644 3447/3876/3565 2191/3875/3564
f 2700/2951/2718 3502/3985/3647 3503/3986/3648 2701/2952/2719
f 3502/3985/3647 27/3987/27 25/3988/25 3503/3986/3648
f 3503/3986/3648 25/3988/25 21/3883/21 3451/3881/3570
f 2701/2952/2719 3503/3986/3648 3451/3881/3570 2694/2945/2712
f 2432/2669/2450 3504/3989/3649 3505/3990/3650 2433/2670/2451
f 3504/3989/3649 2497/3991/2515 2495/3992/2513 3505/3990/3650
f 3505/3990/3650 2495/3992/2513 2491/3993/2509 3453/3994/3572
f 2433/2670/2451 3505/3990/3650 3453/3994/3572 2428/2664/2446
f 2582/2827/2600 3506/3995/3651 3507/3996/3652 2583/2828/2601
f 3506/3995/3651 2636/3997/2654 2634/3998/2652 3507/3996/3652
f 3507/3996/3652 2634/3998/2652 2632/3999/2650 3455/4000/3574
f 2583/2828/2601 3507/3996/3652 3455/4000/3574 2578/2822/2596
f 3073/3365/3104 3508/4001/3653 3509/4002/3654 3074/3366/3105
f 3508/4001/3655 150/4003/150 148/4004/148 3509/4002/3656
f 3509/4002/3656 148/4004/148 144/3895/144 3457/3893/3578
f 3074/3366/3105 3509/4002/3654 3457/3893/3576 3067/3358/3098
f 152/4005/152 3510/4006/3657 3511/4007/3658 153/4008/153
f 3510/4006/3659 1698/4009/1716 1696/4010/1714 3511/4007/3660
f 3511/4007/3660 1696/4010/1714 1692/3903/1710 3459/3900/3582
f 153/4008/153 3511/4007/3658 3459/3900/3580 146/3899/146
f 3512/4011/3661 3513/4012/3662 3514/4013/3663 3515/4014/3664
f 3513/4012/3662 3461/3908/3584 3464/3911/3587 3514/4013/3663
f 3514/4013/3663 3464/3911/3587 3177/3477/3208 3175/3475/3206
f 3515/4014/3664 3514/4013/3663 3175/3475/3206 3171/3471/3202
f 2879/3148/2900 3516/4015/3665 3517/4016/3666 2880/3149/2901
f 3516/4015/3667 3077/4017/3108 3075/4018/3106 3517/4016/3668
f 3517/4016/3668 3075/4018/3106 3071/3918/3102 3467/3916/3594
f 2880/3149/2901 3517/4016/3666 3467/3916/3592 2875/3144/2896
f 386/404/386 3518/4019/3669 3519/4020/3670 3520/4021/3671
f 3518/4019/3672 112/4022/112 111/4023/111 3519/4020/3673
f 3519/4020/3673 111/4023/111 110/3924/110 3470/3921/3600
f 3520/4021/3671 3519/4020/3670 3470/3921/3597 3469/3920/3596
f 555/594/555 3521/4024/3674 3522/4025/3675 556/595/556
f 3521/4024/3676 3523/4026/3677 3524/4027/3678 3522/4025/3679
f 3522/4025/3679 3524/4027/3678 352/3931/352 3474/3928/3606
f 556/595/556 3522/4025/3675 3474/3928/3603 557/596/557
f 3525/4028/3680 3526/4029/3681 3527/4030/3682 3528/4031/3683
f 3526/4029/3684 473/503/473 471/501/471 3527/4030/3685
f 3527/4030/3685 471/501/471 467/497/467 3477/3937/3610
f 3528/4031/3683 3527/4030/3682 3477/3937/3608 354/3936/354
f 3167/4032/3198 3529/4033/3686 3530/4034/3687 3168/4035/3199
f 3529/4033/3688 553/592/553 550/589/550 3530/4034/3689
f 3530/4034/3689 550/589/550 549/588/549 3531/4036/3690
f 3168/4035/3199 3530/4034/3687 3531/4036/3691 3163/4037/3194
f 475/505/475 3532/4038/3692 3533/4039/3693 476/506/476
f 3532/4038/3694 3534/4040/3695 3535/4041/3696 3533/4039/3697
f 3533/4039/3697 3535/4041/3696 3481/3944/3615 3479/3942/3614
f 476/506/476 3533/4039/3693 3479/3942/3612 469/499/469
f 3149/3449/3180 3536/4042/3698 3537/4043/3699 3154/3454/3185
f 3536/4042/3698 3346/3689/3416 3410/3809/3510 3537/4043/3699
f 3537/4043/3699 3410/3809/3510 3409/3808/3509 3538/4044/3700
f 3154/3454/3185 3537/4043/3699 3538/4044/3700 3156/3456/3187
f 835/4045/853 3539/4046/3701 3540/4047/3702 836/4048/854
f 3539/4046/3703 3541/4049/3704 3542/4050/3705 3540/4047/3706
f 3540/4047/3706 3542/4050/3705 699/750/717 3483/3949/3620
f 836/4048/854 3540/4047/3702 3483/3949/3618 837/3948/855
f 1045/1116/1063 3543/4051/3707 3544/4052/3708 1046/1117/1064
f 3543/4051/3709 3545/4053/3710 3546/4054/3711 3544/4052/3712
f 3544/4052/3712 3546/4054/3711 919/3956/937 3485/3954/3624
f 1046/1117/1064 3544/4052/3708 3485/3954/3622 1039/1110/1057
f 1277/1381/1295 3547/4055/3713 3548/4056/3714 1278/1382/1296
f 3547/4055/3713 963/1023/981 961/1021/979 3548/4056/3714
f 3548/4056/3714 961/1021/979 957/1017/975 3487/3960/3626
f 1278/1382/1296 3548/4056/3714 3487/3960/3626 1273/1375/1291
f 1199/1282/1217 3549/4057/3715 3550/4058/3716 1200/1283/1218
f 3549/4057/3715 1476/1620/1494 1473/1617/1491 3550/4058/3716
f 3550/4058/3716 1473/1617/1491 1472/1616/1490 3491/3966/3630
f 1200/1283/1218 3550/4058/3716 3491/3966/3630 1193/1276/1211
f 1478/1622/1496 3551/4059/3717 3552/4060/3718 1479/1623/1497
f 3551/4059/3719 1643/4061/1661 1653/4062/1671 3552/4060/3720
f 3552/4060/3720 1653/4062/1671 1652/3972/1670 3494/3969/3636
f 1479/1623/1497 3552/4060/3718 3494/3969/3633 1480/1624/1498
f 2505/4063/2523 3553/4064/3721 3554/4065/3722 2506/4066/2524
f 3553/4064/3723 2704/4067/2722 2702/4068/2720 3554/4065/3724
f 3554/4065/3724 2702/4068/2720 2698/3978/2716 3497/3975/3640
f 2506/4066/2524 3554/4065/3722 3497/3975/3638 2499/3974/2517
f 2203/4069/3725 3555/4070/3726 3556/4071/3727 2204/4072/3728
f 3555/4070/3726 2347/2576/2365 2350/2579/2368 3556/4071/3727
f 3556/4071/3727 2350/2579/2368 2352/2581/2370 3499/3981/3643
f 2204/4072/3728 3556/4071/3727 3499/3981/3643 2197/3980/3642
f 2706/2957/2724 3557/4073/3729 3558/4074/3730 2707/2958/2725
f 3557/4073/3729 33/4075/33 31/4076/31 3558/4074/3730
f 3558/4074/3730 31/4076/31 27/3987/27 3502/3985/3647
f 2707/2958/2725 3558/4074/3730 3502/3985/3647 2700/2951/2718
f 2436/2673/2454 3559/4077/3731 3560/4078/3732 2437/2674/2455
f 3559/4077/3731 2503/4079/2521 2501/4080/2519 3560/4078/3732
f 3560/4078/3732 2501/4080/2519 2497/3991/2515 3504/3989/3649
f 2437/2674/2455 3560/4078/3732 3504/3989/3649 2432/2669/2450
f 2586/2831/2604 3561/4081/3733 3562/4082/3734 2587/2832/2605
f 3561/4081/3733 2640/4083/2658 2638/4084/2656 3562/4082/3734
f 3562/4082/3734 2638/4084/2656 2636/3997/2654 3506/3995/3651
f 2587/2832/2605 3562/4082/3734 3506/3995/3651 2582/2827/2600
f 3079/3371/3110 3563/4085/3735 3564/4086/3736 3080/3372/3111
f 3563/4085/3737 156/4087/156 154/4088/154 3564/4086/3738
f 3564/4086/3738 154/4088/154 150/4003/150 3508/4001/3655
f 3080/3372/3111 3564/4086/3736 3508/4001/3653 3073/3365/3104
f 158/4089/158 3565/4090/3739 3566/4091/3740 159/4092/159
f 3565/4090/3741 1704/4093/1722 1702/4094/1720 3566/4091/3742
f 3566/4091/3742 1702/4094/1720 1698/4009/1716 3510/4006/3659
f 159/4092/159 3566/4091/3740 3510/4006/3657 152/4005/152
f 2883/3152/2904 3567/4095/3743 3568/4096/3744 2884/3153/2905
f 3567/4095/3745 3083/4097/3114 3081/4098/3112 3568/4096/3746
f 3568/4096/3746 3081/4098/3112 3077/4017/3108 3516/4015/3667
f 2884/3153/2905 3568/4096/3744 3516/4015/3665 2879/3148/2900
f 384/4099/384 3569/4100/3747 3570/4101/3748 385/4102/385
f 3569/4100/3749 3512/4011/3661 3571/4103/3750 3570/4101/3751
f 3570/4101/3751 3571/4103/3750 112/124/112 3518/4104/3672
f 385/4102/385 3570/4101/3748 3518/4104/3669 386/4105/386
f 562/4106/562 3572/4107/3752 3573/4108/3753 563/4109/563
f 3572/4107/3754 3574/4110/3755 3575/4111/3756 3573/4108/3757
f 3573/4108/3757 3575/4111/3756 3523/4112/3677 3521/4113/3676
f 563/4109/563 3573/4108/3753 3521/4113/3674 555/4114/555
f 3576/4115/3758 3577/4116/3759 3578/4117/3760 3579/4118/3761
f 3577/4116/3762 479/4119/479 477/4120/477 3578/4117/3763
f 3578/4117/3763 477/4120/477 473/4121/473 3526/4122/3684
f 3579/4118/3761 3578/4117/3760 3526/4122/3681 3525/4123/3680
f 3173/4124/3204 3580/4125/3764 3581/4126/3765 3174/4127/3205
f 3580/4125/3766 560/599/560 558/597/558 3581/4126/3767
f 3581/4126/3767 558/597/558 553/592/553 3529/4033/3688
f 3174/4127/3205 3581/4126/3765 3529/4033/3686 3167/4032/3198
f 481/4128/481 3582/4129/3768 3583/4130/3769 482/4131/482
f 3582/4129/3770 3584/4132/3771 3585/4133/3772 3583/4130/3773
f 3583/4130/3773 3585/4133/3772 3534/4134/3695 3532/4135/3694
f 482/4131/482 3583/4130/3769 3532/4135/3692 475/4136/475
f 110/122/110 107/119/107 3586/4137/3774 3473/4138/3601
f 107/119/107 106/118/106 3160/3460/3191 3586/4137/3774
f 3586/4137/3774 3160/3460/3191 3156/3456/3187 3538/4044/3700
f 3473/4138/3601 3586/4137/3774 3538/4044/3700 3409/3808/3509
f 877/934/895 3587/4139/3775 3588/4140/3776 879/936/897
f 3587/4139/3777 703/4141/721 3589/4142/3778 3588/4140/3779
f 3588/4140/3779 3589/4142/3778 3541/4143/3704 3539/4144/3703
f 879/936/897 3588/4140/3776 3539/4144/3701 835/892/853
f 1050/4145/1068 3590/4146/3780 3591/4147/3781 1051/4148/1069
f 3590/4146/3782 886/943/904 3592/4149/3783 3591/4147/3784
f 3591/4147/3784 3592/4149/3783 3545/4150/3710 3543/4151/3709
f 1051/4148/1069 3591/4147/3781 3543/4151/3707 1045/4152/1063
f 1281/1387/1299 3593/4153/3785 3594/4154/3786 1282/1388/1300
f 3593/4153/3785 969/1029/987 967/1027/985 3594/4154/3786
f 3594/4154/3786 967/1027/985 963/1023/981 3547/4055/3713
f 1282/1388/1300 3594/4154/3786 3547/4055/3713 1277/1381/1295
f 1578/1731/1596 3595/4155/3787 3596/4156/3788 1579/1732/1597
f 3595/4155/3787 1203/4157/1221 1201/4158/1219 3596/4156/3788
f 3596/4156/3788 1201/4158/1219 1197/4159/1215 3597/4160/3789
f 1579/1732/1597 3596/4156/3788 3597/4160/3789 1572/1725/1590
f 1205/1288/1223 3598/4161/3790 3599/4162/3791 1206/1289/1224
f 3598/4161/3790 1483/1627/1501 1481/1625/1499 3599/4162/3791
f 3599/4162/3791 1481/1625/1499 1476/1620/1494 3549/4057/3715
f 1206/1289/1224 3599/4162/3791 3549/4057/3715 1199/1282/1217
f 1485/1629/1503 3600/4163/3792 3601/4164/3793 1486/1630/1504
f 3600/4163/3794 1647/4165/1665 1644/4166/1662 3601/4164/3795
f 3601/4164/3795 1644/4166/1662 1643/4061/1661 3551/4059/3719
f 1486/1630/1504 3601/4164/3793 3551/4059/3717 1478/1622/1496
f 2511/4167/2529 3602/4168/3796 3603/4169/3797 2512/4170/2530
f 3602/4168/3798 2710/4171/2728 2708/4172/2726 3603/4169/3799
f 3603/4169/3799 2708/4172/2726 2704/4067/2722 3553/4064/3723
f 2512/4170/2530 3603/4169/3797 3553/4064/3721 2505/4063/2523
f 2209/4173/3800 3604/4174/3801 3605/4175/3802 2210/4176/3803
f 3604/4174/3801 3606/4177/3804 3607/4178/3805 3605/4175/3802
f 3605/4175/3802 3607/4178/3805 2347/2576/2365 3555/4070/3726
f 2210/4176/3803 3605/4175/3802 3555/4070/3726 2203/4069/3725
f 2712/2963/2730 3608/4179/3806 3609/4180/3807 2713/2964/2731
f 3608/4179/3806 39/4181/39 37/4182/37 3609/4180/3807
f 3609/4180/3807 37/4182/37 33/4075/33 3557/4073/3729
f 2713/2964/2731 3609/4180/3807 3557/4073/3729 2706/2957/2724
f 2440/4183/2458 3610/4184/3808 3611/4185/3809 2441/4186/2459
f 3610/4184/3808 2509/2752/2527 2507/2750/2525 3611/4185/3809
f 3611/4185/3809 2507/2750/2525 2503/2746/2521 3559/4187/3731
f 2441/4186/2459 3611/4185/3809 3559/4187/3731 2436/4188/2454
f 2590/4189/2608 3612/4190/3810 3613/4191/3811 2591/4192/2609
f 3612/4190/3810 2644/2895/2662 2642/2893/2660 3613/4191/3811
f 3613/4191/3811 2642/2893/2660 2640/2891/2658 3561/4193/3733
f 2591/4192/2609 3613/4191/3811 3561/4193/3733 2586/4194/2604
f 3085/3377/3116 3614/4195/3812 3615/4196/3813 3086/3378/3117
f 3614/4195/3814 162/4197/162 160/4198/160 3615/4196/3815
f 3615/4196/3815 160/4198/160 156/4087/156 3563/4085/3737
f 3086/3378/3117 3615/4196/3813 3563/4085/3735 3079/3371/3110
f 164/4199/164 3616/4200/3816 3617/4201/3817 165/4202/165
f 3616/4200/3818 1710/4203/1728 1708/4204/1726 3617/4201/3819
f 3617/4201/3819 1708/4204/1726 1704/4093/1722 3565/4090/3741
f 165/4202/165 3617/4201/3817 3565/4090/3739 158/4089/158
f 3269/4205/3305 3618/4206/3820 3619/4207/3821 3620/4208/3822
f 3618/4206/3820 3140/3440/3171 3137/3437/3168 3619/4207/3821
f 3619/4207/3821 3137/3437/3168 3136/3436/3167 3621/4209/3823
f 3620/4208/3822 3619/4207/3821 3621/4209/3823 3622/4210/3824
f 3623/4211/3825 3624/4212/3826 3625/4213/3827 3626/4214/3828
f 3624/4212/3829 382/4215/382 379/4216/379 3625/4213/3830
f 3625/4213/3830 379/4216/379 378/4217/378 3627/4218/3831
f 3626/4214/3828 3625/4213/3827 3627/4218/3832 3628/4219/3833
f 2887/3156/2908 3629/4220/3834 3630/4221/3835 2888/3157/2909
f 3629/4220/3836 3089/4222/3120 3087/4223/3118 3630/4221/3837
f 3630/4221/3837 3087/4223/3118 3083/4097/3114 3567/4095/3745
f 2888/3157/2909 3630/4221/3835 3567/4095/3743 2883/3152/2904
f 391/4224/391 3631/4225/3838 3632/4226/3839 392/4227/392
f 3631/4225/3840 3461/3908/3584 3513/4012/3662 3632/4226/3841
f 3632/4226/3841 3513/4012/3662 3512/4011/3661 3569/4100/3749
f 392/4227/392 3632/4226/3839 3569/4100/3747 384/4099/384
f 568/4228/568 3633/4229/3842 3634/4230/3843 569/4231/569
f 3633/4229/3844 293/308/293 3635/4232/3845 3634/4230/3846
f 3634/4230/3846 3635/4232/3845 3574/4110/3755 3572/4107/3754
f 569/4231/569 3634/4230/3843 3572/4107/3752 562/4106/562
f 291/306/291 3636/4233/3847 3637/4234/3848 3638/4235/3849
f 3636/4233/3850 485/4236/485 483/4237/483 3637/4234/3851
f 3637/4234/3851 483/4237/483 479/4119/479 3577/4116/3762
f 3638/4235/3849 3637/4234/3848 3577/4116/3759 3576/4115/3758
f 3179/4238/3210 3639/4239/3852 3640/4240/3853 3180/4241/3211
f 3639/4239/3854 566/607/566 564/604/564 3640/4240/3855
f 3640/4240/3855 564/604/564 560/603/560 3580/4242/3766
f 3180/4241/3211 3640/4240/3853 3580/4242/3764 3173/4243/3204
f 3149/3449/3180 3146/3446/3177 3641/4244/3856 3536/4042/3698
f 3146/3446/3177 3145/3445/3176 3642/4245/3857 3641/4244/3856
f 3641/4244/3856 3642/4245/3857 3267/3691/3302 3347/3690/3417
f 3536/4042/3698 3641/4244/3856 3347/3690/3417 3346/3689/3416
f 875/932/893 3643/4246/3858 3644/4247/3859 876/933/894
f 3643/4246/3860 707/4248/725 704/4249/722 3644/4247/3861
f 3644/4247/3861 704/4249/722 703/4141/721 3587/4139/3777
f 876/933/894 3644/4247/3859 3587/4139/3775 877/934/895
f 1054/4250/1072 3645/4251/3862 3646/4252/3863 1055/4253/1073
f 3645/4251/3864 890/947/908 887/944/905 3646/4252/3865
f 3646/4252/3865 887/944/905 886/943/904 3590/4146/3782
f 1055/4253/1073 3646/4252/3863 3590/4146/3780 1050/4145/1068
f 1285/1395/1303 3647/4254/3866 3648/4255/3867 1286/1396/1304
f 3647/4254/3866 975/1037/993 973/1034/991 3648/4255/3867
f 3648/4255/3867 973/1034/991 969/1033/987 3593/4256/3785
f 1286/1396/1304 3648/4255/3867 3593/4256/3785 1281/1397/1299
f 1584/1737/1602 3649/4257/3868 3650/4258/3869 1585/1738/1603
f 3649/4257/3868 1209/4259/1227 1207/4260/1225 3650/4258/3869
f 3650/4258/3869 1207/4260/1225 1203/4157/1221 3595/4155/3787
f 1585/1738/1603 3650/4258/3869 3595/4155/3787 1578/1731/1596
f 1211/1296/1229 3651/4261/3870 3652/4262/3871 1212/1297/1230
f 3651/4261/3870 1489/1635/1507 1487/1632/1505 3652/4262/3871
f 3652/4262/3871 1487/1632/1505 1483/1631/1501 3598/4263/3790
f 1212/1297/1230 3652/4262/3871 3598/4263/3790 1205/1298/1223
f 1491/1637/1509 3653/4264/3872 3654/4265/3873 1492/1638/1510
f 3653/4264/3874 3655/4266/3875 3656/4267/3876 3654/4265/3877
f 3654/4265/3877 3656/4267/3876 1647/4268/1665 3600/4269/3794
f 1492/1638/1510 3654/4265/3873 3600/4269/3792 1485/1639/1503
f 2517/4270/2535 3657/4271/3878 3658/4272/3879 2518/4273/2536
f 3657/4271/3880 2716/4274/2734 2714/4275/2732 3658/4272/3881
f 3658/4272/3881 2714/4275/2732 2710/4276/2728 3602/4277/3798
f 2518/4273/2536 3658/4272/3879 3602/4277/3796 2511/4278/2529
f 2215/4279/3882 3659/4280/3883 3660/4281/3884 2216/4282/3885
f 3659/4280/3883 3661/4283/3886 3662/4284/3887 3660/4281/3884
f 3660/4281/3884 3662/4284/3887 3606/4177/3804 3604/4174/3801
f 2216/4282/3885 3660/4281/3884 3604/4174/3801 2209/4173/3800
f 2718/2969/2736 3663/4285/3888 3664/4286/3889 2719/2970/2737
f 3663/4285/3888 45/4287/45 43/4288/43 3664/4286/3889
f 3664/4286/3889 43/4288/43 39/4181/39 3608/4179/3806
f 2719/2970/2737 3664/4286/3889 3608/4179/3806 2712/2963/2730
f 2444/4289/2462 3665/4290/3890 3666/4291/3891 2445/4292/2463
f 3665/4290/3890 2515/2758/2533 2513/2756/2531 3666/4291/3891
f 3666/4291/3891 2513/2756/2531 2509/2752/2527 3610/4184/3808
f 2445/4292/2463 3666/4291/3891 3610/4184/3808 2440/4183/2458
f 2594/4293/2612 3667/4294/3892 3668/4295/3893 2595/4296/2613
f 3667/4294/3892 2648/2899/2666 2646/2897/2664 3668/4295/3893
f 3668/4295/3893 2646/2897/2664 2644/2895/2662 3612/4190/3810
f 2595/4296/2613 3668/4295/3893 3612/4190/3810 2590/4189/2608
f 3091/3385/3122 3669/4297/3894 3670/4298/3895 3092/3386/3123
f 3669/4297/3896 168/4299/168 166/4300/166 3670/4298/3897
f 3670/4298/3897 166/4300/166 162/4301/162 3614/4302/3814
f 3092/3386/3123 3670/4298/3895 3614/4302/3812 3085/3387/3116
f 170/4303/170 3671/4304/3898 3672/4305/3899 171/4306/171
f 3671/4304/3900 1716/4307/1734 1714/4308/1732 3672/4305/3901
f 3672/4305/3901 1714/4308/1732 1710/4309/1728 3616/4310/3818
f 171/4306/171 3672/4305/3899 3616/4310/3816 164/4311/164
f 3136/3436/3167 3220/3520/3251 3673/4312/3902 3621/4209/3823
f 3220/3520/3251 3216/3516/3247 3674/4313/3903 3673/4312/3902
f 3673/4312/3902 3674/4313/3903 3675/4314/3904 3676/4315/3905
f 3621/4209/3823 3673/4312/3902 3676/4315/3905 3622/4210/3824
f 3677/4316/3906 3678/4317/3907 3679/4318/3908 3680/4319/3909
f 3678/4317/3910 389/4320/389 387/4321/387 3679/4318/3911
f 3679/4318/3911 387/4321/387 382/4215/382 3624/4212/3829
f 3680/4319/3909 3679/4318/3908 3624/4212/3826 3623/4211/3825
f 2891/3160/2912 3681/4322/3912 3682/4323/3913 2892/3161/2913
f 3681/4322/3914 3093/4324/3124 3683/4325/3915 3682/4323/3916
f 3682/4323/3916 3683/4325/3915 3089/4222/3120 3629/4220/3836
f 2892/3161/2913 3682/4323/3913 3629/4220/3834 2887/3156/2908
f 397/418/397 3684/4326/3917 3685/4327/3918 398/419/398
f 3684/4326/3919 3398/4328/3493 3462/4329/3585 3685/4327/3920
f 3685/4327/3920 3462/4329/3585 3461/4330/3584 3631/4331/3840
f 398/419/398 3685/4327/3918 3631/4331/3838 391/411/391
f 3686/4332/3921 3687/4333/3922 3688/4334/3923 3689/4335/3924
f 3687/4333/3925 285/4336/285 288/4337/288 3688/4334/3926
f 3688/4334/3926 288/4337/288 293/4338/293 3633/4339/3844
f 3689/4335/3924 3688/4334/3923 3633/4339/3842 568/609/568
f 289/4340/289 3690/4341/3927 3691/4342/3928 290/4343/290
f 3690/4341/3929 491/524/491 489/522/489 3691/4342/3930
f 3691/4342/3930 489/522/489 485/517/485 3636/4344/3850
f 290/4343/290 3691/4342/3928 3636/4344/3847 291/4345/291
f 3269/4205/3305 3268/4346/3303 3692/4347/3931 3618/4206/3820
f 3268/4346/3303 3267/3691/3302 3642/4245/3857 3692/4347/3931
f 3692/4347/3931 3642/4245/3857 3145/3445/3176 3693/4348/3932
f 3618/4206/3820 3692/4347/3931 3693/4348/3932 3140/3440/3171
f 3694/4349/3933 3695/4350/3934 3696/4351/3935 3697/4352/3936
f 3695/4350/3937 712/763/730 3698/4353/3938 3696/4351/3939
f 3696/4351/3939 3698/4353/3938 707/758/725 3643/4354/3860
f 3697/4352/3936 3696/4351/3935 3643/4354/3858 875/4355/893
f 1061/1135/1079 3699/4356/3940 3700/4357/3941 3701/4358/3942
f 3699/4356/3943 910/4359/928 922/4360/940 3700/4357/3944
f 3700/4357/3944 922/4360/940 890/4361/908 3645/4362/3864
f 3701/4358/3942 3700/4357/3941 3645/4362/3862 1054/1127/1072
f 1289/1402/1307 3702/4363/3945 3703/4364/3946 1290/1403/1308
f 3702/4363/3945 981/1044/999 979/1042/997 3703/4364/3946
f 3703/4364/3946 979/1042/997 975/1037/993 3647/4254/3866
f 1290/1403/1308 3703/4364/3946 3647/4254/3866 1285/1395/1303
f 1594/1747/1612 3704/4365/3947 3705/4366/3948 3706/4367/3949
f 3704/4365/3947 1213/4368/1231 3707/4369/3950 3705/4366/3948
f 3705/4366/3948 3707/4369/3950 1209/4259/1227 3649/4257/3868
f 3706/4367/3949 3705/4366/3948 3649/4257/3868 1584/1737/1602
f 1497/1644/1515 3708/4370/3951 3709/4371/3952 1498/1645/1516
f 3708/4370/3953 3710/4372/3954 3711/4373/3955 3709/4371/3956
f 3709/4371/3956 3711/4373/3955 3655/4266/3875 3653/4264/3874
f 1498/1645/1516 3709/4371/3952 3653/4264/3872 1491/1637/1509
f 2527/4374/2545 3712/4375/3957 3713/4376/3958 3714/4377/3959
f 3712/4375/3960 2722/4378/2740 2720/4379/2738 3713/4376/3961
f 3713/4376/3961 2720/4379/2738 2716/4274/2734 3657/4271/3880
f 3714/4377/3959 3713/4376/3958 3657/4271/3878 2517/4270/2535
f 2724/2975/2742 3715/4380/3962 3716/4381/3963 2725/2976/2743
f 3715/4380/3962 51/4382/51 49/4383/49 3716/4381/3963
f 3716/4381/3963 49/4383/49 45/4287/45 3663/4285/3888
f 2725/2976/2743 3716/4381/3963 3663/4285/3888 2718/2969/2736
f 2451/2690/2469 3717/4384/3964 3718/4385/3965 3719/4386/3966
f 3717/4384/3964 2519/4387/2537 3720/4388/3967 3718/4385/3965
f 3718/4385/3965 3720/4388/3967 2515/4389/2533 3665/4390/3890
f 3719/4386/3966 3718/4385/3965 3665/4390/3890 2444/2682/2462
f 3101/3396/3132 3721/4391/3968 3722/4392/3969 3723/4393/3970
f 3721/4391/3971 174/4394/174 172/4395/172 3722/4392/3972
f 3722/4392/3972 172/4395/172 168/4299/168 3669/4297/3896
f 3723/4393/3970 3722/4392/3969 3669/4297/3894 3091/3385/3122
f 176/4396/176 3724/4397/3973 3725/4398/3974 177/4399/177
f 3724/4397/3975 1722/4400/1740 1720/4401/1738 3725/4398/3976
f 3725/4398/3976 1720/4401/1738 1716/4307/1734 3671/4304/3900
f 177/4399/177 3725/4398/3974 3671/4304/3898 170/4303/170
f 2895/3164/2916 3726/4402/3977 3727/4403/3978 2896/3165/2917
f 3726/4402/3979 3097/4404/3128 3094/4405/3125 3727/4403/3980
f 3727/4403/3980 3094/4405/3125 3093/4324/3124 3681/4322/3914
f 2896/3165/2917 3727/4403/3978 3681/4322/3912 2891/3160/2912
f 403/424/403 3728/4406/3981 3729/4407/3982 404/425/404
f 3728/4406/3983 3333/4408/3397 3399/4409/3494 3729/4407/3984
f 3729/4407/3984 3399/4409/3494 3398/4328/3493 3684/4326/3919
f 404/425/404 3729/4407/3982 3684/4326/3917 397/418/397
f 578/620/578 3730/4410/3985 3731/4411/3986 3732/4412/3987
f 3730/4410/3988 344/4413/344 342/4414/342 3731/4411/3989
f 3731/4411/3989 342/4414/342 285/4336/285 3687/4333/3925
f 3732/4412/3987 3731/4411/3986 3687/4333/3922 3686/4332/3921
f 346/4415/346 3733/4416/3990 3734/4417/3991 347/4418/347
f 3733/4416/3992 497/530/497 495/528/495 3734/4417/3993
f 3734/4417/3993 495/528/495 491/524/491 3690/4341/3929
f 347/4418/347 3734/4417/3991 3690/4341/3927 289/4340/289
f 3191/4419/3222 3735/4420/3994 3736/4421/3995 3192/4422/3223
f 3735/4420/3996 570/612/570 3737/4423/3997 3736/4421/3998
f 3736/4421/3998 3737/4423/3997 3738/4424/3999 3739/4425/4000
f 3192/4422/3223 3736/4421/3995 3739/4425/4001 3185/4426/3216
f 499/532/499 3740/4427/4002 3741/4428/4003 500/533/500
f 3740/4427/4004 3742/4429/4005 3743/4430/4006 3741/4428/4007
f 3741/4428/4007 3743/4430/4006 3744/4431/4008 3745/4432/4009
f 500/533/500 3741/4428/4003 3745/4432/4010 493/526/493
f 869/4433/887 3746/4434/4011 3747/4435/4012 3748/4436/4013
f 3746/4434/4014 716/767/734 713/764/731 3747/4435/4015
f 3747/4435/4015 713/764/731 712/763/730 3695/4350/3937
f 3748/4436/4013 3747/4435/4012 3695/4350/3934 3694/4349/3933
f 1059/1133/1077 3749/4437/4016 3750/4438/4017 1060/1134/1078
f 3749/4437/4018 912/4439/930 911/4440/929 3750/4438/4019
f 3750/4438/4019 911/4440/929 910/4359/928 3699/4356/3943
f 1060/1134/1078 3750/4438/4017 3699/4356/3940 1061/1135/1079
f 1293/1408/1311 3751/4441/4020 3752/4442/4021 1294/1409/1312
f 3751/4441/4020 987/1050/1005 985/1048/1003 3752/4442/4021
f 3752/4442/4021 985/1048/1003 981/1044/999 3702/4363/3945
f 1294/1409/1312 3752/4442/4021 3702/4363/3945 1289/1402/1307
f 1592/1745/1610 3753/4443/4022 3754/4444/4023 1593/1746/1611
f 3753/4443/4022 1217/4445/1235 1214/4446/1232 3754/4444/4023
f 3754/4444/4023 1214/4446/1232 1213/4368/1231 3704/4365/3947
f 1593/1746/1611 3754/4444/4023 3704/4365/3947 1594/1747/1612
f 1219/1305/1237 3755/4447/4024 3756/4448/4025 1220/1306/1238
f 3755/4447/4024 1501/1648/1519 1499/1646/1517 3756/4448/4025
f 3756/4448/4025 1499/1646/1517 1495/1642/1513 3757/4449/4026
f 1220/1306/1238 3756/4448/4025 3757/4449/4026 1221/1307/1239
f 1503/1650/1521 3758/4450/4027 3759/4451/4028 1504/1651/1522
f 3758/4450/4029 3760/4452/4030 3761/4453/4031 3759/4451/4032
f 3759/4451/4032 3761/4453/4031 3710/4372/3954 3708/4370/3953
f 1504/1651/1522 3759/4451/4028 3708/4370/3951 1497/1644/1515
f 2525/4454/2543 3762/4455/4033 3763/4456/4034 2526/4457/2544
f 3762/4455/4035 2728/4458/2746 2726/4459/2744 3763/4456/4036
f 3763/4456/4036 2726/4459/2744 2722/4378/2740 3712/4375/3960
f 2526/4457/2544 3763/4456/4034 3712/4375/3957 2527/4374/2545
f 2227/4460/4037 3764/4461/4038 3765/4462/4039 2228/4463/4040
f 3764/4461/4038 3766/4464/4041 3767/4465/4042 3765/4462/4039
f 3765/4462/4039 3767/4465/4042 3768/4466/4043 3769/4467/4044
f 2228/4463/4040 3765/4462/4039 3769/4467/4044 2221/4468/4045
f 2730/2981/2748 3770/4469/4046 3771/4470/4047 2731/2982/2749
f 3770/4469/4046 57/4471/57 55/4472/55 3771/4470/4047
f 3771/4470/4047 55/4472/55 51/4382/51 3715/4380/3962
f 2731/2982/2749 3771/4470/4047 3715/4380/3962 2724/2975/2742
f 2449/2688/2467 3772/4473/4048 3773/4474/4049 2450/2689/2468
f 3772/4473/4048 2523/4475/2541 2520/4476/2538 3773/4474/4049
f 3773/4474/4049 2520/4476/2538 2519/4387/2537 3717/4384/3964
f 2450/2689/2468 3773/4474/4049 3717/4384/3964 2451/2690/2469
f 2599/2846/2617 3774/4477/4050 3775/4478/4051 2600/2847/2618
f 3774/4477/4050 2657/4479/2675 2655/4480/2673 3775/4478/4051
f 3775/4478/4051 2655/4480/2673 2652/4481/2670 3776/4482/4052
f 2600/2847/2618 3775/4478/4051 3776/4482/4052 2601/2848/2619
f 3099/3394/3130 3777/4483/4053 3778/4484/4054 3100/3395/3131
f 3777/4483/4055 180/4485/180 178/4486/178 3778/4484/4056
f 3778/4484/4056 178/4486/178 174/4394/174 3721/4391/3971
f 3100/3395/3131 3778/4484/4054 3721/4391/3968 3101/3396/3132
f 182/4487/182 3779/4488/4057 3780/4489/4058 183/4490/183
f 3779/4488/4059 1728/4491/1746 1726/4492/1744 3780/4489/4060
f 3780/4489/4060 1726/4492/1744 1722/4400/1740 3724/4397/3975
f 183/4490/183 3780/4489/4058 3724/4397/3973 176/4396/176
f 2939/4493/2960 3781/4494/4061 3782/4495/4062 2940/4496/2961
f 3781/4494/4063 401/422/401 399/420/399 3782/4495/4064
f 3782/4495/4064 399/420/399 395/416/395 3783/4497/4065
f 2940/4496/2961 3782/4495/4062 3783/4497/4066 2941/4498/2963
f 2899/3168/2920 3784/4499/4067 3785/4500/4068 2900/3169/2921
f 3784/4499/4069 3104/4501/3135 3102/4502/3133 3785/4500/4070
f 3785/4500/4070 3102/4502/3133 3097/4404/3128 3726/4402/3979
f 2900/3169/2921 3785/4500/4068 3726/4402/3977 2895/3164/2916
f 409/4503/409 3786/4504/4071 3787/4505/4072 410/4506/410
f 3786/4504/4073 3335/3674/3399 3334/3673/3398 3787/4505/4074
f 3787/4505/4074 3334/3673/3398 3333/3672/3397 3728/4507/3983
f 410/4506/410 3787/4505/4072 3728/4507/3981 403/4508/403
f 576/4509/576 3788/4510/4075 3789/4511/4076 577/4512/577
f 3788/4510/4077 3790/4513/4078 3791/4514/4079 3789/4511/4080
f 3789/4511/4080 3791/4514/4079 344/359/344 3730/4515/3988
f 577/4512/577 3789/4511/4076 3730/4515/3985 578/4516/578
f 3792/4517/4081 3793/4518/4082 3794/4519/4083 3795/4520/4084
f 3793/4518/4085 503/4521/503 501/4522/501 3794/4519/4086
f 3794/4519/4086 501/4522/501 497/4523/497 3733/4524/3992
f 3795/4520/4084 3794/4519/4083 3733/4524/3990 346/361/346
f 3197/4525/3228 3796/4526/4087 3797/4527/4088 3198/4528/3229
f 3796/4526/4089 574/616/574 571/613/571 3797/4527/4090
f 3797/4527/4090 571/613/571 570/612/570 3735/4420/3996
f 3198/4528/3229 3797/4527/4088 3735/4420/3994 3191/4419/3222
f 505/4529/505 3798/4530/4091 3799/4531/4092 506/4532/506
f 3798/4530/4093 3800/4533/4094 3801/4534/4095 3799/4531/4096
f 3799/4531/4096 3801/4534/4095 3742/4535/4005 3740/4536/4004
f 506/4532/506 3799/4531/4092 3740/4536/4002 499/4537/499
f 867/924/885 3802/4538/4097 3803/4539/4098 868/925/886
f 3802/4538/4099 723/4540/741 721/4541/739 3803/4539/4100
f 3803/4539/4100 721/4541/739 716/4542/734 3746/4543/4014
f 868/925/886 3803/4539/4098 3746/4543/4011 869/926/887
f 1064/4544/1082 3804/4545/4101 3805/4546/4102 1065/4547/1083
f 3804/4545/4103 899/956/917 3806/4548/4104 3805/4546/4105
f 3805/4546/4105 3806/4548/4104 912/969/930 3749/4549/4018
f 1065/4547/1083 3805/4546/4102 3749/4549/4016 1059/4550/1077
f 1297/1414/1315 3807/4551/4106 3808/4552/4107 1298/1415/1316
f 3807/4551/4106 993/1056/1011 991/1054/1009 3808/4552/4107
f 3808/4552/4107 991/1054/1009 987/1050/1005 3751/4441/4020
f 1298/1415/1316 3808/4552/4107 3751/4441/4020 1293/1408/1311
f 1599/1752/1617 3809/4553/4108 3810/4554/4109 1600/1753/1618
f 3809/4553/4108 1224/4555/1242 1222/4556/1240 3810/4554/4109
f 3810/4554/4109 1222/4556/1240 1217/4445/1235 3753/4443/4022
f 1600/1753/1618 3810/4554/4109 3753/4443/4022 1592/1745/1610
f 1226/1312/1244 3811/4557/4110 3812/4558/4111 1227/1313/1245
f 3811/4557/4110 1507/1654/1525 1505/1652/1523 3812/4558/4111
f 3812/4558/4111 1505/1652/1523 1501/1648/1519 3755/4447/4024
f 1227/1313/1245 3812/4558/4111 3755/4447/4024 1219/1305/1237
f 1509/1656/1527 3813/4559/4112 3814/4560/4113 1510/1657/1528
f 3813/4559/4114 3815/4561/4115 3816/4562/4116 3814/4560/4117
f 3814/4560/4117 3816/4562/4116 3760/4452/4030 3758/4450/4029
f 1510/1657/1528 3814/4560/4113 3758/4450/4027 1503/1650/1521
f 2532/4563/2550 3817/4564/4118 3818/4565/4119 2533/4566/2551
f 3817/4564/4120 2734/4567/2752 2732/4568/2750 3818/4565/4121
f 3818/4565/4121 2732/4568/2750 2728/4458/2746 3762/4455/4035
f 2533/4566/2551 3818/4565/4119 3762/4455/4033 2525/4454/2543
f 2233/4569/4122 3819/4570/4123 3820/4571/4124 2234/4572/4125
f 3819/4570/4123 3821/4573/4126 3822/4574/4127 3820/4571/4124
f 3820/4571/4124 3822/4574/4127 3766/4464/4041 3764/4461/4038
f 2234/4572/4125 3820/4571/4124 3764/4461/4038 2227/4460/4037
f 2736/2987/2754 3823/4575/4128 3824/4576/4129 2737/2988/2755
f 3823/4575/4128 63/4577/63 61/4578/61 3824/4576/4129
f 3824/4576/4129 61/4578/61 57/4471/57 3770/4469/4046
f 2737/2988/2755 3824/4576/4129 3770/4469/4046 2730/2981/2748
f 2454/4579/2472 3825/4580/4130 3826/4581/4131 2455/4582/2473
f 3825/4580/4130 2530/2773/2548 2528/2771/2546 3826/4581/4131
f 3826/4581/4131 2528/2771/2546 2523/2766/2541 3772/4583/4048
f 2455/4582/2473 3826/4581/4131 3772/4583/4048 2449/4584/2467
f 2604/4585/2622 3827/4586/4132 3828/4587/4133 2605/4588/2623
f 3827/4586/4132 2661/2912/2679 2659/2910/2677 3828/4587/4133
f 3828/4587/4133 2659/2910/2677 2657/2908/2675 3774/4589/4050
f 2605/4588/2623 3828/4587/4133 3774/4589/4050 2599/4590/2617
f 3106/3401/3137 3829/4591/4134 3830/4592/4135 3107/3402/3138
f 3829/4591/4136 186/4593/186 184/4594/184 3830/4592/4137
f 3830/4592/4137 184/4594/184 180/4485/180 3777/4483/4055
f 3107/3402/3138 3830/4592/4135 3777/4483/4053 3099/3394/3130
f 188/4595/188 3831/4596/4138 3832/4597/4139 189/4598/189
f 3831/4596/4140 1734/4599/1752 1732/4600/1750 3832/4597/4141
f 3832/4597/4141 1732/4600/1750 1728/4491/1746 3779/4488/4059
f 189/4598/189 3832/4597/4139 3779/4488/4057 182/4487/182
f 3833/4601/4142 3834/4602/4143 3835/4603/4144 3836/4604/4145
f 3834/4602/4146 407/4605/407 405/4606/405 3835/4603/4147
f 3835/4603/4147 405/4606/405 401/4607/401 3781/4608/4063
f 3836/4604/4145 3835/4603/4144 3781/4608/4061 2939/3208/2960
f 415/4609/415 3837/4610/4148 3838/4611/4149 416/4612/416
f 3837/4610/4150 121/133/121 3839/4613/4151 3838/4611/4152
f 3838/4611/4152 3839/4613/4151 3335/3674/3399 3786/4504/4073
f 416/4612/416 3838/4611/4149 3786/4504/4071 409/4503/409
f 583/4614/583 3840/4615/4153 3841/4616/4154 584/4617/584
f 3840/4615/4155 3842/4618/4156 3843/4619/4157 3841/4616/4158
f 3841/4616/4158 3843/4619/4157 3790/4513/4078 3788/4510/4077
f 584/4617/584 3841/4616/4154 3788/4510/4075 576/4509/576
f 3844/4620/4159 3845/4621/4160 3846/4622/4161 3847/4623/4162
f 3845/4621/4163 509/4624/509 507/4625/507 3846/4622/4164
f 3846/4622/4164 507/4625/507 503/4521/503 3793/4518/4085
f 3847/4623/4162 3846/4622/4161 3793/4518/4082 3792/4517/4081
f 3202/4626/3233 3848/4627/4165 3849/4628/4166 3203/4629/3234
f 3848/4627/4167 581/625/581 579/622/579 3849/4628/4168
f 3849/4628/4168 579/622/579 574/621/574 3796/4630/4089
f 3203/4629/3234 3849/4628/4166 3796/4630/4087 3197/4631/3228
f 511/4632/511 3850/4633/4169 3851/4634/4170 512/4635/512
f 3850/4633/4171 3852/4636/4172 3853/4637/4173 3851/4634/4174
f 3851/4634/4174 3853/4637/4173 3800/4533/4094 3798/4530/4093
f 512/4635/512 3851/4634/4170 3798/4530/4091 505/4529/505
f 863/920/881 3854/4638/4175 3855/4639/4176 3856/4640/4177
f 3854/4638/4178 729/4641/747 727/4642/745 3855/4639/4179
f 3855/4639/4179 727/4642/745 723/4540/741 3802/4538/4099
f 3856/4640/4177 3855/4639/4176 3802/4538/4097 867/924/885
f 1068/4643/1086 3857/4644/4180 3858/4645/4181 1069/4646/1087
f 3857/4644/4182 901/958/919 900/957/918 3858/4645/4183
f 3858/4645/4183 900/957/918 899/956/917 3804/4545/4103
f 1069/4646/1087 3858/4645/4181 3804/4545/4101 1064/4544/1082
f 1301/1422/1319 3859/4647/4184 3860/4648/4185 1302/1423/1320
f 3859/4647/4184 999/1064/1017 997/1061/1015 3860/4648/4185
f 3860/4648/4185 997/1061/1015 993/1060/1011 3807/4649/4106
f 1302/1423/1320 3860/4648/4185 3807/4649/4106 1297/1424/1315
f 1605/1758/1623 3861/4650/4186 3862/4651/4187 1606/1759/1624
f 3861/4650/4186 1230/4652/1248 1228/4653/1246 3862/4651/4187
f 3862/4651/4187 1228/4653/1246 1224/4555/1242 3809/4553/4108
f 1606/1759/1624 3862/4651/4187 3809/4553/4108 1599/1752/1617
f 1232/1320/1250 3863/4654/4188 3864/4655/4189 1233/1321/1251
f 3863/4654/4188 1513/1662/1531 1511/1659/1529 3864/4655/4189
f 3864/4655/4189 1511/1659/1529 1507/1658/1525 3811/4656/4110
f 1233/1321/1251 3864/4655/4189 3811/4656/4110 1226/1322/1244
f 1515/1664/1533 3865/4657/4190 3866/4658/4191 1516/1665/1534
f 3865/4657/4192 3867/4659/4193 3868/4660/4194 3866/4658/4195
f 3866/4658/4195 3868/4660/4194 3815/4661/4115 3813/4662/4114
f 1516/1665/1534 3866/4658/4191 3813/4662/4112 1509/1666/1527
f 2538/4663/2556 3869/4664/4196 3870/4665/4197 2539/4666/2557
f 3869/4664/4198 2738/4667/2756 3871/4668/4199 3870/4665/4200
f 3870/4665/4200 3871/4668/4199 2734/4669/2752 3817/4670/4120
f 2539/4666/2557 3870/4665/4197 3817/4670/4118 2532/4671/2550
f 2239/4672/4201 3872/4673/4202 3873/4674/4203 2240/4675/4204
f 3872/4673/4202 3874/4676/4205 3875/4677/4206 3873/4674/4203
f 3873/4674/4203 3875/4677/4206 3821/4573/4126 3819/4570/4123
f 2240/4675/4204 3873/4674/4203 3819/4570/4123 2233/4569/4122
f 2458/4678/2476 3876/4679/4207 3877/4680/4208 2459/4681/2477
f 3876/4679/4207 2536/2779/2554 2534/2777/2552 3877/4680/4208
f 3877/4680/4208 2534/2777/2552 2530/2773/2548 3825/4580/4130
f 2459/4681/2477 3877/4680/4208 3825/4580/4130 2454/4579/2472
f 2608/4682/2626 3878/4683/4209 3879/4684/4210 2609/4685/2627
f 3878/4683/4209 2665/2916/2683 2663/2914/2681 3879/4684/4210
f 3879/4684/4210 2663/2914/2681 2661/2912/2679 3827/4586/4132
f 2609/4685/2627 3879/4684/4210 3827/4586/4132 2604/4585/2622
f 3112/3409/3143 3880/4686/4211 3881/4687/4212 3113/3410/3144
f 3880/4686/4213 192/4688/192 190/4689/190 3881/4687/4214
f 3881/4687/4214 190/4689/190 186/4690/186 3829/4691/4136
f 3113/3410/3144 3881/4687/4212 3829/4691/4134 3106/3411/3137
f 194/4692/194 3882/4693/4215 3883/4694/4216 195/4695/195
f 3882/4693/4217 1740/4696/1758 1738/4697/1756 3883/4694/4218
f 3883/4694/4218 1738/4697/1756 1734/4698/1752 3831/4699/4140
f 195/4695/195 3883/4694/4216 3831/4699/4138 188/4700/188
f 3884/4701/4219 3885/4702/4220 3886/4703/4221 3887/4704/4222
f 3885/4702/4223 413/4705/413 411/4706/411 3886/4703/4224
f 3886/4703/4224 411/4706/411 407/4605/407 3834/4602/4146
f 3887/4704/4222 3886/4703/4221 3834/4602/4143 3833/4601/4142
f 2907/3176/2928 3888/4707/4225 3889/4708/4226 2908/3177/2929
f 3888/4707/4227 3116/4709/3147 3114/4710/3145 3889/4708/4228
f 3889/4708/4228 3114/4710/3145 3110/4711/3141 3890/4712/4229
f 2908/3177/2929 3889/4708/4226 3890/4712/4230 2903/3172/2924
f 421/445/421 3891/4713/4231 3892/4714/4232 422/446/422
f 3891/4713/4233 123/4715/123 122/4716/122 3892/4714/4234
f 3892/4714/4234 122/4716/122 121/4717/121 3837/4718/4150
f 422/446/422 3892/4714/4232 3837/4718/4148 415/438/415
f 589/634/589 3893/4719/4235 3894/4720/4236 590/635/590
f 3893/4719/4237 3895/4721/4238 3896/4722/4239 3894/4720/4240
f 3894/4720/4240 3896/4722/4239 3842/4723/4156 3840/4724/4155
f 590/635/590 3894/4720/4236 3840/4724/4153 583/627/583
f 3897/4725/4241 3898/4726/4242 3899/4727/4243 3900/4728/4244
f 3898/4726/4245 515/551/515 513/549/513 3899/4727/4246
f 3899/4727/4246 513/549/513 509/544/509 3845/4729/4163
f 3900/4728/4244 3899/4727/4243 3845/4729/4160 3844/4730/4159
f 3206/4731/3237 3901/4732/4247 3902/4733/4248 3207/4734/3238
f 3901/4732/4249 587/632/587 585/630/585 3902/4733/4250
f 3902/4733/4250 585/630/585 581/625/581 3848/4627/4167
f 3207/4734/3238 3902/4733/4248 3848/4627/4165 3202/4626/3233
f 517/553/517 3903/4735/4251 3904/4736/4252 518/554/518
f 3903/4735/4253 3905/4737/4254 3906/4738/4255 3904/4736/4256
f 3904/4736/4256 3906/4738/4255 3852/4739/4172 3850/4740/4171
f 518/554/518 3904/4736/4252 3850/4740/4169 511/546/511
f 847/4741/865 3907/4742/4257 3908/4743/4258 862/4744/880
f 3907/4742/4259 735/789/753 733/787/751 3908/4743/4260
f 3908/4743/4260 733/787/751 729/782/747 3854/4745/4178
f 862/4744/880 3908/4743/4258 3854/4745/4175 863/4746/881
f 1072/1148/1090 3909/4747/4261 3910/4748/4262 1073/1149/1091
f 3909/4747/4263 3911/4749/4264 3912/4750/4265 3910/4748/4266
f 3910/4748/4266 3912/4750/4265 901/4751/919 3857/4752/4182
f 1073/1149/1091 3910/4748/4262 3857/4752/4180 1068/1143/1086
f 1305/1429/1323 3913/4753/4267 3914/4754/4268 1306/1430/1324
f 3913/4753/4267 1005/1071/1023 1003/1069/1021 3914/4754/4268
f 3914/4754/4268 1003/1069/1021 999/1064/1017 3859/4647/4184
f 1306/1430/1324 3914/4754/4268 3859/4647/4184 1301/1422/1319
f 1611/1764/1629 3915/4755/4269 3916/4756/4270 1612/1765/1630
f 3915/4755/4269 1236/4757/1254 1234/4758/1252 3916/4756/4270
f 3916/4756/4270 1234/4758/1252 1230/4652/1248 3861/4650/4186
f 1612/1765/1630 3916/4756/4270 3861/4650/4186 1605/1758/1623
f 1238/1327/1256 3917/4759/4271 3918/4760/4272 1239/1328/1257
f 3917/4759/4271 1519/1669/1537 1517/1667/1535 3918/4760/4272
f 3918/4760/4272 1517/1667/1535 1513/1662/1531 3863/4654/4188
f 1239/1328/1257 3918/4760/4272 3863/4654/4188 1232/1320/1250
f 1521/1671/1539 3919/4761/4273 3920/4762/4274 1522/1672/1540
f 3919/4761/4275 3921/4763/4276 3922/4764/4277 3920/4762/4278
f 3920/4762/4278 3922/4764/4277 3867/4659/4193 3865/4657/4192
f 1522/1672/1540 3920/4762/4274 3865/4657/4190 1515/1664/1533
f 2544/4765/2562 3923/4766/4279 3924/4767/4280 2545/4768/2563
f 3923/4766/4281 2742/4769/2760 2739/4770/2757 3924/4767/4282
f 3924/4767/4282 2739/4770/2757 2738/4667/2756 3869/4664/4198
f 2545/4768/2563 3924/4767/4280 3869/4664/4196 2538/4663/2556
f 2245/4771/4283 3925/4772/4284 3926/4773/4285 2246/4774/4286
f 3925/4772/4284 3927/4775/4287 3928/4776/4288 3926/4773/4285
f 3926/4773/4285 3928/4776/4288 3874/4676/4205 3872/4673/4202
f 2246/4774/4286 3926/4773/4285 3872/4673/4202 2239/4672/4201
f 2744/2995/2762 3929/4777/4289 3930/4778/4290 2745/2996/2763
f 3929/4777/4289 75/4779/75 73/4780/73 3930/4778/4290
f 3930/4778/4290 73/4780/73 69/4781/69 3931/4782/4291
f 2745/2996/2763 3930/4778/4290 3931/4782/4291 2746/2997/2764
f 2462/2703/2480 3932/4783/4292 3933/4784/4293 2463/2704/2481
f 3932/4783/4292 2542/4785/2560 2540/4786/2558 3933/4784/4293
f 3933/4784/4293 2540/4786/2558 2536/4787/2554 3876/4788/4207
f 2463/2704/2481 3933/4784/4293 3876/4788/4207 2458/2698/2476
f 2612/2861/2630 3934/4789/4294 3935/4790/4295 2613/2862/2631
f 3934/4789/4294 2669/4791/2687 2667/4792/2685 3935/4790/4295
f 3935/4790/4295 2667/4792/2685 2665/4793/2683 3878/4794/4209
f 2613/2862/2631 3935/4790/4295 3878/4794/4209 2608/2856/2626
f 3118/3416/3149 3936/4795/4296 3937/4796/4297 3119/3417/3150
f 3936/4795/4298 198/4797/198 196/4798/196 3937/4796/4299
f 3937/4796/4299 196/4798/196 192/4688/192 3880/4686/4213
f 3119/3417/3150 3937/4796/4297 3880/4686/4211 3112/3409/3143
f 200/4799/200 3938/4800/4300 3939/4801/4301 201/4802/201
f 3938/4800/4302 1746/4803/1764 1744/4804/1762 3939/4801/4303
f 3939/4801/4303 1744/4804/1762 1740/4696/1758 3882/4693/4217
f 201/4802/201 3939/4801/4301 3882/4693/4215 194/4692/194
f 3940/4805/4304 3941/4806/4305 3942/4807/4306 3943/4808/4307
f 3941/4806/4308 419/443/419 417/441/417 3942/4807/4309
f 3942/4807/4309 417/441/417 413/436/413 3885/4809/4223
f 3943/4808/4307 3942/4807/4306 3885/4809/4220 3884/4810/4219
f 2911/3180/2932 3944/4811/4310 3945/4812/4311 2912/3181/2933
f 3944/4811/4312 3122/4813/3153 3120/4814/3151 3945/4812/4313
f 3945/4812/4313 3120/4814/3151 3116/4709/3147 3888/4707/4227
f 2912/3181/2933 3945/4812/4311 3888/4707/4225 2907/3176/2928
f 427/451/427 3946/4815/4314 3947/4816/4315 428/452/428
f 3946/4815/4316 3948/4817/4317 3949/4818/4318 3947/4816/4319
f 3947/4816/4319 3949/4818/4318 123/4715/123 3891/4713/4233
f 428/452/428 3947/4816/4315 3891/4713/4231 421/445/421
f 595/640/595 3950/4819/4320 3951/4820/4321 596/641/596
f 3950/4819/4322 3952/4821/4323 3953/4822/4324 3951/4820/4325
f 3951/4820/4325 3953/4822/4324 3895/4721/4238 3893/4719/4237
f 596/641/596 3951/4820/4321 3893/4719/4235 589/634/589
f 3954/4823/4326 3955/4824/4327 3956/4825/4328 3957/4826/4329
f 3955/4824/4330 521/557/521 519/555/519 3956/4825/4331
f 3956/4825/4331 519/555/519 515/551/515 3898/4726/4245
f 3957/4826/4329 3956/4825/4328 3898/4726/4242 3897/4725/4241
f 3212/4827/3243 3958/4828/4332 3959/4829/4333 3213/4830/3244
f 3958/4828/4334 593/638/593 591/636/591 3959/4829/4335
f 3959/4829/4335 591/636/591 587/632/587 3901/4732/4249
f 3213/4830/3244 3959/4829/4333 3901/4732/4247 3206/4731/3237
f 523/559/523 3960/4831/4336 3961/4832/4337 524/560/524
f 3960/4831/4338 625/4833/625 3962/4834/4339 3961/4832/4340
f 3961/4832/4340 3962/4834/4339 3905/4737/4254 3903/4735/4253
f 524/560/524 3961/4832/4337 3903/4735/4251 517/553/517
f 845/4835/863 3963/4836/4341 3964/4837/4342 846/4838/864
f 3963/4836/4343 741/795/759 739/793/757 3964/4837/4344
f 3964/4837/4344 739/793/757 735/789/753 3907/4742/4259
f 846/4838/864 3964/4837/4342 3907/4742/4257 847/4741/865
f 1076/1152/1094 3965/4839/4345 3966/4840/4346 1077/1153/1095
f 3965/4839/4347 3967/4841/4348 3968/4842/4349 3966/4840/4350
f 3966/4840/4350 3968/4842/4349 3911/4749/4264 3909/4747/4263
f 1077/1153/1095 3966/4840/4346 3909/4747/4261 1072/1148/1090
f 1617/1770/1635 3969/4843/4351 3970/4844/4352 1618/1771/1636
f 3969/4843/4351 1242/4845/1260 1240/4846/1258 3970/4844/4352
f 3970/4844/4352 1240/4846/1258 1236/4757/1254 3915/4755/4269
f 1618/1771/1636 3970/4844/4352 3915/4755/4269 1611/1764/1629
f 1244/1333/1262 3971/4847/4353 3972/4848/4354 1245/1334/1263
f 3971/4847/4353 1525/1675/1543 1523/1673/1541 3972/4848/4354
f 3972/4848/4354 1523/1673/1541 1519/1669/1537 3917/4759/4271
f 1245/1334/1263 3972/4848/4354 3917/4759/4271 1238/1327/1256
f 1527/1677/1545 3973/4849/4355 3974/4850/4356 1528/1678/1546
f 3973/4849/4357 3975/4851/4358 3976/4852/4359 3974/4850/4360
f 3974/4850/4360 3976/4852/4359 3921/4763/4276 3919/4761/4275
f 1528/1678/1546 3974/4850/4356 3919/4761/4273 1521/1671/1539
f 2550/4853/2568 3977/4854/4361 3978/4855/4362 2551/4856/2569
f 3977/4854/4363 2749/4857/2767 2747/4858/2765 3978/4855/4364
f 3978/4855/4364 2747/4858/2765 2742/4769/2760 3923/4766/4281
f 2551/4856/2569 3978/4855/4362 3923/4766/4279 2544/4765/2562
f 2251/4859/4365 3979/4860/4366 3980/4861/4367 2252/4862/4368
f 3979/4860/4366 3981/4863/4369 3982/4864/4370 3980/4861/4367
f 3980/4861/4367 3982/4864/4370 3927/4775/4287 3925/4772/4284
f 2252/4862/4368 3980/4861/4367 3925/4772/4284 2245/4771/4283
f 2751/3002/2769 3983/4865/4371 3984/4866/4372 2752/3003/2770
f 3983/4865/4371 81/4867/81 79/4868/79 3984/4866/4372
f 3984/4866/4372 79/4868/79 75/4779/75 3929/4777/4289
f 2752/3003/2770 3984/4866/4372 3929/4777/4289 2744/2995/2762
f 2466/2707/2484 3985/4869/4373 3986/4870/4374 2467/2708/2485
f 3985/4869/4373 2548/4871/2566 2546/4872/2564 3986/4870/4374
f 3986/4870/4374 2546/4872/2564 2542/4785/2560 3932/4783/4292
f 2467/2708/2485 3986/4870/4374 3932/4783/4292 2462/2703/2480
f 2616/2865/2634 3987/4873/4375 3988/4874/4376 2617/2866/2635
f 3987/4873/4375 2673/4875/2691 2671/4876/2689 3988/4874/4376
f 3988/4874/4376 2671/4876/2689 2669/4791/2687 3934/4789/4294
f 2617/2866/2635 3988/4874/4376 3934/4789/4294 2612/2861/2630
f 3124/3422/3155 3989/4877/4377 3990/4878/4378 3125/3423/3156
f 3989/4877/4379 204/4879/204 202/4880/202 3990/4878/4380
f 3990/4878/4380 202/4880/202 198/4797/198 3936/4795/4298
f 3125/3423/3156 3990/4878/4378 3936/4795/4296 3118/3416/3149
f 206/4881/206 3991/4882/4381 3992/4883/4382 207/4884/207
f 3991/4882/4383 1752/4885/1770 1750/4886/1768 3992/4883/4384
f 3992/4883/4384 1750/4886/1768 1746/4803/1764 3938/4800/4302
f 207/4884/207 3992/4883/4382 3938/4800/4300 200/4799/200
f 3993/4887/4385 3994/4888/4386 3995/4889/4387 3996/4890/4388
f 3994/4888/4389 425/449/425 423/447/423 3995/4889/4390
f 3995/4889/4390 423/447/423 419/443/419 3941/4806/4308
f 3996/4890/4388 3995/4889/4387 3941/4806/4305 3940/4805/4304
f 2915/3184/2936 3997/4891/4391 3998/4892/4392 2916/3185/2937
f 3997/4891/4393 3126/4893/3157 3232/4894/3263 3998/4892/4394
f 3998/4892/4394 3232/4894/3263 3122/4813/3153 3944/4811/4312
f 2916/3185/2937 3998/4892/4392 3944/4811/4310 2911/3180/2932
f 433/4895/433 3999/4896/4395 4000/4897/4396 434/4898/434
f 3999/4896/4397 3675/4314/3904 4001/4899/4398 4000/4897/4399
f 4000/4897/4399 4001/4899/4398 3948/4900/4317 3946/4901/4316
f 434/4898/434 4000/4897/4396 3946/4901/4314 427/4902/427
f 601/4903/601 4002/4904/4400 4003/4905/4401 602/4906/602
f 4002/4904/4402 4004/4907/4403 4005/4908/4404 4003/4905/4405
f 4003/4905/4405 4005/4908/4404 3952/4909/4323 3950/4910/4322
f 602/4906/602 4003/4905/4401 3950/4910/4320 595/4911/595
f 4006/4912/4406 4007/4913/4407 4008/4914/4408 4009/4915/4409
f 4007/4913/4410 527/4916/527 525/4917/525 4008/4914/4411
f 4008/4914/4411 525/4917/525 521/4918/521 3955/4919/4330
f 4009/4915/4409 4008/4914/4408 3955/4919/4327 3954/4920/4326
f 3218/4921/3249 4010/4922/4412 4011/4923/4413 3219/4924/3250
f 4010/4922/4414 599/644/599 597/642/597 4011/4923/4415
f 4011/4923/4415 597/642/597 593/638/593 3958/4828/4334
f 3219/4924/3250 4011/4923/4413 3958/4828/4332 3212/4827/3243
f 529/4925/529 4012/4926/4416 4013/4927/4417 530/4928/530
f 4012/4926/4418 321/336/321 626/674/626 4013/4927/4419
f 4013/4927/4419 626/674/626 625/673/625 3960/4929/4338
f 530/4928/530 4013/4927/4417 3960/4929/4336 523/4930/523
f 850/907/868 4014/4931/4420 4015/4932/4421 851/908/869
f 4014/4931/4422 747/4933/765 745/4934/763 4015/4932/4423
f 4015/4932/4423 745/4934/763 741/4935/759 3963/4936/4343
f 851/908/869 4015/4932/4421 3963/4936/4341 845/902/863
f 1080/4937/1098 4016/4938/4424 4017/4939/4425 1081/4940/1099
f 4016/4938/4426 4018/4941/4427 4019/4942/4428 4017/4939/4429
f 4017/4939/4429 4019/4942/4428 3967/4943/4348 3965/4944/4347
f 1081/4940/1099 4017/4939/4425 3965/4944/4345 1076/4945/1094
f 1313/1441/1331 4020/4946/4430 4021/4947/4431 1314/1442/1332
f 4020/4946/4430 1013/1079/1031 1010/1076/1028 4021/4947/4431
f 4021/4947/4431 1010/1076/1028 1009/1075/1027 4022/4948/4432
f 1314/1442/1332 4021/4947/4431 4022/4948/4432 1309/1435/1327
f 1623/1776/1641 4023/4949/4433 4024/4950/4434 1624/1777/1642
f 4023/4949/4433 1248/4951/1266 1246/4952/1264 4024/4950/4434
f 4024/4950/4434 1246/4952/1264 1242/4845/1260 3969/4843/4351
f 1624/1777/1642 4024/4950/4434 3969/4843/4351 1617/1770/1635
f 1250/1339/1268 4025/4953/4435 4026/4954/4436 1251/1340/1269
f 4025/4953/4435 1531/1681/1549 1529/1679/1547 4026/4954/4436
f 4026/4954/4436 1529/1679/1547 1525/1675/1543 3971/4847/4353
f 1251/1340/1269 4026/4954/4436 3971/4847/4353 1244/1333/1262
f 1533/1683/1551 4027/4955/4437 4028/4956/4438 1534/1684/1552
f 4027/4955/4439 4029/4957/4440 4030/4958/4441 4028/4956/4442
f 4028/4956/4442 4030/4958/4441 3975/4851/4358 3973/4849/4357
f 1534/1684/1552 4028/4956/4438 3973/4849/4355 1527/1677/1545
f 2556/4959/2574 4031/4960/4443 4032/4961/4444 2557/4962/2575
f 4031/4960/4445 2755/4963/2773 2753/4964/2771 4032/4961/4446
f 4032/4961/4446 2753/4964/2771 2749/4857/2767 3977/4854/4363
f 2557/4962/2575 4032/4961/4444 3977/4854/4361 2550/4853/2568
f 2257/4965/4447 4033/4966/4448 4034/4967/4449 2258/4968/4450
f 4033/4966/4448 4035/4969/4451 4036/4970/4452 4034/4967/4449
f 4034/4967/4449 4036/4970/4452 3981/4863/4369 3979/4860/4366
f 2258/4968/4450 4034/4967/4449 3979/4860/4366 2251/4859/4365
f 2757/3008/2775 4037/4971/4453 4038/4972/4454 2758/3009/2776
f 4037/4971/4453 87/4973/87 85/4974/85 4038/4972/4454
f 4038/4972/4454 85/4974/85 81/4867/81 3983/4865/4371
f 2758/3009/2776 4038/4972/4454 3983/4865/4371 2751/3002/2769
f 2470/4975/2488 4039/4976/4455 4040/4977/4456 2471/4978/2489
f 4039/4976/4455 2554/2797/2572 2552/2795/2570 4040/4977/4456
f 4040/4977/4456 2552/2795/2570 2548/2791/2566 3985/4979/4373
f 2471/4978/2489 4040/4977/4456 3985/4979/4373 2466/4980/2484
f 2620/4981/2638 4041/4982/4457 4042/4983/4458 2621/4984/2639
f 4041/4982/4457 2677/2928/2695 2675/2926/2693 4042/4983/4458
f 4042/4983/4458 2675/2926/2693 2673/2924/2691 3987/4985/4375
f 2621/4984/2639 4042/4983/4458 3987/4985/4375 2616/4986/2634
f 3131/3536/3162 4043/4987/4459 4044/4988/4460 3234/3537/3265
f 4043/4987/4461 210/4989/210 208/4990/208 4044/4988/4462
f 4044/4988/4462 208/4990/208 204/4879/204 3989/4877/4379
f 3234/3537/3265 4044/4988/4460 3989/4877/4377 3124/3422/3155
f 212/4991/212 4045/4992/4463 4046/4993/4464 213/4994/213
f 4045/4992/4465 1758/4995/1776 1756/4996/1774 4046/4993/4466
f 4046/4993/4466 1756/4996/1774 1752/4885/1770 3991/4882/4383
f 213/4994/213 4046/4993/4464 3991/4882/4381 206/4881/206
f 123/135/123 3949/4997/4318 4047/4998/4467 118/130/118
f 3949/4997/4318 3948/4900/4317 4048/4999/4468 4047/4998/4467
f 4047/4998/4467 4048/4999/4468 3210/3510/3241 3208/3508/3239
f 118/130/118 4047/4998/4467 3208/3508/3239 115/127/115
f 4049/5000/4469 4050/5001/4470 4051/5002/4471 4052/5003/4472
f 4050/5001/4473 431/5004/431 429/5005/429 4051/5002/4474
f 4051/5002/4474 429/5005/429 425/5006/425 3994/5007/4389
f 4052/5003/4472 4051/5002/4471 3994/5007/4386 3993/5008/4385
f 2919/3188/2940 4053/5009/4475 4054/5010/4476 2920/3189/2941
f 4053/5009/4477 97/5011/97 3127/5012/3158 4054/5010/4478
f 4054/5010/4478 3127/5012/3158 3126/4893/3157 3997/4891/4393
f 2920/3189/2941 4054/5010/4476 3997/4891/4391 2915/3184/2936
f 439/465/439 4055/5013/4479 4056/5014/4480 440/5015/440
f 4055/5013/4481 3622/4210/3824 3676/4315/3905 4056/5014/4482
f 4056/5014/4482 3676/4315/3905 3675/4314/3904 3999/4896/4397
f 440/5015/440 4056/5014/4480 3999/4896/4395 433/4895/433
f 449/5016/449 4057/5017/4483 4058/5018/4484 605/5019/605
f 4057/5017/4485 4059/5020/4486 4060/5021/4487 4058/5018/4488
f 4058/5018/4488 4060/5021/4487 4004/4907/4403 4002/4904/4402
f 605/5019/605 4058/5018/4484 4002/4904/4400 601/4903/601
f 3144/5022/3175 4061/5023/4489 4062/5024/4490 3222/5025/3253
f 4061/5023/4491 441/468/441 603/649/603 4062/5024/4492
f 4062/5024/4492 603/649/603 599/648/599 4010/5026/4414
f 3222/5025/3253 4062/5024/4490 4010/5026/4412 3218/5027/3249
f 535/5028/535 4063/5029/4493 4064/5030/4494 536/5031/536
f 4063/5029/4495 325/340/325 322/337/322 4064/5030/4496
f 4064/5030/4496 322/337/322 321/336/321 4012/4926/4418
f 536/5031/536 4064/5030/4494 4012/4926/4416 529/4925/529
f 855/912/873 4065/5032/4497 4066/5033/4498 4067/5034/4499
f 4065/5032/4500 753/5035/771 751/5036/769 4066/5033/4501
f 4066/5033/4501 751/5036/769 747/4933/765 4014/4931/4422
f 4067/5034/4499 4066/5033/4498 4014/4931/4420 850/907/868
f 939/5037/957 4068/5038/4502 4069/5039/4503 1083/5040/1101
f 4068/5038/4504 4070/5041/4505 4071/5042/4506 4069/5039/4507
f 4069/5039/4507 4071/5042/4506 4018/4941/4427 4016/4938/4426
f 1083/5040/1101 4069/5039/4503 4016/4938/4424 1080/4937/1098
f 1092/1170/1110 4072/5043/4508 4073/5044/4509 1316/1447/1334
f 4072/5043/4508 1020/1088/1038 1018/1085/1036 4073/5044/4509
f 4073/5044/4509 1018/1085/1036 1013/1084/1031 4020/5045/4430
f 1316/1447/1334 4073/5044/4509 4020/5045/4430 1313/1448/1331
f 1325/1457/1343 4074/5046/4510 4075/5047/4511 1627/1780/1645
f 4074/5046/4510 1254/5048/1272 1252/5049/1270 4075/5047/4511
f 4075/5047/4511 1252/5049/1270 1248/4951/1266 4023/4949/4433
f 1627/1780/1645 4075/5047/4511 4023/4949/4433 1623/1776/1641
f 1256/1347/1274 4076/5050/4512 4077/5051/4513 1257/1348/1275
f 4076/5050/4512 1537/1689/1555 1535/1686/1553 4077/5051/4513
f 4077/5051/4513 1535/1686/1553 1531/1685/1549 4025/5052/4435
f 1257/1348/1275 4077/5051/4513 4025/5052/4435 1250/1349/1268
f 1539/1691/1557 4078/5053/4514 4079/5054/4515 1540/1692/1558
f 4078/5053/4516 4080/5055/4517 4081/5056/4518 4079/5054/4519
f 4079/5054/4519 4081/5056/4518 4029/5057/4440 4027/5058/4439
f 1540/1692/1558 4079/5054/4515 4027/5058/4437 1533/1693/1551
f 2562/5059/2580 4082/5060/4520 4083/5061/4521 2563/5062/2581
f 4082/5060/4522 2761/5063/2779 2759/5064/2777 4083/5061/4523
f 4083/5061/4523 2759/5064/2777 2755/5065/2773 4031/5066/4445
f 2563/5062/2581 4083/5061/4521 4031/5066/4443 2556/5067/2574
f 9/5068/4524 4084/5069/4525 4085/5070/4526 2261/5071/4527
f 4084/5069/4525 2346/2575/2364 4086/5072/4528 4085/5070/4526
f 4085/5070/4526 4086/5072/4528 4035/4969/4451 4033/4966/4448
f 2261/5071/4527 4085/5070/4526 4033/4966/4448 2257/4965/4447
f 2763/3014/2781 4087/5073/4529 4088/5074/4530 2764/3015/2782
f 4087/5073/4529 93/5075/93 91/5076/91 4088/5074/4530
f 4088/5074/4530 91/5076/91 87/4973/87 4037/4971/4453
f 2764/3015/2782 4088/5074/4530 4037/4971/4453 2757/3008/2775
f 2419/5077/2437 4089/5078/4531 4090/5079/4532 2473/5080/2491
f 4089/5078/4531 2560/2803/2578 2558/2801/2576 4090/5079/4532
f 4090/5079/4532 2558/2801/2576 2554/2797/2572 4039/4976/4455
f 2473/5080/2491 4090/5079/4532 4039/4976/4455 2470/4975/2488
f 1456/5081/1474 4091/5082/4533 4092/5083/4534 2623/5084/2641
f 4091/5082/4533 2564/2807/2582 2679/2930/2697 4092/5083/4534
f 4092/5083/4534 2679/2930/2697 2677/2928/2695 4041/4982/4457
f 2623/5084/2641 4092/5083/4534 4041/4982/4457 2620/4981/2638
f 105/117/105 4093/5085/4535 4094/5086/4536 3130/3428/3161
f 4093/5085/4537 124/5087/124 214/5088/214 4094/5086/4538
f 4094/5086/4538 214/5088/214 210/5089/210 4043/5090/4461
f 3130/3428/3161 4094/5086/4536 4043/5090/4459 3131/3429/3162
f 132/5091/132 4095/5092/4539 4096/5093/4540 216/5094/216
f 4095/5092/4541 217/5095/217 1762/5096/1780 4096/5093/4542
f 4096/5093/4542 1762/5096/1780 1758/5097/1776 4045/5098/4465
f 216/5094/216 4096/5093/4540 4045/5098/4463 212/5099/212
f 3948/4900/4317 4001/4899/4398 4097/5100/4543 4048/4999/4468
f 4001/4899/4398 3675/4314/3904 3674/4313/3903 4097/5100/4543
f 4097/5100/4543 3674/4313/3903 3216/3516/3247 3214/3514/3245
f 4048/4999/4468 4097/5100/4543 3214/3514/3245 3210/3510/3241
f 4098/5101/4544 4099/5102/4545 4100/5103/4546 4101/5104/4547
f 4099/5102/4548 437/5105/437 435/5106/435 4100/5103/4549
f 4100/5103/4549 435/5106/435 431/5004/431 4050/5001/4473
f 4101/5104/4547 4100/5103/4546 4050/5001/4470 4049/5000/4469
f 365/380/365 3270/3575/3307 4102/5107/4550 2923/3192/2944
f 3270/3575/3306 3269/3574/3305 3620/5108/3822 4102/5107/4551
f 4102/5107/4551 3620/5108/3822 3622/5109/3824 4055/5110/4481
f 2923/3192/2944 4102/5107/4550 4055/5110/4479 439/465/439
f 447/474/447 3276/3581/3316 4103/5111/4552 448/475/448
f 3276/3581/3315 3275/3580/3314 4104/5112/4553 4103/5111/4554
f 4103/5111/4554 4104/5112/4553 4059/5113/4486 4057/5114/4485
f 448/475/448 4103/5111/4552 4057/5114/4483 449/476/449
f 3142/3587/3173 3280/3586/3323 4105/5115/4555 3143/5116/3174
f 3280/3586/3322 445/472/445 442/469/442 4105/5115/4556
f 4105/5115/4556 442/469/442 441/468/441 4061/5023/4491
f 3143/5116/3174 4105/5115/4555 4061/5023/4489 3144/5022/3175
f 610/658/610 4106/5117/4557 4107/5118/4558 611/659/611
f 4106/5117/4559 618/5119/618 3242/5120/3273 4107/5118/4560
f 4107/5118/4560 3242/5120/3273 325/5121/325 4063/5122/4495
f 611/659/611 4107/5118/4558 4063/5122/4493 535/573/535
f 681/3594/699 3284/3593/3330 4108/5123/4561 854/5124/872
f 3284/3593/3329 882/939/900 880/937/898 4108/5123/4562
f 4108/5123/4562 880/937/898 753/809/771 4065/5125/4500
f 854/5124/872 4108/5123/4561 4065/5125/4497 855/5126/873
f 937/994/955 3287/3600/3336 4109/5127/4563 938/995/956
f 3287/3600/3335 933/3599/951 4110/5128/4564 4109/5127/4565
f 4109/5127/4565 4110/5128/4564 4070/5129/4505 4068/5130/4504
f 938/995/956 4109/5127/4563 4068/5130/4502 939/996/957
f 1090/1168/1108 3291/3604/3340 4111/5131/4566 1091/1169/1109
f 3291/3604/3340 1170/1250/1188 1168/1248/1186 4111/5131/4566
f 4111/5131/4566 1168/1248/1186 1020/1088/1038 4072/5043/4508
f 1091/1169/1109 4111/5131/4566 4072/5043/4508 1092/1170/1110
f 1323/1455/1341 3294/3610/3343 4112/5132/4567 1324/1456/1342
f 3294/3610/3343 1459/3609/1477 1457/5133/1475 4112/5132/4567
f 4112/5132/4567 1457/5133/1475 1254/5048/1272 4074/5046/4510
f 1324/1456/1342 4112/5132/4567 4074/5046/4510 1325/1457/1343
f 1461/1605/1479 3297/3613/3346 4113/5134/4568 1462/1606/1480
f 3297/3613/3346 1630/1783/1648 1628/1781/1646 4113/5134/4568
f 4113/5134/4568 1628/1781/1646 1537/1689/1555 4076/5050/4512
f 1462/1606/1480 4113/5134/4568 4076/5050/4512 1256/1347/1274
f 1632/1785/1650 3303/3619/3355 4114/5135/4569 1633/1786/1651
f 3303/3619/3354 3302/3618/3353 4115/5136/4570 4114/5135/4571
f 4114/5135/4571 4115/5136/4570 4080/5055/4517 4078/5053/4516
f 1633/1786/1651 4114/5135/4569 4078/5053/4514 1539/1691/1557
f 2482/3628/2500 3306/3627/3361 4116/5137/4572 2683/5138/2701
f 3306/3627/3360 2262/3626/2280 4117/5139/4573 4116/5137/4574
f 4116/5137/4574 4117/5139/4573 2761/5063/2779 4082/5060/4522
f 2683/5138/2701 4116/5137/4572 4082/5060/4520 2562/5059/2580
f 2270/2491/2288 4118/5140/4575 4119/5141/4576 4120/5142/4577
f 4118/5140/4575 2335/5143/2353 2333/5144/2351 4119/5141/4576
f 4119/5141/4576 2333/5144/2351 93/5075/93 4087/5073/4529
f 4120/5142/4577 4119/5141/4576 4087/5073/4529 2763/3014/2781
f 1679/1832/1697 1676/1829/1694 4121/5145/4578 3322/3652/3380
f 225/237/225 224/236/224 4121/5145/4578 1676/1829/1694
f 223/235/223 3322/3652/3380 4121/5145/4578 224/236/224
f 103/115/103 3326/3659/3387 4122/5146/4579 104/116/104
f 3326/3659/3386 128/3658/128 125/5147/125 4122/5146/4580
f 4122/5146/4580 125/5147/125 124/5087/124 4093/5085/4537
f 104/116/104 4122/5146/4579 4093/5085/4535 105/117/105
f 130/3668/130 3329/3667/3393 4123/5148/4581 131/5149/131
f 3329/3667/3392 221/3666/221 218/5150/218 4123/5148/4582
f 4123/5148/4582 218/5150/218 217/5095/217 4095/5092/4541
f 131/5149/131 4123/5148/4581 4095/5092/4539 132/5091/132
f 119/131/119 3199/3499/3230 4124/5151/4583 120/132/120
f 3199/3499/3230 3195/3495/3226 3331/3670/3395 4124/5151/4583
f 4124/5151/4583 3331/3670/3395 3335/3674/3399 3839/4613/4151
f 120/132/120 4124/5151/4583 3839/4613/4151 121/133/121
f 3341/3680/3408 3340/3679/3407 4125/5152/4584 4126/5153/4585
f 3340/3679/3406 357/372/357 2921/3190/2942 4125/5152/4586
f 4125/5152/4586 2921/3190/2942 437/463/437 4099/5154/4548
f 4126/5153/4585 4125/5152/4584 4099/5154/4545 4098/5155/4544
f 2858/3127/2879 2861/3130/2882 4127/5156/4587 2917/3186/2938
f 2864/3133/2885 4128/5157/4588 4127/5156/4587 2861/3130/2882
f 2919/3188/2940 2917/3186/2938 4127/5156/4587 4128/5157/4588
f 4129/5158/4589 4130/5159/4590 4131/5160/4591 4132/5161/4592
f 4130/5159/4590 4133/5162/4593 4134/5163/4594 4131/5160/4591
f 4131/5160/4591 4134/5163/4594 3223/3523/3254 3226/3526/3257
f 4132/5161/4592 4131/5160/4591 3226/3526/3257 3231/3531/3262
f 3235/3538/3266 3238/3541/3269 4135/5164/4595 4136/5165/4596
f 3238/3541/3269 3241/3544/3272 3252/3555/3283 4135/5164/4595
f 4135/5164/4595 3252/3555/3283 3251/3554/3282 4137/5166/4597
f 4136/5165/4596 4135/5164/4595 4137/5166/4597 4138/5167/4598
f 4059/5020/4486 4104/5168/4553 4139/5169/4599 4140/5170/4600
f 4104/5168/4553 3275/5171/3314 4141/5172/4601 4139/5169/4599
f 4139/5169/4599 4141/5172/4601 4142/5173/4602 4143/5174/4603
f 4140/5170/4600 4139/5169/4599 4143/5174/4603 4144/5175/4604
f 549/588/549 552/591/552 4145/5176/4605 4146/5177/4606
f 552/591/552 557/596/557 3476/3930/3605 4145/5176/4605
f 4145/5176/4605 3476/3930/3605 3411/3935/3512 4147/5178/4607
f 4146/5177/4606 4145/5176/4605 4147/5178/4607 3421/3824/3527
f 3421/3824/3527 4147/5178/4607 4148/5179/4608 3422/3825/3528
f 4147/5178/4607 3411/3935/3512 3414/5180/3515 4148/5179/4608
f 4148/5179/4608 3414/5180/3515 547/5181/547 546/5182/546
f 3422/3825/3528 4148/5179/4608 546/5182/546 545/3826/545
f 450/477/450 453/480/453 4149/5183/4609 4150/5184/4610
f 453/480/453 458/485/458 4151/5185/4611 4149/5183/4609
f 4149/5183/4609 4151/5185/4611 610/658/610 609/657/609
f 4150/5184/4610 4149/5183/4609 609/657/609 608/656/608
f 4152/5186/4612 4153/5187/4613 4154/5188/4614 4155/5189/4615
f 4153/5187/4613 4156/5190/4616 4157/5191/4617 4154/5188/4614
f 4154/5188/4614 4157/5191/4617 4158/5192/4618 4159/5193/4619
f 4155/5189/4615 4154/5188/4614 4159/5193/4619 3744/5194/4008
f 3742/4535/4005 3801/4534/4095 4160/5195/4620 4161/5196/4621
f 3801/4534/4095 3800/4533/4094 4162/5197/4622 4160/5195/4620
f 4160/5195/4620 4162/5197/4622 4163/5198/4623 4164/5199/4624
f 4161/5196/4621 4160/5195/4620 4164/5199/4624 4165/5200/4625
f 665/713/680 4166/5201/4626 4167/5202/4626 666/714/680
f 4166/5201/4626 656/704/668 659/707/671 4167/5202/4626
f 4167/5202/4627 659/707/678 664/712/679 773/830/791
f 666/714/683 4167/5202/4627 773/830/791 669/717/684
f 4168/5203/4628 4169/5204/4629 4170/5205/4630 4171/5206/4631
f 4169/5204/4629 808/865/826 806/863/824 4170/5205/4630
f 4170/5205/4630 806/863/824 802/859/820 4172/5207/4632
f 4171/5206/4631 4170/5205/4630 4172/5207/4632 4163/5198/4633
f 4168/5203/4628 4173/5208/4634 4174/5209/4635 4169/5204/4629
f 4173/5208/4634 654/702/664 653/701/663 4174/5209/4635
f 4174/5209/4635 653/701/661 652/700/660 812/869/830
f 4169/5204/4629 4174/5209/4635 812/869/830 808/865/826
f 804/861/822 811/868/829 4175/5210/4636 866/923/884
f 811/868/829 810/867/828 861/918/879 4175/5210/4636
f 4175/5210/4636 861/918/879 863/920/881 3856/4640/4177
f 866/923/884 4175/5210/4636 3856/4640/4177 867/924/885
f 703/5211/721 706/5212/724 4176/5213/4637 3589/5214/3778
f 706/5212/724 711/1120/729 1047/1118/1065 4176/5213/4637
f 4176/5213/4637 1047/1118/1065 1043/1114/1061 4177/5215/4638
f 3589/5214/3778 4176/5213/4637 4177/5215/4638 3541/4049/3704
f 3541/4049/3704 4177/5215/4638 4178/5216/4639 3542/4050/3705
f 4177/5215/4638 1043/1114/1061 1041/1112/1059 4178/5216/4639
f 4178/5216/4639 1041/1112/1059 701/752/719 700/751/718
f 3542/4050/3705 4178/5216/4639 700/751/718 699/750/717
f 792/849/810 799/856/817 4179/5217/4640 4180/5218/4641
f 799/856/817 798/855/816 865/922/883 4179/5217/4640
f 4179/5217/4640 865/922/883 869/926/887 3748/5219/4013
f 4180/5218/4641 4179/5217/4640 3748/5219/4013 3694/5220/3933
f 786/843/804 793/850/811 4181/5221/4642 874/931/892
f 793/850/811 792/849/810 4180/5218/4641 4181/5221/4642
f 4181/5221/4642 4180/5218/4641 3694/5220/3933 3697/5222/3936
f 874/931/892 4181/5221/4642 3697/5222/3936 875/932/893
f 823/880/841 828/885/846 4182/5223/4643 849/906/867
f 828/885/846 827/884/845 853/910/871 4182/5223/4643
f 4182/5223/4643 853/910/871 855/912/873 4067/5034/4499
f 849/906/867 4182/5223/4643 4067/5034/4499 850/907/868
f 682/730/700 685/733/703 4183/5224/4644 3283/3592/3327
f 685/733/703 690/738/708 1024/1093/1042 4183/5224/4644
f 4183/5224/4644 1024/1093/1042 884/941/902 883/940/901
f 3283/3592/3327 4183/5224/4644 883/940/901 882/939/900
f 1159/1238/1177 1157/1236/1175 4184/5225/4645 4185/5226/4646
f 1157/1236/1175 1153/1232/1171 4186/5227/4647 4184/5225/4645
f 4184/5225/4645 4186/5227/4647 3967/4943/4348 4019/4942/4428
f 4185/5226/4646 4184/5225/4645 4019/4942/4428 4018/4941/4427
f 3545/4150/3710 4187/5228/4648 4188/5229/4649 3546/5230/3711
f 4187/5228/4648 1115/1194/1133 1113/1192/1131 4188/5229/4649
f 4188/5229/4649 1113/1192/1131 921/978/939 920/977/938
f 3546/5230/3711 4188/5229/4649 920/977/938 919/976/937
f 1213/1299/1231 1216/1302/1234 4189/5231/4650 3707/5232/3950
f 1216/1302/1234 1221/1307/1239 4190/5233/4651 4189/5231/4650
f 4189/5231/4650 4190/5233/4651 1211/1296/1229 1210/1295/1228
f 3707/5232/3950 4189/5231/4650 1210/1295/1228 1209/1294/1227
f 946/1014/964 954/1013/972 4191/5234/4652 1340/5235/1358
f 954/1013/972 953/1012/971 1378/1510/1396 4191/5234/4652
f 4191/5234/4652 1378/1510/1396 1380/1512/1398 1393/1526/1411
f 1340/5235/1358 4191/5234/4652 1393/1526/1411 1341/1525/1359
f 965/1025/983 972/1032/990 4192/5236/4653 1328/1460/1346
f 972/1032/990 971/1031/989 1368/5237/1386 4192/5236/4653
f 4192/5236/4653 1368/5237/1386 1370/1543/1388 1406/1541/1424
f 1328/1460/1346 4192/5236/4653 1406/1541/1424 1329/1461/1347
f 1386/1518/1404 2571/2814/2589 4193/5238/4654 1387/1519/1405
f 2571/2814/2589 2575/2818/2593 3318/3646/3376 4193/5238/4654
f 4193/5238/4654 3318/3646/3376 1454/1598/1472 1453/1597/1471
f 1387/1519/1405 4193/5238/4654 1453/1597/1471 1388/1520/1406
f 4194/5239/4655 4195/5240/4656 4196/5241/4657 4197/5242/4658
f 4195/5240/4659 1818/5243/1836 1816/5244/1834 4196/5241/4660
f 4196/5241/4660 1816/5244/1834 1812/5245/1830 4198/5246/4661
f 4197/5242/4658 4196/5241/4657 4198/5246/4662 4199/5247/4663
f 1852/2008/1870 1855/2011/1873 4200/5248/4664 2769/5249/2788
f 1855/2011/1873 1638/1791/1656 1635/1788/1653 4200/5248/4664
f 4200/5248/4664 1635/1788/1653 1634/1787/1652 1850/2006/1868
f 2769/5249/2788 4200/5248/4664 1850/2006/1868 1849/2005/1867
f 4201/5250/4665 4202/5251/4666 4203/5252/4667 4204/5253/4668
f 4202/5251/4669 1845/5254/1863 1843/5255/1861 4203/5252/4670
f 4203/5252/4670 1843/5255/1861 1840/5256/1858 4205/5257/4671
f 4204/5253/4668 4203/5252/4667 4205/5257/4672 4206/5258/4673
f 1826/1982/1844 1825/1981/1843 4207/5259/4674 1832/1988/1850
f 1825/1981/1843 1824/1980/1842 4208/5260/4675 4207/5259/4674
f 4207/5259/4674 4208/5260/4675 1836/1992/1854 1839/1995/1857
f 1832/1988/1850 4207/5259/4674 1839/1995/1857 1833/1989/1851
f 1814/1970/1832 1821/1977/1839 4209/5261/4676 4210/5262/4677
f 1821/1977/1839 1820/1976/1838 4211/5263/4678 4209/5261/4676
f 4209/5261/4676 4211/5263/4678 1906/2062/1924 1903/2059/1921
f 4210/5262/4677 4209/5261/4676 1903/2059/1921 1902/2058/1920
f 1820/1976/1838 1827/1983/1845 4212/5264/4679 4211/5263/4678
f 1827/1983/1845 1826/1982/1844 1829/1985/1847 4212/5264/4679
f 4212/5264/4679 1829/1985/1847 1828/1984/1846 1911/2067/1929
f 4211/5263/4678 4212/5264/4679 1911/2067/1929 1906/2062/1924
f 1771/1927/1789 1774/1930/1792 4213/5265/4680 4214/5266/4681
f 1774/1930/1792 1779/1935/1797 4215/5267/4682 4213/5265/4680
f 4213/5265/4680 4215/5267/4682 1770/1926/1788 1857/2013/1875
f 4214/5266/4681 4213/5265/4680 1857/2013/1875 1856/2012/1874
f 1900/2056/1918 4216/5268/4683 4217/5269/4684 1970/2126/1988
f 4216/5268/4683 1910/2066/1928 4218/5270/4685 4217/5269/4684
f 4217/5269/4684 4218/5270/4685 4219/5271/4686 4220/5272/4687
f 1970/2126/1988 4217/5269/4684 4220/5272/4687 1971/2127/1989
f 1908/2064/1926 1915/2071/1933 4221/5273/4688 4222/5274/4689
f 1915/2071/1933 1914/2070/1932 1987/2143/2005 4221/5273/4688
f 4221/5273/4688 1987/2143/2005 1989/2145/2007 2023/5275/2041
f 4222/5274/4689 4221/5273/4688 2023/5275/2041 2022/5276/2040
f 1863/2019/1881 1871/2027/1889 4223/5277/4690 1942/2098/1960
f 1871/2027/1889 1870/2026/1888 1953/2109/1971 4223/5277/4690
f 4223/5277/4690 1953/2109/1971 1957/2113/1975 1996/5278/2014
f 1942/2098/1960 4223/5277/4690 1996/5278/2014 1943/2099/1961
f 1876/2032/1894 1883/2039/1901 4224/5279/4691 1954/2110/1972
f 1883/2039/1901 1882/2038/1900 1983/2139/2001 4224/5279/4691
f 4224/5279/4691 1983/2139/2001 1985/2141/2003 2005/5280/2023
f 1954/2110/1972 4224/5279/4691 2005/5280/2023 1955/2111/1973
f 2262/2483/2280 2265/2486/2283 4225/5281/4692 4117/5282/4573
f 2265/2486/2283 2270/2491/2288 4120/5142/4577 4225/5281/4692
f 4225/5281/4692 4120/5142/4577 2763/3014/2781 2762/3013/2780
f 4117/5282/4573 4225/5281/4692 2762/3013/2780 2761/3012/2779
f 2519/2762/2537 2522/2765/2540 4226/5283/4693 3720/5284/3967
f 2522/2765/2540 2527/2770/2545 3714/5285/3959 4226/5283/4693
f 4226/5283/4693 3714/5285/3959 2517/2760/2535 2516/2759/2534
f 3720/5284/3967 4226/5283/4693 2516/2759/2534 2515/2758/2533
f 1417/1555/1435 2597/2844/2615 4227/5286/4694 1418/1556/1436
f 2597/2844/2615 2601/2848/2619 4228/5287/4695 4227/5286/4694
f 4227/5286/4694 4228/5287/4695 2594/2840/2612 2593/2839/2611
f 1418/1556/1436 4227/5286/4694 2593/2839/2611 1413/1550/1431
f 2738/2989/2756 2741/2992/2759 4229/5288/4696 3871/5289/4199
f 2741/2992/2759 2746/2997/2764 4230/5290/4697 4229/5288/4696
f 4229/5288/4696 4230/5290/4697 2736/2987/2754 2735/2986/2753
f 3871/5289/4199 4229/5288/4696 2735/2986/2753 2734/2985/2752
f 2765/3016/2783 4231/5291/4698 4232/5292/4699 2766/3017/2784
f 4231/5291/4698 4233/5293/4700 4234/5294/4701 4232/5292/4699
f 4232/5292/4702 4234/5294/4703 1856/5295/1874 1853/5296/1871
f 2766/3017/2787 4232/5292/4702 1853/5296/1871 1852/3020/1870
f 1700/1856/1718 2823/3081/2844 4235/5297/4704 1701/1857/1719
f 2823/3081/2844 2827/3085/2848 4236/5298/4705 4235/5297/4704
f 4235/5297/4704 4236/5298/4705 2820/3078/2841 2819/3077/2840
f 1701/1857/1719 4235/5297/4704 2819/3077/2840 1694/1850/1712
f 2969/3241/2994 2972/3244/2997 4237/5299/4706 4238/5300/4707
f 2972/3244/2997 2977/3249/3002 3003/5301/3031 4237/5299/4706
f 4237/5299/4706 3003/5301/3031 2999/5302/3027 4239/5303/4708
f 4238/5300/4707 4237/5299/4706 4239/5303/4708 4240/5304/4709
f 4240/5304/4709 4239/5303/4708 4241/5305/4710 4242/5306/4711
f 4239/5303/4708 2999/5302/3027 2997/5307/3025 4241/5305/4710
f 4241/5305/4710 2997/5307/3025 2967/3238/2992 2966/3237/2991
f 4242/5306/4711 4241/5305/4710 2966/3237/2991 2965/3236/2990
f 3145/3445/3176 3148/3448/3179 4243/5308/4712 3693/4348/3932
f 3148/3448/3179 3153/3453/3184 3279/5309/3319 4243/5308/4712
f 4243/5308/4712 3279/5309/3319 3142/3442/3173 3141/3441/3172
f 3693/4348/3932 4243/5308/4712 3141/3441/3172 3140/3440/3171
f 9/5068/4524 8/5310/4713 4244/5311/4714 4084/5069/4525
f 8/5310/4713 7/3636/3369 3311/3635/3368 4244/5311/4714
f 4244/5311/4714 3311/3635/3368 2340/2569/2358 2343/2572/2361
f 4084/5069/4525 4244/5311/4714 2343/2572/2361 2346/2575/2364
f 2736/2987/2754 4230/5290/4697 4245/5312/4715 3823/4575/4128
f 4230/5290/4697 2746/2997/2764 3931/4782/4291 4245/5312/4715
f 4245/5312/4715 3931/4782/4291 69/4781/69 67/5313/67
f 3823/4575/4128 4245/5312/4715 67/5313/67 63/4577/63
f 1211/1296/1229 4190/5233/4651 4246/5314/4716 3651/4261/3870
f 4190/5233/4651 1221/1307/1239 3757/4449/4026 4246/5314/4716
f 4246/5314/4716 3757/4449/4026 1495/1642/1513 1493/1640/1511
f 3651/4261/3870 4246/5314/4716 1493/1640/1511 1489/1635/1507
f 2594/2840/2612 4228/5287/4695 4247/5315/4717 3667/5316/3892
f 4228/5287/4695 2601/2848/2619 3776/4482/4052 4247/5315/4717
f 4247/5315/4717 3776/4482/4052 2652/4481/2670 2650/5317/2668
f 3667/5316/3892 4247/5315/4717 2650/5317/2668 2648/5318/2666
f 3677/5319/3906 4248/5320/4718 4249/5321/4719 3678/5322/3907
f 4248/5320/4718 2941/4498/2963 3783/4497/4066 4249/5321/4719
f 4249/5321/4720 3783/4497/4065 395/416/395 393/414/393
f 3678/5322/3910 4249/5321/4720 393/414/393 389/409/389
f 112/124/112 3571/4103/3750 4250/5323/4721 113/125/113
f 3571/4103/3750 3512/4011/3661 3515/4014/3664 4250/5323/4721
f 4250/5323/4721 3515/4014/3664 3171/3471/3202 3169/3469/3200
f 113/125/113 4250/5323/4721 3169/3469/3200 114/126/114
f 3158/3820/3189 3164/5324/3195 4251/5325/4722 3419/3821/3524
f 3164/5324/3195 3163/4037/3194 3531/4036/3691 4251/5325/4722
f 4251/5325/4723 3531/4036/3690 549/588/549 4146/5177/4606
f 3419/3821/3526 4251/5325/4723 4146/5177/4606 3421/3824/3527
f 4142/5326/4602 4252/5327/4724 4253/5328/4725 4254/5329/4726
f 4252/5327/4724 3357/5330/3433 3356/5331/3432 4253/5328/4725
f 4253/5328/4727 3356/5331/3431 450/477/450 4150/5184/4610
f 4254/5329/4728 4253/5328/4727 4150/5184/4610 608/656/608
f 610/658/610 4151/5185/4611 4255/5332/4729 4106/5117/4557
f 4151/5185/4611 458/485/458 3364/5333/3445 4255/5332/4729
f 4255/5332/4730 3364/5333/3444 620/5334/620 619/5335/619
f 4106/5117/4559 4255/5332/4730 619/5335/619 618/5119/618
f 4256/5336/4731 4257/5337/4732 4258/5338/4733 4259/5339/4734
f 4257/5337/4732 4260/5340/4735 4261/5341/4736 4258/5338/4733
f 4258/5338/4733 4261/5341/4736 4262/5342/4737 4263/5343/4738
f 4259/5339/4734 4258/5338/4733 4263/5343/4738 4264/5344/4739
f 4265/5345/4740 4266/5346/4741 4267/5347/4742 4268/5348/4743
f 4268/5348/4743 4267/5347/4742 4269/5349/4744 4270/5350/4745
f 4271/5351/4746 4272/5352/4747 4273/5353/4748 4274/5354/4749
f 4275/5355/4750 4276/5356/4751 4273/5353/4748 4272/5352/4747
f 4277/5357/4752 4274/5354/4749 4273/5353/4748 4276/5356/4751
f 4278/5358/4753 4279/5359/4754 4280/5360/4755 4281/5361/4756
f 303/318/303 4282/5362/4757 4280/5360/4755 4279/5359/4754
f 3227/3527/3258 3224/3524/3255 4280/5360/4755 4282/5362/4757
f 3223/3523/3254 4134/5163/4594 4280/5360/4755 3224/3524/3255
f 4133/5162/4593 4281/5361/4756 4280/5360/4755 4134/5163/4594
f 235/247/235 238/250/238 4283/5363/4758 2847/5364/2868
f 243/255/243 4284/5365/4759 4283/5363/4758 238/250/238
f 4285/5366/4760 4286/5367/4761 4283/5363/4758 4284/5365/4759
f 232/5368/232 231/243/231 4283/5363/4758 4286/5367/4761
f 230/5369/230 2847/5364/2868 4283/5363/4758 231/243/231
f 4285/5366/4760 4284/5365/4759 4287/5370/4762 4288/5371/4763
f 243/255/243 4289/5372/4764 4287/5370/4762 4284/5365/4759
f 4290/5373/4765 4288/5371/4763 4287/5370/4762 4289/5372/4764
f 4291/5374/4766 4292/5375/4767 4293/5376/4768 4294/5377/4769
f 4292/5375/4767 4295/5378/4770 4296/5379/4771 4293/5376/4768
f 4293/5376/4768 4296/5379/4771 4297/5380/4772 4298/5381/4773
f 4294/5377/4769 4293/5376/4768 4298/5381/4773 4299/5382/4774
f 2838/5383/2859 2842/5384/2863 4300/5385/4775 4301/5386/4776
f 2842/5384/2863 226/238/226 229/241/229 4300/5385/4775
f 4300/5385/4775 229/241/229 234/246/234 4302/5387/4777
f 4301/5386/4776 4300/5385/4775 4302/5387/4777 4303/5388/4778
f 3251/5389/4779 3254/5390/4780 4304/5391/4781 4305/5392/4782
f 3254/5390/4780 3260/5393/4783 4306/5394/4784 4304/5391/4781
f 4304/5391/4781 4306/5394/4784 4307/5395/4785 4308/5396/4786
f 4305/5392/4782 4304/5391/4781 4308/5396/4786 4309/5397/4787
f 3260/5393/4783 3259/5398/4788 4310/5399/4789 4306/5394/4784
f 3259/5398/4788 3258/5400/4790 4311/5401/4791 4310/5399/4789
f 4310/5399/4789 4311/5401/4791 4312/5402/4792 4313/5403/4793
f 4306/5394/4784 4310/5399/4789 4313/5403/4793 4307/5395/4785
f 3258/5400/4794 4314/5404/4795 4315/5405/4796 4311/5401/4794
f 4314/5404/4795 4271/5406/4797 4316/5407/4798 4315/5405/4796
f 4315/5405/4799 4316/5407/4800 4317/5408/4801 4318/5409/4802
f 4311/5401/4791 4315/5405/4799 4318/5409/4802 4312/5402/4792
f 4271/5410/4797 4274/5411/4803 4319/5412/4804 4316/5413/4798
f 4274/5411/4803 4277/5414/4805 4320/5415/4806 4319/5412/4804
f 4319/5412/4807 4320/5415/4808 4321/5416/4809 4322/5417/4810
f 4316/5413/4800 4319/5412/4807 4322/5417/4810 4317/5418/4801
f 4277/5414/4805 4323/5419/4811 4324/5420/4812 4320/5415/4806
f 4323/5419/4811 4325/5421/4813 4326/5422/4814 4324/5420/4812
f 4324/5420/4815 4326/5422/4816 4327/5423/4817 4328/5424/4818
f 4320/5415/4808 4324/5420/4815 4328/5424/4818 4321/5416/4809
f 4325/5421/4813 4329/5425/4819 4330/5426/4820 4326/5422/4814
f 4326/5422/4816 4330/5426/4821 4331/5427/4822 4327/5423/4817
f 4332/5428/4823 4333/5429/4824 4334/5430/4825 4335/5431/4826
f 4333/5429/4824 4336/5432/4827 4337/5433/4828 4334/5430/4825
f 4334/5430/4829 4337/5433/4830 4290/5434/4831 4338/5435/4829
f 4335/5431/4832 4334/5430/4829 4338/5435/4829 4339/5436/4833
f 232/244/4834 4286/5437/4835 4340/5438/4836 4341/5439/4837
f 4286/5437/4835 4285/5440/4838 4342/5441/4839 4340/5438/4836
f 4340/5438/4840 4342/5441/4840 4343/5442/4840 4344/5443/4840
f 4341/5439/4840 4340/5438/4840 4344/5443/4840 4345/5444/4840
f 234/246/234 233/245/4841 4346/5445/4842 4347/5446/4843
f 233/245/4841 232/244/4834 4341/5439/4837 4346/5445/4842
f 4346/5445/4840 4341/5439/4840 4345/5444/4840 4348/5447/4840
f 4347/5446/4844 4346/5445/4840 4348/5447/4840 4349/5448/4840
f 4349/5448/4840 4350/5449/4840 4351/5450/4840 4347/5446/4844
f 4350/5449/4840 4352/5451/4840 4353/5452/4840 4351/5450/4840
f 4351/5450/4845 4353/5452/4846 4303/5388/4778 4302/5387/4777
f 4347/5446/4843 4351/5450/4845 4302/5387/4777 234/246/234
f 4354/5453/4847 4355/5454/4848 4356/5455/4849 4357/5456/4850
f 4355/5454/4851 4358/5457/4852 4359/5458/4853 4356/5455/4854
f 4356/5455/4854 4359/5458/4853 4265/5459/4855 4268/5460/4856
f 4357/5456/4850 4356/5455/4849 4268/5460/4857 4270/5461/4857
f 4360/5462/4858 4361/5463/4859 4362/5464/4860 4363/5465/4861
f 4361/5463/4859 4354/5466/4862 4357/5467/4863 4362/5464/4860
f 4362/5464/4860 4357/5467/4863 4270/5468/4864 4364/5469/4865
f 4363/5465/4861 4362/5464/4860 4364/5469/4865 4138/5470/4866
f 4365/5471/4867 4366/5472/4868 4367/5473/4869 4368/5474/4870
f 4270/5350/4745 4269/5349/4744 4367/5473/4869 4366/5472/4868
f 335/350/335 4368/5474/4870 4367/5473/4869 4269/5349/4744
f 241/253/241 4369/5475/4871 4370/5476/4872 242/254/242
f 341/356/341 4371/5477/4873 4370/5476/4872 4369/5475/4871
f 4339/5478/4874 4338/5479/4875 4370/5476/4872 4371/5477/4873
f 4290/5373/4765 4289/5372/4764 4370/5476/4872 4338/5479/4875
f 243/255/243 242/254/242 4370/5476/4872 4289/5372/4764
f 4309/5480/4876 4372/5481/4877 4373/5482/4878 4305/5483/4879
f 4372/5481/4880 4360/5462/4858 4363/5465/4861 4373/5482/4878
f 4373/5482/4878 4363/5465/4861 4138/5470/4866 4137/5484/4881
f 4305/5483/4879 4373/5482/4878 4137/5484/4881 3251/5485/4882
f 2834/5486/2855 4374/5487/4883 4375/5488/4884 2835/5489/2856
f 4374/5487/4883 4376/5490/4885 4377/5491/4886 4375/5488/4884
f 4375/5488/4884 4377/5491/4886 4378/5492/4887 4379/5493/4888
f 2835/5489/2856 4375/5488/4884 4379/5493/4888 2830/5494/2851
f 2825/5495/2846 4380/5496/4889 4381/5497/4890 2826/5498/2847
f 4380/5496/4889 4382/5499/4891 4383/5500/4892 4381/5497/4890
f 4381/5497/4890 4383/5500/4892 4384/5501/4893 4385/5502/4894
f 2826/5498/2847 4381/5497/4890 4385/5502/4894 2827/5503/2848
f 2827/5503/2848 4385/5502/4894 4386/5504/4895 4236/5505/4705
f 4385/5502/4894 4384/5501/4893 4387/5506/4896 4386/5504/4895
f 4386/5504/4895 4387/5506/4896 4388/5507/4897 4389/5508/4898
f 4236/5505/4705 4386/5504/4895 4389/5508/4898 2820/5509/2841
f 2820/5509/2841 4389/5508/4898 4390/5510/4899 2821/5511/2842
f 4389/5508/4898 4388/5507/4897 4391/5512/4900 4390/5510/4899
f 4390/5510/4899 4391/5512/4900 4392/5513/4901 4393/5514/4902
f 2821/5511/2842 4390/5510/4899 4393/5514/4902 2816/5515/2837
f 2816/5516/2837 4393/5517/4902 4394/5518/4903 2817/5519/2838
f 4393/5517/4902 4392/5520/4901 4395/5521/4904 4394/5518/4903
f 4394/5518/4903 4395/5521/4904 4396/5522/4905 4397/5523/4906
f 2817/5519/2838 4394/5518/4903 4397/5523/4906 2812/5524/2833
f 2812/5524/2833 4397/5523/4906 4398/5525/4907 2813/5526/2834
f 4397/5523/4906 4396/5522/4905 4399/5527/4908 4398/5525/4907
f 4398/5525/4907 4399/5527/4908 266/281/266 265/280/265
f 2813/5526/2834 4398/5525/4907 265/280/265 264/279/264
f 339/354/339 4400/5528/4909 4401/5529/4910 4402/5530/4911
f 4400/5528/4909 4403/5531/4912 4404/5532/4913 4401/5529/4910
f 4401/5529/4910 4404/5532/4913 4405/5533/4914 4406/5534/4915
f 4402/5530/4911 4401/5529/4910 4406/5534/4915 4407/5535/4916
f 307/322/307 4408/5536/4917 4409/5537/4918 308/323/308
f 3256/5538/3287 3255/5539/3286 4409/5537/4918 4408/5536/4917
f 3250/5540/3281 3249/5541/3280 4409/5537/4918 3255/5539/3286
f 3248/5542/3279 4410/5543/4919 4409/5537/4918 3249/5541/3280
f 309/324/309 308/323/308 4409/5537/4918 4410/5543/4919
f 4411/5544/4920 294/309/294 4412/5545/4921 4413/5546/4922
f 334/349/334 340/355/340 4365/5471/4867 4368/5474/4870 335/350/335
f 4299/5382/4774 4298/5381/4773 4414/5547/4923 4415/5548/4924
f 4298/5381/4773 4297/5380/4772 4416/5549/4925 4414/5547/4923
f 4414/5547/4923 4416/5549/4925 300/315/300 299/314/299
f 4415/5548/4924 4414/5547/4923 299/314/299 298/313/298
f 4403/5550/4912 4412/5545/4921 4417/5551/4926 4404/5552/4913
f 4412/5545/4921 294/309/294 297/312/297 4417/5551/4926
f 4417/5551/4926 297/312/297 302/317/302 4418/5553/4927
f 4404/5552/4913 4417/5551/4926 4418/5553/4927 4405/5554/4914
f 303/318/303 306/321/306 4419/5555/4928 4282/5362/4757
f 306/321/306 311/326/311 4420/5556/4929 4419/5555/4928
f 4419/5555/4928 4420/5556/4929 4421/5557/4930 4422/5558/4931
f 4282/5362/4757 4419/5555/4928 4422/5558/4931 3227/3527/3258
f 917/974/935 914/971/932 4423/5559/4932 3431/3843/3543
f 914/971/932 913/970/931 1104/1183/1122 4423/5559/4932
f 4423/5559/4932 1104/1183/1122 1100/1179/1118 4424/5560/4933
f 3431/3843/3543 4423/5559/4932 4424/5560/4933 3369/3732/3453
f 3738/4424/3999 4425/5561/4934 4426/5562/4935 4427/5563/4936
f 4425/5561/4934 3686/4332/3921 3689/4335/3924 4426/5562/4935
f 4426/5562/4935 3689/4335/3924 568/609/568 567/608/567
f 4427/5563/4936 4426/5562/4935 567/608/567 566/607/566
f 4428/5564/4937 4429/5565/4938 4430/5566/4939 4431/5567/4940
f 307/322/307 304/319/304 4430/5566/4939 4429/5565/4938
f 303/318/303 4279/5359/4754 4430/5566/4939 304/319/304
f 4278/5358/4753 4329/5568/4819 4430/5566/4939 4279/5359/4754
f 4325/5569/4813 4431/5567/4940 4430/5566/4939 4329/5568/4819
f 712/763/730 715/766/733 4432/5570/4941 3698/4353/3938
f 715/766/733 720/771/738 4433/5571/4942 4432/5570/4941
f 4432/5570/4941 4433/5571/4942 709/760/727 708/759/726
f 3698/4353/3938 4432/5570/4941 708/759/726 707/758/725
f 925/982/943 3370/3733/3454 4434/5572/4943 926/983/944
f 3370/3733/3454 3369/3732/3453 4424/5560/4933 4434/5572/4943
f 4434/5572/4943 4424/5560/4933 1100/1179/1118 1098/1177/1116
f 926/983/944 4434/5572/4943 1098/1177/1116 929/986/947
f 895/952/913 1136/1215/1154 4435/5573/4944 896/953/914
f 1136/1215/1154 904/961/922 907/964/925 4435/5573/4944
f 4435/5573/4944 907/964/925 912/969/930 3806/4548/4104
f 896/953/914 4435/5573/4944 3806/4548/4104 899/956/917
f 720/771/738 1057/1131/1075 4436/5574/4945 4433/5571/4942
f 1057/1131/1075 1061/1135/1079 3701/4358/3942 4436/5574/4945
f 4436/5574/4945 3701/4358/3942 1054/1127/1072 1053/1126/1071
f 4433/5571/4942 4436/5574/4945 1053/1126/1071 709/760/727
f 1096/1353/1114 1262/1356/1280 4437/5575/4946 1097/5576/1115
f 1262/1356/1280 1266/1361/1284 3290/3603/3339 4437/5575/4946
f 4437/5575/4946 3290/3603/3339 1090/1168/1108 1089/1167/1107
f 1097/5576/1115 4437/5575/4946 1089/1167/1107 1088/1166/1106
f 995/1068/1013 1002/1067/1020 4438/5577/4947 1353/5578/1371
f 1002/1067/1020 1001/1066/1019 1358/1490/1376 4438/5577/4947
f 4438/5577/4947 1358/1490/1376 1360/1492/1378 1427/1566/1445
f 1353/5578/1371 4438/5577/4947 1427/1566/1445 1354/1565/1372
f 1472/1616/1490 1475/1619/1493 4439/5579/4948 3493/3968/3632
f 1475/1619/1493 1480/1624/1498 3496/3971/3635 4439/5579/4948
f 4439/5579/4948 3496/3971/3635 3440/3857/3553 4440/5580/4949
f 3493/3968/3632 4439/5579/4948 4440/5580/4949 3438/3853/3551
f 3438/3853/3551 4440/5580/4949 4441/5581/4950 3439/3854/3552
f 4440/5580/4949 3440/3857/3553 3443/3860/3556 4441/5581/4950
f 4441/5581/4950 3443/3860/3556 1469/3865/1487 1468/5582/1486
f 3439/3854/3552 4441/5581/4950 1468/5582/1486 1467/3855/1485
f 1586/1739/1604 1589/1742/1607 4442/5583/4951 2654/2905/2672
f 1589/1742/1607 1594/1747/1612 3706/4367/3949 4442/5583/4951
f 4442/5583/4951 3706/4367/3949 1584/1737/1602 1583/1736/1601
f 2654/2905/2672 4442/5583/4951 1583/1736/1601 1582/1735/1600
f 1910/2066/1928 1909/2065/1927 4443/5584/4952 4218/5270/4685
f 1909/2065/1927 1908/2064/1926 4222/5274/4689 4443/5584/4952
f 4443/5584/4952 4222/5274/4689 2022/5276/2040 4444/5585/4953
f 4218/5270/4685 4443/5584/4952 4444/5585/4953 4219/5271/4686
f 4219/5586/4686 4445/5587/4954 4446/5588/4955 4220/5589/4687
f 4445/5587/4954 2082/2279/2100 4447/5590/4956 4446/5588/4955
f 4446/5588/4955 4447/5590/4956 2020/2194/2038 2019/2193/2037
f 4220/5589/4687 4446/5588/4955 2019/2193/2037 1971/2192/1989
f 2082/2279/2100 2085/2282/2103 4448/5591/4957 4447/5590/4956
f 2085/2282/2103 2089/2286/2107 4449/5592/4958 4448/5591/4957
f 4448/5591/4957 4449/5592/4958 2080/2276/2098 2079/2275/2097
f 4447/5590/4956 4448/5591/4957 2079/2275/2097 2020/2194/2038
f 2089/2286/2107 2147/2352/2165 4450/5593/4959 4449/5592/4958
f 2147/2352/2165 2151/2356/2169 4451/5594/4960 4450/5593/4959
f 4450/5593/4959 4451/5594/4960 2144/2348/2162 2143/2347/2161
f 4449/5592/4958 4450/5593/4959 2143/2347/2161 2080/2276/2098
f 18/18/18 2272/2493/2290 4452/5595/4961 4453/5596/4962
f 2272/2493/2290 2276/2497/2294 2772/3025/2793 4452/5595/4961
f 4452/5595/4961 2772/3025/2793 2331/2560/2349 2330/2559/2348
f 4453/5596/4962 4452/5595/4961 2330/2559/2348 2329/2558/2347
f 10/10/10 13/13/13 4454/5597/4963 4455/5598/4964
f 13/13/13 18/18/18 4453/5596/4962 4454/5597/4963
f 4454/5597/4963 4453/5596/4962 2329/2558/2347 2336/2565/2354
f 4455/5598/4964 4454/5597/4963 2336/2565/2354 2335/2564/2353
f 2374/3042/2392 2377/5599/2395 4456/5600/4965 2788/3043/2809
f 2377/5599/2395 2207/2419/2225 2205/2417/2223 4456/5600/4965
f 4456/5600/4965 2205/2417/2223 2201/2413/2219 4457/5601/4966
f 2788/3043/2809 4456/5600/4965 4457/5601/4966 2784/3038/2805
f 2784/3038/2805 4457/5601/4966 4458/5602/4967 2785/3039/2806
f 4457/5601/4966 2201/2413/2219 2199/2411/2217 4458/5602/4967
f 4458/5602/4967 2199/2411/2217 2195/2407/2213 2373/2604/2391
f 2785/3039/2806 4458/5602/4967 2373/2604/2391 2372/2603/2390
f 2151/2356/2169 2447/2686/2465 4459/5603/4968 4451/5594/4960
f 2447/2686/2465 2451/2690/2469 3719/4386/3966 4459/5603/4968
f 4459/5603/4968 3719/4386/3966 2444/2682/2462 2443/2681/2461
f 4451/5594/4960 4459/5603/4968 2443/2681/2461 2144/2348/2162
f 4460/5604/4969 4461/5605/4970 4462/5606/4971 4463/5607/4972
f 4461/5605/4970 2924/5608/2945 3051/5609/3082 4462/5606/4971
f 4462/5606/4971 3051/5609/3082 3047/5610/3078 4464/5611/4973
f 4463/5607/4972 4462/5606/4971 4464/5611/4973 4465/5612/4974
f 4465/5613/4974 4464/5614/4973 4466/5615/4975 4467/5616/4976
f 4464/5614/4973 3047/5617/3078 3045/5618/3076 4466/5615/4975
f 4466/5615/4975 3045/5618/3076 3041/5619/3072 4468/5620/4977
f 4467/5616/4976 4466/5615/4975 4468/5620/4977 4469/5621/4978
f 4469/5621/4978 4468/5620/4977 4470/5622/4979 4471/5623/4980
f 4468/5620/4977 3041/5619/3072 3039/5624/3070 4470/5622/4979
f 4470/5622/4979 3039/5624/3070 3035/5625/3066 4472/5626/4981
f 4471/5623/4980 4470/5622/4979 4472/5626/4981 4473/5627/4982
f 4473/5627/4982 4472/5626/4981 4474/5628/4983 4475/5629/4984
f 4472/5626/4981 3035/5625/3066 3033/5630/3064 4474/5628/4983
f 4474/5628/4983 3033/5630/3064 3029/5631/3060 4476/5632/4985
f 4475/5629/4984 4474/5628/4983 4476/5632/4985 4477/5633/4986
f 4477/5633/4986 4476/5632/4985 4478/5634/4987 4479/5635/4988
f 4476/5632/4985 3029/5631/3060 3027/5636/3058 4478/5634/4987
f 4478/5634/4987 3027/5636/3058 3023/5637/3054 4480/5638/4989
f 4479/5635/4988 4478/5634/4987 4480/5638/4989 4481/5639/4990
f 4481/5640/4990 4480/5641/4989 4482/5642/4991 4483/5643/4992
f 4480/5641/4989 3023/5644/3054 3021/5645/3052 4482/5642/4991
f 4482/5642/4991 3021/5645/3052 318/333/318 317/332/317
f 4483/5643/4992 4482/5642/4991 317/332/317 316/331/316
f 3093/3388/3124 3096/3391/3127 4484/5646/4993 3683/5647/3915
f 3096/3391/3127 3101/3396/3132 3723/4393/3970 4484/5646/4993
f 4484/5646/4993 3723/4393/3970 3091/3385/3122 3090/3384/3121
f 3683/5647/3915 4484/5646/4993 3090/3384/3121 3089/3383/3120
f 3132/3430/3163 3135/3433/3166 4485/5648/4994 4486/5649/4995
f 3135/3433/3166 2928/3435/2949 2925/5650/2946 4485/5648/4994
f 4485/5648/4994 2925/5650/2946 2924/5608/2945 4461/5605/4970
f 4486/5649/4995 4485/5648/4994 4461/5605/4970 4460/5604/4969
f 4260/5340/4735 4487/5651/4996 4488/5652/4997 4489/5653/4998
f 4490/5654/4999 4491/5655/5000 4488/5652/4997 4487/5651/4996
f 4492/5656/5001 4489/5653/4998 4488/5652/4997 4491/5655/5000
f 4365/5471/4867 4493/5657/5002 4494/5658/5003 4495/5659/5004
f 4493/5657/5002 4496/5660/5005 4497/5661/5006 4494/5658/5003
f 4494/5658/5003 4497/5661/5006 3239/3542/3270 3236/3539/3267
f 4495/5659/5004 4494/5658/5003 3236/3539/3267 3235/3538/3266
f 4490/5654/4999 4498/5662/5007 4499/5663/5008 4491/5655/5000
f 4498/5662/5007 4500/5664/5009 4501/5665/5010 4499/5663/5008
f 4499/5663/5008 4501/5665/5010 4502/5666/5011 4503/5667/5012
f 4491/5655/5000 4499/5663/5008 4503/5667/5012 4492/5656/5001
f 4500/5664/5009 4498/5662/5007 4504/5668/5013 4505/5669/5014
f 4490/5654/4999 4506/5670/5015 4504/5668/5013 4498/5662/5007
f 4507/5671/5016 4508/5672/5017 4504/5668/5013 4506/5670/5015
f 4509/5673/5018 4510/5674/5019 4504/5668/5013 4508/5672/5017
f 4511/5675/5020 4512/5676/5021 4504/5668/5013 4510/5674/5019
f 3229/5677/3260 4505/5669/5014 4504/5668/5013 4512/5676/5021
f 3179/4238/3210 3186/5678/3217 4513/5679/5022 3639/4239/3852
f 3186/5678/3217 3185/4426/3216 3739/4425/4001 4513/5679/5022
f 4513/5679/5023 3739/4425/4000 3738/4424/3999 4427/5563/4936
f 3639/4239/3854 4513/5679/5023 4427/5563/4936 566/607/566
f 487/519/487 494/527/494 4514/5680/5024 4515/5681/5025
f 494/527/494 493/526/493 3745/4432/4010 4514/5680/5024
f 4514/5680/5026 3745/4432/4009 3744/4431/4008 4159/5682/4619
f 4515/5681/5027 4514/5680/5026 4159/5682/4619 4158/5683/4618
f 2215/4279/3882 2222/5684/5028 4516/5685/5029 3659/4280/3883
f 2222/5684/5028 2221/4468/4045 3769/4467/4044 4516/5685/5029
f 4516/5685/5029 3769/4467/4044 3768/4466/4043 4517/5686/5030
f 3659/4280/3883 4516/5685/5029 4517/5686/5030 3661/4283/3886
f 481/4128/481 488/5687/488 4518/5688/5031 3582/4129/3768
f 488/5687/488 487/5689/487 4515/5690/5025 4518/5688/5031
f 4518/5688/5032 4515/5690/5027 4158/5192/4618 4519/5691/5033
f 3582/4129/3770 4518/5688/5032 4519/5691/5033 3584/4132/3771
f 1566/1719/1584 1573/1726/1591 4520/5692/5034 3489/3962/3628
f 1573/1726/1591 1572/1725/1590 3597/4160/3789 4520/5692/5034
f 4520/5692/5034 3597/4160/3789 1197/4159/1215 1195/5693/1213
f 3489/3962/3628 4520/5692/5034 1195/5693/1213 1191/3964/1209
f 2270/2491/2288 2269/2490/2287 4521/5694/5035 4118/5140/4575
f 2269/2490/2287 2268/2489/2286 3389/3765/3480 4521/5694/5035
f 4521/5694/5035 3389/3765/3480 10/3764/10 4455/5695/4964
f 4118/5140/4575 4521/5694/5035 4455/5695/4964 2335/5143/2353
f 101/113/101 3263/5696/3295 4522/5697/5036 102/114/102
f 3263/5696/3295 3054/3343/3085 3057/3346/3088 4522/5697/5036
f 4522/5697/5036 3057/3346/3088 3062/3351/3093 3325/3655/3383
f 102/114/102 4522/5697/5036 3325/3655/3383 103/115/103
f 309/324/309 4523/5698/5037 4524/5699/5038 310/325/310
f 4523/5698/5037 316/331/316 313/328/313 4524/5699/5038
f 4524/5699/5038 313/328/313 312/327/312 4525/5700/5039
f 310/325/310 4524/5699/5038 4525/5700/5039 311/326/311
f 3738/4424/3999 3737/4423/3997 4526/5701/5040 4425/5561/4934
f 3737/4423/3997 570/612/570 573/615/573 4526/5701/5040
f 4526/5701/5040 573/615/573 578/620/578 3732/4412/3987
f 4425/5561/4934 4526/5701/5040 3732/4412/3987 3686/4332/3921
f 3852/4636/4172 3906/5702/4255 4527/5703/5041 4528/5704/5042
f 3906/5702/4255 3905/5705/4254 4529/5706/5043 4527/5703/5041
f 4527/5703/5041 4529/5706/5043 654/702/5044 4173/5208/5045
f 4528/5704/5042 4527/5703/5041 4173/5208/5045 4168/5203/5046
f 886/943/904 889/946/907 4530/5707/5047 3592/4149/3783
f 889/946/907 894/951/912 1119/1198/1137 4530/5707/5047
f 4530/5707/5047 1119/1198/1137 1115/1194/1133 4187/5228/4648
f 3592/4149/3783 4530/5707/5047 4187/5228/4648 3545/4150/3710
f 4511/5675/5020 4531/5708/5048 4532/5709/5049 4512/5676/5021
f 4531/5708/5048 4533/5710/5050 4534/5711/5051 4532/5709/5049
f 4532/5709/5049 4534/5711/5051 3231/5712/3262 3230/5713/3261
f 4512/5676/5021 4532/5709/5049 3230/5713/3261 3229/5677/3260
f 3911/5714/4264 3968/5715/4349 4535/5716/5052 4536/5717/5053
f 3968/5715/4349 3967/4943/4348 4186/5227/4647 4535/5716/5052
f 4535/5716/5052 4186/5227/4647 1153/1232/1171 1151/1230/1169
f 4536/5717/5053 4535/5716/5052 1151/1230/1169 1147/1226/1165
f 901/958/919 3912/5718/4265 4537/5719/5054 902/959/920
f 3912/5718/4265 3911/5714/4264 4536/5717/5053 4537/5719/5054
f 4537/5719/5054 4536/5717/5053 1147/1226/1165 1145/1224/1163
f 902/959/920 4537/5719/5054 1145/1224/1163 903/960/921
f 1005/1071/1023 4538/5720/5055 4539/5721/5056 1006/1072/1024
f 4538/5720/5055 1009/1075/1027 1012/1078/1030 4539/5721/5056
f 4539/5721/5056 1012/1078/1030 1017/1083/1035 1344/1476/1362
f 1006/1072/1024 4539/5721/5056 1344/1476/1362 1007/1073/1025
f 1165/1244/1183 4540/5722/5057 4541/5723/5058 1166/1245/1184
f 4540/5722/5057 931/988/949 1094/1172/1112 4541/5723/5058
f 4541/5723/5058 1094/1172/1112 1088/1176/1106 1085/5724/1103
f 1166/1245/1184 4541/5723/5058 1085/5724/1103 1084/1246/1102
f 1017/1083/1035 1016/1082/1034 4542/5725/5059 1347/1479/1365
f 1016/1082/1034 1015/1081/1033 1333/5726/1351 4542/5725/5059
f 4542/5725/5059 1333/5726/1351 1337/1583/1355 1440/1581/1458
f 1347/1479/1365 4542/5725/5059 1440/1581/1458 1348/1480/1366
f 2568/2811/2586 3319/5727/3377 4543/5728/5060 2569/2812/2587
f 3319/5727/3377 2624/2875/2642 2627/2878/2645 4543/5728/5060
f 4543/5728/5060 2627/2878/2645 1546/1699/1564 1544/1697/1562
f 2569/2812/2587 4543/5728/5060 1544/1697/1562 1321/1453/1339
f 1898/2054/1916 4544/5729/5061 4545/5730/5062 1899/2055/1917
f 4544/5729/5061 1902/2058/1920 1905/2061/1923 4545/5730/5062
f 4545/5730/5062 1905/2061/1923 1910/2066/1928 4216/5268/4683
f 1899/2055/1917 4545/5730/5062 4216/5268/4683 1900/2056/1918
f 4275/5731/4750 4546/5732/5063 4547/5733/5064 4548/5734/5065
f 4546/5732/5063 3256/5538/3287 4408/5536/4917 4547/5733/5064
f 4547/5733/5064 4408/5536/4917 307/322/307 4429/5565/4938
f 4548/5734/5065 4547/5733/5064 4429/5565/4938 4428/5564/4937
f 4219/5586/4686 4444/5735/4953 4549/5736/5066 4445/5587/4954
f 4444/5735/4953 2022/2197/2040 2025/2200/2043 4549/5736/5066
f 4549/5736/5066 2025/2200/2043 2029/2205/2047 2083/2280/2101
f 4445/5587/4954 4549/5736/5066 2083/2280/2101 2082/2279/2100
f 77/86/77 84/93/84 4550/5737/5067 2314/2541/2332
f 84/93/84 83/92/83 2318/2545/2336 4550/5737/5067
f 4550/5737/5067 2318/2545/2336 2322/2549/2340 2801/3058/2822
f 2314/2541/2332 4550/5737/5067 2801/3058/2822 2315/2542/2333
f 2121/2322/2139 2120/2321/2138 4551/5738/5068 2416/2651/2434
f 2120/2321/2138 2119/2320/2137 2421/2656/2439 4551/5738/5068
f 4551/5738/5068 2421/2656/2439 2425/2660/2443 3314/3639/3372
f 2416/2651/2434 4551/5738/5068 3314/3639/3372 2417/2652/2435
f 2903/3172/2924 3890/4712/4230 4552/5739/5069 2904/3173/2925
f 3890/4712/4229 3110/4711/3141 3108/5740/3139 4552/5739/5070
f 4552/5739/5070 3108/5740/3139 3104/4501/3135 3784/4499/4069
f 2904/3173/2925 4552/5739/5069 3784/4499/4067 2899/3168/2920
f 1309/1435/1327 4022/4948/4432 4553/5741/5071 1310/1436/1328
f 4022/4948/4432 1009/1075/1027 4538/5720/5055 4553/5741/5071
f 4553/5741/5071 4538/5720/5055 1005/1071/1023 3913/4753/4267
f 1310/1436/1328 4553/5741/5071 3913/4753/4267 1305/1429/1323
f 4144/5175/4604 4554/5742/5072 4555/5743/5073 4556/5744/5074
f 4554/5742/5075 533/5745/533 531/5746/531 4555/5743/5076
f 4555/5743/5076 531/5746/531 527/4916/527 4007/4913/4410
f 4556/5744/5074 4555/5743/5073 4007/4913/4407 4006/4912/4406
f 2864/3133/2885 3264/3569/3298 4557/5747/5077 4128/5157/4588
f 3264/3569/3297 101/3568/101 98/5748/98 4557/5747/5078
f 4557/5747/5078 98/5748/98 97/5011/97 4053/5009/4477
f 4128/5157/4588 4557/5747/5077 4053/5009/4475 2919/3188/2940
f 4142/5326/4602 4254/5329/4726 4558/5749/5079 4143/5750/4603
f 4254/5329/4728 608/656/608 606/654/606 4558/5749/5080
f 4558/5749/5080 606/654/606 533/571/533 4554/5751/5075
f 4143/5750/4603 4558/5749/5079 4554/5751/5072 4144/5752/4604
f 2417/2652/2435 3315/3643/3373 4559/5753/5081 2418/2653/2436
f 3315/3643/3373 2474/3642/2492 2681/5754/2699 4559/5753/5081
f 4559/5753/5081 2681/5754/2699 2560/5755/2578 4089/5756/4531
f 2418/2653/2436 4559/5753/5081 4089/5756/4531 2419/2654/2437
f 1454/1598/1472 3320/3650/3378 4560/5757/5082 1455/1599/1473
f 3320/3650/3378 2568/3649/2586 2565/5758/2583 4560/5757/5082
f 4560/5757/5082 2565/5758/2583 2564/5759/2582 4091/5760/4533
f 1455/1599/1473 4560/5757/5082 4091/5760/4533 1456/1600/1474
f 4561/5761/5083 4562/5762/5084 4563/5763/5085 4564/5764/5086
f 4562/5762/5087 4565/5765/5088 4566/5766/5089 4563/5763/5085
f 4563/5763/5085 4566/5766/5089 4507/5767/5090 4567/5768/5091
f 4564/5764/5086 4563/5763/5085 4567/5768/5091 4256/5769/5092
f 4360/5462/4858 4568/5770/5093 4569/5771/5094 4361/5463/4859
f 4568/5770/5093 4561/5761/5083 4570/5772/5095 4569/5771/5094
f 4569/5771/5094 4570/5772/5095 4571/5773/5096 4572/5774/5094
f 4361/5463/4859 4569/5771/5094 4572/5774/5094 4354/5466/4862
f 4573/5775/5097 4574/5776/5098 281/296/281 280/295/280
f 4574/5776/5098 4264/5344/4739 282/297/282 281/296/281
f 4271/5351/4746 4314/5777/5099 4575/5778/5100 4272/5352/4747
f 4314/5777/5099 3258/3561/3289 3257/3560/3288 4575/5778/5100
f 4575/5778/5100 3257/3560/3288 3256/3559/3287 4546/5779/5063
f 4272/5352/4747 4575/5778/5100 4546/5779/5063 4275/5355/4750
f 4533/5780/5050 4576/5781/5101 4577/5782/5102 4534/5783/5051
f 4129/5158/4589 4132/5161/4592 4577/5782/5102 4576/5781/5101
f 3231/3531/3262 4534/5783/5051 4577/5782/5102 4132/5161/4592
f 4428/5564/4937 4431/5567/4940 4578/5784/5103 4548/5734/5065
f 4431/5567/4940 4325/5569/4813 4323/5785/4811 4578/5784/5103
f 4578/5784/5103 4323/5785/4811 4277/5786/4752 4276/5787/4751
f 4548/5734/5065 4578/5784/5103 4276/5787/4751 4275/5731/4750
f 3227/3527/3258 4422/5558/4931 4579/5788/5104 3228/3528/3259
f 4421/5557/4930 4580/5789/5105 4579/5788/5104 4422/5558/4931
f 4502/5790/5011 4501/5791/5010 4579/5788/5104 4580/5789/5105
f 4500/5792/5009 4505/5793/5014 4579/5788/5104 4501/5791/5010
f 3229/3529/3260 3228/3528/3259 4579/5788/5104 4505/5793/5014
f 2337/2566/2355 4581/5794/5106 4582/5795/5107 2338/2567/2356
f 4581/5794/5106 4583/5796/5108 4584/5797/5109 4582/5795/5107
f 4582/5795/5107 4584/5797/5109 4295/5798/4770 4292/5799/4767
f 2338/2567/2356 4582/5795/5107 4292/5799/4767 4291/5800/4766
f 4585/5801/5110 4586/5802/5111 4587/5803/5112 4588/5804/5113
f 4589/5805/5114 4590/5806/5115 4587/5803/5112 4586/5802/5111
f 4382/5499/4891 4588/5804/5113 4587/5803/5112 4590/5806/5115
f 2838/5383/2859 4301/5386/4776 4591/5807/5116 2839/5808/2860
f 4301/5386/4776 4303/5388/4778 4592/5809/5117 4591/5807/5116
f 4591/5807/5116 4592/5809/5117 4376/5490/4885 4374/5487/4883
f 2839/5808/2860 4591/5807/5116 4374/5487/4883 2834/5486/2855
f 4507/5810/5118 4566/5811/5118 4593/5812/5119 4508/5813/5120
f 4566/5811/5121 4565/5814/5122 4594/5815/5123 4593/5812/5124
f 4593/5812/5124 4594/5815/5123 4595/5816/5125 4596/5817/5126
f 4508/5813/5120 4593/5812/5119 4596/5817/5127 4509/5818/5128
f 4509/5818/5128 4596/5817/5127 4597/5819/5129 4510/5820/5130
f 4596/5817/5126 4595/5816/5125 4598/5821/5131 4597/5819/5132
f 4597/5819/5132 4598/5821/5131 4599/5822/5133 4600/5823/5134
f 4510/5820/5130 4597/5819/5129 4600/5823/5135 4511/5824/5136
f 4511/5824/5136 4600/5823/5135 4601/5825/5137 4531/5826/5138
f 4600/5823/5134 4599/5822/5133 4602/5827/5139 4601/5825/5140
f 4601/5825/5140 4602/5827/5139 4603/5828/5141 4604/5829/5142
f 4531/5826/5138 4601/5825/5137 4604/5829/5143 4533/5780/5144
f 4533/5830/5144 4604/5831/5143 4605/5832/5145 4576/5833/5146
f 4604/5831/5142 4603/5834/5141 4606/5835/5147 4605/5832/5148
f 4605/5832/5148 4606/5835/5147 4607/5836/5149 4608/5837/5150
f 4576/5833/5146 4605/5832/5145 4608/5837/5151 4129/5838/5152
f 4129/5838/5152 4608/5837/5151 4609/5839/5153 4130/5840/5153
f 4608/5837/5150 4607/5836/5149 4610/5841/5154 4609/5839/5155
f 4609/5839/5155 4610/5841/5154 4611/5842/5156 4612/5843/5157
f 4130/5840/4590 4609/5839/5158 4612/5843/5159 4133/5844/4593
f 4133/5844/4593 4612/5843/5159 4613/5845/5160 4281/5846/4756
f 4612/5843/5157 4611/5842/5156 4614/5847/5161 4613/5845/5162
f 4278/5848/4753 4615/5849/5163 4331/5427/5164 4330/5426/4820 4329/5425/4819
f 4573/5850/5165 4616/5851/5166 4617/5852/5167 4618/5853/5168
f 4616/5851/5166 4619/5854/5169 4620/5855/5170 4617/5852/5167
f 4617/5852/5167 4620/5855/5171 4621/5856/5172 4622/5857/5173
f 4618/5853/5168 4617/5852/5167 4622/5857/5173 4623/5858/5174
f 4378/5492/5175 4624/5859/5176 4625/5860/5177 4626/5861/5178
f 4624/5859/4840 4627/5862/4840 4628/5863/4840 4625/5860/4840
f 4625/5860/4840 4628/5863/4840 4629/5864/4840 4630/5865/4840
f 4626/5861/5178 4625/5860/5177 4630/5865/5179 4585/5866/5180
f 4376/5490/4885 4631/5867/5181 4632/5868/5182 4377/5491/4886
f 4631/5867/4844 4633/5869/4840 4634/5870/4840 4632/5868/4840
f 4632/5868/4840 4634/5870/4840 4627/5862/4840 4624/5859/4840
f 4377/5491/4886 4632/5868/5182 4624/5859/5176 4378/5492/5175
f 4633/5869/4840 4631/5867/4844 4635/5871/4844 4636/5872/4840
f 4631/5867/5181 4376/5490/4885 4592/5809/5117 4635/5871/5183
f 4635/5871/5183 4592/5809/5117 4303/5388/4778 4353/5452/4846
f 4636/5872/4840 4635/5871/4844 4353/5452/4840 4352/5451/4840
f 4571/5873/5184 4637/5874/5185 4638/5875/5186 4639/5876/5187
f 4637/5874/5185 4264/5877/5188 4574/5878/5188 4638/5875/5186
f 4638/5875/5189 4574/5878/5190 4573/5850/5165 4618/5853/5168
f 4639/5876/5191 4638/5875/5189 4618/5853/5168 4623/5858/5174
f 4561/5761/5083 4564/5764/5086 4640/5879/5192 4570/5772/5095
f 4564/5764/5086 4256/5769/5092 4259/5880/5193 4640/5879/5192
f 4640/5879/5192 4259/5880/5193 4264/5881/5194 4637/5882/5195
f 4570/5772/5095 4640/5879/5192 4637/5882/5195 4571/5773/5096
f 4262/5342/4737 4641/5883/5196 4642/5884/5197 4263/5343/4738
f 283/298/283 282/297/282 4642/5884/5197 4641/5883/5196
f 4264/5344/4739 4263/5343/4738 4642/5884/5197 282/297/282
f 4384/5501/4893 4383/5500/4892 4643/5885/5198 4644/5886/5199
f 4382/5499/4891 4590/5806/5115 4643/5885/5198 4383/5500/4892
f 4589/5805/5114 4645/5887/5200 4643/5885/5198 4590/5806/5115
f 4619/5888/5201 4646/5889/5202 4643/5885/5198 4645/5887/5200
f 268/283/268 4644/5886/5199 4643/5885/5198 4646/5889/5202
f 4260/5340/4735 4257/5337/4732 4647/5890/5203 4487/5651/4996
f 4257/5337/4732 4256/5336/4731 4567/5891/5204 4647/5890/5203
f 4647/5890/5203 4567/5891/5204 4507/5671/5016 4506/5670/5015
f 4487/5651/4996 4647/5890/5203 4506/5670/5015 4490/5654/4999
f 4585/5801/5110 4588/5804/5113 4648/5892/5205 4626/5893/5206
f 4382/5499/4891 4380/5496/4889 4648/5892/5205 4588/5804/5113
f 2825/5495/2846 2831/5894/2852 4648/5892/5205 4380/5496/4889
f 2830/5895/2851 4379/5896/4888 4648/5892/5205 2831/5894/2852
f 4378/5897/4887 4626/5893/5206 4648/5892/5205 4379/5896/4888
f 4309/5480/4876 4649/5898/5207 4650/5899/5207 4372/5481/4877
f 4649/5898/5207 4565/5765/5088 4562/5762/5087 4650/5899/5207
f 4650/5899/5208 4562/5762/5084 4561/5761/5083 4568/5770/5093
f 4372/5481/4880 4650/5899/5208 4568/5770/5093 4360/5462/4858
f 4309/5397/4787 4308/5396/4786 4651/5900/5209 4649/5901/5210
f 4308/5396/4786 4307/5395/4785 4652/5902/5211 4651/5900/5209
f 4651/5900/5209 4652/5902/5211 4595/5816/5125 4594/5815/5123
f 4649/5901/5210 4651/5900/5209 4594/5815/5123 4565/5814/5122
f 4307/5395/4785 4313/5403/4793 4653/5903/5212 4652/5902/5211
f 4313/5403/4793 4312/5402/4792 4654/5904/5213 4653/5903/5212
f 4653/5903/5212 4654/5904/5213 4599/5822/5133 4598/5821/5131
f 4652/5902/5211 4653/5903/5212 4598/5821/5131 4595/5816/5125
f 4312/5402/4792 4318/5409/4802 4655/5905/5212 4654/5904/5213
f 4318/5409/4802 4317/5408/4801 4656/5906/5212 4655/5905/5212
f 4655/5905/5212 4656/5906/5212 4603/5828/5141 4602/5827/5139
f 4654/5904/5213 4655/5905/5212 4602/5827/5139 4599/5822/5133
f 4317/5408/4801 4322/5907/4810 4657/5908/5212 4656/5906/5212
f 4322/5907/4810 4321/5909/4809 4658/5910/5214 4657/5908/5212
f 4657/5908/5212 4658/5910/5214 4607/5911/5149 4606/5912/5147
f 4656/5906/5212 4657/5908/5212 4606/5912/5147 4603/5828/5141
f 4321/5909/4809 4328/5913/4818 4659/5914/5215 4658/5910/5214
f 4328/5913/4818 4327/5915/4817 4660/5916/5216 4659/5914/5215
f 4659/5914/5215 4660/5916/5216 4611/5917/5156 4610/5918/5154
f 4658/5910/5214 4659/5914/5215 4610/5918/5154 4607/5911/5149
f 4327/5915/4817 4331/5919/4822 4661/5920/5217 4660/5916/5216
f 4615/5921/5218 4614/5922/5161 4661/5920/5217 4331/5919/4822
f 4611/5917/5156 4660/5916/5216 4661/5920/5217 4614/5922/5161
f 4358/5457/4852 4355/5454/4851 4662/5923/5219 4663/5924/4840
f 4355/5454/4848 4354/5453/4847 4572/5925/5220 4662/5923/5221
f 4662/5923/5221 4572/5925/5220 4571/5873/5184 4639/5876/5187
f 4663/5924/4840 4662/5923/5219 4639/5876/5191 4623/5858/5174
f 4332/5428/4823 4664/5926/5222 4665/5927/4840 4666/5928/4840
f 4664/5926/5222 4358/5457/4852 4663/5924/4840 4665/5927/4840
f 4665/5927/4840 4663/5924/4840 4623/5858/5174 4622/5857/5173
f 4666/5928/4840 4665/5927/4840 4622/5857/5173 4621/5856/5172
f 4336/5432/4827 4333/5429/4824 4667/5929/4840 4668/5930/4840
f 4333/5429/4824 4332/5428/4823 4666/5928/4840 4667/5929/4840
f 4667/5929/4840 4666/5928/4840 4621/5856/5172 4669/5931/5223
f 4668/5930/4840 4667/5929/4840 4669/5931/5223 4670/5932/5224
f 4343/5442/4840 4671/5933/5225 4672/5934/4840 4673/5935/4840
f 4671/5933/5225 4336/5432/4827 4668/5930/4840 4672/5934/4840
f 4672/5934/4840 4668/5930/4840 4670/5932/5224 4674/5936/5226
f 4673/5935/4840 4672/5934/4840 4674/5936/5226 4629/5864/4840
f 4345/5444/4840 4344/5443/4840 4675/5937/4840 4676/5938/4840
f 4344/5443/4840 4343/5442/4840 4673/5935/4840 4675/5937/4840
f 4675/5937/4840 4673/5935/4840 4629/5864/4840 4628/5863/4840
f 4676/5938/4840 4675/5937/4840 4628/5863/4840 4627/5862/4840
f 4349/5448/4840 4348/5447/4840 4677/5939/4840 4678/5940/4840
f 4348/5447/4840 4345/5444/4840 4676/5938/4840 4677/5939/4840
f 4677/5939/4840 4676/5938/4840 4627/5862/4840 4634/5870/4840
f 4678/5940/4840 4677/5939/4840 4634/5870/4840 4633/5869/4840
f 4352/5451/4840 4350/5449/4840 4679/5941/5219 4636/5872/4840
f 4349/5448/4840 4678/5940/4840 4679/5941/5219 4350/5449/4840
f 4633/5869/4840 4636/5872/4840 4679/5941/5219 4678/5940/4840
f 312/327/312 2984/3259/3009 4680/5942/5227 4525/5700/5039
f 2984/3259/3009 2980/3254/3005 4681/5943/5228 4680/5942/5227
f 4680/5942/5227 4681/5943/5228 4421/5557/4930 4420/5556/4929
f 4525/5700/5039 4680/5942/5227 4420/5556/4929 311/326/311
f 3248/5542/3279 4682/5944/5229 4683/5945/5230 4410/5543/4919
f 4682/5944/5229 4481/5640/4990 4483/5643/4992 4683/5945/5230
f 4683/5945/5230 4483/5643/4992 316/331/316 4523/5698/5037
f 4410/5543/4919 4683/5945/5230 4523/5698/5037 309/324/309
f 3239/3542/3270 4684/5946/5231 4685/5947/5232 3247/3550/3278
f 4684/5946/5231 4477/5633/4986 4479/5635/4988 4685/5947/5232
f 4685/5947/5232 4479/5635/4988 4481/5639/4990 4682/5948/5229
f 3247/3550/3278 4685/5947/5232 4682/5948/5229 3248/3551/3279
f 3239/3542/3270 4497/5661/5006 4686/5949/5233 4684/5946/5231
f 4497/5661/5006 4496/5660/5005 4687/5950/5234 4686/5949/5233
f 4686/5949/5233 4687/5950/5234 4473/5627/4982 4475/5629/4984
f 4684/5946/5231 4686/5949/5233 4475/5629/4984 4477/5633/4986
f 4496/5660/5005 4688/5951/5235 4689/5952/5236 4687/5950/5234
f 4688/5951/5235 4407/5535/4916 4690/5953/5237 4689/5952/5236
f 4689/5952/5236 4690/5953/5237 4469/5621/4978 4471/5623/4980
f 4687/5950/5234 4689/5952/5236 4471/5623/4980 4473/5627/4982
f 4405/5533/4914 4691/5954/5238 4692/5955/5239 4406/5534/4915
f 4691/5954/5238 4465/5613/4974 4467/5616/4976 4692/5955/5239
f 4692/5955/5239 4467/5616/4976 4469/5621/4978 4690/5953/5237
f 4406/5534/4915 4692/5955/5239 4690/5953/5237 4407/5535/4916
f 302/317/302 4693/5956/5240 4694/5957/5241 4418/5553/4927
f 4693/5956/5240 4460/5604/4969 4463/5607/4972 4694/5957/5241
f 4694/5957/5241 4463/5607/4972 4465/5612/4974 4691/5958/5238
f 4418/5553/4927 4694/5957/5241 4691/5958/5238 4405/5554/4914
f 302/317/302 301/316/301 4695/5959/5242 4693/5956/5240
f 301/316/301 300/315/300 4696/5960/5243 4695/5959/5242
f 4695/5959/5242 4696/5960/5243 3132/3430/3163 4486/5649/4995
f 4693/5956/5240 4695/5959/5242 4486/5649/4995 4460/5604/4969
f 3132/3430/3163 4696/5960/5243 4697/5961/5244 3133/3431/3164
f 4696/5960/5243 300/315/300 4416/5549/4925 4697/5961/5244
f 4697/5961/5244 4416/5549/4925 4297/5380/4772 4698/5962/5245
f 3133/3431/3164 4697/5961/5244 4698/5962/5245 2954/3223/2979
f 2954/3223/2979 4698/5962/5245 4699/5963/5246 2955/3224/2980
f 4698/5962/5245 4297/5380/4772 4296/5379/4771 4699/5963/5246
f 4699/5963/5246 4296/5379/4771 4295/5378/4770 4700/5964/5247
f 2955/3224/2980 4699/5963/5246 4700/5964/5247 2958/3227/2983
f 2965/3236/2990 2963/3233/2988 4701/5965/5248 4702/5966/5249
f 2963/3233/2988 2958/3232/2983 4700/5967/5247 4701/5965/5248
f 4701/5965/5248 4700/5967/5247 4295/5798/4770 4584/5797/5109
f 4702/5966/5249 4701/5965/5248 4584/5797/5109 4583/5796/5108
f 4240/5304/4709 4242/5306/4711 4703/5968/5250 4704/5969/5251
f 4242/5306/4711 2965/3236/2990 4702/5966/5249 4703/5968/5250
f 4703/5968/5250 4702/5966/5249 4583/5796/5108 4705/5970/5252
f 4704/5969/5251 4703/5968/5250 4705/5970/5252 4706/5971/5253
f 2969/3241/2994 4238/5300/4707 4707/5972/5254 4708/5973/5255
f 4238/5300/4707 4240/5304/4709 4704/5969/5251 4707/5972/5254
f 4707/5972/5254 4704/5969/5251 4706/5971/5253 4709/5974/5256
f 4708/5973/5255 4707/5972/5254 4709/5974/5256 4492/5656/5001
f 2973/3245/2998 2970/3242/2995 4710/5975/5257 4711/5976/5258
f 2970/3242/2995 2969/3241/2994 4708/5973/5255 4710/5975/5257
f 4710/5975/5257 4708/5973/5255 4492/5656/5001 4503/5667/5012
f 4711/5976/5258 4710/5975/5257 4503/5667/5012 4502/5666/5011
f 2980/3254/3005 2978/3251/3003 4712/5977/5259 4681/5943/5228
f 2978/3251/3003 2973/3250/2998 4711/5978/5258 4712/5977/5259
f 4712/5977/5259 4711/5978/5258 4502/5790/5011 4580/5789/5105
f 4681/5943/5228 4712/5977/5259 4580/5789/5105 4421/5557/4930
f 2344/2573/2362 4713/5979/5260 4714/5980/5261 4715/5981/5262
f 3874/4676/4205 3928/4776/4288 4714/5980/5261 4713/5979/5260
f 3927/4775/4287 4715/5981/5262 4714/5980/5261 3928/4776/4288
f 2344/2573/2362 4716/5982/5263 4717/5983/5264 2351/2580/2369
f 3449/3879/3568 3501/3984/3646 4717/5983/5264 4716/5982/5263
f 2352/2581/2370 2351/2580/2369 4717/5983/5264 3501/3984/3646
f 4070/5041/4505 4110/5984/4564 4718/5985/5265 4719/5986/5266
f 4110/5984/4564 933/990/951 932/989/950 4718/5985/5265
f 4718/5985/5265 932/989/950 931/988/949 4540/5722/5057
f 4719/5986/5266 4718/5985/5265 4540/5722/5057 1165/1244/1183
f 3874/4676/4205 4713/5979/5260 4720/5987/5267 3875/4677/4206
f 2344/2573/2362 4721/5988/5268 4720/5987/5267 4713/5979/5260
f 3821/4573/4126 3875/4677/4206 4720/5987/5267 4721/5988/5268
f 3449/3879/3568 4716/5982/5263 4722/5989/5269 3450/3880/3569
f 2344/2573/2362 4723/5990/5270 4722/5989/5269 4716/5982/5263
f 3385/3758/3476 3450/3880/3569 4722/5989/5269 4723/5990/5270
f 2344/2573/2362 4724/5991/5271 4725/5992/5272 4721/5988/5268
f 3766/4464/4041 3822/4574/4127 4725/5992/5272 4724/5991/5271
f 3821/4573/4126 4721/5988/5268 4725/5992/5272 3822/4574/4127
f 2344/2573/2362 2341/2570/2359 4726/5993/5273 4727/5994/5274
f 2340/2569/2358 3310/3634/3367 4726/5993/5273 2341/2570/2359
f 3309/3633/3366 4727/5994/5274 4726/5993/5273 3310/3634/3367
f 3766/4464/4041 4724/5991/5271 4728/5995/5275 3767/4465/4042
f 2344/2573/2362 4729/5996/5276 4728/5995/5275 4724/5991/5271
f 3768/4466/4043 3767/4465/4042 4728/5995/5275 4729/5996/5276
f 3309/3633/3366 3386/3759/3477 4730/5997/5277 4727/5994/5274
f 3385/3758/3476 4723/5990/5270 4730/5997/5277 3386/3759/3477
f 2344/2573/2362 4727/5994/5274 4730/5997/5277 4723/5990/5270
f 3661/4283/3886 4517/5686/5030 4731/5998/5278 4732/5999/5279
f 3768/4466/4043 4729/5996/5276 4731/5998/5278 4517/5686/5030
f 2344/2573/2362 4732/5999/5279 4731/5998/5278 4729/5996/5276
f 2344/2573/2362 4733/6000/5280 4734/6001/5281 2345/2574/2363
f 4035/4969/4451 4086/5072/4528 4734/6001/5281 4733/6000/5280
f 2346/2575/2364 2345/2574/2363 4734/6001/5281 4086/5072/4528
f 3981/4863/4369 4735/6002/5282 4736/6003/5283 3982/4864/4370
f 2344/2573/2362 4715/5981/5262 4736/6003/5283 4735/6002/5282
f 3927/4775/4287 3982/4864/4370 4736/6003/5283 4715/5981/5262
f 2344/2573/2362 4737/6004/5284 4738/6005/5285 4732/5999/5279
f 3606/4177/3804 3662/4284/3887 4738/6005/5285 4737/6004/5284
f 3661/4283/3886 4732/5999/5279 4738/6005/5285 3662/4284/3887
f 4035/4969/4451 4733/6000/5280 4739/6006/5286 4036/4970/4452
f 2344/2573/2362 4735/6002/5282 4739/6006/5286 4733/6000/5280
f 3981/4863/4369 4036/4970/4452 4739/6006/5286 4735/6002/5282
f 3606/4177/3804 4737/6004/5284 4740/6007/5287 3607/4178/3805
f 2344/2573/2362 2348/2577/2366 4740/6007/5287 4737/6004/5284
f 2347/2576/2365 3607/4178/3805 4740/6007/5287 2348/2577/2366
f 1165/1244/1183 1163/1242/1181 4741/6008/5288 4719/5986/5266
f 1163/1242/1181 1159/1238/1177 4185/5226/4646 4741/6008/5288
f 4741/6008/5288 4185/5226/4646 4018/4941/4427 4071/5042/4506
f 4719/5986/5266 4741/6008/5288 4071/5042/4506 4070/5041/4505
f 623/671/623 655/703/5289 4742/6009/5290 624/672/624
f 655/703/5289 654/702/5044 4529/5706/5043 4742/6009/5290
f 4742/6009/5290 4529/5706/5043 3905/5705/4254 3962/6010/4339
f 624/672/624 4742/6009/5290 3962/6010/4339 625/673/625
f 3800/4533/4094 3853/4637/4173 4743/6011/5291 4162/5197/4622
f 3853/4637/4173 3852/4636/4172 4528/5704/5042 4743/6011/5291
f 4743/6011/5291 4528/5704/5042 4168/5203/5046 4171/5206/5292
f 4162/5197/4622 4743/6011/5291 4171/5206/5292 4163/5198/4623
f 3744/5194/4008 3743/6012/4006 4744/6013/5293 4155/5189/4615
f 3743/6012/4006 3742/4535/4005 4161/5196/4621 4744/6013/5293
f 4744/6013/5293 4161/5196/4621 4165/5200/4625 4745/6014/5294
f 4155/5189/4615 4744/6013/5293 4745/6014/5294 4152/5186/4612
f 660/708/5295 4746/6015/5296 4747/6016/5297 4748/6017/5298
f 4746/6015/5296 3584/4132/3771 4519/5691/5033 4747/6016/5297
f 4747/6016/5297 4519/5691/5033 4158/5192/4618 4157/5191/4617
f 4748/6017/5298 4747/6016/5297 4157/5191/4617 4156/5190/4616
f 660/708/5295 657/705/5299 4749/6018/5300 4746/6015/5296
f 657/705/5299 656/704/5301 4750/6019/5302 4749/6018/5300
f 4749/6018/5300 4750/6019/5302 3534/4134/3695 3585/4133/3772
f 4746/6015/5296 4749/6018/5300 3585/4133/3772 3584/4132/3771
f 3534/4134/3695 4750/6019/5302 4751/6020/5303 3535/6021/3696
f 4750/6019/5302 656/704/5301 4166/5201/5304 4751/6020/5303
f 4751/6020/5303 4166/5201/5304 665/713/5305 4752/6022/5306
f 3535/6021/3696 4751/6020/5303 4752/6022/5306 3481/6023/3615
f 643/691/5307 4753/6024/5308 4754/6025/5309 668/716/5310
f 4753/6024/5308 3425/3833/3533 3482/6026/3616 4754/6025/5309
f 4754/6025/5309 3482/6026/3616 3481/6023/3615 4752/6022/5306
f 668/716/5310 4754/6025/5309 4752/6022/5306 665/713/5305
f 639/687/5311 4755/6027/5312 4756/6028/5313 640/688/5314
f 4755/6027/5312 3362/3718/3441 3426/3834/3534 4756/6028/5313
f 4756/6028/5313 3426/3834/3534 3425/3833/3533 4753/6024/5308
f 640/688/5314 4756/6028/5313 4753/6024/5308 643/691/5307
f 620/668/620 3363/3719/3442 4757/6029/5315 615/663/615
f 3363/3719/3442 3362/3718/3441 4755/6027/5312 4757/6029/5315
f 4757/6029/5315 4755/6027/5312 639/687/5311 4758/6030/5316
f 615/663/615 4757/6029/5315 4758/6030/5316 612/660/612
f 1880/2036/1898 4759/6031/5317 4760/6032/5318 1884/2040/1902
f 4759/6031/5317 1790/1946/1808 1797/1953/1815 4760/6032/5318
f 4760/6032/5318 1797/1953/1815 1796/1952/1814 4761/6033/5319
f 1884/2040/1902 4760/6032/5318 4761/6033/5319 1886/2042/1904
f 1874/2030/1892 4762/6034/5320 4763/6035/5321 1878/2034/1896
f 4762/6034/5320 1784/1940/1802 1791/1947/1809 4763/6035/5321
f 4763/6035/5321 1791/1947/1809 1790/1946/1808 4759/6031/5317
f 1878/2034/1896 4763/6035/5321 4759/6031/5317 1880/2036/1898
f 1777/1933/1795 1785/1941/1803 4764/6036/5322 4765/6037/5323
f 1785/1941/1803 1784/1940/1802 4762/6034/5320 4764/6036/5322
f 4764/6036/5322 4762/6034/5320 1874/2030/1892 1872/2028/1890
f 4765/6037/5323 4764/6036/5322 1872/2028/1890 1868/2024/1886
f 1796/1952/1814 1803/1959/1821 4766/6038/5324 4761/6033/5319
f 1803/1959/1821 1802/1958/1820 4767/6039/5325 4766/6038/5324
f 4766/6038/5324 4767/6039/5325 1892/2048/1910 1890/2046/1908
f 4761/6033/5319 4766/6038/5324 1890/2046/1908 1886/2042/1904
f 1802/1958/1820 1809/1965/1827 4768/6040/5326 4767/6039/5325
f 1809/1965/1827 1808/1964/1826 4769/6041/5327 4768/6040/5326
f 4768/6040/5326 4769/6041/5327 1898/2054/1916 1896/2052/1914
f 4767/6039/5325 4768/6040/5326 1896/2052/1914 1892/2048/1910
f 1808/1964/1826 1815/1971/1833 4770/6042/5328 4769/6041/5327
f 1815/1971/1833 1814/1970/1832 4210/5262/4677 4770/6042/5328
f 4770/6042/5328 4210/5262/4677 1902/2058/1920 4544/5729/5061
f 4769/6041/5327 4770/6042/5328 4544/5729/5061 1898/2054/1916
f 1794/6043/1812 1792/6044/1810 4771/6045/5329 4772/6046/5330
f 1792/6044/1810 1788/6047/1806 4773/6048/5331 4771/6045/5329
f 4771/6045/5332 4773/6048/5333 1657/6049/1675 1656/6050/1674
f 4772/6046/5334 4771/6045/5332 1656/6050/1674 1651/6051/1669
f 1782/6052/1800 4774/6053/5335 4775/6054/5336 1786/6055/1804
f 4774/6053/5337 1660/6056/1678 1658/6057/1676 4775/6054/5338
f 4775/6054/5338 1658/6057/1676 1657/6049/1675 4773/6048/5333
f 1786/6055/1804 4775/6054/5336 4773/6048/5331 1788/6047/1806
f 1660/6056/1678 4774/6053/5337 4776/6058/5339 4777/6059/5340
f 4774/6053/5335 1782/6052/1800 1780/6060/1798 4776/6058/5341
f 4776/6058/5341 1780/6060/1798 1775/6061/1793 4778/6062/5342
f 4777/6059/5340 4776/6058/5339 4778/6062/5343 4779/6063/5344
f 1800/6064/1818 1798/6065/1816 4780/6066/5345 4781/6067/5346
f 1798/6065/1816 1794/6043/1812 4772/6046/5330 4780/6066/5345
f 4780/6066/5347 4772/6046/5334 1651/6051/1669 1650/6068/1668
f 4781/6067/5348 4780/6066/5347 1650/6068/1668 1649/6069/1667
f 1775/6070/1793 1772/6071/1790 4782/6072/5349 4778/6073/5342
f 1772/6071/1790 1771/6074/1789 4783/6075/5350 4782/6072/5349
f 4782/6072/5351 4783/6075/5352 4784/6076/5353 4785/6077/5354
f 4778/6073/5343 4782/6072/5351 4785/6077/5354 4779/6078/5344
f 1779/1935/1797 1778/1934/1796 4786/6079/5355 4787/6080/5356
f 1778/1934/1796 1777/1933/1795 4765/6037/5323 4786/6079/5355
f 4786/6079/5355 4765/6037/5323 1868/2024/1886 1866/2022/1884
f 4787/6080/5356 4786/6079/5355 1866/2022/1884 1861/2017/1879
f 1861/2017/1879 1858/2014/1876 4788/6081/5357 4787/6080/5356
f 1858/2014/1876 1765/1921/1783 1768/1924/1786 4788/6081/5357
f 4788/6081/5357 1768/1924/1786 1770/1926/1788 4215/5267/4682
f 4787/6080/5356 4788/6081/5357 4215/5267/4682 1779/1935/1797
f 1856/5295/1874 4234/5294/4703 4789/6082/5358 4214/6083/4681
f 4234/5294/4701 4233/5293/4700 4790/6084/5359 4789/6082/5360
f 4789/6082/5360 4790/6084/5359 4784/6076/5353 4783/6075/5352
f 4214/6083/4681 4789/6082/5358 4783/6075/5350 1771/6074/1789
f 1634/1787/1652 1637/1790/1655 4791/6085/5361 1851/2007/1869
f 1637/1790/1655 1642/1795/1660 1929/2085/1947 4791/6085/5361
f 4791/6085/5361 1929/2085/1947 1672/1825/1690 1671/1824/1689
f 1851/2007/1869 4791/6085/5361 1671/1824/1689 1670/1823/1688
f 1849/6086/1867 1847/6087/1865 4792/6088/5362 2770/6089/2790
f 1847/6087/1865 1845/5254/1863 4202/5251/4669 4792/6088/5362
f 4792/6088/5363 4202/5251/4666 4201/5250/4665 4793/6090/5364
f 2770/6089/2791 4792/6088/5363 4793/6090/5364 2771/6091/2792
f 1833/1989/1851 1842/1998/1860 4794/6092/5365 1834/1990/1852
f 1842/1998/1860 1668/1821/1686 1665/1818/1683 4794/6092/5365
f 4794/6092/5365 1665/1818/1683 1664/1817/1682 1920/2076/1938
f 1834/1990/1852 4794/6092/5365 1920/2076/1938 1835/1991/1853
f 1836/6093/1854 4795/6094/5366 4796/6095/5367 1837/6096/1855
f 4795/6094/5368 4797/6097/5369 4798/6098/5370 4796/6095/5371
f 4796/6095/5371 4798/6098/5370 4206/5258/4673 4205/5257/4672
f 1837/6096/1855 4796/6095/5367 4205/5257/4671 1840/5256/1858
f 4797/6097/5369 4795/6094/5368 4799/6099/5372 4800/6100/5373
f 4795/6094/5366 1836/6093/1854 4208/6101/4675 4799/6099/5374
f 4799/6099/5374 4208/6101/4675 1824/6102/1842 4801/6103/5375
f 4800/6100/5373 4799/6099/5372 4801/6103/5376 4802/6104/5377
f 4802/6105/5377 4801/6106/5376 4803/6107/5378 4804/6108/5379
f 4801/6106/5375 1824/6109/1842 1822/6110/1840 4803/6107/5380
f 4803/6107/5380 1822/6110/1840 1818/5243/1836 4195/5240/4659
f 4804/6108/5379 4803/6107/5378 4195/5240/4656 4194/5239/4655
f 1812/5245/1830 1810/6111/1828 4805/6112/5381 4198/5246/4661
f 1810/6111/1828 1806/6113/1824 4806/6114/5382 4805/6112/5381
f 4805/6112/5383 4806/6114/5384 4807/6115/5385 4808/6116/5386
f 4198/5246/4662 4805/6112/5383 4808/6116/5386 4199/5247/4663
f 1800/6117/1818 4781/6118/5346 4809/6119/5387 1804/6120/1822
f 4781/6118/5348 1649/6121/1667 4810/6122/5388 4809/6119/5389
f 4809/6119/5389 4810/6122/5388 4807/6115/5385 4806/6114/5384
f 1804/6120/1822 4809/6119/5387 4806/6114/5382 1806/6113/1824
f 4807/6123/5385 4810/6124/5388 4811/6125/5390 4812/6126/5391
f 4810/6124/5388 1649/1802/1667 1648/1801/1666 4811/6125/5390
f 4811/6125/5390 1648/1801/1666 1647/1800/1665 3656/6127/3876
f 4812/6126/5391 4811/6125/5390 3656/6127/3876 3655/6128/3875
f 4807/6123/5385 4812/6126/5391 4813/6129/5392 4808/6130/5386
f 4812/6126/5391 3655/6128/3875 3711/6131/3955 4813/6129/5392
f 4813/6129/5392 3711/6131/3955 3710/6132/3954 4814/6133/5393
f 4808/6130/5386 4813/6129/5392 4814/6133/5393 4199/6134/4663
f 1660/1813/1678 4777/6135/5340 4815/6136/5394 1661/1814/1679
f 4777/6135/5340 4779/6137/5344 4816/6138/5395 4815/6136/5394
f 4815/6136/5394 4816/6138/5395 3379/6139/3465 3444/6140/3558
f 1661/1814/1679 4815/6136/5394 3444/6140/3558 1662/1815/1680
f 3379/6139/3465 4816/6138/5395 4817/6141/5396 3380/6142/3466
f 4816/6138/5395 4779/6137/5344 4785/6143/5354 4817/6141/5396
f 4817/6141/5396 4785/6143/5354 4784/6144/5353 4818/6145/5397
f 3380/6142/3466 4817/6141/5396 4818/6145/5397 3300/6146/3350
f 3300/6146/3350 4818/6145/5397 4819/6147/5398 3301/6148/3351
f 4818/6145/5397 4784/6144/5353 4790/6149/5359 4819/6147/5398
f 4819/6147/5398 4790/6149/5359 4233/6150/4700 4820/6151/5399
f 3301/6148/3351 4819/6147/5398 4820/6151/5399 3302/6152/3353
f 3710/6132/3954 3761/6153/4031 4821/6154/5400 4814/6133/5393
f 3761/6153/4031 3760/6155/4030 4822/6156/5401 4821/6154/5400
f 4821/6154/5400 4822/6156/5401 4194/6157/4655 4197/6158/4658
f 4814/6133/5393 4821/6154/5400 4197/6158/4658 4199/6134/4663
f 4802/6159/5377 4804/6160/5379 4823/6161/5402 4824/6162/5403
f 4804/6160/5379 4194/6157/4655 4822/6156/5401 4823/6161/5402
f 4823/6161/5402 4822/6156/5401 3760/6155/4030 3816/6163/4116
f 4824/6162/5403 4823/6161/5402 3816/6163/4116 3815/6164/4115
f 3815/6164/4115 3868/6165/4194 4825/6166/5404 4824/6162/5403
f 3868/6165/4194 3867/6167/4193 4826/6168/5405 4825/6166/5404
f 4825/6166/5404 4826/6168/5405 4797/6169/5369 4800/6170/5373
f 4824/6162/5403 4825/6166/5404 4800/6170/5373 4802/6159/5377
f 4206/6171/4673 4798/6172/5370 4827/6173/5406 4828/6174/5407
f 4798/6172/5370 4797/6169/5369 4826/6168/5405 4827/6173/5406
f 4827/6173/5406 4826/6168/5405 3867/6167/4193 3922/6175/4277
f 4828/6174/5407 4827/6173/5406 3922/6175/4277 3921/6176/4276
f 3975/6177/4358 4829/6178/5408 4830/6179/5409 3976/6180/4359
f 4829/6178/5408 4201/6181/4665 4204/6182/4668 4830/6179/5409
f 4830/6179/5409 4204/6182/4668 4206/6171/4673 4828/6174/5407
f 3976/6180/4359 4830/6179/5409 4828/6174/5407 3921/6176/4276
f 4029/6183/4440 4831/6184/5410 4832/6185/5411 4030/6186/4441
f 4831/6184/5410 2771/6187/2792 4793/6188/5364 4832/6185/5411
f 4832/6185/5411 4793/6188/5364 4201/6181/4665 4829/6178/5408
f 4030/6186/4441 4832/6185/5411 4829/6178/5408 3975/6177/4358
f 2765/6189/2783 2768/6190/2786 4833/6191/5412 4834/6192/5413
f 2768/6190/2786 2771/6187/2792 4831/6184/5410 4833/6191/5412
f 4833/6191/5412 4831/6184/5410 4029/6183/4440 4081/6193/4518
f 4834/6192/5413 4833/6191/5412 4081/6193/4518 4080/6194/4517
f 2765/6189/2783 4834/6192/5413 4835/6195/5414 4231/6196/4698
f 4834/6192/5413 4080/6194/4517 4115/6197/4570 4835/6195/5414
f 4835/6195/5414 4115/6197/4570 3302/6152/3353 4820/6151/5399
f 4231/6196/4698 4835/6195/5414 4820/6151/5399 4233/6150/4700
f 3628/6198/3833 3627/6199/3832 4836/6200/5415 4837/6201/5416
f 3627/6199/3831 378/396/378 4838/6202/5417 4836/6200/5418
f 4836/6200/5418 4838/6202/5417 4839/6203/5419 4840/6204/5420
f 4837/6201/5416 4836/6200/5415 4840/6204/5421 4841/6205/5422
f 4841/6206/5422 4842/6207/5423 4843/6208/5424 4844/6209/5425
f 4842/6207/5423 2942/3211/2964 2945/3214/2967 4843/6208/5424
f 4843/6208/5426 2945/3214/2974 2950/3219/2975 3002/3282/5427
f 4844/6209/5428 4843/6208/5426 3002/3282/5427 3001/3281/5429
f 3469/3920/3596 3472/3923/3599 4845/6210/5430 4846/6211/5431
f 3472/3923/3599 376/393/376 375/392/375 4845/6210/5430
f 4845/6210/5430 375/392/375 374/391/374 4847/6212/5432
f 4846/6211/5431 4845/6210/5430 4847/6212/5432 4839/6203/5419
f 4839/6203/5419 4838/6202/5417 4848/6213/5433 4846/6211/5431
f 4838/6202/5417 378/396/378 381/399/381 4848/6213/5433
f 4848/6213/5433 381/399/381 386/404/386 3520/4021/3671
f 4846/6211/5431 4848/6213/5433 3520/4021/3671 3469/3920/3596
f 2942/6214/2964 4842/6215/5423 4849/6216/5434 3465/6217/3588
f 4842/6215/5423 4841/6205/5422 4840/6204/5421 4849/6216/5434
f 4849/6216/5435 4840/6204/5420 4839/6203/5419 4847/6212/5432
f 3465/6217/3590 4849/6216/5435 4847/6212/5432 374/391/374
f 4841/6206/5422 4844/6209/5425 4850/6218/5436 4837/6219/5416
f 4844/6209/5428 3001/3281/5429 3007/3288/5437 4850/6218/5438
f 4850/6218/5438 3007/3288/5437 3006/3287/5439 4851/6220/5440
f 4837/6219/5416 4850/6218/5436 4851/6220/5441 3628/4219/3833
f 3006/3287/5439 3011/3294/5442 4852/6221/5443 4851/6220/5440
f 3011/3294/5442 3010/3293/5444 4853/6222/5445 4852/6221/5443
f 4852/6221/5446 4853/6222/5447 3623/4211/3825 3626/4214/3828
f 4851/6220/5441 4852/6221/5446 3626/4214/3828 3628/4219/3833
f 2946/3215/2968 3404/3794/3499 4854/6223/5448 2947/3216/2969
f 3404/3794/3499 3336/3799/3400 4855/6224/5449 4854/6223/5448
f 4854/6223/5450 4855/6224/5451 2990/3266/5452 2994/3272/5453
f 2947/3216/2971 4854/6223/5450 2994/3272/5453 2948/3217/2972
f 3336/3799/3400 3339/6225/3403 4856/6226/5454 4855/6224/5449
f 3339/6225/3403 3341/6227/3408 4857/6228/5455 4856/6226/5454
f 4856/6226/5456 4857/6228/5457 2930/3199/5458 2991/3267/5459
f 4855/6224/5451 4856/6226/5456 2991/3267/5459 2990/3266/5452
f 3010/3293/5444 3015/3300/5460 4858/6229/5461 4853/6222/5445
f 3015/3300/5460 3014/3299/5462 4859/6230/5463 4858/6229/5461
f 4858/6229/5464 4859/6230/5465 3677/4316/3906 3680/4319/3909
f 4853/6222/5447 4858/6229/5464 3680/4319/3909 3623/4211/3825
f 2941/3210/2963 4248/6231/4718 4860/6232/5466 2936/3205/2962
f 4248/6231/4718 3677/4316/3906 4859/6230/5465 4860/6232/5466
f 4860/6232/5467 4859/6230/5463 3014/3299/5462 3018/3305/5468
f 2936/3205/2956 4860/6232/5467 3018/3305/5468 2933/3202/2954
f 3833/4601/4142 3836/4604/4145 4861/6233/5469 4862/6234/5470
f 3836/4604/4145 2939/3208/2960 2938/3207/2959 4861/6233/5469
f 4861/6233/5471 2938/3207/2957 2937/3206/2957 3026/3315/5471
f 4862/6234/5472 4861/6233/5471 3026/3315/5471 3025/3314/5472
f 3833/4601/4142 4862/6234/5470 4863/6235/5473 3887/4704/4222
f 4862/6234/5472 3025/3314/5472 3032/3321/5474 4863/6235/5474
f 4863/6235/5474 3032/3321/5474 3031/3320/5475 4864/6236/5475
f 3887/4704/4222 4863/6235/5473 4864/6236/5476 3884/4701/4219
f 3031/3320/5475 3038/3327/5477 4865/6237/5478 4864/6236/5475
f 3038/3327/5477 3037/3326/5479 4866/6238/5479 4865/6237/5478
f 4865/6237/5480 4866/6238/5481 3940/6239/4304 3943/6240/4307
f 4864/6236/5476 4865/6237/5480 3943/6240/4307 3884/4701/4219
f 3993/5008/4385 3996/6241/4388 4867/6242/5482 4868/6243/5483
f 3996/6241/4388 3940/6239/4304 4866/6238/5481 4867/6242/5482
f 4867/6242/5484 4866/6238/5479 3037/3326/5479 3044/3333/5484
f 4868/6243/5485 4867/6242/5484 3044/3333/5484 3043/3332/5485
f 4049/5000/4469 4052/5003/4472 4869/6244/5486 4870/6245/5487
f 4052/5003/4472 3993/5008/4385 4868/6243/5483 4869/6244/5486
f 4869/6244/5488 4868/6243/5485 3043/3332/5485 3050/3339/5489
f 4870/6245/5490 4869/6244/5488 3050/3339/5489 3049/3338/5491
f 3049/3338/5491 3053/3342/5492 4871/6246/5493 4870/6245/5490
f 3053/3342/5492 2932/3201/5494 4872/6247/5495 4871/6246/5493
f 4871/6246/5496 4872/6247/5497 4098/5101/4544 4101/5104/4547
f 4870/6245/5487 4871/6246/5496 4101/5104/4547 4049/5000/4469
f 2932/3201/5494 2931/3200/5498 4873/6248/5499 4872/6247/5495
f 2931/3200/5498 2930/3199/5458 4857/6228/5457 4873/6248/5499
f 4873/6248/5500 4857/6228/5455 3341/6227/3408 4126/6249/4585
f 4872/6247/5497 4873/6248/5500 4126/6249/4585 4098/5101/4544
f 4144/5175/4604 4556/5744/5074 4874/6250/5501 4140/5170/4600
f 4556/5744/5074 4006/4912/4406 4875/6251/5502 4874/6250/5501
f 4874/6250/5501 4875/6251/5502 4004/4907/4403 4060/5021/4487
f 4140/5170/4600 4874/6250/5501 4060/5021/4487 4059/5020/4486
f 3952/4909/4323 4005/4908/4404 4876/6252/5503 4877/6253/5504
f 4005/4908/4404 4004/4907/4403 4875/6251/5502 4876/6252/5503
f 4876/6252/5503 4875/6251/5502 4006/4912/4406 4009/4915/4409
f 4877/6253/5504 4876/6252/5503 4009/4915/4409 3954/4920/4326
f 3954/4920/4326 3957/6254/4329 4878/6255/5505 4877/6253/5504
f 3957/6254/4329 3897/6256/4241 4879/6257/5506 4878/6255/5505
f 4878/6255/5505 4879/6257/5506 3895/6258/4238 3953/6259/4324
f 4877/6253/5504 4878/6255/5505 3953/6259/4324 3952/4909/4323
f 3897/6256/4241 3900/6260/4244 4880/6261/5507 4879/6257/5506
f 3900/6260/4244 3844/4620/4159 4881/6262/5508 4880/6261/5507
f 4880/6261/5507 4881/6262/5508 3842/4618/4156 3896/6263/4239
f 4879/6257/5506 4880/6261/5507 3896/6263/4239 3895/6258/4238
f 3844/4620/4159 3847/4623/4162 4882/6264/5509 4881/6262/5508
f 3847/4623/4162 3792/4517/4081 4883/6265/5510 4882/6264/5509
f 4882/6264/5509 4883/6265/5510 3790/4513/4078 3843/4619/4157
f 4881/6262/5508 4882/6264/5509 3843/4619/4157 3842/4618/4156
f 3792/4517/4081 3795/4520/4084 4884/6266/5511 4883/6265/5510
f 3795/4520/4084 346/361/346 345/360/345 4884/6266/5511
f 4884/6266/5511 345/360/345 344/359/344 3791/4514/4079
f 4883/6265/5510 4884/6266/5511 3791/4514/4079 3790/4513/4078
f 291/306/291 3638/4235/3849 4885/6267/5512 292/307/292
f 3638/4235/3849 3576/4115/3758 4886/6268/5513 4885/6267/5512
f 4885/6267/5512 4886/6268/5513 3574/4110/3755 3635/4232/3845
f 292/307/292 4885/6267/5512 3635/4232/3845 293/308/293
f 3523/4112/3677 3575/4111/3756 4887/6269/5514 4888/6270/5515
f 3575/4111/3756 3574/4110/3755 4886/6268/5513 4887/6269/5514
f 4887/6269/5514 4886/6268/5513 3576/4115/3758 3579/4118/3761
f 4888/6270/5515 4887/6269/5514 3579/4118/3761 3525/4123/3680
f 352/367/352 3524/6271/3678 4889/6272/5516 353/368/353
f 3524/6271/3678 3523/4112/3677 4888/6270/5515 4889/6272/5516
f 4889/6272/5516 4888/6270/5515 3525/4123/3680 3528/6273/3683
f 353/368/353 4889/6272/5516 3528/6273/3683 354/369/354
f 348/363/348 351/366/351 4890/6274/5517 3415/3814/3517
f 351/366/351 356/371/356 3418/3817/3521 4890/6274/5517
f 4890/6274/5517 3418/3817/3521 3352/3701/3425 4891/6275/5518
f 3415/3814/3517 4890/6274/5517 4891/6275/5518 3350/3697/3422
f 3350/3697/3422 4891/6275/5518 4892/6276/5519 3351/3698/3423
f 4891/6275/5518 3352/3701/3425 3355/3704/3428 4892/6276/5519
f 4892/6276/5519 3355/3704/3428 3357/3709/3433 4893/6277/5520
f 3351/3698/3423 4892/6276/5519 4893/6277/5520 3273/3699/3311
f 4142/5173/4602 4141/5172/4601 4894/6278/5521 4252/6279/4724
f 4141/5172/4601 3275/5171/3314 3274/6280/3312 4894/6278/5521
f 4894/6278/5521 3274/6280/3312 3273/3699/3311 4893/6277/5520
f 4252/6279/4724 4894/6278/5521 4893/6277/5520 3357/3709/3433
f 4895/6281/5522 4896/6282/5523 4897/6283/5524 4898/6284/5525
f 4899/6285/5526 4900/6286/5527 4901/6287/5528 4897/6283/5524
f 4901/6287/5528 4900/6286/5527 4902/6288/5529 4903/6289/5530
f 4898/6284/5525 4897/6283/5524 4901/6287/5528 4904/6290/5531
f 4905/6291/5532 275/290/275 278/293/278 4906/6292/5533
f 277/292/277 338/353/338 331/346/331 278/293/278
f 4907/6293/5534 4411/5544/4920 4413/5546/4922 4908/6294/5535
f 4906/6292/5533 278/293/278 331/346/331 330/345/330
f 4909/6295/5536 4907/6293/5534 4908/6294/5535 4910/6296/5537
f 4413/5546/4922 276/6297/276 275/6298/275 4908/6294/5535
f 4902/6288/5529 4911/6299/5538 4912/6300/5539 4903/6289/5530
f 4910/6296/5537 4908/6294/5535 275/6298/275 4905/6301/5532
f 4904/6290/5531 4901/6287/5528 4903/6289/5530 4913/6302/5540
f 274/289/274 273/288/273 2339/2568/2357 4914/6303/5541
f 4912/6300/5539 4911/6299/5538 4915/6304/5542 4916/6305/5543
f 4913/6302/5540 4903/6289/5530 4912/6300/5539 4917/6306/5544
f 279/294/279 274/289/274 4914/6303/5541 4918/6307/5545
f 2339/2568/2357 4919/6308/5546 4896/6309/5523 4914/6303/5541
f 283/298/283 272/287/272 270/285/270 269/284/269 284/299/284
f 4918/6307/5545 4914/6303/5541 4896/6309/5523 4895/6310/5522
f 4917/6306/5544 4912/6300/5539 4916/6305/5543 4920/6311/5547
f 4915/6304/5542 4411/5544/4920 4907/6293/5534 4916/6305/5543
f 331/346/331 338/353/338 334/349/334 332/347/332
f 4920/6311/5547 4916/6305/5543 4907/6293/5534 4909/6295/5536
f 266/281/266 4921/6312/5548 4922/6313/5549 267/282/267
f 4921/6312/5548 4917/6306/5544 4920/6311/5547 4922/6313/5549
f 4922/6313/5549 4920/6311/5547 4909/6295/5536 4923/6314/5550
f 267/282/267 4922/6313/5549 4923/6314/5550 260/274/260
f 4896/6282/5523 4919/6315/5546 4899/6285/5526 4897/6283/5524
f 4670/5932/5224 4924/6316/5551 4925/6317/5552 4674/5936/5226
f 4924/6316/5553 4589/6318/5554 4586/6319/5555 4925/6317/5556
f 4925/6317/5556 4586/6319/5555 4585/5866/5180 4630/5865/5179
f 4674/5936/5226 4925/6317/5552 4630/5865/4840 4629/5864/4840
f 4290/5434/4831 4337/5433/4830 4926/6320/5557 4288/6321/5558
f 4337/5433/4828 4336/5432/4827 4671/5933/5225 4926/6320/5559
f 4926/6320/5559 4671/5933/5225 4343/5442/4840 4342/5441/4840
f 4288/6321/5558 4926/6320/5557 4342/5441/4839 4285/5440/4838
f 4388/5507/4897 4927/6322/5560 4928/6323/5561 4391/5512/4900
f 4927/6322/5560 279/294/279 4918/6307/5545 4928/6323/5561
f 4928/6323/5561 4918/6307/5545 4895/6310/5522 4929/6324/5562
f 4391/5512/4900 4928/6323/5561 4929/6324/5562 4392/5513/4901
f 4396/5522/4905 4930/6325/5563 4931/6326/5564 4399/5527/4908
f 4930/6325/5563 4904/6290/5531 4913/6302/5540 4931/6326/5564
f 4931/6326/5564 4913/6302/5540 4917/6306/5544 4921/6312/5548
f 4399/5527/4908 4931/6326/5564 4921/6312/5548 266/281/266
f 260/274/260 4923/6314/5550 4932/6327/5565 261/275/261
f 4923/6314/5550 4909/6295/5536 4910/6296/5537 4932/6327/5565
f 4932/6327/5565 4910/6296/5537 4905/6301/5532 4933/6328/5566
f 261/275/261 4932/6327/5565 4933/6328/5566 254/276/254
f 254/266/254 4933/6329/5566 4934/6330/5567 255/267/255
f 4933/6329/5566 4905/6291/5532 4906/6292/5533 4934/6330/5567
f 4934/6330/5567 4906/6292/5533 330/345/330 4935/6331/5568
f 255/267/255 4934/6330/5567 4935/6331/5568 248/260/248
f 4392/5520/4901 4929/6332/5562 4936/6333/5569 4395/5521/4904
f 4929/6332/5562 4895/6281/5522 4898/6284/5525 4936/6333/5569
f 4936/6333/5569 4898/6284/5525 4904/6290/5531 4930/6325/5563
f 4395/5521/4904 4936/6333/5569 4930/6325/5563 4396/5522/4905
f 248/260/248 4935/6331/5568 4937/6334/5570 249/261/249
f 4935/6331/5568 330/345/330 333/348/333 4937/6334/5570
f 4937/6334/5570 333/348/333 341/356/341 4369/5475/4871
f 249/261/249 4937/6334/5570 4369/5475/4871 241/253/241
f 4384/5501/4893 4644/5886/5199 4938/6335/5571 4387/5506/4896
f 4644/5886/5199 268/283/268 271/286/271 4938/6335/5571
f 4938/6335/5571 271/286/271 279/294/279 4927/6322/5560
f 4387/5506/4896 4938/6335/5571 4927/6322/5560 4388/5507/4897
f 3235/3538/3266 4136/5165/4596 4939/6336/5572 4495/5659/5004
f 4136/5165/4596 4138/5167/4598 4364/6337/5573 4939/6336/5572
f 4939/6336/5572 4364/6337/5573 4270/5350/4745 4366/5472/4868
f 4495/5659/5004 4939/6336/5572 4366/5472/4868 4365/5471/4867
f 4621/5856/5172 4620/5855/5171 4940/6338/5574 4669/5931/5223
f 4620/5855/5170 4619/5854/5169 4645/6339/5575 4940/6338/5576
f 4940/6338/5576 4645/6339/5575 4589/6318/5554 4924/6316/5553
f 4669/5931/5223 4940/6338/5574 4924/6316/5551 4670/5932/5224
f 268/283/268 4646/5889/5202 4941/6340/5577 269/284/269
f 4646/5889/5202 4619/5888/5201 4616/6341/5578 4941/6340/5577
f 4941/6340/5577 4616/6341/5578 4573/5775/5097 280/295/280
f 269/284/269 4941/6340/5577 280/295/280 284/299/284
f 4339/5436/4833 4942/6342/5579 4943/6343/5580 4335/5431/4832
f 4942/6342/5579 4265/5459/4855 4359/5458/4853 4943/6343/5580
f 4943/6343/5580 4359/5458/4853 4358/5457/4852 4664/5926/5222
f 4335/5431/4826 4943/6343/5580 4664/5926/5222 4332/5428/4823
f 4339/5478/4874 4371/5477/4873 4944/6344/5581 4942/6345/5582
f 4371/5477/4873 341/356/341 337/352/337 4944/6344/5581
f 4944/6344/5581 337/352/337 336/351/336 4266/5346/4741
f 4942/6345/5582 4944/6344/5581 4266/5346/4741 4265/5345/4740
f 2339/2568/2357 2338/2567/2356 4291/5800/4766 4919/6308/5546
f 4900/6286/5527 4299/5382/4774 4415/5548/4924 4902/6288/5529
f 276/291/276 4403/5531/4912 4400/5528/4909 277/292/277
f 4413/5546/4922 4412/5545/4921 4403/5550/4912 276/6297/276
f 4902/6288/5529 4415/5548/4924 298/313/298 4911/6299/5538
f 4919/6315/5546 4291/5374/4766 4294/5377/4769 4899/6285/5526
f 4911/6299/5538 298/313/298 295/310/295 4915/6304/5542
f 277/292/277 4400/5528/4909 339/354/339 338/353/338
f 4899/6285/5526 4294/5377/4769 4299/5382/4774 4900/6286/5527
f 4641/5883/5196 4262/5342/4737 4945/6346/5583 272/287/272 283/298/283
f 272/287/272 4945/6346/5583 2337/2566/2355 273/288/273
f 4915/6304/5542 295/310/295 294/309/294 4411/5544/4920
f 4365/5471/4867 340/355/340 4946/6347/5584 4493/5657/5002
f 340/355/340 339/354/339 4402/5530/4911 4946/6347/5584
f 4946/6347/5584 4402/5530/4911 4407/5535/4916 4688/5951/5235
f 4493/5657/5002 4946/6347/5584 4688/5951/5235 4496/5660/5005
f 2337/2566/2355 4945/6346/5583 4947/6348/5585 4581/5794/5106
f 4945/6346/5583 4262/5342/4737 4948/6349/5586 4947/6348/5585
f 4947/6348/5585 4948/6349/5586 4706/5971/5253 4705/5970/5252
f 4581/5794/5106 4947/6348/5585 4705/5970/5252 4583/5796/5108
f 4260/5340/4735 4489/5653/4998 4949/6350/5587 4261/5341/4736
f 4489/5653/4998 4492/5656/5001 4709/5974/5256 4949/6350/5587
f 4949/6350/5587 4709/5974/5256 4706/5971/5253 4948/6349/5586
f 4261/5341/4736 4949/6350/5587 4948/6349/5586 4262/5342/4737
f 627/675/627 829/886/847 4950/6351/5588 628/676/628
f 829/886/847 636/684/643 635/683/642 4950/6351/5588
f 4950/6351/5589 635/683/640 327/342/640 3244/3547/5590
f 628/676/628 4950/6351/5589 3244/3547/5590 616/664/631
f 662/710/676 661/709/675 4951/6352/5591 782/839/800
f 661/709/673 660/708/672 4748/6017/5592 4951/6352/5593
f 4951/6352/5593 4748/6017/5592 4156/5190/5594 4952/6353/5594
f 782/839/800 4951/6352/5591 4952/6353/5595 784/841/802
f 4156/5190/5594 4153/5187/5596 4953/6354/5597 4952/6353/5594
f 4153/5187/5596 4152/5186/5598 4954/6355/5599 4953/6354/5597
f 4953/6354/5600 4954/6355/5599 790/847/808 788/845/806
f 4952/6353/5595 4953/6354/5600 788/845/806 784/841/802
f 790/847/808 4954/6355/5599 4955/6356/5601 794/851/812
f 4954/6355/5599 4152/5186/5598 4745/6014/5602 4955/6356/5601
f 4955/6356/5601 4745/6014/5602 4165/5200/5603 4956/6357/5604
f 794/851/812 4955/6356/5601 4956/6357/5604 796/853/814
f 4281/5846/4756 4613/5845/5160 4614/5847/5605 4615/5849/5163 4278/5848/4753
f 335/350/335 4269/5349/4744 4267/5347/4742 4266/5346/4741 336/351/336
