# Blender v3.0.0 OBJ File: 'pawn.blend'
# www.blender.org
mtllib models/chess_materials/ChessWhite.mtl
o pawn_Plane.002
v -0.000330 -0.000000 1.916933
v 0.000000 0.000000 0.000000
v -0.084512 -0.000000 1.909270
v -0.167067 -0.000000 1.878012
v -0.244242 -0.000000 1.818219
v -0.300589 -0.000000 1.729642
v -0.328763 -0.000000 1.617100
v -0.322381 -0.000000 1.515428
v -0.290293 -0.000000 1.433145
v -0.249038 -0.000000 1.374072
v -0.224642 -0.000000 1.348647
v -0.246103 -0.000000 1.334690
v -0.261569 -0.000000 1.311913
v -0.247764 -0.000000 1.291282
v -0.232209 -0.000000 1.283984
v -0.248315 -0.000000 1.256867
v -0.277093 -0.000000 1.241731
v -0.314339 -0.000000 1.231913
v -0.359721 -0.000000 1.212206
v -0.372889 -0.000000 1.174043
v -0.361535 -0.000000 1.137878
v -0.314374 -0.000000 1.124237
v -0.272970 -0.000000 1.117377
v -0.239617 -0.000000 1.100486
v -0.211257 -0.000000 1.063064
v -0.201218 -0.000000 1.011549
v -0.200767 -0.000000 0.936000
v -0.206354 -0.000000 0.851309
v -0.221922 -0.000000 0.759385
v -0.264178 -0.000000 0.684580
v -0.295334 -0.000000 0.671804
v -0.316637 -0.000000 0.637504
v -0.308980 -0.000046 0.589845
v -0.282150 -0.000410 0.561371
v -0.317360 -0.000091 0.551503
v -0.381853 -0.000091 0.527424
v -0.409331 -0.000023 0.504767
v -0.436208 -0.000000 0.476062
v -0.459656 -0.000000 0.439199
v -0.470276 -0.000000 0.394400
v -0.472309 -0.000000 0.349614
v -0.445269 -0.000000 0.290542
v -0.511824 -0.000000 0.169752
v -0.419869 0.000000 -0.006170
v -0.513300 0.000000 0.014443
v -0.492483 -0.000000 0.232028
v -0.469412 -0.000000 0.269545
v -0.461696 -0.000000 0.309287
v -0.347086 -0.000023 0.543924
v -0.239777 -0.000000 0.701689
v -0.278792 -0.000274 0.569057
v -0.522556 -0.000000 0.073061
v -0.000305 0.000126 1.916933
v 0.000000 0.000000 0.000000
v -0.078079 0.032341 1.909270
v -0.154350 0.063934 1.878012
v -0.225650 0.093467 1.818219
v -0.277708 0.115030 1.729642
v -0.303737 0.125812 1.617100
v -0.297841 0.123370 1.515428
v -0.268196 0.111090 1.433145
v -0.230081 0.095303 1.374072
v -0.207542 0.085967 1.348647
v -0.227369 0.094179 1.334690
v -0.241659 0.100098 1.311913
v -0.228904 0.094815 1.291282
v -0.214533 0.088863 1.283984
v -0.229413 0.095026 1.256867
v -0.256000 0.106039 1.241731
v -0.290411 0.120292 1.231913
v -0.332339 0.137659 1.212206
v -0.344505 0.142698 1.174043
v -0.334015 0.138354 1.137878
v -0.290444 0.120306 1.124237
v -0.252192 0.104461 1.117377
v -0.221378 0.091698 1.100486
v -0.195176 0.080845 1.063064
v -0.185901 0.077003 1.011549
v -0.185484 0.076830 0.936000
v -0.190646 0.078968 0.851309
v -0.205029 0.084926 0.759384
v -0.244069 0.101097 0.684580
v -0.272853 0.113019 0.671804
v -0.292534 0.121172 0.637504
v -0.285478 0.118199 0.589845
v -0.260830 0.107595 0.561371
v -0.293237 0.121364 0.551503
v -0.352821 0.146044 0.527424
v -0.378181 0.156623 0.504767
v -0.403004 0.166930 0.476062
v -0.424667 0.175903 0.439199
v -0.434479 0.179967 0.394401
v -0.436356 0.180745 0.349613
v -0.411375 0.170397 0.290542
v -0.472864 0.195867 0.169752
v -0.387909 0.160677 -0.006170
v -0.474227 0.196431 0.014443
v -0.454995 0.188465 0.232028
v -0.433680 0.179636 0.269545
v -0.426552 0.176683 0.309287
v -0.320675 0.132803 0.543924
v -0.221525 0.091758 0.701689
v -0.257675 0.106436 0.569057
v -0.482779 0.199974 0.073061
v -0.000233 0.000233 1.916933
v 0.000000 0.000000 0.000000
v -0.059759 0.059759 1.909270
v -0.118134 0.118134 1.878012
v -0.172705 0.172705 1.818219
v -0.212549 0.212548 1.729642
v -0.232470 0.232470 1.617100
v -0.227958 0.227958 1.515428
v -0.205268 0.205268 1.433145
v -0.176097 0.176097 1.374072
v -0.158846 0.158846 1.348647
v -0.174021 0.174021 1.334690
v -0.184958 0.184957 1.311913
v -0.175195 0.175195 1.291282
v -0.164197 0.164197 1.283984
v -0.175585 0.175585 1.256867
v -0.195934 0.195934 1.241731
v -0.222271 0.222271 1.231913
v -0.254361 0.254361 1.212206
v -0.263672 0.263672 1.174043
v -0.255644 0.255644 1.137878
v -0.222296 0.222296 1.124237
v -0.193019 0.193019 1.117377
v -0.169435 0.169435 1.100486
v -0.149381 0.149381 1.063064
v -0.142283 0.142283 1.011549
v -0.141963 0.141963 0.936000
v -0.145914 0.145914 0.851309
v -0.156922 0.156922 0.759384
v -0.186802 0.186802 0.684580
v -0.208833 0.208833 0.671804
v -0.223896 0.223896 0.637504
v -0.218514 0.218450 0.589845
v -0.199801 0.199220 0.561371
v -0.224472 0.224343 0.551503
v -0.270075 0.269946 0.527424
v -0.289457 0.289425 0.504767
v -0.308446 0.308446 0.476062
v -0.325026 0.325026 0.439199
v -0.332536 0.332536 0.394401
v -0.333973 0.333973 0.349614
v -0.314853 0.314853 0.290542
v -0.361915 0.361915 0.169752
v -0.296893 0.296893 -0.006170
v -0.362958 0.362958 0.014443
v -0.348238 0.348238 0.232028
v -0.331924 0.331924 0.269545
v -0.326468 0.326468 0.309287
v -0.245443 0.245411 0.543924
v -0.169548 0.169548 0.701689
v -0.197329 0.196942 0.569057
v -0.369503 0.369503 0.073061
v -0.000126 0.000305 1.916933
v 0.000000 0.000000 0.000000
v -0.032341 0.078078 1.909270
v -0.063934 0.154350 1.878012
v -0.093467 0.225650 1.818219
v -0.115030 0.277708 1.729642
v -0.125812 0.303737 1.617100
v -0.123370 0.297841 1.515428
v -0.111090 0.268196 1.433145
v -0.095303 0.230081 1.374072
v -0.085967 0.207542 1.348647
v -0.094179 0.227369 1.334690
v -0.100098 0.241659 1.311913
v -0.094815 0.228904 1.291282
v -0.088863 0.214533 1.283984
v -0.095026 0.229413 1.256867
v -0.106039 0.256000 1.241731
v -0.120292 0.290411 1.231913
v -0.137659 0.332339 1.212206
v -0.142698 0.344505 1.174043
v -0.138354 0.334015 1.137878
v -0.120306 0.290444 1.124237
v -0.104461 0.252192 1.117377
v -0.091698 0.221378 1.100486
v -0.080845 0.195176 1.063064
v -0.077003 0.185901 1.011549
v -0.076830 0.185484 0.936000
v -0.078968 0.190646 0.851309
v -0.084926 0.205029 0.759384
v -0.101097 0.244069 0.684580
v -0.113019 0.272853 0.671804
v -0.121172 0.292534 0.637504
v -0.118284 0.285443 0.589845
v -0.108354 0.260516 0.561371
v -0.121533 0.293168 0.551503
v -0.146213 0.352751 0.527424
v -0.156665 0.378164 0.504767
v -0.166930 0.403003 0.476062
v -0.175903 0.424667 0.439199
v -0.179967 0.434479 0.394401
v -0.180745 0.436356 0.349614
v -0.170397 0.411375 0.290542
v -0.195867 0.472864 0.169752
v -0.160677 0.387909 -0.006170
v -0.196431 0.474227 0.014443
v -0.188465 0.454995 0.232028
v -0.179636 0.433680 0.269545
v -0.176683 0.426552 0.309287
v -0.132845 0.320657 0.543924
v -0.091759 0.221525 0.701689
v -0.106942 0.257465 0.569057
v -0.199974 0.482779 0.073061
v 0.000000 0.000330 1.916933
v 0.000000 0.000000 0.000000
v 0.000000 0.084512 1.909270
v 0.000000 0.167067 1.878012
v 0.000000 0.244242 1.818219
v 0.000000 0.300589 1.729642
v 0.000000 0.328762 1.617100
v 0.000000 0.322381 1.515428
v 0.000000 0.290293 1.433145
v 0.000000 0.249038 1.374072
v 0.000000 0.224642 1.348647
v 0.000000 0.246103 1.334690
v 0.000000 0.261569 1.311913
v 0.000000 0.247764 1.291282
v 0.000000 0.232209 1.283984
v 0.000000 0.248315 1.256867
v 0.000000 0.277093 1.241731
v 0.000000 0.314339 1.231913
v 0.000000 0.359721 1.212206
v 0.000000 0.372889 1.174043
v 0.000000 0.361535 1.137878
v 0.000000 0.314374 1.124237
v 0.000000 0.272970 1.117377
v 0.000000 0.239617 1.100486
v 0.000000 0.211257 1.063064
v 0.000000 0.201218 1.011549
v 0.000000 0.200767 0.936000
v 0.000000 0.206353 0.851309
v 0.000000 0.221922 0.759384
v 0.000000 0.264178 0.684580
v 0.000000 0.295334 0.671804
v 0.000000 0.316636 0.637504
v -0.000046 0.308980 0.589845
v -0.000410 0.282150 0.561371
v -0.000091 0.317360 0.551503
v -0.000091 0.381853 0.527424
v -0.000023 0.409331 0.504767
v 0.000000 0.436208 0.476062
v 0.000000 0.459656 0.439199
v 0.000000 0.470276 0.394401
v 0.000000 0.472309 0.349614
v 0.000000 0.445269 0.290542
v 0.000000 0.511824 0.169752
v 0.000000 0.419869 -0.006170
v 0.000000 0.513300 0.014443
v 0.000000 0.492483 0.232028
v 0.000000 0.469412 0.269545
v 0.000000 0.461696 0.309287
v -0.000023 0.347086 0.543924
v 0.000000 0.239777 0.701689
v -0.000274 0.278792 0.569057
v 0.000000 0.522556 0.073061
v 0.000126 0.000305 1.916933
v 0.000000 0.000000 0.000000
v 0.032341 0.078078 1.909270
v 0.063934 0.154350 1.878012
v 0.093467 0.225650 1.818219
v 0.115030 0.277708 1.729642
v 0.125812 0.303737 1.617100
v 0.123370 0.297841 1.515428
v 0.111090 0.268196 1.433145
v 0.095303 0.230081 1.374072
v 0.085967 0.207542 1.348647
v 0.094179 0.227369 1.334690
v 0.100098 0.241659 1.311913
v 0.094815 0.228904 1.291282
v 0.088863 0.214533 1.283984
v 0.095026 0.229413 1.256867
v 0.106039 0.256000 1.241731
v 0.120292 0.290411 1.231913
v 0.137659 0.332339 1.212206
v 0.142698 0.344505 1.174043
v 0.138354 0.334015 1.137878
v 0.120306 0.290444 1.124237
v 0.104461 0.252192 1.117377
v 0.091698 0.221378 1.100486
v 0.080845 0.195176 1.063064
v 0.077003 0.185901 1.011549
v 0.076830 0.185484 0.936000
v 0.078968 0.190646 0.851309
v 0.084926 0.205029 0.759384
v 0.101097 0.244069 0.684580
v 0.113019 0.272853 0.671804
v 0.121172 0.292534 0.637504
v 0.118199 0.285478 0.589845
v 0.107595 0.260830 0.561371
v 0.121364 0.293237 0.551503
v 0.146044 0.352821 0.527424
v 0.156623 0.378181 0.504767
v 0.166930 0.403003 0.476062
v 0.175903 0.424667 0.439199
v 0.179967 0.434479 0.394401
v 0.180745 0.436356 0.349614
v 0.170397 0.411375 0.290542
v 0.195867 0.472864 0.169752
v 0.160677 0.387909 -0.006170
v 0.196431 0.474227 0.014443
v 0.188465 0.454995 0.232028
v 0.179636 0.433680 0.269545
v 0.176683 0.426552 0.309287
v 0.132803 0.320675 0.543924
v 0.091759 0.221525 0.701689
v 0.106436 0.257675 0.569057
v 0.199974 0.482779 0.073061
v 0.000233 0.000233 1.916933
v 0.000000 0.000000 0.000000
v 0.059759 0.059759 1.909270
v 0.118134 0.118134 1.878012
v 0.172705 0.172705 1.818219
v 0.212549 0.212548 1.729642
v 0.232470 0.232470 1.617100
v 0.227958 0.227958 1.515428
v 0.205268 0.205268 1.433145
v 0.176097 0.176097 1.374072
v 0.158846 0.158846 1.348647
v 0.174021 0.174021 1.334690
v 0.184958 0.184957 1.311913
v 0.175195 0.175195 1.291282
v 0.164197 0.164197 1.283984
v 0.175585 0.175585 1.256867
v 0.195934 0.195934 1.241731
v 0.222271 0.222271 1.231913
v 0.254361 0.254361 1.212206
v 0.263672 0.263672 1.174043
v 0.255644 0.255644 1.137878
v 0.222296 0.222296 1.124237
v 0.193019 0.193019 1.117377
v 0.169435 0.169435 1.100486
v 0.149381 0.149381 1.063064
v 0.142283 0.142283 1.011549
v 0.141963 0.141963 0.936000
v 0.145914 0.145914 0.851309
v 0.156922 0.156922 0.759384
v 0.186802 0.186802 0.684580
v 0.208833 0.208833 0.671804
v 0.223896 0.223896 0.637504
v 0.218450 0.218514 0.589845
v 0.199220 0.199801 0.561371
v 0.224343 0.224472 0.551503
v 0.269946 0.270075 0.527424
v 0.289425 0.289457 0.504767
v 0.308446 0.308445 0.476062
v 0.325026 0.325026 0.439199
v 0.332536 0.332535 0.394401
v 0.333973 0.333973 0.349614
v 0.314853 0.314853 0.290542
v 0.361915 0.361915 0.169752
v 0.296893 0.296892 -0.006170
v 0.362958 0.362958 0.014443
v 0.348238 0.348238 0.232028
v 0.331924 0.331924 0.269545
v 0.326468 0.326468 0.309287
v 0.245411 0.245443 0.543924
v 0.169548 0.169548 0.701689
v 0.196942 0.197329 0.569057
v 0.369503 0.369503 0.073061
v 0.000305 0.000126 1.916933
v 0.000000 0.000000 0.000000
v 0.078079 0.032341 1.909270
v 0.154350 0.063934 1.878012
v 0.225650 0.093467 1.818219
v 0.277708 0.115030 1.729642
v 0.303737 0.125812 1.617100
v 0.297841 0.123370 1.515428
v 0.268196 0.111090 1.433145
v 0.230081 0.095303 1.374072
v 0.207542 0.085967 1.348647
v 0.227369 0.094179 1.334690
v 0.241659 0.100098 1.311913
v 0.228904 0.094815 1.291282
v 0.214533 0.088863 1.283984
v 0.229413 0.095026 1.256867
v 0.256000 0.106039 1.241731
v 0.290411 0.120292 1.231913
v 0.332339 0.137659 1.212206
v 0.344505 0.142698 1.174043
v 0.334015 0.138353 1.137878
v 0.290444 0.120306 1.124237
v 0.252192 0.104461 1.117377
v 0.221378 0.091698 1.100486
v 0.195176 0.080845 1.063064
v 0.185901 0.077003 1.011549
v 0.185484 0.076830 0.936000
v 0.190646 0.078968 0.851309
v 0.205029 0.084926 0.759384
v 0.244069 0.101097 0.684580
v 0.272853 0.113019 0.671804
v 0.292534 0.121171 0.637504
v 0.285443 0.118284 0.589845
v 0.260516 0.108353 0.561371
v 0.293168 0.121533 0.551503
v 0.352751 0.146213 0.527424
v 0.378164 0.156665 0.504767
v 0.403004 0.166929 0.476062
v 0.424667 0.175903 0.439199
v 0.434479 0.179967 0.394401
v 0.436356 0.180745 0.349614
v 0.411375 0.170397 0.290542
v 0.472864 0.195867 0.169752
v 0.387909 0.160677 -0.006170
v 0.474227 0.196431 0.014443
v 0.454995 0.188465 0.232028
v 0.433680 0.179636 0.269545
v 0.426552 0.176683 0.309287
v 0.320657 0.132845 0.543924
v 0.221525 0.091758 0.701689
v 0.257465 0.106942 0.569057
v 0.482779 0.199974 0.073061
v 0.000330 -0.000000 1.916933
v 0.000000 0.000000 0.000000
v 0.084512 -0.000000 1.909270
v 0.167067 -0.000000 1.878012
v 0.244242 -0.000000 1.818219
v 0.300589 -0.000000 1.729642
v 0.328763 -0.000000 1.617100
v 0.322381 -0.000000 1.515428
v 0.290293 -0.000000 1.433145
v 0.249038 -0.000000 1.374072
v 0.224642 -0.000000 1.348647
v 0.246103 -0.000000 1.334690
v 0.261569 -0.000000 1.311913
v 0.247764 -0.000000 1.291282
v 0.232209 -0.000000 1.283984
v 0.248315 -0.000000 1.256867
v 0.277093 -0.000000 1.241731
v 0.314339 -0.000000 1.231913
v 0.359721 -0.000000 1.212206
v 0.372889 -0.000000 1.174043
v 0.361535 -0.000000 1.137878
v 0.314374 -0.000000 1.124237
v 0.272970 -0.000000 1.117377
v 0.239617 -0.000000 1.100486
v 0.211257 -0.000000 1.063064
v 0.201218 -0.000000 1.011549
v 0.200767 -0.000000 0.936000
v 0.206354 -0.000000 0.851309
v 0.221922 -0.000000 0.759384
v 0.264178 -0.000000 0.684580
v 0.295334 -0.000000 0.671804
v 0.316637 -0.000000 0.637504
v 0.308980 0.000046 0.589845
v 0.282150 0.000410 0.561371
v 0.317360 0.000091 0.551503
v 0.381853 0.000091 0.527424
v 0.409331 0.000023 0.504767
v 0.436208 -0.000000 0.476062
v 0.459656 -0.000000 0.439199
v 0.470276 -0.000000 0.394401
v 0.472309 -0.000000 0.349614
v 0.445269 -0.000000 0.290542
v 0.511824 -0.000000 0.169752
v 0.419869 -0.000000 -0.006170
v 0.513300 -0.000000 0.014443
v 0.492483 -0.000000 0.232028
v 0.469412 -0.000000 0.269545
v 0.461696 -0.000000 0.309287
v 0.347086 0.000023 0.543924
v 0.239777 -0.000000 0.701689
v 0.278792 0.000274 0.569057
v 0.522556 -0.000000 0.073061
v 0.000305 -0.000126 1.916933
v 0.000000 0.000000 0.000000
v 0.078079 -0.032341 1.909270
v 0.154350 -0.063934 1.878012
v 0.225650 -0.093467 1.818219
v 0.277708 -0.115031 1.729642
v 0.303737 -0.125812 1.617100
v 0.297841 -0.123370 1.515428
v 0.268196 -0.111091 1.433145
v 0.230081 -0.095303 1.374072
v 0.207542 -0.085967 1.348647
v 0.227369 -0.094179 1.334690
v 0.241659 -0.100098 1.311913
v 0.228904 -0.094815 1.291282
v 0.214533 -0.088863 1.283984
v 0.229413 -0.095026 1.256867
v 0.256000 -0.106039 1.241731
v 0.290411 -0.120292 1.231913
v 0.332339 -0.137659 1.212206
v 0.344505 -0.142699 1.174043
v 0.334015 -0.138354 1.137878
v 0.290444 -0.120306 1.124237
v 0.252192 -0.104461 1.117377
v 0.221378 -0.091698 1.100486
v 0.195176 -0.080845 1.063064
v 0.185901 -0.077003 1.011549
v 0.185484 -0.076830 0.936000
v 0.190646 -0.078968 0.851309
v 0.205029 -0.084926 0.759384
v 0.244069 -0.101097 0.684580
v 0.272853 -0.113020 0.671804
v 0.292534 -0.121172 0.637504
v 0.285478 -0.118199 0.589845
v 0.260830 -0.107595 0.561371
v 0.293237 -0.121364 0.551503
v 0.352821 -0.146045 0.527424
v 0.378181 -0.156623 0.504767
v 0.403004 -0.166930 0.476062
v 0.424667 -0.175903 0.439199
v 0.434479 -0.179967 0.394401
v 0.436356 -0.180745 0.349614
v 0.411375 -0.170397 0.290542
v 0.472864 -0.195867 0.169752
v 0.387909 -0.160677 -0.006170
v 0.474227 -0.196431 0.014443
v 0.454995 -0.188465 0.232028
v 0.433680 -0.179636 0.269545
v 0.426552 -0.176683 0.309287
v 0.320675 -0.132803 0.543924
v 0.221525 -0.091759 0.701689
v 0.257675 -0.106436 0.569057
v 0.482779 -0.199974 0.073061
v 0.000233 -0.000233 1.916933
v 0.000000 0.000000 0.000000
v 0.059759 -0.059759 1.909270
v 0.118134 -0.118134 1.878012
v 0.172705 -0.172705 1.818219
v 0.212548 -0.212549 1.729642
v 0.232470 -0.232470 1.617100
v 0.227958 -0.227958 1.515428
v 0.205268 -0.205268 1.433145
v 0.176097 -0.176097 1.374072
v 0.158846 -0.158846 1.348647
v 0.174021 -0.174021 1.334690
v 0.184958 -0.184958 1.311913
v 0.175195 -0.175196 1.291282
v 0.164197 -0.164197 1.283984
v 0.175585 -0.175585 1.256867
v 0.195934 -0.195934 1.241731
v 0.222271 -0.222271 1.231913
v 0.254361 -0.254362 1.212206
v 0.263672 -0.263673 1.174043
v 0.255644 -0.255644 1.137878
v 0.222296 -0.222296 1.124237
v 0.193019 -0.193019 1.117377
v 0.169435 -0.169435 1.100486
v 0.149381 -0.149381 1.063064
v 0.142283 -0.142283 1.011549
v 0.141963 -0.141963 0.936000
v 0.145914 -0.145914 0.851309
v 0.156922 -0.156922 0.759384
v 0.186802 -0.186802 0.684580
v 0.208833 -0.208833 0.671804
v 0.223896 -0.223896 0.637504
v 0.218514 -0.218450 0.589845
v 0.199801 -0.199220 0.561371
v 0.224472 -0.224343 0.551503
v 0.270075 -0.269946 0.527424
v 0.289457 -0.289425 0.504767
v 0.308445 -0.308446 0.476062
v 0.325026 -0.325026 0.439199
v 0.332535 -0.332536 0.394401
v 0.333973 -0.333973 0.349614
v 0.314852 -0.314853 0.290542
v 0.361914 -0.361915 0.169752
v 0.296892 -0.296893 -0.006170
v 0.362958 -0.362958 0.014443
v 0.348238 -0.348238 0.232028
v 0.331924 -0.331925 0.269545
v 0.326468 -0.326468 0.309287
v 0.245443 -0.245411 0.543924
v 0.169548 -0.169548 0.701689
v 0.197329 -0.196942 0.569057
v 0.369503 -0.369503 0.073061
v 0.000126 -0.000305 1.916933
v 0.000000 0.000000 0.000000
v 0.032341 -0.078079 1.909270
v 0.063934 -0.154350 1.878012
v 0.093467 -0.225650 1.818219
v 0.115030 -0.277708 1.729642
v 0.125812 -0.303737 1.617100
v 0.123370 -0.297841 1.515428
v 0.111090 -0.268196 1.433145
v 0.095303 -0.230082 1.374072
v 0.085967 -0.207542 1.348647
v 0.094179 -0.227369 1.334690
v 0.100098 -0.241659 1.311913
v 0.094815 -0.228904 1.291282
v 0.088863 -0.214533 1.283984
v 0.095026 -0.229413 1.256867
v 0.106039 -0.256001 1.241731
v 0.120292 -0.290412 1.231913
v 0.137659 -0.332339 1.212206
v 0.142698 -0.344505 1.174043
v 0.138353 -0.334015 1.137878
v 0.120306 -0.290444 1.124237
v 0.104461 -0.252192 1.117377
v 0.091698 -0.221378 1.100486
v 0.080845 -0.195176 1.063064
v 0.077003 -0.185901 1.011549
v 0.076830 -0.185484 0.936000
v 0.078968 -0.190646 0.851309
v 0.084926 -0.205029 0.759384
v 0.101097 -0.244069 0.684580
v 0.113019 -0.272853 0.671804
v 0.121171 -0.292534 0.637504
v 0.118284 -0.285443 0.589845
v 0.108353 -0.260516 0.561371
v 0.121533 -0.293168 0.551503
v 0.146213 -0.352751 0.527424
v 0.156665 -0.378164 0.504767
v 0.166929 -0.403004 0.476062
v 0.175903 -0.424667 0.439199
v 0.179967 -0.434479 0.394400
v 0.180745 -0.436356 0.349613
v 0.170397 -0.411375 0.290542
v 0.195867 -0.472864 0.169752
v 0.160677 -0.387909 -0.006170
v 0.196431 -0.474227 0.014443
v 0.188465 -0.454995 0.232028
v 0.179636 -0.433680 0.269545
v 0.176683 -0.426552 0.309287
v 0.132845 -0.320657 0.543924
v 0.091758 -0.221525 0.701689
v 0.106942 -0.257465 0.569057
v 0.199973 -0.482779 0.073061
v -0.000000 -0.000330 1.916933
v 0.000000 0.000000 0.000000
v -0.000000 -0.084512 1.909270
v -0.000000 -0.167067 1.878012
v -0.000000 -0.244242 1.818219
v -0.000000 -0.300589 1.729642
v -0.000000 -0.328763 1.617100
v -0.000000 -0.322381 1.515428
v -0.000000 -0.290293 1.433145
v -0.000000 -0.249038 1.374072
v -0.000000 -0.224642 1.348647
v -0.000000 -0.246103 1.334690
v -0.000000 -0.261569 1.311913
v -0.000000 -0.247764 1.291282
v -0.000000 -0.232209 1.283984
v -0.000000 -0.248315 1.256867
v -0.000000 -0.277093 1.241731
v -0.000000 -0.314339 1.231913
v -0.000000 -0.359721 1.212206
v -0.000000 -0.372889 1.174043
v -0.000000 -0.361535 1.137878
v -0.000000 -0.314374 1.124237
v -0.000000 -0.272970 1.117377
v -0.000000 -0.239617 1.100486
v -0.000000 -0.211257 1.063064
v -0.000000 -0.201218 1.011549
v -0.000000 -0.200767 0.936000
v -0.000000 -0.206354 0.851309
v -0.000000 -0.221922 0.759384
v -0.000000 -0.264178 0.684580
v -0.000000 -0.295334 0.671804
v -0.000000 -0.316637 0.637504
v 0.000046 -0.308980 0.589845
v 0.000410 -0.282150 0.561371
v 0.000091 -0.317360 0.551503
v 0.000091 -0.381853 0.527424
v 0.000023 -0.409331 0.504767
v -0.000000 -0.436208 0.476062
v -0.000000 -0.459656 0.439199
v -0.000000 -0.470276 0.394400
v -0.000000 -0.472309 0.349613
v -0.000000 -0.445269 0.290542
v -0.000000 -0.511824 0.169752
v -0.000000 -0.419869 -0.006170
v -0.000000 -0.513300 0.014443
v -0.000000 -0.492483 0.232028
v -0.000000 -0.469412 0.269545
v -0.000000 -0.461696 0.309287
v 0.000023 -0.347086 0.543924
v -0.000000 -0.239777 0.701689
v 0.000274 -0.278792 0.569057
v -0.000000 -0.522556 0.073061
v -0.000126 -0.000305 1.916933
v 0.000000 0.000000 0.000000
v -0.032341 -0.078079 1.909270
v -0.063934 -0.154350 1.878012
v -0.093467 -0.225650 1.818219
v -0.115030 -0.277708 1.729642
v -0.125812 -0.303737 1.617100
v -0.123370 -0.297841 1.515428
v -0.111090 -0.268196 1.433145
v -0.095303 -0.230082 1.374072
v -0.085967 -0.207542 1.348647
v -0.094179 -0.227369 1.334690
v -0.100098 -0.241659 1.311913
v -0.094815 -0.228904 1.291282
v -0.088863 -0.214533 1.283984
v -0.095026 -0.229413 1.256867
v -0.106039 -0.256000 1.241731
v -0.120292 -0.290411 1.231913
v -0.137659 -0.332339 1.212206
v -0.142699 -0.344505 1.174043
v -0.138354 -0.334015 1.137878
v -0.120306 -0.290444 1.124237
v -0.104461 -0.252192 1.117377
v -0.091698 -0.221378 1.100486
v -0.080845 -0.195176 1.063064
v -0.077003 -0.185901 1.011549
v -0.076830 -0.185484 0.936000
v -0.078968 -0.190646 0.851309
v -0.084926 -0.205029 0.759384
v -0.101097 -0.244069 0.684580
v -0.113020 -0.272853 0.671804
v -0.121172 -0.292534 0.637504
v -0.118200 -0.285478 0.589845
v -0.107595 -0.260830 0.561371
v -0.121364 -0.293237 0.551503
v -0.146045 -0.352821 0.527424
v -0.156623 -0.378181 0.504767
v -0.166930 -0.403003 0.476062
v -0.175903 -0.424667 0.439199
v -0.179967 -0.434479 0.394400
v -0.180745 -0.436356 0.349613
v -0.170397 -0.411375 0.290542
v -0.195867 -0.472864 0.169752
v -0.160677 -0.387909 -0.006170
v -0.196431 -0.474227 0.014443
v -0.188465 -0.454995 0.232028
v -0.179636 -0.433680 0.269545
v -0.176684 -0.426551 0.309287
v -0.132803 -0.320675 0.543924
v -0.091759 -0.221525 0.701689
v -0.106436 -0.257675 0.569057
v -0.199974 -0.482779 0.073061
v -0.000233 -0.000233 1.916933
v 0.000000 0.000000 0.000000
v -0.059759 -0.059759 1.909270
v -0.118134 -0.118134 1.878012
v -0.172705 -0.172705 1.818219
v -0.212549 -0.212549 1.729642
v -0.232470 -0.232470 1.617100
v -0.227958 -0.227958 1.515428
v -0.205268 -0.205268 1.433145
v -0.176097 -0.176097 1.374072
v -0.158846 -0.158846 1.348647
v -0.174021 -0.174021 1.334690
v -0.184958 -0.184958 1.311913
v -0.175195 -0.175195 1.291282
v -0.164197 -0.164197 1.283984
v -0.175585 -0.175585 1.256867
v -0.195934 -0.195934 1.241731
v -0.222271 -0.222271 1.231913
v -0.254361 -0.254361 1.212206
v -0.263672 -0.263672 1.174043
v -0.255644 -0.255644 1.137878
v -0.222296 -0.222296 1.124237
v -0.193019 -0.193019 1.117377
v -0.169435 -0.169435 1.100486
v -0.149381 -0.149381 1.063064
v -0.142283 -0.142283 1.011549
v -0.141963 -0.141963 0.936000
v -0.145914 -0.145914 0.851309
v -0.156922 -0.156922 0.759384
v -0.186802 -0.186802 0.684580
v -0.208833 -0.208833 0.671804
v -0.223896 -0.223896 0.637504
v -0.218450 -0.218514 0.589845
v -0.199220 -0.199801 0.561371
v -0.224343 -0.224472 0.551503
v -0.269946 -0.270075 0.527424
v -0.289425 -0.289457 0.504767
v -0.308446 -0.308445 0.476062
v -0.325026 -0.325026 0.439199
v -0.332536 -0.332535 0.394401
v -0.333973 -0.333973 0.349614
v -0.314853 -0.314852 0.290542
v -0.361915 -0.361914 0.169752
v -0.296893 -0.296892 -0.006170
v -0.362958 -0.362958 0.014443
v -0.348238 -0.348238 0.232028
v -0.331925 -0.331924 0.269545
v -0.326468 -0.326468 0.309287
v -0.245411 -0.245443 0.543924
v -0.169548 -0.169548 0.701689
v -0.196942 -0.197329 0.569057
v -0.369503 -0.369503 0.073061
v -0.000305 -0.000126 1.916933
v 0.000000 0.000000 0.000000
v -0.078079 -0.032341 1.909270
v -0.154350 -0.063934 1.878012
v -0.225650 -0.093467 1.818219
v -0.277708 -0.115031 1.729642
v -0.303737 -0.125812 1.617100
v -0.297841 -0.123370 1.515428
v -0.268196 -0.111090 1.433145
v -0.230081 -0.095303 1.374072
v -0.207542 -0.085967 1.348647
v -0.227369 -0.094179 1.334690
v -0.241659 -0.100098 1.311913
v -0.228904 -0.094815 1.291282
v -0.214533 -0.088863 1.283984
v -0.229413 -0.095026 1.256867
v -0.256000 -0.106039 1.241731
v -0.290411 -0.120292 1.231913
v -0.332339 -0.137659 1.212206
v -0.344505 -0.142699 1.174043
v -0.334015 -0.138354 1.137878
v -0.290444 -0.120306 1.124237
v -0.252192 -0.104461 1.117377
v -0.221378 -0.091698 1.100486
v -0.195176 -0.080845 1.063064
v -0.185901 -0.077003 1.011549
v -0.185484 -0.076830 0.936000
v -0.190646 -0.078968 0.851309
v -0.205029 -0.084926 0.759384
v -0.244069 -0.101097 0.684580
v -0.272853 -0.113019 0.671804
v -0.292534 -0.121172 0.637504
v -0.285443 -0.118284 0.589845
v -0.260516 -0.108354 0.561371
v -0.293168 -0.121533 0.551503
v -0.352751 -0.146213 0.527424
v -0.378164 -0.156665 0.504767
v -0.403004 -0.166930 0.476062
v -0.424667 -0.175903 0.439199
v -0.434479 -0.179967 0.394401
v -0.436356 -0.180745 0.349614
v -0.411375 -0.170397 0.290542
v -0.472864 -0.195867 0.169752
v -0.387909 -0.160677 -0.006170
v -0.474227 -0.196431 0.014443
v -0.454995 -0.188465 0.232028
v -0.433680 -0.179636 0.269545
v -0.426552 -0.176683 0.309287
v -0.320657 -0.132845 0.543924
v -0.221525 -0.091759 0.701689
v -0.257465 -0.106942 0.569057
v -0.482779 -0.199974 0.073061
v -0.240597 0.000000 -0.005084
v -0.042550 -0.000000 1.914861
v -0.126012 -0.000000 1.897208
v -0.207262 -0.000000 1.851636
v -0.275590 -0.000000 1.777776
v -0.318746 -0.000000 1.674251
v -0.329639 -0.000000 1.563808
v -0.308596 -0.000000 1.471881
v -0.269639 -0.000000 1.399714
v -0.231804 -0.000000 1.358020
v -0.232028 -0.000000 1.342000
v -0.257302 -0.000000 1.324324
v -0.257371 -0.000000 1.299683
v -0.237336 -0.000000 1.288465
v -0.236943 -0.000000 1.271445
v -0.262007 -0.000000 1.247329
v -0.293896 -0.000000 1.237198
v -0.338781 -0.000000 1.224242
v -0.370152 -0.000000 1.194648
v -0.371351 -0.000000 1.153855
v -0.340175 -0.000000 1.128759
v -0.291920 -0.000000 1.121117
v -0.255902 -0.000000 1.111208
v -0.223864 -0.000000 1.083820
v -0.204181 -0.000000 1.039835
v -0.200327 -0.000000 0.975915
v -0.202419 -0.000000 0.895004
v -0.213360 -0.000000 0.803948
v -0.250833 -0.000000 0.689992
v -0.279692 -0.000000 0.679796
v -0.308549 -0.000000 0.657826
v -0.317171 -0.000006 0.612467
v -0.274802 -0.000393 0.565056
v -0.298614 -0.000268 0.556381
v -0.364397 -0.000066 0.536844
v -0.396379 -0.000066 0.516727
v -0.422652 -0.000003 0.491295
v -0.449126 -0.000000 0.458805
v -0.466406 -0.000000 0.417257
v -0.472370 -0.000000 0.371974
v -0.450484 -0.000000 0.298194
v -0.502464 -0.000000 0.205904
v -0.497012 0.000000 0.000088
v -0.519536 0.000000 0.037650
v -0.482133 -0.000000 0.252993
v -0.454091 -0.000000 0.281682
v -0.469213 -0.000000 0.327447
v -0.332568 -0.000014 0.548056
v -0.230501 -0.000000 0.724658
v -0.293180 -0.000143 0.576045
v -0.519392 -0.000000 0.121336
v -0.000324 0.000064 1.916933
v 0.000000 0.000000 0.000000
v -0.082882 0.016486 1.909270
v -0.163846 0.032591 1.878012
v -0.239534 0.047646 1.818219
v -0.294794 0.058638 1.729642
v -0.322425 0.064134 1.617100
v -0.316166 0.062889 1.515428
v -0.284697 0.056630 1.433145
v -0.244237 0.048582 1.374072
v -0.220311 0.043823 1.348647
v -0.241358 0.048009 1.334690
v -0.256527 0.051026 1.311913
v -0.242987 0.048333 1.291282
v -0.227733 0.045299 1.283984
v -0.243528 0.048441 1.256867
v -0.271751 0.054055 1.241731
v -0.308279 0.061321 1.231913
v -0.352787 0.070174 1.212206
v -0.365701 0.072742 1.174043
v -0.354566 0.070527 1.137878
v -0.308314 0.061327 1.124237
v -0.267708 0.053250 1.117377
v -0.234998 0.046744 1.100486
v -0.207185 0.041212 1.063064
v -0.197339 0.039253 1.011549
v -0.196896 0.039165 0.936000
v -0.202375 0.040255 0.851309
v -0.217644 0.043292 0.759384
v -0.259085 0.051535 0.684580
v -0.289641 0.057613 0.671804
v -0.310532 0.061769 0.637504
v -0.303033 0.060230 0.589845
v -0.276791 0.054639 0.561371
v -0.311260 0.061820 0.551503
v -0.374509 0.074402 0.527424
v -0.401445 0.079829 0.504767
v -0.427799 0.085094 0.476062
v -0.450795 0.089669 0.439199
v -0.461210 0.091740 0.394401
v -0.463204 0.092137 0.349613
v -0.436685 0.086862 0.290542
v -0.501958 0.099846 0.169752
v -0.411775 0.081907 -0.006170
v -0.503405 0.100133 0.014443
v -0.482989 0.096073 0.232028
v -0.460363 0.091572 0.269545
v -0.452796 0.090067 0.309287
v -0.340400 0.067686 0.543924
v -0.235154 0.046775 0.701689
v -0.273470 0.054118 0.569057
v -0.512482 0.101939 0.073061
v -0.000274 0.000183 1.916933
v 0.000000 0.000000 0.000000
v -0.070264 0.046949 1.909270
v -0.138902 0.092811 1.878012
v -0.203067 0.135685 1.818219
v -0.249915 0.166988 1.729642
v -0.273338 0.182639 1.617100
v -0.268033 0.179094 1.515429
v -0.241354 0.161268 1.433145
v -0.207055 0.138349 1.374071
v -0.186771 0.124796 1.348647
v -0.204614 0.136718 1.334690
v -0.217473 0.145311 1.311913
v -0.205995 0.137641 1.291282
v -0.193062 0.129000 1.283984
v -0.206453 0.137947 1.256867
v -0.230379 0.153935 1.241731
v -0.261347 0.174626 1.231913
v -0.299078 0.199838 1.212206
v -0.310026 0.207153 1.174043
v -0.300586 0.200845 1.137878
v -0.261376 0.174646 1.124237
v -0.226952 0.151644 1.117377
v -0.199222 0.133116 1.100486
v -0.175643 0.117361 1.063064
v -0.167296 0.111783 1.011549
v -0.166921 0.111533 0.936000
v -0.171566 0.114636 0.851309
v -0.184509 0.123285 0.759385
v -0.219642 0.146760 0.684580
v -0.245546 0.164068 0.671804
v -0.263257 0.175902 0.637504
v -0.256917 0.171611 0.589845
v -0.234812 0.156403 0.561371
v -0.263909 0.176229 0.551503
v -0.317529 0.212057 0.527424
v -0.340337 0.227379 0.504767
v -0.362670 0.242329 0.476062
v -0.382166 0.255355 0.439199
v -0.390995 0.261255 0.394401
v -0.392685 0.262384 0.349614
v -0.370204 0.247362 0.290542
v -0.425539 0.284336 0.169752
v -0.349086 0.233252 -0.006170
v -0.426766 0.285156 0.014443
v -0.409458 0.273591 0.232028
v -0.390277 0.260775 0.269545
v -0.383862 0.256488 0.309287
v -0.288586 0.192800 0.543924
v -0.199354 0.133204 0.701689
v -0.231944 0.154651 0.569057
v -0.434462 0.290298 0.073061
v -0.000183 0.000274 1.916933
v 0.000000 0.000000 0.000000
v -0.046949 0.070264 1.909270
v -0.092812 0.138902 1.878012
v -0.135685 0.203067 1.818219
v -0.166988 0.249915 1.729642
v -0.182639 0.273338 1.617100
v -0.179094 0.268033 1.515429
v -0.161268 0.241354 1.433145
v -0.138349 0.207054 1.374071
v -0.124796 0.186771 1.348647
v -0.136718 0.204614 1.334690
v -0.145311 0.217473 1.311913
v -0.137641 0.205995 1.291282
v -0.129000 0.193062 1.283984
v -0.137947 0.206453 1.256867
v -0.153935 0.230379 1.241731
v -0.174626 0.261346 1.231913
v -0.199838 0.299078 1.212206
v -0.207153 0.310026 1.174043
v -0.200845 0.300586 1.137878
v -0.174646 0.261376 1.124237
v -0.151644 0.226952 1.117377
v -0.133116 0.199222 1.100486
v -0.117361 0.175643 1.063064
v -0.111784 0.167296 1.011549
v -0.111533 0.166921 0.936000
v -0.114636 0.171566 0.851309
v -0.123285 0.184509 0.759385
v -0.146760 0.219642 0.684580
v -0.164068 0.245546 0.671804
v -0.175903 0.263257 0.637504
v -0.171687 0.256866 0.589845
v -0.157086 0.234356 0.561371
v -0.176380 0.263808 0.551503
v -0.212208 0.317428 0.527424
v -0.227417 0.340312 0.504767
v -0.242329 0.362670 0.476062
v -0.255355 0.382166 0.439199
v -0.261255 0.390995 0.394401
v -0.262384 0.392685 0.349614
v -0.247362 0.370204 0.290542
v -0.284336 0.425539 0.169752
v -0.233252 0.349086 -0.006170
v -0.285156 0.426766 0.014443
v -0.273591 0.409458 0.232028
v -0.260775 0.390277 0.269545
v -0.256488 0.383862 0.309287
v -0.192837 0.288561 0.543924
v -0.133204 0.199354 0.701689
v -0.155106 0.231640 0.569057
v -0.290298 0.434462 0.073061
v -0.000064 0.000323 1.916933
v 0.000000 0.000000 0.000000
v -0.016486 0.082882 1.909270
v -0.032591 0.163846 1.878012
v -0.047646 0.239534 1.818219
v -0.058638 0.294794 1.729642
v -0.064134 0.322425 1.617100
v -0.062889 0.316166 1.515429
v -0.056630 0.284697 1.433145
v -0.048582 0.244237 1.374071
v -0.043823 0.220311 1.348647
v -0.048009 0.241358 1.334690
v -0.051026 0.256527 1.311913
v -0.048333 0.242987 1.291282
v -0.045299 0.227733 1.283984
v -0.048441 0.243528 1.256867
v -0.054055 0.271751 1.241731
v -0.061321 0.308279 1.231913
v -0.070174 0.352787 1.212206
v -0.072742 0.365701 1.174043
v -0.070527 0.354566 1.137878
v -0.061327 0.308313 1.124237
v -0.053250 0.267708 1.117377
v -0.046744 0.234998 1.100486
v -0.041212 0.207185 1.063064
v -0.039253 0.197339 1.011549
v -0.039165 0.196896 0.936000
v -0.040255 0.202375 0.851309
v -0.043292 0.217643 0.759385
v -0.051535 0.259085 0.684580
v -0.057613 0.289641 0.671804
v -0.061769 0.310532 0.637504
v -0.060320 0.303015 0.589845
v -0.055444 0.276631 0.561371
v -0.061999 0.311224 0.551503
v -0.074580 0.374474 0.527424
v -0.079874 0.401436 0.504767
v -0.085094 0.427799 0.476062
v -0.089669 0.450795 0.439199
v -0.091740 0.461210 0.394401
v -0.092137 0.463204 0.349614
v -0.086862 0.436685 0.290542
v -0.099846 0.501958 0.169752
v -0.081907 0.411775 -0.006170
v -0.100133 0.503405 0.014443
v -0.096073 0.482989 0.232028
v -0.091572 0.460363 0.269545
v -0.090067 0.452796 0.309287
v -0.067731 0.340391 0.543924
v -0.046775 0.235154 0.701689
v -0.054654 0.273364 0.569057
v -0.101939 0.512482 0.073061
v 0.000064 0.000323 1.916933
v 0.000000 0.000000 0.000000
v 0.016486 0.082882 1.909270
v 0.032591 0.163846 1.878012
v 0.047646 0.239534 1.818219
v 0.058638 0.294794 1.729642
v 0.064134 0.322425 1.617100
v 0.062889 0.316166 1.515429
v 0.056630 0.284697 1.433145
v 0.048582 0.244237 1.374071
v 0.043823 0.220311 1.348647
v 0.048009 0.241358 1.334690
v 0.051026 0.256527 1.311913
v 0.048333 0.242987 1.291282
v 0.045299 0.227733 1.283984
v 0.048441 0.243528 1.256867
v 0.054055 0.271751 1.241731
v 0.061321 0.308279 1.231913
v 0.070174 0.352787 1.212206
v 0.072742 0.365701 1.174043
v 0.070528 0.354566 1.137878
v 0.061327 0.308313 1.124237
v 0.053250 0.267708 1.117377
v 0.046744 0.234998 1.100486
v 0.041212 0.207185 1.063064
v 0.039253 0.197339 1.011549
v 0.039165 0.196896 0.936000
v 0.040255 0.202375 0.851309
v 0.043292 0.217643 0.759385
v 0.051535 0.259085 0.684580
v 0.057613 0.289641 0.671804
v 0.061769 0.310532 0.637504
v 0.060230 0.303033 0.589845
v 0.054639 0.276791 0.561371
v 0.061820 0.311260 0.551503
v 0.074402 0.374509 0.527424
v 0.079829 0.401445 0.504767
v 0.085094 0.427799 0.476062
v 0.089669 0.450795 0.439199
v 0.091740 0.461210 0.394401
v 0.092137 0.463204 0.349614
v 0.086862 0.436685 0.290542
v 0.099846 0.501958 0.169752
v 0.081907 0.411775 -0.006170
v 0.100133 0.503405 0.014443
v 0.096073 0.482989 0.232028
v 0.091572 0.460363 0.269545
v 0.090067 0.452796 0.309287
v 0.067687 0.340400 0.543924
v 0.046775 0.235154 0.701689
v 0.054118 0.273470 0.569057
v 0.101939 0.512482 0.073061
v 0.000183 0.000274 1.916933
v 0.000000 0.000000 0.000000
v 0.046949 0.070264 1.909270
v 0.092812 0.138902 1.878012
v 0.135685 0.203067 1.818219
v 0.166988 0.249915 1.729642
v 0.182639 0.273338 1.617100
v 0.179094 0.268033 1.515429
v 0.161268 0.241354 1.433145
v 0.138349 0.207054 1.374071
v 0.124796 0.186771 1.348647
v 0.136719 0.204614 1.334690
v 0.145311 0.217473 1.311913
v 0.137641 0.205995 1.291282
v 0.129000 0.193062 1.283984
v 0.137947 0.206453 1.256867
v 0.153935 0.230379 1.241731
v 0.174626 0.261346 1.231913
v 0.199838 0.299078 1.212206
v 0.207153 0.310026 1.174043
v 0.200845 0.300586 1.137878
v 0.174646 0.261376 1.124237
v 0.151644 0.226952 1.117377
v 0.133116 0.199222 1.100486
v 0.117361 0.175643 1.063064
v 0.111784 0.167296 1.011549
v 0.111533 0.166921 0.936000
v 0.114636 0.171566 0.851309
v 0.123285 0.184509 0.759385
v 0.146760 0.219642 0.684580
v 0.164068 0.245546 0.671804
v 0.175903 0.263257 0.637504
v 0.171611 0.256916 0.589845
v 0.156403 0.234812 0.561371
v 0.176229 0.263909 0.551503
v 0.212057 0.317529 0.527424
v 0.227379 0.340337 0.504767
v 0.242329 0.362670 0.476062
v 0.255355 0.382166 0.439199
v 0.261255 0.390995 0.394401
v 0.262384 0.392685 0.349614
v 0.247362 0.370204 0.290542
v 0.284336 0.425539 0.169752
v 0.233252 0.349086 -0.006170
v 0.285156 0.426766 0.014443
v 0.273591 0.409458 0.232028
v 0.260775 0.390277 0.269545
v 0.256488 0.383862 0.309287
v 0.192800 0.288586 0.543924
v 0.133204 0.199354 0.701689
v 0.154651 0.231944 0.569057
v 0.290298 0.434462 0.073061
v 0.000274 0.000183 1.916933
v 0.000000 0.000000 0.000000
v 0.070264 0.046949 1.909270
v 0.138902 0.092811 1.878012
v 0.203067 0.135685 1.818219
v 0.249915 0.166987 1.729642
v 0.273338 0.182639 1.617100
v 0.268033 0.179094 1.515429
v 0.241355 0.161268 1.433145
v 0.207055 0.138349 1.374071
v 0.186771 0.124796 1.348647
v 0.204614 0.136718 1.334690
v 0.217473 0.145311 1.311913
v 0.205995 0.137641 1.291282
v 0.193063 0.129000 1.283984
v 0.206453 0.137947 1.256867
v 0.230379 0.153935 1.241731
v 0.261347 0.174626 1.231913
v 0.299078 0.199838 1.212206
v 0.310026 0.207153 1.174043
v 0.300586 0.200845 1.137878
v 0.261376 0.174646 1.124237
v 0.226952 0.151644 1.117377
v 0.199222 0.133116 1.100486
v 0.175643 0.117361 1.063064
v 0.167296 0.111783 1.011549
v 0.166921 0.111533 0.936000
v 0.171566 0.114636 0.851309
v 0.184509 0.123285 0.759385
v 0.219642 0.146760 0.684580
v 0.245546 0.164068 0.671804
v 0.263257 0.175902 0.637504
v 0.256866 0.171687 0.589845
v 0.234356 0.157086 0.561371
v 0.263808 0.176380 0.551503
v 0.317428 0.212208 0.527424
v 0.340312 0.227417 0.504767
v 0.362670 0.242328 0.476062
v 0.382166 0.255355 0.439199
v 0.390995 0.261255 0.394401
v 0.392685 0.262384 0.349614
v 0.370204 0.247362 0.290542
v 0.425539 0.284336 0.169752
v 0.349086 0.233252 -0.006170
v 0.426766 0.285156 0.014443
v 0.409458 0.273591 0.232028
v 0.390277 0.260775 0.269545
v 0.383862 0.256488 0.309287
v 0.288561 0.192837 0.543924
v 0.199354 0.133204 0.701689
v 0.231640 0.155106 0.569057
v 0.434462 0.290298 0.073061
v 0.000324 0.000064 1.916933
v 0.000000 0.000000 0.000000
v 0.082882 0.016486 1.909270
v 0.163846 0.032591 1.878012
v 0.239534 0.047646 1.818219
v 0.294794 0.058638 1.729642
v 0.322425 0.064134 1.617100
v 0.316166 0.062889 1.515429
v 0.284697 0.056630 1.433145
v 0.244238 0.048582 1.374071
v 0.220312 0.043823 1.348647
v 0.241358 0.048009 1.334690
v 0.256527 0.051026 1.311913
v 0.242987 0.048333 1.291282
v 0.227733 0.045299 1.283984
v 0.243528 0.048441 1.256867
v 0.271751 0.054055 1.241731
v 0.308279 0.061320 1.231913
v 0.352787 0.070174 1.212206
v 0.365701 0.072742 1.174043
v 0.354566 0.070527 1.137878
v 0.308314 0.061327 1.124237
v 0.267708 0.053250 1.117377
v 0.234998 0.046744 1.100486
v 0.207185 0.041212 1.063064
v 0.197339 0.039253 1.011549
v 0.196896 0.039165 0.936000
v 0.202375 0.040255 0.851309
v 0.217644 0.043292 0.759385
v 0.259085 0.051535 0.684580
v 0.289641 0.057613 0.671804
v 0.310532 0.061769 0.637504
v 0.303015 0.060320 0.589845
v 0.276631 0.055444 0.561371
v 0.311224 0.061999 0.551503
v 0.374474 0.074580 0.527424
v 0.401436 0.079874 0.504767
v 0.427799 0.085094 0.476062
v 0.450795 0.089669 0.439199
v 0.461210 0.091740 0.394401
v 0.463204 0.092137 0.349614
v 0.436685 0.086862 0.290542
v 0.501958 0.099846 0.169752
v 0.411775 0.081907 -0.006170
v 0.503405 0.100133 0.014443
v 0.482989 0.096072 0.232028
v 0.460363 0.091572 0.269545
v 0.452796 0.090067 0.309287
v 0.340391 0.067731 0.543924
v 0.235154 0.046775 0.701689
v 0.273364 0.054654 0.569057
v 0.512482 0.101939 0.073061
v 0.000324 -0.000064 1.916933
v 0.000000 0.000000 0.000000
v 0.082882 -0.016486 1.909270
v 0.163846 -0.032591 1.878012
v 0.239534 -0.047646 1.818219
v 0.294794 -0.058638 1.729642
v 0.322425 -0.064134 1.617100
v 0.316166 -0.062889 1.515429
v 0.284697 -0.056630 1.433145
v 0.244238 -0.048582 1.374071
v 0.220311 -0.043823 1.348647
v 0.241358 -0.048009 1.334690
v 0.256527 -0.051026 1.311913
v 0.242987 -0.048333 1.291282
v 0.227733 -0.045299 1.283984
v 0.243528 -0.048441 1.256867
v 0.271751 -0.054055 1.241731
v 0.308279 -0.061321 1.231913
v 0.352787 -0.070174 1.212206
v 0.365701 -0.072742 1.174043
v 0.354566 -0.070528 1.137878
v 0.308314 -0.061327 1.124237
v 0.267708 -0.053250 1.117377
v 0.234998 -0.046744 1.100486
v 0.207185 -0.041212 1.063064
v 0.197339 -0.039253 1.011549
v 0.196896 -0.039165 0.936000
v 0.202375 -0.040255 0.851309
v 0.217644 -0.043292 0.759385
v 0.259085 -0.051535 0.684580
v 0.289641 -0.057613 0.671804
v 0.310532 -0.061769 0.637504
v 0.303033 -0.060230 0.589845
v 0.276791 -0.054639 0.561371
v 0.311260 -0.061820 0.551503
v 0.374509 -0.074402 0.527424
v 0.401445 -0.079829 0.504767
v 0.427799 -0.085095 0.476062
v 0.450795 -0.089669 0.439199
v 0.461210 -0.091740 0.394401
v 0.463204 -0.092137 0.349614
v 0.436685 -0.086862 0.290542
v 0.501958 -0.099846 0.169752
v 0.411775 -0.081907 -0.006170
v 0.503405 -0.100133 0.014443
v 0.482989 -0.096073 0.232028
v 0.460363 -0.091572 0.269545
v 0.452796 -0.090067 0.309287
v 0.340400 -0.067687 0.543924
v 0.235154 -0.046775 0.701689
v 0.273470 -0.054118 0.569057
v 0.512482 -0.101939 0.073061
v 0.000274 -0.000183 1.916933
v 0.000000 0.000000 0.000000
v 0.070264 -0.046949 1.909270
v 0.138902 -0.092812 1.878012
v 0.203067 -0.135685 1.818219
v 0.249915 -0.166988 1.729642
v 0.273338 -0.182639 1.617100
v 0.268033 -0.179094 1.515429
v 0.241354 -0.161268 1.433145
v 0.207055 -0.138350 1.374071
v 0.186771 -0.124797 1.348647
v 0.204614 -0.136719 1.334690
v 0.217473 -0.145311 1.311913
v 0.205995 -0.137641 1.291282
v 0.193062 -0.129000 1.283984
v 0.206453 -0.137948 1.256867
v 0.230379 -0.153935 1.241731
v 0.261347 -0.174626 1.231913
v 0.299078 -0.199838 1.212206
v 0.310026 -0.207153 1.174043
v 0.300586 -0.200845 1.137878
v 0.261376 -0.174646 1.124237
v 0.226952 -0.151644 1.117377
v 0.199222 -0.133116 1.100486
v 0.175643 -0.117361 1.063064
v 0.167296 -0.111784 1.011549
v 0.166921 -0.111533 0.936000
v 0.171566 -0.114637 0.851309
v 0.184509 -0.123285 0.759385
v 0.219642 -0.146760 0.684580
v 0.245546 -0.164068 0.671804
v 0.263257 -0.175903 0.637504
v 0.256916 -0.171611 0.589845
v 0.234812 -0.156403 0.561371
v 0.263909 -0.176229 0.551503
v 0.317529 -0.212057 0.527424
v 0.340337 -0.227379 0.504767
v 0.362670 -0.242329 0.476062
v 0.382166 -0.255355 0.439199
v 0.390995 -0.261255 0.394401
v 0.392685 -0.262384 0.349614
v 0.370204 -0.247362 0.290542
v 0.425539 -0.284336 0.169752
v 0.349086 -0.233252 -0.006170
v 0.426766 -0.285156 0.014443
v 0.409458 -0.273591 0.232028
v 0.390277 -0.260775 0.269545
v 0.383861 -0.256488 0.309287
v 0.288586 -0.192800 0.543924
v 0.199354 -0.133204 0.701689
v 0.231944 -0.154651 0.569057
v 0.434462 -0.290298 0.073061
v 0.000183 -0.000274 1.916933
v 0.000000 0.000000 0.000000
v 0.046949 -0.070264 1.909270
v 0.092811 -0.138902 1.878012
v 0.135685 -0.203067 1.818219
v 0.166988 -0.249915 1.729642
v 0.182639 -0.273339 1.617100
v 0.179094 -0.268033 1.515429
v 0.161268 -0.241355 1.433145
v 0.138349 -0.207055 1.374071
v 0.124796 -0.186771 1.348647
v 0.136718 -0.204614 1.334690
v 0.145311 -0.217473 1.311913
v 0.137641 -0.205995 1.291282
v 0.129000 -0.193063 1.283984
v 0.137947 -0.206453 1.256867
v 0.153935 -0.230380 1.241731
v 0.174626 -0.261347 1.231913
v 0.199838 -0.299078 1.212206
v 0.207153 -0.310026 1.174043
v 0.200845 -0.300586 1.137878
v 0.174646 -0.261376 1.124237
v 0.151644 -0.226952 1.117377
v 0.133116 -0.199222 1.100486
v 0.117361 -0.175643 1.063064
v 0.111784 -0.167296 1.011549
v 0.111533 -0.166921 0.936000
v 0.114636 -0.171566 0.851309
v 0.123285 -0.184509 0.759385
v 0.146760 -0.219642 0.684580
v 0.164068 -0.245546 0.671804
v 0.175902 -0.263257 0.637504
v 0.171687 -0.256866 0.589845
v 0.157085 -0.234356 0.561371
v 0.176380 -0.263808 0.551503
v 0.212208 -0.317428 0.527424
v 0.227417 -0.340312 0.504767
v 0.242328 -0.362670 0.476062
v 0.255355 -0.382166 0.439199
v 0.261255 -0.390995 0.394401
v 0.262384 -0.392685 0.349614
v 0.247362 -0.370204 0.290542
v 0.284336 -0.425539 0.169752
v 0.233252 -0.349086 -0.006170
v 0.285156 -0.426766 0.014443
v 0.273591 -0.409459 0.232028
v 0.260775 -0.390277 0.269545
v 0.256488 -0.383862 0.309287
v 0.192837 -0.288561 0.543924
v 0.133204 -0.199354 0.701689
v 0.155106 -0.231640 0.569057
v 0.290298 -0.434462 0.073061
v 0.000064 -0.000324 1.916933
v 0.000000 0.000000 0.000000
v 0.016486 -0.082883 1.909270
v 0.032591 -0.163847 1.878012
v 0.047646 -0.239534 1.818219
v 0.058638 -0.294794 1.729642
v 0.064134 -0.322425 1.617100
v 0.062889 -0.316166 1.515429
v 0.056630 -0.284697 1.433145
v 0.048582 -0.244238 1.374071
v 0.043823 -0.220312 1.348647
v 0.048009 -0.241358 1.334690
v 0.051026 -0.256527 1.311913
v 0.048333 -0.242987 1.291282
v 0.045299 -0.227733 1.283984
v 0.048441 -0.243528 1.256867
v 0.054055 -0.271751 1.241731
v 0.061321 -0.308279 1.231913
v 0.070174 -0.352787 1.212206
v 0.072742 -0.365701 1.174043
v 0.070527 -0.354566 1.137878
v 0.061327 -0.308314 1.124237
v 0.053250 -0.267708 1.117377
v 0.046744 -0.234998 1.100486
v 0.041212 -0.207185 1.063064
v 0.039253 -0.197339 1.011549
v 0.039165 -0.196896 0.936000
v 0.040255 -0.202376 0.851309
v 0.043292 -0.217644 0.759385
v 0.051535 -0.259085 0.684580
v 0.057613 -0.289641 0.671804
v 0.061769 -0.310533 0.637504
v 0.060320 -0.303015 0.589845
v 0.055444 -0.276631 0.561371
v 0.061999 -0.311224 0.551503
v 0.074580 -0.374474 0.527424
v 0.079874 -0.401436 0.504767
v 0.085094 -0.427799 0.476062
v 0.089669 -0.450795 0.439199
v 0.091740 -0.461210 0.394401
v 0.092137 -0.463204 0.349614
v 0.086862 -0.436685 0.290542
v 0.099845 -0.501958 0.169752
v 0.081907 -0.411775 -0.006170
v 0.100133 -0.503405 0.014443
v 0.096072 -0.482989 0.232028
v 0.091572 -0.460363 0.269545
v 0.090067 -0.452796 0.309287
v 0.067731 -0.340391 0.543924
v 0.046775 -0.235154 0.701689
v 0.054654 -0.273364 0.569057
v 0.101939 -0.512482 0.073061
v -0.000064 -0.000324 1.916933
v 0.000000 0.000000 0.000000
v -0.016486 -0.082882 1.909270
v -0.032591 -0.163846 1.878012
v -0.047646 -0.239534 1.818219
v -0.058638 -0.294794 1.729642
v -0.064134 -0.322425 1.617100
v -0.062889 -0.316166 1.515429
v -0.056630 -0.284697 1.433145
v -0.048582 -0.244238 1.374071
v -0.043823 -0.220312 1.348647
v -0.048009 -0.241358 1.334690
v -0.051026 -0.256527 1.311913
v -0.048333 -0.242987 1.291282
v -0.045299 -0.227733 1.283984
v -0.048441 -0.243528 1.256867
v -0.054055 -0.271751 1.241731
v -0.061321 -0.308279 1.231913
v -0.070174 -0.352787 1.212206
v -0.072742 -0.365701 1.174043
v -0.070528 -0.354566 1.137878
v -0.061327 -0.308314 1.124237
v -0.053250 -0.267708 1.117377
v -0.046744 -0.234998 1.100486
v -0.041212 -0.207185 1.063064
v -0.039253 -0.197339 1.011549
v -0.039165 -0.196896 0.936000
v -0.040255 -0.202375 0.851309
v -0.043292 -0.217644 0.759385
v -0.051535 -0.259085 0.684580
v -0.057613 -0.289641 0.671804
v -0.061769 -0.310532 0.637504
v -0.060230 -0.303033 0.589845
v -0.054639 -0.276791 0.561371
v -0.061820 -0.311260 0.551503
v -0.074402 -0.374509 0.527424
v -0.079829 -0.401445 0.504767
v -0.085095 -0.427799 0.476062
v -0.089669 -0.450795 0.439199
v -0.091741 -0.461210 0.394401
v -0.092137 -0.463204 0.349614
v -0.086862 -0.436685 0.290542
v -0.099846 -0.501958 0.169752
v -0.081907 -0.411775 -0.006170
v -0.100133 -0.503405 0.014443
v -0.096073 -0.482989 0.232028
v -0.091572 -0.460363 0.269545
v -0.090067 -0.452796 0.309287
v -0.067687 -0.340400 0.543924
v -0.046775 -0.235154 0.701689
v -0.054118 -0.273470 0.569057
v -0.101939 -0.512482 0.073061
v -0.000183 -0.000274 1.916933
v 0.000000 0.000000 0.000000
v -0.046949 -0.070264 1.909270
v -0.092812 -0.138902 1.878012
v -0.135685 -0.203067 1.818219
v -0.166988 -0.249915 1.729642
v -0.182639 -0.273338 1.617100
v -0.179094 -0.268033 1.515429
v -0.161268 -0.241355 1.433145
v -0.138349 -0.207055 1.374071
v -0.124796 -0.186771 1.348647
v -0.136719 -0.204614 1.334690
v -0.145311 -0.217473 1.311913
v -0.137641 -0.205995 1.291282
v -0.129000 -0.193062 1.283984
v -0.137948 -0.206453 1.256867
v -0.153935 -0.230379 1.241731
v -0.174626 -0.261347 1.231913
v -0.199838 -0.299078 1.212206
v -0.207153 -0.310026 1.174043
v -0.200845 -0.300586 1.137878
v -0.174646 -0.261376 1.124237
v -0.151644 -0.226952 1.117377
v -0.133116 -0.199222 1.100486
v -0.117361 -0.175643 1.063064
v -0.111784 -0.167296 1.011549
v -0.111533 -0.166921 0.936000
v -0.114637 -0.171566 0.851309
v -0.123285 -0.184509 0.759385
v -0.146760 -0.219642 0.684580
v -0.164068 -0.245546 0.671804
v -0.175903 -0.263257 0.637504
v -0.171611 -0.256916 0.589845
v -0.156403 -0.234812 0.561371
v -0.176229 -0.263909 0.551503
v -0.212057 -0.317529 0.527424
v -0.227379 -0.340337 0.504767
v -0.242329 -0.362670 0.476062
v -0.255355 -0.382166 0.439199
v -0.261255 -0.390995 0.394401
v -0.262384 -0.392685 0.349614
v -0.247362 -0.370204 0.290542
v -0.284336 -0.425539 0.169752
v -0.233252 -0.349086 -0.006170
v -0.285156 -0.426766 0.014443
v -0.273591 -0.409458 0.232028
v -0.260775 -0.390277 0.269545
v -0.256488 -0.383861 0.309287
v -0.192800 -0.288586 0.543924
v -0.133204 -0.199354 0.701689
v -0.154651 -0.231944 0.569057
v -0.290298 -0.434462 0.073061
v -0.000274 -0.000183 1.916933
v 0.000000 0.000000 0.000000
v -0.070264 -0.046949 1.909270
v -0.138902 -0.092812 1.878012
v -0.203067 -0.135685 1.818219
v -0.249915 -0.166988 1.729642
v -0.273338 -0.182639 1.617100
v -0.268033 -0.179094 1.515429
v -0.241355 -0.161268 1.433145
v -0.207055 -0.138349 1.374071
v -0.186771 -0.124796 1.348647
v -0.204614 -0.136719 1.334690
v -0.217473 -0.145311 1.311913
v -0.205995 -0.137641 1.291282
v -0.193063 -0.129000 1.283984
v -0.206453 -0.137948 1.256867
v -0.230380 -0.153935 1.241731
v -0.261347 -0.174626 1.231913
v -0.299078 -0.199838 1.212206
v -0.310026 -0.207153 1.174043
v -0.300586 -0.200845 1.137878
v -0.261376 -0.174646 1.124237
v -0.226952 -0.151644 1.117377
v -0.199222 -0.133116 1.100486
v -0.175643 -0.117361 1.063064
v -0.167296 -0.111784 1.011549
v -0.166921 -0.111533 0.936000
v -0.171566 -0.114637 0.851309
v -0.184509 -0.123285 0.759385
v -0.219642 -0.146760 0.684580
v -0.245546 -0.164068 0.671804
v -0.263257 -0.175903 0.637504
v -0.256866 -0.171687 0.589845
v -0.234356 -0.157086 0.561371
v -0.263808 -0.176380 0.551503
v -0.317428 -0.212208 0.527424
v -0.340312 -0.227417 0.504767
v -0.362670 -0.242328 0.476062
v -0.382166 -0.255355 0.439199
v -0.390995 -0.261255 0.394401
v -0.392685 -0.262384 0.349614
v -0.370204 -0.247362 0.290542
v -0.425539 -0.284336 0.169752
v -0.349086 -0.233252 -0.006170
v -0.426766 -0.285156 0.014443
v -0.409459 -0.273591 0.232028
v -0.390277 -0.260775 0.269545
v -0.383862 -0.256488 0.309287
v -0.288561 -0.192837 0.543924
v -0.199354 -0.133204 0.701689
v -0.231640 -0.155106 0.569057
v -0.434462 -0.290298 0.073061
v -0.000324 -0.000064 1.916933
v 0.000000 0.000000 0.000000
v -0.082882 -0.016486 1.909270
v -0.163846 -0.032591 1.878012
v -0.239534 -0.047646 1.818219
v -0.294794 -0.058638 1.729642
v -0.322425 -0.064134 1.617100
v -0.316166 -0.062889 1.515428
v -0.284697 -0.056630 1.433145
v -0.244238 -0.048582 1.374072
v -0.220311 -0.043823 1.348647
v -0.241358 -0.048009 1.334690
v -0.256527 -0.051026 1.311913
v -0.242987 -0.048333 1.291282
v -0.227733 -0.045299 1.283984
v -0.243528 -0.048441 1.256867
v -0.271751 -0.054055 1.241731
v -0.308279 -0.061321 1.231913
v -0.352787 -0.070174 1.212206
v -0.365701 -0.072742 1.174043
v -0.354566 -0.070528 1.137878
v -0.308314 -0.061327 1.124237
v -0.267708 -0.053250 1.117377
v -0.234998 -0.046744 1.100486
v -0.207185 -0.041212 1.063064
v -0.197339 -0.039253 1.011549
v -0.196896 -0.039165 0.936000
v -0.202375 -0.040255 0.851309
v -0.217644 -0.043292 0.759385
v -0.259085 -0.051535 0.684580
v -0.289641 -0.057613 0.671804
v -0.310532 -0.061769 0.637504
v -0.303015 -0.060320 0.589845
v -0.276631 -0.055444 0.561371
v -0.311224 -0.061999 0.551503
v -0.374474 -0.074580 0.527424
v -0.401436 -0.079874 0.504767
v -0.427799 -0.085094 0.476062
v -0.450795 -0.089669 0.439199
v -0.461210 -0.091740 0.394401
v -0.463204 -0.092137 0.349614
v -0.436685 -0.086862 0.290542
v -0.501958 -0.099846 0.169752
v -0.411775 -0.081907 -0.006170
v -0.503405 -0.100133 0.014443
v -0.482989 -0.096073 0.232028
v -0.460363 -0.091572 0.269545
v -0.452796 -0.090067 0.309287
v -0.340391 -0.067731 0.543924
v -0.235154 -0.046775 0.701689
v -0.273364 -0.054654 0.569057
v -0.512482 -0.101939 0.073061
v -0.222283 0.092073 -0.005084
v -0.170128 0.170128 -0.005084
v -0.092073 0.222283 -0.005084
v 0.000000 0.240597 -0.005084
v 0.092073 0.222283 -0.005084
v 0.170128 0.170128 -0.005084
v 0.222283 0.092073 -0.005084
v 0.240597 -0.000000 -0.005084
v 0.222283 -0.092073 -0.005084
v 0.170128 -0.170128 -0.005084
v 0.092072 -0.222283 -0.005084
v -0.000000 -0.240597 -0.005084
v -0.092073 -0.222283 -0.005084
v -0.170128 -0.170128 -0.005084
v -0.222283 -0.092073 -0.005084
v -0.039311 0.016283 1.914862
v -0.030087 0.030087 1.914862
v -0.016283 0.039311 1.914862
v 0.000000 0.042550 1.914862
v 0.016283 0.039311 1.914862
v 0.030087 0.030087 1.914862
v 0.039311 0.016283 1.914862
v 0.042550 -0.000000 1.914862
v 0.039311 -0.016283 1.914862
v 0.030087 -0.030087 1.914862
v 0.016283 -0.039311 1.914862
v -0.000000 -0.042550 1.914862
v -0.016283 -0.039311 1.914862
v -0.030087 -0.030087 1.914862
v -0.039311 -0.016283 1.914862
v -0.116420 0.048223 1.897208
v -0.089104 0.089104 1.897208
v -0.048223 0.116420 1.897208
v 0.000000 0.126012 1.897208
v 0.048223 0.116420 1.897208
v 0.089104 0.089104 1.897208
v 0.116420 0.048223 1.897208
v 0.126012 -0.000000 1.897208
v 0.116420 -0.048223 1.897208
v 0.089104 -0.089104 1.897208
v 0.048223 -0.116420 1.897208
v -0.000000 -0.126012 1.897208
v -0.048223 -0.116420 1.897208
v -0.089104 -0.089104 1.897208
v -0.116420 -0.048223 1.897208
v -0.191485 0.079316 1.851636
v -0.146557 0.146557 1.851636
v -0.079316 0.191485 1.851636
v 0.000000 0.207262 1.851636
v 0.079316 0.191485 1.851636
v 0.146557 0.146557 1.851636
v 0.191486 0.079316 1.851636
v 0.207262 -0.000000 1.851636
v 0.191485 -0.079316 1.851636
v 0.146557 -0.146557 1.851636
v 0.079316 -0.191486 1.851636
v -0.000000 -0.207262 1.851636
v -0.079316 -0.191486 1.851636
v -0.146557 -0.146557 1.851636
v -0.191486 -0.079316 1.851636
v -0.254612 0.105464 1.777776
v -0.194872 0.194871 1.777776
v -0.105464 0.254612 1.777776
v 0.000000 0.275590 1.777776
v 0.105464 0.254612 1.777776
v 0.194872 0.194871 1.777776
v 0.254612 0.105464 1.777776
v 0.275590 -0.000000 1.777776
v 0.254612 -0.105464 1.777776
v 0.194871 -0.194872 1.777776
v 0.105464 -0.254612 1.777776
v -0.000000 -0.275590 1.777776
v -0.105464 -0.254612 1.777776
v -0.194872 -0.194872 1.777776
v -0.254612 -0.105464 1.777776
v -0.294483 0.121979 1.674251
v -0.225388 0.225388 1.674251
v -0.121979 0.294483 1.674251
v 0.000000 0.318746 1.674251
v 0.121979 0.294483 1.674251
v 0.225388 0.225388 1.674251
v 0.294483 0.121979 1.674251
v 0.318746 -0.000000 1.674251
v 0.294483 -0.121979 1.674251
v 0.225388 -0.225388 1.674251
v 0.121979 -0.294483 1.674251
v -0.000000 -0.318746 1.674251
v -0.121979 -0.294483 1.674251
v -0.225388 -0.225388 1.674251
v -0.294483 -0.121979 1.674251
v -0.304546 0.126147 1.563809
v -0.233090 0.233090 1.563809
v -0.126147 0.304546 1.563809
v 0.000000 0.329639 1.563809
v 0.126147 0.304546 1.563809
v 0.233090 0.233090 1.563809
v 0.304546 0.126147 1.563809
v 0.329639 -0.000000 1.563809
v 0.304546 -0.126147 1.563809
v 0.233090 -0.233090 1.563809
v 0.126147 -0.304547 1.563809
v -0.000000 -0.329639 1.563809
v -0.126147 -0.304546 1.563809
v -0.233090 -0.233090 1.563809
v -0.304546 -0.126147 1.563809
v -0.285106 0.118095 1.471881
v -0.218211 0.218210 1.471881
v -0.118095 0.285106 1.471881
v 0.000000 0.308596 1.471881
v 0.118095 0.285106 1.471881
v 0.218211 0.218210 1.471881
v 0.285106 0.118095 1.471881
v 0.308596 -0.000000 1.471881
v 0.285106 -0.118095 1.471881
v 0.218211 -0.218211 1.471881
v 0.118095 -0.285106 1.471881
v -0.000000 -0.308596 1.471881
v -0.118095 -0.285106 1.471881
v -0.218211 -0.218211 1.471881
v -0.285106 -0.118095 1.471881
v -0.249114 0.103186 1.399714
v -0.190664 0.190664 1.399714
v -0.103186 0.249114 1.399714
v 0.000000 0.269639 1.399714
v 0.103186 0.249114 1.399714
v 0.190664 0.190664 1.399714
v 0.249114 0.103186 1.399714
v 0.269639 -0.000000 1.399714
v 0.249114 -0.103187 1.399714
v 0.190664 -0.190664 1.399714
v 0.103186 -0.249114 1.399714
v -0.000000 -0.269639 1.399714
v -0.103186 -0.249114 1.399714
v -0.190664 -0.190664 1.399714
v -0.249114 -0.103186 1.399714
v -0.214158 0.088707 1.358020
v -0.163910 0.163910 1.358021
v -0.088707 0.214158 1.358021
v 0.000000 0.231803 1.358021
v 0.088707 0.214158 1.358021
v 0.163910 0.163910 1.358021
v 0.214159 0.088707 1.358021
v 0.231804 -0.000000 1.358021
v 0.214158 -0.088707 1.358021
v 0.163910 -0.163910 1.358021
v 0.088707 -0.214159 1.358021
v -0.000000 -0.231804 1.358021
v -0.088707 -0.214159 1.358021
v -0.163910 -0.163910 1.358021
v -0.214159 -0.088707 1.358021
v -0.214366 0.088793 1.342000
v -0.164068 0.164068 1.342000
v -0.088793 0.214366 1.342000
v 0.000000 0.232028 1.342000
v 0.088793 0.214366 1.342000
v 0.164068 0.164068 1.342000
v 0.214366 0.088793 1.342000
v 0.232028 -0.000000 1.342000
v 0.214366 -0.088793 1.342000
v 0.164068 -0.164069 1.342000
v 0.088793 -0.214366 1.342000
v -0.000000 -0.232028 1.342000
v -0.088793 -0.214366 1.342000
v -0.164068 -0.164068 1.342000
v -0.214366 -0.088793 1.342000
v -0.237716 0.098465 1.324323
v -0.181940 0.181940 1.324324
v -0.098465 0.237716 1.324324
v 0.000000 0.257302 1.324324
v 0.098465 0.237716 1.324324
v 0.181940 0.181940 1.324324
v 0.237716 0.098465 1.324324
v 0.257302 -0.000000 1.324324
v 0.237716 -0.098465 1.324324
v 0.181940 -0.181940 1.324324
v 0.098465 -0.237716 1.324324
v -0.000000 -0.257302 1.324324
v -0.098465 -0.237716 1.324324
v -0.181940 -0.181940 1.324324
v -0.237716 -0.098465 1.324324
v -0.237780 0.098492 1.299683
v -0.181989 0.181989 1.299683
v -0.098492 0.237780 1.299683
v 0.000000 0.257371 1.299683
v 0.098492 0.237780 1.299683
v 0.181989 0.181989 1.299683
v 0.237780 0.098491 1.299683
v 0.257371 -0.000000 1.299683
v 0.237780 -0.098492 1.299683
v 0.181989 -0.181989 1.299683
v 0.098492 -0.237780 1.299683
v -0.000000 -0.257371 1.299683
v -0.098492 -0.237780 1.299683
v -0.181989 -0.181989 1.299683
v -0.237780 -0.098492 1.299683
v -0.219270 0.090825 1.288465
v -0.167822 0.167822 1.288465
v -0.090825 0.219270 1.288465
v 0.000000 0.237336 1.288465
v 0.090825 0.219270 1.288465
v 0.167822 0.167822 1.288465
v 0.219270 0.090824 1.288465
v 0.237336 -0.000000 1.288465
v 0.219270 -0.090825 1.288465
v 0.167822 -0.167822 1.288465
v 0.090825 -0.219270 1.288465
v -0.000000 -0.237336 1.288465
v -0.090825 -0.219270 1.288465
v -0.167822 -0.167822 1.288465
v -0.219270 -0.090825 1.288465
v -0.218907 0.090674 1.271445
v -0.167544 0.167544 1.271445
v -0.090674 0.218907 1.271445
v 0.000000 0.236943 1.271445
v 0.090674 0.218906 1.271445
v 0.167544 0.167544 1.271445
v 0.218907 0.090674 1.271445
v 0.236943 -0.000000 1.271445
v 0.218907 -0.090674 1.271445
v 0.167544 -0.167544 1.271445
v 0.090674 -0.218907 1.271445
v -0.000000 -0.236943 1.271445
v -0.090674 -0.218907 1.271445
v -0.167544 -0.167544 1.271445
v -0.218907 -0.090674 1.271445
v -0.242063 0.100266 1.247329
v -0.185267 0.185267 1.247329
v -0.100266 0.242063 1.247329
v 0.000000 0.262007 1.247329
v 0.100266 0.242063 1.247329
v 0.185267 0.185267 1.247329
v 0.242063 0.100266 1.247329
v 0.262007 -0.000000 1.247329
v 0.242063 -0.100266 1.247329
v 0.185267 -0.185267 1.247329
v 0.100266 -0.242063 1.247329
v -0.000000 -0.262007 1.247329
v -0.100266 -0.242063 1.247329
v -0.185267 -0.185267 1.247329
v -0.242063 -0.100266 1.247329
v -0.271524 0.112469 1.237198
v -0.207816 0.207816 1.237198
v -0.112469 0.271524 1.237198
v 0.000000 0.293896 1.237198
v 0.112469 0.271524 1.237198
v 0.207816 0.207816 1.237198
v 0.271524 0.112469 1.237198
v 0.293896 -0.000000 1.237198
v 0.271524 -0.112469 1.237198
v 0.207816 -0.207816 1.237198
v 0.112469 -0.271524 1.237198
v -0.000000 -0.293896 1.237198
v -0.112469 -0.271524 1.237198
v -0.207816 -0.207816 1.237198
v -0.271524 -0.112469 1.237198
v -0.312993 0.129646 1.224242
v -0.239554 0.239554 1.224242
v -0.129646 0.312993 1.224242
v 0.000000 0.338781 1.224242
v 0.129646 0.312993 1.224242
v 0.239554 0.239554 1.224242
v 0.312993 0.129646 1.224242
v 0.338781 -0.000000 1.224242
v 0.312993 -0.129646 1.224242
v 0.239554 -0.239554 1.224242
v 0.129646 -0.312993 1.224242
v -0.000000 -0.338781 1.224242
v -0.129646 -0.312993 1.224242
v -0.239554 -0.239554 1.224242
v -0.312993 -0.129646 1.224242
v -0.341976 0.141651 1.194648
v -0.261737 0.261737 1.194649
v -0.141651 0.341976 1.194649
v 0.000000 0.370152 1.194649
v 0.141651 0.341976 1.194649
v 0.261737 0.261737 1.194649
v 0.341976 0.141651 1.194649
v 0.370152 -0.000000 1.194649
v 0.341976 -0.141651 1.194649
v 0.261737 -0.261737 1.194649
v 0.141651 -0.341976 1.194649
v -0.000000 -0.370152 1.194649
v -0.141651 -0.341976 1.194649
v -0.261737 -0.261737 1.194649
v -0.341976 -0.141651 1.194649
v -0.343084 0.142110 1.153856
v -0.262585 0.262585 1.153855
v -0.142110 0.343084 1.153855
v 0.000000 0.371351 1.153855
v 0.142110 0.343084 1.153855
v 0.262585 0.262585 1.153855
v 0.343084 0.142110 1.153855
v 0.371351 -0.000000 1.153855
v 0.343084 -0.142110 1.153855
v 0.262585 -0.262585 1.153855
v 0.142110 -0.343084 1.153855
v -0.000000 -0.371351 1.153855
v -0.142110 -0.343084 1.153855
v -0.262585 -0.262585 1.153855
v -0.343084 -0.142110 1.153855
v -0.314281 0.130179 1.128759
v -0.240540 0.240540 1.128759
v -0.130179 0.314281 1.128759
v 0.000000 0.340175 1.128759
v 0.130179 0.314281 1.128759
v 0.240540 0.240540 1.128759
v 0.314281 0.130179 1.128759
v 0.340175 -0.000000 1.128759
v 0.314281 -0.130179 1.128759
v 0.240540 -0.240540 1.128759
v 0.130179 -0.314281 1.128759
v -0.000000 -0.340175 1.128759
v -0.130179 -0.314281 1.128759
v -0.240540 -0.240540 1.128759
v -0.314281 -0.130179 1.128759
v -0.269699 0.111713 1.121118
v -0.206419 0.206419 1.121118
v -0.111713 0.269699 1.121118
v 0.000000 0.291920 1.121118
v 0.111713 0.269699 1.121118
v 0.206419 0.206419 1.121118
v 0.269699 0.111713 1.121118
v 0.291920 -0.000000 1.121118
v 0.269699 -0.111713 1.121118
v 0.206419 -0.206419 1.121118
v 0.111713 -0.269699 1.121118
v -0.000000 -0.291920 1.121118
v -0.111713 -0.269699 1.121118
v -0.206419 -0.206419 1.121118
v -0.269699 -0.111713 1.121118
v -0.236423 0.097930 1.111208
v -0.180950 0.180950 1.111208
v -0.097930 0.236423 1.111208
v 0.000000 0.255902 1.111208
v 0.097930 0.236423 1.111208
v 0.180950 0.180950 1.111208
v 0.236423 0.097930 1.111208
v 0.255902 -0.000000 1.111208
v 0.236423 -0.097930 1.111208
v 0.180950 -0.180950 1.111208
v 0.097930 -0.236423 1.111208
v -0.000000 -0.255902 1.111208
v -0.097930 -0.236423 1.111208
v -0.180950 -0.180950 1.111208
v -0.236423 -0.097930 1.111208
v -0.206823 0.085669 1.083820
v -0.158296 0.158295 1.083820
v -0.085669 0.206823 1.083820
v 0.000000 0.223864 1.083820
v 0.085669 0.206823 1.083820
v 0.158296 0.158295 1.083820
v 0.206823 0.085669 1.083820
v 0.223864 -0.000000 1.083820
v 0.206823 -0.085669 1.083820
v 0.158295 -0.158296 1.083820
v 0.085669 -0.206823 1.083820
v -0.000000 -0.223864 1.083820
v -0.085669 -0.206823 1.083820
v -0.158296 -0.158296 1.083820
v -0.206823 -0.085669 1.083820
v -0.188639 0.078137 1.039834
v -0.144378 0.144378 1.039834
v -0.078137 0.188639 1.039834
v 0.000000 0.204181 1.039834
v 0.078137 0.188639 1.039834
v 0.144378 0.144378 1.039834
v 0.188639 0.078137 1.039834
v 0.204181 -0.000000 1.039834
v 0.188639 -0.078137 1.039834
v 0.144378 -0.144378 1.039834
v 0.078137 -0.188639 1.039834
v -0.000000 -0.204181 1.039834
v -0.078137 -0.188639 1.039834
v -0.144378 -0.144378 1.039834
v -0.188639 -0.078137 1.039834
v -0.185078 0.076662 0.975915
v -0.141652 0.141652 0.975915
v -0.076662 0.185078 0.975915
v 0.000000 0.200327 0.975915
v 0.076662 0.185078 0.975915
v 0.141652 0.141652 0.975915
v 0.185078 0.076662 0.975915
v 0.200327 -0.000000 0.975915
v 0.185078 -0.076662 0.975915
v 0.141652 -0.141652 0.975915
v 0.076662 -0.185078 0.975915
v -0.000000 -0.200327 0.975915
v -0.076662 -0.185078 0.975915
v -0.141652 -0.141652 0.975915
v -0.185078 -0.076662 0.975915
v -0.187011 0.077462 0.895004
v -0.143132 0.143132 0.895004
v -0.077462 0.187011 0.895004
v 0.000000 0.202419 0.895004
v 0.077462 0.187011 0.895004
v 0.143132 0.143132 0.895004
v 0.187011 0.077462 0.895004
v 0.202419 -0.000000 0.895004
v 0.187011 -0.077462 0.895004
v 0.143132 -0.143132 0.895004
v 0.077462 -0.187011 0.895004
v -0.000000 -0.202419 0.895004
v -0.077462 -0.187011 0.895004
v -0.143132 -0.143132 0.895004
v -0.187011 -0.077462 0.895004
v -0.197119 0.081649 0.803948
v -0.150868 0.150868 0.803948
v -0.081649 0.197119 0.803948
v 0.000000 0.213360 0.803948
v 0.081649 0.197119 0.803948
v 0.150868 0.150868 0.803948
v 0.197119 0.081649 0.803948
v 0.213360 -0.000000 0.803948
v 0.197119 -0.081649 0.803948
v 0.150868 -0.150868 0.803948
v 0.081649 -0.197119 0.803948
v -0.000000 -0.213360 0.803948
v -0.081649 -0.197119 0.803948
v -0.150868 -0.150868 0.803948
v -0.197119 -0.081649 0.803948
v -0.231740 0.095990 0.689992
v -0.177366 0.177366 0.689992
v -0.095990 0.231740 0.689992
v 0.000000 0.250833 0.689992
v 0.095990 0.231740 0.689992
v 0.177366 0.177366 0.689992
v 0.231740 0.095990 0.689992
v 0.250833 -0.000000 0.689992
v 0.231740 -0.095990 0.689992
v 0.177366 -0.177366 0.689992
v 0.095990 -0.231740 0.689992
v -0.000000 -0.250833 0.689992
v -0.095990 -0.231740 0.689992
v -0.177366 -0.177366 0.689992
v -0.231740 -0.095990 0.689992
v -0.258401 0.107033 0.679796
v -0.197772 0.197772 0.679797
v -0.107033 0.258401 0.679797
v 0.000000 0.279692 0.679797
v 0.107033 0.258401 0.679797
v 0.197772 0.197772 0.679797
v 0.258401 0.107033 0.679797
v 0.279692 -0.000000 0.679797
v 0.258401 -0.107033 0.679797
v 0.197772 -0.197772 0.679797
v 0.107033 -0.258401 0.679797
v -0.000000 -0.279692 0.679797
v -0.107033 -0.258401 0.679797
v -0.197772 -0.197772 0.679797
v -0.258401 -0.107033 0.679797
v -0.285063 0.118077 0.657826
v -0.218177 0.218177 0.657826
v -0.118077 0.285062 0.657826
v 0.000000 0.308549 0.657826
v 0.118077 0.285062 0.657826
v 0.218177 0.218177 0.657826
v 0.285063 0.118077 0.657826
v 0.308549 -0.000000 0.657826
v 0.285063 -0.118077 0.657826
v 0.218177 -0.218177 0.657826
v 0.118077 -0.285063 0.657826
v -0.000000 -0.308549 0.657826
v -0.118077 -0.285063 0.657826
v -0.218177 -0.218177 0.657826
v -0.285063 -0.118077 0.657826
v -0.293030 0.121371 0.612467
v -0.224278 0.224270 0.612467
v -0.121381 0.293026 0.612467
v -0.000006 0.317171 0.612467
v 0.121371 0.293030 0.612467
v 0.224270 0.224278 0.612467
v 0.293026 0.121381 0.612467
v 0.317171 0.000006 0.612467
v 0.293030 -0.121371 0.612467
v 0.224278 -0.224270 0.612467
v 0.121381 -0.293026 0.612467
v 0.000006 -0.317171 0.612467
v -0.121371 -0.293030 0.612467
v -0.224270 -0.224278 0.612467
v -0.293026 -0.121381 0.612467
v -0.254034 0.104799 0.565056
v -0.194592 0.194036 0.565056
v -0.105525 0.253733 0.565056
v -0.000393 0.274802 0.565056
v 0.104799 0.254034 0.565056
v 0.194036 0.194592 0.565056
v 0.253733 0.105525 0.565056
v 0.274802 0.000393 0.565056
v 0.254034 -0.104799 0.565056
v 0.194592 -0.194036 0.565056
v 0.105525 -0.253733 0.565056
v 0.000393 -0.274802 0.565056
v -0.104799 -0.254034 0.565056
v -0.194036 -0.194592 0.565056
v -0.253733 -0.105525 0.565056
v -0.275986 0.114027 0.556381
v -0.211342 0.210963 0.556381
v -0.114522 0.275781 0.556381
v -0.000268 0.298614 0.556381
v 0.114027 0.275986 0.556381
v 0.210963 0.211342 0.556381
v 0.275781 0.114522 0.556381
v 0.298614 0.000268 0.556381
v 0.275986 -0.114027 0.556381
v 0.211342 -0.210963 0.556381
v 0.114522 -0.275781 0.556381
v 0.000268 -0.298614 0.556381
v -0.114027 -0.275986 0.556381
v -0.210963 -0.211342 0.556381
v -0.275781 -0.114522 0.556381
v -0.336684 0.139388 0.536844
v -0.257714 0.257621 0.536844
v -0.139509 0.336634 0.536844
v -0.000066 0.364397 0.536844
v 0.139388 0.336684 0.536844
v 0.257622 0.257714 0.536844
v 0.336634 0.139509 0.536844
v 0.364397 0.000066 0.536844
v 0.336684 -0.139388 0.536844
v 0.257714 -0.257622 0.536844
v 0.139509 -0.336634 0.536844
v 0.000066 -0.364397 0.536844
v -0.139388 -0.336684 0.536844
v -0.257622 -0.257714 0.536844
v -0.336634 -0.139509 0.536844
v -0.366232 0.151627 0.516727
v -0.280329 0.280236 0.516727
v -0.151748 0.366181 0.516727
v -0.000066 0.396379 0.516727
v 0.151627 0.366232 0.516727
v 0.280236 0.280329 0.516727
v 0.366181 0.151748 0.516727
v 0.396379 0.000066 0.516727
v 0.366232 -0.151627 0.516727
v 0.280329 -0.280236 0.516727
v 0.151748 -0.366181 0.516727
v 0.000066 -0.396379 0.516727
v -0.151627 -0.366232 0.516727
v -0.280236 -0.280329 0.516727
v -0.366181 -0.151748 0.516727
v -0.390481 0.161739 0.491295
v -0.298862 0.298858 0.491295
v -0.161745 0.390479 0.491295
v -0.000003 0.422652 0.491295
v 0.161739 0.390481 0.491295
v 0.298858 0.298862 0.491295
v 0.390479 0.161745 0.491295
v 0.422652 0.000003 0.491295
v 0.390481 -0.161739 0.491295
v 0.298862 -0.298858 0.491295
v 0.161745 -0.390479 0.491295
v 0.000003 -0.422652 0.491295
v -0.161739 -0.390481 0.491295
v -0.298858 -0.298862 0.491295
v -0.390479 -0.161745 0.491295
v -0.414938 0.171873 0.458805
v -0.317580 0.317580 0.458805
v -0.171873 0.414938 0.458805
v 0.000000 0.449125 0.458805
v 0.171873 0.414938 0.458805
v 0.317580 0.317580 0.458805
v 0.414938 0.171873 0.458805
v 0.449125 -0.000000 0.458805
v 0.414938 -0.171873 0.458805
v 0.317580 -0.317580 0.458805
v 0.171873 -0.414938 0.458805
v -0.000000 -0.449125 0.458805
v -0.171873 -0.414938 0.458805
v -0.317580 -0.317580 0.458805
v -0.414938 -0.171873 0.458805
v -0.430903 0.178486 0.417257
v -0.329799 0.329799 0.417257
v -0.178486 0.430903 0.417257
v 0.000000 0.466406 0.417257
v 0.178486 0.430903 0.417257
v 0.329799 0.329799 0.417257
v 0.430903 0.178486 0.417257
v 0.466406 -0.000000 0.417257
v 0.430903 -0.178486 0.417257
v 0.329799 -0.329799 0.417257
v 0.178486 -0.430903 0.417257
v -0.000000 -0.466406 0.417257
v -0.178486 -0.430903 0.417257
v -0.329799 -0.329799 0.417257
v -0.430903 -0.178486 0.417257
v -0.436413 0.180768 0.371974
v -0.334016 0.334016 0.371974
v -0.180768 0.436413 0.371974
v 0.000000 0.472370 0.371974
v 0.180768 0.436413 0.371974
v 0.334016 0.334016 0.371974
v 0.436413 0.180768 0.371974
v 0.472370 -0.000000 0.371974
v 0.436413 -0.180768 0.371974
v 0.334016 -0.334016 0.371974
v 0.180768 -0.436413 0.371974
v -0.000000 -0.472370 0.371974
v -0.180768 -0.436413 0.371974
v -0.334016 -0.334016 0.371974
v -0.436413 -0.180768 0.371974
v -0.416193 0.172393 0.298194
v -0.318540 0.318540 0.298194
v -0.172393 0.416193 0.298194
v 0.000000 0.450484 0.298194
v 0.172393 0.416193 0.298194
v 0.318540 0.318540 0.298194
v 0.416193 0.172393 0.298194
v 0.450484 -0.000000 0.298194
v 0.416193 -0.172393 0.298194
v 0.318540 -0.318540 0.298194
v 0.172393 -0.416193 0.298194
v -0.000000 -0.450484 0.298194
v -0.172393 -0.416193 0.298194
v -0.318540 -0.318540 0.298194
v -0.416193 -0.172393 0.298194
v -0.464216 0.192285 0.205904
v -0.355296 0.355296 0.205904
v -0.192285 0.464216 0.205904
v 0.000000 0.502464 0.205904
v 0.192285 0.464216 0.205904
v 0.355296 0.355296 0.205904
v 0.464216 0.192285 0.205904
v 0.502464 -0.000000 0.205904
v 0.464216 -0.192285 0.205904
v 0.355296 -0.355296 0.205904
v 0.192285 -0.464216 0.205904
v -0.000000 -0.502464 0.205904
v -0.192285 -0.464216 0.205904
v -0.355296 -0.355296 0.205904
v -0.464216 -0.192285 0.205904
v -0.459179 0.190198 0.000088
v -0.351441 0.351441 0.000088
v -0.190198 0.459179 0.000088
v 0.000000 0.497012 0.000088
v 0.190198 0.459179 0.000088
v 0.351441 0.351441 0.000088
v 0.459179 0.190198 0.000088
v 0.497012 -0.000000 0.000088
v 0.459179 -0.190198 0.000088
v 0.351441 -0.351441 0.000088
v 0.190198 -0.459179 0.000088
v -0.000000 -0.497012 0.000088
v -0.190198 -0.459179 0.000088
v -0.351441 -0.351440 0.000088
v -0.459179 -0.190198 0.000088
v -0.479989 0.198818 0.037650
v -0.367367 0.367367 0.037650
v -0.198818 0.479989 0.037650
v 0.000000 0.519536 0.037650
v 0.198818 0.479989 0.037650
v 0.367367 0.367367 0.037650
v 0.479989 0.198818 0.037650
v 0.519536 -0.000000 0.037650
v 0.479989 -0.198818 0.037650
v 0.367367 -0.367368 0.037650
v 0.198818 -0.479989 0.037650
v -0.000000 -0.519536 0.037650
v -0.198818 -0.479989 0.037650
v -0.367368 -0.367367 0.037650
v -0.479989 -0.198818 0.037650
v -0.445432 0.184504 0.252993
v -0.340919 0.340919 0.252993
v -0.184504 0.445433 0.252993
v 0.000000 0.482133 0.252993
v 0.184504 0.445432 0.252993
v 0.340919 0.340919 0.252993
v 0.445433 0.184504 0.252993
v 0.482133 -0.000000 0.252993
v 0.445432 -0.184504 0.252993
v 0.340919 -0.340919 0.252993
v 0.184504 -0.445433 0.252993
v -0.000000 -0.482133 0.252993
v -0.184504 -0.445432 0.252993
v -0.340919 -0.340919 0.252993
v -0.445433 -0.184504 0.252993
v -0.419525 0.173773 0.281682
v -0.321091 0.321091 0.281682
v -0.173773 0.419525 0.281682
v 0.000000 0.454091 0.281682
v 0.173773 0.419525 0.281682
v 0.321091 0.321091 0.281682
v 0.419525 0.173773 0.281682
v 0.454091 -0.000000 0.281682
v 0.419525 -0.173773 0.281682
v 0.321091 -0.321091 0.281682
v 0.173773 -0.419525 0.281682
v -0.000000 -0.454091 0.281682
v -0.173773 -0.419525 0.281682
v -0.321091 -0.321091 0.281682
v -0.419525 -0.173773 0.281682
v -0.433496 0.179560 0.327447
v -0.331784 0.331784 0.327447
v -0.179560 0.433496 0.327447
v 0.000000 0.469213 0.327447
v 0.179560 0.433496 0.327447
v 0.331784 0.331784 0.327447
v 0.433496 0.179560 0.327447
v 0.469213 -0.000000 0.327447
v 0.433496 -0.179560 0.327447
v 0.331784 -0.331784 0.327447
v 0.179560 -0.433497 0.327447
v -0.000000 -0.469213 0.327447
v -0.179560 -0.433496 0.327447
v -0.331784 -0.331784 0.327447
v -0.433496 -0.179560 0.327447
v -0.307258 0.127255 0.548056
v -0.235171 0.235151 0.548056
v -0.127281 0.307247 0.548056
v -0.000014 0.332568 0.548056
v 0.127255 0.307258 0.548056
v 0.235151 0.235171 0.548056
v 0.307247 0.127281 0.548056
v 0.332568 0.000014 0.548056
v 0.307258 -0.127255 0.548056
v 0.235171 -0.235151 0.548056
v 0.127281 -0.307247 0.548056
v 0.000014 -0.332568 0.548056
v -0.127255 -0.307258 0.548056
v -0.235151 -0.235171 0.548056
v -0.307247 -0.127281 0.548056
v -0.212956 0.088209 0.724658
v -0.162989 0.162989 0.724658
v -0.088209 0.212956 0.724658
v 0.000000 0.230501 0.724658
v 0.088209 0.212956 0.724658
v 0.162989 0.162989 0.724658
v 0.212956 0.088209 0.724658
v 0.230502 -0.000000 0.724658
v 0.212956 -0.088209 0.724658
v 0.162989 -0.162989 0.724658
v 0.088209 -0.212956 0.724658
v -0.000000 -0.230502 0.724658
v -0.088209 -0.212956 0.724658
v -0.162989 -0.162989 0.724658
v -0.212956 -0.088209 0.724658
v -0.270917 0.112063 0.576045
v -0.207410 0.207209 0.576045
v -0.112327 0.270808 0.576045
v -0.000143 0.293180 0.576045
v 0.112063 0.270917 0.576045
v 0.207209 0.207410 0.576045
v 0.270808 0.112327 0.576045
v 0.293180 0.000142 0.576045
v 0.270917 -0.112063 0.576045
v 0.207410 -0.207209 0.576045
v 0.112327 -0.270808 0.576045
v 0.000142 -0.293180 0.576045
v -0.112063 -0.270917 0.576045
v -0.207209 -0.207410 0.576045
v -0.270808 -0.112327 0.576045
v -0.479855 0.198763 0.121336
v -0.367265 0.367265 0.121336
v -0.198763 0.479855 0.121336
v 0.000000 0.519392 0.121336
v 0.198763 0.479855 0.121336
v 0.367265 0.367265 0.121336
v 0.479855 0.198763 0.121336
v 0.519392 -0.000000 0.121336
v 0.479855 -0.198763 0.121336
v 0.367265 -0.367265 0.121336
v 0.198763 -0.479856 0.121336
v -0.000000 -0.519392 0.121336
v -0.198763 -0.479855 0.121336
v -0.367266 -0.367265 0.121336
v -0.479855 -0.198763 0.121336
v -0.235959 0.046935 -0.005084
v -0.200036 0.133660 -0.005084
v -0.133660 0.200036 -0.005084
v -0.046935 0.235959 -0.005084
v 0.046935 0.235959 -0.005084
v 0.133660 0.200036 -0.005084
v 0.200036 0.133660 -0.005084
v 0.235959 0.046935 -0.005084
v 0.235959 -0.046935 -0.005084
v 0.200036 -0.133660 -0.005084
v 0.133660 -0.200036 -0.005084
v 0.046935 -0.235959 -0.005084
v -0.046935 -0.235959 -0.005084
v -0.133660 -0.200036 -0.005084
v -0.200036 -0.133660 -0.005084
v -0.235959 -0.046935 -0.005084
v -0.041730 0.008300 1.914862
v -0.035377 0.023638 1.914862
v -0.023638 0.035377 1.914862
v -0.008301 0.041729 1.914862
v 0.008301 0.041729 1.914862
v 0.023638 0.035377 1.914862
v 0.035377 0.023638 1.914862
v 0.041730 0.008300 1.914862
v 0.041730 -0.008301 1.914862
v 0.035377 -0.023638 1.914862
v 0.023638 -0.035377 1.914862
v 0.008301 -0.041730 1.914862
v -0.008301 -0.041730 1.914862
v -0.023638 -0.035377 1.914862
v -0.035377 -0.023638 1.914862
v -0.041730 -0.008301 1.914862
v -0.123583 0.024582 1.897208
v -0.104768 0.070004 1.897208
v -0.070004 0.104768 1.897208
v -0.024582 0.123583 1.897208
v 0.024582 0.123583 1.897208
v 0.070004 0.104768 1.897208
v 0.104768 0.070004 1.897208
v 0.123583 0.024582 1.897208
v 0.123583 -0.024582 1.897208
v 0.104768 -0.070004 1.897208
v 0.070004 -0.104768 1.897208
v 0.024582 -0.123583 1.897208
v -0.024582 -0.123583 1.897208
v -0.070004 -0.104768 1.897208
v -0.104768 -0.070004 1.897208
v -0.123583 -0.024582 1.897208
v -0.203267 0.040432 1.851636
v -0.172321 0.115141 1.851636
v -0.115141 0.172321 1.851636
v -0.040432 0.203267 1.851636
v 0.040432 0.203267 1.851636
v 0.115141 0.172321 1.851636
v 0.172321 0.115141 1.851636
v 0.203267 0.040432 1.851636
v 0.203267 -0.040432 1.851636
v 0.172321 -0.115142 1.851636
v 0.115141 -0.172321 1.851636
v 0.040432 -0.203267 1.851636
v -0.040432 -0.203267 1.851636
v -0.115141 -0.172321 1.851636
v -0.172321 -0.115141 1.851636
v -0.203267 -0.040432 1.851636
v -0.270277 0.053761 1.777776
v -0.229130 0.153100 1.777776
v -0.153100 0.229130 1.777776
v -0.053761 0.270277 1.777776
v 0.053761 0.270277 1.777776
v 0.153100 0.229130 1.777776
v 0.229130 0.153100 1.777776
v 0.270277 0.053761 1.777776
v 0.270277 -0.053762 1.777776
v 0.229130 -0.153100 1.777776
v 0.153100 -0.229130 1.777776
v 0.053761 -0.270277 1.777776
v -0.053761 -0.270277 1.777776
v -0.153100 -0.229130 1.777776
v -0.229130 -0.153100 1.777776
v -0.270277 -0.053762 1.777776
v -0.312602 0.062180 1.674251
v -0.265011 0.177074 1.674251
v -0.177075 0.265011 1.674251
v -0.062180 0.312601 1.674251
v 0.062180 0.312601 1.674251
v 0.177075 0.265011 1.674251
v 0.265011 0.177074 1.674251
v 0.312602 0.062180 1.674251
v 0.312602 -0.062180 1.674251
v 0.265011 -0.177075 1.674251
v 0.177074 -0.265011 1.674251
v 0.062180 -0.312602 1.674251
v -0.062180 -0.312602 1.674251
v -0.177075 -0.265011 1.674251
v -0.265011 -0.177075 1.674251
v -0.312602 -0.062180 1.674251
v -0.323284 0.064305 1.563809
v -0.274067 0.183126 1.563809
v -0.183126 0.274067 1.563809
v -0.064305 0.323284 1.563809
v 0.064305 0.323284 1.563809
v 0.183126 0.274067 1.563809
v 0.274067 0.183126 1.563809
v 0.323284 0.064305 1.563809
v 0.323284 -0.064305 1.563809
v 0.274067 -0.183126 1.563809
v 0.183126 -0.274067 1.563809
v 0.064305 -0.323284 1.563809
v -0.064305 -0.323284 1.563809
v -0.183126 -0.274067 1.563809
v -0.274067 -0.183126 1.563809
v -0.323284 -0.064305 1.563808
v -0.302647 0.060200 1.471881
v -0.256572 0.171436 1.471881
v -0.171436 0.256572 1.471881
v -0.060200 0.302647 1.471881
v 0.060200 0.302647 1.471881
v 0.171436 0.256572 1.471881
v 0.256572 0.171436 1.471881
v 0.302647 0.060200 1.471881
v 0.302647 -0.060200 1.471881
v 0.256572 -0.171436 1.471881
v 0.171436 -0.256572 1.471881
v 0.060200 -0.302647 1.471881
v -0.060200 -0.302647 1.471881
v -0.171436 -0.256572 1.471881
v -0.256572 -0.171436 1.471881
v -0.302647 -0.060200 1.471881
v -0.264441 0.052601 1.399714
v -0.224182 0.149794 1.399714
v -0.149794 0.224182 1.399714
v -0.052601 0.264441 1.399714
v 0.052601 0.264441 1.399714
v 0.149794 0.224182 1.399714
v 0.224182 0.149794 1.399714
v 0.264441 0.052601 1.399714
v 0.264441 -0.052601 1.399714
v 0.224182 -0.149794 1.399714
v 0.149794 -0.224182 1.399714
v 0.052601 -0.264441 1.399714
v -0.052601 -0.264441 1.399714
v -0.149794 -0.224182 1.399714
v -0.224182 -0.149794 1.399714
v -0.264441 -0.052601 1.399714
v -0.227335 0.045220 1.358020
v -0.192725 0.128775 1.358020
v -0.128775 0.192725 1.358020
v -0.045220 0.227335 1.358020
v 0.045220 0.227335 1.358020
v 0.128775 0.192725 1.358020
v 0.192725 0.128775 1.358020
v 0.227335 0.045220 1.358020
v 0.227335 -0.045220 1.358020
v 0.192725 -0.128775 1.358020
v 0.128775 -0.192725 1.358020
v 0.045220 -0.227335 1.358020
v -0.045220 -0.227335 1.358020
v -0.128775 -0.192725 1.358020
v -0.192725 -0.128775 1.358020
v -0.227335 -0.045220 1.358020
v -0.227555 0.045263 1.342000
v -0.192912 0.128899 1.342000
v -0.128899 0.192912 1.342000
v -0.045263 0.227555 1.342000
v 0.045263 0.227555 1.342000
v 0.128899 0.192912 1.342000
v 0.192912 0.128899 1.342000
v 0.227555 0.045263 1.342000
v 0.227555 -0.045264 1.342000
v 0.192912 -0.128899 1.342000
v 0.128899 -0.192912 1.342000
v 0.045263 -0.227555 1.342000
v -0.045263 -0.227555 1.342000
v -0.128899 -0.192912 1.342000
v -0.192912 -0.128899 1.342000
v -0.227555 -0.045264 1.342000
v -0.252342 0.050194 1.324323
v -0.213925 0.142940 1.324323
v -0.142940 0.213925 1.324323
v -0.050194 0.252342 1.324323
v 0.050194 0.252342 1.324323
v 0.142940 0.213925 1.324323
v 0.213925 0.142940 1.324323
v 0.252342 0.050194 1.324323
v 0.252342 -0.050194 1.324323
v 0.213925 -0.142940 1.324323
v 0.142940 -0.213925 1.324323
v 0.050194 -0.252342 1.324323
v -0.050194 -0.252342 1.324323
v -0.142940 -0.213925 1.324323
v -0.213925 -0.142940 1.324323
v -0.252342 -0.050194 1.324324
v -0.252409 0.050207 1.299683
v -0.213982 0.142978 1.299683
v -0.142978 0.213982 1.299683
v -0.050207 0.252409 1.299683
v 0.050207 0.252409 1.299683
v 0.142978 0.213982 1.299683
v 0.213982 0.142978 1.299683
v 0.252409 0.050207 1.299683
v 0.252409 -0.050207 1.299683
v 0.213982 -0.142978 1.299683
v 0.142978 -0.213982 1.299683
v 0.050207 -0.252409 1.299683
v -0.050207 -0.252409 1.299683
v -0.142978 -0.213982 1.299683
v -0.213982 -0.142978 1.299683
v -0.252409 -0.050207 1.299683
v -0.232761 0.046299 1.288465
v -0.197325 0.131848 1.288465
v -0.131848 0.197325 1.288465
v -0.046299 0.232761 1.288465
v 0.046299 0.232761 1.288465
v 0.131848 0.197325 1.288465
v 0.197325 0.131848 1.288465
v 0.232761 0.046299 1.288465
v 0.232761 -0.046299 1.288465
v 0.197325 -0.131848 1.288465
v 0.131848 -0.197325 1.288465
v 0.046299 -0.232761 1.288465
v -0.046299 -0.232761 1.288465
v -0.131848 -0.197325 1.288465
v -0.197325 -0.131848 1.288465
v -0.232761 -0.046299 1.288465
v -0.232375 0.046222 1.271445
v -0.196998 0.131630 1.271445
v -0.131630 0.196998 1.271445
v -0.046222 0.232375 1.271445
v 0.046222 0.232375 1.271445
v 0.131630 0.196998 1.271445
v 0.196998 0.131630 1.271445
v 0.232375 0.046222 1.271445
v 0.232375 -0.046222 1.271445
v 0.196998 -0.131630 1.271445
v 0.131630 -0.196998 1.271445
v 0.046222 -0.232375 1.271445
v -0.046222 -0.232375 1.271445
v -0.131630 -0.196998 1.271445
v -0.196998 -0.131630 1.271445
v -0.232375 -0.046222 1.271445
v -0.256956 0.051112 1.247329
v -0.217837 0.145554 1.247329
v -0.145554 0.217837 1.247329
v -0.051112 0.256956 1.247329
v 0.051112 0.256956 1.247329
v 0.145554 0.217837 1.247329
v 0.217837 0.145554 1.247329
v 0.256956 0.051112 1.247329
v 0.256956 -0.051112 1.247329
v 0.217837 -0.145554 1.247329
v 0.145554 -0.217837 1.247329
v 0.051112 -0.256956 1.247329
v -0.051112 -0.256956 1.247329
v -0.145554 -0.217837 1.247329
v -0.217837 -0.145554 1.247329
v -0.256956 -0.051112 1.247329
v -0.288230 0.057333 1.237198
v -0.244350 0.163269 1.237198
v -0.163269 0.244350 1.237198
v -0.057333 0.288230 1.237198
v 0.057333 0.288230 1.237198
v 0.163269 0.244350 1.237198
v 0.244350 0.163269 1.237198
v 0.288230 0.057332 1.237198
v 0.288230 -0.057333 1.237198
v 0.244350 -0.163269 1.237198
v 0.163269 -0.244350 1.237198
v 0.057333 -0.288230 1.237198
v -0.057333 -0.288230 1.237198
v -0.163269 -0.244350 1.237198
v -0.244350 -0.163269 1.237198
v -0.288230 -0.057333 1.237198
v -0.332250 0.066089 1.224242
v -0.281668 0.188204 1.224242
v -0.188204 0.281668 1.224242
v -0.066089 0.332250 1.224242
v 0.066089 0.332250 1.224242
v 0.188204 0.281668 1.224242
v 0.281668 0.188204 1.224242
v 0.332250 0.066089 1.224242
v 0.332250 -0.066089 1.224242
v 0.281668 -0.188205 1.224242
v 0.188204 -0.281668 1.224242
v 0.066089 -0.332250 1.224242
v -0.066089 -0.332250 1.224242
v -0.188205 -0.281668 1.224242
v -0.281668 -0.188204 1.224242
v -0.332250 -0.066089 1.224242
v -0.363016 0.072208 1.194648
v -0.307750 0.205632 1.194649
v -0.205632 0.307750 1.194649
v -0.072208 0.363016 1.194649
v 0.072208 0.363016 1.194649
v 0.205632 0.307750 1.194649
v 0.307750 0.205632 1.194649
v 0.363016 0.072208 1.194649
v 0.363016 -0.072208 1.194649
v 0.307750 -0.205632 1.194649
v 0.205632 -0.307750 1.194649
v 0.072208 -0.363016 1.194649
v -0.072208 -0.363016 1.194649
v -0.205632 -0.307750 1.194649
v -0.307750 -0.205632 1.194649
v -0.363016 -0.072208 1.194649
v -0.364193 0.072442 1.153856
v -0.308747 0.206298 1.153855
v -0.206298 0.308747 1.153855
v -0.072442 0.364192 1.153855
v 0.072442 0.364192 1.153855
v 0.206298 0.308747 1.153855
v 0.308748 0.206298 1.153855
v 0.364192 0.072442 1.153855
v 0.364192 -0.072442 1.153855
v 0.308747 -0.206299 1.153855
v 0.206298 -0.308748 1.153855
v 0.072442 -0.364193 1.153855
v -0.072442 -0.364193 1.153855
v -0.206299 -0.308747 1.153855
v -0.308748 -0.206298 1.153855
v -0.364193 -0.072442 1.153856
v -0.333617 0.066361 1.128759
v -0.282827 0.188979 1.128759
v -0.188979 0.282827 1.128759
v -0.066361 0.333617 1.128759
v 0.066361 0.333617 1.128759
v 0.188979 0.282827 1.128759
v 0.282827 0.188979 1.128759
v 0.333617 0.066360 1.128759
v 0.333617 -0.066361 1.128759
v 0.282827 -0.188979 1.128759
v 0.188979 -0.282827 1.128759
v 0.066361 -0.333617 1.128759
v -0.066361 -0.333617 1.128759
v -0.188979 -0.282827 1.128759
v -0.282827 -0.188979 1.128759
v -0.333617 -0.066361 1.128759
v -0.286293 0.056947 1.121118
v -0.242707 0.162172 1.121117
v -0.162172 0.242707 1.121117
v -0.056947 0.286293 1.121117
v 0.056947 0.286293 1.121117
v 0.162172 0.242707 1.121117
v 0.242707 0.162172 1.121117
v 0.286293 0.056947 1.121117
v 0.286293 -0.056947 1.121117
v 0.242707 -0.162172 1.121117
v 0.162172 -0.242707 1.121117
v 0.056947 -0.286293 1.121117
v -0.056947 -0.286293 1.121117
v -0.162172 -0.242707 1.121117
v -0.242707 -0.162172 1.121117
v -0.286293 -0.056947 1.121117
v -0.250969 0.049921 1.111208
v -0.212761 0.142163 1.111207
v -0.142163 0.212761 1.111207
v -0.049921 0.250969 1.111207
v 0.049921 0.250969 1.111207
v 0.142163 0.212761 1.111207
v 0.212761 0.142163 1.111207
v 0.250969 0.049921 1.111207
v 0.250969 -0.049921 1.111207
v 0.212761 -0.142163 1.111207
v 0.142163 -0.212761 1.111207
v 0.049921 -0.250969 1.111207
v -0.049921 -0.250969 1.111207
v -0.142163 -0.212761 1.111207
v -0.212761 -0.142163 1.111207
v -0.250969 -0.049921 1.111207
v -0.219548 0.043671 1.083820
v -0.186124 0.124364 1.083820
v -0.124364 0.186124 1.083820
v -0.043671 0.219548 1.083820
v 0.043671 0.219548 1.083820
v 0.124364 0.186124 1.083820
v 0.186124 0.124364 1.083820
v 0.219548 0.043671 1.083820
v 0.219548 -0.043671 1.083820
v 0.186124 -0.124364 1.083820
v 0.124364 -0.186124 1.083820
v 0.043671 -0.219548 1.083820
v -0.043671 -0.219548 1.083820
v -0.124364 -0.186124 1.083820
v -0.186124 -0.124364 1.083820
v -0.219548 -0.043671 1.083820
v -0.200245 0.039831 1.039834
v -0.169759 0.113430 1.039835
v -0.113430 0.169759 1.039835
v -0.039831 0.200245 1.039835
v 0.039831 0.200245 1.039835
v 0.113430 0.169759 1.039835
v 0.169759 0.113429 1.039835
v 0.200245 0.039831 1.039835
v 0.200245 -0.039831 1.039835
v 0.169759 -0.113430 1.039835
v 0.113430 -0.169759 1.039835
v 0.039831 -0.200245 1.039835
v -0.039831 -0.200245 1.039835
v -0.113430 -0.169759 1.039835
v -0.169759 -0.113430 1.039835
v -0.200245 -0.039831 1.039835
v -0.196465 0.039079 0.975915
v -0.166555 0.111288 0.975915
v -0.111288 0.166555 0.975915
v -0.039079 0.196465 0.975915
v 0.039079 0.196465 0.975915
v 0.111288 0.166555 0.975915
v 0.166555 0.111288 0.975915
v 0.196465 0.039079 0.975915
v 0.196465 -0.039079 0.975915
v 0.166555 -0.111288 0.975915
v 0.111288 -0.166555 0.975915
v 0.039079 -0.196465 0.975915
v -0.039079 -0.196465 0.975915
v -0.111288 -0.166555 0.975915
v -0.166555 -0.111288 0.975915
v -0.196465 -0.039079 0.975915
v -0.198517 0.039487 0.895004
v -0.168294 0.112451 0.895004
v -0.112451 0.168294 0.895004
v -0.039487 0.198517 0.895004
v 0.039487 0.198517 0.895004
v 0.112451 0.168294 0.895004
v 0.168294 0.112451 0.895004
v 0.198517 0.039487 0.895004
v 0.198517 -0.039488 0.895004
v 0.168294 -0.112451 0.895004
v 0.112451 -0.168295 0.895004
v 0.039487 -0.198517 0.895004
v -0.039487 -0.198517 0.895004
v -0.112451 -0.168294 0.895004
v -0.168295 -0.112451 0.895004
v -0.198517 -0.039487 0.895004
v -0.209247 0.041622 0.803948
v -0.177391 0.118529 0.803948
v -0.118529 0.177391 0.803948
v -0.041622 0.209246 0.803948
v 0.041622 0.209246 0.803948
v 0.118529 0.177391 0.803948
v 0.177391 0.118529 0.803948
v 0.209247 0.041622 0.803948
v 0.209247 -0.041622 0.803948
v 0.177391 -0.118529 0.803948
v 0.118529 -0.177391 0.803948
v 0.041622 -0.209247 0.803948
v -0.041622 -0.209247 0.803948
v -0.118529 -0.177391 0.803948
v -0.177391 -0.118529 0.803948
v -0.209247 -0.041622 0.803948
v -0.245998 0.048932 0.689992
v -0.208547 0.139347 0.689992
v -0.139347 0.208547 0.689992
v -0.048932 0.245998 0.689992
v 0.048932 0.245998 0.689992
v 0.139347 0.208547 0.689992
v 0.208547 0.139347 0.689992
v 0.245998 0.048932 0.689992
v 0.245998 -0.048932 0.689992
v 0.208547 -0.139347 0.689992
v 0.139347 -0.208547 0.689992
v 0.048932 -0.245998 0.689992
v -0.048932 -0.245998 0.689992
v -0.139347 -0.208547 0.689992
v -0.208547 -0.139347 0.689992
v -0.245998 -0.048932 0.689992
v -0.274300 0.054562 0.679797
v -0.232540 0.155378 0.679797
v -0.155378 0.232540 0.679797
v -0.054562 0.274300 0.679797
v 0.054562 0.274300 0.679797
v 0.155378 0.232540 0.679797
v 0.232540 0.155378 0.679797
v 0.274300 0.054562 0.679797
v 0.274300 -0.054562 0.679797
v 0.232540 -0.155378 0.679797
v 0.155378 -0.232540 0.679797
v 0.054562 -0.274300 0.679797
v -0.054562 -0.274300 0.679797
v -0.155378 -0.232540 0.679797
v -0.232540 -0.155378 0.679797
v -0.274300 -0.054562 0.679796
v -0.302601 0.060191 0.657826
v -0.256533 0.171410 0.657826
v -0.171410 0.256533 0.657826
v -0.060191 0.302601 0.657826
v 0.060191 0.302601 0.657826
v 0.171410 0.256533 0.657826
v 0.256533 0.171410 0.657826
v 0.302601 0.060191 0.657826
v 0.302601 -0.060191 0.657826
v 0.256533 -0.171410 0.657826
v 0.171410 -0.256533 0.657826
v 0.060191 -0.302601 0.657826
v -0.060191 -0.302601 0.657826
v -0.171410 -0.256533 0.657826
v -0.256533 -0.171410 0.657826
v -0.302601 -0.060191 0.657826
v -0.311058 0.061867 0.612467
v -0.263704 0.176195 0.612467
v -0.176204 0.263698 0.612467
v -0.061879 0.311056 0.612467
v 0.061867 0.311058 0.612467
v 0.176195 0.263704 0.612467
v 0.263698 0.176204 0.612467
v 0.311056 0.061879 0.612467
v 0.311058 -0.061867 0.612467
v 0.263704 -0.176195 0.612467
v 0.176204 -0.263698 0.612467
v 0.061879 -0.311056 0.612467
v -0.061867 -0.311058 0.612467
v -0.176195 -0.263704 0.612467
v -0.263698 -0.176204 0.612467
v -0.311056 -0.061879 0.612467
v -0.269581 0.053222 0.565056
v -0.228693 0.152335 0.565056
v -0.152989 0.228256 0.565056
v -0.053993 0.269427 0.565056
v 0.053222 0.269581 0.565056
v 0.152335 0.228693 0.565056
v 0.228256 0.152989 0.565056
v 0.269427 0.053993 0.565056
v 0.269581 -0.053222 0.565056
v 0.228693 -0.152335 0.565056
v 0.152989 -0.228256 0.565056
v 0.053993 -0.269427 0.565056
v -0.053222 -0.269581 0.565056
v -0.152335 -0.228693 0.565056
v -0.228256 -0.152989 0.565056
v -0.269427 -0.053993 0.565056
v -0.292910 0.057990 0.556381
v -0.248422 0.165668 0.556381
v -0.166113 0.248124 0.556381
v -0.058516 0.292805 0.556381
v 0.057990 0.292910 0.556381
v 0.165668 0.248422 0.556381
v 0.248124 0.166113 0.556381
v 0.292806 0.058516 0.556381
v 0.292910 -0.057990 0.556381
v 0.248422 -0.165668 0.556381
v 0.166113 -0.248124 0.556381
v 0.058516 -0.292806 0.556381
v -0.057990 -0.292910 0.556381
v -0.165668 -0.248422 0.556381
v -0.248124 -0.166113 0.556381
v -0.292805 -0.058516 0.556381
v -0.357385 0.071022 0.536844
v -0.303002 0.202381 0.536844
v -0.202490 0.302929 0.536844
v -0.071150 0.357360 0.536844
v 0.071022 0.357385 0.536844
v 0.202381 0.303002 0.536844
v 0.302929 0.202490 0.536844
v 0.357360 0.071150 0.536844
v 0.357385 -0.071022 0.536844
v 0.303002 -0.202381 0.536844
v 0.202490 -0.302929 0.536844
v 0.071150 -0.357360 0.536844
v -0.071022 -0.357385 0.536844
v -0.202381 -0.303002 0.536844
v -0.302929 -0.202490 0.536844
v -0.357360 -0.071150 0.536844
v -0.388750 0.077260 0.516727
v -0.329592 0.220148 0.516727
v -0.220257 0.329519 0.516727
v -0.077389 0.388725 0.516727
v 0.077260 0.388750 0.516727
v 0.220148 0.329592 0.516727
v 0.329520 0.220257 0.516727
v 0.388725 0.077389 0.516727
v 0.388751 -0.077260 0.516727
v 0.329592 -0.220148 0.516727
v 0.220257 -0.329520 0.516727
v 0.077389 -0.388725 0.516727
v -0.077260 -0.388751 0.516727
v -0.220148 -0.329592 0.516727
v -0.329520 -0.220257 0.516727
v -0.388725 -0.077389 0.516727
v -0.414505 0.082447 0.491295
v -0.351401 0.234796 0.491295
v -0.234800 0.351398 0.491295
v -0.082453 0.414504 0.491295
v 0.082447 0.414505 0.491295
v 0.234796 0.351401 0.491295
v 0.351398 0.234800 0.491295
v 0.414504 0.082453 0.491295
v 0.414505 -0.082447 0.491295
v 0.351401 -0.234796 0.491295
v 0.234800 -0.351398 0.491295
v 0.082453 -0.414504 0.491295
v -0.082447 -0.414505 0.491295
v -0.234796 -0.351401 0.491295
v -0.351398 -0.234800 0.491295
v -0.414504 -0.082453 0.491295
v -0.440467 0.087614 0.458805
v -0.373410 0.249505 0.458805
v -0.249505 0.373410 0.458805
v -0.087614 0.440467 0.458805
v 0.087614 0.440467 0.458805
v 0.249505 0.373410 0.458805
v 0.373410 0.249505 0.458805
v 0.440467 0.087614 0.458805
v 0.440467 -0.087614 0.458805
v 0.373410 -0.249505 0.458805
v 0.249505 -0.373410 0.458805
v 0.087614 -0.440467 0.458805
v -0.087614 -0.440467 0.458805
v -0.249505 -0.373410 0.458805
v -0.373410 -0.249505 0.458805
v -0.440467 -0.087614 0.458805
v -0.457415 0.090985 0.417257
v -0.387778 0.259105 0.417257
v -0.259105 0.387778 0.417257
v -0.090985 0.457415 0.417257
v 0.090986 0.457415 0.417257
v 0.259105 0.387778 0.417257
v 0.387778 0.259105 0.417257
v 0.457415 0.090985 0.417257
v 0.457415 -0.090986 0.417257
v 0.387778 -0.259105 0.417257
v 0.259105 -0.387778 0.417257
v 0.090985 -0.457415 0.417257
v -0.090986 -0.457415 0.417257
v -0.259105 -0.387777 0.417257
v -0.387778 -0.259105 0.417257
v -0.457415 -0.090985 0.417257
v -0.463264 0.092149 0.371974
v -0.392736 0.262418 0.371974
v -0.262418 0.392736 0.371974
v -0.092149 0.463264 0.371974
v 0.092149 0.463264 0.371974
v 0.262418 0.392736 0.371974
v 0.392736 0.262418 0.371974
v 0.463264 0.092149 0.371974
v 0.463264 -0.092149 0.371974
v 0.392736 -0.262418 0.371974
v 0.262418 -0.392736 0.371974
v 0.092149 -0.463264 0.371974
v -0.092149 -0.463264 0.371974
v -0.262418 -0.392736 0.371974
v -0.392736 -0.262418 0.371974
v -0.463264 -0.092149 0.371974
v -0.441799 0.087879 0.298194
v -0.374539 0.250259 0.298194
v -0.250259 0.374539 0.298194
v -0.087879 0.441799 0.298194
v 0.087879 0.441799 0.298194
v 0.250259 0.374539 0.298194
v 0.374539 0.250259 0.298194
v 0.441799 0.087879 0.298194
v 0.441799 -0.087879 0.298194
v 0.374539 -0.250259 0.298194
v 0.250259 -0.374539 0.298194
v 0.087879 -0.441799 0.298194
v -0.087879 -0.441799 0.298194
v -0.250259 -0.374539 0.298194
v -0.374539 -0.250259 0.298194
v -0.441799 -0.087879 0.298194
v -0.492778 0.098020 0.205904
v -0.417757 0.279136 0.205904
v -0.279136 0.417757 0.205904
v -0.098020 0.492778 0.205904
v 0.098020 0.492778 0.205904
v 0.279136 0.417757 0.205904
v 0.417757 0.279136 0.205904
v 0.492778 0.098020 0.205904
v 0.492778 -0.098020 0.205904
v 0.417757 -0.279136 0.205904
v 0.279136 -0.417757 0.205904
v 0.098019 -0.492778 0.205904
v -0.098020 -0.492778 0.205904
v -0.279136 -0.417757 0.205904
v -0.417757 -0.279136 0.205904
v -0.492778 -0.098020 0.205904
v -0.487431 0.096956 0.000088
v -0.413224 0.276107 0.000088
v -0.276107 0.413224 0.000088
v -0.096956 0.487431 0.000088
v 0.096956 0.487431 0.000088
v 0.276107 0.413224 0.000088
v 0.413224 0.276107 0.000088
v 0.487431 0.096956 0.000088
v 0.487431 -0.096956 0.000088
v 0.413224 -0.276107 0.000088
v 0.276107 -0.413224 0.000088
v 0.096956 -0.487431 0.000088
v -0.096956 -0.487431 0.000088
v -0.276107 -0.413224 0.000088
v -0.413224 -0.276107 0.000088
v -0.487431 -0.096956 0.000088
v -0.509520 0.101350 0.037650
v -0.431951 0.288620 0.037650
v -0.288620 0.431951 0.037650
v -0.101350 0.509521 0.037650
v 0.101350 0.509521 0.037650
v 0.288620 0.431951 0.037650
v 0.431951 0.288620 0.037650
v 0.509521 0.101350 0.037650
v 0.509521 -0.101350 0.037650
v 0.431951 -0.288620 0.037650
v 0.288620 -0.431951 0.037650
v 0.101350 -0.509521 0.037650
v -0.101350 -0.509521 0.037650
v -0.288620 -0.431951 0.037650
v -0.431951 -0.288620 0.037650
v -0.509521 -0.101350 0.037650
v -0.472838 0.094053 0.252993
v -0.400853 0.267841 0.252993
v -0.267841 0.400853 0.252993
v -0.094053 0.472838 0.252993
v 0.094053 0.472838 0.252993
v 0.267841 0.400853 0.252993
v 0.400853 0.267841 0.252993
v 0.472838 0.094053 0.252993
v 0.472838 -0.094053 0.252993
v 0.400853 -0.267841 0.252993
v 0.267841 -0.400853 0.252993
v 0.094053 -0.472838 0.252993
v -0.094053 -0.472838 0.252993
v -0.267841 -0.400853 0.252993
v -0.400853 -0.267841 0.252993
v -0.472838 -0.094053 0.252993
v -0.445337 0.088583 0.281682
v -0.377538 0.252263 0.281682
v -0.252263 0.377539 0.281682
v -0.088583 0.445337 0.281682
v 0.088583 0.445337 0.281682
v 0.252263 0.377538 0.281682
v 0.377539 0.252263 0.281682
v 0.445337 0.088583 0.281682
v 0.445337 -0.088583 0.281682
v 0.377538 -0.252263 0.281682
v 0.252263 -0.377539 0.281682
v 0.088583 -0.445337 0.281682
v -0.088583 -0.445337 0.281682
v -0.252263 -0.377538 0.281682
v -0.377539 -0.252263 0.281682
v -0.445337 -0.088583 0.281682
v -0.460168 0.091533 0.327447
v -0.390111 0.260664 0.327447
v -0.260664 0.390111 0.327447
v -0.091533 0.460168 0.327447
v 0.091533 0.460168 0.327447
v 0.260664 0.390111 0.327447
v 0.390111 0.260664 0.327447
v 0.460168 0.091533 0.327447
v 0.460168 -0.091533 0.327447
v 0.390111 -0.260664 0.327447
v 0.260664 -0.390111 0.327447
v 0.091533 -0.460168 0.327447
v -0.091533 -0.460168 0.327447
v -0.260664 -0.390111 0.327447
v -0.390111 -0.260664 0.327447
v -0.460168 -0.091533 0.327447
v -0.326160 0.064863 0.548056
v -0.276510 0.184741 0.548056
v -0.184765 0.276494 0.548056
v -0.064891 0.326154 0.548056
v 0.064863 0.326160 0.548056
v 0.184741 0.276510 0.548056
v 0.276495 0.184765 0.548056
v 0.326154 0.064891 0.548056
v 0.326160 -0.064863 0.548056
v 0.276510 -0.184741 0.548056
v 0.184765 -0.276495 0.548056
v 0.064891 -0.326154 0.548056
v -0.064863 -0.326160 0.548056
v -0.184741 -0.276510 0.548056
v -0.276495 -0.184765 0.548056
v -0.326154 -0.064891 0.548056
v -0.226058 0.044966 0.724658
v -0.191643 0.128052 0.724658
v -0.128052 0.191643 0.724658
v -0.044966 0.226058 0.724658
v 0.044966 0.226058 0.724658
v 0.128052 0.191643 0.724658
v 0.191643 0.128051 0.724658
v 0.226058 0.044966 0.724658
v 0.226058 -0.044966 0.724658
v 0.191643 -0.128052 0.724658
v 0.128051 -0.191643 0.724658
v 0.044966 -0.226058 0.724658
v -0.044966 -0.226058 0.724658
v -0.128052 -0.191643 0.724658
v -0.191643 -0.128052 0.724658
v -0.226058 -0.044966 0.724658
v -0.287556 0.057053 0.576045
v -0.243834 0.162753 0.576045
v -0.162990 0.243675 0.576045
v -0.057333 0.287500 0.576045
v 0.057053 0.287556 0.576045
v 0.162753 0.243834 0.576045
v 0.243675 0.162990 0.576045
v 0.287500 0.057333 0.576045
v 0.287556 -0.057053 0.576045
v 0.243834 -0.162753 0.576045
v 0.162990 -0.243675 0.576045
v 0.057333 -0.287500 0.576045
v -0.057053 -0.287556 0.576045
v -0.162753 -0.243834 0.576045
v -0.243675 -0.162990 0.576045
v -0.287500 -0.057333 0.576045
v -0.509379 0.101322 0.121336
v -0.431831 0.288540 0.121336
v -0.288540 0.431831 0.121336
v -0.101322 0.509379 0.121336
v 0.101322 0.509379 0.121336
v 0.288540 0.431831 0.121336
v 0.431831 0.288540 0.121336
v 0.509379 0.101322 0.121336
v 0.509379 -0.101322 0.121336
v 0.431831 -0.288540 0.121336
v 0.288540 -0.431831 0.121336
v 0.101322 -0.509379 0.121336
v -0.101322 -0.509379 0.121336
v -0.288540 -0.431831 0.121336
v -0.431831 -0.288540 0.121336
v -0.509379 -0.101322 0.121336
vt 0.000000 0.003833
vt 0.031250 0.003833
vt 0.031250 0.001917
vt 0.000000 0.001917
vt 0.062500 0.003833
vt 0.062500 0.001917
vt 0.062500 0.000000
vt 0.031250 0.000000
vt 0.000000 0.000000
vt 0.093750 0.003833
vt 0.093750 0.001917
vt 0.125000 0.003833
vt 0.125000 0.001917
vt 0.125000 0.000000
vt 0.093750 0.000000
vt 0.156250 0.003833
vt 0.156250 0.001917
vt 0.187500 0.003833
vt 0.187500 0.001917
vt 0.187500 0.000000
vt 0.156250 0.000000
vt 0.218750 0.003833
vt 0.218750 0.001917
vt 0.250000 0.003833
vt 0.250000 0.001917
vt 0.250000 0.000000
vt 0.218750 0.000000
vt 0.281250 0.003833
vt 0.281250 0.001917
vt 0.312500 0.003833
vt 0.312500 0.001917
vt 0.312500 0.000000
vt 0.281250 0.000000
vt 0.343750 0.003833
vt 0.343750 0.001917
vt 0.375000 0.003833
vt 0.375000 0.001917
vt 0.375000 0.000000
vt 0.343750 0.000000
vt 0.406250 0.003833
vt 0.406250 0.001917
vt 0.437500 0.003833
vt 0.437500 0.001917
vt 0.437500 0.000000
vt 0.406250 0.000000
vt 0.468750 0.003833
vt 0.468750 0.001917
vt 0.500000 0.003833
vt 0.500000 0.001917
vt 0.500000 0.000000
vt 0.468750 0.000000
vt 0.531250 0.003833
vt 0.531250 0.001917
vt 0.562500 0.003833
vt 0.562500 0.001917
vt 0.562500 0.000000
vt 0.531250 0.000000
vt 0.593750 0.003833
vt 0.593750 0.001917
vt 0.625000 0.003833
vt 0.625000 0.001917
vt 0.625000 0.000000
vt 0.593750 0.000000
vt 0.656250 0.003833
vt 0.656250 0.001917
vt 0.687500 0.003833
vt 0.687500 0.001917
vt 0.687500 0.000000
vt 0.656250 0.000000
vt 0.718750 0.003833
vt 0.718750 0.001917
vt 0.750000 0.003833
vt 0.750000 0.001917
vt 0.750000 0.000000
vt 0.718750 0.000000
vt 0.781250 0.003833
vt 0.781250 0.001917
vt 0.812500 0.003833
vt 0.812500 0.001917
vt 0.812500 0.000000
vt 0.781250 0.000000
vt 0.843750 0.003833
vt 0.843750 0.001917
vt 0.875000 0.003833
vt 0.875000 0.001917
vt 0.875000 0.000000
vt 0.843750 0.000000
vt 0.906250 0.003833
vt 0.906250 0.001917
vt 0.937500 0.003833
vt 0.937500 0.001917
vt 0.937500 0.000000
vt 0.906250 0.000000
vt 0.968750 0.003833
vt 0.968750 0.001917
vt 1.000000 0.003833
vt 1.000000 0.001917
vt 1.000000 0.000000
vt 0.968750 0.000000
vt 0.000000 -0.638978
vt 0.031250 -0.638978
vt 0.031250 -0.638320
vt 0.000000 -0.638483
vt 0.062500 -0.638978
vt 0.062500 -0.638287
vt 0.062500 -0.636423
vt 0.031250 -0.636554
vt 0.000000 -0.637988
vt 0.093750 -0.638978
vt 0.093750 -0.638287
vt 0.125000 -0.638978
vt 0.125000 -0.638287
vt 0.125000 -0.636423
vt 0.093750 -0.636423
vt 0.156250 -0.638978
vt 0.156250 -0.638287
vt 0.187500 -0.638978
vt 0.187500 -0.638287
vt 0.187500 -0.636423
vt 0.156250 -0.636423
vt 0.218750 -0.638978
vt 0.218750 -0.638287
vt 0.250000 -0.638978
vt 0.250000 -0.638287
vt 0.250000 -0.636423
vt 0.218750 -0.636423
vt 0.281250 -0.638978
vt 0.281250 -0.638287
vt 0.312500 -0.638978
vt 0.312500 -0.638287
vt 0.312500 -0.636423
vt 0.281250 -0.636423
vt 0.343750 -0.638978
vt 0.343750 -0.638287
vt 0.375000 -0.638978
vt 0.375000 -0.638287
vt 0.375000 -0.636423
vt 0.343750 -0.636423
vt 0.406250 -0.638978
vt 0.406250 -0.638287
vt 0.437500 -0.638978
vt 0.437500 -0.638287
vt 0.437500 -0.636423
vt 0.406250 -0.636423
vt 0.468750 -0.638978
vt 0.468750 -0.638287
vt 0.500000 -0.638978
vt 0.500000 -0.638287
vt 0.500000 -0.636423
vt 0.468750 -0.636423
vt 0.531250 -0.638978
vt 0.531250 -0.638287
vt 0.562500 -0.638978
vt 0.562500 -0.638287
vt 0.562500 -0.636423
vt 0.531250 -0.636423
vt 0.593750 -0.638978
vt 0.593750 -0.638287
vt 0.625000 -0.638978
vt 0.625000 -0.638287
vt 0.625000 -0.636423
vt 0.593750 -0.636423
vt 0.656250 -0.638978
vt 0.656250 -0.638287
vt 0.687500 -0.638978
vt 0.687500 -0.638287
vt 0.687500 -0.636423
vt 0.656250 -0.636423
vt 0.718750 -0.638978
vt 0.718750 -0.638287
vt 0.750000 -0.638978
vt 0.750000 -0.638287
vt 0.750000 -0.636423
vt 0.718750 -0.636423
vt 0.781250 -0.638978
vt 0.781250 -0.638287
vt 0.812500 -0.638978
vt 0.812500 -0.638287
vt 0.812500 -0.636423
vt 0.781250 -0.636423
vt 0.843750 -0.638978
vt 0.843750 -0.638287
vt 0.875000 -0.638978
vt 0.875000 -0.638287
vt 0.875000 -0.636423
vt 0.843750 -0.636423
vt 0.906250 -0.638978
vt 0.906250 -0.638287
vt 0.937500 -0.638978
vt 0.937500 -0.638287
vt 0.937500 -0.636423
vt 0.906250 -0.636423
vt 0.968750 -0.638978
vt 0.968750 -0.638320
vt 1.000000 -0.638978
vt 1.000000 -0.638483
vt 1.000000 -0.637988
vt 0.968750 -0.636554
vt 0.031250 -0.632469
vt 0.000000 -0.632799
vt 0.062500 -0.632403
vt 0.062500 -0.626004
vt 0.031250 -0.626138
vt 0.000000 -0.627610
vt 0.093750 -0.632403
vt 0.125000 -0.632403
vt 0.125000 -0.626004
vt 0.093750 -0.626004
vt 0.156250 -0.632403
vt 0.187500 -0.632403
vt 0.187500 -0.626004
vt 0.156250 -0.626004
vt 0.218750 -0.632403
vt 0.250000 -0.632403
vt 0.250000 -0.626004
vt 0.218750 -0.626004
vt 0.281250 -0.632403
vt 0.312500 -0.632403
vt 0.312500 -0.626004
vt 0.281250 -0.626004
vt 0.343750 -0.632403
vt 0.375000 -0.632403
vt 0.375000 -0.626004
vt 0.343750 -0.626004
vt 0.406250 -0.632403
vt 0.437500 -0.632403
vt 0.437500 -0.626004
vt 0.406250 -0.626004
vt 0.468750 -0.632403
vt 0.500000 -0.632403
vt 0.500000 -0.626004
vt 0.468750 -0.626004
vt 0.531250 -0.636423
vt 0.531250 -0.632403
vt 0.562500 -0.632403
vt 0.562500 -0.626004
vt 0.531250 -0.626004
vt 0.593750 -0.632403
vt 0.625000 -0.632403
vt 0.625000 -0.626004
vt 0.593750 -0.626004
vt 0.656250 -0.636423
vt 0.656250 -0.632403
vt 0.687500 -0.632403
vt 0.687500 -0.626004
vt 0.656250 -0.626004
vt 0.718750 -0.632403
vt 0.750000 -0.632403
vt 0.750000 -0.626004
vt 0.718750 -0.626004
vt 0.781250 -0.632403
vt 0.812500 -0.632403
vt 0.812500 -0.626004
vt 0.781250 -0.626004
vt 0.843750 -0.632403
vt 0.875000 -0.632403
vt 0.875000 -0.626004
vt 0.843750 -0.626004
vt 0.906250 -0.632403
vt 0.937500 -0.632403
vt 0.937500 -0.626004
vt 0.906250 -0.626004
vt 0.968750 -0.632469
vt 1.000000 -0.632799
vt 1.000000 -0.627610
vt 0.968750 -0.626138
vt 0.031250 -0.617277
vt 0.000000 -0.617603
vt 0.062500 -0.617212
vt 0.062500 -0.606073
vt 0.031250 -0.606200
vt 0.000000 -0.607597
vt 0.093750 -0.617212
vt 0.125000 -0.617212
vt 0.125000 -0.606073
vt 0.093750 -0.606073
vt 0.156250 -0.617212
vt 0.187500 -0.617212
vt 0.187500 -0.606073
vt 0.156250 -0.606073
vt 0.218750 -0.617212
vt 0.250000 -0.617212
vt 0.250000 -0.606073
vt 0.218750 -0.606073
vt 0.281250 -0.617212
vt 0.312500 -0.617212
vt 0.312500 -0.606073
vt 0.281250 -0.606073
vt 0.343750 -0.617212
vt 0.375000 -0.617212
vt 0.375000 -0.606073
vt 0.343750 -0.606073
vt 0.406250 -0.617212
vt 0.437500 -0.617212
vt 0.437500 -0.606073
vt 0.406250 -0.606073
vt 0.468750 -0.617212
vt 0.500000 -0.617212
vt 0.500000 -0.606073
vt 0.468750 -0.606073
vt 0.531250 -0.617212
vt 0.562500 -0.617212
vt 0.562500 -0.606073
vt 0.531250 -0.606073
vt 0.593750 -0.617212
vt 0.625000 -0.617212
vt 0.625000 -0.606073
vt 0.593750 -0.606073
vt 0.656250 -0.617212
vt 0.687500 -0.617212
vt 0.687500 -0.606073
vt 0.656250 -0.606073
vt 0.718750 -0.617212
vt 0.750000 -0.617212
vt 0.750000 -0.606073
vt 0.718750 -0.606073
vt 0.781250 -0.617212
vt 0.812500 -0.617212
vt 0.812500 -0.606073
vt 0.781250 -0.606073
vt 0.843750 -0.617212
vt 0.875000 -0.617212
vt 0.875000 -0.606073
vt 0.843750 -0.606073
vt 0.906250 -0.617212
vt 0.937500 -0.617212
vt 0.937500 -0.606073
vt 0.906250 -0.606073
vt 0.968750 -0.617277
vt 1.000000 -0.617603
vt 1.000000 -0.607597
vt 0.968750 -0.606200
vt 0.031250 -0.592663
vt 0.000000 -0.593019
vt 0.062500 -0.592592
vt 0.062500 -0.576547
vt 0.031250 -0.576705
vt 0.000000 -0.578442
vt 0.093750 -0.592592
vt 0.125000 -0.592592
vt 0.125000 -0.576547
vt 0.093750 -0.576547
vt 0.156250 -0.592592
vt 0.187500 -0.592592
vt 0.187500 -0.576547
vt 0.156250 -0.576547
vt 0.218750 -0.592592
vt 0.250000 -0.592592
vt 0.250000 -0.576547
vt 0.218750 -0.576547
vt 0.281250 -0.592592
vt 0.312500 -0.592592
vt 0.312500 -0.576547
vt 0.281250 -0.576547
vt 0.343750 -0.592592
vt 0.375000 -0.592592
vt 0.375000 -0.576547
vt 0.343750 -0.576547
vt 0.406250 -0.592592
vt 0.437500 -0.592592
vt 0.437500 -0.576547
vt 0.406250 -0.576547
vt 0.468750 -0.592592
vt 0.500000 -0.592592
vt 0.500000 -0.576547
vt 0.468750 -0.576547
vt 0.531250 -0.592592
vt 0.562500 -0.592592
vt 0.562500 -0.576547
vt 0.531250 -0.576547
vt 0.593750 -0.592592
vt 0.625000 -0.592592
vt 0.625000 -0.576547
vt 0.593750 -0.576547
vt 0.656250 -0.592592
vt 0.687500 -0.592592
vt 0.687500 -0.576547
vt 0.656250 -0.576547
vt 0.718750 -0.592592
vt 0.750000 -0.592592
vt 0.750000 -0.576547
vt 0.718750 -0.576547
vt 0.781250 -0.592592
vt 0.812500 -0.592592
vt 0.812500 -0.576547
vt 0.781250 -0.576547
vt 0.843750 -0.592592
vt 0.875000 -0.592592
vt 0.875000 -0.576547
vt 0.843750 -0.576547
vt 0.906250 -0.592592
vt 0.937500 -0.592592
vt 0.937500 -0.576547
vt 0.906250 -0.576547
vt 0.968750 -0.592663
vt 1.000000 -0.593019
vt 1.000000 -0.578442
vt 0.968750 -0.576705
vt 0.031250 -0.558100
vt 0.000000 -0.558182
vt 0.062500 -0.558084
vt 0.062500 -0.539033
vt 0.031250 -0.538941
vt 0.000000 -0.537921
vt 0.093750 -0.558084
vt 0.125000 -0.558084
vt 0.125000 -0.539033
vt 0.093750 -0.539033
vt 0.156250 -0.558084
vt 0.187500 -0.558084
vt 0.187500 -0.539033
vt 0.156250 -0.539033
vt 0.218750 -0.558084
vt 0.250000 -0.558084
vt 0.250000 -0.539033
vt 0.218750 -0.539033
vt 0.281250 -0.558084
vt 0.312500 -0.558084
vt 0.312500 -0.539033
vt 0.281250 -0.539033
vt 0.343750 -0.558084
vt 0.375000 -0.558084
vt 0.375000 -0.539033
vt 0.343750 -0.539033
vt 0.406250 -0.558084
vt 0.437500 -0.558084
vt 0.437500 -0.539033
vt 0.406250 -0.539033
vt 0.468750 -0.558084
vt 0.500000 -0.558084
vt 0.500000 -0.539033
vt 0.468750 -0.539033
vt 0.531250 -0.558084
vt 0.562500 -0.558084
vt 0.562500 -0.539033
vt 0.531250 -0.539033
vt 0.593750 -0.558084
vt 0.625000 -0.558084
vt 0.625000 -0.539033
vt 0.593750 -0.539033
vt 0.656250 -0.558084
vt 0.687500 -0.558084
vt 0.687500 -0.539033
vt 0.656250 -0.539033
vt 0.718750 -0.558084
vt 0.750000 -0.558084
vt 0.750000 -0.539033
vt 0.718750 -0.539033
vt 0.781250 -0.558084
vt 0.812500 -0.558084
vt 0.812500 -0.539033
vt 0.781250 -0.539033
vt 0.843750 -0.558084
vt 0.875000 -0.558084
vt 0.875000 -0.539033
vt 0.843750 -0.539033
vt 0.906250 -0.558084
vt 0.937500 -0.558084
vt 0.937500 -0.539033
vt 0.906250 -0.539033
vt 0.968750 -0.558100
vt 1.000000 -0.558182
vt 1.000000 -0.537921
vt 0.968750 -0.538941
vt 0.031250 -0.521224
vt 0.000000 -0.520997
vt 0.062500 -0.521270
vt 0.062500 -0.505143
vt 0.031250 -0.505054
vt 0.000000 -0.504072
vt 0.093750 -0.521270
vt 0.125000 -0.521270
vt 0.125000 -0.505143
vt 0.093750 -0.505143
vt 0.156250 -0.521270
vt 0.187500 -0.521270
vt 0.187500 -0.505143
vt 0.156250 -0.505143
vt 0.218750 -0.521270
vt 0.250000 -0.521270
vt 0.250000 -0.505143
vt 0.218750 -0.505143
vt 0.281250 -0.521270
vt 0.312500 -0.521270
vt 0.312500 -0.505143
vt 0.281250 -0.505143
vt 0.343750 -0.521270
vt 0.375000 -0.521270
vt 0.375000 -0.505143
vt 0.343750 -0.505143
vt 0.406250 -0.521270
vt 0.437500 -0.521270
vt 0.437500 -0.505143
vt 0.406250 -0.505143
vt 0.468750 -0.521270
vt 0.500000 -0.521270
vt 0.500000 -0.505143
vt 0.468750 -0.505143
vt 0.531250 -0.521270
vt 0.562500 -0.521270
vt 0.562500 -0.505143
vt 0.531250 -0.505143
vt 0.593750 -0.521270
vt 0.625000 -0.521270
vt 0.625000 -0.505143
vt 0.593750 -0.505143
vt 0.656250 -0.521270
vt 0.687500 -0.521270
vt 0.687500 -0.505143
vt 0.656250 -0.505143
vt 0.718750 -0.521270
vt 0.750000 -0.521270
vt 0.750000 -0.505143
vt 0.718750 -0.505143
vt 0.781250 -0.521270
vt 0.812500 -0.521270
vt 0.812500 -0.505143
vt 0.781250 -0.505143
vt 0.843750 -0.521270
vt 0.875000 -0.521270
vt 0.875000 -0.505143
vt 0.843750 -0.505143
vt 0.906250 -0.521270
vt 0.937500 -0.521270
vt 0.937500 -0.505143
vt 0.906250 -0.505143
vt 0.968750 -0.521224
vt 1.000000 -0.520997
vt 1.000000 -0.504072
vt 0.968750 -0.505054
vt 0.031250 -0.490582
vt 0.000000 -0.490360
vt 0.062500 -0.490627
vt 0.062500 -0.477715
vt 0.031250 -0.477626
vt 0.000000 -0.476647
vt 0.093750 -0.490627
vt 0.125000 -0.490627
vt 0.125000 -0.477715
vt 0.093750 -0.477715
vt 0.156250 -0.490627
vt 0.187500 -0.490627
vt 0.187500 -0.477715
vt 0.156250 -0.477715
vt 0.218750 -0.490627
vt 0.250000 -0.490627
vt 0.250000 -0.477715
vt 0.218750 -0.477715
vt 0.281250 -0.490627
vt 0.312500 -0.490627
vt 0.312500 -0.477715
vt 0.281250 -0.477715
vt 0.343750 -0.490627
vt 0.375000 -0.490627
vt 0.375000 -0.477715
vt 0.343750 -0.477715
vt 0.406250 -0.490627
vt 0.437500 -0.490627
vt 0.437500 -0.477715
vt 0.406250 -0.477715
vt 0.468750 -0.490627
vt 0.500000 -0.490627
vt 0.500000 -0.477715
vt 0.468750 -0.477715
vt 0.531250 -0.490627
vt 0.562500 -0.490627
vt 0.562500 -0.477715
vt 0.531250 -0.477715
vt 0.593750 -0.490627
vt 0.625000 -0.490627
vt 0.625000 -0.477715
vt 0.593750 -0.477715
vt 0.656250 -0.490627
vt 0.687500 -0.490627
vt 0.687500 -0.477715
vt 0.656250 -0.477715
vt 0.718750 -0.490627
vt 0.750000 -0.490627
vt 0.750000 -0.477715
vt 0.718750 -0.477715
vt 0.781250 -0.490627
vt 0.812500 -0.490627
vt 0.812500 -0.477715
vt 0.781250 -0.477715
vt 0.843750 -0.490627
vt 0.875000 -0.490627
vt 0.875000 -0.477715
vt 0.843750 -0.477715
vt 0.906250 -0.490627
vt 0.937500 -0.490627
vt 0.937500 -0.477715
vt 0.906250 -0.477715
vt 0.968750 -0.490582
vt 1.000000 -0.490360
vt 1.000000 -0.476647
vt 0.968750 -0.477626
vt 0.031250 -0.466499
vt 0.000000 -0.466139
vt 0.062500 -0.466571
vt 0.062500 -0.458024
vt 0.031250 -0.457824
vt 0.000000 -0.455630
vt 0.093750 -0.466571
vt 0.125000 -0.466571
vt 0.125000 -0.458024
vt 0.093750 -0.458024
vt 0.156250 -0.466571
vt 0.187500 -0.466571
vt 0.187500 -0.458024
vt 0.156250 -0.458024
vt 0.218750 -0.466571
vt 0.250000 -0.466571
vt 0.250000 -0.458024
vt 0.218750 -0.458024
vt 0.281250 -0.466571
vt 0.312500 -0.466571
vt 0.312500 -0.458024
vt 0.281250 -0.458024
vt 0.343750 -0.466571
vt 0.375000 -0.466571
vt 0.375000 -0.458024
vt 0.343750 -0.458024
vt 0.406250 -0.466571
vt 0.437500 -0.466571
vt 0.437500 -0.458024
vt 0.406250 -0.458024
vt 0.468750 -0.466571
vt 0.500000 -0.466571
vt 0.500000 -0.458024
vt 0.468750 -0.458024
vt 0.531250 -0.466571
vt 0.562500 -0.466571
vt 0.562500 -0.458024
vt 0.531250 -0.458024
vt 0.593750 -0.466571
vt 0.625000 -0.466571
vt 0.625000 -0.458024
vt 0.593750 -0.458024
vt 0.656250 -0.466571
vt 0.687500 -0.466571
vt 0.687500 -0.458024
vt 0.656250 -0.458024
vt 0.718750 -0.466571
vt 0.750000 -0.466571
vt 0.750000 -0.458024
vt 0.718750 -0.458024
vt 0.781250 -0.466571
vt 0.812500 -0.466571
vt 0.812500 -0.458024
vt 0.781250 -0.458024
vt 0.843750 -0.466571
vt 0.875000 -0.466571
vt 0.875000 -0.458024
vt 0.843750 -0.458024
vt 0.906250 -0.466571
vt 0.937500 -0.466571
vt 0.937500 -0.458024
vt 0.906250 -0.458024
vt 0.968750 -0.466499
vt 1.000000 -0.466139
vt 1.000000 -0.455630
vt 0.968750 -0.457824
vt 0.031250 -0.452612
vt 0.000000 -0.452303
vt 0.062500 -0.452673
vt 0.062500 -0.449549
vt 0.031250 -0.449501
vt 0.000000 -0.448974
vt 0.093750 -0.452673
vt 0.125000 -0.452673
vt 0.125000 -0.449549
vt 0.093750 -0.449549
vt 0.156250 -0.452673
vt 0.187500 -0.452673
vt 0.187500 -0.449549
vt 0.156250 -0.449549
vt 0.218750 -0.452673
vt 0.250000 -0.452673
vt 0.250000 -0.449549
vt 0.218750 -0.449549
vt 0.281250 -0.452673
vt 0.312500 -0.452673
vt 0.312500 -0.449549
vt 0.281250 -0.449549
vt 0.343750 -0.452673
vt 0.375000 -0.452673
vt 0.375000 -0.449549
vt 0.343750 -0.449549
vt 0.406250 -0.452673
vt 0.437500 -0.452673
vt 0.437500 -0.449549
vt 0.406250 -0.449549
vt 0.468750 -0.452673
vt 0.500000 -0.452673
vt 0.500000 -0.449549
vt 0.468750 -0.449549
vt 0.531250 -0.452673
vt 0.562500 -0.452673
vt 0.562500 -0.449549
vt 0.531250 -0.449549
vt 0.593750 -0.452673
vt 0.625000 -0.452673
vt 0.625000 -0.449549
vt 0.593750 -0.449549
vt 0.656250 -0.452673
vt 0.687500 -0.452673
vt 0.687500 -0.449549
vt 0.656250 -0.449549
vt 0.718750 -0.452673
vt 0.750000 -0.452673
vt 0.750000 -0.449549
vt 0.718750 -0.449549
vt 0.781250 -0.452673
vt 0.812500 -0.452673
vt 0.812500 -0.449549
vt 0.781250 -0.449549
vt 0.843750 -0.452673
vt 0.875000 -0.452673
vt 0.875000 -0.449549
vt 0.843750 -0.449549
vt 0.906250 -0.452673
vt 0.937500 -0.452673
vt 0.937500 -0.449549
vt 0.906250 -0.449549
vt 0.968750 -0.452612
vt 1.000000 -0.452303
vt 1.000000 -0.448974
vt 0.968750 -0.449501
vt 0.031250 -0.447339
vt 0.000000 -0.447370
vt 0.062500 -0.447333
vt 0.062500 -0.444897
vt 0.031250 -0.444969
vt 0.000000 -0.445766
vt 0.093750 -0.447333
vt 0.125000 -0.447333
vt 0.125000 -0.444897
vt 0.093750 -0.444897
vt 0.156250 -0.447333
vt 0.187500 -0.447333
vt 0.187500 -0.444897
vt 0.156250 -0.444897
vt 0.218750 -0.447333
vt 0.250000 -0.447333
vt 0.250000 -0.444897
vt 0.218750 -0.444897
vt 0.281250 -0.447333
vt 0.312500 -0.447333
vt 0.312500 -0.444897
vt 0.281250 -0.444897
vt 0.343750 -0.447333
vt 0.375000 -0.447333
vt 0.375000 -0.444897
vt 0.343750 -0.444897
vt 0.406250 -0.447333
vt 0.437500 -0.447333
vt 0.437500 -0.444897
vt 0.406250 -0.444897
vt 0.468750 -0.447333
vt 0.500000 -0.447333
vt 0.500000 -0.444897
vt 0.468750 -0.444897
vt 0.531250 -0.447333
vt 0.562500 -0.447333
vt 0.562500 -0.444897
vt 0.531250 -0.444897
vt 0.593750 -0.447333
vt 0.625000 -0.447333
vt 0.625000 -0.444897
vt 0.593750 -0.444897
vt 0.656250 -0.447333
vt 0.687500 -0.447333
vt 0.687500 -0.444897
vt 0.656250 -0.444897
vt 0.718750 -0.447333
vt 0.750000 -0.447333
vt 0.750000 -0.444897
vt 0.718750 -0.444897
vt 0.781250 -0.447333
vt 0.812500 -0.447333
vt 0.812500 -0.444897
vt 0.781250 -0.444897
vt 0.843750 -0.447333
vt 0.875000 -0.447333
vt 0.875000 -0.444897
vt 0.843750 -0.444897
vt 0.906250 -0.447333
vt 0.937500 -0.447333
vt 0.937500 -0.444897
vt 0.906250 -0.444897
vt 0.968750 -0.447339
vt 1.000000 -0.447370
vt 1.000000 -0.445766
vt 0.968750 -0.444969
vt 0.031250 -0.441460
vt 0.000000 -0.441555
vt 0.062500 -0.441441
vt 0.062500 -0.437304
vt 0.031250 -0.437308
vt 0.000000 -0.437344
vt 0.093750 -0.441441
vt 0.125000 -0.441441
vt 0.125000 -0.437304
vt 0.093750 -0.437304
vt 0.156250 -0.441441
vt 0.187500 -0.441441
vt 0.187500 -0.437304
vt 0.156250 -0.437304
vt 0.218750 -0.441441
vt 0.250000 -0.441441
vt 0.250000 -0.437304
vt 0.218750 -0.437304
vt 0.281250 -0.441441
vt 0.312500 -0.441441
vt 0.312500 -0.437304
vt 0.281250 -0.437304
vt 0.343750 -0.441441
vt 0.375000 -0.441441
vt 0.375000 -0.437304
vt 0.343750 -0.437304
vt 0.406250 -0.441441
vt 0.437500 -0.441441
vt 0.437500 -0.437304
vt 0.406250 -0.437304
vt 0.468750 -0.441441
vt 0.500000 -0.441441
vt 0.500000 -0.437304
vt 0.468750 -0.437304
vt 0.531250 -0.441441
vt 0.562500 -0.441441
vt 0.562500 -0.437304
vt 0.531250 -0.437304
vt 0.593750 -0.441441
vt 0.625000 -0.441441
vt 0.625000 -0.437304
vt 0.593750 -0.437304
vt 0.656250 -0.441441
vt 0.687500 -0.441441
vt 0.687500 -0.437304
vt 0.656250 -0.437304
vt 0.718750 -0.441441
vt 0.750000 -0.441441
vt 0.750000 -0.437304
vt 0.718750 -0.437304
vt 0.781250 -0.441441
vt 0.812500 -0.441441
vt 0.812500 -0.437304
vt 0.781250 -0.437304
vt 0.843750 -0.441441
vt 0.875000 -0.441441
vt 0.875000 -0.437304
vt 0.843750 -0.437304
vt 0.906250 -0.441441
vt 0.937500 -0.441441
vt 0.937500 -0.437304
vt 0.906250 -0.437304
vt 0.968750 -0.441460
vt 1.000000 -0.441555
vt 1.000000 -0.437344
vt 0.968750 -0.437308
vt 0.031250 -0.433011
vt 0.000000 -0.433015
vt 0.062500 -0.433010
vt 0.062500 -0.428686
vt 0.031250 -0.428686
vt 0.000000 -0.428686
vt 0.093750 -0.433010
vt 0.125000 -0.433010
vt 0.125000 -0.428686
vt 0.093750 -0.428686
vt 0.156250 -0.433010
vt 0.187500 -0.433010
vt 0.187500 -0.428686
vt 0.156250 -0.428686
vt 0.218750 -0.433010
vt 0.250000 -0.433010
vt 0.250000 -0.428686
vt 0.218750 -0.428686
vt 0.281250 -0.433010
vt 0.312500 -0.433010
vt 0.312500 -0.428686
vt 0.281250 -0.428686
vt 0.343750 -0.433010
vt 0.375000 -0.433010
vt 0.375000 -0.428686
vt 0.343750 -0.428686
vt 0.406250 -0.433010
vt 0.437500 -0.433010
vt 0.437500 -0.428686
vt 0.406250 -0.428686
vt 0.468750 -0.433010
vt 0.500000 -0.433010
vt 0.500000 -0.428686
vt 0.468750 -0.428686
vt 0.531250 -0.437304
vt 0.531250 -0.433010
vt 0.562500 -0.433010
vt 0.562500 -0.428686
vt 0.531250 -0.428686
vt 0.593750 -0.433010
vt 0.625000 -0.433010
vt 0.625000 -0.428686
vt 0.593750 -0.428686
vt 0.656250 -0.437304
vt 0.656250 -0.433010
vt 0.687500 -0.433010
vt 0.687500 -0.428686
vt 0.656250 -0.428686
vt 0.718750 -0.433010
vt 0.750000 -0.433010
vt 0.750000 -0.428686
vt 0.718750 -0.428686
vt 0.781250 -0.433010
vt 0.812500 -0.433010
vt 0.812500 -0.428686
vt 0.781250 -0.428686
vt 0.843750 -0.433010
vt 0.875000 -0.433010
vt 0.875000 -0.428686
vt 0.843750 -0.428686
vt 0.906250 -0.433010
vt 0.937500 -0.433010
vt 0.937500 -0.428686
vt 0.906250 -0.428686
vt 0.968750 -0.433011
vt 1.000000 -0.433015
vt 1.000000 -0.428686
vt 0.968750 -0.428686
vt 0.031250 -0.429581
vt 0.000000 -0.429581
vt 0.062500 -0.429581
vt 0.062500 -0.430475
vt 0.031250 -0.430475
vt 0.000000 -0.430475
vt 0.093750 -0.429581
vt 0.125000 -0.429581
vt 0.125000 -0.430475
vt 0.093750 -0.430475
vt 0.156250 -0.429581
vt 0.187500 -0.429581
vt 0.187500 -0.430475
vt 0.156250 -0.430475
vt 0.218750 -0.429581
vt 0.250000 -0.429581
vt 0.250000 -0.430475
vt 0.218750 -0.430475
vt 0.281250 -0.429581
vt 0.312500 -0.429581
vt 0.312500 -0.430475
vt 0.281250 -0.430475
vt 0.343750 -0.429581
vt 0.375000 -0.429581
vt 0.375000 -0.430475
vt 0.343750 -0.430475
vt 0.406250 -0.429581
vt 0.437500 -0.429581
vt 0.437500 -0.430475
vt 0.406250 -0.430475
vt 0.468750 -0.429581
vt 0.500000 -0.429581
vt 0.500000 -0.430475
vt 0.468750 -0.430475
vt 0.531250 -0.429581
vt 0.562500 -0.429581
vt 0.562500 -0.430475
vt 0.531250 -0.430475
vt 0.593750 -0.429581
vt 0.625000 -0.429581
vt 0.625000 -0.430475
vt 0.593750 -0.430475
vt 0.656250 -0.429581
vt 0.687500 -0.429581
vt 0.687500 -0.430475
vt 0.656250 -0.430475
vt 0.718750 -0.429581
vt 0.750000 -0.429581
vt 0.750000 -0.430475
vt 0.718750 -0.430475
vt 0.781250 -0.429581
vt 0.812500 -0.429581
vt 0.812500 -0.430475
vt 0.781250 -0.430475
vt 0.843750 -0.429581
vt 0.875000 -0.429581
vt 0.875000 -0.430475
vt 0.843750 -0.430475
vt 0.906250 -0.429581
vt 0.937500 -0.429581
vt 0.937500 -0.430475
vt 0.906250 -0.430475
vt 0.968750 -0.429581
vt 1.000000 -0.429581
vt 1.000000 -0.430475
vt 0.968750 -0.430475
vt 0.031250 -0.424092
vt 0.000000 -0.423928
vt 0.062500 -0.424125
vt 0.062500 -0.418956
vt 0.031250 -0.418825
vt 0.000000 -0.417382
vt 0.093750 -0.424125
vt 0.125000 -0.424125
vt 0.125000 -0.418956
vt 0.093750 -0.418956
vt 0.156250 -0.424125
vt 0.187500 -0.424125
vt 0.187500 -0.418956
vt 0.156250 -0.418956
vt 0.218750 -0.424125
vt 0.250000 -0.424125
vt 0.250000 -0.418956
vt 0.218750 -0.418956
vt 0.281250 -0.424125
vt 0.312500 -0.424125
vt 0.312500 -0.418956
vt 0.281250 -0.418956
vt 0.343750 -0.424125
vt 0.375000 -0.424125
vt 0.375000 -0.418956
vt 0.343750 -0.418956
vt 0.406250 -0.424125
vt 0.437500 -0.424125
vt 0.437500 -0.418956
vt 0.406250 -0.418956
vt 0.468750 -0.424125
vt 0.500000 -0.424125
vt 0.500000 -0.418956
vt 0.468750 -0.418956
vt 0.531250 -0.424125
vt 0.562500 -0.424125
vt 0.562500 -0.418956
vt 0.531250 -0.418956
vt 0.593750 -0.424125
vt 0.625000 -0.424125
vt 0.625000 -0.418956
vt 0.593750 -0.418956
vt 0.656250 -0.424125
vt 0.687500 -0.424125
vt 0.687500 -0.418956
vt 0.656250 -0.418956
vt 0.718750 -0.424125
vt 0.750000 -0.424125
vt 0.750000 -0.418956
vt 0.718750 -0.418956
vt 0.781250 -0.424125
vt 0.812500 -0.424125
vt 0.812500 -0.418956
vt 0.781250 -0.418956
vt 0.843750 -0.424125
vt 0.875000 -0.424125
vt 0.875000 -0.418956
vt 0.843750 -0.418956
vt 0.906250 -0.424125
vt 0.937500 -0.424125
vt 0.937500 -0.418956
vt 0.906250 -0.418956
vt 0.968750 -0.424092
vt 1.000000 -0.423928
vt 1.000000 -0.417382
vt 0.968750 -0.418825
vt 0.031250 -0.415740
vt 0.000000 -0.415557
vt 0.062500 -0.415776
vt 0.062500 -0.413910
vt 0.031250 -0.413896
vt 0.000000 -0.413733
vt 0.093750 -0.415776
vt 0.125000 -0.415776
vt 0.125000 -0.413910
vt 0.093750 -0.413910
vt 0.156250 -0.415776
vt 0.187500 -0.415776
vt 0.187500 -0.413910
vt 0.156250 -0.413910
vt 0.218750 -0.415776
vt 0.250000 -0.415776
vt 0.250000 -0.413910
vt 0.218750 -0.413910
vt 0.281250 -0.415776
vt 0.312500 -0.415776
vt 0.312500 -0.413910
vt 0.281250 -0.413910
vt 0.343750 -0.415776
vt 0.375000 -0.415776
vt 0.375000 -0.413910
vt 0.343750 -0.413910
vt 0.406250 -0.415776
vt 0.437500 -0.415776
vt 0.437500 -0.413910
vt 0.406250 -0.413910
vt 0.468750 -0.415776
vt 0.500000 -0.415776
vt 0.500000 -0.413910
vt 0.468750 -0.413910
vt 0.531250 -0.418956
vt 0.531250 -0.415776
vt 0.562500 -0.415776
vt 0.562500 -0.413910
vt 0.531250 -0.413910
vt 0.593750 -0.415776
vt 0.625000 -0.415776
vt 0.625000 -0.413910
vt 0.593750 -0.413910
vt 0.656250 -0.418956
vt 0.656250 -0.415776
vt 0.687500 -0.415776
vt 0.687500 -0.413910
vt 0.656250 -0.413910
vt 0.718750 -0.415776
vt 0.750000 -0.415776
vt 0.750000 -0.413910
vt 0.718750 -0.413910
vt 0.781250 -0.415776
vt 0.812500 -0.415776
vt 0.812500 -0.413910
vt 0.781250 -0.413910
vt 0.843750 -0.415776
vt 0.875000 -0.415776
vt 0.875000 -0.413910
vt 0.843750 -0.413910
vt 0.906250 -0.415776
vt 0.937500 -0.415776
vt 0.937500 -0.413910
vt 0.906250 -0.413910
vt 0.968750 -0.415740
vt 1.000000 -0.415557
vt 1.000000 -0.413733
vt 0.968750 -0.413896
vt 0.031250 -0.412406
vt 0.000000 -0.412441
vt 0.062500 -0.412399
vt 0.062500 -0.410638
vt 0.031250 -0.410680
vt 0.000000 -0.411149
vt 0.093750 -0.412399
vt 0.125000 -0.412399
vt 0.125000 -0.410638
vt 0.093750 -0.410638
vt 0.156250 -0.412399
vt 0.187500 -0.412399
vt 0.187500 -0.410638
vt 0.156250 -0.410638
vt 0.218750 -0.412399
vt 0.250000 -0.412399
vt 0.250000 -0.410638
vt 0.218750 -0.410638
vt 0.281250 -0.412399
vt 0.312500 -0.412399
vt 0.312500 -0.410638
vt 0.281250 -0.410638
vt 0.343750 -0.412399
vt 0.375000 -0.412399
vt 0.375000 -0.410638
vt 0.343750 -0.410638
vt 0.406250 -0.412399
vt 0.437500 -0.412399
vt 0.437500 -0.410638
vt 0.406250 -0.410638
vt 0.468750 -0.412399
vt 0.500000 -0.412399
vt 0.500000 -0.410638
vt 0.468750 -0.410638
vt 0.531250 -0.412399
vt 0.562500 -0.412399
vt 0.562500 -0.410638
vt 0.531250 -0.410638
vt 0.593750 -0.412399
vt 0.625000 -0.412399
vt 0.625000 -0.410638
vt 0.593750 -0.410638
vt 0.656250 -0.412399
vt 0.687500 -0.412399
vt 0.687500 -0.410638
vt 0.656250 -0.410638
vt 0.718750 -0.412399
vt 0.750000 -0.412399
vt 0.750000 -0.410638
vt 0.718750 -0.410638
vt 0.781250 -0.412399
vt 0.812500 -0.412399
vt 0.812500 -0.410638
vt 0.781250 -0.410638
vt 0.843750 -0.412399
vt 0.875000 -0.412399
vt 0.875000 -0.410638
vt 0.843750 -0.410638
vt 0.906250 -0.412399
vt 0.937500 -0.412399
vt 0.937500 -0.410638
vt 0.906250 -0.410638
vt 0.968750 -0.412406
vt 1.000000 -0.412441
vt 1.000000 -0.411149
vt 0.968750 -0.410680
vt 0.031250 -0.408121
vt 0.000000 -0.408323
vt 0.062500 -0.408081
vt 0.062500 -0.404069
vt 0.031250 -0.404188
vt 0.000000 -0.405497
vt 0.093750 -0.408081
vt 0.125000 -0.408081
vt 0.125000 -0.404069
vt 0.093750 -0.404069
vt 0.156250 -0.408081
vt 0.187500 -0.408081
vt 0.187500 -0.404069
vt 0.156250 -0.404069
vt 0.218750 -0.408081
vt 0.250000 -0.408081
vt 0.250000 -0.404069
vt 0.218750 -0.404069
vt 0.281250 -0.408081
vt 0.312500 -0.408081
vt 0.312500 -0.404069
vt 0.281250 -0.404069
vt 0.343750 -0.408081
vt 0.375000 -0.408081
vt 0.375000 -0.404069
vt 0.343750 -0.404069
vt 0.406250 -0.408081
vt 0.437500 -0.408081
vt 0.437500 -0.404069
vt 0.406250 -0.404069
vt 0.468750 -0.408081
vt 0.500000 -0.408081
vt 0.500000 -0.404069
vt 0.468750 -0.404069
vt 0.531250 -0.408081
vt 0.562500 -0.408081
vt 0.562500 -0.404069
vt 0.531250 -0.404069
vt 0.593750 -0.408081
vt 0.625000 -0.408081
vt 0.625000 -0.404069
vt 0.593750 -0.404069
vt 0.656250 -0.408081
vt 0.687500 -0.408081
vt 0.687500 -0.404069
vt 0.656250 -0.404069
vt 0.718750 -0.408081
vt 0.750000 -0.408081
vt 0.750000 -0.404069
vt 0.718750 -0.404069
vt 0.781250 -0.408081
vt 0.812500 -0.408081
vt 0.812500 -0.404069
vt 0.781250 -0.404069
vt 0.843750 -0.408081
vt 0.875000 -0.408081
vt 0.875000 -0.404069
vt 0.843750 -0.404069
vt 0.906250 -0.408081
vt 0.937500 -0.408081
vt 0.937500 -0.404069
vt 0.906250 -0.404069
vt 0.968750 -0.408121
vt 1.000000 -0.408323
vt 1.000000 -0.405497
vt 0.968750 -0.404188
vt 0.031250 -0.398244
vt 0.000000 -0.398385
vt 0.062500 -0.398216
vt 0.062500 -0.391348
vt 0.031250 -0.391342
vt 0.000000 -0.391273
vt 0.093750 -0.398216
vt 0.125000 -0.398216
vt 0.125000 -0.391348
vt 0.093750 -0.391348
vt 0.156250 -0.398216
vt 0.187500 -0.398216
vt 0.187500 -0.391348
vt 0.156250 -0.391348
vt 0.218750 -0.398216
vt 0.250000 -0.398216
vt 0.250000 -0.391348
vt 0.218750 -0.391348
vt 0.281250 -0.398216
vt 0.312500 -0.398216
vt 0.312500 -0.391348
vt 0.281250 -0.391348
vt 0.343750 -0.398216
vt 0.375000 -0.398216
vt 0.375000 -0.391348
vt 0.343750 -0.391348
vt 0.406250 -0.398216
vt 0.437500 -0.398216
vt 0.437500 -0.391348
vt 0.406250 -0.391348
vt 0.468750 -0.398216
vt 0.500000 -0.398216
vt 0.500000 -0.391348
vt 0.468750 -0.391348
vt 0.531250 -0.398216
vt 0.562500 -0.398216
vt 0.562500 -0.391348
vt 0.531250 -0.391348
vt 0.593750 -0.398216
vt 0.625000 -0.398216
vt 0.625000 -0.391348
vt 0.593750 -0.391348
vt 0.656250 -0.398216
vt 0.687500 -0.398216
vt 0.687500 -0.391348
vt 0.656250 -0.391348
vt 0.718750 -0.398216
vt 0.750000 -0.398216
vt 0.750000 -0.391348
vt 0.718750 -0.391348
vt 0.781250 -0.398216
vt 0.812500 -0.398216
vt 0.812500 -0.391348
vt 0.781250 -0.391348
vt 0.843750 -0.398216
vt 0.875000 -0.398216
vt 0.875000 -0.391348
vt 0.843750 -0.391348
vt 0.906250 -0.398216
vt 0.937500 -0.398216
vt 0.937500 -0.391348
vt 0.906250 -0.391348
vt 0.968750 -0.398244
vt 1.000000 -0.398385
vt 1.000000 -0.391273
vt 0.968750 -0.391342
vt 0.031250 -0.384579
vt 0.000000 -0.384385
vt 0.062500 -0.384619
vt 0.062500 -0.379293
vt 0.031250 -0.379143
vt 0.000000 -0.377496
vt 0.093750 -0.384618
vt 0.125000 -0.384618
vt 0.125000 -0.379293
vt 0.093750 -0.379293
vt 0.156250 -0.384618
vt 0.187500 -0.384618
vt 0.187500 -0.379293
vt 0.156250 -0.379293
vt 0.218750 -0.384618
vt 0.250000 -0.384618
vt 0.250000 -0.379293
vt 0.218750 -0.379293
vt 0.281250 -0.384618
vt 0.312500 -0.384618
vt 0.312500 -0.379293
vt 0.281250 -0.379293
vt 0.343750 -0.384618
vt 0.375000 -0.384618
vt 0.375000 -0.379293
vt 0.343750 -0.379293
vt 0.406250 -0.384618
vt 0.437500 -0.384618
vt 0.437500 -0.379293
vt 0.406250 -0.379293
vt 0.468750 -0.384618
vt 0.500000 -0.384618
vt 0.500000 -0.379293
vt 0.468750 -0.379293
vt 0.531250 -0.384618
vt 0.562500 -0.384618
vt 0.562500 -0.379293
vt 0.531250 -0.379293
vt 0.593750 -0.384618
vt 0.625000 -0.384618
vt 0.625000 -0.379293
vt 0.593750 -0.379293
vt 0.656250 -0.384618
vt 0.687500 -0.384618
vt 0.687500 -0.379293
vt 0.656250 -0.379293
vt 0.718750 -0.384618
vt 0.750000 -0.384618
vt 0.750000 -0.379293
vt 0.718750 -0.379293
vt 0.781250 -0.384618
vt 0.812500 -0.384618
vt 0.812500 -0.379293
vt 0.781250 -0.379293
vt 0.843750 -0.384618
vt 0.875000 -0.384618
vt 0.875000 -0.379293
vt 0.843750 -0.379293
vt 0.906250 -0.384618
vt 0.937500 -0.384618
vt 0.937500 -0.379293
vt 0.906250 -0.379293
vt 0.968750 -0.384579
vt 1.000000 -0.384385
vt 1.000000 -0.377496
vt 0.968750 -0.379143
vt 0.031250 -0.376210
vt 0.000000 -0.375998
vt 0.062500 -0.376253
vt 0.062500 -0.374746
vt 0.031250 -0.374725
vt 0.000000 -0.374499
vt 0.093750 -0.376253
vt 0.125000 -0.376253
vt 0.125000 -0.374746
vt 0.093750 -0.374746
vt 0.156250 -0.376253
vt 0.187500 -0.376253
vt 0.187500 -0.374746
vt 0.156250 -0.374746
vt 0.218750 -0.376253
vt 0.250000 -0.376253
vt 0.250000 -0.374746
vt 0.218750 -0.374746
vt 0.281250 -0.376253
vt 0.312500 -0.376253
vt 0.312500 -0.374746
vt 0.281250 -0.374746
vt 0.343750 -0.376253
vt 0.375000 -0.376253
vt 0.375000 -0.374746
vt 0.343750 -0.374746
vt 0.406250 -0.376253
vt 0.437500 -0.376253
vt 0.437500 -0.374746
vt 0.406250 -0.374746
vt 0.468750 -0.376253
vt 0.500000 -0.376253
vt 0.500000 -0.374746
vt 0.468750 -0.374746
vt 0.531250 -0.376253
vt 0.562500 -0.376253
vt 0.562500 -0.374746
vt 0.531250 -0.374746
vt 0.593750 -0.376253
vt 0.625000 -0.376253
vt 0.625000 -0.374746
vt 0.593750 -0.374746
vt 0.656250 -0.376253
vt 0.687500 -0.376253
vt 0.687500 -0.374746
vt 0.656250 -0.374746
vt 0.718750 -0.376253
vt 0.750000 -0.376253
vt 0.750000 -0.374746
vt 0.718750 -0.374746
vt 0.781250 -0.376253
vt 0.812500 -0.376253
vt 0.812500 -0.374746
vt 0.781250 -0.374746
vt 0.843750 -0.376253
vt 0.875000 -0.376253
vt 0.875000 -0.374746
vt 0.843750 -0.374746
vt 0.906250 -0.376253
vt 0.937500 -0.376253
vt 0.937500 -0.374746
vt 0.906250 -0.374746
vt 0.968750 -0.376210
vt 1.000000 -0.375998
vt 1.000000 -0.374499
vt 0.968750 -0.374725
vt 0.031250 -0.373712
vt 0.000000 -0.373740
vt 0.062500 -0.373706
vt 0.062500 -0.372459
vt 0.031250 -0.372503
vt 0.000000 -0.372981
vt 0.093750 -0.373706
vt 0.125000 -0.373706
vt 0.125000 -0.372459
vt 0.093750 -0.372459
vt 0.156250 -0.373706
vt 0.187500 -0.373706
vt 0.187500 -0.372459
vt 0.156250 -0.372459
vt 0.218750 -0.373706
vt 0.250000 -0.373706
vt 0.250000 -0.372459
vt 0.218750 -0.372459
vt 0.281250 -0.373706
vt 0.312500 -0.373706
vt 0.312500 -0.372459
vt 0.281250 -0.372459
vt 0.343750 -0.373706
vt 0.375000 -0.373706
vt 0.375000 -0.372459
vt 0.343750 -0.372459
vt 0.406250 -0.373706
vt 0.437500 -0.373706
vt 0.437500 -0.372459
vt 0.406250 -0.372459
vt 0.468750 -0.373706
vt 0.500000 -0.373706
vt 0.500000 -0.372459
vt 0.468750 -0.372459
vt 0.531250 -0.373706
vt 0.562500 -0.373706
vt 0.562500 -0.372459
vt 0.531250 -0.372459
vt 0.593750 -0.373706
vt 0.625000 -0.373706
vt 0.625000 -0.372459
vt 0.593750 -0.372459
vt 0.656250 -0.373706
vt 0.687500 -0.373706
vt 0.687500 -0.372459
vt 0.656250 -0.372459
vt 0.718750 -0.373706
vt 0.750000 -0.373706
vt 0.750000 -0.372459
vt 0.718750 -0.372459
vt 0.781250 -0.373706
vt 0.812500 -0.373706
vt 0.812500 -0.372459
vt 0.781250 -0.372459
vt 0.843750 -0.373706
vt 0.875000 -0.373706
vt 0.875000 -0.372459
vt 0.843750 -0.372459
vt 0.906250 -0.373706
vt 0.937500 -0.373706
vt 0.937500 -0.372459
vt 0.906250 -0.372459
vt 0.968750 -0.373712
vt 1.000000 -0.373740
vt 1.000000 -0.372981
vt 0.968750 -0.372503
vt 0.031250 -0.370445
vt 0.000000 -0.370655
vt 0.062500 -0.370403
vt 0.062500 -0.366829
vt 0.031250 -0.366954
vt 0.000000 -0.368330
vt 0.093750 -0.370403
vt 0.125000 -0.370403
vt 0.125000 -0.366829
vt 0.093750 -0.366829
vt 0.156250 -0.370403
vt 0.187500 -0.370403
vt 0.187500 -0.366829
vt 0.156250 -0.366829
vt 0.218750 -0.370403
vt 0.250000 -0.370403
vt 0.250000 -0.366829
vt 0.218750 -0.366829
vt 0.281250 -0.370403
vt 0.312500 -0.370403
vt 0.312500 -0.366829
vt 0.281250 -0.366829
vt 0.343750 -0.370403
vt 0.375000 -0.370403
vt 0.375000 -0.366829
vt 0.343750 -0.366829
vt 0.406250 -0.370403
vt 0.437500 -0.370403
vt 0.437500 -0.366829
vt 0.406250 -0.366829
vt 0.468750 -0.370403
vt 0.500000 -0.370403
vt 0.500000 -0.366829
vt 0.468750 -0.366829
vt 0.531250 -0.370403
vt 0.562500 -0.370403
vt 0.562500 -0.366829
vt 0.531250 -0.366829
vt 0.593750 -0.370403
vt 0.625000 -0.370403
vt 0.625000 -0.366829
vt 0.593750 -0.366829
vt 0.656250 -0.370403
vt 0.687500 -0.370403
vt 0.687500 -0.366829
vt 0.656250 -0.366829
vt 0.718750 -0.370403
vt 0.750000 -0.370403
vt 0.750000 -0.366829
vt 0.718750 -0.366829
vt 0.781250 -0.370403
vt 0.812500 -0.370403
vt 0.812500 -0.366829
vt 0.781250 -0.366829
vt 0.843750 -0.370403
vt 0.875000 -0.370403
vt 0.875000 -0.366829
vt 0.843750 -0.366829
vt 0.906250 -0.370403
vt 0.937500 -0.370403
vt 0.937500 -0.366829
vt 0.906250 -0.366829
vt 0.968750 -0.370445
vt 1.000000 -0.370655
vt 1.000000 -0.368330
vt 0.968750 -0.366954
vt 0.031250 -0.361311
vt 0.000000 -0.361501
vt 0.062500 -0.361273
vt 0.062500 -0.354355
vt 0.031250 -0.354381
vt 0.000000 -0.354671
vt 0.093750 -0.361273
vt 0.125000 -0.361273
vt 0.125000 -0.354355
vt 0.093750 -0.354355
vt 0.156250 -0.361273
vt 0.187500 -0.361273
vt 0.187500 -0.354355
vt 0.156250 -0.354355
vt 0.218750 -0.361273
vt 0.250000 -0.361273
vt 0.250000 -0.354355
vt 0.218750 -0.354355
vt 0.281250 -0.361273
vt 0.312500 -0.361273
vt 0.312500 -0.354355
vt 0.281250 -0.354355
vt 0.343750 -0.361273
vt 0.375000 -0.361273
vt 0.375000 -0.354355
vt 0.343750 -0.354355
vt 0.406250 -0.361273
vt 0.437500 -0.361273
vt 0.437500 -0.354355
vt 0.406250 -0.354355
vt 0.468750 -0.361273
vt 0.500000 -0.361273
vt 0.500000 -0.354355
vt 0.468750 -0.354355
vt 0.531250 -0.361273
vt 0.562500 -0.361273
vt 0.562500 -0.354355
vt 0.531250 -0.354355
vt 0.593750 -0.361273
vt 0.625000 -0.361273
vt 0.625000 -0.354355
vt 0.593750 -0.354355
vt 0.656250 -0.361273
vt 0.687500 -0.361273
vt 0.687500 -0.354355
vt 0.656250 -0.354355
vt 0.718750 -0.361273
vt 0.750000 -0.361273
vt 0.750000 -0.354355
vt 0.718750 -0.354355
vt 0.781250 -0.361273
vt 0.812500 -0.361273
vt 0.812500 -0.354355
vt 0.781250 -0.354355
vt 0.843750 -0.361273
vt 0.875000 -0.361273
vt 0.875000 -0.354355
vt 0.843750 -0.354355
vt 0.906250 -0.361273
vt 0.937500 -0.361273
vt 0.937500 -0.354355
vt 0.906250 -0.354355
vt 0.968750 -0.361311
vt 1.000000 -0.361501
vt 1.000000 -0.354671
vt 0.968750 -0.354381
vt 0.031250 -0.346658
vt 0.000000 -0.346892
vt 0.062500 -0.346611
vt 0.062500 -0.337183
vt 0.031250 -0.337344
vt 0.000000 -0.339113
vt 0.093750 -0.346612
vt 0.125000 -0.346611
vt 0.125000 -0.337183
vt 0.093750 -0.337183
vt 0.156250 -0.346612
vt 0.187500 -0.346611
vt 0.187500 -0.337183
vt 0.156250 -0.337183
vt 0.218750 -0.346612
vt 0.250000 -0.346611
vt 0.250000 -0.337183
vt 0.218750 -0.337183
vt 0.281250 -0.346612
vt 0.312500 -0.346611
vt 0.312500 -0.337183
vt 0.281250 -0.337183
vt 0.343750 -0.346612
vt 0.375000 -0.346611
vt 0.375000 -0.337183
vt 0.343750 -0.337183
vt 0.406250 -0.346612
vt 0.437500 -0.346611
vt 0.437500 -0.337183
vt 0.406250 -0.337183
vt 0.468750 -0.346612
vt 0.500000 -0.346611
vt 0.500000 -0.337183
vt 0.468750 -0.337183
vt 0.531250 -0.346612
vt 0.562500 -0.346611
vt 0.562500 -0.337183
vt 0.531250 -0.337183
vt 0.593750 -0.346612
vt 0.625000 -0.346611
vt 0.625000 -0.337183
vt 0.593750 -0.337183
vt 0.656250 -0.346612
vt 0.687500 -0.346611
vt 0.687500 -0.337183
vt 0.656250 -0.337183
vt 0.718750 -0.346612
vt 0.750000 -0.346611
vt 0.750000 -0.337183
vt 0.718750 -0.337183
vt 0.781250 -0.346612
vt 0.812500 -0.346611
vt 0.812500 -0.337183
vt 0.781250 -0.337183
vt 0.843750 -0.346612
vt 0.875000 -0.346611
vt 0.875000 -0.337183
vt 0.843750 -0.337183
vt 0.906250 -0.346612
vt 0.937500 -0.346611
vt 0.937500 -0.337183
vt 0.906250 -0.337183
vt 0.968750 -0.346658
vt 1.000000 -0.346892
vt 1.000000 -0.339113
vt 0.968750 -0.337344
vt 0.031250 -0.325345
vt 0.000000 -0.325543
vt 0.062500 -0.325305
vt 0.062500 -0.312000
vt 0.031250 -0.311998
vt 0.000000 -0.311972
vt 0.093750 -0.325305
vt 0.125000 -0.325305
vt 0.125000 -0.312000
vt 0.093750 -0.312000
vt 0.156250 -0.325305
vt 0.187500 -0.325305
vt 0.187500 -0.312000
vt 0.156250 -0.312000
vt 0.218750 -0.325305
vt 0.250000 -0.325305
vt 0.250000 -0.312000
vt 0.218750 -0.312000
vt 0.281250 -0.325305
vt 0.312500 -0.325305
vt 0.312500 -0.312000
vt 0.281250 -0.312000
vt 0.343750 -0.325305
vt 0.375000 -0.325305
vt 0.375000 -0.312000
vt 0.343750 -0.312000
vt 0.406250 -0.325305
vt 0.437500 -0.325305
vt 0.437500 -0.312000
vt 0.406250 -0.312000
vt 0.468750 -0.325305
vt 0.500000 -0.325305
vt 0.500000 -0.312000
vt 0.468750 -0.312000
vt 0.531250 -0.325305
vt 0.562500 -0.325305
vt 0.562500 -0.312000
vt 0.531250 -0.312000
vt 0.593750 -0.325305
vt 0.625000 -0.325305
vt 0.625000 -0.312000
vt 0.593750 -0.312000
vt 0.656250 -0.325305
vt 0.687500 -0.325305
vt 0.687500 -0.312000
vt 0.656250 -0.312000
vt 0.718750 -0.325305
vt 0.750000 -0.325305
vt 0.750000 -0.312000
vt 0.718750 -0.312000
vt 0.781250 -0.325305
vt 0.812500 -0.325305
vt 0.812500 -0.312000
vt 0.781250 -0.312000
vt 0.843750 -0.325305
vt 0.875000 -0.325305
vt 0.875000 -0.312000
vt 0.843750 -0.312000
vt 0.906250 -0.325305
vt 0.937500 -0.325305
vt 0.937500 -0.312000
vt 0.906250 -0.312000
vt 0.968750 -0.325345
vt 1.000000 -0.325543
vt 1.000000 -0.311972
vt 0.968750 -0.311998
vt 0.031250 -0.298360
vt 0.000000 -0.298485
vt 0.062500 -0.298335
vt 0.062500 -0.283770
vt 0.031250 -0.283872
vt 0.000000 -0.284997
vt 0.093750 -0.298335
vt 0.125000 -0.298335
vt 0.125000 -0.283770
vt 0.093750 -0.283770
vt 0.156250 -0.298335
vt 0.187500 -0.298335
vt 0.187500 -0.283770
vt 0.156250 -0.283770
vt 0.218750 -0.298335
vt 0.250000 -0.298335
vt 0.250000 -0.283770
vt 0.218750 -0.283770
vt 0.281250 -0.298335
vt 0.312500 -0.298335
vt 0.312500 -0.283770
vt 0.281250 -0.283770
vt 0.343750 -0.298335
vt 0.375000 -0.298335
vt 0.375000 -0.283770
vt 0.343750 -0.283770
vt 0.406250 -0.298335
vt 0.437500 -0.298335
vt 0.437500 -0.283770
vt 0.406250 -0.283770
vt 0.468750 -0.298335
vt 0.500000 -0.298335
vt 0.500000 -0.283770
vt 0.468750 -0.283770
vt 0.531250 -0.298335
vt 0.562500 -0.298335
vt 0.562500 -0.283770
vt 0.531250 -0.283770
vt 0.593750 -0.298335
vt 0.625000 -0.298335
vt 0.625000 -0.283770
vt 0.593750 -0.283770
vt 0.656250 -0.298335
vt 0.687500 -0.298335
vt 0.687500 -0.283770
vt 0.656250 -0.283770
vt 0.718750 -0.298335
vt 0.750000 -0.298335
vt 0.750000 -0.283770
vt 0.718750 -0.283770
vt 0.781250 -0.298335
vt 0.812500 -0.298335
vt 0.812500 -0.283770
vt 0.781250 -0.283770
vt 0.843750 -0.298335
vt 0.875000 -0.298335
vt 0.875000 -0.283770
vt 0.843750 -0.283770
vt 0.906250 -0.298335
vt 0.937500 -0.298335
vt 0.937500 -0.283770
vt 0.906250 -0.283770
vt 0.968750 -0.298360
vt 1.000000 -0.298485
vt 1.000000 -0.284997
vt 0.968750 -0.283872
vt 0.031250 -0.267957
vt 0.000000 -0.267827
vt 0.062500 -0.267983
vt 0.062500 -0.253128
vt 0.031250 -0.252922
vt 0.000000 -0.250658
vt 0.093750 -0.267983
vt 0.125000 -0.267983
vt 0.125000 -0.253128
vt 0.093750 -0.253128
vt 0.156250 -0.267983
vt 0.187500 -0.267983
vt 0.187500 -0.253128
vt 0.156250 -0.253128
vt 0.218750 -0.267983
vt 0.250000 -0.267983
vt 0.250000 -0.253128
vt 0.218750 -0.253128
vt 0.281250 -0.267983
vt 0.312500 -0.267983
vt 0.312500 -0.253128
vt 0.281250 -0.253128
vt 0.343750 -0.267983
vt 0.375000 -0.267983
vt 0.375000 -0.253128
vt 0.343750 -0.253128
vt 0.406250 -0.267983
vt 0.437500 -0.267983
vt 0.437500 -0.253128
vt 0.406250 -0.253128
vt 0.468750 -0.267983
vt 0.500000 -0.267983
vt 0.500000 -0.253128
vt 0.468750 -0.253128
vt 0.531250 -0.267983
vt 0.562500 -0.267983
vt 0.562500 -0.253128
vt 0.531250 -0.253128
vt 0.593750 -0.267983
vt 0.625000 -0.267983
vt 0.625000 -0.253128
vt 0.593750 -0.253128
vt 0.656250 -0.267983
vt 0.687500 -0.267983
vt 0.687500 -0.253128
vt 0.656250 -0.253128
vt 0.718750 -0.267983
vt 0.750000 -0.267983
vt 0.750000 -0.253128
vt 0.718750 -0.253128
vt 0.781250 -0.267983
vt 0.812500 -0.267983
vt 0.812500 -0.253128
vt 0.781250 -0.253128
vt 0.843750 -0.267983
vt 0.875000 -0.267983
vt 0.875000 -0.253128
vt 0.843750 -0.253128
vt 0.906250 -0.267983
vt 0.937500 -0.267983
vt 0.937500 -0.253128
vt 0.906250 -0.253128
vt 0.968750 -0.267957
vt 1.000000 -0.267827
vt 1.000000 -0.250658
vt 0.968750 -0.252922
vt 0.000000 -0.231141
vt 0.031250 -0.233667
vt 0.031250 -0.229939
vt 0.000000 -0.229648
vt 0.062500 -0.233896
vt 0.062500 -0.229997
vt 0.062500 -0.228193
vt 0.031250 -0.228190
vt 0.000000 -0.228155
vt 0.093750 -0.233896
vt 0.093750 -0.229997
vt 0.125000 -0.233896
vt 0.125000 -0.229997
vt 0.125000 -0.228193
vt 0.093750 -0.228193
vt 0.156250 -0.233896
vt 0.156250 -0.229997
vt 0.187500 -0.233896
vt 0.187500 -0.229997
vt 0.187500 -0.228193
vt 0.156250 -0.228193
vt 0.218750 -0.233896
vt 0.218750 -0.229997
vt 0.250000 -0.233896
vt 0.250000 -0.229997
vt 0.250000 -0.228193
vt 0.218750 -0.228193
vt 0.281250 -0.233896
vt 0.281250 -0.229997
vt 0.312500 -0.233896
vt 0.312500 -0.229997
vt 0.312500 -0.228193
vt 0.281250 -0.228193
vt 0.343750 -0.233896
vt 0.343750 -0.229997
vt 0.375000 -0.233896
vt 0.375000 -0.229997
vt 0.375000 -0.228193
vt 0.343750 -0.228193
vt 0.406250 -0.233896
vt 0.406250 -0.229997
vt 0.437500 -0.233896
vt 0.437500 -0.229997
vt 0.437500 -0.228193
vt 0.406250 -0.228193
vt 0.468750 -0.233896
vt 0.468750 -0.229997
vt 0.500000 -0.233896
vt 0.500000 -0.229997
vt 0.500000 -0.228193
vt 0.468750 -0.228193
vt 0.531250 -0.233896
vt 0.531250 -0.229997
vt 0.562500 -0.233896
vt 0.562500 -0.229997
vt 0.562500 -0.228193
vt 0.531250 -0.228193
vt 0.593750 -0.233896
vt 0.593750 -0.229997
vt 0.625000 -0.233896
vt 0.625000 -0.229997
vt 0.625000 -0.228193
vt 0.593750 -0.228193
vt 0.656250 -0.233896
vt 0.656250 -0.229997
vt 0.687500 -0.233896
vt 0.687500 -0.229997
vt 0.687500 -0.228193
vt 0.656250 -0.228193
vt 0.718750 -0.233896
vt 0.718750 -0.229997
vt 0.750000 -0.233896
vt 0.750000 -0.229997
vt 0.750000 -0.228193
vt 0.718750 -0.228193
vt 0.781250 -0.233896
vt 0.781250 -0.229997
vt 0.812500 -0.233896
vt 0.812500 -0.229997
vt 0.812500 -0.228193
vt 0.781250 -0.228193
vt 0.843750 -0.233896
vt 0.843750 -0.229997
vt 0.875000 -0.233896
vt 0.875000 -0.229997
vt 0.875000 -0.228193
vt 0.843750 -0.228193
vt 0.906250 -0.233896
vt 0.906250 -0.229997
vt 0.937500 -0.233896
vt 0.937500 -0.229997
vt 0.937500 -0.228193
vt 0.906250 -0.228193
vt 0.968750 -0.233667
vt 0.968750 -0.229939
vt 1.000000 -0.231141
vt 1.000000 -0.229648
vt 1.000000 -0.228155
vt 0.968750 -0.228190
vt 0.031250 -0.226629
vt 0.000000 -0.226777
vt 0.062500 -0.226599
vt 0.062500 -0.223935
vt 0.031250 -0.224057
vt 0.000000 -0.225400
vt 0.093750 -0.226599
vt 0.125000 -0.226599
vt 0.125000 -0.223935
vt 0.093750 -0.223935
vt 0.156250 -0.226599
vt 0.187500 -0.226599
vt 0.187500 -0.223935
vt 0.156250 -0.223935
vt 0.218750 -0.226599
vt 0.250000 -0.226599
vt 0.250000 -0.223935
vt 0.218750 -0.223935
vt 0.281250 -0.226599
vt 0.312500 -0.226599
vt 0.312500 -0.223935
vt 0.281250 -0.223935
vt 0.343750 -0.226599
vt 0.375000 -0.226599
vt 0.375000 -0.223935
vt 0.343750 -0.223935
vt 0.406250 -0.226599
vt 0.437500 -0.226599
vt 0.437500 -0.223935
vt 0.406250 -0.223935
vt 0.468750 -0.226599
vt 0.500000 -0.226599
vt 0.500000 -0.223935
vt 0.468750 -0.223935
vt 0.531250 -0.226599
vt 0.562500 -0.226599
vt 0.562500 -0.223935
vt 0.531250 -0.223935
vt 0.593750 -0.226599
vt 0.625000 -0.226599
vt 0.625000 -0.223935
vt 0.593750 -0.223935
vt 0.656250 -0.226599
vt 0.687500 -0.226599
vt 0.687500 -0.223935
vt 0.656250 -0.223935
vt 0.718750 -0.226599
vt 0.750000 -0.226599
vt 0.750000 -0.223935
vt 0.718750 -0.223935
vt 0.781250 -0.226599
vt 0.812500 -0.226599
vt 0.812500 -0.223935
vt 0.781250 -0.223935
vt 0.843750 -0.226599
vt 0.875000 -0.226599
vt 0.875000 -0.223935
vt 0.843750 -0.223935
vt 0.906250 -0.226599
vt 0.937500 -0.226599
vt 0.937500 -0.223935
vt 0.906250 -0.223935
vt 0.968750 -0.226629
vt 1.000000 -0.226777
vt 1.000000 -0.225400
vt 0.968750 -0.224057
vt 0.031250 -0.219334
vt 0.000000 -0.219628
vt 0.062500 -0.219275
vt 0.062500 -0.212501
vt 0.031250 -0.212614
vt 0.000000 -0.213855
vt 0.093750 -0.219275
vt 0.125000 -0.219275
vt 0.125000 -0.212501
vt 0.093750 -0.212501
vt 0.156250 -0.219275
vt 0.187500 -0.219275
vt 0.187500 -0.212501
vt 0.156250 -0.212501
vt 0.218750 -0.219275
vt 0.250000 -0.219275
vt 0.250000 -0.212501
vt 0.218750 -0.212501
vt 0.281250 -0.219275
vt 0.312500 -0.219275
vt 0.312500 -0.212501
vt 0.281250 -0.212501
vt 0.343750 -0.219275
vt 0.375000 -0.219275
vt 0.375000 -0.212501
vt 0.343750 -0.212501
vt 0.406250 -0.219275
vt 0.437500 -0.219275
vt 0.437500 -0.212501
vt 0.406250 -0.212501
vt 0.468750 -0.219275
vt 0.500000 -0.219275
vt 0.500000 -0.212501
vt 0.468750 -0.212501
vt 0.531250 -0.219275
vt 0.562500 -0.219275
vt 0.562500 -0.212501
vt 0.531250 -0.212501
vt 0.593750 -0.219275
vt 0.625000 -0.219275
vt 0.625000 -0.212501
vt 0.593750 -0.212501
vt 0.656250 -0.219275
vt 0.687500 -0.219275
vt 0.687500 -0.212501
vt 0.656250 -0.212501
vt 0.718750 -0.219275
vt 0.750000 -0.219275
vt 0.750000 -0.212501
vt 0.718750 -0.212501
vt 0.781250 -0.219275
vt 0.812500 -0.219275
vt 0.812500 -0.212501
vt 0.781250 -0.212501
vt 0.843750 -0.219275
vt 0.875000 -0.219275
vt 0.875000 -0.212501
vt 0.843750 -0.212501
vt 0.906250 -0.219275
vt 0.937500 -0.219275
vt 0.937500 -0.212501
vt 0.906250 -0.212501
vt 0.968750 -0.219334
vt 1.000000 -0.219628
vt 1.000000 -0.213855
vt 0.968750 -0.212614
vt 0.031250 -0.204133
vt 0.000000 -0.204021
vt 0.062500 -0.204156
vt 0.062500 -0.196615
vt 0.031250 -0.196413
vt 0.000000 -0.194187
vt 0.093750 -0.204156
vt 0.125000 -0.204156
vt 0.125000 -0.196615
vt 0.093750 -0.196615
vt 0.156250 -0.204156
vt 0.187500 -0.204156
vt 0.187500 -0.196615
vt 0.156250 -0.196615
vt 0.218750 -0.204156
vt 0.250000 -0.204156
vt 0.250000 -0.196615
vt 0.218750 -0.196615
vt 0.281250 -0.204156
vt 0.312500 -0.204156
vt 0.312500 -0.196615
vt 0.281250 -0.196615
vt 0.343750 -0.204156
vt 0.375000 -0.204156
vt 0.375000 -0.196615
vt 0.343750 -0.196615
vt 0.406250 -0.204156
vt 0.437500 -0.204156
vt 0.437500 -0.196615
vt 0.406250 -0.196615
vt 0.468750 -0.204156
vt 0.500000 -0.204156
vt 0.500000 -0.196615
vt 0.468750 -0.196615
vt 0.531250 -0.204156
vt 0.562500 -0.204156
vt 0.562500 -0.196615
vt 0.531250 -0.196615
vt 0.593750 -0.204156
vt 0.625000 -0.204156
vt 0.625000 -0.196615
vt 0.593750 -0.196615
vt 0.656250 -0.204156
vt 0.687500 -0.204156
vt 0.687500 -0.196615
vt 0.656250 -0.196615
vt 0.718750 -0.204156
vt 0.750000 -0.204156
vt 0.750000 -0.196615
vt 0.718750 -0.196615
vt 0.781250 -0.204156
vt 0.812500 -0.204156
vt 0.812500 -0.196615
vt 0.781250 -0.196615
vt 0.843750 -0.204156
vt 0.875000 -0.204156
vt 0.875000 -0.196615
vt 0.843750 -0.196615
vt 0.906250 -0.204156
vt 0.937500 -0.204156
vt 0.937500 -0.196615
vt 0.906250 -0.196615
vt 0.968750 -0.204133
vt 1.000000 -0.204021
vt 1.000000 -0.194187
vt 0.968750 -0.196413
vt 0.000000 -0.189086
vt 0.031250 -0.189636
vt 0.031250 -0.188349
vt 0.000000 -0.188334
vt 0.062500 -0.189686
vt 0.062500 -0.188352
vt 0.062500 -0.187124
vt 0.031250 -0.187162
vt 0.000000 -0.187583
vt 0.093750 -0.189686
vt 0.093750 -0.188352
vt 0.125000 -0.189686
vt 0.125000 -0.188352
vt 0.125000 -0.187124
vt 0.093750 -0.187124
vt 0.156250 -0.189686
vt 0.156250 -0.188352
vt 0.187500 -0.189686
vt 0.187500 -0.188352
vt 0.187500 -0.187124
vt 0.156250 -0.187124
vt 0.218750 -0.189686
vt 0.218750 -0.188352
vt 0.250000 -0.189686
vt 0.250000 -0.188352
vt 0.250000 -0.187124
vt 0.218750 -0.187124
vt 0.281250 -0.189686
vt 0.281250 -0.188352
vt 0.312500 -0.189686
vt 0.312500 -0.188352
vt 0.312500 -0.187124
vt 0.281250 -0.187124
vt 0.343750 -0.189686
vt 0.343750 -0.188352
vt 0.375000 -0.189686
vt 0.375000 -0.188352
vt 0.375000 -0.187124
vt 0.343750 -0.187124
vt 0.406250 -0.189686
vt 0.406250 -0.188352
vt 0.437500 -0.189686
vt 0.437500 -0.188352
vt 0.437500 -0.187124
vt 0.406250 -0.187124
vt 0.468750 -0.189686
vt 0.468750 -0.188352
vt 0.500000 -0.189686
vt 0.500000 -0.188352
vt 0.500000 -0.187124
vt 0.468750 -0.187124
vt 0.531250 -0.189686
vt 0.531250 -0.188352
vt 0.562500 -0.189686
vt 0.562500 -0.188352
vt 0.562500 -0.187124
vt 0.531250 -0.187124
vt 0.593750 -0.189686
vt 0.593750 -0.188352
vt 0.625000 -0.189686
vt 0.625000 -0.188352
vt 0.625000 -0.187124
vt 0.593750 -0.187124
vt 0.656250 -0.189686
vt 0.656250 -0.188352
vt 0.687500 -0.189686
vt 0.687500 -0.188352
vt 0.687500 -0.187124
vt 0.656250 -0.187124
vt 0.718750 -0.189686
vt 0.718750 -0.188352
vt 0.750000 -0.189686
vt 0.750000 -0.188352
vt 0.750000 -0.187124
vt 0.718750 -0.187124
vt 0.781250 -0.189686
vt 0.781250 -0.188352
vt 0.812500 -0.189686
vt 0.812500 -0.188352
vt 0.812500 -0.187124
vt 0.781250 -0.187124
vt 0.843750 -0.189686
vt 0.843750 -0.188352
vt 0.875000 -0.189686
vt 0.875000 -0.188352
vt 0.875000 -0.187124
vt 0.843750 -0.187124
vt 0.906250 -0.189686
vt 0.906250 -0.188352
vt 0.937500 -0.189686
vt 0.937500 -0.188352
vt 0.937500 -0.187124
vt 0.906250 -0.187124
vt 0.968750 -0.189636
vt 0.968750 -0.188349
vt 1.000000 -0.189086
vt 1.000000 -0.188334
vt 1.000000 -0.187583
vt 0.968750 -0.187162
vt 0.031250 -0.185459
vt 0.000000 -0.185454
vt 0.062500 -0.185460
vt 0.062500 -0.183834
vt 0.031250 -0.183792
vt 0.000000 -0.183325
vt 0.093750 -0.185460
vt 0.125000 -0.185460
vt 0.125000 -0.183834
vt 0.093750 -0.183834
vt 0.156250 -0.185460
vt 0.187500 -0.185460
vt 0.187500 -0.183834
vt 0.156250 -0.183834
vt 0.218750 -0.185460
vt 0.250000 -0.185460
vt 0.250000 -0.183834
vt 0.218750 -0.183834
vt 0.281250 -0.185460
vt 0.312500 -0.185460
vt 0.312500 -0.183834
vt 0.281250 -0.183834
vt 0.343750 -0.185460
vt 0.375000 -0.185460
vt 0.375000 -0.183834
vt 0.343750 -0.183834
vt 0.406250 -0.185460
vt 0.437500 -0.185460
vt 0.437500 -0.183834
vt 0.406250 -0.183834
vt 0.468750 -0.185460
vt 0.500000 -0.185460
vt 0.500000 -0.183834
vt 0.468750 -0.183834
vt 0.531250 -0.185460
vt 0.562500 -0.185460
vt 0.562500 -0.183834
vt 0.531250 -0.183834
vt 0.593750 -0.185460
vt 0.625000 -0.185460
vt 0.625000 -0.183834
vt 0.593750 -0.183834
vt 0.656250 -0.185460
vt 0.687500 -0.185460
vt 0.687500 -0.183834
vt 0.656250 -0.183834
vt 0.718750 -0.185460
vt 0.750000 -0.185460
vt 0.750000 -0.183834
vt 0.718750 -0.183834
vt 0.781250 -0.185460
vt 0.812500 -0.185460
vt 0.812500 -0.183834
vt 0.781250 -0.183834
vt 0.843750 -0.185460
vt 0.875000 -0.185460
vt 0.875000 -0.183834
vt 0.843750 -0.183834
vt 0.906250 -0.185460
vt 0.937500 -0.185460
vt 0.937500 -0.183834
vt 0.906250 -0.183834
vt 0.968750 -0.185459
vt 1.000000 -0.185454
vt 1.000000 -0.183325
vt 0.968750 -0.183792
vt 0.000000 -0.182122
vt 0.031250 -0.181376
vt 0.031250 -0.178970
vt 0.000000 -0.179078
vt 0.062500 -0.181308
vt 0.062500 -0.178948
vt 0.062500 -0.175808
vt 0.031250 -0.175827
vt 0.000000 -0.176034
vt 0.093750 -0.181308
vt 0.093750 -0.178948
vt 0.125000 -0.181308
vt 0.125000 -0.178948
vt 0.125000 -0.175808
vt 0.093750 -0.175808
vt 0.156250 -0.181308
vt 0.156250 -0.178948
vt 0.187500 -0.181308
vt 0.187500 -0.178948
vt 0.187500 -0.175808
vt 0.156250 -0.175808
vt 0.218750 -0.181308
vt 0.218750 -0.178948
vt 0.250000 -0.181308
vt 0.250000 -0.178948
vt 0.250000 -0.175808
vt 0.218750 -0.175808
vt 0.281250 -0.181308
vt 0.281250 -0.178948
vt 0.312500 -0.181308
vt 0.312500 -0.178948
vt 0.312500 -0.175808
vt 0.281250 -0.175808
vt 0.343750 -0.181308
vt 0.343750 -0.178948
vt 0.375000 -0.181308
vt 0.375000 -0.178948
vt 0.375000 -0.175808
vt 0.343750 -0.175808
vt 0.406250 -0.181308
vt 0.406250 -0.178948
vt 0.437500 -0.181308
vt 0.437500 -0.178948
vt 0.437500 -0.175808
vt 0.406250 -0.175808
vt 0.468750 -0.181308
vt 0.468750 -0.178948
vt 0.500000 -0.181308
vt 0.500000 -0.178948
vt 0.500000 -0.175808
vt 0.468750 -0.175808
vt 0.531250 -0.181308
vt 0.531250 -0.178948
vt 0.562500 -0.181308
vt 0.562500 -0.178948
vt 0.562500 -0.175808
vt 0.531250 -0.175808
vt 0.593750 -0.181308
vt 0.593750 -0.178948
vt 0.625000 -0.181308
vt 0.625000 -0.178948
vt 0.625000 -0.175808
vt 0.593750 -0.175808
vt 0.656250 -0.181308
vt 0.656250 -0.178948
vt 0.687500 -0.181308
vt 0.687500 -0.178948
vt 0.687500 -0.175808
vt 0.656250 -0.175808
vt 0.718750 -0.181308
vt 0.718750 -0.178948
vt 0.750000 -0.181308
vt 0.750000 -0.178948
vt 0.750000 -0.175808
vt 0.718750 -0.175808
vt 0.781250 -0.181308
vt 0.781250 -0.178948
vt 0.812500 -0.181308
vt 0.812500 -0.178948
vt 0.812500 -0.175808
vt 0.781250 -0.175808
vt 0.843750 -0.181308
vt 0.843750 -0.178948
vt 0.875000 -0.181308
vt 0.875000 -0.178948
vt 0.875000 -0.175808
vt 0.843750 -0.175808
vt 0.906250 -0.181308
vt 0.906250 -0.178948
vt 0.937500 -0.181308
vt 0.937500 -0.178948
vt 0.937500 -0.175808
vt 0.906250 -0.175808
vt 0.968750 -0.181376
vt 0.968750 -0.178970
vt 1.000000 -0.182122
vt 1.000000 -0.179078
vt 1.000000 -0.176034
vt 0.968750 -0.175827
vt 0.031250 -0.172254
vt 0.000000 -0.172313
vt 0.062500 -0.172242
vt 0.062500 -0.168256
vt 0.031250 -0.168284
vt 0.000000 -0.168591
vt 0.093750 -0.172242
vt 0.125000 -0.172242
vt 0.125000 -0.168256
vt 0.093750 -0.168256
vt 0.156250 -0.172242
vt 0.187500 -0.172242
vt 0.187500 -0.168256
vt 0.156250 -0.168256
vt 0.218750 -0.172242
vt 0.250000 -0.172242
vt 0.250000 -0.168256
vt 0.218750 -0.168256
vt 0.281250 -0.172242
vt 0.312500 -0.172242
vt 0.312500 -0.168256
vt 0.281250 -0.168256
vt 0.343750 -0.172242
vt 0.375000 -0.172242
vt 0.375000 -0.168256
vt 0.343750 -0.168256
vt 0.406250 -0.172242
vt 0.437500 -0.172242
vt 0.437500 -0.168256
vt 0.406250 -0.168256
vt 0.468750 -0.172242
vt 0.500000 -0.172242
vt 0.500000 -0.168256
vt 0.468750 -0.168256
vt 0.531250 -0.172242
vt 0.562500 -0.172242
vt 0.562500 -0.168256
vt 0.531250 -0.168256
vt 0.593750 -0.172242
vt 0.625000 -0.172242
vt 0.625000 -0.168256
vt 0.593750 -0.168256
vt 0.656250 -0.172242
vt 0.687500 -0.172242
vt 0.687500 -0.168256
vt 0.656250 -0.168256
vt 0.718750 -0.172242
vt 0.750000 -0.172242
vt 0.750000 -0.168256
vt 0.718750 -0.168256
vt 0.781250 -0.172242
vt 0.812500 -0.172242
vt 0.812500 -0.168256
vt 0.781250 -0.168256
vt 0.843750 -0.172242
vt 0.875000 -0.172242
vt 0.875000 -0.168256
vt 0.843750 -0.168256
vt 0.906250 -0.172242
vt 0.937500 -0.172242
vt 0.937500 -0.168256
vt 0.906250 -0.168256
vt 0.968750 -0.172254
vt 1.000000 -0.172313
vt 1.000000 -0.168591
vt 0.968750 -0.168284
vt 0.031250 -0.163781
vt 0.000000 -0.163863
vt 0.062500 -0.163765
vt 0.062500 -0.158687
vt 0.031250 -0.158725
vt 0.000000 -0.159134
vt 0.093750 -0.163765
vt 0.125000 -0.163765
vt 0.125000 -0.158687
vt 0.093750 -0.158687
vt 0.156250 -0.163765
vt 0.187500 -0.163765
vt 0.187500 -0.158687
vt 0.156250 -0.158687
vt 0.218750 -0.163765
vt 0.250000 -0.163765
vt 0.250000 -0.158687
vt 0.218750 -0.158687
vt 0.281250 -0.163765
vt 0.312500 -0.163765
vt 0.312500 -0.158687
vt 0.281250 -0.158687
vt 0.343750 -0.163765
vt 0.375000 -0.163765
vt 0.375000 -0.158687
vt 0.343750 -0.158687
vt 0.406250 -0.163765
vt 0.437500 -0.163765
vt 0.437500 -0.158687
vt 0.406250 -0.158687
vt 0.468750 -0.163765
vt 0.500000 -0.163765
vt 0.500000 -0.158687
vt 0.468750 -0.158687
vt 0.531250 -0.163765
vt 0.562500 -0.163765
vt 0.562500 -0.158687
vt 0.531250 -0.158687
vt 0.593750 -0.163765
vt 0.625000 -0.163765
vt 0.625000 -0.158687
vt 0.593750 -0.158687
vt 0.656250 -0.163765
vt 0.687500 -0.163765
vt 0.687500 -0.158687
vt 0.656250 -0.158687
vt 0.718750 -0.163765
vt 0.750000 -0.163765
vt 0.750000 -0.158687
vt 0.718750 -0.158687
vt 0.781250 -0.163765
vt 0.812500 -0.163765
vt 0.812500 -0.158687
vt 0.781250 -0.158687
vt 0.843750 -0.163765
vt 0.875000 -0.163765
vt 0.875000 -0.158687
vt 0.843750 -0.158687
vt 0.906250 -0.163765
vt 0.937500 -0.163765
vt 0.937500 -0.158687
vt 0.906250 -0.158687
vt 0.968750 -0.163781
vt 1.000000 -0.163863
vt 1.000000 -0.159134
vt 0.968750 -0.158725
vt 0.031250 -0.152957
vt 0.000000 -0.153065
vt 0.062500 -0.152935
vt 0.062500 -0.146400
vt 0.031250 -0.146449
vt 0.000000 -0.146997
vt 0.093750 -0.152935
vt 0.125000 -0.152935
vt 0.125000 -0.146400
vt 0.093750 -0.146400
vt 0.156250 -0.152935
vt 0.187500 -0.152935
vt 0.187500 -0.146400
vt 0.156250 -0.146400
vt 0.218750 -0.152935
vt 0.250000 -0.152935
vt 0.250000 -0.146400
vt 0.218750 -0.146400
vt 0.281250 -0.152935
vt 0.312500 -0.152935
vt 0.312500 -0.146400
vt 0.281250 -0.146400
vt 0.343750 -0.152935
vt 0.375000 -0.152935
vt 0.375000 -0.146400
vt 0.343750 -0.146400
vt 0.406250 -0.152935
vt 0.437500 -0.152935
vt 0.437500 -0.146400
vt 0.406250 -0.146400
vt 0.468750 -0.152935
vt 0.500000 -0.152935
vt 0.500000 -0.146400
vt 0.468750 -0.146400
vt 0.531250 -0.152935
vt 0.562500 -0.152935
vt 0.562500 -0.146400
vt 0.531250 -0.146400
vt 0.593750 -0.152935
vt 0.625000 -0.152935
vt 0.625000 -0.146400
vt 0.593750 -0.146400
vt 0.656250 -0.152935
vt 0.687500 -0.152935
vt 0.687500 -0.146400
vt 0.656250 -0.146400
vt 0.718750 -0.152935
vt 0.750000 -0.152935
vt 0.750000 -0.146400
vt 0.718750 -0.146400
vt 0.781250 -0.152935
vt 0.812500 -0.152935
vt 0.812500 -0.146400
vt 0.781250 -0.146400
vt 0.843750 -0.152935
vt 0.875000 -0.152935
vt 0.875000 -0.146400
vt 0.843750 -0.146400
vt 0.906250 -0.152935
vt 0.937500 -0.152935
vt 0.937500 -0.146400
vt 0.906250 -0.146400
vt 0.968750 -0.152957
vt 1.000000 -0.153065
vt 1.000000 -0.146997
vt 0.968750 -0.146449
vt 0.031250 -0.139094
vt 0.000000 -0.139137
vt 0.062500 -0.139086
vt 0.062500 -0.131467
vt 0.031250 -0.131451
vt 0.000000 -0.131276
vt 0.093750 -0.139086
vt 0.125000 -0.139086
vt 0.125000 -0.131467
vt 0.093750 -0.131467
vt 0.156250 -0.139086
vt 0.187500 -0.139086
vt 0.187500 -0.131467
vt 0.156250 -0.131467
vt 0.218750 -0.139086
vt 0.250000 -0.139086
vt 0.250000 -0.131467
vt 0.218750 -0.131467
vt 0.281250 -0.139086
vt 0.312500 -0.139086
vt 0.312500 -0.131467
vt 0.281250 -0.131467
vt 0.343750 -0.139086
vt 0.375000 -0.139086
vt 0.375000 -0.131467
vt 0.343750 -0.131467
vt 0.406250 -0.139086
vt 0.437500 -0.139086
vt 0.437500 -0.131467
vt 0.406250 -0.131467
vt 0.468750 -0.139086
vt 0.500000 -0.139086
vt 0.500000 -0.131467
vt 0.468750 -0.131467
vt 0.531250 -0.139086
vt 0.562500 -0.139086
vt 0.562500 -0.131467
vt 0.531250 -0.131467
vt 0.593750 -0.139086
vt 0.625000 -0.139086
vt 0.625000 -0.131467
vt 0.593750 -0.131467
vt 0.656250 -0.139086
vt 0.687500 -0.139086
vt 0.687500 -0.131467
vt 0.656250 -0.131467
vt 0.718750 -0.139086
vt 0.750000 -0.139086
vt 0.750000 -0.131467
vt 0.718750 -0.131467
vt 0.781250 -0.139086
vt 0.812500 -0.139086
vt 0.812500 -0.131467
vt 0.781250 -0.131467
vt 0.843750 -0.139086
vt 0.875000 -0.139086
vt 0.875000 -0.131467
vt 0.843750 -0.131467
vt 0.906250 -0.139086
vt 0.937500 -0.139086
vt 0.937500 -0.131467
vt 0.906250 -0.131467
vt 0.968750 -0.139094
vt 1.000000 -0.139137
vt 1.000000 -0.131276
vt 0.968750 -0.131451
vt 0.031250 -0.123991
vt 0.000000 -0.123988
vt 0.062500 -0.123991
vt 0.062500 -0.116538
vt 0.031250 -0.116551
vt 0.000000 -0.116699
vt 0.093750 -0.123991
vt 0.125000 -0.123991
vt 0.125000 -0.116538
vt 0.093750 -0.116538
vt 0.156250 -0.123991
vt 0.187500 -0.123991
vt 0.187500 -0.116538
vt 0.156250 -0.116538
vt 0.218750 -0.123991
vt 0.250000 -0.123991
vt 0.250000 -0.116538
vt 0.218750 -0.116538
vt 0.281250 -0.123991
vt 0.312500 -0.123991
vt 0.312500 -0.116538
vt 0.281250 -0.116538
vt 0.343750 -0.123991
vt 0.375000 -0.123991
vt 0.375000 -0.116538
vt 0.343750 -0.116538
vt 0.406250 -0.123991
vt 0.437500 -0.123991
vt 0.437500 -0.116538
vt 0.406250 -0.116538
vt 0.468750 -0.123991
vt 0.500000 -0.123991
vt 0.500000 -0.116538
vt 0.468750 -0.116538
vt 0.531250 -0.123991
vt 0.562500 -0.123991
vt 0.562500 -0.116538
vt 0.531250 -0.116538
vt 0.593750 -0.123991
vt 0.625000 -0.123991
vt 0.625000 -0.116538
vt 0.593750 -0.116538
vt 0.656250 -0.123991
vt 0.687500 -0.123991
vt 0.687500 -0.116538
vt 0.656250 -0.116538
vt 0.718750 -0.123991
vt 0.750000 -0.123991
vt 0.750000 -0.116538
vt 0.718750 -0.116538
vt 0.781250 -0.123991
vt 0.812500 -0.123991
vt 0.812500 -0.116538
vt 0.781250 -0.116538
vt 0.843750 -0.123991
vt 0.875000 -0.123991
vt 0.875000 -0.116538
vt 0.843750 -0.116538
vt 0.906250 -0.123991
vt 0.937500 -0.123991
vt 0.937500 -0.116538
vt 0.906250 -0.116538
vt 0.968750 -0.123991
vt 1.000000 -0.123988
vt 1.000000 -0.116699
vt 0.968750 -0.116551
vt 0.000000 -0.101154
vt 0.031250 -0.102934
vt 0.031250 -0.099366
vt 0.000000 -0.099207
vt 0.062500 -0.103096
vt 0.062500 -0.099398
vt 0.062500 -0.096847
vt 0.031250 -0.096882
vt 0.000000 -0.097260
vt 0.093750 -0.103096
vt 0.093750 -0.099398
vt 0.125000 -0.103096
vt 0.125000 -0.099398
vt 0.125000 -0.096847
vt 0.093750 -0.096847
vt 0.156250 -0.103096
vt 0.156250 -0.099398
vt 0.187500 -0.103096
vt 0.187500 -0.099398
vt 0.187500 -0.096847
vt 0.156250 -0.096847
vt 0.218750 -0.103096
vt 0.218750 -0.099398
vt 0.250000 -0.103096
vt 0.250000 -0.099398
vt 0.250000 -0.096847
vt 0.218750 -0.096847
vt 0.281250 -0.103096
vt 0.281250 -0.099398
vt 0.312500 -0.103096
vt 0.312500 -0.099398
vt 0.312500 -0.096847
vt 0.281250 -0.096847
vt 0.343750 -0.103096
vt 0.343750 -0.099398
vt 0.375000 -0.103096
vt 0.375000 -0.099398
vt 0.375000 -0.096847
vt 0.343750 -0.096847
vt 0.406250 -0.103096
vt 0.406250 -0.099398
vt 0.437500 -0.103096
vt 0.437500 -0.099398
vt 0.437500 -0.096847
vt 0.406250 -0.096847
vt 0.468750 -0.103096
vt 0.468750 -0.099398
vt 0.500000 -0.103096
vt 0.500000 -0.099398
vt 0.500000 -0.096847
vt 0.468750 -0.096847
vt 0.531250 -0.103096
vt 0.531250 -0.099398
vt 0.562500 -0.103096
vt 0.562500 -0.099398
vt 0.562500 -0.096847
vt 0.531250 -0.096847
vt 0.593750 -0.103096
vt 0.593750 -0.099398
vt 0.625000 -0.103096
vt 0.625000 -0.099398
vt 0.625000 -0.096847
vt 0.593750 -0.096847
vt 0.656250 -0.103096
vt 0.656250 -0.099398
vt 0.687500 -0.103096
vt 0.687500 -0.099398
vt 0.687500 -0.096847
vt 0.656250 -0.096847
vt 0.718750 -0.103096
vt 0.718750 -0.099398
vt 0.750000 -0.103096
vt 0.750000 -0.099398
vt 0.750000 -0.096847
vt 0.718750 -0.096847
vt 0.781250 -0.103096
vt 0.781250 -0.099398
vt 0.812500 -0.103096
vt 0.812500 -0.099398
vt 0.812500 -0.096847
vt 0.781250 -0.096847
vt 0.843750 -0.103096
vt 0.843750 -0.099398
vt 0.875000 -0.103096
vt 0.875000 -0.099398
vt 0.875000 -0.096847
vt 0.843750 -0.096847
vt 0.906250 -0.103096
vt 0.906250 -0.099398
vt 0.937500 -0.103096
vt 0.937500 -0.099398
vt 0.937500 -0.096847
vt 0.906250 -0.096847
vt 0.968750 -0.102934
vt 0.968750 -0.099366
vt 1.000000 -0.101154
vt 1.000000 -0.099207
vt 1.000000 -0.097260
vt 0.968750 -0.096882
vt 0.000000 -0.078260
vt 0.031250 -0.077419
vt 0.031250 -0.068727
vt 0.000000 -0.069192
vt 0.062500 -0.077343
vt 0.062500 -0.068635
vt 0.062500 -0.056584
vt 0.031250 -0.056879
vt 0.000000 -0.060123
vt 0.093750 -0.077343
vt 0.093750 -0.068635
vt 0.125000 -0.077343
vt 0.125000 -0.068635
vt 0.125000 -0.056584
vt 0.093750 -0.056584
vt 0.156250 -0.077343
vt 0.156250 -0.068635
vt 0.187500 -0.077343
vt 0.187500 -0.068635
vt 0.187500 -0.056584
vt 0.156250 -0.056584
vt 0.218750 -0.077343
vt 0.218750 -0.068635
vt 0.250000 -0.077343
vt 0.250000 -0.068635
vt 0.250000 -0.056584
vt 0.218750 -0.056584
vt 0.281250 -0.077343
vt 0.281250 -0.068635
vt 0.312500 -0.077343
vt 0.312500 -0.068635
vt 0.312500 -0.056584
vt 0.281250 -0.056584
vt 0.343750 -0.077343
vt 0.343750 -0.068635
vt 0.375000 -0.077343
vt 0.375000 -0.068635
vt 0.375000 -0.056584
vt 0.343750 -0.056584
vt 0.406250 -0.077343
vt 0.406250 -0.068635
vt 0.437500 -0.077343
vt 0.437500 -0.068635
vt 0.437500 -0.056584
vt 0.406250 -0.056584
vt 0.468750 -0.077343
vt 0.468750 -0.068635
vt 0.500000 -0.077343
vt 0.500000 -0.068635
vt 0.500000 -0.056584
vt 0.468750 -0.056584
vt 0.531250 -0.077343
vt 0.531250 -0.068635
vt 0.562500 -0.077343
vt 0.562500 -0.068635
vt 0.562500 -0.056584
vt 0.531250 -0.056584
vt 0.593750 -0.077343
vt 0.593750 -0.068635
vt 0.625000 -0.077343
vt 0.625000 -0.068635
vt 0.625000 -0.056584
vt 0.593750 -0.056584
vt 0.656250 -0.077343
vt 0.656250 -0.068635
vt 0.687500 -0.077343
vt 0.687500 -0.068635
vt 0.687500 -0.056584
vt 0.656250 -0.056584
vt 0.718750 -0.077343
vt 0.718750 -0.068635
vt 0.750000 -0.077343
vt 0.750000 -0.068635
vt 0.750000 -0.056584
vt 0.718750 -0.056584
vt 0.781250 -0.077343
vt 0.781250 -0.068635
vt 0.812500 -0.077343
vt 0.812500 -0.068635
vt 0.812500 -0.056584
vt 0.781250 -0.056584
vt 0.843750 -0.077343
vt 0.843750 -0.068635
vt 0.875000 -0.077343
vt 0.875000 -0.068635
vt 0.875000 -0.056584
vt 0.843750 -0.056584
vt 0.906250 -0.077343
vt 0.906250 -0.068635
vt 0.937500 -0.077343
vt 0.937500 -0.068635
vt 0.937500 -0.056584
vt 0.906250 -0.056584
vt 0.968750 -0.077419
vt 0.968750 -0.068727
vt 1.000000 -0.078260
vt 1.000000 -0.069192
vt 1.000000 -0.060123
vt 0.968750 -0.056879
vt 0.000000 -0.002992
vt 0.031250 -0.004663
vt 0.031250 0.000231
vt 0.000000 0.000421
vt 0.062500 -0.004814
vt 0.062500 0.000193
vt 0.093750 -0.004814
vt 0.093750 0.000193
vt 0.125000 -0.004814
vt 0.125000 0.000193
vt 0.156250 -0.004814
vt 0.156250 0.000193
vt 0.187500 -0.004814
vt 0.187500 0.000193
vt 0.218750 -0.004814
vt 0.218750 0.000193
vt 0.250000 -0.004814
vt 0.250000 0.000193
vt 0.281250 -0.004814
vt 0.281250 0.000193
vt 0.312500 -0.004814
vt 0.312500 0.000193
vt 0.343750 -0.004814
vt 0.343750 0.000193
vt 0.375000 -0.004814
vt 0.375000 0.000193
vt 0.406250 -0.004814
vt 0.406250 0.000193
vt 0.437500 -0.004814
vt 0.437500 0.000193
vt 0.468750 -0.004814
vt 0.468750 0.000193
vt 0.500000 -0.004814
vt 0.500000 0.000193
vt 0.531250 -0.004814
vt 0.531250 0.000193
vt 0.562500 -0.004814
vt 0.562500 0.000193
vt 0.593750 -0.004814
vt 0.593750 0.000193
vt 0.625000 -0.004814
vt 0.625000 0.000193
vt 0.656250 -0.004814
vt 0.656250 0.000193
vt 0.687500 -0.004814
vt 0.687500 0.000193
vt 0.718750 -0.004814
vt 0.718750 0.000193
vt 0.750000 -0.004814
vt 0.750000 0.000193
vt 0.781250 -0.004814
vt 0.781250 0.000193
vt 0.812500 -0.004814
vt 0.812500 0.000193
vt 0.843750 -0.004814
vt 0.843750 0.000193
vt 0.875000 -0.004814
vt 0.875000 0.000193
vt 0.906250 -0.004814
vt 0.906250 0.000193
vt 0.937500 -0.004814
vt 0.937500 0.000193
vt 0.968750 -0.004663
vt 0.968750 0.000231
vt 1.000000 -0.002992
vt 1.000000 0.000421
vt 0.000000 -0.020752
vt 0.031250 -0.024054
vt 0.031250 -0.012437
vt 0.000000 -0.011872
vt 0.062500 -0.024354
vt 0.062500 -0.012550
vt 0.093750 -0.024354
vt 0.093750 -0.012550
vt 0.125000 -0.024354
vt 0.125000 -0.012550
vt 0.156250 -0.024354
vt 0.156250 -0.012550
vt 0.187500 -0.024354
vt 0.187500 -0.012550
vt 0.218750 -0.024354
vt 0.218750 -0.012550
vt 0.250000 -0.024354
vt 0.250000 -0.012550
vt 0.281250 -0.024354
vt 0.281250 -0.012550
vt 0.312500 -0.024354
vt 0.312500 -0.012550
vt 0.343750 -0.024354
vt 0.343750 -0.012550
vt 0.375000 -0.024354
vt 0.375000 -0.012550
vt 0.406250 -0.024354
vt 0.406250 -0.012550
vt 0.437500 -0.024354
vt 0.437500 -0.012550
vt 0.468750 -0.024354
vt 0.468750 -0.012550
vt 0.500000 -0.024354
vt 0.500000 -0.012550
vt 0.531250 -0.024354
vt 0.531250 -0.012550
vt 0.562500 -0.024354
vt 0.562500 -0.012550
vt 0.531250 -0.004814
vt 0.593750 -0.024354
vt 0.593750 -0.012550
vt 0.625000 -0.024354
vt 0.625000 -0.012550
vt 0.656250 -0.024354
vt 0.656250 -0.012550
vt 0.687500 -0.024354
vt 0.687500 -0.012550
vt 0.656250 -0.004814
vt 0.718750 -0.024354
vt 0.718750 -0.012550
vt 0.750000 -0.024354
vt 0.750000 -0.012550
vt 0.781250 -0.024354
vt 0.781250 -0.012550
vt 0.812500 -0.024354
vt 0.812500 -0.012550
vt 0.843750 -0.024354
vt 0.843750 -0.012550
vt 0.875000 -0.024354
vt 0.875000 -0.012550
vt 0.906250 -0.024354
vt 0.906250 -0.012550
vt 0.937500 -0.024354
vt 0.937500 -0.012550
vt 0.968750 -0.024054
vt 0.968750 -0.012437
vt 1.000000 -0.020752
vt 1.000000 -0.011872
vt 0.000000 -0.090892
vt 0.031250 -0.089935
vt 0.031250 -0.084372
vt 0.000000 -0.084576
vt 0.062500 -0.089848
vt 0.062500 -0.084331
vt 0.093750 -0.089848
vt 0.093750 -0.084331
vt 0.125000 -0.089848
vt 0.125000 -0.084331
vt 0.156250 -0.089848
vt 0.156250 -0.084331
vt 0.187500 -0.089848
vt 0.187500 -0.084331
vt 0.218750 -0.089848
vt 0.218750 -0.084331
vt 0.250000 -0.089848
vt 0.250000 -0.084331
vt 0.281250 -0.089848
vt 0.281250 -0.084331
vt 0.312500 -0.089848
vt 0.312500 -0.084331
vt 0.343750 -0.089848
vt 0.343750 -0.084331
vt 0.375000 -0.089848
vt 0.375000 -0.084331
vt 0.406250 -0.089848
vt 0.406250 -0.084331
vt 0.437500 -0.089848
vt 0.437500 -0.084331
vt 0.468750 -0.089848
vt 0.468750 -0.084331
vt 0.500000 -0.089848
vt 0.500000 -0.084331
vt 0.531250 -0.089848
vt 0.531250 -0.084331
vt 0.562500 -0.089848
vt 0.562500 -0.084331
vt 0.593750 -0.089848
vt 0.593750 -0.084331
vt 0.625000 -0.089848
vt 0.625000 -0.084331
vt 0.656250 -0.089848
vt 0.656250 -0.084331
vt 0.687500 -0.089848
vt 0.687500 -0.084331
vt 0.718750 -0.089848
vt 0.718750 -0.084331
vt 0.750000 -0.089848
vt 0.750000 -0.084331
vt 0.781250 -0.089848
vt 0.781250 -0.084331
vt 0.812500 -0.089848
vt 0.812500 -0.084331
vt 0.843750 -0.089848
vt 0.843750 -0.084331
vt 0.875000 -0.089848
vt 0.875000 -0.084331
vt 0.906250 -0.089848
vt 0.906250 -0.084331
vt 0.937500 -0.089848
vt 0.937500 -0.084331
vt 0.968750 -0.089935
vt 0.968750 -0.084372
vt 1.000000 -0.090892
vt 1.000000 -0.084576
vt 0.031250 -0.093924
vt 0.000000 -0.094076
vt 0.062500 -0.093894
vt 0.093750 -0.093894
vt 0.125000 -0.093894
vt 0.156250 -0.093894
vt 0.187500 -0.093894
vt 0.218750 -0.093894
vt 0.250000 -0.093894
vt 0.281250 -0.093894
vt 0.312500 -0.093894
vt 0.343750 -0.093894
vt 0.375000 -0.093894
vt 0.406250 -0.093894
vt 0.437500 -0.093894
vt 0.468750 -0.093894
vt 0.500000 -0.093894
vt 0.531250 -0.093894
vt 0.562500 -0.093894
vt 0.593750 -0.093894
vt 0.625000 -0.093894
vt 0.656250 -0.093894
vt 0.687500 -0.093894
vt 0.718750 -0.093894
vt 0.750000 -0.093894
vt 0.781250 -0.093894
vt 0.812500 -0.093894
vt 0.843750 -0.093894
vt 0.875000 -0.093894
vt 0.906250 -0.093894
vt 0.937500 -0.093894
vt 0.968750 -0.093924
vt 1.000000 -0.094076
vt 0.031250 -0.109112
vt 0.000000 -0.108926
vt 0.062500 -0.109149
vt 0.093750 -0.109149
vt 0.125000 -0.109149
vt 0.156250 -0.109149
vt 0.187500 -0.109149
vt 0.218750 -0.109149
vt 0.250000 -0.109149
vt 0.281250 -0.109149
vt 0.312500 -0.109149
vt 0.343750 -0.109149
vt 0.375000 -0.109149
vt 0.406250 -0.109149
vt 0.437500 -0.109149
vt 0.468750 -0.109149
vt 0.500000 -0.109149
vt 0.531250 -0.109149
vt 0.562500 -0.109149
vt 0.593750 -0.109149
vt 0.625000 -0.109149
vt 0.656250 -0.109149
vt 0.687500 -0.109149
vt 0.718750 -0.109149
vt 0.750000 -0.109149
vt 0.781250 -0.109149
vt 0.812500 -0.109149
vt 0.843750 -0.109149
vt 0.875000 -0.109149
vt 0.906250 -0.109149
vt 0.937500 -0.109149
vt 0.968750 -0.109112
vt 1.000000 -0.108926
vt 0.031250 -0.182692
vt 0.000000 -0.182724
vt 0.062500 -0.182685
vt 0.093750 -0.182685
vt 0.125000 -0.182685
vt 0.156250 -0.182685
vt 0.187500 -0.182685
vt 0.218750 -0.182685
vt 0.250000 -0.182685
vt 0.281250 -0.182685
vt 0.312500 -0.182685
vt 0.343750 -0.182685
vt 0.375000 -0.182685
vt 0.406250 -0.182685
vt 0.437500 -0.182685
vt 0.468750 -0.182685
vt 0.500000 -0.182685
vt 0.531250 -0.182685
vt 0.562500 -0.182685
vt 0.593750 -0.182685
vt 0.625000 -0.182685
vt 0.656250 -0.182685
vt 0.687500 -0.182685
vt 0.718750 -0.182685
vt 0.750000 -0.182685
vt 0.781250 -0.182685
vt 0.812500 -0.182685
vt 0.843750 -0.182685
vt 0.875000 -0.182685
vt 0.906250 -0.182685
vt 0.937500 -0.182685
vt 0.968750 -0.182692
vt 1.000000 -0.182724
vt 0.031250 -0.241444
vt 0.000000 -0.240900
vt 0.062500 -0.241553
vt 0.093750 -0.241553
vt 0.125000 -0.241553
vt 0.156250 -0.241553
vt 0.187500 -0.241553
vt 0.218750 -0.241553
vt 0.250000 -0.241553
vt 0.281250 -0.241553
vt 0.312500 -0.241553
vt 0.343750 -0.241553
vt 0.375000 -0.241553
vt 0.406250 -0.241553
vt 0.437500 -0.241553
vt 0.468750 -0.241553
vt 0.500000 -0.241553
vt 0.531250 -0.241553
vt 0.562500 -0.241553
vt 0.593750 -0.241553
vt 0.625000 -0.241553
vt 0.656250 -0.241553
vt 0.687500 -0.241553
vt 0.718750 -0.241553
vt 0.750000 -0.241553
vt 0.781250 -0.241553
vt 0.812500 -0.241553
vt 0.843750 -0.241553
vt 0.875000 -0.241553
vt 0.906250 -0.241553
vt 0.937500 -0.241553
vt 0.968750 -0.241444
vt 1.000000 -0.240900
vt 0.031250 -0.191952
vt 0.000000 -0.191636
vt 0.062500 -0.192015
vt 0.093750 -0.192015
vt 0.125000 -0.192015
vt 0.156250 -0.192015
vt 0.187500 -0.192015
vt 0.218750 -0.192015
vt 0.250000 -0.192015
vt 0.281250 -0.192015
vt 0.312500 -0.192015
vt 0.343750 -0.192015
vt 0.375000 -0.192015
vt 0.406250 -0.192015
vt 0.437500 -0.192015
vt 0.468750 -0.192015
vt 0.500000 -0.192015
vt 0.531250 -0.192015
vt 0.562500 -0.192015
vt 0.593750 -0.192015
vt 0.625000 -0.192015
vt 0.656250 -0.192015
vt 0.687500 -0.192015
vt 0.718750 -0.192015
vt 0.750000 -0.192015
vt 0.781250 -0.192015
vt 0.812500 -0.192015
vt 0.843750 -0.192015
vt 0.875000 -0.192015
vt 0.906250 -0.192015
vt 0.937500 -0.192015
vt 0.968750 -0.191952
vt 1.000000 -0.191636
vt 0.031250 -0.040444
vt 0.000000 -0.040438
vt 0.062500 -0.040445
vt 0.093750 -0.040445
vt 0.125000 -0.040445
vt 0.156250 -0.040445
vt 0.187500 -0.040445
vt 0.218750 -0.040445
vt 0.250000 -0.040445
vt 0.281250 -0.040445
vt 0.312500 -0.040445
vt 0.343750 -0.040445
vt 0.375000 -0.040445
vt 0.406250 -0.040445
vt 0.437500 -0.040445
vt 0.468750 -0.040445
vt 0.500000 -0.040445
vt 0.531250 -0.040445
vt 0.562500 -0.040445
vt 0.593750 -0.040445
vt 0.625000 -0.040445
vt 0.656250 -0.040445
vt 0.687500 -0.040445
vt 0.718750 -0.040445
vt 0.750000 -0.040445
vt 0.781250 -0.040445
vt 0.812500 -0.040445
vt 0.843750 -0.040445
vt 0.875000 -0.040445
vt 0.906250 -0.040445
vt 0.937500 -0.040445
vt 0.968750 -0.040444
vt 1.000000 -0.040438
vn -0.0401 0.0000 -0.9992
vn -0.0394 0.0078 -0.9992
vn 0.0128 -0.0025 -0.9999
vn 0.0131 0.0000 -0.9999
vn -0.0371 0.0154 -0.9992
vn 0.0121 -0.0050 -0.9999
vn 0.0195 -0.0081 -0.9998
vn 0.0207 -0.0041 -0.9998
vn 0.0211 0.0000 -0.9998
vn -0.0334 0.0223 -0.9992
vn 0.0109 -0.0073 -0.9999
vn -0.0284 0.0284 -0.9992
vn 0.0093 -0.0093 -0.9999
vn 0.0149 -0.0149 -0.9998
vn 0.0175 -0.0117 -0.9998
vn -0.0223 0.0334 -0.9992
vn 0.0073 -0.0109 -0.9999
vn -0.0154 0.0371 -0.9992
vn 0.0050 -0.0121 -0.9999
vn 0.0081 -0.0195 -0.9998
vn 0.0117 -0.0175 -0.9998
vn -0.0078 0.0394 -0.9992
vn 0.0025 -0.0128 -0.9999
vn 0.0000 0.0401 -0.9992
vn 0.0000 -0.0131 -0.9999
vn 0.0000 -0.0211 -0.9998
vn 0.0041 -0.0207 -0.9998
vn 0.0078 0.0394 -0.9992
vn -0.0025 -0.0128 -0.9999
vn 0.0154 0.0371 -0.9992
vn -0.0050 -0.0121 -0.9999
vn -0.0081 -0.0195 -0.9998
vn -0.0041 -0.0207 -0.9998
vn 0.0223 0.0334 -0.9992
vn -0.0073 -0.0109 -0.9999
vn 0.0284 0.0284 -0.9992
vn -0.0093 -0.0093 -0.9999
vn -0.0149 -0.0149 -0.9998
vn -0.0117 -0.0175 -0.9998
vn 0.0334 0.0223 -0.9992
vn -0.0109 -0.0073 -0.9999
vn 0.0371 0.0154 -0.9992
vn -0.0121 -0.0050 -0.9999
vn -0.0195 -0.0081 -0.9998
vn -0.0175 -0.0117 -0.9998
vn 0.0394 0.0078 -0.9992
vn -0.0128 -0.0025 -0.9999
vn 0.0401 0.0000 -0.9992
vn -0.0131 0.0000 -0.9999
vn -0.0211 0.0000 -0.9998
vn -0.0207 -0.0041 -0.9998
vn 0.0394 -0.0078 -0.9992
vn -0.0128 0.0025 -0.9999
vn 0.0371 -0.0154 -0.9992
vn -0.0121 0.0050 -0.9999
vn -0.0195 0.0081 -0.9998
vn -0.0207 0.0041 -0.9998
vn 0.0334 -0.0223 -0.9992
vn -0.0109 0.0073 -0.9999
vn 0.0284 -0.0284 -0.9992
vn -0.0093 0.0093 -0.9999
vn -0.0149 0.0149 -0.9998
vn -0.0175 0.0117 -0.9998
vn 0.0223 -0.0334 -0.9992
vn -0.0073 0.0109 -0.9999
vn 0.0154 -0.0371 -0.9992
vn -0.0050 0.0121 -0.9999
vn -0.0081 0.0195 -0.9998
vn -0.0117 0.0175 -0.9998
vn 0.0078 -0.0394 -0.9992
vn -0.0025 0.0128 -0.9999
vn 0.0000 -0.0401 -0.9992
vn 0.0000 0.0131 -0.9999
vn 0.0000 0.0211 -0.9998
vn -0.0041 0.0207 -0.9998
vn -0.0078 -0.0394 -0.9992
vn 0.0025 0.0128 -0.9999
vn -0.0154 -0.0371 -0.9992
vn 0.0050 0.0121 -0.9999
vn 0.0081 0.0195 -0.9998
vn 0.0041 0.0207 -0.9998
vn -0.0223 -0.0334 -0.9992
vn 0.0073 0.0109 -0.9999
vn -0.0284 -0.0284 -0.9992
vn 0.0093 0.0093 -0.9999
vn 0.0149 0.0149 -0.9998
vn 0.0117 0.0175 -0.9998
vn -0.0334 -0.0223 -0.9992
vn 0.0109 0.0073 -0.9999
vn -0.0371 -0.0154 -0.9992
vn 0.0121 0.0050 -0.9999
vn 0.0195 0.0081 -0.9998
vn 0.0175 0.0117 -0.9998
vn -0.0394 -0.0078 -0.9992
vn 0.0128 0.0025 -0.9999
vn 0.0207 0.0041 -0.9998
vn -0.0490 0.0000 0.9988
vn -0.0480 0.0096 0.9988
vn -0.0914 0.0182 0.9956
vn -0.0932 0.0000 0.9956
vn -0.0453 0.0187 0.9988
vn -0.0861 0.0356 0.9956
vn -0.1946 0.0806 0.9775
vn -0.2066 0.0411 0.9775
vn -0.2107 0.0000 0.9775
vn -0.0407 0.0272 0.9988
vn -0.0775 0.0518 0.9956
vn -0.0346 0.0346 0.9988
vn -0.0659 0.0659 0.9956
vn -0.1490 0.1490 0.9775
vn -0.1751 0.1170 0.9775
vn -0.0272 0.0407 0.9988
vn -0.0518 0.0775 0.9956
vn -0.0187 0.0453 0.9988
vn -0.0356 0.0861 0.9956
vn -0.0806 0.1946 0.9775
vn -0.1170 0.1751 0.9775
vn -0.0096 0.0480 0.9988
vn -0.0182 0.0914 0.9956
vn 0.0000 0.0490 0.9988
vn 0.0000 0.0932 0.9956
vn 0.0000 0.2107 0.9775
vn -0.0411 0.2066 0.9775
vn 0.0096 0.0480 0.9988
vn 0.0182 0.0914 0.9956
vn 0.0187 0.0453 0.9988
vn 0.0356 0.0861 0.9956
vn 0.0806 0.1946 0.9775
vn 0.0411 0.2066 0.9775
vn 0.0272 0.0407 0.9988
vn 0.0518 0.0775 0.9956
vn 0.0346 0.0346 0.9988
vn 0.0659 0.0659 0.9956
vn 0.1490 0.1490 0.9775
vn 0.1170 0.1751 0.9775
vn 0.0407 0.0272 0.9988
vn 0.0775 0.0518 0.9956
vn 0.0453 0.0187 0.9988
vn 0.0861 0.0356 0.9956
vn 0.1946 0.0806 0.9775
vn 0.1751 0.1170 0.9775
vn 0.0480 0.0096 0.9988
vn 0.0914 0.0182 0.9956
vn 0.0490 0.0000 0.9988
vn 0.0932 0.0000 0.9956
vn 0.2107 0.0000 0.9775
vn 0.2066 0.0411 0.9775
vn 0.0480 -0.0096 0.9988
vn 0.0914 -0.0182 0.9956
vn 0.0453 -0.0187 0.9988
vn 0.0861 -0.0356 0.9956
vn 0.1946 -0.0806 0.9775
vn 0.2066 -0.0411 0.9775
vn 0.0407 -0.0272 0.9988
vn 0.0775 -0.0518 0.9956
vn 0.0346 -0.0346 0.9988
vn 0.0659 -0.0659 0.9956
vn 0.1490 -0.1490 0.9775
vn 0.1751 -0.1170 0.9775
vn 0.0272 -0.0407 0.9988
vn 0.0518 -0.0775 0.9956
vn 0.0187 -0.0453 0.9988
vn 0.0356 -0.0861 0.9956
vn 0.0806 -0.1946 0.9775
vn 0.1170 -0.1751 0.9775
vn 0.0096 -0.0480 0.9988
vn 0.0182 -0.0914 0.9956
vn 0.0000 -0.0490 0.9988
vn 0.0000 -0.0932 0.9956
vn 0.0000 -0.2107 0.9775
vn 0.0411 -0.2066 0.9775
vn -0.0096 -0.0480 0.9988
vn -0.0182 -0.0914 0.9956
vn -0.0187 -0.0453 0.9988
vn -0.0356 -0.0861 0.9956
vn -0.0806 -0.1946 0.9775
vn -0.0411 -0.2066 0.9775
vn -0.0272 -0.0407 0.9988
vn -0.0518 -0.0775 0.9956
vn -0.0346 -0.0346 0.9988
vn -0.0659 -0.0659 0.9956
vn -0.1490 -0.1490 0.9775
vn -0.1170 -0.1751 0.9775
vn -0.0407 -0.0272 0.9988
vn -0.0775 -0.0518 0.9956
vn -0.0453 -0.0187 0.9988
vn -0.0861 -0.0356 0.9956
vn -0.1946 -0.0806 0.9775
vn -0.1751 -0.1170 0.9775
vn -0.0480 -0.0096 0.9988
vn -0.0914 -0.0182 0.9956
vn -0.2066 -0.0411 0.9775
vn -0.3497 0.0696 0.9342
vn -0.3566 0.0000 0.9342
vn -0.3294 0.1364 0.9342
vn -0.4534 0.1878 0.8713
vn -0.4813 0.0957 0.8713
vn -0.4907 0.0000 0.8713
vn -0.2965 0.1981 0.9342
vn -0.2521 0.2521 0.9342
vn -0.3470 0.3470 0.8713
vn -0.4080 0.2726 0.8713
vn -0.1981 0.2965 0.9342
vn -0.1364 0.3294 0.9342
vn -0.1878 0.4534 0.8713
vn -0.2726 0.4080 0.8713
vn -0.0696 0.3497 0.9342
vn 0.0000 0.3566 0.9342
vn 0.0000 0.4907 0.8713
vn -0.0957 0.4813 0.8713
vn 0.0696 0.3497 0.9342
vn 0.1364 0.3294 0.9342
vn 0.1878 0.4534 0.8713
vn 0.0957 0.4813 0.8713
vn 0.1981 0.2965 0.9342
vn 0.2521 0.2521 0.9342
vn 0.3470 0.3470 0.8713
vn 0.2726 0.4080 0.8713
vn 0.2965 0.1981 0.9342
vn 0.3294 0.1364 0.9342
vn 0.4534 0.1878 0.8713
vn 0.4080 0.2726 0.8713
vn 0.3497 0.0696 0.9342
vn 0.3566 0.0000 0.9342
vn 0.4907 0.0000 0.8713
vn 0.4813 0.0957 0.8713
vn 0.3497 -0.0696 0.9342
vn 0.3294 -0.1364 0.9342
vn 0.4534 -0.1878 0.8713
vn 0.4813 -0.0957 0.8713
vn 0.2965 -0.1981 0.9342
vn 0.2521 -0.2521 0.9342
vn 0.3470 -0.3470 0.8713
vn 0.4080 -0.2726 0.8713
vn 0.1981 -0.2965 0.9342
vn 0.1364 -0.3294 0.9342
vn 0.1878 -0.4534 0.8713
vn 0.2726 -0.4080 0.8713
vn 0.0696 -0.3497 0.9342
vn 0.0000 -0.3566 0.9342
vn 0.0000 -0.4907 0.8713
vn 0.0957 -0.4813 0.8713
vn -0.0696 -0.3497 0.9342
vn -0.1364 -0.3294 0.9342
vn -0.1878 -0.4534 0.8713
vn -0.0957 -0.4813 0.8713
vn -0.1981 -0.2965 0.9342
vn -0.2521 -0.2521 0.9342
vn -0.3470 -0.3470 0.8713
vn -0.2726 -0.4080 0.8713
vn -0.2965 -0.1981 0.9342
vn -0.3294 -0.1364 0.9342
vn -0.4534 -0.1878 0.8713
vn -0.4080 -0.2726 0.8713
vn -0.3497 -0.0696 0.9342
vn -0.4813 -0.0957 0.8713
vn -0.6026 0.1198 0.7890
vn -0.6143 0.0000 0.7890
vn -0.5676 0.2351 0.7890
vn -0.6798 0.2816 0.6772
vn -0.7217 0.1435 0.6772
vn -0.7358 0.0000 0.6772
vn -0.5108 0.3413 0.7890
vn -0.4344 0.4344 0.7890
vn -0.5203 0.5203 0.6772
vn -0.6118 0.4088 0.6772
vn -0.3413 0.5108 0.7890
vn -0.2351 0.5676 0.7890
vn -0.2816 0.6798 0.6772
vn -0.4088 0.6118 0.6772
vn -0.1198 0.6026 0.7890
vn 0.0000 0.6143 0.7890
vn 0.0000 0.7358 0.6772
vn -0.1435 0.7217 0.6772
vn 0.1198 0.6026 0.7890
vn 0.2351 0.5676 0.7890
vn 0.2816 0.6798 0.6772
vn 0.1435 0.7217 0.6772
vn 0.3413 0.5108 0.7890
vn 0.4344 0.4344 0.7890
vn 0.5203 0.5203 0.6772
vn 0.4088 0.6118 0.6772
vn 0.5108 0.3413 0.7890
vn 0.5676 0.2351 0.7890
vn 0.6798 0.2816 0.6772
vn 0.6118 0.4088 0.6772
vn 0.6026 0.1198 0.7890
vn 0.6143 0.0000 0.7890
vn 0.7358 0.0000 0.6772
vn 0.7217 0.1435 0.6772
vn 0.6026 -0.1198 0.7890
vn 0.5676 -0.2351 0.7890
vn 0.6798 -0.2816 0.6772
vn 0.7217 -0.1435 0.6772
vn 0.5108 -0.3413 0.7890
vn 0.4344 -0.4344 0.7890
vn 0.5203 -0.5203 0.6772
vn 0.6118 -0.4088 0.6772
vn 0.3413 -0.5108 0.7890
vn 0.2351 -0.5676 0.7890
vn 0.2816 -0.6798 0.6772
vn 0.4088 -0.6118 0.6772
vn 0.1198 -0.6026 0.7890
vn 0.0000 -0.6143 0.7890
vn 0.0000 -0.7358 0.6772
vn 0.1435 -0.7217 0.6772
vn -0.1198 -0.6026 0.7890
vn -0.2351 -0.5676 0.7890
vn -0.2816 -0.6798 0.6772
vn -0.1435 -0.7217 0.6772
vn -0.3413 -0.5108 0.7890
vn -0.4344 -0.4344 0.7890
vn -0.5203 -0.5203 0.6772
vn -0.4088 -0.6118 0.6772
vn -0.5108 -0.3413 0.7890
vn -0.5676 -0.2351 0.7890
vn -0.6798 -0.2816 0.6772
vn -0.6118 -0.4088 0.6772
vn -0.6026 -0.1198 0.7890
vn -0.7217 -0.1435 0.6772
vn -0.8277 0.1646 0.5364
vn -0.8439 0.0000 0.5364
vn -0.7797 0.3229 0.5364
vn -0.8524 0.3531 0.3857
vn -0.9049 0.1800 0.3857
vn -0.9226 0.0000 0.3857
vn -0.7017 0.4689 0.5364
vn -0.5968 0.5968 0.5364
vn -0.6524 0.6524 0.3857
vn -0.7671 0.5126 0.3857
vn -0.4689 0.7017 0.5364
vn -0.3229 0.7797 0.5364
vn -0.3531 0.8524 0.3857
vn -0.5126 0.7671 0.3857
vn -0.1646 0.8277 0.5364
vn 0.0000 0.8439 0.5364
vn 0.0000 0.9226 0.3857
vn -0.1800 0.9049 0.3857
vn 0.1646 0.8277 0.5364
vn 0.3229 0.7797 0.5364
vn 0.3531 0.8524 0.3857
vn 0.1800 0.9049 0.3857
vn 0.4689 0.7017 0.5364
vn 0.5968 0.5968 0.5364
vn 0.6524 0.6524 0.3857
vn 0.5126 0.7671 0.3857
vn 0.7017 0.4689 0.5364
vn 0.7797 0.3229 0.5364
vn 0.8524 0.3531 0.3857
vn 0.7671 0.5126 0.3857
vn 0.8277 0.1646 0.5364
vn 0.8439 0.0000 0.5364
vn 0.9226 0.0000 0.3857
vn 0.9049 0.1800 0.3857
vn 0.8277 -0.1646 0.5364
vn 0.7797 -0.3229 0.5364
vn 0.8524 -0.3531 0.3857
vn 0.9049 -0.1800 0.3857
vn 0.7017 -0.4689 0.5364
vn 0.5968 -0.5968 0.5364
vn 0.6524 -0.6524 0.3857
vn 0.7671 -0.5126 0.3857
vn 0.4689 -0.7017 0.5364
vn 0.3229 -0.7797 0.5364
vn 0.3531 -0.8524 0.3857
vn 0.5126 -0.7671 0.3857
vn 0.1646 -0.8277 0.5364
vn 0.0000 -0.8439 0.5364
vn 0.0000 -0.9226 0.3857
vn 0.1800 -0.9049 0.3857
vn -0.1646 -0.8277 0.5364
vn -0.3229 -0.7797 0.5364
vn -0.3531 -0.8524 0.3857
vn -0.1800 -0.9049 0.3857
vn -0.4689 -0.7017 0.5364
vn -0.5968 -0.5968 0.5364
vn -0.6524 -0.6524 0.3857
vn -0.5126 -0.7671 0.3857
vn -0.7017 -0.4689 0.5364
vn -0.7797 -0.3229 0.5364
vn -0.8524 -0.3531 0.3857
vn -0.7671 -0.5126 0.3857
vn -0.8277 -0.1646 0.5364
vn -0.9049 -0.1800 0.3857
vn -0.9517 0.1893 0.2416
vn -0.9704 0.0000 0.2416
vn -0.8965 0.3713 0.2416
vn -0.9197 0.3810 0.0944
vn -0.9764 0.1942 0.0943
vn -0.9955 0.0000 0.0944
vn -0.8068 0.5391 0.2416
vn -0.6861 0.6861 0.2416
vn -0.7039 0.7039 0.0944
vn -0.8278 0.5531 0.0943
vn -0.5391 0.8068 0.2416
vn -0.3713 0.8965 0.2416
vn -0.3810 0.9197 0.0944
vn -0.5531 0.8278 0.0943
vn -0.1893 0.9517 0.2416
vn 0.0000 0.9704 0.2416
vn 0.0000 0.9955 0.0944
vn -0.1942 0.9764 0.0943
vn 0.1893 0.9517 0.2416
vn 0.3713 0.8965 0.2416
vn 0.3810 0.9197 0.0944
vn 0.1942 0.9764 0.0943
vn 0.5391 0.8068 0.2416
vn 0.6861 0.6861 0.2416
vn 0.7039 0.7039 0.0944
vn 0.5531 0.8278 0.0943
vn 0.8068 0.5391 0.2416
vn 0.8965 0.3713 0.2416
vn 0.9197 0.3810 0.0944
vn 0.8278 0.5531 0.0943
vn 0.9517 0.1893 0.2416
vn 0.9704 0.0000 0.2416
vn 0.9955 0.0000 0.0944
vn 0.9764 0.1942 0.0943
vn 0.9517 -0.1893 0.2416
vn 0.8965 -0.3713 0.2416
vn 0.9197 -0.3810 0.0944
vn 0.9764 -0.1942 0.0943
vn 0.8068 -0.5391 0.2416
vn 0.6861 -0.6861 0.2416
vn 0.7039 -0.7039 0.0944
vn 0.8278 -0.5531 0.0943
vn 0.5391 -0.8068 0.2416
vn 0.3713 -0.8965 0.2416
vn 0.3810 -0.9197 0.0944
vn 0.5531 -0.8278 0.0943
vn 0.1893 -0.9517 0.2416
vn 0.0000 -0.9704 0.2416
vn 0.0000 -0.9955 0.0944
vn 0.1942 -0.9764 0.0943
vn -0.1893 -0.9517 0.2416
vn -0.3713 -0.8965 0.2416
vn -0.3810 -0.9197 0.0944
vn -0.1942 -0.9764 0.0943
vn -0.5391 -0.8068 0.2416
vn -0.6861 -0.6861 0.2416
vn -0.7039 -0.7039 0.0944
vn -0.5531 -0.8278 0.0943
vn -0.8068 -0.5391 0.2416
vn -0.8965 -0.3713 0.2416
vn -0.9197 -0.3810 0.0944
vn -0.8278 -0.5531 0.0943
vn -0.9517 -0.1893 0.2416
vn -0.9764 -0.1942 0.0943
vn -0.9786 0.1946 -0.0658
vn -0.9978 0.0000 -0.0658
vn -0.9219 0.3818 -0.0658
vn -0.9002 0.3729 -0.2247
vn -0.9557 0.1901 -0.2247
vn -0.9744 0.0000 -0.2247
vn -0.8296 0.5543 -0.0658
vn -0.7056 0.7056 -0.0658
vn -0.6890 0.6890 -0.2247
vn -0.8102 0.5413 -0.2247
vn -0.5543 0.8296 -0.0658
vn -0.3818 0.9219 -0.0658
vn -0.3729 0.9002 -0.2247
vn -0.5413 0.8102 -0.2247
vn -0.1946 0.9786 -0.0658
vn 0.0000 0.9978 -0.0658
vn 0.0000 0.9744 -0.2247
vn -0.1901 0.9557 -0.2247
vn 0.1946 0.9786 -0.0658
vn 0.3818 0.9219 -0.0658
vn 0.3729 0.9002 -0.2247
vn 0.1901 0.9557 -0.2247
vn 0.5543 0.8296 -0.0658
vn 0.7056 0.7056 -0.0658
vn 0.6890 0.6890 -0.2247
vn 0.5413 0.8102 -0.2247
vn 0.8296 0.5543 -0.0658
vn 0.9219 0.3818 -0.0658
vn 0.9002 0.3729 -0.2247
vn 0.8102 0.5413 -0.2247
vn 0.9786 0.1946 -0.0658
vn 0.9978 0.0000 -0.0658
vn 0.9744 0.0000 -0.2247
vn 0.9557 0.1901 -0.2247
vn 0.9786 -0.1946 -0.0658
vn 0.9219 -0.3818 -0.0658
vn 0.9002 -0.3729 -0.2247
vn 0.9557 -0.1901 -0.2247
vn 0.8296 -0.5543 -0.0658
vn 0.7056 -0.7056 -0.0658
vn 0.6890 -0.6890 -0.2247
vn 0.8102 -0.5413 -0.2247
vn 0.5543 -0.8296 -0.0658
vn 0.3818 -0.9219 -0.0658
vn 0.3729 -0.9002 -0.2247
vn 0.5413 -0.8102 -0.2247
vn 0.1946 -0.9786 -0.0658
vn 0.0000 -0.9978 -0.0658
vn 0.0000 -0.9744 -0.2247
vn 0.1901 -0.9557 -0.2247
vn -0.1946 -0.9786 -0.0658
vn -0.3818 -0.9219 -0.0658
vn -0.3729 -0.9002 -0.2247
vn -0.1901 -0.9557 -0.2247
vn -0.5543 -0.8296 -0.0658
vn -0.7056 -0.7056 -0.0658
vn -0.6890 -0.6890 -0.2247
vn -0.5413 -0.8102 -0.2247
vn -0.8296 -0.5543 -0.0658
vn -0.9219 -0.3818 -0.0658
vn -0.9002 -0.3729 -0.2247
vn -0.8102 -0.5413 -0.2247
vn -0.9786 -0.1946 -0.0658
vn -0.9557 -0.1901 -0.2247
vn -0.9135 0.1817 -0.3639
vn -0.9314 0.0000 -0.3639
vn -0.8605 0.3564 -0.3639
vn -0.8126 0.3366 -0.4757
vn -0.8627 0.1716 -0.4757
vn -0.8796 0.0000 -0.4757
vn -0.7744 0.5175 -0.3639
vn -0.6586 0.6586 -0.3639
vn -0.6220 0.6220 -0.4757
vn -0.7314 0.4887 -0.4757
vn -0.5175 0.7744 -0.3639
vn -0.3564 0.8605 -0.3639
vn -0.3366 0.8126 -0.4757
vn -0.4887 0.7314 -0.4757
vn -0.1817 0.9135 -0.3639
vn 0.0000 0.9314 -0.3639
vn 0.0000 0.8796 -0.4757
vn -0.1716 0.8627 -0.4757
vn 0.1817 0.9135 -0.3639
vn 0.3564 0.8605 -0.3639
vn 0.3366 0.8126 -0.4757
vn 0.1716 0.8627 -0.4757
vn 0.5175 0.7744 -0.3639
vn 0.6586 0.6586 -0.3639
vn 0.6220 0.6220 -0.4757
vn 0.4887 0.7314 -0.4757
vn 0.7744 0.5175 -0.3639
vn 0.8605 0.3564 -0.3639
vn 0.8126 0.3366 -0.4757
vn 0.7314 0.4887 -0.4757
vn 0.9135 0.1817 -0.3639
vn 0.9314 0.0000 -0.3639
vn 0.8796 0.0000 -0.4757
vn 0.8627 0.1716 -0.4757
vn 0.9135 -0.1817 -0.3639
vn 0.8605 -0.3564 -0.3639
vn 0.8126 -0.3366 -0.4757
vn 0.8627 -0.1716 -0.4757
vn 0.7744 -0.5175 -0.3639
vn 0.6586 -0.6586 -0.3639
vn 0.6220 -0.6220 -0.4757
vn 0.7314 -0.4887 -0.4757
vn 0.5175 -0.7744 -0.3639
vn 0.3564 -0.8605 -0.3639
vn 0.3366 -0.8126 -0.4757
vn 0.4887 -0.7314 -0.4757
vn 0.1817 -0.9135 -0.3639
vn 0.0000 -0.9314 -0.3639
vn 0.0000 -0.8796 -0.4757
vn 0.1716 -0.8627 -0.4757
vn -0.1817 -0.9135 -0.3639
vn -0.3564 -0.8605 -0.3639
vn -0.3366 -0.8126 -0.4757
vn -0.1716 -0.8627 -0.4757
vn -0.5175 -0.7744 -0.3639
vn -0.6586 -0.6586 -0.3639
vn -0.6220 -0.6220 -0.4757
vn -0.4887 -0.7314 -0.4757
vn -0.7744 -0.5175 -0.3639
vn -0.8605 -0.3564 -0.3639
vn -0.8126 -0.3366 -0.4757
vn -0.7314 -0.4887 -0.4757
vn -0.9135 -0.1817 -0.3639
vn -0.8627 -0.1716 -0.4757
vn -0.8023 0.1596 -0.5752
vn -0.8180 0.0000 -0.5752
vn -0.7557 0.3130 -0.5752
vn -0.6786 0.2811 -0.6785
vn -0.7204 0.1433 -0.6785
vn -0.7345 0.0000 -0.6785
vn -0.6801 0.4545 -0.5752
vn -0.5784 0.5784 -0.5752
vn -0.5194 0.5194 -0.6785
vn -0.6107 0.4081 -0.6785
vn -0.4545 0.6801 -0.5752
vn -0.3130 0.7557 -0.5752
vn -0.2811 0.6786 -0.6785
vn -0.4081 0.6107 -0.6785
vn -0.1596 0.8023 -0.5752
vn 0.0000 0.8180 -0.5752
vn 0.0000 0.7345 -0.6785
vn -0.1433 0.7204 -0.6785
vn 0.1596 0.8023 -0.5752
vn 0.3130 0.7557 -0.5752
vn 0.2811 0.6786 -0.6785
vn 0.1433 0.7204 -0.6785
vn 0.4545 0.6801 -0.5752
vn 0.5784 0.5784 -0.5752
vn 0.5194 0.5194 -0.6785
vn 0.4081 0.6107 -0.6785
vn 0.6801 0.4545 -0.5752
vn 0.7557 0.3130 -0.5752
vn 0.6786 0.2811 -0.6785
vn 0.6107 0.4081 -0.6785
vn 0.8023 0.1596 -0.5752
vn 0.8180 0.0000 -0.5752
vn 0.7345 0.0000 -0.6785
vn 0.7204 0.1433 -0.6785
vn 0.8023 -0.1596 -0.5752
vn 0.7557 -0.3130 -0.5752
vn 0.6786 -0.2811 -0.6785
vn 0.7204 -0.1433 -0.6785
vn 0.6801 -0.4545 -0.5752
vn 0.5784 -0.5784 -0.5752
vn 0.5194 -0.5194 -0.6785
vn 0.6107 -0.4081 -0.6785
vn 0.4545 -0.6801 -0.5752
vn 0.3130 -0.7557 -0.5752
vn 0.2811 -0.6786 -0.6785
vn 0.4081 -0.6107 -0.6785
vn 0.1596 -0.8023 -0.5752
vn 0.0000 -0.8180 -0.5752
vn 0.0000 -0.7345 -0.6785
vn 0.1433 -0.7204 -0.6785
vn -0.1596 -0.8023 -0.5752
vn -0.3130 -0.7557 -0.5752
vn -0.2811 -0.6786 -0.6785
vn -0.1433 -0.7204 -0.6785
vn -0.4545 -0.6801 -0.5752
vn -0.5784 -0.5784 -0.5752
vn -0.5194 -0.5194 -0.6785
vn -0.4081 -0.6107 -0.6785
vn -0.6801 -0.4545 -0.5752
vn -0.7557 -0.3130 -0.5752
vn -0.6786 -0.2811 -0.6785
vn -0.6107 -0.4081 -0.6785
vn -0.8023 -0.1596 -0.5752
vn -0.7204 -0.1433 -0.6785
vn -0.7241 0.1440 -0.6744
vn -0.7383 0.0000 -0.6745
vn -0.6821 0.2825 -0.6745
vn -0.9195 0.3809 0.0968
vn -0.9762 0.1942 0.0968
vn -0.9953 0.0000 0.0968
vn -0.6139 0.4102 -0.6744
vn -0.5220 0.5220 -0.6745
vn -0.7038 0.7038 0.0968
vn -0.8275 0.5529 0.0968
vn -0.4102 0.6139 -0.6744
vn -0.2825 0.6821 -0.6745
vn -0.3809 0.9195 0.0968
vn -0.5529 0.8275 0.0968
vn -0.1440 0.7241 -0.6744
vn 0.0000 0.7383 -0.6745
vn 0.0000 0.9953 0.0968
vn -0.1942 0.9762 0.0968
vn 0.1440 0.7241 -0.6744
vn 0.2825 0.6821 -0.6745
vn 0.3809 0.9195 0.0968
vn 0.1942 0.9762 0.0968
vn 0.4102 0.6139 -0.6744
vn 0.5220 0.5220 -0.6745
vn 0.7038 0.7038 0.0968
vn 0.5529 0.8275 0.0968
vn 0.6139 0.4102 -0.6744
vn 0.6821 0.2825 -0.6745
vn 0.9195 0.3809 0.0968
vn 0.8275 0.5529 0.0968
vn 0.7241 0.1440 -0.6744
vn 0.7383 0.0000 -0.6745
vn 0.9953 0.0000 0.0968
vn 0.9762 0.1942 0.0968
vn 0.7241 -0.1440 -0.6744
vn 0.6821 -0.2825 -0.6745
vn 0.9195 -0.3809 0.0968
vn 0.9762 -0.1942 0.0968
vn 0.6139 -0.4102 -0.6744
vn 0.5220 -0.5220 -0.6745
vn 0.7038 -0.7038 0.0968
vn 0.8275 -0.5529 0.0968
vn 0.4102 -0.6139 -0.6744
vn 0.2825 -0.6821 -0.6745
vn 0.3809 -0.9195 0.0968
vn 0.5529 -0.8275 0.0968
vn 0.1440 -0.7241 -0.6744
vn 0.0000 -0.7383 -0.6745
vn 0.0000 -0.9953 0.0968
vn 0.1942 -0.9762 0.0968
vn -0.1440 -0.7241 -0.6744
vn -0.2825 -0.6821 -0.6745
vn -0.3809 -0.9195 0.0968
vn -0.1942 -0.9762 0.0968
vn -0.4102 -0.6139 -0.6744
vn -0.5220 -0.5220 -0.6745
vn -0.7038 -0.7038 0.0968
vn -0.5529 -0.8275 0.0968
vn -0.6139 -0.4102 -0.6744
vn -0.6821 -0.2825 -0.6745
vn -0.9195 -0.3809 0.0968
vn -0.8275 -0.5529 0.0968
vn -0.7241 -0.1440 -0.6744
vn -0.9762 -0.1942 0.0968
vn -0.5533 0.1100 0.8256
vn -0.5641 0.0000 0.8257
vn -0.5211 0.2159 0.8257
vn -0.5365 0.2222 0.8141
vn -0.5696 0.1133 0.8141
vn -0.5808 0.0000 0.8141
vn -0.4691 0.3134 0.8256
vn -0.3989 0.3989 0.8257
vn -0.4107 0.4107 0.8141
vn -0.4829 0.3226 0.8141
vn -0.3134 0.4691 0.8256
vn -0.2159 0.5211 0.8257
vn -0.2222 0.5365 0.8141
vn -0.3226 0.4829 0.8141
vn -0.1100 0.5533 0.8256
vn 0.0000 0.5641 0.8257
vn 0.0000 0.5808 0.8141
vn -0.1133 0.5696 0.8141
vn 0.1100 0.5533 0.8256
vn 0.2159 0.5211 0.8257
vn 0.2222 0.5365 0.8141
vn 0.1133 0.5696 0.8141
vn 0.3134 0.4691 0.8256
vn 0.3989 0.3989 0.8257
vn 0.4107 0.4107 0.8141
vn 0.3226 0.4829 0.8141
vn 0.4691 0.3134 0.8256
vn 0.5211 0.2159 0.8257
vn 0.5365 0.2222 0.8141
vn 0.4829 0.3226 0.8141
vn 0.5533 0.1100 0.8256
vn 0.5641 0.0000 0.8257
vn 0.5808 0.0000 0.8141
vn 0.5696 0.1133 0.8141
vn 0.5533 -0.1100 0.8256
vn 0.5211 -0.2159 0.8257
vn 0.5366 -0.2222 0.8141
vn 0.5696 -0.1133 0.8141
vn 0.4691 -0.3134 0.8256
vn 0.3989 -0.3989 0.8257
vn 0.4107 -0.4107 0.8141
vn 0.4829 -0.3226 0.8141
vn 0.3134 -0.4691 0.8256
vn 0.2159 -0.5211 0.8257
vn 0.2222 -0.5365 0.8141
vn 0.3226 -0.4829 0.8141
vn 0.1100 -0.5533 0.8256
vn 0.0000 -0.5641 0.8257
vn 0.0000 -0.5808 0.8141
vn 0.1133 -0.5696 0.8141
vn -0.1100 -0.5533 0.8256
vn -0.2159 -0.5211 0.8257
vn -0.2222 -0.5365 0.8141
vn -0.1133 -0.5696 0.8141
vn -0.3134 -0.4691 0.8256
vn -0.3989 -0.3989 0.8257
vn -0.4107 -0.4107 0.8141
vn -0.3226 -0.4829 0.8141
vn -0.4691 -0.3134 0.8256
vn -0.5211 -0.2159 0.8257
vn -0.5365 -0.2222 0.8141
vn -0.4829 -0.3226 0.8141
vn -0.5533 -0.1100 0.8256
vn -0.5696 -0.1133 0.8141
vn -0.8260 0.1643 0.5391
vn -0.8422 0.0000 0.5391
vn -0.7781 0.3223 0.5391
vn -0.9239 0.3827 0.0002
vn -0.9808 0.1951 0.0002
vn -1.0000 0.0000 0.0002
vn -0.7002 0.4679 0.5391
vn -0.5955 0.5955 0.5391
vn -0.7071 0.7071 0.0002
vn -0.8314 0.5556 0.0002
vn -0.4679 0.7002 0.5391
vn -0.3223 0.7781 0.5391
vn -0.3827 0.9239 0.0002
vn -0.5556 0.8314 0.0002
vn -0.1643 0.8260 0.5391
vn 0.0000 0.8422 0.5391
vn 0.0000 1.0000 0.0002
vn -0.1951 0.9808 0.0002
vn 0.1643 0.8260 0.5391
vn 0.3223 0.7781 0.5391
vn 0.3827 0.9239 0.0002
vn 0.1951 0.9808 0.0002
vn 0.4679 0.7002 0.5391
vn 0.5955 0.5955 0.5391
vn 0.7071 0.7071 0.0002
vn 0.5556 0.8314 0.0002
vn 0.7002 0.4679 0.5391
vn 0.7781 0.3223 0.5391
vn 0.9239 0.3827 0.0002
vn 0.8314 0.5556 0.0002
vn 0.8260 0.1643 0.5391
vn 0.8422 0.0000 0.5391
vn 1.0000 0.0000 0.0002
vn 0.9808 0.1951 0.0002
vn 0.8260 -0.1643 0.5391
vn 0.7781 -0.3223 0.5391
vn 0.9239 -0.3827 0.0002
vn 0.9808 -0.1951 0.0002
vn 0.7002 -0.4679 0.5391
vn 0.5955 -0.5955 0.5391
vn 0.7071 -0.7071 0.0002
vn 0.8314 -0.5556 0.0002
vn 0.4679 -0.7002 0.5391
vn 0.3223 -0.7781 0.5391
vn 0.3827 -0.9239 0.0002
vn 0.5556 -0.8314 0.0002
vn 0.1643 -0.8260 0.5391
vn 0.0000 -0.8422 0.5391
vn 0.0000 -1.0000 0.0002
vn 0.1951 -0.9808 0.0002
vn -0.1643 -0.8260 0.5391
vn -0.3223 -0.7781 0.5391
vn -0.3827 -0.9239 0.0002
vn -0.1951 -0.9808 0.0002
vn -0.4679 -0.7002 0.5391
vn -0.5955 -0.5955 0.5391
vn -0.7071 -0.7071 0.0002
vn -0.5556 -0.8314 0.0002
vn -0.7002 -0.4679 0.5391
vn -0.7781 -0.3223 0.5391
vn -0.9239 -0.3827 0.0002
vn -0.8314 -0.5556 0.0002
vn -0.8260 -0.1643 0.5391
vn -0.9808 -0.1951 0.0002
vn -0.8189 0.1629 -0.5502
vn -0.8350 0.0000 -0.5502
vn -0.7714 0.3195 -0.5502
vn -0.4458 0.1846 -0.8759
vn -0.4732 0.0941 -0.8759
vn -0.4825 0.0000 -0.8759
vn -0.6943 0.4639 -0.5502
vn -0.5904 0.5904 -0.5502
vn -0.3412 0.3412 -0.8759
vn -0.4011 0.2680 -0.8759
vn -0.4639 0.6943 -0.5502
vn -0.3195 0.7714 -0.5502
vn -0.1846 0.4458 -0.8759
vn -0.2680 0.4011 -0.8759
vn -0.1629 0.8189 -0.5502
vn 0.0000 0.8350 -0.5502
vn 0.0000 0.4825 -0.8759
vn -0.0941 0.4732 -0.8759
vn 0.1629 0.8189 -0.5502
vn 0.3195 0.7714 -0.5502
vn 0.1846 0.4458 -0.8759
vn 0.0941 0.4732 -0.8759
vn 0.4639 0.6943 -0.5502
vn 0.5904 0.5904 -0.5502
vn 0.3412 0.3412 -0.8759
vn 0.2680 0.4011 -0.8759
vn 0.6943 0.4639 -0.5502
vn 0.7714 0.3195 -0.5502
vn 0.4458 0.1846 -0.8759
vn 0.4011 0.2680 -0.8759
vn 0.8189 0.1629 -0.5502
vn 0.8350 0.0000 -0.5502
vn 0.4825 0.0000 -0.8759
vn 0.4732 0.0941 -0.8759
vn 0.8189 -0.1629 -0.5502
vn 0.7714 -0.3195 -0.5502
vn 0.4458 -0.1846 -0.8759
vn 0.4732 -0.0941 -0.8759
vn 0.6943 -0.4639 -0.5502
vn 0.5904 -0.5904 -0.5502
vn 0.3412 -0.3412 -0.8759
vn 0.4011 -0.2680 -0.8759
vn 0.4639 -0.6943 -0.5502
vn 0.3195 -0.7714 -0.5502
vn 0.1846 -0.4458 -0.8759
vn 0.2680 -0.4011 -0.8759
vn 0.1629 -0.8189 -0.5502
vn 0.0000 -0.8350 -0.5502
vn 0.0000 -0.4825 -0.8759
vn 0.0941 -0.4732 -0.8759
vn -0.1629 -0.8189 -0.5502
vn -0.3195 -0.7714 -0.5502
vn -0.1846 -0.4458 -0.8759
vn -0.0941 -0.4732 -0.8759
vn -0.4639 -0.6943 -0.5502
vn -0.5904 -0.5904 -0.5502
vn -0.3412 -0.3412 -0.8759
vn -0.2680 -0.4011 -0.8759
vn -0.6943 -0.4639 -0.5502
vn -0.7714 -0.3195 -0.5502
vn -0.4458 -0.1846 -0.8759
vn -0.4011 -0.2680 -0.8759
vn -0.8189 -0.1629 -0.5502
vn -0.4732 -0.0941 -0.8759
vn -0.4517 0.0898 -0.8876
vn -0.4604 0.0000 -0.8877
vn -0.4254 0.1762 -0.8877
vn -0.8940 0.3703 -0.2522
vn -0.9491 0.1888 -0.2521
vn -0.9677 0.0000 -0.2522
vn -0.3829 0.2558 -0.8876
vn -0.3255 0.3256 -0.8877
vn -0.6842 0.6842 -0.2522
vn -0.8046 0.5376 -0.2521
vn -0.2558 0.3829 -0.8876
vn -0.1762 0.4254 -0.8877
vn -0.3703 0.8940 -0.2522
vn -0.5376 0.8046 -0.2521
vn -0.0898 0.4517 -0.8876
vn 0.0000 0.4604 -0.8877
vn 0.0000 0.9677 -0.2522
vn -0.1888 0.9491 -0.2521
vn 0.0898 0.4517 -0.8876
vn 0.1762 0.4254 -0.8877
vn 0.3703 0.8940 -0.2522
vn 0.1888 0.9491 -0.2521
vn 0.2558 0.3829 -0.8876
vn 0.3255 0.3256 -0.8877
vn 0.6842 0.6842 -0.2522
vn 0.5376 0.8046 -0.2521
vn 0.3829 0.2558 -0.8876
vn 0.4254 0.1762 -0.8877
vn 0.8940 0.3703 -0.2522
vn 0.8046 0.5376 -0.2521
vn 0.4517 0.0898 -0.8876
vn 0.4604 0.0000 -0.8877
vn 0.9677 0.0000 -0.2522
vn 0.9491 0.1888 -0.2521
vn 0.4516 -0.0898 -0.8876
vn 0.4254 -0.1762 -0.8877
vn 0.8940 -0.3703 -0.2522
vn 0.9491 -0.1888 -0.2521
vn 0.3829 -0.2558 -0.8876
vn 0.3256 -0.3255 -0.8877
vn 0.6842 -0.6842 -0.2522
vn 0.8046 -0.5376 -0.2521
vn 0.2558 -0.3829 -0.8876
vn 0.1762 -0.4254 -0.8877
vn 0.3703 -0.8940 -0.2522
vn 0.5376 -0.8046 -0.2521
vn 0.0898 -0.4517 -0.8876
vn 0.0000 -0.4604 -0.8877
vn 0.0000 -0.9677 -0.2522
vn 0.1888 -0.9491 -0.2521
vn -0.0898 -0.4517 -0.8876
vn -0.1762 -0.4254 -0.8877
vn -0.3703 -0.8940 -0.2522
vn -0.1888 -0.9491 -0.2521
vn -0.2558 -0.3829 -0.8876
vn -0.3255 -0.3256 -0.8877
vn -0.6842 -0.6842 -0.2522
vn -0.5376 -0.8046 -0.2521
vn -0.3829 -0.2558 -0.8876
vn -0.4254 -0.1762 -0.8877
vn -0.8940 -0.3703 -0.2522
vn -0.8046 -0.5376 -0.2521
vn -0.4517 -0.0898 -0.8876
vn -0.9491 -0.1888 -0.2521
vn -0.8529 0.1697 0.4937
vn -0.8696 0.0000 0.4937
vn -0.8034 0.3328 0.4937
vn -0.6308 0.2613 0.7306
vn -0.6697 0.1332 0.7306
vn -0.6828 0.0000 0.7306
vn -0.7230 0.4831 0.4937
vn -0.6149 0.6149 0.4937
vn -0.4828 0.4828 0.7306
vn -0.5677 0.3793 0.7306
vn -0.4831 0.7231 0.4937
vn -0.3328 0.8034 0.4937
vn -0.2613 0.6308 0.7306
vn -0.3793 0.5677 0.7306
vn -0.1697 0.8529 0.4937
vn 0.0000 0.8696 0.4937
vn 0.0000 0.6828 0.7306
vn -0.1332 0.6697 0.7306
vn 0.1697 0.8529 0.4937
vn 0.3328 0.8034 0.4937
vn 0.2613 0.6308 0.7306
vn 0.1332 0.6697 0.7306
vn 0.4831 0.7231 0.4937
vn 0.6149 0.6149 0.4937
vn 0.4828 0.4828 0.7306
vn 0.3793 0.5677 0.7306
vn 0.7230 0.4831 0.4937
vn 0.8034 0.3328 0.4937
vn 0.6308 0.2613 0.7306
vn 0.5677 0.3793 0.7306
vn 0.8529 0.1697 0.4937
vn 0.8696 0.0000 0.4937
vn 0.6828 0.0000 0.7306
vn 0.6697 0.1332 0.7306
vn 0.8529 -0.1697 0.4937
vn 0.8034 -0.3328 0.4937
vn 0.6308 -0.2613 0.7306
vn 0.6697 -0.1332 0.7306
vn 0.7231 -0.4831 0.4937
vn 0.6149 -0.6149 0.4937
vn 0.4828 -0.4828 0.7306
vn 0.5677 -0.3793 0.7306
vn 0.4831 -0.7231 0.4937
vn 0.3328 -0.8034 0.4937
vn 0.2613 -0.6308 0.7306
vn 0.3793 -0.5677 0.7306
vn 0.1697 -0.8529 0.4937
vn 0.0000 -0.8696 0.4937
vn 0.0000 -0.6828 0.7306
vn 0.1332 -0.6697 0.7306
vn -0.1697 -0.8529 0.4937
vn -0.3328 -0.8034 0.4937
vn -0.2613 -0.6308 0.7306
vn -0.1332 -0.6697 0.7306
vn -0.4831 -0.7231 0.4937
vn -0.6149 -0.6149 0.4937
vn -0.4828 -0.4828 0.7306
vn -0.3793 -0.5677 0.7306
vn -0.7230 -0.4831 0.4937
vn -0.8034 -0.3328 0.4937
vn -0.6308 -0.2613 0.7306
vn -0.5677 -0.3793 0.7306
vn -0.8529 -0.1697 0.4937
vn -0.6697 -0.1332 0.7306
vn -0.4484 0.0892 0.8893
vn -0.4572 0.0000 0.8894
vn -0.4224 0.1749 0.8894
vn -0.2789 0.1155 0.9533
vn -0.2961 0.0589 0.9533
vn -0.3019 0.0000 0.9533
vn -0.3802 0.2540 0.8893
vn -0.3233 0.3233 0.8894
vn -0.2134 0.2134 0.9533
vn -0.2510 0.1677 0.9533
vn -0.2540 0.3802 0.8893
vn -0.1749 0.4224 0.8894
vn -0.1155 0.2789 0.9533
vn -0.1677 0.2510 0.9533
vn -0.0892 0.4484 0.8893
vn 0.0000 0.4572 0.8894
vn 0.0000 0.3019 0.9533
vn -0.0589 0.2961 0.9533
vn 0.0892 0.4484 0.8893
vn 0.1749 0.4224 0.8894
vn 0.1155 0.2789 0.9533
vn 0.0589 0.2961 0.9533
vn 0.2540 0.3802 0.8893
vn 0.3233 0.3233 0.8894
vn 0.2134 0.2134 0.9533
vn 0.1677 0.2510 0.9533
vn 0.3802 0.2540 0.8893
vn 0.4224 0.1749 0.8894
vn 0.2789 0.1155 0.9533
vn 0.2510 0.1677 0.9533
vn 0.4484 0.0892 0.8893
vn 0.4572 0.0000 0.8894
vn 0.3019 0.0000 0.9533
vn 0.2961 0.0589 0.9533
vn 0.4484 -0.0892 0.8893
vn 0.4224 -0.1749 0.8894
vn 0.2789 -0.1155 0.9533
vn 0.2961 -0.0589 0.9533
vn 0.3802 -0.2540 0.8893
vn 0.3233 -0.3233 0.8893
vn 0.2134 -0.2134 0.9533
vn 0.2510 -0.1677 0.9533
vn 0.2540 -0.3802 0.8893
vn 0.1749 -0.4224 0.8894
vn 0.1155 -0.2789 0.9533
vn 0.1677 -0.2510 0.9533
vn 0.0892 -0.4484 0.8893
vn 0.0000 -0.4572 0.8894
vn 0.0000 -0.3019 0.9533
vn 0.0589 -0.2961 0.9533
vn -0.0892 -0.4484 0.8893
vn -0.1749 -0.4224 0.8894
vn -0.1155 -0.2789 0.9533
vn -0.0589 -0.2961 0.9533
vn -0.2540 -0.3802 0.8893
vn -0.3233 -0.3233 0.8894
vn -0.2134 -0.2134 0.9533
vn -0.1677 -0.2510 0.9533
vn -0.3802 -0.2540 0.8893
vn -0.4224 -0.1749 0.8893
vn -0.2789 -0.1155 0.9533
vn -0.2510 -0.1677 0.9533
vn -0.4484 -0.0892 0.8893
vn -0.2961 -0.0589 0.9533
vn -0.2502 0.0497 0.9669
vn -0.2551 0.0000 0.9669
vn -0.2356 0.0976 0.9669
vn -0.2554 0.1058 0.9610
vn -0.2711 0.0539 0.9610
vn -0.2764 0.0000 0.9610
vn -0.2121 0.1417 0.9669
vn -0.1803 0.1803 0.9669
vn -0.1954 0.1954 0.9610
vn -0.2298 0.1536 0.9610
vn -0.1417 0.2121 0.9669
vn -0.0976 0.2356 0.9669
vn -0.1058 0.2554 0.9610
vn -0.1536 0.2298 0.9610
vn -0.0497 0.2502 0.9669
vn 0.0000 0.2550 0.9669
vn 0.0000 0.2764 0.9610
vn -0.0539 0.2711 0.9610
vn 0.0497 0.2502 0.9669
vn 0.0976 0.2356 0.9669
vn 0.1058 0.2554 0.9610
vn 0.0539 0.2711 0.9610
vn 0.1417 0.2121 0.9669
vn 0.1803 0.1803 0.9669
vn 0.1954 0.1954 0.9610
vn 0.1536 0.2298 0.9610
vn 0.2121 0.1417 0.9669
vn 0.2356 0.0976 0.9669
vn 0.2554 0.1058 0.9610
vn 0.2298 0.1536 0.9610
vn 0.2502 0.0497 0.9669
vn 0.2550 0.0000 0.9669
vn 0.2764 0.0000 0.9610
vn 0.2711 0.0539 0.9610
vn 0.2502 -0.0497 0.9669
vn 0.2356 -0.0976 0.9669
vn 0.2554 -0.1058 0.9610
vn 0.2711 -0.0539 0.9610
vn 0.2121 -0.1417 0.9669
vn 0.1803 -0.1803 0.9669
vn 0.1954 -0.1954 0.9610
vn 0.2298 -0.1536 0.9610
vn 0.1417 -0.2121 0.9669
vn 0.0976 -0.2356 0.9669
vn 0.1058 -0.2554 0.9610
vn 0.1536 -0.2298 0.9610
vn 0.0497 -0.2502 0.9669
vn 0.0000 -0.2550 0.9669
vn 0.0000 -0.2764 0.9610
vn 0.0539 -0.2711 0.9610
vn -0.0497 -0.2502 0.9669
vn -0.0976 -0.2356 0.9669
vn -0.1058 -0.2554 0.9610
vn -0.0539 -0.2711 0.9610
vn -0.1417 -0.2121 0.9669
vn -0.1803 -0.1803 0.9669
vn -0.1954 -0.1954 0.9610
vn -0.1536 -0.2298 0.9610
vn -0.2121 -0.1417 0.9669
vn -0.2356 -0.0976 0.9669
vn -0.2554 -0.1058 0.9610
vn -0.2298 -0.1536 0.9610
vn -0.2502 -0.0497 0.9669
vn -0.2711 -0.0539 0.9610
vn -0.3991 0.0794 0.9134
vn -0.4069 0.0000 0.9134
vn -0.3760 0.1557 0.9134
vn -0.6558 0.2716 0.7043
vn -0.6962 0.1385 0.7043
vn -0.7099 0.0000 0.7043
vn -0.3383 0.2261 0.9134
vn -0.2877 0.2877 0.9134
vn -0.5020 0.5020 0.7043
vn -0.5902 0.3944 0.7043
vn -0.2261 0.3383 0.9134
vn -0.1557 0.3760 0.9134
vn -0.2716 0.6558 0.7043
vn -0.3944 0.5902 0.7043
vn -0.0794 0.3991 0.9134
vn 0.0000 0.4069 0.9134
vn 0.0000 0.7099 0.7043
vn -0.1385 0.6962 0.7043
vn 0.0794 0.3991 0.9134
vn 0.1557 0.3760 0.9134
vn 0.2716 0.6558 0.7043
vn 0.1385 0.6962 0.7043
vn 0.2261 0.3383 0.9134
vn 0.2877 0.2877 0.9134
vn 0.5020 0.5020 0.7043
vn 0.3944 0.5902 0.7043
vn 0.3383 0.2261 0.9134
vn 0.3760 0.1557 0.9134
vn 0.6558 0.2716 0.7043
vn 0.5902 0.3944 0.7043
vn 0.3991 0.0794 0.9134
vn 0.4069 0.0000 0.9134
vn 0.7099 0.0000 0.7043
vn 0.6962 0.1385 0.7043
vn 0.3991 -0.0794 0.9134
vn 0.3760 -0.1557 0.9134
vn 0.6558 -0.2716 0.7043
vn 0.6962 -0.1385 0.7043
vn 0.3383 -0.2261 0.9134
vn 0.2877 -0.2877 0.9134
vn 0.5020 -0.5020 0.7043
vn 0.5902 -0.3944 0.7043
vn 0.2261 -0.3383 0.9134
vn 0.1557 -0.3760 0.9134
vn 0.2716 -0.6558 0.7043
vn 0.3944 -0.5902 0.7043
vn 0.0794 -0.3991 0.9134
vn 0.0000 -0.4069 0.9134
vn 0.0000 -0.7099 0.7043
vn 0.1385 -0.6962 0.7043
vn -0.0794 -0.3991 0.9134
vn -0.1557 -0.3760 0.9134
vn -0.2716 -0.6558 0.7043
vn -0.1385 -0.6962 0.7043
vn -0.2261 -0.3383 0.9134
vn -0.2877 -0.2877 0.9134
vn -0.5020 -0.5020 0.7043
vn -0.3944 -0.5902 0.7043
vn -0.3383 -0.2261 0.9134
vn -0.3760 -0.1557 0.9134
vn -0.6558 -0.2716 0.7043
vn -0.5902 -0.3944 0.7043
vn -0.3991 -0.0794 0.9134
vn -0.6962 -0.1385 0.7043
vn -0.9279 0.1845 0.3240
vn -0.9460 0.0000 0.3240
vn -0.8740 0.3620 0.3240
vn -0.9235 0.3825 0.0278
vn -0.9804 0.1950 0.0278
vn -0.9996 0.0000 0.0278
vn -0.7866 0.5256 0.3240
vn -0.6689 0.6689 0.3240
vn -0.7068 0.7068 0.0278
vn -0.8311 0.5553 0.0278
vn -0.5256 0.7866 0.3240
vn -0.3620 0.8740 0.3240
vn -0.3825 0.9235 0.0278
vn -0.5553 0.8311 0.0278
vn -0.1845 0.9279 0.3240
vn 0.0000 0.9460 0.3240
vn 0.0000 0.9996 0.0278
vn -0.1950 0.9804 0.0278
vn 0.1845 0.9279 0.3240
vn 0.3620 0.8740 0.3240
vn 0.3825 0.9235 0.0278
vn 0.1950 0.9804 0.0278
vn 0.5256 0.7866 0.3240
vn 0.6689 0.6689 0.3240
vn 0.7068 0.7068 0.0278
vn 0.5553 0.8311 0.0278
vn 0.7866 0.5256 0.3240
vn 0.8740 0.3620 0.3240
vn 0.9235 0.3825 0.0278
vn 0.8311 0.5553 0.0278
vn 0.9279 0.1845 0.3240
vn 0.9460 0.0000 0.3240
vn 0.9996 0.0000 0.0278
vn 0.9804 0.1950 0.0278
vn 0.9279 -0.1845 0.3240
vn 0.8740 -0.3620 0.3240
vn 0.9235 -0.3825 0.0278
vn 0.9804 -0.1950 0.0278
vn 0.7866 -0.5256 0.3240
vn 0.6689 -0.6689 0.3240
vn 0.7068 -0.7068 0.0278
vn 0.8311 -0.5553 0.0278
vn 0.5256 -0.7866 0.3240
vn 0.3620 -0.8740 0.3240
vn 0.3825 -0.9235 0.0278
vn 0.5553 -0.8311 0.0278
vn 0.1845 -0.9279 0.3240
vn 0.0000 -0.9460 0.3240
vn 0.0000 -0.9996 0.0278
vn 0.1950 -0.9804 0.0278
vn -0.1845 -0.9279 0.3240
vn -0.3620 -0.8740 0.3240
vn -0.3825 -0.9235 0.0278
vn -0.1950 -0.9804 0.0278
vn -0.5256 -0.7866 0.3240
vn -0.6689 -0.6689 0.3240
vn -0.7068 -0.7068 0.0278
vn -0.5553 -0.8311 0.0278
vn -0.7866 -0.5256 0.3240
vn -0.8740 -0.3620 0.3240
vn -0.9235 -0.3825 0.0278
vn -0.8311 -0.5553 0.0278
vn -0.9279 -0.1845 0.3240
vn -0.9804 -0.1950 0.0278
vn -0.9343 0.1858 -0.3041
vn -0.9526 0.0000 -0.3041
vn -0.8801 0.3645 -0.3041
vn -0.6132 0.2540 -0.7479
vn -0.6509 0.1295 -0.7480
vn -0.6637 0.0000 -0.7479
vn -0.7921 0.5292 -0.3041
vn -0.6736 0.6736 -0.3041
vn -0.4693 0.4693 -0.7479
vn -0.5518 0.3687 -0.7480
vn -0.5292 0.7921 -0.3041
vn -0.3645 0.8801 -0.3041
vn -0.2540 0.6132 -0.7479
vn -0.3687 0.5518 -0.7480
vn -0.1858 0.9343 -0.3041
vn 0.0000 0.9526 -0.3041
vn 0.0000 0.6637 -0.7479
vn -0.1295 0.6509 -0.7480
vn 0.1858 0.9343 -0.3041
vn 0.3645 0.8801 -0.3041
vn 0.2540 0.6132 -0.7479
vn 0.1295 0.6509 -0.7480
vn 0.5292 0.7921 -0.3041
vn 0.6736 0.6736 -0.3041
vn 0.4693 0.4693 -0.7479
vn 0.3687 0.5518 -0.7480
vn 0.7921 0.5292 -0.3041
vn 0.8801 0.3645 -0.3041
vn 0.6132 0.2540 -0.7479
vn 0.5518 0.3687 -0.7480
vn 0.9343 0.1858 -0.3041
vn 0.9526 0.0000 -0.3041
vn 0.6637 0.0000 -0.7479
vn 0.6509 0.1295 -0.7480
vn 0.9343 -0.1858 -0.3041
vn 0.8801 -0.3645 -0.3041
vn 0.6132 -0.2540 -0.7479
vn 0.6509 -0.1295 -0.7480
vn 0.7921 -0.5292 -0.3041
vn 0.6736 -0.6736 -0.3041
vn 0.4693 -0.4693 -0.7479
vn 0.5518 -0.3687 -0.7480
vn 0.5293 -0.7921 -0.3041
vn 0.3645 -0.8801 -0.3041
vn 0.2540 -0.6132 -0.7479
vn 0.3687 -0.5518 -0.7480
vn 0.1858 -0.9343 -0.3041
vn 0.0000 -0.9526 -0.3041
vn 0.0000 -0.6637 -0.7479
vn 0.1295 -0.6509 -0.7480
vn -0.1858 -0.9343 -0.3041
vn -0.3645 -0.8801 -0.3041
vn -0.2540 -0.6132 -0.7479
vn -0.1295 -0.6509 -0.7480
vn -0.5292 -0.7921 -0.3041
vn -0.6736 -0.6736 -0.3041
vn -0.4693 -0.4693 -0.7479
vn -0.3687 -0.5518 -0.7480
vn -0.7921 -0.5292 -0.3041
vn -0.8801 -0.3645 -0.3041
vn -0.6132 -0.2540 -0.7479
vn -0.5518 -0.3687 -0.7480
vn -0.9343 -0.1858 -0.3041
vn -0.6509 -0.1295 -0.7480
vn -0.2854 0.0568 -0.9567
vn -0.2911 0.0000 -0.9567
vn -0.2689 0.1114 -0.9567
vn -0.1443 0.0598 -0.9877
vn -0.1532 0.0305 -0.9877
vn -0.1562 0.0000 -0.9877
vn -0.2420 0.1617 -0.9567
vn -0.2058 0.2058 -0.9567
vn -0.1104 0.1104 -0.9877
vn -0.1299 0.0868 -0.9877
vn -0.1617 0.2420 -0.9567
vn -0.1114 0.2689 -0.9567
vn -0.0598 0.1443 -0.9877
vn -0.0868 0.1299 -0.9877
vn -0.0568 0.2855 -0.9567
vn 0.0000 0.2911 -0.9567
vn 0.0000 0.1562 -0.9877
vn -0.0305 0.1532 -0.9877
vn 0.0568 0.2855 -0.9567
vn 0.1114 0.2689 -0.9567
vn 0.0598 0.1443 -0.9877
vn 0.0305 0.1532 -0.9877
vn 0.1617 0.2420 -0.9567
vn 0.2058 0.2058 -0.9567
vn 0.1104 0.1104 -0.9877
vn 0.0868 0.1299 -0.9877
vn 0.2420 0.1617 -0.9567
vn 0.2689 0.1114 -0.9567
vn 0.1443 0.0598 -0.9877
vn 0.1299 0.0868 -0.9877
vn 0.2855 0.0568 -0.9567
vn 0.2911 0.0000 -0.9567
vn 0.1562 0.0000 -0.9877
vn 0.1532 0.0305 -0.9877
vn 0.2855 -0.0568 -0.9567
vn 0.2689 -0.1114 -0.9567
vn 0.1443 -0.0598 -0.9877
vn 0.1532 -0.0305 -0.9877
vn 0.2420 -0.1617 -0.9567
vn 0.2058 -0.2058 -0.9567
vn 0.1104 -0.1104 -0.9877
vn 0.1299 -0.0868 -0.9877
vn 0.1617 -0.2420 -0.9567
vn 0.1114 -0.2689 -0.9567
vn 0.0598 -0.1443 -0.9877
vn 0.0868 -0.1299 -0.9877
vn 0.0568 -0.2855 -0.9567
vn 0.0000 -0.2911 -0.9567
vn 0.0000 -0.1562 -0.9877
vn 0.0305 -0.1532 -0.9877
vn -0.0568 -0.2855 -0.9567
vn -0.1114 -0.2689 -0.9567
vn -0.0598 -0.1443 -0.9877
vn -0.0305 -0.1532 -0.9877
vn -0.1617 -0.2420 -0.9567
vn -0.2058 -0.2058 -0.9567
vn -0.1104 -0.1104 -0.9877
vn -0.0868 -0.1299 -0.9877
vn -0.2420 -0.1617 -0.9567
vn -0.2689 -0.1114 -0.9567
vn -0.1443 -0.0598 -0.9877
vn -0.1299 -0.0868 -0.9877
vn -0.2854 -0.0568 -0.9567
vn -0.1532 -0.0305 -0.9877
vn -0.1608 0.0320 -0.9864
vn -0.1639 0.0000 -0.9864
vn -0.1515 0.0627 -0.9864
vn -0.2431 0.1007 -0.9648
vn -0.2581 0.0513 -0.9647
vn -0.2631 0.0000 -0.9648
vn -0.1363 0.0911 -0.9864
vn -0.1159 0.1159 -0.9864
vn -0.1860 0.1860 -0.9648
vn -0.2188 0.1462 -0.9647
vn -0.0911 0.1363 -0.9864
vn -0.0627 0.1515 -0.9864
vn -0.1007 0.2431 -0.9648
vn -0.1462 0.2188 -0.9647
vn -0.0320 0.1608 -0.9864
vn 0.0000 0.1639 -0.9864
vn 0.0000 0.2631 -0.9648
vn -0.0513 0.2581 -0.9647
vn 0.0320 0.1608 -0.9864
vn 0.0627 0.1515 -0.9864
vn 0.1007 0.2431 -0.9648
vn 0.0513 0.2581 -0.9647
vn 0.0911 0.1363 -0.9864
vn 0.1159 0.1159 -0.9864
vn 0.1860 0.1860 -0.9648
vn 0.1462 0.2188 -0.9647
vn 0.1363 0.0911 -0.9864
vn 0.1515 0.0627 -0.9864
vn 0.2431 0.1007 -0.9648
vn 0.2188 0.1462 -0.9647
vn 0.1608 0.0320 -0.9864
vn 0.1639 0.0000 -0.9864
vn 0.2631 0.0000 -0.9648
vn 0.2581 0.0513 -0.9647
vn 0.1608 -0.0320 -0.9864
vn 0.1515 -0.0627 -0.9864
vn 0.2431 -0.1007 -0.9648
vn 0.2581 -0.0513 -0.9647
vn 0.1363 -0.0911 -0.9864
vn 0.1159 -0.1159 -0.9864
vn 0.1860 -0.1860 -0.9648
vn 0.2188 -0.1462 -0.9647
vn 0.0911 -0.1363 -0.9864
vn 0.0627 -0.1515 -0.9864
vn 0.1007 -0.2431 -0.9648
vn 0.1462 -0.2188 -0.9647
vn 0.0320 -0.1608 -0.9864
vn 0.0000 -0.1639 -0.9864
vn 0.0000 -0.2631 -0.9648
vn 0.0513 -0.2581 -0.9647
vn -0.0320 -0.1608 -0.9864
vn -0.0627 -0.1515 -0.9864
vn -0.1007 -0.2431 -0.9648
vn -0.0513 -0.2581 -0.9647
vn -0.0911 -0.1363 -0.9864
vn -0.1159 -0.1159 -0.9864
vn -0.1860 -0.1860 -0.9648
vn -0.1462 -0.2188 -0.9647
vn -0.1363 -0.0911 -0.9864
vn -0.1515 -0.0627 -0.9864
vn -0.2431 -0.1007 -0.9648
vn -0.2188 -0.1462 -0.9647
vn -0.1608 -0.0320 -0.9864
vn -0.2581 -0.0513 -0.9647
vn -0.4337 0.0862 -0.8969
vn -0.4421 0.0000 -0.8969
vn -0.4084 0.1692 -0.8969
vn -0.5897 0.2443 -0.7698
vn -0.6261 0.1245 -0.7697
vn -0.6383 0.0000 -0.7698
vn -0.3676 0.2456 -0.8969
vn -0.3126 0.3126 -0.8969
vn -0.4513 0.4513 -0.7698
vn -0.5308 0.3547 -0.7697
vn -0.2456 0.3676 -0.8969
vn -0.1692 0.4084 -0.8969
vn -0.2443 0.5897 -0.7698
vn -0.3547 0.5308 -0.7697
vn -0.0862 0.4337 -0.8969
vn 0.0000 0.4421 -0.8969
vn 0.0000 0.6383 -0.7698
vn -0.1245 0.6261 -0.7697
vn 0.0862 0.4337 -0.8969
vn 0.1692 0.4084 -0.8969
vn 0.2443 0.5897 -0.7698
vn 0.1245 0.6261 -0.7697
vn 0.2456 0.3676 -0.8969
vn 0.3126 0.3126 -0.8969
vn 0.4513 0.4513 -0.7698
vn 0.3547 0.5308 -0.7697
vn 0.3676 0.2456 -0.8969
vn 0.4084 0.1692 -0.8969
vn 0.5897 0.2443 -0.7698
vn 0.5308 0.3547 -0.7697
vn 0.4337 0.0862 -0.8969
vn 0.4421 0.0000 -0.8969
vn 0.6383 0.0000 -0.7698
vn 0.6261 0.1245 -0.7697
vn 0.4337 -0.0862 -0.8969
vn 0.4084 -0.1692 -0.8969
vn 0.5897 -0.2443 -0.7698
vn 0.6261 -0.1245 -0.7697
vn 0.3676 -0.2456 -0.8969
vn 0.3126 -0.3126 -0.8969
vn 0.4513 -0.4513 -0.7698
vn 0.5308 -0.3547 -0.7697
vn 0.2456 -0.3676 -0.8969
vn 0.1692 -0.4084 -0.8969
vn 0.2443 -0.5897 -0.7698
vn 0.3547 -0.5308 -0.7697
vn 0.0862 -0.4337 -0.8969
vn 0.0000 -0.4421 -0.8969
vn 0.0000 -0.6383 -0.7698
vn 0.1245 -0.6261 -0.7697
vn -0.0862 -0.4337 -0.8969
vn -0.1692 -0.4084 -0.8969
vn -0.2443 -0.5897 -0.7698
vn -0.1245 -0.6261 -0.7697
vn -0.2456 -0.3676 -0.8969
vn -0.3126 -0.3126 -0.8969
vn -0.4513 -0.4513 -0.7698
vn -0.3547 -0.5308 -0.7697
vn -0.3676 -0.2456 -0.8969
vn -0.4084 -0.1692 -0.8969
vn -0.5897 -0.2443 -0.7698
vn -0.5308 -0.3547 -0.7697
vn -0.4337 -0.0862 -0.8969
vn -0.6261 -0.1245 -0.7697
vn -0.7775 0.1546 -0.6096
vn -0.7927 0.0000 -0.6096
vn -0.7323 0.3033 -0.6096
vn -0.8421 0.3488 -0.4114
vn -0.8939 0.1778 -0.4113
vn -0.9114 0.0000 -0.4114
vn -0.6591 0.4404 -0.6096
vn -0.5605 0.5605 -0.6096
vn -0.6445 0.6445 -0.4114
vn -0.7578 0.5064 -0.4113
vn -0.4404 0.6591 -0.6096
vn -0.3033 0.7323 -0.6096
vn -0.3488 0.8421 -0.4114
vn -0.5064 0.7578 -0.4113
vn -0.1546 0.7775 -0.6096
vn 0.0000 0.7927 -0.6096
vn 0.0000 0.9114 -0.4114
vn -0.1778 0.8939 -0.4113
vn 0.1546 0.7775 -0.6096
vn 0.3033 0.7323 -0.6096
vn 0.3488 0.8421 -0.4114
vn 0.1778 0.8939 -0.4113
vn 0.4404 0.6591 -0.6096
vn 0.5605 0.5605 -0.6096
vn 0.6445 0.6445 -0.4114
vn 0.5064 0.7578 -0.4113
vn 0.6591 0.4404 -0.6096
vn 0.7323 0.3033 -0.6096
vn 0.8421 0.3488 -0.4114
vn 0.7578 0.5064 -0.4113
vn 0.7775 0.1546 -0.6096
vn 0.7927 0.0000 -0.6096
vn 0.9114 0.0000 -0.4114
vn 0.8939 0.1778 -0.4113
vn 0.7775 -0.1546 -0.6096
vn 0.7323 -0.3033 -0.6096
vn 0.8421 -0.3488 -0.4114
vn 0.8939 -0.1778 -0.4113
vn 0.6591 -0.4404 -0.6096
vn 0.5605 -0.5605 -0.6096
vn 0.6445 -0.6445 -0.4114
vn 0.7578 -0.5064 -0.4113
vn 0.4404 -0.6591 -0.6096
vn 0.3033 -0.7323 -0.6096
vn 0.3488 -0.8421 -0.4114
vn 0.5064 -0.7578 -0.4113
vn 0.1546 -0.7775 -0.6096
vn 0.0000 -0.7927 -0.6096
vn 0.0000 -0.9114 -0.4114
vn 0.1778 -0.8939 -0.4113
vn -0.1546 -0.7775 -0.6096
vn -0.3033 -0.7323 -0.6096
vn -0.3488 -0.8421 -0.4114
vn -0.1778 -0.8939 -0.4113
vn -0.4404 -0.6591 -0.6096
vn -0.5605 -0.5605 -0.6096
vn -0.6445 -0.6445 -0.4114
vn -0.5064 -0.7578 -0.4113
vn -0.6591 -0.4404 -0.6096
vn -0.7323 -0.3033 -0.6096
vn -0.8421 -0.3488 -0.4114
vn -0.7578 -0.5064 -0.4113
vn -0.7775 -0.1546 -0.6096
vn -0.8939 -0.1778 -0.4113
vn -0.9610 0.1911 -0.1998
vn -0.9798 0.0000 -0.1999
vn -0.9052 0.3750 -0.1999
vn -0.9219 0.3819 -0.0648
vn -0.9787 0.1947 -0.0648
vn -0.9979 0.0000 -0.0648
vn -0.8147 0.5444 -0.1998
vn -0.6928 0.6928 -0.1999
vn -0.7056 0.7056 -0.0648
vn -0.8297 0.5544 -0.0648
vn -0.5444 0.8147 -0.1998
vn -0.3750 0.9052 -0.1999
vn -0.3819 0.9219 -0.0648
vn -0.5544 0.8297 -0.0648
vn -0.1911 0.9610 -0.1998
vn 0.0000 0.9798 -0.1999
vn 0.0000 0.9979 -0.0648
vn -0.1947 0.9787 -0.0648
vn 0.1911 0.9610 -0.1998
vn 0.3750 0.9052 -0.1999
vn 0.3819 0.9219 -0.0648
vn 0.1947 0.9787 -0.0648
vn 0.5444 0.8147 -0.1998
vn 0.6928 0.6928 -0.1999
vn 0.7056 0.7056 -0.0648
vn 0.5544 0.8297 -0.0648
vn 0.8147 0.5444 -0.1998
vn 0.9052 0.3750 -0.1999
vn 0.9219 0.3819 -0.0648
vn 0.8297 0.5544 -0.0648
vn 0.9610 0.1911 -0.1998
vn 0.9798 0.0000 -0.1999
vn 0.9979 0.0000 -0.0648
vn 0.9787 0.1947 -0.0648
vn 0.9610 -0.1911 -0.1998
vn 0.9052 -0.3750 -0.1999
vn 0.9219 -0.3819 -0.0648
vn 0.9787 -0.1947 -0.0648
vn 0.8147 -0.5444 -0.1998
vn 0.6928 -0.6928 -0.1999
vn 0.7056 -0.7056 -0.0648
vn 0.8297 -0.5544 -0.0648
vn 0.5444 -0.8147 -0.1998
vn 0.3750 -0.9052 -0.1999
vn 0.3819 -0.9219 -0.0648
vn 0.5544 -0.8297 -0.0648
vn 0.1911 -0.9610 -0.1998
vn 0.0000 -0.9798 -0.1999
vn 0.0000 -0.9979 -0.0648
vn 0.1947 -0.9787 -0.0648
vn -0.1911 -0.9610 -0.1998
vn -0.3750 -0.9052 -0.1999
vn -0.3819 -0.9219 -0.0648
vn -0.1947 -0.9787 -0.0648
vn -0.5444 -0.8147 -0.1998
vn -0.6928 -0.6928 -0.1999
vn -0.7056 -0.7056 -0.0648
vn -0.5544 -0.8297 -0.0648
vn -0.8147 -0.5444 -0.1998
vn -0.9052 -0.3750 -0.1999
vn -0.9219 -0.3819 -0.0648
vn -0.8297 -0.5544 -0.0648
vn -0.9610 -0.1911 -0.1998
vn -0.9787 -0.1947 -0.0648
vn -0.9807 0.1951 -0.0070
vn -1.0000 0.0000 -0.0070
vn -0.9239 0.3827 -0.0070
vn -0.9236 0.3825 0.0257
vn -0.9804 0.1950 0.0257
vn -0.9997 0.0000 0.0257
vn -0.8314 0.5555 -0.0070
vn -0.7071 0.7071 -0.0070
vn -0.7069 0.7069 0.0257
vn -0.8312 0.5554 0.0257
vn -0.5555 0.8314 -0.0070
vn -0.3827 0.9239 -0.0070
vn -0.3825 0.9236 0.0257
vn -0.5554 0.8312 0.0257
vn -0.1951 0.9807 -0.0070
vn 0.0000 1.0000 -0.0070
vn 0.0000 0.9997 0.0257
vn -0.1950 0.9804 0.0257
vn 0.1951 0.9807 -0.0070
vn 0.3827 0.9239 -0.0070
vn 0.3825 0.9236 0.0257
vn 0.1950 0.9804 0.0257
vn 0.5555 0.8314 -0.0070
vn 0.7071 0.7071 -0.0070
vn 0.7069 0.7069 0.0257
vn 0.5554 0.8312 0.0257
vn 0.8314 0.5555 -0.0070
vn 0.9239 0.3827 -0.0070
vn 0.9236 0.3825 0.0257
vn 0.8312 0.5554 0.0257
vn 0.9807 0.1951 -0.0070
vn 1.0000 0.0000 -0.0070
vn 0.9997 0.0000 0.0257
vn 0.9804 0.1950 0.0257
vn 0.9807 -0.1951 -0.0070
vn 0.9239 -0.3827 -0.0070
vn 0.9236 -0.3825 0.0257
vn 0.9804 -0.1950 0.0257
vn 0.8314 -0.5555 -0.0070
vn 0.7071 -0.7071 -0.0070
vn 0.7069 -0.7069 0.0257
vn 0.8312 -0.5554 0.0257
vn 0.5555 -0.8314 -0.0070
vn 0.3827 -0.9239 -0.0070
vn 0.3825 -0.9236 0.0257
vn 0.5554 -0.8312 0.0257
vn 0.1951 -0.9807 -0.0070
vn 0.0000 -1.0000 -0.0070
vn 0.0000 -0.9997 0.0257
vn 0.1950 -0.9804 0.0257
vn -0.1951 -0.9807 -0.0070
vn -0.3827 -0.9239 -0.0070
vn -0.3825 -0.9236 0.0257
vn -0.1950 -0.9804 0.0257
vn -0.5555 -0.8314 -0.0070
vn -0.7071 -0.7071 -0.0070
vn -0.7069 -0.7069 0.0257
vn -0.5554 -0.8312 0.0257
vn -0.8314 -0.5555 -0.0070
vn -0.9239 -0.3827 -0.0070
vn -0.9236 -0.3825 0.0257
vn -0.8312 -0.5554 0.0257
vn -0.9807 -0.1951 -0.0070
vn -0.9804 -0.1950 0.0257
vn -0.9787 0.1946 0.0651
vn -0.9979 0.0000 0.0651
vn -0.9219 0.3818 0.0651
vn -0.9174 0.3800 0.1183
vn -0.9739 0.1937 0.1182
vn -0.9930 0.0000 0.1183
vn -0.8297 0.5544 0.0651
vn -0.7056 0.7056 0.0651
vn -0.7021 0.7021 0.1183
vn -0.8256 0.5517 0.1182
vn -0.5544 0.8297 0.0651
vn -0.3818 0.9219 0.0651
vn -0.3800 0.9174 0.1183
vn -0.5517 0.8256 0.1182
vn -0.1946 0.9787 0.0651
vn 0.0000 0.9979 0.0651
vn 0.0000 0.9930 0.1183
vn -0.1937 0.9739 0.1182
vn 0.1946 0.9787 0.0651
vn 0.3818 0.9219 0.0651
vn 0.3800 0.9174 0.1183
vn 0.1937 0.9739 0.1182
vn 0.5544 0.8297 0.0651
vn 0.7056 0.7056 0.0651
vn 0.7021 0.7021 0.1183
vn 0.5517 0.8256 0.1182
vn 0.8297 0.5544 0.0651
vn 0.9219 0.3818 0.0651
vn 0.9174 0.3800 0.1183
vn 0.8256 0.5517 0.1182
vn 0.9787 0.1946 0.0651
vn 0.9979 0.0000 0.0651
vn 0.9930 0.0000 0.1183
vn 0.9739 0.1937 0.1182
vn 0.9787 -0.1946 0.0651
vn 0.9219 -0.3818 0.0651
vn 0.9174 -0.3800 0.1183
vn 0.9739 -0.1937 0.1182
vn 0.8297 -0.5544 0.0651
vn 0.7056 -0.7056 0.0651
vn 0.7021 -0.7021 0.1183
vn 0.8256 -0.5517 0.1182
vn 0.5544 -0.8297 0.0651
vn 0.3818 -0.9219 0.0651
vn 0.3800 -0.9174 0.1183
vn 0.5517 -0.8256 0.1182
vn 0.1946 -0.9787 0.0651
vn 0.0000 -0.9979 0.0651
vn 0.0000 -0.9930 0.1183
vn 0.1937 -0.9739 0.1182
vn -0.1946 -0.9787 0.0651
vn -0.3818 -0.9219 0.0651
vn -0.3800 -0.9174 0.1183
vn -0.1937 -0.9739 0.1182
vn -0.5544 -0.8297 0.0651
vn -0.7056 -0.7056 0.0651
vn -0.7021 -0.7021 0.1183
vn -0.5517 -0.8256 0.1182
vn -0.8297 -0.5544 0.0651
vn -0.9219 -0.3818 0.0651
vn -0.9174 -0.3800 0.1183
vn -0.8256 -0.5517 0.1182
vn -0.9787 -0.1946 0.0651
vn -0.9739 -0.1937 0.1182
vn -0.9669 0.1923 0.1677
vn -0.9858 0.0000 0.1678
vn -0.9108 0.3772 0.1678
vn -0.9023 0.3738 0.2147
vn -0.9579 0.1905 0.2147
vn -0.9767 0.0000 0.2147
vn -0.8197 0.5477 0.1677
vn -0.6971 0.6971 0.1678
vn -0.6906 0.6906 0.2147
vn -0.8121 0.5426 0.2147
vn -0.5477 0.8197 0.1677
vn -0.3772 0.9108 0.1678
vn -0.3738 0.9023 0.2147
vn -0.5426 0.8121 0.2147
vn -0.1923 0.9669 0.1677
vn 0.0000 0.9858 0.1678
vn 0.0000 0.9767 0.2147
vn -0.1905 0.9579 0.2147
vn 0.1923 0.9669 0.1677
vn 0.3772 0.9108 0.1678
vn 0.3738 0.9023 0.2147
vn 0.1905 0.9579 0.2147
vn 0.5477 0.8197 0.1677
vn 0.6971 0.6971 0.1678
vn 0.6906 0.6906 0.2147
vn 0.5426 0.8121 0.2147
vn 0.8197 0.5477 0.1677
vn 0.9108 0.3772 0.1678
vn 0.9023 0.3737 0.2147
vn 0.8121 0.5426 0.2147
vn 0.9669 0.1923 0.1677
vn 0.9858 0.0000 0.1678
vn 0.9767 0.0000 0.2147
vn 0.9579 0.1905 0.2147
vn 0.9669 -0.1923 0.1677
vn 0.9108 -0.3772 0.1678
vn 0.9023 -0.3738 0.2147
vn 0.9579 -0.1905 0.2147
vn 0.8197 -0.5477 0.1677
vn 0.6971 -0.6971 0.1678
vn 0.6906 -0.6906 0.2147
vn 0.8121 -0.5426 0.2147
vn 0.5477 -0.8197 0.1677
vn 0.3772 -0.9108 0.1678
vn 0.3738 -0.9023 0.2147
vn 0.5426 -0.8121 0.2147
vn 0.1923 -0.9669 0.1677
vn 0.0000 -0.9858 0.1678
vn 0.0000 -0.9767 0.2147
vn 0.1905 -0.9579 0.2147
vn -0.1923 -0.9669 0.1677
vn -0.3772 -0.9108 0.1678
vn -0.3738 -0.9023 0.2147
vn -0.1905 -0.9579 0.2147
vn -0.5477 -0.8197 0.1677
vn -0.6971 -0.6971 0.1678
vn -0.6906 -0.6906 0.2147
vn -0.5426 -0.8121 0.2147
vn -0.8197 -0.5477 0.1677
vn -0.9108 -0.3772 0.1678
vn -0.9023 -0.3738 0.2147
vn -0.8121 -0.5426 0.2147
vn -0.9669 -0.1923 0.1677
vn -0.9579 -0.1905 0.2147
vn -0.8382 0.0000 0.5454
vn -0.8221 0.1635 0.5453
vn -0.5444 0.1083 0.8318
vn -0.5549 0.0000 0.8319
vn -0.7743 0.3207 0.5454
vn -0.5127 0.2123 0.8319
vn -0.3078 0.1275 0.9429
vn -0.3268 0.0650 0.9428
vn -0.3331 0.0000 0.9429
vn -0.6969 0.4657 0.5453
vn -0.4615 0.3083 0.8318
vn -0.5927 0.5927 0.5454
vn -0.3924 0.3924 0.8319
vn -0.2355 0.2355 0.9429
vn -0.2770 0.1851 0.9428
vn -0.4657 0.6969 0.5453
vn -0.3083 0.4615 0.8318
vn -0.3207 0.7743 0.5454
vn -0.2123 0.5127 0.8319
vn -0.1275 0.3078 0.9429
vn -0.1851 0.2770 0.9428
vn -0.1635 0.8221 0.5453
vn -0.1083 0.5444 0.8318
vn 0.0000 0.8382 0.5454
vn 0.0000 0.5549 0.8319
vn 0.0000 0.3331 0.9429
vn -0.0650 0.3268 0.9428
vn 0.1635 0.8221 0.5453
vn 0.1083 0.5444 0.8318
vn 0.3207 0.7743 0.5454
vn 0.2123 0.5127 0.8319
vn 0.1275 0.3078 0.9429
vn 0.0650 0.3268 0.9428
vn 0.4657 0.6969 0.5453
vn 0.3083 0.4615 0.8318
vn 0.5926 0.5927 0.5454
vn 0.3924 0.3924 0.8319
vn 0.2355 0.2355 0.9429
vn 0.1851 0.2770 0.9428
vn 0.6969 0.4657 0.5453
vn 0.4615 0.3083 0.8318
vn 0.7743 0.3207 0.5454
vn 0.5127 0.2123 0.8319
vn 0.3078 0.1275 0.9429
vn 0.2770 0.1851 0.9428
vn 0.8221 0.1635 0.5453
vn 0.5444 0.1083 0.8318
vn 0.8382 0.0000 0.5454
vn 0.5549 0.0000 0.8319
vn 0.3331 0.0000 0.9429
vn 0.3268 0.0650 0.9428
vn 0.8221 -0.1635 0.5453
vn 0.5444 -0.1083 0.8318
vn 0.7743 -0.3207 0.5454
vn 0.5127 -0.2123 0.8319
vn 0.3078 -0.1275 0.9429
vn 0.3268 -0.0650 0.9428
vn 0.6969 -0.4657 0.5453
vn 0.4615 -0.3083 0.8318
vn 0.5927 -0.5927 0.5454
vn 0.3924 -0.3924 0.8319
vn 0.2355 -0.2355 0.9429
vn 0.2770 -0.1851 0.9428
vn 0.4657 -0.6969 0.5453
vn 0.3083 -0.4615 0.8318
vn 0.3207 -0.7743 0.5454
vn 0.2123 -0.5127 0.8319
vn 0.1275 -0.3078 0.9429
vn 0.1851 -0.2770 0.9428
vn 0.1635 -0.8221 0.5453
vn 0.1083 -0.5444 0.8318
vn 0.0000 -0.8382 0.5454
vn 0.0000 -0.5549 0.8319
vn 0.0000 -0.3331 0.9429
vn 0.0650 -0.3268 0.9428
vn -0.1635 -0.8221 0.5453
vn -0.1083 -0.5444 0.8318
vn -0.3207 -0.7743 0.5454
vn -0.2123 -0.5127 0.8319
vn -0.1275 -0.3078 0.9429
vn -0.0650 -0.3268 0.9428
vn -0.4657 -0.6969 0.5453
vn -0.3083 -0.4615 0.8318
vn -0.5926 -0.5927 0.5454
vn -0.3924 -0.3924 0.8319
vn -0.2355 -0.2355 0.9429
vn -0.1851 -0.2770 0.9428
vn -0.6969 -0.4657 0.5453
vn -0.4615 -0.3083 0.8318
vn -0.7743 -0.3207 0.5454
vn -0.5127 -0.2123 0.8319
vn -0.3078 -0.1275 0.9429
vn -0.2770 -0.1851 0.9428
vn -0.8221 -0.1635 0.5453
vn -0.5444 -0.1083 0.8318
vn -0.3268 -0.0650 0.9428
vn -0.3735 0.0743 0.9246
vn -0.3808 0.0000 0.9246
vn -0.3518 0.1457 0.9246
vn -0.5601 0.2320 0.7953
vn -0.5946 0.1183 0.7953
vn -0.6063 0.0000 0.7953
vn -0.3167 0.2116 0.9246
vn -0.2693 0.2693 0.9246
vn -0.4287 0.4287 0.7953
vn -0.5040 0.3368 0.7953
vn -0.2116 0.3167 0.9246
vn -0.1457 0.3518 0.9246
vn -0.2320 0.5601 0.7953
vn -0.3368 0.5040 0.7953
vn -0.0743 0.3735 0.9246
vn 0.0000 0.3808 0.9246
vn 0.0000 0.6063 0.7953
vn -0.1183 0.5946 0.7953
vn 0.0743 0.3735 0.9246
vn 0.1457 0.3518 0.9246
vn 0.2320 0.5601 0.7953
vn 0.1183 0.5946 0.7953
vn 0.2116 0.3167 0.9246
vn 0.2693 0.2693 0.9246
vn 0.4287 0.4287 0.7953
vn 0.3368 0.5040 0.7953
vn 0.3167 0.2116 0.9246
vn 0.3518 0.1457 0.9246
vn 0.5601 0.2320 0.7953
vn 0.5040 0.3368 0.7953
vn 0.3735 0.0743 0.9246
vn 0.3808 0.0000 0.9246
vn 0.6063 0.0000 0.7953
vn 0.5946 0.1183 0.7953
vn 0.3735 -0.0743 0.9246
vn 0.3518 -0.1457 0.9246
vn 0.5601 -0.2320 0.7953
vn 0.5946 -0.1183 0.7953
vn 0.3167 -0.2116 0.9246
vn 0.2693 -0.2693 0.9246
vn 0.4287 -0.4287 0.7953
vn 0.5040 -0.3368 0.7953
vn 0.2116 -0.3167 0.9246
vn 0.1457 -0.3518 0.9246
vn 0.2320 -0.5601 0.7953
vn 0.3368 -0.5040 0.7953
vn 0.0743 -0.3735 0.9246
vn 0.0000 -0.3808 0.9246
vn 0.0000 -0.6063 0.7953
vn 0.1183 -0.5946 0.7953
vn -0.0743 -0.3735 0.9246
vn -0.1457 -0.3518 0.9246
vn -0.2320 -0.5601 0.7953
vn -0.1183 -0.5946 0.7953
vn -0.2116 -0.3167 0.9246
vn -0.2693 -0.2693 0.9246
vn -0.4287 -0.4287 0.7953
vn -0.3368 -0.5040 0.7953
vn -0.3167 -0.2116 0.9246
vn -0.3518 -0.1457 0.9246
vn -0.5601 -0.2320 0.7953
vn -0.5040 -0.3368 0.7953
vn -0.3735 -0.0743 0.9246
vn -0.5946 -0.1183 0.7953
vn -0.8300 0.1651 0.5327
vn -0.8463 0.0000 0.5327
vn -0.7819 0.3239 0.5327
vn -0.9059 0.3752 0.1966
vn -0.9616 0.1913 0.1966
vn -0.9805 0.0000 0.1966
vn -0.7037 0.4702 0.5327
vn -0.5984 0.5984 0.5327
vn -0.6933 0.6933 0.1966
vn -0.8152 0.5447 0.1966
vn -0.4702 0.7037 0.5327
vn -0.3239 0.7819 0.5327
vn -0.3752 0.9059 0.1966
vn -0.5447 0.8152 0.1966
vn -0.1651 0.8300 0.5327
vn 0.0000 0.8463 0.5327
vn 0.0000 0.9805 0.1966
vn -0.1913 0.9616 0.1966
vn 0.1651 0.8300 0.5327
vn 0.3239 0.7819 0.5327
vn 0.3752 0.9059 0.1966
vn 0.1913 0.9616 0.1966
vn 0.4702 0.7037 0.5327
vn 0.5984 0.5984 0.5327
vn 0.6933 0.6933 0.1966
vn 0.5447 0.8152 0.1966
vn 0.7037 0.4702 0.5327
vn 0.7819 0.3239 0.5327
vn 0.9059 0.3752 0.1966
vn 0.8152 0.5447 0.1966
vn 0.8300 0.1651 0.5327
vn 0.8463 0.0000 0.5327
vn 0.9805 0.0000 0.1966
vn 0.9616 0.1913 0.1966
vn 0.8300 -0.1651 0.5327
vn 0.7819 -0.3239 0.5327
vn 0.9059 -0.3752 0.1966
vn 0.9616 -0.1913 0.1966
vn 0.7037 -0.4702 0.5327
vn 0.5984 -0.5984 0.5327
vn 0.6933 -0.6933 0.1966
vn 0.8152 -0.5447 0.1966
vn 0.4702 -0.7037 0.5327
vn 0.3239 -0.7819 0.5327
vn 0.3752 -0.9059 0.1966
vn 0.5447 -0.8152 0.1966
vn 0.1651 -0.8300 0.5327
vn 0.0000 -0.8463 0.5327
vn 0.0000 -0.9805 0.1966
vn 0.1913 -0.9616 0.1966
vn -0.1651 -0.8300 0.5327
vn -0.3239 -0.7819 0.5327
vn -0.3752 -0.9059 0.1966
vn -0.1913 -0.9616 0.1966
vn -0.4702 -0.7037 0.5327
vn -0.5984 -0.5984 0.5327
vn -0.6933 -0.6933 0.1966
vn -0.5447 -0.8152 0.1966
vn -0.7037 -0.4702 0.5327
vn -0.7819 -0.3239 0.5327
vn -0.9059 -0.3752 0.1966
vn -0.8152 -0.5447 0.1966
vn -0.8300 -0.1651 0.5327
vn -0.9616 -0.1913 0.1966
vn -0.9680 0.1925 -0.1605
vn -0.9870 0.0000 -0.1605
vn -0.9119 0.3777 -0.1605
vn -0.7670 0.3176 -0.5575
vn -0.8142 0.1618 -0.5576
vn -0.8301 -0.0001 -0.5575
vn -0.8207 0.5484 -0.1605
vn -0.6979 0.6979 -0.1605
vn -0.5871 0.5869 -0.5575
vn -0.6903 0.4611 -0.5576
vn -0.5484 0.8207 -0.1605
vn -0.3777 0.9119 -0.1605
vn -0.3178 0.7669 -0.5575
vn -0.4613 0.6901 -0.5576
vn -0.1925 0.9680 -0.1605
vn 0.0000 0.9870 -0.1605
vn -0.0001 0.8301 -0.5575
vn -0.1620 0.8141 -0.5576
vn 0.1925 0.9680 -0.1605
vn 0.3777 0.9119 -0.1605
vn 0.3176 0.7670 -0.5575
vn 0.1618 0.8142 -0.5576
vn 0.5484 0.8207 -0.1605
vn 0.6979 0.6979 -0.1605
vn 0.5869 0.5871 -0.5575
vn 0.4611 0.6903 -0.5576
vn 0.8207 0.5484 -0.1605
vn 0.9119 0.3777 -0.1605
vn 0.7669 0.3178 -0.5575
vn 0.6901 0.4613 -0.5576
vn 0.9680 0.1925 -0.1605
vn 0.9870 0.0000 -0.1605
vn 0.8301 0.0001 -0.5575
vn 0.8141 0.1620 -0.5576
vn 0.9680 -0.1925 -0.1605
vn 0.9119 -0.3777 -0.1605
vn 0.7670 -0.3176 -0.5575
vn 0.8142 -0.1618 -0.5576
vn 0.8207 -0.5484 -0.1605
vn 0.6979 -0.6979 -0.1605
vn 0.5871 -0.5869 -0.5575
vn 0.6903 -0.4611 -0.5576
vn 0.5484 -0.8207 -0.1605
vn 0.3777 -0.9119 -0.1605
vn 0.3178 -0.7669 -0.5575
vn 0.4613 -0.6901 -0.5576
vn 0.1925 -0.9680 -0.1605
vn 0.0000 -0.9870 -0.1605
vn 0.0001 -0.8301 -0.5575
vn 0.1620 -0.8141 -0.5576
vn -0.1925 -0.9680 -0.1605
vn -0.3777 -0.9119 -0.1605
vn -0.3176 -0.7670 -0.5575
vn -0.1618 -0.8142 -0.5576
vn -0.5484 -0.8207 -0.1605
vn -0.6979 -0.6979 -0.1605
vn -0.5869 -0.5871 -0.5575
vn -0.4611 -0.6903 -0.5576
vn -0.8207 -0.5484 -0.1605
vn -0.9119 -0.3777 -0.1605
vn -0.7669 -0.3178 -0.5575
vn -0.6901 -0.4613 -0.5576
vn -0.9680 -0.1925 -0.1605
vn -0.8141 -0.1620 -0.5576
vn -0.5736 -0.0002 -0.8191
vn -0.5627 0.1117 -0.8191
vn -0.9671 0.1903 0.1689
vn -0.9856 -0.0020 0.1690
vn -0.5300 0.2193 -0.8191
vn -0.9114 0.3753 0.1690
vn -0.3382 0.1395 0.9307
vn -0.3590 0.0708 0.9306
vn -0.3659 -0.0006 0.9307
vn -0.4771 0.3185 -0.8191
vn -0.8206 0.5459 0.1689
vn -0.4057 0.4054 -0.8191
vn -0.6984 0.6955 0.1690
vn -0.2591 0.2583 0.9307
vn -0.3045 0.2028 0.9306
vn -0.3189 0.4769 -0.8191
vn -0.5493 0.8184 0.1689
vn -0.2197 0.5298 -0.8191
vn -0.3791 0.9098 0.1690
vn -0.1405 0.3378 0.9307
vn -0.2038 0.3039 0.9306
vn -0.1121 0.5626 -0.8191
vn -0.1943 0.9663 0.1689
vn -0.0002 0.5736 -0.8191
vn -0.0020 0.9856 0.1690
vn -0.0006 0.3659 0.9307
vn -0.0719 0.3587 0.9306
vn 0.1117 0.5627 -0.8191
vn 0.1903 0.9671 0.1689
vn 0.2193 0.5300 -0.8191
vn 0.3753 0.9114 0.1690
vn 0.1395 0.3382 0.9307
vn 0.0708 0.3590 0.9306
vn 0.3185 0.4771 -0.8191
vn 0.5459 0.8206 0.1689
vn 0.4054 0.4057 -0.8191
vn 0.6955 0.6984 0.1690
vn 0.2583 0.2591 0.9307
vn 0.2028 0.3045 0.9306
vn 0.4769 0.3189 -0.8191
vn 0.8184 0.5493 0.1689
vn 0.5298 0.2197 -0.8191
vn 0.9098 0.3791 0.1690
vn 0.3378 0.1405 0.9307
vn 0.3039 0.2038 0.9306
vn 0.5626 0.1121 -0.8191
vn 0.9663 0.1943 0.1689
vn 0.5736 0.0002 -0.8191
vn 0.9856 0.0020 0.1690
vn 0.3659 0.0006 0.9307
vn 0.3587 0.0719 0.9306
vn 0.5627 -0.1117 -0.8191
vn 0.9671 -0.1903 0.1689
vn 0.5300 -0.2193 -0.8191
vn 0.9114 -0.3753 0.1690
vn 0.3382 -0.1395 0.9307
vn 0.3590 -0.0708 0.9306
vn 0.4771 -0.3185 -0.8191
vn 0.8206 -0.5459 0.1689
vn 0.4057 -0.4054 -0.8191
vn 0.6984 -0.6955 0.1690
vn 0.2591 -0.2583 0.9307
vn 0.3045 -0.2028 0.9306
vn 0.3189 -0.4769 -0.8191
vn 0.5493 -0.8184 0.1689
vn 0.2197 -0.5298 -0.8191
vn 0.3791 -0.9098 0.1690
vn 0.1405 -0.3378 0.9307
vn 0.2038 -0.3039 0.9306
vn 0.1121 -0.5626 -0.8191
vn 0.1943 -0.9663 0.1689
vn 0.0002 -0.5736 -0.8191
vn 0.0020 -0.9856 0.1690
vn 0.0006 -0.3659 0.9307
vn 0.0719 -0.3587 0.9306
vn -0.1117 -0.5627 -0.8191
vn -0.1903 -0.9671 0.1689
vn -0.2193 -0.5300 -0.8191
vn -0.3753 -0.9114 0.1690
vn -0.1395 -0.3382 0.9307
vn -0.0708 -0.3590 0.9306
vn -0.3185 -0.4771 -0.8191
vn -0.5459 -0.8206 0.1689
vn -0.4054 -0.4057 -0.8191
vn -0.6955 -0.6984 0.1690
vn -0.2583 -0.2591 0.9307
vn -0.2028 -0.3045 0.9306
vn -0.4769 -0.3189 -0.8191
vn -0.8184 -0.5493 0.1689
vn -0.5298 -0.2197 -0.8191
vn -0.9098 -0.3791 0.1690
vn -0.3378 -0.1405 0.9307
vn -0.3039 -0.2038 0.9306
vn -0.5626 -0.1121 -0.8191
vn -0.9663 -0.1943 0.1689
vn -0.3587 -0.0719 0.9306
vn -0.2647 0.0524 0.9629
vn -0.2698 -0.0002 0.9629
vn -0.2494 0.1030 0.9629
vn -0.2176 0.0901 0.9719
vn -0.2310 0.0459 0.9719
vn -0.2355 -0.0000 0.9719
vn -0.2245 0.1497 0.9629
vn -0.1910 0.1906 0.9629
vn -0.1665 0.1665 0.9719
vn -0.1959 0.1308 0.9719
vn -0.1501 0.2243 0.9629
vn -0.1035 0.2492 0.9629
vn -0.0902 0.2176 0.9719
vn -0.1309 0.1958 0.9719
vn -0.0529 0.2647 0.9629
vn -0.0002 0.2698 0.9629
vn -0.0000 0.2355 0.9719
vn -0.0460 0.2310 0.9719
vn 0.0524 0.2647 0.9629
vn 0.1030 0.2494 0.9629
vn 0.0901 0.2176 0.9719
vn 0.0459 0.2310 0.9719
vn 0.1497 0.2245 0.9629
vn 0.1906 0.1910 0.9629
vn 0.1665 0.1665 0.9719
vn 0.1308 0.1958 0.9719
vn 0.2243 0.1501 0.9629
vn 0.2492 0.1035 0.9629
vn 0.2176 0.0902 0.9719
vn 0.1958 0.1309 0.9719
vn 0.2647 0.0529 0.9629
vn 0.2698 0.0002 0.9629
vn 0.2355 0.0000 0.9719
vn 0.2310 0.0460 0.9719
vn 0.2647 -0.0524 0.9629
vn 0.2494 -0.1030 0.9629
vn 0.2176 -0.0901 0.9719
vn 0.2310 -0.0459 0.9719
vn 0.2245 -0.1497 0.9629
vn 0.1910 -0.1906 0.9629
vn 0.1665 -0.1665 0.9719
vn 0.1959 -0.1308 0.9719
vn 0.1501 -0.2243 0.9629
vn 0.1035 -0.2492 0.9629
vn 0.0902 -0.2176 0.9719
vn 0.1309 -0.1958 0.9719
vn 0.0529 -0.2647 0.9629
vn 0.0002 -0.2698 0.9629
vn 0.0000 -0.2355 0.9719
vn 0.0460 -0.2310 0.9719
vn -0.0524 -0.2647 0.9629
vn -0.1030 -0.2494 0.9629
vn -0.0901 -0.2176 0.9719
vn -0.0459 -0.2310 0.9719
vn -0.1497 -0.2245 0.9629
vn -0.1906 -0.1910 0.9629
vn -0.1665 -0.1665 0.9719
vn -0.1308 -0.1958 0.9719
vn -0.2243 -0.1501 0.9629
vn -0.2492 -0.1035 0.9629
vn -0.2176 -0.0902 0.9719
vn -0.1958 -0.1309 0.9719
vn -0.2647 -0.0529 0.9629
vn -0.2310 -0.0460 0.9719
vn -0.3298 0.0000 0.9441
vn -0.3234 0.0643 0.9441
vn -0.4218 0.0838 0.9028
vn -0.4300 -0.0001 0.9028
vn -0.3046 0.1262 0.9441
vn -0.3974 0.1645 0.9028
vn -0.4974 0.2058 0.8427
vn -0.5280 0.1049 0.8427
vn -0.5383 -0.0002 0.8427
vn -0.2742 0.1832 0.9441
vn -0.3576 0.2388 0.9028
vn -0.2332 0.2332 0.9441
vn -0.3041 0.3040 0.9028
vn -0.3808 0.3805 0.8427
vn -0.4477 0.2990 0.8427
vn -0.1832 0.2742 0.9441
vn -0.2390 0.3575 0.9028
vn -0.1262 0.3046 0.9441
vn -0.1646 0.3973 0.9028
vn -0.2062 0.4973 0.8427
vn -0.2992 0.4475 0.8427
vn -0.0643 0.3234 0.9441
vn -0.0840 0.4218 0.9028
vn 0.0000 0.3298 0.9441
vn -0.0001 0.4300 0.9028
vn -0.0002 0.5383 0.8427
vn -0.1052 0.5280 0.8427
vn 0.0643 0.3234 0.9441
vn 0.0838 0.4218 0.9028
vn 0.1262 0.3046 0.9441
vn 0.1645 0.3974 0.9028
vn 0.2058 0.4974 0.8427
vn 0.1049 0.5280 0.8427
vn 0.1832 0.2742 0.9441
vn 0.2388 0.3576 0.9028
vn 0.2332 0.2332 0.9441
vn 0.3040 0.3041 0.9028
vn 0.3805 0.3808 0.8427
vn 0.2990 0.4477 0.8427
vn 0.2741 0.1832 0.9441
vn 0.3575 0.2390 0.9028
vn 0.3046 0.1262 0.9441
vn 0.3973 0.1646 0.9028
vn 0.4973 0.2062 0.8427
vn 0.4475 0.2992 0.8427
vn 0.3234 0.0643 0.9441
vn 0.4218 0.0840 0.9028
vn 0.3298 0.0000 0.9441
vn 0.4300 0.0001 0.9028
vn 0.5383 0.0002 0.8427
vn 0.5280 0.1052 0.8427
vn 0.3234 -0.0643 0.9441
vn 0.4218 -0.0838 0.9028
vn 0.3046 -0.1262 0.9441
vn 0.3974 -0.1645 0.9028
vn 0.4974 -0.2058 0.8427
vn 0.5280 -0.1049 0.8427
vn 0.2742 -0.1832 0.9441
vn 0.3576 -0.2388 0.9028
vn 0.2332 -0.2332 0.9441
vn 0.3041 -0.3040 0.9028
vn 0.3808 -0.3805 0.8427
vn 0.4477 -0.2990 0.8427
vn 0.1832 -0.2742 0.9441
vn 0.2390 -0.3575 0.9028
vn 0.1262 -0.3046 0.9441
vn 0.1646 -0.3973 0.9028
vn 0.2062 -0.4973 0.8427
vn 0.2992 -0.4475 0.8427
vn 0.0643 -0.3234 0.9441
vn 0.0840 -0.4218 0.9028
vn 0.0000 -0.3298 0.9441
vn 0.0001 -0.4300 0.9028
vn 0.0002 -0.5383 0.8427
vn 0.1052 -0.5280 0.8427
vn -0.0643 -0.3234 0.9441
vn -0.0838 -0.4218 0.9028
vn -0.1262 -0.3046 0.9441
vn -0.1645 -0.3974 0.9028
vn -0.2058 -0.4974 0.8427
vn -0.1049 -0.5280 0.8427
vn -0.1832 -0.2742 0.9441
vn -0.2388 -0.3576 0.9028
vn -0.2332 -0.2332 0.9441
vn -0.3040 -0.3041 0.9028
vn -0.3805 -0.3808 0.8427
vn -0.2990 -0.4477 0.8427
vn -0.2741 -0.1832 0.9441
vn -0.3575 -0.2390 0.9028
vn -0.3046 -0.1262 0.9441
vn -0.3973 -0.1646 0.9028
vn -0.4973 -0.2062 0.8427
vn -0.4475 -0.2992 0.8427
vn -0.3234 -0.0643 0.9441
vn -0.4218 -0.0840 0.9028
vn -0.5280 -0.1052 0.8427
vn -0.6265 0.1245 0.7694
vn -0.6387 -0.0001 0.7694
vn -0.5901 0.2443 0.7694
vn -0.6427 0.2662 0.7183
vn -0.6823 0.1357 0.7183
vn -0.6956 0.0000 0.7183
vn -0.5311 0.3547 0.7694
vn -0.4517 0.4516 0.7694
vn -0.4919 0.4919 0.7183
vn -0.5784 0.3865 0.7183
vn -0.3550 0.5310 0.7694
vn -0.2445 0.5900 0.7694
vn -0.2662 0.6427 0.7183
vn -0.3865 0.5784 0.7183
vn -0.1247 0.6264 0.7694
vn -0.0001 0.6387 0.7694
vn 0.0000 0.6956 0.7183
vn -0.1357 0.6823 0.7183
vn 0.1245 0.6265 0.7694
vn 0.2443 0.5901 0.7694
vn 0.2662 0.6427 0.7183
vn 0.1357 0.6823 0.7183
vn 0.3547 0.5311 0.7694
vn 0.4516 0.4517 0.7694
vn 0.4919 0.4919 0.7183
vn 0.3865 0.5784 0.7183
vn 0.5310 0.3550 0.7694
vn 0.5900 0.2445 0.7694
vn 0.6427 0.2662 0.7183
vn 0.5784 0.3865 0.7183
vn 0.6264 0.1247 0.7694
vn 0.6387 0.0001 0.7694
vn 0.6956 0.0000 0.7183
vn 0.6823 0.1357 0.7183
vn 0.6265 -0.1245 0.7694
vn 0.5901 -0.2443 0.7694
vn 0.6427 -0.2662 0.7183
vn 0.6823 -0.1357 0.7183
vn 0.5311 -0.3547 0.7694
vn 0.4517 -0.4516 0.7694
vn 0.4919 -0.4919 0.7183
vn 0.5784 -0.3865 0.7183
vn 0.3550 -0.5310 0.7694
vn 0.2445 -0.5900 0.7694
vn 0.2662 -0.6427 0.7183
vn 0.3865 -0.5784 0.7183
vn 0.1247 -0.6264 0.7694
vn 0.0001 -0.6387 0.7694
vn 0.0000 -0.6956 0.7183
vn 0.1357 -0.6823 0.7183
vn -0.1245 -0.6265 0.7694
vn -0.2443 -0.5901 0.7694
vn -0.2662 -0.6427 0.7183
vn -0.1357 -0.6823 0.7183
vn -0.3547 -0.5311 0.7694
vn -0.4516 -0.4517 0.7694
vn -0.4919 -0.4919 0.7183
vn -0.3865 -0.5784 0.7183
vn -0.5310 -0.3550 0.7694
vn -0.5900 -0.2445 0.7694
vn -0.6427 -0.2662 0.7183
vn -0.5784 -0.3865 0.7183
vn -0.6264 -0.1247 0.7694
vn -0.6823 -0.1357 0.7183
vn -0.7161 0.1424 0.6833
vn -0.7301 0.0000 0.6833
vn -0.6745 0.2794 0.6833
vn -0.7165 0.2968 0.6313
vn -0.7606 0.1513 0.6312
vn -0.7755 0.0000 0.6313
vn -0.6070 0.4056 0.6833
vn -0.5162 0.5162 0.6833
vn -0.5484 0.5484 0.6313
vn -0.6448 0.4309 0.6312
vn -0.4056 0.6070 0.6833
vn -0.2794 0.6745 0.6833
vn -0.2968 0.7165 0.6313
vn -0.4309 0.6448 0.6312
vn -0.1424 0.7161 0.6833
vn 0.0000 0.7301 0.6833
vn 0.0000 0.7755 0.6313
vn -0.1513 0.7606 0.6312
vn 0.1424 0.7161 0.6833
vn 0.2794 0.6745 0.6833
vn 0.2968 0.7165 0.6313
vn 0.1513 0.7606 0.6312
vn 0.4056 0.6070 0.6833
vn 0.5162 0.5162 0.6833
vn 0.5484 0.5484 0.6313
vn 0.4309 0.6448 0.6312
vn 0.6070 0.4056 0.6833
vn 0.6745 0.2794 0.6833
vn 0.7165 0.2968 0.6313
vn 0.6448 0.4309 0.6312
vn 0.7161 0.1424 0.6833
vn 0.7301 0.0000 0.6833
vn 0.7755 0.0000 0.6313
vn 0.7606 0.1513 0.6312
vn 0.7161 -0.1424 0.6833
vn 0.6745 -0.2794 0.6833
vn 0.7165 -0.2968 0.6313
vn 0.7606 -0.1513 0.6312
vn 0.6070 -0.4056 0.6833
vn 0.5162 -0.5162 0.6833
vn 0.5484 -0.5484 0.6313
vn 0.6448 -0.4309 0.6312
vn 0.4056 -0.6070 0.6833
vn 0.2794 -0.6745 0.6833
vn 0.2968 -0.7165 0.6313
vn 0.4309 -0.6448 0.6312
vn 0.1424 -0.7161 0.6833
vn 0.0000 -0.7301 0.6833
vn 0.0000 -0.7755 0.6313
vn 0.1513 -0.7606 0.6312
vn -0.1424 -0.7161 0.6833
vn -0.2794 -0.6745 0.6833
vn -0.2968 -0.7165 0.6313
vn -0.1513 -0.7606 0.6312
vn -0.4056 -0.6070 0.6833
vn -0.5163 -0.5162 0.6833
vn -0.5484 -0.5484 0.6313
vn -0.4309 -0.6448 0.6312
vn -0.6070 -0.4056 0.6833
vn -0.6745 -0.2794 0.6833
vn -0.7165 -0.2968 0.6313
vn -0.6448 -0.4309 0.6312
vn -0.7161 -0.1424 0.6833
vn -0.7606 -0.1513 0.6312
vn -0.8282 0.1647 0.5356
vn -0.8444 0.0000 0.5356
vn -0.7802 0.3232 0.5356
vn -0.8533 0.3534 0.3833
vn -0.9059 0.1802 0.3833
vn -0.9236 0.0000 0.3833
vn -0.7021 0.4692 0.5356
vn -0.5971 0.5971 0.5356
vn -0.6531 0.6531 0.3833
vn -0.7680 0.5131 0.3833
vn -0.4692 0.7021 0.5356
vn -0.3232 0.7802 0.5356
vn -0.3534 0.8533 0.3833
vn -0.5131 0.7680 0.3833
vn -0.1647 0.8282 0.5356
vn 0.0000 0.8444 0.5356
vn 0.0000 0.9236 0.3833
vn -0.1802 0.9059 0.3833
vn 0.1647 0.8282 0.5356
vn 0.3232 0.7802 0.5356
vn 0.3534 0.8533 0.3833
vn 0.1802 0.9059 0.3833
vn 0.4692 0.7021 0.5356
vn 0.5971 0.5971 0.5356
vn 0.6531 0.6531 0.3833
vn 0.5131 0.7680 0.3833
vn 0.7021 0.4692 0.5356
vn 0.7802 0.3232 0.5356
vn 0.8533 0.3534 0.3833
vn 0.7680 0.5131 0.3833
vn 0.8282 0.1647 0.5356
vn 0.8444 0.0000 0.5356
vn 0.9236 0.0000 0.3833
vn 0.9059 0.1802 0.3833
vn 0.8282 -0.1647 0.5356
vn 0.7802 -0.3232 0.5356
vn 0.8533 -0.3534 0.3833
vn 0.9059 -0.1802 0.3833
vn 0.7021 -0.4692 0.5356
vn 0.5971 -0.5971 0.5356
vn 0.6531 -0.6531 0.3833
vn 0.7680 -0.5131 0.3833
vn 0.4692 -0.7021 0.5356
vn 0.3232 -0.7802 0.5356
vn 0.3534 -0.8533 0.3833
vn 0.5131 -0.7680 0.3833
vn 0.1647 -0.8282 0.5356
vn 0.0000 -0.8444 0.5356
vn 0.0000 -0.9236 0.3833
vn 0.1802 -0.9059 0.3833
vn -0.1647 -0.8282 0.5356
vn -0.3232 -0.7802 0.5356
vn -0.3534 -0.8533 0.3833
vn -0.1802 -0.9059 0.3833
vn -0.4692 -0.7021 0.5356
vn -0.5971 -0.5971 0.5356
vn -0.6531 -0.6531 0.3833
vn -0.5131 -0.7680 0.3833
vn -0.7021 -0.4692 0.5356
vn -0.7802 -0.3232 0.5356
vn -0.8533 -0.3534 0.3833
vn -0.7680 -0.5131 0.3833
vn -0.8282 -0.1647 0.5356
vn -0.9059 -0.1802 0.3833
vn -0.9545 0.1899 0.2300
vn -0.9732 0.0000 0.2300
vn -0.8991 0.3724 0.2300
vn -0.9160 0.3794 0.1297
vn -0.9725 0.1934 0.1297
vn -0.9915 0.0000 0.1297
vn -0.8091 0.5407 0.2300
vn -0.6881 0.6881 0.2300
vn -0.7011 0.7011 0.1297
vn -0.8244 0.5509 0.1297
vn -0.5407 0.8091 0.2300
vn -0.3724 0.8991 0.2300
vn -0.3794 0.9160 0.1297
vn -0.5509 0.8244 0.1297
vn -0.1899 0.9545 0.2300
vn 0.0000 0.9732 0.2300
vn 0.0000 0.9915 0.1297
vn -0.1934 0.9725 0.1297
vn 0.1899 0.9545 0.2300
vn 0.3724 0.8991 0.2300
vn 0.3794 0.9160 0.1297
vn 0.1934 0.9725 0.1297
vn 0.5407 0.8091 0.2300
vn 0.6881 0.6881 0.2300
vn 0.7011 0.7011 0.1297
vn 0.5509 0.8244 0.1297
vn 0.8091 0.5407 0.2300
vn 0.8991 0.3724 0.2300
vn 0.9160 0.3794 0.1297
vn 0.8244 0.5509 0.1297
vn 0.9545 0.1899 0.2300
vn 0.9732 0.0000 0.2300
vn 0.9915 0.0000 0.1297
vn 0.9725 0.1934 0.1297
vn 0.9545 -0.1899 0.2300
vn 0.8991 -0.3724 0.2300
vn 0.9160 -0.3794 0.1297
vn 0.9725 -0.1934 0.1297
vn 0.8091 -0.5407 0.2300
vn 0.6881 -0.6881 0.2300
vn 0.7011 -0.7011 0.1297
vn 0.8244 -0.5509 0.1297
vn 0.5407 -0.8091 0.2300
vn 0.3724 -0.8991 0.2300
vn 0.3794 -0.9160 0.1297
vn 0.5509 -0.8244 0.1297
vn 0.1899 -0.9545 0.2300
vn 0.0000 -0.9732 0.2300
vn 0.0000 -0.9915 0.1297
vn 0.1934 -0.9725 0.1297
vn -0.1899 -0.9545 0.2300
vn -0.3724 -0.8991 0.2300
vn -0.3794 -0.9160 0.1297
vn -0.1934 -0.9725 0.1297
vn -0.5407 -0.8091 0.2300
vn -0.6881 -0.6881 0.2300
vn -0.7011 -0.7011 0.1297
vn -0.5509 -0.8244 0.1297
vn -0.8091 -0.5407 0.2300
vn -0.8991 -0.3724 0.2300
vn -0.9160 -0.3794 0.1297
vn -0.8244 -0.5509 0.1297
vn -0.9545 -0.1899 0.2300
vn -0.9725 -0.1934 0.1297
vn -0.9798 0.1949 0.0450
vn -0.9990 0.0000 0.0450
vn -0.9229 0.3823 0.0450
vn -0.9216 0.3817 -0.0704
vn -0.9783 0.1946 -0.0704
vn -0.9975 0.0000 -0.0704
vn -0.8306 0.5550 0.0450
vn -0.7064 0.7064 0.0450
vn -0.7053 0.7053 -0.0704
vn -0.8294 0.5542 -0.0704
vn -0.5550 0.8306 0.0450
vn -0.3823 0.9229 0.0450
vn -0.3817 0.9216 -0.0704
vn -0.5542 0.8294 -0.0704
vn -0.1949 0.9798 0.0450
vn 0.0000 0.9990 0.0450
vn 0.0000 0.9975 -0.0704
vn -0.1946 0.9783 -0.0704
vn 0.1949 0.9798 0.0450
vn 0.3823 0.9229 0.0450
vn 0.3817 0.9216 -0.0704
vn 0.1946 0.9783 -0.0704
vn 0.5550 0.8306 0.0450
vn 0.7064 0.7064 0.0450
vn 0.7053 0.7053 -0.0704
vn 0.5542 0.8294 -0.0704
vn 0.8306 0.5550 0.0450
vn 0.9229 0.3823 0.0450
vn 0.9216 0.3817 -0.0704
vn 0.8294 0.5542 -0.0704
vn 0.9798 0.1949 0.0450
vn 0.9990 0.0000 0.0450
vn 0.9975 0.0000 -0.0704
vn 0.9783 0.1946 -0.0704
vn 0.9798 -0.1949 0.0450
vn 0.9229 -0.3823 0.0450
vn 0.9216 -0.3817 -0.0704
vn 0.9783 -0.1946 -0.0704
vn 0.8306 -0.5550 0.0450
vn 0.7064 -0.7064 0.0450
vn 0.7053 -0.7053 -0.0704
vn 0.8294 -0.5542 -0.0704
vn 0.5550 -0.8306 0.0450
vn 0.3823 -0.9229 0.0450
vn 0.3817 -0.9216 -0.0704
vn 0.5542 -0.8294 -0.0704
vn 0.1949 -0.9798 0.0450
vn 0.0000 -0.9990 0.0450
vn 0.0000 -0.9975 -0.0704
vn 0.1946 -0.9783 -0.0704
vn -0.1949 -0.9798 0.0450
vn -0.3823 -0.9229 0.0450
vn -0.3817 -0.9216 -0.0704
vn -0.1946 -0.9783 -0.0704
vn -0.5550 -0.8306 0.0450
vn -0.7064 -0.7064 0.0450
vn -0.7053 -0.7053 -0.0704
vn -0.5542 -0.8294 -0.0704
vn -0.8306 -0.5550 0.0450
vn -0.9229 -0.3823 0.0450
vn -0.9216 -0.3817 -0.0704
vn -0.8294 -0.5542 -0.0704
vn -0.9798 -0.1949 0.0450
vn -0.9783 -0.1946 -0.0704
vn -0.8338 0.0000 -0.5520
vn -0.8178 0.1627 -0.5520
vn -0.7512 0.1494 -0.6429
vn -0.7659 0.0000 -0.6430
vn -0.7703 0.3191 -0.5520
vn -0.7076 0.2931 -0.6430
vn -0.9196 0.3809 0.0962
vn -0.9762 0.1942 0.0962
vn -0.9953 0.0000 0.0962
vn -0.6933 0.4632 -0.5520
vn -0.6368 0.4255 -0.6429
vn -0.5896 0.5896 -0.5520
vn -0.5416 0.5416 -0.6430
vn -0.7038 0.7038 0.0962
vn -0.8276 0.5530 0.0962
vn -0.4632 0.6933 -0.5520
vn -0.4255 0.6368 -0.6429
vn -0.3191 0.7703 -0.5520
vn -0.2931 0.7076 -0.6430
vn -0.3809 0.9196 0.0962
vn -0.5530 0.8276 0.0962
vn -0.1627 0.8178 -0.5520
vn -0.1494 0.7512 -0.6429
vn 0.0000 0.8338 -0.5520
vn 0.0000 0.7659 -0.6430
vn 0.0000 0.9953 0.0962
vn -0.1942 0.9762 0.0962
vn 0.1627 0.8178 -0.5520
vn 0.1494 0.7512 -0.6429
vn 0.3191 0.7703 -0.5520
vn 0.2931 0.7076 -0.6430
vn 0.3809 0.9196 0.0962
vn 0.1942 0.9762 0.0962
vn 0.4632 0.6933 -0.5520
vn 0.4255 0.6368 -0.6429
vn 0.5896 0.5896 -0.5520
vn 0.5416 0.5416 -0.6430
vn 0.7038 0.7038 0.0962
vn 0.5530 0.8276 0.0962
vn 0.6933 0.4632 -0.5520
vn 0.6368 0.4255 -0.6429
vn 0.7703 0.3191 -0.5520
vn 0.7076 0.2931 -0.6430
vn 0.9196 0.3809 0.0962
vn 0.8276 0.5530 0.0962
vn 0.8178 0.1627 -0.5520
vn 0.7512 0.1494 -0.6429
vn 0.8338 0.0000 -0.5520
vn 0.7659 0.0000 -0.6430
vn 0.9953 0.0000 0.0962
vn 0.9762 0.1942 0.0962
vn 0.8178 -0.1627 -0.5520
vn 0.7512 -0.1494 -0.6429
vn 0.7703 -0.3191 -0.5520
vn 0.7076 -0.2931 -0.6430
vn 0.9196 -0.3809 0.0962
vn 0.9762 -0.1942 0.0962
vn 0.6933 -0.4632 -0.5520
vn 0.6368 -0.4255 -0.6429
vn 0.5896 -0.5896 -0.5520
vn 0.5416 -0.5416 -0.6430
vn 0.7038 -0.7038 0.0962
vn 0.8276 -0.5530 0.0962
vn 0.4632 -0.6933 -0.5520
vn 0.4255 -0.6368 -0.6429
vn 0.3191 -0.7703 -0.5520
vn 0.2931 -0.7076 -0.6430
vn 0.3809 -0.9196 0.0962
vn 0.5530 -0.8276 0.0962
vn 0.1627 -0.8178 -0.5520
vn 0.1494 -0.7512 -0.6429
vn 0.0000 -0.8338 -0.5520
vn 0.0000 -0.7659 -0.6430
vn 0.0000 -0.9953 0.0962
vn 0.1942 -0.9762 0.0962
vn -0.1627 -0.8178 -0.5520
vn -0.1494 -0.7512 -0.6429
vn -0.3191 -0.7703 -0.5520
vn -0.2931 -0.7076 -0.6430
vn -0.3809 -0.9196 0.0962
vn -0.1942 -0.9762 0.0962
vn -0.4632 -0.6933 -0.5520
vn -0.4255 -0.6368 -0.6429
vn -0.5896 -0.5896 -0.5520
vn -0.5416 -0.5416 -0.6430
vn -0.7038 -0.7038 0.0962
vn -0.5530 -0.8276 0.0962
vn -0.6933 -0.4632 -0.5520
vn -0.6368 -0.4255 -0.6429
vn -0.7703 -0.3191 -0.5520
vn -0.7076 -0.2931 -0.6430
vn -0.9196 -0.3809 0.0962
vn -0.8276 -0.5530 0.0962
vn -0.8178 -0.1627 -0.5520
vn -0.7512 -0.1494 -0.6429
vn -0.9762 -0.1942 0.0962
vn -0.9169 0.0000 0.3992
vn -0.8993 0.1789 0.3991
vn -0.9346 0.1859 0.3032
vn -0.9529 0.0000 0.3032
vn -0.8471 0.3509 0.3992
vn -0.8804 0.3646 0.3032
vn -0.9048 0.3748 0.2022
vn -0.9605 0.1910 0.2022
vn -0.9793 0.0000 0.2022
vn -0.7624 0.5094 0.3991
vn -0.7923 0.5294 0.3032
vn -0.6483 0.6483 0.3992
vn -0.6738 0.6738 0.3032
vn -0.6925 0.6925 0.2022
vn -0.8143 0.5441 0.2022
vn -0.5094 0.7624 0.3991
vn -0.5294 0.7923 0.3032
vn -0.3509 0.8471 0.3992
vn -0.3646 0.8804 0.3032
vn -0.3748 0.9048 0.2022
vn -0.5441 0.8143 0.2022
vn -0.1789 0.8993 0.3991
vn -0.1859 0.9346 0.3032
vn 0.0000 0.9169 0.3992
vn 0.0000 0.9529 0.3032
vn 0.0000 0.9793 0.2022
vn -0.1910 0.9605 0.2022
vn 0.1789 0.8993 0.3991
vn 0.1859 0.9346 0.3032
vn 0.3509 0.8471 0.3992
vn 0.3646 0.8804 0.3032
vn 0.3748 0.9048 0.2022
vn 0.1910 0.9605 0.2022
vn 0.5094 0.7624 0.3991
vn 0.5294 0.7923 0.3032
vn 0.6483 0.6483 0.3992
vn 0.6738 0.6738 0.3032
vn 0.6925 0.6925 0.2022
vn 0.5441 0.8143 0.2022
vn 0.7624 0.5094 0.3991
vn 0.7923 0.5294 0.3032
vn 0.8471 0.3509 0.3992
vn 0.8804 0.3646 0.3032
vn 0.9048 0.3748 0.2022
vn 0.8143 0.5441 0.2022
vn 0.8993 0.1789 0.3991
vn 0.9346 0.1859 0.3032
vn 0.9169 0.0000 0.3992
vn 0.9529 0.0000 0.3032
vn 0.9793 0.0000 0.2022
vn 0.9605 0.1910 0.2022
vn 0.8993 -0.1789 0.3991
vn 0.9346 -0.1859 0.3032
vn 0.8471 -0.3509 0.3992
vn 0.8804 -0.3646 0.3032
vn 0.9048 -0.3748 0.2022
vn 0.9605 -0.1910 0.2022
vn 0.7624 -0.5094 0.3991
vn 0.7923 -0.5294 0.3032
vn 0.6483 -0.6483 0.3992
vn 0.6738 -0.6738 0.3032
vn 0.6925 -0.6925 0.2022
vn 0.8143 -0.5441 0.2022
vn 0.5094 -0.7624 0.3991
vn 0.5294 -0.7923 0.3032
vn 0.3509 -0.8471 0.3992
vn 0.3646 -0.8804 0.3032
vn 0.3748 -0.9048 0.2022
vn 0.5441 -0.8143 0.2022
vn 0.1789 -0.8993 0.3991
vn 0.1859 -0.9346 0.3032
vn 0.0000 -0.9169 0.3992
vn 0.0000 -0.9529 0.3032
vn 0.0000 -0.9793 0.2022
vn 0.1910 -0.9605 0.2022
vn -0.1789 -0.8993 0.3991
vn -0.1859 -0.9346 0.3032
vn -0.3509 -0.8471 0.3992
vn -0.3646 -0.8804 0.3032
vn -0.3748 -0.9048 0.2022
vn -0.1910 -0.9605 0.2022
vn -0.5094 -0.7624 0.3991
vn -0.5294 -0.7923 0.3032
vn -0.6483 -0.6483 0.3992
vn -0.6738 -0.6738 0.3032
vn -0.6925 -0.6925 0.2022
vn -0.5441 -0.8143 0.2022
vn -0.7624 -0.5094 0.3991
vn -0.7923 -0.5294 0.3032
vn -0.8471 -0.3509 0.3992
vn -0.8804 -0.3646 0.3032
vn -0.9048 -0.3748 0.2022
vn -0.8143 -0.5441 0.2022
vn -0.8993 -0.1789 0.3991
vn -0.9346 -0.1859 0.3032
vn -0.9605 -0.1910 0.2022
vn -0.8545 0.0000 -0.5194
vn -0.8381 0.1667 -0.5194
vn -0.3995 0.0795 -0.9132
vn -0.4075 0.0000 -0.9132
vn -0.7895 0.3270 -0.5194
vn -0.3764 0.1559 -0.9132
vn -0.7105 0.4747 -0.5194
vn -0.3387 0.2263 -0.9132
vn -0.6042 0.6042 -0.5194
vn -0.2881 0.2881 -0.9132
vn -0.4747 0.7105 -0.5194
vn -0.2263 0.3387 -0.9132
vn -0.3270 0.7895 -0.5194
vn -0.1559 0.3764 -0.9132
vn -0.1667 0.8381 -0.5194
vn -0.0795 0.3995 -0.9132
vn 0.0000 0.8545 -0.5194
vn 0.0000 0.4075 -0.9132
vn 0.1667 0.8381 -0.5194
vn 0.0795 0.3995 -0.9132
vn 0.3270 0.7895 -0.5194
vn 0.1559 0.3764 -0.9132
vn 0.4747 0.7105 -0.5194
vn 0.2263 0.3387 -0.9132
vn 0.6042 0.6042 -0.5194
vn 0.2881 0.2881 -0.9132
vn 0.7105 0.4747 -0.5194
vn 0.3387 0.2263 -0.9132
vn 0.7895 0.3270 -0.5194
vn 0.3764 0.1559 -0.9132
vn 0.8381 0.1667 -0.5194
vn 0.3995 0.0795 -0.9132
vn 0.8545 0.0000 -0.5194
vn 0.4075 0.0000 -0.9132
vn 0.8381 -0.1667 -0.5194
vn 0.3995 -0.0795 -0.9132
vn 0.7895 -0.3270 -0.5194
vn 0.3764 -0.1559 -0.9132
vn 0.7105 -0.4747 -0.5194
vn 0.3387 -0.2263 -0.9132
vn 0.6042 -0.6042 -0.5194
vn 0.2881 -0.2881 -0.9132
vn 0.4747 -0.7105 -0.5194
vn 0.2263 -0.3387 -0.9132
vn 0.3270 -0.7895 -0.5194
vn 0.1559 -0.3764 -0.9132
vn 0.1667 -0.8381 -0.5194
vn 0.0795 -0.3995 -0.9132
vn 0.0000 -0.8545 -0.5194
vn 0.0000 -0.4075 -0.9132
vn -0.1667 -0.8381 -0.5194
vn -0.0795 -0.3995 -0.9132
vn -0.3270 -0.7895 -0.5194
vn -0.1559 -0.3764 -0.9132
vn -0.4747 -0.7105 -0.5194
vn -0.2263 -0.3387 -0.9132
vn -0.6042 -0.6042 -0.5194
vn -0.2881 -0.2881 -0.9132
vn -0.7105 -0.4747 -0.5194
vn -0.3387 -0.2263 -0.9132
vn -0.7895 -0.3270 -0.5194
vn -0.3764 -0.1559 -0.9132
vn -0.8381 -0.1667 -0.5194
vn -0.3995 -0.0795 -0.9132
vn -0.9999 0.0000 -0.0098
vn -0.9807 0.1951 -0.0098
vn -0.9662 0.1922 -0.1720
vn -0.9851 0.0000 -0.1720
vn -0.9238 0.3826 -0.0098
vn -0.9101 0.3770 -0.1720
vn -0.8314 0.5555 -0.0098
vn -0.8191 0.5473 -0.1720
vn -0.7071 0.7071 -0.0098
vn -0.6966 0.6966 -0.1720
vn -0.5555 0.8314 -0.0098
vn -0.5473 0.8191 -0.1720
vn -0.3826 0.9238 -0.0098
vn -0.3770 0.9101 -0.1720
vn -0.1951 0.9807 -0.0098
vn -0.1922 0.9662 -0.1720
vn 0.0000 0.9999 -0.0098
vn 0.0000 0.9851 -0.1720
vn 0.1951 0.9807 -0.0098
vn 0.1922 0.9662 -0.1720
vn 0.3826 0.9238 -0.0098
vn 0.3770 0.9101 -0.1720
vn 0.5555 0.8314 -0.0098
vn 0.5473 0.8191 -0.1720
vn 0.7071 0.7071 -0.0098
vn 0.6966 0.6966 -0.1720
vn 0.8314 0.5555 -0.0098
vn 0.8191 0.5473 -0.1720
vn 0.9238 0.3826 -0.0098
vn 0.9101 0.3770 -0.1720
vn 0.9807 0.1951 -0.0097
vn 0.9662 0.1922 -0.1720
vn 0.9999 0.0000 -0.0098
vn 0.9851 0.0000 -0.1720
vn 0.9807 -0.1951 -0.0097
vn 0.9662 -0.1922 -0.1720
vn 0.9238 -0.3826 -0.0097
vn 0.9101 -0.3770 -0.1720
vn 0.8314 -0.5555 -0.0098
vn 0.8191 -0.5473 -0.1720
vn 0.7071 -0.7071 -0.0098
vn 0.6966 -0.6966 -0.1720
vn 0.5555 -0.8314 -0.0098
vn 0.5473 -0.8191 -0.1720
vn 0.3826 -0.9238 -0.0098
vn 0.3770 -0.9101 -0.1720
vn 0.1951 -0.9807 -0.0098
vn 0.1922 -0.9662 -0.1720
vn 0.0000 -0.9999 -0.0098
vn 0.0000 -0.9851 -0.1720
vn -0.1951 -0.9807 -0.0097
vn -0.1922 -0.9662 -0.1720
vn -0.3826 -0.9238 -0.0098
vn -0.3770 -0.9101 -0.1720
vn -0.5555 -0.8314 -0.0097
vn -0.5473 -0.8191 -0.1720
vn -0.7071 -0.7071 -0.0098
vn -0.6966 -0.6966 -0.1720
vn -0.8314 -0.5555 -0.0098
vn -0.8191 -0.5473 -0.1720
vn -0.9238 -0.3826 -0.0098
vn -0.9101 -0.3770 -0.1720
vn -0.9807 -0.1951 -0.0098
vn -0.9662 -0.1922 -0.1720
vn -0.7160 0.0000 0.6980
vn -0.7023 0.1397 0.6980
vn -0.8342 0.1659 0.5258
vn -0.8506 0.0000 0.5258
vn -0.6615 0.2740 0.6980
vn -0.7858 0.3255 0.5258
vn -0.5953 0.3978 0.6980
vn -0.7072 0.4725 0.5258
vn -0.5063 0.5063 0.6980
vn -0.6014 0.6014 0.5258
vn -0.3978 0.5953 0.6980
vn -0.4725 0.7072 0.5258
vn -0.2740 0.6615 0.6980
vn -0.3255 0.7858 0.5258
vn -0.1397 0.7023 0.6980
vn -0.1659 0.8342 0.5258
vn 0.0000 0.7160 0.6980
vn 0.0000 0.8506 0.5258
vn 0.1397 0.7023 0.6980
vn 0.1659 0.8342 0.5258
vn 0.2740 0.6615 0.6980
vn 0.3255 0.7858 0.5258
vn 0.3978 0.5953 0.6980
vn 0.4725 0.7072 0.5258
vn 0.5063 0.5063 0.6980
vn 0.6014 0.6014 0.5258
vn 0.5953 0.3978 0.6980
vn 0.7072 0.4725 0.5258
vn 0.6615 0.2740 0.6980
vn 0.7858 0.3255 0.5258
vn 0.7023 0.1397 0.6980
vn 0.8342 0.1659 0.5258
vn 0.7160 0.0000 0.6980
vn 0.8506 0.0000 0.5258
vn 0.7023 -0.1397 0.6980
vn 0.8342 -0.1659 0.5258
vn 0.6615 -0.2740 0.6980
vn 0.7858 -0.3255 0.5258
vn 0.5953 -0.3978 0.6980
vn 0.7072 -0.4725 0.5258
vn 0.5063 -0.5063 0.6980
vn 0.6014 -0.6014 0.5258
vn 0.3978 -0.5953 0.6980
vn 0.4725 -0.7072 0.5258
vn 0.2740 -0.6615 0.6980
vn 0.3255 -0.7858 0.5258
vn 0.1397 -0.7023 0.6980
vn 0.1659 -0.8342 0.5258
vn 0.0000 -0.7160 0.6980
vn 0.0000 -0.8506 0.5258
vn -0.1397 -0.7023 0.6980
vn -0.1659 -0.8342 0.5258
vn -0.2740 -0.6615 0.6980
vn -0.3255 -0.7858 0.5258
vn -0.3978 -0.5953 0.6980
vn -0.4725 -0.7072 0.5258
vn -0.5063 -0.5063 0.6980
vn -0.6014 -0.6014 0.5258
vn -0.5953 -0.3978 0.6980
vn -0.7072 -0.4725 0.5258
vn -0.6615 -0.2740 0.6980
vn -0.7858 -0.3255 0.5258
vn -0.7023 -0.1397 0.6980
vn -0.8342 -0.1659 0.5258
vn -0.6511 0.1295 0.7478
vn -0.6639 0.0000 0.7478
vn -0.6133 0.2540 0.7478
vn -0.5520 0.3688 0.7478
vn -0.4694 0.4694 0.7478
vn -0.3688 0.5520 0.7478
vn -0.2540 0.6133 0.7478
vn -0.1295 0.6511 0.7478
vn 0.0000 0.6639 0.7478
vn 0.1295 0.6511 0.7478
vn 0.2540 0.6133 0.7478
vn 0.3688 0.5520 0.7478
vn 0.4694 0.4694 0.7478
vn 0.5520 0.3688 0.7478
vn 0.6133 0.2540 0.7478
vn 0.6511 0.1295 0.7478
vn 0.6639 0.0000 0.7478
vn 0.6511 -0.1295 0.7478
vn 0.6133 -0.2540 0.7478
vn 0.5520 -0.3688 0.7478
vn 0.4694 -0.4694 0.7478
vn 0.3688 -0.5520 0.7478
vn 0.2540 -0.6133 0.7478
vn 0.1295 -0.6511 0.7478
vn 0.0000 -0.6639 0.7478
vn -0.1295 -0.6511 0.7478
vn -0.2540 -0.6133 0.7478
vn -0.3688 -0.5520 0.7478
vn -0.4694 -0.4694 0.7478
vn -0.5520 -0.3688 0.7478
vn -0.6133 -0.2540 0.7478
vn -0.6511 -0.1295 0.7478
vn -0.9469 0.1883 -0.2605
vn -0.9655 0.0000 -0.2605
vn -0.8920 0.3695 -0.2605
vn -0.8028 0.5364 -0.2605
vn -0.6827 0.6827 -0.2605
vn -0.5364 0.8028 -0.2605
vn -0.3695 0.8920 -0.2605
vn -0.1883 0.9469 -0.2605
vn 0.0000 0.9655 -0.2605
vn 0.1883 0.9469 -0.2605
vn 0.3695 0.8920 -0.2605
vn 0.5364 0.8028 -0.2605
vn 0.6827 0.6827 -0.2605
vn 0.8028 0.5364 -0.2605
vn 0.8920 0.3695 -0.2605
vn 0.9469 0.1883 -0.2605
vn 0.9655 0.0000 -0.2605
vn 0.9469 -0.1883 -0.2605
vn 0.8920 -0.3695 -0.2605
vn 0.8028 -0.5364 -0.2605
vn 0.6827 -0.6827 -0.2605
vn 0.5364 -0.8028 -0.2605
vn 0.3695 -0.8920 -0.2605
vn 0.1883 -0.9469 -0.2605
vn 0.0000 -0.9655 -0.2605
vn -0.1883 -0.9469 -0.2605
vn -0.3695 -0.8920 -0.2605
vn -0.5364 -0.8028 -0.2605
vn -0.6827 -0.6827 -0.2605
vn -0.8028 -0.5364 -0.2605
vn -0.8920 -0.3695 -0.2605
vn -0.9469 -0.1883 -0.2605
vn -0.2443 0.0486 0.9685
vn -0.2491 0.0000 0.9685
vn -0.2301 0.0953 0.9685
vn -0.2071 0.1384 0.9685
vn -0.1761 0.1761 0.9685
vn -0.1384 0.2071 0.9685
vn -0.0953 0.2301 0.9685
vn -0.0486 0.2443 0.9685
vn 0.0000 0.2491 0.9685
vn 0.0486 0.2443 0.9685
vn 0.0953 0.2301 0.9685
vn 0.1384 0.2071 0.9685
vn 0.1761 0.1761 0.9685
vn 0.2071 0.1384 0.9685
vn 0.2301 0.0953 0.9685
vn 0.2443 0.0486 0.9685
vn 0.2491 0.0000 0.9685
vn 0.2443 -0.0486 0.9685
vn 0.2301 -0.0953 0.9685
vn 0.2071 -0.1384 0.9685
vn 0.1761 -0.1761 0.9685
vn 0.1384 -0.2071 0.9685
vn 0.0953 -0.2301 0.9685
vn 0.0486 -0.2443 0.9685
vn 0.0000 -0.2491 0.9685
vn -0.0486 -0.2443 0.9685
vn -0.0953 -0.2301 0.9685
vn -0.1384 -0.2071 0.9685
vn -0.1761 -0.1761 0.9685
vn -0.2071 -0.1384 0.9685
vn -0.2301 -0.0953 0.9685
vn -0.2443 -0.0486 0.9685
vn -0.9327 0.1855 0.3092
vn -0.9510 0.0000 0.3092
vn -0.8786 0.3639 0.3092
vn -0.7907 0.5283 0.3092
vn -0.6724 0.6724 0.3092
vn -0.5283 0.7907 0.3092
vn -0.3639 0.8786 0.3092
vn -0.1855 0.9327 0.3092
vn 0.0000 0.9510 0.3092
vn 0.1855 0.9327 0.3092
vn 0.3639 0.8786 0.3092
vn 0.5283 0.7907 0.3092
vn 0.6724 0.6724 0.3092
vn 0.7907 0.5283 0.3092
vn 0.8786 0.3639 0.3092
vn 0.9327 0.1855 0.3092
vn 0.9510 0.0000 0.3092
vn 0.9327 -0.1855 0.3092
vn 0.8786 -0.3639 0.3092
vn 0.7907 -0.5283 0.3092
vn 0.6724 -0.6724 0.3092
vn 0.5283 -0.7907 0.3092
vn 0.3639 -0.8786 0.3092
vn 0.1855 -0.9327 0.3092
vn 0.0000 -0.9510 0.3092
vn -0.1855 -0.9327 0.3092
vn -0.3639 -0.8786 0.3092
vn -0.5283 -0.7907 0.3092
vn -0.6724 -0.6724 0.3092
vn -0.7907 -0.5283 0.3092
vn -0.8786 -0.3639 0.3092
vn -0.9327 -0.1855 0.3092
vn -0.5473 0.1086 -0.8299
vn -0.5579 -0.0002 -0.8299
vn -0.5155 0.2133 -0.8299
vn -0.4640 0.3098 -0.8299
vn -0.3947 0.3943 -0.8299
vn -0.3102 0.4638 -0.8299
vn -0.2137 0.5154 -0.8299
vn -0.1091 0.5471 -0.8299
vn -0.0002 0.5579 -0.8299
vn 0.1086 0.5473 -0.8299
vn 0.2133 0.5155 -0.8299
vn 0.3098 0.4640 -0.8299
vn 0.3943 0.3947 -0.8299
vn 0.4638 0.3102 -0.8299
vn 0.5154 0.2137 -0.8299
vn 0.5471 0.1091 -0.8299
vn 0.5579 0.0002 -0.8299
vn 0.5473 -0.1086 -0.8299
vn 0.5155 -0.2133 -0.8299
vn 0.4640 -0.3098 -0.8299
vn 0.3947 -0.3943 -0.8299
vn 0.3102 -0.4638 -0.8299
vn 0.2137 -0.5154 -0.8299
vn 0.1091 -0.5471 -0.8299
vn 0.0002 -0.5579 -0.8299
vn -0.1086 -0.5473 -0.8299
vn -0.2133 -0.5155 -0.8299
vn -0.3098 -0.4640 -0.8299
vn -0.3943 -0.3947 -0.8299
vn -0.4638 -0.3102 -0.8299
vn -0.5154 -0.2137 -0.8299
vn -0.5471 -0.1091 -0.8299
vn -0.9749 0.1939 0.1097
vn -0.9940 0.0000 0.1097
vn -0.9183 0.3804 0.1097
vn -0.8264 0.5522 0.1097
vn -0.7028 0.7028 0.1097
vn -0.5522 0.8264 0.1097
vn -0.3804 0.9183 0.1097
vn -0.1939 0.9749 0.1097
vn 0.0000 0.9940 0.1097
vn 0.1939 0.9749 0.1097
vn 0.3804 0.9183 0.1097
vn 0.5522 0.8264 0.1097
vn 0.7028 0.7028 0.1097
vn 0.8264 0.5522 0.1097
vn 0.9183 0.3804 0.1097
vn 0.9749 0.1939 0.1097
vn 0.9940 0.0000 0.1097
vn 0.9749 -0.1939 0.1097
vn 0.9183 -0.3804 0.1097
vn 0.8264 -0.5522 0.1097
vn 0.7028 -0.7028 0.1097
vn 0.5522 -0.8264 0.1097
vn 0.3804 -0.9183 0.1097
vn 0.1939 -0.9749 0.1097
vn 0.0000 -0.9940 0.1097
vn -0.1939 -0.9749 0.1097
vn -0.3804 -0.9183 0.1097
vn -0.5522 -0.8264 0.1097
vn -0.7028 -0.7028 0.1097
vn -0.8264 -0.5522 0.1097
vn -0.9183 -0.3804 0.1097
vn -0.9749 -0.1939 0.1097
usemtl ChessWhite
s 1
f 44/1/1 927/2/2 2481/3/3 833/4/4
f 927/2/2 96/5/5 1716/6/6 2481/3/3
f 2481/3/3 1716/6/6 54/7/7 885/8/8
f 833/4/4 2481/3/3 885/8/8 2/9/9
f 96/5/5 979/10/10 2482/11/11 1716/6/6
f 979/10/10 148/12/12 1717/13/13 2482/11/11
f 2482/11/11 1717/13/13 106/14/14 937/15/15
f 1716/6/6 2482/11/11 937/15/15 54/7/7
f 148/12/12 1031/16/16 2483/17/17 1717/13/13
f 1031/16/16 200/18/18 1718/19/19 2483/17/17
f 2483/17/17 1718/19/19 158/20/20 989/21/21
f 1717/13/13 2483/17/17 989/21/21 106/14/14
f 200/18/18 1083/22/22 2484/23/23 1718/19/19
f 1083/22/22 252/24/24 1719/25/25 2484/23/23
f 2484/23/23 1719/25/25 210/26/26 1041/27/27
f 1718/19/19 2484/23/23 1041/27/27 158/20/20
f 252/24/24 1135/28/28 2485/29/29 1719/25/25
f 1135/28/28 304/30/30 1720/31/31 2485/29/29
f 2485/29/29 1720/31/31 262/32/32 1093/33/33
f 1719/25/25 2485/29/29 1093/33/33 210/26/26
f 304/30/30 1187/34/34 2486/35/35 1720/31/31
f 1187/34/34 356/36/36 1721/37/37 2486/35/35
f 2486/35/35 1721/37/37 314/38/38 1145/39/39
f 1720/31/31 2486/35/35 1145/39/39 262/32/32
f 356/36/36 1239/40/40 2487/41/41 1721/37/37
f 1239/40/40 408/42/42 1722/43/43 2487/41/41
f 2487/41/41 1722/43/43 366/44/44 1197/45/45
f 1721/37/37 2487/41/41 1197/45/45 314/38/38
f 408/42/42 1291/46/46 2488/47/47 1722/43/43
f 1291/46/46 460/48/48 1723/49/49 2488/47/47
f 2488/47/47 1723/49/49 418/50/50 1249/51/51
f 1722/43/43 2488/47/47 1249/51/51 366/44/44
f 460/48/48 1343/52/52 2489/53/53 1723/49/49
f 1343/52/52 512/54/54 1724/55/55 2489/53/53
f 2489/53/53 1724/55/55 470/56/56 1301/57/57
f 1723/49/49 2489/53/53 1301/57/57 418/50/50
f 512/54/54 1395/58/58 2490/59/59 1724/55/55
f 1395/58/58 564/60/60 1725/61/61 2490/59/59
f 2490/59/59 1725/61/61 522/62/62 1353/63/63
f 1724/55/55 2490/59/59 1353/63/63 470/56/56
f 564/60/60 1447/64/64 2491/65/65 1725/61/61
f 1447/64/64 616/66/66 1726/67/67 2491/65/65
f 2491/65/65 1726/67/67 574/68/68 1405/69/69
f 1725/61/61 2491/65/65 1405/69/69 522/62/62
f 616/66/66 1499/70/70 2492/71/71 1726/67/67
f 1499/70/70 668/72/72 1727/73/73 2492/71/71
f 2492/71/71 1727/73/73 626/74/74 1457/75/75
f 1726/67/67 2492/71/71 1457/75/75 574/68/68
f 668/72/72 1551/76/76 2493/77/77 1727/73/73
f 1551/76/76 720/78/78 1728/79/79 2493/77/77
f 2493/77/77 1728/79/79 678/80/80 1509/81/81
f 1727/73/73 2493/77/77 1509/81/81 626/74/74
f 720/78/78 1603/82/82 2494/83/83 1728/79/79
f 1603/82/82 772/84/84 1729/85/85 2494/83/83
f 2494/83/83 1729/85/85 730/86/86 1561/87/87
f 1728/79/79 2494/83/83 1561/87/87 678/80/80
f 772/84/84 1655/88/88 2495/89/89 1729/85/85
f 1655/88/88 824/90/90 1730/91/91 2495/89/89
f 2495/89/89 1730/91/91 782/92/92 1613/93/93
f 1729/85/85 2495/89/89 1613/93/93 730/86/86
f 824/90/90 1707/94/94 2496/95/95 1730/91/91
f 1707/94/94 44/96/1 833/97/4 2496/95/95
f 2496/95/95 833/97/4 2/98/9 1665/99/96
f 1730/91/91 2496/95/95 1665/99/96 782/92/92
f 1/100/97 884/101/98 2497/102/99 834/103/100
f 884/101/98 53/104/101 1731/105/102 2497/102/99
f 2497/102/99 1731/105/102 55/106/103 886/107/104
f 834/103/100 2497/102/99 886/107/104 3/108/105
f 53/104/101 936/109/106 2498/110/107 1731/105/102
f 936/109/106 105/111/108 1732/112/109 2498/110/107
f 2498/110/107 1732/112/109 107/113/110 938/114/111
f 1731/105/102 2498/110/107 938/114/111 55/106/103
f 105/111/108 988/115/112 2499/116/113 1732/112/109
f 988/115/112 157/117/114 1733/118/115 2499/116/113
f 2499/116/113 1733/118/115 159/119/116 990/120/117
f 1732/112/109 2499/116/113 990/120/117 107/113/110
f 157/117/114 1040/121/118 2500/122/119 1733/118/115
f 1040/121/118 209/123/120 1734/124/121 2500/122/119
f 2500/122/119 1734/124/121 211/125/122 1042/126/123
f 1733/118/115 2500/122/119 1042/126/123 159/119/116
f 209/123/120 1092/127/124 2501/128/125 1734/124/121
f 1092/127/124 261/129/126 1735/130/127 2501/128/125
f 2501/128/125 1735/130/127 263/131/128 1094/132/129
f 1734/124/121 2501/128/125 1094/132/129 211/125/122
f 261/129/126 1144/133/130 2502/134/131 1735/130/127
f 1144/133/130 313/135/132 1736/136/133 2502/134/131
f 2502/134/131 1736/136/133 315/137/134 1146/138/135
f 1735/130/127 2502/134/131 1146/138/135 263/131/128
f 313/135/132 1196/139/136 2503/140/137 1736/136/133
f 1196/139/136 365/141/138 1737/142/139 2503/140/137
f 2503/140/137 1737/142/139 367/143/140 1198/144/141
f 1736/136/133 2503/140/137 1198/144/141 315/137/134
f 365/141/138 1248/145/142 2504/146/143 1737/142/139
f 1248/145/142 417/147/144 1738/148/145 2504/146/143
f 2504/146/143 1738/148/145 419/149/146 1250/150/147
f 1737/142/139 2504/146/143 1250/150/147 367/143/140
f 417/147/144 1300/151/148 2505/152/149 1738/148/145
f 1300/151/148 469/153/150 1739/154/151 2505/152/149
f 2505/152/149 1739/154/151 471/155/152 1302/156/153
f 1738/148/145 2505/152/149 1302/156/153 419/149/146
f 469/153/150 1352/157/154 2506/158/155 1739/154/151
f 1352/157/154 521/159/156 1740/160/157 2506/158/155
f 2506/158/155 1740/160/157 523/161/158 1354/162/159
f 1739/154/151 2506/158/155 1354/162/159 471/155/152
f 521/159/156 1404/163/160 2507/164/161 1740/160/157
f 1404/163/160 573/165/162 1741/166/163 2507/164/161
f 2507/164/161 1741/166/163 575/167/164 1406/168/165
f 1740/160/157 2507/164/161 1406/168/165 523/161/158
f 573/165/162 1456/169/166 2508/170/167 1741/166/163
f 1456/169/166 625/171/168 1742/172/169 2508/170/167
f 2508/170/167 1742/172/169 627/173/170 1458/174/171
f 1741/166/163 2508/170/167 1458/174/171 575/167/164
f 625/171/168 1508/175/172 2509/176/173 1742/172/169
f 1508/175/172 677/177/174 1743/178/175 2509/176/173
f 2509/176/173 1743/178/175 679/179/176 1510/180/177
f 1742/172/169 2509/176/173 1510/180/177 627/173/170
f 677/177/174 1560/181/178 2510/182/179 1743/178/175
f 1560/181/178 729/183/180 1744/184/181 2510/182/179
f 2510/182/179 1744/184/181 731/185/182 1562/186/183
f 1743/178/175 2510/182/179 1562/186/183 679/179/176
f 729/183/180 1612/187/184 2511/188/185 1744/184/181
f 1612/187/184 781/189/186 1745/190/187 2511/188/185
f 2511/188/185 1745/190/187 783/191/188 1614/192/189
f 1744/184/181 2511/188/185 1614/192/189 731/185/182
f 781/189/186 1664/193/190 2512/194/191 1745/190/187
f 1664/193/190 1/195/97 834/196/100 2512/194/191
f 2512/194/191 834/196/100 3/197/105 1666/198/192
f 1745/190/187 2512/194/191 1666/198/192 783/191/188
f 3/108/105 886/107/104 2513/199/193 835/200/194
f 886/107/104 55/106/103 1746/201/195 2513/199/193
f 2513/199/193 1746/201/195 56/202/196 887/203/197
f 835/200/194 2513/199/193 887/203/197 4/204/198
f 55/106/103 938/114/111 2514/205/199 1746/201/195
f 938/114/111 107/113/110 1747/206/200 2514/205/199
f 2514/205/199 1747/206/200 108/207/201 939/208/202
f 1746/201/195 2514/205/199 939/208/202 56/202/196
f 107/113/110 990/120/117 2515/209/203 1747/206/200
f 990/120/117 159/119/116 1748/210/204 2515/209/203
f 2515/209/203 1748/210/204 160/211/205 991/212/206
f 1747/206/200 2515/209/203 991/212/206 108/207/201
f 159/119/116 1042/126/123 2516/213/207 1748/210/204
f 1042/126/123 211/125/122 1749/214/208 2516/213/207
f 2516/213/207 1749/214/208 212/215/209 1043/216/210
f 1748/210/204 2516/213/207 1043/216/210 160/211/205
f 211/125/122 1094/132/129 2517/217/211 1749/214/208
f 1094/132/129 263/131/128 1750/218/212 2517/217/211
f 2517/217/211 1750/218/212 264/219/213 1095/220/214
f 1749/214/208 2517/217/211 1095/220/214 212/215/209
f 263/131/128 1146/138/135 2518/221/215 1750/218/212
f 1146/138/135 315/137/134 1751/222/216 2518/221/215
f 2518/221/215 1751/222/216 316/223/217 1147/224/218
f 1750/218/212 2518/221/215 1147/224/218 264/219/213
f 315/137/134 1198/144/141 2519/225/219 1751/222/216
f 1198/144/141 367/143/140 1752/226/220 2519/225/219
f 2519/225/219 1752/226/220 368/227/221 1199/228/222
f 1751/222/216 2519/225/219 1199/228/222 316/223/217
f 367/143/140 1250/150/147 2520/229/223 1752/226/220
f 1250/150/147 419/149/146 1753/230/224 2520/229/223
f 2520/229/223 1753/230/224 420/231/225 1251/232/226
f 1752/226/220 2520/229/223 1251/232/226 368/227/221
f 419/149/146 1302/233/153 2521/234/227 1753/230/224
f 1302/233/153 471/155/152 1754/235/228 2521/234/227
f 2521/234/227 1754/235/228 472/236/229 1303/237/230
f 1753/230/224 2521/234/227 1303/237/230 420/231/225
f 471/155/152 1354/162/159 2522/238/231 1754/235/228
f 1354/162/159 523/161/158 1755/239/232 2522/238/231
f 2522/238/231 1755/239/232 524/240/233 1355/241/234
f 1754/235/228 2522/238/231 1355/241/234 472/236/229
f 523/161/158 1406/242/165 2523/243/235 1755/239/232
f 1406/242/165 575/167/164 1756/244/236 2523/243/235
f 2523/243/235 1756/244/236 576/245/237 1407/246/238
f 1755/239/232 2523/243/235 1407/246/238 524/240/233
f 575/167/164 1458/174/171 2524/247/239 1756/244/236
f 1458/174/171 627/173/170 1757/248/240 2524/247/239
f 2524/247/239 1757/248/240 628/249/241 1459/250/242
f 1756/244/236 2524/247/239 1459/250/242 576/245/237
f 627/173/170 1510/180/177 2525/251/243 1757/248/240
f 1510/180/177 679/179/176 1758/252/244 2525/251/243
f 2525/251/243 1758/252/244 680/253/245 1511/254/246
f 1757/248/240 2525/251/243 1511/254/246 628/249/241
f 679/179/176 1562/186/183 2526/255/247 1758/252/244
f 1562/186/183 731/185/182 1759/256/248 2526/255/247
f 2526/255/247 1759/256/248 732/257/249 1563/258/250
f 1758/252/244 2526/255/247 1563/258/250 680/253/245
f 731/185/182 1614/192/189 2527/259/251 1759/256/248
f 1614/192/189 783/191/188 1760/260/252 2527/259/251
f 2527/259/251 1760/260/252 784/261/253 1615/262/254
f 1759/256/248 2527/259/251 1615/262/254 732/257/249
f 783/191/188 1666/198/192 2528/263/255 1760/260/252
f 1666/198/192 3/197/105 835/264/194 2528/263/255
f 2528/263/255 835/264/194 4/265/198 1667/266/256
f 1760/260/252 2528/263/255 1667/266/256 784/261/253
f 4/204/198 887/203/197 2529/267/257 836/268/258
f 887/203/197 56/202/196 1761/269/259 2529/267/257
f 2529/267/257 1761/269/259 57/270/260 888/271/261
f 836/268/258 2529/267/257 888/271/261 5/272/262
f 56/202/196 939/208/202 2530/273/263 1761/269/259
f 939/208/202 108/207/201 1762/274/264 2530/273/263
f 2530/273/263 1762/274/264 109/275/265 940/276/266
f 1761/269/259 2530/273/263 940/276/266 57/270/260
f 108/207/201 991/212/206 2531/277/267 1762/274/264
f 991/212/206 160/211/205 1763/278/268 2531/277/267
f 2531/277/267 1763/278/268 161/279/269 992/280/270
f 1762/274/264 2531/277/267 992/280/270 109/275/265
f 160/211/205 1043/216/210 2532/281/271 1763/278/268
f 1043/216/210 212/215/209 1764/282/272 2532/281/271
f 2532/281/271 1764/282/272 213/283/273 1044/284/274
f 1763/278/268 2532/281/271 1044/284/274 161/279/269
f 212/215/209 1095/220/214 2533/285/275 1764/282/272
f 1095/220/214 264/219/213 1765/286/276 2533/285/275
f 2533/285/275 1765/286/276 265/287/277 1096/288/278
f 1764/282/272 2533/285/275 1096/288/278 213/283/273
f 264/219/213 1147/224/218 2534/289/279 1765/286/276
f 1147/224/218 316/223/217 1766/290/280 2534/289/279
f 2534/289/279 1766/290/280 317/291/281 1148/292/282
f 1765/286/276 2534/289/279 1148/292/282 265/287/277
f 316/223/217 1199/228/222 2535/293/283 1766/290/280
f 1199/228/222 368/227/221 1767/294/284 2535/293/283
f 2535/293/283 1767/294/284 369/295/285 1200/296/286
f 1766/290/280 2535/293/283 1200/296/286 317/291/281
f 368/227/221 1251/232/226 2536/297/287 1767/294/284
f 1251/232/226 420/231/225 1768/298/288 2536/297/287
f 2536/297/287 1768/298/288 421/299/289 1252/300/290
f 1767/294/284 2536/297/287 1252/300/290 369/295/285
f 420/231/225 1303/237/230 2537/301/291 1768/298/288
f 1303/237/230 472/236/229 1769/302/292 2537/301/291
f 2537/301/291 1769/302/292 473/303/293 1304/304/294
f 1768/298/288 2537/301/291 1304/304/294 421/299/289
f 472/236/229 1355/241/234 2538/305/295 1769/302/292
f 1355/241/234 524/240/233 1770/306/296 2538/305/295
f 2538/305/295 1770/306/296 525/307/297 1356/308/298
f 1769/302/292 2538/305/295 1356/308/298 473/303/293
f 524/240/233 1407/246/238 2539/309/299 1770/306/296
f 1407/246/238 576/245/237 1771/310/300 2539/309/299
f 2539/309/299 1771/310/300 577/311/301 1408/312/302
f 1770/306/296 2539/309/299 1408/312/302 525/307/297
f 576/245/237 1459/250/242 2540/313/303 1771/310/300
f 1459/250/242 628/249/241 1772/314/304 2540/313/303
f 2540/313/303 1772/314/304 629/315/305 1460/316/306
f 1771/310/300 2540/313/303 1460/316/306 577/311/301
f 628/249/241 1511/254/246 2541/317/307 1772/314/304
f 1511/254/246 680/253/245 1773/318/308 2541/317/307
f 2541/317/307 1773/318/308 681/319/309 1512/320/310
f 1772/314/304 2541/317/307 1512/320/310 629/315/305
f 680/253/245 1563/258/250 2542/321/311 1773/318/308
f 1563/258/250 732/257/249 1774/322/312 2542/321/311
f 2542/321/311 1774/322/312 733/323/313 1564/324/314
f 1773/318/308 2542/321/311 1564/324/314 681/319/309
f 732/257/249 1615/262/254 2543/325/315 1774/322/312
f 1615/262/254 784/261/253 1775/326/316 2543/325/315
f 2543/325/315 1775/326/316 785/327/317 1616/328/318
f 1774/322/312 2543/325/315 1616/328/318 733/323/313
f 784/261/253 1667/266/256 2544/329/319 1775/326/316
f 1667/266/256 4/265/198 836/330/258 2544/329/319
f 2544/329/319 836/330/258 5/331/262 1668/332/320
f 1775/326/316 2544/329/319 1668/332/320 785/327/317
f 5/272/262 888/271/261 2545/333/321 837/334/322
f 888/271/261 57/270/260 1776/335/323 2545/333/321
f 2545/333/321 1776/335/323 58/336/324 889/337/325
f 837/334/322 2545/333/321 889/337/325 6/338/326
f 57/270/260 940/276/266 2546/339/327 1776/335/323
f 940/276/266 109/275/265 1777/340/328 2546/339/327
f 2546/339/327 1777/340/328 110/341/329 941/342/330
f 1776/335/323 2546/339/327 941/342/330 58/336/324
f 109/275/265 992/280/270 2547/343/331 1777/340/328
f 992/280/270 161/279/269 1778/344/332 2547/343/331
f 2547/343/331 1778/344/332 162/345/333 993/346/334
f 1777/340/328 2547/343/331 993/346/334 110/341/329
f 161/279/269 1044/284/274 2548/347/335 1778/344/332
f 1044/284/274 213/283/273 1779/348/336 2548/347/335
f 2548/347/335 1779/348/336 214/349/337 1045/350/338
f 1778/344/332 2548/347/335 1045/350/338 162/345/333
f 213/283/273 1096/288/278 2549/351/339 1779/348/336
f 1096/288/278 265/287/277 1780/352/340 2549/351/339
f 2549/351/339 1780/352/340 266/353/341 1097/354/342
f 1779/348/336 2549/351/339 1097/354/342 214/349/337
f 265/287/277 1148/292/282 2550/355/343 1780/352/340
f 1148/292/282 317/291/281 1781/356/344 2550/355/343
f 2550/355/343 1781/356/344 318/357/345 1149/358/346
f 1780/352/340 2550/355/343 1149/358/346 266/353/341
f 317/291/281 1200/296/286 2551/359/347 1781/356/344
f 1200/296/286 369/295/285 1782/360/348 2551/359/347
f 2551/359/347 1782/360/348 370/361/349 1201/362/350
f 1781/356/344 2551/359/347 1201/362/350 318/357/345
f 369/295/285 1252/300/290 2552/363/351 1782/360/348
f 1252/300/290 421/299/289 1783/364/352 2552/363/351
f 2552/363/351 1783/364/352 422/365/353 1253/366/354
f 1782/360/348 2552/363/351 1253/366/354 370/361/349
f 421/299/289 1304/304/294 2553/367/355 1783/364/352
f 1304/304/294 473/303/293 1784/368/356 2553/367/355
f 2553/367/355 1784/368/356 474/369/357 1305/370/358
f 1783/364/352 2553/367/355 1305/370/358 422/365/353
f 473/303/293 1356/308/298 2554/371/359 1784/368/356
f 1356/308/298 525/307/297 1785/372/360 2554/371/359
f 2554/371/359 1785/372/360 526/373/361 1357/374/362
f 1784/368/356 2554/371/359 1357/374/362 474/369/357
f 525/307/297 1408/312/302 2555/375/363 1785/372/360
f 1408/312/302 577/311/301 1786/376/364 2555/375/363
f 2555/375/363 1786/376/364 578/377/365 1409/378/366
f 1785/372/360 2555/375/363 1409/378/366 526/373/361
f 577/311/301 1460/316/306 2556/379/367 1786/376/364
f 1460/316/306 629/315/305 1787/380/368 2556/379/367
f 2556/379/367 1787/380/368 630/381/369 1461/382/370
f 1786/376/364 2556/379/367 1461/382/370 578/377/365
f 629/315/305 1512/320/310 2557/383/371 1787/380/368
f 1512/320/310 681/319/309 1788/384/372 2557/383/371
f 2557/383/371 1788/384/372 682/385/373 1513/386/374
f 1787/380/368 2557/383/371 1513/386/374 630/381/369
f 681/319/309 1564/324/314 2558/387/375 1788/384/372
f 1564/324/314 733/323/313 1789/388/376 2558/387/375
f 2558/387/375 1789/388/376 734/389/377 1565/390/378
f 1788/384/372 2558/387/375 1565/390/378 682/385/373
f 733/323/313 1616/328/318 2559/391/379 1789/388/376
f 1616/328/318 785/327/317 1790/392/380 2559/391/379
f 2559/391/379 1790/392/380 786/393/381 1617/394/382
f 1789/388/376 2559/391/379 1617/394/382 734/389/377
f 785/327/317 1668/332/320 2560/395/383 1790/392/380
f 1668/332/320 5/331/262 837/396/322 2560/395/383
f 2560/395/383 837/396/322 6/397/326 1669/398/384
f 1790/392/380 2560/395/383 1669/398/384 786/393/381
f 6/338/326 889/337/325 2561/399/385 838/400/386
f 889/337/325 58/336/324 1791/401/387 2561/399/385
f 2561/399/385 1791/401/387 59/402/388 890/403/389
f 838/400/386 2561/399/385 890/403/389 7/404/390
f 58/336/324 941/342/330 2562/405/391 1791/401/387
f 941/342/330 110/341/329 1792/406/392 2562/405/391
f 2562/405/391 1792/406/392 111/407/393 942/408/394
f 1791/401/387 2562/405/391 942/408/394 59/402/388
f 110/341/329 993/346/334 2563/409/395 1792/406/392
f 993/346/334 162/345/333 1793/410/396 2563/409/395
f 2563/409/395 1793/410/396 163/411/397 994/412/398
f 1792/406/392 2563/409/395 994/412/398 111/407/393
f 162/345/333 1045/350/338 2564/413/399 1793/410/396
f 1045/350/338 214/349/337 1794/414/400 2564/413/399
f 2564/413/399 1794/414/400 215/415/401 1046/416/402
f 1793/410/396 2564/413/399 1046/416/402 163/411/397
f 214/349/337 1097/354/342 2565/417/403 1794/414/400
f 1097/354/342 266/353/341 1795/418/404 2565/417/403
f 2565/417/403 1795/418/404 267/419/405 1098/420/406
f 1794/414/400 2565/417/403 1098/420/406 215/415/401
f 266/353/341 1149/358/346 2566/421/407 1795/418/404
f 1149/358/346 318/357/345 1796/422/408 2566/421/407
f 2566/421/407 1796/422/408 319/423/409 1150/424/410
f 1795/418/404 2566/421/407 1150/424/410 267/419/405
f 318/357/345 1201/362/350 2567/425/411 1796/422/408
f 1201/362/350 370/361/349 1797/426/412 2567/425/411
f 2567/425/411 1797/426/412 371/427/413 1202/428/414
f 1796/422/408 2567/425/411 1202/428/414 319/423/409
f 370/361/349 1253/366/354 2568/429/415 1797/426/412
f 1253/366/354 422/365/353 1798/430/416 2568/429/415
f 2568/429/415 1798/430/416 423/431/417 1254/432/418
f 1797/426/412 2568/429/415 1254/432/418 371/427/413
f 422/365/353 1305/370/358 2569/433/419 1798/430/416
f 1305/370/358 474/369/357 1799/434/420 2569/433/419
f 2569/433/419 1799/434/420 475/435/421 1306/436/422
f 1798/430/416 2569/433/419 1306/436/422 423/431/417
f 474/369/357 1357/374/362 2570/437/423 1799/434/420
f 1357/374/362 526/373/361 1800/438/424 2570/437/423
f 2570/437/423 1800/438/424 527/439/425 1358/440/426
f 1799/434/420 2570/437/423 1358/440/426 475/435/421
f 526/373/361 1409/378/366 2571/441/427 1800/438/424
f 1409/378/366 578/377/365 1801/442/428 2571/441/427
f 2571/441/427 1801/442/428 579/443/429 1410/444/430
f 1800/438/424 2571/441/427 1410/444/430 527/439/425
f 578/377/365 1461/382/370 2572/445/431 1801/442/428
f 1461/382/370 630/381/369 1802/446/432 2572/445/431
f 2572/445/431 1802/446/432 631/447/433 1462/448/434
f 1801/442/428 2572/445/431 1462/448/434 579/443/429
f 630/381/369 1513/386/374 2573/449/435 1802/446/432
f 1513/386/374 682/385/373 1803/450/436 2573/449/435
f 2573/449/435 1803/450/436 683/451/437 1514/452/438
f 1802/446/432 2573/449/435 1514/452/438 631/447/433
f 682/385/373 1565/390/378 2574/453/439 1803/450/436
f 1565/390/378 734/389/377 1804/454/440 2574/453/439
f 2574/453/439 1804/454/440 735/455/441 1566/456/442
f 1803/450/436 2574/453/439 1566/456/442 683/451/437
f 734/389/377 1617/394/382 2575/457/443 1804/454/440
f 1617/394/382 786/393/381 1805/458/444 2575/457/443
f 2575/457/443 1805/458/444 787/459/445 1618/460/446
f 1804/454/440 2575/457/443 1618/460/446 735/455/441
f 786/393/381 1669/398/384 2576/461/447 1805/458/444
f 1669/398/384 6/397/326 838/462/386 2576/461/447
f 2576/461/447 838/462/386 7/463/390 1670/464/448
f 1805/458/444 2576/461/447 1670/464/448 787/459/445
f 7/404/390 890/403/389 2577/465/449 839/466/450
f 890/403/389 59/402/388 1806/467/451 2577/465/449
f 2577/465/449 1806/467/451 60/468/452 891/469/453
f 839/466/450 2577/465/449 891/469/453 8/470/454
f 59/402/388 942/408/394 2578/471/455 1806/467/451
f 942/408/394 111/407/393 1807/472/456 2578/471/455
f 2578/471/455 1807/472/456 112/473/457 943/474/458
f 1806/467/451 2578/471/455 943/474/458 60/468/452
f 111/407/393 994/412/398 2579/475/459 1807/472/456
f 994/412/398 163/411/397 1808/476/460 2579/475/459
f 2579/475/459 1808/476/460 164/477/461 995/478/462
f 1807/472/456 2579/475/459 995/478/462 112/473/457
f 163/411/397 1046/416/402 2580/479/463 1808/476/460
f 1046/416/402 215/415/401 1809/480/464 2580/479/463
f 2580/479/463 1809/480/464 216/481/465 1047/482/466
f 1808/476/460 2580/479/463 1047/482/466 164/477/461
f 215/415/401 1098/420/406 2581/483/467 1809/480/464
f 1098/420/406 267/419/405 1810/484/468 2581/483/467
f 2581/483/467 1810/484/468 268/485/469 1099/486/470
f 1809/480/464 2581/483/467 1099/486/470 216/481/465
f 267/419/405 1150/424/410 2582/487/471 1810/484/468
f 1150/424/410 319/423/409 1811/488/472 2582/487/471
f 2582/487/471 1811/488/472 320/489/473 1151/490/474
f 1810/484/468 2582/487/471 1151/490/474 268/485/469
f 319/423/409 1202/428/414 2583/491/475 1811/488/472
f 1202/428/414 371/427/413 1812/492/476 2583/491/475
f 2583/491/475 1812/492/476 372/493/477 1203/494/478
f 1811/488/472 2583/491/475 1203/494/478 320/489/473
f 371/427/413 1254/432/418 2584/495/479 1812/492/476
f 1254/432/418 423/431/417 1813/496/480 2584/495/479
f 2584/495/479 1813/496/480 424/497/481 1255/498/482
f 1812/492/476 2584/495/479 1255/498/482 372/493/477
f 423/431/417 1306/436/422 2585/499/483 1813/496/480
f 1306/436/422 475/435/421 1814/500/484 2585/499/483
f 2585/499/483 1814/500/484 476/501/485 1307/502/486
f 1813/496/480 2585/499/483 1307/502/486 424/497/481
f 475/435/421 1358/440/426 2586/503/487 1814/500/484
f 1358/440/426 527/439/425 1815/504/488 2586/503/487
f 2586/503/487 1815/504/488 528/505/489 1359/506/490
f 1814/500/484 2586/503/487 1359/506/490 476/501/485
f 527/439/425 1410/444/430 2587/507/491 1815/504/488
f 1410/444/430 579/443/429 1816/508/492 2587/507/491
f 2587/507/491 1816/508/492 580/509/493 1411/510/494
f 1815/504/488 2587/507/491 1411/510/494 528/505/489
f 579/443/429 1462/448/434 2588/511/495 1816/508/492
f 1462/448/434 631/447/433 1817/512/496 2588/511/495
f 2588/511/495 1817/512/496 632/513/497 1463/514/498
f 1816/508/492 2588/511/495 1463/514/498 580/509/493
f 631/447/433 1514/452/438 2589/515/499 1817/512/496
f 1514/452/438 683/451/437 1818/516/500 2589/515/499
f 2589/515/499 1818/516/500 684/517/501 1515/518/502
f 1817/512/496 2589/515/499 1515/518/502 632/513/497
f 683/451/437 1566/456/442 2590/519/503 1818/516/500
f 1566/456/442 735/455/441 1819/520/504 2590/519/503
f 2590/519/503 1819/520/504 736/521/505 1567/522/506
f 1818/516/500 2590/519/503 1567/522/506 684/517/501
f 735/455/441 1618/460/446 2591/523/507 1819/520/504
f 1618/460/446 787/459/445 1820/524/508 2591/523/507
f 2591/523/507 1820/524/508 788/525/509 1619/526/510
f 1819/520/504 2591/523/507 1619/526/510 736/521/505
f 787/459/445 1670/464/448 2592/527/511 1820/524/508
f 1670/464/448 7/463/390 839/528/450 2592/527/511
f 2592/527/511 839/528/450 8/529/454 1671/530/512
f 1820/524/508 2592/527/511 1671/530/512 788/525/509
f 8/470/454 891/469/453 2593/531/513 840/532/514
f 891/469/453 60/468/452 1821/533/515 2593/531/513
f 2593/531/513 1821/533/515 61/534/516 892/535/517
f 840/532/514 2593/531/513 892/535/517 9/536/518
f 60/468/452 943/474/458 2594/537/519 1821/533/515
f 943/474/458 112/473/457 1822/538/520 2594/537/519
f 2594/537/519 1822/538/520 113/539/521 944/540/522
f 1821/533/515 2594/537/519 944/540/522 61/534/516
f 112/473/457 995/478/462 2595/541/523 1822/538/520
f 995/478/462 164/477/461 1823/542/524 2595/541/523
f 2595/541/523 1823/542/524 165/543/525 996/544/526
f 1822/538/520 2595/541/523 996/544/526 113/539/521
f 164/477/461 1047/482/466 2596/545/527 1823/542/524
f 1047/482/466 216/481/465 1824/546/528 2596/545/527
f 2596/545/527 1824/546/528 217/547/529 1048/548/530
f 1823/542/524 2596/545/527 1048/548/530 165/543/525
f 216/481/465 1099/486/470 2597/549/531 1824/546/528
f 1099/486/470 268/485/469 1825/550/532 2597/549/531
f 2597/549/531 1825/550/532 269/551/533 1100/552/534
f 1824/546/528 2597/549/531 1100/552/534 217/547/529
f 268/485/469 1151/490/474 2598/553/535 1825/550/532
f 1151/490/474 320/489/473 1826/554/536 2598/553/535
f 2598/553/535 1826/554/536 321/555/537 1152/556/538
f 1825/550/532 2598/553/535 1152/556/538 269/551/533
f 320/489/473 1203/494/478 2599/557/539 1826/554/536
f 1203/494/478 372/493/477 1827/558/540 2599/557/539
f 2599/557/539 1827/558/540 373/559/541 1204/560/542
f 1826/554/536 2599/557/539 1204/560/542 321/555/537
f 372/493/477 1255/498/482 2600/561/543 1827/558/540
f 1255/498/482 424/497/481 1828/562/544 2600/561/543
f 2600/561/543 1828/562/544 425/563/545 1256/564/546
f 1827/558/540 2600/561/543 1256/564/546 373/559/541
f 424/497/481 1307/502/486 2601/565/547 1828/562/544
f 1307/502/486 476/501/485 1829/566/548 2601/565/547
f 2601/565/547 1829/566/548 477/567/549 1308/568/550
f 1828/562/544 2601/565/547 1308/568/550 425/563/545
f 476/501/485 1359/506/490 2602/569/551 1829/566/548
f 1359/506/490 528/505/489 1830/570/552 2602/569/551
f 2602/569/551 1830/570/552 529/571/553 1360/572/554
f 1829/566/548 2602/569/551 1360/572/554 477/567/549
f 528/505/489 1411/510/494 2603/573/555 1830/570/552
f 1411/510/494 580/509/493 1831/574/556 2603/573/555
f 2603/573/555 1831/574/556 581/575/557 1412/576/558
f 1830/570/552 2603/573/555 1412/576/558 529/571/553
f 580/509/493 1463/514/498 2604/577/559 1831/574/556
f 1463/514/498 632/513/497 1832/578/560 2604/577/559
f 2604/577/559 1832/578/560 633/579/561 1464/580/562
f 1831/574/556 2604/577/559 1464/580/562 581/575/557
f 632/513/497 1515/518/502 2605/581/563 1832/578/560
f 1515/518/502 684/517/501 1833/582/564 2605/581/563
f 2605/581/563 1833/582/564 685/583/565 1516/584/566
f 1832/578/560 2605/581/563 1516/584/566 633/579/561
f 684/517/501 1567/522/506 2606/585/567 1833/582/564
f 1567/522/506 736/521/505 1834/586/568 2606/585/567
f 2606/585/567 1834/586/568 737/587/569 1568/588/570
f 1833/582/564 2606/585/567 1568/588/570 685/583/565
f 736/521/505 1619/526/510 2607/589/571 1834/586/568
f 1619/526/510 788/525/509 1835/590/572 2607/589/571
f 2607/589/571 1835/590/572 789/591/573 1620/592/574
f 1834/586/568 2607/589/571 1620/592/574 737/587/569
f 788/525/509 1671/530/512 2608/593/575 1835/590/572
f 1671/530/512 8/529/454 840/594/514 2608/593/575
f 2608/593/575 840/594/514 9/595/518 1672/596/576
f 1835/590/572 2608/593/575 1672/596/576 789/591/573
f 9/536/518 892/535/517 2609/597/577 841/598/578
f 892/535/517 61/534/516 1836/599/579 2609/597/577
f 2609/597/577 1836/599/579 62/600/580 893/601/581
f 841/598/578 2609/597/577 893/601/581 10/602/582
f 61/534/516 944/540/522 2610/603/583 1836/599/579
f 944/540/522 113/539/521 1837/604/584 2610/603/583
f 2610/603/583 1837/604/584 114/605/585 945/606/586
f 1836/599/579 2610/603/583 945/606/586 62/600/580
f 113/539/521 996/544/526 2611/607/587 1837/604/584
f 996/544/526 165/543/525 1838/608/588 2611/607/587
f 2611/607/587 1838/608/588 166/609/589 997/610/590
f 1837/604/584 2611/607/587 997/610/590 114/605/585
f 165/543/525 1048/548/530 2612/611/591 1838/608/588
f 1048/548/530 217/547/529 1839/612/592 2612/611/591
f 2612/611/591 1839/612/592 218/613/593 1049/614/594
f 1838/608/588 2612/611/591 1049/614/594 166/609/589
f 217/547/529 1100/552/534 2613/615/595 1839/612/592
f 1100/552/534 269/551/533 1840/616/596 2613/615/595
f 2613/615/595 1840/616/596 270/617/597 1101/618/598
f 1839/612/592 2613/615/595 1101/618/598 218/613/593
f 269/551/533 1152/556/538 2614/619/599 1840/616/596
f 1152/556/538 321/555/537 1841/620/600 2614/619/599
f 2614/619/599 1841/620/600 322/621/601 1153/622/602
f 1840/616/596 2614/619/599 1153/622/602 270/617/597
f 321/555/537 1204/560/542 2615/623/603 1841/620/600
f 1204/560/542 373/559/541 1842/624/604 2615/623/603
f 2615/623/603 1842/624/604 374/625/605 1205/626/606
f 1841/620/600 2615/623/603 1205/626/606 322/621/601
f 373/559/541 1256/564/546 2616/627/607 1842/624/604
f 1256/564/546 425/563/545 1843/628/608 2616/627/607
f 2616/627/607 1843/628/608 426/629/609 1257/630/610
f 1842/624/604 2616/627/607 1257/630/610 374/625/605
f 425/563/545 1308/568/550 2617/631/611 1843/628/608
f 1308/568/550 477/567/549 1844/632/612 2617/631/611
f 2617/631/611 1844/632/612 478/633/613 1309/634/614
f 1843/628/608 2617/631/611 1309/634/614 426/629/609
f 477/567/549 1360/572/554 2618/635/615 1844/632/612
f 1360/572/554 529/571/553 1845/636/616 2618/635/615
f 2618/635/615 1845/636/616 530/637/617 1361/638/618
f 1844/632/612 2618/635/615 1361/638/618 478/633/613
f 529/571/553 1412/576/558 2619/639/619 1845/636/616
f 1412/576/558 581/575/557 1846/640/620 2619/639/619
f 2619/639/619 1846/640/620 582/641/621 1413/642/622
f 1845/636/616 2619/639/619 1413/642/622 530/637/617
f 581/575/557 1464/580/562 2620/643/623 1846/640/620
f 1464/580/562 633/579/561 1847/644/624 2620/643/623
f 2620/643/623 1847/644/624 634/645/625 1465/646/626
f 1846/640/620 2620/643/623 1465/646/626 582/641/621
f 633/579/561 1516/584/566 2621/647/627 1847/644/624
f 1516/584/566 685/583/565 1848/648/628 2621/647/627
f 2621/647/627 1848/648/628 686/649/629 1517/650/630
f 1847/644/624 2621/647/627 1517/650/630 634/645/625
f 685/583/565 1568/588/570 2622/651/631 1848/648/628
f 1568/588/570 737/587/569 1849/652/632 2622/651/631
f 2622/651/631 1849/652/632 738/653/633 1569/654/634
f 1848/648/628 2622/651/631 1569/654/634 686/649/629
f 737/587/569 1620/592/574 2623/655/635 1849/652/632
f 1620/592/574 789/591/573 1850/656/636 2623/655/635
f 2623/655/635 1850/656/636 790/657/637 1621/658/638
f 1849/652/632 2623/655/635 1621/658/638 738/653/633
f 789/591/573 1672/596/576 2624/659/639 1850/656/636
f 1672/596/576 9/595/518 841/660/578 2624/659/639
f 2624/659/639 841/660/578 10/661/582 1673/662/640
f 1850/656/636 2624/659/639 1673/662/640 790/657/637
f 10/602/582 893/601/581 2625/663/641 842/664/642
f 893/601/581 62/600/580 1851/665/643 2625/663/641
f 2625/663/641 1851/665/643 63/666/644 894/667/645
f 842/664/642 2625/663/641 894/667/645 11/668/646
f 62/600/580 945/606/586 2626/669/647 1851/665/643
f 945/606/586 114/605/585 1852/670/648 2626/669/647
f 2626/669/647 1852/670/648 115/671/649 946/672/650
f 1851/665/643 2626/669/647 946/672/650 63/666/644
f 114/605/585 997/610/590 2627/673/651 1852/670/648
f 997/610/590 166/609/589 1853/674/652 2627/673/651
f 2627/673/651 1853/674/652 167/675/653 998/676/654
f 1852/670/648 2627/673/651 998/676/654 115/671/649
f 166/609/589 1049/614/594 2628/677/655 1853/674/652
f 1049/614/594 218/613/593 1854/678/656 2628/677/655
f 2628/677/655 1854/678/656 219/679/657 1050/680/658
f 1853/674/652 2628/677/655 1050/680/658 167/675/653
f 218/613/593 1101/618/598 2629/681/659 1854/678/656
f 1101/618/598 270/617/597 1855/682/660 2629/681/659
f 2629/681/659 1855/682/660 271/683/661 1102/684/662
f 1854/678/656 2629/681/659 1102/684/662 219/679/657
f 270/617/597 1153/622/602 2630/685/663 1855/682/660
f 1153/622/602 322/621/601 1856/686/664 2630/685/663
f 2630/685/663 1856/686/664 323/687/665 1154/688/666
f 1855/682/660 2630/685/663 1154/688/666 271/683/661
f 322/621/601 1205/626/606 2631/689/667 1856/686/664
f 1205/626/606 374/625/605 1857/690/668 2631/689/667
f 2631/689/667 1857/690/668 375/691/669 1206/692/670
f 1856/686/664 2631/689/667 1206/692/670 323/687/665
f 374/625/605 1257/630/610 2632/693/671 1857/690/668
f 1257/630/610 426/629/609 1858/694/672 2632/693/671
f 2632/693/671 1858/694/672 427/695/673 1258/696/674
f 1857/690/668 2632/693/671 1258/696/674 375/691/669
f 426/629/609 1309/634/614 2633/697/675 1858/694/672
f 1309/634/614 478/633/613 1859/698/676 2633/697/675
f 2633/697/675 1859/698/676 479/699/677 1310/700/678
f 1858/694/672 2633/697/675 1310/700/678 427/695/673
f 478/633/613 1361/638/618 2634/701/679 1859/698/676
f 1361/638/618 530/637/617 1860/702/680 2634/701/679
f 2634/701/679 1860/702/680 531/703/681 1362/704/682
f 1859/698/676 2634/701/679 1362/704/682 479/699/677
f 530/637/617 1413/642/622 2635/705/683 1860/702/680
f 1413/642/622 582/641/621 1861/706/684 2635/705/683
f 2635/705/683 1861/706/684 583/707/685 1414/708/686
f 1860/702/680 2635/705/683 1414/708/686 531/703/681
f 582/641/621 1465/646/626 2636/709/687 1861/706/684
f 1465/646/626 634/645/625 1862/710/688 2636/709/687
f 2636/709/687 1862/710/688 635/711/689 1466/712/690
f 1861/706/684 2636/709/687 1466/712/690 583/707/685
f 634/645/625 1517/650/630 2637/713/691 1862/710/688
f 1517/650/630 686/649/629 1863/714/692 2637/713/691
f 2637/713/691 1863/714/692 687/715/693 1518/716/694
f 1862/710/688 2637/713/691 1518/716/694 635/711/689
f 686/649/629 1569/654/634 2638/717/695 1863/714/692
f 1569/654/634 738/653/633 1864/718/696 2638/717/695
f 2638/717/695 1864/718/696 739/719/697 1570/720/698
f 1863/714/692 2638/717/695 1570/720/698 687/715/693
f 738/653/633 1621/658/638 2639/721/699 1864/718/696
f 1621/658/638 790/657/637 1865/722/700 2639/721/699
f 2639/721/699 1865/722/700 791/723/701 1622/724/702
f 1864/718/696 2639/721/699 1622/724/702 739/719/697
f 790/657/637 1673/662/640 2640/725/703 1865/722/700
f 1673/662/640 10/661/582 842/726/642 2640/725/703
f 2640/725/703 842/726/642 11/727/646 1674/728/704
f 1865/722/700 2640/725/703 1674/728/704 791/723/701
f 11/668/646 894/667/645 2641/729/705 843/730/706
f 894/667/645 63/666/644 1866/731/707 2641/729/705
f 2641/729/705 1866/731/707 64/732/708 895/733/709
f 843/730/706 2641/729/705 895/733/709 12/734/710
f 63/666/644 946/672/650 2642/735/711 1866/731/707
f 946/672/650 115/671/649 1867/736/712 2642/735/711
f 2642/735/711 1867/736/712 116/737/713 947/738/714
f 1866/731/707 2642/735/711 947/738/714 64/732/708
f 115/671/649 998/676/654 2643/739/715 1867/736/712
f 998/676/654 167/675/653 1868/740/716 2643/739/715
f 2643/739/715 1868/740/716 168/741/717 999/742/718
f 1867/736/712 2643/739/715 999/742/718 116/737/713
f 167/675/653 1050/680/658 2644/743/719 1868/740/716
f 1050/680/658 219/679/657 1869/744/720 2644/743/719
f 2644/743/719 1869/744/720 220/745/721 1051/746/722
f 1868/740/716 2644/743/719 1051/746/722 168/741/717
f 219/679/657 1102/684/662 2645/747/723 1869/744/720
f 1102/684/662 271/683/661 1870/748/724 2645/747/723
f 2645/747/723 1870/748/724 272/749/725 1103/750/726
f 1869/744/720 2645/747/723 1103/750/726 220/745/721
f 271/683/661 1154/688/666 2646/751/727 1870/748/724
f 1154/688/666 323/687/665 1871/752/728 2646/751/727
f 2646/751/727 1871/752/728 324/753/729 1155/754/730
f 1870/748/724 2646/751/727 1155/754/730 272/749/725
f 323/687/665 1206/692/670 2647/755/731 1871/752/728
f 1206/692/670 375/691/669 1872/756/732 2647/755/731
f 2647/755/731 1872/756/732 376/757/733 1207/758/734
f 1871/752/728 2647/755/731 1207/758/734 324/753/729
f 375/691/669 1258/696/674 2648/759/735 1872/756/732
f 1258/696/674 427/695/673 1873/760/736 2648/759/735
f 2648/759/735 1873/760/736 428/761/737 1259/762/738
f 1872/756/732 2648/759/735 1259/762/738 376/757/733
f 427/695/673 1310/700/678 2649/763/739 1873/760/736
f 1310/700/678 479/699/677 1874/764/740 2649/763/739
f 2649/763/739 1874/764/740 480/765/741 1311/766/742
f 1873/760/736 2649/763/739 1311/766/742 428/761/737
f 479/699/677 1362/704/682 2650/767/743 1874/764/740
f 1362/704/682 531/703/681 1875/768/744 2650/767/743
f 2650/767/743 1875/768/744 532/769/745 1363/770/746
f 1874/764/740 2650/767/743 1363/770/746 480/765/741
f 531/703/681 1414/708/686 2651/771/747 1875/768/744
f 1414/708/686 583/707/685 1876/772/748 2651/771/747
f 2651/771/747 1876/772/748 584/773/749 1415/774/750
f 1875/768/744 2651/771/747 1415/774/750 532/769/745
f 583/707/685 1466/712/690 2652/775/751 1876/772/748
f 1466/712/690 635/711/689 1877/776/752 2652/775/751
f 2652/775/751 1877/776/752 636/777/753 1467/778/754
f 1876/772/748 2652/775/751 1467/778/754 584/773/749
f 635/711/689 1518/716/694 2653/779/755 1877/776/752
f 1518/716/694 687/715/693 1878/780/756 2653/779/755
f 2653/779/755 1878/780/756 688/781/757 1519/782/758
f 1877/776/752 2653/779/755 1519/782/758 636/777/753
f 687/715/693 1570/720/698 2654/783/759 1878/780/756
f 1570/720/698 739/719/697 1879/784/760 2654/783/759
f 2654/783/759 1879/784/760 740/785/761 1571/786/762
f 1878/780/756 2654/783/759 1571/786/762 688/781/757
f 739/719/697 1622/724/702 2655/787/763 1879/784/760
f 1622/724/702 791/723/701 1880/788/764 2655/787/763
f 2655/787/763 1880/788/764 792/789/765 1623/790/766
f 1879/784/760 2655/787/763 1623/790/766 740/785/761
f 791/723/701 1674/728/704 2656/791/767 1880/788/764
f 1674/728/704 11/727/646 843/792/706 2656/791/767
f 2656/791/767 843/792/706 12/793/710 1675/794/768
f 1880/788/764 2656/791/767 1675/794/768 792/789/765
f 12/734/710 895/733/709 2657/795/769 844/796/770
f 895/733/709 64/732/708 1881/797/771 2657/795/769
f 2657/795/769 1881/797/771 65/798/772 896/799/773
f 844/796/770 2657/795/769 896/799/773 13/800/774
f 64/732/708 947/738/714 2658/801/775 1881/797/771
f 947/738/714 116/737/713 1882/802/776 2658/801/775
f 2658/801/775 1882/802/776 117/803/777 948/804/778
f 1881/797/771 2658/801/775 948/804/778 65/798/772
f 116/737/713 999/742/718 2659/805/779 1882/802/776
f 999/742/718 168/741/717 1883/806/780 2659/805/779
f 2659/805/779 1883/806/780 169/807/781 1000/808/782
f 1882/802/776 2659/805/779 1000/808/782 117/803/777
f 168/741/717 1051/746/722 2660/809/783 1883/806/780
f 1051/746/722 220/745/721 1884/810/784 2660/809/783
f 2660/809/783 1884/810/784 221/811/785 1052/812/786
f 1883/806/780 2660/809/783 1052/812/786 169/807/781
f 220/745/721 1103/750/726 2661/813/787 1884/810/784
f 1103/750/726 272/749/725 1885/814/788 2661/813/787
f 2661/813/787 1885/814/788 273/815/789 1104/816/790
f 1884/810/784 2661/813/787 1104/816/790 221/811/785
f 272/749/725 1155/754/730 2662/817/791 1885/814/788
f 1155/754/730 324/753/729 1886/818/792 2662/817/791
f 2662/817/791 1886/818/792 325/819/793 1156/820/794
f 1885/814/788 2662/817/791 1156/820/794 273/815/789
f 324/753/729 1207/758/734 2663/821/795 1886/818/792
f 1207/758/734 376/757/733 1887/822/796 2663/821/795
f 2663/821/795 1887/822/796 377/823/797 1208/824/798
f 1886/818/792 2663/821/795 1208/824/798 325/819/793
f 376/757/733 1259/762/738 2664/825/799 1887/822/796
f 1259/762/738 428/761/737 1888/826/800 2664/825/799
f 2664/825/799 1888/826/800 429/827/801 1260/828/802
f 1887/822/796 2664/825/799 1260/828/802 377/823/797
f 428/761/737 1311/766/742 2665/829/803 1888/826/800
f 1311/766/742 480/765/741 1889/830/804 2665/829/803
f 2665/829/803 1889/830/804 481/831/805 1312/832/806
f 1888/826/800 2665/829/803 1312/832/806 429/827/801
f 480/765/741 1363/770/746 2666/833/807 1889/830/804
f 1363/770/746 532/769/745 1890/834/808 2666/833/807
f 2666/833/807 1890/834/808 533/835/809 1364/836/810
f 1889/830/804 2666/833/807 1364/836/810 481/831/805
f 532/769/745 1415/774/750 2667/837/811 1890/834/808
f 1415/774/750 584/773/749 1891/838/812 2667/837/811
f 2667/837/811 1891/838/812 585/839/813 1416/840/814
f 1890/834/808 2667/837/811 1416/840/814 533/835/809
f 584/773/749 1467/778/754 2668/841/815 1891/838/812
f 1467/778/754 636/777/753 1892/842/816 2668/841/815
f 2668/841/815 1892/842/816 637/843/817 1468/844/818
f 1891/838/812 2668/841/815 1468/844/818 585/839/813
f 636/777/753 1519/782/758 2669/845/819 1892/842/816
f 1519/782/758 688/781/757 1893/846/820 2669/845/819
f 2669/845/819 1893/846/820 689/847/821 1520/848/822
f 1892/842/816 2669/845/819 1520/848/822 637/843/817
f 688/781/757 1571/786/762 2670/849/823 1893/846/820
f 1571/786/762 740/785/761 1894/850/824 2670/849/823
f 2670/849/823 1894/850/824 741/851/825 1572/852/826
f 1893/846/820 2670/849/823 1572/852/826 689/847/821
f 740/785/761 1623/790/766 2671/853/827 1894/850/824
f 1623/790/766 792/789/765 1895/854/828 2671/853/827
f 2671/853/827 1895/854/828 793/855/829 1624/856/830
f 1894/850/824 2671/853/827 1624/856/830 741/851/825
f 792/789/765 1675/794/768 2672/857/831 1895/854/828
f 1675/794/768 12/793/710 844/858/770 2672/857/831
f 2672/857/831 844/858/770 13/859/774 1676/860/832
f 1895/854/828 2672/857/831 1676/860/832 793/855/829
f 13/800/774 896/799/773 2673/861/833 845/862/834
f 896/799/773 65/798/772 1896/863/835 2673/861/833
f 2673/861/833 1896/863/835 66/864/836 897/865/837
f 845/862/834 2673/861/833 897/865/837 14/866/838
f 65/798/772 948/804/778 2674/867/839 1896/863/835
f 948/804/778 117/803/777 1897/868/840 2674/867/839
f 2674/867/839 1897/868/840 118/869/841 949/870/842
f 1896/863/835 2674/867/839 949/870/842 66/864/836
f 117/803/777 1000/808/782 2675/871/843 1897/868/840
f 1000/808/782 169/807/781 1898/872/844 2675/871/843
f 2675/871/843 1898/872/844 170/873/845 1001/874/846
f 1897/868/840 2675/871/843 1001/874/846 118/869/841
f 169/807/781 1052/812/786 2676/875/847 1898/872/844
f 1052/812/786 221/811/785 1899/876/848 2676/875/847
f 2676/875/847 1899/876/848 222/877/849 1053/878/850
f 1898/872/844 2676/875/847 1053/878/850 170/873/845
f 221/811/785 1104/816/790 2677/879/851 1899/876/848
f 1104/816/790 273/815/789 1900/880/852 2677/879/851
f 2677/879/851 1900/880/852 274/881/853 1105/882/854
f 1899/876/848 2677/879/851 1105/882/854 222/877/849
f 273/815/789 1156/820/794 2678/883/855 1900/880/852
f 1156/820/794 325/819/793 1901/884/856 2678/883/855
f 2678/883/855 1901/884/856 326/885/857 1157/886/858
f 1900/880/852 2678/883/855 1157/886/858 274/881/853
f 325/819/793 1208/824/798 2679/887/859 1901/884/856
f 1208/824/798 377/823/797 1902/888/860 2679/887/859
f 2679/887/859 1902/888/860 378/889/861 1209/890/862
f 1901/884/856 2679/887/859 1209/890/862 326/885/857
f 377/823/797 1260/828/802 2680/891/863 1902/888/860
f 1260/828/802 429/827/801 1903/892/864 2680/891/863
f 2680/891/863 1903/892/864 430/893/865 1261/894/866
f 1902/888/860 2680/891/863 1261/894/866 378/889/861
f 429/827/801 1312/895/806 2681/896/867 1903/892/864
f 1312/895/806 481/831/805 1904/897/868 2681/896/867
f 2681/896/867 1904/897/868 482/898/869 1313/899/870
f 1903/892/864 2681/896/867 1313/899/870 430/893/865
f 481/831/805 1364/836/810 2682/900/871 1904/897/868
f 1364/836/810 533/835/809 1905/901/872 2682/900/871
f 2682/900/871 1905/901/872 534/902/873 1365/903/874
f 1904/897/868 2682/900/871 1365/903/874 482/898/869
f 533/835/809 1416/904/814 2683/905/875 1905/901/872
f 1416/904/814 585/839/813 1906/906/876 2683/905/875
f 2683/905/875 1906/906/876 586/907/877 1417/908/878
f 1905/901/872 2683/905/875 1417/908/878 534/902/873
f 585/839/813 1468/844/818 2684/909/879 1906/906/876
f 1468/844/818 637/843/817 1907/910/880 2684/909/879
f 2684/909/879 1907/910/880 638/911/881 1469/912/882
f 1906/906/876 2684/909/879 1469/912/882 586/907/877
f 637/843/817 1520/848/822 2685/913/883 1907/910/880
f 1520/848/822 689/847/821 1908/914/884 2685/913/883
f 2685/913/883 1908/914/884 690/915/885 1521/916/886
f 1907/910/880 2685/913/883 1521/916/886 638/911/881
f 689/847/821 1572/852/826 2686/917/887 1908/914/884
f 1572/852/826 741/851/825 1909/918/888 2686/917/887
f 2686/917/887 1909/918/888 742/919/889 1573/920/890
f 1908/914/884 2686/917/887 1573/920/890 690/915/885
f 741/851/825 1624/856/830 2687/921/891 1909/918/888
f 1624/856/830 793/855/829 1910/922/892 2687/921/891
f 2687/921/891 1910/922/892 794/923/893 1625/924/894
f 1909/918/888 2687/921/891 1625/924/894 742/919/889
f 793/855/829 1676/860/832 2688/925/895 1910/922/892
f 1676/860/832 13/859/774 845/926/834 2688/925/895
f 2688/925/895 845/926/834 14/927/838 1677/928/896
f 1910/922/892 2688/925/895 1677/928/896 794/923/893
f 14/866/838 897/865/837 2689/929/897 846/930/898
f 897/865/837 66/864/836 1911/931/899 2689/929/897
f 2689/929/897 1911/931/899 67/932/900 898/933/901
f 846/930/898 2689/929/897 898/933/901 15/934/902
f 66/864/836 949/870/842 2690/935/903 1911/931/899
f 949/870/842 118/869/841 1912/936/904 2690/935/903
f 2690/935/903 1912/936/904 119/937/905 950/938/906
f 1911/931/899 2690/935/903 950/938/906 67/932/900
f 118/869/841 1001/874/846 2691/939/907 1912/936/904
f 1001/874/846 170/873/845 1913/940/908 2691/939/907
f 2691/939/907 1913/940/908 171/941/909 1002/942/910
f 1912/936/904 2691/939/907 1002/942/910 119/937/905
f 170/873/845 1053/878/850 2692/943/911 1913/940/908
f 1053/878/850 222/877/849 1914/944/912 2692/943/911
f 2692/943/911 1914/944/912 223/945/913 1054/946/914
f 1913/940/908 2692/943/911 1054/946/914 171/941/909
f 222/877/849 1105/882/854 2693/947/915 1914/944/912
f 1105/882/854 274/881/853 1915/948/916 2693/947/915
f 2693/947/915 1915/948/916 275/949/917 1106/950/918
f 1914/944/912 2693/947/915 1106/950/918 223/945/913
f 274/881/853 1157/886/858 2694/951/919 1915/948/916
f 1157/886/858 326/885/857 1916/952/920 2694/951/919
f 2694/951/919 1916/952/920 327/953/921 1158/954/922
f 1915/948/916 2694/951/919 1158/954/922 275/949/917
f 326/885/857 1209/890/862 2695/955/923 1916/952/920
f 1209/890/862 378/889/861 1917/956/924 2695/955/923
f 2695/955/923 1917/956/924 379/957/925 1210/958/926
f 1916/952/920 2695/955/923 1210/958/926 327/953/921
f 378/889/861 1261/894/866 2696/959/927 1917/956/924
f 1261/894/866 430/893/865 1918/960/928 2696/959/927
f 2696/959/927 1918/960/928 431/961/929 1262/962/930
f 1917/956/924 2696/959/927 1262/962/930 379/957/925
f 430/893/865 1313/899/870 2697/963/931 1918/960/928
f 1313/899/870 482/898/869 1919/964/932 2697/963/931
f 2697/963/931 1919/964/932 483/965/933 1314/966/934
f 1918/960/928 2697/963/931 1314/966/934 431/961/929
f 482/898/869 1365/903/874 2698/967/935 1919/964/932
f 1365/903/874 534/902/873 1920/968/936 2698/967/935
f 2698/967/935 1920/968/936 535/969/937 1366/970/938
f 1919/964/932 2698/967/935 1366/970/938 483/965/933
f 534/902/873 1417/908/878 2699/971/939 1920/968/936
f 1417/908/878 586/907/877 1921/972/940 2699/971/939
f 2699/971/939 1921/972/940 587/973/941 1418/974/942
f 1920/968/936 2699/971/939 1418/974/942 535/969/937
f 586/907/877 1469/912/882 2700/975/943 1921/972/940
f 1469/912/882 638/911/881 1922/976/944 2700/975/943
f 2700/975/943 1922/976/944 639/977/945 1470/978/946
f 1921/972/940 2700/975/943 1470/978/946 587/973/941
f 638/911/881 1521/916/886 2701/979/947 1922/976/944
f 1521/916/886 690/915/885 1923/980/948 2701/979/947
f 2701/979/947 1923/980/948 691/981/949 1522/982/950
f 1922/976/944 2701/979/947 1522/982/950 639/977/945
f 690/915/885 1573/920/890 2702/983/951 1923/980/948
f 1573/920/890 742/919/889 1924/984/952 2702/983/951
f 2702/983/951 1924/984/952 743/985/953 1574/986/954
f 1923/980/948 2702/983/951 1574/986/954 691/981/949
f 742/919/889 1625/924/894 2703/987/955 1924/984/952
f 1625/924/894 794/923/893 1925/988/956 2703/987/955
f 2703/987/955 1925/988/956 795/989/957 1626/990/958
f 1924/984/952 2703/987/955 1626/990/958 743/985/953
f 794/923/893 1677/928/896 2704/991/959 1925/988/956
f 1677/928/896 14/927/838 846/992/898 2704/991/959
f 2704/991/959 846/992/898 15/993/902 1678/994/960
f 1925/988/956 2704/991/959 1678/994/960 795/989/957
f 15/934/902 898/933/901 2705/995/961 847/996/962
f 898/933/901 67/932/900 1926/997/963 2705/995/961
f 2705/995/961 1926/997/963 68/998/964 899/999/965
f 847/996/962 2705/995/961 899/999/965 16/1000/966
f 67/932/900 950/938/906 2706/1001/967 1926/997/963
f 950/938/906 119/937/905 1927/1002/968 2706/1001/967
f 2706/1001/967 1927/1002/968 120/1003/969 951/1004/970
f 1926/997/963 2706/1001/967 951/1004/970 68/998/964
f 119/937/905 1002/942/910 2707/1005/971 1927/1002/968
f 1002/942/910 171/941/909 1928/1006/972 2707/1005/971
f 2707/1005/971 1928/1006/972 172/1007/973 1003/1008/974
f 1927/1002/968 2707/1005/971 1003/1008/974 120/1003/969
f 171/941/909 1054/946/914 2708/1009/975 1928/1006/972
f 1054/946/914 223/945/913 1929/1010/976 2708/1009/975
f 2708/1009/975 1929/1010/976 224/1011/977 1055/1012/978
f 1928/1006/972 2708/1009/975 1055/1012/978 172/1007/973
f 223/945/913 1106/950/918 2709/1013/979 1929/1010/976
f 1106/950/918 275/949/917 1930/1014/980 2709/1013/979
f 2709/1013/979 1930/1014/980 276/1015/981 1107/1016/982
f 1929/1010/976 2709/1013/979 1107/1016/982 224/1011/977
f 275/949/917 1158/954/922 2710/1017/983 1930/1014/980
f 1158/954/922 327/953/921 1931/1018/984 2710/1017/983
f 2710/1017/983 1931/1018/984 328/1019/985 1159/1020/986
f 1930/1014/980 2710/1017/983 1159/1020/986 276/1015/981
f 327/953/921 1210/958/926 2711/1021/987 1931/1018/984
f 1210/958/926 379/957/925 1932/1022/988 2711/1021/987
f 2711/1021/987 1932/1022/988 380/1023/989 1211/1024/990
f 1931/1018/984 2711/1021/987 1211/1024/990 328/1019/985
f 379/957/925 1262/962/930 2712/1025/991 1932/1022/988
f 1262/962/930 431/961/929 1933/1026/992 2712/1025/991
f 2712/1025/991 1933/1026/992 432/1027/993 1263/1028/994
f 1932/1022/988 2712/1025/991 1263/1028/994 380/1023/989
f 431/961/929 1314/966/934 2713/1029/995 1933/1026/992
f 1314/966/934 483/965/933 1934/1030/996 2713/1029/995
f 2713/1029/995 1934/1030/996 484/1031/997 1315/1032/998
f 1933/1026/992 2713/1029/995 1315/1032/998 432/1027/993
f 483/965/933 1366/970/938 2714/1033/999 1934/1030/996
f 1366/970/938 535/969/937 1935/1034/1000 2714/1033/999
f 2714/1033/999 1935/1034/1000 536/1035/1001 1367/1036/1002
f 1934/1030/996 2714/1033/999 1367/1036/1002 484/1031/997
f 535/969/937 1418/974/942 2715/1037/1003 1935/1034/1000
f 1418/974/942 587/973/941 1936/1038/1004 2715/1037/1003
f 2715/1037/1003 1936/1038/1004 588/1039/1005 1419/1040/1006
f 1935/1034/1000 2715/1037/1003 1419/1040/1006 536/1035/1001
f 587/973/941 1470/978/946 2716/1041/1007 1936/1038/1004
f 1470/978/946 639/977/945 1937/1042/1008 2716/1041/1007
f 2716/1041/1007 1937/1042/1008 640/1043/1009 1471/1044/1010
f 1936/1038/1004 2716/1041/1007 1471/1044/1010 588/1039/1005
f 639/977/945 1522/982/950 2717/1045/1011 1937/1042/1008
f 1522/982/950 691/981/949 1938/1046/1012 2717/1045/1011
f 2717/1045/1011 1938/1046/1012 692/1047/1013 1523/1048/1014
f 1937/1042/1008 2717/1045/1011 1523/1048/1014 640/1043/1009
f 691/981/949 1574/986/954 2718/1049/1015 1938/1046/1012
f 1574/986/954 743/985/953 1939/1050/1016 2718/1049/1015
f 2718/1049/1015 1939/1050/1016 744/1051/1017 1575/1052/1018
f 1938/1046/1012 2718/1049/1015 1575/1052/1018 692/1047/1013
f 743/985/953 1626/990/958 2719/1053/1019 1939/1050/1016
f 1626/990/958 795/989/957 1940/1054/1020 2719/1053/1019
f 2719/1053/1019 1940/1054/1020 796/1055/1021 1627/1056/1022
f 1939/1050/1016 2719/1053/1019 1627/1056/1022 744/1051/1017
f 795/989/957 1678/994/960 2720/1057/1023 1940/1054/1020
f 1678/994/960 15/993/902 847/1058/962 2720/1057/1023
f 2720/1057/1023 847/1058/962 16/1059/966 1679/1060/1024
f 1940/1054/1020 2720/1057/1023 1679/1060/1024 796/1055/1021
f 16/1000/966 899/999/965 2721/1061/1025 848/1062/1026
f 899/999/965 68/998/964 1941/1063/1027 2721/1061/1025
f 2721/1061/1025 1941/1063/1027 69/1064/1028 900/1065/1029
f 848/1062/1026 2721/1061/1025 900/1065/1029 17/1066/1030
f 68/998/964 951/1004/970 2722/1067/1031 1941/1063/1027
f 951/1004/970 120/1003/969 1942/1068/1032 2722/1067/1031
f 2722/1067/1031 1942/1068/1032 121/1069/1033 952/1070/1034
f 1941/1063/1027 2722/1067/1031 952/1070/1034 69/1064/1028
f 120/1003/969 1003/1008/974 2723/1071/1035 1942/1068/1032
f 1003/1008/974 172/1007/973 1943/1072/1036 2723/1071/1035
f 2723/1071/1035 1943/1072/1036 173/1073/1037 1004/1074/1038
f 1942/1068/1032 2723/1071/1035 1004/1074/1038 121/1069/1033
f 172/1007/973 1055/1012/978 2724/1075/1039 1943/1072/1036
f 1055/1012/978 224/1011/977 1944/1076/1040 2724/1075/1039
f 2724/1075/1039 1944/1076/1040 225/1077/1041 1056/1078/1042
f 1943/1072/1036 2724/1075/1039 1056/1078/1042 173/1073/1037
f 224/1011/977 1107/1016/982 2725/1079/1043 1944/1076/1040
f 1107/1016/982 276/1015/981 1945/1080/1044 2725/1079/1043
f 2725/1079/1043 1945/1080/1044 277/1081/1045 1108/1082/1046
f 1944/1076/1040 2725/1079/1043 1108/1082/1046 225/1077/1041
f 276/1015/981 1159/1020/986 2726/1083/1047 1945/1080/1044
f 1159/1020/986 328/1019/985 1946/1084/1048 2726/1083/1047
f 2726/1083/1047 1946/1084/1048 329/1085/1049 1160/1086/1050
f 1945/1080/1044 2726/1083/1047 1160/1086/1050 277/1081/1045
f 328/1019/985 1211/1024/990 2727/1087/1051 1946/1084/1048
f 1211/1024/990 380/1023/989 1947/1088/1052 2727/1087/1051
f 2727/1087/1051 1947/1088/1052 381/1089/1053 1212/1090/1054
f 1946/1084/1048 2727/1087/1051 1212/1090/1054 329/1085/1049
f 380/1023/989 1263/1028/994 2728/1091/1055 1947/1088/1052
f 1263/1028/994 432/1027/993 1948/1092/1056 2728/1091/1055
f 2728/1091/1055 1948/1092/1056 433/1093/1057 1264/1094/1058
f 1947/1088/1052 2728/1091/1055 1264/1094/1058 381/1089/1053
f 432/1027/993 1315/1095/998 2729/1096/1059 1948/1092/1056
f 1315/1095/998 484/1031/997 1949/1097/1060 2729/1096/1059
f 2729/1096/1059 1949/1097/1060 485/1098/1061 1316/1099/1062
f 1948/1092/1056 2729/1096/1059 1316/1099/1062 433/1093/1057
f 484/1031/997 1367/1036/1002 2730/1100/1063 1949/1097/1060
f 1367/1036/1002 536/1035/1001 1950/1101/1064 2730/1100/1063
f 2730/1100/1063 1950/1101/1064 537/1102/1065 1368/1103/1066
f 1949/1097/1060 2730/1100/1063 1368/1103/1066 485/1098/1061
f 536/1035/1001 1419/1104/1006 2731/1105/1067 1950/1101/1064
f 1419/1104/1006 588/1039/1005 1951/1106/1068 2731/1105/1067
f 2731/1105/1067 1951/1106/1068 589/1107/1069 1420/1108/1070
f 1950/1101/1064 2731/1105/1067 1420/1108/1070 537/1102/1065
f 588/1039/1005 1471/1044/1010 2732/1109/1071 1951/1106/1068
f 1471/1044/1010 640/1043/1009 1952/1110/1072 2732/1109/1071
f 2732/1109/1071 1952/1110/1072 641/1111/1073 1472/1112/1074
f 1951/1106/1068 2732/1109/1071 1472/1112/1074 589/1107/1069
f 640/1043/1009 1523/1048/1014 2733/1113/1075 1952/1110/1072
f 1523/1048/1014 692/1047/1013 1953/1114/1076 2733/1113/1075
f 2733/1113/1075 1953/1114/1076 693/1115/1077 1524/1116/1078
f 1952/1110/1072 2733/1113/1075 1524/1116/1078 641/1111/1073
f 692/1047/1013 1575/1052/1018 2734/1117/1079 1953/1114/1076
f 1575/1052/1018 744/1051/1017 1954/1118/1080 2734/1117/1079
f 2734/1117/1079 1954/1118/1080 745/1119/1081 1576/1120/1082
f 1953/1114/1076 2734/1117/1079 1576/1120/1082 693/1115/1077
f 744/1051/1017 1627/1056/1022 2735/1121/1083 1954/1118/1080
f 1627/1056/1022 796/1055/1021 1955/1122/1084 2735/1121/1083
f 2735/1121/1083 1955/1122/1084 797/1123/1085 1628/1124/1086
f 1954/1118/1080 2735/1121/1083 1628/1124/1086 745/1119/1081
f 796/1055/1021 1679/1060/1024 2736/1125/1087 1955/1122/1084
f 1679/1060/1024 16/1059/966 848/1126/1026 2736/1125/1087
f 2736/1125/1087 848/1126/1026 17/1127/1030 1680/1128/1088
f 1955/1122/1084 2736/1125/1087 1680/1128/1088 797/1123/1085
f 17/1066/1030 900/1065/1029 2737/1129/1089 849/1130/1090
f 900/1065/1029 69/1064/1028 1956/1131/1091 2737/1129/1089
f 2737/1129/1089 1956/1131/1091 70/1132/1092 901/1133/1093
f 849/1130/1090 2737/1129/1089 901/1133/1093 18/1134/1094
f 69/1064/1028 952/1070/1034 2738/1135/1095 1956/1131/1091
f 952/1070/1034 121/1069/1033 1957/1136/1096 2738/1135/1095
f 2738/1135/1095 1957/1136/1096 122/1137/1097 953/1138/1098
f 1956/1131/1091 2738/1135/1095 953/1138/1098 70/1132/1092
f 121/1069/1033 1004/1074/1038 2739/1139/1099 1957/1136/1096
f 1004/1074/1038 173/1073/1037 1958/1140/1100 2739/1139/1099
f 2739/1139/1099 1958/1140/1100 174/1141/1101 1005/1142/1102
f 1957/1136/1096 2739/1139/1099 1005/1142/1102 122/1137/1097
f 173/1073/1037 1056/1078/1042 2740/1143/1103 1958/1140/1100
f 1056/1078/1042 225/1077/1041 1959/1144/1104 2740/1143/1103
f 2740/1143/1103 1959/1144/1104 226/1145/1105 1057/1146/1106
f 1958/1140/1100 2740/1143/1103 1057/1146/1106 174/1141/1101
f 225/1077/1041 1108/1082/1046 2741/1147/1107 1959/1144/1104
f 1108/1082/1046 277/1081/1045 1960/1148/1108 2741/1147/1107
f 2741/1147/1107 1960/1148/1108 278/1149/1109 1109/1150/1110
f 1959/1144/1104 2741/1147/1107 1109/1150/1110 226/1145/1105
f 277/1081/1045 1160/1086/1050 2742/1151/1111 1960/1148/1108
f 1160/1086/1050 329/1085/1049 1961/1152/1112 2742/1151/1111
f 2742/1151/1111 1961/1152/1112 330/1153/1113 1161/1154/1114
f 1960/1148/1108 2742/1151/1111 1161/1154/1114 278/1149/1109
f 329/1085/1049 1212/1090/1054 2743/1155/1115 1961/1152/1112
f 1212/1090/1054 381/1089/1053 1962/1156/1116 2743/1155/1115
f 2743/1155/1115 1962/1156/1116 382/1157/1117 1213/1158/1118
f 1961/1152/1112 2743/1155/1115 1213/1158/1118 330/1153/1113
f 381/1089/1053 1264/1094/1058 2744/1159/1119 1962/1156/1116
f 1264/1094/1058 433/1093/1057 1963/1160/1120 2744/1159/1119
f 2744/1159/1119 1963/1160/1120 434/1161/1121 1265/1162/1122
f 1962/1156/1116 2744/1159/1119 1265/1162/1122 382/1157/1117
f 433/1093/1057 1316/1099/1062 2745/1163/1123 1963/1160/1120
f 1316/1099/1062 485/1098/1061 1964/1164/1124 2745/1163/1123
f 2745/1163/1123 1964/1164/1124 486/1165/1125 1317/1166/1126
f 1963/1160/1120 2745/1163/1123 1317/1166/1126 434/1161/1121
f 485/1098/1061 1368/1103/1066 2746/1167/1127 1964/1164/1124
f 1368/1103/1066 537/1102/1065 1965/1168/1128 2746/1167/1127
f 2746/1167/1127 1965/1168/1128 538/1169/1129 1369/1170/1130
f 1964/1164/1124 2746/1167/1127 1369/1170/1130 486/1165/1125
f 537/1102/1065 1420/1108/1070 2747/1171/1131 1965/1168/1128
f 1420/1108/1070 589/1107/1069 1966/1172/1132 2747/1171/1131
f 2747/1171/1131 1966/1172/1132 590/1173/1133 1421/1174/1134
f 1965/1168/1128 2747/1171/1131 1421/1174/1134 538/1169/1129
f 589/1107/1069 1472/1112/1074 2748/1175/1135 1966/1172/1132
f 1472/1112/1074 641/1111/1073 1967/1176/1136 2748/1175/1135
f 2748/1175/1135 1967/1176/1136 642/1177/1137 1473/1178/1138
f 1966/1172/1132 2748/1175/1135 1473/1178/1138 590/1173/1133
f 641/1111/1073 1524/1116/1078 2749/1179/1139 1967/1176/1136
f 1524/1116/1078 693/1115/1077 1968/1180/1140 2749/1179/1139
f 2749/1179/1139 1968/1180/1140 694/1181/1141 1525/1182/1142
f 1967/1176/1136 2749/1179/1139 1525/1182/1142 642/1177/1137
f 693/1115/1077 1576/1120/1082 2750/1183/1143 1968/1180/1140
f 1576/1120/1082 745/1119/1081 1969/1184/1144 2750/1183/1143
f 2750/1183/1143 1969/1184/1144 746/1185/1145 1577/1186/1146
f 1968/1180/1140 2750/1183/1143 1577/1186/1146 694/1181/1141
f 745/1119/1081 1628/1124/1086 2751/1187/1147 1969/1184/1144
f 1628/1124/1086 797/1123/1085 1970/1188/1148 2751/1187/1147
f 2751/1187/1147 1970/1188/1148 798/1189/1149 1629/1190/1150
f 1969/1184/1144 2751/1187/1147 1629/1190/1150 746/1185/1145
f 797/1123/1085 1680/1128/1088 2752/1191/1151 1970/1188/1148
f 1680/1128/1088 17/1127/1030 849/1192/1090 2752/1191/1151
f 2752/1191/1151 849/1192/1090 18/1193/1094 1681/1194/1152
f 1970/1188/1148 2752/1191/1151 1681/1194/1152 798/1189/1149
f 18/1134/1094 901/1133/1093 2753/1195/1153 850/1196/1154
f 901/1133/1093 70/1132/1092 1971/1197/1155 2753/1195/1153
f 2753/1195/1153 1971/1197/1155 71/1198/1156 902/1199/1157
f 850/1196/1154 2753/1195/1153 902/1199/1157 19/1200/1158
f 70/1132/1092 953/1138/1098 2754/1201/1159 1971/1197/1155
f 953/1138/1098 122/1137/1097 1972/1202/1160 2754/1201/1159
f 2754/1201/1159 1972/1202/1160 123/1203/1161 954/1204/1162
f 1971/1197/1155 2754/1201/1159 954/1204/1162 71/1198/1156
f 122/1137/1097 1005/1142/1102 2755/1205/1163 1972/1202/1160
f 1005/1142/1102 174/1141/1101 1973/1206/1164 2755/1205/1163
f 2755/1205/1163 1973/1206/1164 175/1207/1165 1006/1208/1166
f 1972/1202/1160 2755/1205/1163 1006/1208/1166 123/1203/1161
f 174/1141/1101 1057/1146/1106 2756/1209/1167 1973/1206/1164
f 1057/1146/1106 226/1145/1105 1974/1210/1168 2756/1209/1167
f 2756/1209/1167 1974/1210/1168 227/1211/1169 1058/1212/1170
f 1973/1206/1164 2756/1209/1167 1058/1212/1170 175/1207/1165
f 226/1145/1105 1109/1150/1110 2757/1213/1171 1974/1210/1168
f 1109/1150/1110 278/1149/1109 1975/1214/1172 2757/1213/1171
f 2757/1213/1171 1975/1214/1172 279/1215/1173 1110/1216/1174
f 1974/1210/1168 2757/1213/1171 1110/1216/1174 227/1211/1169
f 278/1149/1109 1161/1154/1114 2758/1217/1175 1975/1214/1172
f 1161/1154/1114 330/1153/1113 1976/1218/1176 2758/1217/1175
f 2758/1217/1175 1976/1218/1176 331/1219/1177 1162/1220/1178
f 1975/1214/1172 2758/1217/1175 1162/1220/1178 279/1215/1173
f 330/1153/1113 1213/1158/1118 2759/1221/1179 1976/1218/1176
f 1213/1158/1118 382/1157/1117 1977/1222/1180 2759/1221/1179
f 2759/1221/1179 1977/1222/1180 383/1223/1181 1214/1224/1182
f 1976/1218/1176 2759/1221/1179 1214/1224/1182 331/1219/1177
f 382/1157/1117 1265/1162/1122 2760/1225/1183 1977/1222/1180
f 1265/1162/1122 434/1161/1121 1978/1226/1184 2760/1225/1183
f 2760/1225/1183 1978/1226/1184 435/1227/1185 1266/1228/1186
f 1977/1222/1180 2760/1225/1183 1266/1228/1186 383/1223/1181
f 434/1161/1121 1317/1166/1126 2761/1229/1187 1978/1226/1184
f 1317/1166/1126 486/1165/1125 1979/1230/1188 2761/1229/1187
f 2761/1229/1187 1979/1230/1188 487/1231/1189 1318/1232/1190
f 1978/1226/1184 2761/1229/1187 1318/1232/1190 435/1227/1185
f 486/1165/1125 1369/1170/1130 2762/1233/1191 1979/1230/1188
f 1369/1170/1130 538/1169/1129 1980/1234/1192 2762/1233/1191
f 2762/1233/1191 1980/1234/1192 539/1235/1193 1370/1236/1194
f 1979/1230/1188 2762/1233/1191 1370/1236/1194 487/1231/1189
f 538/1169/1129 1421/1174/1134 2763/1237/1195 1980/1234/1192
f 1421/1174/1134 590/1173/1133 1981/1238/1196 2763/1237/1195
f 2763/1237/1195 1981/1238/1196 591/1239/1197 1422/1240/1198
f 1980/1234/1192 2763/1237/1195 1422/1240/1198 539/1235/1193
f 590/1173/1133 1473/1178/1138 2764/1241/1199 1981/1238/1196
f 1473/1178/1138 642/1177/1137 1982/1242/1200 2764/1241/1199
f 2764/1241/1199 1982/1242/1200 643/1243/1201 1474/1244/1202
f 1981/1238/1196 2764/1241/1199 1474/1244/1202 591/1239/1197
f 642/1177/1137 1525/1182/1142 2765/1245/1203 1982/1242/1200
f 1525/1182/1142 694/1181/1141 1983/1246/1204 2765/1245/1203
f 2765/1245/1203 1983/1246/1204 695/1247/1205 1526/1248/1206
f 1982/1242/1200 2765/1245/1203 1526/1248/1206 643/1243/1201
f 694/1181/1141 1577/1186/1146 2766/1249/1207 1983/1246/1204
f 1577/1186/1146 746/1185/1145 1984/1250/1208 2766/1249/1207
f 2766/1249/1207 1984/1250/1208 747/1251/1209 1578/1252/1210
f 1983/1246/1204 2766/1249/1207 1578/1252/1210 695/1247/1205
f 746/1185/1145 1629/1190/1150 2767/1253/1211 1984/1250/1208
f 1629/1190/1150 798/1189/1149 1985/1254/1212 2767/1253/1211
f 2767/1253/1211 1985/1254/1212 799/1255/1213 1630/1256/1214
f 1984/1250/1208 2767/1253/1211 1630/1256/1214 747/1251/1209
f 798/1189/1149 1681/1194/1152 2768/1257/1215 1985/1254/1212
f 1681/1194/1152 18/1193/1094 850/1258/1154 2768/1257/1215
f 2768/1257/1215 850/1258/1154 19/1259/1158 1682/1260/1216
f 1985/1254/1212 2768/1257/1215 1682/1260/1216 799/1255/1213
f 19/1200/1158 902/1199/1157 2769/1261/1217 851/1262/1218
f 902/1199/1157 71/1198/1156 1986/1263/1219 2769/1261/1217
f 2769/1261/1217 1986/1263/1219 72/1264/1220 903/1265/1221
f 851/1262/1218 2769/1261/1217 903/1265/1221 20/1266/1222
f 71/1198/1156 954/1204/1162 2770/1267/1223 1986/1263/1219
f 954/1204/1162 123/1203/1161 1987/1268/1224 2770/1267/1223
f 2770/1267/1223 1987/1268/1224 124/1269/1225 955/1270/1226
f 1986/1263/1219 2770/1267/1223 955/1270/1226 72/1264/1220
f 123/1203/1161 1006/1208/1166 2771/1271/1227 1987/1268/1224
f 1006/1208/1166 175/1207/1165 1988/1272/1228 2771/1271/1227
f 2771/1271/1227 1988/1272/1228 176/1273/1229 1007/1274/1230
f 1987/1268/1224 2771/1271/1227 1007/1274/1230 124/1269/1225
f 175/1207/1165 1058/1212/1170 2772/1275/1231 1988/1272/1228
f 1058/1212/1170 227/1211/1169 1989/1276/1232 2772/1275/1231
f 2772/1275/1231 1989/1276/1232 228/1277/1233 1059/1278/1234
f 1988/1272/1228 2772/1275/1231 1059/1278/1234 176/1273/1229
f 227/1211/1169 1110/1216/1174 2773/1279/1235 1989/1276/1232
f 1110/1216/1174 279/1215/1173 1990/1280/1236 2773/1279/1235
f 2773/1279/1235 1990/1280/1236 280/1281/1237 1111/1282/1238
f 1989/1276/1232 2773/1279/1235 1111/1282/1238 228/1277/1233
f 279/1215/1173 1162/1220/1178 2774/1283/1239 1990/1280/1236
f 1162/1220/1178 331/1219/1177 1991/1284/1240 2774/1283/1239
f 2774/1283/1239 1991/1284/1240 332/1285/1241 1163/1286/1242
f 1990/1280/1236 2774/1283/1239 1163/1286/1242 280/1281/1237
f 331/1219/1177 1214/1224/1182 2775/1287/1243 1991/1284/1240
f 1214/1224/1182 383/1223/1181 1992/1288/1244 2775/1287/1243
f 2775/1287/1243 1992/1288/1244 384/1289/1245 1215/1290/1246
f 1991/1284/1240 2775/1287/1243 1215/1290/1246 332/1285/1241
f 383/1223/1181 1266/1228/1186 2776/1291/1247 1992/1288/1244
f 1266/1228/1186 435/1227/1185 1993/1292/1248 2776/1291/1247
f 2776/1291/1247 1993/1292/1248 436/1293/1249 1267/1294/1250
f 1992/1288/1244 2776/1291/1247 1267/1294/1250 384/1289/1245
f 435/1227/1185 1318/1232/1190 2777/1295/1251 1993/1292/1248
f 1318/1232/1190 487/1231/1189 1994/1296/1252 2777/1295/1251
f 2777/1295/1251 1994/1296/1252 488/1297/1253 1319/1298/1254
f 1993/1292/1248 2777/1295/1251 1319/1298/1254 436/1293/1249
f 487/1231/1189 1370/1236/1194 2778/1299/1255 1994/1296/1252
f 1370/1236/1194 539/1235/1193 1995/1300/1256 2778/1299/1255
f 2778/1299/1255 1995/1300/1256 540/1301/1257 1371/1302/1258
f 1994/1296/1252 2778/1299/1255 1371/1302/1258 488/1297/1253
f 539/1235/1193 1422/1240/1198 2779/1303/1259 1995/1300/1256
f 1422/1240/1198 591/1239/1197 1996/1304/1260 2779/1303/1259
f 2779/1303/1259 1996/1304/1260 592/1305/1261 1423/1306/1262
f 1995/1300/1256 2779/1303/1259 1423/1306/1262 540/1301/1257
f 591/1239/1197 1474/1244/1202 2780/1307/1263 1996/1304/1260
f 1474/1244/1202 643/1243/1201 1997/1308/1264 2780/1307/1263
f 2780/1307/1263 1997/1308/1264 644/1309/1265 1475/1310/1266
f 1996/1304/1260 2780/1307/1263 1475/1310/1266 592/1305/1261
f 643/1243/1201 1526/1248/1206 2781/1311/1267 1997/1308/1264
f 1526/1248/1206 695/1247/1205 1998/1312/1268 2781/1311/1267
f 2781/1311/1267 1998/1312/1268 696/1313/1269 1527/1314/1270
f 1997/1308/1264 2781/1311/1267 1527/1314/1270 644/1309/1265
f 695/1247/1205 1578/1252/1210 2782/1315/1271 1998/1312/1268
f 1578/1252/1210 747/1251/1209 1999/1316/1272 2782/1315/1271
f 2782/1315/1271 1999/1316/1272 748/1317/1273 1579/1318/1274
f 1998/1312/1268 2782/1315/1271 1579/1318/1274 696/1313/1269
f 747/1251/1209 1630/1256/1214 2783/1319/1275 1999/1316/1272
f 1630/1256/1214 799/1255/1213 2000/1320/1276 2783/1319/1275
f 2783/1319/1275 2000/1320/1276 800/1321/1277 1631/1322/1278
f 1999/1316/1272 2783/1319/1275 1631/1322/1278 748/1317/1273
f 799/1255/1213 1682/1260/1216 2784/1323/1279 2000/1320/1276
f 1682/1260/1216 19/1259/1158 851/1324/1218 2784/1323/1279
f 2784/1323/1279 851/1324/1218 20/1325/1222 1683/1326/1280
f 2000/1320/1276 2784/1323/1279 1683/1326/1280 800/1321/1277
f 20/1266/1222 903/1265/1221 2785/1327/1281 852/1328/1282
f 903/1265/1221 72/1264/1220 2001/1329/1283 2785/1327/1281
f 2785/1327/1281 2001/1329/1283 73/1330/1284 904/1331/1285
f 852/1328/1282 2785/1327/1281 904/1331/1285 21/1332/1286
f 72/1264/1220 955/1270/1226 2786/1333/1287 2001/1329/1283
f 955/1270/1226 124/1269/1225 2002/1334/1288 2786/1333/1287
f 2786/1333/1287 2002/1334/1288 125/1335/1289 956/1336/1290
f 2001/1329/1283 2786/1333/1287 956/1336/1290 73/1330/1284
f 124/1269/1225 1007/1274/1230 2787/1337/1291 2002/1334/1288
f 1007/1274/1230 176/1273/1229 2003/1338/1292 2787/1337/1291
f 2787/1337/1291 2003/1338/1292 177/1339/1293 1008/1340/1294
f 2002/1334/1288 2787/1337/1291 1008/1340/1294 125/1335/1289
f 176/1273/1229 1059/1278/1234 2788/1341/1295 2003/1338/1292
f 1059/1278/1234 228/1277/1233 2004/1342/1296 2788/1341/1295
f 2788/1341/1295 2004/1342/1296 229/1343/1297 1060/1344/1298
f 2003/1338/1292 2788/1341/1295 1060/1344/1298 177/1339/1293
f 228/1277/1233 1111/1282/1238 2789/1345/1299 2004/1342/1296
f 1111/1282/1238 280/1281/1237 2005/1346/1300 2789/1345/1299
f 2789/1345/1299 2005/1346/1300 281/1347/1301 1112/1348/1302
f 2004/1342/1296 2789/1345/1299 1112/1348/1302 229/1343/1297
f 280/1281/1237 1163/1286/1242 2790/1349/1303 2005/1346/1300
f 1163/1286/1242 332/1285/1241 2006/1350/1304 2790/1349/1303
f 2790/1349/1303 2006/1350/1304 333/1351/1305 1164/1352/1306
f 2005/1346/1300 2790/1349/1303 1164/1352/1306 281/1347/1301
f 332/1285/1241 1215/1290/1246 2791/1353/1307 2006/1350/1304
f 1215/1290/1246 384/1289/1245 2007/1354/1308 2791/1353/1307
f 2791/1353/1307 2007/1354/1308 385/1355/1309 1216/1356/1310
f 2006/1350/1304 2791/1353/1307 1216/1356/1310 333/1351/1305
f 384/1289/1245 1267/1294/1250 2792/1357/1311 2007/1354/1308
f 1267/1294/1250 436/1293/1249 2008/1358/1312 2792/1357/1311
f 2792/1357/1311 2008/1358/1312 437/1359/1313 1268/1360/1314
f 2007/1354/1308 2792/1357/1311 1268/1360/1314 385/1355/1309
f 436/1293/1249 1319/1298/1254 2793/1361/1315 2008/1358/1312
f 1319/1298/1254 488/1297/1253 2009/1362/1316 2793/1361/1315
f 2793/1361/1315 2009/1362/1316 489/1363/1317 1320/1364/1318
f 2008/1358/1312 2793/1361/1315 1320/1364/1318 437/1359/1313
f 488/1297/1253 1371/1302/1258 2794/1365/1319 2009/1362/1316
f 1371/1302/1258 540/1301/1257 2010/1366/1320 2794/1365/1319
f 2794/1365/1319 2010/1366/1320 541/1367/1321 1372/1368/1322
f 2009/1362/1316 2794/1365/1319 1372/1368/1322 489/1363/1317
f 540/1301/1257 1423/1306/1262 2795/1369/1323 2010/1366/1320
f 1423/1306/1262 592/1305/1261 2011/1370/1324 2795/1369/1323
f 2795/1369/1323 2011/1370/1324 593/1371/1325 1424/1372/1326
f 2010/1366/1320 2795/1369/1323 1424/1372/1326 541/1367/1321
f 592/1305/1261 1475/1310/1266 2796/1373/1327 2011/1370/1324
f 1475/1310/1266 644/1309/1265 2012/1374/1328 2796/1373/1327
f 2796/1373/1327 2012/1374/1328 645/1375/1329 1476/1376/1330
f 2011/1370/1324 2796/1373/1327 1476/1376/1330 593/1371/1325
f 644/1309/1265 1527/1314/1270 2797/1377/1331 2012/1374/1328
f 1527/1314/1270 696/1313/1269 2013/1378/1332 2797/1377/1331
f 2797/1377/1331 2013/1378/1332 697/1379/1333 1528/1380/1334
f 2012/1374/1328 2797/1377/1331 1528/1380/1334 645/1375/1329
f 696/1313/1269 1579/1318/1274 2798/1381/1335 2013/1378/1332
f 1579/1318/1274 748/1317/1273 2014/1382/1336 2798/1381/1335
f 2798/1381/1335 2014/1382/1336 749/1383/1337 1580/1384/1338
f 2013/1378/1332 2798/1381/1335 1580/1384/1338 697/1379/1333
f 748/1317/1273 1631/1322/1278 2799/1385/1339 2014/1382/1336
f 1631/1322/1278 800/1321/1277 2015/1386/1340 2799/1385/1339
f 2799/1385/1339 2015/1386/1340 801/1387/1341 1632/1388/1342
f 2014/1382/1336 2799/1385/1339 1632/1388/1342 749/1383/1337
f 800/1321/1277 1683/1326/1280 2800/1389/1343 2015/1386/1340
f 1683/1326/1280 20/1325/1222 852/1390/1282 2800/1389/1343
f 2800/1389/1343 852/1390/1282 21/1391/1286 1684/1392/1344
f 2015/1386/1340 2800/1389/1343 1684/1392/1344 801/1387/1341
f 21/1332/1286 904/1331/1285 2801/1393/1345 853/1394/1346
f 904/1331/1285 73/1330/1284 2016/1395/1347 2801/1393/1345
f 2801/1393/1345 2016/1395/1347 74/1396/1348 905/1397/1349
f 853/1394/1346 2801/1393/1345 905/1397/1349 22/1398/1350
f 73/1330/1284 956/1336/1290 2802/1399/1351 2016/1395/1347
f 956/1336/1290 125/1335/1289 2017/1400/1352 2802/1399/1351
f 2802/1399/1351 2017/1400/1352 126/1401/1353 957/1402/1354
f 2016/1395/1347 2802/1399/1351 957/1402/1354 74/1396/1348
f 125/1335/1289 1008/1340/1294 2803/1403/1355 2017/1400/1352
f 1008/1340/1294 177/1339/1293 2018/1404/1356 2803/1403/1355
f 2803/1403/1355 2018/1404/1356 178/1405/1357 1009/1406/1358
f 2017/1400/1352 2803/1403/1355 1009/1406/1358 126/1401/1353
f 177/1339/1293 1060/1344/1298 2804/1407/1359 2018/1404/1356
f 1060/1344/1298 229/1343/1297 2019/1408/1360 2804/1407/1359
f 2804/1407/1359 2019/1408/1360 230/1409/1361 1061/1410/1362
f 2018/1404/1356 2804/1407/1359 1061/1410/1362 178/1405/1357
f 229/1343/1297 1112/1348/1302 2805/1411/1363 2019/1408/1360
f 1112/1348/1302 281/1347/1301 2020/1412/1364 2805/1411/1363
f 2805/1411/1363 2020/1412/1364 282/1413/1365 1113/1414/1366
f 2019/1408/1360 2805/1411/1363 1113/1414/1366 230/1409/1361
f 281/1347/1301 1164/1352/1306 2806/1415/1367 2020/1412/1364
f 1164/1352/1306 333/1351/1305 2021/1416/1368 2806/1415/1367
f 2806/1415/1367 2021/1416/1368 334/1417/1369 1165/1418/1370
f 2020/1412/1364 2806/1415/1367 1165/1418/1370 282/1413/1365
f 333/1351/1305 1216/1356/1310 2807/1419/1371 2021/1416/1368
f 1216/1356/1310 385/1355/1309 2022/1420/1372 2807/1419/1371
f 2807/1419/1371 2022/1420/1372 386/1421/1373 1217/1422/1374
f 2021/1416/1368 2807/1419/1371 1217/1422/1374 334/1417/1369
f 385/1355/1309 1268/1360/1314 2808/1423/1375 2022/1420/1372
f 1268/1360/1314 437/1359/1313 2023/1424/1376 2808/1423/1375
f 2808/1423/1375 2023/1424/1376 438/1425/1377 1269/1426/1378
f 2022/1420/1372 2808/1423/1375 1269/1426/1378 386/1421/1373
f 437/1359/1313 1320/1364/1318 2809/1427/1379 2023/1424/1376
f 1320/1364/1318 489/1363/1317 2024/1428/1380 2809/1427/1379
f 2809/1427/1379 2024/1428/1380 490/1429/1381 1321/1430/1382
f 2023/1424/1376 2809/1427/1379 1321/1430/1382 438/1425/1377
f 489/1363/1317 1372/1368/1322 2810/1431/1383 2024/1428/1380
f 1372/1368/1322 541/1367/1321 2025/1432/1384 2810/1431/1383
f 2810/1431/1383 2025/1432/1384 542/1433/1385 1373/1434/1386
f 2024/1428/1380 2810/1431/1383 1373/1434/1386 490/1429/1381
f 541/1367/1321 1424/1372/1326 2811/1435/1387 2025/1432/1384
f 1424/1372/1326 593/1371/1325 2026/1436/1388 2811/1435/1387
f 2811/1435/1387 2026/1436/1388 594/1437/1389 1425/1438/1390
f 2025/1432/1384 2811/1435/1387 1425/1438/1390 542/1433/1385
f 593/1371/1325 1476/1376/1330 2812/1439/1391 2026/1436/1388
f 1476/1376/1330 645/1375/1329 2027/1440/1392 2812/1439/1391
f 2812/1439/1391 2027/1440/1392 646/1441/1393 1477/1442/1394
f 2026/1436/1388 2812/1439/1391 1477/1442/1394 594/1437/1389
f 645/1375/1329 1528/1380/1334 2813/1443/1395 2027/1440/1392
f 1528/1380/1334 697/1379/1333 2028/1444/1396 2813/1443/1395
f 2813/1443/1395 2028/1444/1396 698/1445/1397 1529/1446/1398
f 2027/1440/1392 2813/1443/1395 1529/1446/1398 646/1441/1393
f 697/1379/1333 1580/1384/1338 2814/1447/1399 2028/1444/1396
f 1580/1384/1338 749/1383/1337 2029/1448/1400 2814/1447/1399
f 2814/1447/1399 2029/1448/1400 750/1449/1401 1581/1450/1402
f 2028/1444/1396 2814/1447/1399 1581/1450/1402 698/1445/1397
f 749/1383/1337 1632/1388/1342 2815/1451/1403 2029/1448/1400
f 1632/1388/1342 801/1387/1341 2030/1452/1404 2815/1451/1403
f 2815/1451/1403 2030/1452/1404 802/1453/1405 1633/1454/1406
f 2029/1448/1400 2815/1451/1403 1633/1454/1406 750/1449/1401
f 801/1387/1341 1684/1392/1344 2816/1455/1407 2030/1452/1404
f 1684/1392/1344 21/1391/1286 853/1456/1346 2816/1455/1407
f 2816/1455/1407 853/1456/1346 22/1457/1350 1685/1458/1408
f 2030/1452/1404 2816/1455/1407 1685/1458/1408 802/1453/1405
f 22/1398/1350 905/1397/1349 2817/1459/1409 854/1460/1410
f 905/1397/1349 74/1396/1348 2031/1461/1411 2817/1459/1409
f 2817/1459/1409 2031/1461/1411 75/1462/1412 906/1463/1413
f 854/1460/1410 2817/1459/1409 906/1463/1413 23/1464/1414
f 74/1396/1348 957/1402/1354 2818/1465/1415 2031/1461/1411
f 957/1402/1354 126/1401/1353 2032/1466/1416 2818/1465/1415
f 2818/1465/1415 2032/1466/1416 127/1467/1417 958/1468/1418
f 2031/1461/1411 2818/1465/1415 958/1468/1418 75/1462/1412
f 126/1401/1353 1009/1406/1358 2819/1469/1419 2032/1466/1416
f 1009/1406/1358 178/1405/1357 2033/1470/1420 2819/1469/1419
f 2819/1469/1419 2033/1470/1420 179/1471/1421 1010/1472/1422
f 2032/1466/1416 2819/1469/1419 1010/1472/1422 127/1467/1417
f 178/1405/1357 1061/1410/1362 2820/1473/1423 2033/1470/1420
f 1061/1410/1362 230/1409/1361 2034/1474/1424 2820/1473/1423
f 2820/1473/1423 2034/1474/1424 231/1475/1425 1062/1476/1426
f 2033/1470/1420 2820/1473/1423 1062/1476/1426 179/1471/1421
f 230/1409/1361 1113/1414/1366 2821/1477/1427 2034/1474/1424
f 1113/1414/1366 282/1413/1365 2035/1478/1428 2821/1477/1427
f 2821/1477/1427 2035/1478/1428 283/1479/1429 1114/1480/1430
f 2034/1474/1424 2821/1477/1427 1114/1480/1430 231/1475/1425
f 282/1413/1365 1165/1418/1370 2822/1481/1431 2035/1478/1428
f 1165/1418/1370 334/1417/1369 2036/1482/1432 2822/1481/1431
f 2822/1481/1431 2036/1482/1432 335/1483/1433 1166/1484/1434
f 2035/1478/1428 2822/1481/1431 1166/1484/1434 283/1479/1429
f 334/1417/1369 1217/1422/1374 2823/1485/1435 2036/1482/1432
f 1217/1422/1374 386/1421/1373 2037/1486/1436 2823/1485/1435
f 2823/1485/1435 2037/1486/1436 387/1487/1437 1218/1488/1438
f 2036/1482/1432 2823/1485/1435 1218/1488/1438 335/1483/1433
f 386/1421/1373 1269/1426/1378 2824/1489/1439 2037/1486/1436
f 1269/1426/1378 438/1425/1377 2038/1490/1440 2824/1489/1439
f 2824/1489/1439 2038/1490/1440 439/1491/1441 1270/1492/1442
f 2037/1486/1436 2824/1489/1439 1270/1492/1442 387/1487/1437
f 438/1425/1377 1321/1430/1382 2825/1493/1443 2038/1490/1440
f 1321/1430/1382 490/1429/1381 2039/1494/1444 2825/1493/1443
f 2825/1493/1443 2039/1494/1444 491/1495/1445 1322/1496/1446
f 2038/1490/1440 2825/1493/1443 1322/1496/1446 439/1491/1441
f 490/1429/1381 1373/1434/1386 2826/1497/1447 2039/1494/1444
f 1373/1434/1386 542/1433/1385 2040/1498/1448 2826/1497/1447
f 2826/1497/1447 2040/1498/1448 543/1499/1449 1374/1500/1450
f 2039/1494/1444 2826/1497/1447 1374/1500/1450 491/1495/1445
f 542/1433/1385 1425/1438/1390 2827/1501/1451 2040/1498/1448
f 1425/1438/1390 594/1437/1389 2041/1502/1452 2827/1501/1451
f 2827/1501/1451 2041/1502/1452 595/1503/1453 1426/1504/1454
f 2040/1498/1448 2827/1501/1451 1426/1504/1454 543/1499/1449
f 594/1437/1389 1477/1442/1394 2828/1505/1455 2041/1502/1452
f 1477/1442/1394 646/1441/1393 2042/1506/1456 2828/1505/1455
f 2828/1505/1455 2042/1506/1456 647/1507/1457 1478/1508/1458
f 2041/1502/1452 2828/1505/1455 1478/1508/1458 595/1503/1453
f 646/1441/1393 1529/1446/1398 2829/1509/1459 2042/1506/1456
f 1529/1446/1398 698/1445/1397 2043/1510/1460 2829/1509/1459
f 2829/1509/1459 2043/1510/1460 699/1511/1461 1530/1512/1462
f 2042/1506/1456 2829/1509/1459 1530/1512/1462 647/1507/1457
f 698/1445/1397 1581/1450/1402 2830/1513/1463 2043/1510/1460
f 1581/1450/1402 750/1449/1401 2044/1514/1464 2830/1513/1463
f 2830/1513/1463 2044/1514/1464 751/1515/1465 1582/1516/1466
f 2043/1510/1460 2830/1513/1463 1582/1516/1466 699/1511/1461
f 750/1449/1401 1633/1454/1406 2831/1517/1467 2044/1514/1464
f 1633/1454/1406 802/1453/1405 2045/1518/1468 2831/1517/1467
f 2831/1517/1467 2045/1518/1468 803/1519/1469 1634/1520/1470
f 2044/1514/1464 2831/1517/1467 1634/1520/1470 751/1515/1465
f 802/1453/1405 1685/1458/1408 2832/1521/1471 2045/1518/1468
f 1685/1458/1408 22/1457/1350 854/1522/1410 2832/1521/1471
f 2832/1521/1471 854/1522/1410 23/1523/1414 1686/1524/1472
f 2045/1518/1468 2832/1521/1471 1686/1524/1472 803/1519/1469
f 23/1464/1414 906/1463/1413 2833/1525/1473 855/1526/1474
f 906/1463/1413 75/1462/1412 2046/1527/1475 2833/1525/1473
f 2833/1525/1473 2046/1527/1475 76/1528/1476 907/1529/1477
f 855/1526/1474 2833/1525/1473 907/1529/1477 24/1530/1478
f 75/1462/1412 958/1468/1418 2834/1531/1479 2046/1527/1475
f 958/1468/1418 127/1467/1417 2047/1532/1480 2834/1531/1479
f 2834/1531/1479 2047/1532/1480 128/1533/1481 959/1534/1482
f 2046/1527/1475 2834/1531/1479 959/1534/1482 76/1528/1476
f 127/1467/1417 1010/1472/1422 2835/1535/1483 2047/1532/1480
f 1010/1472/1422 179/1471/1421 2048/1536/1484 2835/1535/1483
f 2835/1535/1483 2048/1536/1484 180/1537/1485 1011/1538/1486
f 2047/1532/1480 2835/1535/1483 1011/1538/1486 128/1533/1481
f 179/1471/1421 1062/1476/1426 2836/1539/1487 2048/1536/1484
f 1062/1476/1426 231/1475/1425 2049/1540/1488 2836/1539/1487
f 2836/1539/1487 2049/1540/1488 232/1541/1489 1063/1542/1490
f 2048/1536/1484 2836/1539/1487 1063/1542/1490 180/1537/1485
f 231/1475/1425 1114/1480/1430 2837/1543/1491 2049/1540/1488
f 1114/1480/1430 283/1479/1429 2050/1544/1492 2837/1543/1491
f 2837/1543/1491 2050/1544/1492 284/1545/1493 1115/1546/1494
f 2049/1540/1488 2837/1543/1491 1115/1546/1494 232/1541/1489
f 283/1479/1429 1166/1484/1434 2838/1547/1495 2050/1544/1492
f 1166/1484/1434 335/1483/1433 2051/1548/1496 2838/1547/1495
f 2838/1547/1495 2051/1548/1496 336/1549/1497 1167/1550/1498
f 2050/1544/1492 2838/1547/1495 1167/1550/1498 284/1545/1493
f 335/1483/1433 1218/1488/1438 2839/1551/1499 2051/1548/1496
f 1218/1488/1438 387/1487/1437 2052/1552/1500 2839/1551/1499
f 2839/1551/1499 2052/1552/1500 388/1553/1501 1219/1554/1502
f 2051/1548/1496 2839/1551/1499 1219/1554/1502 336/1549/1497
f 387/1487/1437 1270/1492/1442 2840/1555/1503 2052/1552/1500
f 1270/1492/1442 439/1491/1441 2053/1556/1504 2840/1555/1503
f 2840/1555/1503 2053/1556/1504 440/1557/1505 1271/1558/1506
f 2052/1552/1500 2840/1555/1503 1271/1558/1506 388/1553/1501
f 439/1491/1441 1322/1496/1446 2841/1559/1507 2053/1556/1504
f 1322/1496/1446 491/1495/1445 2054/1560/1508 2841/1559/1507
f 2841/1559/1507 2054/1560/1508 492/1561/1509 1323/1562/1510
f 2053/1556/1504 2841/1559/1507 1323/1562/1510 440/1557/1505
f 491/1495/1445 1374/1500/1450 2842/1563/1511 2054/1560/1508
f 1374/1500/1450 543/1499/1449 2055/1564/1512 2842/1563/1511
f 2842/1563/1511 2055/1564/1512 544/1565/1513 1375/1566/1514
f 2054/1560/1508 2842/1563/1511 1375/1566/1514 492/1561/1509
f 543/1499/1449 1426/1504/1454 2843/1567/1515 2055/1564/1512
f 1426/1504/1454 595/1503/1453 2056/1568/1516 2843/1567/1515
f 2843/1567/1515 2056/1568/1516 596/1569/1517 1427/1570/1518
f 2055/1564/1512 2843/1567/1515 1427/1570/1518 544/1565/1513
f 595/1503/1453 1478/1508/1458 2844/1571/1519 2056/1568/1516
f 1478/1508/1458 647/1507/1457 2057/1572/1520 2844/1571/1519
f 2844/1571/1519 2057/1572/1520 648/1573/1521 1479/1574/1522
f 2056/1568/1516 2844/1571/1519 1479/1574/1522 596/1569/1517
f 647/1507/1457 1530/1512/1462 2845/1575/1523 2057/1572/1520
f 1530/1512/1462 699/1511/1461 2058/1576/1524 2845/1575/1523
f 2845/1575/1523 2058/1576/1524 700/1577/1525 1531/1578/1526
f 2057/1572/1520 2845/1575/1523 1531/1578/1526 648/1573/1521
f 699/1511/1461 1582/1516/1466 2846/1579/1527 2058/1576/1524
f 1582/1516/1466 751/1515/1465 2059/1580/1528 2846/1579/1527
f 2846/1579/1527 2059/1580/1528 752/1581/1529 1583/1582/1530
f 2058/1576/1524 2846/1579/1527 1583/1582/1530 700/1577/1525
f 751/1515/1465 1634/1520/1470 2847/1583/1531 2059/1580/1528
f 1634/1520/1470 803/1519/1469 2060/1584/1532 2847/1583/1531
f 2847/1583/1531 2060/1584/1532 804/1585/1533 1635/1586/1534
f 2059/1580/1528 2847/1583/1531 1635/1586/1534 752/1581/1529
f 803/1519/1469 1686/1524/1472 2848/1587/1535 2060/1584/1532
f 1686/1524/1472 23/1523/1414 855/1588/1474 2848/1587/1535
f 2848/1587/1535 855/1588/1474 24/1589/1478 1687/1590/1536
f 2060/1584/1532 2848/1587/1535 1687/1590/1536 804/1585/1533
f 24/1530/1478 907/1529/1477 2849/1591/1537 856/1592/1538
f 907/1529/1477 76/1528/1476 2061/1593/1539 2849/1591/1537
f 2849/1591/1537 2061/1593/1539 77/1594/1540 908/1595/1541
f 856/1592/1538 2849/1591/1537 908/1595/1541 25/1596/1542
f 76/1528/1476 959/1534/1482 2850/1597/1543 2061/1593/1539
f 959/1534/1482 128/1533/1481 2062/1598/1544 2850/1597/1543
f 2850/1597/1543 2062/1598/1544 129/1599/1545 960/1600/1546
f 2061/1593/1539 2850/1597/1543 960/1600/1546 77/1594/1540
f 128/1533/1481 1011/1538/1486 2851/1601/1547 2062/1598/1544
f 1011/1538/1486 180/1537/1485 2063/1602/1548 2851/1601/1547
f 2851/1601/1547 2063/1602/1548 181/1603/1549 1012/1604/1550
f 2062/1598/1544 2851/1601/1547 1012/1604/1550 129/1599/1545
f 180/1537/1485 1063/1542/1490 2852/1605/1551 2063/1602/1548
f 1063/1542/1490 232/1541/1489 2064/1606/1552 2852/1605/1551
f 2852/1605/1551 2064/1606/1552 233/1607/1553 1064/1608/1554
f 2063/1602/1548 2852/1605/1551 1064/1608/1554 181/1603/1549
f 232/1541/1489 1115/1546/1494 2853/1609/1555 2064/1606/1552
f 1115/1546/1494 284/1545/1493 2065/1610/1556 2853/1609/1555
f 2853/1609/1555 2065/1610/1556 285/1611/1557 1116/1612/1558
f 2064/1606/1552 2853/1609/1555 1116/1612/1558 233/1607/1553
f 284/1545/1493 1167/1550/1498 2854/1613/1559 2065/1610/1556
f 1167/1550/1498 336/1549/1497 2066/1614/1560 2854/1613/1559
f 2854/1613/1559 2066/1614/1560 337/1615/1561 1168/1616/1562
f 2065/1610/1556 2854/1613/1559 1168/1616/1562 285/1611/1557
f 336/1549/1497 1219/1554/1502 2855/1617/1563 2066/1614/1560
f 1219/1554/1502 388/1553/1501 2067/1618/1564 2855/1617/1563
f 2855/1617/1563 2067/1618/1564 389/1619/1565 1220/1620/1566
f 2066/1614/1560 2855/1617/1563 1220/1620/1566 337/1615/1561
f 388/1553/1501 1271/1558/1506 2856/1621/1567 2067/1618/1564
f 1271/1558/1506 440/1557/1505 2068/1622/1568 2856/1621/1567
f 2856/1621/1567 2068/1622/1568 441/1623/1569 1272/1624/1570
f 2067/1618/1564 2856/1621/1567 1272/1624/1570 389/1619/1565
f 440/1557/1505 1323/1562/1510 2857/1625/1571 2068/1622/1568
f 1323/1562/1510 492/1561/1509 2069/1626/1572 2857/1625/1571
f 2857/1625/1571 2069/1626/1572 493/1627/1573 1324/1628/1574
f 2068/1622/1568 2857/1625/1571 1324/1628/1574 441/1623/1569
f 492/1561/1509 1375/1566/1514 2858/1629/1575 2069/1626/1572
f 1375/1566/1514 544/1565/1513 2070/1630/1576 2858/1629/1575
f 2858/1629/1575 2070/1630/1576 545/1631/1577 1376/1632/1578
f 2069/1626/1572 2858/1629/1575 1376/1632/1578 493/1627/1573
f 544/1565/1513 1427/1570/1518 2859/1633/1579 2070/1630/1576
f 1427/1570/1518 596/1569/1517 2071/1634/1580 2859/1633/1579
f 2859/1633/1579 2071/1634/1580 597/1635/1581 1428/1636/1582
f 2070/1630/1576 2859/1633/1579 1428/1636/1582 545/1631/1577
f 596/1569/1517 1479/1574/1522 2860/1637/1583 2071/1634/1580
f 1479/1574/1522 648/1573/1521 2072/1638/1584 2860/1637/1583
f 2860/1637/1583 2072/1638/1584 649/1639/1585 1480/1640/1586
f 2071/1634/1580 2860/1637/1583 1480/1640/1586 597/1635/1581
f 648/1573/1521 1531/1578/1526 2861/1641/1587 2072/1638/1584
f 1531/1578/1526 700/1577/1525 2073/1642/1588 2861/1641/1587
f 2861/1641/1587 2073/1642/1588 701/1643/1589 1532/1644/1590
f 2072/1638/1584 2861/1641/1587 1532/1644/1590 649/1639/1585
f 700/1577/1525 1583/1582/1530 2862/1645/1591 2073/1642/1588
f 1583/1582/1530 752/1581/1529 2074/1646/1592 2862/1645/1591
f 2862/1645/1591 2074/1646/1592 753/1647/1593 1584/1648/1594
f 2073/1642/1588 2862/1645/1591 1584/1648/1594 701/1643/1589
f 752/1581/1529 1635/1586/1534 2863/1649/1595 2074/1646/1592
f 1635/1586/1534 804/1585/1533 2075/1650/1596 2863/1649/1595
f 2863/1649/1595 2075/1650/1596 805/1651/1597 1636/1652/1598
f 2074/1646/1592 2863/1649/1595 1636/1652/1598 753/1647/1593
f 804/1585/1533 1687/1590/1536 2864/1653/1599 2075/1650/1596
f 1687/1590/1536 24/1589/1478 856/1654/1538 2864/1653/1599
f 2864/1653/1599 856/1654/1538 25/1655/1542 1688/1656/1600
f 2075/1650/1596 2864/1653/1599 1688/1656/1600 805/1651/1597
f 25/1596/1542 908/1595/1541 2865/1657/1601 857/1658/1602
f 908/1595/1541 77/1594/1540 2076/1659/1603 2865/1657/1601
f 2865/1657/1601 2076/1659/1603 78/1660/1604 909/1661/1605
f 857/1658/1602 2865/1657/1601 909/1661/1605 26/1662/1606
f 77/1594/1540 960/1600/1546 2866/1663/1607 2076/1659/1603
f 960/1600/1546 129/1599/1545 2077/1664/1608 2866/1663/1607
f 2866/1663/1607 2077/1664/1608 130/1665/1609 961/1666/1610
f 2076/1659/1603 2866/1663/1607 961/1666/1610 78/1660/1604
f 129/1599/1545 1012/1604/1550 2867/1667/1611 2077/1664/1608
f 1012/1604/1550 181/1603/1549 2078/1668/1612 2867/1667/1611
f 2867/1667/1611 2078/1668/1612 182/1669/1613 1013/1670/1614
f 2077/1664/1608 2867/1667/1611 1013/1670/1614 130/1665/1609
f 181/1603/1549 1064/1608/1554 2868/1671/1615 2078/1668/1612
f 1064/1608/1554 233/1607/1553 2079/1672/1616 2868/1671/1615
f 2868/1671/1615 2079/1672/1616 234/1673/1617 1065/1674/1618
f 2078/1668/1612 2868/1671/1615 1065/1674/1618 182/1669/1613
f 233/1607/1553 1116/1612/1558 2869/1675/1619 2079/1672/1616
f 1116/1612/1558 285/1611/1557 2080/1676/1620 2869/1675/1619
f 2869/1675/1619 2080/1676/1620 286/1677/1621 1117/1678/1622
f 2079/1672/1616 2869/1675/1619 1117/1678/1622 234/1673/1617
f 285/1611/1557 1168/1616/1562 2870/1679/1623 2080/1676/1620
f 1168/1616/1562 337/1615/1561 2081/1680/1624 2870/1679/1623
f 2870/1679/1623 2081/1680/1624 338/1681/1625 1169/1682/1626
f 2080/1676/1620 2870/1679/1623 1169/1682/1626 286/1677/1621
f 337/1615/1561 1220/1620/1566 2871/1683/1627 2081/1680/1624
f 1220/1620/1566 389/1619/1565 2082/1684/1628 2871/1683/1627
f 2871/1683/1627 2082/1684/1628 390/1685/1629 1221/1686/1630
f 2081/1680/1624 2871/1683/1627 1221/1686/1630 338/1681/1625
f 389/1619/1565 1272/1624/1570 2872/1687/1631 2082/1684/1628
f 1272/1624/1570 441/1623/1569 2083/1688/1632 2872/1687/1631
f 2872/1687/1631 2083/1688/1632 442/1689/1633 1273/1690/1634
f 2082/1684/1628 2872/1687/1631 1273/1690/1634 390/1685/1629
f 441/1623/1569 1324/1628/1574 2873/1691/1635 2083/1688/1632
f 1324/1628/1574 493/1627/1573 2084/1692/1636 2873/1691/1635
f 2873/1691/1635 2084/1692/1636 494/1693/1637 1325/1694/1638
f 2083/1688/1632 2873/1691/1635 1325/1694/1638 442/1689/1633
f 493/1627/1573 1376/1632/1578 2874/1695/1639 2084/1692/1636
f 1376/1632/1578 545/1631/1577 2085/1696/1640 2874/1695/1639
f 2874/1695/1639 2085/1696/1640 546/1697/1641 1377/1698/1642
f 2084/1692/1636 2874/1695/1639 1377/1698/1642 494/1693/1637
f 545/1631/1577 1428/1636/1582 2875/1699/1643 2085/1696/1640
f 1428/1636/1582 597/1635/1581 2086/1700/1644 2875/1699/1643
f 2875/1699/1643 2086/1700/1644 598/1701/1645 1429/1702/1646
f 2085/1696/1640 2875/1699/1643 1429/1702/1646 546/1697/1641
f 597/1635/1581 1480/1640/1586 2876/1703/1647 2086/1700/1644
f 1480/1640/1586 649/1639/1585 2087/1704/1648 2876/1703/1647
f 2876/1703/1647 2087/1704/1648 650/1705/1649 1481/1706/1650
f 2086/1700/1644 2876/1703/1647 1481/1706/1650 598/1701/1645
f 649/1639/1585 1532/1644/1590 2877/1707/1651 2087/1704/1648
f 1532/1644/1590 701/1643/1589 2088/1708/1652 2877/1707/1651
f 2877/1707/1651 2088/1708/1652 702/1709/1653 1533/1710/1654
f 2087/1704/1648 2877/1707/1651 1533/1710/1654 650/1705/1649
f 701/1643/1589 1584/1648/1594 2878/1711/1655 2088/1708/1652
f 1584/1648/1594 753/1647/1593 2089/1712/1656 2878/1711/1655
f 2878/1711/1655 2089/1712/1656 754/1713/1657 1585/1714/1658
f 2088/1708/1652 2878/1711/1655 1585/1714/1658 702/1709/1653
f 753/1647/1593 1636/1652/1598 2879/1715/1659 2089/1712/1656
f 1636/1652/1598 805/1651/1597 2090/1716/1660 2879/1715/1659
f 2879/1715/1659 2090/1716/1660 806/1717/1661 1637/1718/1662
f 2089/1712/1656 2879/1715/1659 1637/1718/1662 754/1713/1657
f 805/1651/1597 1688/1656/1600 2880/1719/1663 2090/1716/1660
f 1688/1656/1600 25/1655/1542 857/1720/1602 2880/1719/1663
f 2880/1719/1663 857/1720/1602 26/1721/1606 1689/1722/1664
f 2090/1716/1660 2880/1719/1663 1689/1722/1664 806/1717/1661
f 26/1662/1606 909/1661/1605 2881/1723/1665 858/1724/1666
f 909/1661/1605 78/1660/1604 2091/1725/1667 2881/1723/1665
f 2881/1723/1665 2091/1725/1667 79/1726/1668 910/1727/1669
f 858/1724/1666 2881/1723/1665 910/1727/1669 27/1728/1670
f 78/1660/1604 961/1666/1610 2882/1729/1671 2091/1725/1667
f 961/1666/1610 130/1665/1609 2092/1730/1672 2882/1729/1671
f 2882/1729/1671 2092/1730/1672 131/1731/1673 962/1732/1674
f 2091/1725/1667 2882/1729/1671 962/1732/1674 79/1726/1668
f 130/1665/1609 1013/1670/1614 2883/1733/1675 2092/1730/1672
f 1013/1670/1614 182/1669/1613 2093/1734/1676 2883/1733/1675
f 2883/1733/1675 2093/1734/1676 183/1735/1677 1014/1736/1678
f 2092/1730/1672 2883/1733/1675 1014/1736/1678 131/1731/1673
f 182/1669/1613 1065/1674/1618 2884/1737/1679 2093/1734/1676
f 1065/1674/1618 234/1673/1617 2094/1738/1680 2884/1737/1679
f 2884/1737/1679 2094/1738/1680 235/1739/1681 1066/1740/1682
f 2093/1734/1676 2884/1737/1679 1066/1740/1682 183/1735/1677
f 234/1673/1617 1117/1678/1622 2885/1741/1683 2094/1738/1680
f 1117/1678/1622 286/1677/1621 2095/1742/1684 2885/1741/1683
f 2885/1741/1683 2095/1742/1684 287/1743/1685 1118/1744/1686
f 2094/1738/1680 2885/1741/1683 1118/1744/1686 235/1739/1681
f 286/1677/1621 1169/1682/1626 2886/1745/1687 2095/1742/1684
f 1169/1682/1626 338/1681/1625 2096/1746/1688 2886/1745/1687
f 2886/1745/1687 2096/1746/1688 339/1747/1689 1170/1748/1690
f 2095/1742/1684 2886/1745/1687 1170/1748/1690 287/1743/1685
f 338/1681/1625 1221/1686/1630 2887/1749/1691 2096/1746/1688
f 1221/1686/1630 390/1685/1629 2097/1750/1692 2887/1749/1691
f 2887/1749/1691 2097/1750/1692 391/1751/1693 1222/1752/1694
f 2096/1746/1688 2887/1749/1691 1222/1752/1694 339/1747/1689
f 390/1685/1629 1273/1690/1634 2888/1753/1695 2097/1750/1692
f 1273/1690/1634 442/1689/1633 2098/1754/1696 2888/1753/1695
f 2888/1753/1695 2098/1754/1696 443/1755/1697 1274/1756/1698
f 2097/1750/1692 2888/1753/1695 1274/1756/1698 391/1751/1693
f 442/1689/1633 1325/1694/1638 2889/1757/1699 2098/1754/1696
f 1325/1694/1638 494/1693/1637 2099/1758/1700 2889/1757/1699
f 2889/1757/1699 2099/1758/1700 495/1759/1701 1326/1760/1702
f 2098/1754/1696 2889/1757/1699 1326/1760/1702 443/1755/1697
f 494/1693/1637 1377/1698/1642 2890/1761/1703 2099/1758/1700
f 1377/1698/1642 546/1697/1641 2100/1762/1704 2890/1761/1703
f 2890/1761/1703 2100/1762/1704 547/1763/1705 1378/1764/1706
f 2099/1758/1700 2890/1761/1703 1378/1764/1706 495/1759/1701
f 546/1697/1641 1429/1702/1646 2891/1765/1707 2100/1762/1704
f 1429/1702/1646 598/1701/1645 2101/1766/1708 2891/1765/1707
f 2891/1765/1707 2101/1766/1708 599/1767/1709 1430/1768/1710
f 2100/1762/1704 2891/1765/1707 1430/1768/1710 547/1763/1705
f 598/1701/1645 1481/1706/1650 2892/1769/1711 2101/1766/1708
f 1481/1706/1650 650/1705/1649 2102/1770/1712 2892/1769/1711
f 2892/1769/1711 2102/1770/1712 651/1771/1713 1482/1772/1714
f 2101/1766/1708 2892/1769/1711 1482/1772/1714 599/1767/1709
f 650/1705/1649 1533/1710/1654 2893/1773/1715 2102/1770/1712
f 1533/1710/1654 702/1709/1653 2103/1774/1716 2893/1773/1715
f 2893/1773/1715 2103/1774/1716 703/1775/1717 1534/1776/1718
f 2102/1770/1712 2893/1773/1715 1534/1776/1718 651/1771/1713
f 702/1709/1653 1585/1714/1658 2894/1777/1719 2103/1774/1716
f 1585/1714/1658 754/1713/1657 2104/1778/1720 2894/1777/1719
f 2894/1777/1719 2104/1778/1720 755/1779/1721 1586/1780/1722
f 2103/1774/1716 2894/1777/1719 1586/1780/1722 703/1775/1717
f 754/1713/1657 1637/1718/1662 2895/1781/1723 2104/1778/1720
f 1637/1718/1662 806/1717/1661 2105/1782/1724 2895/1781/1723
f 2895/1781/1723 2105/1782/1724 807/1783/1725 1638/1784/1726
f 2104/1778/1720 2895/1781/1723 1638/1784/1726 755/1779/1721
f 806/1717/1661 1689/1722/1664 2896/1785/1727 2105/1782/1724
f 1689/1722/1664 26/1721/1606 858/1786/1666 2896/1785/1727
f 2896/1785/1727 858/1786/1666 27/1787/1670 1690/1788/1728
f 2105/1782/1724 2896/1785/1727 1690/1788/1728 807/1783/1725
f 27/1728/1670 910/1727/1669 2897/1789/1729 859/1790/1730
f 910/1727/1669 79/1726/1668 2106/1791/1731 2897/1789/1729
f 2897/1789/1729 2106/1791/1731 80/1792/1732 911/1793/1733
f 859/1790/1730 2897/1789/1729 911/1793/1733 28/1794/1734
f 79/1726/1668 962/1732/1674 2898/1795/1735 2106/1791/1731
f 962/1732/1674 131/1731/1673 2107/1796/1736 2898/1795/1735
f 2898/1795/1735 2107/1796/1736 132/1797/1737 963/1798/1738
f 2106/1791/1731 2898/1795/1735 963/1798/1738 80/1792/1732
f 131/1731/1673 1014/1736/1678 2899/1799/1739 2107/1796/1736
f 1014/1736/1678 183/1735/1677 2108/1800/1740 2899/1799/1739
f 2899/1799/1739 2108/1800/1740 184/1801/1741 1015/1802/1742
f 2107/1796/1736 2899/1799/1739 1015/1802/1742 132/1797/1737
f 183/1735/1677 1066/1740/1682 2900/1803/1743 2108/1800/1740
f 1066/1740/1682 235/1739/1681 2109/1804/1744 2900/1803/1743
f 2900/1803/1743 2109/1804/1744 236/1805/1745 1067/1806/1746
f 2108/1800/1740 2900/1803/1743 1067/1806/1746 184/1801/1741
f 235/1739/1681 1118/1744/1686 2901/1807/1747 2109/1804/1744
f 1118/1744/1686 287/1743/1685 2110/1808/1748 2901/1807/1747
f 2901/1807/1747 2110/1808/1748 288/1809/1749 1119/1810/1750
f 2109/1804/1744 2901/1807/1747 1119/1810/1750 236/1805/1745
f 287/1743/1685 1170/1748/1690 2902/1811/1751 2110/1808/1748
f 1170/1748/1690 339/1747/1689 2111/1812/1752 2902/1811/1751
f 2902/1811/1751 2111/1812/1752 340/1813/1753 1171/1814/1754
f 2110/1808/1748 2902/1811/1751 1171/1814/1754 288/1809/1749
f 339/1747/1689 1222/1752/1694 2903/1815/1755 2111/1812/1752
f 1222/1752/1694 391/1751/1693 2112/1816/1756 2903/1815/1755
f 2903/1815/1755 2112/1816/1756 392/1817/1757 1223/1818/1758
f 2111/1812/1752 2903/1815/1755 1223/1818/1758 340/1813/1753
f 391/1751/1693 1274/1756/1698 2904/1819/1759 2112/1816/1756
f 1274/1756/1698 443/1755/1697 2113/1820/1760 2904/1819/1759
f 2904/1819/1759 2113/1820/1760 444/1821/1761 1275/1822/1762
f 2112/1816/1756 2904/1819/1759 1275/1822/1762 392/1817/1757
f 443/1755/1697 1326/1760/1702 2905/1823/1763 2113/1820/1760
f 1326/1760/1702 495/1759/1701 2114/1824/1764 2905/1823/1763
f 2905/1823/1763 2114/1824/1764 496/1825/1765 1327/1826/1766
f 2113/1820/1760 2905/1823/1763 1327/1826/1766 444/1821/1761
f 495/1759/1701 1378/1764/1706 2906/1827/1767 2114/1824/1764
f 1378/1764/1706 547/1763/1705 2115/1828/1768 2906/1827/1767
f 2906/1827/1767 2115/1828/1768 548/1829/1769 1379/1830/1770
f 2114/1824/1764 2906/1827/1767 1379/1830/1770 496/1825/1765
f 547/1763/1705 1430/1768/1710 2907/1831/1771 2115/1828/1768
f 1430/1768/1710 599/1767/1709 2116/1832/1772 2907/1831/1771
f 2907/1831/1771 2116/1832/1772 600/1833/1773 1431/1834/1774
f 2115/1828/1768 2907/1831/1771 1431/1834/1774 548/1829/1769
f 599/1767/1709 1482/1772/1714 2908/1835/1775 2116/1832/1772
f 1482/1772/1714 651/1771/1713 2117/1836/1776 2908/1835/1775
f 2908/1835/1775 2117/1836/1776 652/1837/1777 1483/1838/1778
f 2116/1832/1772 2908/1835/1775 1483/1838/1778 600/1833/1773
f 651/1771/1713 1534/1776/1718 2909/1839/1779 2117/1836/1776
f 1534/1776/1718 703/1775/1717 2118/1840/1780 2909/1839/1779
f 2909/1839/1779 2118/1840/1780 704/1841/1781 1535/1842/1782
f 2117/1836/1776 2909/1839/1779 1535/1842/1782 652/1837/1777
f 703/1775/1717 1586/1780/1722 2910/1843/1783 2118/1840/1780
f 1586/1780/1722 755/1779/1721 2119/1844/1784 2910/1843/1783
f 2910/1843/1783 2119/1844/1784 756/1845/1785 1587/1846/1786
f 2118/1840/1780 2910/1843/1783 1587/1846/1786 704/1841/1781
f 755/1779/1721 1638/1784/1726 2911/1847/1787 2119/1844/1784
f 1638/1784/1726 807/1783/1725 2120/1848/1788 2911/1847/1787
f 2911/1847/1787 2120/1848/1788 808/1849/1789 1639/1850/1790
f 2119/1844/1784 2911/1847/1787 1639/1850/1790 756/1845/1785
f 807/1783/1725 1690/1788/1728 2912/1851/1791 2120/1848/1788
f 1690/1788/1728 27/1787/1670 859/1852/1730 2912/1851/1791
f 2912/1851/1791 859/1852/1730 28/1853/1734 1691/1854/1792
f 2120/1848/1788 2912/1851/1791 1691/1854/1792 808/1849/1789
f 28/1794/1734 911/1793/1733 2913/1855/1793 860/1856/1794
f 911/1793/1733 80/1792/1732 2121/1857/1795 2913/1855/1793
f 2913/1855/1793 2121/1857/1795 81/1858/1796 912/1859/1797
f 860/1856/1794 2913/1855/1793 912/1859/1797 29/1860/1798
f 80/1792/1732 963/1798/1738 2914/1861/1799 2121/1857/1795
f 963/1798/1738 132/1797/1737 2122/1862/1800 2914/1861/1799
f 2914/1861/1799 2122/1862/1800 133/1863/1801 964/1864/1802
f 2121/1857/1795 2914/1861/1799 964/1864/1802 81/1858/1796
f 132/1797/1737 1015/1802/1742 2915/1865/1803 2122/1862/1800
f 1015/1802/1742 184/1801/1741 2123/1866/1804 2915/1865/1803
f 2915/1865/1803 2123/1866/1804 185/1867/1805 1016/1868/1806
f 2122/1862/1800 2915/1865/1803 1016/1868/1806 133/1863/1801
f 184/1801/1741 1067/1806/1746 2916/1869/1807 2123/1866/1804
f 1067/1806/1746 236/1805/1745 2124/1870/1808 2916/1869/1807
f 2916/1869/1807 2124/1870/1808 237/1871/1809 1068/1872/1810
f 2123/1866/1804 2916/1869/1807 1068/1872/1810 185/1867/1805
f 236/1805/1745 1119/1810/1750 2917/1873/1811 2124/1870/1808
f 1119/1810/1750 288/1809/1749 2125/1874/1812 2917/1873/1811
f 2917/1873/1811 2125/1874/1812 289/1875/1813 1120/1876/1814
f 2124/1870/1808 2917/1873/1811 1120/1876/1814 237/1871/1809
f 288/1809/1749 1171/1814/1754 2918/1877/1815 2125/1874/1812
f 1171/1814/1754 340/1813/1753 2126/1878/1816 2918/1877/1815
f 2918/1877/1815 2126/1878/1816 341/1879/1817 1172/1880/1818
f 2125/1874/1812 2918/1877/1815 1172/1880/1818 289/1875/1813
f 340/1813/1753 1223/1818/1758 2919/1881/1819 2126/1878/1816
f 1223/1818/1758 392/1817/1757 2127/1882/1820 2919/1881/1819
f 2919/1881/1819 2127/1882/1820 393/1883/1821 1224/1884/1822
f 2126/1878/1816 2919/1881/1819 1224/1884/1822 341/1879/1817
f 392/1817/1757 1275/1822/1762 2920/1885/1823 2127/1882/1820
f 1275/1822/1762 444/1821/1761 2128/1886/1824 2920/1885/1823
f 2920/1885/1823 2128/1886/1824 445/1887/1825 1276/1888/1826
f 2127/1882/1820 2920/1885/1823 1276/1888/1826 393/1883/1821
f 444/1821/1761 1327/1826/1766 2921/1889/1827 2128/1886/1824
f 1327/1826/1766 496/1825/1765 2129/1890/1828 2921/1889/1827
f 2921/1889/1827 2129/1890/1828 497/1891/1829 1328/1892/1830
f 2128/1886/1824 2921/1889/1827 1328/1892/1830 445/1887/1825
f 496/1825/1765 1379/1830/1770 2922/1893/1831 2129/1890/1828
f 1379/1830/1770 548/1829/1769 2130/1894/1832 2922/1893/1831
f 2922/1893/1831 2130/1894/1832 549/1895/1833 1380/1896/1834
f 2129/1890/1828 2922/1893/1831 1380/1896/1834 497/1891/1829
f 548/1829/1769 1431/1834/1774 2923/1897/1835 2130/1894/1832
f 1431/1834/1774 600/1833/1773 2131/1898/1836 2923/1897/1835
f 2923/1897/1835 2131/1898/1836 601/1899/1837 1432/1900/1838
f 2130/1894/1832 2923/1897/1835 1432/1900/1838 549/1895/1833
f 600/1833/1773 1483/1838/1778 2924/1901/1839 2131/1898/1836
f 1483/1838/1778 652/1837/1777 2132/1902/1840 2924/1901/1839
f 2924/1901/1839 2132/1902/1840 653/1903/1841 1484/1904/1842
f 2131/1898/1836 2924/1901/1839 1484/1904/1842 601/1899/1837
f 652/1837/1777 1535/1842/1782 2925/1905/1843 2132/1902/1840
f 1535/1842/1782 704/1841/1781 2133/1906/1844 2925/1905/1843
f 2925/1905/1843 2133/1906/1844 705/1907/1845 1536/1908/1846
f 2132/1902/1840 2925/1905/1843 1536/1908/1846 653/1903/1841
f 704/1841/1781 1587/1846/1786 2926/1909/1847 2133/1906/1844
f 1587/1846/1786 756/1845/1785 2134/1910/1848 2926/1909/1847
f 2926/1909/1847 2134/1910/1848 757/1911/1849 1588/1912/1850
f 2133/1906/1844 2926/1909/1847 1588/1912/1850 705/1907/1845
f 756/1845/1785 1639/1850/1790 2927/1913/1851 2134/1910/1848
f 1639/1850/1790 808/1849/1789 2135/1914/1852 2927/1913/1851
f 2927/1913/1851 2135/1914/1852 809/1915/1853 1640/1916/1854
f 2134/1910/1848 2927/1913/1851 1640/1916/1854 757/1911/1849
f 808/1849/1789 1691/1854/1792 2928/1917/1855 2135/1914/1852
f 1691/1854/1792 28/1853/1734 860/1918/1794 2928/1917/1855
f 2928/1917/1855 860/1918/1794 29/1919/1798 1692/1920/1856
f 2135/1914/1852 2928/1917/1855 1692/1920/1856 809/1915/1853
f 50/1921/1857 933/1922/1858 2929/1923/1859 861/1924/1860
f 933/1922/1858 102/1925/1861 2136/1926/1862 2929/1923/1859
f 2929/1923/1859 2136/1926/1862 82/1927/1863 913/1928/1864
f 861/1924/1860 2929/1923/1859 913/1928/1864 30/1929/1865
f 102/1925/1861 985/1930/1866 2930/1931/1867 2136/1926/1862
f 985/1930/1866 154/1932/1868 2137/1933/1869 2930/1931/1867
f 2930/1931/1867 2137/1933/1869 134/1934/1870 965/1935/1871
f 2136/1926/1862 2930/1931/1867 965/1935/1871 82/1927/1863
f 154/1932/1868 1037/1936/1872 2931/1937/1873 2137/1933/1869
f 1037/1936/1872 206/1938/1874 2138/1939/1875 2931/1937/1873
f 2931/1937/1873 2138/1939/1875 186/1940/1876 1017/1941/1877
f 2137/1933/1869 2931/1937/1873 1017/1941/1877 134/1934/1870
f 206/1938/1874 1089/1942/1878 2932/1943/1879 2138/1939/1875
f 1089/1942/1878 258/1944/1880 2139/1945/1881 2932/1943/1879
f 2932/1943/1879 2139/1945/1881 238/1946/1882 1069/1947/1883
f 2138/1939/1875 2932/1943/1879 1069/1947/1883 186/1940/1876
f 258/1944/1880 1141/1948/1884 2933/1949/1885 2139/1945/1881
f 1141/1948/1884 310/1950/1886 2140/1951/1887 2933/1949/1885
f 2933/1949/1885 2140/1951/1887 290/1952/1888 1121/1953/1889
f 2139/1945/1881 2933/1949/1885 1121/1953/1889 238/1946/1882
f 310/1950/1886 1193/1954/1890 2934/1955/1891 2140/1951/1887
f 1193/1954/1890 362/1956/1892 2141/1957/1893 2934/1955/1891
f 2934/1955/1891 2141/1957/1893 342/1958/1894 1173/1959/1895
f 2140/1951/1887 2934/1955/1891 1173/1959/1895 290/1952/1888
f 362/1956/1892 1245/1960/1896 2935/1961/1897 2141/1957/1893
f 1245/1960/1896 414/1962/1898 2142/1963/1899 2935/1961/1897
f 2935/1961/1897 2142/1963/1899 394/1964/1900 1225/1965/1901
f 2141/1957/1893 2935/1961/1897 1225/1965/1901 342/1958/1894
f 414/1962/1898 1297/1966/1902 2936/1967/1903 2142/1963/1899
f 1297/1966/1902 466/1968/1904 2143/1969/1905 2936/1967/1903
f 2936/1967/1903 2143/1969/1905 446/1970/1906 1277/1971/1907
f 2142/1963/1899 2936/1967/1903 1277/1971/1907 394/1964/1900
f 466/1968/1904 1349/1972/1908 2937/1973/1909 2143/1969/1905
f 1349/1972/1908 518/1974/1910 2144/1975/1911 2937/1973/1909
f 2937/1973/1909 2144/1975/1911 498/1976/1912 1329/1977/1913
f 2143/1969/1905 2937/1973/1909 1329/1977/1913 446/1970/1906
f 518/1974/1910 1401/1978/1914 2938/1979/1915 2144/1975/1911
f 1401/1978/1914 570/1980/1916 2145/1981/1917 2938/1979/1915
f 2938/1979/1915 2145/1981/1917 550/1982/1918 1381/1983/1919
f 2144/1975/1911 2938/1979/1915 1381/1983/1919 498/1976/1912
f 570/1980/1916 1453/1984/1920 2939/1985/1921 2145/1981/1917
f 1453/1984/1920 622/1986/1922 2146/1987/1923 2939/1985/1921
f 2939/1985/1921 2146/1987/1923 602/1988/1924 1433/1989/1925
f 2145/1981/1917 2939/1985/1921 1433/1989/1925 550/1982/1918
f 622/1986/1922 1505/1990/1926 2940/1991/1927 2146/1987/1923
f 1505/1990/1926 674/1992/1928 2147/1993/1929 2940/1991/1927
f 2940/1991/1927 2147/1993/1929 654/1994/1930 1485/1995/1931
f 2146/1987/1923 2940/1991/1927 1485/1995/1931 602/1988/1924
f 674/1992/1928 1557/1996/1932 2941/1997/1933 2147/1993/1929
f 1557/1996/1932 726/1998/1934 2148/1999/1935 2941/1997/1933
f 2941/1997/1933 2148/1999/1935 706/2000/1936 1537/2001/1937
f 2147/1993/1929 2941/1997/1933 1537/2001/1937 654/1994/1930
f 726/1998/1934 1609/2002/1938 2942/2003/1939 2148/1999/1935
f 1609/2002/1938 778/2004/1940 2149/2005/1941 2942/2003/1939
f 2942/2003/1939 2149/2005/1941 758/2006/1942 1589/2007/1943
f 2148/1999/1935 2942/2003/1939 1589/2007/1943 706/2000/1936
f 778/2004/1940 1661/2008/1944 2943/2009/1945 2149/2005/1941
f 1661/2008/1944 830/2010/1946 2150/2011/1947 2943/2009/1945
f 2943/2009/1945 2150/2011/1947 810/2012/1948 1641/2013/1949
f 2149/2005/1941 2943/2009/1945 1641/2013/1949 758/2006/1942
f 830/2010/1946 1713/2014/1950 2944/2015/1951 2150/2011/1947
f 1713/2014/1950 50/2016/1857 861/2017/1860 2944/2015/1951
f 2944/2015/1951 861/2017/1860 30/2018/1865 1693/2019/1952
f 2150/2011/1947 2944/2015/1951 1693/2019/1952 810/2012/1948
f 30/1929/1865 913/1928/1864 2945/2020/1953 862/2021/1954
f 913/1928/1864 82/1927/1863 2151/2022/1955 2945/2020/1953
f 2945/2020/1953 2151/2022/1955 83/2023/1956 914/2024/1957
f 862/2021/1954 2945/2020/1953 914/2024/1957 31/2025/1958
f 82/1927/1863 965/1935/1871 2946/2026/1959 2151/2022/1955
f 965/1935/1871 134/1934/1870 2152/2027/1960 2946/2026/1959
f 2946/2026/1959 2152/2027/1960 135/2028/1961 966/2029/1962
f 2151/2022/1955 2946/2026/1959 966/2029/1962 83/2023/1956
f 134/1934/1870 1017/1941/1877 2947/2030/1963 2152/2027/1960
f 1017/1941/1877 186/1940/1876 2153/2031/1964 2947/2030/1963
f 2947/2030/1963 2153/2031/1964 187/2032/1965 1018/2033/1966
f 2152/2027/1960 2947/2030/1963 1018/2033/1966 135/2028/1961
f 186/1940/1876 1069/1947/1883 2948/2034/1967 2153/2031/1964
f 1069/1947/1883 238/1946/1882 2154/2035/1968 2948/2034/1967
f 2948/2034/1967 2154/2035/1968 239/2036/1969 1070/2037/1970
f 2153/2031/1964 2948/2034/1967 1070/2037/1970 187/2032/1965
f 238/1946/1882 1121/1953/1889 2949/2038/1971 2154/2035/1968
f 1121/1953/1889 290/1952/1888 2155/2039/1972 2949/2038/1971
f 2949/2038/1971 2155/2039/1972 291/2040/1973 1122/2041/1974
f 2154/2035/1968 2949/2038/1971 1122/2041/1974 239/2036/1969
f 290/1952/1888 1173/1959/1895 2950/2042/1975 2155/2039/1972
f 1173/1959/1895 342/1958/1894 2156/2043/1976 2950/2042/1975
f 2950/2042/1975 2156/2043/1976 343/2044/1977 1174/2045/1978
f 2155/2039/1972 2950/2042/1975 1174/2045/1978 291/2040/1973
f 342/1958/1894 1225/1965/1901 2951/2046/1979 2156/2043/1976
f 1225/1965/1901 394/1964/1900 2157/2047/1980 2951/2046/1979
f 2951/2046/1979 2157/2047/1980 395/2048/1981 1226/2049/1982
f 2156/2043/1976 2951/2046/1979 1226/2049/1982 343/2044/1977
f 394/1964/1900 1277/1971/1907 2952/2050/1983 2157/2047/1980
f 1277/1971/1907 446/1970/1906 2158/2051/1984 2952/2050/1983
f 2952/2050/1983 2158/2051/1984 447/2052/1985 1278/2053/1986
f 2157/2047/1980 2952/2050/1983 1278/2053/1986 395/2048/1981
f 446/1970/1906 1329/1977/1913 2953/2054/1987 2158/2051/1984
f 1329/1977/1913 498/1976/1912 2159/2055/1988 2953/2054/1987
f 2953/2054/1987 2159/2055/1988 499/2056/1989 1330/2057/1990
f 2158/2051/1984 2953/2054/1987 1330/2057/1990 447/2052/1985
f 498/1976/1912 1381/1983/1919 2954/2058/1991 2159/2055/1988
f 1381/1983/1919 550/1982/1918 2160/2059/1992 2954/2058/1991
f 2954/2058/1991 2160/2059/1992 551/2060/1993 1382/2061/1994
f 2159/2055/1988 2954/2058/1991 1382/2061/1994 499/2056/1989
f 550/1982/1918 1433/1989/1925 2955/2062/1995 2160/2059/1992
f 1433/1989/1925 602/1988/1924 2161/2063/1996 2955/2062/1995
f 2955/2062/1995 2161/2063/1996 603/2064/1997 1434/2065/1998
f 2160/2059/1992 2955/2062/1995 1434/2065/1998 551/2060/1993
f 602/1988/1924 1485/1995/1931 2956/2066/1999 2161/2063/1996
f 1485/1995/1931 654/1994/1930 2162/2067/2000 2956/2066/1999
f 2956/2066/1999 2162/2067/2000 655/2068/2001 1486/2069/2002
f 2161/2063/1996 2956/2066/1999 1486/2069/2002 603/2064/1997
f 654/1994/1930 1537/2001/1937 2957/2070/2003 2162/2067/2000
f 1537/2001/1937 706/2000/1936 2163/2071/2004 2957/2070/2003
f 2957/2070/2003 2163/2071/2004 707/2072/2005 1538/2073/2006
f 2162/2067/2000 2957/2070/2003 1538/2073/2006 655/2068/2001
f 706/2000/1936 1589/2007/1943 2958/2074/2007 2163/2071/2004
f 1589/2007/1943 758/2006/1942 2164/2075/2008 2958/2074/2007
f 2958/2074/2007 2164/2075/2008 759/2076/2009 1590/2077/2010
f 2163/2071/2004 2958/2074/2007 1590/2077/2010 707/2072/2005
f 758/2006/1942 1641/2013/1949 2959/2078/2011 2164/2075/2008
f 1641/2013/1949 810/2012/1948 2165/2079/2012 2959/2078/2011
f 2959/2078/2011 2165/2079/2012 811/2080/2013 1642/2081/2014
f 2164/2075/2008 2959/2078/2011 1642/2081/2014 759/2076/2009
f 810/2012/1948 1693/2019/1952 2960/2082/2015 2165/2079/2012
f 1693/2019/1952 30/2018/1865 862/2083/1954 2960/2082/2015
f 2960/2082/2015 862/2083/1954 31/2084/1958 1694/2085/2016
f 2165/2079/2012 2960/2082/2015 1694/2085/2016 811/2080/2013
f 31/2025/1958 914/2024/1957 2961/2086/2017 863/2087/2018
f 914/2024/1957 83/2023/1956 2166/2088/2019 2961/2086/2017
f 2961/2086/2017 2166/2088/2019 84/2089/2020 915/2090/2021
f 863/2087/2018 2961/2086/2017 915/2090/2021 32/2091/2022
f 83/2023/1956 966/2029/1962 2962/2092/2023 2166/2088/2019
f 966/2029/1962 135/2028/1961 2167/2093/2024 2962/2092/2023
f 2962/2092/2023 2167/2093/2024 136/2094/2025 967/2095/2026
f 2166/2088/2019 2962/2092/2023 967/2095/2026 84/2089/2020
f 135/2028/1961 1018/2033/1966 2963/2096/2027 2167/2093/2024
f 1018/2033/1966 187/2032/1965 2168/2097/2028 2963/2096/2027
f 2963/2096/2027 2168/2097/2028 188/2098/2029 1019/2099/2030
f 2167/2093/2024 2963/2096/2027 1019/2099/2030 136/2094/2025
f 187/2032/1965 1070/2037/1970 2964/2100/2031 2168/2097/2028
f 1070/2037/1970 239/2036/1969 2169/2101/2032 2964/2100/2031
f 2964/2100/2031 2169/2101/2032 240/2102/2033 1071/2103/2034
f 2168/2097/2028 2964/2100/2031 1071/2103/2034 188/2098/2029
f 239/2036/1969 1122/2041/1974 2965/2104/2035 2169/2101/2032
f 1122/2041/1974 291/2040/1973 2170/2105/2036 2965/2104/2035
f 2965/2104/2035 2170/2105/2036 292/2106/2037 1123/2107/2038
f 2169/2101/2032 2965/2104/2035 1123/2107/2038 240/2102/2033
f 291/2040/1973 1174/2045/1978 2966/2108/2039 2170/2105/2036
f 1174/2045/1978 343/2044/1977 2171/2109/2040 2966/2108/2039
f 2966/2108/2039 2171/2109/2040 344/2110/2041 1175/2111/2042
f 2170/2105/2036 2966/2108/2039 1175/2111/2042 292/2106/2037
f 343/2044/1977 1226/2049/1982 2967/2112/2043 2171/2109/2040
f 1226/2049/1982 395/2048/1981 2172/2113/2044 2967/2112/2043
f 2967/2112/2043 2172/2113/2044 396/2114/2045 1227/2115/2046
f 2171/2109/2040 2967/2112/2043 1227/2115/2046 344/2110/2041
f 395/2048/1981 1278/2053/1986 2968/2116/2047 2172/2113/2044
f 1278/2053/1986 447/2052/1985 2173/2117/2048 2968/2116/2047
f 2968/2116/2047 2173/2117/2048 448/2118/2049 1279/2119/2050
f 2172/2113/2044 2968/2116/2047 1279/2119/2050 396/2114/2045
f 447/2052/1985 1330/2057/1990 2969/2120/2051 2173/2117/2048
f 1330/2057/1990 499/2056/1989 2174/2121/2052 2969/2120/2051
f 2969/2120/2051 2174/2121/2052 500/2122/2053 1331/2123/2054
f 2173/2117/2048 2969/2120/2051 1331/2123/2054 448/2118/2049
f 499/2056/1989 1382/2061/1994 2970/2124/2055 2174/2121/2052
f 1382/2061/1994 551/2060/1993 2175/2125/2056 2970/2124/2055
f 2970/2124/2055 2175/2125/2056 552/2126/2057 1383/2127/2058
f 2174/2121/2052 2970/2124/2055 1383/2127/2058 500/2122/2053
f 551/2060/1993 1434/2065/1998 2971/2128/2059 2175/2125/2056
f 1434/2065/1998 603/2064/1997 2176/2129/2060 2971/2128/2059
f 2971/2128/2059 2176/2129/2060 604/2130/2061 1435/2131/2062
f 2175/2125/2056 2971/2128/2059 1435/2131/2062 552/2126/2057
f 603/2064/1997 1486/2069/2002 2972/2132/2063 2176/2129/2060
f 1486/2069/2002 655/2068/2001 2177/2133/2064 2972/2132/2063
f 2972/2132/2063 2177/2133/2064 656/2134/2065 1487/2135/2066
f 2176/2129/2060 2972/2132/2063 1487/2135/2066 604/2130/2061
f 655/2068/2001 1538/2073/2006 2973/2136/2067 2177/2133/2064
f 1538/2073/2006 707/2072/2005 2178/2137/2068 2973/2136/2067
f 2973/2136/2067 2178/2137/2068 708/2138/2069 1539/2139/2070
f 2177/2133/2064 2973/2136/2067 1539/2139/2070 656/2134/2065
f 707/2072/2005 1590/2077/2010 2974/2140/2071 2178/2137/2068
f 1590/2077/2010 759/2076/2009 2179/2141/2072 2974/2140/2071
f 2974/2140/2071 2179/2141/2072 760/2142/2073 1591/2143/2074
f 2178/2137/2068 2974/2140/2071 1591/2143/2074 708/2138/2069
f 759/2076/2009 1642/2081/2014 2975/2144/2075 2179/2141/2072
f 1642/2081/2014 811/2080/2013 2180/2145/2076 2975/2144/2075
f 2975/2144/2075 2180/2145/2076 812/2146/2077 1643/2147/2078
f 2179/2141/2072 2975/2144/2075 1643/2147/2078 760/2142/2073
f 811/2080/2013 1694/2085/2016 2976/2148/2079 2180/2145/2076
f 1694/2085/2016 31/2084/1958 863/2149/2018 2976/2148/2079
f 2976/2148/2079 863/2149/2018 32/2150/2022 1695/2151/2080
f 2180/2145/2076 2976/2148/2079 1695/2151/2080 812/2146/2077
f 32/2091/2022 915/2090/2021 2977/2152/2081 864/2153/2082
f 915/2090/2021 84/2089/2020 2181/2154/2083 2977/2152/2081
f 2977/2152/2081 2181/2154/2083 85/2155/2084 916/2156/2085
f 864/2153/2082 2977/2152/2081 916/2156/2085 33/2157/2086
f 84/2089/2020 967/2095/2026 2978/2158/2087 2181/2154/2083
f 967/2095/2026 136/2094/2025 2182/2159/2088 2978/2158/2087
f 2978/2158/2087 2182/2159/2088 137/2160/2089 968/2161/2090
f 2181/2154/2083 2978/2158/2087 968/2161/2090 85/2155/2084
f 136/2094/2025 1019/2099/2030 2979/2162/2091 2182/2159/2088
f 1019/2099/2030 188/2098/2029 2183/2163/2092 2979/2162/2091
f 2979/2162/2091 2183/2163/2092 189/2164/2093 1020/2165/2094
f 2182/2159/2088 2979/2162/2091 1020/2165/2094 137/2160/2089
f 188/2098/2029 1071/2103/2034 2980/2166/2095 2183/2163/2092
f 1071/2103/2034 240/2102/2033 2184/2167/2096 2980/2166/2095
f 2980/2166/2095 2184/2167/2096 241/2168/2097 1072/2169/2098
f 2183/2163/2092 2980/2166/2095 1072/2169/2098 189/2164/2093
f 240/2102/2033 1123/2107/2038 2981/2170/2099 2184/2167/2096
f 1123/2107/2038 292/2106/2037 2185/2171/2100 2981/2170/2099
f 2981/2170/2099 2185/2171/2100 293/2172/2101 1124/2173/2102
f 2184/2167/2096 2981/2170/2099 1124/2173/2102 241/2168/2097
f 292/2106/2037 1175/2111/2042 2982/2174/2103 2185/2171/2100
f 1175/2111/2042 344/2110/2041 2186/2175/2104 2982/2174/2103
f 2982/2174/2103 2186/2175/2104 345/2176/2105 1176/2177/2106
f 2185/2171/2100 2982/2174/2103 1176/2177/2106 293/2172/2101
f 344/2110/2041 1227/2115/2046 2983/2178/2107 2186/2175/2104
f 1227/2115/2046 396/2114/2045 2187/2179/2108 2983/2178/2107
f 2983/2178/2107 2187/2179/2108 397/2180/2109 1228/2181/2110
f 2186/2175/2104 2983/2178/2107 1228/2181/2110 345/2176/2105
f 396/2114/2045 1279/2119/2050 2984/2182/2111 2187/2179/2108
f 1279/2119/2050 448/2118/2049 2188/2183/2112 2984/2182/2111
f 2984/2182/2111 2188/2183/2112 449/2184/2113 1280/2185/2114
f 2187/2179/2108 2984/2182/2111 1280/2185/2114 397/2180/2109
f 448/2118/2049 1331/2123/2054 2985/2186/2115 2188/2183/2112
f 1331/2123/2054 500/2122/2053 2189/2187/2116 2985/2186/2115
f 2985/2186/2115 2189/2187/2116 501/2188/2117 1332/2189/2118
f 2188/2183/2112 2985/2186/2115 1332/2189/2118 449/2184/2113
f 500/2122/2053 1383/2127/2058 2986/2190/2119 2189/2187/2116
f 1383/2127/2058 552/2126/2057 2190/2191/2120 2986/2190/2119
f 2986/2190/2119 2190/2191/2120 553/2192/2121 1384/2193/2122
f 2189/2187/2116 2986/2190/2119 1384/2193/2122 501/2188/2117
f 552/2126/2057 1435/2131/2062 2987/2194/2123 2190/2191/2120
f 1435/2131/2062 604/2130/2061 2191/2195/2124 2987/2194/2123
f 2987/2194/2123 2191/2195/2124 605/2196/2125 1436/2197/2126
f 2190/2191/2120 2987/2194/2123 1436/2197/2126 553/2192/2121
f 604/2130/2061 1487/2135/2066 2988/2198/2127 2191/2195/2124
f 1487/2135/2066 656/2134/2065 2192/2199/2128 2988/2198/2127
f 2988/2198/2127 2192/2199/2128 657/2200/2129 1488/2201/2130
f 2191/2195/2124 2988/2198/2127 1488/2201/2130 605/2196/2125
f 656/2134/2065 1539/2139/2070 2989/2202/2131 2192/2199/2128
f 1539/2139/2070 708/2138/2069 2193/2203/2132 2989/2202/2131
f 2989/2202/2131 2193/2203/2132 709/2204/2133 1540/2205/2134
f 2192/2199/2128 2989/2202/2131 1540/2205/2134 657/2200/2129
f 708/2138/2069 1591/2143/2074 2990/2206/2135 2193/2203/2132
f 1591/2143/2074 760/2142/2073 2194/2207/2136 2990/2206/2135
f 2990/2206/2135 2194/2207/2136 761/2208/2137 1592/2209/2138
f 2193/2203/2132 2990/2206/2135 1592/2209/2138 709/2204/2133
f 760/2142/2073 1643/2147/2078 2991/2210/2139 2194/2207/2136
f 1643/2147/2078 812/2146/2077 2195/2211/2140 2991/2210/2139
f 2991/2210/2139 2195/2211/2140 813/2212/2141 1644/2213/2142
f 2194/2207/2136 2991/2210/2139 1644/2213/2142 761/2208/2137
f 812/2146/2077 1695/2151/2080 2992/2214/2143 2195/2211/2140
f 1695/2151/2080 32/2150/2022 864/2215/2082 2992/2214/2143
f 2992/2214/2143 864/2215/2082 33/2216/2086 1696/2217/2144
f 2195/2211/2140 2992/2214/2143 1696/2217/2144 813/2212/2141
f 51/2218/2145 934/2219/2146 2993/2220/2147 865/2221/2148
f 934/2219/2146 103/2222/2149 2196/2223/2150 2993/2220/2147
f 2993/2220/2147 2196/2223/2150 86/2224/2151 917/2225/2152
f 865/2221/2148 2993/2220/2147 917/2225/2152 34/2226/2153
f 103/2222/2149 986/2227/2154 2994/2228/2155 2196/2223/2150
f 986/2227/2154 155/2229/2156 2197/2230/2157 2994/2228/2155
f 2994/2228/2155 2197/2230/2157 138/2231/2158 969/2232/2159
f 2196/2223/2150 2994/2228/2155 969/2232/2159 86/2224/2151
f 155/2229/2156 1038/2233/2160 2995/2234/2161 2197/2230/2157
f 1038/2233/2160 207/2235/2162 2198/2236/2163 2995/2234/2161
f 2995/2234/2161 2198/2236/2163 190/2237/2164 1021/2238/2165
f 2197/2230/2157 2995/2234/2161 1021/2238/2165 138/2231/2158
f 207/2235/2162 1090/2239/2166 2996/2240/2167 2198/2236/2163
f 1090/2239/2166 259/2241/2168 2199/2242/2169 2996/2240/2167
f 2996/2240/2167 2199/2242/2169 242/2243/2170 1073/2244/2171
f 2198/2236/2163 2996/2240/2167 1073/2244/2171 190/2237/2164
f 259/2241/2168 1142/2245/2172 2997/2246/2173 2199/2242/2169
f 1142/2245/2172 311/2247/2174 2200/2248/2175 2997/2246/2173
f 2997/2246/2173 2200/2248/2175 294/2249/2176 1125/2250/2177
f 2199/2242/2169 2997/2246/2173 1125/2250/2177 242/2243/2170
f 311/2247/2174 1194/2251/2178 2998/2252/2179 2200/2248/2175
f 1194/2251/2178 363/2253/2180 2201/2254/2181 2998/2252/2179
f 2998/2252/2179 2201/2254/2181 346/2255/2182 1177/2256/2183
f 2200/2248/2175 2998/2252/2179 1177/2256/2183 294/2249/2176
f 363/2253/2180 1246/2257/2184 2999/2258/2185 2201/2254/2181
f 1246/2257/2184 415/2259/2186 2202/2260/2187 2999/2258/2185
f 2999/2258/2185 2202/2260/2187 398/2261/2188 1229/2262/2189
f 2201/2254/2181 2999/2258/2185 1229/2262/2189 346/2255/2182
f 415/2259/2186 1298/2263/2190 3000/2264/2191 2202/2260/2187
f 1298/2263/2190 467/2265/2192 2203/2266/2193 3000/2264/2191
f 3000/2264/2191 2203/2266/2193 450/2267/2194 1281/2268/2195
f 2202/2260/2187 3000/2264/2191 1281/2268/2195 398/2261/2188
f 467/2265/2192 1350/2269/2196 3001/2270/2197 2203/2266/2193
f 1350/2269/2196 519/2271/2198 2204/2272/2199 3001/2270/2197
f 3001/2270/2197 2204/2272/2199 502/2273/2200 1333/2274/2201
f 2203/2266/2193 3001/2270/2197 1333/2274/2201 450/2267/2194
f 519/2271/2198 1402/2275/2202 3002/2276/2203 2204/2272/2199
f 1402/2275/2202 571/2277/2204 2205/2278/2205 3002/2276/2203
f 3002/2276/2203 2205/2278/2205 554/2279/2206 1385/2280/2207
f 2204/2272/2199 3002/2276/2203 1385/2280/2207 502/2273/2200
f 571/2277/2204 1454/2281/2208 3003/2282/2209 2205/2278/2205
f 1454/2281/2208 623/2283/2210 2206/2284/2211 3003/2282/2209
f 3003/2282/2209 2206/2284/2211 606/2285/2212 1437/2286/2213
f 2205/2278/2205 3003/2282/2209 1437/2286/2213 554/2279/2206
f 623/2283/2210 1506/2287/2214 3004/2288/2215 2206/2284/2211
f 1506/2287/2214 675/2289/2216 2207/2290/2217 3004/2288/2215
f 3004/2288/2215 2207/2290/2217 658/2291/2218 1489/2292/2219
f 2206/2284/2211 3004/2288/2215 1489/2292/2219 606/2285/2212
f 675/2289/2216 1558/2293/2220 3005/2294/2221 2207/2290/2217
f 1558/2293/2220 727/2295/2222 2208/2296/2223 3005/2294/2221
f 3005/2294/2221 2208/2296/2223 710/2297/2224 1541/2298/2225
f 2207/2290/2217 3005/2294/2221 1541/2298/2225 658/2291/2218
f 727/2295/2222 1610/2299/2226 3006/2300/2227 2208/2296/2223
f 1610/2299/2226 779/2301/2228 2209/2302/2229 3006/2300/2227
f 3006/2300/2227 2209/2302/2229 762/2303/2230 1593/2304/2231
f 2208/2296/2223 3006/2300/2227 1593/2304/2231 710/2297/2224
f 779/2301/2228 1662/2305/2232 3007/2306/2233 2209/2302/2229
f 1662/2305/2232 831/2307/2234 2210/2308/2235 3007/2306/2233
f 3007/2306/2233 2210/2308/2235 814/2309/2236 1645/2310/2237
f 2209/2302/2229 3007/2306/2233 1645/2310/2237 762/2303/2230
f 831/2307/2234 1714/2311/2238 3008/2312/2239 2210/2308/2235
f 1714/2311/2238 51/2313/2145 865/2314/2148 3008/2312/2239
f 3008/2312/2239 865/2314/2148 34/2315/2153 1697/2316/2240
f 2210/2308/2235 3008/2312/2239 1697/2316/2240 814/2309/2236
f 34/2226/2153 917/2225/2152 3009/2317/2241 866/2318/2242
f 917/2225/2152 86/2224/2151 2211/2319/2243 3009/2317/2241
f 3009/2317/2241 2211/2319/2243 87/2320/2244 918/2321/2245
f 866/2318/2242 3009/2317/2241 918/2321/2245 35/2322/2246
f 86/2224/2151 969/2232/2159 3010/2323/2247 2211/2319/2243
f 969/2232/2159 138/2231/2158 2212/2324/2248 3010/2323/2247
f 3010/2323/2247 2212/2324/2248 139/2325/2249 970/2326/2250
f 2211/2319/2243 3010/2323/2247 970/2326/2250 87/2320/2244
f 138/2231/2158 1021/2238/2165 3011/2327/2251 2212/2324/2248
f 1021/2238/2165 190/2237/2164 2213/2328/2252 3011/2327/2251
f 3011/2327/2251 2213/2328/2252 191/2329/2253 1022/2330/2254
f 2212/2324/2248 3011/2327/2251 1022/2330/2254 139/2325/2249
f 190/2237/2164 1073/2244/2171 3012/2331/2255 2213/2328/2252
f 1073/2244/2171 242/2243/2170 2214/2332/2256 3012/2331/2255
f 3012/2331/2255 2214/2332/2256 243/2333/2257 1074/2334/2258
f 2213/2328/2252 3012/2331/2255 1074/2334/2258 191/2329/2253
f 242/2243/2170 1125/2250/2177 3013/2335/2259 2214/2332/2256
f 1125/2250/2177 294/2249/2176 2215/2336/2260 3013/2335/2259
f 3013/2335/2259 2215/2336/2260 295/2337/2261 1126/2338/2262
f 2214/2332/2256 3013/2335/2259 1126/2338/2262 243/2333/2257
f 294/2249/2176 1177/2256/2183 3014/2339/2263 2215/2336/2260
f 1177/2256/2183 346/2255/2182 2216/2340/2264 3014/2339/2263
f 3014/2339/2263 2216/2340/2264 347/2341/2265 1178/2342/2266
f 2215/2336/2260 3014/2339/2263 1178/2342/2266 295/2337/2261
f 346/2255/2182 1229/2262/2189 3015/2343/2267 2216/2340/2264
f 1229/2262/2189 398/2261/2188 2217/2344/2268 3015/2343/2267
f 3015/2343/2267 2217/2344/2268 399/2345/2269 1230/2346/2270
f 2216/2340/2264 3015/2343/2267 1230/2346/2270 347/2341/2265
f 398/2261/2188 1281/2268/2195 3016/2347/2271 2217/2344/2268
f 1281/2268/2195 450/2267/2194 2218/2348/2272 3016/2347/2271
f 3016/2347/2271 2218/2348/2272 451/2349/2273 1282/2350/2274
f 2217/2344/2268 3016/2347/2271 1282/2350/2274 399/2345/2269
f 450/2267/2194 1333/2274/2201 3017/2351/2275 2218/2348/2272
f 1333/2274/2201 502/2273/2200 2219/2352/2276 3017/2351/2275
f 3017/2351/2275 2219/2352/2276 503/2353/2277 1334/2354/2278
f 2218/2348/2272 3017/2351/2275 1334/2354/2278 451/2349/2273
f 502/2273/2200 1385/2280/2207 3018/2355/2279 2219/2352/2276
f 1385/2280/2207 554/2279/2206 2220/2356/2280 3018/2355/2279
f 3018/2355/2279 2220/2356/2280 555/2357/2281 1386/2358/2282
f 2219/2352/2276 3018/2355/2279 1386/2358/2282 503/2353/2277
f 554/2279/2206 1437/2286/2213 3019/2359/2283 2220/2356/2280
f 1437/2286/2213 606/2285/2212 2221/2360/2284 3019/2359/2283
f 3019/2359/2283 2221/2360/2284 607/2361/2285 1438/2362/2286
f 2220/2356/2280 3019/2359/2283 1438/2362/2286 555/2357/2281
f 606/2285/2212 1489/2292/2219 3020/2363/2287 2221/2360/2284
f 1489/2292/2219 658/2291/2218 2222/2364/2288 3020/2363/2287
f 3020/2363/2287 2222/2364/2288 659/2365/2289 1490/2366/2290
f 2221/2360/2284 3020/2363/2287 1490/2366/2290 607/2361/2285
f 658/2291/2218 1541/2298/2225 3021/2367/2291 2222/2364/2288
f 1541/2298/2225 710/2297/2224 2223/2368/2292 3021/2367/2291
f 3021/2367/2291 2223/2368/2292 711/2369/2293 1542/2370/2294
f 2222/2364/2288 3021/2367/2291 1542/2370/2294 659/2365/2289
f 710/2297/2224 1593/2304/2231 3022/2371/2295 2223/2368/2292
f 1593/2304/2231 762/2303/2230 2224/2372/2296 3022/2371/2295
f 3022/2371/2295 2224/2372/2296 763/2373/2297 1594/2374/2298
f 2223/2368/2292 3022/2371/2295 1594/2374/2298 711/2369/2293
f 762/2303/2230 1645/2310/2237 3023/2375/2299 2224/2372/2296
f 1645/2310/2237 814/2309/2236 2225/2376/2300 3023/2375/2299
f 3023/2375/2299 2225/2376/2300 815/2377/2301 1646/2378/2302
f 2224/2372/2296 3023/2375/2299 1646/2378/2302 763/2373/2297
f 814/2309/2236 1697/2316/2240 3024/2379/2303 2225/2376/2300
f 1697/2316/2240 34/2315/2153 866/2380/2242 3024/2379/2303
f 3024/2379/2303 866/2380/2242 35/2381/2246 1698/2382/2304
f 2225/2376/2300 3024/2379/2303 1698/2382/2304 815/2377/2301
f 49/2383/2305 932/2384/2306 3025/2385/2307 867/2386/2308
f 932/2384/2306 101/2387/2309 2226/2388/2310 3025/2385/2307
f 3025/2385/2307 2226/2388/2310 88/2389/2311 919/2390/2312
f 867/2386/2308 3025/2385/2307 919/2390/2312 36/2391/2313
f 101/2387/2309 984/2392/2314 3026/2393/2315 2226/2388/2310
f 984/2392/2314 153/2394/2316 2227/2395/2317 3026/2393/2315
f 3026/2393/2315 2227/2395/2317 140/2396/2318 971/2397/2319
f 2226/2388/2310 3026/2393/2315 971/2397/2319 88/2389/2311
f 153/2394/2316 1036/2398/2320 3027/2399/2321 2227/2395/2317
f 1036/2398/2320 205/2400/2322 2228/2401/2323 3027/2399/2321
f 3027/2399/2321 2228/2401/2323 192/2402/2324 1023/2403/2325
f 2227/2395/2317 3027/2399/2321 1023/2403/2325 140/2396/2318
f 205/2400/2322 1088/2404/2326 3028/2405/2327 2228/2401/2323
f 1088/2404/2326 257/2406/2328 2229/2407/2329 3028/2405/2327
f 3028/2405/2327 2229/2407/2329 244/2408/2330 1075/2409/2331
f 2228/2401/2323 3028/2405/2327 1075/2409/2331 192/2402/2324
f 257/2406/2328 1140/2410/2332 3029/2411/2333 2229/2407/2329
f 1140/2410/2332 309/2412/2334 2230/2413/2335 3029/2411/2333
f 3029/2411/2333 2230/2413/2335 296/2414/2336 1127/2415/2337
f 2229/2407/2329 3029/2411/2333 1127/2415/2337 244/2408/2330
f 309/2412/2334 1192/2416/2338 3030/2417/2339 2230/2413/2335
f 1192/2416/2338 361/2418/2340 2231/2419/2341 3030/2417/2339
f 3030/2417/2339 2231/2419/2341 348/2420/2342 1179/2421/2343
f 2230/2413/2335 3030/2417/2339 1179/2421/2343 296/2414/2336
f 361/2418/2340 1244/2422/2344 3031/2423/2345 2231/2419/2341
f 1244/2422/2344 413/2424/2346 2232/2425/2347 3031/2423/2345
f 3031/2423/2345 2232/2425/2347 400/2426/2348 1231/2427/2349
f 2231/2419/2341 3031/2423/2345 1231/2427/2349 348/2420/2342
f 413/2424/2346 1296/2428/2350 3032/2429/2351 2232/2425/2347
f 1296/2428/2350 465/2430/2352 2233/2431/2353 3032/2429/2351
f 3032/2429/2351 2233/2431/2353 452/2432/2354 1283/2433/2355
f 2232/2425/2347 3032/2429/2351 1283/2433/2355 400/2426/2348
f 465/2430/2352 1348/2434/2356 3033/2435/2357 2233/2431/2353
f 1348/2434/2356 517/2436/2358 2234/2437/2359 3033/2435/2357
f 3033/2435/2357 2234/2437/2359 504/2438/2360 1335/2439/2361
f 2233/2431/2353 3033/2435/2357 1335/2439/2361 452/2432/2354
f 517/2436/2358 1400/2440/2362 3034/2441/2363 2234/2437/2359
f 1400/2440/2362 569/2442/2364 2235/2443/2365 3034/2441/2363
f 3034/2441/2363 2235/2443/2365 556/2444/2366 1387/2445/2367
f 2234/2437/2359 3034/2441/2363 1387/2445/2367 504/2438/2360
f 569/2442/2364 1452/2446/2368 3035/2447/2369 2235/2443/2365
f 1452/2446/2368 621/2448/2370 2236/2449/2371 3035/2447/2369
f 3035/2447/2369 2236/2449/2371 608/2450/2372 1439/2451/2373
f 2235/2443/2365 3035/2447/2369 1439/2451/2373 556/2444/2366
f 621/2448/2370 1504/2452/2374 3036/2453/2375 2236/2449/2371
f 1504/2452/2374 673/2454/2376 2237/2455/2377 3036/2453/2375
f 3036/2453/2375 2237/2455/2377 660/2456/2378 1491/2457/2379
f 2236/2449/2371 3036/2453/2375 1491/2457/2379 608/2450/2372
f 673/2454/2376 1556/2458/2380 3037/2459/2381 2237/2455/2377
f 1556/2458/2380 725/2460/2382 2238/2461/2383 3037/2459/2381
f 3037/2459/2381 2238/2461/2383 712/2462/2384 1543/2463/2385
f 2237/2455/2377 3037/2459/2381 1543/2463/2385 660/2456/2378
f 725/2460/2382 1608/2464/2386 3038/2465/2387 2238/2461/2383
f 1608/2464/2386 777/2466/2388 2239/2467/2389 3038/2465/2387
f 3038/2465/2387 2239/2467/2389 764/2468/2390 1595/2469/2391
f 2238/2461/2383 3038/2465/2387 1595/2469/2391 712/2462/2384
f 777/2466/2388 1660/2470/2392 3039/2471/2393 2239/2467/2389
f 1660/2470/2392 829/2472/2394 2240/2473/2395 3039/2471/2393
f 3039/2471/2393 2240/2473/2395 816/2474/2396 1647/2475/2397
f 2239/2467/2389 3039/2471/2393 1647/2475/2397 764/2468/2390
f 829/2472/2394 1712/2476/2398 3040/2477/2399 2240/2473/2395
f 1712/2476/2398 49/2478/2305 867/2479/2308 3040/2477/2399
f 3040/2477/2399 867/2479/2308 36/2480/2313 1699/2481/2400
f 2240/2473/2395 3040/2477/2399 1699/2481/2400 816/2474/2396
f 36/2391/2313 919/2390/2312 3041/2482/2401 868/2483/2402
f 919/2390/2312 88/2389/2311 2241/2484/2403 3041/2482/2401
f 3041/2482/2401 2241/2484/2403 89/2485/2404 920/2486/2405
f 868/2483/2402 3041/2482/2401 920/2486/2405 37/2487/2406
f 88/2389/2311 971/2397/2319 3042/2488/2407 2241/2484/2403
f 971/2397/2319 140/2396/2318 2242/2489/2408 3042/2488/2407
f 3042/2488/2407 2242/2489/2408 141/2490/2409 972/2491/2410
f 2241/2484/2403 3042/2488/2407 972/2491/2410 89/2485/2404
f 140/2396/2318 1023/2403/2325 3043/2492/2411 2242/2489/2408
f 1023/2403/2325 192/2402/2324 2243/2493/2412 3043/2492/2411
f 3043/2492/2411 2243/2493/2412 193/2494/2413 1024/2495/2414
f 2242/2489/2408 3043/2492/2411 1024/2495/2414 141/2490/2409
f 192/2402/2324 1075/2409/2331 3044/2496/2415 2243/2493/2412
f 1075/2409/2331 244/2408/2330 2244/2497/2416 3044/2496/2415
f 3044/2496/2415 2244/2497/2416 245/2498/2417 1076/2499/2418
f 2243/2493/2412 3044/2496/2415 1076/2499/2418 193/2494/2413
f 244/2408/2330 1127/2415/2337 3045/2500/2419 2244/2497/2416
f 1127/2415/2337 296/2414/2336 2245/2501/2420 3045/2500/2419
f 3045/2500/2419 2245/2501/2420 297/2502/2421 1128/2503/2422
f 2244/2497/2416 3045/2500/2419 1128/2503/2422 245/2498/2417
f 296/2414/2336 1179/2421/2343 3046/2504/2423 2245/2501/2420
f 1179/2421/2343 348/2420/2342 2246/2505/2424 3046/2504/2423
f 3046/2504/2423 2246/2505/2424 349/2506/2425 1180/2507/2426
f 2245/2501/2420 3046/2504/2423 1180/2507/2426 297/2502/2421
f 348/2420/2342 1231/2427/2349 3047/2508/2427 2246/2505/2424
f 1231/2427/2349 400/2426/2348 2247/2509/2428 3047/2508/2427
f 3047/2508/2427 2247/2509/2428 401/2510/2429 1232/2511/2430
f 2246/2505/2424 3047/2508/2427 1232/2511/2430 349/2506/2425
f 400/2426/2348 1283/2433/2355 3048/2512/2431 2247/2509/2428
f 1283/2433/2355 452/2432/2354 2248/2513/2432 3048/2512/2431
f 3048/2512/2431 2248/2513/2432 453/2514/2433 1284/2515/2434
f 2247/2509/2428 3048/2512/2431 1284/2515/2434 401/2510/2429
f 452/2432/2354 1335/2439/2361 3049/2516/2435 2248/2513/2432
f 1335/2439/2361 504/2438/2360 2249/2517/2436 3049/2516/2435
f 3049/2516/2435 2249/2517/2436 505/2518/2437 1336/2519/2438
f 2248/2513/2432 3049/2516/2435 1336/2519/2438 453/2514/2433
f 504/2438/2360 1387/2445/2367 3050/2520/2439 2249/2517/2436
f 1387/2445/2367 556/2444/2366 2250/2521/2440 3050/2520/2439
f 3050/2520/2439 2250/2521/2440 557/2522/2441 1388/2523/2442
f 2249/2517/2436 3050/2520/2439 1388/2523/2442 505/2518/2437
f 556/2444/2366 1439/2451/2373 3051/2524/2443 2250/2521/2440
f 1439/2451/2373 608/2450/2372 2251/2525/2444 3051/2524/2443
f 3051/2524/2443 2251/2525/2444 609/2526/2445 1440/2527/2446
f 2250/2521/2440 3051/2524/2443 1440/2527/2446 557/2522/2441
f 608/2450/2372 1491/2457/2379 3052/2528/2447 2251/2525/2444
f 1491/2457/2379 660/2456/2378 2252/2529/2448 3052/2528/2447
f 3052/2528/2447 2252/2529/2448 661/2530/2449 1492/2531/2450
f 2251/2525/2444 3052/2528/2447 1492/2531/2450 609/2526/2445
f 660/2456/2378 1543/2463/2385 3053/2532/2451 2252/2529/2448
f 1543/2463/2385 712/2462/2384 2253/2533/2452 3053/2532/2451
f 3053/2532/2451 2253/2533/2452 713/2534/2453 1544/2535/2454
f 2252/2529/2448 3053/2532/2451 1544/2535/2454 661/2530/2449
f 712/2462/2384 1595/2469/2391 3054/2536/2455 2253/2533/2452
f 1595/2469/2391 764/2468/2390 2254/2537/2456 3054/2536/2455
f 3054/2536/2455 2254/2537/2456 765/2538/2457 1596/2539/2458
f 2253/2533/2452 3054/2536/2455 1596/2539/2458 713/2534/2453
f 764/2468/2390 1647/2475/2397 3055/2540/2459 2254/2537/2456
f 1647/2475/2397 816/2474/2396 2255/2541/2460 3055/2540/2459
f 3055/2540/2459 2255/2541/2460 817/2542/2461 1648/2543/2462
f 2254/2537/2456 3055/2540/2459 1648/2543/2462 765/2538/2457
f 816/2474/2396 1699/2481/2400 3056/2544/2463 2255/2541/2460
f 1699/2481/2400 36/2480/2313 868/2545/2402 3056/2544/2463
f 3056/2544/2463 868/2545/2402 37/2546/2406 1700/2547/2464
f 2255/2541/2460 3056/2544/2463 1700/2547/2464 817/2542/2461
f 37/2487/2406 920/2486/2405 3057/2548/2465 869/2549/2466
f 920/2486/2405 89/2485/2404 2256/2550/2467 3057/2548/2465
f 3057/2548/2465 2256/2550/2467 90/2551/2468 921/2552/2469
f 869/2549/2466 3057/2548/2465 921/2552/2469 38/2553/2470
f 89/2485/2404 972/2491/2410 3058/2554/2471 2256/2550/2467
f 972/2491/2410 141/2490/2409 2257/2555/2472 3058/2554/2471
f 3058/2554/2471 2257/2555/2472 142/2556/2473 973/2557/2474
f 2256/2550/2467 3058/2554/2471 973/2557/2474 90/2551/2468
f 141/2490/2409 1024/2495/2414 3059/2558/2475 2257/2555/2472
f 1024/2495/2414 193/2494/2413 2258/2559/2476 3059/2558/2475
f 3059/2558/2475 2258/2559/2476 194/2560/2477 1025/2561/2478
f 2257/2555/2472 3059/2558/2475 1025/2561/2478 142/2556/2473
f 193/2494/2413 1076/2499/2418 3060/2562/2479 2258/2559/2476
f 1076/2499/2418 245/2498/2417 2259/2563/2480 3060/2562/2479
f 3060/2562/2479 2259/2563/2480 246/2564/2481 1077/2565/2482
f 2258/2559/2476 3060/2562/2479 1077/2565/2482 194/2560/2477
f 245/2498/2417 1128/2503/2422 3061/2566/2483 2259/2563/2480
f 1128/2503/2422 297/2502/2421 2260/2567/2484 3061/2566/2483
f 3061/2566/2483 2260/2567/2484 298/2568/2485 1129/2569/2486
f 2259/2563/2480 3061/2566/2483 1129/2569/2486 246/2564/2481
f 297/2502/2421 1180/2507/2426 3062/2570/2487 2260/2567/2484
f 1180/2507/2426 349/2506/2425 2261/2571/2488 3062/2570/2487
f 3062/2570/2487 2261/2571/2488 350/2572/2489 1181/2573/2490
f 2260/2567/2484 3062/2570/2487 1181/2573/2490 298/2568/2485
f 349/2506/2425 1232/2511/2430 3063/2574/2491 2261/2571/2488
f 1232/2511/2430 401/2510/2429 2262/2575/2492 3063/2574/2491
f 3063/2574/2491 2262/2575/2492 402/2576/2493 1233/2577/2494
f 2261/2571/2488 3063/2574/2491 1233/2577/2494 350/2572/2489
f 401/2510/2429 1284/2515/2434 3064/2578/2495 2262/2575/2492
f 1284/2515/2434 453/2514/2433 2263/2579/2496 3064/2578/2495
f 3064/2578/2495 2263/2579/2496 454/2580/2497 1285/2581/2498
f 2262/2575/2492 3064/2578/2495 1285/2581/2498 402/2576/2493
f 453/2514/2433 1336/2519/2438 3065/2582/2499 2263/2579/2496
f 1336/2519/2438 505/2518/2437 2264/2583/2500 3065/2582/2499
f 3065/2582/2499 2264/2583/2500 506/2584/2501 1337/2585/2502
f 2263/2579/2496 3065/2582/2499 1337/2585/2502 454/2580/2497
f 505/2518/2437 1388/2523/2442 3066/2586/2503 2264/2583/2500
f 1388/2523/2442 557/2522/2441 2265/2587/2504 3066/2586/2503
f 3066/2586/2503 2265/2587/2504 558/2588/2505 1389/2589/2506
f 2264/2583/2500 3066/2586/2503 1389/2589/2506 506/2584/2501
f 557/2522/2441 1440/2527/2446 3067/2590/2507 2265/2587/2504
f 1440/2527/2446 609/2526/2445 2266/2591/2508 3067/2590/2507
f 3067/2590/2507 2266/2591/2508 610/2592/2509 1441/2593/2510
f 2265/2587/2504 3067/2590/2507 1441/2593/2510 558/2588/2505
f 609/2526/2445 1492/2531/2450 3068/2594/2511 2266/2591/2508
f 1492/2531/2450 661/2530/2449 2267/2595/2512 3068/2594/2511
f 3068/2594/2511 2267/2595/2512 662/2596/2513 1493/2597/2514
f 2266/2591/2508 3068/2594/2511 1493/2597/2514 610/2592/2509
f 661/2530/2449 1544/2535/2454 3069/2598/2515 2267/2595/2512
f 1544/2535/2454 713/2534/2453 2268/2599/2516 3069/2598/2515
f 3069/2598/2515 2268/2599/2516 714/2600/2517 1545/2601/2518
f 2267/2595/2512 3069/2598/2515 1545/2601/2518 662/2596/2513
f 713/2534/2453 1596/2539/2458 3070/2602/2519 2268/2599/2516
f 1596/2539/2458 765/2538/2457 2269/2603/2520 3070/2602/2519
f 3070/2602/2519 2269/2603/2520 766/2604/2521 1597/2605/2522
f 2268/2599/2516 3070/2602/2519 1597/2605/2522 714/2600/2517
f 765/2538/2457 1648/2543/2462 3071/2606/2523 2269/2603/2520
f 1648/2543/2462 817/2542/2461 2270/2607/2524 3071/2606/2523
f 3071/2606/2523 2270/2607/2524 818/2608/2525 1649/2609/2526
f 2269/2603/2520 3071/2606/2523 1649/2609/2526 766/2604/2521
f 817/2542/2461 1700/2547/2464 3072/2610/2527 2270/2607/2524
f 1700/2547/2464 37/2546/2406 869/2611/2466 3072/2610/2527
f 3072/2610/2527 869/2611/2466 38/2612/2470 1701/2613/2528
f 2270/2607/2524 3072/2610/2527 1701/2613/2528 818/2608/2525
f 38/2553/2470 921/2552/2469 3073/2614/2529 870/2615/2530
f 921/2552/2469 90/2551/2468 2271/2616/2531 3073/2614/2529
f 3073/2614/2529 2271/2616/2531 91/2617/2532 922/2618/2533
f 870/2615/2530 3073/2614/2529 922/2618/2533 39/2619/2534
f 90/2551/2468 973/2557/2474 3074/2620/2535 2271/2616/2531
f 973/2557/2474 142/2556/2473 2272/2621/2536 3074/2620/2535
f 3074/2620/2535 2272/2621/2536 143/2622/2537 974/2623/2538
f 2271/2616/2531 3074/2620/2535 974/2623/2538 91/2617/2532
f 142/2556/2473 1025/2561/2478 3075/2624/2539 2272/2621/2536
f 1025/2561/2478 194/2560/2477 2273/2625/2540 3075/2624/2539
f 3075/2624/2539 2273/2625/2540 195/2626/2541 1026/2627/2542
f 2272/2621/2536 3075/2624/2539 1026/2627/2542 143/2622/2537
f 194/2560/2477 1077/2565/2482 3076/2628/2543 2273/2625/2540
f 1077/2565/2482 246/2564/2481 2274/2629/2544 3076/2628/2543
f 3076/2628/2543 2274/2629/2544 247/2630/2545 1078/2631/2546
f 2273/2625/2540 3076/2628/2543 1078/2631/2546 195/2626/2541
f 246/2564/2481 1129/2569/2486 3077/2632/2547 2274/2629/2544
f 1129/2569/2486 298/2568/2485 2275/2633/2548 3077/2632/2547
f 3077/2632/2547 2275/2633/2548 299/2634/2549 1130/2635/2550
f 2274/2629/2544 3077/2632/2547 1130/2635/2550 247/2630/2545
f 298/2568/2485 1181/2573/2490 3078/2636/2551 2275/2633/2548
f 1181/2573/2490 350/2572/2489 2276/2637/2552 3078/2636/2551
f 3078/2636/2551 2276/2637/2552 351/2638/2553 1182/2639/2554
f 2275/2633/2548 3078/2636/2551 1182/2639/2554 299/2634/2549
f 350/2572/2489 1233/2577/2494 3079/2640/2555 2276/2637/2552
f 1233/2577/2494 402/2576/2493 2277/2641/2556 3079/2640/2555
f 3079/2640/2555 2277/2641/2556 403/2642/2557 1234/2643/2558
f 2276/2637/2552 3079/2640/2555 1234/2643/2558 351/2638/2553
f 402/2576/2493 1285/2581/2498 3080/2644/2559 2277/2641/2556
f 1285/2581/2498 454/2580/2497 2278/2645/2560 3080/2644/2559
f 3080/2644/2559 2278/2645/2560 455/2646/2561 1286/2647/2562
f 2277/2641/2556 3080/2644/2559 1286/2647/2562 403/2642/2557
f 454/2580/2497 1337/2585/2502 3081/2648/2563 2278/2645/2560
f 1337/2585/2502 506/2584/2501 2279/2649/2564 3081/2648/2563
f 3081/2648/2563 2279/2649/2564 507/2650/2565 1338/2651/2566
f 2278/2645/2560 3081/2648/2563 1338/2651/2566 455/2646/2561
f 506/2584/2501 1389/2589/2506 3082/2652/2567 2279/2649/2564
f 1389/2589/2506 558/2588/2505 2280/2653/2568 3082/2652/2567
f 3082/2652/2567 2280/2653/2568 559/2654/2569 1390/2655/2570
f 2279/2649/2564 3082/2652/2567 1390/2655/2570 507/2650/2565
f 558/2588/2505 1441/2593/2510 3083/2656/2571 2280/2653/2568
f 1441/2593/2510 610/2592/2509 2281/2657/2572 3083/2656/2571
f 3083/2656/2571 2281/2657/2572 611/2658/2573 1442/2659/2574
f 2280/2653/2568 3083/2656/2571 1442/2659/2574 559/2654/2569
f 610/2592/2509 1493/2597/2514 3084/2660/2575 2281/2657/2572
f 1493/2597/2514 662/2596/2513 2282/2661/2576 3084/2660/2575
f 3084/2660/2575 2282/2661/2576 663/2662/2577 1494/2663/2578
f 2281/2657/2572 3084/2660/2575 1494/2663/2578 611/2658/2573
f 662/2596/2513 1545/2601/2518 3085/2664/2579 2282/2661/2576
f 1545/2601/2518 714/2600/2517 2283/2665/2580 3085/2664/2579
f 3085/2664/2579 2283/2665/2580 715/2666/2581 1546/2667/2582
f 2282/2661/2576 3085/2664/2579 1546/2667/2582 663/2662/2577
f 714/2600/2517 1597/2605/2522 3086/2668/2583 2283/2665/2580
f 1597/2605/2522 766/2604/2521 2284/2669/2584 3086/2668/2583
f 3086/2668/2583 2284/2669/2584 767/2670/2585 1598/2671/2586
f 2283/2665/2580 3086/2668/2583 1598/2671/2586 715/2666/2581
f 766/2604/2521 1649/2609/2526 3087/2672/2587 2284/2669/2584
f 1649/2609/2526 818/2608/2525 2285/2673/2588 3087/2672/2587
f 3087/2672/2587 2285/2673/2588 819/2674/2589 1650/2675/2590
f 2284/2669/2584 3087/2672/2587 1650/2675/2590 767/2670/2585
f 818/2608/2525 1701/2613/2528 3088/2676/2591 2285/2673/2588
f 1701/2613/2528 38/2612/2470 870/2677/2530 3088/2676/2591
f 3088/2676/2591 870/2677/2530 39/2678/2534 1702/2679/2592
f 2285/2673/2588 3088/2676/2591 1702/2679/2592 819/2674/2589
f 39/2619/2534 922/2618/2533 3089/2680/2593 871/2681/2594
f 922/2618/2533 91/2617/2532 2286/2682/2595 3089/2680/2593
f 3089/2680/2593 2286/2682/2595 92/2683/2596 923/2684/2597
f 871/2681/2594 3089/2680/2593 923/2684/2597 40/2685/2598
f 91/2617/2532 974/2623/2538 3090/2686/2599 2286/2682/2595
f 974/2623/2538 143/2622/2537 2287/2687/2600 3090/2686/2599
f 3090/2686/2599 2287/2687/2600 144/2688/2601 975/2689/2602
f 2286/2682/2595 3090/2686/2599 975/2689/2602 92/2683/2596
f 143/2622/2537 1026/2627/2542 3091/2690/2603 2287/2687/2600
f 1026/2627/2542 195/2626/2541 2288/2691/2604 3091/2690/2603
f 3091/2690/2603 2288/2691/2604 196/2692/2605 1027/2693/2606
f 2287/2687/2600 3091/2690/2603 1027/2693/2606 144/2688/2601
f 195/2626/2541 1078/2631/2546 3092/2694/2607 2288/2691/2604
f 1078/2631/2546 247/2630/2545 2289/2695/2608 3092/2694/2607
f 3092/2694/2607 2289/2695/2608 248/2696/2609 1079/2697/2610
f 2288/2691/2604 3092/2694/2607 1079/2697/2610 196/2692/2605
f 247/2630/2545 1130/2635/2550 3093/2698/2611 2289/2695/2608
f 1130/2635/2550 299/2634/2549 2290/2699/2612 3093/2698/2611
f 3093/2698/2611 2290/2699/2612 300/2700/2613 1131/2701/2614
f 2289/2695/2608 3093/2698/2611 1131/2701/2614 248/2696/2609
f 299/2634/2549 1182/2639/2554 3094/2702/2615 2290/2699/2612
f 1182/2639/2554 351/2638/2553 2291/2703/2616 3094/2702/2615
f 3094/2702/2615 2291/2703/2616 352/2704/2617 1183/2705/2618
f 2290/2699/2612 3094/2702/2615 1183/2705/2618 300/2700/2613
f 351/2638/2553 1234/2643/2558 3095/2706/2619 2291/2703/2616
f 1234/2643/2558 403/2642/2557 2292/2707/2620 3095/2706/2619
f 3095/2706/2619 2292/2707/2620 404/2708/2621 1235/2709/2622
f 2291/2703/2616 3095/2706/2619 1235/2709/2622 352/2704/2617
f 403/2642/2557 1286/2647/2562 3096/2710/2623 2292/2707/2620
f 1286/2647/2562 455/2646/2561 2293/2711/2624 3096/2710/2623
f 3096/2710/2623 2293/2711/2624 456/2712/2625 1287/2713/2626
f 2292/2707/2620 3096/2710/2623 1287/2713/2626 404/2708/2621
f 455/2646/2561 1338/2651/2566 3097/2714/2627 2293/2711/2624
f 1338/2651/2566 507/2650/2565 2294/2715/2628 3097/2714/2627
f 3097/2714/2627 2294/2715/2628 508/2716/2629 1339/2717/2630
f 2293/2711/2624 3097/2714/2627 1339/2717/2630 456/2712/2625
f 507/2650/2565 1390/2655/2570 3098/2718/2631 2294/2715/2628
f 1390/2655/2570 559/2654/2569 2295/2719/2632 3098/2718/2631
f 3098/2718/2631 2295/2719/2632 560/2720/2633 1391/2721/2634
f 2294/2715/2628 3098/2718/2631 1391/2721/2634 508/2716/2629
f 559/2654/2569 1442/2659/2574 3099/2722/2635 2295/2719/2632
f 1442/2659/2574 611/2658/2573 2296/2723/2636 3099/2722/2635
f 3099/2722/2635 2296/2723/2636 612/2724/2637 1443/2725/2638
f 2295/2719/2632 3099/2722/2635 1443/2725/2638 560/2720/2633
f 611/2658/2573 1494/2663/2578 3100/2726/2639 2296/2723/2636
f 1494/2663/2578 663/2662/2577 2297/2727/2640 3100/2726/2639
f 3100/2726/2639 2297/2727/2640 664/2728/2641 1495/2729/2642
f 2296/2723/2636 3100/2726/2639 1495/2729/2642 612/2724/2637
f 663/2662/2577 1546/2667/2582 3101/2730/2643 2297/2727/2640
f 1546/2667/2582 715/2666/2581 2298/2731/2644 3101/2730/2643
f 3101/2730/2643 2298/2731/2644 716/2732/2645 1547/2733/2646
f 2297/2727/2640 3101/2730/2643 1547/2733/2646 664/2728/2641
f 715/2666/2581 1598/2671/2586 3102/2734/2647 2298/2731/2644
f 1598/2671/2586 767/2670/2585 2299/2735/2648 3102/2734/2647
f 3102/2734/2647 2299/2735/2648 768/2736/2649 1599/2737/2650
f 2298/2731/2644 3102/2734/2647 1599/2737/2650 716/2732/2645
f 767/2670/2585 1650/2675/2590 3103/2738/2651 2299/2735/2648
f 1650/2675/2590 819/2674/2589 2300/2739/2652 3103/2738/2651
f 3103/2738/2651 2300/2739/2652 820/2740/2653 1651/2741/2654
f 2299/2735/2648 3103/2738/2651 1651/2741/2654 768/2736/2649
f 819/2674/2589 1702/2679/2592 3104/2742/2655 2300/2739/2652
f 1702/2679/2592 39/2678/2534 871/2743/2594 3104/2742/2655
f 3104/2742/2655 871/2743/2594 40/2744/2598 1703/2745/2656
f 2300/2739/2652 3104/2742/2655 1703/2745/2656 820/2740/2653
f 40/2685/2598 923/2684/2597 3105/2746/2657 872/2747/2658
f 923/2684/2597 92/2683/2596 2301/2748/2659 3105/2746/2657
f 3105/2746/2657 2301/2748/2659 93/2749/2660 924/2750/2661
f 872/2747/2658 3105/2746/2657 924/2750/2661 41/2751/2662
f 92/2683/2596 975/2689/2602 3106/2752/2663 2301/2748/2659
f 975/2689/2602 144/2688/2601 2302/2753/2664 3106/2752/2663
f 3106/2752/2663 2302/2753/2664 145/2754/2665 976/2755/2666
f 2301/2748/2659 3106/2752/2663 976/2755/2666 93/2749/2660
f 144/2688/2601 1027/2693/2606 3107/2756/2667 2302/2753/2664
f 1027/2693/2606 196/2692/2605 2303/2757/2668 3107/2756/2667
f 3107/2756/2667 2303/2757/2668 197/2758/2669 1028/2759/2670
f 2302/2753/2664 3107/2756/2667 1028/2759/2670 145/2754/2665
f 196/2692/2605 1079/2697/2610 3108/2760/2671 2303/2757/2668
f 1079/2697/2610 248/2696/2609 2304/2761/2672 3108/2760/2671
f 3108/2760/2671 2304/2761/2672 249/2762/2673 1080/2763/2674
f 2303/2757/2668 3108/2760/2671 1080/2763/2674 197/2758/2669
f 248/2696/2609 1131/2701/2614 3109/2764/2675 2304/2761/2672
f 1131/2701/2614 300/2700/2613 2305/2765/2676 3109/2764/2675
f 3109/2764/2675 2305/2765/2676 301/2766/2677 1132/2767/2678
f 2304/2761/2672 3109/2764/2675 1132/2767/2678 249/2762/2673
f 300/2700/2613 1183/2705/2618 3110/2768/2679 2305/2765/2676
f 1183/2705/2618 352/2704/2617 2306/2769/2680 3110/2768/2679
f 3110/2768/2679 2306/2769/2680 353/2770/2681 1184/2771/2682
f 2305/2765/2676 3110/2768/2679 1184/2771/2682 301/2766/2677
f 352/2704/2617 1235/2709/2622 3111/2772/2683 2306/2769/2680
f 1235/2709/2622 404/2708/2621 2307/2773/2684 3111/2772/2683
f 3111/2772/2683 2307/2773/2684 405/2774/2685 1236/2775/2686
f 2306/2769/2680 3111/2772/2683 1236/2775/2686 353/2770/2681
f 404/2708/2621 1287/2713/2626 3112/2776/2687 2307/2773/2684
f 1287/2713/2626 456/2712/2625 2308/2777/2688 3112/2776/2687
f 3112/2776/2687 2308/2777/2688 457/2778/2689 1288/2779/2690
f 2307/2773/2684 3112/2776/2687 1288/2779/2690 405/2774/2685
f 456/2712/2625 1339/2717/2630 3113/2780/2691 2308/2777/2688
f 1339/2717/2630 508/2716/2629 2309/2781/2692 3113/2780/2691
f 3113/2780/2691 2309/2781/2692 509/2782/2693 1340/2783/2694
f 2308/2777/2688 3113/2780/2691 1340/2783/2694 457/2778/2689
f 508/2716/2629 1391/2721/2634 3114/2784/2695 2309/2781/2692
f 1391/2721/2634 560/2720/2633 2310/2785/2696 3114/2784/2695
f 3114/2784/2695 2310/2785/2696 561/2786/2697 1392/2787/2698
f 2309/2781/2692 3114/2784/2695 1392/2787/2698 509/2782/2693
f 560/2720/2633 1443/2725/2638 3115/2788/2699 2310/2785/2696
f 1443/2725/2638 612/2724/2637 2311/2789/2700 3115/2788/2699
f 3115/2788/2699 2311/2789/2700 613/2790/2701 1444/2791/2702
f 2310/2785/2696 3115/2788/2699 1444/2791/2702 561/2786/2697
f 612/2724/2637 1495/2729/2642 3116/2792/2703 2311/2789/2700
f 1495/2729/2642 664/2728/2641 2312/2793/2704 3116/2792/2703
f 3116/2792/2703 2312/2793/2704 665/2794/2705 1496/2795/2706
f 2311/2789/2700 3116/2792/2703 1496/2795/2706 613/2790/2701
f 664/2728/2641 1547/2733/2646 3117/2796/2707 2312/2793/2704
f 1547/2733/2646 716/2732/2645 2313/2797/2708 3117/2796/2707
f 3117/2796/2707 2313/2797/2708 717/2798/2709 1548/2799/2710
f 2312/2793/2704 3117/2796/2707 1548/2799/2710 665/2794/2705
f 716/2732/2645 1599/2737/2650 3118/2800/2711 2313/2797/2708
f 1599/2737/2650 768/2736/2649 2314/2801/2712 3118/2800/2711
f 3118/2800/2711 2314/2801/2712 769/2802/2713 1600/2803/2714
f 2313/2797/2708 3118/2800/2711 1600/2803/2714 717/2798/2709
f 768/2736/2649 1651/2741/2654 3119/2804/2715 2314/2801/2712
f 1651/2741/2654 820/2740/2653 2315/2805/2716 3119/2804/2715
f 3119/2804/2715 2315/2805/2716 821/2806/2717 1652/2807/2718
f 2314/2801/2712 3119/2804/2715 1652/2807/2718 769/2802/2713
f 820/2740/2653 1703/2745/2656 3120/2808/2719 2315/2805/2716
f 1703/2745/2656 40/2744/2598 872/2809/2658 3120/2808/2719
f 3120/2808/2719 872/2809/2658 41/2810/2662 1704/2811/2720
f 2315/2805/2716 3120/2808/2719 1704/2811/2720 821/2806/2717
f 48/2812/2721 931/2813/2722 3121/2814/2723 873/2815/2724
f 931/2813/2722 100/2816/2725 2316/2817/2726 3121/2814/2723
f 3121/2814/2723 2316/2817/2726 94/2818/2727 925/2819/2728
f 873/2815/2724 3121/2814/2723 925/2819/2728 42/2820/2729
f 100/2816/2725 983/2821/2730 3122/2822/2731 2316/2817/2726
f 983/2821/2730 152/2823/2732 2317/2824/2733 3122/2822/2731
f 3122/2822/2731 2317/2824/2733 146/2825/2734 977/2826/2735
f 2316/2817/2726 3122/2822/2731 977/2826/2735 94/2818/2727
f 152/2823/2732 1035/2827/2736 3123/2828/2737 2317/2824/2733
f 1035/2827/2736 204/2829/2738 2318/2830/2739 3123/2828/2737
f 3123/2828/2737 2318/2830/2739 198/2831/2740 1029/2832/2741
f 2317/2824/2733 3123/2828/2737 1029/2832/2741 146/2825/2734
f 204/2829/2738 1087/2833/2742 3124/2834/2743 2318/2830/2739
f 1087/2833/2742 256/2835/2744 2319/2836/2745 3124/2834/2743
f 3124/2834/2743 2319/2836/2745 250/2837/2746 1081/2838/2747
f 2318/2830/2739 3124/2834/2743 1081/2838/2747 198/2831/2740
f 256/2835/2744 1139/2839/2748 3125/2840/2749 2319/2836/2745
f 1139/2839/2748 308/2841/2750 2320/2842/2751 3125/2840/2749
f 3125/2840/2749 2320/2842/2751 302/2843/2752 1133/2844/2753
f 2319/2836/2745 3125/2840/2749 1133/2844/2753 250/2837/2746
f 308/2841/2750 1191/2845/2754 3126/2846/2755 2320/2842/2751
f 1191/2845/2754 360/2847/2756 2321/2848/2757 3126/2846/2755
f 3126/2846/2755 2321/2848/2757 354/2849/2758 1185/2850/2759
f 2320/2842/2751 3126/2846/2755 1185/2850/2759 302/2843/2752
f 360/2847/2756 1243/2851/2760 3127/2852/2761 2321/2848/2757
f 1243/2851/2760 412/2853/2762 2322/2854/2763 3127/2852/2761
f 3127/2852/2761 2322/2854/2763 406/2855/2764 1237/2856/2765
f 2321/2848/2757 3127/2852/2761 1237/2856/2765 354/2849/2758
f 412/2853/2762 1295/2857/2766 3128/2858/2767 2322/2854/2763
f 1295/2857/2766 464/2859/2768 2323/2860/2769 3128/2858/2767
f 3128/2858/2767 2323/2860/2769 458/2861/2770 1289/2862/2771
f 2322/2854/2763 3128/2858/2767 1289/2862/2771 406/2855/2764
f 464/2859/2768 1347/2863/2772 3129/2864/2773 2323/2860/2769
f 1347/2863/2772 516/2865/2774 2324/2866/2775 3129/2864/2773
f 3129/2864/2773 2324/2866/2775 510/2867/2776 1341/2868/2777
f 2323/2860/2769 3129/2864/2773 1341/2868/2777 458/2861/2770
f 516/2865/2774 1399/2869/2778 3130/2870/2779 2324/2866/2775
f 1399/2869/2778 568/2871/2780 2325/2872/2781 3130/2870/2779
f 3130/2870/2779 2325/2872/2781 562/2873/2782 1393/2874/2783
f 2324/2866/2775 3130/2870/2779 1393/2874/2783 510/2867/2776
f 568/2871/2780 1451/2875/2784 3131/2876/2785 2325/2872/2781
f 1451/2875/2784 620/2877/2786 2326/2878/2787 3131/2876/2785
f 3131/2876/2785 2326/2878/2787 614/2879/2788 1445/2880/2789
f 2325/2872/2781 3131/2876/2785 1445/2880/2789 562/2873/2782
f 620/2877/2786 1503/2881/2790 3132/2882/2791 2326/2878/2787
f 1503/2881/2790 672/2883/2792 2327/2884/2793 3132/2882/2791
f 3132/2882/2791 2327/2884/2793 666/2885/2794 1497/2886/2795
f 2326/2878/2787 3132/2882/2791 1497/2886/2795 614/2879/2788
f 672/2883/2792 1555/2887/2796 3133/2888/2797 2327/2884/2793
f 1555/2887/2796 724/2889/2798 2328/2890/2799 3133/2888/2797
f 3133/2888/2797 2328/2890/2799 718/2891/2800 1549/2892/2801
f 2327/2884/2793 3133/2888/2797 1549/2892/2801 666/2885/2794
f 724/2889/2798 1607/2893/2802 3134/2894/2803 2328/2890/2799
f 1607/2893/2802 776/2895/2804 2329/2896/2805 3134/2894/2803
f 3134/2894/2803 2329/2896/2805 770/2897/2806 1601/2898/2807
f 2328/2890/2799 3134/2894/2803 1601/2898/2807 718/2891/2800
f 776/2895/2804 1659/2899/2808 3135/2900/2809 2329/2896/2805
f 1659/2899/2808 828/2901/2810 2330/2902/2811 3135/2900/2809
f 3135/2900/2809 2330/2902/2811 822/2903/2812 1653/2904/2813
f 2329/2896/2805 3135/2900/2809 1653/2904/2813 770/2897/2806
f 828/2901/2810 1711/2905/2814 3136/2906/2815 2330/2902/2811
f 1711/2905/2814 48/2907/2721 873/2908/2724 3136/2906/2815
f 3136/2906/2815 873/2908/2724 42/2909/2729 1705/2910/2816
f 2330/2902/2811 3136/2906/2815 1705/2910/2816 822/2903/2812
f 46/2911/2817 929/2912/2818 3137/2913/2819 874/2914/2820
f 929/2912/2818 98/2915/2821 2331/2916/2822 3137/2913/2819
f 3137/2913/2819 2331/2916/2822 95/2917/2823 926/2918/2824
f 874/2914/2820 3137/2913/2819 926/2918/2824 43/2919/2825
f 98/2915/2821 981/2920/2826 3138/2921/2827 2331/2916/2822
f 981/2920/2826 150/2922/2828 2332/2923/2829 3138/2921/2827
f 3138/2921/2827 2332/2923/2829 147/2924/2830 978/2925/2831
f 2331/2916/2822 3138/2921/2827 978/2925/2831 95/2917/2823
f 150/2922/2828 1033/2926/2832 3139/2927/2833 2332/2923/2829
f 1033/2926/2832 202/2928/2834 2333/2929/2835 3139/2927/2833
f 3139/2927/2833 2333/2929/2835 199/2930/2836 1030/2931/2837
f 2332/2923/2829 3139/2927/2833 1030/2931/2837 147/2924/2830
f 202/2928/2834 1085/2932/2838 3140/2933/2839 2333/2929/2835
f 1085/2932/2838 254/2934/2840 2334/2935/2841 3140/2933/2839
f 3140/2933/2839 2334/2935/2841 251/2936/2842 1082/2937/2843
f 2333/2929/2835 3140/2933/2839 1082/2937/2843 199/2930/2836
f 254/2934/2840 1137/2938/2844 3141/2939/2845 2334/2935/2841
f 1137/2938/2844 306/2940/2846 2335/2941/2847 3141/2939/2845
f 3141/2939/2845 2335/2941/2847 303/2942/2848 1134/2943/2849
f 2334/2935/2841 3141/2939/2845 1134/2943/2849 251/2936/2842
f 306/2940/2846 1189/2944/2850 3142/2945/2851 2335/2941/2847
f 1189/2944/2850 358/2946/2852 2336/2947/2853 3142/2945/2851
f 3142/2945/2851 2336/2947/2853 355/2948/2854 1186/2949/2855
f 2335/2941/2847 3142/2945/2851 1186/2949/2855 303/2942/2848
f 358/2946/2852 1241/2950/2856 3143/2951/2857 2336/2947/2853
f 1241/2950/2856 410/2952/2858 2337/2953/2859 3143/2951/2857
f 3143/2951/2857 2337/2953/2859 407/2954/2860 1238/2955/2861
f 2336/2947/2853 3143/2951/2857 1238/2955/2861 355/2948/2854
f 410/2952/2858 1293/2956/2862 3144/2957/2863 2337/2953/2859
f 1293/2956/2862 462/2958/2864 2338/2959/2865 3144/2957/2863
f 3144/2957/2863 2338/2959/2865 459/2960/2866 1290/2961/2867
f 2337/2953/2859 3144/2957/2863 1290/2961/2867 407/2954/2860
f 462/2958/2864 1345/2962/2868 3145/2963/2869 2338/2959/2865
f 1345/2962/2868 514/2964/2870 2339/2965/2871 3145/2963/2869
f 3145/2963/2869 2339/2965/2871 511/2966/2872 1342/2967/2873
f 2338/2959/2865 3145/2963/2869 1342/2967/2873 459/2960/2866
f 514/2964/2870 1397/2968/2874 3146/2969/2875 2339/2965/2871
f 1397/2968/2874 566/2970/2876 2340/2971/2877 3146/2969/2875
f 3146/2969/2875 2340/2971/2877 563/2972/2878 1394/2973/2879
f 2339/2965/2871 3146/2969/2875 1394/2973/2879 511/2966/2872
f 566/2970/2876 1449/2974/2880 3147/2975/2881 2340/2971/2877
f 1449/2974/2880 618/2976/2882 2341/2977/2883 3147/2975/2881
f 3147/2975/2881 2341/2977/2883 615/2978/2884 1446/2979/2885
f 2340/2971/2877 3147/2975/2881 1446/2979/2885 563/2972/2878
f 618/2976/2882 1501/2980/2886 3148/2981/2887 2341/2977/2883
f 1501/2980/2886 670/2982/2888 2342/2983/2889 3148/2981/2887
f 3148/2981/2887 2342/2983/2889 667/2984/2890 1498/2985/2891
f 2341/2977/2883 3148/2981/2887 1498/2985/2891 615/2978/2884
f 670/2982/2888 1553/2986/2892 3149/2987/2893 2342/2983/2889
f 1553/2986/2892 722/2988/2894 2343/2989/2895 3149/2987/2893
f 3149/2987/2893 2343/2989/2895 719/2990/2896 1550/2991/2897
f 2342/2983/2889 3149/2987/2893 1550/2991/2897 667/2984/2890
f 722/2988/2894 1605/2992/2898 3150/2993/2899 2343/2989/2895
f 1605/2992/2898 774/2994/2900 2344/2995/2901 3150/2993/2899
f 3150/2993/2899 2344/2995/2901 771/2996/2902 1602/2997/2903
f 2343/2989/2895 3150/2993/2899 1602/2997/2903 719/2990/2896
f 774/2994/2900 1657/2998/2904 3151/2999/2905 2344/2995/2901
f 1657/2998/2904 826/3000/2906 2345/3001/2907 3151/2999/2905
f 3151/2999/2905 2345/3001/2907 823/3002/2908 1654/3003/2909
f 2344/2995/2901 3151/2999/2905 1654/3003/2909 771/2996/2902
f 826/3000/2906 1709/3004/2910 3152/3005/2911 2345/3001/2907
f 1709/3004/2910 46/3006/2817 874/3007/2820 3152/3005/2911
f 3152/3005/2911 874/3007/2820 43/3008/2825 1706/3009/2912
f 2345/3001/2907 3152/3005/2911 1706/3009/2912 823/3002/2908
f 45/3010/2913 928/3011/2914 3153/3012/2915 875/3013/2916
f 928/3011/2914 97/3014/2917 2346/3015/2918 3153/3012/2915
f 3153/3012/2915 2346/3015/2918 96/5/5 927/2/2
f 875/3013/2916 3153/3012/2915 927/2/2 44/1/1
f 97/3014/2917 980/3016/2919 3154/3017/2920 2346/3015/2918
f 980/3016/2919 149/3018/2921 2347/3019/2922 3154/3017/2920
f 3154/3017/2920 2347/3019/2922 148/12/12 979/10/10
f 2346/3015/2918 3154/3017/2920 979/10/10 96/5/5
f 149/3018/2921 1032/3020/2923 3155/3021/2924 2347/3019/2922
f 1032/3020/2923 201/3022/2925 2348/3023/2926 3155/3021/2924
f 3155/3021/2924 2348/3023/2926 200/18/18 1031/16/16
f 2347/3019/2922 3155/3021/2924 1031/16/16 148/12/12
f 201/3022/2925 1084/3024/2927 3156/3025/2928 2348/3023/2926
f 1084/3024/2927 253/3026/2929 2349/3027/2930 3156/3025/2928
f 3156/3025/2928 2349/3027/2930 252/24/24 1083/22/22
f 2348/3023/2926 3156/3025/2928 1083/22/22 200/18/18
f 253/3026/2929 1136/3028/2931 3157/3029/2932 2349/3027/2930
f 1136/3028/2931 305/3030/2933 2350/3031/2934 3157/3029/2932
f 3157/3029/2932 2350/3031/2934 304/30/30 1135/28/28
f 2349/3027/2930 3157/3029/2932 1135/28/28 252/24/24
f 305/3030/2933 1188/3032/2935 3158/3033/2936 2350/3031/2934
f 1188/3032/2935 357/3034/2937 2351/3035/2938 3158/3033/2936
f 3158/3033/2936 2351/3035/2938 356/36/36 1187/34/34
f 2350/3031/2934 3158/3033/2936 1187/34/34 304/30/30
f 357/3034/2937 1240/3036/2939 3159/3037/2940 2351/3035/2938
f 1240/3036/2939 409/3038/2941 2352/3039/2942 3159/3037/2940
f 3159/3037/2940 2352/3039/2942 408/42/42 1239/40/40
f 2351/3035/2938 3159/3037/2940 1239/40/40 356/36/36
f 409/3038/2941 1292/3040/2943 3160/3041/2944 2352/3039/2942
f 1292/3040/2943 461/3042/2945 2353/3043/2946 3160/3041/2944
f 3160/3041/2944 2353/3043/2946 460/48/48 1291/46/46
f 2352/3039/2942 3160/3041/2944 1291/46/46 408/42/42
f 461/3042/2945 1344/3044/2947 3161/3045/2948 2353/3043/2946
f 1344/3044/2947 513/3046/2949 2354/3047/2950 3161/3045/2948
f 3161/3045/2948 2354/3047/2950 512/54/54 1343/52/52
f 2353/3043/2946 3161/3045/2948 1343/52/52 460/48/48
f 513/3046/2949 1396/3048/2951 3162/3049/2952 2354/3047/2950
f 1396/3048/2951 565/3050/2953 2355/3051/2954 3162/3049/2952
f 3162/3049/2952 2355/3051/2954 564/60/60 1395/58/58
f 2354/3047/2950 3162/3049/2952 1395/58/58 512/54/54
f 565/3050/2953 1448/3052/2955 3163/3053/2956 2355/3051/2954
f 1448/3052/2955 617/3054/2957 2356/3055/2958 3163/3053/2956
f 3163/3053/2956 2356/3055/2958 616/66/66 1447/64/64
f 2355/3051/2954 3163/3053/2956 1447/64/64 564/60/60
f 617/3054/2957 1500/3056/2959 3164/3057/2960 2356/3055/2958
f 1500/3056/2959 669/3058/2961 2357/3059/2962 3164/3057/2960
f 3164/3057/2960 2357/3059/2962 668/72/72 1499/70/70
f 2356/3055/2958 3164/3057/2960 1499/70/70 616/66/66
f 669/3058/2961 1552/3060/2963 3165/3061/2964 2357/3059/2962
f 1552/3060/2963 721/3062/2965 2358/3063/2966 3165/3061/2964
f 3165/3061/2964 2358/3063/2966 720/78/78 1551/76/76
f 2357/3059/2962 3165/3061/2964 1551/76/76 668/72/72
f 721/3062/2965 1604/3064/2967 3166/3065/2968 2358/3063/2966
f 1604/3064/2967 773/3066/2969 2359/3067/2970 3166/3065/2968
f 3166/3065/2968 2359/3067/2970 772/84/84 1603/82/82
f 2358/3063/2966 3166/3065/2968 1603/82/82 720/78/78
f 773/3066/2969 1656/3068/2971 3167/3069/2972 2359/3067/2970
f 1656/3068/2971 825/3070/2973 2360/3071/2974 3167/3069/2972
f 3167/3069/2972 2360/3071/2974 824/90/90 1655/88/88
f 2359/3067/2970 3167/3069/2972 1655/88/88 772/84/84
f 825/3070/2973 1708/3072/2975 3168/3073/2976 2360/3071/2974
f 1708/3072/2975 45/3074/2913 875/3075/2916 3168/3073/2976
f 3168/3073/2976 875/3075/2916 44/96/1 1707/94/94
f 2360/3071/2974 3168/3073/2976 1707/94/94 824/90/90
f 52/3076/2977 935/3077/2978 3169/3078/2979 876/3079/2980
f 935/3077/2978 104/3080/2981 2361/3081/2982 3169/3078/2979
f 3169/3078/2979 2361/3081/2982 97/3014/2917 928/3011/2914
f 876/3079/2980 3169/3078/2979 928/3011/2914 45/3010/2913
f 104/3080/2981 987/3082/2983 3170/3083/2984 2361/3081/2982
f 987/3082/2983 156/3084/2985 2362/3085/2986 3170/3083/2984
f 3170/3083/2984 2362/3085/2986 149/3018/2921 980/3016/2919
f 2361/3081/2982 3170/3083/2984 980/3016/2919 97/3014/2917
f 156/3084/2985 1039/3086/2987 3171/3087/2988 2362/3085/2986
f 1039/3086/2987 208/3088/2989 2363/3089/2990 3171/3087/2988
f 3171/3087/2988 2363/3089/2990 201/3022/2925 1032/3020/2923
f 2362/3085/2986 3171/3087/2988 1032/3020/2923 149/3018/2921
f 208/3088/2989 1091/3090/2991 3172/3091/2992 2363/3089/2990
f 1091/3090/2991 260/3092/2993 2364/3093/2994 3172/3091/2992
f 3172/3091/2992 2364/3093/2994 253/3026/2929 1084/3024/2927
f 2363/3089/2990 3172/3091/2992 1084/3024/2927 201/3022/2925
f 260/3092/2993 1143/3094/2995 3173/3095/2996 2364/3093/2994
f 1143/3094/2995 312/3096/2997 2365/3097/2998 3173/3095/2996
f 3173/3095/2996 2365/3097/2998 305/3030/2933 1136/3028/2931
f 2364/3093/2994 3173/3095/2996 1136/3028/2931 253/3026/2929
f 312/3096/2997 1195/3098/2999 3174/3099/3000 2365/3097/2998
f 1195/3098/2999 364/3100/3001 2366/3101/3002 3174/3099/3000
f 3174/3099/3000 2366/3101/3002 357/3034/2937 1188/3032/2935
f 2365/3097/2998 3174/3099/3000 1188/3032/2935 305/3030/2933
f 364/3100/3001 1247/3102/3003 3175/3103/3004 2366/3101/3002
f 1247/3102/3003 416/3104/3005 2367/3105/3006 3175/3103/3004
f 3175/3103/3004 2367/3105/3006 409/3038/2941 1240/3036/2939
f 2366/3101/3002 3175/3103/3004 1240/3036/2939 357/3034/2937
f 416/3104/3005 1299/3106/3007 3176/3107/3008 2367/3105/3006
f 1299/3106/3007 468/3108/3009 2368/3109/3010 3176/3107/3008
f 3176/3107/3008 2368/3109/3010 461/3042/2945 1292/3040/2943
f 2367/3105/3006 3176/3107/3008 1292/3040/2943 409/3038/2941
f 468/3108/3009 1351/3110/3011 3177/3111/3012 2368/3109/3010
f 1351/3110/3011 520/3112/3013 2369/3113/3014 3177/3111/3012
f 3177/3111/3012 2369/3113/3014 513/3046/2949 1344/3114/2947
f 2368/3109/3010 3177/3111/3012 1344/3114/2947 461/3042/2945
f 520/3112/3013 1403/3115/3015 3178/3116/3016 2369/3113/3014
f 1403/3115/3015 572/3117/3017 2370/3118/3018 3178/3116/3016
f 3178/3116/3016 2370/3118/3018 565/3050/2953 1396/3048/2951
f 2369/3113/3014 3178/3116/3016 1396/3048/2951 513/3046/2949
f 572/3117/3017 1455/3119/3019 3179/3120/3020 2370/3118/3018
f 1455/3119/3019 624/3121/3021 2371/3122/3022 3179/3120/3020
f 3179/3120/3020 2371/3122/3022 617/3054/2957 1448/3123/2955
f 2370/3118/3018 3179/3120/3020 1448/3123/2955 565/3050/2953
f 624/3121/3021 1507/3124/3023 3180/3125/3024 2371/3122/3022
f 1507/3124/3023 676/3126/3025 2372/3127/3026 3180/3125/3024
f 3180/3125/3024 2372/3127/3026 669/3058/2961 1500/3056/2959
f 2371/3122/3022 3180/3125/3024 1500/3056/2959 617/3054/2957
f 676/3126/3025 1559/3128/3027 3181/3129/3028 2372/3127/3026
f 1559/3128/3027 728/3130/3029 2373/3131/3030 3181/3129/3028
f 3181/3129/3028 2373/3131/3030 721/3062/2965 1552/3060/2963
f 2372/3127/3026 3181/3129/3028 1552/3060/2963 669/3058/2961
f 728/3130/3029 1611/3132/3031 3182/3133/3032 2373/3131/3030
f 1611/3132/3031 780/3134/3033 2374/3135/3034 3182/3133/3032
f 3182/3133/3032 2374/3135/3034 773/3066/2969 1604/3064/2967
f 2373/3131/3030 3182/3133/3032 1604/3064/2967 721/3062/2965
f 780/3134/3033 1663/3136/3035 3183/3137/3036 2374/3135/3034
f 1663/3136/3035 832/3138/3037 2375/3139/3038 3183/3137/3036
f 3183/3137/3036 2375/3139/3038 825/3070/2973 1656/3068/2971
f 2374/3135/3034 3183/3137/3036 1656/3068/2971 773/3066/2969
f 832/3138/3037 1715/3140/3039 3184/3141/3040 2375/3139/3038
f 1715/3140/3039 52/3142/2977 876/3143/2980 3184/3141/3040
f 3184/3141/3040 876/3143/2980 45/3074/2913 1708/3072/2975
f 2375/3139/3038 3184/3141/3040 1708/3072/2975 825/3070/2973
f 47/3144/3041 930/3145/3042 3185/3146/3043 877/3147/3044
f 930/3145/3042 99/3148/3045 2376/3149/3046 3185/3146/3043
f 3185/3146/3043 2376/3149/3046 98/2915/2821 929/2912/2818
f 877/3147/3044 3185/3146/3043 929/2912/2818 46/2911/2817
f 99/3148/3045 982/3150/3047 3186/3151/3048 2376/3149/3046
f 982/3150/3047 151/3152/3049 2377/3153/3050 3186/3151/3048
f 3186/3151/3048 2377/3153/3050 150/2922/2828 981/2920/2826
f 2376/3149/3046 3186/3151/3048 981/2920/2826 98/2915/2821
f 151/3152/3049 1034/3154/3051 3187/3155/3052 2377/3153/3050
f 1034/3154/3051 203/3156/3053 2378/3157/3054 3187/3155/3052
f 3187/3155/3052 2378/3157/3054 202/2928/2834 1033/2926/2832
f 2377/3153/3050 3187/3155/3052 1033/2926/2832 150/2922/2828
f 203/3156/3053 1086/3158/3055 3188/3159/3056 2378/3157/3054
f 1086/3158/3055 255/3160/3057 2379/3161/3058 3188/3159/3056
f 3188/3159/3056 2379/3161/3058 254/2934/2840 1085/2932/2838
f 2378/3157/3054 3188/3159/3056 1085/2932/2838 202/2928/2834
f 255/3160/3057 1138/3162/3059 3189/3163/3060 2379/3161/3058
f 1138/3162/3059 307/3164/3061 2380/3165/3062 3189/3163/3060
f 3189/3163/3060 2380/3165/3062 306/2940/2846 1137/2938/2844
f 2379/3161/3058 3189/3163/3060 1137/2938/2844 254/2934/2840
f 307/3164/3061 1190/3166/3063 3190/3167/3064 2380/3165/3062
f 1190/3166/3063 359/3168/3065 2381/3169/3066 3190/3167/3064
f 3190/3167/3064 2381/3169/3066 358/2946/2852 1189/2944/2850
f 2380/3165/3062 3190/3167/3064 1189/2944/2850 306/2940/2846
f 359/3168/3065 1242/3170/3067 3191/3171/3068 2381/3169/3066
f 1242/3170/3067 411/3172/3069 2382/3173/3070 3191/3171/3068
f 3191/3171/3068 2382/3173/3070 410/2952/2858 1241/2950/2856
f 2381/3169/3066 3191/3171/3068 1241/2950/2856 358/2946/2852
f 411/3172/3069 1294/3174/3071 3192/3175/3072 2382/3173/3070
f 1294/3174/3071 463/3176/3073 2383/3177/3074 3192/3175/3072
f 3192/3175/3072 2383/3177/3074 462/2958/2864 1293/2956/2862
f 2382/3173/3070 3192/3175/3072 1293/2956/2862 410/2952/2858
f 463/3176/3073 1346/3178/3075 3193/3179/3076 2383/3177/3074
f 1346/3178/3075 515/3180/3077 2384/3181/3078 3193/3179/3076
f 3193/3179/3076 2384/3181/3078 514/2964/2870 1345/2962/2868
f 2383/3177/3074 3193/3179/3076 1345/2962/2868 462/2958/2864
f 515/3180/3077 1398/3182/3079 3194/3183/3080 2384/3181/3078
f 1398/3182/3079 567/3184/3081 2385/3185/3082 3194/3183/3080
f 3194/3183/3080 2385/3185/3082 566/2970/2876 1397/2968/2874
f 2384/3181/3078 3194/3183/3080 1397/2968/2874 514/2964/2870
f 567/3184/3081 1450/3186/3083 3195/3187/3084 2385/3185/3082
f 1450/3186/3083 619/3188/3085 2386/3189/3086 3195/3187/3084
f 3195/3187/3084 2386/3189/3086 618/2976/2882 1449/2974/2880
f 2385/3185/3082 3195/3187/3084 1449/2974/2880 566/2970/2876
f 619/3188/3085 1502/3190/3087 3196/3191/3088 2386/3189/3086
f 1502/3190/3087 671/3192/3089 2387/3193/3090 3196/3191/3088
f 3196/3191/3088 2387/3193/3090 670/2982/2888 1501/2980/2886
f 2386/3189/3086 3196/3191/3088 1501/2980/2886 618/2976/2882
f 671/3192/3089 1554/3194/3091 3197/3195/3092 2387/3193/3090
f 1554/3194/3091 723/3196/3093 2388/3197/3094 3197/3195/3092
f 3197/3195/3092 2388/3197/3094 722/2988/2894 1553/2986/2892
f 2387/3193/3090 3197/3195/3092 1553/2986/2892 670/2982/2888
f 723/3196/3093 1606/3198/3095 3198/3199/3096 2388/3197/3094
f 1606/3198/3095 775/3200/3097 2389/3201/3098 3198/3199/3096
f 3198/3199/3096 2389/3201/3098 774/2994/2900 1605/2992/2898
f 2388/3197/3094 3198/3199/3096 1605/2992/2898 722/2988/2894
f 775/3200/3097 1658/3202/3099 3199/3203/3100 2389/3201/3098
f 1658/3202/3099 827/3204/3101 2390/3205/3102 3199/3203/3100
f 3199/3203/3100 2390/3205/3102 826/3000/2906 1657/2998/2904
f 2389/3201/3098 3199/3203/3100 1657/2998/2904 774/2994/2900
f 827/3204/3101 1710/3206/3103 3200/3207/3104 2390/3205/3102
f 1710/3206/3103 47/3208/3041 877/3209/3044 3200/3207/3104
f 3200/3207/3104 877/3209/3044 46/3006/2817 1709/3004/2910
f 2390/3205/3102 3200/3207/3104 1709/3004/2910 826/3000/2906
f 42/2820/2729 925/2819/2728 3201/3210/3105 878/3211/3106
f 925/2819/2728 94/2818/2727 2391/3212/3107 3201/3210/3105
f 3201/3210/3105 2391/3212/3107 99/3148/3045 930/3145/3042
f 878/3211/3106 3201/3210/3105 930/3145/3042 47/3144/3041
f 94/2818/2727 977/2826/2735 3202/3213/3108 2391/3212/3107
f 977/2826/2735 146/2825/2734 2392/3214/3109 3202/3213/3108
f 3202/3213/3108 2392/3214/3109 151/3152/3049 982/3150/3047
f 2391/3212/3107 3202/3213/3108 982/3150/3047 99/3148/3045
f 146/2825/2734 1029/2832/2741 3203/3215/3110 2392/3214/3109
f 1029/2832/2741 198/2831/2740 2393/3216/3111 3203/3215/3110
f 3203/3215/3110 2393/3216/3111 203/3156/3053 1034/3154/3051
f 2392/3214/3109 3203/3215/3110 1034/3154/3051 151/3152/3049
f 198/2831/2740 1081/2838/2747 3204/3217/3112 2393/3216/3111
f 1081/2838/2747 250/2837/2746 2394/3218/3113 3204/3217/3112
f 3204/3217/3112 2394/3218/3113 255/3160/3057 1086/3158/3055
f 2393/3216/3111 3204/3217/3112 1086/3158/3055 203/3156/3053
f 250/2837/2746 1133/2844/2753 3205/3219/3114 2394/3218/3113
f 1133/2844/2753 302/2843/2752 2395/3220/3115 3205/3219/3114
f 3205/3219/3114 2395/3220/3115 307/3164/3061 1138/3162/3059
f 2394/3218/3113 3205/3219/3114 1138/3162/3059 255/3160/3057
f 302/2843/2752 1185/2850/2759 3206/3221/3116 2395/3220/3115
f 1185/2850/2759 354/2849/2758 2396/3222/3117 3206/3221/3116
f 3206/3221/3116 2396/3222/3117 359/3168/3065 1190/3166/3063
f 2395/3220/3115 3206/3221/3116 1190/3166/3063 307/3164/3061
f 354/2849/2758 1237/2856/2765 3207/3223/3118 2396/3222/3117
f 1237/2856/2765 406/2855/2764 2397/3224/3119 3207/3223/3118
f 3207/3223/3118 2397/3224/3119 411/3172/3069 1242/3170/3067
f 2396/3222/3117 3207/3223/3118 1242/3170/3067 359/3168/3065
f 406/2855/2764 1289/2862/2771 3208/3225/3120 2397/3224/3119
f 1289/2862/2771 458/2861/2770 2398/3226/3121 3208/3225/3120
f 3208/3225/3120 2398/3226/3121 463/3176/3073 1294/3174/3071
f 2397/3224/3119 3208/3225/3120 1294/3174/3071 411/3172/3069
f 458/2861/2770 1341/2868/2777 3209/3227/3122 2398/3226/3121
f 1341/2868/2777 510/2867/2776 2399/3228/3123 3209/3227/3122
f 3209/3227/3122 2399/3228/3123 515/3180/3077 1346/3178/3075
f 2398/3226/3121 3209/3227/3122 1346/3178/3075 463/3176/3073
f 510/2867/2776 1393/2874/2783 3210/3229/3124 2399/3228/3123
f 1393/2874/2783 562/2873/2782 2400/3230/3125 3210/3229/3124
f 3210/3229/3124 2400/3230/3125 567/3184/3081 1398/3182/3079
f 2399/3228/3123 3210/3229/3124 1398/3182/3079 515/3180/3077
f 562/2873/2782 1445/2880/2789 3211/3231/3126 2400/3230/3125
f 1445/2880/2789 614/2879/2788 2401/3232/3127 3211/3231/3126
f 3211/3231/3126 2401/3232/3127 619/3188/3085 1450/3186/3083
f 2400/3230/3125 3211/3231/3126 1450/3186/3083 567/3184/3081
f 614/2879/2788 1497/2886/2795 3212/3233/3128 2401/3232/3127
f 1497/2886/2795 666/2885/2794 2402/3234/3129 3212/3233/3128
f 3212/3233/3128 2402/3234/3129 671/3192/3089 1502/3190/3087
f 2401/3232/3127 3212/3233/3128 1502/3190/3087 619/3188/3085
f 666/2885/2794 1549/2892/2801 3213/3235/3130 2402/3234/3129
f 1549/2892/2801 718/2891/2800 2403/3236/3131 3213/3235/3130
f 3213/3235/3130 2403/3236/3131 723/3196/3093 1554/3194/3091
f 2402/3234/3129 3213/3235/3130 1554/3194/3091 671/3192/3089
f 718/2891/2800 1601/2898/2807 3214/3237/3132 2403/3236/3131
f 1601/2898/2807 770/2897/2806 2404/3238/3133 3214/3237/3132
f 3214/3237/3132 2404/3238/3133 775/3200/3097 1606/3198/3095
f 2403/3236/3131 3214/3237/3132 1606/3198/3095 723/3196/3093
f 770/2897/2806 1653/2904/2813 3215/3239/3134 2404/3238/3133
f 1653/2904/2813 822/2903/2812 2405/3240/3135 3215/3239/3134
f 3215/3239/3134 2405/3240/3135 827/3204/3101 1658/3202/3099
f 2404/3238/3133 3215/3239/3134 1658/3202/3099 775/3200/3097
f 822/2903/2812 1705/2910/2816 3216/3241/3136 2405/3240/3135
f 1705/2910/2816 42/2909/2729 878/3242/3106 3216/3241/3136
f 3216/3241/3136 878/3242/3106 47/3208/3041 1710/3206/3103
f 2405/3240/3135 3216/3241/3136 1710/3206/3103 827/3204/3101
f 41/2751/2662 924/2750/2661 3217/3243/3137 879/3244/3138
f 924/2750/2661 93/2749/2660 2406/3245/3139 3217/3243/3137
f 3217/3243/3137 2406/3245/3139 100/2816/2725 931/2813/2722
f 879/3244/3138 3217/3243/3137 931/2813/2722 48/2812/2721
f 93/2749/2660 976/2755/2666 3218/3246/3140 2406/3245/3139
f 976/2755/2666 145/2754/2665 2407/3247/3141 3218/3246/3140
f 3218/3246/3140 2407/3247/3141 152/2823/2732 983/2821/2730
f 2406/3245/3139 3218/3246/3140 983/2821/2730 100/2816/2725
f 145/2754/2665 1028/2759/2670 3219/3248/3142 2407/3247/3141
f 1028/2759/2670 197/2758/2669 2408/3249/3143 3219/3248/3142
f 3219/3248/3142 2408/3249/3143 204/2829/2738 1035/2827/2736
f 2407/3247/3141 3219/3248/3142 1035/2827/2736 152/2823/2732
f 197/2758/2669 1080/2763/2674 3220/3250/3144 2408/3249/3143
f 1080/2763/2674 249/2762/2673 2409/3251/3145 3220/3250/3144
f 3220/3250/3144 2409/3251/3145 256/2835/2744 1087/2833/2742
f 2408/3249/3143 3220/3250/3144 1087/2833/2742 204/2829/2738
f 249/2762/2673 1132/2767/2678 3221/3252/3146 2409/3251/3145
f 1132/2767/2678 301/2766/2677 2410/3253/3147 3221/3252/3146
f 3221/3252/3146 2410/3253/3147 308/2841/2750 1139/2839/2748
f 2409/3251/3145 3221/3252/3146 1139/2839/2748 256/2835/2744
f 301/2766/2677 1184/2771/2682 3222/3254/3148 2410/3253/3147
f 1184/2771/2682 353/2770/2681 2411/3255/3149 3222/3254/3148
f 3222/3254/3148 2411/3255/3149 360/2847/2756 1191/2845/2754
f 2410/3253/3147 3222/3254/3148 1191/2845/2754 308/2841/2750
f 353/2770/2681 1236/2775/2686 3223/3256/3150 2411/3255/3149
f 1236/2775/2686 405/2774/2685 2412/3257/3151 3223/3256/3150
f 3223/3256/3150 2412/3257/3151 412/2853/2762 1243/2851/2760
f 2411/3255/3149 3223/3256/3150 1243/2851/2760 360/2847/2756
f 405/2774/2685 1288/2779/2690 3224/3258/3152 2412/3257/3151
f 1288/2779/2690 457/2778/2689 2413/3259/3153 3224/3258/3152
f 3224/3258/3152 2413/3259/3153 464/2859/2768 1295/2857/2766
f 2412/3257/3151 3224/3258/3152 1295/2857/2766 412/2853/2762
f 457/2778/2689 1340/2783/2694 3225/3260/3154 2413/3259/3153
f 1340/2783/2694 509/2782/2693 2414/3261/3155 3225/3260/3154
f 3225/3260/3154 2414/3261/3155 516/2865/2774 1347/2863/2772
f 2413/3259/3153 3225/3260/3154 1347/2863/2772 464/2859/2768
f 509/2782/2693 1392/2787/2698 3226/3262/3156 2414/3261/3155
f 1392/2787/2698 561/2786/2697 2415/3263/3157 3226/3262/3156
f 3226/3262/3156 2415/3263/3157 568/2871/2780 1399/2869/2778
f 2414/3261/3155 3226/3262/3156 1399/2869/2778 516/2865/2774
f 561/2786/2697 1444/2791/2702 3227/3264/3158 2415/3263/3157
f 1444/2791/2702 613/2790/2701 2416/3265/3159 3227/3264/3158
f 3227/3264/3158 2416/3265/3159 620/2877/2786 1451/2875/2784
f 2415/3263/3157 3227/3264/3158 1451/2875/2784 568/2871/2780
f 613/2790/2701 1496/2795/2706 3228/3266/3160 2416/3265/3159
f 1496/2795/2706 665/2794/2705 2417/3267/3161 3228/3266/3160
f 3228/3266/3160 2417/3267/3161 672/2883/2792 1503/2881/2790
f 2416/3265/3159 3228/3266/3160 1503/2881/2790 620/2877/2786
f 665/2794/2705 1548/2799/2710 3229/3268/3162 2417/3267/3161
f 1548/2799/2710 717/2798/2709 2418/3269/3163 3229/3268/3162
f 3229/3268/3162 2418/3269/3163 724/2889/2798 1555/2887/2796
f 2417/3267/3161 3229/3268/3162 1555/2887/2796 672/2883/2792
f 717/2798/2709 1600/2803/2714 3230/3270/3164 2418/3269/3163
f 1600/2803/2714 769/2802/2713 2419/3271/3165 3230/3270/3164
f 3230/3270/3164 2419/3271/3165 776/2895/2804 1607/2893/2802
f 2418/3269/3163 3230/3270/3164 1607/2893/2802 724/2889/2798
f 769/2802/2713 1652/2807/2718 3231/3272/3166 2419/3271/3165
f 1652/2807/2718 821/2806/2717 2420/3273/3167 3231/3272/3166
f 3231/3272/3166 2420/3273/3167 828/2901/2810 1659/2899/2808
f 2419/3271/3165 3231/3272/3166 1659/2899/2808 776/2895/2804
f 821/2806/2717 1704/2811/2720 3232/3274/3168 2420/3273/3167
f 1704/2811/2720 41/2810/2662 879/3275/3138 3232/3274/3168
f 3232/3274/3168 879/3275/3138 48/2907/2721 1711/2905/2814
f 2420/3273/3167 3232/3274/3168 1711/2905/2814 828/2901/2810
f 35/2322/2246 918/2321/2245 3233/3276/3169 880/3277/3170
f 918/2321/2245 87/2320/2244 2421/3278/3171 3233/3276/3169
f 3233/3276/3169 2421/3278/3171 101/2387/2309 932/2384/2306
f 880/3277/3170 3233/3276/3169 932/2384/2306 49/2383/2305
f 87/2320/2244 970/2326/2250 3234/3279/3172 2421/3278/3171
f 970/2326/2250 139/2325/2249 2422/3280/3173 3234/3279/3172
f 3234/3279/3172 2422/3280/3173 153/2394/2316 984/2392/2314
f 2421/3278/3171 3234/3279/3172 984/2392/2314 101/2387/2309
f 139/2325/2249 1022/2330/2254 3235/3281/3174 2422/3280/3173
f 1022/2330/2254 191/2329/2253 2423/3282/3175 3235/3281/3174
f 3235/3281/3174 2423/3282/3175 205/2400/2322 1036/2398/2320
f 2422/3280/3173 3235/3281/3174 1036/2398/2320 153/2394/2316
f 191/2329/2253 1074/2334/2258 3236/3283/3176 2423/3282/3175
f 1074/2334/2258 243/2333/2257 2424/3284/3177 3236/3283/3176
f 3236/3283/3176 2424/3284/3177 257/2406/2328 1088/2404/2326
f 2423/3282/3175 3236/3283/3176 1088/2404/2326 205/2400/2322
f 243/2333/2257 1126/2338/2262 3237/3285/3178 2424/3284/3177
f 1126/2338/2262 295/2337/2261 2425/3286/3179 3237/3285/3178
f 3237/3285/3178 2425/3286/3179 309/2412/2334 1140/2410/2332
f 2424/3284/3177 3237/3285/3178 1140/2410/2332 257/2406/2328
f 295/2337/2261 1178/2342/2266 3238/3287/3180 2425/3286/3179
f 1178/2342/2266 347/2341/2265 2426/3288/3181 3238/3287/3180
f 3238/3287/3180 2426/3288/3181 361/2418/2340 1192/2416/2338
f 2425/3286/3179 3238/3287/3180 1192/2416/2338 309/2412/2334
f 347/2341/2265 1230/2346/2270 3239/3289/3182 2426/3288/3181
f 1230/2346/2270 399/2345/2269 2427/3290/3183 3239/3289/3182
f 3239/3289/3182 2427/3290/3183 413/2424/2346 1244/2422/2344
f 2426/3288/3181 3239/3289/3182 1244/2422/2344 361/2418/2340
f 399/2345/2269 1282/2350/2274 3240/3291/3184 2427/3290/3183
f 1282/2350/2274 451/2349/2273 2428/3292/3185 3240/3291/3184
f 3240/3291/3184 2428/3292/3185 465/2430/2352 1296/2428/2350
f 2427/3290/3183 3240/3291/3184 1296/2428/2350 413/2424/2346
f 451/2349/2273 1334/2354/2278 3241/3293/3186 2428/3292/3185
f 1334/2354/2278 503/2353/2277 2429/3294/3187 3241/3293/3186
f 3241/3293/3186 2429/3294/3187 517/2436/2358 1348/2434/2356
f 2428/3292/3185 3241/3293/3186 1348/2434/2356 465/2430/2352
f 503/2353/2277 1386/2358/2282 3242/3295/3188 2429/3294/3187
f 1386/2358/2282 555/2357/2281 2430/3296/3189 3242/3295/3188
f 3242/3295/3188 2430/3296/3189 569/2442/2364 1400/2440/2362
f 2429/3294/3187 3242/3295/3188 1400/2440/2362 517/2436/2358
f 555/2357/2281 1438/2362/2286 3243/3297/3190 2430/3296/3189
f 1438/2362/2286 607/2361/2285 2431/3298/3191 3243/3297/3190
f 3243/3297/3190 2431/3298/3191 621/2448/2370 1452/2446/2368
f 2430/3296/3189 3243/3297/3190 1452/2446/2368 569/2442/2364
f 607/2361/2285 1490/2366/2290 3244/3299/3192 2431/3298/3191
f 1490/2366/2290 659/2365/2289 2432/3300/3193 3244/3299/3192
f 3244/3299/3192 2432/3300/3193 673/2454/2376 1504/2452/2374
f 2431/3298/3191 3244/3299/3192 1504/2452/2374 621/2448/2370
f 659/2365/2289 1542/2370/2294 3245/3301/3194 2432/3300/3193
f 1542/2370/2294 711/2369/2293 2433/3302/3195 3245/3301/3194
f 3245/3301/3194 2433/3302/3195 725/2460/2382 1556/2458/2380
f 2432/3300/3193 3245/3301/3194 1556/2458/2380 673/2454/2376
f 711/2369/2293 1594/2374/2298 3246/3303/3196 2433/3302/3195
f 1594/2374/2298 763/2373/2297 2434/3304/3197 3246/3303/3196
f 3246/3303/3196 2434/3304/3197 777/2466/2388 1608/2464/2386
f 2433/3302/3195 3246/3303/3196 1608/2464/2386 725/2460/2382
f 763/2373/2297 1646/2378/2302 3247/3305/3198 2434/3304/3197
f 1646/2378/2302 815/2377/2301 2435/3306/3199 3247/3305/3198
f 3247/3305/3198 2435/3306/3199 829/2472/2394 1660/2470/2392
f 2434/3304/3197 3247/3305/3198 1660/2470/2392 777/2466/2388
f 815/2377/2301 1698/2382/2304 3248/3307/3200 2435/3306/3199
f 1698/2382/2304 35/2381/2246 880/3308/3170 3248/3307/3200
f 3248/3307/3200 880/3308/3170 49/2478/2305 1712/2476/2398
f 2435/3306/3199 3248/3307/3200 1712/2476/2398 829/2472/2394
f 29/1860/1798 912/1859/1797 3249/3309/3201 881/3310/3202
f 912/1859/1797 81/1858/1796 2436/3311/3203 3249/3309/3201
f 3249/3309/3201 2436/3311/3203 102/1925/1861 933/1922/1858
f 881/3310/3202 3249/3309/3201 933/1922/1858 50/1921/1857
f 81/1858/1796 964/1864/1802 3250/3312/3204 2436/3311/3203
f 964/1864/1802 133/1863/1801 2437/3313/3205 3250/3312/3204
f 3250/3312/3204 2437/3313/3205 154/1932/1868 985/1930/1866
f 2436/3311/3203 3250/3312/3204 985/1930/1866 102/1925/1861
f 133/1863/1801 1016/1868/1806 3251/3314/3206 2437/3313/3205
f 1016/1868/1806 185/1867/1805 2438/3315/3207 3251/3314/3206
f 3251/3314/3206 2438/3315/3207 206/1938/1874 1037/1936/1872
f 2437/3313/3205 3251/3314/3206 1037/1936/1872 154/1932/1868
f 185/1867/1805 1068/1872/1810 3252/3316/3208 2438/3315/3207
f 1068/1872/1810 237/1871/1809 2439/3317/3209 3252/3316/3208
f 3252/3316/3208 2439/3317/3209 258/1944/1880 1089/1942/1878
f 2438/3315/3207 3252/3316/3208 1089/1942/1878 206/1938/1874
f 237/1871/1809 1120/1876/1814 3253/3318/3210 2439/3317/3209
f 1120/1876/1814 289/1875/1813 2440/3319/3211 3253/3318/3210
f 3253/3318/3210 2440/3319/3211 310/1950/1886 1141/1948/1884
f 2439/3317/3209 3253/3318/3210 1141/1948/1884 258/1944/1880
f 289/1875/1813 1172/1880/1818 3254/3320/3212 2440/3319/3211
f 1172/1880/1818 341/1879/1817 2441/3321/3213 3254/3320/3212
f 3254/3320/3212 2441/3321/3213 362/1956/1892 1193/1954/1890
f 2440/3319/3211 3254/3320/3212 1193/1954/1890 310/1950/1886
f 341/1879/1817 1224/1884/1822 3255/3322/3214 2441/3321/3213
f 1224/1884/1822 393/1883/1821 2442/3323/3215 3255/3322/3214
f 3255/3322/3214 2442/3323/3215 414/1962/1898 1245/1960/1896
f 2441/3321/3213 3255/3322/3214 1245/1960/1896 362/1956/1892
f 393/1883/1821 1276/1888/1826 3256/3324/3216 2442/3323/3215
f 1276/1888/1826 445/1887/1825 2443/3325/3217 3256/3324/3216
f 3256/3324/3216 2443/3325/3217 466/1968/1904 1297/1966/1902
f 2442/3323/3215 3256/3324/3216 1297/1966/1902 414/1962/1898
f 445/1887/1825 1328/1892/1830 3257/3326/3218 2443/3325/3217
f 1328/1892/1830 497/1891/1829 2444/3327/3219 3257/3326/3218
f 3257/3326/3218 2444/3327/3219 518/1974/1910 1349/1972/1908
f 2443/3325/3217 3257/3326/3218 1349/1972/1908 466/1968/1904
f 497/1891/1829 1380/1896/1834 3258/3328/3220 2444/3327/3219
f 1380/1896/1834 549/1895/1833 2445/3329/3221 3258/3328/3220
f 3258/3328/3220 2445/3329/3221 570/1980/1916 1401/1978/1914
f 2444/3327/3219 3258/3328/3220 1401/1978/1914 518/1974/1910
f 549/1895/1833 1432/1900/1838 3259/3330/3222 2445/3329/3221
f 1432/1900/1838 601/1899/1837 2446/3331/3223 3259/3330/3222
f 3259/3330/3222 2446/3331/3223 622/1986/1922 1453/1984/1920
f 2445/3329/3221 3259/3330/3222 1453/1984/1920 570/1980/1916
f 601/1899/1837 1484/1904/1842 3260/3332/3224 2446/3331/3223
f 1484/1904/1842 653/1903/1841 2447/3333/3225 3260/3332/3224
f 3260/3332/3224 2447/3333/3225 674/1992/1928 1505/1990/1926
f 2446/3331/3223 3260/3332/3224 1505/1990/1926 622/1986/1922
f 653/1903/1841 1536/1908/1846 3261/3334/3226 2447/3333/3225
f 1536/1908/1846 705/1907/1845 2448/3335/3227 3261/3334/3226
f 3261/3334/3226 2448/3335/3227 726/1998/1934 1557/1996/1932
f 2447/3333/3225 3261/3334/3226 1557/1996/1932 674/1992/1928
f 705/1907/1845 1588/1912/1850 3262/3336/3228 2448/3335/3227
f 1588/1912/1850 757/1911/1849 2449/3337/3229 3262/3336/3228
f 3262/3336/3228 2449/3337/3229 778/2004/1940 1609/2002/1938
f 2448/3335/3227 3262/3336/3228 1609/2002/1938 726/1998/1934
f 757/1911/1849 1640/1916/1854 3263/3338/3230 2449/3337/3229
f 1640/1916/1854 809/1915/1853 2450/3339/3231 3263/3338/3230
f 3263/3338/3230 2450/3339/3231 830/2010/1946 1661/2008/1944
f 2449/3337/3229 3263/3338/3230 1661/2008/1944 778/2004/1940
f 809/1915/1853 1692/1920/1856 3264/3340/3232 2450/3339/3231
f 1692/1920/1856 29/1919/1798 881/3341/3202 3264/3340/3232
f 3264/3340/3232 881/3341/3202 50/2016/1857 1713/2014/1950
f 2450/3339/3231 3264/3340/3232 1713/2014/1950 830/2010/1946
f 33/2157/2086 916/2156/2085 3265/3342/3233 882/3343/3234
f 916/2156/2085 85/2155/2084 2451/3344/3235 3265/3342/3233
f 3265/3342/3233 2451/3344/3235 103/2222/2149 934/2219/2146
f 882/3343/3234 3265/3342/3233 934/2219/2146 51/2218/2145
f 85/2155/2084 968/2161/2090 3266/3345/3236 2451/3344/3235
f 968/2161/2090 137/2160/2089 2452/3346/3237 3266/3345/3236
f 3266/3345/3236 2452/3346/3237 155/2229/2156 986/2227/2154
f 2451/3344/3235 3266/3345/3236 986/2227/2154 103/2222/2149
f 137/2160/2089 1020/2165/2094 3267/3347/3238 2452/3346/3237
f 1020/2165/2094 189/2164/2093 2453/3348/3239 3267/3347/3238
f 3267/3347/3238 2453/3348/3239 207/2235/2162 1038/2233/2160
f 2452/3346/3237 3267/3347/3238 1038/2233/2160 155/2229/2156
f 189/2164/2093 1072/2169/2098 3268/3349/3240 2453/3348/3239
f 1072/2169/2098 241/2168/2097 2454/3350/3241 3268/3349/3240
f 3268/3349/3240 2454/3350/3241 259/2241/2168 1090/2239/2166
f 2453/3348/3239 3268/3349/3240 1090/2239/2166 207/2235/2162
f 241/2168/2097 1124/2173/2102 3269/3351/3242 2454/3350/3241
f 1124/2173/2102 293/2172/2101 2455/3352/3243 3269/3351/3242
f 3269/3351/3242 2455/3352/3243 311/2247/2174 1142/2245/2172
f 2454/3350/3241 3269/3351/3242 1142/2245/2172 259/2241/2168
f 293/2172/2101 1176/2177/2106 3270/3353/3244 2455/3352/3243
f 1176/2177/2106 345/2176/2105 2456/3354/3245 3270/3353/3244
f 3270/3353/3244 2456/3354/3245 363/2253/2180 1194/2251/2178
f 2455/3352/3243 3270/3353/3244 1194/2251/2178 311/2247/2174
f 345/2176/2105 1228/2181/2110 3271/3355/3246 2456/3354/3245
f 1228/2181/2110 397/2180/2109 2457/3356/3247 3271/3355/3246
f 3271/3355/3246 2457/3356/3247 415/2259/2186 1246/2257/2184
f 2456/3354/3245 3271/3355/3246 1246/2257/2184 363/2253/2180
f 397/2180/2109 1280/2185/2114 3272/3357/3248 2457/3356/3247
f 1280/2185/2114 449/2184/2113 2458/3358/3249 3272/3357/3248
f 3272/3357/3248 2458/3358/3249 467/2265/2192 1298/2263/2190
f 2457/3356/3247 3272/3357/3248 1298/2263/2190 415/2259/2186
f 449/2184/2113 1332/2189/2118 3273/3359/3250 2458/3358/3249
f 1332/2189/2118 501/2188/2117 2459/3360/3251 3273/3359/3250
f 3273/3359/3250 2459/3360/3251 519/2271/2198 1350/2269/2196
f 2458/3358/3249 3273/3359/3250 1350/2269/2196 467/2265/2192
f 501/2188/2117 1384/2193/2122 3274/3361/3252 2459/3360/3251
f 1384/2193/2122 553/2192/2121 2460/3362/3253 3274/3361/3252
f 3274/3361/3252 2460/3362/3253 571/2277/2204 1402/2275/2202
f 2459/3360/3251 3274/3361/3252 1402/2275/2202 519/2271/2198
f 553/2192/2121 1436/2197/2126 3275/3363/3254 2460/3362/3253
f 1436/2197/2126 605/2196/2125 2461/3364/3255 3275/3363/3254
f 3275/3363/3254 2461/3364/3255 623/2283/2210 1454/2281/2208
f 2460/3362/3253 3275/3363/3254 1454/2281/2208 571/2277/2204
f 605/2196/2125 1488/2201/2130 3276/3365/3256 2461/3364/3255
f 1488/2201/2130 657/2200/2129 2462/3366/3257 3276/3365/3256
f 3276/3365/3256 2462/3366/3257 675/2289/2216 1506/2287/2214
f 2461/3364/3255 3276/3365/3256 1506/2287/2214 623/2283/2210
f 657/2200/2129 1540/2205/2134 3277/3367/3258 2462/3366/3257
f 1540/2205/2134 709/2204/2133 2463/3368/3259 3277/3367/3258
f 3277/3367/3258 2463/3368/3259 727/2295/2222 1558/2293/2220
f 2462/3366/3257 3277/3367/3258 1558/2293/2220 675/2289/2216
f 709/2204/2133 1592/2209/2138 3278/3369/3260 2463/3368/3259
f 1592/2209/2138 761/2208/2137 2464/3370/3261 3278/3369/3260
f 3278/3369/3260 2464/3370/3261 779/2301/2228 1610/2299/2226
f 2463/3368/3259 3278/3369/3260 1610/2299/2226 727/2295/2222
f 761/2208/2137 1644/2213/2142 3279/3371/3262 2464/3370/3261
f 1644/2213/2142 813/2212/2141 2465/3372/3263 3279/3371/3262
f 3279/3371/3262 2465/3372/3263 831/2307/2234 1662/2305/2232
f 2464/3370/3261 3279/3371/3262 1662/2305/2232 779/2301/2228
f 813/2212/2141 1696/2217/2144 3280/3373/3264 2465/3372/3263
f 1696/2217/2144 33/2216/2086 882/3374/3234 3280/3373/3264
f 3280/3373/3264 882/3374/3234 51/2313/2145 1714/2311/2238
f 2465/3372/3263 3280/3373/3264 1714/2311/2238 831/2307/2234
f 43/2919/2825 926/2918/2824 3281/3375/3265 883/3376/3266
f 926/2918/2824 95/2917/2823 2466/3377/3267 3281/3375/3265
f 3281/3375/3265 2466/3377/3267 104/3080/2981 935/3077/2978
f 883/3376/3266 3281/3375/3265 935/3077/2978 52/3076/2977
f 95/2917/2823 978/2925/2831 3282/3378/3268 2466/3377/3267
f 978/2925/2831 147/2924/2830 2467/3379/3269 3282/3378/3268
f 3282/3378/3268 2467/3379/3269 156/3084/2985 987/3082/2983
f 2466/3377/3267 3282/3378/3268 987/3082/2983 104/3080/2981
f 147/2924/2830 1030/2931/2837 3283/3380/3270 2467/3379/3269
f 1030/2931/2837 199/2930/2836 2468/3381/3271 3283/3380/3270
f 3283/3380/3270 2468/3381/3271 208/3088/2989 1039/3086/2987
f 2467/3379/3269 3283/3380/3270 1039/3086/2987 156/3084/2985
f 199/2930/2836 1082/2937/2843 3284/3382/3272 2468/3381/3271
f 1082/2937/2843 251/2936/2842 2469/3383/3273 3284/3382/3272
f 3284/3382/3272 2469/3383/3273 260/3092/2993 1091/3090/2991
f 2468/3381/3271 3284/3382/3272 1091/3090/2991 208/3088/2989
f 251/2936/2842 1134/2943/2849 3285/3384/3274 2469/3383/3273
f 1134/2943/2849 303/2942/2848 2470/3385/3275 3285/3384/3274
f 3285/3384/3274 2470/3385/3275 312/3096/2997 1143/3094/2995
f 2469/3383/3273 3285/3384/3274 1143/3094/2995 260/3092/2993
f 303/2942/2848 1186/2949/2855 3286/3386/3276 2470/3385/3275
f 1186/2949/2855 355/2948/2854 2471/3387/3277 3286/3386/3276
f 3286/3386/3276 2471/3387/3277 364/3100/3001 1195/3098/2999
f 2470/3385/3275 3286/3386/3276 1195/3098/2999 312/3096/2997
f 355/2948/2854 1238/2955/2861 3287/3388/3278 2471/3387/3277
f 1238/2955/2861 407/2954/2860 2472/3389/3279 3287/3388/3278
f 3287/3388/3278 2472/3389/3279 416/3104/3005 1247/3102/3003
f 2471/3387/3277 3287/3388/3278 1247/3102/3003 364/3100/3001
f 407/2954/2860 1290/2961/2867 3288/3390/3280 2472/3389/3279
f 1290/2961/2867 459/2960/2866 2473/3391/3281 3288/3390/3280
f 3288/3390/3280 2473/3391/3281 468/3108/3009 1299/3106/3007
f 2472/3389/3279 3288/3390/3280 1299/3106/3007 416/3104/3005
f 459/2960/2866 1342/2967/2873 3289/3392/3282 2473/3391/3281
f 1342/2967/2873 511/2966/2872 2474/3393/3283 3289/3392/3282
f 3289/3392/3282 2474/3393/3283 520/3112/3013 1351/3110/3011
f 2473/3391/3281 3289/3392/3282 1351/3110/3011 468/3108/3009
f 511/2966/2872 1394/2973/2879 3290/3394/3284 2474/3393/3283
f 1394/2973/2879 563/2972/2878 2475/3395/3285 3290/3394/3284
f 3290/3394/3284 2475/3395/3285 572/3117/3017 1403/3115/3015
f 2474/3393/3283 3290/3394/3284 1403/3115/3015 520/3112/3013
f 563/2972/2878 1446/2979/2885 3291/3396/3286 2475/3395/3285
f 1446/2979/2885 615/2978/2884 2476/3397/3287 3291/3396/3286
f 3291/3396/3286 2476/3397/3287 624/3121/3021 1455/3119/3019
f 2475/3395/3285 3291/3396/3286 1455/3119/3019 572/3117/3017
f 615/2978/2884 1498/2985/2891 3292/3398/3288 2476/3397/3287
f 1498/2985/2891 667/2984/2890 2477/3399/3289 3292/3398/3288
f 3292/3398/3288 2477/3399/3289 676/3126/3025 1507/3124/3023
f 2476/3397/3287 3292/3398/3288 1507/3124/3023 624/3121/3021
f 667/2984/2890 1550/2991/2897 3293/3400/3290 2477/3399/3289
f 1550/2991/2897 719/2990/2896 2478/3401/3291 3293/3400/3290
f 3293/3400/3290 2478/3401/3291 728/3130/3029 1559/3128/3027
f 2477/3399/3289 3293/3400/3290 1559/3128/3027 676/3126/3025
f 719/2990/2896 1602/2997/2903 3294/3402/3292 2478/3401/3291
f 1602/2997/2903 771/2996/2902 2479/3403/3293 3294/3402/3292
f 3294/3402/3292 2479/3403/3293 780/3134/3033 1611/3132/3031
f 2478/3401/3291 3294/3402/3292 1611/3132/3031 728/3130/3029
f 771/2996/2902 1654/3003/2909 3295/3404/3294 2479/3403/3293
f 1654/3003/2909 823/3002/2908 2480/3405/3295 3295/3404/3294
f 3295/3404/3294 2480/3405/3295 832/3138/3037 1663/3136/3035
f 2479/3403/3293 3295/3404/3294 1663/3136/3035 780/3134/3033
f 823/3002/2908 1706/3009/2912 3296/3406/3296 2480/3405/3295
f 1706/3009/2912 43/3008/2825 883/3407/3266 3296/3406/3296
f 3296/3406/3296 883/3407/3266 52/3142/2977 1715/3140/3039
f 2480/3405/3295 3296/3406/3296 1715/3140/3039 832/3138/3037
