# Blender v3.0.0 OBJ File: 'queen.blend'
# www.blender.org
mtllib models/chess_materials/ChessWhite.mtl
o Cube.005
v 0.129938 0.197466 2.830776
v -0.114114 0.204874 2.830714
v -0.103952 0.184713 2.715924
v 0.106297 0.178384 2.715923
v 0.232060 -0.033454 3.240246
v 0.295773 -0.029412 3.335122
v 0.156932 0.241901 3.332810
v 0.123801 0.180548 3.239911
v 0.340707 -0.035080 3.290178
v 0.302392 -0.034754 3.335738
v 0.329918 -0.208154 3.469763
v 0.337953 -0.213680 3.469336
v 0.348210 0.141352 3.469172
v 0.339845 0.135635 3.470267
v 0.167421 -0.348514 3.249950
v 0.348564 -0.036882 3.249757
v 0.345439 -0.037949 3.282082
v 0.167641 -0.335126 3.269039
v 0.144898 -0.300886 3.334757
v -0.147820 -0.293178 3.333170
v -0.022134 -0.410115 3.468998
v 0.011444 -0.410851 3.469300
v 0.331674 0.140614 3.469207
v 0.316797 0.169334 3.469466
v 0.181533 0.270590 3.276022
v 0.162727 0.246677 3.334261
v 0.318956 0.185853 3.469831
v 0.323384 0.187350 3.469848
v 0.112634 -0.240329 3.239949
v -0.183457 0.339041 2.888254
v -0.386992 -0.012720 2.888295
v -0.394102 -0.016488 2.973867
v -0.185863 0.345670 2.973570
v 0.148015 -0.306884 3.334559
v 0.164706 -0.328949 3.276017
v 0.310461 -0.258123 3.469770
v 0.306623 -0.256782 3.469854
v -0.177322 -0.338469 3.249614
v -0.180978 -0.346429 3.221007
v 0.171605 -0.356819 3.221201
v 0.334119 0.182610 3.471075
v 0.348067 0.153946 3.471543
v -0.135871 0.249813 3.334090
v 0.031387 0.359117 3.468979
v -0.002187 0.359903 3.469243
v -0.157640 0.280717 3.275832
v -0.139009 0.255878 3.334336
v -0.010891 0.370430 3.470183
v -0.010648 0.373846 3.469387
v 0.185651 0.275243 3.267907
v -0.160584 0.287003 3.268626
v -0.000683 0.382222 3.471537
v 0.030769 0.381290 3.471535
v -0.224030 -0.019558 3.240250
v -0.286938 -0.021881 3.335123
v -0.115559 -0.233427 3.239916
v 0.040413 0.372534 3.469356
v 0.040445 0.368559 3.470471
v -0.202556 -0.377788 2.888141
v -0.205351 -0.389368 2.973375
v -0.301831 0.206817 3.469763
v -0.297975 0.205423 3.469923
v -0.333554 -0.013603 3.290147
v -0.293569 -0.016521 3.335770
v -0.321238 0.156778 3.469768
v -0.329280 0.162296 3.469330
v -0.104354 0.188018 3.239365
v -0.338308 -0.010622 3.281712
v -0.328509 0.175459 3.471332
v -0.312943 0.203106 3.471241
v -0.312955 0.160218 3.469749
v -0.296454 0.188721 3.469306
v 0.140879 0.208142 2.981127
v 0.264787 -0.037818 2.981063
v -0.322637 -0.191969 3.469204
v -0.307724 -0.220684 3.469501
v -0.174082 -0.319063 3.276014
v -0.153595 -0.297890 3.334373
v -0.309851 -0.237198 3.469793
v -0.314291 -0.238651 3.469855
v -0.178209 -0.323727 3.267913
v -0.325035 -0.233984 3.471075
v -0.339007 -0.205368 3.471535
v 0.009977 -0.433258 3.471553
v 0.019893 -0.424738 3.469382
v 0.020151 -0.421464 3.470123
v -0.031187 -0.419627 3.470453
v -0.031152 -0.423555 3.469360
v -0.021498 -0.432259 3.471526
v -0.339191 -0.192633 3.469217
v -0.330791 -0.187055 3.470228
v 0.402060 -0.039375 2.974146
v 0.192860 -0.401142 2.973586
v 0.187745 -0.389386 2.888456
v 0.391076 -0.038128 2.889009
v 0.305094 -0.240078 3.469367
v 0.321637 -0.211573 3.469747
v -0.104603 0.187162 3.240039
v 0.127794 -0.273195 2.981519
v -0.133020 -0.265334 2.981283
v -0.257420 -0.021386 2.980950
v 0.184869 0.287199 3.249609
v 0.189352 0.293408 3.221007
v -0.163703 0.304093 3.221009
v -0.160395 0.297626 3.249668
v -0.341438 -0.014716 3.249681
v -0.348828 -0.015525 3.221019
v -0.120409 0.216050 2.981045
v 0.133143 -0.271075 2.688856
v 0.089122 -0.207475 2.688841
v 0.198158 -0.019196 2.688675
v 0.278461 -0.020737 2.688652
v 0.098878 0.177061 2.688662
v 0.147574 0.237961 2.688662
v -0.097141 0.182964 2.688662
v -0.141404 0.246714 2.688662
v -0.206313 -0.005462 2.688661
v -0.286606 -0.003994 2.688662
v -0.106832 -0.201613 2.688667
v -0.155446 -0.262572 2.688657
v -0.125835 -0.244674 2.830938
v 0.117734 -0.252051 2.831247
v 0.095938 -0.209221 2.716102
v -0.114245 -0.202933 2.715928
v 0.207794 0.330216 2.887679
v 0.221155 0.343916 2.972961
v 0.356873 -0.037676 3.221014
v 0.337180 -0.226813 3.471338
v 0.321574 -0.254497 3.471239
v 0.245700 -0.032283 2.830957
v 0.206124 -0.018955 2.715928
v -0.242036 -0.016922 2.830797
v -0.214276 -0.005698 2.715923
v 0.139230 0.201252 2.917061
v 0.255211 -0.033274 2.917067
v 0.192609 0.298565 3.197495
v 0.362957 -0.038126 3.197498
v 0.390905 -0.041658 3.033199
v 0.207602 0.324306 3.034748
v 0.375277 -0.035419 2.827538
v 0.179142 -0.373473 2.827663
v 0.149549 -0.315105 2.716122
v 0.319378 -0.022543 2.715918
v -0.354687 -0.015602 3.197496
v -0.166432 0.309440 3.197493
v -0.180451 0.333687 3.033587
v -0.383721 -0.016553 3.033831
v -0.371899 -0.011954 2.827317
v -0.175949 0.326490 2.827133
v -0.157833 0.290768 2.715923
v -0.327533 -0.002237 2.715923
v -0.119629 0.209361 2.917030
v 0.197886 0.315190 2.827270
v 0.165820 0.280965 2.715923
v -0.127539 -0.248870 2.916780
v -0.248507 -0.018143 2.917024
v -0.183994 -0.352114 3.197493
v -0.199415 -0.379962 3.033862
v -0.194270 -0.362401 2.827334
v -0.173665 -0.305581 2.715918
v 0.121777 -0.256588 2.917013
v 0.174559 -0.362678 3.197665
v 0.187798 -0.391378 3.034032
v 0.447861 0.000000 -0.006582
v 0.256637 0.000000 -0.005422
v 0.251690 -0.050063 -0.005422
v 0.439226 -0.087367 -0.006582
v 0.000000 0.000000 0.000000
v 0.000000 0.000000 0.000000
v 0.000000 0.000000 0.000000
v 0.237101 -0.098210 -0.005422
v 0.413770 -0.171388 -0.006582
v 0.213372 -0.142570 -0.005422
v 0.372358 -0.248802 -0.006582
v 0.000000 0.000000 0.000000
v 0.000000 0.000000 0.000000
v 0.181469 -0.181469 -0.005422
v 0.316685 -0.316685 -0.006582
v 0.142570 -0.213371 -0.005422
v 0.248801 -0.372358 -0.006582
v 0.000000 0.000000 0.000000
v 0.000000 0.000000 0.000000
v 0.098210 -0.237101 -0.005422
v 0.171389 -0.413769 -0.006582
v 0.050064 -0.251689 -0.005422
v 0.087367 -0.439226 -0.006582
v 0.000000 0.000000 0.000000
v 0.000000 0.000000 0.000000
v 0.000000 -0.256636 -0.005422
v 0.000000 -0.447860 -0.006582
v -0.050064 -0.251689 -0.005422
v -0.087368 -0.439226 -0.006582
v 0.000000 0.000000 0.000000
v 0.000000 0.000000 0.000000
v -0.098211 -0.237101 -0.005422
v -0.171389 -0.413769 -0.006582
v -0.142571 -0.213371 -0.005422
v -0.248803 -0.372358 -0.006582
v 0.000000 0.000000 0.000000
v 0.000000 0.000000 0.000000
v -0.181470 -0.181469 -0.005422
v -0.316686 -0.316685 -0.006582
v -0.213372 -0.142570 -0.005422
v -0.372359 -0.248802 -0.006582
v 0.000000 0.000000 0.000000
v 0.000000 0.000000 0.000000
v -0.237102 -0.098210 -0.005422
v -0.413770 -0.171388 -0.006582
v -0.251690 -0.050063 -0.005422
v -0.439227 -0.087367 -0.006582
v 0.000000 0.000000 0.000000
v 0.000000 0.000000 0.000000
v -0.256637 0.000000 -0.005422
v -0.447861 0.000000 -0.006582
v -0.251690 0.050065 -0.005422
v -0.439227 0.087367 -0.006582
v 0.000000 0.000000 0.000000
v 0.000000 0.000000 0.000000
v -0.237102 0.098211 -0.005422
v -0.413770 0.171390 -0.006582
v -0.213372 0.142571 -0.005422
v -0.372359 0.248803 -0.006582
v 0.000000 0.000000 0.000000
v 0.000000 0.000000 0.000000
v -0.181470 0.181470 -0.005422
v -0.316686 0.316687 -0.006582
v -0.142570 0.213372 -0.005422
v -0.248803 0.372359 -0.006582
v 0.000000 0.000000 0.000000
v 0.000000 0.000000 0.000000
v -0.098211 0.237103 -0.005422
v -0.171389 0.413770 -0.006582
v -0.050064 0.251690 -0.005422
v -0.087368 0.439228 -0.006582
v 0.000000 0.000000 0.000000
v 0.000000 0.000000 0.000000
v 0.000000 0.256637 -0.005422
v 0.000000 0.447861 -0.006582
v 0.050064 0.251690 -0.005422
v 0.087367 0.439227 -0.006582
v 0.000000 0.000000 0.000000
v 0.000000 0.000000 0.000000
v 0.098210 0.237103 -0.005422
v 0.171389 0.413770 -0.006582
v 0.142570 0.213372 -0.005422
v 0.248802 0.372359 -0.006582
v 0.000000 0.000000 0.000000
v 0.000000 0.000000 0.000000
v 0.181469 0.181470 -0.005422
v 0.316685 0.316685 -0.006582
v 0.213372 0.142571 -0.005422
v 0.372358 0.248803 -0.006582
v 0.000000 0.000000 0.000000
v 0.000000 0.000000 0.000000
v 0.237101 0.098211 -0.005422
v 0.413770 0.171390 -0.006582
v 0.251690 0.050065 -0.005422
v 0.439227 0.087367 -0.006582
v 0.000000 0.000000 0.000000
v 0.000599 0.000001 3.508088
v 0.037136 0.000001 3.500562
v 0.036420 -0.007244 3.500561
v 0.000588 -0.000116 3.508088
v 0.066322 0.000001 3.485255
v 0.065044 -0.012938 3.485255
v 0.061274 -0.025380 3.485255
v 0.034309 -0.014211 3.500561
v 0.000554 -0.000229 3.508088
v 0.030876 -0.020630 3.500561
v 0.000498 -0.000332 3.508088
v 0.055141 -0.036844 3.485255
v 0.046898 -0.046897 3.485255
v 0.026259 -0.026259 3.500561
v 0.000424 -0.000423 3.508088
v 0.020630 -0.030875 3.500561
v 0.000333 -0.000497 3.508088
v 0.036845 -0.055142 3.485255
v 0.025381 -0.061274 3.485255
v 0.014211 -0.034310 3.500561
v 0.000229 -0.000553 3.508088
v 0.007244 -0.036420 3.500561
v 0.000117 -0.000586 3.508088
v 0.012938 -0.065044 3.485255
v 0.000000 -0.066322 3.485255
v 0.000000 -0.037136 3.500561
v 0.000000 -0.000599 3.508088
v -0.007245 -0.036420 3.500561
v -0.000117 -0.000586 3.508088
v -0.012939 -0.065044 3.485255
v -0.025381 -0.061274 3.485255
v -0.014212 -0.034310 3.500561
v -0.000230 -0.000553 3.508088
v -0.020631 -0.030875 3.500561
v -0.000334 -0.000497 3.508088
v -0.036845 -0.055142 3.485255
v -0.046898 -0.046897 3.485255
v -0.026260 -0.026259 3.500561
v -0.000424 -0.000423 3.508088
v -0.030876 -0.020630 3.500561
v -0.000499 -0.000332 3.508088
v -0.055143 -0.036844 3.485255
v -0.061275 -0.025380 3.485255
v -0.034311 -0.014211 3.500561
v -0.000555 -0.000229 3.508088
v -0.036421 -0.007244 3.500561
v -0.000588 -0.000116 3.508088
v -0.065045 -0.012938 3.485255
v -0.066323 0.000001 3.485255
v -0.037137 0.000001 3.500561
v -0.000600 0.000001 3.508088
v -0.036421 0.007246 3.500561
v -0.000588 0.000117 3.508088
v -0.065045 0.012938 3.485255
v -0.061275 0.025381 3.485255
v -0.034311 0.014212 3.500561
v -0.000555 0.000230 3.508088
v -0.030876 0.020631 3.500561
v -0.000499 0.000334 3.508088
v -0.055143 0.036846 3.485255
v -0.046898 0.046898 3.485255
v -0.026260 0.026260 3.500561
v -0.000424 0.000426 3.508088
v -0.020631 0.030878 3.500561
v -0.000334 0.000500 3.508088
v -0.036845 0.055143 3.485255
v -0.025381 0.061275 3.485255
v -0.014212 0.034311 3.500561
v -0.000230 0.000554 3.508088
v -0.007245 0.036422 3.500561
v -0.000117 0.000590 3.508088
v -0.012939 0.065045 3.485255
v 0.000000 0.066323 3.485255
v 0.000000 0.037138 3.500561
v 0.000000 0.000600 3.508088
v 0.007244 0.036422 3.500561
v 0.000117 0.000590 3.508088
v 0.012938 0.065045 3.485255
v 0.025381 0.061275 3.485255
v 0.014211 0.034311 3.500561
v 0.000229 0.000554 3.508088
v 0.020630 0.030878 3.500561
v 0.000333 0.000500 3.508088
v 0.036845 0.055143 3.485255
v 0.046898 0.046898 3.485255
v 0.026259 0.026260 3.500561
v 0.000424 0.000426 3.508088
v 0.030876 0.020631 3.500561
v 0.000498 0.000334 3.508088
v 0.055141 0.036846 3.485255
v 0.061274 0.025381 3.485255
v 0.034309 0.014212 3.500561
v 0.000554 0.000230 3.508088
v 0.036420 0.007246 3.500561
v 0.000588 0.000117 3.508088
v 0.065044 0.012938 3.485255
v 0.123186 0.000001 3.388445
v 0.149509 0.000001 3.374632
v 0.146627 -0.029166 3.374631
v 0.120811 -0.024030 3.388445
v 0.172351 0.000001 3.353393
v 0.169028 -0.033622 3.353393
v 0.159232 -0.065955 3.353393
v 0.138129 -0.057214 3.374631
v 0.113808 -0.047141 3.388445
v 0.124305 -0.083057 3.374632
v 0.102419 -0.068434 3.388445
v 0.143296 -0.095746 3.353394
v 0.121871 -0.121870 3.353393
v 0.105719 -0.105718 3.374632
v 0.087106 -0.087106 3.388444
v 0.083057 -0.124304 3.374632
v 0.068434 -0.102418 3.388445
v 0.095747 -0.143295 3.353394
v 0.065956 -0.159231 3.353393
v 0.057214 -0.138129 3.374632
v 0.047141 -0.113809 3.388444
v 0.029165 -0.146627 3.374632
v 0.024030 -0.120811 3.388445
v 0.033622 -0.169028 3.353394
v 0.000000 -0.172351 3.353393
v 0.000000 -0.149509 3.374632
v 0.000000 -0.123186 3.388444
v -0.029166 -0.146627 3.374632
v -0.024031 -0.120811 3.388445
v -0.033623 -0.169028 3.353394
v -0.065956 -0.159231 3.353393
v -0.057216 -0.138128 3.374632
v -0.047142 -0.113809 3.388444
v -0.083058 -0.124304 3.374632
v -0.068435 -0.102418 3.388445
v -0.095747 -0.143295 3.353394
v -0.121871 -0.121870 3.353393
v -0.105719 -0.105718 3.374632
v -0.087106 -0.087106 3.388444
v -0.124305 -0.083057 3.374632
v -0.102419 -0.068434 3.388445
v -0.143296 -0.095746 3.353394
v -0.159232 -0.065955 3.353393
v -0.138129 -0.057214 3.374632
v -0.113810 -0.047141 3.388444
v -0.146628 -0.029166 3.374632
v -0.120812 -0.024030 3.388445
v -0.169029 -0.033622 3.353394
v -0.172352 0.000001 3.353393
v -0.149510 0.000001 3.374632
v -0.123186 0.000001 3.388444
v -0.146628 0.029166 3.374632
v -0.120812 0.024031 3.388445
v -0.169029 0.033622 3.353394
v -0.159232 0.065958 3.353393
v -0.138129 0.057215 3.374632
v -0.113810 0.047142 3.388444
v -0.124305 0.083059 3.374632
v -0.102419 0.068435 3.388445
v -0.143296 0.095749 3.353394
v -0.121871 0.121871 3.353393
v -0.105719 0.105721 3.374632
v -0.087106 0.087106 3.388444
v -0.083058 0.124306 3.374632
v -0.068435 0.102420 3.388445
v -0.095747 0.143297 3.353394
v -0.065956 0.159233 3.353393
v -0.057216 0.138130 3.374632
v -0.047142 0.113810 3.388444
v -0.029166 0.146628 3.374632
v -0.024031 0.120812 3.388445
v -0.033623 0.169030 3.353394
v 0.000000 0.172352 3.353393
v 0.000000 0.149511 3.374632
v 0.000000 0.123187 3.388444
v 0.029165 0.146628 3.374632
v 0.024030 0.120812 3.388445
v 0.033622 0.169030 3.353394
v 0.065956 0.159233 3.353393
v 0.057214 0.138130 3.374632
v 0.047141 0.113810 3.388444
v 0.083057 0.124306 3.374632
v 0.068434 0.102420 3.388445
v 0.095747 0.143297 3.353394
v 0.121871 0.121871 3.353393
v 0.105719 0.105721 3.374632
v 0.087106 0.087106 3.388444
v 0.124305 0.083059 3.374632
v 0.102419 0.068435 3.388445
v 0.143296 0.095749 3.353394
v 0.159232 0.065958 3.353393
v 0.138129 0.057215 3.374632
v 0.113808 0.047142 3.388444
v 0.146627 0.029166 3.374632
v 0.120811 0.024031 3.388444
v 0.169028 0.033622 3.353393
v 0.193459 0.000001 3.320546
v 0.189729 -0.037739 3.320546
v 0.216803 0.000001 3.279427
v 0.212624 -0.042293 3.279426
v 0.200300 -0.082966 3.279426
v 0.178733 -0.074033 3.320546
v 0.160845 -0.107473 3.320546
v 0.180254 -0.120441 3.279426
v 0.153303 -0.153302 3.279426
v 0.136796 -0.136796 3.320546
v 0.107473 -0.160845 3.320546
v 0.120441 -0.180253 3.279426
v 0.082967 -0.200300 3.279426
v 0.074033 -0.178731 3.320546
v 0.037739 -0.189729 3.320546
v 0.042294 -0.212623 3.279426
v 0.000000 -0.216802 3.279426
v 0.000000 -0.193458 3.320546
v -0.037740 -0.189729 3.320546
v -0.042294 -0.212623 3.279426
v -0.082967 -0.200300 3.279426
v -0.074034 -0.178731 3.320546
v -0.107474 -0.160845 3.320546
v -0.120442 -0.180253 3.279426
v -0.153303 -0.153302 3.279426
v -0.136797 -0.136796 3.320546
v -0.160846 -0.107473 3.320546
v -0.180254 -0.120441 3.279426
v -0.200300 -0.082966 3.279426
v -0.178733 -0.074033 3.320546
v -0.189730 -0.037739 3.320546
v -0.212624 -0.042293 3.279426
v -0.216803 0.000001 3.279426
v -0.193459 0.000001 3.320546
v -0.189730 0.037740 3.320546
v -0.212624 0.042294 3.279426
v -0.200300 0.082969 3.279426
v -0.178733 0.074035 3.320546
v -0.160846 0.107474 3.320546
v -0.180254 0.120443 3.279426
v -0.153303 0.153304 3.279426
v -0.136797 0.136797 3.320546
v -0.107474 0.160846 3.320546
v -0.120442 0.180254 3.279426
v -0.082967 0.200301 3.279426
v -0.074034 0.178734 3.320546
v -0.037740 0.189730 3.320546
v -0.042294 0.212625 3.279426
v 0.000000 0.216804 3.279426
v 0.000000 0.193461 3.320546
v 0.037739 0.189730 3.320546
v 0.042294 0.212625 3.279426
v 0.082967 0.200301 3.279426
v 0.074033 0.178734 3.320546
v 0.107473 0.160846 3.320546
v 0.120441 0.180254 3.279426
v 0.153303 0.153304 3.279426
v 0.136796 0.136797 3.320546
v 0.160845 0.107474 3.320546
v 0.180254 0.120443 3.279426
v 0.200300 0.082969 3.279426
v 0.178733 0.074035 3.320546
v 0.189729 0.037740 3.320546
v 0.212624 0.042294 3.279427
v 0.245209 0.000001 3.233309
v 0.240482 -0.047834 3.233309
v 0.274692 0.000001 3.177688
v 0.269397 -0.053586 3.177688
v 0.253782 -0.105120 3.177688
v 0.226543 -0.093837 3.233309
v 0.203870 -0.136222 3.233309
v 0.228383 -0.152601 3.177688
v 0.194237 -0.194236 3.177688
v 0.173389 -0.173387 3.233309
v 0.136221 -0.203870 3.233309
v 0.152600 -0.228383 3.177688
v 0.105120 -0.253782 3.177688
v 0.093837 -0.226542 3.233309
v 0.047834 -0.240481 3.233309
v 0.053586 -0.269396 3.177688
v 0.000000 -0.274692 3.177688
v 0.000000 -0.245208 3.233309
v -0.047836 -0.240481 3.233309
v -0.053587 -0.269396 3.177688
v -0.105120 -0.253782 3.177688
v -0.093838 -0.226542 3.233309
v -0.136222 -0.203870 3.233309
v -0.152602 -0.228383 3.177688
v -0.194237 -0.194236 3.177688
v -0.173389 -0.173387 3.233309
v -0.203871 -0.136222 3.233309
v -0.228384 -0.152601 3.177688
v -0.253783 -0.105119 3.177688
v -0.226543 -0.093837 3.233309
v -0.240482 -0.047834 3.233309
v -0.269397 -0.053586 3.177688
v -0.274693 0.000001 3.177688
v -0.245209 0.000001 3.233309
v -0.240482 0.047835 3.233309
v -0.269397 0.053588 3.177688
v -0.253783 0.105121 3.177688
v -0.226543 0.093839 3.233309
v -0.203871 0.136222 3.233309
v -0.228384 0.152602 3.177688
v -0.194237 0.194238 3.177688
v -0.173389 0.173390 3.233309
v -0.136222 0.203871 3.233309
v -0.152601 0.228384 3.177688
v -0.105120 0.253783 3.177688
v -0.093838 0.226544 3.233309
v -0.047836 0.240482 3.233309
v -0.053587 0.269398 3.177688
v 0.000000 0.274693 3.177688
v 0.000000 0.245210 3.233309
v 0.047834 0.240482 3.233309
v 0.053586 0.269398 3.177688
v 0.105120 0.253783 3.177688
v 0.093837 0.226544 3.233309
v 0.136221 0.203871 3.233309
v 0.152600 0.228384 3.177688
v 0.194237 0.194238 3.177688
v 0.173389 0.173390 3.233309
v 0.203870 0.136222 3.233309
v 0.228383 0.152602 3.177688
v 0.253782 0.105121 3.177688
v 0.226543 0.093839 3.233309
v 0.240482 0.047835 3.233309
v 0.269397 0.053588 3.177688
v 0.299436 0.000001 3.108283
v 0.293663 -0.058413 3.108283
v 0.313086 0.000001 3.029472
v 0.307050 -0.061075 3.029472
v 0.289252 -0.119812 3.029472
v 0.276642 -0.114589 3.108283
v 0.248956 -0.166346 3.108283
v 0.260304 -0.173929 3.029472
v 0.221385 -0.221384 3.029473
v 0.211732 -0.211733 3.108283
v 0.166347 -0.248955 3.108283
v 0.173930 -0.260304 3.029472
v 0.119813 -0.289253 3.029473
v 0.114589 -0.276642 3.108283
v 0.058413 -0.293663 3.108283
v 0.061076 -0.307050 3.029472
v 0.000000 -0.313085 3.029473
v 0.000000 -0.299435 3.108283
v -0.058414 -0.293663 3.108283
v -0.061076 -0.307050 3.029472
v -0.119813 -0.289253 3.029473
v -0.114590 -0.276642 3.108283
v -0.166347 -0.248955 3.108283
v -0.173930 -0.260304 3.029472
v -0.221385 -0.221384 3.029473
v -0.211734 -0.211733 3.108283
v -0.248956 -0.166346 3.108283
v -0.260304 -0.173929 3.029472
v -0.289254 -0.119812 3.029473
v -0.276643 -0.114589 3.108283
v -0.293664 -0.058413 3.108283
v -0.307050 -0.061075 3.029472
v -0.313086 0.000001 3.029473
v -0.299436 0.000001 3.108283
v -0.293664 0.058414 3.108283
v -0.307050 0.061077 3.029472
v -0.289254 0.119813 3.029473
v -0.276643 0.114590 3.108283
v -0.248956 0.166348 3.108283
v -0.260304 0.173930 3.029472
v -0.221385 0.221386 3.029473
v -0.211734 0.211734 3.108283
v -0.166347 0.248957 3.108283
v -0.173930 0.260305 3.029472
v -0.119813 0.289254 3.029473
v -0.114590 0.276643 3.108283
v -0.058414 0.293664 3.108283
v -0.061076 0.307050 3.029472
v 0.000000 0.313086 3.029473
v 0.000000 0.299437 3.108283
v 0.058413 0.293664 3.108283
v 0.061076 0.307050 3.029472
v 0.119813 0.289254 3.029473
v 0.114589 0.276643 3.108283
v 0.166347 0.248957 3.108283
v 0.173930 0.260305 3.029472
v 0.221385 0.221386 3.029473
v 0.211733 0.211734 3.108283
v 0.248956 0.166348 3.108283
v 0.260304 0.173930 3.029472
v 0.289252 0.119813 3.029473
v 0.276643 0.114590 3.108283
v 0.293663 0.058414 3.108283
v 0.307050 0.061077 3.029472
v 0.311770 0.000001 2.948142
v 0.305760 -0.060819 2.948142
v 0.302094 0.000001 2.872557
v 0.296271 -0.058931 2.872557
v 0.279099 -0.115606 2.872557
v 0.288038 -0.119309 2.948142
v 0.259210 -0.173198 2.948142
v 0.251166 -0.167823 2.872557
v 0.213613 -0.213613 2.872557
v 0.220454 -0.220454 2.948142
v 0.173199 -0.259210 2.948142
v 0.167824 -0.251166 2.872557
v 0.115606 -0.279098 2.872557
v 0.119308 -0.288038 2.948142
v 0.060819 -0.305759 2.948142
v 0.058932 -0.296270 2.872557
v 0.000000 -0.302094 2.872557
v 0.000000 -0.311769 2.948142
v -0.060819 -0.305759 2.948142
v -0.058932 -0.296270 2.872557
v -0.115607 -0.279098 2.872557
v -0.119310 -0.288038 2.948142
v -0.173199 -0.259210 2.948142
v -0.167824 -0.251166 2.872557
v -0.213614 -0.213613 2.872557
v -0.220455 -0.220454 2.948142
v -0.259211 -0.173198 2.948142
v -0.251167 -0.167823 2.872557
v -0.279099 -0.115606 2.872557
v -0.288039 -0.119309 2.948142
v -0.305760 -0.060818 2.948142
v -0.296271 -0.058931 2.872557
v -0.302095 0.000001 2.872557
v -0.311771 0.000001 2.948142
v -0.305760 0.060820 2.948142
v -0.296271 0.058933 2.872557
v -0.279099 0.115607 2.872557
v -0.288039 0.119310 2.948142
v -0.259211 0.173200 2.948142
v -0.251167 0.167825 2.872557
v -0.213614 0.213614 2.872557
v -0.220455 0.220455 2.948142
v -0.173199 0.259211 2.948142
v -0.167824 0.251167 2.872557
v -0.115607 0.279100 2.872557
v -0.119310 0.288038 2.948142
v -0.060819 0.305761 2.948142
v -0.058932 0.296272 2.872557
v 0.000000 0.302095 2.872557
v 0.000000 0.311771 2.948142
v 0.060819 0.305761 2.948142
v 0.058932 0.296271 2.872557
v 0.115606 0.279100 2.872557
v 0.119310 0.288038 2.948142
v 0.173199 0.259211 2.948142
v 0.167824 0.251167 2.872557
v 0.213613 0.213614 2.872557
v 0.220455 0.220455 2.948142
v 0.259210 0.173200 2.948142
v 0.251166 0.167825 2.872557
v 0.279099 0.115607 2.872557
v 0.288038 0.119310 2.948142
v 0.305760 0.060820 2.948142
v 0.296271 0.058933 2.872557
v 0.286279 0.000001 2.688480
v 0.317805 0.000001 2.670162
v 0.311678 -0.061996 2.670163
v 0.280761 -0.055846 2.688480
v 0.318864 0.000001 2.652146
v 0.312717 -0.062203 2.652146
v 0.294592 -0.122024 2.652146
v 0.293613 -0.121618 2.670162
v 0.264488 -0.109554 2.688480
v 0.264228 -0.176551 2.670162
v 0.238017 -0.159038 2.688480
v 0.265108 -0.177140 2.652146
v 0.225471 -0.225470 2.652146
v 0.224722 -0.224722 2.670163
v 0.202430 -0.202430 2.688480
v 0.176552 -0.264228 2.670162
v 0.159038 -0.238017 2.688480
v 0.177140 -0.265109 2.652146
v 0.122024 -0.294592 2.652146
v 0.121618 -0.293614 2.670163
v 0.109554 -0.264487 2.688480
v 0.061996 -0.311678 2.670162
v 0.055846 -0.280760 2.688480
v 0.062203 -0.312717 2.652146
v 0.000000 -0.318864 2.652146
v 0.000000 -0.317805 2.670163
v 0.000000 -0.286279 2.688480
v -0.061997 -0.311678 2.670162
v -0.055848 -0.280760 2.688480
v -0.062203 -0.312717 2.652146
v -0.122024 -0.294592 2.652146
v -0.121619 -0.293614 2.670163
v -0.109554 -0.264487 2.688480
v -0.176552 -0.264228 2.670162
v -0.159039 -0.238017 2.688480
v -0.177141 -0.265109 2.652146
v -0.225471 -0.225470 2.652146
v -0.224722 -0.224722 2.670163
v -0.202431 -0.202430 2.688480
v -0.264229 -0.176551 2.670162
v -0.238018 -0.159038 2.688480
v -0.265110 -0.177140 2.652146
v -0.294593 -0.122023 2.652146
v -0.293614 -0.121618 2.670163
v -0.264488 -0.109554 2.688480
v -0.311679 -0.061996 2.670162
v -0.280761 -0.055846 2.688480
v -0.312718 -0.062202 2.652146
v -0.318865 0.000001 2.652146
v -0.317806 0.000001 2.670163
v -0.286280 0.000001 2.688480
v -0.311679 0.061998 2.670162
v -0.280761 0.055847 2.688480
v -0.312718 0.062204 2.652146
v -0.294593 0.122025 2.652146
v -0.293614 0.121619 2.670163
v -0.264488 0.109555 2.688480
v -0.264229 0.176553 2.670162
v -0.238018 0.159039 2.688480
v -0.265110 0.177141 2.652146
v -0.225471 0.225472 2.652146
v -0.224722 0.224723 2.670163
v -0.202431 0.202431 2.688480
v -0.176552 0.264229 2.670162
v -0.159039 0.238018 2.688480
v -0.177140 0.265110 2.652146
v -0.122024 0.294593 2.652146
v -0.121619 0.293615 2.670163
v -0.109554 0.264489 2.688480
v -0.061997 0.311679 2.670162
v -0.055848 0.280762 2.688480
v -0.062203 0.312719 2.652146
v 0.000000 0.318866 2.652146
v 0.000000 0.317805 2.670163
v 0.000000 0.286280 2.688480
v 0.061996 0.311679 2.670162
v 0.055846 0.280762 2.688480
v 0.062203 0.312719 2.652146
v 0.122024 0.294593 2.652146
v 0.121618 0.293615 2.670163
v 0.109554 0.264489 2.688480
v 0.176552 0.264229 2.670162
v 0.159038 0.238018 2.688480
v 0.177140 0.265110 2.652146
v 0.225471 0.225472 2.652146
v 0.224722 0.224722 2.670163
v 0.202430 0.202430 2.688480
v 0.264228 0.176552 2.670162
v 0.238017 0.159039 2.688480
v 0.265108 0.177141 2.652146
v 0.294592 0.122025 2.652146
v 0.293613 0.121619 2.670163
v 0.264488 0.109555 2.688480
v 0.311678 0.061998 2.670162
v 0.280761 0.055847 2.688480
v 0.312717 0.062204 2.652146
v 0.309365 0.000001 2.643949
v 0.303401 -0.060350 2.643949
v 0.295226 0.000001 2.640998
v 0.289535 -0.057592 2.640998
v 0.272754 -0.112978 2.640998
v 0.285815 -0.118388 2.643949
v 0.257210 -0.171862 2.643949
v 0.245456 -0.164008 2.640998
v 0.208757 -0.208756 2.640998
v 0.218753 -0.218753 2.643949
v 0.171862 -0.257210 2.643949
v 0.164009 -0.245456 2.640998
v 0.112978 -0.272754 2.640998
v 0.118389 -0.285815 2.643949
v 0.060350 -0.303400 2.643949
v 0.057592 -0.289535 2.640998
v 0.000000 -0.295226 2.640998
v 0.000000 -0.309364 2.643949
v -0.060351 -0.303400 2.643949
v -0.057592 -0.289535 2.640998
v -0.112979 -0.272754 2.640998
v -0.118389 -0.285815 2.643949
v -0.171863 -0.257210 2.643949
v -0.164009 -0.245456 2.640998
v -0.208757 -0.208756 2.640998
v -0.218754 -0.218753 2.643949
v -0.257211 -0.171862 2.643949
v -0.245457 -0.164008 2.640998
v -0.272754 -0.112978 2.640998
v -0.285816 -0.118388 2.643949
v -0.303401 -0.060350 2.643949
v -0.289535 -0.057591 2.640998
v -0.295227 0.000001 2.640998
v -0.309365 0.000001 2.643949
v -0.303401 0.060350 2.643949
v -0.289535 0.057593 2.640998
v -0.272754 0.112979 2.640998
v -0.285816 0.118390 2.643949
v -0.257211 0.171863 2.643949
v -0.245456 0.164009 2.640998
v -0.208757 0.208758 2.640998
v -0.218754 0.218755 2.643949
v -0.171863 0.257211 2.643949
v -0.164009 0.245457 2.640998
v -0.112979 0.272754 2.640998
v -0.118389 0.285816 2.643949
v -0.060351 0.303402 2.643949
v -0.057592 0.289536 2.640998
v 0.000000 0.295227 2.640998
v 0.000000 0.309365 2.643949
v 0.060350 0.303401 2.643949
v 0.057592 0.289536 2.640998
v 0.112978 0.272754 2.640998
v 0.118389 0.285816 2.643949
v 0.171862 0.257211 2.643949
v 0.164009 0.245457 2.640998
v 0.208757 0.208758 2.640998
v 0.218753 0.218755 2.643949
v 0.257210 0.171863 2.643949
v 0.245456 0.164009 2.640998
v 0.272754 0.112979 2.640998
v 0.285815 0.118390 2.643949
v 0.303401 0.060350 2.643949
v 0.289535 0.057593 2.640998
v 0.266940 0.000001 2.625231
v 0.263070 0.000001 2.607658
v 0.257999 -0.051318 2.607657
v 0.261794 -0.052073 2.625231
v 0.271638 0.000001 2.590811
v 0.266402 -0.052990 2.590811
v 0.250961 -0.103951 2.590811
v 0.243045 -0.100672 2.607658
v 0.246620 -0.102153 2.625231
v 0.218721 -0.146144 2.607657
v 0.221938 -0.148293 2.625232
v 0.225845 -0.150904 2.590811
v 0.192077 -0.192077 2.590811
v 0.186019 -0.186018 2.607658
v 0.188755 -0.188754 2.625231
v 0.146144 -0.218721 2.607657
v 0.148294 -0.221938 2.625232
v 0.150904 -0.225844 2.590811
v 0.103951 -0.250961 2.590811
v 0.100673 -0.243046 2.607658
v 0.102153 -0.246620 2.625231
v 0.051319 -0.257999 2.607657
v 0.052073 -0.261794 2.625232
v 0.052990 -0.266401 2.590811
v 0.000000 -0.271638 2.590811
v 0.000000 -0.263070 2.607658
v 0.000000 -0.266939 2.625231
v -0.051320 -0.257999 2.607657
v -0.052074 -0.261794 2.625232
v -0.052991 -0.266401 2.590811
v -0.103952 -0.250961 2.590811
v -0.100673 -0.243046 2.607658
v -0.102154 -0.246620 2.625231
v -0.146145 -0.218721 2.607657
v -0.148295 -0.221938 2.625232
v -0.150905 -0.225844 2.590811
v -0.192078 -0.192077 2.590811
v -0.186019 -0.186018 2.607658
v -0.188755 -0.188754 2.625231
v -0.218722 -0.146144 2.607657
v -0.221939 -0.148293 2.625232
v -0.225845 -0.150904 2.590811
v -0.250962 -0.103951 2.590811
v -0.243047 -0.100672 2.607658
v -0.246621 -0.102153 2.625231
v -0.258000 -0.051318 2.607657
v -0.261795 -0.052073 2.625232
v -0.266403 -0.052990 2.590811
v -0.271639 0.000001 2.590811
v -0.263071 0.000001 2.607658
v -0.266940 0.000001 2.625231
v -0.257999 0.051320 2.607657
v -0.261795 0.052074 2.625232
v -0.266403 0.052991 2.590811
v -0.250962 0.103952 2.590811
v -0.243046 0.100674 2.607658
v -0.246621 0.102155 2.625231
v -0.218722 0.146146 2.607657
v -0.221939 0.148295 2.625232
v -0.225845 0.150906 2.590811
v -0.192078 0.192078 2.590811
v -0.186019 0.186020 2.607658
v -0.188755 0.188756 2.625231
v -0.146145 0.218723 2.607657
v -0.148295 0.221939 2.625232
v -0.150905 0.225846 2.590811
v -0.103952 0.250962 2.590811
v -0.100673 0.243047 2.607658
v -0.102154 0.246621 2.625231
v -0.051320 0.258000 2.607657
v -0.052074 0.261794 2.625232
v -0.052991 0.266403 2.590811
v 0.000000 0.271639 2.590811
v 0.000000 0.263071 2.607658
v 0.000000 0.266941 2.625231
v 0.051319 0.258000 2.607657
v 0.052073 0.261794 2.625232
v 0.052990 0.266403 2.590811
v 0.103952 0.250962 2.590811
v 0.100673 0.243047 2.607658
v 0.102153 0.246621 2.625231
v 0.146144 0.218722 2.607657
v 0.148294 0.221939 2.625232
v 0.150904 0.225846 2.590811
v 0.192077 0.192078 2.590811
v 0.186019 0.186020 2.607658
v 0.188755 0.188756 2.625231
v 0.218721 0.146146 2.607657
v 0.221938 0.148295 2.625232
v 0.225845 0.150906 2.590811
v 0.250961 0.103952 2.590811
v 0.243045 0.100674 2.607658
v 0.246620 0.102155 2.625231
v 0.257999 0.051320 2.607658
v 0.261794 0.052074 2.625231
v 0.266402 0.052991 2.590811
v 0.292886 0.000001 2.580875
v 0.287240 -0.057135 2.580874
v 0.314029 0.000001 2.570441
v 0.307974 -0.061259 2.570441
v 0.290125 -0.120173 2.570441
v 0.270591 -0.112082 2.580874
v 0.243509 -0.162708 2.580875
v 0.261088 -0.174453 2.570441
v 0.222052 -0.222051 2.570441
v 0.207101 -0.207101 2.580875
v 0.162708 -0.243509 2.580875
v 0.174453 -0.261088 2.570441
v 0.120173 -0.290124 2.570441
v 0.112082 -0.270590 2.580875
v 0.057135 -0.287239 2.580875
v 0.061260 -0.307974 2.570441
v 0.000000 -0.314028 2.570441
v 0.000000 -0.292886 2.580875
v -0.057136 -0.287239 2.580875
v -0.061260 -0.307974 2.570441
v -0.120174 -0.290124 2.570441
v -0.112082 -0.270590 2.580875
v -0.162708 -0.243509 2.580875
v -0.174454 -0.261088 2.570441
v -0.222052 -0.222051 2.570441
v -0.207102 -0.207101 2.580875
v -0.243511 -0.162707 2.580875
v -0.261089 -0.174453 2.570441
v -0.290125 -0.120173 2.570441
v -0.270591 -0.112082 2.580875
v -0.287240 -0.057135 2.580875
v -0.307975 -0.061259 2.570441
v -0.314029 0.000001 2.570441
v -0.292887 0.000001 2.580875
v -0.287240 0.057136 2.580875
v -0.307975 0.061261 2.570441
v -0.290125 0.120174 2.570441
v -0.270591 0.112083 2.580875
v -0.243511 0.162709 2.580875
v -0.261089 0.174454 2.570441
v -0.222052 0.222053 2.570441
v -0.207102 0.207103 2.580875
v -0.162708 0.243510 2.580875
v -0.174454 0.261089 2.570441
v -0.120174 0.290126 2.570441
v -0.112082 0.270592 2.580875
v -0.057136 0.287240 2.580875
v -0.061260 0.307975 2.570441
v 0.000000 0.314030 2.570441
v 0.000000 0.292886 2.580875
v 0.057135 0.287240 2.580875
v 0.061260 0.307975 2.570441
v 0.120173 0.290126 2.570441
v 0.112082 0.270592 2.580875
v 0.162708 0.243510 2.580875
v 0.174453 0.261089 2.570441
v 0.222052 0.222052 2.570441
v 0.207101 0.207103 2.580875
v 0.243509 0.162709 2.580875
v 0.261089 0.174454 2.570441
v 0.290125 0.120174 2.570441
v 0.270591 0.112083 2.580875
v 0.287239 0.057136 2.580874
v 0.307974 0.061261 2.570441
v 0.279401 0.000001 2.636043
v 0.274015 -0.054505 2.636042
v 0.258133 -0.106922 2.636042
v 0.232299 -0.155217 2.636042
v 0.197566 -0.197566 2.636042
v 0.155217 -0.232298 2.636042
v 0.106922 -0.258133 2.636042
v 0.054505 -0.274015 2.636042
v 0.000000 -0.279401 2.636042
v -0.054506 -0.274015 2.636042
v -0.106923 -0.258133 2.636042
v -0.155218 -0.232298 2.636042
v -0.197567 -0.197566 2.636042
v -0.232299 -0.155217 2.636042
v -0.258134 -0.106922 2.636042
v -0.274016 -0.054505 2.636042
v -0.279402 0.000001 2.636042
v -0.274016 0.054506 2.636042
v -0.258134 0.106923 2.636042
v -0.232299 0.155218 2.636042
v -0.197567 0.197567 2.636042
v -0.155218 0.232300 2.636042
v -0.106923 0.258134 2.636042
v -0.054505 0.274016 2.636042
v 0.000000 0.279403 2.636042
v 0.054505 0.274016 2.636042
v 0.106922 0.258134 2.636042
v 0.155217 0.232300 2.636042
v 0.197567 0.197567 2.636042
v 0.232299 0.155218 2.636042
v 0.258133 0.106923 2.636042
v 0.274015 0.054506 2.636042
v 0.315484 0.000001 2.534427
v 0.298596 0.000001 2.525080
v 0.292840 -0.058249 2.525079
v 0.309401 -0.061543 2.534427
v 0.284874 0.000001 2.521618
v 0.279382 -0.055572 2.521618
v 0.263189 -0.109016 2.521618
v 0.275866 -0.114267 2.525079
v 0.291469 -0.120730 2.534427
v 0.248257 -0.165880 2.525080
v 0.262298 -0.175261 2.534427
v 0.236848 -0.158257 2.521618
v 0.201437 -0.201436 2.521618
v 0.211139 -0.211138 2.525080
v 0.223080 -0.223080 2.534427
v 0.165880 -0.248257 2.525080
v 0.175262 -0.262298 2.534427
v 0.158257 -0.236849 2.521618
v 0.109017 -0.263189 2.521618
v 0.114268 -0.275866 2.525080
v 0.120730 -0.291469 2.534427
v 0.058249 -0.292839 2.525080
v 0.061544 -0.309402 2.534427
v 0.055573 -0.279382 2.521618
v 0.000000 -0.284874 2.521618
v 0.000000 -0.298595 2.525080
v 0.000000 -0.315483 2.534427
v -0.058250 -0.292839 2.525080
v -0.061544 -0.309402 2.534427
v -0.055573 -0.279382 2.521618
v -0.109017 -0.263189 2.521618
v -0.114268 -0.275866 2.525080
v -0.120731 -0.291469 2.534427
v -0.165881 -0.248257 2.525080
v -0.175263 -0.262298 2.534427
v -0.158258 -0.236849 2.521618
v -0.201437 -0.201436 2.521618
v -0.211139 -0.211138 2.525080
v -0.223081 -0.223080 2.534427
v -0.248258 -0.165880 2.525080
v -0.262299 -0.175261 2.534427
v -0.236850 -0.158257 2.521618
v -0.263190 -0.109016 2.521618
v -0.275867 -0.114267 2.525080
v -0.291470 -0.120730 2.534427
v -0.292840 -0.058249 2.525080
v -0.309403 -0.061543 2.534427
v -0.279383 -0.055572 2.521618
v -0.284875 0.000001 2.521618
v -0.298596 0.000001 2.525080
v -0.315484 0.000001 2.534427
v -0.292840 0.058250 2.525080
v -0.309403 0.061545 2.534427
v -0.279383 0.055574 2.521618
v -0.263190 0.109018 2.521618
v -0.275867 0.114269 2.525080
v -0.291470 0.120731 2.534427
v -0.248258 0.165881 2.525080
v -0.262299 0.175263 2.534427
v -0.236850 0.158258 2.521618
v -0.201437 0.201438 2.521618
v -0.211139 0.211140 2.525080
v -0.223081 0.223082 2.534427
v -0.165881 0.248259 2.525080
v -0.175263 0.262299 2.534427
v -0.158258 0.236850 2.521618
v -0.109017 0.263190 2.521618
v -0.114268 0.275867 2.525080
v -0.120731 0.291470 2.534427
v -0.058250 0.292841 2.525080
v -0.061544 0.309402 2.534427
v -0.055573 0.279383 2.521618
v 0.000000 0.284875 2.521618
v 0.000000 0.298597 2.525080
v 0.000000 0.315485 2.534427
v 0.058249 0.292841 2.525080
v 0.061544 0.309402 2.534427
v 0.055573 0.279383 2.521618
v 0.109017 0.263190 2.521618
v 0.114268 0.275867 2.525080
v 0.120730 0.291470 2.534427
v 0.165881 0.248259 2.525080
v 0.175262 0.262299 2.534427
v 0.158257 0.236850 2.521618
v 0.201437 0.201437 2.521618
v 0.211139 0.211140 2.525080
v 0.223080 0.223082 2.534427
v 0.248257 0.165881 2.525080
v 0.262298 0.175262 2.534427
v 0.236848 0.158258 2.521618
v 0.263189 0.109018 2.521618
v 0.275866 0.114269 2.525080
v 0.291469 0.120731 2.534427
v 0.292840 0.058250 2.525080
v 0.309402 0.061545 2.534427
v 0.279382 0.055574 2.521618
v 0.286131 0.000001 2.519221
v 0.280615 -0.055818 2.519221
v 0.297720 0.000001 2.516039
v 0.291980 -0.058078 2.516039
v 0.275056 -0.113932 2.516039
v 0.264350 -0.109497 2.519221
v 0.237893 -0.158955 2.519221
v 0.247528 -0.165393 2.516039
v 0.210519 -0.210519 2.516039
v 0.202325 -0.202325 2.519221
v 0.158956 -0.237893 2.519221
v 0.165393 -0.247529 2.516039
v 0.113932 -0.275057 2.516039
v 0.109497 -0.264350 2.519221
v 0.055817 -0.280614 2.519221
v 0.058078 -0.291980 2.516039
v 0.000000 -0.297719 2.516039
v 0.000000 -0.286130 2.519221
v -0.055818 -0.280614 2.519221
v -0.058078 -0.291980 2.516039
v -0.113933 -0.275057 2.516039
v -0.109498 -0.264350 2.519221
v -0.158956 -0.237893 2.519221
v -0.165394 -0.247529 2.516039
v -0.210520 -0.210519 2.516039
v -0.202326 -0.202325 2.519221
v -0.237895 -0.158955 2.519221
v -0.247529 -0.165393 2.516039
v -0.275058 -0.113932 2.516039
v -0.264351 -0.109497 2.519221
v -0.280615 -0.055818 2.519221
v -0.291981 -0.058078 2.516039
v -0.297720 0.000001 2.516039
v -0.286131 0.000001 2.519221
v -0.280615 0.055819 2.519221
v -0.291981 0.058079 2.516039
v -0.275058 0.113933 2.516039
v -0.264351 0.109499 2.519221
v -0.237895 0.158956 2.519221
v -0.247529 0.165395 2.516039
v -0.210520 0.210520 2.516039
v -0.202326 0.202326 2.519221
v -0.158956 0.237894 2.519221
v -0.165394 0.247530 2.516039
v -0.113933 0.275058 2.516039
v -0.109498 0.264351 2.519221
v -0.055818 0.280616 2.519221
v -0.058078 0.291981 2.516039
v 0.000000 0.297720 2.516039
v 0.000000 0.286132 2.519221
v 0.055817 0.280616 2.519221
v 0.058078 0.291981 2.516039
v 0.113932 0.275058 2.516039
v 0.109497 0.264351 2.519221
v 0.158956 0.237894 2.519221
v 0.165393 0.247530 2.516039
v 0.210519 0.210520 2.516039
v 0.202325 0.202326 2.519221
v 0.237894 0.158956 2.519221
v 0.247528 0.165395 2.516039
v 0.275056 0.113933 2.516039
v 0.264350 0.109499 2.519221
v 0.280615 0.055819 2.519221
v 0.291980 0.058079 2.516039
v 0.312324 0.000001 2.511377
v 0.306303 -0.060927 2.511377
v 0.328416 0.000001 2.506194
v 0.322085 -0.064066 2.506194
v 0.303416 -0.125679 2.506194
v 0.288550 -0.119521 2.511377
v 0.259671 -0.173506 2.511377
v 0.273050 -0.182446 2.506194
v 0.232225 -0.232225 2.506194
v 0.220846 -0.220846 2.511377
v 0.173507 -0.259671 2.511377
v 0.182446 -0.273050 2.506194
v 0.125679 -0.303417 2.506194
v 0.119521 -0.288550 2.511377
v 0.060927 -0.306303 2.511377
v 0.064066 -0.322085 2.506194
v 0.000000 -0.328416 2.506194
v 0.000000 -0.312324 2.511377
v -0.060928 -0.306303 2.511377
v -0.064067 -0.322085 2.506194
v -0.125679 -0.303417 2.506194
v -0.119522 -0.288550 2.511377
v -0.173507 -0.259671 2.511377
v -0.182446 -0.273050 2.506194
v -0.232226 -0.232225 2.506194
v -0.220847 -0.220846 2.511377
v -0.259672 -0.173506 2.511377
v -0.273051 -0.182446 2.506194
v -0.303417 -0.125679 2.506194
v -0.288551 -0.119521 2.511377
v -0.306304 -0.060927 2.511377
v -0.322086 -0.064066 2.506194
v -0.328416 0.000001 2.506194
v -0.312325 0.000001 2.511377
v -0.306303 0.060928 2.511377
v -0.322086 0.064067 2.506194
v -0.303417 0.125680 2.506194
v -0.288551 0.119522 2.511377
v -0.259672 0.173508 2.511377
v -0.273051 0.182447 2.506194
v -0.232226 0.232227 2.506194
v -0.220847 0.220847 2.511377
v -0.173507 0.259672 2.511377
v -0.182446 0.273051 2.506194
v -0.125679 0.303418 2.506194
v -0.119522 0.288551 2.511377
v -0.060928 0.306304 2.511377
v -0.064067 0.322086 2.506194
v 0.000000 0.328417 2.506194
v 0.000000 0.312325 2.511377
v 0.060927 0.306304 2.511377
v 0.064066 0.322086 2.506194
v 0.125679 0.303418 2.506194
v 0.119521 0.288551 2.511377
v 0.173507 0.259672 2.511377
v 0.182446 0.273051 2.506194
v 0.232225 0.232226 2.506194
v 0.220846 0.220847 2.511377
v 0.259671 0.173507 2.511377
v 0.273050 0.182447 2.506194
v 0.303416 0.125680 2.506194
v 0.288550 0.119522 2.511377
v 0.306303 0.060928 2.511377
v 0.322085 0.064067 2.506194
v 0.346294 0.000001 2.501359
v 0.339618 -0.067554 2.501358
v 0.367784 0.000001 2.495722
v 0.360694 -0.071745 2.495721
v 0.339788 -0.140744 2.495721
v 0.319934 -0.132521 2.501358
v 0.287914 -0.192377 2.501359
v 0.305782 -0.204316 2.495722
v 0.260062 -0.260062 2.495721
v 0.244867 -0.244866 2.501359
v 0.192378 -0.287914 2.501359
v 0.204317 -0.305782 2.495722
v 0.140745 -0.339788 2.495721
v 0.132521 -0.319934 2.501359
v 0.067554 -0.339618 2.501359
v 0.071746 -0.360694 2.495722
v 0.000000 -0.367784 2.495721
v 0.000000 -0.346294 2.501359
v -0.067555 -0.339618 2.501359
v -0.071747 -0.360694 2.495722
v -0.140745 -0.339788 2.495721
v -0.132522 -0.319934 2.501359
v -0.192379 -0.287914 2.501359
v -0.204317 -0.305782 2.495722
v -0.260063 -0.260062 2.495721
v -0.244867 -0.244866 2.501359
v -0.287915 -0.192377 2.501359
v -0.305782 -0.204316 2.495722
v -0.339789 -0.140744 2.495721
v -0.319935 -0.132521 2.501359
v -0.339619 -0.067554 2.501359
v -0.360694 -0.071745 2.495722
v -0.367785 0.000001 2.495721
v -0.346295 0.000001 2.501359
v -0.339619 0.067555 2.501359
v -0.360694 0.071747 2.495722
v -0.339789 0.140746 2.495721
v -0.319935 0.132522 2.501359
v -0.287915 0.192379 2.501359
v -0.305782 0.204317 2.495722
v -0.260063 0.260063 2.495721
v -0.244867 0.244868 2.501359
v -0.192379 0.287915 2.501359
v -0.204317 0.305782 2.495722
v -0.140745 0.339789 2.495721
v -0.132521 0.319935 2.501359
v -0.067555 0.339619 2.501359
v -0.071747 0.360695 2.495722
v 0.000000 0.367785 2.495721
v 0.000000 0.346295 2.501359
v 0.067554 0.339619 2.501359
v 0.071746 0.360695 2.495722
v 0.140745 0.339789 2.495721
v 0.132521 0.319934 2.501359
v 0.192378 0.287915 2.501359
v 0.204317 0.305782 2.495722
v 0.260062 0.260063 2.495721
v 0.244867 0.244867 2.501359
v 0.287914 0.192379 2.501359
v 0.305782 0.204317 2.495722
v 0.339788 0.140746 2.495721
v 0.319934 0.132522 2.501359
v 0.339618 0.067555 2.501359
v 0.360694 0.071747 2.495722
v 0.393178 0.000001 2.487538
v 0.385598 -0.076700 2.487538
v 0.415109 0.000001 2.474700
v 0.407106 -0.080978 2.474700
v 0.383510 -0.158854 2.474700
v 0.363250 -0.150462 2.487538
v 0.326895 -0.218424 2.487538
v 0.345128 -0.230606 2.474700
v 0.293526 -0.293526 2.474700
v 0.278019 -0.278018 2.487539
v 0.218424 -0.326894 2.487538
v 0.230607 -0.345127 2.474700
v 0.158855 -0.383510 2.474700
v 0.150462 -0.363249 2.487539
v 0.076700 -0.385598 2.487538
v 0.080978 -0.407106 2.474700
v 0.000000 -0.415108 2.474700
v 0.000000 -0.393178 2.487539
v -0.076701 -0.385598 2.487538
v -0.080979 -0.407106 2.474700
v -0.158855 -0.383510 2.474700
v -0.150463 -0.363249 2.487539
v -0.218424 -0.326894 2.487538
v -0.230607 -0.345127 2.474700
v -0.293527 -0.293526 2.474700
v -0.278019 -0.278018 2.487539
v -0.326895 -0.218424 2.487538
v -0.345128 -0.230606 2.474700
v -0.383511 -0.158854 2.474700
v -0.363250 -0.150462 2.487539
v -0.385599 -0.076700 2.487538
v -0.407107 -0.080978 2.474700
v -0.415109 0.000001 2.474700
v -0.393179 0.000001 2.487539
v -0.385599 0.076701 2.487538
v -0.407107 0.080979 2.474700
v -0.383511 0.158856 2.474700
v -0.363250 0.150463 2.487539
v -0.326895 0.218425 2.487538
v -0.345128 0.230608 2.474700
v -0.293527 0.293526 2.474700
v -0.278019 0.278020 2.487539
v -0.218424 0.326896 2.487538
v -0.230607 0.345129 2.474700
v -0.158855 0.383511 2.474700
v -0.150463 0.363250 2.487539
v -0.076701 0.385599 2.487538
v -0.080979 0.407107 2.474700
v 0.000000 0.415110 2.474700
v 0.000000 0.393179 2.487539
v 0.076700 0.385599 2.487538
v 0.080978 0.407107 2.474700
v 0.158855 0.383511 2.474700
v 0.150463 0.363250 2.487539
v 0.218424 0.326895 2.487538
v 0.230607 0.345129 2.474700
v 0.293526 0.293526 2.474700
v 0.278019 0.278020 2.487539
v 0.326895 0.218425 2.487538
v 0.345128 0.230608 2.474700
v 0.383510 0.158856 2.474700
v 0.363250 0.150463 2.487539
v 0.385598 0.076701 2.487538
v 0.407106 0.080979 2.474700
v 0.426641 0.000001 2.455972
v 0.418416 -0.083227 2.455972
v 0.430238 0.000001 2.433994
v 0.421943 -0.083930 2.433994
v 0.397488 -0.164644 2.433994
v 0.394165 -0.163268 2.455972
v 0.354716 -0.237013 2.455972
v 0.357706 -0.239011 2.433994
v 0.304224 -0.304223 2.433994
v 0.301681 -0.301680 2.455972
v 0.237013 -0.354715 2.455972
v 0.239012 -0.357706 2.433994
v 0.164645 -0.397487 2.433994
v 0.163268 -0.394164 2.455972
v 0.083228 -0.418415 2.455972
v 0.083929 -0.421943 2.433994
v 0.000000 -0.430237 2.433994
v 0.000000 -0.426640 2.455972
v -0.083228 -0.418415 2.455972
v -0.083930 -0.421943 2.433994
v -0.164645 -0.397487 2.433994
v -0.163269 -0.394164 2.455972
v -0.237014 -0.354715 2.455972
v -0.239012 -0.357706 2.433994
v -0.304224 -0.304223 2.433994
v -0.301681 -0.301680 2.455972
v -0.354716 -0.237013 2.455972
v -0.357707 -0.239011 2.433994
v -0.397488 -0.164644 2.433994
v -0.394165 -0.163268 2.455972
v -0.418416 -0.083227 2.455972
v -0.421944 -0.083929 2.433994
v -0.430238 0.000001 2.433994
v -0.426641 0.000001 2.455972
v -0.418416 0.083229 2.455972
v -0.421944 0.083931 2.433994
v -0.397488 0.164646 2.433994
v -0.394165 0.163269 2.455972
v -0.354716 0.237014 2.455972
v -0.357707 0.239013 2.433994
v -0.304224 0.304225 2.433994
v -0.301681 0.301682 2.455972
v -0.237014 0.354717 2.455972
v -0.239012 0.357707 2.433994
v -0.164645 0.397489 2.433994
v -0.163268 0.394166 2.455972
v -0.083228 0.418417 2.455972
v -0.083930 0.421944 2.433994
v 0.000000 0.430238 2.433994
v 0.000000 0.426641 2.455972
v 0.083228 0.418417 2.455972
v 0.083929 0.421944 2.433994
v 0.164645 0.397488 2.433994
v 0.163268 0.394165 2.455972
v 0.237013 0.354717 2.455972
v 0.239012 0.357707 2.433994
v 0.304224 0.304225 2.433994
v 0.301681 0.301681 2.455972
v 0.354716 0.237014 2.455972
v 0.357706 0.239013 2.433994
v 0.397488 0.164646 2.433994
v 0.394165 0.163269 2.455972
v 0.418416 0.083229 2.455972
v 0.421943 0.083931 2.433994
v 0.428914 0.000001 2.412460
v 0.420645 -0.083671 2.412459
v 0.418488 0.000001 2.395417
v 0.410421 -0.081637 2.395417
v 0.386633 -0.160148 2.395417
v 0.396264 -0.164138 2.412459
v 0.356606 -0.238276 2.412460
v 0.347937 -0.232484 2.395416
v 0.295916 -0.295915 2.395416
v 0.303287 -0.303287 2.412460
v 0.238276 -0.356605 2.412460
v 0.232485 -0.347937 2.395416
v 0.160148 -0.386632 2.395416
v 0.164137 -0.396264 2.412460
v 0.083671 -0.420644 2.412460
v 0.081638 -0.410420 2.395416
v 0.000000 -0.418488 2.395416
v 0.000000 -0.428913 2.412460
v -0.083672 -0.420644 2.412460
v -0.081638 -0.410420 2.395416
v -0.160149 -0.386632 2.395416
v -0.164139 -0.396264 2.412460
v -0.238276 -0.356605 2.412460
v -0.232485 -0.347937 2.395416
v -0.295916 -0.295915 2.395416
v -0.303288 -0.303287 2.412460
v -0.356606 -0.238276 2.412460
v -0.347938 -0.232484 2.395416
v -0.386633 -0.160148 2.395416
v -0.396265 -0.164138 2.412460
v -0.420645 -0.083671 2.412460
v -0.410421 -0.081637 2.395416
v -0.418488 0.000001 2.395416
v -0.428914 0.000001 2.412460
v -0.420645 0.083672 2.412460
v -0.410421 0.081638 2.395416
v -0.386633 0.160149 2.395416
v -0.396265 0.164138 2.412460
v -0.356606 0.238277 2.412460
v -0.347938 0.232486 2.395416
v -0.295916 0.295917 2.395416
v -0.303288 0.303288 2.412460
v -0.238276 0.356606 2.412460
v -0.232485 0.347939 2.395416
v -0.160149 0.386634 2.395416
v -0.164139 0.396265 2.412460
v -0.083671 0.420646 2.412460
v -0.081638 0.410422 2.395416
v 0.000000 0.418489 2.395416
v 0.000000 0.428914 2.412460
v 0.083671 0.420646 2.412460
v 0.081638 0.410422 2.395416
v 0.160149 0.386634 2.395416
v 0.164138 0.396265 2.412460
v 0.238276 0.356606 2.412460
v 0.232485 0.347939 2.395416
v 0.295916 0.295916 2.395416
v 0.303288 0.303288 2.412460
v 0.356606 0.238277 2.412460
v 0.347937 0.232485 2.395416
v 0.386633 0.160149 2.395416
v 0.396264 0.164138 2.412460
v 0.420645 0.083672 2.412460
v 0.410421 0.081638 2.395416
v 0.395704 0.000001 2.385689
v 0.388075 -0.077193 2.385689
v 0.368182 0.000001 2.380866
v 0.361085 -0.071824 2.380866
v 0.340156 -0.140897 2.380866
v 0.365582 -0.151429 2.385689
v 0.328994 -0.219826 2.385689
v 0.306113 -0.204538 2.380866
v 0.260345 -0.260344 2.380866
v 0.279805 -0.279804 2.385689
v 0.219827 -0.328994 2.385689
v 0.204538 -0.306113 2.380866
v 0.140897 -0.340156 2.380866
v 0.151429 -0.365582 2.385689
v 0.077193 -0.388075 2.385689
v 0.071824 -0.361085 2.380866
v 0.000000 -0.368182 2.380866
v 0.000000 -0.395703 2.385689
v -0.077193 -0.388075 2.385689
v -0.071825 -0.361085 2.380866
v -0.140898 -0.340156 2.380866
v -0.151430 -0.365582 2.385689
v -0.219827 -0.328994 2.385689
v -0.204539 -0.306113 2.380866
v -0.260345 -0.260344 2.380866
v -0.279805 -0.279804 2.385689
v -0.328995 -0.219826 2.385689
v -0.306114 -0.204538 2.380866
v -0.340157 -0.140897 2.380866
v -0.365583 -0.151429 2.385689
v -0.388076 -0.077192 2.385689
v -0.361085 -0.071824 2.380866
v -0.368183 0.000001 2.380866
v -0.395704 0.000001 2.385689
v -0.388076 0.077193 2.385689
v -0.361085 0.071825 2.380866
v -0.340157 0.140899 2.380866
v -0.365583 0.151430 2.385689
v -0.328995 0.219828 2.385689
v -0.306113 0.204539 2.380866
v -0.260345 0.260345 2.380866
v -0.279805 0.279806 2.385689
v -0.219827 0.328995 2.385689
v -0.204539 0.306114 2.380866
v -0.140898 0.340157 2.380866
v -0.151430 0.365583 2.385689
v -0.077193 0.388076 2.385689
v -0.071824 0.361086 2.380866
v 0.000000 0.368183 2.380866
v 0.000000 0.395705 2.385689
v 0.077193 0.388076 2.385689
v 0.071824 0.361086 2.380866
v 0.140897 0.340157 2.380866
v 0.151429 0.365583 2.385689
v 0.219827 0.328995 2.385689
v 0.204538 0.306114 2.380866
v 0.260345 0.260345 2.380866
v 0.279805 0.279806 2.385689
v 0.328994 0.219828 2.385689
v 0.306113 0.204538 2.380866
v 0.340157 0.140899 2.380866
v 0.365582 0.151430 2.385689
v 0.388075 0.077193 2.385689
v 0.361085 0.071825 2.380866
v 0.344232 0.000001 2.377538
v 0.337596 -0.067151 2.377538
v 0.324018 0.000001 2.373549
v 0.317772 -0.063208 2.373549
v 0.299354 -0.123996 2.373549
v 0.318029 -0.131731 2.377538
v 0.286200 -0.191232 2.377539
v 0.269394 -0.180003 2.373549
v 0.229116 -0.229115 2.373549
v 0.243409 -0.243408 2.377539
v 0.191233 -0.286200 2.377539
v 0.180003 -0.269394 2.373549
v 0.123997 -0.299354 2.373549
v 0.131732 -0.318029 2.377539
v 0.067152 -0.337595 2.377539
v 0.063209 -0.317772 2.373549
v 0.000000 -0.324018 2.373549
v 0.000000 -0.344231 2.377539
v -0.067152 -0.337595 2.377539
v -0.063209 -0.317772 2.373549
v -0.123997 -0.299354 2.373549
v -0.131732 -0.318029 2.377539
v -0.191233 -0.286200 2.377539
v -0.180004 -0.269394 2.373549
v -0.229116 -0.229115 2.373549
v -0.243409 -0.243408 2.377539
v -0.286200 -0.191232 2.377539
v -0.269394 -0.180003 2.373549
v -0.299355 -0.123996 2.373549
v -0.318030 -0.131731 2.377539
v -0.337596 -0.067151 2.377539
v -0.317773 -0.063208 2.373549
v -0.324019 0.000001 2.373549
v -0.344232 0.000001 2.377539
v -0.337596 0.067153 2.377539
v -0.317773 0.063210 2.373549
v -0.299355 0.123998 2.373549
v -0.318030 0.131733 2.377539
v -0.286200 0.191234 2.377539
v -0.269394 0.180004 2.373549
v -0.229116 0.229117 2.373549
v -0.243409 0.243410 2.377539
v -0.191233 0.286201 2.377539
v -0.180004 0.269395 2.373549
v -0.123997 0.299355 2.373549
v -0.131732 0.318030 2.377539
v -0.067152 0.337597 2.377539
v -0.063209 0.317773 2.373549
v 0.000000 0.324019 2.373549
v 0.000000 0.344233 2.377539
v 0.067152 0.337597 2.377539
v 0.063209 0.317773 2.373549
v 0.123997 0.299355 2.373549
v 0.131732 0.318030 2.377539
v 0.191233 0.286201 2.377539
v 0.180003 0.269395 2.373549
v 0.229116 0.229116 2.373549
v 0.243409 0.243410 2.377539
v 0.286200 0.191234 2.377539
v 0.269394 0.180004 2.373549
v 0.299354 0.123997 2.373549
v 0.318029 0.131733 2.377539
v 0.337596 0.067153 2.377538
v 0.317772 0.063210 2.373549
v 0.305812 0.000001 2.366969
v 0.299918 -0.059657 2.366968
v 0.288442 0.000001 2.355531
v 0.282882 -0.056268 2.355531
v 0.266486 -0.110382 2.355531
v 0.282534 -0.117029 2.366968
v 0.254258 -0.169889 2.366969
v 0.239815 -0.160239 2.355531
v 0.203959 -0.203959 2.355532
v 0.216242 -0.216242 2.366969
v 0.169889 -0.254258 2.366969
v 0.160240 -0.239815 2.355531
v 0.110382 -0.266486 2.355532
v 0.117030 -0.282534 2.366969
v 0.059657 -0.299917 2.366969
v 0.056269 -0.282882 2.355531
v 0.000000 -0.288441 2.355532
v 0.000000 -0.305813 2.366969
v -0.059658 -0.299917 2.366969
v -0.056269 -0.282882 2.355531
v -0.110383 -0.266486 2.355532
v -0.117030 -0.282534 2.366969
v -0.169890 -0.254258 2.366969
v -0.160240 -0.239815 2.355531
v -0.203960 -0.203959 2.355532
v -0.216243 -0.216242 2.366969
v -0.254259 -0.169889 2.366969
v -0.239816 -0.160239 2.355531
v -0.266487 -0.110382 2.355532
v -0.282535 -0.117029 2.366969
v -0.299918 -0.059657 2.366969
v -0.282883 -0.056268 2.355531
v -0.288443 0.000001 2.355532
v -0.305814 0.000001 2.366969
v -0.299918 0.059658 2.366969
v -0.282883 0.056269 2.355531
v -0.266487 0.110382 2.355532
v -0.282535 0.117030 2.366969
v -0.254258 0.169891 2.366969
v -0.239816 0.160240 2.355531
v -0.203960 0.203960 2.355532
v -0.216243 0.216243 2.366969
v -0.169890 0.254258 2.366969
v -0.160240 0.239816 2.355531
v -0.110383 0.266486 2.355532
v -0.117030 0.282535 2.366969
v -0.059658 0.299918 2.366969
v -0.056269 0.282882 2.355531
v 0.000000 0.288443 2.355532
v 0.000000 0.305814 2.366969
v 0.059657 0.299918 2.366969
v 0.056269 0.282882 2.355531
v 0.110382 0.266486 2.355532
v 0.117030 0.282535 2.366969
v 0.169889 0.254258 2.366969
v 0.160240 0.239816 2.355531
v 0.203959 0.203960 2.355532
v 0.216242 0.216243 2.366969
v 0.254258 0.169891 2.366969
v 0.239816 0.160240 2.355531
v 0.266486 0.110382 2.355532
v 0.282534 0.117030 2.366969
v 0.299918 0.059658 2.366968
v 0.282882 0.056269 2.355531
v 0.271843 0.000001 2.337754
v 0.266603 -0.053030 2.337754
v 0.259833 0.000001 2.315615
v 0.254824 -0.050687 2.315615
v 0.240054 -0.099434 2.315615
v 0.251150 -0.104030 2.337754
v 0.226015 -0.151018 2.337755
v 0.216029 -0.144345 2.315616
v 0.183730 -0.183729 2.315615
v 0.192222 -0.192222 2.337755
v 0.151018 -0.226014 2.337755
v 0.144346 -0.216029 2.315616
v 0.099434 -0.240054 2.315615
v 0.104029 -0.251150 2.337755
v 0.053030 -0.266602 2.337755
v 0.050687 -0.254823 2.315616
v 0.000000 -0.259833 2.315615
v 0.000000 -0.271843 2.337755
v -0.053030 -0.266602 2.337755
v -0.050688 -0.254823 2.315616
v -0.099434 -0.240054 2.315615
v -0.104031 -0.251150 2.337755
v -0.151019 -0.226014 2.337755
v -0.144347 -0.216029 2.315616
v -0.183730 -0.183729 2.315615
v -0.192223 -0.192222 2.337755
v -0.226015 -0.151018 2.337755
v -0.216030 -0.144345 2.315616
v -0.240055 -0.099434 2.315615
v -0.251151 -0.104030 2.337755
v -0.266603 -0.053030 2.337755
v -0.254824 -0.050687 2.315616
v -0.259834 0.000001 2.315615
v -0.271844 0.000001 2.337755
v -0.266603 0.053031 2.337755
v -0.254824 0.050688 2.315616
v -0.240055 0.099434 2.315615
v -0.251151 0.104031 2.337755
v -0.226015 0.151019 2.337755
v -0.216030 0.144347 2.315616
v -0.183730 0.183730 2.315615
v -0.192223 0.192223 2.337755
v -0.151019 0.226016 2.337755
v -0.144347 0.216031 2.315616
v -0.099434 0.240055 2.315615
v -0.104031 0.251151 2.337755
v -0.053030 0.266604 2.337755
v -0.050688 0.254825 2.315616
v 0.000000 0.259834 2.315615
v 0.000000 0.271844 2.337755
v 0.053030 0.266604 2.337755
v 0.050687 0.254825 2.315616
v 0.099434 0.240055 2.315615
v 0.104029 0.251151 2.337755
v 0.151018 0.226016 2.337755
v 0.144346 0.216030 2.315616
v 0.183730 0.183730 2.315615
v 0.192222 0.192223 2.337755
v 0.226015 0.151019 2.337755
v 0.216029 0.144347 2.315616
v 0.240054 0.099434 2.315615
v 0.251150 0.104031 2.337755
v 0.266603 0.053031 2.337754
v 0.254824 0.050688 2.315615
v 0.255569 0.000001 2.290837
v 0.250641 -0.049855 2.290837
v 0.255693 0.000001 2.260666
v 0.250763 -0.049879 2.260666
v 0.236229 -0.097849 2.260666
v 0.236114 -0.097802 2.290837
v 0.212484 -0.141977 2.290837
v 0.212587 -0.142046 2.260666
v 0.180801 -0.180802 2.260666
v 0.180714 -0.180714 2.290837
v 0.141977 -0.212483 2.290837
v 0.142046 -0.212586 2.260666
v 0.097849 -0.236229 2.260666
v 0.097802 -0.236114 2.290837
v 0.049856 -0.250641 2.290837
v 0.049880 -0.250763 2.260666
v 0.000000 -0.255692 2.260666
v 0.000000 -0.255568 2.290837
v -0.049856 -0.250641 2.290837
v -0.049880 -0.250763 2.260666
v -0.097850 -0.236229 2.260666
v -0.097802 -0.236114 2.290837
v -0.141978 -0.212483 2.290837
v -0.142047 -0.212586 2.260666
v -0.180803 -0.180802 2.260666
v -0.180715 -0.180714 2.290837
v -0.212484 -0.141977 2.290837
v -0.212587 -0.142046 2.260666
v -0.236230 -0.097849 2.260666
v -0.236115 -0.097802 2.290837
v -0.250642 -0.049855 2.290837
v -0.250763 -0.049879 2.260666
v -0.255693 0.000001 2.260666
v -0.255569 0.000001 2.290837
v -0.250642 0.049856 2.290837
v -0.250763 0.049881 2.260666
v -0.236230 0.097850 2.260666
v -0.236115 0.097802 2.290837
v -0.212484 0.141978 2.290837
v -0.212587 0.142046 2.260666
v -0.180803 0.180803 2.260666
v -0.180715 0.180715 2.290837
v -0.141977 0.212485 2.290837
v -0.142047 0.212588 2.260666
v -0.097850 0.236230 2.260666
v -0.097802 0.236115 2.290837
v -0.049856 0.250642 2.290837
v -0.049880 0.250764 2.260666
v 0.000000 0.255694 2.260666
v 0.000000 0.255569 2.290837
v 0.049856 0.250642 2.290837
v 0.049880 0.250764 2.260666
v 0.097849 0.236230 2.260666
v 0.097802 0.236115 2.290837
v 0.141977 0.212484 2.290837
v 0.142046 0.212587 2.260666
v 0.180801 0.180803 2.260666
v 0.180714 0.180714 2.290837
v 0.212484 0.141978 2.290837
v 0.212587 0.142046 2.260666
v 0.236229 0.097850 2.260666
v 0.236114 0.097802 2.290837
v 0.250641 0.049856 2.290837
v 0.250763 0.049881 2.260666
v 0.255913 0.000001 2.217850
v 0.250980 -0.049922 2.217850
v 0.254713 0.000001 2.141634
v 0.249803 -0.049688 2.141634
v 0.235324 -0.097474 2.141634
v 0.236433 -0.097933 2.217850
v 0.212770 -0.142168 2.217850
v 0.211773 -0.141502 2.141634
v 0.180109 -0.180109 2.141634
v 0.180957 -0.180958 2.217850
v 0.142169 -0.212770 2.217850
v 0.141502 -0.211773 2.141634
v 0.097474 -0.235324 2.141634
v 0.097934 -0.236433 2.217850
v 0.049923 -0.250979 2.217850
v 0.049689 -0.249802 2.141634
v 0.000000 -0.254713 2.141634
v 0.000000 -0.255913 2.217850
v -0.049923 -0.250979 2.217850
v -0.049689 -0.249802 2.141634
v -0.097475 -0.235324 2.141634
v -0.097934 -0.236433 2.217850
v -0.142169 -0.212770 2.217850
v -0.141503 -0.211773 2.141634
v -0.180110 -0.180109 2.141634
v -0.180959 -0.180958 2.217850
v -0.212771 -0.142168 2.217850
v -0.211773 -0.141502 2.141634
v -0.235325 -0.097474 2.141634
v -0.236433 -0.097933 2.217850
v -0.250980 -0.049922 2.217850
v -0.249803 -0.049688 2.141634
v -0.254714 0.000001 2.141634
v -0.255914 0.000001 2.217850
v -0.250980 0.049923 2.217850
v -0.249803 0.049689 2.141634
v -0.235325 0.097475 2.141634
v -0.236433 0.097934 2.217850
v -0.212771 0.142170 2.217850
v -0.211773 0.141503 2.141634
v -0.180110 0.180111 2.141634
v -0.180959 0.180959 2.217850
v -0.142169 0.212771 2.217850
v -0.141503 0.211774 2.141634
v -0.097474 0.235326 2.141634
v -0.097934 0.236434 2.217850
v -0.049923 0.250981 2.217850
v -0.049689 0.249804 2.141634
v 0.000000 0.254715 2.141634
v 0.000000 0.255914 2.217850
v 0.049923 0.250980 2.217850
v 0.049689 0.249804 2.141634
v 0.097474 0.235326 2.141634
v 0.097934 0.236434 2.217850
v 0.142169 0.212771 2.217850
v 0.141502 0.211774 2.141634
v 0.180109 0.180111 2.141634
v 0.180957 0.180959 2.217850
v 0.212770 0.142170 2.217850
v 0.211773 0.141502 2.141634
v 0.235324 0.097475 2.141634
v 0.236433 0.097934 2.217850
v 0.250980 0.049923 2.217849
v 0.249803 0.049689 2.141634
v 0.273161 0.000001 1.228990
v 0.287035 0.000001 1.074805
v 0.281501 -0.055994 1.074805
v 0.267895 -0.053287 1.228990
v 0.287408 0.000001 0.946510
v 0.281868 -0.056066 0.946510
v 0.265530 -0.109986 0.946510
v 0.265186 -0.109843 1.074806
v 0.252368 -0.104534 1.228990
v 0.238646 -0.159458 1.074805
v 0.227111 -0.151750 1.228990
v 0.238956 -0.159665 0.946510
v 0.203228 -0.203228 0.946509
v 0.202965 -0.202964 1.074806
v 0.193154 -0.193154 1.228990
v 0.159457 -0.238645 1.074805
v 0.151750 -0.227110 1.228990
v 0.159665 -0.238955 0.946510
v 0.109986 -0.265530 0.946509
v 0.109843 -0.265186 1.074806
v 0.104534 -0.252368 1.228990
v 0.055994 -0.281501 1.074805
v 0.053288 -0.267895 1.228990
v 0.056067 -0.281867 0.946510
v 0.000000 -0.287408 0.946509
v 0.000000 -0.287034 1.074806
v 0.000000 -0.273161 1.228990
v -0.055994 -0.281501 1.074805
v -0.053288 -0.267895 1.228990
v -0.056067 -0.281867 0.946510
v -0.109986 -0.265530 0.946509
v -0.109844 -0.265186 1.074806
v -0.104535 -0.252368 1.228990
v -0.159459 -0.238645 1.074805
v -0.151751 -0.227110 1.228990
v -0.159666 -0.238955 0.946510
v -0.203229 -0.203228 0.946509
v -0.202965 -0.202964 1.074806
v -0.193155 -0.193154 1.228990
v -0.238646 -0.159458 1.074805
v -0.227111 -0.151750 1.228990
v -0.238956 -0.159665 0.946510
v -0.265531 -0.109986 0.946509
v -0.265187 -0.109843 1.074806
v -0.252369 -0.104534 1.228990
v -0.281502 -0.055994 1.074805
v -0.267896 -0.053287 1.228990
v -0.281868 -0.056066 0.946510
v -0.287409 0.000001 0.946509
v -0.287035 0.000001 1.074806
v -0.273162 0.000001 1.228990
v -0.281502 0.055995 1.074805
v -0.267896 0.053288 1.228990
v -0.281868 0.056068 0.946510
v -0.265531 0.109987 0.946509
v -0.265187 0.109844 1.074806
v -0.252369 0.104535 1.228990
v -0.238646 0.159459 1.074805
v -0.227111 0.151751 1.228990
v -0.238956 0.159666 0.946510
v -0.203229 0.203229 0.946509
v -0.202965 0.202965 1.074806
v -0.193155 0.193155 1.228990
v -0.159459 0.238646 1.074805
v -0.151751 0.227112 1.228990
v -0.159666 0.238957 0.946510
v -0.109986 0.265531 0.946509
v -0.109844 0.265186 1.074806
v -0.104535 0.252369 1.228990
v -0.055994 0.281503 1.074805
v -0.053288 0.267896 1.228990
v -0.056067 0.281869 0.946510
v 0.000000 0.287409 0.946509
v 0.000000 0.287036 1.074806
v 0.000000 0.273162 1.228990
v 0.055994 0.281503 1.074805
v 0.053288 0.267896 1.228990
v 0.056067 0.281869 0.946510
v 0.109986 0.265531 0.946509
v 0.109843 0.265186 1.074806
v 0.104534 0.252369 1.228990
v 0.159457 0.238646 1.074805
v 0.151750 0.227112 1.228990
v 0.159665 0.238957 0.946510
v 0.203229 0.203229 0.946509
v 0.202965 0.202965 1.074806
v 0.193154 0.193155 1.228990
v 0.238646 0.159459 1.074805
v 0.227111 0.151751 1.228990
v 0.238956 0.159666 0.946510
v 0.265530 0.109987 0.946509
v 0.265186 0.109844 1.074806
v 0.252368 0.104535 1.228990
v 0.281501 0.055994 1.074806
v 0.267895 0.053288 1.228990
v 0.281868 0.056067 0.946510
v 0.269804 0.000001 0.862350
v 0.264603 -0.052632 0.862350
v 0.250951 0.000001 0.810010
v 0.246114 -0.048954 0.810010
v 0.231849 -0.096034 0.810010
v 0.249266 -0.103249 0.862350
v 0.224320 -0.149885 0.862350
v 0.208644 -0.139412 0.810010
v 0.177449 -0.177449 0.810010
v 0.190781 -0.190780 0.862350
v 0.149886 -0.224319 0.862350
v 0.139412 -0.208645 0.810010
v 0.096035 -0.231849 0.810010
v 0.103249 -0.249266 0.862350
v 0.052633 -0.264602 0.862350
v 0.048955 -0.246114 0.810010
v 0.000000 -0.250951 0.810010
v 0.000000 -0.269804 0.862350
v -0.052633 -0.264602 0.862350
v -0.048956 -0.246114 0.810010
v -0.096035 -0.231849 0.810010
v -0.103250 -0.249266 0.862350
v -0.149886 -0.224319 0.862350
v -0.139413 -0.208645 0.810010
v -0.177450 -0.177449 0.810010
v -0.190781 -0.190780 0.862350
v -0.224320 -0.149885 0.862350
v -0.208646 -0.139412 0.810010
v -0.231850 -0.096034 0.810010
v -0.249267 -0.103249 0.862350
v -0.264603 -0.052632 0.862350
v -0.246115 -0.048954 0.810010
v -0.250952 0.000001 0.810010
v -0.269805 0.000001 0.862350
v -0.264603 0.052634 0.862350
v -0.246115 0.048956 0.810010
v -0.231850 0.096036 0.810010
v -0.249267 0.103251 0.862350
v -0.224320 0.149886 0.862350
v -0.208646 0.139413 0.810010
v -0.177450 0.177451 0.810010
v -0.190781 0.190782 0.862350
v -0.149886 0.224321 0.862350
v -0.139413 0.208646 0.810010
v -0.096035 0.231850 0.810010
v -0.103250 0.249267 0.862350
v -0.052633 0.264604 0.862350
v -0.048956 0.246114 0.810010
v 0.000000 0.250952 0.810010
v 0.000000 0.269805 0.862350
v 0.052633 0.264604 0.862350
v 0.048955 0.246114 0.810010
v 0.096035 0.231850 0.810010
v 0.103249 0.249267 0.862350
v 0.149886 0.224320 0.862350
v 0.139412 0.208646 0.810010
v 0.177449 0.177451 0.810010
v 0.190781 0.190781 0.862350
v 0.224320 0.149886 0.862350
v 0.208645 0.139413 0.810010
v 0.231849 0.096036 0.810010
v 0.249267 0.103251 0.862350
v 0.264603 0.052634 0.862350
v 0.246114 0.048956 0.810010
v 0.255761 0.000001 0.748468
v 0.267555 0.000001 0.735991
v 0.262397 -0.052194 0.735991
v 0.250831 -0.049893 0.748468
v 0.281789 0.000001 0.730218
v 0.276357 -0.054970 0.730218
v 0.260340 -0.107836 0.730218
v 0.247189 -0.102389 0.735991
v 0.236293 -0.097875 0.748468
v 0.222449 -0.148636 0.735991
v 0.212644 -0.142084 0.748468
v 0.234285 -0.156543 0.730218
v 0.199255 -0.199255 0.730218
v 0.189190 -0.189190 0.735991
v 0.180850 -0.180850 0.748468
v 0.148636 -0.222449 0.735991
v 0.142084 -0.212644 0.748468
v 0.156544 -0.234284 0.730218
v 0.107836 -0.260339 0.730218
v 0.102389 -0.247189 0.735991
v 0.097876 -0.236293 0.748468
v 0.052194 -0.262397 0.735991
v 0.049894 -0.250830 0.748468
v 0.054971 -0.276357 0.730218
v 0.000000 -0.281790 0.730218
v 0.000000 -0.267555 0.735991
v 0.000000 -0.255761 0.748468
v -0.052195 -0.262397 0.735991
v -0.049894 -0.250830 0.748468
v -0.054971 -0.276357 0.730218
v -0.107837 -0.260339 0.730218
v -0.102390 -0.247189 0.735991
v -0.097876 -0.236293 0.748468
v -0.148637 -0.222449 0.735991
v -0.142085 -0.212644 0.748468
v -0.156544 -0.234284 0.730218
v -0.199256 -0.199255 0.730218
v -0.189190 -0.189190 0.735991
v -0.180851 -0.180850 0.748468
v -0.222451 -0.148636 0.735991
v -0.212645 -0.142084 0.748468
v -0.234285 -0.156543 0.730218
v -0.260340 -0.107836 0.730218
v -0.247190 -0.102389 0.735991
v -0.236293 -0.097875 0.748468
v -0.262398 -0.052194 0.735991
v -0.250831 -0.049893 0.748468
v -0.276358 -0.054970 0.730218
v -0.281791 0.000001 0.730218
v -0.267556 0.000001 0.735991
v -0.255762 0.000001 0.748468
v -0.262398 0.052195 0.735991
v -0.250831 0.049894 0.748468
v -0.276358 0.054971 0.730218
v -0.260340 0.107837 0.730218
v -0.247190 0.102390 0.735991
v -0.236293 0.097876 0.748468
v -0.222451 0.148637 0.735991
v -0.212645 0.142085 0.748468
v -0.234285 0.156545 0.730218
v -0.199256 0.199256 0.730218
v -0.189190 0.189191 0.735991
v -0.180851 0.180851 0.748468
v -0.148637 0.222450 0.735991
v -0.142085 0.212645 0.748468
v -0.156544 0.234286 0.730218
v -0.107837 0.260341 0.730218
v -0.102389 0.247190 0.735991
v -0.097876 0.236294 0.748468
v -0.052195 0.262399 0.735991
v -0.049894 0.250832 0.748468
v -0.054971 0.276358 0.730218
v 0.000000 0.281791 0.730218
v 0.000000 0.267556 0.735991
v 0.000000 0.255762 0.748468
v 0.052194 0.262399 0.735991
v 0.049894 0.250832 0.748468
v 0.054971 0.276358 0.730218
v 0.107836 0.260341 0.730218
v 0.102389 0.247190 0.735991
v 0.097876 0.236294 0.748468
v 0.148636 0.222450 0.735991
v 0.142084 0.212645 0.748468
v 0.156544 0.234286 0.730218
v 0.199255 0.199256 0.730218
v 0.189190 0.189191 0.735991
v 0.180850 0.180851 0.748468
v 0.222449 0.148637 0.735991
v 0.212644 0.142085 0.748468
v 0.234285 0.156545 0.730218
v 0.260340 0.107837 0.730218
v 0.247189 0.102390 0.735991
v 0.236293 0.097876 0.748468
v 0.262397 0.052195 0.735991
v 0.250831 0.049894 0.748468
v 0.276357 0.054971 0.730218
v 0.298338 0.000001 0.724730
v 0.292586 -0.058198 0.724730
v 0.315023 0.000001 0.713503
v 0.308949 -0.061454 0.713503
v 0.291043 -0.120554 0.713503
v 0.275628 -0.114168 0.724730
v 0.248042 -0.165736 0.724730
v 0.261915 -0.175006 0.713503
v 0.222755 -0.222754 0.713503
v 0.210957 -0.210956 0.724730
v 0.165737 -0.248042 0.724730
v 0.175006 -0.261914 0.713503
v 0.120554 -0.291042 0.713503
v 0.114169 -0.275627 0.724730
v 0.058199 -0.292586 0.724730
v 0.061453 -0.308949 0.713503
v 0.000000 -0.315022 0.713503
v 0.000000 -0.298337 0.724730
v -0.058199 -0.292586 0.724730
v -0.061455 -0.308949 0.713503
v -0.120555 -0.291042 0.713503
v -0.114169 -0.275627 0.724730
v -0.165737 -0.248042 0.724730
v -0.175006 -0.261914 0.713503
v -0.222755 -0.222754 0.713503
v -0.210957 -0.210956 0.724730
v -0.248043 -0.165736 0.724730
v -0.261915 -0.175006 0.713503
v -0.291043 -0.120554 0.713503
v -0.275628 -0.114168 0.724730
v -0.292587 -0.058198 0.724730
v -0.308951 -0.061454 0.713503
v -0.315023 0.000001 0.713503
v -0.298338 0.000001 0.724730
v -0.292587 0.058200 0.724730
v -0.308951 0.061454 0.713503
v -0.291043 0.120554 0.713503
v -0.275628 0.114170 0.724730
v -0.248043 0.165738 0.724730
v -0.261915 0.175006 0.713503
v -0.222755 0.222755 0.713503
v -0.210957 0.210958 0.724730
v -0.165737 0.248043 0.724730
v -0.175006 0.261916 0.713503
v -0.120555 0.291044 0.713503
v -0.114169 0.275629 0.724730
v -0.058199 0.292587 0.724730
v -0.061455 0.308950 0.713503
v 0.000000 0.315024 0.713503
v 0.000000 0.298338 0.724730
v 0.058199 0.292587 0.724730
v 0.061453 0.308950 0.713503
v 0.120554 0.291044 0.713503
v 0.114169 0.275629 0.724730
v 0.165737 0.248043 0.724730
v 0.175006 0.261916 0.713503
v 0.222755 0.222755 0.713503
v 0.210957 0.210957 0.724730
v 0.248042 0.165738 0.724730
v 0.261915 0.175006 0.713503
v 0.291043 0.120554 0.713503
v 0.275628 0.114170 0.724730
v 0.292586 0.058200 0.724730
v 0.308949 0.061454 0.713503
v 0.329176 0.000001 0.692802
v 0.322829 -0.064214 0.692802
v 0.338197 0.000001 0.667653
v 0.331677 -0.065974 0.667652
v 0.312453 -0.129422 0.667653
v 0.304118 -0.125970 0.692802
v 0.273681 -0.182868 0.692802
v 0.281182 -0.187879 0.667653
v 0.239141 -0.239141 0.667653
v 0.232762 -0.232762 0.692802
v 0.182868 -0.273682 0.692802
v 0.187880 -0.281182 0.667653
v 0.129422 -0.312453 0.667653
v 0.125969 -0.304118 0.692802
v 0.064214 -0.322830 0.692802
v 0.065974 -0.331677 0.667653
v 0.000000 -0.338197 0.667653
v 0.000000 -0.329175 0.692802
v -0.064215 -0.322830 0.692802
v -0.065975 -0.331677 0.667653
v -0.129423 -0.312453 0.667653
v -0.125971 -0.304118 0.692802
v -0.182869 -0.273682 0.692802
v -0.187880 -0.281182 0.667653
v -0.239142 -0.239141 0.667653
v -0.232763 -0.232762 0.692802
v -0.273683 -0.182868 0.692802
v -0.281182 -0.187879 0.667653
v -0.312454 -0.129422 0.667653
v -0.304119 -0.125970 0.692802
v -0.322831 -0.064214 0.692802
v -0.331678 -0.065974 0.667653
v -0.338198 0.000001 0.667653
v -0.329176 0.000001 0.692802
v -0.322831 0.064215 0.692802
v -0.331678 0.065975 0.667653
v -0.312454 0.129423 0.667653
v -0.304119 0.125970 0.692802
v -0.273683 0.182869 0.692802
v -0.281182 0.187881 0.667653
v -0.239142 0.239143 0.667653
v -0.232763 0.232763 0.692802
v -0.182869 0.273682 0.692802
v -0.187880 0.281183 0.667653
v -0.129423 0.312455 0.667653
v -0.125971 0.304119 0.692802
v -0.064215 0.322831 0.692802
v -0.065975 0.331678 0.667653
v 0.000000 0.338198 0.667653
v 0.000000 0.329177 0.692802
v 0.064214 0.322831 0.692802
v 0.065974 0.331678 0.667653
v 0.129422 0.312453 0.667653
v 0.125970 0.304119 0.692802
v 0.182869 0.273682 0.692802
v 0.187880 0.281183 0.667653
v 0.239141 0.239141 0.667653
v 0.232762 0.232763 0.692802
v 0.273681 0.182869 0.692802
v 0.281182 0.187881 0.667653
v 0.312453 0.129423 0.667653
v 0.304118 0.125970 0.692802
v 0.322829 0.064215 0.692802
v 0.331677 0.065975 0.667653
v 0.339613 0.000006 0.644419
v 0.333068 -0.066245 0.644419
v 0.331385 0.000050 0.626080
v 0.325005 -0.064598 0.626080
v 0.306178 -0.126770 0.626080
v 0.313765 -0.129958 0.644419
v 0.282364 -0.188662 0.644420
v 0.275546 -0.184054 0.626080
v 0.234358 -0.234290 0.626080
v 0.240147 -0.240138 0.644420
v 0.188672 -0.282357 0.644420
v 0.184136 -0.275491 0.626080
v 0.126860 -0.306140 0.626080
v 0.129970 -0.313759 0.644420
v 0.066257 -0.333065 0.644420
v 0.064693 -0.324986 0.626080
v 0.000048 -0.331384 0.626080
v 0.000005 -0.339614 0.644420
v -0.066246 -0.333067 0.644420
v -0.064599 -0.325006 0.626080
v -0.126771 -0.306178 0.626080
v -0.129959 -0.313764 0.644420
v -0.188663 -0.282363 0.644420
v -0.184055 -0.275545 0.626080
v -0.234291 -0.234358 0.626080
v -0.240139 -0.240147 0.644420
v -0.282357 -0.188672 0.644420
v -0.275492 -0.184135 0.626080
v -0.306141 -0.126860 0.626080
v -0.313760 -0.129970 0.644420
v -0.333066 -0.066257 0.644420
v -0.324987 -0.064693 0.626080
v -0.331385 -0.000048 0.626080
v -0.339614 -0.000006 0.644420
v -0.333068 0.066246 0.644420
v -0.325006 0.064598 0.626080
v -0.306179 0.126771 0.626080
v -0.313765 0.129960 0.644420
v -0.282364 0.188662 0.644420
v -0.275546 0.184056 0.626080
v -0.234359 0.234290 0.626080
v -0.240147 0.240140 0.644420
v -0.188672 0.282358 0.644420
v -0.184136 0.275492 0.626080
v -0.126861 0.306142 0.626080
v -0.129971 0.313761 0.644420
v -0.066257 0.333067 0.644420
v -0.064694 0.324987 0.626080
v -0.000049 0.331386 0.626080
v -0.000006 0.339614 0.644420
v 0.066245 0.333069 0.644420
v 0.064597 0.325006 0.626080
v 0.126770 0.306178 0.626080
v 0.129959 0.313765 0.644420
v 0.188662 0.282364 0.644420
v 0.184055 0.275546 0.626080
v 0.234290 0.234359 0.626080
v 0.240139 0.240148 0.644420
v 0.282357 0.188673 0.644420
v 0.275491 0.184137 0.626080
v 0.306141 0.126861 0.626080
v 0.313760 0.129971 0.644420
v 0.333065 0.066257 0.644419
v 0.324986 0.064695 0.626080
v 0.297829 0.000293 0.606994
v 0.293178 0.000420 0.602726
v 0.287608 -0.056781 0.602726
v 0.292145 -0.057813 0.606994
v 0.300960 0.000438 0.598796
v 0.295244 -0.058281 0.598796
v 0.278218 -0.114767 0.598796
v 0.271021 -0.111806 0.602726
v 0.275269 -0.113704 0.606994
v 0.243986 -0.162521 0.602726
v 0.247781 -0.165211 0.606994
v 0.250466 -0.166829 0.598796
v 0.213121 -0.212501 0.598796
v 0.207605 -0.207011 0.602726
v 0.210803 -0.210390 0.606994
v 0.163219 -0.243519 0.602726
v 0.165697 -0.247457 0.606994
v 0.167558 -0.249979 0.598796
v 0.115577 -0.277883 0.598796
v 0.112581 -0.270700 0.602726
v 0.114244 -0.275046 0.606994
v 0.057604 -0.287444 0.602726
v 0.058385 -0.292030 0.606994
v 0.059140 -0.295073 0.598796
v 0.000438 -0.300960 0.598796
v 0.000419 -0.293178 0.602726
v 0.000292 -0.297829 0.606994
v -0.056781 -0.287607 0.602726
v -0.057814 -0.292144 0.606994
v -0.058282 -0.295243 0.598796
v -0.114768 -0.278218 0.598796
v -0.111807 -0.271022 0.602726
v -0.113705 -0.275270 0.606994
v -0.162522 -0.243986 0.602726
v -0.165212 -0.247782 0.606994
v -0.166831 -0.250466 0.598796
v -0.212502 -0.213120 0.598796
v -0.207012 -0.207604 0.602726
v -0.210391 -0.210803 0.606994
v -0.243520 -0.163219 0.602726
v -0.247458 -0.165697 0.606994
v -0.249980 -0.167558 0.598796
v -0.277884 -0.115577 0.598796
v -0.270701 -0.112582 0.602726
v -0.275047 -0.114243 0.606994
v -0.287445 -0.057603 0.602726
v -0.292031 -0.058385 0.606994
v -0.295074 -0.059139 0.598796
v -0.300961 -0.000437 0.598796
v -0.293179 -0.000419 0.602726
v -0.297830 -0.000291 0.606994
v -0.287608 0.056782 0.602726
v -0.292145 0.057814 0.606994
v -0.295244 0.058282 0.598796
v -0.278219 0.114769 0.598796
v -0.271023 0.111807 0.602726
v -0.275271 0.113705 0.606994
v -0.243987 0.162523 0.602726
v -0.247783 0.165212 0.606994
v -0.250467 0.166830 0.598796
v -0.213121 0.212502 0.598796
v -0.207605 0.207012 0.602726
v -0.210803 0.210391 0.606994
v -0.163219 0.243521 0.602726
v -0.165697 0.247458 0.606994
v -0.167558 0.249981 0.598796
v -0.115577 0.277884 0.598796
v -0.112583 0.270702 0.602726
v -0.114244 0.275047 0.606994
v -0.057604 0.287445 0.602726
v -0.058387 0.292031 0.606994
v -0.059140 0.295074 0.598796
v -0.000438 0.300961 0.598796
v -0.000420 0.293179 0.602726
v -0.000292 0.297830 0.606994
v 0.056781 0.287609 0.602726
v 0.057813 0.292145 0.606994
v 0.058281 0.295245 0.598796
v 0.114768 0.278219 0.598796
v 0.111806 0.271022 0.602726
v 0.113705 0.275270 0.606994
v 0.162521 0.243987 0.602726
v 0.165211 0.247783 0.606994
v 0.166829 0.250467 0.598796
v 0.212502 0.213122 0.598796
v 0.207011 0.207606 0.602726
v 0.210390 0.210804 0.606994
v 0.243520 0.163220 0.602726
v 0.247458 0.165697 0.606994
v 0.249980 0.167558 0.598796
v 0.277883 0.115578 0.598796
v 0.270700 0.112582 0.602726
v 0.275046 0.114245 0.606994
v 0.287444 0.057605 0.602726
v 0.292030 0.058387 0.606994
v 0.295073 0.059141 0.598796
v 0.318521 0.000286 0.593473
v 0.312437 -0.061856 0.593473
v 0.338517 0.000098 0.588270
v 0.332010 -0.065942 0.588270
v 0.312786 -0.129454 0.588270
v 0.294386 -0.121629 0.593473
v 0.264983 -0.176712 0.593473
v 0.281502 -0.187977 0.588270
v 0.239437 -0.239298 0.588270
v 0.225431 -0.225026 0.593473
v 0.177187 -0.264665 0.593473
v 0.188139 -0.281394 0.588270
v 0.129634 -0.312711 0.588270
v 0.122157 -0.294166 0.593473
v 0.062416 -0.312325 0.593473
v 0.066133 -0.331972 0.588270
v 0.000097 -0.338517 0.588270
v 0.000285 -0.318521 0.593473
v -0.061857 -0.312437 0.593473
v -0.065942 -0.332010 0.588270
v -0.129455 -0.312786 0.588270
v -0.121630 -0.294385 0.593473
v -0.176713 -0.264982 0.593473
v -0.187978 -0.281502 0.588270
v -0.239299 -0.239436 0.588270
v -0.225027 -0.225430 0.593473
v -0.264666 -0.177187 0.593473
v -0.281395 -0.188138 0.588270
v -0.312712 -0.129634 0.588270
v -0.294167 -0.122157 0.593473
v -0.312327 -0.062416 0.593473
v -0.331973 -0.066132 0.588270
v -0.338518 -0.000097 0.588270
v -0.318523 -0.000285 0.593473
v -0.312438 0.061857 0.593473
v -0.332011 0.065942 0.588270
v -0.312786 0.129456 0.588270
v -0.294386 0.121630 0.593473
v -0.264983 0.176713 0.593473
v -0.281503 0.187978 0.588270
v -0.239437 0.239300 0.588270
v -0.225431 0.225027 0.593473
v -0.177188 0.264666 0.593473
v -0.188139 0.281395 0.588270
v -0.129635 0.312713 0.588270
v -0.122158 0.294167 0.593473
v -0.062417 0.312326 0.593473
v -0.066133 0.331973 0.588270
v -0.000098 0.338518 0.588270
v -0.000286 0.318522 0.593473
v 0.061856 0.312438 0.593473
v 0.065942 0.332011 0.588270
v 0.129455 0.312787 0.588270
v 0.121629 0.294386 0.593473
v 0.176712 0.264984 0.593473
v 0.187976 0.281503 0.588270
v 0.239299 0.239437 0.588270
v 0.225027 0.225432 0.593473
v 0.264666 0.177188 0.593473
v 0.281394 0.188139 0.588270
v 0.312712 0.129635 0.588270
v 0.294166 0.122158 0.593473
v 0.312325 0.062418 0.593473
v 0.331972 0.066133 0.588270
v 0.370226 0.000025 0.580186
v 0.388690 0.000071 0.572634
v 0.381211 -0.075756 0.572634
v 0.363093 -0.072198 0.580186
v 0.407309 0.000098 0.562586
v 0.399477 -0.079361 0.562586
v 0.376342 -0.155780 0.562586
v 0.359129 -0.148680 0.572634
v 0.342052 -0.141656 0.580186
v 0.323202 -0.215872 0.572634
v 0.307825 -0.205652 0.580186
v 0.338697 -0.226193 0.562586
v 0.288080 -0.287942 0.562586
v 0.274895 -0.274796 0.572634
v 0.261806 -0.261771 0.580186
v 0.215989 -0.323124 0.572634
v 0.205693 -0.307798 0.580186
v 0.226355 -0.338589 0.562586
v 0.155960 -0.376267 0.562586
v 0.148809 -0.359076 0.572634
v 0.141702 -0.342034 0.580186
v 0.075893 -0.381183 0.572634
v 0.072246 -0.363083 0.580186
v 0.079552 -0.399438 0.562586
v 0.000097 -0.407309 0.562586
v 0.000069 -0.388690 0.572634
v 0.000024 -0.370225 0.580186
v -0.075757 -0.381210 0.572634
v -0.072199 -0.363093 0.580186
v -0.079362 -0.399476 0.562586
v -0.155781 -0.376342 0.562586
v -0.148681 -0.359130 0.572634
v -0.141657 -0.342053 0.580186
v -0.215873 -0.323202 0.572634
v -0.205653 -0.307824 0.580186
v -0.226194 -0.338698 0.562586
v -0.287942 -0.288080 0.562586
v -0.274797 -0.274894 0.572634
v -0.261772 -0.261806 0.580186
v -0.323125 -0.215989 0.572634
v -0.307799 -0.205693 0.580186
v -0.338590 -0.226354 0.562586
v -0.376268 -0.155960 0.562586
v -0.359077 -0.148810 0.572634
v -0.342035 -0.141701 0.580186
v -0.381184 -0.075893 0.572634
v -0.363084 -0.072246 0.580186
v -0.399438 -0.079552 0.562586
v -0.407310 -0.000097 0.562586
v -0.388691 -0.000069 0.572634
v -0.370226 -0.000024 0.580186
v -0.381211 0.075757 0.572634
v -0.363094 0.072199 0.580186
v -0.399477 0.079362 0.562586
v -0.376343 0.155782 0.562586
v -0.359130 0.148682 0.572634
v -0.342054 0.141658 0.580186
v -0.323203 0.215874 0.572634
v -0.307825 0.205654 0.580186
v -0.338698 0.226194 0.562586
v -0.288080 0.287943 0.562586
v -0.274895 0.274797 0.572634
v -0.261806 0.261773 0.580186
v -0.215989 0.323125 0.572634
v -0.205694 0.307798 0.580186
v -0.226355 0.338591 0.562586
v -0.155961 0.376269 0.562586
v -0.148811 0.359077 0.572634
v -0.141702 0.342035 0.580186
v -0.075894 0.381185 0.572634
v -0.072247 0.363084 0.580186
v -0.079553 0.399439 0.562586
v -0.000098 0.407310 0.562586
v -0.000071 0.388691 0.572634
v -0.000025 0.370226 0.580186
v 0.075756 0.381212 0.572634
v 0.072199 0.363094 0.580186
v 0.079361 0.399477 0.562586
v 0.155781 0.376343 0.562586
v 0.148680 0.359130 0.572634
v 0.141657 0.342054 0.580186
v 0.215873 0.323203 0.572634
v 0.205653 0.307825 0.580186
v 0.226194 0.338699 0.562586
v 0.287942 0.288081 0.562586
v 0.274796 0.274896 0.572634
v 0.261772 0.261806 0.580186
v 0.323125 0.215990 0.572634
v 0.307797 0.205694 0.580186
v 0.338589 0.226356 0.562586
v 0.376268 0.155961 0.562586
v 0.359076 0.148811 0.572634
v 0.342034 0.141702 0.580186
v 0.381184 0.075895 0.572634
v 0.363083 0.072247 0.580186
v 0.399438 0.079553 0.562586
v 0.422804 0.000071 0.551176
v 0.414667 -0.082410 0.551176
v 0.436620 0.000025 0.538418
v 0.428207 -0.085150 0.538418
v 0.403394 -0.167064 0.538418
v 0.390647 -0.161735 0.551176
v 0.351565 -0.234824 0.551175
v 0.363026 -0.242537 0.538418
v 0.308754 -0.308719 0.538418
v 0.299017 -0.298918 0.551176
v 0.234940 -0.351487 0.551175
v 0.242577 -0.362998 0.538418
v 0.167109 -0.403374 0.538418
v 0.161864 -0.390593 0.551176
v 0.082548 -0.414639 0.551175
v 0.085198 -0.428197 0.538418
v 0.000024 -0.436619 0.538418
v 0.000069 -0.422804 0.551176
v -0.082411 -0.414666 0.551175
v -0.085151 -0.428207 0.538418
v -0.167065 -0.403393 0.538418
v -0.161736 -0.390646 0.551176
v -0.234824 -0.351565 0.551175
v -0.242538 -0.363025 0.538418
v -0.308720 -0.308754 0.538418
v -0.298919 -0.299017 0.551176
v -0.351488 -0.234940 0.551175
v -0.362999 -0.242577 0.538418
v -0.403375 -0.167109 0.538418
v -0.390594 -0.161864 0.551176
v -0.414640 -0.082548 0.551175
v -0.428199 -0.085198 0.538418
v -0.436620 -0.000024 0.538418
v -0.422805 -0.000069 0.551176
v -0.414667 0.082412 0.551175
v -0.428208 0.085151 0.538418
v -0.403394 0.167066 0.538418
v -0.390647 0.161736 0.551176
v -0.351566 0.234825 0.551175
v -0.363027 0.242538 0.538418
v -0.308755 0.308720 0.538418
v -0.299018 0.298919 0.551176
v -0.234941 0.351488 0.551175
v -0.242578 0.363000 0.538418
v -0.167110 0.403376 0.538418
v -0.161865 0.390594 0.551176
v -0.082548 0.414641 0.551175
v -0.085199 0.428199 0.538418
v -0.000025 0.436621 0.538418
v -0.000071 0.422805 0.551176
v 0.082411 0.414668 0.551175
v 0.085151 0.428208 0.538418
v 0.167065 0.403394 0.538418
v 0.161735 0.390647 0.551176
v 0.234824 0.351566 0.551175
v 0.242537 0.363027 0.538418
v 0.308720 0.308754 0.538418
v 0.298918 0.299018 0.551176
v 0.351487 0.234941 0.551175
v 0.362999 0.242579 0.538418
v 0.403375 0.167110 0.538418
v 0.390593 0.161866 0.551176
v 0.414640 0.082549 0.551176
v 0.428198 0.085199 0.538418
v 0.450829 0.000004 0.524047
v 0.442138 -0.087943 0.524047
v 0.465288 0.000001 0.507799
v 0.456318 -0.090767 0.507799
v 0.429870 -0.178057 0.507799
v 0.416513 -0.172522 0.524047
v 0.374828 -0.250448 0.524047
v 0.386848 -0.258483 0.507799
v 0.329008 -0.329008 0.507799
v 0.318786 -0.318781 0.524047
v 0.250454 -0.374824 0.524047
v 0.258484 -0.386848 0.507799
v 0.178058 -0.429870 0.507799
v 0.172527 -0.416510 0.524047
v 0.087949 -0.442137 0.524047
v 0.090767 -0.456318 0.507799
v 0.000000 -0.465288 0.507799
v 0.000003 -0.450829 0.524047
v -0.087944 -0.442138 0.524047
v -0.090767 -0.456318 0.507799
v -0.178059 -0.429870 0.507799
v -0.172523 -0.416512 0.524047
v -0.250449 -0.374828 0.524047
v -0.258484 -0.386848 0.507799
v -0.329009 -0.329008 0.507799
v -0.318783 -0.318785 0.524047
v -0.374825 -0.250453 0.524047
v -0.386849 -0.258483 0.507799
v -0.429871 -0.178057 0.507799
v -0.416511 -0.172527 0.524047
v -0.442138 -0.087949 0.524047
v -0.456319 -0.090766 0.507799
v -0.465289 0.000001 0.507799
v -0.450830 -0.000002 0.524047
v -0.442138 0.087944 0.524047
v -0.456319 0.090768 0.507799
v -0.429871 0.178059 0.507799
v -0.416513 0.172522 0.524047
v -0.374828 0.250450 0.524047
v -0.386848 0.258485 0.507799
v -0.329009 0.329010 0.507799
v -0.318787 0.318783 0.524047
v -0.250454 0.374826 0.524047
v -0.258484 0.386849 0.507799
v -0.178059 0.429871 0.507799
v -0.172528 0.416511 0.524047
v -0.087950 0.442138 0.524047
v -0.090767 0.456319 0.507799
v 0.000000 0.465289 0.507799
v -0.000003 0.450830 0.524047
v 0.087944 0.442139 0.524047
v 0.090767 0.456319 0.507799
v 0.178058 0.429871 0.507799
v 0.172522 0.416514 0.524047
v 0.250449 0.374829 0.524047
v 0.258484 0.386849 0.507799
v 0.329008 0.329009 0.507799
v 0.318782 0.318787 0.524047
v 0.374825 0.250454 0.524047
v 0.386848 0.258484 0.507799
v 0.429870 0.178059 0.507799
v 0.416510 0.172528 0.524047
v 0.442138 0.087951 0.524047
v 0.456318 0.090768 0.507799
v 0.479067 0.000001 0.489392
v 0.469832 -0.093454 0.489392
v 0.490300 0.000001 0.468479
v 0.480848 -0.095646 0.468478
v 0.452978 -0.187629 0.468478
v 0.442600 -0.183330 0.489392
v 0.398304 -0.266138 0.489392
v 0.407643 -0.272378 0.468479
v 0.346694 -0.346694 0.468479
v 0.338751 -0.338751 0.489392
v 0.266138 -0.398303 0.489392
v 0.272378 -0.407642 0.468479
v 0.187629 -0.452978 0.468479
v 0.183331 -0.442600 0.489392
v 0.093455 -0.469831 0.489392
v 0.095646 -0.480847 0.468479
v 0.000000 -0.490299 0.468479
v 0.000000 -0.479066 0.489392
v -0.093455 -0.469831 0.489392
v -0.095646 -0.480847 0.468479
v -0.187630 -0.452978 0.468479
v -0.183331 -0.442600 0.489392
v -0.266139 -0.398303 0.489392
v -0.272379 -0.407642 0.468479
v -0.346695 -0.346694 0.468479
v -0.338752 -0.338751 0.489392
v -0.398304 -0.266138 0.489392
v -0.407643 -0.272378 0.468479
v -0.452979 -0.187629 0.468479
v -0.442601 -0.183330 0.489392
v -0.469832 -0.093454 0.489392
v -0.480848 -0.095646 0.468479
v -0.490300 0.000001 0.468479
v -0.479067 0.000001 0.489392
v -0.469832 0.093456 0.489392
v -0.480848 0.095647 0.468479
v -0.452979 0.187630 0.468479
v -0.442601 0.183332 0.489392
v -0.398304 0.266139 0.489392
v -0.407643 0.272379 0.468479
v -0.346695 0.346695 0.468479
v -0.338752 0.338752 0.489392
v -0.266139 0.398305 0.489392
v -0.272379 0.407644 0.468479
v -0.187630 0.452979 0.468479
v -0.183331 0.442601 0.489392
v -0.093455 0.469833 0.489392
v -0.095646 0.480849 0.468479
v 0.000000 0.490301 0.468479
v 0.000000 0.479068 0.489392
v 0.093455 0.469832 0.489392
v 0.095646 0.480849 0.468479
v 0.187629 0.452979 0.468479
v 0.183331 0.442601 0.489392
v 0.266138 0.398305 0.489392
v 0.272378 0.407644 0.468479
v 0.346694 0.346695 0.468479
v 0.338752 0.338752 0.489392
v 0.398304 0.266139 0.489392
v 0.407643 0.272379 0.468479
v 0.452978 0.187630 0.468479
v 0.442600 0.183332 0.489392
v 0.469832 0.093456 0.489392
v 0.480848 0.095647 0.468478
v 0.497500 0.000001 0.445074
v 0.487909 -0.097050 0.445074
v 0.501628 0.000001 0.420694
v 0.491957 -0.097856 0.420694
v 0.463444 -0.191964 0.420694
v 0.459629 -0.190384 0.445074
v 0.413630 -0.276377 0.445074
v 0.417062 -0.278671 0.420694
v 0.354705 -0.354704 0.420694
v 0.351785 -0.351785 0.445074
v 0.276378 -0.413629 0.445074
v 0.278671 -0.417061 0.420694
v 0.191965 -0.463443 0.420694
v 0.190385 -0.459630 0.445074
v 0.097051 -0.487909 0.445074
v 0.097856 -0.491957 0.420694
v 0.000000 -0.501627 0.420694
v 0.000000 -0.497499 0.445074
v -0.097051 -0.487909 0.445074
v -0.097857 -0.491957 0.420694
v -0.191965 -0.463443 0.420694
v -0.190385 -0.459630 0.445074
v -0.276379 -0.413629 0.445074
v -0.278672 -0.417061 0.420694
v -0.354705 -0.354704 0.420694
v -0.351786 -0.351785 0.445074
v -0.413630 -0.276377 0.445074
v -0.417062 -0.278671 0.420694
v -0.463444 -0.191964 0.420694
v -0.459631 -0.190384 0.445074
v -0.487910 -0.097050 0.445074
v -0.491958 -0.097856 0.420694
v -0.501628 0.000001 0.420694
v -0.497500 0.000001 0.445074
v -0.487910 0.097052 0.445074
v -0.491958 0.097857 0.420694
v -0.463444 0.191965 0.420694
v -0.459631 0.190386 0.445074
v -0.413630 0.276379 0.445074
v -0.417062 0.278672 0.420694
v -0.354705 0.354706 0.420694
v -0.351786 0.351786 0.445074
v -0.276379 0.413630 0.445074
v -0.278672 0.417062 0.420694
v -0.191965 0.463445 0.420694
v -0.190385 0.459631 0.445074
v -0.097051 0.487910 0.445074
v -0.097857 0.491959 0.420694
v 0.000000 0.501629 0.420694
v 0.000000 0.497501 0.445074
v 0.097051 0.487910 0.445074
v 0.097857 0.491959 0.420694
v 0.191965 0.463444 0.420694
v 0.190385 0.459631 0.445074
v 0.276378 0.413630 0.445074
v 0.278672 0.417062 0.420694
v 0.354705 0.354705 0.420694
v 0.351785 0.351786 0.445074
v 0.413630 0.276379 0.445074
v 0.417062 0.278672 0.420694
v 0.463444 0.191965 0.420694
v 0.459629 0.190386 0.445074
v 0.487909 0.097052 0.445074
v 0.491957 0.097857 0.420694
v 0.503862 0.000001 0.396773
v 0.494148 -0.098292 0.396773
v 0.503796 0.000001 0.372921
v 0.494084 -0.098278 0.372921
v 0.465446 -0.192794 0.372921
v 0.465507 -0.192819 0.396773
v 0.418918 -0.279912 0.396773
v 0.418864 -0.279875 0.372921
v 0.356237 -0.356237 0.372921
v 0.356284 -0.356283 0.396773
v 0.279913 -0.418918 0.396773
v 0.279876 -0.418863 0.372921
v 0.192794 -0.465446 0.372921
v 0.192819 -0.465507 0.396773
v 0.098292 -0.494148 0.396773
v 0.098279 -0.494083 0.372921
v 0.000000 -0.503795 0.372921
v 0.000000 -0.503861 0.396773
v -0.098292 -0.494148 0.396773
v -0.098279 -0.494083 0.372921
v -0.192795 -0.465446 0.372921
v -0.192820 -0.465507 0.396773
v -0.279913 -0.418918 0.396773
v -0.279876 -0.418863 0.372921
v -0.356238 -0.356237 0.372921
v -0.356284 -0.356283 0.396773
v -0.418919 -0.279912 0.396773
v -0.418864 -0.279875 0.372921
v -0.465447 -0.192794 0.372921
v -0.465508 -0.192819 0.396773
v -0.494149 -0.098291 0.396773
v -0.494084 -0.098278 0.372921
v -0.503796 0.000001 0.372921
v -0.503862 0.000001 0.396773
v -0.494149 0.098293 0.396773
v -0.494084 0.098280 0.372921
v -0.465447 0.192795 0.372921
v -0.465508 0.192820 0.396773
v -0.418919 0.279913 0.396773
v -0.418864 0.279877 0.372921
v -0.356238 0.356239 0.372921
v -0.356284 0.356285 0.396773
v -0.279913 0.418919 0.396773
v -0.279876 0.418865 0.372921
v -0.192795 0.465447 0.372921
v -0.192819 0.465508 0.396773
v -0.098292 0.494149 0.396773
v -0.098279 0.494084 0.372921
v 0.000000 0.503797 0.372921
v 0.000000 0.503862 0.396773
v 0.098292 0.494149 0.396773
v 0.098279 0.494085 0.372921
v 0.192794 0.465447 0.372921
v 0.192819 0.465508 0.396773
v 0.279913 0.418919 0.396773
v 0.279876 0.418865 0.372921
v 0.356237 0.356239 0.372921
v 0.356284 0.356285 0.396773
v 0.418918 0.279913 0.396773
v 0.418864 0.279877 0.372921
v 0.465446 0.192795 0.372921
v 0.465507 0.192820 0.396773
v 0.494148 0.098293 0.396773
v 0.494084 0.098280 0.372921
v 0.492476 0.000001 0.329906
v 0.480516 0.000001 0.318073
v 0.471252 -0.093738 0.318073
v 0.482982 -0.096070 0.329906
v 0.474953 0.000001 0.309912
v 0.465797 -0.092652 0.309912
v 0.438799 -0.181756 0.309912
v 0.443938 -0.183885 0.318073
v 0.454988 -0.188461 0.329906
v 0.399509 -0.266942 0.318073
v 0.409452 -0.273586 0.329906
v 0.394884 -0.263852 0.309912
v 0.335842 -0.335842 0.309912
v 0.339776 -0.339775 0.318073
v 0.348233 -0.348232 0.329906
v 0.266943 -0.399508 0.318073
v 0.273587 -0.409452 0.329906
v 0.263853 -0.394883 0.309912
v 0.181757 -0.438799 0.309912
v 0.183886 -0.443938 0.318073
v 0.188462 -0.454988 0.329906
v 0.093737 -0.471252 0.318073
v 0.096071 -0.482982 0.329906
v 0.092653 -0.465797 0.309912
v 0.000000 -0.474953 0.309912
v 0.000000 -0.480515 0.318073
v 0.000000 -0.492475 0.329906
v -0.093739 -0.471252 0.318073
v -0.096071 -0.482982 0.329906
v -0.092653 -0.465797 0.309912
v -0.181757 -0.438799 0.309912
v -0.183886 -0.443938 0.318073
v -0.188463 -0.454988 0.329906
v -0.266943 -0.399508 0.318073
v -0.273587 -0.409452 0.329906
v -0.263853 -0.394883 0.309912
v -0.335843 -0.335842 0.309912
v -0.339776 -0.339775 0.318073
v -0.348233 -0.348232 0.329906
v -0.399509 -0.266942 0.318073
v -0.409453 -0.273586 0.329906
v -0.394884 -0.263852 0.309912
v -0.438800 -0.181756 0.309912
v -0.443939 -0.183885 0.318073
v -0.454989 -0.188461 0.329906
v -0.471253 -0.093738 0.318073
v -0.482983 -0.096070 0.329906
v -0.465798 -0.092652 0.309912
v -0.474954 0.000001 0.309912
v -0.480516 0.000001 0.318073
v -0.492476 0.000001 0.329906
v -0.471253 0.093739 0.318073
v -0.482983 0.096072 0.329906
v -0.465798 0.092654 0.309912
v -0.438800 0.181758 0.309912
v -0.443939 0.183886 0.318073
v -0.454989 0.188463 0.329906
v -0.399509 0.266944 0.318073
v -0.409453 0.273588 0.329906
v -0.394884 0.263853 0.309912
v -0.335843 0.335843 0.309912
v -0.339776 0.339777 0.318073
v -0.348233 0.348234 0.329906
v -0.266943 0.399510 0.318073
v -0.273587 0.409452 0.329906
v -0.263853 0.394885 0.309912
v -0.181757 0.438800 0.309912
v -0.183886 0.443939 0.318073
v -0.188463 0.454989 0.329906
v -0.093739 0.471254 0.318073
v -0.096071 0.482982 0.329906
v -0.092653 0.465798 0.309912
v 0.000000 0.474953 0.309912
v 0.000000 0.480517 0.318073
v 0.000000 0.492477 0.329906
v 0.093737 0.471254 0.318073
v 0.096071 0.482982 0.329906
v 0.092653 0.465798 0.309912
v 0.181757 0.438800 0.309912
v 0.183886 0.443939 0.318073
v 0.188462 0.454989 0.329906
v 0.266943 0.399510 0.318073
v 0.273587 0.409452 0.329906
v 0.263853 0.394884 0.309912
v 0.335842 0.335843 0.309912
v 0.339776 0.339777 0.318073
v 0.348233 0.348234 0.329906
v 0.399509 0.266944 0.318073
v 0.409452 0.273588 0.329906
v 0.394884 0.263853 0.309912
v 0.438799 0.181758 0.309912
v 0.443938 0.183886 0.318073
v 0.454988 0.188463 0.329906
v 0.471252 0.093739 0.318073
v 0.482982 0.096072 0.329906
v 0.465797 0.092654 0.309912
v 0.525315 0.000001 0.247496
v 0.535962 0.000001 0.219630
v 0.525629 -0.104554 0.219630
v 0.515188 -0.102477 0.247496
v 0.545945 0.000001 0.181070
v 0.535421 -0.106502 0.181070
v 0.504388 -0.208924 0.181070
v 0.495164 -0.205103 0.219630
v 0.485328 -0.201029 0.247496
v 0.445607 -0.297745 0.219630
v 0.436755 -0.291830 0.247496
v 0.453908 -0.303291 0.181070
v 0.386042 -0.386042 0.181069
v 0.378981 -0.378982 0.219630
v 0.371453 -0.371453 0.247496
v 0.297745 -0.445606 0.219630
v 0.291830 -0.436755 0.247496
v 0.303292 -0.453908 0.181070
v 0.208924 -0.504388 0.181069
v 0.205103 -0.495163 0.219630
v 0.201030 -0.485327 0.247496
v 0.104554 -0.525629 0.219630
v 0.102477 -0.515188 0.247496
v 0.106501 -0.535421 0.181070
v 0.000000 -0.545946 0.181069
v 0.000000 -0.535961 0.219630
v 0.000000 -0.525314 0.247496
v -0.104555 -0.525629 0.219630
v -0.102478 -0.515188 0.247496
v -0.106503 -0.535421 0.181070
v -0.208925 -0.504388 0.181069
v -0.205104 -0.495163 0.219630
v -0.201030 -0.485327 0.247496
v -0.297746 -0.445606 0.219630
v -0.291831 -0.436755 0.247496
v -0.303292 -0.453908 0.181070
v -0.386043 -0.386042 0.181069
v -0.378983 -0.378982 0.219630
v -0.371455 -0.371453 0.247496
v -0.445607 -0.297745 0.219630
v -0.436756 -0.291830 0.247496
v -0.453909 -0.303291 0.181070
v -0.504389 -0.208924 0.181069
v -0.495164 -0.205103 0.219630
v -0.485328 -0.201029 0.247496
v -0.525630 -0.104554 0.219630
v -0.515189 -0.102477 0.247496
v -0.535422 -0.106502 0.181070
v -0.545947 0.000001 0.181069
v -0.535962 0.000001 0.219630
v -0.525315 0.000001 0.247496
v -0.525630 0.104555 0.219630
v -0.515189 0.102478 0.247496
v -0.535422 0.106503 0.181070
v -0.504389 0.208925 0.181069
v -0.495164 0.205104 0.219630
v -0.485328 0.201030 0.247496
v -0.445607 0.297746 0.219630
v -0.436756 0.291831 0.247496
v -0.453909 0.303293 0.181070
v -0.386043 0.386043 0.181069
v -0.378983 0.378983 0.219630
v -0.371455 0.371455 0.247496
v -0.297745 0.445608 0.219630
v -0.291831 0.436756 0.247496
v -0.303292 0.453909 0.181070
v -0.208925 0.504389 0.181069
v -0.205104 0.495165 0.219630
v -0.201030 0.485329 0.247496
v -0.104555 0.525631 0.219630
v -0.102478 0.515189 0.247496
v -0.106502 0.535423 0.181070
v 0.000000 0.545947 0.181069
v 0.000000 0.535962 0.219630
v 0.000000 0.525316 0.247496
v 0.104554 0.525630 0.219630
v 0.102477 0.515189 0.247496
v 0.106501 0.535422 0.181070
v 0.208924 0.504389 0.181069
v 0.205104 0.495165 0.219630
v 0.201030 0.485329 0.247496
v 0.297745 0.445607 0.219630
v 0.291830 0.436756 0.247496
v 0.303292 0.453909 0.181070
v 0.386042 0.386042 0.181069
v 0.378982 0.378983 0.219630
v 0.371454 0.371455 0.247496
v 0.445607 0.297746 0.219630
v 0.436756 0.291831 0.247496
v 0.453908 0.303293 0.181070
v 0.504388 0.208925 0.181069
v 0.495164 0.205104 0.219630
v 0.485328 0.201030 0.247496
v 0.525629 0.104554 0.219630
v 0.515188 0.102478 0.247496
v 0.535421 0.106503 0.181070
v 0.547520 0.000000 0.015406
v 0.530146 0.000000 0.000094
v 0.519925 -0.103419 0.000094
v 0.536965 -0.106808 0.015406
v 0.489791 -0.202878 0.000094
v 0.505842 -0.209526 0.015406
v 0.440772 -0.294514 0.000094
v 0.455217 -0.304166 0.015406
v 0.374870 -0.374870 0.000094
v 0.387155 -0.387154 0.015406
v 0.294514 -0.440771 0.000094
v 0.304166 -0.455216 0.015406
v 0.202878 -0.489790 0.000094
v 0.209526 -0.505842 0.015406
v 0.103419 -0.519926 0.000094
v 0.106808 -0.536964 0.015406
v 0.000000 -0.530146 0.000094
v 0.000000 -0.547519 0.015406
v -0.103420 -0.519926 0.000094
v -0.106809 -0.536964 0.015406
v -0.202879 -0.489790 0.000094
v -0.209527 -0.505842 0.015406
v -0.294515 -0.440771 0.000094
v -0.304167 -0.455216 0.015406
v -0.374871 -0.374870 0.000094
v -0.387155 -0.387154 0.015406
v -0.440772 -0.294514 0.000094
v -0.455217 -0.304166 0.015406
v -0.489791 -0.202878 0.000094
v -0.505843 -0.209526 0.015406
v -0.519927 -0.103419 0.000094
v -0.536965 -0.106808 0.015406
v -0.530147 0.000000 0.000094
v -0.547520 0.000000 0.015406
v -0.519927 0.103420 0.000094
v -0.536965 0.106809 0.015406
v -0.489791 0.202879 0.000094
v -0.505843 0.209526 0.015406
v -0.440772 0.294515 0.000094
v -0.455217 0.304166 0.015406
v -0.374871 0.374870 0.000094
v -0.387155 0.387156 0.015406
v -0.294515 0.440773 0.000094
v -0.304167 0.455218 0.015406
v -0.202879 0.489792 0.000094
v -0.209527 0.505843 0.015406
v -0.103420 0.519926 0.000094
v -0.106809 0.536966 0.015406
v 0.000000 0.530146 0.000094
v 0.000000 0.547521 0.015406
v 0.103420 0.519926 0.000094
v 0.106808 0.536966 0.015406
v 0.202878 0.489792 0.000094
v 0.209526 0.505843 0.015406
v 0.294514 0.440773 0.000094
v 0.304166 0.455218 0.015406
v 0.374870 0.374870 0.000094
v 0.387155 0.387155 0.015406
v 0.440772 0.294515 0.000094
v 0.455217 0.304166 0.015406
v 0.489791 0.202879 0.000094
v 0.505842 0.209526 0.015406
v 0.519925 0.103420 0.000094
v 0.536965 0.106809 0.015406
v 0.557393 0.000000 0.077932
v 0.554172 0.000000 0.040160
v 0.543489 -0.108106 0.040160
v 0.546648 -0.108734 0.077932
v 0.511988 -0.212072 0.040160
v 0.514964 -0.213305 0.077932
v 0.460747 -0.307861 0.040160
v 0.463425 -0.309650 0.077932
v 0.391858 -0.391858 0.040160
v 0.394137 -0.394136 0.077932
v 0.307861 -0.460746 0.040160
v 0.309651 -0.463426 0.077932
v 0.212072 -0.511987 0.040160
v 0.213305 -0.514964 0.077932
v 0.108106 -0.543488 0.040160
v 0.108735 -0.546647 0.077932
v 0.000000 -0.554171 0.040160
v 0.000000 -0.557393 0.077932
v -0.108107 -0.543488 0.040160
v -0.108735 -0.546647 0.077932
v -0.212073 -0.511987 0.040160
v -0.213306 -0.514964 0.077932
v -0.307862 -0.460746 0.040160
v -0.309651 -0.463425 0.077932
v -0.391858 -0.391858 0.040160
v -0.394137 -0.394136 0.077932
v -0.460747 -0.307861 0.040160
v -0.463426 -0.309650 0.077932
v -0.511988 -0.212072 0.040160
v -0.514965 -0.213305 0.077932
v -0.543489 -0.108105 0.040160
v -0.546648 -0.108734 0.077932
v -0.554172 0.000000 0.040160
v -0.557394 0.000000 0.077932
v -0.543489 0.108107 0.040160
v -0.546648 0.108736 0.077932
v -0.511988 0.212072 0.040160
v -0.514964 0.213306 0.077932
v -0.460747 0.307862 0.040160
v -0.463426 0.309652 0.077932
v -0.391858 0.391859 0.040160
v -0.394137 0.394138 0.077932
v -0.307862 0.460748 0.040160
v -0.309651 0.463427 0.077932
v -0.212072 0.511989 0.040160
v -0.213305 0.514965 0.077932
v -0.108107 0.543489 0.040160
v -0.108735 0.546649 0.077932
v 0.000000 0.554172 0.040160
v 0.000000 0.557394 0.077932
v 0.108106 0.543489 0.040160
v 0.108735 0.546649 0.077932
v 0.212072 0.511989 0.040160
v 0.213305 0.514965 0.077932
v 0.307861 0.460748 0.040160
v 0.309651 0.463427 0.077932
v 0.391858 0.391859 0.040160
v 0.394137 0.394136 0.077932
v 0.460747 0.307862 0.040160
v 0.463425 0.309652 0.077932
v 0.511988 0.212072 0.040160
v 0.514964 0.213306 0.077932
v 0.543489 0.108107 0.040160
v 0.546648 0.108736 0.077932
v 0.500706 0.000001 0.287514
v 0.514274 0.000001 0.269859
v 0.504361 -0.100323 0.269859
v 0.491053 -0.097676 0.287514
v 0.475128 -0.196804 0.269859
v 0.462592 -0.191611 0.287514
v 0.427576 -0.285697 0.269859
v 0.416295 -0.278159 0.287514
v 0.363647 -0.363646 0.269859
v 0.354053 -0.354052 0.287514
v 0.285698 -0.427576 0.269859
v 0.278159 -0.416294 0.287514
v 0.196804 -0.475127 0.269859
v 0.191612 -0.462592 0.287514
v 0.100323 -0.504360 0.269859
v 0.097676 -0.491053 0.287514
v 0.000000 -0.514274 0.269859
v 0.000000 -0.500706 0.287514
v -0.100324 -0.504360 0.269859
v -0.097677 -0.491053 0.287514
v -0.196805 -0.475127 0.269859
v -0.191612 -0.462592 0.287514
v -0.285698 -0.427576 0.269859
v -0.278160 -0.416294 0.287514
v -0.363647 -0.363646 0.269859
v -0.354053 -0.354052 0.287514
v -0.427577 -0.285697 0.269859
v -0.416295 -0.278159 0.287514
v -0.475128 -0.196804 0.269859
v -0.462592 -0.191611 0.287514
v -0.504361 -0.100323 0.269859
v -0.491054 -0.097676 0.287514
v -0.514275 0.000001 0.269859
v -0.500706 0.000001 0.287514
v -0.504361 0.100324 0.269859
v -0.491054 0.097677 0.287514
v -0.475128 0.196804 0.269859
v -0.462592 0.191613 0.287514
v -0.427577 0.285698 0.269859
v -0.416295 0.278160 0.287514
v -0.363647 0.363648 0.269859
v -0.354053 0.354053 0.287514
v -0.285698 0.427577 0.269859
v -0.278160 0.416296 0.287514
v -0.196805 0.475129 0.269859
v -0.191612 0.462593 0.287514
v -0.100324 0.504362 0.269859
v -0.097677 0.491055 0.287514
v 0.000000 0.514275 0.269859
v 0.000000 0.500707 0.287514
v 0.100323 0.504362 0.269859
v 0.097676 0.491055 0.287514
v 0.196805 0.475129 0.269859
v 0.191612 0.462593 0.287514
v 0.285698 0.427577 0.269859
v 0.278159 0.416296 0.287514
v 0.363647 0.363648 0.269859
v 0.354053 0.354053 0.287514
v 0.427576 0.285698 0.269859
v 0.416295 0.278160 0.287514
v 0.475128 0.196804 0.269859
v 0.462592 0.191613 0.287514
v 0.504361 0.100324 0.269859
v 0.491053 0.097677 0.287514
v 0.484363 0.000001 0.300461
v 0.475026 -0.094488 0.300461
v 0.447493 -0.185357 0.300461
v 0.402707 -0.269080 0.300461
v 0.342496 -0.342496 0.300461
v 0.269081 -0.402707 0.300461
v 0.185357 -0.447493 0.300461
v 0.094489 -0.475026 0.300461
v 0.000000 -0.484363 0.300461
v -0.094489 -0.475026 0.300461
v -0.185359 -0.447493 0.300461
v -0.269081 -0.402707 0.300461
v -0.342497 -0.342496 0.300461
v -0.402708 -0.269080 0.300461
v -0.447494 -0.185357 0.300461
v -0.475027 -0.094488 0.300461
v -0.484364 0.000001 0.300461
v -0.475027 0.094489 0.300461
v -0.447494 0.185358 0.300461
v -0.402708 0.269082 0.300461
v -0.342497 0.342498 0.300461
v -0.269081 0.402708 0.300461
v -0.185358 0.447495 0.300461
v -0.094489 0.475026 0.300461
v 0.000000 0.484364 0.300461
v 0.094489 0.475026 0.300461
v 0.185357 0.447495 0.300461
v 0.269081 0.402708 0.300461
v 0.342496 0.342498 0.300461
v 0.402708 0.269082 0.300461
v 0.447493 0.185358 0.300461
v 0.475026 0.094489 0.300461
v 0.500493 0.000001 0.349277
v 0.490846 -0.097634 0.349277
v 0.462396 -0.191530 0.349277
v 0.416118 -0.278041 0.349277
v 0.353902 -0.353902 0.349277
v 0.278041 -0.416118 0.349277
v 0.191530 -0.462396 0.349277
v 0.097635 -0.490845 0.349277
v 0.000000 -0.500494 0.349277
v -0.097635 -0.490845 0.349277
v -0.191531 -0.462396 0.349277
v -0.278042 -0.416118 0.349277
v -0.353903 -0.353902 0.349277
v -0.416119 -0.278041 0.349277
v -0.462397 -0.191530 0.349277
v -0.490846 -0.097634 0.349277
v -0.500495 0.000001 0.349277
v -0.490846 0.097636 0.349277
v -0.462396 0.191531 0.349277
v -0.416119 0.278043 0.349277
v -0.353903 0.353903 0.349277
v -0.278042 0.416119 0.349277
v -0.191531 0.462397 0.349277
v -0.097635 0.490846 0.349277
v 0.000000 0.500494 0.349277
v 0.097635 0.490846 0.349277
v 0.191530 0.462397 0.349277
v 0.278041 0.416119 0.349277
v 0.353902 0.353903 0.349277
v 0.416118 0.278043 0.349277
v 0.462396 0.191531 0.349277
v 0.490846 0.097636 0.349277
v 0.354739 0.000016 0.584594
v 0.347903 -0.069186 0.584594
v 0.327742 -0.135738 0.584594
v 0.294944 -0.197057 0.584594
v 0.250849 -0.250827 0.584594
v 0.197082 -0.294927 0.584594
v 0.135766 -0.327730 0.584594
v 0.069217 -0.347897 0.584594
v 0.000015 -0.354738 0.584594
v -0.069187 -0.347903 0.584594
v -0.135739 -0.327742 0.584594
v -0.197058 -0.294944 0.584594
v -0.250828 -0.250849 0.584594
v -0.294928 -0.197082 0.584594
v -0.327731 -0.135766 0.584594
v -0.347898 -0.069216 0.584594
v -0.354739 -0.000014 0.584594
v -0.347904 0.069187 0.584594
v -0.327743 0.135739 0.584594
v -0.294945 0.197058 0.584594
v -0.250850 0.250828 0.584594
v -0.197083 0.294928 0.584594
v -0.135767 0.327731 0.584594
v -0.069217 0.347898 0.584594
v -0.000015 0.354740 0.584594
v 0.069186 0.347904 0.584594
v 0.135738 0.327742 0.584594
v 0.197057 0.294945 0.584594
v 0.250828 0.250850 0.584594
v 0.294927 0.197083 0.584594
v 0.327730 0.135767 0.584594
v 0.347897 0.069218 0.584594
v 0.247647 0.000001 0.772969
v 0.242873 -0.048310 0.772969
v 0.228797 -0.094770 0.772969
v 0.205898 -0.137576 0.772969
v 0.175113 -0.175113 0.772969
v 0.137577 -0.205898 0.772969
v 0.094770 -0.228796 0.772969
v 0.048310 -0.242873 0.772969
v 0.000000 -0.247647 0.772969
v -0.048310 -0.242873 0.772969
v -0.094771 -0.228796 0.772969
v -0.137577 -0.205898 0.772969
v -0.175114 -0.175113 0.772969
v -0.205898 -0.137576 0.772969
v -0.228797 -0.094770 0.772969
v -0.242874 -0.048310 0.772969
v -0.247648 0.000001 0.772969
v -0.242874 0.048311 0.772969
v -0.228797 0.094771 0.772969
v -0.205898 0.137578 0.772969
v -0.175114 0.175114 0.772969
v -0.137577 0.205899 0.772969
v -0.094771 0.228798 0.772969
v -0.048310 0.242875 0.772969
v 0.000000 0.247648 0.772969
v 0.048310 0.242875 0.772969
v 0.094770 0.228797 0.772969
v 0.137577 0.205898 0.772969
v 0.175113 0.175114 0.772969
v 0.205898 0.137578 0.772969
v 0.228797 0.094771 0.772969
v 0.242873 0.048311 0.772969
v 0.314023 0.000153 0.614062
v 0.307999 -0.061110 0.614062
v 0.290178 -0.120030 0.614062
v 0.261168 -0.174324 0.614062
v 0.222155 -0.221940 0.614062
v 0.174577 -0.260999 0.614062
v 0.120312 -0.290061 0.614062
v 0.061408 -0.307939 0.614062
v 0.000152 -0.314022 0.614062
v -0.061110 -0.307998 0.614062
v -0.120031 -0.290177 0.614062
v -0.174325 -0.261168 0.614062
v -0.221941 -0.222154 0.614062
v -0.260999 -0.174577 0.614062
v -0.290062 -0.120311 0.614062
v -0.307940 -0.061407 0.614062
v -0.314023 -0.000151 0.614062
v -0.307999 0.061110 0.614062
v -0.290178 0.120032 0.614062
v -0.261169 0.174325 0.614062
v -0.222155 0.221941 0.614062
v -0.174577 0.261000 0.614062
v -0.120312 0.290062 0.614062
v -0.061408 0.307941 0.614062
v -0.000152 0.314024 0.614062
v 0.061110 0.308000 0.614062
v 0.120031 0.290178 0.614062
v 0.174324 0.261169 0.614062
v 0.221940 0.222156 0.614062
v 0.260999 0.174578 0.614062
v 0.290062 0.120313 0.614062
v 0.307940 0.061409 0.614062
v 0.554017 0.000000 0.129426
v 0.543337 -0.108076 0.129426
v 0.511845 -0.212013 0.129426
v 0.460619 -0.307775 0.129426
v 0.391750 -0.391750 0.129426
v 0.307776 -0.460619 0.129426
v 0.212013 -0.511845 0.129426
v 0.108076 -0.543337 0.129426
v 0.000000 -0.554018 0.129426
v -0.108077 -0.543337 0.129426
v -0.212014 -0.511845 0.129426
v -0.307776 -0.460618 0.129426
v -0.391750 -0.391749 0.129426
v -0.460620 -0.307775 0.129426
v -0.511847 -0.212013 0.129426
v -0.543338 -0.108076 0.129426
v -0.554019 0.000000 0.129426
v -0.543338 0.108078 0.129426
v -0.511846 0.212014 0.129426
v -0.460619 0.307777 0.129426
v -0.391750 0.391750 0.129426
v -0.307776 0.460620 0.129426
v -0.212014 0.511847 0.129426
v -0.108077 0.543338 0.129426
v 0.000000 0.554018 0.129426
v 0.108076 0.543338 0.129426
v 0.212013 0.511847 0.129426
v 0.307776 0.460620 0.129426
v 0.391750 0.391750 0.129426
v 0.460619 0.307777 0.129426
v 0.511845 0.212014 0.129426
v 0.543337 0.108077 0.129426
v 0.076545 0.000001 3.408956
v 0.094841 0.000001 3.399757
v 0.093013 -0.018501 3.399757
v 0.075069 -0.014931 3.408955
v 0.087622 -0.036294 3.399757
v 0.070718 -0.029291 3.408955
v 0.078852 -0.052687 3.399757
v 0.063641 -0.042522 3.408956
v 0.067063 -0.067062 3.399757
v 0.054126 -0.054125 3.408955
v 0.052688 -0.078852 3.399757
v 0.042523 -0.063640 3.408956
v 0.036294 -0.087622 3.399757
v 0.029292 -0.070718 3.408955
v 0.018501 -0.093013 3.399757
v 0.014932 -0.075069 3.408956
v 0.000000 -0.094841 3.399757
v 0.000000 -0.076544 3.408955
v -0.018502 -0.093013 3.399757
v -0.014932 -0.075069 3.408956
v -0.036295 -0.087622 3.399757
v -0.029293 -0.070718 3.408955
v -0.052688 -0.078852 3.399757
v -0.042523 -0.063640 3.408956
v -0.067063 -0.067062 3.399757
v -0.054126 -0.054125 3.408955
v -0.078853 -0.052687 3.399757
v -0.063641 -0.042522 3.408956
v -0.087623 -0.036294 3.399757
v -0.070719 -0.029291 3.408955
v -0.093014 -0.018501 3.399757
v -0.075070 -0.014931 3.408956
v -0.094842 0.000001 3.399757
v -0.076545 0.000001 3.408955
v -0.093014 0.018502 3.399757
v -0.075070 0.014933 3.408956
v -0.087623 0.036296 3.399757
v -0.070719 0.029293 3.408955
v -0.078853 0.052688 3.399757
v -0.063641 0.042524 3.408956
v -0.067063 0.067064 3.399757
v -0.054126 0.054126 3.408955
v -0.052688 0.078854 3.399757
v -0.042523 0.063643 3.408956
v -0.036295 0.087622 3.399757
v -0.029293 0.070719 3.408955
v -0.018502 0.093015 3.399757
v -0.014932 0.075070 3.408956
v 0.000000 0.094843 3.399757
v 0.000000 0.076546 3.408955
v 0.018501 0.093015 3.399757
v 0.014932 0.075070 3.408956
v 0.036294 0.087622 3.399757
v 0.029292 0.070719 3.408955
v 0.052688 0.078854 3.399757
v 0.042523 0.063643 3.408956
v 0.067063 0.067064 3.399757
v 0.054126 0.054126 3.408955
v 0.078852 0.052688 3.399757
v 0.063641 0.042524 3.408956
v 0.087622 0.036296 3.399757
v 0.070718 0.029293 3.408955
v 0.093013 0.018502 3.399757
v 0.075069 0.014933 3.408956
v 0.082225 0.000001 3.458326
v 0.080640 -0.016040 3.458326
v 0.084586 0.000001 3.431698
v 0.082955 -0.016500 3.431698
v 0.078147 -0.032369 3.431698
v 0.075966 -0.031465 3.458326
v 0.068363 -0.045678 3.458327
v 0.070326 -0.046990 3.431698
v 0.059811 -0.059811 3.431698
v 0.058141 -0.058142 3.458326
v 0.045679 -0.068363 3.458327
v 0.046990 -0.070325 3.431698
v 0.032370 -0.078146 3.431698
v 0.031466 -0.075966 3.458326
v 0.016040 -0.080640 3.458327
v 0.016500 -0.082955 3.431698
v 0.000000 -0.084586 3.431698
v 0.000000 -0.082225 3.458326
v -0.016041 -0.080640 3.458327
v -0.016501 -0.082955 3.431698
v -0.032370 -0.078146 3.431698
v -0.031467 -0.075966 3.458326
v -0.045679 -0.068363 3.458327
v -0.046991 -0.070325 3.431698
v -0.059812 -0.059811 3.431698
v -0.058142 -0.058142 3.458326
v -0.068364 -0.045678 3.458327
v -0.070327 -0.046990 3.431698
v -0.078148 -0.032369 3.431698
v -0.075967 -0.031465 3.458326
v -0.080640 -0.016040 3.458327
v -0.082956 -0.016500 3.431698
v -0.084587 0.000001 3.431698
v -0.082226 0.000001 3.458326
v -0.080640 0.016041 3.458327
v -0.082956 0.016502 3.431698
v -0.078148 0.032370 3.431698
v -0.075967 0.031467 3.458326
v -0.068364 0.045680 3.458327
v -0.070327 0.046991 3.431698
v -0.059812 0.059813 3.431698
v -0.058142 0.058143 3.458326
v -0.045679 0.068364 3.458327
v -0.046991 0.070327 3.431698
v -0.032370 0.078148 3.431698
v -0.031467 0.075967 3.458326
v -0.016041 0.080641 3.458327
v -0.016501 0.082956 3.431698
v 0.000000 0.084587 3.431698
v 0.000000 0.082226 3.458326
v 0.016040 0.080641 3.458327
v 0.016500 0.082956 3.431698
v 0.032370 0.078148 3.431698
v 0.031466 0.075967 3.458326
v 0.045679 0.068364 3.458327
v 0.046990 0.070327 3.431698
v 0.059811 0.059813 3.431698
v 0.058141 0.058143 3.458326
v 0.068363 0.045679 3.458327
v 0.070326 0.046991 3.431698
v 0.078147 0.032370 3.431698
v 0.075966 0.031467 3.458326
v 0.080640 0.016041 3.458326
v 0.082955 0.016502 3.431698
v 0.077468 0.000001 3.417001
v 0.075975 -0.015111 3.417001
v 0.071571 -0.029645 3.417001
v 0.064408 -0.043036 3.417002
v 0.054778 -0.054777 3.417001
v 0.043036 -0.064408 3.417002
v 0.029646 -0.071571 3.417001
v 0.015112 -0.075974 3.417002
v 0.000000 -0.077468 3.417001
v -0.015113 -0.075974 3.417002
v -0.029647 -0.071571 3.417001
v -0.043037 -0.064408 3.417002
v -0.054779 -0.054777 3.417001
v -0.064409 -0.043036 3.417002
v -0.071572 -0.029645 3.417001
v -0.075975 -0.015111 3.417002
v -0.077469 0.000001 3.417001
v -0.075975 0.015113 3.417002
v -0.071572 0.029646 3.417001
v -0.064409 0.043037 3.417002
v -0.054779 0.054779 3.417001
v -0.043037 0.064410 3.417002
v -0.029647 0.071573 3.417001
v -0.015113 0.075976 3.417002
v 0.000000 0.077470 3.417001
v 0.015112 0.075976 3.417002
v 0.029646 0.071573 3.417001
v 0.043036 0.064410 3.417002
v 0.054778 0.054779 3.417001
v 0.064408 0.043037 3.417002
v 0.071571 0.029646 3.417001
v 0.075975 0.015113 3.417001
v 0.255596 0.000001 2.761797
v 0.198438 0.000001 2.728127
v 0.194613 -0.038710 2.728127
v 0.250669 -0.049861 2.761798
v 0.170868 0.000001 2.707985
v 0.167574 -0.033332 2.707985
v 0.157861 -0.065388 2.707985
v 0.183332 -0.075938 2.728127
v 0.236140 -0.097812 2.761797
v 0.164985 -0.110238 2.728127
v 0.212507 -0.141992 2.761798
v 0.142062 -0.094922 2.707985
v 0.120821 -0.120821 2.707985
v 0.140317 -0.140317 2.728128
v 0.180733 -0.180733 2.761798
v 0.110239 -0.164984 2.728127
v 0.141993 -0.212506 2.761798
v 0.094922 -0.142062 2.707985
v 0.065388 -0.157861 2.707985
v 0.075939 -0.183333 2.728128
v 0.097812 -0.236140 2.761798
v 0.038710 -0.194612 2.728127
v 0.049861 -0.250669 2.761798
v 0.033332 -0.167573 2.707985
v 0.000000 -0.170867 2.707985
v 0.000000 -0.198437 2.728128
v 0.000000 -0.255596 2.761798
v -0.038712 -0.194612 2.728127
v -0.049862 -0.250669 2.761798
v -0.033333 -0.167573 2.707985
v -0.065388 -0.157861 2.707985
v -0.075939 -0.183333 2.728128
v -0.097813 -0.236140 2.761798
v -0.110239 -0.164984 2.728127
v -0.141993 -0.212506 2.761798
v -0.094923 -0.142062 2.707985
v -0.120822 -0.120821 2.707985
v -0.140318 -0.140317 2.728128
v -0.180735 -0.180733 2.761798
v -0.164985 -0.110238 2.728127
v -0.212507 -0.141992 2.761798
v -0.142063 -0.094922 2.707985
v -0.157862 -0.065388 2.707985
v -0.183334 -0.075938 2.728128
v -0.236140 -0.097812 2.761798
v -0.194613 -0.038710 2.728127
v -0.250669 -0.049861 2.761798
v -0.167574 -0.033332 2.707985
v -0.170868 0.000001 2.707985
v -0.198439 0.000001 2.728128
v -0.255597 0.000001 2.761798
v -0.194613 0.038711 2.728127
v -0.250669 0.049862 2.761798
v -0.167574 0.033333 2.707985
v -0.157862 0.065389 2.707985
v -0.183334 0.075940 2.728128
v -0.236140 0.097813 2.761798
v -0.164985 0.110240 2.728127
v -0.212507 0.141993 2.761798
v -0.142063 0.094923 2.707985
v -0.120822 0.120823 2.707985
v -0.140318 0.140318 2.728128
v -0.180734 0.180734 2.761798
v -0.110239 0.164986 2.728127
v -0.141993 0.212507 2.761798
v -0.094923 0.142063 2.707985
v -0.065388 0.157862 2.707985
v -0.075939 0.183334 2.728128
v -0.097813 0.236141 2.761798
v -0.038712 0.194614 2.728127
v -0.049862 0.250669 2.761798
v -0.033333 0.167574 2.707985
v 0.000000 0.170868 2.707985
v 0.000000 0.198439 2.728128
v 0.000000 0.255597 2.761798
v 0.038711 0.194614 2.728127
v 0.049861 0.250669 2.761798
v 0.033332 0.167574 2.707985
v 0.065388 0.157862 2.707985
v 0.075939 0.183334 2.728128
v 0.097812 0.236141 2.761798
v 0.110239 0.164986 2.728127
v 0.141993 0.212507 2.761798
v 0.094923 0.142062 2.707985
v 0.120821 0.120823 2.707985
v 0.140317 0.140318 2.728128
v 0.180733 0.180734 2.761798
v 0.164985 0.110240 2.728127
v 0.212507 0.141993 2.761798
v 0.142062 0.094923 2.707985
v 0.157861 0.065389 2.707985
v 0.183332 0.075940 2.728128
v 0.236140 0.097813 2.761798
v 0.194613 0.038711 2.728127
v 0.250669 0.049862 2.761797
v 0.167574 0.033333 2.707985
v 0.217466 0.000001 2.698322
v 0.213273 -0.042422 2.698322
v 0.200912 -0.083220 2.698322
v 0.180804 -0.120809 2.698322
v 0.153771 -0.153771 2.698322
v 0.120810 -0.180804 2.698322
v 0.083220 -0.200911 2.698322
v 0.042422 -0.213273 2.698322
v 0.000000 -0.217465 2.698322
v -0.042423 -0.213273 2.698322
v -0.083221 -0.200911 2.698322
v -0.120810 -0.180804 2.698322
v -0.153771 -0.153771 2.698322
v -0.180805 -0.120809 2.698322
v -0.200912 -0.083220 2.698322
v -0.213274 -0.042422 2.698322
v -0.217466 0.000001 2.698322
v -0.213274 0.042423 2.698322
v -0.200912 0.083221 2.698322
v -0.180805 0.120810 2.698322
v -0.153771 0.153772 2.698322
v -0.120810 0.180805 2.698322
v -0.083221 0.200913 2.698322
v -0.042423 0.213274 2.698322
v 0.000000 0.217466 2.698322
v 0.042422 0.213274 2.698322
v 0.083220 0.200913 2.698322
v 0.120810 0.180805 2.698322
v 0.153771 0.153772 2.698322
v 0.180804 0.120810 2.698322
v 0.200912 0.083221 2.698322
v 0.213273 0.042423 2.698322
v 0.288412 0.000001 2.809921
v 0.282852 -0.056262 2.809921
v 0.266457 -0.110369 2.809921
v 0.239790 -0.160222 2.809921
v 0.203938 -0.203938 2.809921
v 0.160222 -0.239790 2.809921
v 0.110370 -0.266457 2.809921
v 0.056262 -0.282851 2.809921
v 0.000000 -0.288411 2.809921
v -0.056263 -0.282851 2.809921
v -0.110371 -0.266457 2.809921
v -0.160223 -0.239790 2.809921
v -0.203938 -0.203938 2.809921
v -0.239791 -0.160222 2.809921
v -0.266458 -0.110369 2.809921
v -0.282852 -0.056262 2.809921
v -0.288412 0.000001 2.809921
v -0.282852 0.056263 2.809921
v -0.266458 0.110371 2.809921
v -0.239791 0.160223 2.809921
v -0.203938 0.203938 2.809921
v -0.160223 0.239791 2.809921
v -0.110371 0.266459 2.809921
v -0.056263 0.282853 2.809921
v 0.000000 0.288413 2.809921
v 0.056262 0.282853 2.809921
v 0.110370 0.266459 2.809921
v 0.160222 0.239790 2.809921
v 0.203938 0.203938 2.809921
v 0.239790 0.160223 2.809921
v 0.266457 0.110371 2.809921
v 0.282852 0.056263 2.809921
v 0.321982 0.000001 2.552399
v 0.315775 -0.062811 2.552399
v 0.297473 -0.123217 2.552398
v 0.267701 -0.178872 2.552399
v 0.227676 -0.227676 2.552399
v 0.178872 -0.267701 2.552399
v 0.123217 -0.297473 2.552399
v 0.062811 -0.315775 2.552399
v 0.000000 -0.321982 2.552399
v -0.062812 -0.315775 2.552399
v -0.123218 -0.297473 2.552399
v -0.178873 -0.267701 2.552399
v -0.227676 -0.227676 2.552399
v -0.267702 -0.178872 2.552399
v -0.297474 -0.123217 2.552399
v -0.315776 -0.062811 2.552399
v -0.321983 0.000001 2.552399
v -0.315776 0.062812 2.552399
v -0.297474 0.123219 2.552399
v -0.267702 0.178873 2.552399
v -0.227676 0.227677 2.552399
v -0.178873 0.267702 2.552399
v -0.123218 0.297474 2.552399
v -0.062812 0.315776 2.552399
v 0.000000 0.321983 2.552399
v 0.062811 0.315776 2.552399
v 0.123217 0.297474 2.552399
v 0.178873 0.267702 2.552399
v 0.227676 0.227677 2.552399
v 0.267701 0.178873 2.552399
v 0.297473 0.123219 2.552399
v 0.315775 0.062812 2.552399
v 0.246516 0.000001 1.862991
v 0.241475 0.000001 1.704490
v 0.236820 -0.047106 1.704490
v 0.241764 -0.048090 1.862991
v 0.242813 0.000001 1.545990
v 0.238132 -0.047367 1.545990
v 0.224330 -0.092920 1.545991
v 0.223094 -0.092408 1.704490
v 0.227751 -0.094337 1.862991
v 0.200766 -0.134147 1.704491
v 0.204958 -0.136948 1.862991
v 0.201878 -0.134890 1.545990
v 0.171694 -0.171694 1.545991
v 0.170749 -0.170748 1.704491
v 0.174313 -0.174313 1.862991
v 0.134148 -0.200766 1.704491
v 0.136948 -0.204957 1.862991
v 0.134891 -0.201878 1.545990
v 0.092921 -0.224330 1.545991
v 0.092409 -0.223094 1.704491
v 0.094337 -0.227750 1.862991
v 0.047106 -0.236820 1.704491
v 0.048090 -0.241763 1.862991
v 0.047367 -0.238132 1.545990
v 0.000000 -0.242813 1.545991
v 0.000000 -0.241475 1.704491
v 0.000000 -0.246516 1.862991
v -0.047107 -0.236820 1.704491
v -0.048090 -0.241763 1.862991
v -0.047367 -0.238132 1.545990
v -0.092921 -0.224330 1.545991
v -0.092409 -0.223094 1.704491
v -0.094338 -0.227750 1.862991
v -0.134148 -0.200766 1.704491
v -0.136948 -0.204957 1.862991
v -0.134891 -0.201878 1.545990
v -0.171695 -0.171694 1.545991
v -0.170749 -0.170748 1.704491
v -0.174314 -0.174313 1.862991
v -0.200767 -0.134147 1.704491
v -0.204958 -0.136948 1.862991
v -0.201879 -0.134890 1.545990
v -0.224331 -0.092920 1.545991
v -0.223095 -0.092408 1.704491
v -0.227751 -0.094337 1.862991
v -0.236821 -0.047106 1.704491
v -0.241764 -0.048089 1.862991
v -0.238133 -0.047367 1.545990
v -0.242814 0.000001 1.545991
v -0.241475 0.000001 1.704491
v -0.246516 0.000001 1.862991
v -0.236821 0.047107 1.704491
v -0.241764 0.048090 1.862991
v -0.238133 0.047368 1.545990
v -0.224331 0.092921 1.545991
v -0.223095 0.092410 1.704491
v -0.227751 0.094339 1.862991
v -0.200767 0.134149 1.704491
v -0.204958 0.136949 1.862991
v -0.201879 0.134892 1.545990
v -0.171695 0.171695 1.545991
v -0.170749 0.170750 1.704491
v -0.174314 0.174314 1.862991
v -0.134148 0.200767 1.704491
v -0.136948 0.204958 1.862991
v -0.134891 0.201879 1.545990
v -0.092921 0.224331 1.545991
v -0.092409 0.223095 1.704491
v -0.094338 0.227752 1.862991
v -0.047107 0.236821 1.704491
v -0.048090 0.241765 1.862991
v -0.047367 0.238133 1.545990
v 0.000000 0.242813 1.545991
v 0.000000 0.241476 1.704491
v 0.000000 0.246517 1.862991
v 0.047106 0.236821 1.704491
v 0.048090 0.241765 1.862991
v 0.047367 0.238133 1.545990
v 0.092921 0.224331 1.545991
v 0.092409 0.223095 1.704491
v 0.094337 0.227752 1.862991
v 0.134148 0.200767 1.704491
v 0.136948 0.204958 1.862991
v 0.134891 0.201879 1.545990
v 0.171694 0.171695 1.545991
v 0.170749 0.170750 1.704491
v 0.174313 0.174314 1.862991
v 0.200766 0.134149 1.704491
v 0.204958 0.136949 1.862991
v 0.201878 0.134892 1.545990
v 0.224330 0.092921 1.545991
v 0.223094 0.092410 1.704491
v 0.227751 0.094339 1.862991
v 0.236820 0.047107 1.704490
v 0.241764 0.048090 1.862991
v 0.238132 0.047368 1.545990
v 0.255414 0.000001 1.387491
v 0.250490 -0.049825 1.387491
v 0.235972 -0.097742 1.387491
v 0.212355 -0.141891 1.387491
v 0.180605 -0.180605 1.387491
v 0.141891 -0.212355 1.387491
v 0.097742 -0.235971 1.387491
v 0.049825 -0.250490 1.387491
v 0.000000 -0.255414 1.387491
v -0.049826 -0.250490 1.387491
v -0.097743 -0.235972 1.387491
v -0.141892 -0.212355 1.387491
v -0.180606 -0.180605 1.387491
v -0.212356 -0.141891 1.387491
v -0.235972 -0.097742 1.387491
v -0.250491 -0.049825 1.387491
v -0.255415 0.000001 1.387491
v -0.250491 0.049826 1.387491
v -0.235972 0.097743 1.387491
v -0.212356 0.141892 1.387491
v -0.180606 0.180606 1.387491
v -0.141891 0.212356 1.387491
v -0.097743 0.235973 1.387491
v -0.049826 0.250491 1.387491
v 0.000000 0.255415 1.387491
v 0.049825 0.250491 1.387491
v 0.097742 0.235973 1.387491
v 0.141891 0.212356 1.387491
v 0.180605 0.180606 1.387491
v 0.212355 0.141892 1.387491
v 0.235972 0.097743 1.387491
v 0.250490 0.049826 1.387491
v 0.251489 0.000001 2.016697
v 0.246642 -0.049059 2.016697
v 0.232346 -0.096241 2.016697
v 0.209093 -0.139710 2.016697
v 0.177830 -0.177830 2.016697
v 0.139711 -0.209092 2.016697
v 0.096241 -0.232346 2.016697
v 0.049060 -0.246642 2.016697
v 0.000000 -0.251490 2.016697
v -0.049060 -0.246642 2.016697
v -0.096242 -0.232346 2.016697
v -0.139711 -0.209092 2.016697
v -0.177831 -0.177830 2.016697
v -0.209093 -0.139710 2.016697
v -0.232347 -0.096241 2.016697
v -0.246643 -0.049059 2.016697
v -0.251491 0.000001 2.016697
v -0.246643 0.049061 2.016697
v -0.232347 0.096242 2.016697
v -0.209093 0.139712 2.016697
v -0.177831 0.177831 2.016697
v -0.139711 0.209093 2.016697
v -0.096241 0.232347 2.016697
v -0.049060 0.246642 2.016697
v 0.000000 0.251490 2.016697
v 0.049060 0.246642 2.016697
v 0.096241 0.232347 2.016697
v 0.139711 0.209093 2.016697
v 0.177830 0.177831 2.016697
v 0.209093 0.139712 2.016697
v 0.232346 0.096242 2.016697
v 0.246642 0.049061 2.016696
vt 0.589133 0.166926
vt 0.371057 0.117333
vt 0.384018 0.183645
vt 0.270894 0.709472
vt 0.422779 0.596471
vt 0.260156 0.663760
vt 0.267678 0.707698
vt 0.194750 0.772587
vt 0.261004 0.658764
vt 0.346888 0.712851
vt 0.347055 0.717644
vt 0.256370 0.628359
vt 0.082342 0.688971
vt 0.078599 0.673802
vt 0.900030 0.738918
vt 0.995884 0.797587
vt 1.083163 0.753920
vt 0.363058 0.712623
vt 0.427686 0.640321
vt 0.426297 0.638331
vt 0.366539 0.704803
vt 0.420237 0.584159
vt 0.080019 0.707323
vt 0.765443 0.317398
vt 0.579016 0.327123
vt 0.581836 0.270976
vt 0.082996 0.750626
vt 0.170568 0.779404
vt 0.170245 0.781159
vt 0.909259 0.631982
vt 1.078599 0.673802
vt 0.906664 0.659059
vt 0.350970 0.709964
vt 0.350486 0.718022
vt 0.505594 0.669085
vt 0.569398 0.628766
vt 0.569525 0.625675
vt 0.508315 0.663228
vt 0.573554 0.570315
vt 0.573656 0.562434
vt 0.494100 0.662239
vt 0.419148 0.576071
vt 0.726333 0.684079
vt 0.904491 0.693440
vt 0.731013 0.635794
vt 0.490638 0.664766
vt 0.490578 0.666860
vt 0.925837 0.385925
vt 0.759502 0.374726
vt 0.630313 0.683413
vt 0.629702 0.684975
vt 0.724095 0.680045
vt 0.649342 0.689487
vt 0.729856 0.629656
vt 0.570713 0.582491
vt 0.645236 0.686622
vt 0.633969 0.682311
vt 0.633907 0.690687
vt 0.646231 0.695295
vt 0.399243 0.299836
vt 0.224980 0.363109
vt 0.807455 0.758698
vt 0.898801 0.736091
vt 0.813648 0.754577
vt 0.901112 0.681295
vt 0.901355 0.672953
vt 0.796582 0.746776
vt 0.729563 0.621124
vt 0.974786 0.792045
vt 0.975123 0.790037
vt 0.980221 0.788467
vt 0.791629 0.746058
vt 0.790165 0.750323
vt 0.793272 0.753401
vt 0.000168 0.792241
vt 0.082828 0.696561
vt 0.232287 0.405173
vt 0.070230 0.399280
vt 0.225647 0.347342
vt 0.083163 0.753920
vt 0.193013 0.779895
vt 1.082343 0.688971
vt 0.571059 0.583608
vt 0.258742 0.651579
vt 1.080019 0.707323
vt 0.070186 0.415813
vt 0.766611 0.332049
vt 0.420954 0.560937
vt 0.572734 0.520011
vt 0.571959 0.547395
vt 0.737585 0.571230
vt 0.734112 0.599008
vt 0.581281 0.283259
vt 0.066218 0.246757
vt 0.190527 0.159639
vt 0.205113 0.202400
vt 0.377002 0.147432
vt 0.370480 0.105377
vt 0.597638 0.133623
vt 0.805980 0.139140
vt 0.789502 0.180563
vt 0.933710 0.237043
vt 0.945548 0.196435
vt 1.066218 0.246757
vt 0.935425 0.281893
vt 1.061832 0.215178
vt 0.940137 0.206582
vt 0.400053 0.286934
vt 1.070230 0.399280
vt 0.922837 0.442826
vt 0.418754 0.533840
vt 0.174627 0.776135
vt 0.177015 0.783824
vt 0.195905 0.171442
vt 0.208795 0.244209
vt 0.785411 0.215909
vt 0.799872 0.151141
vt 0.061832 0.215178
vt 0.066234 0.294049
vt 1.070186 0.415813
vt 0.926669 0.402060
vt 0.252946 0.600415
vt 0.600228 0.104080
vt 0.219280 0.303725
vt 0.390724 0.243708
vt 0.250527 0.579950
vt 0.407926 0.385625
vt 0.417263 0.513788
vt 0.220871 0.307224
vt 0.065621 0.279974
vt 0.211945 0.231616
vt 0.739911 0.550628
vt 0.577852 0.369221
vt 0.754573 0.417936
vt 0.583568 0.231882
vt 0.780875 0.208839
vt 0.771206 0.278259
vt 0.586164 0.226375
vt 0.573304 0.499765
vt 0.388714 0.177617
vt 0.589280 0.164833
vt 0.929943 0.339185
vt 0.773690 0.273366
vt 0.910969 0.612068
vt 0.920087 0.484866
vt 0.932441 0.269814
vt 0.928928 0.346310
vt 0.069315 0.352659
vt 1.069314 0.352659
vt 1.066234 0.294049
vt 0.076916 0.626233
vt 0.235760 0.447804
vt 0.395564 0.247491
vt 1.072777 0.498714
vt 1.076916 0.626233
vt 1.065621 0.279974
vt 1.068767 0.359143
vt 1.077614 0.646278
vt 0.077614 0.646278
vt 0.403989 0.345512
vt 0.071633 0.456576
vt 1.071633 0.456576
vt 0.068767 0.359143
vt 0.493610 0.669982
vt 0.978694 0.795925
vt 1.082996 0.750626
vt 1.000168 0.792241
vt 0.995320 0.789697
vt 0.189173 0.772781
vt 0.597828 0.092207
vt 1.058097 0.204561
vt 0.451788 0.678625
vt 0.489892 0.597088
vt 0.490667 0.682109
vt 0.467613 0.595092
vt 0.488851 0.482984
vt 0.488851 0.482984
vt 0.488851 0.482984
vt 0.446147 0.588801
vt 0.379740 0.649549
vt 0.414327 0.667647
vt 0.426328 0.578430
vt 0.488851 0.482984
vt 0.488851 0.482984
vt 0.408903 0.564404
vt 0.324304 0.595115
vt 0.349333 0.625071
vt 0.394561 0.547238
vt 0.488851 0.482984
vt 0.488851 0.482984
vt 0.383831 0.527611
vt 0.293919 0.523610
vt 0.305578 0.560864
vt 0.377149 0.506264
vt 0.488851 0.482984
vt 0.488851 0.482984
vt 0.374747 0.484025
vt 0.293210 0.445920
vt 0.289726 0.484800
vt 0.376743 0.461745
vt 0.488851 0.482984
vt 0.488851 0.482984
vt 0.383034 0.440280
vt 0.322286 0.373873
vt 0.304188 0.408460
vt 0.393405 0.420460
vt 0.488851 0.482984
vt 0.488851 0.482984
vt 0.407431 0.403036
vt 0.376720 0.318437
vt 0.346764 0.343465
vt 0.424597 0.388694
vt 0.488851 0.482984
vt 0.488851 0.482984
vt 0.444224 0.377963
vt 0.448225 0.288052
vt 0.410971 0.299711
vt 0.465571 0.371282
vt 0.488851 0.482984
vt 0.488851 0.482984
vt 0.487810 0.368879
vt 0.525915 0.287343
vt 0.487035 0.283859
vt 0.510090 0.370876
vt 0.488851 0.482984
vt 0.488851 0.482984
vt 0.531555 0.377167
vt 0.597962 0.316419
vt 0.563375 0.298321
vt 0.551375 0.387537
vt 0.488851 0.482984
vt 0.488851 0.482984
vt 0.568799 0.401564
vt 0.653398 0.370853
vt 0.628370 0.340897
vt 0.583141 0.418730
vt 0.488851 0.482984
vt 0.488851 0.482984
vt 0.593872 0.438356
vt 0.683783 0.442358
vt 0.672124 0.405104
vt 0.600553 0.459704
vt 0.488851 0.482984
vt 0.488851 0.482984
vt 0.602956 0.481943
vt 0.684492 0.520048
vt 0.687976 0.481168
vt 0.600959 0.504222
vt 0.488851 0.482984
vt 0.488851 0.482984
vt 0.594668 0.525688
vt 0.655416 0.592095
vt 0.673514 0.557508
vt 0.584298 0.545508
vt 0.488851 0.482984
vt 0.488851 0.482984
vt 0.570271 0.562932
vt 0.600982 0.647531
vt 0.630938 0.622502
vt 0.553105 0.577274
vt 0.488851 0.482984
vt 0.488851 0.482984
vt 0.533479 0.588004
vt 0.529477 0.677916
vt 0.566731 0.666257
vt 0.512131 0.594686
vt 0.488851 0.482984
vt 0.488854 0.483251
vt 0.485778 0.499207
vt 0.489002 0.499496
vt 0.483362 0.511956
vt 0.489120 0.512472
vt 0.482672 0.498296
vt 0.488751 0.483231
vt 0.488801 0.483246
vt 0.479804 0.496796
vt 0.472693 0.507650
vt 0.477815 0.510330
vt 0.477282 0.494766
vt 0.488664 0.483174
vt 0.488705 0.483207
vt 0.475207 0.492282
vt 0.464484 0.499589
vt 0.468190 0.504025
vt 0.473654 0.489442
vt 0.488606 0.483088
vt 0.488631 0.483134
vt 0.472687 0.486353
vt 0.459984 0.489000
vt 0.461711 0.494517
vt 0.472340 0.483135
vt 0.488584 0.482986
vt 0.488590 0.483038
vt 0.472628 0.479911
vt 0.459879 0.477495
vt 0.459363 0.483253
vt 0.473539 0.476804
vt 0.488604 0.482884
vt 0.488589 0.482934
vt 0.475039 0.473936
vt 0.464185 0.466826
vt 0.461505 0.471948
vt 0.477069 0.471415
vt 0.488661 0.482797
vt 0.488628 0.482838
vt 0.479553 0.469340
vt 0.472246 0.458616
vt 0.467810 0.462323
vt 0.482393 0.467787
vt 0.488747 0.482739
vt 0.488701 0.482764
vt 0.485482 0.466820
vt 0.482835 0.454117
vt 0.477318 0.455843
vt 0.488701 0.466472
vt 0.488849 0.482717
vt 0.488797 0.482723
vt 0.491924 0.466761
vt 0.494340 0.454012
vt 0.488582 0.453496
vt 0.495031 0.467672
vt 0.488951 0.482737
vt 0.488901 0.482722
vt 0.497899 0.469172
vt 0.505009 0.458318
vt 0.499887 0.455638
vt 0.500420 0.471202
vt 0.489038 0.482794
vt 0.488997 0.482761
vt 0.502495 0.473686
vt 0.513219 0.466379
vt 0.509512 0.461942
vt 0.504048 0.476526
vt 0.489097 0.482880
vt 0.489071 0.482834
vt 0.505015 0.479615
vt 0.517718 0.476968
vt 0.515992 0.471451
vt 0.505363 0.482833
vt 0.489118 0.482982
vt 0.489112 0.482929
vt 0.505074 0.486057
vt 0.517823 0.488473
vt 0.518339 0.482715
vt 0.504163 0.489163
vt 0.489098 0.483084
vt 0.489113 0.483034
vt 0.502663 0.492031
vt 0.513517 0.499142
vt 0.516198 0.494020
vt 0.500633 0.494553
vt 0.489041 0.483171
vt 0.489074 0.483130
vt 0.498149 0.496628
vt 0.505456 0.507351
vt 0.509893 0.503645
vt 0.495309 0.498181
vt 0.488955 0.483229
vt 0.489001 0.483204
vt 0.492220 0.499148
vt 0.494867 0.511851
vt 0.500384 0.510124
vt 0.488905 0.483245
vt 0.489351 0.537754
vt 0.476478 0.548295
vt 0.489457 0.549458
vt 0.474588 0.558273
vt 0.489550 0.559614
vt 0.463973 0.544630
vt 0.468353 0.533776
vt 0.478657 0.536796
vt 0.452427 0.538589
vt 0.446862 0.547084
vt 0.460172 0.554048
vt 0.442276 0.530417
vt 0.450476 0.522066
vt 0.458840 0.528798
vt 0.433920 0.520417
vt 0.425528 0.526136
vt 0.435160 0.537664
vt 0.427669 0.508983
vt 0.438441 0.504405
vt 0.443592 0.513826
vt 0.423777 0.496546
vt 0.413835 0.498618
vt 0.418322 0.512955
vt 0.422377 0.483590
vt 0.434081 0.483483
vt 0.435234 0.494158
vt 0.423540 0.470611
vt 0.413562 0.468721
vt 0.412221 0.483683
vt 0.427205 0.458106
vt 0.438059 0.462486
vt 0.435039 0.472789
vt 0.433247 0.446559
vt 0.424751 0.440994
vt 0.417787 0.454305
vt 0.441418 0.436408
vt 0.449769 0.444609
vt 0.443037 0.452972
vt 0.451418 0.428053
vt 0.445699 0.419661
vt 0.434171 0.429293
vt 0.462852 0.421802
vt 0.467430 0.432574
vt 0.458009 0.437725
vt 0.475289 0.417910
vt 0.473217 0.407968
vt 0.458880 0.412455
vt 0.488245 0.416510
vt 0.488352 0.428214
vt 0.477677 0.429367
vt 0.501224 0.417673
vt 0.503114 0.407695
vt 0.488152 0.406354
vt 0.513729 0.421338
vt 0.509349 0.432192
vt 0.499046 0.429172
vt 0.525276 0.427379
vt 0.530841 0.418884
vt 0.517530 0.411920
vt 0.535427 0.435551
vt 0.527226 0.443902
vt 0.518863 0.437169
vt 0.543782 0.445551
vt 0.552174 0.439832
vt 0.542542 0.428304
vt 0.550033 0.456985
vt 0.539261 0.461563
vt 0.534110 0.452142
vt 0.553926 0.469422
vt 0.563867 0.467350
vt 0.559380 0.453013
vt 0.555325 0.482378
vt 0.543621 0.482484
vt 0.542468 0.471810
vt 0.554162 0.495357
vt 0.564140 0.497247
vt 0.565481 0.482285
vt 0.550497 0.507862
vt 0.539643 0.503482
vt 0.542663 0.493178
vt 0.544456 0.519409
vt 0.552951 0.524973
vt 0.559915 0.511663
vt 0.536284 0.529560
vt 0.527933 0.521359
vt 0.534666 0.512995
vt 0.526284 0.537915
vt 0.532003 0.546307
vt 0.543531 0.536675
vt 0.514850 0.544166
vt 0.510272 0.533394
vt 0.519693 0.528243
vt 0.502413 0.548058
vt 0.504485 0.558000
vt 0.518822 0.553513
vt 0.500026 0.536601
vt 0.495510 1.212992
vt 0.478597 1.198541
vt 0.495377 1.198388
vt 0.476406 1.180278
vt 0.495210 1.180106
vt 0.462460 1.198689
vt 0.466185 1.213260
vt 0.480561 1.213129
vt 0.447593 1.198824
vt 0.441660 1.180595
vt 0.458322 1.180443
vt 0.434555 1.198943
vt 0.441324 1.213487
vt 0.452939 1.213381
vt 0.447593 1.198824
vt 0.441660 1.180595
vt 0.427049 1.180728
vt 0.462460 1.198689
vt 0.466185 1.213260
vt 0.452939 1.213381
vt 0.478597 1.198541
vt 0.476406 1.180278
vt 0.458322 1.180443
vt 0.495377 1.198388
vt 0.495510 1.212993
vt 0.480561 1.213129
vt 0.512156 1.198235
vt 0.514014 1.179935
vt 0.495210 1.180106
vt 0.528293 1.198088
vt 0.524835 1.212725
vt 0.510459 1.212856
vt 0.543161 1.197952
vt 0.548760 1.179618
vt 0.532098 1.179770
vt 0.556198 1.197834
vt 0.549695 1.212498
vt 0.538081 1.212605
vt 0.441324 1.213487
vt 0.447593 1.198824
vt 0.434555 1.198943
vt 0.441660 1.180595
vt 0.427049 1.180728
vt 0.462460 1.198689
vt 0.466185 1.213260
vt 0.452939 1.213381
vt 0.478597 1.198541
vt 0.476406 1.180278
vt 0.458322 1.180443
vt 0.495377 1.198388
vt 0.495510 1.212993
vt 0.480561 1.213129
vt 0.512156 1.198235
vt 0.514014 1.179935
vt 0.495210 1.180106
vt 0.528293 1.198088
vt 0.524835 1.212725
vt 0.510459 1.212856
vt 0.543161 1.197952
vt 0.548760 1.179618
vt 0.532098 1.179770
vt 0.556198 1.197834
vt 0.549695 1.212498
vt 0.538081 1.212605
vt 0.543161 1.197952
vt 0.548760 1.179618
vt 0.563371 1.179485
vt 0.528293 1.198088
vt 0.524835 1.212725
vt 0.538081 1.212605
vt 0.512156 1.198235
vt 0.514014 1.179935
vt 0.532098 1.179770
vt 0.495377 1.198388
vt 0.495510 1.212993
vt 0.510459 1.212856
vt 0.478597 1.198541
vt 0.476406 1.180278
vt 0.495210 1.180106
vt 0.462460 1.198689
vt 0.466185 1.213260
vt 0.480561 1.213129
vt 0.447593 1.198824
vt 0.441660 1.180595
vt 0.458322 1.180443
vt 0.434555 1.198943
vt 0.441324 1.213487
vt 0.452939 1.213381
vt 0.549695 1.212498
vt 0.543161 1.197952
vt 0.556198 1.197834
vt 0.548760 1.179618
vt 0.563371 1.179485
vt 0.528293 1.198088
vt 0.524835 1.212725
vt 0.538081 1.212605
vt 0.512156 1.198235
vt 0.514014 1.179935
vt 0.532098 1.179770
vt 0.510459 1.212856
vt 0.473755 1.159795
vt 0.495023 1.159602
vt 0.470972 1.135089
vt 0.494797 1.134872
vt 0.453301 1.159982
vt 0.434457 1.160154
vt 0.426949 1.135491
vt 0.448059 1.135298
vt 0.417932 1.160305
vt 0.434457 1.160154
vt 0.426949 1.135491
vt 0.408437 1.135660
vt 0.453301 1.159982
vt 0.473755 1.159796
vt 0.470972 1.135089
vt 0.448059 1.135298
vt 0.495023 1.159601
vt 0.516291 1.159408
vt 0.518623 1.134655
vt 0.494797 1.134872
vt 0.536744 1.159221
vt 0.555589 1.159049
vt 0.562646 1.134253
vt 0.541535 1.134445
vt 0.572114 1.158898
vt 0.563371 1.179485
vt 0.434457 1.160154
vt 0.417932 1.160305
vt 0.426949 1.135491
vt 0.408437 1.135660
vt 0.453301 1.159982
vt 0.473755 1.159796
vt 0.470972 1.135089
vt 0.448059 1.135298
vt 0.495023 1.159601
vt 0.516291 1.159408
vt 0.518623 1.134655
vt 0.494797 1.134872
vt 0.536744 1.159221
vt 0.555589 1.159049
vt 0.562646 1.134253
vt 0.541535 1.134445
vt 0.572114 1.158898
vt 0.555589 1.159049
vt 0.562646 1.134253
vt 0.581158 1.134084
vt 0.536744 1.159221
vt 0.516291 1.159408
vt 0.518623 1.134655
vt 0.541535 1.134445
vt 0.495023 1.159601
vt 0.473755 1.159796
vt 0.470972 1.135089
vt 0.494797 1.134872
vt 0.453301 1.159982
vt 0.434457 1.160154
vt 0.426949 1.135491
vt 0.448059 1.135298
vt 0.417932 1.160305
vt 0.427049 1.180728
vt 0.555589 1.159049
vt 0.572114 1.158898
vt 0.562646 1.134253
vt 0.581158 1.134084
vt 0.536744 1.159221
vt 0.516291 1.159408
vt 0.518623 1.134655
vt 0.541535 1.134445
vt 0.468544 1.104250
vt 0.494516 1.104014
vt 0.467041 1.069221
vt 0.494196 1.068973
vt 0.443568 1.104478
vt 0.420556 1.104688
vt 0.416865 1.069678
vt 0.440926 1.069459
vt 0.400376 1.104872
vt 0.420556 1.104688
vt 0.416865 1.069678
vt 0.395765 1.069871
vt 0.443568 1.104478
vt 0.468544 1.104250
vt 0.467041 1.069221
vt 0.440926 1.069459
vt 0.494516 1.104013
vt 0.520487 1.103776
vt 0.521351 1.068725
vt 0.494196 1.068973
vt 0.545464 1.103549
vt 0.568476 1.103339
vt 0.571528 1.068267
vt 0.547467 1.068487
vt 0.588655 1.103155
vt 0.581158 1.134084
vt 0.420556 1.104688
vt 0.400376 1.104872
vt 0.416865 1.069678
vt 0.395765 1.069871
vt 0.443568 1.104478
vt 0.468544 1.104250
vt 0.467041 1.069221
vt 0.440926 1.069459
vt 0.494516 1.104013
vt 0.520487 1.103776
vt 0.521351 1.068725
vt 0.494196 1.068973
vt 0.545464 1.103549
vt 0.568476 1.103339
vt 0.571528 1.068267
vt 0.547467 1.068487
vt 0.588655 1.103155
vt 0.568476 1.103339
vt 0.571528 1.068267
vt 0.592627 1.068075
vt 0.545464 1.103549
vt 0.520487 1.103776
vt 0.521351 1.068725
vt 0.547467 1.068487
vt 0.494516 1.104013
vt 0.468544 1.104250
vt 0.467041 1.069221
vt 0.494196 1.068973
vt 0.443568 1.104478
vt 0.420556 1.104688
vt 0.416865 1.069678
vt 0.440926 1.069459
vt 0.400376 1.104872
vt 0.408437 1.135660
vt 0.568476 1.103339
vt 0.588655 1.103155
vt 0.571528 1.068267
vt 0.592627 1.068075
vt 0.545464 1.103549
vt 0.520487 1.103776
vt 0.521351 1.068725
vt 0.547467 1.068487
vt 0.493866 1.032812
vt 0.466825 1.033059
vt 0.493560 0.999207
vt 0.442159 0.999675
vt 0.467358 0.999446
vt 0.440820 1.033296
vt 0.416860 1.033515
vt 0.398584 1.000073
vt 0.418943 0.999887
vt 0.395849 1.033707
vt 0.416860 1.033515
vt 0.442160 0.999675
vt 0.418943 0.999887
vt 0.440820 1.033296
vt 0.466825 1.033059
vt 0.493560 0.999207
vt 0.467358 0.999446
vt 0.493866 1.032813
vt 0.520908 1.032566
vt 0.544960 0.998738
vt 0.519762 0.998968
vt 0.546913 1.032329
vt 0.570873 1.032110
vt 0.588535 0.998340
vt 0.568177 0.998526
vt 0.591884 1.031918
vt 0.395849 1.033707
vt 0.416860 1.033515
vt 0.398584 1.000073
vt 0.442160 0.999675
vt 0.418943 0.999887
vt 0.440820 1.033296
vt 0.466825 1.033059
vt 0.493560 0.999207
vt 0.467358 0.999446
vt 0.493866 1.032813
vt 0.520908 1.032566
vt 0.544960 0.998738
vt 0.519762 0.998968
vt 0.546913 1.032329
vt 0.570873 1.032110
vt 0.588535 0.998340
vt 0.568177 0.998526
vt 0.591884 1.031918
vt 0.570873 1.032110
vt 0.544960 0.998738
vt 0.568177 0.998526
vt 0.546913 1.032329
vt 0.520907 1.032566
vt 0.493560 0.999207
vt 0.519762 0.998968
vt 0.493866 1.032813
vt 0.466825 1.033059
vt 0.442159 0.999675
vt 0.467358 0.999446
vt 0.440820 1.033296
vt 0.416860 1.033515
vt 0.398584 1.000073
vt 0.418943 0.999887
vt 0.395849 1.033707
vt 0.591884 1.031918
vt 0.570873 1.032110
vt 0.588535 0.998340
vt 0.544960 0.998738
vt 0.568177 0.998526
vt 0.546913 1.032329
vt 0.520907 1.032566
vt 0.519762 0.998968
vt 0.490012 0.610268
vt 0.462550 0.621812
vt 0.490140 0.624285
vt 0.492739 0.909219
vt 0.465009 0.901461
vt 0.492666 0.901208
vt 0.438666 0.909712
vt 0.465174 0.909470
vt 0.441214 0.601023
vt 0.465159 0.608041
vt 0.411425 0.601180
vt 0.435968 0.614022
vt 0.413907 0.901927
vt 0.438412 0.901703
vt 0.392824 0.910130
vt 0.414242 0.909935
vt 0.399669 0.573808
vt 0.419106 0.589455
vt 0.372087 0.562553
vt 0.389848 0.583810
vt 0.413907 0.901927
vt 0.392418 0.902123
vt 0.438666 0.909712
vt 0.414242 0.909935
vt 0.371700 0.532766
vt 0.383670 0.554660
vt 0.350526 0.511813
vt 0.358799 0.538248
vt 0.465009 0.901461
vt 0.438412 0.901703
vt 0.492739 0.909219
vt 0.465174 0.909470
vt 0.361567 0.484145
vt 0.364247 0.508953
vt 0.350023 0.456683
vt 0.347550 0.484273
vt 0.520323 0.900956
vt 0.492666 0.901208
vt 0.546812 0.908726
vt 0.520304 0.908967
vt 0.370812 0.435347
vt 0.363794 0.459292
vt 0.370655 0.405558
vt 0.357813 0.430101
vt 0.571425 0.900490
vt 0.546920 0.900713
vt 0.592654 0.908308
vt 0.571236 0.908503
vt 0.398027 0.393802
vt 0.382380 0.413239
vt 0.409282 0.366220
vt 0.388025 0.383981
vt 0.392824 0.910130
vt 0.413907 0.901927
vt 0.392418 0.902123
vt 0.438666 0.909712
vt 0.414242 0.909935
vt 0.439069 0.365833
vt 0.417175 0.377803
vt 0.460023 0.344659
vt 0.433587 0.352932
vt 0.465009 0.901461
vt 0.438412 0.901703
vt 0.492739 0.909219
vt 0.465174 0.909470
vt 0.487690 0.355700
vt 0.462882 0.358380
vt 0.515152 0.344156
vt 0.487562 0.341683
vt 0.520323 0.900956
vt 0.492666 0.901208
vt 0.546812 0.908726
vt 0.520304 0.908967
vt 0.536488 0.364945
vt 0.512543 0.357927
vt 0.566277 0.364788
vt 0.541734 0.351946
vt 0.571425 0.900490
vt 0.546920 0.900713
vt 0.592654 0.908308
vt 0.571236 0.908503
vt 0.578034 0.392160
vt 0.558596 0.376513
vt 0.605615 0.403415
vt 0.587855 0.382158
vt 0.571425 0.900490
vt 0.592914 0.900294
vt 0.546812 0.908726
vt 0.571236 0.908503
vt 0.606002 0.433202
vt 0.594032 0.411308
vt 0.627177 0.454155
vt 0.618903 0.427720
vt 0.520304 0.908967
vt 0.546920 0.900713
vt 0.492739 0.909219
vt 0.520323 0.900956
vt 0.616135 0.481823
vt 0.613455 0.457015
vt 0.627679 0.509285
vt 0.630152 0.481695
vt 0.465009 0.901461
vt 0.492666 0.901208
vt 0.438666 0.909712
vt 0.465174 0.909470
vt 0.606890 0.530621
vt 0.613908 0.506676
vt 0.607047 0.560410
vt 0.619889 0.535867
vt 0.413907 0.901927
vt 0.438412 0.901703
vt 0.414242 0.909935
vt 0.392418 0.902123
vt 0.579675 0.572166
vt 0.595322 0.552729
vt 0.568420 0.599748
vt 0.589677 0.581987
vt 0.592654 0.908308
vt 0.571425 0.900490
vt 0.592914 0.900294
vt 0.546812 0.908726
vt 0.571236 0.908503
vt 0.538633 0.600135
vt 0.560527 0.588165
vt 0.517680 0.621309
vt 0.544115 0.613036
vt 0.520323 0.900956
vt 0.546920 0.900713
vt 0.520304 0.908967
vt 0.514820 0.607588
vt 0.462463 0.622275
vt 0.490106 0.620532
vt 0.490144 0.624756
vt 0.463249 0.618125
vt 0.490048 0.614246
vt 0.439726 0.604712
vt 0.464419 0.611949
vt 0.437373 0.610542
vt 0.411167 0.601574
vt 0.435792 0.614459
vt 0.413482 0.598040
vt 0.396881 0.576647
vt 0.416926 0.592782
vt 0.392477 0.581132
vt 0.371698 0.562818
vt 0.389518 0.584146
vt 0.375189 0.560440
vt 0.368039 0.534322
vt 0.380383 0.556900
vt 0.362254 0.536780
vt 0.350065 0.511909
vt 0.358366 0.538432
vt 0.354200 0.511047
vt 0.357589 0.484181
vt 0.360353 0.509764
vt 0.351303 0.484239
vt 0.349560 0.456596
vt 0.347079 0.484277
vt 0.353710 0.457382
vt 0.367123 0.433858
vt 0.359886 0.458552
vt 0.361293 0.431506
vt 0.370261 0.405300
vt 0.357376 0.429925
vt 0.373795 0.407614
vt 0.395188 0.391014
vt 0.379053 0.411059
vt 0.390703 0.386610
vt 0.409017 0.365831
vt 0.387689 0.383651
vt 0.411395 0.369321
vt 0.437513 0.362172
vt 0.414935 0.374516
vt 0.435055 0.356386
vt 0.459926 0.344198
vt 0.433403 0.352499
vt 0.460788 0.348332
vt 0.487654 0.351722
vt 0.462071 0.354486
vt 0.487596 0.345436
vt 0.515239 0.343693
vt 0.487558 0.341212
vt 0.514453 0.347843
vt 0.537977 0.361255
vt 0.513283 0.354019
vt 0.540329 0.355426
vt 0.566535 0.364394
vt 0.541910 0.351509
vt 0.564221 0.367927
vt 0.580821 0.389321
vt 0.560776 0.373185
vt 0.585225 0.384836
vt 0.606004 0.403150
vt 0.588184 0.381822
vt 0.602514 0.405528
vt 0.609663 0.431646
vt 0.597319 0.409068
vt 0.615449 0.429188
vt 0.627638 0.454059
vt 0.619336 0.427536
vt 0.623503 0.454921
vt 0.620113 0.481787
vt 0.617349 0.456203
vt 0.626399 0.481729
vt 0.628142 0.509372
vt 0.630623 0.481691
vt 0.623992 0.508586
vt 0.610580 0.532110
vt 0.617816 0.507416
vt 0.616409 0.534462
vt 0.607441 0.560668
vt 0.620326 0.536043
vt 0.603908 0.558353
vt 0.582514 0.574954
vt 0.598650 0.554909
vt 0.586999 0.579358
vt 0.568685 0.600137
vt 0.590013 0.582317
vt 0.566307 0.596646
vt 0.540189 0.603796
vt 0.562767 0.591452
vt 0.542648 0.609581
vt 0.517776 0.621770
vt 0.544299 0.613469
vt 0.516914 0.617635
vt 0.515632 0.611482
vt 0.469404 0.889453
vt 0.492486 0.881428
vt 0.492557 0.889242
vt 0.468857 0.874153
vt 0.492417 0.873938
vt 0.447725 0.881837
vt 0.469668 0.881636
vt 0.426623 0.889843
vt 0.447138 0.889656
vt 0.425323 0.874550
vt 0.446199 0.874359
vt 0.409779 0.882183
vt 0.427507 0.882021
vt 0.426623 0.889843
vt 0.408634 0.890007
vt 0.425323 0.874550
vt 0.407017 0.874716
vt 0.447725 0.881837
vt 0.427507 0.882021
vt 0.469404 0.889453
vt 0.447138 0.889656
vt 0.468857 0.874153
vt 0.446199 0.874359
vt 0.492486 0.881429
vt 0.469668 0.881636
vt 0.515710 0.889031
vt 0.492557 0.889242
vt 0.515978 0.873723
vt 0.492417 0.873938
vt 0.537246 0.881020
vt 0.515303 0.881220
vt 0.558491 0.888641
vt 0.537976 0.888827
vt 0.559512 0.873326
vt 0.538636 0.873516
vt 0.575192 0.880674
vt 0.557464 0.880836
vt 0.426623 0.889843
vt 0.409779 0.882183
vt 0.408634 0.890007
vt 0.425323 0.874550
vt 0.407017 0.874716
vt 0.447725 0.881837
vt 0.427507 0.882021
vt 0.469404 0.889453
vt 0.447138 0.889656
vt 0.468857 0.874153
vt 0.446199 0.874359
vt 0.492486 0.881429
vt 0.469668 0.881636
vt 0.515710 0.889031
vt 0.492557 0.889242
vt 0.515978 0.873723
vt 0.492417 0.873938
vt 0.537246 0.881020
vt 0.515303 0.881220
vt 0.558491 0.888641
vt 0.537976 0.888827
vt 0.559512 0.873326
vt 0.538636 0.873516
vt 0.575192 0.880674
vt 0.557464 0.880836
vt 0.558491 0.888641
vt 0.576480 0.888476
vt 0.559512 0.873326
vt 0.577818 0.873158
vt 0.537246 0.881020
vt 0.557464 0.880836
vt 0.515710 0.889031
vt 0.537976 0.888827
vt 0.515978 0.873723
vt 0.538636 0.873516
vt 0.492486 0.881429
vt 0.515303 0.881220
vt 0.469404 0.889453
vt 0.492557 0.889242
vt 0.468857 0.874153
vt 0.492417 0.873938
vt 0.447725 0.881837
vt 0.469668 0.881636
vt 0.426623 0.889843
vt 0.447138 0.889656
vt 0.425323 0.874550
vt 0.446199 0.874359
vt 0.409779 0.882183
vt 0.427507 0.882021
vt 0.558491 0.888641
vt 0.575192 0.880674
vt 0.576480 0.888476
vt 0.559512 0.873326
vt 0.577818 0.873158
vt 0.537246 0.881020
vt 0.557464 0.880836
vt 0.515710 0.889030
vt 0.537976 0.888827
vt 0.515978 0.873723
vt 0.538636 0.873516
vt 0.515303 0.881220
vt 0.489953 0.603758
vt 0.464613 0.610926
vt 0.490039 0.613205
vt 0.462863 0.620162
vt 0.490125 0.622606
vt 0.440115 0.603747
vt 0.443650 0.594987
vt 0.466371 0.601645
vt 0.417496 0.591912
vt 0.412345 0.599775
vt 0.436597 0.612465
vt 0.397611 0.575904
vt 0.404230 0.569163
vt 0.422673 0.584010
vt 0.381243 0.556314
vt 0.373475 0.561607
vt 0.391024 0.582612
vt 0.368997 0.533915
vt 0.377692 0.530220
vt 0.389049 0.550994
vt 0.361372 0.509552
vt 0.352170 0.511470
vt 0.360345 0.537591
vt 0.358630 0.484172
vt 0.368077 0.484086
vt 0.370620 0.507625
vt 0.360909 0.458746
vt 0.351673 0.456996
vt 0.349230 0.484258
vt 0.368088 0.434248
vt 0.376848 0.437783
vt 0.370190 0.460504
vt 0.379923 0.411629
vt 0.372060 0.406478
vt 0.359370 0.430730
vt 0.395931 0.391744
vt 0.402672 0.398362
vt 0.387825 0.416805
vt 0.415521 0.375376
vt 0.410228 0.367608
vt 0.389223 0.385157
vt 0.437920 0.363130
vt 0.441615 0.371824
vt 0.420841 0.383182
vt 0.462283 0.355505
vt 0.460365 0.346302
vt 0.434244 0.354478
vt 0.487663 0.352763
vt 0.487749 0.362209
vt 0.464210 0.364753
vt 0.513089 0.355041
vt 0.514839 0.345805
vt 0.487578 0.343362
vt 0.537587 0.362221
vt 0.534052 0.370981
vt 0.511331 0.364323
vt 0.560206 0.374056
vt 0.565357 0.366193
vt 0.541105 0.353503
vt 0.580092 0.390064
vt 0.573473 0.396805
vt 0.555030 0.381958
vt 0.596459 0.409654
vt 0.604227 0.404360
vt 0.586678 0.383356
vt 0.608705 0.432053
vt 0.600011 0.435748
vt 0.588653 0.414974
vt 0.616330 0.456416
vt 0.625533 0.454498
vt 0.617357 0.428376
vt 0.619072 0.481796
vt 0.609626 0.481882
vt 0.607082 0.458343
vt 0.616794 0.507222
vt 0.626030 0.508972
vt 0.628473 0.481710
vt 0.609614 0.531720
vt 0.600854 0.528185
vt 0.607512 0.505464
vt 0.597779 0.554339
vt 0.605642 0.559490
vt 0.618332 0.535238
vt 0.581771 0.574224
vt 0.575031 0.567605
vt 0.589877 0.549163
vt 0.562181 0.590592
vt 0.567475 0.598360
vt 0.588479 0.580811
vt 0.539782 0.602838
vt 0.536087 0.594143
vt 0.556861 0.582786
vt 0.515419 0.610463
vt 0.517337 0.619665
vt 0.543459 0.611490
vt 0.513492 0.601215
vt 0.489984 0.607210
vt 0.465729 0.605036
vt 0.489934 0.601669
vt 0.444432 0.593049
vt 0.466760 0.599593
vt 0.442359 0.598187
vt 0.420781 0.586897
vt 0.405693 0.567673
vt 0.423817 0.582262
vt 0.401811 0.571626
vt 0.386197 0.552938
vt 0.379614 0.529403
vt 0.390776 0.549818
vt 0.374515 0.531570
vt 0.367241 0.508329
vt 0.370166 0.484067
vt 0.372665 0.507199
vt 0.364625 0.484117
vt 0.366799 0.459861
vt 0.378786 0.438565
vt 0.372243 0.460893
vt 0.373648 0.436492
vt 0.384938 0.414914
vt 0.404162 0.399826
vt 0.389573 0.417950
vt 0.400209 0.395944
vt 0.418897 0.380330
vt 0.442432 0.373747
vt 0.422017 0.384908
vt 0.440265 0.368648
vt 0.463506 0.361374
vt 0.487769 0.364299
vt 0.464637 0.366798
vt 0.487718 0.358758
vt 0.511974 0.360932
vt 0.533270 0.372919
vt 0.510942 0.366375
vt 0.535343 0.367780
vt 0.556921 0.379071
vt 0.572009 0.398295
vt 0.553885 0.383706
vt 0.575891 0.394342
vt 0.591505 0.413030
vt 0.598088 0.436565
vt 0.586927 0.416150
vt 0.603187 0.434398
vt 0.610461 0.457639
vt 0.607536 0.481901
vt 0.605037 0.458769
vt 0.613077 0.481851
vt 0.610903 0.506106
vt 0.598916 0.527403
vt 0.605460 0.505075
vt 0.604055 0.529476
vt 0.592764 0.551054
vt 0.573540 0.566142
vt 0.588129 0.548018
vt 0.577493 0.570024
vt 0.558805 0.585638
vt 0.535270 0.592221
vt 0.555685 0.581059
vt 0.537437 0.597320
vt 0.514196 0.604594
vt 0.513066 0.599170
vt 0.462743 0.620798
vt 0.490062 0.615744
vt 0.490131 0.623253
vt 0.464140 0.613421
vt 0.490006 0.609643
vt 0.441448 0.600444
vt 0.465276 0.607427
vt 0.439165 0.606102
vt 0.411991 0.600316
vt 0.436355 0.613065
vt 0.416105 0.594036
vt 0.400106 0.573362
vt 0.419448 0.588932
vt 0.395832 0.577716
vt 0.372940 0.561972
vt 0.390571 0.583074
vt 0.379145 0.557744
vt 0.372275 0.532522
vt 0.384186 0.554308
vt 0.366660 0.534908
vt 0.351536 0.511602
vt 0.359749 0.537845
vt 0.358887 0.510070
vt 0.362192 0.484139
vt 0.364859 0.508825
vt 0.356091 0.484195
vt 0.351037 0.456875
vt 0.348582 0.484263
vt 0.358414 0.458273
vt 0.371391 0.435581
vt 0.364408 0.459409
vt 0.365733 0.433298
vt 0.371519 0.406124
vt 0.358770 0.430487
vt 0.377799 0.410238
vt 0.398473 0.394239
vt 0.382903 0.413581
vt 0.394119 0.389965
vt 0.409863 0.367073
vt 0.388761 0.384704
vt 0.414091 0.373278
vt 0.439313 0.366408
vt 0.417527 0.378319
vt 0.436927 0.360793
vt 0.460233 0.345669
vt 0.433991 0.353882
vt 0.461765 0.353019
vt 0.487696 0.356325
vt 0.463010 0.358992
vt 0.487640 0.350224
vt 0.514960 0.345170
vt 0.487572 0.342715
vt 0.513562 0.352547
vt 0.536254 0.365524
vt 0.512426 0.358541
vt 0.538537 0.359866
vt 0.565711 0.365652
vt 0.541348 0.352903
vt 0.561597 0.371932
vt 0.577596 0.392605
vt 0.558254 0.377036
vt 0.581870 0.388252
vt 0.604762 0.403996
vt 0.587131 0.382894
vt 0.598557 0.408224
vt 0.605427 0.433446
vt 0.593516 0.411660
vt 0.611042 0.431060
vt 0.626166 0.454366
vt 0.617953 0.428123
vt 0.618816 0.455898
vt 0.615510 0.481829
vt 0.612843 0.457143
vt 0.621611 0.481773
vt 0.626665 0.509093
vt 0.629120 0.481704
vt 0.619288 0.507695
vt 0.606311 0.530387
vt 0.613294 0.506559
vt 0.611969 0.532670
vt 0.606183 0.559844
vt 0.618932 0.535480
vt 0.599903 0.555730
vt 0.579230 0.571729
vt 0.594799 0.552387
vt 0.583583 0.576003
vt 0.567839 0.598895
vt 0.588941 0.581264
vt 0.563611 0.592690
vt 0.538389 0.599560
vt 0.560175 0.587649
vt 0.540775 0.605175
vt 0.517469 0.620299
vt 0.543712 0.612086
vt 0.515937 0.612948
vt 0.514693 0.606976
vt 0.492137 0.843174
vt 0.467309 0.842334
vt 0.492127 0.842108
vt 0.490012 0.610202
vt 0.464213 0.613038
vt 0.490059 0.615354
vt 0.441239 0.600962
vt 0.465172 0.607976
vt 0.443666 0.843616
vt 0.467428 0.843399
vt 0.421453 0.842753
vt 0.443443 0.842552
vt 0.416319 0.593710
vt 0.439311 0.605740
vt 0.399715 0.573761
vt 0.419142 0.589400
vt 0.402575 0.843991
vt 0.421773 0.843815
vt 0.421453 0.842753
vt 0.402170 0.842929
vt 0.379467 0.557524
vt 0.396105 0.577438
vt 0.371761 0.532740
vt 0.383725 0.554623
vt 0.443666 0.843616
vt 0.421773 0.843815
vt 0.467309 0.842334
vt 0.443443 0.842552
vt 0.359268 0.509991
vt 0.367019 0.534755
vt 0.361633 0.484144
vt 0.364312 0.508939
vt 0.492137 0.843174
vt 0.467428 0.843399
vt 0.516944 0.841882
vt 0.492127 0.842108
vt 0.358797 0.458346
vt 0.356481 0.484191
vt 0.370873 0.435372
vt 0.363859 0.459305
vt 0.540607 0.842732
vt 0.516845 0.842948
vt 0.562801 0.841464
vt 0.540811 0.841664
vt 0.378125 0.410451
vt 0.366095 0.433443
vt 0.398074 0.393848
vt 0.382435 0.413275
vt 0.581698 0.842357
vt 0.562500 0.842532
vt 0.402575 0.843991
vt 0.421453 0.842753
vt 0.402170 0.842929
vt 0.414311 0.373600
vt 0.394397 0.390238
vt 0.439095 0.365894
vt 0.417212 0.377857
vt 0.443666 0.843616
vt 0.421773 0.843815
vt 0.467309 0.842334
vt 0.443443 0.842552
vt 0.461844 0.353401
vt 0.437080 0.361152
vt 0.487691 0.355766
vt 0.462896 0.358445
vt 0.492137 0.843174
vt 0.467428 0.843399
vt 0.516944 0.841882
vt 0.492127 0.842108
vt 0.513490 0.352930
vt 0.487644 0.350614
vt 0.536463 0.365006
vt 0.512531 0.357992
vt 0.540607 0.842732
vt 0.516845 0.842948
vt 0.562801 0.841464
vt 0.540811 0.841664
vt 0.561384 0.372258
vt 0.538392 0.360228
vt 0.577987 0.392207
vt 0.558560 0.376568
vt 0.562500 0.842532
vt 0.582084 0.841288
vt 0.581698 0.842357
vt 0.562801 0.841464
vt 0.598235 0.408444
vt 0.581597 0.388530
vt 0.605941 0.433228
vt 0.593978 0.411345
vt 0.540607 0.842732
vt 0.562500 0.842532
vt 0.516944 0.841882
vt 0.540811 0.841664
vt 0.618434 0.455977
vt 0.610683 0.431212
vt 0.616069 0.481824
vt 0.613390 0.457029
vt 0.492137 0.843174
vt 0.516845 0.842948
vt 0.467309 0.842334
vt 0.492127 0.842108
vt 0.618905 0.507622
vt 0.621222 0.481777
vt 0.606829 0.530596
vt 0.613843 0.506663
vt 0.443666 0.843616
vt 0.467428 0.843399
vt 0.421453 0.842753
vt 0.443443 0.842552
vt 0.599577 0.555516
vt 0.611607 0.532524
vt 0.579628 0.572120
vt 0.595267 0.552693
vt 0.402575 0.843991
vt 0.421773 0.843815
vt 0.581698 0.842357
vt 0.562801 0.841464
vt 0.582084 0.841288
vt 0.563391 0.592368
vt 0.583305 0.575730
vt 0.538607 0.600074
vt 0.560490 0.588110
vt 0.540607 0.842732
vt 0.562500 0.842532
vt 0.516944 0.841882
vt 0.540811 0.841664
vt 0.515858 0.612567
vt 0.540623 0.604816
vt 0.514807 0.607523
vt 0.516845 0.842948
vt 0.463004 0.619418
vt 0.490118 0.621848
vt 0.461672 0.626447
vt 0.490183 0.629002
vt 0.436880 0.611762
vt 0.412761 0.599141
vt 0.408840 0.605126
vt 0.434203 0.618397
vt 0.391555 0.582071
vt 0.374101 0.561181
vt 0.368189 0.565210
vt 0.386542 0.587176
vt 0.361042 0.537295
vt 0.352911 0.511315
vt 0.345907 0.512775
vt 0.354457 0.540093
vt 0.349987 0.484251
vt 0.352417 0.457137
vt 0.345388 0.455805
vt 0.342833 0.484316
vt 0.360073 0.431013
vt 0.372694 0.406893
vt 0.366709 0.402973
vt 0.353438 0.428336
vt 0.389764 0.385688
vt 0.410654 0.368234
vt 0.406625 0.362322
vt 0.384659 0.380675
vt 0.434540 0.355175
vt 0.460520 0.347044
vt 0.459060 0.340040
vt 0.431742 0.348590
vt 0.487584 0.344120
vt 0.514698 0.346550
vt 0.516030 0.339520
vt 0.487519 0.336965
vt 0.540822 0.354206
vt 0.564942 0.366827
vt 0.568862 0.360842
vt 0.543499 0.347571
vt 0.586147 0.383897
vt 0.603601 0.404787
vt 0.609513 0.400758
vt 0.591160 0.378791
vt 0.616660 0.428673
vt 0.624791 0.454653
vt 0.631795 0.453193
vt 0.623245 0.425875
vt 0.627715 0.481717
vt 0.625285 0.508831
vt 0.632314 0.510163
vt 0.634870 0.481652
vt 0.617629 0.534955
vt 0.605008 0.559075
vt 0.610993 0.562995
vt 0.624264 0.537632
vt 0.587938 0.580280
vt 0.567048 0.597734
vt 0.571077 0.603646
vt 0.593044 0.585293
vt 0.543162 0.610793
vt 0.517183 0.618924
vt 0.518642 0.625928
vt 0.545961 0.617378
vt 0.460193 0.634257
vt 0.490256 0.636951
vt 0.458414 0.643645
vt 0.490343 0.646506
vt 0.431228 0.625769
vt 0.404485 0.611775
vt 0.399249 0.619767
vt 0.427652 0.634629
vt 0.380973 0.592848
vt 0.361620 0.569686
vt 0.353725 0.575066
vt 0.374278 0.599666
vt 0.347141 0.543202
vt 0.338126 0.514397
vt 0.328772 0.516346
vt 0.338347 0.546939
vt 0.334884 0.484388
vt 0.337578 0.454326
vt 0.328190 0.452547
vt 0.325329 0.484476
vt 0.346066 0.425361
vt 0.360060 0.398617
vt 0.352068 0.393382
vt 0.337206 0.421785
vt 0.378987 0.375106
vt 0.402149 0.355753
vt 0.396769 0.347858
vt 0.372169 0.368411
vt 0.428633 0.341274
vt 0.457438 0.332259
vt 0.455489 0.322905
vt 0.424896 0.332480
vt 0.487447 0.329017
vt 0.517509 0.331711
vt 0.519288 0.322323
vt 0.487360 0.319462
vt 0.546474 0.340199
vt 0.573218 0.354193
vt 0.578453 0.346200
vt 0.550050 0.331338
vt 0.596729 0.373120
vt 0.616082 0.396282
vt 0.623977 0.390902
vt 0.603424 0.366302
vt 0.630561 0.422766
vt 0.639576 0.451571
vt 0.648930 0.449622
vt 0.639355 0.419029
vt 0.642819 0.481580
vt 0.640124 0.511642
vt 0.649512 0.513421
vt 0.652373 0.481492
vt 0.631636 0.540607
vt 0.617642 0.567350
vt 0.625635 0.572586
vt 0.640497 0.544183
vt 0.598716 0.590862
vt 0.575553 0.610215
vt 0.580933 0.618110
vt 0.605533 0.597557
vt 0.549069 0.624694
vt 0.520264 0.633709
vt 0.522213 0.643063
vt 0.552806 0.633488
vt 0.456313 0.654738
vt 0.490446 0.657797
vt 0.454498 0.664317
vt 0.490535 0.667547
vt 0.423426 0.645100
vt 0.393062 0.629212
vt 0.387720 0.637368
vt 0.419777 0.654142
vt 0.366367 0.607723
vt 0.344395 0.581424
vt 0.336338 0.586915
vt 0.359536 0.614680
vt 0.327955 0.551355
vt 0.317719 0.518650
vt 0.308174 0.520639
vt 0.318981 0.555169
vt 0.314038 0.484578
vt 0.317097 0.450446
vt 0.307517 0.448631
vt 0.304288 0.484667
vt 0.326735 0.417559
vt 0.342623 0.387195
vt 0.334467 0.381852
vt 0.317693 0.413910
vt 0.364112 0.360500
vt 0.390411 0.338528
vt 0.384920 0.330470
vt 0.357155 0.353668
vt 0.420480 0.322088
vt 0.453185 0.311852
vt 0.451196 0.302307
vt 0.416667 0.313114
vt 0.487257 0.308171
vt 0.521389 0.311230
vt 0.523204 0.301650
vt 0.487168 0.298421
vt 0.554276 0.320868
vt 0.584640 0.336756
vt 0.589983 0.328600
vt 0.557925 0.311826
vt 0.611335 0.358245
vt 0.633308 0.384544
vt 0.641365 0.379053
vt 0.618167 0.351288
vt 0.649747 0.414613
vt 0.659983 0.447318
vt 0.669528 0.445329
vt 0.658721 0.410799
vt 0.663664 0.481389
vt 0.660605 0.515522
vt 0.670185 0.517337
vt 0.673414 0.481300
vt 0.650967 0.548409
vt 0.635079 0.578773
vt 0.643235 0.584116
vt 0.660010 0.552058
vt 0.613590 0.605468
vt 0.587291 0.627440
vt 0.592782 0.635498
vt 0.620547 0.612299
vt 0.557222 0.643880
vt 0.524517 0.654116
vt 0.526506 0.663661
vt 0.561036 0.652854
vt 0.491946 0.822313
vt 0.454866 0.814324
vt 0.491870 0.813987
vt 0.454465 0.804555
vt 0.491781 0.804215
vt 0.419279 0.814649
vt 0.421317 0.822958
vt 0.455942 0.822642
vt 0.386491 0.814948
vt 0.385513 0.805184
vt 0.418578 0.804882
vt 0.357739 0.815210
vt 0.361440 0.823504
vt 0.389415 0.823249
vt 0.386491 0.814948
vt 0.385513 0.805184
vt 0.356519 0.805448
vt 0.419279 0.814649
vt 0.421317 0.822958
vt 0.389415 0.823249
vt 0.454866 0.814324
vt 0.454465 0.804555
vt 0.418578 0.804882
vt 0.491870 0.813987
vt 0.491946 0.822313
vt 0.455942 0.822642
vt 0.528875 0.813649
vt 0.529098 0.803874
vt 0.491781 0.804215
vt 0.564462 0.813325
vt 0.562576 0.821669
vt 0.527950 0.821985
vt 0.597250 0.813025
vt 0.598049 0.803245
vt 0.564985 0.803547
vt 0.626002 0.812763
vt 0.622452 0.821123
vt 0.594478 0.821378
vt 0.361440 0.823504
vt 0.386491 0.814948
vt 0.357739 0.815210
vt 0.385513 0.805184
vt 0.356519 0.805448
vt 0.419279 0.814649
vt 0.421317 0.822958
vt 0.389415 0.823249
vt 0.454866 0.814324
vt 0.454465 0.804555
vt 0.418578 0.804882
vt 0.491870 0.813987
vt 0.491946 0.822313
vt 0.455942 0.822642
vt 0.528875 0.813649
vt 0.529098 0.803874
vt 0.491781 0.804215
vt 0.564462 0.813325
vt 0.562576 0.821669
vt 0.527950 0.821985
vt 0.597250 0.813025
vt 0.598049 0.803245
vt 0.564985 0.803547
vt 0.626002 0.812763
vt 0.622452 0.821123
vt 0.594477 0.821378
vt 0.597250 0.813025
vt 0.598049 0.803245
vt 0.627043 0.802981
vt 0.564462 0.813325
vt 0.562576 0.821669
vt 0.594477 0.821378
vt 0.528875 0.813649
vt 0.529098 0.803874
vt 0.564985 0.803547
vt 0.491870 0.813987
vt 0.491946 0.822313
vt 0.527950 0.821985
vt 0.454866 0.814324
vt 0.454465 0.804555
vt 0.491781 0.804215
vt 0.419279 0.814649
vt 0.421317 0.822958
vt 0.455942 0.822642
vt 0.386491 0.814948
vt 0.385513 0.805184
vt 0.418578 0.804882
vt 0.357739 0.815210
vt 0.361440 0.823504
vt 0.389415 0.823249
vt 0.622452 0.821123
vt 0.597250 0.813025
vt 0.626002 0.812763
vt 0.598049 0.803245
vt 0.627043 0.802981
vt 0.564462 0.813325
vt 0.562576 0.821669
vt 0.594477 0.821378
vt 0.528875 0.813649
vt 0.529098 0.803874
vt 0.564985 0.803547
vt 0.527950 0.821985
vt 0.491694 0.794640
vt 0.454492 0.794980
vt 0.491625 0.787063
vt 0.420420 0.787712
vt 0.455327 0.787394
vt 0.418716 0.795306
vt 0.385753 0.795607
vt 0.360056 0.788263
vt 0.388259 0.788006
vt 0.356848 0.795870
vt 0.385753 0.795607
vt 0.420420 0.787712
vt 0.388259 0.788006
vt 0.418716 0.795306
vt 0.454492 0.794980
vt 0.491625 0.787063
vt 0.455328 0.787394
vt 0.491694 0.794640
vt 0.528895 0.794301
vt 0.562829 0.786413
vt 0.527922 0.786732
vt 0.564672 0.793975
vt 0.597635 0.793674
vt 0.623193 0.785863
vt 0.594991 0.786120
vt 0.626540 0.793410
vt 0.356848 0.795870
vt 0.385753 0.795607
vt 0.360056 0.788263
vt 0.420420 0.787712
vt 0.388259 0.788006
vt 0.418716 0.795306
vt 0.454492 0.794980
vt 0.491625 0.787063
vt 0.455328 0.787394
vt 0.491694 0.794640
vt 0.528895 0.794301
vt 0.562829 0.786413
vt 0.527922 0.786732
vt 0.564672 0.793975
vt 0.597635 0.793674
vt 0.623193 0.785863
vt 0.594991 0.786120
vt 0.626540 0.793410
vt 0.597635 0.793674
vt 0.562829 0.786413
vt 0.594991 0.786120
vt 0.564672 0.793975
vt 0.528895 0.794301
vt 0.491625 0.787063
vt 0.527922 0.786732
vt 0.491694 0.794640
vt 0.454492 0.794980
vt 0.420420 0.787712
vt 0.455327 0.787394
vt 0.418716 0.795306
vt 0.385753 0.795607
vt 0.360056 0.788263
vt 0.388259 0.788006
vt 0.356848 0.795870
vt 0.626540 0.793410
vt 0.597635 0.793674
vt 0.623193 0.785863
vt 0.562829 0.786413
vt 0.594991 0.786120
vt 0.564672 0.793975
vt 0.528895 0.794301
vt 0.527922 0.786732
vt 0.454218 0.665794
vt 0.490456 0.658920
vt 0.490548 0.669050
vt 0.456104 0.655841
vt 0.490344 0.646683
vt 0.427586 0.634794
vt 0.458381 0.643819
vt 0.423006 0.646141
vt 0.386896 0.638625
vt 0.419215 0.655536
vt 0.392447 0.630151
vt 0.374154 0.599793
vt 0.399152 0.619916
vt 0.365581 0.608524
vt 0.335096 0.587761
vt 0.358483 0.615752
vt 0.343467 0.582056
vt 0.338184 0.547008
vt 0.353578 0.575166
vt 0.326922 0.551794
vt 0.306703 0.520946
vt 0.317598 0.555756
vt 0.316620 0.518879
vt 0.325152 0.484477
vt 0.328599 0.516382
vt 0.312916 0.484589
vt 0.306041 0.448351
vt 0.302785 0.484681
vt 0.315994 0.450237
vt 0.337041 0.421718
vt 0.328016 0.452514
vt 0.325694 0.417139
vt 0.333210 0.381029
vt 0.316299 0.413348
vt 0.341684 0.386580
vt 0.372042 0.368287
vt 0.351919 0.393285
vt 0.363311 0.359713
vt 0.384074 0.329229
vt 0.356083 0.352616
vt 0.389779 0.337600
vt 0.424827 0.332317
vt 0.396669 0.347711
vt 0.420041 0.321055
vt 0.450889 0.300836
vt 0.416079 0.311731
vt 0.452956 0.310753
vt 0.487358 0.319285
vt 0.455453 0.322732
vt 0.487246 0.307048
vt 0.523484 0.300174
vt 0.487154 0.296918
vt 0.521598 0.310127
vt 0.550117 0.331174
vt 0.519321 0.322149
vt 0.554696 0.319827
vt 0.590806 0.327343
vt 0.558487 0.310432
vt 0.585255 0.335817
vt 0.603548 0.366175
vt 0.578550 0.346052
vt 0.612122 0.357444
vt 0.642606 0.378207
vt 0.619219 0.350215
vt 0.634235 0.383911
vt 0.639518 0.418959
vt 0.624124 0.390802
vt 0.650780 0.414174
vt 0.670999 0.445022
vt 0.660104 0.410212
vt 0.661082 0.447089
vt 0.652550 0.481491
vt 0.649103 0.449585
vt 0.664787 0.481379
vt 0.671661 0.517617
vt 0.674917 0.481287
vt 0.661708 0.515731
vt 0.640661 0.544249
vt 0.649686 0.513454
vt 0.652008 0.548829
vt 0.644492 0.584939
vt 0.661403 0.552620
vt 0.636018 0.579388
vt 0.605660 0.597681
vt 0.625783 0.572683
vt 0.614391 0.606254
vt 0.593628 0.636739
vt 0.621620 0.613352
vt 0.587924 0.628368
vt 0.552876 0.633651
vt 0.581033 0.618257
vt 0.557661 0.644913
vt 0.526813 0.665132
vt 0.561623 0.654237
vt 0.524746 0.655215
vt 0.522250 0.643236
vt 0.490247 0.636034
vt 0.460364 0.633356
vt 0.490165 0.627047
vt 0.434934 0.616584
vt 0.462036 0.624526
vt 0.431571 0.624918
vt 0.404987 0.611008
vt 0.387912 0.585781
vt 0.409912 0.603490
vt 0.381615 0.592194
vt 0.362378 0.569170
vt 0.356257 0.539329
vt 0.369805 0.564109
vt 0.347985 0.542844
vt 0.339023 0.514210
vt 0.344788 0.484298
vt 0.347821 0.512376
vt 0.335801 0.484380
vt 0.338479 0.454496
vt 0.355251 0.429067
vt 0.347309 0.456169
vt 0.346917 0.425704
vt 0.360827 0.399120
vt 0.386054 0.382045
vt 0.368345 0.404044
vt 0.379641 0.375748
vt 0.402666 0.356511
vt 0.432506 0.350390
vt 0.407726 0.363937
vt 0.428991 0.342118
vt 0.457625 0.333156
vt 0.487537 0.338921
vt 0.459459 0.341954
vt 0.487455 0.329933
vt 0.517339 0.332612
vt 0.542768 0.349384
vt 0.515666 0.341441
vt 0.546131 0.341049
vt 0.572715 0.354960
vt 0.589790 0.380187
vt 0.567791 0.362477
vt 0.596087 0.373774
vt 0.615324 0.396798
vt 0.621446 0.426639
vt 0.607898 0.401859
vt 0.629717 0.423124
vt 0.638679 0.451758
vt 0.632914 0.481670
vt 0.629881 0.453592
vt 0.641902 0.481588
vt 0.639224 0.511472
vt 0.622451 0.536901
vt 0.630394 0.509799
vt 0.630786 0.540264
vt 0.616875 0.566848
vt 0.591648 0.583923
vt 0.609358 0.561924
vt 0.598061 0.590220
vt 0.575037 0.609457
vt 0.545196 0.615578
vt 0.569976 0.602031
vt 0.548711 0.623850
vt 0.520077 0.632812
vt 0.518243 0.624014
vt 0.490091 0.618953
vt 0.463543 0.616573
vt 0.490021 0.611230
vt 0.440854 0.601915
vt 0.464980 0.608985
vt 0.437964 0.609077
vt 0.414347 0.596720
vt 0.398995 0.574494
vt 0.418579 0.590259
vt 0.393584 0.580005
vt 0.376493 0.559550
vt 0.370815 0.533142
vt 0.382876 0.555201
vt 0.363707 0.536163
vt 0.355745 0.510725
vt 0.360605 0.484154
vt 0.363306 0.509149
vt 0.352882 0.484224
vt 0.355262 0.457676
vt 0.369920 0.434987
vt 0.362850 0.459113
vt 0.362758 0.432097
vt 0.375115 0.408480
vt 0.397341 0.393128
vt 0.381576 0.412712
vt 0.391830 0.387716
vt 0.412285 0.370626
vt 0.438693 0.364948
vt 0.416634 0.377008
vt 0.435672 0.357840
vt 0.461110 0.349878
vt 0.487681 0.354738
vt 0.462686 0.357439
vt 0.487611 0.347015
vt 0.514159 0.349394
vt 0.536848 0.364053
vt 0.512722 0.356982
vt 0.539738 0.356890
vt 0.563355 0.369248
vt 0.578707 0.391473
vt 0.559123 0.375709
vt 0.584119 0.385962
vt 0.601209 0.406417
vt 0.606887 0.432826
vt 0.594827 0.410767
vt 0.613995 0.429805
vt 0.621957 0.455243
vt 0.617097 0.481814
vt 0.614396 0.456819
vt 0.624820 0.481744
vt 0.622441 0.508292
vt 0.607782 0.530981
vt 0.614853 0.506855
vt 0.614945 0.533871
vt 0.602587 0.557488
vt 0.580362 0.572840
vt 0.596126 0.553256
vt 0.585873 0.578251
vt 0.565418 0.595342
vt 0.539009 0.601020
vt 0.561068 0.588960
vt 0.542030 0.608128
vt 0.516592 0.616090
vt 0.515016 0.608529
vt 0.466445 0.769557
vt 0.491391 0.761425
vt 0.491463 0.769329
vt 0.467813 0.761641
vt 0.491301 0.751582
vt 0.447091 0.751985
vt 0.468765 0.751788
vt 0.445138 0.761847
vt 0.443616 0.595071
vt 0.424246 0.762038
vt 0.409612 0.752327
vt 0.427123 0.752168
vt 0.404166 0.569228
vt 0.422623 0.584086
vt 0.424246 0.762038
vt 0.405926 0.762205
vt 0.447091 0.751985
vt 0.427123 0.752168
vt 0.377608 0.530256
vt 0.388974 0.551046
vt 0.466445 0.769557
vt 0.445138 0.761848
vt 0.442386 0.769777
vt 0.467813 0.761641
vt 0.491301 0.751582
vt 0.468765 0.751788
vt 0.491391 0.761426
vt 0.516481 0.769101
vt 0.491463 0.769329
vt 0.514969 0.761211
vt 0.535511 0.751179
vt 0.513838 0.751377
vt 0.537644 0.761004
vt 0.376764 0.437749
vt 0.558536 0.760813
vt 0.572990 0.750837
vt 0.555480 0.750997
vt 0.402607 0.398299
vt 0.387749 0.416756
vt 0.424246 0.762038
vt 0.409612 0.752327
vt 0.405926 0.762205
vt 0.447091 0.751985
vt 0.427123 0.752168
vt 0.441579 0.371741
vt 0.420790 0.383107
vt 0.466445 0.769557
vt 0.445138 0.761848
vt 0.442386 0.769777
vt 0.467813 0.761641
vt 0.491301 0.751582
vt 0.468765 0.751788
vt 0.491391 0.761426
vt 0.516481 0.769101
vt 0.491463 0.769329
vt 0.514969 0.761211
vt 0.535511 0.751179
vt 0.513838 0.751377
vt 0.537644 0.761004
vt 0.534086 0.370897
vt 0.558536 0.760813
vt 0.572990 0.750837
vt 0.555480 0.750997
vt 0.573536 0.396740
vt 0.555079 0.381882
vt 0.558536 0.760813
vt 0.576856 0.760646
vt 0.535511 0.751179
vt 0.555480 0.750997
vt 0.600094 0.435712
vt 0.588728 0.414922
vt 0.516481 0.769101
vt 0.537644 0.761004
vt 0.540541 0.768882
vt 0.514969 0.761211
vt 0.491301 0.751582
vt 0.513838 0.751377
vt 0.491391 0.761426
vt 0.466445 0.769557
vt 0.491463 0.769329
vt 0.467813 0.761641
vt 0.447091 0.751985
vt 0.468765 0.751788
vt 0.445138 0.761848
vt 0.600938 0.528219
vt 0.424246 0.762038
vt 0.409612 0.752327
vt 0.427123 0.752168
vt 0.575095 0.567669
vt 0.589953 0.549212
vt 0.558536 0.760813
vt 0.572990 0.750837
vt 0.576856 0.760646
vt 0.535511 0.751179
vt 0.555480 0.750997
vt 0.536123 0.594227
vt 0.556913 0.582861
vt 0.516481 0.769101
vt 0.537644 0.761004
vt 0.540541 0.768882
vt 0.514969 0.761210
vt 0.513838 0.751377
vt 0.491201 0.740565
vt 0.468901 0.727353
vt 0.491078 0.727150
vt 0.469034 0.740767
vt 0.447573 0.727547
vt 0.447717 0.740962
vt 0.427923 0.727727
vt 0.410853 0.741298
vt 0.428076 0.741141
vt 0.428076 0.741141
vt 0.410691 0.727884
vt 0.447573 0.727547
vt 0.427923 0.727727
vt 0.447717 0.740962
vt 0.469034 0.740767
vt 0.491201 0.740565
vt 0.468901 0.727353
vt 0.513256 0.726948
vt 0.491078 0.727151
vt 0.534685 0.740169
vt 0.513367 0.740363
vt 0.554326 0.739989
vt 0.534584 0.726754
vt 0.571549 0.739832
vt 0.554234 0.726575
vt 0.410853 0.741298
vt 0.427923 0.727727
vt 0.410691 0.727884
vt 0.447717 0.740962
vt 0.428076 0.741141
vt 0.469034 0.740767
vt 0.447573 0.727547
vt 0.491201 0.740565
vt 0.468901 0.727353
vt 0.513367 0.740363
vt 0.491078 0.727151
vt 0.534685 0.740169
vt 0.513256 0.726948
vt 0.554234 0.726575
vt 0.534584 0.726754
vt 0.554326 0.739989
vt 0.571465 0.726417
vt 0.571549 0.739832
vt 0.554234 0.726575
vt 0.554326 0.739989
vt 0.534584 0.726754
vt 0.534685 0.740169
vt 0.513256 0.726948
vt 0.491201 0.740565
vt 0.513367 0.740363
vt 0.468901 0.727353
vt 0.491078 0.727151
vt 0.447717 0.740962
vt 0.469034 0.740767
vt 0.428076 0.741141
vt 0.447573 0.727547
vt 0.410691 0.727884
vt 0.427923 0.727727
vt 0.410852 0.741298
vt 0.571549 0.739832
vt 0.554234 0.726575
vt 0.571465 0.726417
vt 0.534685 0.740169
vt 0.554326 0.739989
vt 0.513256 0.726948
vt 0.534584 0.726754
vt 0.513367 0.740363
vt 0.490905 0.708114
vt 0.468708 0.708317
vt 0.490596 0.674227
vt 0.447257 0.674622
vt 0.468503 0.674429
vt 0.447362 0.708511
vt 0.427694 0.708691
vt 0.410516 0.674958
vt 0.427682 0.674801
vt 0.427694 0.708691
vt 0.410448 0.708848
vt 0.447257 0.674622
vt 0.427682 0.674801
vt 0.447362 0.708511
vt 0.468708 0.708317
vt 0.490596 0.674227
vt 0.468503 0.674429
vt 0.513101 0.707912
vt 0.490905 0.708114
vt 0.533934 0.673832
vt 0.512688 0.674026
vt 0.534447 0.707717
vt 0.554115 0.707538
vt 0.570675 0.673497
vt 0.553509 0.673653
vt 0.571465 0.726417
vt 0.427694 0.708691
vt 0.410448 0.708848
vt 0.410516 0.674958
vt 0.447257 0.674622
vt 0.427682 0.674801
vt 0.468708 0.708317
vt 0.447362 0.708511
vt 0.490596 0.674227
vt 0.468503 0.674429
vt 0.490905 0.708114
vt 0.513101 0.707912
vt 0.533934 0.673832
vt 0.512688 0.674026
vt 0.534447 0.707717
vt 0.554115 0.707538
vt 0.570675 0.673497
vt 0.553509 0.673653
vt 0.554115 0.707538
vt 0.571361 0.707380
vt 0.533934 0.673832
vt 0.553509 0.673653
vt 0.534447 0.707717
vt 0.513101 0.707912
vt 0.490596 0.674227
vt 0.512688 0.674026
vt 0.490905 0.708114
vt 0.468708 0.708317
vt 0.447257 0.674622
vt 0.468503 0.674429
vt 0.427694 0.708691
vt 0.447362 0.708511
vt 0.410516 0.674958
vt 0.427682 0.674801
vt 0.410448 0.708848
vt 0.554115 0.707538
vt 0.571361 0.707380
vt 0.570675 0.673497
vt 0.534447 0.707717
vt 0.553509 0.673653
vt 0.513101 0.707912
vt 0.533934 0.673832
vt 0.512688 0.674026
vt 0.486894 0.268453
vt 0.461373 0.200127
vt 0.486269 0.199900
vt 0.460820 0.143085
vt 0.485749 0.142858
vt 0.436847 0.143304
vt 0.440417 0.268877
vt 0.463202 0.268669
vt 0.415372 0.200547
vt 0.437431 0.200346
vt 0.396028 0.200723
vt 0.414759 0.143506
vt 0.401015 0.269237
vt 0.419424 0.269069
vt 0.415372 0.200547
vt 0.414759 0.143506
vt 0.395390 0.143682
vt 0.436847 0.143304
vt 0.440417 0.268877
vt 0.419424 0.269069
vt 0.461373 0.200127
vt 0.437431 0.200346
vt 0.460820 0.143085
vt 0.486269 0.199900
vt 0.486894 0.268453
vt 0.463202 0.268669
vt 0.511165 0.199673
vt 0.510677 0.142631
vt 0.485749 0.142858
vt 0.534650 0.142412
vt 0.533372 0.268029
vt 0.510587 0.268237
vt 0.557166 0.199254
vt 0.535107 0.199455
vt 0.556738 0.142211
vt 0.576510 0.199077
vt 0.572774 0.267670
vt 0.554365 0.267838
vt 0.401015 0.269237
vt 0.415372 0.200547
vt 0.396028 0.200723
vt 0.395390 0.143682
vt 0.437431 0.200346
vt 0.414759 0.143506
vt 0.440417 0.268877
vt 0.419424 0.269069
vt 0.461373 0.200127
vt 0.436847 0.143304
vt 0.486269 0.199900
vt 0.460820 0.143085
vt 0.486894 0.268453
vt 0.463202 0.268669
vt 0.511165 0.199673
vt 0.510677 0.142631
vt 0.485749 0.142858
vt 0.535107 0.199455
vt 0.533372 0.268029
vt 0.510587 0.268237
vt 0.557166 0.199254
vt 0.556738 0.142211
vt 0.534650 0.142412
vt 0.576107 0.142034
vt 0.572774 0.267670
vt 0.554365 0.267838
vt 0.557166 0.199254
vt 0.576510 0.199077
vt 0.535107 0.199455
vt 0.556738 0.142211
vt 0.533372 0.268029
vt 0.554365 0.267838
vt 0.511165 0.199673
vt 0.534650 0.142412
vt 0.486269 0.199900
vt 0.510677 0.142631
vt 0.486894 0.268453
vt 0.510587 0.268237
vt 0.461373 0.200127
vt 0.460820 0.143085
vt 0.485749 0.142858
vt 0.437431 0.200346
vt 0.440417 0.268877
vt 0.463202 0.268669
vt 0.415372 0.200547
vt 0.436847 0.143304
vt 0.396028 0.200723
vt 0.414759 0.143506
vt 0.401015 0.269237
vt 0.419424 0.269069
vt 0.572773 0.267670
vt 0.557166 0.199254
vt 0.576510 0.199077
vt 0.556738 0.142211
vt 0.576107 0.142034
vt 0.535107 0.199455
vt 0.533372 0.268029
vt 0.554365 0.267838
vt 0.511165 0.199673
vt 0.510677 0.142631
vt 0.534650 0.142412
vt 0.510587 0.268237
vt 0.485407 0.105440
vt 0.462006 0.105653
vt 0.485195 0.082169
vt 0.442497 0.082558
vt 0.463429 0.082367
vt 0.439501 0.105859
vt 0.418766 0.106048
vt 0.406298 0.082888
vt 0.423210 0.082734
vt 0.400584 0.106214
vt 0.418766 0.106048
vt 0.442497 0.082558
vt 0.423210 0.082734
vt 0.439501 0.105859
vt 0.462006 0.105653
vt 0.485195 0.082169
vt 0.463429 0.082367
vt 0.485407 0.105440
vt 0.508809 0.105226
vt 0.527894 0.081779
vt 0.506961 0.081970
vt 0.531314 0.105021
vt 0.552049 0.104832
vt 0.564092 0.081449
vt 0.547180 0.081603
vt 0.570231 0.104666
vt 0.400584 0.106214
vt 0.418766 0.106048
vt 0.406298 0.082888
vt 0.442497 0.082558
vt 0.423210 0.082734
vt 0.439501 0.105859
vt 0.462006 0.105653
vt 0.485195 0.082169
vt 0.463429 0.082367
vt 0.485407 0.105440
vt 0.508809 0.105226
vt 0.527894 0.081779
vt 0.506961 0.081970
vt 0.531314 0.105021
vt 0.552049 0.104832
vt 0.564092 0.081449
vt 0.547180 0.081603
vt 0.570231 0.104666
vt 0.552049 0.104832
vt 0.527894 0.081779
vt 0.547180 0.081603
vt 0.531314 0.105021
vt 0.508809 0.105226
vt 0.485195 0.082169
vt 0.506961 0.081970
vt 0.485407 0.105440
vt 0.462006 0.105653
vt 0.442497 0.082558
vt 0.463429 0.082367
vt 0.439501 0.105859
vt 0.418766 0.106048
vt 0.406298 0.082888
vt 0.423210 0.082734
vt 0.400584 0.106214
vt 0.570231 0.104666
vt 0.552049 0.104832
vt 0.564092 0.081449
vt 0.527894 0.081779
vt 0.547180 0.081603
vt 0.531314 0.105021
vt 0.508809 0.105226
vt 0.506961 0.081970
vt 0.484946 0.054806
vt 0.461689 0.049470
vt 0.484895 0.049259
vt 0.489936 0.601943
vt 0.465531 0.606079
vt 0.489994 0.608272
vt 0.444330 0.593303
vt 0.466709 0.599861
vt 0.441429 0.055203
vt 0.462762 0.055009
vt 0.446292 0.588440
vt 0.423667 0.582491
vt 0.420200 0.587785
vt 0.441961 0.599172
vt 0.405502 0.567868
vt 0.409176 0.564126
vt 0.426541 0.578105
vt 0.390549 0.549972
vt 0.385320 0.553536
vt 0.401067 0.572384
vt 0.379363 0.529510
vt 0.384189 0.527459
vt 0.394883 0.547019
vt 0.441429 0.055203
vt 0.461689 0.049470
vt 0.439371 0.049674
vt 0.366201 0.508546
vt 0.373538 0.531985
vt 0.369892 0.484069
vt 0.372397 0.507254
vt 0.484946 0.054806
vt 0.462762 0.055009
vt 0.508101 0.049047
vt 0.484895 0.049259
vt 0.365756 0.459664
vt 0.363563 0.484127
vt 0.378532 0.438463
vt 0.371974 0.460842
vt 0.528462 0.054409
vt 0.507129 0.054604
vt 0.383395 0.440425
vt 0.389344 0.417800
vt 0.384050 0.414332
vt 0.372663 0.436094
vt 0.403967 0.399634
vt 0.407709 0.403309
vt 0.393730 0.420674
vt 0.421863 0.384682
vt 0.418299 0.379452
vt 0.399451 0.395200
vt 0.442325 0.373495
vt 0.444376 0.378322
vt 0.424816 0.389015
vt 0.441429 0.055203
vt 0.461689 0.049470
vt 0.439371 0.049674
vt 0.463289 0.360334
vt 0.439850 0.367670
vt 0.487766 0.364025
vt 0.464581 0.366530
vt 0.484946 0.054806
vt 0.462762 0.055009
vt 0.508101 0.049047
vt 0.484895 0.049259
vt 0.512171 0.359889
vt 0.487708 0.357696
vt 0.533372 0.372665
vt 0.510993 0.366107
vt 0.528462 0.054409
vt 0.507129 0.054604
vt 0.531410 0.377528
vt 0.554035 0.383477
vt 0.557503 0.378183
vt 0.535741 0.366796
vt 0.572201 0.398100
vt 0.568527 0.401842
vt 0.551162 0.387863
vt 0.587153 0.415996
vt 0.592383 0.412432
vt 0.576635 0.393584
vt 0.598340 0.436458
vt 0.593513 0.438509
vt 0.582820 0.418949
vt 0.528462 0.054409
vt 0.508101 0.049047
vt 0.530418 0.048843
vt 0.611501 0.457422
vt 0.604165 0.433983
vt 0.607810 0.481899
vt 0.605305 0.458714
vt 0.484946 0.054806
vt 0.507129 0.054604
vt 0.461689 0.049470
vt 0.484895 0.049259
vt 0.611947 0.506304
vt 0.614139 0.481841
vt 0.599170 0.527505
vt 0.605729 0.505126
vt 0.441429 0.055203
vt 0.462762 0.055009
vt 0.594307 0.525543
vt 0.588358 0.548168
vt 0.593652 0.551636
vt 0.605039 0.529874
vt 0.573735 0.566333
vt 0.569993 0.562659
vt 0.583972 0.545294
vt 0.555839 0.581286
vt 0.559403 0.586515
vt 0.578251 0.570768
vt 0.535377 0.592472
vt 0.533326 0.587646
vt 0.552886 0.576952
vt 0.528462 0.054409
vt 0.508101 0.049047
vt 0.530419 0.048843
vt 0.514413 0.605633
vt 0.537853 0.598297
vt 0.513122 0.599438
vt 0.507129 0.054604
vt 0.464162 0.613308
vt 0.490061 0.615629
vt 0.462781 0.620597
vt 0.490129 0.623048
vt 0.439208 0.605995
vt 0.416168 0.593939
vt 0.412103 0.600145
vt 0.436431 0.612875
vt 0.395912 0.577634
vt 0.379240 0.557679
vt 0.373110 0.561856
vt 0.390714 0.582927
vt 0.366766 0.534863
vt 0.358999 0.510047
vt 0.351737 0.511560
vt 0.359938 0.537764
vt 0.356206 0.484194
vt 0.358527 0.458294
vt 0.351238 0.456914
vt 0.348787 0.484262
vt 0.365840 0.433341
vt 0.377896 0.410301
vt 0.371690 0.406236
vt 0.358960 0.430564
vt 0.394201 0.390045
vt 0.414156 0.373373
vt 0.409979 0.367242
vt 0.388908 0.384847
vt 0.436972 0.360899
vt 0.461788 0.353132
vt 0.460275 0.345870
vt 0.434071 0.354071
vt 0.487641 0.350339
vt 0.513541 0.352660
vt 0.514921 0.345371
vt 0.487574 0.342920
vt 0.538494 0.359973
vt 0.561534 0.372028
vt 0.565599 0.365823
vt 0.541271 0.353093
vt 0.581790 0.388334
vt 0.598462 0.408289
vt 0.604593 0.404112
vt 0.586988 0.383041
vt 0.610936 0.431105
vt 0.618703 0.455921
vt 0.625966 0.454408
vt 0.617764 0.428203
vt 0.621496 0.481774
vt 0.619175 0.507674
vt 0.626464 0.509054
vt 0.628915 0.481706
vt 0.611862 0.532627
vt 0.599807 0.555667
vt 0.606012 0.559732
vt 0.618742 0.535404
vt 0.583501 0.575923
vt 0.563546 0.592595
vt 0.567724 0.598725
vt 0.588795 0.581121
vt 0.540730 0.605069
vt 0.515914 0.612836
vt 0.517427 0.620098
vt 0.543632 0.611897
vt 0.484804 0.039260
vt 0.456169 0.030317
vt 0.484720 0.030056
vt 0.455284 0.019142
vt 0.484618 0.018874
vt 0.428712 0.030567
vt 0.431204 0.039749
vt 0.457480 0.039509
vt 0.403414 0.030798
vt 0.401084 0.019636
vt 0.427075 0.019399
vt 0.381230 0.031000
vt 0.385764 0.040164
vt 0.406993 0.039970
vt 0.403414 0.030798
vt 0.401084 0.019636
vt 0.378292 0.019844
vt 0.428712 0.030567
vt 0.431204 0.039749
vt 0.406993 0.039970
vt 0.456169 0.030317
vt 0.455284 0.019142
vt 0.427075 0.019399
vt 0.484720 0.030056
vt 0.484804 0.039260
vt 0.457480 0.039509
vt 0.513271 0.029796
vt 0.513951 0.018607
vt 0.484618 0.018874
vt 0.540728 0.029546
vt 0.538404 0.038771
vt 0.512127 0.039011
vt 0.566026 0.029315
vt 0.568152 0.018112
vt 0.542161 0.018349
vt 0.588209 0.029112
vt 0.583844 0.038357
vt 0.562614 0.038550
vt 0.385764 0.040164
vt 0.403414 0.030798
vt 0.381230 0.031000
vt 0.401084 0.019636
vt 0.378292 0.019844
vt 0.428712 0.030567
vt 0.431204 0.039749
vt 0.406993 0.039970
vt 0.456169 0.030317
vt 0.455284 0.019142
vt 0.427075 0.019399
vt 0.484720 0.030056
vt 0.484804 0.039260
vt 0.457480 0.039509
vt 0.513271 0.029796
vt 0.513951 0.018607
vt 0.484618 0.018874
vt 0.540728 0.029546
vt 0.538404 0.038771
vt 0.512127 0.039011
vt 0.566026 0.029315
vt 0.568152 0.018112
vt 0.542161 0.018349
vt 0.588209 0.029112
vt 0.583844 0.038357
vt 0.562614 0.038550
vt 0.566026 0.029315
vt 0.568152 0.018112
vt 0.590944 0.017905
vt 0.540728 0.029546
vt 0.538404 0.038771
vt 0.562614 0.038550
vt 0.513271 0.029796
vt 0.513951 0.018607
vt 0.542161 0.018349
vt 0.484720 0.030056
vt 0.484804 0.039260
vt 0.512127 0.039011
vt 0.456169 0.030317
vt 0.455284 0.019142
vt 0.484618 0.018874
vt 0.428712 0.030567
vt 0.431204 0.039749
vt 0.457480 0.039509
vt 0.403414 0.030798
vt 0.401084 0.019636
vt 0.427075 0.019399
vt 0.381230 0.031000
vt 0.385764 0.040164
vt 0.406993 0.039970
vt 0.583844 0.038357
vt 0.566026 0.029315
vt 0.588209 0.029112
vt 0.568152 0.018112
vt 0.590943 0.017905
vt 0.540728 0.029546
vt 0.538404 0.038771
vt 0.562614 0.038550
vt 0.513271 0.029796
vt 0.513951 0.018607
vt 0.542161 0.018349
vt 0.512127 0.039011
vt 0.455070 0.008813
vt 0.484526 0.008545
vt 0.455728 0.000653
vt 0.484471 0.000390
vt 0.428085 0.000905
vt 0.426742 0.009072
vt 0.400642 0.009310
vt 0.402616 0.001137
vt 0.380281 0.001341
vt 0.377754 0.009519
vt 0.400637 0.009310
vt 0.402580 0.001137
vt 0.428045 0.000905
vt 0.426737 0.009072
vt 0.455065 0.008813
vt 0.455686 0.000653
vt 0.484428 0.000391
vt 0.484521 0.008545
vt 0.513977 0.008276
vt 0.513170 0.000129
vt 0.540813 -0.000124
vt 0.542305 0.008018
vt 0.568405 0.007780
vt 0.566283 -0.000356
vt 0.588618 -0.000560
vt 0.591293 0.007571
vt 0.400637 0.009310
vt 0.377751 0.009519
vt 0.402580 0.001137
vt 0.380250 0.001341
vt 0.428045 0.000905
vt 0.426737 0.009072
vt 0.455065 0.008813
vt 0.455686 0.000653
vt 0.484428 0.000391
vt 0.484521 0.008545
vt 0.513977 0.008276
vt 0.513170 0.000129
vt 0.540813 -0.000124
vt 0.542305 0.008018
vt 0.568405 0.007780
vt 0.566283 -0.000356
vt 0.588618 -0.000560
vt 0.591293 0.007571
vt 0.568410 0.007780
vt 0.566319 -0.000356
vt 0.540853 -0.000124
vt 0.542310 0.008018
vt 0.513982 0.008276
vt 0.513213 0.000128
vt 0.484471 0.000390
vt 0.484526 0.008545
vt 0.455070 0.008813
vt 0.455728 0.000653
vt 0.428085 0.000905
vt 0.426742 0.009072
vt 0.400642 0.009310
vt 0.402616 0.001137
vt 0.380281 0.001341
vt 0.377754 0.009519
vt 0.568410 0.007780
vt 0.591297 0.007571
vt 0.566319 -0.000356
vt 0.588648 -0.000560
vt 0.540853 -0.000124
vt 0.542310 0.008018
vt 0.513982 0.008276
vt 0.513213 0.000128
vt 0.490189 0.615402
vt 0.464772 0.611089
vt 0.490227 0.613333
vt 0.464136 0.614490
vt 0.490266 0.616793
vt 0.438952 0.607149
vt 0.464331 0.613110
vt 0.440239 0.603938
vt 0.439413 0.605834
vt 0.417581 0.592123
vt 0.415692 0.595022
vt 0.395234 0.578602
vt 0.416401 0.593821
vt 0.397653 0.576128
vt 0.396163 0.577563
vt 0.381241 0.556541
vt 0.378386 0.558496
vt 0.365769 0.535498
vt 0.379500 0.557659
vt 0.368950 0.534137
vt 0.367025 0.534894
vt 0.361283 0.509761
vt 0.357897 0.510475
vt 0.355042 0.484399
vt 0.359247 0.510128
vt 0.358502 0.484360
vt 0.356433 0.484322
vt 0.360746 0.458905
vt 0.357345 0.458269
vt 0.364686 0.433085
vt 0.358725 0.458464
vt 0.367898 0.434372
vt 0.366001 0.433546
vt 0.379712 0.411714
vt 0.376814 0.409825
vt 0.393233 0.389367
vt 0.378014 0.410533
vt 0.395707 0.391786
vt 0.394272 0.390296
vt 0.415294 0.375373
vt 0.413339 0.372519
vt 0.436337 0.359902
vt 0.414176 0.373633
vt 0.437698 0.363083
vt 0.436941 0.361158
vt 0.462074 0.355416
vt 0.461360 0.352030
vt 0.487436 0.349174
vt 0.461707 0.353380
vt 0.487476 0.352634
vt 0.487514 0.350566
vt 0.512930 0.354879
vt 0.513566 0.351478
vt 0.538750 0.358819
vt 0.513371 0.352858
vt 0.537463 0.362030
vt 0.538289 0.360134
vt 0.560121 0.373845
vt 0.562010 0.370946
vt 0.582468 0.387366
vt 0.561302 0.372146
vt 0.580049 0.389840
vt 0.581539 0.388405
vt 0.596462 0.409427
vt 0.599316 0.407472
vt 0.611933 0.430470
vt 0.598202 0.408309
vt 0.608752 0.431831
vt 0.610677 0.431074
vt 0.616419 0.456207
vt 0.619805 0.455493
vt 0.622661 0.481569
vt 0.618455 0.455840
vt 0.619201 0.481608
vt 0.621269 0.481646
vt 0.616956 0.507063
vt 0.620357 0.507699
vt 0.613016 0.532883
vt 0.618977 0.507504
vt 0.609805 0.531596
vt 0.611701 0.532422
vt 0.597990 0.554254
vt 0.600889 0.556143
vt 0.584469 0.576601
vt 0.599689 0.555434
vt 0.581995 0.574182
vt 0.583431 0.575672
vt 0.562408 0.590594
vt 0.564364 0.593449
vt 0.541365 0.606066
vt 0.563526 0.592335
vt 0.540005 0.602885
vt 0.540761 0.604810
vt 0.515628 0.610552
vt 0.516342 0.613938
vt 0.515995 0.612588
vt 0.490270 0.624602
vt 0.462616 0.622149
vt 0.490267 0.633493
vt 0.435967 0.614365
vt 0.460879 0.630868
vt 0.411357 0.601516
vt 0.432562 0.622578
vt 0.389715 0.584126
vt 0.406415 0.608907
vt 0.371896 0.562837
vt 0.383426 0.590411
vt 0.358556 0.538490
vt 0.364502 0.567774
vt 0.350240 0.512002
vt 0.350341 0.541890
vt 0.347233 0.484403
vt 0.341520 0.513734
vt 0.349686 0.456749
vt 0.338342 0.484400
vt 0.357470 0.430100
vt 0.340967 0.455012
vt 0.370319 0.405490
vt 0.349257 0.426695
vt 0.387709 0.383848
vt 0.362929 0.400548
vt 0.408998 0.366028
vt 0.381424 0.377559
vt 0.433345 0.352689
vt 0.404061 0.358635
vt 0.459833 0.344373
vt 0.429945 0.344473
vt 0.487432 0.341366
vt 0.458101 0.335652
vt 0.515086 0.343819
vt 0.487435 0.332475
vt 0.541735 0.351603
vt 0.516823 0.335100
vt 0.566345 0.364452
vt 0.545140 0.343390
vt 0.587987 0.381841
vt 0.571287 0.357061
vt 0.605807 0.403130
vt 0.594276 0.375556
vt 0.619146 0.427478
vt 0.613200 0.398193
vt 0.627463 0.453966
vt 0.627362 0.424078
vt 0.630469 0.481565
vt 0.636183 0.452234
vt 0.628016 0.509219
vt 0.639360 0.481568
vt 0.620232 0.535868
vt 0.636735 0.510956
vt 0.607383 0.560478
vt 0.628445 0.539273
vt 0.589994 0.582120
vt 0.614774 0.565420
vt 0.568705 0.599939
vt 0.596279 0.588409
vt 0.544357 0.613279
vt 0.573642 0.607333
vt 0.517869 0.621595
vt 0.547757 0.621494
vt 0.519601 0.630315
vt 0.490363 0.647591
vt 0.456715 0.652783
vt 0.490459 0.655801
vt 0.455186 0.660919
vt 0.490546 0.664079
vt 0.421115 0.650943
vt 0.458223 0.644713
vt 0.424202 0.643261
vt 0.427256 0.635640
vt 0.394182 0.627560
vt 0.389656 0.634491
vt 0.361996 0.612236
vt 0.398663 0.620681
vt 0.367788 0.606321
vt 0.373525 0.600448
vt 0.346061 0.580326
vt 0.339227 0.584998
vt 0.322190 0.553852
vt 0.352834 0.575686
vt 0.329804 0.550603
vt 0.337352 0.547374
vt 0.319679 0.518273
vt 0.311578 0.519974
vt 0.307756 0.484679
vt 0.327712 0.516578
vt 0.316034 0.484591
vt 0.324244 0.484496
vt 0.319052 0.450848
vt 0.310916 0.449319
vt 0.320892 0.415248
vt 0.327122 0.452356
vt 0.328574 0.418335
vt 0.336195 0.421389
vt 0.344275 0.388314
vt 0.337344 0.383789
vt 0.359599 0.356129
vt 0.351154 0.392796
vt 0.365514 0.361920
vt 0.371387 0.367658
vt 0.391509 0.340194
vt 0.386837 0.333360
vt 0.417983 0.316322
vt 0.396149 0.346967
vt 0.421232 0.323937
vt 0.424461 0.331485
vt 0.453562 0.313812
vt 0.451861 0.305710
vt 0.487156 0.301889
vt 0.455257 0.321845
vt 0.487244 0.310167
vt 0.487339 0.318377
vt 0.520987 0.313185
vt 0.522516 0.305049
vt 0.556587 0.315025
vt 0.519479 0.321255
vt 0.553500 0.322707
vt 0.550447 0.330328
vt 0.583520 0.338408
vt 0.588046 0.331477
vt 0.615706 0.353732
vt 0.579039 0.345287
vt 0.609915 0.359647
vt 0.604177 0.365520
vt 0.631641 0.385642
vt 0.638475 0.380970
vt 0.655513 0.412116
vt 0.624868 0.390281
vt 0.647898 0.415365
vt 0.640350 0.418594
vt 0.658023 0.447695
vt 0.666125 0.445994
vt 0.669946 0.481289
vt 0.649990 0.449390
vt 0.661668 0.481376
vt 0.653459 0.481472
vt 0.658650 0.515120
vt 0.666786 0.516649
vt 0.656810 0.550720
vt 0.650580 0.513612
vt 0.649128 0.547633
vt 0.641507 0.544579
vt 0.633427 0.577653
vt 0.640358 0.582179
vt 0.618103 0.609839
vt 0.626549 0.573172
vt 0.612188 0.604047
vt 0.606315 0.598310
vt 0.586193 0.625774
vt 0.590865 0.632608
vt 0.559719 0.649645
vt 0.581554 0.619001
vt 0.556470 0.642031
vt 0.553241 0.634483
vt 0.524140 0.652156
vt 0.525841 0.660257
vt 0.522445 0.644123
vt 0.490597 0.670968
vt 0.453892 0.667685
vt 0.490633 0.677111
vt 0.418525 0.657327
vt 0.452728 0.673716
vt 0.385871 0.640247
vt 0.416208 0.663016
vt 0.357160 0.617144
vt 0.382488 0.645374
vt 0.333528 0.588867
vt 0.352842 0.621512
vt 0.315844 0.556535
vt 0.328440 0.592310
vt 0.304831 0.521368
vt 0.310183 0.558919
vt 0.300867 0.484730
vt 0.298814 0.522601
vt 0.304150 0.448024
vt 0.294724 0.484765
vt 0.314508 0.412658
vt 0.298119 0.446861
vt 0.331588 0.380003
vt 0.308819 0.410341
vt 0.354692 0.351293
vt 0.326461 0.376621
vt 0.382968 0.327660
vt 0.350323 0.346975
vt 0.415300 0.309977
vt 0.379525 0.322573
vt 0.450467 0.298964
vt 0.412916 0.304315
vt 0.487105 0.294999
vt 0.449234 0.292947
vt 0.523811 0.298283
vt 0.487070 0.288857
vt 0.559177 0.308641
vt 0.524974 0.292251
vt 0.591831 0.325721
vt 0.561495 0.302952
vt 0.620542 0.348824
vt 0.595214 0.320594
vt 0.644175 0.377101
vt 0.624860 0.344455
vt 0.661858 0.409433
vt 0.649262 0.373658
vt 0.672871 0.444600
vt 0.667520 0.407049
vt 0.676836 0.481238
vt 0.678888 0.443367
vt 0.673552 0.517943
vt 0.682979 0.481202
vt 0.663194 0.553310
vt 0.679584 0.519107
vt 0.646114 0.585964
vt 0.668883 0.555627
vt 0.623011 0.614675
vt 0.651241 0.589347
vt 0.594734 0.638307
vt 0.627380 0.618993
vt 0.562403 0.655991
vt 0.598177 0.643395
vt 0.527235 0.667004
vt 0.564786 0.661653
vt 0.528468 0.673021
vt 0.446234 -0.038240
vt 0.484037 -0.044974
vt 0.484104 -0.038585
vt 0.443613 -0.051831
vt 0.483969 -0.052199
vt 0.407330 -0.044275
vt 0.444934 -0.044618
vt 0.451543 0.679922
vt 0.413835 0.668871
vt 0.375494 0.656030
vt 0.411427 0.674833
vt 0.348409 0.626014
vt 0.379018 0.650654
vt 0.317901 0.599478
vt 0.343904 0.630600
vt 0.304364 0.561381
vt 0.323214 0.595859
vt 0.407327 -0.044275
vt 0.443613 -0.051831
vt 0.404802 -0.051477
vt 0.484034 -0.044974
vt 0.444932 -0.044618
vt 0.484083 -0.038585
vt 0.446213 -0.038240
vt 0.521953 -0.038931
vt 0.524326 -0.052567
vt 0.483969 -0.052199
vt 0.560741 -0.045674
vt 0.523136 -0.045331
vt 0.291913 0.445676
vt 0.302964 0.407967
vt 0.315805 0.369627
vt 0.297002 0.405560
vt 0.345821 0.342542
vt 0.321181 0.373151
vt 0.372357 0.312034
vt 0.341235 0.338036
vt 0.410454 0.298497
vt 0.375976 0.317347
vt 0.407327 -0.044275
vt 0.443613 -0.051831
vt 0.404802 -0.051477
vt 0.484034 -0.044974
vt 0.444932 -0.044618
vt 0.484083 -0.038585
vt 0.446213 -0.038240
vt 0.521953 -0.038931
vt 0.524326 -0.052567
vt 0.483969 -0.052199
vt 0.560741 -0.045674
vt 0.523136 -0.045331
vt 0.526159 0.286046
vt 0.563868 0.297097
vt 0.602208 0.309937
vt 0.566275 0.291135
vt 0.629293 0.339954
vt 0.598684 0.315314
vt 0.659801 0.366490
vt 0.633799 0.335368
vt 0.673338 0.404587
vt 0.654488 0.370109
vt 0.560744 -0.045674
vt 0.524326 -0.052567
vt 0.563137 -0.052921
vt 0.484037 -0.044974
vt 0.523139 -0.045331
vt 0.484104 -0.038585
vt 0.521974 -0.038931
vt 0.446234 -0.038240
vt 0.443613 -0.051831
vt 0.483969 -0.052199
vt 0.407330 -0.044275
vt 0.444934 -0.044618
vt 0.685789 0.520292
vt 0.674738 0.558001
vt 0.661898 0.596341
vt 0.680700 0.560408
vt 0.631881 0.623426
vt 0.656521 0.592817
vt 0.605345 0.653934
vt 0.636467 0.627932
vt 0.567248 0.667471
vt 0.601727 0.648621
vt 0.560744 -0.045674
vt 0.524326 -0.052567
vt 0.563137 -0.052921
vt 0.523139 -0.045331
vt 0.521974 -0.038931
vt 0.442343 -0.060004
vt 0.483895 -0.060383
vt 0.441284 -0.069293
vt 0.483810 -0.069681
vt 0.402383 -0.059639
vt 0.404802 -0.051477
vt 0.365566 -0.059304
vt 0.362707 -0.068576
vt 0.400387 -0.068920
vt 0.333281 -0.059009
vt 0.337688 -0.050864
vt 0.369044 -0.051150
vt 0.365566 -0.059304
vt 0.362707 -0.068576
vt 0.329665 -0.068275
vt 0.402383 -0.059639
vt 0.369044 -0.051150
vt 0.442343 -0.060004
vt 0.441284 -0.069293
vt 0.400387 -0.068920
vt 0.483895 -0.060383
vt 0.525446 -0.060762
vt 0.526336 -0.070069
vt 0.483810 -0.069681
vt 0.565407 -0.061126
vt 0.563137 -0.052921
vt 0.602224 -0.061462
vt 0.604913 -0.070786
vt 0.567233 -0.070442
vt 0.634509 -0.061757
vt 0.630251 -0.053533
vt 0.598895 -0.053247
vt 0.337688 -0.050864
vt 0.365566 -0.059304
vt 0.333281 -0.059009
vt 0.362707 -0.068576
vt 0.329665 -0.068275
vt 0.402383 -0.059639
vt 0.369044 -0.051150
vt 0.442343 -0.060004
vt 0.441284 -0.069293
vt 0.400387 -0.068920
vt 0.483895 -0.060383
vt 0.525446 -0.060762
vt 0.526336 -0.070069
vt 0.483810 -0.069681
vt 0.565407 -0.061126
vt 0.563137 -0.052921
vt 0.602224 -0.061462
vt 0.604913 -0.070786
vt 0.567233 -0.070442
vt 0.634509 -0.061757
vt 0.630251 -0.053533
vt 0.598895 -0.053247
vt 0.602224 -0.061462
vt 0.604913 -0.070786
vt 0.637955 -0.071087
vt 0.565406 -0.061126
vt 0.598895 -0.053247
vt 0.525446 -0.060762
vt 0.526336 -0.070069
vt 0.567233 -0.070442
vt 0.483895 -0.060383
vt 0.442343 -0.060004
vt 0.441284 -0.069293
vt 0.483810 -0.069681
vt 0.402383 -0.059639
vt 0.404802 -0.051477
vt 0.365566 -0.059304
vt 0.362707 -0.068576
vt 0.400387 -0.068920
vt 0.333281 -0.059009
vt 0.337688 -0.050864
vt 0.369044 -0.051150
vt 0.630251 -0.053533
vt 0.602224 -0.061462
vt 0.634509 -0.061757
vt 0.604913 -0.070786
vt 0.637955 -0.071087
vt 0.565407 -0.061126
vt 0.598895 -0.053247
vt 0.525446 -0.060762
vt 0.526336 -0.070069
vt 0.567233 -0.070442
vt 0.440565 -0.079693
vt 0.483715 -0.080087
vt 0.440108 -0.090530
vt 0.483616 -0.090927
vt 0.399067 -0.079315
vt 0.360833 -0.078966
vt 0.359715 -0.089797
vt 0.398266 -0.090148
vt 0.327306 -0.078660
vt 0.360833 -0.078966
vt 0.359715 -0.089797
vt 0.325910 -0.089489
vt 0.399067 -0.079315
vt 0.440565 -0.079693
vt 0.440108 -0.090530
vt 0.398266 -0.090148
vt 0.483715 -0.080087
vt 0.526865 -0.080481
vt 0.527125 -0.091324
vt 0.483616 -0.090927
vt 0.568363 -0.080859
vt 0.606597 -0.081208
vt 0.607518 -0.092057
vt 0.568966 -0.091706
vt 0.640124 -0.081514
vt 0.637955 -0.071087
vt 0.360833 -0.078966
vt 0.327306 -0.078660
vt 0.359715 -0.089797
vt 0.325910 -0.089489
vt 0.399067 -0.079315
vt 0.440565 -0.079693
vt 0.440108 -0.090530
vt 0.398266 -0.090148
vt 0.483715 -0.080087
vt 0.526865 -0.080481
vt 0.527125 -0.091324
vt 0.483616 -0.090927
vt 0.568363 -0.080859
vt 0.606597 -0.081208
vt 0.607517 -0.092057
vt 0.568966 -0.091706
vt 0.640124 -0.081514
vt 0.606597 -0.081208
vt 0.607517 -0.092057
vt 0.641323 -0.092366
vt 0.568363 -0.080859
vt 0.526865 -0.080481
vt 0.527125 -0.091324
vt 0.568966 -0.091706
vt 0.483715 -0.080087
vt 0.440565 -0.079693
vt 0.440108 -0.090530
vt 0.483616 -0.090927
vt 0.399067 -0.079315
vt 0.360833 -0.078966
vt 0.359715 -0.089797
vt 0.398266 -0.090148
vt 0.327306 -0.078660
vt 0.329665 -0.068275
vt 0.606597 -0.081208
vt 0.640124 -0.081514
vt 0.607517 -0.092057
vt 0.641323 -0.092366
vt 0.568363 -0.080859
vt 0.526865 -0.080481
vt 0.527125 -0.091324
vt 0.568966 -0.091706
vt 0.439817 -0.101164
vt 0.483519 -0.101563
vt 0.439726 -0.111769
vt 0.483422 -0.112167
vt 0.397703 -0.111386
vt 0.359066 -0.100428
vt 0.397789 -0.100781
vt 0.358986 -0.111032
vt 0.325034 -0.110723
vt 0.359066 -0.100428
vt 0.325110 -0.100118
vt 0.358986 -0.111032
vt 0.397703 -0.111386
vt 0.439817 -0.101164
vt 0.397789 -0.100781
vt 0.439726 -0.111769
vt 0.483422 -0.112167
vt 0.527221 -0.101961
vt 0.483519 -0.101563
vt 0.569142 -0.112949
vt 0.527119 -0.112566
vt 0.607972 -0.102698
vt 0.569250 -0.102345
vt 0.607859 -0.113302
vt 0.641928 -0.103008
vt 0.641323 -0.092366
vt 0.359066 -0.100428
vt 0.325110 -0.100118
vt 0.358986 -0.111032
vt 0.325034 -0.110723
vt 0.397789 -0.100781
vt 0.439817 -0.101164
vt 0.397703 -0.111386
vt 0.483422 -0.112167
vt 0.439726 -0.111769
vt 0.527221 -0.101961
vt 0.483519 -0.101563
vt 0.527119 -0.112566
vt 0.569250 -0.102345
vt 0.607972 -0.102698
vt 0.569142 -0.112949
vt 0.641928 -0.103008
vt 0.607859 -0.113302
vt 0.607972 -0.102698
vt 0.641811 -0.113612
vt 0.569142 -0.112949
vt 0.607859 -0.113302
vt 0.527221 -0.101961
vt 0.569249 -0.102345
vt 0.527119 -0.112566
vt 0.483422 -0.112167
vt 0.439817 -0.101164
vt 0.483519 -0.101563
vt 0.397789 -0.100781
vt 0.439726 -0.111769
vt 0.359066 -0.100428
vt 0.397703 -0.111386
vt 0.325034 -0.110723
vt 0.358986 -0.111032
vt 0.325910 -0.089489
vt 0.607972 -0.102698
vt 0.641928 -0.103008
vt 0.607859 -0.113302
vt 0.641811 -0.113612
vt 0.569142 -0.112949
vt 0.527221 -0.101961
vt 0.569249 -0.102345
vt 0.527119 -0.112566
vt 0.448095 0.698114
vt 0.490800 0.696628
vt 0.490848 0.701946
vt 0.441523 -0.136173
vt 0.483167 -0.140182
vt 0.483200 -0.136554
vt 0.402355 -0.139445
vt 0.441972 -0.139807
vt 0.408893 0.681111
vt 0.449085 0.692890
vt 0.368871 0.666142
vt 0.406903 0.686043
vt 0.364513 -0.135471
vt 0.401442 -0.135808
vt 0.333846 -0.138820
vt 0.365854 -0.139112
vt 0.339160 0.635431
vt 0.371785 0.661694
vt 0.307912 0.606285
vt 0.335434 0.639226
vt 0.364513 -0.135471
vt 0.332131 -0.135176
vt 0.402355 -0.139445
vt 0.365854 -0.139112
vt 0.292215 0.566543
vt 0.312306 0.603291
vt 0.274500 0.527657
vt 0.287321 0.568622
vt 0.441523 -0.136173
vt 0.401442 -0.135808
vt 0.483167 -0.140182
vt 0.441972 -0.139807
vt 0.275207 0.484933
vt 0.279706 0.526572
vt 0.273721 0.442228
vt 0.269889 0.484981
vt 0.524877 -0.136934
vt 0.483200 -0.136554
vt 0.563979 -0.140919
vt 0.524362 -0.140558
vt 0.290724 0.403026
vt 0.278945 0.443218
vt 0.305693 0.363004
vt 0.285792 0.401036
vt 0.601887 -0.137636
vt 0.564958 -0.137299
vt 0.632487 -0.141544
vt 0.600480 -0.141252
vt 0.336404 0.333293
vt 0.310141 0.365917
vt 0.365550 0.302045
vt 0.332609 0.329567
vt 0.364513 -0.135471
vt 0.333846 -0.138820
vt 0.332131 -0.135176
vt 0.402355 -0.139445
vt 0.365854 -0.139112
vt 0.405293 0.286348
vt 0.368544 0.306439
vt 0.444178 0.268633
vt 0.403213 0.281454
vt 0.441523 -0.136173
vt 0.401442 -0.135808
vt 0.483167 -0.140182
vt 0.441972 -0.139807
vt 0.486902 0.269340
vt 0.445263 0.273838
vt 0.529607 0.267854
vt 0.486854 0.264022
vt 0.524877 -0.136934
vt 0.483200 -0.136554
vt 0.563979 -0.140919
vt 0.524362 -0.140558
vt 0.568809 0.284857
vt 0.528617 0.273078
vt 0.608831 0.299826
vt 0.570799 0.279925
vt 0.601887 -0.137636
vt 0.564958 -0.137299
vt 0.632487 -0.141544
vt 0.600480 -0.141252
vt 0.638542 0.330537
vt 0.605918 0.304274
vt 0.669790 0.359683
vt 0.642268 0.326742
vt 0.601887 -0.137636
vt 0.634269 -0.137932
vt 0.563978 -0.140919
vt 0.600480 -0.141252
vt 0.685487 0.399425
vt 0.665396 0.362677
vt 0.703202 0.438311
vt 0.690381 0.397346
vt 0.524877 -0.136934
vt 0.564958 -0.137299
vt 0.483167 -0.140182
vt 0.524362 -0.140558
vt 0.702495 0.481035
vt 0.697997 0.439396
vt 0.703981 0.523740
vt 0.707813 0.480987
vt 0.441523 -0.136173
vt 0.483200 -0.136554
vt 0.402355 -0.139445
vt 0.441972 -0.139807
vt 0.686978 0.562942
vt 0.698757 0.522750
vt 0.672009 0.602964
vt 0.691910 0.564932
vt 0.364513 -0.135471
vt 0.401442 -0.135808
vt 0.333846 -0.138820
vt 0.365854 -0.139112
vt 0.641298 0.632675
vt 0.667561 0.600051
vt 0.612152 0.663923
vt 0.645093 0.636401
vt 0.601887 -0.137636
vt 0.632487 -0.141544
vt 0.634269 -0.137932
vt 0.563979 -0.140919
vt 0.600480 -0.141252
vt 0.572410 0.679620
vt 0.609158 0.659529
vt 0.533524 0.697335
vt 0.574489 0.684514
vt 0.524877 -0.136934
vt 0.564958 -0.137299
vt 0.524362 -0.140558
vt 0.532440 0.692129
vt 0.482914 -0.167933
vt 0.436315 -0.179899
vt 0.482801 -0.180323
vt 0.435292 -0.197036
vt 0.482644 -0.197468
vt 0.391609 -0.179491
vt 0.393533 -0.167118
vt 0.437351 -0.167517
vt 0.350419 -0.179115
vt 0.347796 -0.196238
vt 0.389754 -0.196620
vt 0.314300 -0.178786
vt 0.317760 -0.166427
vt 0.353162 -0.166750
vt 0.350419 -0.179115
vt 0.347796 -0.196238
vt 0.311005 -0.195902
vt 0.391609 -0.179491
vt 0.393533 -0.167118
vt 0.353162 -0.166750
vt 0.436315 -0.179899
vt 0.435292 -0.197036
vt 0.389754 -0.196620
vt 0.482801 -0.180323
vt 0.482914 -0.167933
vt 0.437351 -0.167517
vt 0.529287 -0.180747
vt 0.529997 -0.197899
vt 0.482644 -0.197468
vt 0.573993 -0.181154
vt 0.572294 -0.168748
vt 0.528477 -0.168349
vt 0.615183 -0.181530
vt 0.617492 -0.198698
vt 0.575535 -0.198315
vt 0.651302 -0.181860
vt 0.648068 -0.169440
vt 0.612666 -0.169117
vt 0.317760 -0.166427
vt 0.350419 -0.179115
vt 0.314300 -0.178786
vt 0.347797 -0.196238
vt 0.311005 -0.195902
vt 0.391609 -0.179491
vt 0.393533 -0.167118
vt 0.353162 -0.166750
vt 0.436315 -0.179899
vt 0.435292 -0.197036
vt 0.389754 -0.196620
vt 0.482801 -0.180323
vt 0.482914 -0.167933
vt 0.437351 -0.167517
vt 0.529287 -0.180747
vt 0.529997 -0.197899
vt 0.482644 -0.197468
vt 0.573993 -0.181154
vt 0.572294 -0.168748
vt 0.528477 -0.168349
vt 0.615183 -0.181530
vt 0.617492 -0.198698
vt 0.575535 -0.198315
vt 0.651302 -0.181860
vt 0.648068 -0.169440
vt 0.612666 -0.169117
vt 0.615182 -0.181530
vt 0.617492 -0.198698
vt 0.654284 -0.199033
vt 0.573993 -0.181154
vt 0.572294 -0.168748
vt 0.612666 -0.169117
vt 0.529287 -0.180747
vt 0.529997 -0.197899
vt 0.575535 -0.198315
vt 0.482801 -0.180323
vt 0.482914 -0.167933
vt 0.528477 -0.168349
vt 0.436314 -0.179899
vt 0.435292 -0.197036
vt 0.482644 -0.197468
vt 0.391609 -0.179491
vt 0.393533 -0.167118
vt 0.437351 -0.167517
vt 0.350419 -0.179115
vt 0.347796 -0.196238
vt 0.389754 -0.196620
vt 0.314300 -0.178786
vt 0.317760 -0.166427
vt 0.353162 -0.166750
vt 0.648067 -0.169440
vt 0.615183 -0.181530
vt 0.651302 -0.181860
vt 0.617492 -0.198698
vt 0.654284 -0.199033
vt 0.573993 -0.181154
vt 0.572294 -0.168748
vt 0.612666 -0.169117
vt 0.529287 -0.180747
vt 0.529997 -0.197899
vt 0.575535 -0.198315
vt 0.528477 -0.168349
vt 0.443540 0.722159
vt 0.491001 0.718694
vt 0.491072 0.726419
vt 0.444978 0.714570
vt 0.400635 0.701575
vt 0.355461 0.686613
vt 0.397744 0.708738
vt 0.359693 0.680152
vt 0.323699 0.651177
vt 0.287689 0.620067
vt 0.318287 0.656689
vt 0.294072 0.615717
vt 0.271906 0.575173
vt 0.250542 0.532650
vt 0.264796 0.578194
vt 0.258104 0.531074
vt 0.253141 0.485134
vt 0.249676 0.437673
vt 0.245416 0.485204
vt 0.257265 0.439111
vt 0.270260 0.394768
vt 0.285222 0.349593
vt 0.263097 0.391877
vt 0.291683 0.353826
vt 0.320658 0.317832
vt 0.351768 0.281822
vt 0.315146 0.312419
vt 0.356118 0.288205
vt 0.396662 0.266039
vt 0.439185 0.244675
vt 0.393641 0.258929
vt 0.440761 0.252237
vt 0.486701 0.247273
vt 0.534162 0.243809
vt 0.486631 0.239549
vt 0.532724 0.251398
vt 0.577067 0.264393
vt 0.622242 0.279354
vt 0.579958 0.257229
vt 0.618009 0.285816
vt 0.654003 0.314791
vt 0.690013 0.345901
vt 0.659416 0.309279
vt 0.683630 0.350251
vt 0.705796 0.390795
vt 0.727160 0.433318
vt 0.712906 0.387774
vt 0.719598 0.434893
vt 0.724562 0.480834
vt 0.728026 0.528295
vt 0.732286 0.480763
vt 0.720437 0.526857
vt 0.707442 0.571200
vt 0.692480 0.616374
vt 0.714606 0.574091
vt 0.686019 0.612142
vt 0.657044 0.648136
vt 0.625934 0.684146
vt 0.662556 0.653548
vt 0.621584 0.677763
vt 0.581040 0.699929
vt 0.538518 0.721293
vt 0.584061 0.707039
vt 0.536942 0.713731
vt 0.433881 -0.242883
vt 0.482073 -0.260118
vt 0.482226 -0.243324
vt 0.434007 -0.259679
vt 0.481973 -0.271124
vt 0.388814 -0.270274
vt 0.434484 -0.270690
vt 0.387783 -0.259258
vt 0.344551 -0.242068
vt 0.387388 -0.242459
vt 0.345193 -0.258869
vt 0.309838 -0.269553
vt 0.346736 -0.269890
vt 0.307847 -0.258529
vt 0.344551 -0.242068
vt 0.306987 -0.241725
vt 0.345193 -0.258869
vt 0.388814 -0.270274
vt 0.346736 -0.269890
vt 0.387783 -0.259258
vt 0.433881 -0.242883
vt 0.387388 -0.242459
vt 0.434007 -0.259679
vt 0.481973 -0.271124
vt 0.434484 -0.270690
vt 0.482073 -0.260118
vt 0.530571 -0.243765
vt 0.482226 -0.243324
vt 0.530139 -0.260556
vt 0.575131 -0.271973
vt 0.529461 -0.271557
vt 0.576363 -0.260978
vt 0.619901 -0.244579
vt 0.577065 -0.244189
vt 0.618953 -0.261366
vt 0.654107 -0.272694
vt 0.617209 -0.272357
vt 0.656299 -0.261707
vt 0.344551 -0.242068
vt 0.307847 -0.258529
vt 0.306987 -0.241725
vt 0.345193 -0.258869
vt 0.309838 -0.269553
vt 0.388814 -0.270274
vt 0.346736 -0.269890
vt 0.387783 -0.259258
vt 0.433881 -0.242883
vt 0.387388 -0.242459
vt 0.434007 -0.259679
vt 0.481973 -0.271124
vt 0.434484 -0.270690
vt 0.482073 -0.260118
vt 0.530571 -0.243765
vt 0.482226 -0.243324
vt 0.530139 -0.260556
vt 0.575131 -0.271973
vt 0.529461 -0.271557
vt 0.576363 -0.260978
vt 0.619901 -0.244579
vt 0.577065 -0.244189
vt 0.618953 -0.261366
vt 0.654107 -0.272694
vt 0.617209 -0.272357
vt 0.656299 -0.261707
vt 0.619901 -0.244579
vt 0.657465 -0.244922
vt 0.618953 -0.261366
vt 0.575131 -0.271973
vt 0.617209 -0.272357
vt 0.576363 -0.260978
vt 0.530571 -0.243765
vt 0.577065 -0.244189
vt 0.530139 -0.260556
vt 0.481973 -0.271124
vt 0.529461 -0.271557
vt 0.482073 -0.260118
vt 0.433881 -0.242883
vt 0.482226 -0.243324
vt 0.434007 -0.259679
vt 0.388814 -0.270274
vt 0.434484 -0.270690
vt 0.387783 -0.259258
vt 0.344551 -0.242068
vt 0.387388 -0.242459
vt 0.345193 -0.258869
vt 0.309838 -0.269553
vt 0.346736 -0.269890
vt 0.307847 -0.258529
vt 0.619901 -0.244579
vt 0.656299 -0.261707
vt 0.657465 -0.244922
vt 0.618953 -0.261366
vt 0.654107 -0.272694
vt 0.575131 -0.271973
vt 0.617209 -0.272357
vt 0.576363 -0.260978
vt 0.530571 -0.243765
vt 0.577065 -0.244189
vt 0.530139 -0.260556
vt 0.529461 -0.271557
vt 0.483076 -0.150140
vt 0.438399 -0.157583
vt 0.483004 -0.157990
vt 0.395502 -0.157192
vt 0.397883 -0.149363
vt 0.439648 -0.149744
vt 0.355979 -0.156832
vt 0.321322 -0.156515
vt 0.325659 -0.148705
vt 0.359402 -0.149012
vt 0.355979 -0.156832
vt 0.395502 -0.157192
vt 0.397883 -0.149363
vt 0.359402 -0.149012
vt 0.438399 -0.157583
vt 0.483004 -0.157990
vt 0.483076 -0.150140
vt 0.439648 -0.149744
vt 0.527610 -0.158397
vt 0.570507 -0.158788
vt 0.568269 -0.150918
vt 0.526505 -0.150537
vt 0.610030 -0.159149
vt 0.644687 -0.159465
vt 0.640493 -0.151576
vt 0.606750 -0.151269
vt 0.325659 -0.148705
vt 0.355979 -0.156832
vt 0.321322 -0.156515
vt 0.395502 -0.157192
vt 0.397883 -0.149363
vt 0.359402 -0.149012
vt 0.438399 -0.157583
vt 0.483004 -0.157990
vt 0.483076 -0.150140
vt 0.439648 -0.149744
vt 0.527610 -0.158397
vt 0.570507 -0.158788
vt 0.568269 -0.150918
vt 0.526505 -0.150537
vt 0.610030 -0.159149
vt 0.644687 -0.159465
vt 0.640493 -0.151576
vt 0.606750 -0.151269
vt 0.610030 -0.159149
vt 0.570507 -0.158788
vt 0.568269 -0.150918
vt 0.606750 -0.151269
vt 0.527610 -0.158397
vt 0.483004 -0.157990
vt 0.483076 -0.150140
vt 0.526505 -0.150537
vt 0.438399 -0.157583
vt 0.395502 -0.157192
vt 0.397883 -0.149363
vt 0.439648 -0.149744
vt 0.355979 -0.156832
vt 0.321322 -0.156515
vt 0.325659 -0.148705
vt 0.359402 -0.149012
vt 0.640493 -0.151576
vt 0.610030 -0.159149
vt 0.644687 -0.159465
vt 0.570507 -0.158788
vt 0.568269 -0.150918
vt 0.606750 -0.151269
vt 0.527610 -0.158397
vt 0.526505 -0.150537
vt 0.441118 -0.144001
vt 0.483129 -0.144384
vt 0.490815 0.698339
vt 0.447414 0.701709
vt 0.490882 0.705605
vt 0.408253 0.682698
vt 0.448767 0.694571
vt 0.409819 0.678818
vt 0.449545 0.690460
vt 0.370847 0.663125
vt 0.366866 0.669203
vt 0.405534 0.689436
vt 0.337961 0.636652
vt 0.340893 0.633666
vt 0.373140 0.659625
vt 0.310893 0.604254
vt 0.304888 0.608346
vt 0.332870 0.641837
vt 0.290641 0.567211
vt 0.294492 0.565575
vt 0.314350 0.601898
vt 0.278031 0.526921
vt 0.270918 0.528404
vt 0.283953 0.570053
vt 0.273496 0.484948
vt 0.441118 -0.144001
vt 0.525140 -0.144767
vt 0.483129 -0.144384
vt 0.270126 0.441547
vt 0.266230 0.485015
vt 0.289137 0.402386
vt 0.277265 0.442899
vt 0.293017 0.403952
vt 0.281375 0.443678
vt 0.308710 0.364980
vt 0.302632 0.360999
vt 0.282399 0.399667
vt 0.335183 0.332094
vt 0.338169 0.335026
vt 0.312210 0.367273
vt 0.367581 0.305026
vt 0.363489 0.299021
vt 0.329998 0.327003
vt 0.404624 0.284774
vt 0.406260 0.288625
vt 0.369937 0.308483
vt 0.444914 0.272164
vt 0.443431 0.265051
vt 0.401782 0.278086
vt 0.486887 0.267629
vt 0.441118 -0.144001
vt 0.525140 -0.144767
vt 0.483129 -0.144384
vt 0.530288 0.264258
vt 0.486820 0.260363
vt 0.569449 0.283270
vt 0.528936 0.271397
vt 0.567883 0.287150
vt 0.528157 0.275508
vt 0.606855 0.302843
vt 0.610837 0.296765
vt 0.572168 0.276532
vt 0.639741 0.329316
vt 0.636810 0.332301
vt 0.604562 0.306343
vt 0.666809 0.361714
vt 0.672814 0.357622
vt 0.644832 0.324131
vt 0.687061 0.398756
vt 0.683211 0.400393
vt 0.663352 0.364070
vt 0.699671 0.439047
vt 0.706784 0.437564
vt 0.693749 0.395914
vt 0.704206 0.481020
vt 0.525139 -0.144767
vt 0.441118 -0.144001
vt 0.483129 -0.144384
vt 0.707577 0.524421
vt 0.711472 0.480953
vt 0.688565 0.563582
vt 0.700438 0.523068
vt 0.684685 0.562016
vt 0.696327 0.522290
vt 0.668992 0.600988
vt 0.675070 0.604969
vt 0.695303 0.566301
vt 0.642519 0.633874
vt 0.639534 0.630942
vt 0.665492 0.598695
vt 0.610121 0.660942
vt 0.614213 0.666947
vt 0.647704 0.638965
vt 0.573079 0.681194
vt 0.571442 0.677343
vt 0.607765 0.657485
vt 0.532788 0.693804
vt 0.534271 0.700917
vt 0.575921 0.687882
vt 0.525139 -0.144767
vt 0.483327 -0.122680
vt 0.439917 -0.122284
vt 0.483248 -0.131293
vt 0.399455 -0.130528
vt 0.440533 -0.130903
vt 0.398169 -0.121903
vt 0.359705 -0.121552
vt 0.328419 -0.129880
vt 0.361607 -0.130183
vt 0.325976 -0.121245
vt 0.359705 -0.121552
vt 0.399455 -0.130528
vt 0.361607 -0.130183
vt 0.398169 -0.121903
vt 0.439917 -0.122284
vt 0.483248 -0.131293
vt 0.440533 -0.130903
vt 0.483327 -0.122680
vt 0.526737 -0.123076
vt 0.567041 -0.132057
vt 0.525963 -0.131682
vt 0.568484 -0.123457
vt 0.606948 -0.123808
vt 0.638077 -0.132705
vt 0.604889 -0.132402
vt 0.640677 -0.124115
vt 0.325976 -0.121245
vt 0.359705 -0.121552
vt 0.328419 -0.129880
vt 0.399455 -0.130528
vt 0.361607 -0.130183
vt 0.398169 -0.121903
vt 0.439917 -0.122284
vt 0.483248 -0.131293
vt 0.440533 -0.130903
vt 0.483327 -0.122680
vt 0.526737 -0.123076
vt 0.567041 -0.132057
vt 0.525963 -0.131682
vt 0.568484 -0.123457
vt 0.606948 -0.123808
vt 0.638077 -0.132705
vt 0.604889 -0.132402
vt 0.640677 -0.124115
vt 0.606948 -0.123808
vt 0.567041 -0.132057
vt 0.604889 -0.132402
vt 0.568484 -0.123457
vt 0.526737 -0.123076
vt 0.483248 -0.131293
vt 0.525963 -0.131682
vt 0.483327 -0.122680
vt 0.439917 -0.122284
vt 0.399455 -0.130528
vt 0.440533 -0.130903
vt 0.398169 -0.121903
vt 0.359705 -0.121552
vt 0.328419 -0.129880
vt 0.361607 -0.130183
vt 0.325976 -0.121245
vt 0.640677 -0.124115
vt 0.606948 -0.123808
vt 0.638077 -0.132705
vt 0.567041 -0.132057
vt 0.604889 -0.132402
vt 0.568484 -0.123457
vt 0.526737 -0.123076
vt 0.525963 -0.131682
vt 0.490297 0.640706
vt 0.459501 0.637947
vt 0.429829 0.629253
vt 0.402433 0.614920
vt 0.378347 0.595532
vt 0.358521 0.571806
vt 0.343688 0.544677
vt 0.334452 0.515170
vt 0.331129 0.484429
vt 0.333888 0.453633
vt 0.342582 0.423962
vt 0.356915 0.396566
vt 0.376303 0.372480
vt 0.400029 0.352654
vt 0.427158 0.337821
vt 0.456666 0.328584
vt 0.487406 0.325262
vt 0.518202 0.328020
vt 0.547873 0.336715
vt 0.575269 0.351048
vt 0.599355 0.370436
vt 0.619181 0.394162
vt 0.634014 0.421291
vt 0.643251 0.450798
vt 0.646573 0.481539
vt 0.643815 0.512334
vt 0.635120 0.542006
vt 0.620787 0.569402
vt 0.601399 0.593488
vt 0.577673 0.613314
vt 0.550544 0.628147
vt 0.521037 0.637383
vt 0.485045 0.065699
vt 0.442908 0.066084
vt 0.463565 0.065895
vt 0.421773 0.055382
vt 0.407187 0.066410
vt 0.423876 0.066257
vt 0.421773 0.055382
vt 0.404537 0.055540
vt 0.442908 0.066084
vt 0.423876 0.066257
vt 0.485045 0.065699
vt 0.463565 0.065895
vt 0.527181 0.065315
vt 0.506524 0.065504
vt 0.548118 0.054230
vt 0.562903 0.064989
vt 0.546214 0.065141
vt 0.407187 0.066410
vt 0.421773 0.055382
vt 0.404537 0.055540
vt 0.442908 0.066084
vt 0.423876 0.066257
vt 0.485045 0.065699
vt 0.463565 0.065895
vt 0.527181 0.065315
vt 0.506524 0.065504
vt 0.548118 0.054230
vt 0.562903 0.064989
vt 0.546214 0.065141
vt 0.548118 0.054230
vt 0.565354 0.054073
vt 0.527181 0.065315
vt 0.546213 0.065141
vt 0.485045 0.065699
vt 0.506524 0.065504
vt 0.442908 0.066084
vt 0.463565 0.065895
vt 0.421773 0.055382
vt 0.407187 0.066410
vt 0.423876 0.066257
vt 0.562903 0.064989
vt 0.548118 0.054230
vt 0.565354 0.054073
vt 0.527181 0.065315
vt 0.546213 0.065141
vt 0.506524 0.065504
vt 0.490217 0.630322
vt 0.462930 0.620173
vt 0.490192 0.622602
vt 0.461448 0.627748
vt 0.436660 0.612488
vt 0.433729 0.619629
vt 0.412403 0.599810
vt 0.408135 0.606242
vt 0.391074 0.582657
vt 0.385633 0.588133
vt 0.373515 0.561662
vt 0.367110 0.565971
vt 0.360374 0.537653
vt 0.353251 0.540629
vt 0.352186 0.511536
vt 0.344620 0.513066
vt 0.349233 0.484325
vt 0.341513 0.484349
vt 0.351663 0.457063
vt 0.344087 0.455581
vt 0.359347 0.430793
vt 0.352206 0.427862
vt 0.372025 0.406536
vt 0.365593 0.402268
vt 0.389178 0.385207
vt 0.383702 0.379766
vt 0.410173 0.367648
vt 0.405864 0.361243
vt 0.434182 0.354506
vt 0.431206 0.347384
vt 0.460299 0.346319
vt 0.458770 0.338753
vt 0.487510 0.343365
vt 0.487486 0.335646
vt 0.514772 0.345795
vt 0.516254 0.338220
vt 0.541042 0.353480
vt 0.543973 0.346339
vt 0.565299 0.366158
vt 0.569567 0.359726
vt 0.586628 0.383310
vt 0.592069 0.377835
vt 0.604187 0.404306
vt 0.610592 0.399997
vt 0.617329 0.428315
vt 0.624451 0.425338
vt 0.625516 0.454432
vt 0.633083 0.452902
vt 0.628470 0.481643
vt 0.636189 0.481618
vt 0.626040 0.508905
vt 0.633615 0.510387
vt 0.618355 0.535175
vt 0.625496 0.538106
vt 0.605677 0.559432
vt 0.612109 0.563700
vt 0.588525 0.580761
vt 0.594000 0.586202
vt 0.567529 0.598320
vt 0.571838 0.604725
vt 0.543520 0.611461
vt 0.546497 0.618584
vt 0.517403 0.619649
vt 0.518933 0.627215
vt 0.434383 -0.219991
vt 0.482435 -0.220429
vt 0.388171 -0.219569
vt 0.345593 -0.219181
vt 0.308257 -0.218840
vt 0.345593 -0.219181
vt 0.388171 -0.219569
vt 0.434383 -0.219991
vt 0.482435 -0.220429
vt 0.530487 -0.220867
vt 0.576699 -0.221289
vt 0.619277 -0.221677
vt 0.656613 -0.222018
vt 0.654284 -0.199033
vt 0.345593 -0.219181
vt 0.308257 -0.218840
vt 0.388171 -0.219569
vt 0.434383 -0.219991
vt 0.482435 -0.220429
vt 0.530487 -0.220867
vt 0.576699 -0.221289
vt 0.619277 -0.221677
vt 0.656613 -0.222018
vt 0.619277 -0.221677
vt 0.576699 -0.221289
vt 0.530487 -0.220867
vt 0.482435 -0.220429
vt 0.434383 -0.219991
vt 0.388171 -0.219569
vt 0.345593 -0.219181
vt 0.308257 -0.218840
vt 0.311005 -0.195902
vt 0.619277 -0.221677
vt 0.656612 -0.222018
vt 0.576699 -0.221289
vt 0.530487 -0.220867
vt 0.489162 0.517017
vt 0.481002 0.524414
vt 0.489236 0.525152
vt 0.473070 0.522089
vt 0.476114 0.514545
vt 0.482517 0.516421
vt 0.465745 0.518257
vt 0.459306 0.513073
vt 0.465006 0.507268
vt 0.470203 0.511452
vt 0.454006 0.506729
vt 0.450040 0.499476
vt 0.457528 0.496295
vt 0.460728 0.502149
vt 0.447571 0.491587
vt 0.446683 0.483369
vt 0.454818 0.483294
vt 0.455535 0.489927
vt 0.447421 0.475135
vt 0.449746 0.467202
vt 0.457290 0.470247
vt 0.455414 0.476649
vt 0.453578 0.459878
vt 0.458762 0.453439
vt 0.464567 0.459138
vt 0.460383 0.464336
vt 0.465106 0.448139
vt 0.472359 0.444173
vt 0.475540 0.451660
vt 0.469687 0.454861
vt 0.480248 0.441704
vt 0.488466 0.440816
vt 0.488541 0.448951
vt 0.481908 0.449668
vt 0.496700 0.441554
vt 0.504633 0.443879
vt 0.501588 0.451423
vt 0.495186 0.449547
vt 0.511957 0.447711
vt 0.518396 0.452895
vt 0.512697 0.458699
vt 0.507500 0.454516
vt 0.523696 0.459238
vt 0.527662 0.466492
vt 0.520175 0.469673
vt 0.516974 0.463819
vt 0.530131 0.474381
vt 0.531019 0.482599
vt 0.522884 0.482673
vt 0.522167 0.476040
vt 0.530281 0.490833
vt 0.527956 0.498766
vt 0.520412 0.495721
vt 0.522289 0.489319
vt 0.524124 0.506090
vt 0.518940 0.512529
vt 0.513136 0.506829
vt 0.517319 0.501632
vt 0.512597 0.517829
vt 0.505343 0.521795
vt 0.502162 0.514307
vt 0.508016 0.511107
vt 0.497454 0.524264
vt 0.495795 0.516300
vt 0.496045 1.271621
vt 0.488804 1.259713
vt 0.495935 1.259648
vt 0.488491 1.247875
vt 0.495827 1.247808
vt 0.481945 1.259775
vt 0.484760 1.271723
vt 0.490292 1.271673
vt 0.475626 1.259833
vt 0.474935 1.247999
vt 0.481435 1.247939
vt 0.470085 1.259884
vt 0.475193 1.271811
vt 0.479663 1.271770
vt 0.475626 1.259833
vt 0.474935 1.247999
vt 0.469234 1.248051
vt 0.481945 1.259775
vt 0.484760 1.271723
vt 0.479663 1.271770
vt 0.488804 1.259713
vt 0.488491 1.247875
vt 0.481435 1.247939
vt 0.495935 1.259648
vt 0.496045 1.271621
vt 0.490292 1.271673
vt 0.503067 1.259583
vt 0.503164 1.247741
vt 0.495827 1.247808
vt 0.509926 1.259520
vt 0.507329 1.271518
vt 0.501797 1.271568
vt 0.516245 1.259463
vt 0.516720 1.247617
vt 0.510220 1.247677
vt 0.521786 1.259412
vt 0.516896 1.271430
vt 0.512426 1.271471
vt 0.475193 1.271811
vt 0.475626 1.259833
vt 0.470085 1.259884
vt 0.474935 1.247999
vt 0.469234 1.248051
vt 0.481945 1.259775
vt 0.484760 1.271723
vt 0.479663 1.271770
vt 0.488804 1.259713
vt 0.488491 1.247875
vt 0.481435 1.247939
vt 0.495935 1.259648
vt 0.496045 1.271621
vt 0.490292 1.271673
vt 0.503067 1.259583
vt 0.503164 1.247741
vt 0.495827 1.247808
vt 0.509926 1.259520
vt 0.507329 1.271518
vt 0.501797 1.271568
vt 0.516245 1.259463
vt 0.516720 1.247617
vt 0.510219 1.247677
vt 0.521786 1.259412
vt 0.516896 1.271430
vt 0.512426 1.271471
vt 0.516245 1.259463
vt 0.516720 1.247617
vt 0.522420 1.247566
vt 0.509926 1.259520
vt 0.507329 1.271518
vt 0.512426 1.271471
vt 0.503067 1.259583
vt 0.503164 1.247741
vt 0.510219 1.247677
vt 0.495935 1.259648
vt 0.496045 1.271621
vt 0.501797 1.271568
vt 0.488804 1.259713
vt 0.488491 1.247875
vt 0.495827 1.247808
vt 0.481945 1.259775
vt 0.484760 1.271723
vt 0.490292 1.271673
vt 0.475626 1.259833
vt 0.474935 1.247999
vt 0.481435 1.247939
vt 0.470085 1.259884
vt 0.475193 1.271811
vt 0.479663 1.271770
vt 0.516896 1.271430
vt 0.516245 1.259463
vt 0.521786 1.259412
vt 0.516720 1.247617
vt 0.522420 1.247566
vt 0.509926 1.259520
vt 0.507329 1.271518
vt 0.512426 1.271471
vt 0.503067 1.259583
vt 0.503164 1.247741
vt 0.510219 1.247677
vt 0.501797 1.271568
vt 0.495768 1.241274
vt 0.489049 1.241335
vt 0.495735 1.237697
vt 0.482711 1.237815
vt 0.489096 1.237757
vt 0.482587 1.241394
vt 0.476829 1.237869
vt 0.471413 1.241496
vt 0.476633 1.241449
vt 0.476829 1.237869
vt 0.471670 1.237916
vt 0.482587 1.241394
vt 0.476633 1.241449
vt 0.489096 1.237757
vt 0.482711 1.237815
vt 0.495768 1.241274
vt 0.489049 1.241335
vt 0.502374 1.237636
vt 0.495735 1.237697
vt 0.502487 1.241213
vt 0.508759 1.237578
vt 0.508949 1.241154
vt 0.514642 1.237524
vt 0.514902 1.241100
vt 0.519800 1.237477
vt 0.520123 1.241052
vt 0.471413 1.241496
vt 0.476829 1.237869
vt 0.471670 1.237916
vt 0.482587 1.241394
vt 0.476633 1.241449
vt 0.489096 1.237757
vt 0.482711 1.237815
vt 0.495768 1.241274
vt 0.489049 1.241335
vt 0.502487 1.241213
vt 0.495735 1.237697
vt 0.508949 1.241154
vt 0.502374 1.237636
vt 0.514642 1.237524
vt 0.508759 1.237578
vt 0.520123 1.241052
vt 0.514902 1.241100
vt 0.514902 1.241100
vt 0.519800 1.237477
vt 0.508949 1.241154
vt 0.514642 1.237524
vt 0.502487 1.241213
vt 0.508759 1.237578
vt 0.495768 1.241274
vt 0.502374 1.237636
vt 0.489096 1.237757
vt 0.495735 1.237697
vt 0.482587 1.241394
vt 0.489049 1.241335
vt 0.476829 1.237869
vt 0.482711 1.237815
vt 0.471413 1.241496
vt 0.476633 1.241449
vt 0.520123 1.241052
vt 0.514642 1.237524
vt 0.519800 1.237477
vt 0.508949 1.241154
vt 0.514902 1.241100
vt 0.502374 1.237636
vt 0.508759 1.237578
vt 0.502487 1.241213
vt 0.467699 0.594637
vt 0.489656 0.571212
vt 0.489888 0.596626
vt 0.472429 0.569669
vt 0.489544 0.558954
vt 0.460419 0.553436
vt 0.474711 0.557625
vt 0.455831 0.564804
vt 0.426581 0.578043
vt 0.446320 0.588372
vt 0.440506 0.556786
vt 0.435622 0.537193
vt 0.447223 0.546532
vt 0.427033 0.545940
vt 0.394943 0.546978
vt 0.409227 0.564074
vt 0.415944 0.532667
vt 0.418929 0.512697
vt 0.426073 0.525764
vt 0.407647 0.517491
vt 0.377602 0.506170
vt 0.384257 0.527430
vt 0.402480 0.500985
vt 0.412881 0.483677
vt 0.414481 0.498484
vt 0.400623 0.483789
vt 0.377198 0.461831
vt 0.375209 0.484021
vt 0.402166 0.466562
vt 0.418399 0.454552
vt 0.414210 0.468843
vt 0.407031 0.449964
vt 0.393792 0.420714
vt 0.383463 0.440453
vt 0.415049 0.434639
vt 0.434642 0.429755
vt 0.425303 0.441356
vt 0.425895 0.421166
vt 0.424857 0.389076
vt 0.407761 0.403360
vt 0.439168 0.410076
vt 0.459138 0.413062
vt 0.446071 0.420206
vt 0.454344 0.401779
vt 0.465666 0.371735
vt 0.444405 0.378389
vt 0.470850 0.396613
vt 0.488158 0.407014
vt 0.473351 0.408613
vt 0.488046 0.394755
vt 0.510003 0.371331
vt 0.487815 0.369342
vt 0.505273 0.396299
vt 0.517283 0.412531
vt 0.502992 0.408343
vt 0.521871 0.401163
vt 0.551121 0.387924
vt 0.531382 0.377596
vt 0.537196 0.409182
vt 0.542080 0.428775
vt 0.530479 0.419436
vt 0.550669 0.420028
vt 0.582759 0.418990
vt 0.568475 0.401894
vt 0.561759 0.433301
vt 0.558773 0.453271
vt 0.551629 0.440204
vt 0.570056 0.448477
vt 0.600100 0.459798
vt 0.593446 0.438537
vt 0.575222 0.464983
vt 0.564821 0.482291
vt 0.563222 0.467484
vt 0.577080 0.482179
vt 0.600504 0.504136
vt 0.602493 0.481947
vt 0.575536 0.499406
vt 0.559304 0.511416
vt 0.563492 0.497124
vt 0.570672 0.516004
vt 0.583911 0.545254
vt 0.594239 0.525515
vt 0.562653 0.531329
vt 0.543060 0.536213
vt 0.552399 0.524612
vt 0.551807 0.544802
vt 0.552845 0.576892
vt 0.569941 0.562608
vt 0.538534 0.555891
vt 0.518564 0.552906
vt 0.531631 0.545762
vt 0.523358 0.564188
vt 0.512037 0.594233
vt 0.533298 0.587579
vt 0.506852 0.569355
vt 0.504351 0.557354
vt 0.470854 0.577980
vt 0.489733 0.579672
vt 0.452665 0.572650
vt 0.435871 0.563862
vt 0.421106 0.551977
vt 0.408953 0.537431
vt 0.399860 0.520800
vt 0.394199 0.502711
vt 0.392163 0.483866
vt 0.393855 0.464987
vt 0.399185 0.446798
vt 0.407973 0.430003
vt 0.419859 0.415239
vt 0.434404 0.403086
vt 0.451035 0.393993
vt 0.469124 0.388332
vt 0.487969 0.386296
vt 0.506848 0.387987
vt 0.525037 0.393318
vt 0.541832 0.402106
vt 0.556596 0.413991
vt 0.568749 0.428537
vt 0.577842 0.445168
vt 0.583503 0.463257
vt 0.585539 0.482102
vt 0.583848 0.500981
vt 0.578517 0.519170
vt 0.569729 0.535964
vt 0.557844 0.550729
vt 0.543298 0.562882
vt 0.526667 0.571975
vt 0.508578 0.577636
vt 0.493306 0.971357
vt 0.468291 0.971586
vt 0.493111 0.949961
vt 0.449622 0.950357
vt 0.470942 0.950163
vt 0.444234 0.971805
vt 0.422069 0.972007
vt 0.412754 0.950694
vt 0.429979 0.950537
vt 0.402632 0.972184
vt 0.422069 0.972007
vt 0.449622 0.950358
vt 0.429979 0.950537
vt 0.444234 0.971805
vt 0.468291 0.971585
vt 0.493111 0.949961
vt 0.470942 0.950163
vt 0.493306 0.971357
vt 0.518321 0.971129
vt 0.536599 0.949564
vt 0.515280 0.949759
vt 0.542378 0.970910
vt 0.564543 0.970707
vt 0.573467 0.949228
vt 0.556243 0.949385
vt 0.583979 0.970530
vt 0.402632 0.972184
vt 0.422069 0.972007
vt 0.412754 0.950694
vt 0.449622 0.950358
vt 0.429979 0.950537
vt 0.444234 0.971805
vt 0.468291 0.971585
vt 0.493111 0.949961
vt 0.470942 0.950163
vt 0.493306 0.971357
vt 0.518321 0.971129
vt 0.536599 0.949564
vt 0.515280 0.949759
vt 0.542378 0.970910
vt 0.564543 0.970707
vt 0.573467 0.949228
vt 0.556243 0.949385
vt 0.583979 0.970530
vt 0.564543 0.970707
vt 0.536599 0.949564
vt 0.556243 0.949385
vt 0.542378 0.970910
vt 0.518321 0.971129
vt 0.493111 0.949961
vt 0.515280 0.949759
vt 0.493306 0.971357
vt 0.468291 0.971585
vt 0.449622 0.950358
vt 0.470942 0.950163
vt 0.444234 0.971805
vt 0.422068 0.972007
vt 0.412754 0.950694
vt 0.429979 0.950537
vt 0.402632 0.972184
vt 0.583979 0.970530
vt 0.564543 0.970707
vt 0.573467 0.949228
vt 0.536599 0.949564
vt 0.556243 0.949385
vt 0.542378 0.970910
vt 0.518321 0.971129
vt 0.515280 0.949759
vt 0.492335 0.864881
vt 0.464334 0.857114
vt 0.492261 0.856860
vt 0.492189 0.848869
vt 0.438510 0.849358
vt 0.464825 0.849118
vt 0.438904 0.865369
vt 0.465098 0.865130
vt 0.412732 0.857585
vt 0.437477 0.857359
vt 0.393004 0.849774
vt 0.414264 0.849580
vt 0.393607 0.865782
vt 0.414770 0.865589
vt 0.412732 0.857585
vt 0.391033 0.857783
vt 0.438510 0.849358
vt 0.414264 0.849580
vt 0.438904 0.865369
vt 0.414770 0.865589
vt 0.464334 0.857114
vt 0.437477 0.857359
vt 0.492189 0.848869
vt 0.464825 0.849119
vt 0.492335 0.864882
vt 0.465098 0.865130
vt 0.520188 0.856605
vt 0.492261 0.856860
vt 0.545867 0.848379
vt 0.519552 0.848619
vt 0.545766 0.864394
vt 0.519572 0.864633
vt 0.571791 0.856134
vt 0.547046 0.856360
vt 0.591373 0.847964
vt 0.570113 0.848158
vt 0.591062 0.863981
vt 0.569899 0.864174
vt 0.393607 0.865782
vt 0.412732 0.857585
vt 0.391033 0.857783
vt 0.393004 0.849774
vt 0.438510 0.849358
vt 0.414264 0.849580
vt 0.438904 0.865369
vt 0.414770 0.865589
vt 0.464334 0.857114
vt 0.437477 0.857359
vt 0.492189 0.848869
vt 0.464825 0.849119
vt 0.492335 0.864882
vt 0.465098 0.865130
vt 0.520188 0.856605
vt 0.492261 0.856860
vt 0.545867 0.848379
vt 0.519552 0.848619
vt 0.545765 0.864394
vt 0.519572 0.864633
vt 0.571791 0.856134
vt 0.547046 0.856360
vt 0.591373 0.847964
vt 0.570113 0.848158
vt 0.591062 0.863981
vt 0.569899 0.864174
vt 0.571791 0.856134
vt 0.593489 0.855936
vt 0.545867 0.848379
vt 0.570113 0.848158
vt 0.545765 0.864394
vt 0.569899 0.864174
vt 0.520188 0.856605
vt 0.547046 0.856360
vt 0.492189 0.848869
vt 0.519552 0.848619
vt 0.492335 0.864882
vt 0.519572 0.864633
vt 0.464334 0.857114
vt 0.492261 0.856860
vt 0.438510 0.849358
vt 0.464825 0.849119
vt 0.438904 0.865369
vt 0.465098 0.865130
vt 0.412732 0.857585
vt 0.437477 0.857359
vt 0.393004 0.849774
vt 0.414264 0.849580
vt 0.393607 0.865782
vt 0.414770 0.865589
vt 0.591062 0.863981
vt 0.571791 0.856134
vt 0.593489 0.855936
vt 0.591373 0.847964
vt 0.545867 0.848379
vt 0.570113 0.848158
vt 0.545765 0.864394
vt 0.569899 0.864174
vt 0.520188 0.856605
vt 0.547046 0.856360
vt 0.519552 0.848619
vt 0.519572 0.864633
vt 0.468084 0.550534
vt 0.488823 0.479867
vt 0.489465 0.550339
vt 0.467120 0.409588
vt 0.488180 0.409396
vt 0.467878 0.480058
vt 0.446866 0.409773
vt 0.447737 0.480242
vt 0.428576 0.550894
vt 0.447522 0.550721
vt 0.428205 0.409943
vt 0.429179 0.480412
vt 0.411842 0.410092
vt 0.412905 0.480560
vt 0.428576 0.550894
vt 0.411963 0.551046
vt 0.429179 0.480412
vt 0.446866 0.409773
vt 0.428205 0.409943
vt 0.447737 0.480242
vt 0.468084 0.550534
vt 0.447522 0.550721
vt 0.467878 0.480059
vt 0.488180 0.409396
vt 0.467120 0.409588
vt 0.488823 0.479867
vt 0.510847 0.550144
vt 0.489465 0.550339
vt 0.509767 0.479676
vt 0.529494 0.409019
vt 0.509240 0.409204
vt 0.529909 0.479493
vt 0.550355 0.549784
vt 0.531409 0.549956
vt 0.548467 0.479323
vt 0.564518 0.408700
vt 0.548154 0.408849
vt 0.564740 0.479175
vt 0.428576 0.550894
vt 0.412905 0.480560
vt 0.411963 0.551046
vt 0.429179 0.480412
vt 0.411842 0.410092
vt 0.446866 0.409773
vt 0.428205 0.409943
vt 0.447737 0.480242
vt 0.468084 0.550534
vt 0.447522 0.550721
vt 0.467878 0.480059
vt 0.488180 0.409396
vt 0.467120 0.409588
vt 0.488823 0.479867
vt 0.510847 0.550144
vt 0.489465 0.550339
vt 0.509767 0.479676
vt 0.529494 0.409019
vt 0.509240 0.409204
vt 0.529909 0.479493
vt 0.550355 0.549784
vt 0.531409 0.549956
vt 0.548467 0.479323
vt 0.564518 0.408700
vt 0.548154 0.408849
vt 0.564740 0.479175
vt 0.550355 0.549784
vt 0.566968 0.549632
vt 0.548467 0.479323
vt 0.529494 0.409019
vt 0.548154 0.408849
vt 0.529909 0.479493
vt 0.510847 0.550144
vt 0.531409 0.549956
vt 0.509767 0.479676
vt 0.488180 0.409396
vt 0.509240 0.409204
vt 0.488823 0.479867
vt 0.468084 0.550534
vt 0.489465 0.550339
vt 0.467878 0.480059
vt 0.446866 0.409773
vt 0.467120 0.409588
vt 0.447736 0.480242
vt 0.428576 0.550894
vt 0.447522 0.550721
vt 0.429179 0.480412
vt 0.411842 0.410092
vt 0.428205 0.409943
vt 0.412905 0.480560
vt 0.550355 0.549784
vt 0.564740 0.479175
vt 0.566968 0.549632
vt 0.548467 0.479323
vt 0.564518 0.408700
vt 0.529494 0.409019
vt 0.548154 0.408849
vt 0.529909 0.479493
vt 0.510847 0.550144
vt 0.531409 0.549956
vt 0.509767 0.479676
vt 0.509240 0.409204
vt 0.465384 0.339127
vt 0.487537 0.338925
vt 0.444079 0.339321
vt 0.424450 0.339500
vt 0.407237 0.339657
vt 0.424450 0.339500
vt 0.444079 0.339321
vt 0.465384 0.339127
vt 0.487537 0.338925
vt 0.509690 0.338722
vt 0.530995 0.338528
vt 0.550624 0.338349
vt 0.567837 0.338192
vt 0.424450 0.339500
vt 0.407237 0.339657
vt 0.444079 0.339321
vt 0.465384 0.339127
vt 0.487537 0.338925
vt 0.509690 0.338722
vt 0.530995 0.338528
vt 0.550624 0.338349
vt 0.567837 0.338192
vt 0.550624 0.338349
vt 0.530995 0.338528
vt 0.509690 0.338722
vt 0.487537 0.338925
vt 0.465384 0.339127
vt 0.444079 0.339321
vt 0.424450 0.339500
vt 0.407237 0.339657
vt 0.550624 0.338349
vt 0.567837 0.338192
vt 0.530995 0.338528
vt 0.509690 0.338723
vt 0.490089 0.618678
vt 0.468276 0.618877
vt 0.447299 0.619069
vt 0.427971 0.619245
vt 0.411023 0.619400
vt 0.427971 0.619245
vt 0.447299 0.619069
vt 0.468276 0.618877
vt 0.490089 0.618679
vt 0.511902 0.618479
vt 0.532879 0.618288
vt 0.552207 0.618112
vt 0.566968 0.549632
vt 0.569155 0.617957
vt 0.411023 0.619400
vt 0.427971 0.619245
vt 0.447299 0.619069
vt 0.468276 0.618877
vt 0.490089 0.618679
vt 0.511902 0.618479
vt 0.532879 0.618288
vt 0.552207 0.618112
vt 0.569155 0.617957
vt 0.552207 0.618112
vt 0.532879 0.618288
vt 0.511902 0.618479
vt 0.490089 0.618679
vt 0.468276 0.618877
vt 0.447299 0.619069
vt 0.427971 0.619245
vt 0.411963 0.551046
vt 0.411023 0.619400
vt 0.569155 0.617957
vt 0.552207 0.618112
vt 0.532879 0.618288
vt 0.511902 0.618479
vt 0.195926 0.776575
vt 0.367264 0.706443
vt 0.362603 0.704203
vt 0.508477 0.664937
vt 0.504790 0.661250
vt 0.649177 0.693819
vt 0.813840 0.756565
vt 0.809928 0.750949
vt 1.000296 0.793871
vt 0.000296 0.793871
vt 0.058097 0.204561
vt 0.072777 0.498714
vt 1.082828 0.696561
vt 0.592627 1.068075
vt 0.395765 1.069871
vt 0.592914 0.900294
vt 0.392824 0.910130
vt 0.577818 0.873158
vt 0.576480 0.888476
vt 0.407017 0.874716
vt 0.408634 0.890007
vt 0.582084 0.841288
vt 0.402170 0.842929
vt 0.627043 0.802981
vt 0.356519 0.805448
vt 0.442386 0.769777
vt 0.540541 0.768882
vt 0.576856 0.760646
vt 0.540541 0.768882
vt 0.442386 0.769777
vt 0.405926 0.762205
vt 0.571361 0.707380
vt 0.576107 0.142034
vt 0.395390 0.143682
vt 0.439371 0.049674
vt 0.530419 0.048843
vt 0.530419 0.048843
vt 0.439371 0.049674
vt 0.590944 0.017905
vt 0.378292 0.019844
vt 0.298447 0.563895
vt 0.292627 0.523881
vt 0.407941 0.292580
vt 0.447954 0.286760
vt 0.679255 0.402073
vt 0.685075 0.442087
vt 0.569762 0.673388
vt 0.529748 0.679208
vt 0.641811 -0.113612
vt 0.325110 -0.100118
vt 0.634269 -0.137932
vt 0.332131 -0.135176
vt 0.657465 -0.244922
vt 0.306987 -0.241725
vt 0.282127 0.526068
vt 0.445767 0.276260
vt 0.695575 0.439900
vt 0.531935 0.689708
vt 0.565354 0.054073
vt 0.404537 0.055540
vt 0.522420 1.247566
vt 0.469234 1.248051
vt 0.471670 1.237916
vt 0.593489 0.855936
vt 0.391033 0.857783
vn 0.4768 -0.8691 0.1318
vn -0.5329 -0.8172 0.2197
vn -0.5291 -0.8323 0.1653
vn -0.6345 -0.0633 0.7703
vn -0.5205 -0.8024 0.2920
vn -0.9656 0.0347 0.2577
vn 0.5108 0.1191 0.8514
vn 0.7313 0.1806 0.6577
vn 0.8040 -0.1421 0.5774
vn 0.7339 -0.2044 0.6478
vn 0.0617 -0.3603 0.9308
vn 0.9801 -0.0219 0.1972
vn 0.5193 -0.7951 0.3132
vn 0.4209 -0.8094 0.4095
vn 0.2910 0.5317 0.7954
vn 0.1371 0.4614 0.8765
vn -0.2746 0.4579 0.8455
vn -0.4604 -0.1316 0.8779
vn -0.2958 -0.5338 0.7922
vn 0.2251 0.4645 0.8565
vn 0.1138 0.6678 0.7356
vn 0.4743 0.6749 0.5653
vn -0.4769 0.8353 0.2736
vn -0.9869 0.0323 -0.1579
vn -0.4860 0.8716 0.0643
vn -0.4854 0.8604 -0.1549
vn 0.3235 -0.5335 0.7815
vn 0.0574 -0.6712 0.7391
vn -0.3074 -0.3313 0.8921
vn -0.5143 -0.8121 0.2757
vn -0.4650 -0.7811 0.4167
vn 0.7799 0.2237 0.5845
vn -0.3859 -0.2762 0.8802
vn -0.1346 -0.4640 0.8755
vn 0.2825 -0.4747 0.8336
vn -0.2985 0.4839 0.8226
vn -0.6536 0.4810 0.5844
vn -0.3452 0.6976 0.6278
vn -0.5173 0.8126 0.2685
vn 0.2101 0.8032 0.5574
vn 0.5777 0.7779 0.2473
vn 0.6375 0.0626 0.7679
vn 0.5238 0.8060 0.2759
vn 0.9665 -0.0340 0.2544
vn 0.6837 0.4693 0.5588
vn 0.4536 -0.0816 0.8874
vn -0.5304 -0.8241 -0.1991
vn -0.9988 0.0201 0.0439
vn -0.0613 0.6673 0.7422
vn 0.2991 0.3251 0.8971
vn -0.4979 -0.1091 0.8604
vn -0.7276 -0.1819 0.6614
vn -0.8091 0.1321 0.5727
vn 0.8448 -0.4792 0.2379
vn -0.7660 0.2861 0.5757
vn -0.5932 0.5698 0.5687
vn 0.4554 -0.1543 0.8768
vn 0.3365 -0.3095 0.8894
vn -0.5333 -0.8459 -0.0085
vn -0.9990 0.0433 0.0148
vn 0.4595 0.1312 0.8784
vn -0.2529 -0.4788 0.8407
vn -0.1112 -0.6697 0.7343
vn -0.4676 -0.6833 0.5608
vn -0.5800 -0.7612 0.2900
vn -0.7787 -0.2270 0.5849
vn -0.9982 0.0411 0.0429
vn -0.4546 0.0802 0.8871
vn -0.6824 -0.4723 0.5579
vn -0.2097 -0.8065 0.5528
vn -0.7283 0.2042 0.6541
vn -0.0554 0.3606 0.9311
vn 0.3847 0.2781 0.8801
vn 0.6585 -0.4796 0.5799
vn 0.3503 -0.7016 0.6205
vn 0.9992 -0.0278 0.0277
vn 0.4777 -0.8524 -0.2124
vn 0.9819 -0.0339 -0.1865
vn -0.3356 0.3107 0.8893
vn -0.0265 -0.9659 0.2577
vn 0.9985 -0.0269 0.0481
vn -0.4780 0.8764 0.0589
vn 0.9999 -0.0147 0.0072
vn 0.4694 0.8053 0.3622
vn -0.4717 0.8466 0.2464
vn -0.4353 0.8342 0.3384
vn -0.9692 0.0245 0.2450
vn -0.9831 0.0165 0.1822
vn 0.4828 -0.8757 -0.0124
vn 0.1892 -0.2884 -0.9386
vn -0.6616 0.0221 -0.7495
vn 0.3681 -0.0086 -0.9297
vn 0.2090 0.2775 -0.9377
vn -0.2874 -0.5309 -0.7972
vn -0.1892 0.2882 -0.9387
vn 0.6613 -0.0221 -0.7498
vn -0.3682 0.0080 -0.9297
vn -0.2084 -0.2778 -0.9378
vn 0.2875 0.5309 -0.7972
vn 0.5135 0.8363 0.1921
vn -0.4877 0.8211 0.2965
vn 0.5541 0.7867 0.2723
vn 0.5131 0.8244 -0.2390
vn -0.5301 -0.8476 0.0236
vn 0.5207 0.8149 0.2545
vn 0.5946 -0.5750 0.5620
vn -0.4545 0.1531 0.8775
vn -0.9523 0.0072 0.3050
vn -0.9759 0.0438 0.2136
vn 0.9882 -0.0138 0.1525
vn 0.9665 -0.0425 0.2531
vn -0.4694 0.8555 0.2187
vn 0.5258 0.8488 0.0549
vn 0.9642 -0.0280 0.2636
vn 0.5007 -0.8448 0.1889
vn -0.9912 0.0277 0.1291
vn -0.5506 -0.8290 0.0983
vn 0.9778 -0.0277 0.2079
vn 0.5134 0.8145 0.2703
vn 0.5252 0.8238 0.2132
vn 0.9386 -0.0317 -0.3435
vn 0.3605 -0.6512 -0.6678
vn 0.7803 -0.0047 -0.6253
vn -0.9782 0.0280 0.2059
vn -0.4840 0.8538 0.1917
vn -0.9847 0.0271 0.1724
vn -0.4641 0.8400 -0.2812
vn -0.8091 0.0419 -0.5862
vn -0.9538 0.0197 -0.2997
vn 0.4973 -0.8634 0.0851
vn -0.4755 0.8551 0.2065
vn 0.4060 0.6827 -0.6075
vn -0.3897 0.7079 -0.5890
vn 0.5349 0.8305 0.1555
vn 0.9943 -0.0267 0.1031
vn -0.5217 -0.8230 0.2245
vn -0.5254 -0.8304 0.1854
vn -0.4225 -0.6345 -0.6472
vn -0.4938 -0.7900 -0.3633
vn -0.4861 0.8570 0.1710
vn 0.4747 -0.8506 0.2260
vn 0.9835 -0.0398 0.1768
vn 0.5111 0.7943 -0.3284
vn 0.4770 -0.8595 0.1838
vn 0.4481 -0.8071 -0.3844
vn 0.4663 -0.8370 0.2862
vn 0.5435 0.8366 0.0687
vn 0.4839 -0.8750 0.0145
vn 0.0990 -0.4804 0.8714
vn -0.1017 0.4788 0.8720
vn 0.1727 -0.8167 0.5506
vn 0.7694 -0.2876 0.5704
vn 0.2574 -0.5423 -0.7998
vn -0.2574 0.5425 -0.7997
vn 0.0394 -0.0078 -0.9992
vn -0.0131 0.0000 -0.9999
vn 0.0402 -0.0000 -0.9992
vn -0.0129 0.0026 -0.9999
vn -0.0030 0.0000 1.0000
vn -0.0028 0.0012 1.0000
vn 0.0000 0.0000 1.0000
vn -0.0121 0.0050 -0.9999
vn 0.0334 -0.0223 -0.9992
vn 0.0371 -0.0154 -0.9992
vn -0.0109 0.0073 -0.9999
vn -0.0021 0.0021 1.0000
vn -0.0093 0.0093 -0.9999
vn 0.0223 -0.0334 -0.9992
vn 0.0284 -0.0284 -0.9992
vn -0.0073 0.0109 -0.9999
vn -0.0012 0.0028 1.0000
vn -0.0050 0.0121 -0.9999
vn 0.0078 -0.0394 -0.9992
vn 0.0154 -0.0371 -0.9992
vn -0.0026 0.0129 -0.9999
vn -0.0000 0.0030 1.0000
vn -0.0000 0.0131 -0.9999
vn -0.0078 -0.0394 -0.9992
vn 0.0000 -0.0402 -0.9992
vn 0.0026 0.0129 -0.9999
vn 0.0012 0.0028 1.0000
vn 0.0050 0.0121 -0.9999
vn -0.0223 -0.0334 -0.9992
vn -0.0154 -0.0371 -0.9992
vn 0.0073 0.0109 -0.9999
vn 0.0021 0.0021 1.0000
vn 0.0093 0.0093 -0.9999
vn -0.0334 -0.0223 -0.9992
vn -0.0284 -0.0284 -0.9992
vn 0.0109 0.0073 -0.9999
vn 0.0028 0.0012 1.0000
vn 0.0121 0.0050 -0.9999
vn -0.0394 -0.0078 -0.9992
vn -0.0371 -0.0154 -0.9992
vn 0.0129 0.0026 -0.9999
vn 0.0030 0.0000 1.0000
vn 0.0131 0.0000 -0.9999
vn -0.0394 0.0078 -0.9992
vn -0.0402 -0.0000 -0.9992
vn 0.0129 -0.0026 -0.9999
vn 0.0028 -0.0012 1.0000
vn 0.0121 -0.0050 -0.9999
vn -0.0334 0.0223 -0.9992
vn -0.0371 0.0154 -0.9992
vn 0.0109 -0.0073 -0.9999
vn 0.0021 -0.0021 1.0000
vn 0.0093 -0.0093 -0.9999
vn -0.0223 0.0334 -0.9992
vn -0.0284 0.0284 -0.9992
vn 0.0073 -0.0109 -0.9999
vn 0.0012 -0.0028 1.0000
vn 0.0050 -0.0121 -0.9999
vn -0.0078 0.0394 -0.9992
vn -0.0154 0.0371 -0.9992
vn 0.0026 -0.0129 -0.9999
vn 0.0000 -0.0030 1.0000
vn -0.0000 -0.0131 -0.9999
vn 0.0078 0.0394 -0.9992
vn 0.0000 0.0402 -0.9992
vn -0.0026 -0.0129 -0.9999
vn -0.0012 -0.0028 1.0000
vn -0.0050 -0.0121 -0.9999
vn 0.0223 0.0334 -0.9992
vn 0.0154 0.0371 -0.9992
vn -0.0073 -0.0109 -0.9999
vn -0.0021 -0.0021 1.0000
vn -0.0093 -0.0093 -0.9999
vn 0.0334 0.0223 -0.9992
vn 0.0284 0.0284 -0.9992
vn -0.0109 -0.0073 -0.9999
vn -0.0028 -0.0012 1.0000
vn -0.0121 -0.0050 -0.9999
vn 0.0394 0.0078 -0.9992
vn 0.0371 0.0154 -0.9992
vn -0.0129 -0.0026 -0.9999
vn 0.2024 0.0000 0.9793
vn 0.3374 -0.0672 0.9389
vn 0.3441 0.0000 0.9389
vn 0.6844 -0.1361 0.7163
vn 0.6979 0.0000 0.7162
vn 0.3179 -0.1317 0.9389
vn 0.1862 -0.0774 0.9795
vn 0.1984 -0.0390 0.9793
vn 0.2861 -0.1912 0.9389
vn 0.5802 -0.3877 0.7163
vn 0.6447 -0.2671 0.7162
vn 0.2433 -0.2433 0.9389
vn 0.1433 -0.1429 0.9793
vn 0.1694 -0.1120 0.9792
vn 0.1911 -0.2861 0.9390
vn 0.3877 -0.5802 0.7163
vn 0.4935 -0.4934 0.7162
vn 0.1317 -0.3179 0.9389
vn 0.0769 -0.1862 0.9795
vn 0.1128 -0.1678 0.9793
vn 0.0671 -0.3375 0.9389
vn 0.1361 -0.6844 0.7163
vn 0.2671 -0.6447 0.7162
vn 0.0000 -0.3441 0.9389
vn 0.0000 -0.2014 0.9795
vn 0.0410 -0.1977 0.9794
vn -0.0671 -0.3375 0.9389
vn -0.1361 -0.6844 0.7163
vn 0.0000 -0.6978 0.7162
vn -0.1317 -0.3179 0.9389
vn -0.0766 -0.1864 0.9795
vn -0.0410 -0.1977 0.9794
vn -0.1911 -0.2861 0.9390
vn -0.3877 -0.5802 0.7163
vn -0.2671 -0.6447 0.7162
vn -0.2433 -0.2433 0.9389
vn -0.1436 -0.1426 0.9793
vn -0.1128 -0.1678 0.9793
vn -0.2861 -0.1911 0.9389
vn -0.5802 -0.3877 0.7163
vn -0.4935 -0.4935 0.7162
vn -0.3179 -0.1317 0.9389
vn -0.1860 -0.0773 0.9795
vn -0.1690 -0.1125 0.9792
vn -0.3375 -0.0671 0.9389
vn -0.6844 -0.1361 0.7163
vn -0.6447 -0.2671 0.7162
vn -0.3441 0.0000 0.9389
vn -0.2022 0.0000 0.9794
vn -0.1984 -0.0391 0.9793
vn -0.3375 0.0671 0.9389
vn -0.6844 0.1361 0.7163
vn -0.6979 0.0000 0.7162
vn -0.3179 0.1317 0.9389
vn -0.1844 0.0772 0.9798
vn -0.1980 0.0391 0.9794
vn -0.2861 0.1912 0.9389
vn -0.5802 0.3877 0.7163
vn -0.6447 0.2670 0.7162
vn -0.2433 0.2433 0.9389
vn -0.1446 0.1420 0.9792
vn -0.1667 0.1120 0.9796
vn -0.1912 0.2861 0.9389
vn -0.3877 0.5802 0.7163
vn -0.4934 0.4935 0.7162
vn -0.1317 0.3179 0.9389
vn -0.0784 0.1868 0.9793
vn -0.1130 0.1683 0.9792
vn -0.0671 0.3375 0.9389
vn -0.1361 0.6844 0.7163
vn -0.2671 0.6447 0.7162
vn 0.0000 0.3441 0.9389
vn 0.0000 0.2021 0.9794
vn -0.0409 0.1979 0.9794
vn 0.0671 0.3375 0.9389
vn 0.1361 0.6844 0.7163
vn 0.0000 0.6979 0.7162
vn 0.1317 0.3179 0.9389
vn 0.0786 0.1866 0.9793
vn 0.0409 0.1979 0.9794
vn 0.1912 0.2861 0.9389
vn 0.3877 0.5802 0.7163
vn 0.2670 0.6447 0.7162
vn 0.2433 0.2433 0.9389
vn 0.1443 0.1423 0.9793
vn 0.1129 0.1684 0.9792
vn 0.2861 0.1912 0.9389
vn 0.5802 0.3877 0.7163
vn 0.4935 0.4935 0.7162
vn 0.3179 0.1317 0.9389
vn 0.1846 0.0773 0.9798
vn 0.1671 0.1115 0.9796
vn 0.3375 0.0672 0.9389
vn 0.6844 0.1361 0.7163
vn 0.6447 0.2670 0.7162
vn 0.1980 0.0390 0.9794
vn 0.4209 0.0000 0.9071
vn 0.5722 -0.1138 0.8122
vn 0.5834 -0.0000 0.8122
vn 0.7555 -0.1503 0.6377
vn 0.7703 0.0000 0.6377
vn 0.5390 -0.2232 0.8122
vn 0.3889 -0.1611 0.9071
vn 0.4128 -0.0821 0.9071
vn 0.4850 -0.3241 0.8122
vn 0.6405 -0.4280 0.6377
vn 0.7117 -0.2948 0.6377
vn 0.4125 -0.4125 0.8122
vn 0.2976 -0.2976 0.9071
vn 0.3500 -0.2339 0.9071
vn 0.3241 -0.4850 0.8122
vn 0.4280 -0.6405 0.6377
vn 0.5447 -0.5447 0.6377
vn 0.2232 -0.5390 0.8122
vn 0.1611 -0.3889 0.9071
vn 0.2338 -0.3500 0.9071
vn 0.1138 -0.5721 0.8122
vn 0.1503 -0.7555 0.6377
vn 0.2948 -0.7117 0.6377
vn 0.0000 -0.5834 0.8122
vn 0.0000 -0.4209 0.9071
vn 0.0821 -0.4128 0.9071
vn -0.1138 -0.5721 0.8122
vn -0.1503 -0.7555 0.6377
vn 0.0000 -0.7703 0.6377
vn -0.2233 -0.5390 0.8122
vn -0.1611 -0.3889 0.9071
vn -0.0821 -0.4128 0.9071
vn -0.3241 -0.4850 0.8122
vn -0.4280 -0.6405 0.6377
vn -0.2948 -0.7117 0.6377
vn -0.4125 -0.4125 0.8122
vn -0.2976 -0.2976 0.9071
vn -0.2338 -0.3500 0.9071
vn -0.4850 -0.3241 0.8122
vn -0.6405 -0.4280 0.6377
vn -0.5447 -0.5447 0.6377
vn -0.5390 -0.2232 0.8122
vn -0.3889 -0.1611 0.9071
vn -0.3500 -0.2338 0.9071
vn -0.5722 -0.1138 0.8122
vn -0.7555 -0.1503 0.6377
vn -0.7117 -0.2948 0.6377
vn -0.5834 0.0000 0.8122
vn -0.4209 0.0000 0.9071
vn -0.4128 -0.0821 0.9071
vn -0.5721 0.1138 0.8122
vn -0.7555 0.1503 0.6377
vn -0.7703 0.0000 0.6377
vn -0.5390 0.2232 0.8122
vn -0.3889 0.1611 0.9071
vn -0.4128 0.0821 0.9071
vn -0.4850 0.3241 0.8122
vn -0.6405 0.4280 0.6377
vn -0.7117 0.2948 0.6377
vn -0.4125 0.4125 0.8122
vn -0.2976 0.2976 0.9071
vn -0.3500 0.2338 0.9071
vn -0.3241 0.4850 0.8122
vn -0.4280 0.6405 0.6377
vn -0.5447 0.5447 0.6377
vn -0.2232 0.5390 0.8122
vn -0.1611 0.3889 0.9071
vn -0.2338 0.3500 0.9071
vn -0.1138 0.5721 0.8122
vn -0.1503 0.7555 0.6377
vn -0.2948 0.7117 0.6377
vn 0.0000 0.5834 0.8122
vn 0.0000 0.4209 0.9071
vn -0.0821 0.4128 0.9071
vn 0.1138 0.5721 0.8122
vn 0.1503 0.7555 0.6377
vn 0.0000 0.7703 0.6377
vn 0.2232 0.5390 0.8122
vn 0.1611 0.3889 0.9071
vn 0.0821 0.4128 0.9071
vn 0.3241 0.4850 0.8122
vn 0.4280 0.6405 0.6377
vn 0.2948 0.7117 0.6377
vn 0.4125 0.4125 0.8122
vn 0.2976 0.2976 0.9071
vn 0.2338 0.3500 0.9071
vn 0.4850 0.3241 0.8122
vn 0.6405 0.4280 0.6377
vn 0.5447 0.5447 0.6377
vn 0.5390 0.2232 0.8122
vn 0.3889 0.1610 0.9071
vn 0.3500 0.2338 0.9071
vn 0.5721 0.1138 0.8122
vn 0.7555 0.1503 0.6377
vn 0.7117 0.2948 0.6377
vn 0.4128 0.0821 0.9071
vn 0.8398 -0.1670 0.5166
vn 0.8562 0.0000 0.5166
vn 0.8439 -0.1679 0.5096
vn 0.8604 -0.0000 0.5096
vn 0.7911 -0.3277 0.5166
vn 0.7119 -0.4757 0.5166
vn 0.7154 -0.4780 0.5096
vn 0.7949 -0.3293 0.5096
vn 0.6054 -0.6055 0.5166
vn 0.4757 -0.7120 0.5166
vn 0.4780 -0.7154 0.5096
vn 0.6084 -0.6084 0.5096
vn 0.3277 -0.7911 0.5166
vn 0.1671 -0.8398 0.5166
vn 0.1679 -0.8439 0.5096
vn 0.3293 -0.7949 0.5096
vn 0.0000 -0.8562 0.5166
vn -0.1671 -0.8398 0.5166
vn -0.1679 -0.8439 0.5096
vn 0.0000 -0.8604 0.5096
vn -0.3277 -0.7911 0.5166
vn -0.4757 -0.7120 0.5166
vn -0.4780 -0.7154 0.5096
vn -0.3293 -0.7949 0.5097
vn -0.6055 -0.6054 0.5166
vn -0.7120 -0.4757 0.5166
vn -0.7154 -0.4780 0.5096
vn -0.6084 -0.6084 0.5096
vn -0.7911 -0.3277 0.5166
vn -0.8398 -0.1670 0.5166
vn -0.8439 -0.1679 0.5096
vn -0.7949 -0.3293 0.5096
vn -0.8562 0.0000 0.5166
vn -0.8398 0.1670 0.5166
vn -0.8439 0.1679 0.5096
vn -0.8604 0.0000 0.5096
vn -0.7911 0.3277 0.5166
vn -0.7119 0.4757 0.5166
vn -0.7154 0.4780 0.5096
vn -0.7949 0.3293 0.5096
vn -0.6054 0.6054 0.5166
vn -0.4757 0.7119 0.5166
vn -0.4780 0.7154 0.5096
vn -0.6084 0.6084 0.5096
vn -0.3277 0.7911 0.5166
vn -0.1671 0.8398 0.5166
vn -0.1679 0.8439 0.5096
vn -0.3293 0.7949 0.5096
vn 0.0000 0.8562 0.5166
vn 0.1671 0.8398 0.5166
vn 0.1679 0.8439 0.5096
vn 0.0000 0.8604 0.5096
vn 0.3277 0.7911 0.5166
vn 0.4757 0.7119 0.5166
vn 0.4780 0.7154 0.5096
vn 0.3293 0.7949 0.5096
vn 0.6054 0.6054 0.5166
vn 0.7119 0.4757 0.5166
vn 0.7154 0.4780 0.5096
vn 0.6084 0.6084 0.5096
vn 0.7911 0.3277 0.5166
vn 0.8398 0.1670 0.5166
vn 0.8439 0.1679 0.5096
vn 0.7949 0.3293 0.5096
vn 0.8518 -0.1694 0.4958
vn 0.8684 0.0000 0.4958
vn 0.8983 -0.1787 0.4015
vn 0.9159 -0.0000 0.4015
vn 0.8023 -0.3323 0.4958
vn 0.7221 -0.4825 0.4958
vn 0.7615 -0.5088 0.4015
vn 0.8462 -0.3505 0.4015
vn 0.6141 -0.6141 0.4958
vn 0.4825 -0.7221 0.4958
vn 0.5088 -0.7615 0.4015
vn 0.6476 -0.6476 0.4015
vn 0.3323 -0.8023 0.4958
vn 0.1694 -0.8518 0.4958
vn 0.1787 -0.8983 0.4015
vn 0.3505 -0.8462 0.4015
vn 0.0000 -0.8684 0.4958
vn -0.1694 -0.8518 0.4958
vn -0.1787 -0.8983 0.4015
vn 0.0000 -0.9159 0.4015
vn -0.3323 -0.8023 0.4958
vn -0.4825 -0.7221 0.4958
vn -0.5088 -0.7615 0.4015
vn -0.3505 -0.8462 0.4015
vn -0.6141 -0.6141 0.4958
vn -0.7221 -0.4825 0.4958
vn -0.7615 -0.5088 0.4015
vn -0.6476 -0.6476 0.4015
vn -0.8023 -0.3323 0.4958
vn -0.8518 -0.1694 0.4958
vn -0.8983 -0.1787 0.4015
vn -0.8462 -0.3505 0.4015
vn -0.8684 0.0000 0.4958
vn -0.8518 0.1694 0.4958
vn -0.8983 0.1787 0.4015
vn -0.9159 -0.0000 0.4015
vn -0.8023 0.3323 0.4958
vn -0.7221 0.4825 0.4958
vn -0.7615 0.5088 0.4015
vn -0.8462 0.3505 0.4015
vn -0.6141 0.6141 0.4958
vn -0.4825 0.7221 0.4958
vn -0.5088 0.7615 0.4015
vn -0.6476 0.6476 0.4015
vn -0.3323 0.8023 0.4958
vn -0.1694 0.8518 0.4958
vn -0.1787 0.8983 0.4015
vn -0.3505 0.8462 0.4015
vn 0.0000 0.8684 0.4958
vn 0.1694 0.8518 0.4958
vn 0.1787 0.8983 0.4015
vn 0.0000 0.9159 0.4015
vn 0.3323 0.8023 0.4958
vn 0.4825 0.7221 0.4958
vn 0.5088 0.7615 0.4015
vn 0.3505 0.8462 0.4015
vn 0.6141 0.6141 0.4958
vn 0.7221 0.4825 0.4958
vn 0.7615 0.5088 0.4015
vn 0.6476 0.6476 0.4015
vn 0.8023 0.3323 0.4958
vn 0.8518 0.1694 0.4958
vn 0.8983 0.1787 0.4015
vn 0.8462 0.3505 0.4015
vn 0.9489 -0.1888 0.2528
vn 0.9675 -0.0000 0.2529
vn 0.9779 -0.1945 0.0771
vn 0.9970 0.0000 0.0771
vn 0.8939 -0.3702 0.2529
vn 0.8045 -0.5375 0.2528
vn 0.8290 -0.5539 0.0771
vn 0.9211 -0.3815 0.0771
vn 0.6841 -0.6841 0.2529
vn 0.5375 -0.8045 0.2528
vn 0.5539 -0.8290 0.0771
vn 0.7050 -0.7050 0.0771
vn 0.3702 -0.8939 0.2529
vn 0.1887 -0.9489 0.2528
vn 0.1945 -0.9779 0.0771
vn 0.3815 -0.9211 0.0771
vn 0.0000 -0.9675 0.2529
vn -0.1887 -0.9489 0.2528
vn -0.1945 -0.9779 0.0771
vn 0.0000 -0.9970 0.0771
vn -0.3703 -0.8939 0.2529
vn -0.5375 -0.8045 0.2528
vn -0.5539 -0.8290 0.0771
vn -0.3815 -0.9211 0.0771
vn -0.6841 -0.6841 0.2529
vn -0.8045 -0.5375 0.2528
vn -0.8290 -0.5539 0.0771
vn -0.7050 -0.7050 0.0771
vn -0.8939 -0.3703 0.2529
vn -0.9489 -0.1887 0.2528
vn -0.9779 -0.1945 0.0771
vn -0.9211 -0.3815 0.0771
vn -0.9675 -0.0000 0.2528
vn -0.9489 0.1887 0.2528
vn -0.9779 0.1945 0.0771
vn -0.9970 -0.0000 0.0771
vn -0.8939 0.3703 0.2529
vn -0.8044 0.5375 0.2528
vn -0.8290 0.5539 0.0771
vn -0.9211 0.3815 0.0771
vn -0.6841 0.6841 0.2529
vn -0.5375 0.8045 0.2528
vn -0.5539 0.8290 0.0771
vn -0.7050 0.7050 0.0771
vn -0.3702 0.8939 0.2529
vn -0.1888 0.9489 0.2528
vn -0.1945 0.9779 0.0771
vn -0.3815 0.9211 0.0771
vn 0.0000 0.9675 0.2529
vn 0.1888 0.9489 0.2528
vn 0.1945 0.9779 0.0771
vn 0.0000 0.9970 0.0771
vn 0.3702 0.8939 0.2529
vn 0.5375 0.8045 0.2528
vn 0.5539 0.8290 0.0771
vn 0.3815 0.9211 0.0771
vn 0.6841 0.6841 0.2529
vn 0.8044 0.5375 0.2528
vn 0.8290 0.5539 0.0771
vn 0.7050 0.7050 0.0771
vn 0.8939 0.3702 0.2529
vn 0.9489 0.1887 0.2529
vn 0.9779 0.1945 0.0771
vn 0.9211 0.3815 0.0771
vn 0.9974 0.0000 -0.0714
vn 0.9783 -0.1946 -0.0714
vn 0.9855 0.0000 -0.1699
vn 0.9104 -0.3771 -0.1699
vn 0.9665 -0.1923 -0.1699
vn 0.9215 -0.3817 -0.0714
vn 0.8293 -0.5542 -0.0714
vn 0.6968 -0.6968 -0.1699
vn 0.8194 -0.5475 -0.1699
vn 0.7053 -0.7053 -0.0714
vn 0.5541 -0.8293 -0.0714
vn 0.3771 -0.9104 -0.1699
vn 0.5475 -0.8194 -0.1699
vn 0.3817 -0.9215 -0.0714
vn 0.1946 -0.9783 -0.0714
vn 0.0000 -0.9855 -0.1699
vn 0.1923 -0.9665 -0.1699
vn 0.0000 -0.9974 -0.0714
vn -0.1946 -0.9783 -0.0714
vn -0.3771 -0.9104 -0.1699
vn -0.1923 -0.9665 -0.1699
vn -0.3817 -0.9215 -0.0714
vn -0.5541 -0.8293 -0.0714
vn -0.6968 -0.6968 -0.1699
vn -0.5475 -0.8194 -0.1699
vn -0.7053 -0.7053 -0.0714
vn -0.8293 -0.5542 -0.0714
vn -0.9104 -0.3771 -0.1699
vn -0.8194 -0.5475 -0.1699
vn -0.9215 -0.3817 -0.0714
vn -0.9783 -0.1946 -0.0714
vn -0.9855 -0.0000 -0.1699
vn -0.9665 -0.1923 -0.1699
vn -0.9974 -0.0000 -0.0714
vn -0.9783 0.1946 -0.0714
vn -0.9104 0.3771 -0.1699
vn -0.9665 0.1923 -0.1699
vn -0.9215 0.3817 -0.0714
vn -0.8293 0.5542 -0.0714
vn -0.6968 0.6968 -0.1699
vn -0.8194 0.5475 -0.1699
vn -0.7053 0.7053 -0.0714
vn -0.5542 0.8293 -0.0714
vn -0.3771 0.9104 -0.1699
vn -0.5475 0.8194 -0.1699
vn -0.3817 0.9215 -0.0714
vn -0.1946 0.9783 -0.0714
vn 0.0000 0.9855 -0.1699
vn -0.1923 0.9665 -0.1699
vn 0.0000 0.9974 -0.0714
vn 0.1946 0.9783 -0.0714
vn 0.3771 0.9104 -0.1699
vn 0.1923 0.9665 -0.1699
vn 0.3817 0.9215 -0.0714
vn 0.5542 0.8293 -0.0714
vn 0.6968 0.6968 -0.1699
vn 0.5475 0.8194 -0.1699
vn 0.7053 0.7053 -0.0714
vn 0.8293 0.5542 -0.0714
vn 0.9104 0.3771 -0.1699
vn 0.8194 0.5475 -0.1699
vn 0.9215 0.3817 -0.0714
vn 0.9783 0.1946 -0.0714
vn 0.9665 0.1923 -0.1699
vn 0.3386 0.0000 0.9409
vn 0.8429 -0.1677 0.5113
vn 0.8594 0.0000 0.5112
vn 0.9072 -0.1805 -0.3799
vn 0.9250 0.0000 -0.3799
vn 0.7940 -0.3289 0.5112
vn 0.3128 -0.1296 0.9409
vn 0.3321 -0.0661 0.9409
vn 0.7146 -0.4775 0.5113
vn 0.7691 -0.5139 -0.3799
vn 0.8546 -0.3540 -0.3799
vn 0.6077 -0.6077 0.5112
vn 0.2394 -0.2394 0.9409
vn 0.2815 -0.1881 0.9409
vn 0.4775 -0.7146 0.5113
vn 0.5139 -0.7691 -0.3799
vn 0.6541 -0.6541 -0.3799
vn 0.3289 -0.7940 0.5112
vn 0.1296 -0.3128 0.9409
vn 0.1881 -0.2815 0.9409
vn 0.1677 -0.8429 0.5113
vn 0.1805 -0.9072 -0.3799
vn 0.3540 -0.8546 -0.3799
vn 0.0000 -0.8594 0.5112
vn 0.0000 -0.3386 0.9409
vn 0.0661 -0.3321 0.9409
vn -0.1677 -0.8429 0.5113
vn -0.1805 -0.9072 -0.3799
vn 0.0000 -0.9250 -0.3799
vn -0.3289 -0.7940 0.5112
vn -0.1296 -0.3128 0.9409
vn -0.0661 -0.3321 0.9409
vn -0.4775 -0.7146 0.5113
vn -0.5139 -0.7691 -0.3799
vn -0.3540 -0.8546 -0.3799
vn -0.6077 -0.6077 0.5112
vn -0.2394 -0.2394 0.9409
vn -0.1881 -0.2815 0.9409
vn -0.7146 -0.4775 0.5113
vn -0.7691 -0.5139 -0.3799
vn -0.6541 -0.6541 -0.3799
vn -0.7940 -0.3289 0.5112
vn -0.3128 -0.1296 0.9409
vn -0.2815 -0.1881 0.9409
vn -0.8429 -0.1677 0.5113
vn -0.9072 -0.1805 -0.3799
vn -0.8546 -0.3540 -0.3799
vn -0.8594 -0.0000 0.5112
vn -0.3386 0.0000 0.9409
vn -0.3321 -0.0661 0.9409
vn -0.8429 0.1677 0.5113
vn -0.9072 0.1805 -0.3799
vn -0.9250 -0.0000 -0.3799
vn -0.7940 0.3289 0.5112
vn -0.3128 0.1296 0.9409
vn -0.3321 0.0661 0.9409
vn -0.7146 0.4775 0.5113
vn -0.7691 0.5139 -0.3799
vn -0.8546 0.3540 -0.3799
vn -0.6077 0.6077 0.5112
vn -0.2394 0.2394 0.9409
vn -0.2815 0.1881 0.9409
vn -0.4775 0.7146 0.5113
vn -0.5139 0.7691 -0.3799
vn -0.6541 0.6541 -0.3799
vn -0.3289 0.7940 0.5112
vn -0.1296 0.3128 0.9409
vn -0.1881 0.2815 0.9409
vn -0.1677 0.8429 0.5113
vn -0.3540 0.8546 -0.3799
vn 0.0000 0.8594 0.5112
vn -0.1805 0.9073 -0.3799
vn 0.0000 0.3386 0.9409
vn -0.0661 0.3321 0.9409
vn 0.1677 0.8429 0.5113
vn 0.1805 0.9072 -0.3799
vn 0.0000 0.9250 -0.3799
vn 0.3289 0.7940 0.5112
vn 0.1296 0.3128 0.9409
vn 0.0661 0.3321 0.9409
vn 0.4775 0.7146 0.5113
vn 0.5139 0.7691 -0.3799
vn 0.3540 0.8546 -0.3799
vn 0.6541 0.6541 -0.3799
vn 0.2394 0.2394 0.9409
vn 0.1881 0.2815 0.9409
vn 0.7146 0.4775 0.5113
vn 0.6077 0.6077 0.5112
vn 0.7691 0.5139 -0.3799
vn 0.7940 0.3289 0.5112
vn 0.3128 0.1296 0.9409
vn 0.2815 0.1881 0.9409
vn 0.8429 0.1677 0.5113
vn 0.9072 0.1805 -0.3799
vn 0.8546 0.3540 -0.3799
vn 0.3321 0.0661 0.9409
vn 0.4554 0.0000 -0.8903
vn 0.4465 -0.0888 -0.8903
vn 0.2490 0.0000 -0.9685
vn 0.2300 -0.0953 -0.9685
vn 0.2443 -0.0486 -0.9685
vn 0.4207 -0.1743 -0.8903
vn 0.3786 -0.2530 -0.8903
vn 0.1761 -0.1761 -0.9685
vn 0.2071 -0.1384 -0.9685
vn 0.3220 -0.3220 -0.8903
vn 0.2530 -0.3786 -0.8903
vn 0.0953 -0.2301 -0.9685
vn 0.1384 -0.2071 -0.9685
vn 0.1743 -0.4207 -0.8903
vn 0.0888 -0.4466 -0.8903
vn 0.0000 -0.2490 -0.9685
vn 0.0486 -0.2443 -0.9685
vn 0.0000 -0.4554 -0.8903
vn -0.0888 -0.4466 -0.8903
vn -0.0953 -0.2301 -0.9685
vn -0.0486 -0.2443 -0.9685
vn -0.1743 -0.4207 -0.8903
vn -0.2529 -0.3786 -0.8903
vn -0.1761 -0.1761 -0.9685
vn -0.1384 -0.2071 -0.9685
vn -0.3220 -0.3220 -0.8903
vn -0.3786 -0.2530 -0.8903
vn -0.2300 -0.0953 -0.9685
vn -0.2071 -0.1384 -0.9685
vn -0.4207 -0.1743 -0.8903
vn -0.4466 -0.0888 -0.8903
vn -0.2490 0.0000 -0.9685
vn -0.2443 -0.0486 -0.9685
vn -0.4554 0.0000 -0.8903
vn -0.4466 0.0888 -0.8903
vn -0.2300 0.0953 -0.9685
vn -0.2443 0.0486 -0.9685
vn -0.4207 0.1743 -0.8903
vn -0.3786 0.2529 -0.8903
vn -0.1761 0.1761 -0.9685
vn -0.2071 0.1384 -0.9685
vn -0.3220 0.3220 -0.8903
vn -0.2529 0.3786 -0.8903
vn -0.0953 0.2301 -0.9685
vn -0.1384 0.2071 -0.9685
vn -0.1743 0.4207 -0.8903
vn -0.0888 0.4466 -0.8903
vn 0.0000 0.2490 -0.9685
vn -0.0486 0.2443 -0.9685
vn 0.0000 0.4553 -0.8903
vn 0.0888 0.4465 -0.8903
vn 0.0953 0.2301 -0.9685
vn 0.0486 0.2443 -0.9685
vn 0.1743 0.4207 -0.8903
vn 0.2530 0.3786 -0.8903
vn 0.1761 0.1761 -0.9685
vn 0.1384 0.2071 -0.9685
vn 0.3220 0.3220 -0.8903
vn 0.3786 0.2530 -0.8903
vn 0.2300 0.0953 -0.9685
vn 0.2071 0.1384 -0.9685
vn 0.4207 0.1743 -0.8903
vn 0.4465 0.0888 -0.8903
vn 0.2443 0.0486 -0.9685
vn 0.8378 -0.1667 -0.5199
vn 0.9916 0.0000 0.1292
vn 0.8542 0.0000 -0.5199
vn 0.6714 -0.1336 0.7289
vn 0.6845 0.0000 0.7290
vn 0.9161 -0.3795 0.1293
vn 0.9726 -0.1935 0.1293
vn 0.7103 -0.4746 -0.5199
vn 0.7892 -0.3269 -0.5199
vn 0.5692 -0.3803 0.7289
vn 0.6324 -0.2619 0.7290
vn 0.7012 -0.7012 0.1293
vn 0.8245 -0.5509 0.1293
vn 0.4746 -0.7103 -0.5199
vn 0.6040 -0.6040 -0.5199
vn 0.3803 -0.5692 0.7289
vn 0.4840 -0.4840 0.7290
vn 0.3795 -0.9161 0.1293
vn 0.5509 -0.8245 0.1293
vn 0.1666 -0.8378 -0.5199
vn 0.3269 -0.7892 -0.5199
vn 0.1336 -0.6714 0.7289
vn 0.2620 -0.6324 0.7290
vn 0.0000 -0.9916 0.1293
vn 0.1934 -0.9726 0.1293
vn -0.1667 -0.8378 -0.5199
vn 0.0000 -0.8542 -0.5199
vn -0.1336 -0.6714 0.7289
vn 0.0000 -0.6845 0.7290
vn -0.3795 -0.9161 0.1293
vn -0.1934 -0.9726 0.1293
vn -0.4746 -0.7103 -0.5199
vn -0.3269 -0.7892 -0.5199
vn -0.3803 -0.5692 0.7289
vn -0.2620 -0.6324 0.7290
vn -0.7012 -0.7012 0.1293
vn -0.5509 -0.8245 0.1293
vn -0.7103 -0.4746 -0.5199
vn -0.6040 -0.6040 -0.5199
vn -0.5692 -0.3803 0.7289
vn -0.4840 -0.4840 0.7290
vn -0.9161 -0.3795 0.1293
vn -0.8245 -0.5509 0.1293
vn -0.8378 -0.1667 -0.5199
vn -0.7892 -0.3269 -0.5199
vn -0.6714 -0.1336 0.7289
vn -0.6324 -0.2619 0.7290
vn -0.9916 0.0000 0.1293
vn -0.9726 -0.1935 0.1293
vn -0.8378 0.1667 -0.5199
vn -0.8542 0.0000 -0.5199
vn -0.6714 0.1336 0.7290
vn -0.6845 0.0000 0.7290
vn -0.9161 0.3795 0.1292
vn -0.9726 0.1935 0.1293
vn -0.7103 0.4746 -0.5199
vn -0.7892 0.3269 -0.5199
vn -0.5692 0.3803 0.7289
vn -0.6324 0.2619 0.7290
vn -0.7012 0.7012 0.1293
vn -0.8245 0.5509 0.1293
vn -0.4746 0.7103 -0.5199
vn -0.6040 0.6040 -0.5199
vn -0.3803 0.5692 0.7289
vn -0.4840 0.4840 0.7290
vn -0.3795 0.9161 0.1293
vn -0.5509 0.8245 0.1293
vn -0.1667 0.8378 -0.5199
vn -0.3269 0.7892 -0.5199
vn -0.1335 0.6714 0.7289
vn -0.2619 0.6324 0.7290
vn 0.0000 0.9916 0.1293
vn -0.1934 0.9726 0.1293
vn 0.1666 0.8378 -0.5199
vn 0.0000 0.8542 -0.5200
vn 0.1335 0.6714 0.7289
vn 0.0000 0.6845 0.7290
vn 0.3795 0.9161 0.1293
vn 0.1934 0.9726 0.1293
vn 0.4746 0.7103 -0.5199
vn 0.3269 0.7892 -0.5199
vn 0.3803 0.5692 0.7289
vn 0.2619 0.6324 0.7290
vn 0.7012 0.7012 0.1293
vn 0.5509 0.8245 0.1293
vn 0.7103 0.4746 -0.5199
vn 0.6040 0.6040 -0.5199
vn 0.5692 0.3803 0.7289
vn 0.4840 0.4840 0.7290
vn 0.9161 0.3795 0.1293
vn 0.8245 0.5509 0.1293
vn 0.8378 0.1667 -0.5199
vn 0.7892 0.3269 -0.5199
vn 0.6714 0.1336 0.7289
vn 0.6324 0.2619 0.7290
vn 0.9726 0.1935 0.1292
vn 0.4253 -0.0846 0.9011
vn 0.4336 0.0000 0.9011
vn 0.7180 -0.1428 0.6812
vn 0.7322 0.0000 0.6811
vn 0.4006 -0.1659 0.9011
vn 0.3606 -0.2409 0.9011
vn 0.6087 -0.4067 0.6812
vn 0.6764 -0.2802 0.6812
vn 0.3066 -0.3066 0.9011
vn 0.2409 -0.3606 0.9011
vn 0.4067 -0.6087 0.6812
vn 0.5177 -0.5177 0.6811
vn 0.1659 -0.4006 0.9011
vn 0.0846 -0.4253 0.9011
vn 0.1428 -0.7180 0.6812
vn 0.2802 -0.6764 0.6811
vn 0.0000 -0.4336 0.9011
vn -0.0846 -0.4253 0.9011
vn -0.1428 -0.7180 0.6812
vn 0.0000 -0.7321 0.6811
vn -0.1659 -0.4006 0.9011
vn -0.2409 -0.3606 0.9011
vn -0.4067 -0.6087 0.6812
vn -0.2802 -0.6764 0.6812
vn -0.3066 -0.3066 0.9011
vn -0.3606 -0.2409 0.9011
vn -0.6087 -0.4067 0.6812
vn -0.5177 -0.5177 0.6811
vn -0.4006 -0.1659 0.9011
vn -0.4253 -0.0846 0.9011
vn -0.7180 -0.1428 0.6812
vn -0.6764 -0.2802 0.6812
vn -0.4336 0.0000 0.9011
vn -0.4253 0.0846 0.9011
vn -0.7180 0.1428 0.6812
vn -0.7321 0.0000 0.6811
vn -0.4006 0.1659 0.9011
vn -0.3606 0.2409 0.9011
vn -0.6087 0.4067 0.6812
vn -0.6764 0.2802 0.6811
vn -0.3066 0.3066 0.9011
vn -0.2409 0.3606 0.9011
vn -0.4067 0.6087 0.6812
vn -0.5177 0.5177 0.6811
vn -0.1659 0.4006 0.9011
vn -0.0846 0.4253 0.9011
vn -0.1428 0.7180 0.6812
vn -0.2802 0.6764 0.6811
vn 0.0000 0.4336 0.9011
vn 0.0846 0.4253 0.9011
vn 0.1428 0.7180 0.6812
vn 0.0000 0.7322 0.6811
vn 0.1659 0.4006 0.9011
vn 0.2409 0.3606 0.9011
vn 0.4067 0.6087 0.6812
vn 0.2802 0.6764 0.6811
vn 0.3066 0.3066 0.9011
vn 0.3606 0.2409 0.9011
vn 0.6087 0.4067 0.6812
vn 0.5177 0.5177 0.6811
vn 0.4006 0.1659 0.9011
vn 0.4253 0.0846 0.9011
vn 0.7180 0.1428 0.6812
vn 0.6764 0.2802 0.6811
vn 0.4775 0.0000 -0.8787
vn 0.4684 -0.0932 -0.8786
vn 0.4411 -0.1827 -0.8787
vn 0.3970 -0.2653 -0.8786
vn 0.3376 -0.3376 -0.8787
vn 0.2653 -0.3970 -0.8786
vn 0.1827 -0.4411 -0.8787
vn 0.0932 -0.4683 -0.8786
vn 0.0000 -0.4774 -0.8787
vn -0.0932 -0.4683 -0.8786
vn -0.1827 -0.4411 -0.8787
vn -0.2653 -0.3970 -0.8786
vn -0.3376 -0.3376 -0.8787
vn -0.3970 -0.2653 -0.8786
vn -0.4411 -0.1827 -0.8787
vn -0.4683 -0.0932 -0.8786
vn -0.4775 0.0000 -0.8787
vn -0.4684 0.0932 -0.8786
vn -0.4411 0.1827 -0.8787
vn -0.3970 0.2653 -0.8786
vn -0.3376 0.3376 -0.8787
vn -0.2653 0.3971 -0.8786
vn -0.1827 0.4411 -0.8787
vn -0.0932 0.4683 -0.8786
vn 0.0000 0.4775 -0.8787
vn 0.0932 0.4683 -0.8786
vn 0.1827 0.4411 -0.8787
vn 0.2653 0.3970 -0.8786
vn 0.3376 0.3376 -0.8787
vn 0.3970 0.2653 -0.8786
vn 0.4411 0.1827 -0.8787
vn 0.4684 0.0932 -0.8786
vn 0.7550 -0.1502 -0.6383
vn 0.3745 0.0000 -0.9272
vn 0.7699 -0.0000 -0.6382
vn 0.3672 -0.0730 -0.9273
vn 0.9040 0.0000 -0.4276
vn 0.8351 -0.3459 -0.4277
vn 0.8866 -0.1763 -0.4275
vn 0.3460 -0.1433 -0.9272
vn 0.6401 -0.4277 -0.6383
vn 0.7113 -0.2946 -0.6382
vn 0.3113 -0.2080 -0.9273
vn 0.6392 -0.6392 -0.4276
vn 0.7517 -0.5022 -0.4275
vn 0.2648 -0.2648 -0.9272
vn 0.4277 -0.6401 -0.6383
vn 0.5444 -0.5444 -0.6382
vn 0.2080 -0.3113 -0.9273
vn 0.3459 -0.8352 -0.4275
vn 0.5023 -0.7517 -0.4275
vn 0.1433 -0.3460 -0.9272
vn 0.1502 -0.7550 -0.6383
vn 0.2946 -0.7113 -0.6382
vn 0.0730 -0.3672 -0.9273
vn 0.0000 -0.9040 -0.4276
vn 0.1764 -0.8866 -0.4276
vn 0.0000 -0.3745 -0.9272
vn -0.1502 -0.7550 -0.6383
vn 0.0000 -0.7698 -0.6382
vn -0.0730 -0.3672 -0.9273
vn -0.3459 -0.8352 -0.4275
vn -0.1764 -0.8867 -0.4274
vn -0.1433 -0.3460 -0.9272
vn -0.4277 -0.6401 -0.6383
vn -0.2946 -0.7113 -0.6382
vn -0.2080 -0.3113 -0.9273
vn -0.6392 -0.6393 -0.4276
vn -0.5023 -0.7517 -0.4275
vn -0.2648 -0.2648 -0.9272
vn -0.6401 -0.4277 -0.6383
vn -0.5444 -0.5444 -0.6382
vn -0.3113 -0.2080 -0.9273
vn -0.8352 -0.3460 -0.4275
vn -0.7517 -0.5022 -0.4275
vn -0.3460 -0.1433 -0.9272
vn -0.7550 -0.1502 -0.6383
vn -0.7112 -0.2946 -0.6382
vn -0.3672 -0.0730 -0.9273
vn -0.9040 0.0000 -0.4276
vn -0.8867 -0.1763 -0.4274
vn -0.3745 -0.0000 -0.9272
vn -0.7550 0.1502 -0.6383
vn -0.7698 -0.0000 -0.6382
vn -0.3672 0.0730 -0.9273
vn -0.8352 0.3460 -0.4275
vn -0.8867 0.1764 -0.4274
vn -0.3459 0.1433 -0.9272
vn -0.6401 0.4277 -0.6383
vn -0.7112 0.2946 -0.6382
vn -0.3113 0.2080 -0.9273
vn -0.6392 0.6392 -0.4277
vn -0.7517 0.5022 -0.4275
vn -0.2648 0.2648 -0.9272
vn -0.4277 0.6401 -0.6383
vn -0.5444 0.5444 -0.6382
vn -0.2080 0.3113 -0.9273
vn -0.3459 0.8352 -0.4276
vn -0.5023 0.7517 -0.4274
vn -0.1433 0.3460 -0.9272
vn -0.1502 0.7550 -0.6383
vn -0.2946 0.7113 -0.6382
vn -0.0731 0.3672 -0.9272
vn 0.0000 0.9040 -0.4276
vn -0.1764 0.8867 -0.4274
vn 0.0000 0.3745 -0.9272
vn 0.1502 0.7550 -0.6383
vn 0.0000 0.7699 -0.6382
vn 0.0731 0.3672 -0.9272
vn 0.3459 0.8352 -0.4276
vn 0.1764 0.8867 -0.4274
vn 0.1433 0.3460 -0.9272
vn 0.4277 0.6401 -0.6383
vn 0.2946 0.7113 -0.6382
vn 0.2080 0.3113 -0.9273
vn 0.6392 0.6392 -0.4276
vn 0.5023 0.7517 -0.4274
vn 0.2648 0.2648 -0.9272
vn 0.6401 0.4277 -0.6383
vn 0.5444 0.5444 -0.6382
vn 0.3113 0.2080 -0.9272
vn 0.8351 0.3459 -0.4276
vn 0.7517 0.5022 -0.4274
vn 0.3460 0.1433 -0.9272
vn 0.7550 0.1502 -0.6383
vn 0.7112 0.2946 -0.6382
vn 0.3672 0.0730 -0.9273
vn 0.8866 0.1763 -0.4275
vn 0.5999 -0.1193 0.7911
vn 0.6115 0.0000 0.7912
vn 0.2802 -0.0557 0.9583
vn 0.2857 0.0000 0.9583
vn 0.5650 -0.2340 0.7912
vn 0.5086 -0.3398 0.7911
vn 0.2375 -0.1587 0.9583
vn 0.2639 -0.1093 0.9583
vn 0.4324 -0.4325 0.7912
vn 0.3398 -0.5086 0.7911
vn 0.1587 -0.2375 0.9583
vn 0.2020 -0.2020 0.9583
vn 0.2340 -0.5650 0.7913
vn 0.1193 -0.6000 0.7911
vn 0.0557 -0.2802 0.9583
vn 0.1093 -0.2639 0.9583
vn 0.0000 -0.6115 0.7912
vn -0.1193 -0.5999 0.7911
vn -0.0557 -0.2802 0.9583
vn 0.0000 -0.2857 0.9583
vn -0.2340 -0.5650 0.7913
vn -0.3398 -0.5086 0.7911
vn -0.1587 -0.2375 0.9583
vn -0.1093 -0.2639 0.9583
vn -0.4324 -0.4324 0.7912
vn -0.5086 -0.3398 0.7911
vn -0.2375 -0.1587 0.9583
vn -0.2020 -0.2020 0.9583
vn -0.5649 -0.2340 0.7913
vn -0.5999 -0.1193 0.7912
vn -0.2802 -0.0557 0.9583
vn -0.2639 -0.1093 0.9583
vn -0.6115 0.0000 0.7912
vn -0.5999 0.1193 0.7911
vn -0.2802 0.0557 0.9583
vn -0.2857 0.0000 0.9583
vn -0.5649 0.2340 0.7913
vn -0.5086 0.3398 0.7911
vn -0.2375 0.1587 0.9583
vn -0.2639 0.1093 0.9583
vn -0.4325 0.4324 0.7912
vn -0.3398 0.5086 0.7911
vn -0.1587 0.2375 0.9583
vn -0.2020 0.2020 0.9583
vn -0.2340 0.5650 0.7912
vn -0.1193 0.5999 0.7911
vn -0.0557 0.2802 0.9583
vn -0.1093 0.2639 0.9583
vn 0.0000 0.6115 0.7912
vn 0.1193 0.5999 0.7912
vn 0.0557 0.2802 0.9583
vn 0.0000 0.2857 0.9583
vn 0.2340 0.5650 0.7912
vn 0.3398 0.5086 0.7911
vn 0.1587 0.2375 0.9583
vn 0.1093 0.2639 0.9583
vn 0.4324 0.4324 0.7912
vn 0.5086 0.3398 0.7911
vn 0.2375 0.1587 0.9583
vn 0.2020 0.2020 0.9583
vn 0.5650 0.2340 0.7912
vn 0.5999 0.1193 0.7911
vn 0.2802 0.0557 0.9583
vn 0.2639 0.1093 0.9583
vn 0.2996 -0.0596 0.9522
vn 0.3054 0.0000 0.9522
vn 0.2772 -0.0551 0.9592
vn 0.2825 -0.0000 0.9593
vn 0.2822 -0.1169 0.9522
vn 0.2540 -0.1697 0.9522
vn 0.2349 -0.1570 0.9592
vn 0.2611 -0.1081 0.9592
vn 0.2160 -0.2160 0.9522
vn 0.1697 -0.2540 0.9522
vn 0.1570 -0.2349 0.9592
vn 0.1998 -0.1998 0.9593
vn 0.1169 -0.2822 0.9522
vn 0.0596 -0.2996 0.9522
vn 0.0551 -0.2771 0.9592
vn 0.1081 -0.2610 0.9593
vn 0.0000 -0.3054 0.9522
vn -0.0596 -0.2996 0.9522
vn -0.0551 -0.2771 0.9592
vn 0.0000 -0.2825 0.9593
vn -0.1169 -0.2822 0.9522
vn -0.1697 -0.2540 0.9522
vn -0.1570 -0.2349 0.9592
vn -0.1081 -0.2610 0.9593
vn -0.2160 -0.2160 0.9522
vn -0.2540 -0.1697 0.9522
vn -0.2350 -0.1570 0.9592
vn -0.1998 -0.1998 0.9593
vn -0.2822 -0.1169 0.9522
vn -0.2996 -0.0596 0.9522
vn -0.2772 -0.0551 0.9592
vn -0.2610 -0.1081 0.9593
vn -0.3054 0.0000 0.9522
vn -0.2996 0.0596 0.9522
vn -0.2771 0.0551 0.9592
vn -0.2825 0.0000 0.9593
vn -0.2822 0.1169 0.9522
vn -0.2540 0.1697 0.9522
vn -0.2350 0.1570 0.9592
vn -0.2610 0.1081 0.9593
vn -0.2160 0.2160 0.9522
vn -0.1697 0.2540 0.9522
vn -0.1570 0.2349 0.9592
vn -0.1998 0.1998 0.9593
vn -0.1169 0.2822 0.9522
vn -0.0596 0.2996 0.9522
vn -0.0551 0.2771 0.9592
vn -0.1081 0.2610 0.9593
vn 0.0000 0.3054 0.9522
vn 0.0596 0.2996 0.9522
vn 0.0551 0.2771 0.9592
vn 0.0000 0.2825 0.9593
vn 0.1169 0.2822 0.9522
vn 0.1697 0.2540 0.9522
vn 0.1570 0.2349 0.9592
vn 0.1081 0.2610 0.9593
vn 0.2160 0.2160 0.9522
vn 0.2540 0.1697 0.9522
vn 0.2349 0.1570 0.9592
vn 0.1998 0.1998 0.9593
vn 0.2822 0.1169 0.9522
vn 0.2996 0.0596 0.9522
vn 0.2771 0.0551 0.9592
vn 0.2610 0.1081 0.9593
vn 0.2523 -0.0502 0.9664
vn 0.2572 -0.0000 0.9664
vn 0.2765 -0.0550 0.9594
vn 0.2819 -0.0000 0.9594
vn 0.2376 -0.0984 0.9664
vn 0.2139 -0.1429 0.9664
vn 0.2344 -0.1566 0.9594
vn 0.2604 -0.1079 0.9594
vn 0.1819 -0.1819 0.9664
vn 0.1429 -0.2138 0.9664
vn 0.1566 -0.2344 0.9594
vn 0.1993 -0.1993 0.9594
vn 0.0984 -0.2376 0.9664
vn 0.0502 -0.2523 0.9664
vn 0.0550 -0.2765 0.9594
vn 0.1079 -0.2605 0.9594
vn 0.0000 -0.2572 0.9664
vn -0.0502 -0.2523 0.9664
vn -0.0550 -0.2765 0.9594
vn 0.0000 -0.2819 0.9594
vn -0.0984 -0.2376 0.9664
vn -0.1429 -0.2138 0.9664
vn -0.1566 -0.2344 0.9594
vn -0.1079 -0.2605 0.9594
vn -0.1819 -0.1819 0.9664
vn -0.2138 -0.1429 0.9664
vn -0.2344 -0.1566 0.9594
vn -0.1993 -0.1993 0.9594
vn -0.2376 -0.0984 0.9664
vn -0.2523 -0.0502 0.9664
vn -0.2765 -0.0550 0.9594
vn -0.2605 -0.1079 0.9594
vn -0.2572 -0.0000 0.9664
vn -0.2523 0.0502 0.9664
vn -0.2765 0.0550 0.9594
vn -0.2819 0.0000 0.9594
vn -0.2376 0.0984 0.9664
vn -0.2139 0.1429 0.9664
vn -0.2344 0.1566 0.9594
vn -0.2605 0.1079 0.9594
vn -0.1819 0.1819 0.9664
vn -0.1429 0.2138 0.9664
vn -0.1566 0.2344 0.9594
vn -0.1993 0.1993 0.9594
vn -0.0984 0.2376 0.9664
vn -0.0502 0.2522 0.9664
vn -0.0550 0.2765 0.9594
vn -0.1079 0.2605 0.9594
vn 0.0000 0.2572 0.9664
vn 0.0502 0.2522 0.9664
vn 0.0550 0.2765 0.9594
vn 0.0000 0.2819 0.9594
vn 0.0984 0.2376 0.9664
vn 0.1429 0.2138 0.9664
vn 0.1566 0.2344 0.9594
vn 0.1079 0.2605 0.9594
vn 0.1819 0.1819 0.9664
vn 0.2138 0.1429 0.9664
vn 0.2344 0.1566 0.9594
vn 0.1993 0.1993 0.9594
vn 0.2376 0.0984 0.9664
vn 0.2523 0.0502 0.9664
vn 0.2765 0.0550 0.9594
vn 0.2605 0.1079 0.9594
vn 0.4060 -0.0808 0.9103
vn 0.4140 0.0000 0.9103
vn 0.6932 -0.1379 0.7075
vn 0.7068 0.0000 0.7074
vn 0.3825 -0.1584 0.9103
vn 0.3442 -0.2300 0.9103
vn 0.5876 -0.3926 0.7075
vn 0.6530 -0.2705 0.7074
vn 0.2928 -0.2928 0.9103
vn 0.2300 -0.3442 0.9103
vn 0.3927 -0.5876 0.7075
vn 0.4998 -0.4998 0.7074
vn 0.1584 -0.3825 0.9103
vn 0.0808 -0.4061 0.9103
vn 0.1379 -0.6932 0.7075
vn 0.2705 -0.6530 0.7074
vn 0.0000 -0.4140 0.9103
vn -0.0808 -0.4061 0.9103
vn -0.1379 -0.6932 0.7075
vn 0.0000 -0.7068 0.7074
vn -0.1584 -0.3825 0.9103
vn -0.2300 -0.3442 0.9103
vn -0.3927 -0.5876 0.7075
vn -0.2705 -0.6530 0.7074
vn -0.2928 -0.2928 0.9103
vn -0.3442 -0.2300 0.9103
vn -0.5876 -0.3926 0.7075
vn -0.4998 -0.4998 0.7074
vn -0.3825 -0.1584 0.9103
vn -0.4061 -0.0808 0.9103
vn -0.6932 -0.1379 0.7075
vn -0.6530 -0.2705 0.7074
vn -0.4140 0.0000 0.9103
vn -0.4061 0.0808 0.9103
vn -0.6932 0.1379 0.7075
vn -0.7068 0.0000 0.7074
vn -0.3825 0.1584 0.9103
vn -0.3442 0.2300 0.9103
vn -0.5876 0.3926 0.7075
vn -0.6530 0.2705 0.7074
vn -0.2928 0.2928 0.9103
vn -0.2300 0.3442 0.9103
vn -0.3927 0.5876 0.7075
vn -0.4998 0.4998 0.7074
vn -0.1584 0.3825 0.9103
vn -0.0808 0.4061 0.9103
vn -0.1379 0.6932 0.7075
vn -0.2705 0.6530 0.7074
vn 0.0000 0.4140 0.9103
vn 0.0808 0.4061 0.9103
vn 0.1379 0.6932 0.7075
vn 0.0000 0.7068 0.7074
vn 0.1584 0.3825 0.9103
vn 0.2300 0.3442 0.9103
vn 0.3927 0.5876 0.7075
vn 0.2705 0.6530 0.7074
vn 0.2928 0.2928 0.9103
vn 0.3442 0.2300 0.9103
vn 0.5876 0.3926 0.7075
vn 0.4998 0.4998 0.7074
vn 0.3825 0.1584 0.9103
vn 0.4061 0.0808 0.9103
vn 0.6932 0.1379 0.7075
vn 0.6530 0.2705 0.7074
vn 0.9203 -0.1831 0.3456
vn 0.9384 0.0000 0.3456
vn 0.9796 -0.1948 0.0500
vn 0.9987 0.0000 0.0500
vn 0.8669 -0.3591 0.3456
vn 0.7802 -0.5213 0.3456
vn 0.8304 -0.5549 0.0500
vn 0.9227 -0.3822 0.0500
vn 0.6635 -0.6635 0.3456
vn 0.5213 -0.7802 0.3456
vn 0.5549 -0.8304 0.0500
vn 0.7062 -0.7062 0.0500
vn 0.3591 -0.8669 0.3456
vn 0.1831 -0.9203 0.3456
vn 0.1948 -0.9796 0.0500
vn 0.3822 -0.9227 0.0500
vn 0.0000 -0.9384 0.3456
vn -0.1831 -0.9203 0.3456
vn -0.1948 -0.9796 0.0500
vn 0.0000 -0.9987 0.0500
vn -0.3591 -0.8669 0.3456
vn -0.5213 -0.7802 0.3456
vn -0.5549 -0.8304 0.0500
vn -0.3822 -0.9227 0.0500
vn -0.6635 -0.6635 0.3456
vn -0.7802 -0.5213 0.3456
vn -0.8304 -0.5549 0.0500
vn -0.7062 -0.7062 0.0500
vn -0.8669 -0.3591 0.3456
vn -0.9203 -0.1831 0.3456
vn -0.9796 -0.1948 0.0500
vn -0.9227 -0.3822 0.0500
vn -0.9384 -0.0000 0.3456
vn -0.9203 0.1831 0.3456
vn -0.9796 0.1948 0.0500
vn -0.9987 -0.0000 0.0500
vn -0.8669 0.3591 0.3456
vn -0.7802 0.5213 0.3456
vn -0.8304 0.5549 0.0500
vn -0.9227 0.3822 0.0500
vn -0.6635 0.6635 0.3456
vn -0.5213 0.7802 0.3456
vn -0.5549 0.8304 0.0500
vn -0.7062 0.7062 0.0500
vn -0.3591 0.8669 0.3456
vn -0.1831 0.9203 0.3456
vn -0.1948 0.9796 0.0500
vn -0.3822 0.9227 0.0500
vn 0.0000 0.9384 0.3456
vn 0.1831 0.9203 0.3456
vn 0.1948 0.9796 0.0500
vn 0.0000 0.9987 0.0500
vn 0.3591 0.8669 0.3456
vn 0.5213 0.7802 0.3456
vn 0.5549 0.8304 0.0500
vn 0.3822 0.9227 0.0501
vn 0.6635 0.6635 0.3456
vn 0.7802 0.5213 0.3456
vn 0.8304 0.5549 0.0500
vn 0.7062 0.7062 0.0500
vn 0.8669 0.3591 0.3456
vn 0.9203 0.1831 0.3456
vn 0.9796 0.1948 0.0500
vn 0.9227 0.3822 0.0500
vn 0.9551 0.0000 -0.2962
vn 0.9368 -0.1863 -0.2962
vn 0.6645 -0.0000 -0.7473
vn 0.6139 -0.2543 -0.7473
vn 0.6517 -0.1296 -0.7473
vn 0.8824 -0.3655 -0.2962
vn 0.7942 -0.5306 -0.2962
vn 0.4699 -0.4699 -0.7473
vn 0.5525 -0.3691 -0.7473
vn 0.6754 -0.6754 -0.2962
vn 0.5306 -0.7941 -0.2962
vn 0.2543 -0.6139 -0.7473
vn 0.3692 -0.5525 -0.7473
vn 0.3655 -0.8824 -0.2962
vn 0.1863 -0.9368 -0.2962
vn 0.0000 -0.6645 -0.7473
vn 0.1296 -0.6517 -0.7473
vn 0.0000 -0.9551 -0.2962
vn -0.1863 -0.9368 -0.2962
vn -0.2543 -0.6139 -0.7473
vn -0.1296 -0.6517 -0.7473
vn -0.3655 -0.8824 -0.2962
vn -0.5306 -0.7941 -0.2962
vn -0.4699 -0.4699 -0.7473
vn -0.3692 -0.5525 -0.7473
vn -0.6754 -0.6754 -0.2962
vn -0.7941 -0.5306 -0.2962
vn -0.6139 -0.2543 -0.7473
vn -0.5525 -0.3691 -0.7473
vn -0.8824 -0.3655 -0.2962
vn -0.9368 -0.1863 -0.2962
vn -0.6645 0.0000 -0.7473
vn -0.6517 -0.1296 -0.7473
vn -0.9551 0.0000 -0.2962
vn -0.9368 0.1863 -0.2962
vn -0.6139 0.2543 -0.7473
vn -0.6517 0.1296 -0.7473
vn -0.8824 0.3655 -0.2962
vn -0.7941 0.5306 -0.2962
vn -0.4699 0.4699 -0.7473
vn -0.5525 0.3692 -0.7473
vn -0.6754 0.6754 -0.2962
vn -0.5306 0.7941 -0.2962
vn -0.2543 0.6139 -0.7473
vn -0.3692 0.5525 -0.7473
vn -0.3655 0.8824 -0.2962
vn -0.1863 0.9368 -0.2962
vn 0.0000 0.6645 -0.7473
vn -0.1296 0.6517 -0.7473
vn 0.0000 0.9551 -0.2962
vn 0.1863 0.9368 -0.2962
vn 0.2543 0.6139 -0.7473
vn 0.1296 0.6517 -0.7473
vn 0.3655 0.8824 -0.2962
vn 0.5306 0.7941 -0.2962
vn 0.4699 0.4699 -0.7473
vn 0.3692 0.5525 -0.7473
vn 0.6754 0.6754 -0.2962
vn 0.7941 0.5306 -0.2962
vn 0.6139 0.2543 -0.7473
vn 0.5525 0.3691 -0.7473
vn 0.8824 0.3655 -0.2962
vn 0.9368 0.1863 -0.2962
vn 0.6517 0.1296 -0.7473
vn 0.2911 -0.0000 -0.9567
vn 0.2855 -0.0568 -0.9567
vn 0.1562 0.0000 -0.9877
vn 0.1443 -0.0598 -0.9877
vn 0.1532 -0.0305 -0.9877
vn 0.2689 -0.1114 -0.9567
vn 0.2420 -0.1617 -0.9567
vn 0.1105 -0.1105 -0.9877
vn 0.1299 -0.0868 -0.9877
vn 0.2058 -0.2058 -0.9567
vn 0.1617 -0.2420 -0.9567
vn 0.0598 -0.1443 -0.9877
vn 0.0868 -0.1299 -0.9877
vn 0.1114 -0.2689 -0.9567
vn 0.0568 -0.2855 -0.9567
vn 0.0000 -0.1562 -0.9877
vn 0.0305 -0.1532 -0.9877
vn 0.0000 -0.2911 -0.9567
vn -0.0568 -0.2855 -0.9567
vn -0.0598 -0.1443 -0.9877
vn -0.0305 -0.1532 -0.9877
vn -0.1114 -0.2689 -0.9567
vn -0.1617 -0.2420 -0.9567
vn -0.1105 -0.1105 -0.9877
vn -0.0868 -0.1299 -0.9877
vn -0.2058 -0.2058 -0.9567
vn -0.2420 -0.1617 -0.9567
vn -0.1443 -0.0598 -0.9877
vn -0.1299 -0.0868 -0.9877
vn -0.2689 -0.1114 -0.9567
vn -0.2855 -0.0568 -0.9567
vn -0.1562 0.0000 -0.9877
vn -0.1532 -0.0305 -0.9877
vn -0.2911 0.0000 -0.9567
vn -0.2855 0.0568 -0.9567
vn -0.1443 0.0598 -0.9877
vn -0.1532 0.0305 -0.9877
vn -0.2689 0.1114 -0.9567
vn -0.2420 0.1617 -0.9567
vn -0.1105 0.1105 -0.9877
vn -0.1299 0.0868 -0.9877
vn -0.2058 0.2058 -0.9567
vn -0.1617 0.2420 -0.9567
vn -0.0598 0.1443 -0.9877
vn -0.0868 0.1299 -0.9877
vn -0.1114 0.2689 -0.9567
vn -0.0568 0.2855 -0.9567
vn 0.0000 0.1562 -0.9877
vn -0.0305 0.1532 -0.9877
vn 0.0000 0.2911 -0.9567
vn 0.0568 0.2855 -0.9567
vn 0.0598 0.1443 -0.9877
vn 0.0305 0.1532 -0.9877
vn 0.1114 0.2689 -0.9567
vn 0.1617 0.2420 -0.9567
vn 0.1105 0.1105 -0.9877
vn 0.0868 0.1299 -0.9877
vn 0.2058 0.2058 -0.9567
vn 0.2420 0.1617 -0.9567
vn 0.1443 0.0598 -0.9877
vn 0.1299 0.0868 -0.9877
vn 0.2689 0.1114 -0.9567
vn 0.2855 0.0568 -0.9567
vn 0.1532 0.0305 -0.9877
vn 0.1639 -0.0000 -0.9865
vn 0.1608 -0.0320 -0.9865
vn 0.2631 -0.0000 -0.9648
vn 0.2431 -0.1007 -0.9648
vn 0.2581 -0.0513 -0.9647
vn 0.1515 -0.0627 -0.9865
vn 0.1363 -0.0911 -0.9865
vn 0.1861 -0.1861 -0.9648
vn 0.2188 -0.1462 -0.9647
vn 0.1159 -0.1159 -0.9865
vn 0.0911 -0.1363 -0.9865
vn 0.1007 -0.2431 -0.9648
vn 0.1462 -0.2188 -0.9647
vn 0.0627 -0.1515 -0.9865
vn 0.0320 -0.1608 -0.9865
vn 0.0000 -0.2631 -0.9648
vn 0.0513 -0.2581 -0.9647
vn 0.0000 -0.1640 -0.9865
vn -0.0320 -0.1608 -0.9865
vn -0.1007 -0.2431 -0.9648
vn -0.0513 -0.2581 -0.9647
vn -0.0627 -0.1515 -0.9865
vn -0.0911 -0.1363 -0.9865
vn -0.1861 -0.1861 -0.9648
vn -0.1462 -0.2188 -0.9647
vn -0.1159 -0.1159 -0.9865
vn -0.1363 -0.0911 -0.9865
vn -0.2431 -0.1007 -0.9648
vn -0.2188 -0.1462 -0.9647
vn -0.1515 -0.0627 -0.9865
vn -0.1608 -0.0320 -0.9865
vn -0.2631 -0.0000 -0.9648
vn -0.2581 -0.0513 -0.9648
vn -0.1640 0.0000 -0.9865
vn -0.1608 0.0320 -0.9865
vn -0.2431 0.1007 -0.9648
vn -0.2581 0.0513 -0.9647
vn -0.1515 0.0627 -0.9865
vn -0.1363 0.0911 -0.9865
vn -0.1861 0.1861 -0.9648
vn -0.2188 0.1462 -0.9647
vn -0.1159 0.1159 -0.9865
vn -0.0911 0.1363 -0.9865
vn -0.1007 0.2431 -0.9648
vn -0.1462 0.2188 -0.9647
vn -0.0627 0.1515 -0.9865
vn -0.0320 0.1608 -0.9865
vn 0.0000 0.2631 -0.9648
vn -0.0513 0.2581 -0.9647
vn 0.0000 0.1640 -0.9865
vn 0.0320 0.1608 -0.9865
vn 0.1007 0.2431 -0.9648
vn 0.0513 0.2581 -0.9647
vn 0.0627 0.1515 -0.9865
vn 0.0911 0.1363 -0.9865
vn 0.1861 0.1861 -0.9648
vn 0.1462 0.2188 -0.9647
vn 0.1159 0.1159 -0.9865
vn 0.1363 0.0911 -0.9865
vn 0.2431 0.1007 -0.9648
vn 0.2188 0.1462 -0.9647
vn 0.1515 0.0627 -0.9865
vn 0.1608 0.0320 -0.9865
vn 0.2581 0.0513 -0.9647
vn 0.4421 -0.0000 -0.8970
vn 0.4337 -0.0863 -0.8969
vn 0.6406 0.0000 -0.7679
vn 0.5918 -0.2451 -0.7679
vn 0.6283 -0.1250 -0.7679
vn 0.4085 -0.1692 -0.8970
vn 0.3676 -0.2457 -0.8969
vn 0.4530 -0.4530 -0.7679
vn 0.5327 -0.3559 -0.7678
vn 0.3126 -0.3126 -0.8970
vn 0.2457 -0.3677 -0.8969
vn 0.2451 -0.5918 -0.7679
vn 0.3559 -0.5327 -0.7679
vn 0.1692 -0.4085 -0.8970
vn 0.0863 -0.4337 -0.8969
vn 0.0000 -0.6406 -0.7679
vn 0.1250 -0.6283 -0.7678
vn 0.0000 -0.4421 -0.8970
vn -0.0863 -0.4337 -0.8969
vn -0.2451 -0.5918 -0.7679
vn -0.1250 -0.6283 -0.7678
vn -0.1692 -0.4085 -0.8970
vn -0.2457 -0.3677 -0.8969
vn -0.4530 -0.4530 -0.7679
vn -0.3559 -0.5327 -0.7679
vn -0.3126 -0.3126 -0.8970
vn -0.3677 -0.2457 -0.8969
vn -0.5918 -0.2451 -0.7679
vn -0.5327 -0.3559 -0.7679
vn -0.4084 -0.1692 -0.8970
vn -0.4337 -0.0863 -0.8969
vn -0.6406 0.0000 -0.7679
vn -0.6283 -0.1250 -0.7678
vn -0.4421 0.0000 -0.8970
vn -0.4337 0.0863 -0.8969
vn -0.5918 0.2451 -0.7679
vn -0.6283 0.1250 -0.7678
vn -0.4084 0.1692 -0.8970
vn -0.3677 0.2457 -0.8969
vn -0.4530 0.4530 -0.7679
vn -0.5327 0.3559 -0.7678
vn -0.3126 0.3126 -0.8970
vn -0.2457 0.3677 -0.8969
vn -0.2451 0.5918 -0.7679
vn -0.3559 0.5327 -0.7678
vn -0.1692 0.4084 -0.8970
vn -0.0863 0.4337 -0.8969
vn 0.0000 0.6406 -0.7679
vn -0.1250 0.6283 -0.7678
vn 0.0000 0.4421 -0.8970
vn 0.0863 0.4337 -0.8969
vn 0.2451 0.5918 -0.7679
vn 0.1250 0.6283 -0.7678
vn 0.1692 0.4084 -0.8970
vn 0.2457 0.3677 -0.8969
vn 0.4530 0.4530 -0.7679
vn 0.3559 0.5327 -0.7678
vn 0.3126 0.3126 -0.8970
vn 0.3677 0.2457 -0.8969
vn 0.5918 0.2451 -0.7679
vn 0.5327 0.3559 -0.7678
vn 0.4084 0.1692 -0.8970
vn 0.4337 0.0863 -0.8969
vn 0.6283 0.1250 -0.7679
vn 0.8087 0.0000 -0.5882
vn 0.7932 -0.1578 -0.5881
vn 0.9437 0.0000 -0.3308
vn 0.8719 -0.3611 -0.3308
vn 0.9256 -0.1841 -0.3308
vn 0.7472 -0.3095 -0.5882
vn 0.6725 -0.4493 -0.5881
vn 0.6673 -0.6673 -0.3308
vn 0.7847 -0.5243 -0.3307
vn 0.5719 -0.5719 -0.5882
vn 0.4493 -0.6725 -0.5881
vn 0.3611 -0.8719 -0.3308
vn 0.5243 -0.7847 -0.3307
vn 0.3095 -0.7472 -0.5882
vn 0.1578 -0.7932 -0.5881
vn 0.0000 -0.9437 -0.3308
vn 0.1841 -0.9256 -0.3307
vn 0.0000 -0.8087 -0.5882
vn -0.1578 -0.7932 -0.5881
vn -0.3611 -0.8719 -0.3308
vn -0.1841 -0.9256 -0.3307
vn -0.3095 -0.7472 -0.5882
vn -0.4493 -0.6725 -0.5881
vn -0.6673 -0.6673 -0.3308
vn -0.5243 -0.7847 -0.3307
vn -0.5719 -0.5719 -0.5882
vn -0.6725 -0.4493 -0.5881
vn -0.8719 -0.3611 -0.3308
vn -0.7847 -0.5243 -0.3307
vn -0.7472 -0.3095 -0.5882
vn -0.7932 -0.1578 -0.5881
vn -0.9437 0.0000 -0.3308
vn -0.9256 -0.1841 -0.3308
vn -0.8087 0.0000 -0.5882
vn -0.7932 0.1578 -0.5881
vn -0.8719 0.3611 -0.3308
vn -0.9256 0.1841 -0.3307
vn -0.7472 0.3095 -0.5882
vn -0.6725 0.4493 -0.5881
vn -0.6673 0.6673 -0.3308
vn -0.7847 0.5243 -0.3307
vn -0.5719 0.5719 -0.5882
vn -0.4493 0.6725 -0.5881
vn -0.3611 0.8719 -0.3308
vn -0.5243 0.7847 -0.3307
vn -0.3095 0.7472 -0.5882
vn -0.1578 0.7932 -0.5881
vn 0.0000 0.9437 -0.3308
vn -0.1841 0.9256 -0.3307
vn 0.0000 0.8087 -0.5882
vn 0.1578 0.7932 -0.5881
vn 0.3611 0.8719 -0.3308
vn 0.1841 0.9256 -0.3307
vn 0.3095 0.7472 -0.5882
vn 0.4493 0.6725 -0.5881
vn 0.6673 0.6673 -0.3308
vn 0.5243 0.7847 -0.3308
vn 0.5719 0.5719 -0.5882
vn 0.6725 0.4493 -0.5881
vn 0.8719 0.3611 -0.3308
vn 0.7847 0.5243 -0.3307
vn 0.7472 0.3095 -0.5882
vn 0.7932 0.1578 -0.5881
vn 0.9256 0.1841 -0.3308
vn 0.9965 0.0000 -0.0835
vn 0.9808 -0.1951 0.0046
vn 1.0000 -0.0000 0.0046
vn 0.9774 -0.1944 -0.0835
vn 0.9239 -0.3827 0.0046
vn 0.9207 -0.3813 -0.0835
vn 0.8315 -0.5556 0.0046
vn 0.7046 -0.7046 -0.0835
vn 0.8286 -0.5536 -0.0835
vn 0.5536 -0.8286 -0.0835
vn 0.7071 -0.7071 0.0046
vn 0.3827 -0.9239 0.0046
vn 0.5556 -0.8315 0.0046
vn 0.3813 -0.9207 -0.0835
vn 0.1944 -0.9774 -0.0835
vn 0.0000 -0.9965 -0.0835
vn 0.1951 -0.9808 0.0046
vn -0.1951 -0.9808 0.0046
vn 0.0000 -1.0000 0.0046
vn -0.3813 -0.9207 -0.0835
vn -0.1944 -0.9774 -0.0835
vn -0.5536 -0.8286 -0.0835
vn -0.3827 -0.9239 0.0046
vn -0.7046 -0.7046 -0.0835
vn -0.5556 -0.8315 0.0046
vn -0.8315 -0.5556 0.0046
vn -0.7071 -0.7071 0.0046
vn -0.9207 -0.3813 -0.0835
vn -0.8286 -0.5536 -0.0835
vn -0.9774 -0.1944 -0.0835
vn -0.9239 -0.3827 0.0046
vn -0.9965 -0.0000 -0.0835
vn -0.9808 -0.1951 0.0046
vn -0.9774 0.1944 -0.0835
vn -1.0000 -0.0000 0.0046
vn -0.9207 0.3813 -0.0835
vn -0.9808 0.1951 0.0046
vn -0.8315 0.5556 0.0046
vn -0.9239 0.3827 0.0046
vn -0.8286 0.5536 -0.0835
vn -0.7071 0.7071 0.0046
vn -0.7046 0.7046 -0.0835
vn -0.5556 0.8315 0.0046
vn -0.5536 0.8286 -0.0835
vn -0.3827 0.9239 0.0046
vn -0.3813 0.9207 -0.0835
vn -0.1951 0.9808 0.0046
vn 0.0000 0.9965 -0.0835
vn -0.1944 0.9774 -0.0835
vn 0.1951 0.9808 0.0046
vn 0.0000 1.0000 0.0046
vn 0.3814 0.9206 -0.0835
vn 0.1944 0.9774 -0.0835
vn 0.5536 0.8286 -0.0835
vn 0.3827 0.9239 0.0046
vn 0.7071 0.7071 0.0046
vn 0.5556 0.8315 0.0046
vn 0.7046 0.7046 -0.0835
vn 0.8315 0.5556 0.0046
vn 0.9207 0.3813 -0.0835
vn 0.8286 0.5536 -0.0835
vn 0.9808 0.1951 0.0046
vn 0.9239 0.3827 0.0046
vn 0.9774 0.1944 -0.0835
vn 1.0000 -0.0000 -0.0053
vn 0.9808 -0.1951 -0.0053
vn 0.9998 0.0000 -0.0208
vn 0.9237 -0.3826 -0.0208
vn 0.9806 -0.1950 -0.0208
vn 0.9239 -0.3827 -0.0053
vn 0.8315 -0.5556 -0.0053
vn 0.7070 -0.7070 -0.0208
vn 0.8313 -0.5555 -0.0208
vn 0.5556 -0.8315 -0.0053
vn 0.7071 -0.7071 -0.0053
vn 0.3826 -0.9237 -0.0208
vn 0.5555 -0.8313 -0.0208
vn 0.3827 -0.9239 -0.0053
vn 0.1951 -0.9808 -0.0053
vn 0.0000 -0.9998 -0.0208
vn 0.1950 -0.9806 -0.0208
vn -0.1951 -0.9808 -0.0053
vn 0.0000 -1.0000 -0.0053
vn -0.3826 -0.9237 -0.0208
vn -0.1950 -0.9806 -0.0208
vn -0.3827 -0.9239 -0.0053
vn -0.5556 -0.8315 -0.0053
vn -0.7070 -0.7070 -0.0208
vn -0.5555 -0.8313 -0.0208
vn -0.8315 -0.5556 -0.0053
vn -0.7071 -0.7071 -0.0053
vn -0.9237 -0.3826 -0.0208
vn -0.8313 -0.5555 -0.0208
vn -0.9808 -0.1951 -0.0053
vn -0.9239 -0.3827 -0.0053
vn -0.9998 0.0000 -0.0208
vn -0.9806 -0.1950 -0.0208
vn -1.0000 -0.0000 -0.0053
vn -0.9808 0.1951 -0.0053
vn -0.9237 0.3826 -0.0208
vn -0.9806 0.1950 -0.0208
vn -0.9239 0.3827 -0.0053
vn -0.8315 0.5556 -0.0053
vn -0.7070 0.7070 -0.0208
vn -0.8313 0.5555 -0.0208
vn -0.5556 0.8315 -0.0053
vn -0.7071 0.7071 -0.0053
vn -0.3826 0.9237 -0.0208
vn -0.5555 0.8313 -0.0208
vn -0.3827 0.9239 -0.0053
vn -0.1951 0.9808 -0.0053
vn 0.0000 0.9998 -0.0208
vn -0.1950 0.9806 -0.0208
vn 0.0000 1.0000 -0.0053
vn 0.1951 0.9808 -0.0053
vn 0.3826 0.9237 -0.0208
vn 0.1950 0.9806 -0.0208
vn 0.5556 0.8315 -0.0053
vn 0.3827 0.9239 -0.0053
vn 0.7070 0.7069 -0.0208
vn 0.5555 0.8313 -0.0208
vn 0.7071 0.7071 -0.0053
vn 0.8315 0.5556 -0.0053
vn 0.9239 0.3827 -0.0053
vn 0.8313 0.5554 -0.0208
vn 0.9808 0.1951 -0.0053
vn 0.9237 0.3826 -0.0208
vn 0.9806 0.1950 -0.0208
vn 0.9949 0.0000 0.1004
vn 0.9797 -0.1949 0.0462
vn 0.9989 0.0000 0.0462
vn 0.9758 -0.1941 -0.1008
vn 0.9949 0.0000 -0.1008
vn 0.9192 -0.3807 -0.1008
vn 0.9192 -0.3807 0.1004
vn 0.9758 -0.1941 0.1004
vn 0.8306 -0.5550 0.0462
vn 0.9229 -0.3823 0.0462
vn 0.7063 -0.7064 0.0462
vn 0.8272 -0.5527 -0.1008
vn 0.7035 -0.7035 0.1004
vn 0.8273 -0.5528 0.1004
vn 0.5550 -0.8306 0.0462
vn 0.5527 -0.8272 -0.1008
vn 0.7035 -0.7035 -0.1008
vn 0.3807 -0.9192 -0.1008
vn 0.3808 -0.9192 0.1004
vn 0.5528 -0.8273 0.1004
vn 0.1949 -0.9797 0.0462
vn 0.3823 -0.9229 0.0462
vn 0.1941 -0.9758 -0.1008
vn 0.0000 -0.9989 0.0462
vn 0.0000 -0.9949 0.1004
vn 0.1941 -0.9758 0.1004
vn -0.1949 -0.9797 0.0462
vn -0.1941 -0.9758 -0.1008
vn 0.0000 -0.9949 -0.1008
vn -0.3807 -0.9192 -0.1008
vn -0.3807 -0.9192 0.1004
vn -0.1941 -0.9758 0.1004
vn -0.5550 -0.8306 0.0462
vn -0.3823 -0.9229 0.0462
vn -0.5527 -0.8272 -0.1008
vn -0.7064 -0.7064 0.0462
vn -0.7035 -0.7035 0.1004
vn -0.5528 -0.8273 0.1004
vn -0.8306 -0.5550 0.0462
vn -0.7035 -0.7035 -0.1008
vn -0.9229 -0.3823 0.0462
vn -0.8272 -0.5527 -0.1008
vn -0.9192 -0.3807 0.1004
vn -0.8273 -0.5528 0.1004
vn -0.9797 -0.1949 0.0462
vn -0.9192 -0.3807 -0.1008
vn -0.9989 0.0000 0.0462
vn -0.9758 -0.1941 -0.1008
vn -0.9949 0.0000 0.1004
vn -0.9758 -0.1941 0.1004
vn -0.9797 0.1949 0.0462
vn -0.9758 0.1941 -0.1008
vn -0.9949 -0.0000 -0.1008
vn -0.9229 0.3823 0.0462
vn -0.9192 0.3807 0.1004
vn -0.9758 0.1941 0.1004
vn -0.8306 0.5550 0.0462
vn -0.8272 0.5527 -0.1008
vn -0.9192 0.3807 -0.1008
vn -0.7035 0.7035 -0.1008
vn -0.7035 0.7035 0.1004
vn -0.8273 0.5528 0.1004
vn -0.5550 0.8306 0.0462
vn -0.7064 0.7063 0.0462
vn -0.3823 0.9229 0.0462
vn -0.5527 0.8272 -0.1008
vn -0.3807 0.9192 0.1004
vn -0.5528 0.8273 0.1004
vn -0.1949 0.9797 0.0462
vn -0.3807 0.9192 -0.1008
vn 0.0000 0.9989 0.0462
vn -0.1941 0.9758 -0.1008
vn 0.0000 0.9949 0.1004
vn -0.1941 0.9758 0.1004
vn 0.1949 0.9797 0.0462
vn 0.1941 0.9758 -0.1008
vn 0.0000 0.9949 -0.1008
vn 0.3823 0.9229 0.0462
vn 0.3807 0.9192 0.1004
vn 0.1941 0.9758 0.1004
vn 0.5550 0.8306 0.0462
vn 0.3807 0.9192 -0.1008
vn 0.7064 0.7064 0.0462
vn 0.5527 0.8272 -0.1008
vn 0.7035 0.7035 0.1004
vn 0.5528 0.8273 0.1004
vn 0.8306 0.5550 0.0462
vn 0.8272 0.5527 -0.1008
vn 0.7035 0.7035 -0.1008
vn 0.9229 0.3823 0.0462
vn 0.9192 0.3807 0.1004
vn 0.8273 0.5528 0.1004
vn 0.9797 0.1949 0.0462
vn 0.9758 0.1941 -0.1008
vn 0.9192 0.3807 -0.1008
vn 0.9758 0.1941 0.1004
vn 0.9625 -0.0000 -0.2713
vn 0.9440 -0.1878 -0.2713
vn 0.9761 0.0000 -0.2173
vn 0.9018 -0.3735 -0.2173
vn 0.9573 -0.1904 -0.2173
vn 0.8892 -0.3683 -0.2713
vn 0.8003 -0.5347 -0.2713
vn 0.6902 -0.6902 -0.2173
vn 0.8116 -0.5423 -0.2173
vn 0.6806 -0.6806 -0.2713
vn 0.5347 -0.8003 -0.2713
vn 0.3735 -0.9018 -0.2173
vn 0.5423 -0.8116 -0.2173
vn 0.3683 -0.8892 -0.2713
vn 0.1878 -0.9440 -0.2713
vn 0.0000 -0.9761 -0.2173
vn 0.1904 -0.9573 -0.2173
vn 0.0000 -0.9625 -0.2713
vn -0.1878 -0.9440 -0.2713
vn -0.3735 -0.9018 -0.2173
vn -0.1904 -0.9573 -0.2173
vn -0.3683 -0.8892 -0.2713
vn -0.5347 -0.8003 -0.2713
vn -0.6902 -0.6902 -0.2173
vn -0.5423 -0.8116 -0.2173
vn -0.6806 -0.6806 -0.2713
vn -0.8003 -0.5347 -0.2713
vn -0.9018 -0.3735 -0.2173
vn -0.8116 -0.5423 -0.2173
vn -0.8892 -0.3683 -0.2713
vn -0.9440 -0.1878 -0.2713
vn -0.9761 0.0000 -0.2173
vn -0.9573 -0.1904 -0.2173
vn -0.9625 -0.0000 -0.2713
vn -0.9440 0.1878 -0.2713
vn -0.9018 0.3735 -0.2174
vn -0.9573 0.1904 -0.2173
vn -0.8892 0.3683 -0.2713
vn -0.8003 0.5347 -0.2713
vn -0.6902 0.6902 -0.2174
vn -0.8116 0.5423 -0.2173
vn -0.6806 0.6806 -0.2713
vn -0.5347 0.8003 -0.2713
vn -0.3735 0.9018 -0.2173
vn -0.5423 0.8116 -0.2173
vn -0.3683 0.8892 -0.2713
vn -0.1878 0.9440 -0.2713
vn 0.0000 0.9761 -0.2174
vn -0.1904 0.9573 -0.2173
vn 0.0000 0.9625 -0.2713
vn 0.1878 0.9440 -0.2713
vn 0.3735 0.9018 -0.2174
vn 0.1904 0.9573 -0.2173
vn 0.3683 0.8892 -0.2713
vn 0.5347 0.8003 -0.2713
vn 0.6902 0.6902 -0.2174
vn 0.5423 0.8116 -0.2173
vn 0.6806 0.6806 -0.2713
vn 0.8003 0.5347 -0.2713
vn 0.9018 0.3735 -0.2173
vn 0.8116 0.5423 -0.2173
vn 0.8892 0.3683 -0.2713
vn 0.9440 0.1878 -0.2713
vn 0.9573 0.1904 -0.2173
vn 0.8548 0.0000 0.5190
vn 0.5444 -0.1083 0.8318
vn 0.5549 0.0000 0.8319
vn 0.3371 -0.0671 0.9391
vn 0.3437 0.0000 0.9391
vn 0.5127 -0.2124 0.8319
vn 0.7897 -0.3271 0.5189
vn 0.8384 -0.1668 0.5189
vn 0.4615 -0.3084 0.8318
vn 0.2858 -0.1910 0.9391
vn 0.3175 -0.1315 0.9391
vn 0.3924 -0.3924 0.8319
vn 0.6044 -0.6044 0.5190
vn 0.7108 -0.4749 0.5189
vn 0.3084 -0.4615 0.8318
vn 0.1910 -0.2858 0.9391
vn 0.2430 -0.2430 0.9391
vn 0.2124 -0.5127 0.8319
vn 0.3271 -0.7897 0.5190
vn 0.4749 -0.7108 0.5189
vn 0.1083 -0.5444 0.8318
vn 0.0671 -0.3371 0.9391
vn 0.1315 -0.3175 0.9391
vn 0.0000 -0.5549 0.8319
vn 0.0000 -0.8548 0.5190
vn 0.1668 -0.8384 0.5189
vn -0.1083 -0.5444 0.8318
vn -0.0671 -0.3371 0.9391
vn 0.0000 -0.3437 0.9391
vn -0.2124 -0.5127 0.8319
vn -0.3271 -0.7897 0.5190
vn -0.1668 -0.8384 0.5189
vn -0.3084 -0.4615 0.8318
vn -0.1910 -0.2858 0.9391
vn -0.1315 -0.3175 0.9391
vn -0.3924 -0.3924 0.8319
vn -0.6044 -0.6044 0.5190
vn -0.4749 -0.7108 0.5189
vn -0.4615 -0.3084 0.8318
vn -0.2858 -0.1910 0.9391
vn -0.2430 -0.2430 0.9391
vn -0.5127 -0.2124 0.8319
vn -0.7897 -0.3271 0.5190
vn -0.7108 -0.4749 0.5189
vn -0.5444 -0.1083 0.8318
vn -0.3371 -0.0671 0.9391
vn -0.3175 -0.1315 0.9391
vn -0.5549 0.0000 0.8319
vn -0.8548 0.0000 0.5190
vn -0.8384 -0.1668 0.5189
vn -0.5444 0.1083 0.8318
vn -0.3371 0.0671 0.9391
vn -0.3437 0.0000 0.9391
vn -0.5127 0.2124 0.8319
vn -0.7897 0.3271 0.5190
vn -0.8384 0.1668 0.5189
vn -0.4615 0.3084 0.8318
vn -0.2858 0.1910 0.9391
vn -0.3175 0.1315 0.9391
vn -0.3924 0.3924 0.8319
vn -0.6044 0.6044 0.5190
vn -0.7108 0.4749 0.5189
vn -0.3084 0.4615 0.8318
vn -0.1910 0.2858 0.9391
vn -0.2430 0.2430 0.9391
vn -0.2124 0.5127 0.8319
vn -0.3271 0.7897 0.5190
vn -0.4749 0.7108 0.5189
vn -0.1083 0.5444 0.8318
vn -0.0671 0.3371 0.9391
vn -0.1315 0.3175 0.9391
vn 0.0000 0.5549 0.8319
vn 0.0000 0.8548 0.5190
vn -0.1668 0.8384 0.5189
vn 0.1083 0.5444 0.8318
vn 0.0671 0.3371 0.9391
vn 0.0000 0.3437 0.9391
vn 0.2124 0.5127 0.8319
vn 0.3271 0.7897 0.5190
vn 0.1668 0.8384 0.5189
vn 0.3084 0.4615 0.8318
vn 0.1910 0.2858 0.9391
vn 0.1315 0.3175 0.9391
vn 0.3924 0.3924 0.8319
vn 0.6044 0.6044 0.5190
vn 0.4749 0.7108 0.5189
vn 0.4615 0.3083 0.8318
vn 0.2858 0.1910 0.9391
vn 0.2430 0.2430 0.9391
vn 0.5127 0.2124 0.8319
vn 0.7897 0.3271 0.5189
vn 0.7108 0.4749 0.5189
vn 0.5444 0.1083 0.8318
vn 0.3371 0.0671 0.9391
vn 0.3175 0.1315 0.9391
vn 0.8384 0.1668 0.5189
vn 0.4388 -0.0873 0.8943
vn 0.4474 0.0000 0.8943
vn 0.6967 -0.1386 0.7039
vn 0.7103 0.0000 0.7039
vn 0.4133 -0.1712 0.8943
vn 0.3720 -0.2485 0.8943
vn 0.5906 -0.3946 0.7039
vn 0.6563 -0.2718 0.7039
vn 0.3164 -0.3164 0.8943
vn 0.2485 -0.3720 0.8943
vn 0.3946 -0.5906 0.7039
vn 0.5023 -0.5023 0.7039
vn 0.1712 -0.4133 0.8943
vn 0.0873 -0.4388 0.8943
vn 0.1386 -0.6967 0.7039
vn 0.2718 -0.6563 0.7039
vn 0.0000 -0.4474 0.8943
vn -0.0873 -0.4388 0.8943
vn -0.1386 -0.6967 0.7039
vn 0.0000 -0.7103 0.7039
vn -0.1712 -0.4133 0.8943
vn -0.2485 -0.3720 0.8943
vn -0.3946 -0.5906 0.7039
vn -0.2718 -0.6563 0.7039
vn -0.3164 -0.3164 0.8943
vn -0.3720 -0.2485 0.8943
vn -0.5906 -0.3946 0.7039
vn -0.5023 -0.5023 0.7039
vn -0.4133 -0.1712 0.8943
vn -0.4388 -0.0873 0.8944
vn -0.6967 -0.1386 0.7039
vn -0.6563 -0.2718 0.7039
vn -0.4474 0.0000 0.8943
vn -0.4388 0.0873 0.8943
vn -0.6967 0.1386 0.7039
vn -0.7103 0.0000 0.7039
vn -0.4133 0.1712 0.8943
vn -0.3720 0.2485 0.8943
vn -0.5906 0.3946 0.7039
vn -0.6563 0.2718 0.7039
vn -0.3164 0.3164 0.8943
vn -0.2485 0.3720 0.8943
vn -0.3946 0.5906 0.7039
vn -0.5023 0.5023 0.7039
vn -0.1712 0.4133 0.8943
vn -0.0873 0.4388 0.8943
vn -0.1386 0.6967 0.7039
vn -0.2718 0.6563 0.7039
vn 0.0000 0.4474 0.8943
vn 0.0873 0.4388 0.8943
vn 0.1386 0.6967 0.7039
vn 0.0000 0.7103 0.7039
vn 0.1712 0.4133 0.8943
vn 0.2485 0.3720 0.8943
vn 0.3946 0.5906 0.7039
vn 0.2718 0.6563 0.7039
vn 0.3164 0.3164 0.8943
vn 0.3720 0.2485 0.8943
vn 0.5906 0.3946 0.7039
vn 0.5023 0.5023 0.7039
vn 0.4133 0.1712 0.8943
vn 0.4388 0.0873 0.8943
vn 0.6967 0.1386 0.7039
vn 0.6563 0.2718 0.7039
vn 0.8751 -0.1741 0.4515
vn 0.8923 -0.0000 0.4515
vn 0.9611 -0.1912 0.1996
vn 0.9799 -0.0000 0.1995
vn 0.8243 -0.3415 0.4515
vn 0.7419 -0.4957 0.4515
vn 0.8147 -0.5444 0.1996
vn 0.9053 -0.3750 0.1996
vn 0.6309 -0.6309 0.4515
vn 0.4957 -0.7419 0.4515
vn 0.5444 -0.8147 0.1996
vn 0.6929 -0.6929 0.1996
vn 0.3415 -0.8243 0.4515
vn 0.1741 -0.8751 0.4515
vn 0.1912 -0.9611 0.1995
vn 0.3750 -0.9053 0.1996
vn 0.0000 -0.8923 0.4515
vn -0.1741 -0.8751 0.4515
vn -0.1912 -0.9611 0.1995
vn -0.0000 -0.9799 0.1996
vn -0.3415 -0.8243 0.4515
vn -0.4957 -0.7419 0.4515
vn -0.5444 -0.8147 0.1996
vn -0.3750 -0.9053 0.1995
vn -0.6309 -0.6309 0.4515
vn -0.7419 -0.4957 0.4515
vn -0.8147 -0.5444 0.1996
vn -0.6929 -0.6929 0.1996
vn -0.8243 -0.3415 0.4515
vn -0.8751 -0.1741 0.4515
vn -0.9611 -0.1912 0.1995
vn -0.9053 -0.3750 0.1995
vn -0.8923 0.0000 0.4515
vn -0.8751 0.1741 0.4515
vn -0.9611 0.1912 0.1995
vn -0.9799 0.0000 0.1995
vn -0.8243 0.3415 0.4515
vn -0.7419 0.4957 0.4515
vn -0.8147 0.5444 0.1995
vn -0.9053 0.3750 0.1996
vn -0.6309 0.6309 0.4515
vn -0.4957 0.7419 0.4515
vn -0.5444 0.8147 0.1996
vn -0.6929 0.6929 0.1996
vn -0.3415 0.8243 0.4515
vn -0.1741 0.8751 0.4515
vn -0.1912 0.9611 0.1996
vn -0.3750 0.9053 0.1996
vn 0.0000 0.8923 0.4515
vn 0.1741 0.8751 0.4515
vn 0.1912 0.9611 0.1996
vn 0.0000 0.9799 0.1996
vn 0.3415 0.8243 0.4515
vn 0.4957 0.7419 0.4515
vn 0.5444 0.8147 0.1995
vn 0.3750 0.9053 0.1996
vn 0.6309 0.6309 0.4515
vn 0.7419 0.4957 0.4515
vn 0.8147 0.5444 0.1996
vn 0.6929 0.6929 0.1996
vn 0.8243 0.3415 0.4515
vn 0.8751 0.1741 0.4515
vn 0.9611 0.1912 0.1996
vn 0.9053 0.3750 0.1996
vn 0.9653 -0.1920 -0.1769
vn 0.9842 -0.0000 -0.1769
vn 0.7608 -0.1512 -0.6311
vn 0.7757 0.0001 -0.6311
vn 0.7167 -0.2967 -0.6311
vn 0.9093 -0.3767 -0.1769
vn 0.8184 -0.5468 -0.1769
vn 0.6450 -0.4308 -0.6311
vn 0.5486 -0.5484 -0.6311
vn 0.6960 -0.6960 -0.1769
vn 0.5468 -0.8184 -0.1769
vn 0.4310 -0.6449 -0.6311
vn 0.2969 -0.7166 -0.6311
vn 0.3766 -0.9093 -0.1769
vn 0.1920 -0.9653 -0.1769
vn 0.1514 -0.7607 -0.6311
vn 0.0001 -0.7757 -0.6311
vn -0.0000 -0.9842 -0.1769
vn -0.1920 -0.9653 -0.1769
vn -0.1512 -0.7608 -0.6311
vn -0.2967 -0.7167 -0.6311
vn -0.3767 -0.9093 -0.1769
vn -0.5468 -0.8184 -0.1769
vn -0.4308 -0.6450 -0.6311
vn -0.5484 -0.5486 -0.6311
vn -0.6960 -0.6960 -0.1768
vn -0.8184 -0.5468 -0.1769
vn -0.6449 -0.4310 -0.6311
vn -0.7166 -0.2969 -0.6311
vn -0.9093 -0.3766 -0.1769
vn -0.9653 -0.1920 -0.1769
vn -0.7607 -0.1514 -0.6311
vn -0.7757 -0.0001 -0.6311
vn -0.9842 0.0000 -0.1769
vn -0.9653 0.1920 -0.1769
vn -0.7608 0.1512 -0.6311
vn -0.7167 0.2967 -0.6311
vn -0.9093 0.3767 -0.1769
vn -0.8184 0.5468 -0.1769
vn -0.6450 0.4309 -0.6311
vn -0.5486 0.5484 -0.6311
vn -0.6959 0.6960 -0.1769
vn -0.5468 0.8184 -0.1769
vn -0.4310 0.6449 -0.6311
vn -0.2969 0.7166 -0.6311
vn -0.3766 0.9093 -0.1769
vn -0.1920 0.9653 -0.1769
vn -0.1514 0.7607 -0.6311
vn -0.0001 0.7757 -0.6311
vn 0.0000 0.9842 -0.1768
vn 0.1920 0.9653 -0.1769
vn 0.1512 0.7608 -0.6311
vn 0.2967 0.7167 -0.6311
vn 0.3767 0.9093 -0.1769
vn 0.5468 0.8184 -0.1769
vn 0.4308 0.6450 -0.6311
vn 0.5484 0.5486 -0.6311
vn 0.6960 0.6959 -0.1769
vn 0.8184 0.5468 -0.1769
vn 0.6449 0.4310 -0.6311
vn 0.7166 0.2969 -0.6311
vn 0.9093 0.3766 -0.1769
vn 0.9653 0.1920 -0.1769
vn 0.7607 0.1514 -0.6311
vn 0.5382 0.0003 -0.8428
vn 0.9709 -0.1910 0.1444
vn 0.9895 0.0021 0.1445
vn 0.3602 -0.0710 0.9302
vn 0.3671 0.0006 0.9302
vn 0.3394 -0.1399 0.9302
vn 0.5279 -0.1047 -0.8428
vn 0.9150 -0.3767 0.1444
vn 0.4973 -0.2057 -0.8428
vn 0.8239 -0.5480 0.1444
vn 0.3056 -0.2035 0.9302
vn 0.2600 -0.2592 0.9302
vn 0.4477 -0.2988 -0.8428
vn 0.7012 -0.6982 0.1445
vn 0.3808 -0.3804 -0.8428
vn 0.5515 -0.8216 0.1444
vn 0.2045 -0.3050 0.9301
vn 0.1410 -0.3389 0.9302
vn 0.2993 -0.4474 -0.8428
vn 0.3806 -0.9134 0.1445
vn 0.2062 -0.4971 -0.8428
vn 0.1951 -0.9701 0.1444
vn 0.0722 -0.3600 0.9302
vn 0.0006 -0.3671 0.9302
vn 0.1053 -0.5278 -0.8428
vn 0.0021 -0.9895 0.1444
vn 0.0003 -0.5382 -0.8428
vn -0.1910 -0.9709 0.1444
vn -0.0710 -0.3602 0.9302
vn -0.1399 -0.3394 0.9302
vn -0.1047 -0.5279 -0.8428
vn -0.3767 -0.9150 0.1445
vn -0.2057 -0.4973 -0.8428
vn -0.5480 -0.8239 0.1444
vn -0.2035 -0.3056 0.9302
vn -0.2592 -0.2600 0.9302
vn -0.2988 -0.4477 -0.8428
vn -0.6982 -0.7012 0.1444
vn -0.3803 -0.3807 -0.8428
vn -0.8216 -0.5515 0.1444
vn -0.3050 -0.2045 0.9301
vn -0.3389 -0.1411 0.9302
vn -0.4474 -0.2993 -0.8428
vn -0.9134 -0.3806 0.1445
vn -0.4971 -0.2062 -0.8428
vn -0.9701 -0.1951 0.1444
vn -0.3600 -0.0722 0.9302
vn -0.3671 -0.0006 0.9302
vn -0.5278 -0.1053 -0.8428
vn -0.9895 -0.0021 0.1444
vn -0.5382 -0.0003 -0.8428
vn -0.9709 0.1910 0.1444
vn -0.3602 0.0710 0.9302
vn -0.3394 0.1399 0.9302
vn -0.5279 0.1047 -0.8428
vn -0.9150 0.3767 0.1445
vn -0.4973 0.2057 -0.8428
vn -0.8239 0.5480 0.1444
vn -0.3056 0.2035 0.9301
vn -0.2600 0.2592 0.9302
vn -0.4477 0.2988 -0.8428
vn -0.7012 0.6982 0.1445
vn -0.3807 0.3803 -0.8428
vn -0.5515 0.8216 0.1444
vn -0.2045 0.3050 0.9302
vn -0.1411 0.3390 0.9302
vn -0.2993 0.4474 -0.8428
vn -0.3806 0.9134 0.1444
vn -0.2062 0.4971 -0.8428
vn -0.1951 0.9701 0.1444
vn -0.0722 0.3600 0.9302
vn -0.0006 0.3671 0.9302
vn -0.1053 0.5278 -0.8428
vn -0.0021 0.9895 0.1444
vn -0.0003 0.5382 -0.8428
vn 0.1910 0.9709 0.1444
vn 0.0710 0.3602 0.9302
vn 0.1399 0.3394 0.9302
vn 0.1047 0.5280 -0.8428
vn 0.3767 0.9150 0.1444
vn 0.2057 0.4973 -0.8428
vn 0.5480 0.8239 0.1444
vn 0.2035 0.3056 0.9302
vn 0.2592 0.2600 0.9302
vn 0.2988 0.4477 -0.8428
vn 0.6982 0.7012 0.1445
vn 0.3803 0.3807 -0.8428
vn 0.8216 0.5515 0.1444
vn 0.3050 0.2045 0.9301
vn 0.3389 0.1411 0.9302
vn 0.4474 0.2993 -0.8428
vn 0.9134 0.3806 0.1444
vn 0.4971 0.2062 -0.8428
vn 0.9701 0.1951 0.1444
vn 0.3600 0.0722 0.9302
vn 0.5278 0.1053 -0.8428
vn 0.2699 0.0003 0.9629
vn 0.2647 -0.0524 0.9629
vn 0.2355 0.0001 0.9719
vn 0.2494 -0.1030 0.9629
vn 0.2310 -0.0459 0.9719
vn 0.2245 -0.1497 0.9629
vn 0.2176 -0.0901 0.9719
vn 0.1910 -0.1906 0.9629
vn 0.1959 -0.1308 0.9719
vn 0.1501 -0.2243 0.9629
vn 0.1666 -0.1665 0.9719
vn 0.1035 -0.2492 0.9629
vn 0.1309 -0.1958 0.9719
vn 0.0529 -0.2646 0.9629
vn 0.0902 -0.2176 0.9719
vn 0.0003 -0.2699 0.9629
vn 0.0460 -0.2310 0.9719
vn -0.0524 -0.2647 0.9629
vn 0.0001 -0.2355 0.9719
vn -0.1030 -0.2494 0.9629
vn -0.0459 -0.2310 0.9719
vn -0.1497 -0.2245 0.9629
vn -0.0901 -0.2176 0.9719
vn -0.1906 -0.1910 0.9629
vn -0.1308 -0.1959 0.9719
vn -0.2243 -0.1502 0.9629
vn -0.1665 -0.1666 0.9719
vn -0.2492 -0.1035 0.9629
vn -0.1958 -0.1309 0.9719
vn -0.2646 -0.0529 0.9629
vn -0.2176 -0.0902 0.9719
vn -0.2699 -0.0003 0.9629
vn -0.2310 -0.0460 0.9719
vn -0.2647 0.0524 0.9629
vn -0.2355 -0.0001 0.9719
vn -0.2494 0.1030 0.9629
vn -0.2310 0.0459 0.9719
vn -0.2245 0.1497 0.9629
vn -0.2176 0.0901 0.9719
vn -0.1910 0.1906 0.9629
vn -0.1959 0.1308 0.9719
vn -0.1501 0.2243 0.9629
vn -0.1666 0.1665 0.9719
vn -0.1035 0.2492 0.9629
vn -0.1309 0.1958 0.9719
vn -0.0529 0.2646 0.9629
vn -0.0902 0.2176 0.9719
vn -0.0003 0.2699 0.9629
vn -0.0460 0.2310 0.9719
vn 0.0524 0.2647 0.9629
vn -0.0001 0.2355 0.9719
vn 0.1030 0.2494 0.9629
vn 0.0459 0.2310 0.9719
vn 0.1497 0.2245 0.9629
vn 0.0901 0.2176 0.9719
vn 0.1906 0.1910 0.9629
vn 0.1308 0.1959 0.9719
vn 0.2243 0.1501 0.9629
vn 0.1665 0.1666 0.9719
vn 0.2492 0.1035 0.9629
vn 0.1958 0.1309 0.9719
vn 0.2646 0.0529 0.9629
vn 0.2176 0.0902 0.9719
vn 0.2310 0.0460 0.9719
vn 0.3298 0.0000 0.9441
vn 0.4218 -0.0838 0.9028
vn 0.4301 0.0001 0.9028
vn 0.5280 -0.1049 0.8427
vn 0.5383 0.0002 0.8427
vn 0.4974 -0.2059 0.8427
vn 0.3234 -0.0643 0.9441
vn 0.3974 -0.1645 0.9028
vn 0.3047 -0.1262 0.9441
vn 0.3576 -0.2389 0.9028
vn 0.4477 -0.2990 0.8427
vn 0.3808 -0.3806 0.8427
vn 0.2742 -0.1832 0.9441
vn 0.3042 -0.3040 0.9028
vn 0.2332 -0.2332 0.9441
vn 0.2390 -0.3576 0.9028
vn 0.2992 -0.4475 0.8427
vn 0.2062 -0.4973 0.8427
vn 0.1832 -0.2742 0.9441
vn 0.1647 -0.3973 0.9028
vn 0.1262 -0.3046 0.9441
vn 0.0840 -0.4218 0.9028
vn 0.1052 -0.5280 0.8427
vn 0.0002 -0.5383 0.8427
vn 0.0643 -0.3234 0.9441
vn 0.0001 -0.4301 0.9028
vn 0.0000 -0.3298 0.9441
vn -0.0838 -0.4218 0.9028
vn -0.1049 -0.5281 0.8427
vn -0.2059 -0.4974 0.8427
vn -0.0643 -0.3234 0.9441
vn -0.1645 -0.3974 0.9028
vn -0.1262 -0.3047 0.9441
vn -0.2389 -0.3576 0.9028
vn -0.2990 -0.4477 0.8427
vn -0.3806 -0.3808 0.8427
vn -0.1832 -0.2742 0.9441
vn -0.3040 -0.3042 0.9028
vn -0.2332 -0.2332 0.9441
vn -0.3576 -0.2390 0.9028
vn -0.4475 -0.2992 0.8427
vn -0.4973 -0.2062 0.8427
vn -0.2742 -0.1832 0.9441
vn -0.3973 -0.1647 0.9028
vn -0.3046 -0.1262 0.9441
vn -0.4218 -0.0840 0.9028
vn -0.5280 -0.1052 0.8427
vn -0.5383 -0.0002 0.8427
vn -0.3234 -0.0643 0.9441
vn -0.4301 -0.0001 0.9028
vn -0.3298 -0.0000 0.9441
vn -0.4218 0.0838 0.9028
vn -0.5281 0.1049 0.8427
vn -0.4974 0.2059 0.8427
vn -0.3234 0.0643 0.9441
vn -0.3974 0.1645 0.9028
vn -0.3047 0.1262 0.9441
vn -0.3576 0.2389 0.9028
vn -0.4477 0.2990 0.8427
vn -0.3808 0.3805 0.8427
vn -0.2742 0.1832 0.9441
vn -0.3042 0.3040 0.9028
vn -0.2332 0.2332 0.9441
vn -0.2390 0.3575 0.9028
vn -0.2992 0.4475 0.8427
vn -0.2062 0.4973 0.8427
vn -0.1832 0.2742 0.9441
vn -0.1647 0.3973 0.9028
vn -0.1262 0.3047 0.9441
vn -0.0840 0.4218 0.9028
vn -0.1052 0.5280 0.8427
vn -0.0002 0.5383 0.8427
vn -0.0643 0.3234 0.9441
vn -0.0001 0.4301 0.9028
vn -0.0000 0.3298 0.9441
vn 0.0838 0.4218 0.9028
vn 0.1049 0.5281 0.8427
vn 0.2059 0.4974 0.8427
vn 0.0643 0.3234 0.9441
vn 0.1645 0.3974 0.9028
vn 0.1262 0.3047 0.9441
vn 0.2389 0.3576 0.9028
vn 0.2990 0.4477 0.8427
vn 0.3806 0.3808 0.8427
vn 0.1832 0.2742 0.9441
vn 0.3040 0.3042 0.9028
vn 0.2332 0.2332 0.9441
vn 0.3575 0.2390 0.9028
vn 0.4476 0.2992 0.8427
vn 0.4973 0.2062 0.8427
vn 0.2742 0.1832 0.9441
vn 0.3973 0.1647 0.9028
vn 0.3047 0.1262 0.9441
vn 0.4218 0.0840 0.9028
vn 0.5280 0.1052 0.8427
vn 0.3234 0.0643 0.9441
vn 0.6387 0.0001 0.7694
vn 0.6265 -0.1245 0.7694
vn 0.6957 0.0000 0.7184
vn 0.5902 -0.2443 0.7694
vn 0.6823 -0.1357 0.7183
vn 0.5312 -0.3548 0.7694
vn 0.6427 -0.2662 0.7184
vn 0.4517 -0.4515 0.7694
vn 0.5785 -0.3865 0.7183
vn 0.3550 -0.5310 0.7694
vn 0.4919 -0.4919 0.7184
vn 0.2446 -0.5901 0.7694
vn 0.3865 -0.5784 0.7183
vn 0.1247 -0.6264 0.7694
vn 0.2662 -0.6427 0.7183
vn 0.0001 -0.6387 0.7694
vn 0.1357 -0.6823 0.7183
vn -0.1245 -0.6265 0.7694
vn 0.0000 -0.6957 0.7184
vn -0.2443 -0.5902 0.7694
vn -0.1357 -0.6823 0.7184
vn -0.3548 -0.5312 0.7694
vn -0.2662 -0.6427 0.7184
vn -0.4516 -0.4517 0.7694
vn -0.3865 -0.5785 0.7183
vn -0.5310 -0.3550 0.7694
vn -0.4919 -0.4919 0.7184
vn -0.5901 -0.2445 0.7694
vn -0.5784 -0.3865 0.7183
vn -0.6264 -0.1247 0.7694
vn -0.6427 -0.2662 0.7184
vn -0.6387 -0.0001 0.7694
vn -0.6823 -0.1357 0.7183
vn -0.6265 0.1245 0.7694
vn -0.6957 -0.0000 0.7184
vn -0.5902 0.2443 0.7694
vn -0.6823 0.1357 0.7183
vn -0.5312 0.3548 0.7694
vn -0.6427 0.2662 0.7184
vn -0.4517 0.4516 0.7694
vn -0.5785 0.3865 0.7183
vn -0.3550 0.5310 0.7694
vn -0.4919 0.4919 0.7184
vn -0.2446 0.5901 0.7694
vn -0.3865 0.5784 0.7183
vn -0.1247 0.6264 0.7694
vn -0.2662 0.6427 0.7183
vn -0.0001 0.6387 0.7694
vn -0.1357 0.6823 0.7183
vn 0.1245 0.6265 0.7694
vn -0.0000 0.6957 0.7184
vn 0.2443 0.5902 0.7694
vn 0.1357 0.6823 0.7183
vn 0.3548 0.5312 0.7694
vn 0.2662 0.6427 0.7184
vn 0.4516 0.4517 0.7694
vn 0.3865 0.5785 0.7183
vn 0.5310 0.3550 0.7694
vn 0.4919 0.4919 0.7184
vn 0.5901 0.2446 0.7694
vn 0.5784 0.3865 0.7183
vn 0.6264 0.1247 0.7694
vn 0.6427 0.2662 0.7184
vn 0.6823 0.1357 0.7183
vn 0.7301 -0.0000 0.6834
vn 0.7606 -0.1513 0.6313
vn 0.7755 -0.0000 0.6313
vn 0.6745 -0.2794 0.6834
vn 0.7161 -0.1424 0.6833
vn 0.6449 -0.4309 0.6313
vn 0.7165 -0.2968 0.6313
vn 0.5162 -0.5163 0.6834
vn 0.6071 -0.4056 0.6833
vn 0.4309 -0.6449 0.6313
vn 0.5484 -0.5484 0.6313
vn 0.2794 -0.6745 0.6834
vn 0.4056 -0.6071 0.6834
vn 0.1513 -0.7607 0.6313
vn 0.2968 -0.7165 0.6313
vn -0.0000 -0.7301 0.6834
vn 0.1424 -0.7161 0.6833
vn -0.1513 -0.7607 0.6313
vn -0.0000 -0.7755 0.6313
vn -0.2794 -0.6745 0.6834
vn -0.1424 -0.7161 0.6833
vn -0.4309 -0.6449 0.6313
vn -0.2968 -0.7165 0.6313
vn -0.5163 -0.5162 0.6834
vn -0.4056 -0.6070 0.6833
vn -0.6449 -0.4309 0.6313
vn -0.5484 -0.5484 0.6313
vn -0.6745 -0.2794 0.6834
vn -0.6070 -0.4056 0.6834
vn -0.7607 -0.1513 0.6313
vn -0.7165 -0.2968 0.6313
vn -0.7301 0.0000 0.6834
vn -0.7161 -0.1424 0.6833
vn -0.7606 0.1513 0.6313
vn -0.7755 0.0000 0.6313
vn -0.6745 0.2794 0.6834
vn -0.7161 0.1424 0.6833
vn -0.6449 0.4309 0.6313
vn -0.7165 0.2968 0.6313
vn -0.5162 0.5162 0.6834
vn -0.6071 0.4056 0.6833
vn -0.4309 0.6449 0.6313
vn -0.5484 0.5484 0.6313
vn -0.2794 0.6745 0.6834
vn -0.4056 0.6071 0.6833
vn -0.1513 0.7606 0.6313
vn -0.2968 0.7165 0.6313
vn 0.0000 0.7301 0.6834
vn -0.1424 0.7161 0.6833
vn 0.1513 0.7607 0.6313
vn 0.0000 0.7755 0.6313
vn 0.2794 0.6745 0.6834
vn 0.1424 0.7161 0.6833
vn 0.4309 0.6448 0.6313
vn 0.2968 0.7165 0.6313
vn 0.5163 0.5162 0.6834
vn 0.4056 0.6070 0.6833
vn 0.6448 0.4309 0.6313
vn 0.5484 0.5484 0.6313
vn 0.6745 0.2794 0.6834
vn 0.6071 0.4056 0.6833
vn 0.7607 0.1513 0.6313
vn 0.7165 0.2968 0.6313
vn 0.7161 0.1424 0.6833
vn 0.8282 -0.1647 0.5356
vn 0.8445 0.0000 0.5356
vn 0.9059 -0.1802 0.3833
vn 0.9236 0.0000 0.3833
vn 0.7802 -0.3232 0.5356
vn 0.7022 -0.4692 0.5356
vn 0.7680 -0.5131 0.3833
vn 0.8533 -0.3535 0.3833
vn 0.5971 -0.5971 0.5356
vn 0.4692 -0.7022 0.5356
vn 0.5131 -0.7680 0.3833
vn 0.6531 -0.6531 0.3833
vn 0.3232 -0.7802 0.5356
vn 0.1647 -0.8282 0.5356
vn 0.1802 -0.9059 0.3833
vn 0.3535 -0.8533 0.3833
vn 0.0000 -0.8445 0.5356
vn -0.1647 -0.8282 0.5356
vn -0.1802 -0.9059 0.3833
vn 0.0000 -0.9236 0.3833
vn -0.3232 -0.7802 0.5356
vn -0.4692 -0.7022 0.5356
vn -0.5131 -0.7680 0.3833
vn -0.3535 -0.8533 0.3833
vn -0.5971 -0.5971 0.5356
vn -0.7022 -0.4692 0.5356
vn -0.7680 -0.5131 0.3833
vn -0.6531 -0.6531 0.3833
vn -0.7802 -0.3232 0.5356
vn -0.8282 -0.1647 0.5356
vn -0.9059 -0.1802 0.3833
vn -0.8533 -0.3535 0.3833
vn -0.8445 0.0000 0.5356
vn -0.8282 0.1647 0.5356
vn -0.9059 0.1802 0.3833
vn -0.9236 -0.0000 0.3833
vn -0.7802 0.3232 0.5356
vn -0.7021 0.4692 0.5356
vn -0.7680 0.5131 0.3833
vn -0.8533 0.3535 0.3833
vn -0.5971 0.5971 0.5356
vn -0.4692 0.7022 0.5356
vn -0.5131 0.7680 0.3833
vn -0.6531 0.6531 0.3833
vn -0.3232 0.7802 0.5356
vn -0.1647 0.8282 0.5356
vn -0.1802 0.9059 0.3833
vn -0.3535 0.8533 0.3833
vn 0.0000 0.8445 0.5356
vn 0.1647 0.8282 0.5356
vn 0.1802 0.9059 0.3833
vn 0.0000 0.9236 0.3833
vn 0.3232 0.7802 0.5356
vn 0.4692 0.7022 0.5356
vn 0.5131 0.7680 0.3833
vn 0.3535 0.8533 0.3833
vn 0.5971 0.5971 0.5356
vn 0.7021 0.4692 0.5356
vn 0.7680 0.5131 0.3833
vn 0.6531 0.6531 0.3833
vn 0.7802 0.3232 0.5356
vn 0.8282 0.1647 0.5356
vn 0.9059 0.1802 0.3833
vn 0.8533 0.3535 0.3833
vn 0.9545 -0.1899 0.2301
vn 0.9732 0.0000 0.2301
vn 0.9725 -0.1934 0.1297
vn 0.9915 0.0000 0.1297
vn 0.8991 -0.3724 0.2301
vn 0.8092 -0.5407 0.2301
vn 0.8244 -0.5509 0.1297
vn 0.9161 -0.3794 0.1298
vn 0.6881 -0.6881 0.2301
vn 0.5407 -0.8092 0.2301
vn 0.5509 -0.8244 0.1298
vn 0.7011 -0.7011 0.1298
vn 0.3724 -0.8991 0.2301
vn 0.1899 -0.9545 0.2301
vn 0.1934 -0.9725 0.1297
vn 0.3794 -0.9161 0.1297
vn 0.0000 -0.9732 0.2301
vn -0.1899 -0.9545 0.2301
vn -0.1934 -0.9725 0.1297
vn 0.0000 -0.9915 0.1298
vn -0.3724 -0.8991 0.2301
vn -0.5407 -0.8092 0.2301
vn -0.5509 -0.8244 0.1297
vn -0.3794 -0.9161 0.1298
vn -0.6881 -0.6881 0.2301
vn -0.8092 -0.5407 0.2301
vn -0.8244 -0.5509 0.1298
vn -0.7011 -0.7011 0.1297
vn -0.8991 -0.3724 0.2301
vn -0.9545 -0.1899 0.2301
vn -0.9725 -0.1934 0.1297
vn -0.9161 -0.3794 0.1298
vn -0.9732 0.0000 0.2301
vn -0.9545 0.1899 0.2301
vn -0.9725 0.1934 0.1297
vn -0.9915 0.0000 0.1297
vn -0.8991 0.3724 0.2301
vn -0.8092 0.5407 0.2301
vn -0.8244 0.5509 0.1297
vn -0.9161 0.3795 0.1297
vn -0.6881 0.6881 0.2301
vn -0.5407 0.8092 0.2301
vn -0.5509 0.8244 0.1297
vn -0.7011 0.7011 0.1297
vn -0.3724 0.8991 0.2301
vn -0.1899 0.9545 0.2301
vn -0.1934 0.9725 0.1297
vn -0.3794 0.9161 0.1297
vn 0.0000 0.9732 0.2301
vn 0.1899 0.9545 0.2301
vn 0.1934 0.9725 0.1297
vn 0.0000 0.9915 0.1297
vn 0.3724 0.8991 0.2301
vn 0.5407 0.8092 0.2301
vn 0.5509 0.8244 0.1297
vn 0.3794 0.9161 0.1297
vn 0.6881 0.6881 0.2301
vn 0.8092 0.5407 0.2301
vn 0.8244 0.5509 0.1297
vn 0.7011 0.7011 0.1297
vn 0.8991 0.3724 0.2301
vn 0.9545 0.1899 0.2301
vn 0.9725 0.1934 0.1297
vn 0.9161 0.3794 0.1297
vn 0.9798 -0.1949 0.0450
vn 0.9990 0.0000 0.0450
vn 0.9784 -0.1946 -0.0704
vn 0.9975 0.0000 -0.0704
vn 0.9216 -0.3817 -0.0704
vn 0.8306 -0.5550 0.0450
vn 0.9229 -0.3823 0.0450
vn 0.8294 -0.5542 -0.0704
vn 0.7054 -0.7054 -0.0704
vn 0.5550 -0.8306 0.0450
vn 0.7064 -0.7064 0.0450
vn 0.5542 -0.8294 -0.0704
vn 0.3817 -0.9216 -0.0704
vn 0.1949 -0.9798 0.0450
vn 0.3823 -0.9229 0.0450
vn 0.1946 -0.9784 -0.0704
vn 0.0000 -0.9975 -0.0704
vn -0.1949 -0.9798 0.0450
vn 0.0000 -0.9990 0.0450
vn -0.3817 -0.9216 -0.0704
vn -0.1946 -0.9784 -0.0704
vn -0.5550 -0.8306 0.0450
vn -0.3823 -0.9229 0.0450
vn -0.5542 -0.8294 -0.0704
vn -0.7064 -0.7064 0.0450
vn -0.8306 -0.5550 0.0450
vn -0.8294 -0.5542 -0.0704
vn -0.7054 -0.7054 -0.0704
vn -0.9229 -0.3823 0.0450
vn -0.9798 -0.1949 0.0450
vn -0.9216 -0.3817 -0.0704
vn -0.9975 0.0000 -0.0704
vn -0.9784 -0.1946 -0.0704
vn -0.9798 0.1949 0.0450
vn -0.9990 0.0000 0.0450
vn -0.9784 0.1946 -0.0704
vn -0.9229 0.3823 0.0450
vn -0.8306 0.5550 0.0450
vn -0.9216 0.3817 -0.0704
vn -0.7064 0.7064 0.0450
vn -0.8294 0.5542 -0.0704
vn -0.5550 0.8306 0.0450
vn -0.7054 0.7054 -0.0704
vn -0.3817 0.9216 -0.0704
vn -0.5542 0.8294 -0.0704
vn -0.1949 0.9798 0.0450
vn -0.3823 0.9229 0.0450
vn -0.1946 0.9784 -0.0704
vn -0.0000 0.9975 -0.0704
vn 0.1949 0.9798 0.0450
vn 0.0000 0.9990 0.0450
vn 0.3823 0.9229 0.0450
vn 0.1946 0.9784 -0.0704
vn 0.5550 0.8306 0.0450
vn 0.3817 0.9216 -0.0704
vn 0.7054 0.7054 -0.0704
vn 0.5542 0.8294 -0.0704
vn 0.8306 0.5550 0.0450
vn 0.7064 0.7064 0.0450
vn 0.8294 0.5542 -0.0704
vn 0.9216 0.3817 -0.0704
vn 0.9798 0.1949 0.0450
vn 0.9229 0.3823 0.0450
vn 0.9784 0.1946 -0.0704
vn 0.8178 -0.1627 -0.5520
vn 0.7659 0.0000 -0.6430
vn 0.8338 -0.0000 -0.5520
vn 0.7512 -0.1494 -0.6430
vn 0.9954 0.0000 0.0962
vn 0.9196 -0.3809 0.0962
vn 0.9762 -0.1942 0.0962
vn 0.7076 -0.2931 -0.6430
vn 0.6933 -0.4632 -0.5520
vn 0.7704 -0.3191 -0.5520
vn 0.6368 -0.4255 -0.6429
vn 0.7038 -0.7038 0.0962
vn 0.8276 -0.5530 0.0962
vn 0.5416 -0.5416 -0.6430
vn 0.4632 -0.6933 -0.5520
vn 0.5896 -0.5896 -0.5520
vn 0.4255 -0.6368 -0.6429
vn 0.3809 -0.9196 0.0962
vn 0.5530 -0.8276 0.0962
vn 0.2931 -0.7076 -0.6430
vn 0.1627 -0.8178 -0.5520
vn 0.3191 -0.7704 -0.5520
vn 0.1494 -0.7512 -0.6429
vn 0.0000 -0.9954 0.0962
vn 0.1942 -0.9762 0.0962
vn 0.0000 -0.7659 -0.6430
vn -0.1627 -0.8178 -0.5520
vn 0.0000 -0.8338 -0.5520
vn -0.1494 -0.7512 -0.6429
vn -0.3809 -0.9196 0.0962
vn -0.1942 -0.9762 0.0962
vn -0.2931 -0.7076 -0.6430
vn -0.4632 -0.6933 -0.5520
vn -0.3191 -0.7704 -0.5520
vn -0.4255 -0.6368 -0.6429
vn -0.7038 -0.7038 0.0962
vn -0.5530 -0.8276 0.0962
vn -0.5416 -0.5416 -0.6430
vn -0.6933 -0.4632 -0.5520
vn -0.5896 -0.5896 -0.5520
vn -0.6368 -0.4255 -0.6430
vn -0.9196 -0.3809 0.0962
vn -0.8276 -0.5530 0.0962
vn -0.7076 -0.2931 -0.6430
vn -0.8178 -0.1627 -0.5520
vn -0.7704 -0.3191 -0.5520
vn -0.7512 -0.1494 -0.6429
vn -0.9954 0.0000 0.0962
vn -0.9762 -0.1942 0.0962
vn -0.7659 0.0000 -0.6430
vn -0.8178 0.1627 -0.5520
vn -0.8338 -0.0000 -0.5520
vn -0.7512 0.1494 -0.6429
vn -0.9196 0.3809 0.0962
vn -0.9762 0.1942 0.0962
vn -0.7076 0.2931 -0.6430
vn -0.6933 0.4632 -0.5520
vn -0.7704 0.3191 -0.5520
vn -0.6368 0.4255 -0.6430
vn -0.7038 0.7038 0.0962
vn -0.8276 0.5530 0.0962
vn -0.5415 0.5416 -0.6430
vn -0.4632 0.6933 -0.5520
vn -0.5896 0.5896 -0.5520
vn -0.4255 0.6368 -0.6429
vn -0.3809 0.9196 0.0962
vn -0.5530 0.8276 0.0962
vn -0.2931 0.7076 -0.6430
vn -0.1627 0.8178 -0.5520
vn -0.3191 0.7704 -0.5520
vn -0.1494 0.7512 -0.6429
vn 0.0000 0.9954 0.0962
vn -0.1942 0.9762 0.0962
vn 0.0000 0.7659 -0.6430
vn 0.1627 0.8178 -0.5520
vn 0.0000 0.8338 -0.5520
vn 0.1494 0.7512 -0.6429
vn 0.3809 0.9196 0.0962
vn 0.1942 0.9762 0.0962
vn 0.2931 0.7076 -0.6430
vn 0.4632 0.6933 -0.5520
vn 0.3191 0.7704 -0.5520
vn 0.4255 0.6368 -0.6429
vn 0.7038 0.7038 0.0962
vn 0.5530 0.8276 0.0962
vn 0.5415 0.5416 -0.6430
vn 0.6933 0.4632 -0.5520
vn 0.5896 0.5896 -0.5520
vn 0.6368 0.4255 -0.6429
vn 0.9196 0.3809 0.0962
vn 0.8276 0.5530 0.0962
vn 0.7076 0.2931 -0.6430
vn 0.8178 0.1627 -0.5520
vn 0.7704 0.3191 -0.5520
vn 0.7512 0.1494 -0.6429
vn 0.9762 0.1942 0.0962
vn 0.9169 0.0000 0.3992
vn 0.9346 -0.1859 0.3032
vn 0.9529 0.0000 0.3032
vn 0.9605 -0.1911 0.2022
vn 0.9794 0.0000 0.2022
vn 0.8804 -0.3647 0.3032
vn 0.8471 -0.3509 0.3992
vn 0.8993 -0.1789 0.3991
vn 0.7923 -0.5294 0.3032
vn 0.8143 -0.5441 0.2022
vn 0.9048 -0.3748 0.2022
vn 0.6738 -0.6738 0.3032
vn 0.6483 -0.6483 0.3992
vn 0.7624 -0.5094 0.3992
vn 0.5294 -0.7923 0.3032
vn 0.5441 -0.8143 0.2022
vn 0.6925 -0.6925 0.2022
vn 0.3647 -0.8804 0.3032
vn 0.3509 -0.8471 0.3992
vn 0.5094 -0.7624 0.3991
vn 0.1859 -0.9346 0.3032
vn 0.1911 -0.9605 0.2022
vn 0.3748 -0.9048 0.2022
vn 0.0000 -0.9529 0.3033
vn 0.0000 -0.9169 0.3992
vn 0.1789 -0.8993 0.3991
vn -0.1859 -0.9346 0.3032
vn -0.1911 -0.9605 0.2022
vn 0.0000 -0.9793 0.2022
vn -0.3647 -0.8804 0.3033
vn -0.3509 -0.8471 0.3992
vn -0.1789 -0.8993 0.3991
vn -0.5294 -0.7923 0.3032
vn -0.5441 -0.8143 0.2022
vn -0.3748 -0.9048 0.2022
vn -0.6738 -0.6738 0.3032
vn -0.6483 -0.6483 0.3992
vn -0.5094 -0.7624 0.3991
vn -0.7923 -0.5294 0.3032
vn -0.8143 -0.5441 0.2022
vn -0.6925 -0.6925 0.2022
vn -0.8804 -0.3647 0.3032
vn -0.8471 -0.3509 0.3992
vn -0.7624 -0.5094 0.3991
vn -0.9346 -0.1859 0.3032
vn -0.9605 -0.1911 0.2022
vn -0.9048 -0.3748 0.2022
vn -0.9529 0.0000 0.3032
vn -0.9169 0.0000 0.3991
vn -0.8993 -0.1789 0.3991
vn -0.9346 0.1859 0.3032
vn -0.9605 0.1911 0.2022
vn -0.9793 0.0000 0.2022
vn -0.8804 0.3647 0.3032
vn -0.8471 0.3509 0.3992
vn -0.8993 0.1789 0.3991
vn -0.7923 0.5294 0.3032
vn -0.8143 0.5441 0.2022
vn -0.9048 0.3748 0.2022
vn -0.6738 0.6738 0.3032
vn -0.6483 0.6483 0.3992
vn -0.7624 0.5094 0.3991
vn -0.5294 0.7923 0.3032
vn -0.5441 0.8143 0.2022
vn -0.6925 0.6925 0.2022
vn -0.3647 0.8804 0.3032
vn -0.3509 0.8471 0.3992
vn -0.5094 0.7624 0.3991
vn -0.1859 0.9346 0.3032
vn -0.1911 0.9605 0.2022
vn -0.3748 0.9048 0.2022
vn 0.0000 0.9529 0.3032
vn 0.0000 0.9169 0.3992
vn -0.1789 0.8993 0.3991
vn 0.1859 0.9346 0.3032
vn 0.1911 0.9605 0.2022
vn 0.0000 0.9794 0.2022
vn 0.3647 0.8804 0.3032
vn 0.3509 0.8471 0.3992
vn 0.1789 0.8993 0.3991
vn 0.5294 0.7923 0.3032
vn 0.5441 0.8143 0.2022
vn 0.3748 0.9048 0.2022
vn 0.6738 0.6738 0.3032
vn 0.6483 0.6483 0.3992
vn 0.5094 0.7624 0.3991
vn 0.7923 0.5294 0.3032
vn 0.8143 0.5441 0.2022
vn 0.6925 0.6925 0.2022
vn 0.8804 0.3647 0.3032
vn 0.8471 0.3509 0.3992
vn 0.7624 0.5094 0.3992
vn 0.9346 0.1859 0.3032
vn 0.9605 0.1911 0.2022
vn 0.9048 0.3748 0.2022
vn 0.8993 0.1789 0.3991
vn 0.8381 -0.1667 -0.5194
vn 0.4075 -0.0000 -0.9132
vn 0.8545 -0.0000 -0.5194
vn 0.3995 -0.0795 -0.9133
vn 0.3764 -0.1559 -0.9132
vn 0.7105 -0.4748 -0.5194
vn 0.7895 -0.3270 -0.5194
vn 0.3387 -0.2263 -0.9133
vn 0.2881 -0.2881 -0.9132
vn 0.4748 -0.7105 -0.5194
vn 0.6043 -0.6043 -0.5194
vn 0.2263 -0.3387 -0.9133
vn 0.1559 -0.3764 -0.9132
vn 0.1667 -0.8381 -0.5194
vn 0.3270 -0.7895 -0.5194
vn 0.0795 -0.3995 -0.9133
vn 0.0000 -0.4075 -0.9132
vn -0.1667 -0.8381 -0.5194
vn 0.0000 -0.8545 -0.5194
vn -0.0795 -0.3995 -0.9133
vn -0.1559 -0.3764 -0.9132
vn -0.4748 -0.7105 -0.5194
vn -0.3270 -0.7895 -0.5194
vn -0.2263 -0.3387 -0.9133
vn -0.2881 -0.2881 -0.9132
vn -0.7105 -0.4748 -0.5194
vn -0.6043 -0.6043 -0.5194
vn -0.3387 -0.2263 -0.9133
vn -0.3764 -0.1559 -0.9132
vn -0.8381 -0.1667 -0.5194
vn -0.7895 -0.3270 -0.5194
vn -0.3995 -0.0795 -0.9133
vn -0.4075 -0.0000 -0.9132
vn -0.8381 0.1667 -0.5194
vn -0.8545 -0.0000 -0.5194
vn -0.3995 0.0795 -0.9133
vn -0.3764 0.1559 -0.9132
vn -0.7105 0.4747 -0.5194
vn -0.7895 0.3270 -0.5194
vn -0.3387 0.2263 -0.9133
vn -0.2881 0.2881 -0.9132
vn -0.4748 0.7105 -0.5194
vn -0.6043 0.6043 -0.5194
vn -0.2263 0.3387 -0.9133
vn -0.1559 0.3764 -0.9132
vn -0.1667 0.8381 -0.5194
vn -0.3270 0.7895 -0.5194
vn -0.0795 0.3995 -0.9133
vn 0.0000 0.4074 -0.9132
vn 0.1667 0.8381 -0.5194
vn 0.0000 0.8545 -0.5194
vn 0.0795 0.3995 -0.9133
vn 0.1559 0.3764 -0.9132
vn 0.4748 0.7105 -0.5194
vn 0.3270 0.7895 -0.5194
vn 0.2263 0.3387 -0.9133
vn 0.2881 0.2881 -0.9132
vn 0.7105 0.4747 -0.5194
vn 0.6043 0.6043 -0.5194
vn 0.3387 0.2263 -0.9133
vn 0.3764 0.1559 -0.9132
vn 0.8381 0.1667 -0.5194
vn 0.7895 0.3270 -0.5194
vn 0.3995 0.0795 -0.9133
vn 0.9807 -0.1951 -0.0098
vn 0.9851 -0.0000 -0.1720
vn 1.0000 -0.0000 -0.0098
vn 0.9662 -0.1922 -0.1720
vn 0.9101 -0.3770 -0.1720
vn 0.8314 -0.5555 -0.0098
vn 0.9238 -0.3827 -0.0098
vn 0.8191 -0.5473 -0.1720
vn 0.6966 -0.6966 -0.1720
vn 0.5555 -0.8314 -0.0098
vn 0.7071 -0.7071 -0.0098
vn 0.5473 -0.8191 -0.1720
vn 0.3770 -0.9101 -0.1720
vn 0.1951 -0.9807 -0.0098
vn 0.3827 -0.9238 -0.0098
vn 0.1922 -0.9662 -0.1720
vn 0.0000 -0.9851 -0.1720
vn -0.1951 -0.9807 -0.0098
vn 0.0000 -1.0000 -0.0098
vn -0.1922 -0.9662 -0.1720
vn -0.3770 -0.9101 -0.1720
vn -0.5555 -0.8314 -0.0098
vn -0.3827 -0.9238 -0.0098
vn -0.5473 -0.8191 -0.1720
vn -0.6966 -0.6966 -0.1720
vn -0.8314 -0.5555 -0.0098
vn -0.7071 -0.7071 -0.0098
vn -0.8191 -0.5473 -0.1720
vn -0.9101 -0.3770 -0.1720
vn -0.9807 -0.1951 -0.0098
vn -0.9238 -0.3827 -0.0098
vn -0.9662 -0.1922 -0.1720
vn -0.9851 -0.0000 -0.1720
vn -0.9807 0.1951 -0.0098
vn -1.0000 -0.0000 -0.0098
vn -0.9662 0.1922 -0.1720
vn -0.9101 0.3770 -0.1720
vn -0.8314 0.5555 -0.0098
vn -0.9238 0.3827 -0.0098
vn -0.8191 0.5473 -0.1720
vn -0.6966 0.6966 -0.1720
vn -0.5555 0.8314 -0.0098
vn -0.7071 0.7071 -0.0098
vn -0.5473 0.8191 -0.1720
vn -0.3770 0.9101 -0.1720
vn -0.1951 0.9807 -0.0098
vn -0.3827 0.9238 -0.0098
vn -0.1922 0.9662 -0.1720
vn 0.0000 0.9851 -0.1720
vn 0.1951 0.9807 -0.0098
vn 0.0000 1.0000 -0.0098
vn 0.1922 0.9662 -0.1720
vn 0.3770 0.9101 -0.1720
vn 0.5555 0.8314 -0.0098
vn 0.3827 0.9238 -0.0098
vn 0.5473 0.8191 -0.1720
vn 0.6966 0.6966 -0.1720
vn 0.8314 0.5555 -0.0098
vn 0.7071 0.7071 -0.0098
vn 0.8191 0.5473 -0.1720
vn 0.9101 0.3770 -0.1720
vn 0.9807 0.1951 -0.0098
vn 0.9238 0.3827 -0.0098
vn 0.9662 0.1922 -0.1720
vn 0.7160 0.0000 0.6981
vn 0.8342 -0.1659 0.5258
vn 0.8506 0.0000 0.5258
vn 0.7858 -0.3255 0.5258
vn 0.6615 -0.2740 0.6981
vn 0.7023 -0.1397 0.6981
vn 0.7072 -0.4726 0.5258
vn 0.6015 -0.6015 0.5258
vn 0.5063 -0.5063 0.6981
vn 0.5954 -0.3978 0.6981
vn 0.4726 -0.7072 0.5258
vn 0.3255 -0.7858 0.5258
vn 0.2740 -0.6615 0.6981
vn 0.3978 -0.5953 0.6981
vn 0.1659 -0.8342 0.5258
vn 0.0000 -0.8506 0.5258
vn 0.0000 -0.7160 0.6981
vn 0.1397 -0.7023 0.6981
vn -0.1659 -0.8342 0.5258
vn -0.3255 -0.7858 0.5258
vn -0.2740 -0.6615 0.6981
vn -0.1397 -0.7023 0.6981
vn -0.4726 -0.7072 0.5258
vn -0.6015 -0.6015 0.5258
vn -0.5063 -0.5063 0.6981
vn -0.3978 -0.5953 0.6981
vn -0.7072 -0.4726 0.5258
vn -0.7858 -0.3255 0.5258
vn -0.6615 -0.2740 0.6981
vn -0.5953 -0.3978 0.6981
vn -0.8342 -0.1659 0.5258
vn -0.8506 0.0000 0.5258
vn -0.7160 0.0000 0.6981
vn -0.7023 -0.1397 0.6981
vn -0.8342 0.1659 0.5258
vn -0.7858 0.3255 0.5258
vn -0.6615 0.2740 0.6981
vn -0.7023 0.1397 0.6981
vn -0.7072 0.4726 0.5258
vn -0.6015 0.6015 0.5258
vn -0.5063 0.5063 0.6981
vn -0.5953 0.3978 0.6981
vn -0.4726 0.7072 0.5258
vn -0.3255 0.7858 0.5258
vn -0.2740 0.6615 0.6981
vn -0.3978 0.5954 0.6981
vn -0.1659 0.8342 0.5258
vn 0.0000 0.8506 0.5258
vn 0.0000 0.7160 0.6981
vn -0.1397 0.7023 0.6981
vn 0.1659 0.8342 0.5258
vn 0.3255 0.7858 0.5258
vn 0.2740 0.6615 0.6981
vn 0.1397 0.7023 0.6981
vn 0.4726 0.7072 0.5258
vn 0.6015 0.6015 0.5258
vn 0.5063 0.5063 0.6981
vn 0.3978 0.5954 0.6981
vn 0.7072 0.4726 0.5258
vn 0.7858 0.3255 0.5258
vn 0.6615 0.2740 0.6981
vn 0.5954 0.3978 0.6981
vn 0.8342 0.1659 0.5258
vn 0.7023 0.1397 0.6981
vn 0.6512 -0.1295 0.7478
vn 0.6639 0.0000 0.7478
vn 0.6133 -0.2541 0.7478
vn 0.5520 -0.3689 0.7478
vn 0.4694 -0.4694 0.7478
vn 0.3689 -0.5520 0.7478
vn 0.2541 -0.6134 0.7478
vn 0.1295 -0.6512 0.7478
vn 0.0000 -0.6639 0.7478
vn -0.1295 -0.6512 0.7478
vn -0.2541 -0.6133 0.7478
vn -0.3689 -0.5520 0.7478
vn -0.4694 -0.4694 0.7478
vn -0.5520 -0.3689 0.7478
vn -0.6134 -0.2541 0.7478
vn -0.6512 -0.1295 0.7478
vn -0.6639 0.0000 0.7478
vn -0.6512 0.1295 0.7478
vn -0.6134 0.2541 0.7478
vn -0.5520 0.3689 0.7478
vn -0.4694 0.4694 0.7478
vn -0.3689 0.5520 0.7478
vn -0.2541 0.6133 0.7478
vn -0.1295 0.6512 0.7478
vn 0.0000 0.6639 0.7478
vn 0.1295 0.6512 0.7478
vn 0.2541 0.6133 0.7478
vn 0.3689 0.5520 0.7478
vn 0.4694 0.4694 0.7478
vn 0.5520 0.3689 0.7478
vn 0.6133 0.2541 0.7478
vn 0.6512 0.1295 0.7478
vn 0.9655 -0.0000 -0.2605
vn 0.9469 -0.1884 -0.2605
vn 0.8920 -0.3695 -0.2605
vn 0.8028 -0.5364 -0.2605
vn 0.6827 -0.6827 -0.2605
vn 0.5364 -0.8028 -0.2605
vn 0.3695 -0.8920 -0.2605
vn 0.1884 -0.9469 -0.2605
vn 0.0000 -0.9655 -0.2605
vn -0.1884 -0.9469 -0.2605
vn -0.3695 -0.8920 -0.2605
vn -0.5364 -0.8028 -0.2605
vn -0.6827 -0.6827 -0.2605
vn -0.8028 -0.5364 -0.2605
vn -0.8920 -0.3695 -0.2605
vn -0.9469 -0.1884 -0.2605
vn -0.9655 -0.0000 -0.2605
vn -0.9469 0.1884 -0.2605
vn -0.8920 0.3695 -0.2605
vn -0.8028 0.5364 -0.2605
vn -0.6827 0.6827 -0.2605
vn -0.5364 0.8028 -0.2605
vn -0.3695 0.8920 -0.2605
vn -0.1884 0.9469 -0.2605
vn -0.0000 0.9655 -0.2605
vn 0.1884 0.9469 -0.2605
vn 0.3695 0.8920 -0.2605
vn 0.5364 0.8028 -0.2605
vn 0.6827 0.6827 -0.2605
vn 0.8028 0.5364 -0.2605
vn 0.8920 0.3695 -0.2605
vn 0.9469 0.1884 -0.2605
vn 0.2491 -0.0000 0.9685
vn 0.2443 -0.0486 0.9685
vn 0.2301 -0.0953 0.9685
vn 0.2071 -0.1384 0.9685
vn 0.1761 -0.1761 0.9685
vn 0.1384 -0.2071 0.9685
vn 0.0953 -0.2301 0.9685
vn 0.0486 -0.2443 0.9685
vn -0.0000 -0.2491 0.9685
vn -0.0486 -0.2443 0.9685
vn -0.0953 -0.2301 0.9685
vn -0.1384 -0.2071 0.9685
vn -0.1761 -0.1761 0.9685
vn -0.2071 -0.1384 0.9685
vn -0.2301 -0.0953 0.9685
vn -0.2443 -0.0486 0.9685
vn -0.2491 0.0000 0.9685
vn -0.2443 0.0486 0.9685
vn -0.2301 0.0953 0.9685
vn -0.2071 0.1384 0.9685
vn -0.1761 0.1761 0.9685
vn -0.1384 0.2071 0.9685
vn -0.0953 0.2301 0.9685
vn -0.0486 0.2443 0.9685
vn 0.0000 0.2491 0.9685
vn 0.0486 0.2443 0.9685
vn 0.0953 0.2301 0.9685
vn 0.1384 0.2071 0.9685
vn 0.1761 0.1761 0.9685
vn 0.2071 0.1384 0.9685
vn 0.2301 0.0953 0.9685
vn 0.2443 0.0486 0.9685
vn 0.9932 -0.0000 0.1167
vn 0.9176 -0.3801 0.1166
vn 0.9741 -0.1937 0.1166
vn 0.7023 -0.7023 0.1166
vn 0.8258 -0.5518 0.1166
vn 0.3801 -0.9176 0.1167
vn 0.5518 -0.8258 0.1166
vn 0.0000 -0.9932 0.1166
vn 0.1938 -0.9741 0.1166
vn -0.3801 -0.9176 0.1166
vn -0.1938 -0.9741 0.1166
vn -0.7023 -0.7023 0.1167
vn -0.5518 -0.8258 0.1166
vn -0.9176 -0.3801 0.1166
vn -0.8258 -0.5518 0.1166
vn -0.9932 -0.0000 0.1166
vn -0.9741 -0.1938 0.1166
vn -0.9176 0.3801 0.1166
vn -0.9741 0.1938 0.1166
vn -0.7023 0.7023 0.1166
vn -0.8258 0.5518 0.1166
vn -0.3801 0.9176 0.1167
vn -0.5518 0.8258 0.1166
vn 0.0000 0.9932 0.1167
vn -0.1937 0.9741 0.1166
vn 0.3801 0.9176 0.1167
vn 0.1938 0.9741 0.1166
vn 0.7023 0.7023 0.1166
vn 0.5518 0.8258 0.1166
vn 0.9176 0.3801 0.1166
vn 0.8258 0.5518 0.1166
vn 0.9741 0.1938 0.1166
vn 0.4821 -0.0956 -0.8709
vn 0.4915 0.0002 -0.8709
vn 0.4542 -0.1879 -0.8709
vn 0.4088 -0.2728 -0.8709
vn 0.3477 -0.3474 -0.8709
vn 0.2733 -0.4085 -0.8709
vn 0.1883 -0.4540 -0.8709
vn 0.0961 -0.4820 -0.8709
vn 0.0002 -0.4915 -0.8709
vn -0.0956 -0.4821 -0.8709
vn -0.1879 -0.4542 -0.8709
vn -0.2729 -0.4088 -0.8709
vn -0.3474 -0.3477 -0.8709
vn -0.4085 -0.2733 -0.8709
vn -0.4540 -0.1883 -0.8709
vn -0.4820 -0.0961 -0.8709
vn -0.4915 -0.0002 -0.8709
vn -0.4821 0.0956 -0.8709
vn -0.4542 0.1879 -0.8709
vn -0.4088 0.2728 -0.8709
vn -0.3477 0.3474 -0.8709
vn -0.2733 0.4085 -0.8709
vn -0.1883 0.4540 -0.8709
vn -0.0961 0.4820 -0.8709
vn -0.0002 0.4915 -0.8709
vn 0.0956 0.4821 -0.8709
vn 0.1879 0.4542 -0.8709
vn 0.2728 0.4088 -0.8709
vn 0.3474 0.3477 -0.8709
vn 0.4085 0.2733 -0.8709
vn 0.4540 0.1883 -0.8709
vn 0.4820 0.0961 -0.8709
vn 0.9749 -0.1939 0.1097
vn 0.9940 -0.0000 0.1097
vn 0.9183 -0.3804 0.1097
vn 0.8265 -0.5522 0.1097
vn 0.7028 -0.7028 0.1097
vn 0.5522 -0.8265 0.1097
vn 0.3804 -0.9183 0.1097
vn 0.1939 -0.9749 0.1097
vn 0.0000 -0.9940 0.1097
vn -0.1939 -0.9749 0.1097
vn -0.3804 -0.9183 0.1097
vn -0.5522 -0.8264 0.1097
vn -0.7028 -0.7028 0.1097
vn -0.8264 -0.5522 0.1097
vn -0.9183 -0.3804 0.1097
vn -0.9749 -0.1939 0.1097
vn -0.9940 -0.0000 0.1097
vn -0.9749 0.1939 0.1097
vn -0.9183 0.3804 0.1097
vn -0.8264 0.5522 0.1097
vn -0.7028 0.7028 0.1097
vn -0.5522 0.8264 0.1097
vn -0.3804 0.9183 0.1097
vn -0.1939 0.9749 0.1097
vn 0.0000 0.9940 0.1097
vn 0.1939 0.9749 0.1097
vn 0.3804 0.9183 0.1097
vn 0.5522 0.8264 0.1097
vn 0.7028 0.7028 0.1097
vn 0.8265 0.5522 0.1097
vn 0.9183 0.3804 0.1097
vn 0.9749 0.1939 0.1097
vn 0.8712 -0.0000 0.4910
vn 0.4002 -0.0796 0.9129
vn 0.4081 0.0000 0.9130
vn 0.3770 -0.1561 0.9130
vn 0.8048 -0.3334 0.4910
vn 0.8545 -0.1700 0.4908
vn 0.3393 -0.2267 0.9129
vn 0.2885 -0.2885 0.9130
vn 0.6160 -0.6160 0.4910
vn 0.7244 -0.4840 0.4909
vn 0.2267 -0.3393 0.9129
vn 0.1562 -0.3770 0.9130
vn 0.3334 -0.8049 0.4910
vn 0.4840 -0.7244 0.4909
vn 0.0796 -0.4002 0.9129
vn 0.0000 -0.4081 0.9130
vn 0.0000 -0.8712 0.4910
vn 0.1700 -0.8545 0.4909
vn -0.0796 -0.4002 0.9129
vn -0.1562 -0.3770 0.9130
vn -0.3334 -0.8049 0.4910
vn -0.1700 -0.8545 0.4909
vn -0.2267 -0.3393 0.9129
vn -0.2885 -0.2885 0.9130
vn -0.6160 -0.6160 0.4910
vn -0.4840 -0.7244 0.4908
vn -0.3393 -0.2267 0.9129
vn -0.3770 -0.1562 0.9130
vn -0.8049 -0.3334 0.4910
vn -0.7244 -0.4840 0.4908
vn -0.4002 -0.0796 0.9129
vn -0.4081 -0.0000 0.9130
vn -0.8712 0.0000 0.4910
vn -0.8545 -0.1700 0.4909
vn -0.4003 0.0796 0.9129
vn -0.3770 0.1562 0.9130
vn -0.8049 0.3334 0.4910
vn -0.8545 0.1700 0.4908
vn -0.3393 0.2267 0.9129
vn -0.2885 0.2885 0.9130
vn -0.6160 0.6160 0.4910
vn -0.7244 0.4840 0.4908
vn -0.2267 0.3393 0.9129
vn -0.1562 0.3770 0.9130
vn -0.3334 0.8049 0.4910
vn -0.4840 0.7244 0.4909
vn -0.0796 0.4002 0.9129
vn 0.0000 0.4081 0.9130
vn 0.0000 0.8711 0.4910
vn -0.1700 0.8545 0.4908
vn 0.0796 0.4002 0.9129
vn 0.1562 0.3770 0.9130
vn 0.3334 0.8049 0.4910
vn 0.1700 0.8545 0.4908
vn 0.2267 0.3393 0.9129
vn 0.2885 0.2885 0.9130
vn 0.6160 0.6160 0.4910
vn 0.4840 0.7244 0.4909
vn 0.3393 0.2267 0.9129
vn 0.3770 0.1562 0.9130
vn 0.8048 0.3334 0.4910
vn 0.7244 0.4840 0.4908
vn 0.4003 0.0796 0.9129
vn 0.8545 0.1700 0.4908
vn 0.9350 -0.1860 0.3020
vn 0.9533 0.0000 0.3020
vn 0.9652 -0.1920 -0.1774
vn 0.9841 -0.0000 -0.1774
vn 0.8807 -0.3648 0.3020
vn 0.7926 -0.5296 0.3020
vn 0.8183 -0.5467 -0.1774
vn 0.9092 -0.3766 -0.1774
vn 0.6741 -0.6741 0.3020
vn 0.5296 -0.7926 0.3020
vn 0.5468 -0.8183 -0.1774
vn 0.6959 -0.6959 -0.1774
vn 0.3648 -0.8807 0.3020
vn 0.1860 -0.9350 0.3020
vn 0.1920 -0.9652 -0.1774
vn 0.3766 -0.9092 -0.1774
vn 0.0000 -0.9533 0.3020
vn -0.1860 -0.9350 0.3020
vn -0.1920 -0.9652 -0.1774
vn 0.0000 -0.9841 -0.1774
vn -0.3648 -0.8807 0.3020
vn -0.5296 -0.7927 0.3020
vn -0.5467 -0.8183 -0.1774
vn -0.3766 -0.9092 -0.1774
vn -0.6741 -0.6741 0.3020
vn -0.7927 -0.5296 0.3020
vn -0.8183 -0.5467 -0.1774
vn -0.6959 -0.6959 -0.1774
vn -0.8807 -0.3648 0.3020
vn -0.9350 -0.1860 0.3020
vn -0.9652 -0.1920 -0.1774
vn -0.9092 -0.3766 -0.1774
vn -0.9533 0.0000 0.3020
vn -0.9350 0.1860 0.3020
vn -0.9652 0.1920 -0.1774
vn -0.9841 -0.0000 -0.1774
vn -0.8808 0.3648 0.3020
vn -0.7926 0.5296 0.3020
vn -0.8183 0.5467 -0.1774
vn -0.9092 0.3766 -0.1774
vn -0.6741 0.6741 0.3020
vn -0.5296 0.7926 0.3020
vn -0.5467 0.8183 -0.1774
vn -0.6959 0.6959 -0.1774
vn -0.3648 0.8807 0.3020
vn -0.1860 0.9350 0.3020
vn -0.1920 0.9652 -0.1774
vn -0.3766 0.9092 -0.1774
vn 0.0000 0.9533 0.3020
vn 0.1860 0.9350 0.3020
vn 0.1920 0.9652 -0.1774
vn 0.0000 0.9841 -0.1774
vn 0.3648 0.8807 0.3020
vn 0.5296 0.7926 0.3020
vn 0.5468 0.8183 -0.1774
vn 0.3766 0.9092 -0.1774
vn 0.6741 0.6741 0.3020
vn 0.7926 0.5296 0.3020
vn 0.8183 0.5467 -0.1774
vn 0.6959 0.6959 -0.1774
vn 0.8807 0.3648 0.3020
vn 0.9350 0.1860 0.3020
vn 0.9652 0.1920 -0.1774
vn 0.9092 0.3766 -0.1774
vn 0.9595 0.0000 -0.2817
vn 0.9411 -0.1872 -0.2817
vn 0.8864 -0.3672 -0.2817
vn 0.6785 -0.6785 -0.2817
vn 0.7978 -0.5331 -0.2817
vn 0.3672 -0.8864 -0.2818
vn 0.5331 -0.7978 -0.2817
vn 0.0000 -0.9595 -0.2818
vn 0.1872 -0.9411 -0.2817
vn -0.1872 -0.9411 -0.2817
vn -0.3672 -0.8864 -0.2818
vn -0.5331 -0.7978 -0.2817
vn -0.6785 -0.6784 -0.2817
vn -0.8864 -0.3672 -0.2818
vn -0.7978 -0.5331 -0.2818
vn -0.9595 0.0000 -0.2818
vn -0.9411 -0.1872 -0.2817
vn -0.9411 0.1872 -0.2817
vn -0.8864 0.3672 -0.2818
vn -0.6785 0.6784 -0.2818
vn -0.7978 0.5331 -0.2817
vn -0.5331 0.7978 -0.2817
vn -0.3672 0.8865 -0.2818
vn -0.1872 0.9411 -0.2818
vn 0.0000 0.9595 -0.2817
vn 0.3672 0.8865 -0.2818
vn 0.1872 0.9411 -0.2818
vn 0.6785 0.6785 -0.2818
vn 0.5331 0.7978 -0.2817
vn 0.8865 0.3672 -0.2817
vn 0.7978 0.5331 -0.2817
vn 0.9411 0.1872 -0.2817
vn 0.6772 -0.1347 -0.7234
vn 0.5472 -0.0000 -0.8370
vn 0.6905 -0.0000 -0.7233
vn 0.5368 -0.1068 -0.8369
vn 0.9745 0.0000 0.2245
vn 0.9003 -0.3729 0.2245
vn 0.9558 -0.1901 0.2244
vn 0.5056 -0.2094 -0.8370
vn 0.5741 -0.3836 -0.7234
vn 0.6379 -0.2642 -0.7233
vn 0.4550 -0.3041 -0.8369
vn 0.6891 -0.6891 0.2245
vn 0.8103 -0.5414 0.2244
vn 0.3870 -0.3870 -0.8370
vn 0.3836 -0.5741 -0.7234
vn 0.4883 -0.4883 -0.7233
vn 0.3041 -0.4550 -0.8369
vn 0.3729 -0.9003 0.2245
vn 0.5414 -0.8103 0.2244
vn 0.2094 -0.5056 -0.8370
vn 0.1347 -0.6772 -0.7234
vn 0.2642 -0.6379 -0.7233
vn 0.1068 -0.5368 -0.8369
vn 0.0000 -0.9745 0.2245
vn 0.1901 -0.9558 0.2244
vn 0.0000 -0.5472 -0.8370
vn -0.1347 -0.6772 -0.7234
vn 0.0000 -0.6905 -0.7233
vn -0.1068 -0.5368 -0.8369
vn -0.3729 -0.9003 0.2245
vn -0.1901 -0.9558 0.2244
vn -0.2094 -0.5056 -0.8370
vn -0.3836 -0.5741 -0.7234
vn -0.2642 -0.6379 -0.7233
vn -0.3041 -0.4550 -0.8369
vn -0.6891 -0.6891 0.2245
vn -0.5414 -0.8103 0.2244
vn -0.3870 -0.3870 -0.8370
vn -0.5741 -0.3836 -0.7234
vn -0.4883 -0.4883 -0.7233
vn -0.4550 -0.3041 -0.8369
vn -0.9003 -0.3729 0.2245
vn -0.8103 -0.5414 0.2244
vn -0.5056 -0.2094 -0.8370
vn -0.6772 -0.1347 -0.7234
vn -0.6379 -0.2642 -0.7233
vn -0.5368 -0.1068 -0.8369
vn -0.9745 0.0000 0.2245
vn -0.9558 -0.1901 0.2244
vn -0.5472 0.0000 -0.8370
vn -0.6772 0.1347 -0.7234
vn -0.6905 0.0000 -0.7233
vn -0.5368 0.1068 -0.8369
vn -0.9003 0.3729 0.2245
vn -0.9558 0.1901 0.2244
vn -0.5056 0.2094 -0.8370
vn -0.5741 0.3836 -0.7234
vn -0.6379 0.2642 -0.7233
vn -0.4550 0.3041 -0.8369
vn -0.6891 0.6891 0.2245
vn -0.8103 0.5414 0.2244
vn -0.3870 0.3870 -0.8370
vn -0.3836 0.5741 -0.7234
vn -0.4883 0.4883 -0.7233
vn -0.3041 0.4551 -0.8369
vn -0.3729 0.9003 0.2245
vn -0.5414 0.8103 0.2244
vn -0.2094 0.5056 -0.8370
vn -0.1347 0.6772 -0.7234
vn -0.2642 0.6379 -0.7233
vn -0.1068 0.5368 -0.8369
vn 0.0000 0.9745 0.2245
vn -0.1901 0.9558 0.2244
vn 0.0000 0.5472 -0.8370
vn 0.1347 0.6772 -0.7234
vn 0.0000 0.6905 -0.7233
vn 0.1068 0.5368 -0.8369
vn 0.3729 0.9003 0.2245
vn 0.1901 0.9558 0.2244
vn 0.2094 0.5056 -0.8370
vn 0.3836 0.5741 -0.7234
vn 0.2642 0.6379 -0.7233
vn 0.3041 0.4550 -0.8369
vn 0.6891 0.6891 0.2245
vn 0.5414 0.8103 0.2244
vn 0.3870 0.3870 -0.8370
vn 0.5741 0.3836 -0.7234
vn 0.4883 0.4883 -0.7233
vn 0.4550 0.3041 -0.8369
vn 0.9003 0.3729 0.2245
vn 0.8103 0.5414 0.2244
vn 0.5056 0.2094 -0.8370
vn 0.6772 0.1347 -0.7234
vn 0.6379 0.2642 -0.7233
vn 0.5368 0.1068 -0.8370
vn 0.9558 0.1901 0.2244
vn 0.1672 -0.0333 0.9854
vn 0.1705 0.0000 0.9854
vn 0.1575 -0.0652 0.9854
vn 0.1418 -0.0947 0.9854
vn 0.1206 -0.1206 0.9854
vn 0.0947 -0.1418 0.9854
vn 0.0652 -0.1575 0.9854
vn 0.0333 -0.1672 0.9854
vn 0.0000 -0.1705 0.9854
vn -0.0333 -0.1672 0.9854
vn -0.0652 -0.1575 0.9854
vn -0.0947 -0.1418 0.9854
vn -0.1206 -0.1206 0.9854
vn -0.1418 -0.0947 0.9854
vn -0.1575 -0.0652 0.9854
vn -0.1672 -0.0333 0.9854
vn -0.1705 0.0000 0.9854
vn -0.1672 0.0333 0.9854
vn -0.1575 0.0652 0.9854
vn -0.1418 0.0947 0.9854
vn -0.1206 0.1206 0.9854
vn -0.0947 0.1418 0.9854
vn -0.0652 0.1575 0.9854
vn -0.0333 0.1672 0.9854
vn 0.0000 0.1705 0.9854
vn 0.0333 0.1672 0.9854
vn 0.0652 0.1575 0.9854
vn 0.0947 0.1418 0.9854
vn 0.1206 0.1206 0.9854
vn 0.1418 0.0947 0.9854
vn 0.1575 0.0652 0.9854
vn 0.1672 0.0333 0.9854
vn 0.9202 0.0000 -0.3914
vn 0.9025 -0.1795 -0.3914
vn 0.8502 -0.3522 -0.3914
vn 0.7651 -0.5113 -0.3914
vn 0.6507 -0.6507 -0.3914
vn 0.5112 -0.7651 -0.3914
vn 0.3522 -0.8502 -0.3914
vn 0.1795 -0.9025 -0.3914
vn 0.0000 -0.9202 -0.3914
vn -0.1795 -0.9025 -0.3914
vn -0.3522 -0.8502 -0.3914
vn -0.5112 -0.7651 -0.3914
vn -0.6507 -0.6507 -0.3914
vn -0.7651 -0.5112 -0.3914
vn -0.8502 -0.3522 -0.3914
vn -0.9025 -0.1795 -0.3914
vn -0.9202 0.0000 -0.3914
vn -0.9025 0.1795 -0.3914
vn -0.8502 0.3522 -0.3914
vn -0.7651 0.5113 -0.3914
vn -0.6507 0.6507 -0.3914
vn -0.5112 0.7651 -0.3914
vn -0.3522 0.8502 -0.3914
vn -0.1795 0.9025 -0.3914
vn 0.0000 0.9202 -0.3914
vn 0.1795 0.9025 -0.3914
vn 0.3522 0.8502 -0.3914
vn 0.5113 0.7651 -0.3914
vn 0.6507 0.6507 -0.3914
vn 0.7651 0.5113 -0.3914
vn 0.8502 0.3522 -0.3914
vn 0.9025 0.1795 -0.3914
vn 0.9802 -0.1950 0.0333
vn 0.9994 0.0000 0.0334
vn 0.8310 -0.5553 0.0334
vn 0.9234 -0.3825 0.0333
vn 0.5553 -0.8310 0.0334
vn 0.7067 -0.7067 0.0333
vn 0.1950 -0.9802 0.0334
vn 0.3825 -0.9234 0.0334
vn -0.1950 -0.9802 0.0334
vn 0.0000 -0.9994 0.0333
vn -0.5553 -0.8310 0.0334
vn -0.3825 -0.9234 0.0334
vn -0.8310 -0.5553 0.0334
vn -0.7067 -0.7067 0.0333
vn -0.9802 -0.1950 0.0334
vn -0.9234 -0.3825 0.0334
vn -0.9802 0.1950 0.0334
vn -0.9994 0.0000 0.0334
vn -0.8310 0.5553 0.0334
vn -0.9234 0.3825 0.0334
vn -0.5553 0.8310 0.0334
vn -0.7067 0.7067 0.0333
vn -0.1950 0.9802 0.0333
vn -0.3825 0.9234 0.0333
vn 0.1950 0.9802 0.0333
vn 0.0000 0.9994 0.0334
vn 0.5553 0.8310 0.0334
vn 0.3825 0.9234 0.0333
vn 0.8310 0.5553 0.0333
vn 0.7067 0.7067 0.0333
vn 0.9802 0.1950 0.0334
vn 0.9234 0.3825 0.0333
vn 0.9803 -0.1950 -0.0321
vn 0.9999 -0.0000 -0.0117
vn 0.9995 0.0000 -0.0321
vn 0.9798 -0.1949 0.0440
vn 0.9990 0.0000 0.0440
vn 0.9807 -0.1951 -0.0117
vn 0.9230 -0.3823 0.0440
vn 0.9238 -0.3827 -0.0117
vn 0.8310 -0.5553 -0.0321
vn 0.9234 -0.3825 -0.0321
vn 0.8307 -0.5550 0.0440
vn 0.8314 -0.5555 -0.0117
vn 0.7064 -0.7064 0.0440
vn 0.7071 -0.7071 -0.0117
vn 0.5553 -0.8310 -0.0321
vn 0.7067 -0.7067 -0.0321
vn 0.5555 -0.8314 -0.0117
vn 0.3823 -0.9230 0.0440
vn 0.5550 -0.8307 0.0440
vn 0.3827 -0.9238 -0.0117
vn 0.1950 -0.9803 -0.0321
vn 0.3825 -0.9234 -0.0321
vn 0.1951 -0.9807 -0.0117
vn 0.0000 -0.9990 0.0440
vn 0.1949 -0.9798 0.0440
vn 0.0000 -0.9999 -0.0117
vn -0.1950 -0.9803 -0.0321
vn 0.0000 -0.9995 -0.0321
vn -0.1951 -0.9807 -0.0117
vn -0.3823 -0.9230 0.0440
vn -0.1949 -0.9798 0.0440
vn -0.3827 -0.9238 -0.0117
vn -0.5553 -0.8310 -0.0321
vn -0.3825 -0.9234 -0.0321
vn -0.5555 -0.8314 -0.0117
vn -0.7064 -0.7064 0.0440
vn -0.5550 -0.8307 0.0440
vn -0.7071 -0.7071 -0.0117
vn -0.8310 -0.5553 -0.0321
vn -0.7067 -0.7067 -0.0321
vn -0.8314 -0.5555 -0.0117
vn -0.9230 -0.3823 0.0440
vn -0.8307 -0.5550 0.0440
vn -0.9238 -0.3827 -0.0117
vn -0.9803 -0.1950 -0.0321
vn -0.9234 -0.3825 -0.0321
vn -0.9807 -0.1951 -0.0117
vn -0.9990 0.0000 0.0440
vn -0.9798 -0.1949 0.0440
vn -0.9999 -0.0000 -0.0117
vn -0.9803 0.1950 -0.0321
vn -0.9995 0.0000 -0.0321
vn -0.9807 0.1951 -0.0117
vn -0.9230 0.3823 0.0440
vn -0.9798 0.1949 0.0440
vn -0.9238 0.3827 -0.0117
vn -0.8310 0.5553 -0.0321
vn -0.9234 0.3825 -0.0321
vn -0.8314 0.5555 -0.0117
vn -0.7064 0.7064 0.0440
vn -0.8307 0.5550 0.0440
vn -0.7071 0.7071 -0.0117
vn -0.5553 0.8310 -0.0321
vn -0.7067 0.7067 -0.0321
vn -0.5555 0.8314 -0.0117
vn -0.3823 0.9230 0.0440
vn -0.5550 0.8307 0.0440
vn -0.3827 0.9238 -0.0117
vn -0.1950 0.9803 -0.0321
vn -0.3825 0.9234 -0.0321
vn -0.1951 0.9807 -0.0117
vn 0.0000 0.9990 0.0440
vn -0.1949 0.9798 0.0440
vn 0.0000 0.9999 -0.0117
vn 0.1950 0.9803 -0.0321
vn 0.0000 0.9995 -0.0321
vn 0.1951 0.9807 -0.0117
vn 0.3823 0.9230 0.0440
vn 0.1949 0.9798 0.0440
vn 0.3827 0.9238 -0.0117
vn 0.5553 0.8310 -0.0321
vn 0.3825 0.9234 -0.0321
vn 0.5555 0.8314 -0.0117
vn 0.7064 0.7064 0.0440
vn 0.5550 0.8307 0.0440
vn 0.7071 0.7071 -0.0117
vn 0.8310 0.5553 -0.0321
vn 0.7067 0.7067 -0.0321
vn 0.8314 0.5555 -0.0117
vn 0.9230 0.3823 0.0440
vn 0.8307 0.5550 0.0440
vn 0.9238 0.3827 -0.0117
vn 0.9803 0.1950 -0.0321
vn 0.9234 0.3825 -0.0321
vn 0.9807 0.1951 -0.0117
vn 0.9798 0.1949 0.0440
vn 0.9763 -0.1942 0.0954
vn 0.9954 -0.0000 0.0954
vn 0.9197 -0.3809 0.0954
vn 0.8277 -0.5530 0.0954
vn 0.7039 -0.7039 0.0954
vn 0.5530 -0.8277 0.0954
vn 0.3809 -0.9197 0.0954
vn 0.1942 -0.9763 0.0954
vn 0.0000 -0.9954 0.0954
vn -0.1942 -0.9763 0.0954
vn -0.3809 -0.9197 0.0954
vn -0.5530 -0.8277 0.0954
vn -0.7039 -0.7039 0.0954
vn -0.8277 -0.5530 0.0954
vn -0.9197 -0.3809 0.0954
vn -0.9763 -0.1942 0.0954
vn -0.9954 -0.0000 0.0954
vn -0.9763 0.1942 0.0954
vn -0.9197 0.3809 0.0954
vn -0.8277 0.5530 0.0954
vn -0.7039 0.7039 0.0954
vn -0.5530 0.8277 0.0954
vn -0.3809 0.9197 0.0954
vn -0.1942 0.9763 0.0954
vn 0.0000 0.9954 0.0954
vn 0.1942 0.9763 0.0954
vn 0.3809 0.9197 0.0954
vn 0.5530 0.8277 0.0954
vn 0.7039 0.7039 0.0954
vn 0.8277 0.5530 0.0954
vn 0.9197 0.3809 0.0954
vn 0.9763 0.1942 0.0954
vn 0.9996 -0.0000 -0.0291
vn 0.9804 -0.1950 -0.0291
vn 0.9235 -0.3825 -0.0291
vn 0.8311 -0.5553 -0.0291
vn 0.7068 -0.7068 -0.0291
vn 0.5553 -0.8311 -0.0291
vn 0.3825 -0.9235 -0.0291
vn 0.1950 -0.9804 -0.0291
vn 0.0000 -0.9996 -0.0291
vn -0.1950 -0.9804 -0.0291
vn -0.3825 -0.9235 -0.0291
vn -0.5553 -0.8311 -0.0291
vn -0.7068 -0.7068 -0.0291
vn -0.8311 -0.5553 -0.0291
vn -0.9235 -0.3825 -0.0291
vn -0.9804 -0.1950 -0.0291
vn -0.9996 -0.0000 -0.0291
vn -0.9804 0.1950 -0.0291
vn -0.9235 0.3825 -0.0291
vn -0.8311 0.5553 -0.0291
vn -0.7068 0.7068 -0.0291
vn -0.5553 0.8311 -0.0291
vn -0.3825 0.9235 -0.0291
vn -0.1950 0.9804 -0.0291
vn 0.0000 0.9996 -0.0291
vn 0.1950 0.9804 -0.0291
vn 0.3825 0.9235 -0.0291
vn 0.5553 0.8311 -0.0291
vn 0.7068 0.7068 -0.0291
vn 0.8311 0.5553 -0.0291
vn 0.9235 0.3825 -0.0291
vn 0.9804 0.1950 -0.0291
vn 0.1035 0.3955 0.9126
vn -0.3138 0.3217 0.8933
vn 0.6394 0.5298 0.5572
vn -0.4743 -0.0522 0.8788
vn -0.1687 0.8133 0.5568
vn -0.1031 -0.3952 0.9128
vn 0.3178 -0.3263 0.8903
vn -0.6372 -0.5329 0.5567
vn 0.4798 0.0489 0.8760
usemtl ChessWhite
s 1
f 2/1/1 4/2/2 1/3/3
f 6/4/4 8/5/5 5/6/6
f 10/7/7 12/8/8 9/9/9
f 10/7/7 13/10/10 14/11/11
f 16/12/12 18/13/13 15/14/14
f 20/15/15 22/16/16 19/17/17
f 6/4/4 24/18/18 7/19/19
f 26/20/20 28/21/21 25/22/22
f 29/23/23 6/4/4 5/6/6
f 31/24/24 33/25/25 30/26/26
f 34/27/27 36/28/28 37/29/29
f 39/30/30 15/31/14 38/32/31
f 42/33/32 23/34/33 13/10/10
f 7/19/19 45/35/34 43/36/35
f 47/37/36 49/38/37 46/39/38
f 51/40/39 53/41/40 50/42/41
f 55/43/42 56/44/43 54/45/44
f 26/20/20 57/46/45 58/47/46
f 59/48/47 32/49/48 31/24/24
f 58/47/46 57/46/45 53/41/40
f 47/37/36 61/50/49 62/51/50
f 64/52/51 66/53/52 63/54/53
f 67/55/54 55/43/42 54/45/44
f 51/40/39 69/56/55 70/57/56
f 70/57/56 72/58/57 61/50/49
f 43/36/35 71/59/58 55/43/42
f 5/6/6 73/60/59 74/61/60
f 55/43/42 76/62/61 20/15/15
f 78/63/62 80/64/63 77/65/64
f 81/66/65 83/67/66 68/68/67
f 87/69/68 88/70/69 89/71/70
f 64/52/51 90/72/71 91/73/72
f 78/63/62 88/70/69 87/69/68
f 83/67/66 75/74/73 90/72/71
f 34/27/27 85/75/74 35/76/75
f 92/77/76 94/78/77 95/79/78
f 19/80/17 97/81/79 6/4/4
f 18/82/13 89/71/70 81/66/65
f 7/19/19 98/83/80 8/5/5
f 50/42/41 42/33/32 17/84/81
f 20/15/15 29/85/23 56/44/43
f 29/23/23 74/61/60 99/86/82
f 56/44/43 101/87/83 54/45/44
f 102/88/84 104/89/85 105/90/86
f 107/91/87 38/32/31 106/92/88
f 54/45/44 108/93/89 67/55/54
f 109/94/90 111/95/91 112/96/92
f 111/95/91 114/97/93 112/96/92
f 113/98/94 116/99/95 114/97/93
f 116/99/95 117/100/96 118/101/97
f 117/100/96 120/102/98 118/101/97
f 119/103/99 109/104/90 120/102/98
f 121/105/100 123/106/101 124/107/102
f 125/108/103 92/77/76 95/79/78
f 94/109/77 60/110/104 59/48/47
f 16/12/12 103/111/105 102/88/84
f 38/32/31 18/82/13 81/66/65
f 106/92/88 81/66/65 68/68/67
f 106/92/88 51/40/39 105/90/86
f 102/88/84 51/40/39 50/42/41
f 16/12/12 50/42/41 17/84/81
f 129/112/106 96/113/107 36/28/28
f 1/3/3 131/114/108 130/115/109
f 104/89/85 106/92/88 105/90/86
f 98/83/80 73/60/59 8/5/5
f 132/116/110 124/107/102 133/117/111
f 130/115/109 123/118/101 122/119/112
f 56/44/43 99/120/82 100/121/113
f 15/14/14 127/122/114 16/12/12
f 2/1/1 133/117/111 3/123/115
f 73/60/59 135/124/116 74/61/60
f 130/115/109 134/125/117 1/3/3
f 137/126/118 139/127/119 136/128/120
f 140/129/121 142/130/122 143/131/123
f 144/132/124 146/133/125 147/134/126
f 149/135/127 151/136/128 148/137/129
f 108/93/89 134/125/117 73/60/59
f 1/3/3 152/138/130 2/1/1
f 145/139/131 139/127/119 146/133/125
f 149/135/127 154/140/132 150/141/133
f 101/87/83 155/142/134 156/143/135
f 121/105/100 156/143/135 155/142/134
f 157/144/136 147/134/126 158/145/137
f 148/137/129 160/146/138 159/147/139
f 74/61/60 161/148/140 99/86/82
f 130/115/109 161/148/140 135/124/116
f 100/121/113 161/149/140 155/142/134
f 122/150/112 155/142/134 161/149/140
f 162/151/141 138/152/142 137/126/118
f 153/153/143 143/131/123 154/140/132
f 108/93/89 156/143/135 152/138/130
f 132/116/110 152/138/130 156/143/135
f 157/144/136 163/154/144 162/155/141
f 159/147/139 142/156/122 141/157/145
f 127/122/114 136/128/120 103/111/105
f 103/111/105 145/139/131 104/89/85
f 104/89/85 144/132/124 107/91/87
f 39/30/30 144/132/124 157/144/136
f 40/158/146 157/144/136 162/155/141
f 40/159/146 137/126/118 127/122/114
f 139/127/119 92/77/76 126/160/147
f 146/133/125 32/49/48 147/134/126
f 139/127/119 33/25/25 146/133/125
f 158/145/137 32/49/48 60/110/104
f 138/152/142 93/161/148 92/77/76
f 158/145/137 93/162/148 163/154/144
f 140/129/121 125/108/103 95/79/78
f 148/137/129 30/26/26 149/135/127
f 153/153/143 30/26/26 125/108/103
f 159/147/139 31/24/24 148/137/129
f 141/163/145 95/79/78 94/78/77
f 141/157/145 59/48/47 159/147/139
f 97/81/79 10/7/7 6/4/4
f 24/18/18 26/20/20 7/19/19
f 45/35/34 47/37/36 43/36/35
f 26/20/20 44/164/149 7/19/19
f 14/11/11 6/4/4 10/7/7
f 71/59/58 64/52/51 55/43/42
f 76/62/61 78/63/62 20/15/15
f 78/63/62 21/165/150 20/15/15
f 91/73/72 55/43/42 64/52/51
f 37/29/29 19/80/17 34/27/27
f 22/16/16 34/166/27 19/17/17
f 62/51/50 43/36/35 47/37/36
f 36/28/28 18/13/13 129/112/106
f 12/8/8 17/84/81 9/9/9
f 13/10/10 17/84/81 42/33/32
f 28/21/21 50/42/41 25/22/22
f 18/82/13 85/167/74 84/168/151
f 88/70/69 81/66/65 89/71/70
f 57/46/45 50/42/41 53/41/40
f 49/38/37 51/40/39 46/39/38
f 51/40/39 61/50/49 46/39/38
f 66/53/52 68/68/67 63/54/53
f 90/72/71 68/68/67 83/67/66
f 80/64/63 81/66/65 77/65/64
f 18/13/13 128/169/152 129/112/106
f 117/100/96 3/123/115 133/117/111
f 111/95/91 4/2/2 113/98/94
f 114/97/93 143/131/123 112/96/92
f 113/98/94 3/123/115 115/170/153
f 116/99/95 154/140/132 114/97/93
f 116/99/95 151/136/128 150/141/133
f 117/100/96 124/107/102 119/103/99
f 120/102/98 151/136/128 118/101/97
f 111/95/91 123/118/101 131/114/108
f 119/103/99 123/106/101 110/171/154
f 109/94/90 143/131/123 142/130/122
f 109/104/90 160/146/138 120/102/98
f 33/25/25 125/108/103 30/26/26
f 167/172/155 165/173/156 164/174/157
f 166/175/158 168/176/159 165/173/156
f 166/175/158 170/177/160 169/178/161
f 167/172/155 171/179/162 166/175/158
f 174/180/163 171/179/162 172/181/164
f 173/182/165 170/177/160 171/179/162
f 173/182/165 176/183/166 175/184/161
f 174/180/163 177/185/167 173/182/165
f 180/186/168 177/185/167 178/187/169
f 179/188/170 176/183/166 177/185/167
f 179/188/170 182/189/171 181/190/161
f 180/186/168 183/191/172 179/188/170
f 186/192/173 183/191/172 184/193/174
f 185/194/175 182/189/171 183/191/172
f 185/194/175 188/195/176 187/196/161
f 186/192/173 189/197/177 185/194/175
f 192/198/178 189/197/177 190/199/179
f 191/200/180 188/195/176 189/197/177
f 191/200/180 194/201/181 193/202/161
f 192/198/178 195/203/182 191/200/180
f 198/204/183 195/203/182 196/205/184
f 197/206/185 194/201/181 195/203/182
f 197/206/185 200/207/186 199/208/161
f 198/204/183 201/209/187 197/206/185
f 204/210/188 201/209/187 202/211/189
f 203/212/190 200/207/186 201/209/187
f 203/212/190 206/213/191 205/214/161
f 204/210/188 207/215/192 203/212/190
f 210/216/193 207/215/192 208/217/194
f 209/218/195 206/213/191 207/215/192
f 209/218/195 212/219/196 211/220/161
f 210/216/193 213/221/197 209/218/195
f 216/222/198 213/221/197 214/223/199
f 215/224/200 212/219/196 213/221/197
f 215/224/200 218/225/201 217/226/161
f 216/222/198 219/227/202 215/224/200
f 222/228/203 219/227/202 220/229/204
f 221/230/205 218/225/201 219/227/202
f 221/230/205 224/231/206 223/232/161
f 222/228/203 225/233/207 221/230/205
f 228/234/208 225/233/207 226/235/209
f 227/236/210 224/231/206 225/233/207
f 227/236/210 230/237/211 229/238/161
f 228/234/208 231/239/212 227/236/210
f 234/240/213 231/239/212 232/241/214
f 233/242/215 230/237/211 231/239/212
f 233/242/215 236/243/216 235/244/161
f 234/240/213 237/245/217 233/242/215
f 240/246/218 237/245/217 238/247/219
f 239/248/220 236/243/216 237/245/217
f 239/248/220 242/249/221 241/250/161
f 240/246/218 243/251/222 239/248/220
f 246/252/223 243/251/222 244/253/224
f 245/254/225 242/249/221 243/251/222
f 245/254/225 248/255/226 247/256/161
f 246/252/223 249/257/227 245/254/225
f 252/258/228 249/257/227 250/259/229
f 251/260/230 248/255/226 249/257/227
f 251/260/230 254/261/231 253/262/161
f 252/258/228 255/263/232 251/260/230
f 258/264/233 255/263/232 256/265/234
f 257/266/235 254/261/231 255/263/232
f 257/266/235 168/176/159 259/267/161
f 258/264/233 165/173/156 257/266/235
f 260/268/236 262/269/237 261/270/238
f 261/270/238 265/271/239 264/272/240
f 267/273/241 265/271/239 262/269/237
f 268/274/242 262/269/237 263/275/243
f 268/274/242 269/276/244 267/273/241
f 267/273/241 271/277/245 266/278/246
f 273/279/247 271/277/245 269/276/244
f 274/280/248 269/276/244 270/281/249
f 274/280/248 275/282/250 273/279/247
f 273/279/247 277/283/251 272/284/252
f 279/285/253 277/283/251 275/282/250
f 280/286/254 275/282/250 276/287/255
f 280/286/254 281/288/256 279/285/253
f 279/285/253 283/289/257 278/290/258
f 285/291/259 283/289/257 281/288/256
f 286/292/260 281/288/256 282/293/261
f 286/292/260 287/294/262 285/291/259
f 285/291/259 289/295/263 284/296/264
f 291/297/265 289/295/263 287/294/262
f 292/298/266 287/294/262 288/299/267
f 292/298/266 293/300/268 291/297/265
f 291/297/265 295/301/269 290/302/270
f 297/303/271 295/301/269 293/300/268
f 298/304/272 293/300/268 294/305/273
f 298/304/272 299/306/274 297/303/271
f 297/303/271 301/307/275 296/308/276
f 303/309/277 301/307/275 299/306/274
f 304/310/278 299/306/274 300/311/279
f 304/310/278 305/312/280 303/309/277
f 303/309/277 307/313/281 302/314/282
f 309/315/283 307/313/281 305/312/280
f 310/316/284 305/312/280 306/317/285
f 310/316/284 311/318/286 309/315/283
f 309/315/283 313/319/287 308/320/288
f 315/321/289 313/319/287 311/318/286
f 316/322/290 311/318/286 312/323/291
f 316/322/290 317/324/292 315/321/289
f 315/321/289 319/325/293 314/326/294
f 321/327/295 319/325/293 317/324/292
f 322/328/296 317/324/292 318/329/297
f 322/328/296 323/330/298 321/327/295
f 321/327/295 325/331/299 320/332/300
f 327/333/301 325/331/299 323/330/298
f 328/334/302 323/330/298 324/335/303
f 328/334/302 329/336/304 327/333/301
f 327/333/301 331/337/305 326/338/306
f 333/339/307 331/337/305 329/336/304
f 334/340/308 329/336/304 330/341/309
f 334/340/308 335/342/310 333/339/307
f 333/339/307 337/343/311 332/344/312
f 339/345/313 337/343/311 335/342/310
f 340/346/314 335/342/310 336/347/315
f 340/346/314 341/348/316 339/345/313
f 339/345/313 343/349/317 338/350/318
f 345/351/319 343/349/317 341/348/316
f 346/352/320 341/348/316 342/353/321
f 346/352/320 347/354/322 345/351/319
f 345/351/319 349/355/323 344/356/324
f 351/357/325 349/355/323 347/354/322
f 352/358/326 347/354/322 348/359/327
f 352/358/326 353/360/328 351/357/325
f 351/357/325 355/361/329 350/362/330
f 261/270/238 355/361/329 353/360/328
f 260/268/236 353/360/328 354/363/331
f 356/364/332 358/365/333 357/366/334
f 357/366/334 361/367/335 360/368/336
f 363/369/337 361/367/335 358/365/333
f 364/370/338 358/365/333 359/371/339
f 364/370/338 365/372/340 363/369/337
f 363/369/337 367/373/341 362/374/342
f 369/375/343 367/373/341 365/372/340
f 370/376/344 365/372/340 366/377/345
f 370/376/344 371/378/346 369/375/343
f 369/375/343 373/379/347 368/380/348
f 375/381/349 373/379/347 371/378/346
f 376/382/350 371/378/346 372/383/351
f 376/382/350 377/384/352 375/381/349
f 375/381/349 379/385/353 374/386/354
f 381/387/355 379/385/353 377/384/352
f 382/388/356 377/384/352 378/389/357
f 382/388/356 383/390/358 381/387/355
f 381/387/355 385/391/359 380/392/360
f 387/393/361 385/391/359 383/390/358
f 388/394/362 383/390/358 384/395/363
f 388/394/362 389/396/364 387/393/361
f 387/393/361 391/397/365 386/398/366
f 393/399/367 391/397/365 389/396/364
f 394/400/368 389/396/364 390/401/369
f 394/400/368 395/402/370 393/399/367
f 393/399/367 397/403/371 392/404/372
f 399/405/373 397/403/371 395/402/370
f 400/406/374 395/402/370 396/407/375
f 400/406/374 401/408/376 399/405/373
f 399/405/373 403/409/377 398/410/378
f 405/411/379 403/409/377 401/408/376
f 406/412/380 401/408/376 402/413/381
f 406/412/380 407/414/382 405/411/379
f 405/411/379 409/415/383 404/416/384
f 411/417/385 409/415/383 407/414/382
f 412/418/386 407/414/382 408/419/387
f 412/418/386 413/420/388 411/417/385
f 411/417/385 415/421/389 410/422/390
f 417/423/391 415/421/389 413/420/388
f 418/424/392 413/420/388 414/425/393
f 418/424/392 419/426/394 417/423/391
f 417/423/391 421/427/395 416/428/396
f 423/429/397 421/427/395 419/426/394
f 424/430/398 419/426/394 420/431/399
f 424/430/398 425/432/400 423/429/397
f 423/429/397 427/433/401 422/434/402
f 429/435/403 427/433/401 425/432/400
f 430/436/404 425/432/400 426/437/405
f 430/436/404 431/438/406 429/435/403
f 429/435/403 433/439/407 428/440/408
f 435/441/409 433/439/407 431/438/406
f 436/442/410 431/438/406 432/443/411
f 436/442/410 437/444/412 435/441/409
f 435/441/409 439/445/413 434/446/414
f 441/447/415 439/445/413 437/444/412
f 442/448/416 437/444/412 438/449/417
f 442/448/416 443/450/418 441/447/415
f 441/447/415 445/451/419 440/452/420
f 447/453/421 445/451/419 443/450/418
f 448/454/422 443/450/418 444/455/423
f 448/454/422 449/456/424 447/453/421
f 447/453/421 451/457/425 446/458/426
f 357/366/334 451/457/425 449/456/424
f 356/364/332 449/456/424 450/459/427
f 360/460/336 453/461/428 452/462/429
f 452/462/429 455/463/430 454/464/431
f 457/465/432 455/463/430 453/461/428
f 362/466/342 453/461/428 361/467/335
f 362/466/342 458/468/433 457/465/432
f 457/465/432 459/469/434 456/470/435
f 461/471/436 459/469/434 458/468/433
f 368/472/348 458/468/433 367/473/341
f 368/472/348 462/474/437 461/471/436
f 461/471/436 463/475/438 460/476/439
f 465/477/440 463/475/438 462/474/437
f 374/478/354 462/474/437 373/479/347
f 374/478/354 466/480/441 465/477/440
f 465/477/440 467/481/442 464/482/443
f 469/483/444 467/481/442 466/480/441
f 380/484/360 466/480/441 379/485/353
f 380/484/360 470/486/445 469/483/444
f 469/483/444 471/487/446 468/488/447
f 473/489/448 471/487/446 470/486/445
f 386/490/366 470/486/445 385/491/359
f 386/490/366 474/492/449 473/489/448
f 473/489/448 475/493/450 472/494/451
f 477/495/452 475/493/450 474/492/449
f 392/496/372 474/492/449 391/497/365
f 392/498/372 478/499/453 477/500/452
f 477/500/452 479/501/454 476/502/455
f 481/503/456 479/501/454 478/499/453
f 398/504/378 478/499/453 397/505/371
f 398/504/378 482/506/457 481/503/456
f 481/503/456 483/507/458 480/508/459
f 485/509/460 483/507/458 482/506/457
f 404/510/384 482/506/457 403/511/377
f 404/510/384 486/512/461 485/509/460
f 485/509/460 487/513/462 484/514/463
f 489/515/464 487/513/462 486/512/461
f 410/516/390 486/512/461 409/517/383
f 410/516/390 490/518/465 489/515/464
f 489/515/464 491/519/466 488/520/467
f 493/521/468 491/519/466 490/518/465
f 416/522/396 490/518/465 415/523/389
f 416/522/396 494/524/469 493/521/468
f 493/521/468 495/525/470 492/526/471
f 497/527/472 495/525/470 494/524/469
f 422/528/402 494/524/469 421/529/395
f 422/528/402 498/530/473 497/527/472
f 497/527/472 499/531/474 496/532/475
f 501/533/476 499/531/474 498/530/473
f 428/534/408 498/530/473 427/535/401
f 428/534/408 502/536/477 501/533/476
f 501/533/476 503/537/478 500/538/479
f 505/539/480 503/537/478 502/536/477
f 434/540/414 502/536/477 433/541/407
f 434/540/414 506/542/481 505/539/480
f 505/539/480 507/543/482 504/544/483
f 509/545/484 507/543/482 506/542/481
f 440/546/420 506/542/481 439/547/413
f 440/548/420 510/549/485 509/550/484
f 509/550/484 511/551/486 508/552/487
f 513/553/488 511/551/486 510/549/485
f 446/554/426 510/549/485 445/555/419
f 446/554/426 514/556/489 513/553/488
f 513/553/488 515/557/490 512/558/491
f 452/462/429 515/557/490 514/556/489
f 360/460/336 514/556/489 451/559/425
f 454/464/431 517/560/492 516/561/493
f 516/561/493 519/562/494 518/563/495
f 521/564/496 519/562/494 517/560/492
f 456/470/435 517/560/492 455/463/430
f 456/470/435 522/565/497 521/564/496
f 521/564/496 523/566/498 520/567/499
f 525/568/500 523/566/498 522/565/497
f 460/476/439 522/565/497 459/469/434
f 460/476/439 526/569/501 525/568/500
f 525/568/500 527/570/502 524/571/503
f 529/572/504 527/570/502 526/569/501
f 464/482/443 526/569/501 463/475/438
f 464/482/443 530/573/505 529/572/504
f 529/572/504 531/574/506 528/575/507
f 533/576/508 531/574/506 530/573/505
f 468/488/447 530/573/505 467/481/442
f 468/488/447 534/577/509 533/576/508
f 533/576/508 535/578/510 532/579/511
f 537/580/512 535/578/510 534/577/509
f 472/494/451 534/577/509 471/487/446
f 472/494/451 538/581/513 537/580/512
f 537/580/512 539/582/514 536/583/515
f 541/584/516 539/582/514 538/581/513
f 476/585/455 538/581/513 475/493/450
f 476/502/455 542/586/517 541/587/516
f 541/587/516 543/588/518 540/589/519
f 545/590/520 543/588/518 542/586/517
f 480/508/459 542/586/517 479/501/454
f 480/508/459 546/591/521 545/590/520
f 545/590/520 547/592/522 544/593/523
f 549/594/524 547/592/522 546/591/521
f 484/514/463 546/591/521 483/507/458
f 484/514/463 550/595/525 549/594/524
f 549/594/524 551/596/526 548/597/527
f 553/598/528 551/596/526 550/595/525
f 488/520/467 550/595/525 487/513/462
f 488/520/467 554/599/529 553/598/528
f 553/598/528 555/600/530 552/601/531
f 557/602/532 555/600/530 554/599/529
f 492/526/471 554/599/529 491/519/466
f 492/526/471 558/603/533 557/602/532
f 557/602/532 559/604/534 556/605/535
f 561/606/536 559/604/534 558/603/533
f 496/532/475 558/603/533 495/525/470
f 496/532/475 562/607/537 561/606/536
f 561/606/536 563/608/538 560/609/539
f 565/610/540 563/608/538 562/607/537
f 500/538/479 562/607/537 499/531/474
f 500/538/479 566/611/541 565/610/540
f 565/610/540 567/612/542 564/613/543
f 569/614/544 567/612/542 566/611/541
f 504/544/483 566/611/541 503/537/478
f 504/544/483 570/615/545 569/614/544
f 569/614/544 571/616/546 568/617/547
f 573/618/548 571/616/546 570/615/545
f 508/619/487 570/615/545 507/543/482
f 508/552/487 574/620/549 573/621/548
f 573/621/548 575/622/550 572/623/551
f 577/624/552 575/622/550 574/620/549
f 512/558/491 574/620/549 511/551/486
f 512/558/491 578/625/553 577/624/552
f 577/624/552 579/626/554 576/627/555
f 516/561/493 579/626/554 578/625/553
f 454/464/431 578/625/553 515/557/490
f 518/563/495 581/628/556 580/629/557
f 580/629/557 583/630/558 582/631/559
f 585/632/560 583/630/558 581/628/556
f 520/567/499 581/628/556 519/562/494
f 520/567/499 586/633/561 585/632/560
f 585/632/560 587/634/562 584/635/563
f 589/636/564 587/634/562 586/633/561
f 524/571/503 586/633/561 523/566/498
f 524/571/503 590/637/565 589/636/564
f 589/636/564 591/638/566 588/639/567
f 593/640/568 591/638/566 590/637/565
f 528/575/507 590/637/565 527/570/502
f 528/575/507 594/641/569 593/640/568
f 593/640/568 595/642/570 592/643/571
f 597/644/572 595/642/570 594/641/569
f 532/579/511 594/641/569 531/574/506
f 532/579/511 598/645/573 597/644/572
f 597/644/572 599/646/574 596/647/575
f 601/648/576 599/646/574 598/645/573
f 536/583/515 598/645/573 535/578/510
f 536/583/515 602/649/577 601/648/576
f 601/648/576 603/650/578 600/651/579
f 605/652/580 603/650/578 602/649/577
f 540/653/519 602/649/577 539/582/514
f 540/589/519 606/654/581 605/655/580
f 605/655/580 607/656/582 604/657/583
f 609/658/584 607/656/582 606/654/581
f 544/593/523 606/654/581 543/588/518
f 544/593/523 610/659/585 609/658/584
f 609/658/584 611/660/586 608/661/587
f 613/662/588 611/660/586 610/659/585
f 548/597/527 610/659/585 547/592/522
f 548/597/527 614/663/589 613/662/588
f 613/662/588 615/664/590 612/665/591
f 617/666/592 615/664/590 614/663/589
f 552/601/531 614/663/589 551/596/526
f 552/601/531 618/667/593 617/666/592
f 617/666/592 619/668/594 616/669/595
f 621/670/596 619/668/594 618/667/593
f 556/605/535 618/667/593 555/600/530
f 556/605/535 622/671/597 621/670/596
f 621/670/596 623/672/598 620/673/599
f 625/674/600 623/672/598 622/671/597
f 560/609/539 622/671/597 559/604/534
f 560/609/539 626/675/601 625/674/600
f 625/674/600 627/676/602 624/677/603
f 629/678/604 627/676/602 626/675/601
f 564/613/543 626/675/601 563/608/538
f 564/613/543 630/679/605 629/678/604
f 629/678/604 631/680/606 628/681/607
f 633/682/608 631/680/606 630/679/605
f 568/617/547 630/679/605 567/612/542
f 568/617/547 634/683/609 633/682/608
f 633/682/608 635/684/610 632/685/611
f 637/686/612 635/684/610 634/683/609
f 572/687/551 634/683/609 571/616/546
f 572/623/551 638/688/613 637/689/612
f 637/689/612 639/690/614 636/691/615
f 641/692/616 639/690/614 638/688/613
f 576/627/555 638/688/613 575/622/550
f 576/627/555 642/693/617 641/692/616
f 641/692/616 643/694/618 640/695/619
f 580/629/557 643/694/618 642/693/617
f 518/563/495 642/693/617 579/626/554
f 583/630/558 644/696/620 582/631/559
f 645/697/621 646/698/622 644/696/620
f 645/697/621 648/699/623 647/700/624
f 583/630/558 649/701/625 645/697/621
f 587/634/562 649/701/625 584/635/563
f 650/702/626 648/699/623 649/701/625
f 650/702/626 652/703/627 651/704/628
f 587/634/562 653/705/629 650/702/626
f 591/638/566 653/705/629 588/639/567
f 654/706/630 652/703/627 653/705/629
f 654/706/630 656/707/631 655/708/632
f 591/638/566 657/709/633 654/706/630
f 595/642/570 657/709/633 592/643/571
f 658/710/634 656/707/631 657/709/633
f 658/710/634 660/711/635 659/712/636
f 595/642/570 661/713/637 658/710/634
f 599/646/574 661/713/637 596/647/575
f 662/714/638 660/711/635 661/713/637
f 662/714/638 664/715/639 663/716/640
f 599/646/574 665/717/641 662/714/638
f 603/650/578 665/717/641 600/651/579
f 666/718/642 664/715/639 665/717/641
f 666/718/642 668/719/643 667/720/644
f 603/650/578 669/721/645 666/718/642
f 607/656/582 669/722/645 604/657/583
f 670/723/646 668/724/643 669/722/645
f 670/723/646 672/725/647 671/726/648
f 607/656/582 673/727/649 670/723/646
f 611/660/586 673/727/649 608/661/587
f 674/728/650 672/725/647 673/727/649
f 674/728/650 676/729/651 675/730/652
f 611/660/586 677/731/653 674/728/650
f 615/664/590 677/731/653 612/665/591
f 678/732/654 676/729/651 677/731/653
f 678/732/654 680/733/655 679/734/656
f 615/664/590 681/735/657 678/732/654
f 619/668/594 681/735/657 616/669/595
f 682/736/658 680/733/655 681/735/657
f 682/736/658 684/737/659 683/738/660
f 619/668/594 685/739/661 682/736/658
f 623/672/598 685/739/661 620/673/599
f 686/740/662 684/737/659 685/739/661
f 686/740/662 688/741/663 687/742/664
f 623/672/598 689/743/665 686/740/662
f 627/676/602 689/743/665 624/677/603
f 690/744/666 688/741/663 689/743/665
f 690/744/666 692/745/667 691/746/668
f 627/676/602 693/747/669 690/744/666
f 631/680/606 693/747/669 628/681/607
f 694/748/670 692/745/667 693/747/669
f 694/748/670 696/749/671 695/750/672
f 631/680/606 697/751/673 694/748/670
f 635/684/610 697/751/673 632/685/611
f 698/752/674 696/749/671 697/751/673
f 698/752/674 700/753/675 699/754/676
f 635/684/610 701/755/677 698/752/674
f 639/690/614 701/756/677 636/691/615
f 702/757/678 700/758/675 701/756/677
f 702/757/678 704/759/679 703/760/680
f 639/690/614 705/761/681 702/757/678
f 643/694/618 705/761/681 640/695/619
f 706/762/682 704/759/679 705/761/681
f 706/762/682 646/698/622 707/763/683
f 643/694/618 644/696/620 706/762/682
f 708/764/684 710/765/685 709/766/686
f 709/767/686 713/768/687 712/769/688
f 715/770/689 713/768/687 710/771/685
f 716/772/690 710/765/685 711/773/691
f 716/772/690 717/774/692 715/775/689
f 715/770/689 719/776/693 714/777/694
f 721/778/695 719/776/693 717/779/692
f 722/780/696 717/774/692 718/781/697
f 722/780/696 723/782/698 721/783/695
f 721/778/695 725/784/699 720/785/700
f 727/786/701 725/784/699 723/787/698
f 728/788/702 723/782/698 724/789/703
f 728/788/702 729/790/704 727/791/701
f 727/786/701 731/792/705 726/793/706
f 733/794/707 731/792/705 729/795/704
f 734/796/708 729/790/704 730/797/709
f 734/796/708 735/798/710 733/799/707
f 733/794/707 737/800/711 732/801/712
f 739/802/713 737/800/711 735/803/710
f 740/804/714 735/798/710 736/805/715
f 740/804/714 741/806/716 739/807/713
f 739/802/713 743/808/717 738/809/718
f 745/810/719 743/808/717 741/811/716
f 746/812/720 741/806/716 742/813/721
f 746/812/720 747/814/722 745/815/719
f 745/816/719 749/817/723 744/818/724
f 751/819/725 749/817/723 747/820/722
f 752/821/726 747/814/722 748/822/727
f 752/821/726 753/823/728 751/824/725
f 751/819/725 755/825/729 750/826/730
f 757/827/731 755/825/729 753/828/728
f 758/829/732 753/823/728 754/830/733
f 758/829/732 759/831/734 757/832/731
f 757/827/731 761/833/735 756/834/736
f 763/835/737 761/833/735 759/836/734
f 764/837/738 759/831/734 760/838/739
f 764/837/738 765/839/740 763/840/737
f 763/835/737 767/841/741 762/842/742
f 769/843/743 767/841/741 765/844/740
f 770/845/744 765/839/740 766/846/745
f 770/845/744 771/847/746 769/848/743
f 769/843/743 773/849/747 768/850/748
f 775/851/749 773/849/747 771/852/746
f 776/853/750 771/847/746 772/854/751
f 776/853/750 777/855/752 775/856/749
f 777/857/752 774/858/753 775/851/749
f 781/859/754 779/860/755 777/857/752
f 782/861/756 777/855/752 778/862/757
f 782/861/756 783/863/758 781/864/754
f 781/859/754 785/865/759 780/866/760
f 787/867/761 785/865/759 783/868/758
f 788/869/762 783/863/758 784/870/763
f 788/869/762 789/871/764 787/872/761
f 787/867/761 791/873/765 786/874/766
f 789/875/764 792/876/767 791/873/765
f 794/877/768 789/871/764 790/878/769
f 794/877/768 795/879/770 793/880/771
f 793/881/771 797/882/772 792/883/767
f 799/884/773 797/882/772 795/885/770
f 800/886/774 795/879/770 796/887/775
f 800/886/774 801/888/776 799/889/773
f 799/884/773 803/890/777 798/891/778
f 709/767/686 803/890/777 801/892/776
f 708/764/684 801/888/776 802/893/779
f 713/894/687 804/895/780 712/896/688
f 805/897/781 806/898/782 804/895/780
f 805/897/781 808/899/783 807/900/784
f 713/894/687 809/901/785 805/897/781
f 719/902/693 809/901/785 714/903/694
f 810/904/786 808/899/783 809/901/785
f 810/904/786 812/905/787 811/906/788
f 719/902/693 813/907/789 810/904/786
f 725/908/699 813/907/789 720/909/700
f 814/910/790 812/905/787 813/907/789
f 814/910/790 816/911/791 815/912/792
f 725/908/699 817/913/793 814/910/790
f 731/914/705 817/913/793 726/915/706
f 818/916/794 816/911/791 817/913/793
f 818/916/794 820/917/795 819/918/796
f 731/914/705 821/919/797 818/916/794
f 737/920/711 821/919/797 732/921/712
f 822/922/798 820/917/795 821/919/797
f 822/922/798 824/923/799 823/924/800
f 737/920/711 825/925/801 822/922/798
f 743/926/717 825/925/801 738/927/718
f 826/928/802 824/923/799 825/925/801
f 826/928/802 828/929/803 827/930/804
f 743/926/717 829/931/805 826/928/802
f 749/932/723 829/931/805 744/933/724
f 830/934/806 828/929/803 829/931/805
f 830/934/806 832/935/807 831/936/808
f 749/932/723 833/937/809 830/934/806
f 755/938/729 833/937/809 750/939/730
f 834/940/810 832/935/807 833/937/809
f 834/940/810 836/941/811 835/942/812
f 755/938/729 837/943/813 834/940/810
f 761/944/735 837/943/813 756/945/736
f 838/946/814 836/941/811 837/943/813
f 838/946/814 840/947/815 839/948/816
f 761/944/735 841/949/817 838/946/814
f 767/950/741 841/949/817 762/951/742
f 842/952/818 840/947/815 841/949/817
f 842/952/818 844/953/819 843/954/820
f 767/950/741 845/955/821 842/952/818
f 773/956/747 845/955/821 768/957/748
f 846/958/822 844/953/819 845/955/821
f 846/958/822 848/959/823 847/960/824
f 773/956/747 849/961/825 846/958/822
f 779/962/755 849/961/825 774/963/753
f 850/964/826 848/959/823 849/961/825
f 850/964/826 852/965/827 851/966/828
f 779/962/755 853/967/829 850/964/826
f 785/968/759 853/967/829 780/969/760
f 854/970/830 852/965/827 853/967/829
f 854/970/830 856/971/831 855/972/832
f 785/968/759 857/973/833 854/970/830
f 791/974/765 857/973/833 786/975/766
f 858/976/834 856/971/831 857/973/833
f 858/976/834 860/977/835 859/978/836
f 791/974/765 861/979/837 858/976/834
f 797/980/772 861/979/837 792/981/767
f 862/982/838 860/977/835 861/979/837
f 862/982/838 864/983/839 863/984/840
f 797/980/772 865/985/841 862/982/838
f 803/986/777 865/985/841 798/987/778
f 866/988/842 864/983/839 865/985/841
f 866/988/842 806/898/782 867/989/843
f 803/986/777 804/895/780 866/988/842
f 871/990/844 869/991/845 868/992/846
f 869/991/845 873/993/847 872/994/848
f 875/995/849 873/993/847 870/996/850
f 871/990/844 875/995/849 870/996/850
f 878/997/851 875/995/849 876/998/852
f 875/995/849 879/999/853 874/1000/854
f 881/1001/855 879/999/853 877/1002/856
f 878/997/851 881/1001/855 877/1002/856
f 884/1003/857 881/1001/855 882/1004/858
f 881/1001/855 885/1005/859 880/1006/860
f 887/1007/861 885/1005/859 883/1008/862
f 884/1003/857 887/1007/861 883/1008/862
f 890/1009/863 887/1007/861 888/1010/864
f 887/1007/861 891/1011/865 886/1012/866
f 893/1013/867 891/1011/865 889/1014/868
f 890/1009/863 893/1013/867 889/1014/868
f 896/1015/869 893/1013/867 894/1016/870
f 893/1013/867 897/1017/871 892/1018/872
f 899/1019/873 897/1017/871 895/1020/874
f 896/1015/869 899/1019/873 895/1020/874
f 902/1021/875 899/1019/873 900/1022/876
f 899/1019/873 903/1023/877 898/1024/878
f 905/1025/879 903/1023/877 901/1026/880
f 902/1021/875 905/1025/879 901/1026/880
f 908/1027/881 905/1028/879 906/1029/882
f 905/1028/879 909/1030/883 904/1031/884
f 911/1032/885 909/1030/883 907/1033/886
f 908/1027/881 911/1032/885 907/1033/886
f 914/1034/887 911/1032/885 912/1035/888
f 911/1032/885 915/1036/889 910/1037/890
f 917/1038/891 915/1036/889 913/1039/892
f 914/1034/887 917/1038/891 913/1039/892
f 920/1040/893 917/1038/891 918/1041/894
f 917/1038/891 921/1042/895 916/1043/896
f 923/1044/897 921/1042/895 919/1045/898
f 920/1040/893 923/1044/897 919/1045/898
f 926/1046/899 923/1044/897 924/1047/900
f 923/1044/897 927/1048/901 922/1049/902
f 929/1050/903 927/1048/901 925/1051/904
f 926/1046/899 929/1050/903 925/1051/904
f 932/1052/905 929/1050/903 930/1053/906
f 929/1050/903 933/1054/907 928/1055/908
f 935/1056/909 933/1054/907 931/1057/910
f 932/1052/905 935/1056/909 931/1057/910
f 938/1058/911 935/1056/909 936/1059/912
f 935/1056/909 939/1060/913 934/1061/914
f 941/1062/915 939/1060/913 937/1063/916
f 938/1058/911 941/1062/915 937/1063/916
f 944/1064/917 941/1062/915 942/1065/918
f 941/1062/915 945/1066/919 940/1067/920
f 947/1068/921 945/1066/919 943/1069/922
f 944/1064/917 947/1068/921 943/1069/922
f 950/1070/923 947/1068/921 948/1071/924
f 947/1068/921 951/1072/925 946/1073/926
f 953/1074/927 951/1072/925 949/1075/928
f 950/1070/923 953/1074/927 949/1075/928
f 956/1076/929 953/1077/927 954/1078/930
f 953/1077/927 957/1079/931 952/1080/932
f 959/1081/933 957/1079/931 955/1082/934
f 956/1076/929 959/1081/933 955/1082/934
f 962/1083/935 959/1081/933 960/1084/936
f 959/1081/933 963/1085/937 958/1086/938
f 869/991/845 963/1085/937 961/1087/939
f 962/1083/935 869/991/845 961/1087/939
f 872/1088/848 965/1089/940 964/1090/941
f 964/1090/941 967/1091/942 966/1092/943
f 969/1093/944 967/1091/942 965/1089/940
f 874/1094/854 965/1089/940 873/1095/847
f 874/1094/854 970/1096/945 969/1093/944
f 969/1093/944 971/1097/946 968/1098/947
f 973/1099/948 971/1097/946 970/1096/945
f 880/1100/860 970/1096/945 879/1101/853
f 880/1100/860 974/1102/949 973/1099/948
f 973/1099/948 975/1103/950 972/1104/951
f 977/1105/952 975/1103/950 974/1102/949
f 886/1106/866 974/1102/949 885/1107/859
f 886/1106/866 978/1108/953 977/1105/952
f 977/1105/952 979/1109/954 976/1110/955
f 981/1111/956 979/1109/954 978/1108/953
f 892/1112/872 978/1108/953 891/1113/865
f 892/1112/872 982/1114/957 981/1111/956
f 981/1111/956 983/1115/958 980/1116/959
f 985/1117/960 983/1115/958 982/1114/957
f 898/1118/878 982/1114/957 897/1119/871
f 898/1118/878 986/1120/961 985/1117/960
f 985/1117/960 987/1121/962 984/1122/963
f 989/1123/964 987/1121/962 986/1120/961
f 904/1124/884 986/1120/961 903/1125/877
f 904/1124/884 990/1126/965 989/1123/964
f 989/1123/964 991/1127/966 988/1128/967
f 993/1129/968 991/1127/966 990/1126/965
f 910/1130/890 990/1126/965 909/1131/883
f 910/1130/890 994/1132/969 993/1129/968
f 993/1129/968 995/1133/970 992/1134/971
f 997/1135/972 995/1133/970 994/1132/969
f 916/1136/896 994/1132/969 915/1137/889
f 916/1136/896 998/1138/973 997/1135/972
f 997/1135/972 999/1139/974 996/1140/975
f 1001/1141/976 999/1139/974 998/1138/973
f 922/1142/902 998/1138/973 921/1143/895
f 922/1142/902 1002/1144/977 1001/1141/976
f 1001/1141/976 1003/1145/978 1000/1146/979
f 1005/1147/980 1003/1145/978 1002/1144/977
f 928/1148/908 1002/1144/977 927/1149/901
f 928/1148/908 1006/1150/981 1005/1147/980
f 1005/1147/980 1007/1151/982 1004/1152/983
f 1009/1153/984 1007/1151/982 1006/1150/981
f 934/1154/914 1006/1150/981 933/1155/907
f 934/1154/914 1010/1156/985 1009/1153/984
f 1009/1153/984 1011/1157/986 1008/1158/987
f 1013/1159/988 1011/1157/986 1010/1156/985
f 940/1160/920 1010/1156/985 939/1161/913
f 940/1160/920 1014/1162/989 1013/1159/988
f 1013/1159/988 1015/1163/990 1012/1164/991
f 1017/1165/992 1015/1163/990 1014/1162/989
f 946/1166/926 1014/1162/989 945/1167/919
f 946/1166/926 1018/1168/993 1017/1165/992
f 1017/1165/992 1019/1169/994 1016/1170/995
f 1021/1171/996 1019/1169/994 1018/1168/993
f 952/1172/932 1018/1168/993 951/1173/925
f 952/1172/932 1022/1174/997 1021/1171/996
f 1021/1171/996 1023/1175/998 1020/1176/999
f 1025/1177/1000 1023/1175/998 1022/1174/997
f 958/1178/938 1022/1174/997 957/1179/931
f 958/1178/938 1026/1180/1001 1025/1177/1000
f 1025/1177/1000 1027/1181/1002 1024/1182/1003
f 964/1090/941 1027/1181/1002 1026/1180/1001
f 872/1088/848 1026/1180/1001 963/1183/937
f 807/900/784 1028/1184/1004 806/898/782
f 1029/1185/1005 868/1186/846 1028/1184/1004
f 1029/1185/1005 876/1187/852 871/1188/844
f 807/900/784 1030/1189/1006 1029/1185/1005
f 811/906/788 1030/1189/1006 808/899/783
f 1031/1190/1007 876/1187/852 1030/1189/1006
f 1031/1190/1007 882/1191/858 878/1192/851
f 811/906/788 1032/1193/1008 1031/1190/1007
f 815/912/792 1032/1193/1008 812/905/787
f 1033/1194/1009 882/1191/858 1032/1193/1008
f 1033/1194/1009 888/1195/864 884/1196/857
f 815/912/792 1034/1197/1010 1033/1194/1009
f 819/918/796 1034/1197/1010 816/911/791
f 1035/1198/1011 888/1195/864 1034/1197/1010
f 1035/1198/1011 894/1199/870 890/1200/863
f 819/918/796 1036/1201/1012 1035/1198/1011
f 823/924/800 1036/1201/1012 820/917/795
f 1037/1202/1013 894/1199/870 1036/1201/1012
f 1037/1202/1013 900/1203/876 896/1204/869
f 823/924/800 1038/1205/1014 1037/1202/1013
f 827/930/804 1038/1205/1014 824/923/799
f 1039/1206/1015 900/1203/876 1038/1205/1014
f 1039/1206/1015 906/1207/882 902/1208/875
f 827/930/804 1040/1209/1016 1039/1206/1015
f 831/936/808 1040/1209/1016 828/929/803
f 1041/1210/1017 906/1207/882 1040/1209/1016
f 1041/1210/1017 912/1211/888 908/1212/881
f 831/936/808 1042/1213/1018 1041/1210/1017
f 835/942/812 1042/1213/1018 832/935/807
f 1043/1214/1019 912/1211/888 1042/1213/1018
f 1043/1214/1019 918/1215/894 914/1216/887
f 835/942/812 1044/1217/1020 1043/1214/1019
f 839/948/816 1044/1217/1020 836/941/811
f 1045/1218/1021 918/1215/894 1044/1217/1020
f 1045/1218/1021 924/1219/900 920/1220/893
f 839/948/816 1046/1221/1022 1045/1218/1021
f 843/954/820 1046/1221/1022 840/947/815
f 1047/1222/1023 924/1219/900 1046/1221/1022
f 1047/1222/1023 930/1223/906 926/1224/899
f 843/954/820 1048/1225/1024 1047/1222/1023
f 847/960/824 1048/1225/1024 844/953/819
f 1049/1226/1025 930/1223/906 1048/1225/1024
f 1049/1226/1025 936/1227/912 932/1228/905
f 847/960/824 1050/1229/1026 1049/1226/1025
f 851/966/828 1050/1229/1026 848/959/823
f 1051/1230/1027 936/1227/912 1050/1229/1026
f 1051/1230/1027 942/1231/918 938/1232/911
f 851/966/828 1052/1233/1028 1051/1230/1027
f 855/972/832 1052/1233/1028 852/965/827
f 1053/1234/1029 942/1231/918 1052/1233/1028
f 1053/1234/1029 948/1235/924 944/1236/917
f 855/972/832 1054/1237/1030 1053/1234/1029
f 859/978/836 1054/1237/1030 856/971/831
f 1055/1238/1031 948/1235/924 1054/1237/1030
f 1055/1238/1031 954/1239/930 950/1240/923
f 859/978/836 1056/1241/1032 1055/1238/1031
f 863/984/840 1056/1241/1032 860/977/835
f 1057/1242/1033 954/1239/930 1056/1241/1032
f 1057/1242/1033 960/1243/936 956/1244/929
f 863/984/840 1058/1245/1034 1057/1242/1033
f 867/989/843 1058/1245/1034 864/983/839
f 1059/1246/1035 960/1243/936 1058/1245/1034
f 1059/1246/1035 868/1186/846 962/1247/935
f 867/989/843 1028/1184/1004 1059/1246/1035
f 1063/1248/1036 1061/1249/1037 1060/1250/1038
f 1062/1251/1039 1064/1252/1040 1061/1249/1037
f 1062/1251/1039 1066/1253/1041 1065/1254/1042
f 1063/1248/1036 1067/1255/1043 1062/1251/1039
f 1070/1256/1044 1067/1255/1043 1068/1257/1045
f 1069/1258/1046 1066/1253/1041 1067/1255/1043
f 1069/1258/1046 1072/1259/1047 1071/1260/1048
f 1070/1256/1044 1073/1261/1049 1069/1258/1046
f 1076/1262/1050 1073/1261/1049 1074/1263/1051
f 1075/1264/1052 1072/1259/1047 1073/1261/1049
f 1075/1264/1052 1078/1265/1053 1077/1266/1054
f 1076/1262/1050 1079/1267/1055 1075/1264/1052
f 1082/1268/1056 1079/1267/1055 1080/1269/1057
f 1081/1270/1058 1078/1265/1053 1079/1267/1055
f 1081/1270/1058 1084/1271/1059 1083/1272/1060
f 1082/1268/1056 1085/1273/1061 1081/1270/1058
f 1088/1274/1062 1085/1273/1061 1086/1275/1063
f 1087/1276/1064 1084/1271/1059 1085/1273/1061
f 1087/1276/1064 1090/1277/1065 1089/1278/1066
f 1088/1274/1062 1091/1279/1067 1087/1276/1064
f 1094/1280/1068 1091/1279/1067 1092/1281/1069
f 1093/1282/1070 1090/1277/1065 1091/1279/1067
f 1093/1282/1070 1096/1283/1071 1095/1284/1072
f 1094/1280/1068 1097/1285/1073 1093/1282/1070
f 1100/1286/1074 1097/1285/1073 1098/1287/1075
f 1099/1288/1076 1096/1283/1071 1097/1285/1073
f 1099/1288/1076 1102/1289/1077 1101/1290/1078
f 1100/1286/1074 1103/1291/1079 1099/1288/1076
f 1106/1292/1080 1103/1291/1079 1104/1293/1081
f 1105/1294/1082 1102/1289/1077 1103/1291/1079
f 1105/1294/1082 1108/1295/1083 1107/1296/1084
f 1106/1292/1080 1109/1297/1085 1105/1294/1082
f 1112/1298/1086 1109/1297/1085 1110/1299/1087
f 1111/1300/1088 1108/1295/1083 1109/1297/1085
f 1111/1300/1088 1114/1301/1089 1113/1302/1090
f 1112/1298/1086 1115/1303/1091 1111/1300/1088
f 1118/1304/1092 1115/1303/1091 1116/1305/1093
f 1117/1306/1094 1114/1301/1089 1115/1303/1091
f 1117/1306/1094 1120/1307/1095 1119/1308/1096
f 1118/1304/1092 1121/1309/1097 1117/1306/1094
f 1124/1310/1098 1121/1309/1097 1122/1311/1099
f 1123/1312/1100 1120/1307/1095 1121/1309/1097
f 1123/1312/1100 1126/1313/1101 1125/1314/1102
f 1124/1310/1098 1127/1315/1103 1123/1312/1100
f 1130/1316/1104 1127/1315/1103 1128/1317/1105
f 1129/1318/1106 1126/1313/1101 1127/1315/1103
f 1129/1318/1106 1132/1319/1107 1131/1320/1108
f 1130/1316/1104 1133/1321/1109 1129/1318/1106
f 1136/1322/1110 1133/1321/1109 1134/1323/1111
f 1135/1324/1112 1132/1319/1107 1133/1321/1109
f 1135/1324/1112 1138/1325/1113 1137/1326/1114
f 1136/1322/1110 1139/1327/1115 1135/1324/1112
f 1142/1328/1116 1139/1327/1115 1140/1329/1117
f 1141/1330/1118 1138/1325/1113 1139/1327/1115
f 1141/1330/1118 1144/1331/1119 1143/1332/1120
f 1142/1328/1116 1145/1333/1121 1141/1330/1118
f 1148/1334/1122 1145/1333/1121 1146/1335/1123
f 1147/1336/1124 1144/1331/1119 1145/1333/1121
f 1147/1336/1124 1150/1337/1125 1149/1338/1126
f 1148/1334/1122 1151/1339/1127 1147/1336/1124
f 1154/1340/1128 1151/1339/1127 1152/1341/1129
f 1153/1342/1130 1150/1337/1125 1151/1339/1127
f 1153/1342/1130 1064/1252/1040 1155/1343/1131
f 1154/1340/1128 1061/1249/1037 1153/1342/1130
f 1064/1344/1040 1157/1345/1132 1156/1346/1133
f 1156/1347/1133 1159/1348/1134 1158/1349/1135
f 1161/1350/1136 1159/1348/1134 1157/1351/1132
f 1066/1352/1041 1157/1345/1132 1065/1353/1042
f 1066/1352/1041 1162/1354/1137 1161/1355/1136
f 1161/1350/1136 1163/1356/1138 1160/1357/1139
f 1165/1358/1140 1163/1356/1138 1162/1359/1137
f 1072/1360/1047 1162/1354/1137 1071/1361/1048
f 1072/1360/1047 1166/1362/1141 1165/1363/1140
f 1165/1358/1140 1167/1364/1142 1164/1365/1143
f 1169/1366/1144 1167/1364/1142 1166/1367/1141
f 1078/1368/1053 1166/1362/1141 1077/1369/1054
f 1078/1368/1053 1170/1370/1145 1169/1371/1144
f 1169/1366/1144 1171/1372/1146 1168/1373/1147
f 1173/1374/1148 1171/1372/1146 1170/1375/1145
f 1084/1376/1059 1170/1370/1145 1083/1377/1060
f 1084/1376/1059 1174/1378/1149 1173/1379/1148
f 1173/1374/1148 1175/1380/1150 1172/1381/1151
f 1177/1382/1152 1175/1380/1150 1174/1383/1149
f 1090/1384/1065 1174/1378/1149 1089/1385/1066
f 1090/1384/1065 1178/1386/1153 1177/1387/1152
f 1177/1382/1152 1179/1388/1154 1176/1389/1155
f 1181/1390/1156 1179/1388/1154 1178/1391/1153
f 1096/1392/1071 1178/1386/1153 1095/1393/1072
f 1096/1394/1071 1182/1395/1157 1181/1396/1156
f 1181/1390/1156 1183/1397/1158 1180/1398/1159
f 1185/1399/1160 1183/1397/1158 1182/1400/1157
f 1102/1401/1077 1182/1395/1157 1101/1402/1078
f 1102/1401/1077 1186/1403/1161 1185/1404/1160
f 1185/1399/1160 1187/1405/1162 1184/1406/1163
f 1189/1407/1164 1187/1405/1162 1186/1408/1161
f 1108/1409/1083 1186/1403/1161 1107/1410/1084
f 1108/1409/1083 1190/1411/1165 1189/1412/1164
f 1189/1407/1164 1191/1413/1166 1188/1414/1167
f 1193/1415/1168 1191/1413/1166 1190/1416/1165
f 1114/1417/1089 1190/1411/1165 1113/1418/1090
f 1114/1417/1089 1194/1419/1169 1193/1420/1168
f 1193/1415/1168 1195/1421/1170 1192/1422/1171
f 1197/1423/1172 1195/1421/1170 1194/1424/1169
f 1119/1425/1096 1197/1426/1172 1194/1419/1169
f 1120/1427/1095 1198/1428/1173 1197/1426/1172
f 1197/1423/1172 1199/1429/1174 1196/1430/1175
f 1201/1431/1176 1199/1429/1174 1198/1432/1173
f 1126/1433/1101 1198/1428/1173 1125/1434/1102
f 1126/1433/1101 1202/1435/1177 1201/1436/1176
f 1201/1431/1176 1203/1437/1178 1200/1438/1179
f 1205/1439/1180 1203/1437/1178 1202/1440/1177
f 1132/1441/1107 1202/1435/1177 1131/1442/1108
f 1132/1441/1107 1206/1443/1181 1205/1444/1180
f 1205/1439/1180 1207/1445/1182 1204/1446/1183
f 1209/1447/1184 1207/1445/1182 1206/1448/1181
f 1138/1449/1113 1206/1443/1181 1137/1450/1114
f 1138/1449/1113 1210/1451/1185 1209/1452/1184
f 1209/1447/1184 1211/1453/1186 1208/1454/1187
f 1213/1455/1188 1211/1453/1186 1210/1456/1185
f 1144/1457/1119 1210/1451/1185 1143/1458/1120
f 1144/1459/1119 1214/1460/1189 1213/1461/1188
f 1213/1455/1188 1215/1462/1190 1212/1463/1191
f 1217/1464/1192 1215/1462/1190 1214/1465/1189
f 1150/1466/1125 1214/1460/1189 1149/1467/1126
f 1150/1466/1125 1218/1468/1193 1217/1469/1192
f 1217/1464/1192 1219/1470/1194 1216/1471/1195
f 1156/1347/1133 1219/1470/1194 1218/1472/1193
f 1064/1344/1040 1218/1468/1193 1155/1473/1131
f 1158/1349/1135 1221/1474/1196 1220/1475/1197
f 1220/1475/1197 1223/1476/1198 1222/1477/1199
f 1225/1478/1200 1223/1476/1198 1221/1474/1196
f 1160/1357/1139 1221/1474/1196 1159/1348/1134
f 1160/1357/1139 1226/1479/1201 1225/1478/1200
f 1225/1478/1200 1227/1480/1202 1224/1481/1203
f 1229/1482/1204 1227/1480/1202 1226/1479/1201
f 1164/1365/1143 1226/1479/1201 1163/1356/1138
f 1164/1365/1143 1230/1483/1205 1229/1482/1204
f 1229/1482/1204 1231/1484/1206 1228/1485/1207
f 1233/1486/1208 1231/1484/1206 1230/1483/1205
f 1168/1373/1147 1230/1483/1205 1167/1364/1142
f 1168/1373/1147 1234/1487/1209 1233/1486/1208
f 1233/1486/1208 1235/1488/1210 1232/1489/1211
f 1237/1490/1212 1235/1488/1210 1234/1487/1209
f 1172/1381/1151 1234/1487/1209 1171/1372/1146
f 1172/1381/1151 1238/1491/1213 1237/1490/1212
f 1237/1490/1212 1239/1492/1214 1236/1493/1215
f 1241/1494/1216 1239/1492/1214 1238/1491/1213
f 1176/1389/1155 1238/1491/1213 1175/1380/1150
f 1176/1389/1155 1242/1495/1217 1241/1494/1216
f 1241/1494/1216 1243/1496/1218 1240/1497/1219
f 1245/1498/1220 1243/1496/1218 1242/1495/1217
f 1180/1398/1159 1242/1495/1217 1179/1388/1154
f 1180/1398/1159 1246/1499/1221 1245/1498/1220
f 1245/1498/1220 1247/1500/1222 1244/1501/1223
f 1249/1502/1224 1247/1500/1222 1246/1499/1221
f 1184/1406/1163 1246/1499/1221 1183/1397/1158
f 1184/1406/1163 1250/1503/1225 1249/1502/1224
f 1249/1502/1224 1251/1504/1226 1248/1505/1227
f 1253/1506/1228 1251/1504/1226 1250/1503/1225
f 1188/1414/1167 1250/1503/1225 1187/1405/1162
f 1188/1414/1167 1254/1507/1229 1253/1506/1228
f 1253/1506/1228 1255/1508/1230 1252/1509/1231
f 1257/1510/1232 1255/1508/1230 1254/1507/1229
f 1192/1422/1171 1254/1507/1229 1191/1413/1166
f 1192/1422/1171 1258/1511/1233 1257/1510/1232
f 1257/1510/1232 1259/1512/1234 1256/1513/1235
f 1261/1514/1236 1259/1512/1234 1258/1511/1233
f 1196/1430/1175 1258/1511/1233 1195/1421/1170
f 1196/1430/1175 1262/1515/1237 1261/1514/1236
f 1261/1514/1236 1263/1516/1238 1260/1517/1239
f 1265/1518/1240 1263/1516/1238 1262/1515/1237
f 1200/1438/1179 1262/1515/1237 1199/1429/1174
f 1200/1438/1179 1266/1519/1241 1265/1518/1240
f 1265/1518/1240 1267/1520/1242 1264/1521/1243
f 1269/1522/1244 1267/1520/1242 1266/1519/1241
f 1204/1446/1183 1266/1519/1241 1203/1437/1178
f 1204/1446/1183 1270/1523/1245 1269/1522/1244
f 1269/1522/1244 1271/1524/1246 1268/1525/1247
f 1273/1526/1248 1271/1524/1246 1270/1523/1245
f 1208/1454/1187 1270/1523/1245 1207/1445/1182
f 1208/1454/1187 1274/1527/1249 1273/1526/1248
f 1273/1526/1248 1275/1528/1250 1272/1529/1251
f 1277/1530/1252 1275/1528/1250 1274/1527/1249
f 1212/1463/1191 1274/1527/1249 1211/1453/1186
f 1212/1463/1191 1278/1531/1253 1277/1530/1252
f 1277/1530/1252 1279/1532/1254 1276/1533/1255
f 1281/1534/1256 1279/1532/1254 1278/1531/1253
f 1216/1471/1195 1278/1531/1253 1215/1462/1190
f 1216/1471/1195 1282/1535/1257 1281/1534/1256
f 1281/1534/1256 1283/1536/1258 1280/1537/1259
f 1220/1475/1197 1283/1536/1258 1282/1535/1257
f 1158/1349/1135 1282/1535/1257 1219/1470/1194
f 1222/1477/1199 1285/1538/1260 1284/1539/1261
f 1284/1539/1261 1287/1540/1262 1286/1541/1263
f 1289/1542/1264 1287/1540/1262 1285/1538/1260
f 1224/1481/1203 1285/1538/1260 1223/1476/1198
f 1224/1481/1203 1290/1543/1265 1289/1542/1264
f 1289/1542/1264 1291/1544/1266 1288/1545/1267
f 1293/1546/1268 1291/1544/1266 1290/1543/1265
f 1228/1485/1207 1290/1543/1265 1227/1480/1202
f 1228/1485/1207 1294/1547/1269 1293/1546/1268
f 1293/1546/1268 1295/1548/1270 1292/1549/1271
f 1297/1550/1272 1295/1548/1270 1294/1547/1269
f 1232/1489/1211 1294/1547/1269 1231/1484/1206
f 1232/1489/1211 1298/1551/1273 1297/1550/1272
f 1297/1550/1272 1299/1552/1274 1296/1553/1275
f 1301/1554/1276 1299/1552/1274 1298/1551/1273
f 1236/1493/1215 1298/1551/1273 1235/1488/1210
f 1236/1493/1215 1302/1555/1277 1301/1554/1276
f 1301/1554/1276 1303/1556/1278 1300/1557/1279
f 1305/1558/1280 1303/1556/1278 1302/1555/1277
f 1240/1497/1219 1302/1555/1277 1239/1492/1214
f 1240/1497/1219 1306/1559/1281 1305/1558/1280
f 1305/1558/1280 1307/1560/1282 1304/1561/1283
f 1309/1562/1284 1307/1560/1282 1306/1559/1281
f 1244/1501/1223 1306/1559/1281 1243/1496/1218
f 1244/1501/1223 1310/1563/1285 1309/1562/1284
f 1309/1562/1284 1311/1564/1286 1308/1565/1287
f 1313/1566/1288 1311/1564/1286 1310/1563/1285
f 1248/1505/1227 1310/1563/1285 1247/1500/1222
f 1248/1505/1227 1314/1567/1289 1313/1566/1288
f 1313/1566/1288 1315/1568/1290 1312/1569/1291
f 1317/1570/1292 1315/1568/1290 1314/1567/1289
f 1252/1509/1231 1314/1567/1289 1251/1504/1226
f 1252/1509/1231 1318/1571/1293 1317/1570/1292
f 1317/1570/1292 1319/1572/1294 1316/1573/1295
f 1321/1574/1296 1319/1572/1294 1318/1571/1293
f 1256/1513/1235 1318/1571/1293 1255/1508/1230
f 1256/1513/1235 1322/1575/1297 1321/1574/1296
f 1321/1574/1296 1323/1576/1298 1320/1577/1299
f 1325/1578/1300 1323/1576/1298 1322/1575/1297
f 1260/1517/1239 1322/1575/1297 1259/1512/1234
f 1260/1517/1239 1326/1579/1301 1325/1578/1300
f 1325/1578/1300 1327/1580/1302 1324/1581/1303
f 1329/1582/1304 1327/1580/1302 1326/1579/1301
f 1264/1521/1243 1326/1579/1301 1263/1516/1238
f 1264/1521/1243 1330/1583/1305 1329/1582/1304
f 1329/1582/1304 1331/1584/1306 1328/1585/1307
f 1333/1586/1308 1331/1584/1306 1330/1583/1305
f 1268/1525/1247 1330/1583/1305 1267/1520/1242
f 1268/1525/1247 1334/1587/1309 1333/1586/1308
f 1333/1586/1308 1335/1588/1310 1332/1589/1311
f 1337/1590/1312 1335/1588/1310 1334/1587/1309
f 1272/1529/1251 1334/1587/1309 1271/1524/1246
f 1272/1529/1251 1338/1591/1313 1337/1590/1312
f 1337/1590/1312 1339/1592/1314 1336/1593/1315
f 1341/1594/1316 1339/1592/1314 1338/1591/1313
f 1276/1533/1255 1338/1591/1313 1275/1528/1250
f 1276/1533/1255 1342/1595/1317 1341/1594/1316
f 1341/1594/1316 1343/1596/1318 1340/1597/1319
f 1345/1598/1320 1343/1596/1318 1342/1595/1317
f 1280/1537/1259 1342/1595/1317 1279/1532/1254
f 1280/1537/1259 1346/1599/1321 1345/1598/1320
f 1345/1598/1320 1347/1600/1322 1344/1601/1323
f 1284/1539/1261 1347/1600/1322 1346/1599/1321
f 1222/1477/1199 1346/1599/1321 1283/1536/1258
f 1286/1541/1263 1349/1602/1324 1348/1603/1325
f 1348/1603/1325 1351/1604/1326 1350/1605/1327
f 1353/1606/1328 1351/1604/1326 1349/1602/1324
f 1288/1545/1267 1349/1602/1324 1287/1540/1262
f 1288/1545/1267 1354/1607/1329 1353/1606/1328
f 1353/1606/1328 1355/1608/1330 1352/1609/1331
f 1357/1610/1332 1355/1608/1330 1354/1607/1329
f 1292/1549/1271 1354/1607/1329 1291/1544/1266
f 1292/1549/1271 1358/1611/1333 1357/1610/1332
f 1357/1610/1332 1359/1612/1334 1356/1613/1335
f 1361/1614/1336 1359/1612/1334 1358/1611/1333
f 1296/1553/1275 1358/1611/1333 1295/1548/1270
f 1296/1553/1275 1362/1615/1337 1361/1614/1336
f 1361/1614/1336 1363/1616/1338 1360/1617/1339
f 1365/1618/1340 1363/1616/1338 1362/1615/1337
f 1300/1557/1279 1362/1615/1337 1299/1552/1274
f 1300/1557/1279 1366/1619/1341 1365/1618/1340
f 1365/1618/1340 1367/1620/1342 1364/1621/1343
f 1369/1622/1344 1367/1620/1342 1366/1619/1341
f 1304/1561/1283 1366/1619/1341 1303/1556/1278
f 1304/1561/1283 1370/1623/1345 1369/1622/1344
f 1369/1622/1344 1371/1624/1346 1368/1625/1347
f 1373/1626/1348 1371/1624/1346 1370/1623/1345
f 1308/1565/1287 1370/1623/1345 1307/1560/1282
f 1308/1565/1287 1374/1627/1349 1373/1626/1348
f 1373/1626/1348 1375/1628/1350 1372/1629/1351
f 1377/1630/1352 1375/1628/1350 1374/1627/1349
f 1312/1569/1291 1374/1627/1349 1311/1564/1286
f 1312/1569/1291 1378/1631/1353 1377/1630/1352
f 1377/1630/1352 1379/1632/1354 1376/1633/1355
f 1381/1634/1356 1379/1632/1354 1378/1631/1353
f 1316/1573/1295 1378/1631/1353 1315/1568/1290
f 1316/1573/1295 1382/1635/1357 1381/1634/1356
f 1381/1634/1356 1383/1636/1358 1380/1637/1359
f 1385/1638/1360 1383/1636/1358 1382/1635/1357
f 1320/1577/1299 1382/1635/1357 1319/1572/1294
f 1320/1577/1299 1386/1639/1361 1385/1638/1360
f 1385/1638/1360 1387/1640/1362 1384/1641/1363
f 1389/1642/1364 1387/1640/1362 1386/1639/1361
f 1324/1581/1303 1386/1639/1361 1323/1576/1298
f 1324/1581/1303 1390/1643/1365 1389/1642/1364
f 1389/1642/1364 1391/1644/1366 1388/1645/1367
f 1393/1646/1368 1391/1644/1366 1390/1643/1365
f 1328/1585/1307 1390/1643/1365 1327/1580/1302
f 1328/1585/1307 1394/1647/1369 1393/1646/1368
f 1393/1646/1368 1395/1648/1370 1392/1649/1371
f 1397/1650/1372 1395/1648/1370 1394/1647/1369
f 1332/1589/1311 1394/1647/1369 1331/1584/1306
f 1332/1589/1311 1398/1651/1373 1397/1650/1372
f 1397/1650/1372 1399/1652/1374 1396/1653/1375
f 1401/1654/1376 1399/1652/1374 1398/1651/1373
f 1336/1593/1315 1398/1651/1373 1335/1588/1310
f 1336/1593/1315 1402/1655/1377 1401/1654/1376
f 1401/1654/1376 1403/1656/1378 1400/1657/1379
f 1405/1658/1380 1403/1656/1378 1402/1655/1377
f 1340/1597/1319 1402/1655/1377 1339/1592/1314
f 1340/1597/1319 1406/1659/1381 1405/1658/1380
f 1405/1658/1380 1407/1660/1382 1404/1661/1383
f 1409/1662/1384 1407/1660/1382 1406/1659/1381
f 1344/1601/1323 1406/1659/1381 1343/1596/1318
f 1344/1601/1323 1410/1663/1385 1409/1662/1384
f 1409/1662/1384 1411/1664/1386 1408/1665/1387
f 1348/1603/1325 1411/1664/1386 1410/1663/1385
f 1286/1541/1263 1410/1663/1385 1347/1600/1322
f 1350/1666/1327 1413/1667/1388 1412/1668/1389
f 1412/1668/1389 1415/1669/1390 1414/1670/1391
f 1417/1671/1392 1415/1669/1390 1413/1667/1388
f 1352/1672/1331 1413/1667/1388 1351/1673/1326
f 1352/1672/1331 1418/1674/1393 1417/1671/1392
f 1417/1671/1392 1419/1675/1394 1416/1676/1395
f 1421/1677/1396 1419/1675/1394 1418/1674/1393
f 1356/1678/1335 1418/1674/1393 1355/1679/1330
f 1356/1678/1335 1422/1680/1397 1421/1677/1396
f 1421/1677/1396 1423/1681/1398 1420/1682/1399
f 1425/1683/1400 1423/1681/1398 1422/1680/1397
f 1360/1684/1339 1422/1680/1397 1359/1685/1334
f 1360/1684/1339 1426/1686/1401 1425/1683/1400
f 1425/1683/1400 1427/1687/1402 1424/1688/1403
f 1429/1689/1404 1427/1687/1402 1426/1686/1401
f 1364/1690/1343 1426/1686/1401 1363/1691/1338
f 1364/1690/1343 1430/1692/1405 1429/1689/1404
f 1429/1689/1404 1431/1693/1406 1428/1694/1407
f 1433/1695/1408 1431/1693/1406 1430/1692/1405
f 1368/1696/1347 1430/1692/1405 1367/1697/1342
f 1368/1696/1347 1434/1698/1409 1433/1695/1408
f 1433/1695/1408 1435/1699/1410 1432/1700/1411
f 1437/1701/1412 1435/1699/1410 1434/1698/1409
f 1372/1702/1351 1434/1698/1409 1371/1703/1346
f 1372/1704/1351 1438/1705/1413 1437/1706/1412
f 1437/1706/1412 1439/1707/1414 1436/1708/1415
f 1441/1709/1416 1439/1707/1414 1438/1705/1413
f 1376/1710/1355 1438/1705/1413 1375/1711/1350
f 1376/1710/1355 1442/1712/1417 1441/1709/1416
f 1441/1709/1416 1443/1713/1418 1440/1714/1419
f 1445/1715/1420 1443/1713/1418 1442/1712/1417
f 1380/1716/1359 1442/1712/1417 1379/1717/1354
f 1380/1716/1359 1446/1718/1421 1445/1715/1420
f 1445/1715/1420 1447/1719/1422 1444/1720/1423
f 1449/1721/1424 1447/1719/1422 1446/1718/1421
f 1384/1722/1363 1446/1718/1421 1383/1723/1358
f 1384/1722/1363 1450/1724/1425 1449/1721/1424
f 1449/1721/1424 1451/1725/1426 1448/1726/1427
f 1453/1727/1428 1451/1725/1426 1450/1724/1425
f 1388/1728/1367 1450/1724/1425 1387/1729/1362
f 1388/1728/1367 1454/1730/1429 1453/1727/1428
f 1453/1727/1428 1455/1731/1430 1452/1732/1431
f 1457/1733/1432 1455/1731/1430 1454/1730/1429
f 1392/1734/1371 1454/1730/1429 1391/1735/1366
f 1392/1734/1371 1458/1736/1433 1457/1733/1432
f 1457/1733/1432 1459/1737/1434 1456/1738/1435
f 1461/1739/1436 1459/1737/1434 1458/1736/1433
f 1396/1740/1375 1458/1736/1433 1395/1741/1370
f 1396/1740/1375 1462/1742/1437 1461/1739/1436
f 1461/1739/1436 1463/1743/1438 1460/1744/1439
f 1465/1745/1440 1463/1743/1438 1462/1742/1437
f 1400/1746/1379 1462/1742/1437 1399/1747/1374
f 1400/1746/1379 1466/1748/1441 1465/1745/1440
f 1465/1745/1440 1467/1749/1442 1464/1750/1443
f 1469/1751/1444 1467/1749/1442 1466/1748/1441
f 1404/1752/1383 1466/1748/1441 1403/1753/1378
f 1404/1754/1383 1470/1755/1445 1469/1756/1444
f 1469/1756/1444 1471/1757/1446 1468/1758/1447
f 1473/1759/1448 1471/1757/1446 1470/1755/1445
f 1408/1760/1387 1470/1755/1445 1407/1761/1382
f 1408/1760/1387 1474/1762/1449 1473/1759/1448
f 1473/1759/1448 1475/1763/1450 1472/1764/1451
f 1412/1668/1389 1475/1763/1450 1474/1762/1449
f 1350/1666/1327 1474/1762/1449 1411/1765/1386
f 1415/1669/1390 1476/1766/1452 1414/1670/1391
f 1477/1767/1453 1478/1768/1454 1476/1766/1452
f 1477/1767/1453 1480/1769/1455 1479/1770/1456
f 1415/1669/1390 1481/1771/1457 1477/1767/1453
f 1419/1675/1394 1481/1771/1457 1416/1676/1395
f 1482/1772/1458 1480/1769/1455 1481/1771/1457
f 1482/1772/1458 1484/1773/1459 1483/1774/1460
f 1419/1675/1394 1485/1775/1461 1482/1772/1458
f 1423/1681/1398 1485/1775/1461 1420/1682/1399
f 1486/1776/1462 1484/1773/1459 1485/1775/1461
f 1486/1776/1462 1488/1777/1463 1487/1778/1464
f 1424/1688/1403 1486/1776/1462 1423/1681/1398
f 1427/1687/1402 1489/1779/1465 1424/1688/1403
f 1490/1780/1466 1488/1777/1463 1489/1779/1465
f 1490/1780/1466 1492/1781/1467 1491/1782/1468
f 1427/1687/1402 1493/1783/1469 1490/1780/1466
f 1431/1693/1406 1493/1783/1469 1428/1694/1407
f 1494/1784/1470 1492/1781/1467 1493/1783/1469
f 1494/1784/1470 1496/1785/1471 1495/1786/1472
f 1432/1700/1411 1494/1784/1470 1431/1693/1406
f 1435/1699/1410 1497/1787/1473 1432/1700/1411
f 1498/1788/1474 1496/1785/1471 1497/1787/1473
f 1498/1788/1474 1500/1789/1475 1499/1790/1476
f 1435/1699/1410 1501/1791/1477 1498/1788/1474
f 1439/1707/1414 1501/1792/1477 1436/1708/1415
f 1502/1793/1478 1500/1794/1475 1501/1792/1477
f 1502/1793/1478 1504/1795/1479 1503/1796/1480
f 1439/1707/1414 1505/1797/1481 1502/1793/1478
f 1440/1714/1419 1506/1798/1482 1505/1797/1481
f 1506/1798/1482 1504/1795/1479 1505/1797/1481
f 1506/1798/1482 1508/1799/1483 1507/1800/1484
f 1443/1713/1418 1509/1801/1485 1506/1798/1482
f 1447/1719/1422 1509/1801/1485 1444/1720/1423
f 1510/1802/1486 1508/1799/1483 1509/1801/1485
f 1510/1802/1486 1512/1803/1487 1511/1804/1488
f 1447/1719/1422 1513/1805/1489 1510/1802/1486
f 1448/1726/1427 1514/1806/1490 1513/1805/1489
f 1514/1806/1490 1512/1803/1487 1513/1805/1489
f 1514/1806/1490 1516/1807/1491 1515/1808/1492
f 1451/1725/1426 1517/1809/1493 1514/1806/1490
f 1455/1731/1430 1517/1809/1493 1452/1732/1431
f 1518/1810/1494 1516/1807/1491 1517/1809/1493
f 1518/1810/1494 1520/1811/1495 1519/1812/1496
f 1455/1731/1430 1521/1813/1497 1518/1810/1494
f 1459/1737/1434 1521/1813/1497 1456/1738/1435
f 1522/1814/1498 1520/1811/1495 1521/1813/1497
f 1522/1814/1498 1524/1815/1499 1523/1816/1500
f 1459/1737/1434 1525/1817/1501 1522/1814/1498
f 1463/1743/1438 1525/1817/1501 1460/1744/1439
f 1526/1818/1502 1524/1815/1499 1525/1817/1501
f 1526/1818/1502 1528/1819/1503 1527/1820/1504
f 1463/1743/1438 1529/1821/1505 1526/1818/1502
f 1467/1749/1442 1529/1821/1505 1464/1750/1443
f 1530/1822/1506 1528/1819/1503 1529/1821/1505
f 1530/1822/1506 1532/1823/1507 1531/1824/1508
f 1467/1749/1442 1533/1825/1509 1530/1822/1506
f 1471/1757/1446 1533/1826/1509 1468/1758/1447
f 1534/1827/1510 1532/1828/1507 1533/1826/1509
f 1534/1827/1510 1536/1829/1511 1535/1830/1512
f 1472/1764/1451 1534/1827/1510 1471/1757/1446
f 1475/1763/1450 1537/1831/1513 1472/1764/1451
f 1538/1832/1514 1536/1829/1511 1537/1831/1513
f 1538/1832/1514 1478/1768/1454 1539/1833/1515
f 1475/1763/1450 1476/1766/1452 1538/1832/1514
f 1479/1834/1456 1540/1835/1516 1478/1836/1454
f 1541/1837/1517 1542/1838/1518 1540/1835/1516
f 1541/1837/1517 1544/1839/1519 1543/1840/1520
f 1479/1834/1456 1545/1841/1521 1541/1837/1517
f 1483/1842/1460 1545/1841/1521 1480/1843/1455
f 1546/1844/1522 1544/1839/1519 1545/1841/1521
f 1546/1844/1522 1548/1845/1523 1547/1846/1524
f 1483/1842/1460 1549/1847/1525 1546/1844/1522
f 1487/1848/1464 1549/1847/1525 1484/1849/1459
f 1550/1850/1526 1548/1845/1523 1549/1847/1525
f 1550/1850/1526 1552/1851/1527 1551/1852/1528
f 1487/1848/1464 1553/1853/1529 1550/1850/1526
f 1491/1854/1468 1553/1853/1529 1488/1855/1463
f 1554/1856/1530 1552/1851/1527 1553/1853/1529
f 1554/1856/1530 1556/1857/1531 1555/1858/1532
f 1491/1854/1468 1557/1859/1533 1554/1856/1530
f 1495/1860/1472 1557/1859/1533 1492/1861/1467
f 1558/1862/1534 1556/1857/1531 1557/1859/1533
f 1558/1862/1534 1560/1863/1535 1559/1864/1536
f 1495/1860/1472 1561/1865/1537 1558/1862/1534
f 1499/1866/1476 1561/1865/1537 1496/1867/1471
f 1562/1868/1538 1560/1863/1535 1561/1865/1537
f 1562/1868/1538 1564/1869/1539 1563/1870/1540
f 1499/1866/1476 1565/1871/1541 1562/1868/1538
f 1503/1872/1480 1565/1871/1541 1500/1873/1475
f 1566/1874/1542 1564/1869/1539 1565/1871/1541
f 1566/1874/1542 1568/1875/1543 1567/1876/1544
f 1503/1872/1480 1569/1877/1545 1566/1874/1542
f 1507/1878/1484 1569/1877/1545 1504/1879/1479
f 1570/1880/1546 1568/1875/1543 1569/1877/1545
f 1570/1880/1546 1572/1881/1547 1571/1882/1548
f 1507/1878/1484 1573/1883/1549 1570/1880/1546
f 1511/1884/1488 1573/1883/1549 1508/1885/1483
f 1574/1886/1550 1572/1881/1547 1573/1883/1549
f 1574/1886/1550 1576/1887/1551 1575/1888/1552
f 1511/1884/1488 1577/1889/1553 1574/1886/1550
f 1515/1890/1492 1577/1889/1553 1512/1891/1487
f 1578/1892/1554 1576/1887/1551 1577/1889/1553
f 1578/1892/1554 1580/1893/1555 1579/1894/1556
f 1515/1890/1492 1581/1895/1557 1578/1892/1554
f 1519/1896/1496 1581/1895/1557 1516/1897/1491
f 1582/1898/1558 1580/1893/1555 1581/1895/1557
f 1582/1898/1558 1584/1899/1559 1583/1900/1560
f 1519/1896/1496 1585/1901/1561 1582/1898/1558
f 1523/1902/1500 1585/1901/1561 1520/1903/1495
f 1586/1904/1562 1584/1899/1559 1585/1901/1561
f 1586/1904/1562 1588/1905/1563 1587/1906/1564
f 1523/1902/1500 1589/1907/1565 1586/1904/1562
f 1527/1908/1504 1589/1907/1565 1524/1909/1499
f 1590/1910/1566 1588/1905/1563 1589/1907/1565
f 1590/1910/1566 1592/1911/1567 1591/1912/1568
f 1527/1908/1504 1593/1913/1569 1590/1910/1566
f 1531/1914/1508 1593/1913/1569 1528/1915/1503
f 1594/1916/1570 1592/1911/1567 1593/1913/1569
f 1594/1916/1570 1596/1917/1571 1595/1918/1572
f 1531/1914/1508 1597/1919/1573 1594/1916/1570
f 1535/1920/1512 1597/1919/1573 1532/1921/1507
f 1598/1922/1574 1596/1917/1571 1597/1919/1573
f 1598/1922/1574 1600/1923/1575 1599/1924/1576
f 1535/1920/1512 1601/1925/1577 1598/1922/1574
f 1539/1926/1515 1601/1925/1577 1536/1927/1511
f 1602/1928/1578 1600/1923/1575 1601/1925/1577
f 1602/1928/1578 1542/1838/1518 1603/1929/1579
f 1539/1926/1515 1540/1835/1516 1602/1928/1578
f 1543/1840/1520 1604/1930/1580 1542/1838/1518
f 1605/1931/1581 1606/1932/1582 1604/1930/1580
f 1605/1931/1581 1608/1933/1583 1607/1934/1584
f 1543/1840/1520 1609/1935/1585 1605/1931/1581
f 1547/1846/1524 1609/1935/1585 1544/1839/1519
f 1610/1936/1586 1608/1933/1583 1609/1935/1585
f 1610/1936/1586 1612/1937/1587 1611/1938/1588
f 1547/1846/1524 1613/1939/1589 1610/1936/1586
f 1551/1852/1528 1613/1939/1589 1548/1845/1523
f 1614/1940/1590 1612/1937/1587 1613/1939/1589
f 1614/1940/1590 1616/1941/1591 1615/1942/1592
f 1551/1852/1528 1617/1943/1593 1614/1940/1590
f 1555/1858/1532 1617/1943/1593 1552/1851/1527
f 1618/1944/1594 1616/1941/1591 1617/1943/1593
f 1618/1944/1594 1620/1945/1595 1619/1946/1596
f 1555/1858/1532 1621/1947/1597 1618/1944/1594
f 1559/1864/1536 1621/1947/1597 1556/1857/1531
f 1622/1948/1598 1620/1945/1595 1621/1947/1597
f 1622/1948/1598 1624/1949/1599 1623/1950/1600
f 1559/1864/1536 1625/1951/1601 1622/1948/1598
f 1563/1870/1540 1625/1951/1601 1560/1863/1535
f 1626/1952/1602 1624/1949/1599 1625/1951/1601
f 1626/1952/1602 1628/1953/1603 1627/1954/1604
f 1563/1870/1540 1629/1955/1605 1626/1952/1602
f 1567/1876/1544 1629/1955/1605 1564/1869/1539
f 1630/1956/1606 1628/1953/1603 1629/1955/1605
f 1630/1956/1606 1632/1957/1607 1631/1958/1608
f 1567/1876/1544 1633/1959/1609 1630/1956/1606
f 1571/1882/1548 1633/1959/1609 1568/1875/1543
f 1634/1960/1610 1632/1957/1607 1633/1959/1609
f 1634/1960/1610 1636/1961/1611 1635/1962/1612
f 1571/1882/1548 1637/1963/1613 1634/1960/1610
f 1575/1888/1552 1637/1963/1613 1572/1881/1547
f 1638/1964/1614 1636/1961/1611 1637/1963/1613
f 1638/1964/1614 1640/1965/1615 1639/1966/1616
f 1575/1888/1552 1641/1967/1617 1638/1964/1614
f 1579/1894/1556 1641/1967/1617 1576/1887/1551
f 1642/1968/1618 1640/1965/1615 1641/1967/1617
f 1642/1968/1618 1644/1969/1619 1643/1970/1620
f 1579/1894/1556 1645/1971/1621 1642/1968/1618
f 1583/1900/1560 1645/1971/1621 1580/1893/1555
f 1646/1972/1622 1644/1969/1619 1645/1971/1621
f 1646/1972/1622 1648/1973/1623 1647/1974/1624
f 1583/1900/1560 1649/1975/1625 1646/1972/1622
f 1587/1906/1564 1649/1975/1625 1584/1899/1559
f 1650/1976/1626 1648/1973/1623 1649/1975/1625
f 1650/1976/1626 1652/1977/1627 1651/1978/1628
f 1587/1906/1564 1653/1979/1629 1650/1976/1626
f 1591/1912/1568 1653/1979/1629 1588/1905/1563
f 1654/1980/1630 1652/1977/1627 1653/1979/1629
f 1654/1980/1630 1656/1981/1631 1655/1982/1632
f 1591/1912/1568 1657/1983/1633 1654/1980/1630
f 1595/1918/1572 1657/1983/1633 1592/1911/1567
f 1658/1984/1634 1656/1981/1631 1657/1983/1633
f 1658/1984/1634 1660/1985/1635 1659/1986/1636
f 1595/1918/1572 1661/1987/1637 1658/1984/1634
f 1599/1924/1576 1661/1987/1637 1596/1917/1571
f 1662/1988/1638 1660/1985/1635 1661/1987/1637
f 1662/1988/1638 1664/1989/1639 1663/1990/1640
f 1599/1924/1576 1665/1991/1641 1662/1988/1638
f 1603/1929/1579 1665/1991/1641 1600/1923/1575
f 1666/1992/1642 1664/1989/1639 1665/1991/1641
f 1666/1992/1642 1606/1932/1582 1667/1993/1643
f 1603/1929/1579 1604/1930/1580 1666/1992/1642
f 1607/1934/1584 1668/1994/1644 1606/1932/1582
f 1669/1995/1645 1670/1996/1646 1668/1994/1644
f 1669/1995/1645 1672/1997/1647 1671/1998/1648
f 1607/1934/1584 1673/1999/1649 1669/1995/1645
f 1611/1938/1588 1673/1999/1649 1608/1933/1583
f 1674/2000/1650 1672/1997/1647 1673/1999/1649
f 1674/2000/1650 1676/2001/1651 1675/2002/1652
f 1611/1938/1588 1677/2003/1653 1674/2000/1650
f 1615/1942/1592 1677/2003/1653 1612/1937/1587
f 1678/2004/1654 1676/2001/1651 1677/2003/1653
f 1678/2004/1654 1680/2005/1655 1679/2006/1656
f 1615/1942/1592 1681/2007/1657 1678/2004/1654
f 1619/1946/1596 1681/2007/1657 1616/1941/1591
f 1682/2008/1658 1680/2005/1655 1681/2007/1657
f 1682/2008/1658 1684/2009/1659 1683/2010/1660
f 1619/1946/1596 1685/2011/1661 1682/2008/1658
f 1623/1950/1600 1685/2011/1661 1620/1945/1595
f 1686/2012/1662 1684/2009/1659 1685/2011/1661
f 1686/2012/1662 1688/2013/1663 1687/2014/1664
f 1623/1950/1600 1689/2015/1665 1686/2012/1662
f 1627/1954/1604 1689/2015/1665 1624/1949/1599
f 1690/2016/1666 1688/2013/1663 1689/2015/1665
f 1690/2016/1666 1692/2017/1667 1691/2018/1668
f 1627/1954/1604 1693/2019/1669 1690/2016/1666
f 1631/1958/1608 1693/2019/1669 1628/1953/1603
f 1694/2020/1670 1692/2017/1667 1693/2019/1669
f 1694/2020/1670 1696/2021/1671 1695/2022/1672
f 1631/1958/1608 1697/2023/1673 1694/2020/1670
f 1635/1962/1612 1697/2023/1673 1632/1957/1607
f 1698/2024/1674 1696/2021/1671 1697/2023/1673
f 1698/2024/1674 1700/2025/1675 1699/2026/1676
f 1635/1962/1612 1701/2027/1677 1698/2024/1674
f 1639/1966/1616 1701/2027/1677 1636/1961/1611
f 1702/2028/1678 1700/2025/1675 1701/2027/1677
f 1702/2028/1678 1704/2029/1679 1703/2030/1680
f 1639/1966/1616 1705/2031/1681 1702/2028/1678
f 1643/1970/1620 1705/2031/1681 1640/1965/1615
f 1706/2032/1682 1704/2029/1679 1705/2031/1681
f 1706/2032/1682 1708/2033/1683 1707/2034/1684
f 1643/1970/1620 1709/2035/1685 1706/2032/1682
f 1647/1974/1624 1709/2035/1685 1644/1969/1619
f 1710/2036/1686 1708/2033/1683 1709/2035/1685
f 1710/2036/1686 1712/2037/1687 1711/2038/1688
f 1647/1974/1624 1713/2039/1689 1710/2036/1686
f 1651/1978/1628 1713/2039/1689 1648/1973/1623
f 1714/2040/1690 1712/2037/1687 1713/2039/1689
f 1714/2040/1690 1716/2041/1691 1715/2042/1692
f 1651/1978/1628 1717/2043/1693 1714/2040/1690
f 1655/1982/1632 1717/2043/1693 1652/1977/1627
f 1718/2044/1694 1716/2041/1691 1717/2043/1693
f 1718/2044/1694 1720/2045/1695 1719/2046/1696
f 1655/1982/1632 1721/2047/1697 1718/2044/1694
f 1659/1986/1636 1721/2047/1697 1656/1981/1631
f 1722/2048/1698 1720/2045/1695 1721/2047/1697
f 1722/2048/1698 1724/2049/1699 1723/2050/1700
f 1659/1986/1636 1725/2051/1701 1722/2048/1698
f 1663/1990/1640 1725/2051/1701 1660/1985/1635
f 1726/2052/1702 1724/2049/1699 1725/2051/1701
f 1726/2052/1702 1728/2053/1703 1727/2054/1704
f 1663/1990/1640 1729/2055/1705 1726/2052/1702
f 1667/1993/1643 1729/2055/1705 1664/1989/1639
f 1730/2056/1706 1728/2053/1703 1729/2055/1705
f 1730/2056/1706 1670/1996/1646 1731/2057/1707
f 1667/1993/1643 1668/1994/1644 1730/2056/1706
f 1671/2058/1648 1732/2059/1708 1670/2060/1646
f 1733/2061/1709 1734/2062/1710 1732/2059/1708
f 1733/2061/1709 1736/2063/1711 1735/2064/1712
f 1671/2058/1648 1737/2065/1713 1733/2061/1709
f 1675/2002/1652 1737/2066/1713 1672/1997/1647
f 1738/2067/1714 1736/2063/1711 1737/2065/1713
f 1738/2067/1714 1740/2068/1715 1739/2069/1716
f 1675/2002/1652 1741/2070/1717 1738/2071/1714
f 1679/2006/1656 1741/2070/1717 1676/2001/1651
f 1742/2072/1718 1740/2068/1715 1741/2073/1717
f 1742/2072/1718 1744/2074/1719 1743/2075/1720
f 1679/2006/1656 1745/2076/1721 1742/2077/1718
f 1683/2078/1660 1745/2079/1721 1680/2080/1655
f 1746/2081/1722 1744/2074/1719 1745/2079/1721
f 1746/2081/1722 1748/2082/1723 1747/2083/1724
f 1683/2078/1660 1749/2084/1725 1746/2081/1722
f 1687/2085/1664 1749/2084/1725 1684/2086/1659
f 1750/2087/1726 1748/2082/1723 1749/2084/1725
f 1750/2087/1726 1752/2088/1727 1751/2089/1728
f 1687/2085/1664 1753/2090/1729 1750/2087/1726
f 1691/2018/1668 1753/2091/1729 1688/2013/1663
f 1754/2092/1730 1752/2088/1727 1753/2090/1729
f 1754/2092/1730 1756/2093/1731 1755/2094/1732
f 1691/2018/1668 1757/2095/1733 1754/2096/1730
f 1695/2022/1672 1757/2095/1733 1692/2017/1667
f 1758/2097/1734 1756/2098/1731 1757/2099/1733
f 1758/2097/1734 1760/2100/1735 1759/2101/1736
f 1695/2022/1672 1761/2102/1737 1758/2103/1734
f 1699/2104/1676 1761/2105/1737 1696/2106/1671
f 1762/2107/1738 1760/2100/1735 1761/2105/1737
f 1762/2107/1738 1764/2108/1739 1763/2109/1740
f 1699/2104/1676 1765/2110/1741 1762/2107/1738
f 1703/2111/1680 1765/2110/1741 1700/2112/1675
f 1766/2113/1742 1764/2108/1739 1765/2110/1741
f 1766/2113/1742 1768/2114/1743 1767/2115/1744
f 1703/2111/1680 1769/2116/1745 1766/2113/1742
f 1707/2034/1684 1769/2117/1745 1704/2029/1679
f 1770/2118/1746 1768/2114/1743 1769/2116/1745
f 1770/2118/1746 1772/2119/1747 1771/2120/1748
f 1707/2034/1684 1773/2121/1749 1770/2122/1746
f 1711/2038/1688 1773/2121/1749 1708/2033/1683
f 1774/2123/1750 1772/2119/1747 1773/2124/1749
f 1774/2123/1750 1776/2125/1751 1775/2126/1752
f 1711/2038/1688 1777/2127/1753 1774/2128/1750
f 1715/2129/1692 1777/2130/1753 1712/2131/1687
f 1778/2132/1754 1776/2125/1751 1777/2130/1753
f 1778/2132/1754 1780/2133/1755 1779/2134/1756
f 1715/2129/1692 1781/2135/1757 1778/2132/1754
f 1719/2136/1696 1781/2135/1757 1716/2137/1691
f 1782/2138/1758 1780/2133/1755 1781/2135/1757
f 1782/2138/1758 1784/2139/1759 1783/2140/1760
f 1719/2136/1696 1785/2141/1761 1782/2138/1758
f 1723/2050/1700 1785/2142/1761 1720/2045/1695
f 1786/2143/1762 1784/2139/1759 1785/2141/1761
f 1786/2143/1762 1788/2144/1763 1787/2145/1764
f 1723/2050/1700 1789/2146/1765 1786/2147/1762
f 1727/2054/1704 1789/2146/1765 1724/2049/1699
f 1790/2148/1766 1788/2149/1763 1789/2150/1765
f 1790/2148/1766 1792/2151/1767 1791/2152/1768
f 1727/2054/1704 1793/2153/1769 1790/2154/1766
f 1731/2155/1707 1793/2156/1769 1728/2157/1703
f 1794/2158/1770 1792/2151/1767 1793/2156/1769
f 1794/2158/1770 1734/2062/1710 1795/2159/1771
f 1731/2155/1707 1732/2059/1708 1794/2158/1770
f 1735/2064/1712 1796/2160/1772 1734/2062/1710
f 1796/2160/1772 1799/2161/1773 1798/2162/1774
f 1797/2163/1775 1800/2164/1776 1799/2161/1773
f 1735/2064/1712 1801/2165/1777 1797/2163/1775
f 1739/2069/1716 1801/2165/1777 1736/2063/1711
f 1801/2165/1777 1803/2166/1778 1800/2164/1776
f 1805/2167/1779 1803/2166/1778 1802/2168/1780
f 1739/2069/1716 1805/2167/1779 1802/2168/1780
f 1743/2075/1720 1805/2167/1779 1740/2068/1715
f 1806/2169/1781 1804/2170/1782 1805/2167/1779
f 1806/2169/1781 1808/2171/1783 1807/2172/1784
f 1743/2075/1720 1809/2173/1785 1806/2169/1781
f 1747/2083/1724 1809/2173/1785 1744/2074/1719
f 1810/2174/1786 1808/2171/1783 1809/2173/1785
f 1813/2175/1787 1811/2176/1788 1810/2174/1786
f 1747/2083/1724 1813/2175/1787 1810/2174/1786
f 1751/2089/1728 1813/2175/1787 1748/2082/1723
f 1813/2175/1787 1815/2177/1789 1812/2178/1790
f 1817/2179/1791 1815/2177/1789 1814/2180/1792
f 1751/2089/1728 1817/2179/1791 1814/2180/1792
f 1755/2094/1732 1817/2179/1791 1752/2088/1727
f 1818/2181/1793 1816/2182/1794 1817/2179/1791
f 1821/2183/1795 1819/2184/1796 1818/2181/1793
f 1755/2094/1732 1821/2183/1795 1818/2181/1793
f 1759/2101/1736 1821/2185/1795 1756/2098/1731
f 1821/2185/1795 1823/2186/1797 1820/2187/1798
f 1825/2188/1799 1823/2186/1797 1822/2189/1800
f 1759/2101/1736 1825/2188/1799 1822/2189/1800
f 1763/2109/1740 1825/2188/1799 1760/2100/1735
f 1826/2190/1801 1824/2191/1802 1825/2188/1799
f 1829/2192/1803 1827/2193/1804 1826/2190/1801
f 1763/2109/1740 1829/2192/1803 1826/2190/1801
f 1767/2115/1744 1829/2192/1803 1764/2108/1739
f 1830/2194/1805 1828/2195/1806 1829/2192/1803
f 1833/2196/1807 1831/2197/1808 1830/2194/1805
f 1767/2115/1744 1833/2196/1807 1830/2194/1805
f 1771/2120/1748 1833/2196/1807 1768/2114/1743
f 1833/2196/1807 1835/2198/1809 1832/2199/1810
f 1834/2200/1811 1836/2201/1812 1835/2198/1809
f 1771/2120/1748 1837/2202/1813 1834/2200/1811
f 1775/2126/1752 1837/2202/1813 1772/2119/1747
f 1837/2202/1813 1839/2203/1814 1836/2201/1812
f 1838/2204/1815 1840/2205/1816 1839/2203/1814
f 1775/2126/1752 1841/2206/1817 1838/2204/1815
f 1779/2134/1756 1841/2206/1817 1776/2125/1751
f 1841/2206/1817 1843/2207/1818 1840/2205/1816
f 1845/2208/1819 1843/2207/1818 1842/2209/1820
f 1779/2134/1756 1845/2208/1819 1842/2209/1820
f 1783/2140/1760 1845/2208/1819 1780/2133/1755
f 1845/2208/1819 1847/2210/1821 1844/2211/1822
f 1849/2212/1823 1847/2210/1821 1846/2213/1824
f 1783/2140/1760 1849/2212/1823 1846/2213/1824
f 1787/2145/1764 1849/2212/1823 1784/2139/1759
f 1850/2214/1825 1848/2215/1826 1849/2212/1823
f 1850/2214/1825 1852/2216/1827 1851/2217/1828
f 1787/2145/1764 1853/2218/1829 1850/2214/1825
f 1791/2152/1768 1853/2219/1829 1788/2149/1763
f 1853/2219/1829 1855/2220/1830 1852/2221/1827
f 1857/2222/1831 1855/2220/1830 1854/2223/1832
f 1791/2152/1768 1857/2222/1831 1854/2223/1832
f 1795/2159/1771 1857/2222/1831 1792/2151/1767
f 1857/2222/1831 1859/2224/1833 1856/2225/1834
f 1858/2226/1835 1798/2162/1774 1859/2224/1833
f 1795/2159/1771 1796/2160/1772 1858/2226/1835
f 1799/2161/1773 1860/2227/1836 1798/2162/1774
f 1861/2228/1837 1862/2229/1838 1860/2227/1836
f 1861/2228/1837 1864/2230/1839 1863/2231/1840
f 1799/2161/1773 1865/2232/1841 1861/2228/1837
f 1800/2164/1776 1866/2233/1842 1865/2232/1841
f 1866/2233/1842 1864/2230/1839 1865/2232/1841
f 1866/2233/1842 1868/2234/1843 1867/2235/1844
f 1804/2170/1782 1866/2233/1842 1803/2166/1778
f 1804/2170/1782 1870/2236/1845 1869/2237/1846
f 1870/2236/1845 1868/2234/1843 1869/2237/1846
f 1870/2236/1845 1872/2238/1847 1871/2239/1848
f 1807/2172/1784 1873/2240/1849 1870/2236/1845
f 1808/2171/1783 1874/2241/1850 1873/2240/1849
f 1874/2241/1850 1872/2238/1847 1873/2240/1849
f 1874/2241/1850 1876/2242/1851 1875/2243/1852
f 1812/2178/1790 1874/2241/1850 1811/2176/1788
f 1812/2178/1790 1878/2244/1853 1877/2245/1854
f 1878/2244/1853 1876/2242/1851 1877/2245/1854
f 1878/2244/1853 1880/2246/1855 1879/2247/1856
f 1815/2177/1789 1881/2248/1857 1878/2244/1853
f 1816/2182/1794 1882/2249/1858 1881/2248/1857
f 1882/2249/1858 1880/2246/1855 1881/2248/1857
f 1882/2249/1858 1884/2250/1859 1883/2251/1860
f 1820/2252/1798 1882/2249/1858 1819/2184/1796
f 1820/2187/1798 1886/2253/1861 1885/2254/1862
f 1886/2253/1861 1884/2255/1859 1885/2254/1862
f 1886/2253/1861 1888/2256/1863 1887/2257/1864
f 1824/2191/1802 1886/2253/1861 1823/2186/1797
f 1824/2191/1802 1890/2258/1865 1889/2259/1866
f 1890/2258/1865 1888/2256/1863 1889/2259/1866
f 1890/2258/1865 1892/2260/1867 1891/2261/1868
f 1827/2193/1804 1893/2262/1869 1890/2258/1865
f 1828/2195/1806 1894/2263/1870 1893/2262/1869
f 1894/2263/1870 1892/2260/1867 1893/2262/1869
f 1894/2263/1870 1896/2264/1871 1895/2265/1872
f 1831/2197/1808 1897/2266/1873 1894/2263/1870
f 1835/2198/1809 1897/2266/1873 1832/2199/1810
f 1898/2267/1874 1896/2264/1871 1897/2266/1873
f 1898/2267/1874 1900/2268/1875 1899/2269/1876
f 1836/2201/1812 1898/2267/1874 1835/2198/1809
f 1836/2201/1812 1902/2270/1877 1901/2271/1878
f 1902/2270/1877 1900/2268/1875 1901/2271/1878
f 1902/2270/1877 1904/2272/1879 1903/2273/1880
f 1840/2205/1816 1902/2270/1877 1839/2203/1814
f 1843/2207/1818 1905/2274/1881 1840/2205/1816
f 1906/2275/1882 1904/2272/1879 1905/2274/1881
f 1906/2275/1882 1908/2276/1883 1907/2277/1884
f 1844/2211/1822 1906/2275/1882 1843/2207/1818
f 1847/2210/1821 1909/2278/1885 1844/2211/1822
f 1910/2279/1886 1908/2276/1883 1909/2278/1885
f 1910/2279/1886 1912/2280/1887 1911/2281/1888
f 1848/2215/1826 1910/2279/1886 1847/2210/1821
f 1848/2215/1826 1914/2282/1889 1913/2283/1890
f 1914/2282/1889 1912/2280/1887 1913/2283/1890
f 1914/2282/1889 1916/2284/1891 1915/2285/1892
f 1851/2217/1828 1917/2286/1893 1914/2282/1889
f 1852/2221/1827 1918/2287/1894 1917/2288/1893
f 1918/2287/1894 1916/2289/1891 1917/2288/1893
f 1921/2290/1895 1919/2291/1896 1918/2287/1894
f 1855/2220/1830 1921/2290/1895 1918/2287/1894
f 1859/2224/1833 1921/2290/1895 1856/2225/1834
f 1922/2292/1897 1920/2293/1898 1921/2290/1895
f 1922/2292/1897 1862/2229/1838 1923/2294/1899
f 1798/2162/1774 1922/2292/1897 1859/2224/1833
f 1924/2295/1900 1926/2296/1901 1925/2297/1902
f 1925/2297/1902 1929/2298/1903 1928/2299/1904
f 1926/2296/1901 1930/2300/1905 1929/2298/1903
f 1932/2301/1906 1926/2296/1901 1927/2302/1907
f 1932/2301/1906 1933/2303/1908 1931/2304/1909
f 1933/2303/1908 1930/2300/1905 1931/2304/1909
f 1937/2305/1910 1935/2306/1911 1933/2303/1908
f 1938/2307/1912 1933/2303/1908 1934/2308/1913
f 1938/2307/1912 1939/2309/1914 1937/2305/1910
f 1937/2305/1910 1941/2310/1915 1936/2311/1916
f 1939/2309/1914 1942/2312/1917 1941/2310/1915
f 1944/2313/1918 1939/2309/1914 1940/2314/1919
f 1944/2313/1918 1945/2315/1920 1943/2316/1921
f 1943/2316/1921 1947/2317/1922 1942/2312/1917
f 1949/2318/1923 1947/2317/1922 1945/2315/1920
f 1950/2319/1924 1945/2315/1920 1946/2320/1925
f 1950/2319/1924 1951/2321/1926 1949/2318/1923
f 1949/2318/1923 1953/2322/1927 1948/2323/1928
f 1951/2321/1926 1954/2324/1929 1953/2322/1927
f 1956/2325/1930 1951/2321/1926 1952/2326/1931
f 1956/2325/1930 1957/2327/1932 1955/2328/1933
f 1955/2328/1933 1959/2329/1934 1954/2324/1929
f 1961/2330/1935 1959/2329/1934 1957/2327/1932
f 1962/2331/1936 1957/2327/1932 1958/2332/1937
f 1962/2333/1936 1963/2334/1938 1961/2335/1935
f 1963/2334/1938 1960/2336/1939 1961/2335/1935
f 1967/2337/1940 1965/2338/1941 1963/2334/1938
f 1968/2339/1942 1963/2334/1938 1964/2340/1943
f 1968/2339/1942 1969/2341/1944 1967/2337/1940
f 1969/2341/1944 1966/2342/1945 1967/2337/1940
f 1973/2343/1946 1971/2344/1947 1969/2341/1944
f 1974/2345/1948 1969/2341/1944 1970/2346/1949
f 1974/2345/1948 1975/2347/1950 1973/2343/1946
f 1973/2343/1946 1977/2348/1951 1972/2349/1952
f 1979/2350/1953 1977/2348/1951 1975/2347/1950
f 1980/2351/1954 1975/2347/1950 1976/2352/1955
f 1980/2351/1954 1981/2353/1956 1979/2350/1953
f 1979/2350/1953 1983/2354/1957 1978/2355/1958
f 1981/2353/1956 1984/2356/1959 1983/2354/1957
f 1986/2357/1960 1981/2353/1956 1982/2358/1961
f 1986/2357/1960 1987/2359/1962 1985/2360/1963
f 1987/2359/1962 1984/2356/1959 1985/2360/1963
f 1991/2361/1964 1989/2362/1965 1987/2359/1962
f 1992/2363/1966 1987/2359/1962 1988/2364/1967
f 1992/2363/1966 1993/2365/1968 1991/2361/1964
f 1993/2365/1968 1990/2366/1969 1991/2361/1964
f 1997/2367/1970 1995/2368/1971 1993/2365/1968
f 1998/2369/1972 1993/2365/1968 1994/2370/1973
f 1998/2369/1972 1999/2371/1974 1997/2367/1970
f 1997/2367/1970 2001/2372/1975 1996/2373/1976
f 2003/2374/1977 2001/2372/1975 1999/2371/1974
f 2004/2375/1978 1999/2371/1974 2000/2376/1979
f 2004/2375/1978 2005/2377/1980 2003/2374/1977
f 2005/2377/1980 2002/2378/1981 2003/2374/1977
f 2009/2379/1982 2007/2380/1983 2005/2377/1980
f 2010/2381/1984 2005/2377/1980 2006/2382/1985
f 2010/2383/1984 2011/2384/1986 2009/2385/1982
f 2009/2385/1982 2013/2386/1987 2008/2387/1988
f 2015/2388/1989 2013/2386/1987 2011/2384/1986
f 2016/2389/1990 2011/2384/1986 2012/2390/1991
f 2016/2389/1990 2017/2391/1992 2015/2388/1989
f 2015/2388/1989 2019/2392/1993 2014/2393/1994
f 1925/2297/1902 2019/2392/1993 2017/2391/1992
f 1924/2295/1900 2017/2391/1992 2018/2394/1995
f 1929/2298/1903 2020/2395/1996 1928/2299/1904
f 2021/2396/1997 2022/2397/1998 2020/2395/1996
f 2021/2396/1997 2024/2398/1999 2023/2399/2000
f 1929/2298/1903 2025/2400/2001 2021/2396/1997
f 1935/2306/1911 2025/2400/2001 1930/2300/1905
f 2026/2401/2002 2024/2398/1999 2025/2400/2001
f 2026/2401/2002 2028/2402/2003 2027/2403/2004
f 1935/2306/1911 2029/2404/2005 2026/2401/2002
f 1941/2310/1915 2029/2404/2005 1936/2311/1916
f 2030/2405/2006 2028/2402/2003 2029/2404/2005
f 2030/2405/2006 2032/2406/2007 2031/2407/2008
f 1941/2310/1915 2033/2408/2009 2030/2405/2006
f 1947/2317/1922 2033/2408/2009 1942/2312/1917
f 2034/2409/2010 2032/2406/2007 2033/2408/2009
f 2034/2409/2010 2036/2410/2011 2035/2411/2012
f 1947/2317/1922 2037/2412/2013 2034/2409/2010
f 1953/2322/1927 2037/2412/2013 1948/2323/1928
f 2038/2413/2014 2036/2410/2011 2037/2412/2013
f 2038/2413/2014 2040/2414/2015 2039/2415/2016
f 1953/2322/1927 2041/2416/2017 2038/2413/2014
f 1959/2329/1934 2041/2416/2017 1954/2324/1929
f 2042/2417/2018 2040/2414/2015 2041/2416/2017
f 2042/2417/2018 2044/2418/2019 2043/2419/2020
f 1959/2329/1934 2045/2420/2021 2042/2417/2018
f 1965/2338/1941 2045/2421/2021 1960/2336/1939
f 2046/2422/2022 2044/2423/2019 2045/2421/2021
f 2046/2422/2022 2048/2424/2023 2047/2425/2024
f 1965/2338/1941 2049/2426/2025 2046/2422/2022
f 1971/2344/1947 2049/2426/2025 1966/2342/1945
f 2050/2427/2026 2048/2424/2023 2049/2426/2025
f 2050/2427/2026 2052/2428/2027 2051/2429/2028
f 1971/2344/1947 2053/2430/2029 2050/2427/2026
f 1977/2348/1951 2053/2430/2029 1972/2349/1952
f 2054/2431/2030 2052/2428/2027 2053/2430/2029
f 2054/2431/2030 2056/2432/2031 2055/2433/2032
f 1977/2348/1951 2057/2434/2033 2054/2431/2030
f 1983/2354/1957 2057/2434/2033 1978/2355/1958
f 2058/2435/2034 2056/2432/2031 2057/2434/2033
f 2058/2435/2034 2060/2436/2035 2059/2437/2036
f 1983/2354/1957 2061/2438/2037 2058/2435/2034
f 1989/2362/1965 2061/2438/2037 1984/2356/1959
f 2062/2439/2038 2060/2436/2035 2061/2438/2037
f 2062/2439/2038 2064/2440/2039 2063/2441/2040
f 1989/2362/1965 2065/2442/2041 2062/2439/2038
f 1995/2368/1971 2065/2442/2041 1990/2366/1969
f 2066/2443/2042 2064/2440/2039 2065/2442/2041
f 2066/2443/2042 2068/2444/2043 2067/2445/2044
f 1995/2368/1971 2069/2446/2045 2066/2443/2042
f 2001/2372/1975 2069/2446/2045 1996/2373/1976
f 2070/2447/2046 2068/2444/2043 2069/2446/2045
f 2070/2447/2046 2072/2448/2047 2071/2449/2048
f 2001/2372/1975 2073/2450/2049 2070/2447/2046
f 2007/2380/1983 2073/2450/2049 2002/2378/1981
f 2074/2451/2050 2072/2448/2047 2073/2450/2049
f 2074/2451/2050 2076/2452/2051 2075/2453/2052
f 2007/2380/1983 2077/2454/2053 2074/2451/2050
f 2013/2386/1987 2077/2455/2053 2008/2387/1988
f 2078/2456/2054 2076/2457/2051 2077/2455/2053
f 2078/2456/2054 2080/2458/2055 2079/2459/2056
f 2013/2386/1987 2081/2460/2057 2078/2456/2054
f 2019/2392/1993 2081/2460/2057 2014/2393/1994
f 2082/2461/2058 2080/2458/2055 2081/2460/2057
f 2082/2461/2058 2022/2397/1998 2083/2462/2059
f 2019/2392/1993 2020/2395/1996 2082/2461/2058
f 2084/2463/2060 2086/2464/2061 2085/2465/2062
f 2085/2466/2062 2089/2467/2063 2088/2468/2064
f 2091/2469/2065 2089/2467/2063 2086/2470/2061
f 2092/2471/2066 2086/2464/2061 2087/2472/2067
f 2092/2473/2066 2093/2474/2068 2091/2469/2065
f 2091/2469/2065 2095/2475/2069 2090/2476/2070
f 2097/2477/2071 2095/2475/2069 2093/2474/2068
f 2098/2478/2072 2093/2474/2068 2094/2479/2073
f 2098/2478/2072 2099/2480/2074 2097/2477/2071
f 2097/2477/2071 2101/2481/2075 2096/2482/2076
f 2103/2483/2077 2101/2481/2075 2099/2480/2074
f 2104/2484/2078 2099/2480/2074 2100/2485/2079
f 2104/2486/2078 2105/2487/2080 2103/2488/2077
f 2103/2483/2077 2107/2489/2081 2102/2490/2082
f 2109/2491/2083 2107/2489/2081 2105/2492/2080
f 2110/2493/2084 2105/2487/2080 2106/2494/2085
f 2110/2493/2084 2111/2495/2086 2109/2496/2083
f 2109/2491/2083 2113/2497/2087 2108/2498/2088
f 2115/2499/2089 2113/2497/2087 2111/2500/2086
f 2116/2501/2090 2111/2495/2086 2112/2502/2091
f 2116/2503/2090 2117/2504/2092 2115/2499/2089
f 2115/2499/2089 2119/2505/2093 2114/2506/2094
f 2121/2507/2095 2119/2505/2093 2117/2504/2092
f 2122/2508/2096 2117/2504/2092 2118/2509/2097
f 2122/2508/2096 2123/2510/2098 2121/2507/2095
f 2121/2507/2095 2125/2511/2099 2120/2512/2100
f 2127/2513/2101 2125/2511/2099 2123/2510/2098
f 2128/2514/2102 2123/2510/2098 2124/2515/2103
f 2128/2516/2102 2129/2517/2104 2127/2518/2101
f 2127/2513/2101 2131/2519/2105 2126/2520/2106
f 2133/2521/2107 2131/2519/2105 2129/2522/2104
f 2134/2523/2108 2129/2517/2104 2130/2524/2109
f 2134/2523/2108 2135/2525/2110 2133/2526/2107
f 2133/2521/2107 2137/2527/2111 2132/2528/2112
f 2139/2529/2113 2137/2527/2111 2135/2530/2110
f 2140/2531/2114 2135/2525/2110 2136/2532/2115
f 2140/2533/2114 2141/2534/2116 2139/2529/2113
f 2139/2529/2113 2143/2535/2117 2138/2536/2118
f 2145/2537/2119 2143/2535/2117 2141/2534/2116
f 2146/2538/2120 2141/2534/2116 2142/2539/2121
f 2146/2538/2120 2147/2540/2122 2145/2537/2119
f 2145/2537/2119 2149/2541/2123 2144/2542/2124
f 2151/2543/2125 2149/2541/2123 2147/2540/2122
f 2152/2544/2126 2147/2540/2122 2148/2545/2127
f 2152/2546/2126 2153/2547/2128 2151/2548/2125
f 2151/2543/2125 2155/2549/2129 2150/2550/2130
f 2157/2551/2131 2155/2549/2129 2153/2552/2128
f 2158/2553/2132 2153/2547/2128 2154/2554/2133
f 2158/2553/2132 2159/2555/2134 2157/2556/2131
f 2157/2551/2131 2161/2557/2135 2156/2558/2136
f 2163/2559/2137 2161/2557/2135 2159/2560/2134
f 2164/2561/2138 2159/2555/2134 2160/2562/2139
f 2164/2563/2138 2165/2564/2140 2163/2559/2137
f 2163/2559/2137 2167/2565/2141 2162/2566/2142
f 2169/2567/2143 2167/2565/2141 2165/2564/2140
f 2170/2568/2144 2165/2564/2140 2166/2569/2145
f 2170/2568/2144 2171/2570/2146 2169/2567/2143
f 2169/2567/2143 2173/2571/2147 2168/2572/2148
f 2175/2573/2149 2173/2571/2147 2171/2570/2146
f 2176/2574/2150 2171/2570/2146 2172/2575/2151
f 2176/2576/2150 2177/2577/2152 2175/2578/2149
f 2175/2573/2149 2179/2579/2153 2174/2580/2154
f 2085/2466/2062 2179/2579/2153 2177/2581/2152
f 2084/2463/2060 2177/2577/2152 2178/2582/2155
f 2088/2468/2064 2181/2583/2156 2180/2584/2157
f 2180/2584/2157 2183/2585/2158 2182/2586/2159
f 2185/2587/2160 2183/2585/2158 2181/2583/2156
f 2090/2476/2070 2181/2583/2156 2089/2467/2063
f 2090/2476/2070 2186/2588/2161 2185/2587/2160
f 2185/2587/2160 2187/2589/2162 2184/2590/2163
f 2189/2591/2164 2187/2589/2162 2186/2588/2161
f 2096/2482/2076 2186/2588/2161 2095/2475/2069
f 2096/2482/2076 2190/2592/2165 2189/2591/2164
f 2189/2591/2164 2191/2593/2166 2188/2594/2167
f 2193/2595/2168 2191/2593/2166 2190/2592/2165
f 2102/2490/2082 2190/2592/2165 2101/2481/2075
f 2102/2490/2082 2194/2596/2169 2193/2595/2168
f 2193/2595/2168 2195/2597/2170 2192/2598/2171
f 2197/2599/2172 2195/2597/2170 2194/2596/2169
f 2108/2498/2088 2194/2596/2169 2107/2489/2081
f 2108/2498/2088 2198/2600/2173 2197/2599/2172
f 2197/2599/2172 2199/2601/2174 2196/2602/2175
f 2201/2603/2176 2199/2601/2174 2198/2600/2173
f 2114/2506/2094 2198/2600/2173 2113/2497/2087
f 2114/2506/2094 2202/2604/2177 2201/2603/2176
f 2201/2603/2176 2203/2605/2178 2200/2606/2179
f 2205/2607/2180 2203/2605/2178 2202/2604/2177
f 2120/2512/2100 2202/2604/2177 2119/2505/2093
f 2120/2512/2100 2206/2608/2181 2205/2607/2180
f 2205/2607/2180 2207/2609/2182 2204/2610/2183
f 2209/2611/2184 2207/2609/2182 2206/2608/2181
f 2126/2520/2106 2206/2608/2181 2125/2511/2099
f 2126/2520/2106 2210/2612/2185 2209/2611/2184
f 2209/2611/2184 2211/2613/2186 2208/2614/2187
f 2213/2615/2188 2211/2613/2186 2210/2612/2185
f 2132/2528/2112 2210/2612/2185 2131/2519/2105
f 2132/2528/2112 2214/2616/2189 2213/2615/2188
f 2213/2615/2188 2215/2617/2190 2212/2618/2191
f 2217/2619/2192 2215/2617/2190 2214/2616/2189
f 2138/2536/2118 2214/2616/2189 2137/2527/2111
f 2138/2536/2118 2218/2620/2193 2217/2619/2192
f 2217/2619/2192 2219/2621/2194 2216/2622/2195
f 2221/2623/2196 2219/2621/2194 2218/2620/2193
f 2144/2542/2124 2218/2620/2193 2143/2535/2117
f 2144/2542/2124 2222/2624/2197 2221/2623/2196
f 2221/2623/2196 2223/2625/2198 2220/2626/2199
f 2225/2627/2200 2223/2625/2198 2222/2624/2197
f 2150/2550/2130 2222/2624/2197 2149/2541/2123
f 2150/2550/2130 2226/2628/2201 2225/2627/2200
f 2225/2627/2200 2227/2629/2202 2224/2630/2203
f 2229/2631/2204 2227/2629/2202 2226/2628/2201
f 2156/2558/2136 2226/2628/2201 2155/2549/2129
f 2156/2558/2136 2230/2632/2205 2229/2631/2204
f 2229/2631/2204 2231/2633/2206 2228/2634/2207
f 2233/2635/2208 2231/2633/2206 2230/2632/2205
f 2162/2566/2142 2230/2632/2205 2161/2557/2135
f 2162/2566/2142 2234/2636/2209 2233/2635/2208
f 2233/2635/2208 2235/2637/2210 2232/2638/2211
f 2237/2639/2212 2235/2637/2210 2234/2636/2209
f 2168/2572/2148 2234/2636/2209 2167/2565/2141
f 2168/2572/2148 2238/2640/2213 2237/2639/2212
f 2237/2639/2212 2239/2641/2214 2236/2642/2215
f 2241/2643/2216 2239/2641/2214 2238/2640/2213
f 2174/2580/2154 2238/2640/2213 2173/2571/2147
f 2174/2580/2154 2242/2644/2217 2241/2643/2216
f 2241/2643/2216 2243/2645/2218 2240/2646/2219
f 2180/2584/2157 2243/2645/2218 2242/2644/2217
f 2088/2468/2064 2242/2644/2217 2179/2579/2153
f 2182/2647/2159 2245/2648/2220 2244/2649/2221
f 2244/2649/2221 2247/2650/2222 2246/2651/2223
f 2249/2652/2224 2247/2650/2222 2245/2648/2220
f 2184/2653/2163 2245/2648/2220 2183/2654/2158
f 2184/2653/2163 2250/2655/2225 2249/2652/2224
f 2249/2652/2224 2251/2656/2226 2248/2657/2227
f 2253/2658/2228 2251/2656/2226 2250/2655/2225
f 2188/2659/2167 2250/2655/2225 2187/2660/2162
f 2188/2659/2167 2254/2661/2229 2253/2658/2228
f 2253/2658/2228 2255/2662/2230 2252/2663/2231
f 2257/2664/2232 2255/2662/2230 2254/2661/2229
f 2192/2665/2171 2254/2661/2229 2191/2666/2166
f 2192/2665/2171 2258/2667/2233 2257/2664/2232
f 2257/2664/2232 2259/2668/2234 2256/2669/2235
f 2261/2670/2236 2259/2668/2234 2258/2667/2233
f 2196/2671/2175 2258/2667/2233 2195/2672/2170
f 2196/2671/2175 2262/2673/2237 2261/2670/2236
f 2261/2670/2236 2263/2674/2238 2260/2675/2239
f 2265/2676/2240 2263/2674/2238 2262/2673/2237
f 2200/2677/2179 2262/2673/2237 2199/2678/2174
f 2200/2677/2179 2266/2679/2241 2265/2676/2240
f 2265/2676/2240 2267/2680/2242 2264/2681/2243
f 2269/2682/2244 2267/2680/2242 2266/2679/2241
f 2204/2683/2183 2266/2679/2241 2203/2684/2178
f 2204/2685/2183 2270/2686/2245 2269/2687/2244
f 2269/2687/2244 2271/2688/2246 2268/2689/2247
f 2273/2690/2248 2271/2688/2246 2270/2686/2245
f 2208/2691/2187 2270/2686/2245 2207/2692/2182
f 2208/2691/2187 2274/2693/2249 2273/2690/2248
f 2273/2690/2248 2275/2694/2250 2272/2695/2251
f 2277/2696/2252 2275/2694/2250 2274/2693/2249
f 2212/2697/2191 2274/2693/2249 2211/2698/2186
f 2212/2697/2191 2278/2699/2253 2277/2696/2252
f 2277/2696/2252 2279/2700/2254 2276/2701/2255
f 2281/2702/2256 2279/2700/2254 2278/2699/2253
f 2216/2703/2195 2278/2699/2253 2215/2704/2190
f 2216/2703/2195 2282/2705/2257 2281/2702/2256
f 2281/2702/2256 2283/2706/2258 2280/2707/2259
f 2285/2708/2260 2283/2706/2258 2282/2705/2257
f 2220/2709/2199 2282/2705/2257 2219/2710/2194
f 2220/2709/2199 2286/2711/2261 2285/2708/2260
f 2285/2708/2260 2287/2712/2262 2284/2713/2263
f 2289/2714/2264 2287/2712/2262 2286/2711/2261
f 2224/2715/2203 2286/2711/2261 2223/2716/2198
f 2224/2715/2203 2290/2717/2265 2289/2714/2264
f 2289/2714/2264 2291/2718/2266 2288/2719/2267
f 2293/2720/2268 2291/2718/2266 2290/2717/2265
f 2228/2721/2207 2290/2717/2265 2227/2722/2202
f 2228/2721/2207 2294/2723/2269 2293/2720/2268
f 2293/2720/2268 2295/2724/2270 2292/2725/2271
f 2297/2726/2272 2295/2724/2270 2294/2723/2269
f 2232/2727/2211 2294/2723/2269 2231/2728/2206
f 2232/2727/2211 2298/2729/2273 2297/2726/2272
f 2297/2726/2272 2299/2730/2274 2296/2731/2275
f 2301/2732/2276 2299/2730/2274 2298/2729/2273
f 2236/2733/2215 2298/2729/2273 2235/2734/2210
f 2236/2735/2215 2302/2736/2277 2301/2737/2276
f 2301/2737/2276 2303/2738/2278 2300/2739/2279
f 2305/2740/2280 2303/2738/2278 2302/2736/2277
f 2240/2741/2219 2302/2736/2277 2239/2742/2214
f 2240/2741/2219 2306/2743/2281 2305/2740/2280
f 2305/2740/2280 2307/2744/2282 2304/2745/2283
f 2244/2649/2221 2307/2744/2282 2306/2743/2281
f 2182/2647/2159 2306/2743/2281 2243/2746/2218
f 2246/2651/2223 2309/2747/2284 2308/2748/2285
f 2308/2748/2285 2311/2749/2286 2310/2750/2287
f 2309/2747/2284 2312/2751/2288 2311/2749/2286
f 2247/2650/2222 2313/2752/2289 2309/2747/2284
f 2248/2657/2227 2314/2753/2290 2313/2752/2289
f 2313/2752/2289 2315/2754/2291 2312/2751/2288
f 2314/2753/2290 2316/2755/2292 2315/2754/2291
f 2251/2656/2226 2317/2756/2293 2314/2753/2290
f 2252/2663/2231 2318/2757/2294 2317/2756/2293
f 2317/2756/2293 2319/2758/2295 2316/2755/2292
f 2318/2757/2294 2320/2759/2296 2319/2758/2295
f 2255/2662/2230 2321/2760/2297 2318/2757/2294
f 2256/2669/2235 2322/2761/2298 2321/2760/2297
f 2321/2760/2297 2323/2762/2299 2320/2759/2296
f 2322/2761/2298 2324/2763/2300 2323/2762/2299
f 2259/2668/2234 2325/2764/2301 2322/2761/2298
f 2260/2675/2239 2326/2765/2302 2325/2764/2301
f 2325/2764/2301 2327/2766/2303 2324/2763/2300
f 2326/2765/2302 2328/2767/2304 2327/2766/2303
f 2263/2674/2238 2329/2768/2305 2326/2765/2302
f 2264/2681/2243 2330/2769/2306 2329/2768/2305
f 2329/2768/2305 2331/2770/2307 2328/2767/2304
f 2330/2769/2306 2332/2771/2308 2331/2770/2307
f 2267/2680/2242 2333/2772/2309 2330/2769/2306
f 2268/2689/2247 2334/2773/2310 2333/2774/2309
f 2333/2774/2309 2335/2775/2311 2332/2776/2308
f 2334/2773/2310 2336/2777/2312 2335/2775/2311
f 2271/2688/2246 2337/2778/2313 2334/2773/2310
f 2272/2695/2251 2338/2779/2314 2337/2778/2313
f 2337/2778/2313 2339/2780/2315 2336/2777/2312
f 2338/2779/2314 2340/2781/2316 2339/2780/2315
f 2275/2694/2250 2341/2782/2317 2338/2779/2314
f 2276/2701/2255 2342/2783/2318 2341/2782/2317
f 2341/2782/2317 2343/2784/2319 2340/2781/2316
f 2342/2783/2318 2344/2785/2320 2343/2784/2319
f 2279/2700/2254 2345/2786/2321 2342/2783/2318
f 2280/2707/2259 2346/2787/2322 2345/2786/2321
f 2345/2786/2321 2347/2788/2323 2344/2785/2320
f 2346/2787/2322 2348/2789/2324 2347/2788/2323
f 2283/2706/2258 2349/2790/2325 2346/2787/2322
f 2284/2713/2263 2350/2791/2326 2349/2790/2325
f 2349/2790/2325 2351/2792/2327 2348/2789/2324
f 2350/2791/2326 2352/2793/2328 2351/2792/2327
f 2287/2712/2262 2353/2794/2329 2350/2791/2326
f 2288/2719/2267 2354/2795/2330 2353/2794/2329
f 2353/2794/2329 2355/2796/2331 2352/2793/2328
f 2354/2795/2330 2356/2797/2332 2355/2796/2331
f 2291/2718/2266 2357/2798/2333 2354/2795/2330
f 2292/2725/2271 2358/2799/2334 2357/2798/2333
f 2357/2798/2333 2359/2800/2335 2356/2797/2332
f 2358/2799/2334 2360/2801/2336 2359/2800/2335
f 2295/2724/2270 2361/2802/2337 2358/2799/2334
f 2296/2731/2275 2362/2803/2338 2361/2802/2337
f 2361/2802/2337 2363/2804/2339 2360/2801/2336
f 2362/2803/2338 2364/2805/2340 2363/2804/2339
f 2299/2730/2274 2365/2806/2341 2362/2803/2338
f 2300/2739/2279 2366/2807/2342 2365/2808/2341
f 2365/2808/2341 2367/2809/2343 2364/2810/2340
f 2366/2807/2342 2368/2811/2344 2367/2809/2343
f 2303/2738/2278 2369/2812/2345 2366/2807/2342
f 2304/2745/2283 2370/2813/2346 2369/2812/2345
f 2369/2812/2345 2371/2814/2347 2368/2811/2344
f 2370/2813/2346 2310/2750/2287 2371/2814/2347
f 2307/2744/2282 2308/2748/2285 2370/2813/2346
f 2372/2815/2348 2374/2816/2349 2373/2817/2350
f 2373/2817/2350 2377/2818/2351 2376/2819/2352
f 2374/2816/2349 2378/2820/2353 2377/2818/2351
f 2375/2821/2354 2379/2822/2355 2374/2816/2349
f 2380/2823/2356 2381/2824/2357 2379/2822/2355
f 2379/2822/2355 2383/2825/2358 2378/2820/2353
f 2381/2824/2357 2384/2826/2359 2383/2825/2358
f 2382/2827/2360 2385/2828/2361 2381/2824/2357
f 2386/2829/2362 2387/2830/2363 2385/2828/2361
f 2385/2828/2361 2389/2831/2364 2384/2826/2359
f 2387/2830/2363 2390/2832/2365 2389/2831/2364
f 2388/2833/2366 2391/2834/2367 2387/2830/2363
f 2392/2835/2368 2393/2836/2369 2391/2834/2367
f 2391/2834/2367 2395/2837/2370 2390/2832/2365
f 2393/2836/2369 2396/2838/2371 2395/2837/2370
f 2394/2839/2372 2397/2840/2373 2393/2836/2369
f 2398/2841/2374 2399/2842/2375 2397/2840/2373
f 2397/2840/2373 2401/2843/2376 2396/2838/2371
f 2399/2842/2375 2402/2844/2377 2401/2843/2376
f 2400/2845/2378 2403/2846/2379 2399/2842/2375
f 2404/2847/2380 2405/2848/2381 2403/2846/2379
f 2403/2846/2379 2407/2849/2382 2402/2844/2377
f 2405/2848/2381 2408/2850/2383 2407/2849/2382
f 2406/2851/2384 2409/2852/2385 2405/2848/2381
f 2410/2853/2386 2411/2854/2387 2409/2852/2385
f 2409/2852/2385 2413/2855/2388 2408/2850/2383
f 2411/2854/2387 2414/2856/2389 2413/2855/2388
f 2412/2857/2390 2415/2858/2391 2411/2854/2387
f 2416/2859/2392 2417/2860/2393 2415/2858/2391
f 2415/2858/2391 2419/2861/2394 2414/2856/2389
f 2417/2860/2393 2420/2862/2395 2419/2861/2394
f 2418/2863/2396 2421/2864/2397 2417/2860/2393
f 2422/2865/2398 2423/2866/2399 2421/2864/2397
f 2421/2864/2397 2425/2867/2400 2420/2862/2395
f 2423/2866/2399 2426/2868/2401 2425/2867/2400
f 2424/2869/2402 2427/2870/2403 2423/2866/2399
f 2428/2871/2404 2429/2872/2405 2427/2870/2403
f 2427/2870/2403 2431/2873/2406 2426/2868/2401
f 2429/2872/2405 2432/2874/2407 2431/2873/2406
f 2430/2875/2408 2433/2876/2409 2429/2872/2405
f 2434/2877/2410 2435/2878/2411 2433/2876/2409
f 2433/2876/2409 2437/2879/2412 2432/2874/2407
f 2435/2878/2411 2438/2880/2413 2437/2879/2412
f 2436/2881/2414 2439/2882/2415 2435/2878/2411
f 2440/2883/2416 2441/2884/2417 2439/2882/2415
f 2439/2882/2415 2443/2885/2418 2438/2880/2413
f 2441/2884/2417 2444/2886/2419 2443/2885/2418
f 2442/2887/2420 2445/2888/2421 2441/2884/2417
f 2446/2889/2422 2447/2890/2423 2445/2888/2421
f 2445/2888/2421 2449/2891/2424 2444/2886/2419
f 2447/2890/2423 2450/2892/2425 2449/2891/2424
f 2448/2893/2426 2451/2894/2427 2447/2890/2423
f 2452/2895/2428 2453/2896/2429 2451/2894/2427
f 2451/2894/2427 2455/2897/2430 2450/2892/2425
f 2453/2896/2429 2456/2898/2431 2455/2897/2430
f 2454/2899/2432 2457/2900/2433 2453/2896/2429
f 2458/2901/2434 2459/2902/2435 2457/2900/2433
f 2457/2900/2433 2461/2903/2436 2456/2898/2431
f 2459/2902/2435 2462/2904/2437 2461/2903/2436
f 2460/2905/2438 2463/2906/2439 2459/2902/2435
f 2464/2907/2440 2465/2908/2441 2463/2906/2439
f 2463/2906/2439 2467/2909/2442 2462/2904/2437
f 2465/2908/2441 2376/2819/2352 2467/2909/2442
f 2466/2910/2443 2373/2817/2350 2465/2908/2441
f 2377/2818/2351 2468/2911/2444 2376/2819/2352
f 2469/2912/2445 2470/2913/2446 2468/2911/2444
f 2473/2914/2447 2471/2915/2448 2469/2912/2445
f 2378/2820/2353 2469/2912/2445 2377/2818/2351
f 2383/2825/2358 2473/2914/2447 2378/2820/2353
f 2474/2916/2449 2472/2917/2450 2473/2914/2447
f 2477/2918/2451 2475/2919/2452 2474/2916/2449
f 2384/2826/2359 2474/2916/2449 2383/2825/2358
f 2389/2831/2364 2477/2918/2451 2384/2826/2359
f 2478/2920/2453 2476/2921/2454 2477/2918/2451
f 2481/2922/2455 2479/2923/2456 2478/2920/2453
f 2390/2832/2365 2478/2920/2453 2389/2831/2364
f 2395/2837/2370 2481/2922/2455 2390/2832/2365
f 2482/2924/2457 2480/2925/2458 2481/2922/2455
f 2485/2926/2459 2483/2927/2460 2482/2924/2457
f 2396/2838/2371 2482/2924/2457 2395/2837/2370
f 2401/2843/2376 2485/2926/2459 2396/2838/2371
f 2486/2928/2461 2484/2929/2462 2485/2926/2459
f 2489/2930/2463 2487/2931/2464 2486/2928/2461
f 2402/2844/2377 2486/2928/2461 2401/2843/2376
f 2407/2849/2382 2489/2930/2463 2402/2844/2377
f 2490/2932/2465 2488/2933/2466 2489/2930/2463
f 2493/2934/2467 2491/2935/2468 2490/2932/2465
f 2408/2850/2383 2490/2932/2465 2407/2849/2382
f 2413/2855/2388 2493/2934/2467 2408/2850/2383
f 2494/2936/2469 2492/2937/2470 2493/2934/2467
f 2497/2938/2471 2495/2939/2472 2494/2936/2469
f 2414/2856/2389 2494/2936/2469 2413/2855/2388
f 2419/2861/2394 2497/2938/2471 2414/2856/2389
f 2498/2940/2473 2496/2941/2474 2497/2938/2471
f 2501/2942/2475 2499/2943/2476 2498/2940/2473
f 2420/2862/2395 2498/2940/2473 2419/2861/2394
f 2425/2867/2400 2501/2942/2475 2420/2862/2395
f 2502/2944/2477 2500/2945/2478 2501/2942/2475
f 2505/2946/2479 2503/2947/2480 2502/2944/2477
f 2426/2868/2401 2502/2944/2477 2425/2867/2400
f 2431/2873/2406 2505/2946/2479 2426/2868/2401
f 2506/2948/2481 2504/2949/2482 2505/2946/2479
f 2509/2950/2483 2507/2951/2484 2506/2948/2481
f 2432/2874/2407 2506/2948/2481 2431/2873/2406
f 2437/2879/2412 2509/2950/2483 2432/2874/2407
f 2510/2952/2485 2508/2953/2486 2509/2950/2483
f 2513/2954/2487 2511/2955/2488 2510/2952/2485
f 2438/2880/2413 2510/2952/2485 2437/2879/2412
f 2443/2885/2418 2513/2954/2487 2438/2880/2413
f 2514/2956/2489 2512/2957/2490 2513/2954/2487
f 2517/2958/2491 2515/2959/2492 2514/2956/2489
f 2444/2886/2419 2514/2956/2489 2443/2885/2418
f 2449/2891/2424 2517/2958/2491 2444/2886/2419
f 2518/2960/2493 2516/2961/2494 2517/2958/2491
f 2521/2962/2495 2519/2963/2496 2518/2960/2493
f 2450/2892/2425 2518/2960/2493 2449/2891/2424
f 2455/2897/2430 2521/2962/2495 2450/2892/2425
f 2522/2964/2497 2520/2965/2498 2521/2962/2495
f 2525/2966/2499 2523/2967/2500 2522/2964/2497
f 2456/2898/2431 2522/2964/2497 2455/2897/2430
f 2461/2903/2436 2525/2966/2499 2456/2898/2431
f 2526/2968/2501 2524/2969/2502 2525/2966/2499
f 2529/2970/2503 2527/2971/2504 2526/2968/2501
f 2462/2904/2437 2526/2968/2501 2461/2903/2436
f 2467/2909/2442 2529/2970/2503 2462/2904/2437
f 2530/2972/2505 2528/2973/2506 2529/2970/2503
f 2468/2911/2444 2531/2974/2507 2530/2972/2505
f 2376/2819/2352 2530/2972/2505 2467/2909/2442
f 2532/2975/2508 2534/2976/2509 2533/2977/2510
f 2533/2977/2510 2537/2978/2511 2536/2979/2512
f 2534/2976/2509 2538/2980/2513 2537/2978/2511
f 2535/2981/2514 2539/2982/2515 2534/2976/2509
f 2540/2983/2516 2541/2984/2517 2539/2982/2515
f 2539/2982/2515 2543/2985/2518 2538/2980/2513
f 2541/2984/2517 2544/2986/2519 2543/2985/2518
f 2542/2987/2520 2545/2988/2521 2541/2984/2517
f 2546/2989/2522 2547/2990/2523 2545/2988/2521
f 2545/2988/2521 2549/2991/2524 2544/2986/2519
f 2547/2990/2523 2550/2992/2525 2549/2991/2524
f 2548/2993/2526 2551/2994/2527 2547/2990/2523
f 2552/2995/2528 2553/2996/2529 2551/2994/2527
f 2551/2994/2527 2555/2997/2530 2550/2992/2525
f 2553/2996/2529 2556/2998/2531 2555/2997/2530
f 2554/2999/2532 2557/3000/2533 2553/2996/2529
f 2558/3001/2534 2559/3002/2535 2557/3000/2533
f 2557/3000/2533 2561/3003/2536 2556/2998/2531
f 2559/3002/2535 2562/3004/2537 2561/3003/2536
f 2560/3005/2538 2563/3006/2539 2559/3002/2535
f 2564/3007/2540 2565/3008/2541 2563/3006/2539
f 2563/3006/2539 2567/3009/2542 2562/3004/2537
f 2565/3008/2541 2568/3010/2543 2567/3009/2542
f 2566/3011/2544 2569/3012/2545 2565/3008/2541
f 2570/3013/2546 2571/3014/2547 2569/3012/2545
f 2569/3012/2545 2573/3015/2548 2568/3010/2543
f 2571/3014/2547 2574/3016/2549 2573/3015/2548
f 2572/3017/2550 2575/3018/2551 2571/3014/2547
f 2576/3019/2552 2577/3020/2553 2575/3018/2551
f 2575/3018/2551 2579/3021/2554 2574/3016/2549
f 2577/3020/2553 2580/3022/2555 2579/3021/2554
f 2578/3023/2556 2581/3024/2557 2577/3020/2553
f 2582/3025/2558 2583/3026/2559 2581/3024/2557
f 2581/3024/2557 2585/3027/2560 2580/3022/2555
f 2583/3026/2559 2586/3028/2561 2585/3027/2560
f 2584/3029/2562 2587/3030/2563 2583/3026/2559
f 2588/3031/2564 2589/3032/2565 2587/3030/2563
f 2587/3030/2563 2591/3033/2566 2586/3028/2561
f 2589/3032/2565 2592/3034/2567 2591/3033/2566
f 2590/3035/2568 2593/3036/2569 2589/3032/2565
f 2594/3037/2570 2595/3038/2571 2593/3036/2569
f 2593/3036/2569 2597/3039/2572 2592/3034/2567
f 2595/3038/2571 2598/3040/2573 2597/3039/2572
f 2596/3041/2574 2599/3042/2575 2595/3038/2571
f 2600/3043/2576 2601/3044/2577 2599/3042/2575
f 2599/3042/2575 2603/3045/2578 2598/3040/2573
f 2601/3044/2577 2604/3046/2579 2603/3045/2578
f 2602/3047/2580 2605/3048/2581 2601/3044/2577
f 2606/3049/2582 2607/3050/2583 2605/3048/2581
f 2605/3048/2581 2609/3051/2584 2604/3046/2579
f 2607/3050/2583 2610/3052/2585 2609/3051/2584
f 2608/3053/2586 2611/3054/2587 2607/3050/2583
f 2612/3055/2588 2613/3056/2589 2611/3054/2587
f 2611/3054/2587 2615/3057/2590 2610/3052/2585
f 2613/3056/2589 2616/3058/2591 2615/3057/2590
f 2614/3059/2592 2617/3060/2593 2613/3056/2589
f 2618/3061/2594 2619/3062/2595 2617/3060/2593
f 2617/3060/2593 2621/3063/2596 2616/3058/2591
f 2619/3062/2595 2622/3064/2597 2621/3063/2596
f 2620/3065/2598 2623/3066/2599 2619/3062/2595
f 2624/3067/2600 2625/3068/2601 2623/3066/2599
f 2623/3066/2599 2627/3069/2602 2622/3064/2597
f 2625/3068/2601 2536/2979/2512 2627/3069/2602
f 2626/3070/2603 2533/2977/2510 2625/3068/2601
f 2537/2978/2511 2628/3071/2604 2536/2979/2512
f 2629/3072/2605 2630/3073/2606 2628/3071/2604
f 2633/3074/2607 2631/3075/2608 2629/3072/2605
f 2538/2980/2513 2629/3072/2605 2537/2978/2511
f 2543/2985/2518 2633/3074/2607 2538/2980/2513
f 2634/3076/2609 2632/3077/2610 2633/3074/2607
f 2637/3078/2611 2635/3079/2612 2634/3076/2609
f 2544/2986/2519 2634/3076/2609 2543/2985/2518
f 2549/2991/2524 2637/3078/2611 2544/2986/2519
f 2638/3080/2613 2636/3081/2614 2637/3078/2611
f 2641/3082/2615 2639/3083/2616 2638/3080/2613
f 2550/2992/2525 2638/3080/2613 2549/2991/2524
f 2555/2997/2530 2641/3082/2615 2550/2992/2525
f 2642/3084/2617 2640/3085/2618 2641/3082/2615
f 2645/3086/2619 2643/3087/2620 2642/3084/2617
f 2556/2998/2531 2642/3084/2617 2555/2997/2530
f 2561/3003/2536 2645/3086/2619 2556/2998/2531
f 2646/3088/2621 2644/3089/2622 2645/3086/2619
f 2649/3090/2623 2647/3091/2624 2646/3088/2621
f 2562/3004/2537 2646/3088/2621 2561/3003/2536
f 2567/3009/2542 2649/3090/2623 2562/3004/2537
f 2650/3092/2625 2648/3093/2626 2649/3090/2623
f 2653/3094/2627 2651/3095/2628 2650/3092/2625
f 2568/3010/2543 2650/3092/2625 2567/3009/2542
f 2573/3015/2548 2653/3094/2627 2568/3010/2543
f 2654/3096/2629 2652/3097/2630 2653/3094/2627
f 2657/3098/2631 2655/3099/2632 2654/3096/2629
f 2574/3016/2549 2654/3096/2629 2573/3015/2548
f 2579/3021/2554 2657/3098/2631 2574/3016/2549
f 2658/3100/2633 2656/3101/2634 2657/3098/2631
f 2661/3102/2635 2659/3103/2636 2658/3100/2633
f 2580/3022/2555 2658/3100/2633 2579/3021/2554
f 2585/3027/2560 2661/3102/2635 2580/3022/2555
f 2662/3104/2637 2660/3105/2638 2661/3102/2635
f 2665/3106/2639 2663/3107/2640 2662/3104/2637
f 2586/3028/2561 2662/3104/2637 2585/3027/2560
f 2591/3033/2566 2665/3106/2639 2586/3028/2561
f 2666/3108/2641 2664/3109/2642 2665/3106/2639
f 2669/3110/2643 2667/3111/2644 2666/3108/2641
f 2592/3034/2567 2666/3108/2641 2591/3033/2566
f 2597/3039/2572 2669/3110/2643 2592/3034/2567
f 2670/3112/2645 2668/3113/2646 2669/3110/2643
f 2673/3114/2647 2671/3115/2648 2670/3112/2645
f 2598/3040/2573 2670/3112/2645 2597/3039/2572
f 2603/3045/2578 2673/3114/2647 2598/3040/2573
f 2674/3116/2649 2672/3117/2650 2673/3114/2647
f 2677/3118/2651 2675/3119/2652 2674/3116/2649
f 2604/3046/2579 2674/3116/2649 2603/3045/2578
f 2609/3051/2584 2677/3118/2651 2604/3046/2579
f 2678/3120/2653 2676/3121/2654 2677/3118/2651
f 2681/3122/2655 2679/3123/2656 2678/3120/2653
f 2610/3052/2585 2678/3120/2653 2609/3051/2584
f 2615/3057/2590 2681/3122/2655 2610/3052/2585
f 2682/3124/2657 2680/3125/2658 2681/3122/2655
f 2685/3126/2659 2683/3127/2660 2682/3124/2657
f 2616/3058/2591 2682/3124/2657 2615/3057/2590
f 2621/3063/2596 2685/3126/2659 2616/3058/2591
f 2686/3128/2661 2684/3129/2662 2685/3126/2659
f 2689/3130/2663 2687/3131/2664 2686/3128/2661
f 2622/3064/2597 2686/3128/2661 2621/3063/2596
f 2627/3069/2602 2689/3130/2663 2622/3064/2597
f 2690/3132/2665 2688/3133/2666 2689/3130/2663
f 2628/3071/2604 2691/3134/2667 2690/3132/2665
f 2536/2979/2512 2690/3132/2665 2627/3069/2602
f 2631/3135/2608 2692/3136/2668 2630/3137/2606
f 2692/3136/2668 2695/3138/2669 2694/3139/2670
f 2697/3140/2671 2695/3138/2669 2693/3141/2672
f 2632/3077/2610 2693/3142/2672 2631/3075/2608
f 2635/3079/2612 2697/3143/2671 2632/3077/2610
f 2697/3143/2671 2699/3144/2673 2696/3145/2674
f 2701/3146/2675 2699/3144/2673 2698/3147/2676
f 2636/3081/2614 2698/3147/2676 2635/3079/2612
f 2639/3083/2616 2701/3146/2675 2636/3081/2614
f 2701/3146/2675 2703/3148/2677 2700/3149/2678
f 2705/3150/2679 2703/3148/2677 2702/3151/2680
f 2640/3085/2618 2702/3151/2680 2639/3083/2616
f 2643/3087/2620 2705/3150/2679 2640/3085/2618
f 2705/3152/2679 2707/3153/2681 2704/3154/2682
f 2709/3155/2683 2707/3153/2681 2706/3156/2684
f 2644/3157/2622 2706/3156/2684 2643/3158/2620
f 2647/3159/2624 2709/3155/2683 2644/3157/2622
f 2709/3155/2683 2711/3160/2685 2708/3161/2686
f 2713/3162/2687 2711/3160/2685 2710/3163/2688
f 2648/3093/2626 2710/3164/2688 2647/3091/2624
f 2651/3095/2628 2713/3165/2687 2648/3093/2626
f 2713/3165/2687 2715/3166/2689 2712/3167/2690
f 2717/3168/2691 2715/3166/2689 2714/3169/2692
f 2652/3097/2630 2714/3169/2692 2651/3095/2628
f 2655/3099/2632 2717/3168/2691 2652/3097/2630
f 2717/3168/2691 2719/3170/2693 2716/3171/2694
f 2721/3172/2695 2719/3170/2693 2718/3173/2696
f 2656/3101/2634 2718/3173/2696 2655/3099/2632
f 2659/3103/2636 2721/3172/2695 2656/3101/2634
f 2721/3174/2695 2723/3175/2697 2720/3176/2698
f 2725/3177/2699 2723/3175/2697 2722/3178/2700
f 2660/3179/2638 2722/3178/2700 2659/3180/2636
f 2663/3181/2640 2725/3177/2699 2660/3179/2638
f 2725/3177/2699 2727/3182/2701 2724/3183/2702
f 2729/3184/2703 2727/3182/2701 2726/3185/2704
f 2664/3109/2642 2726/3186/2704 2663/3107/2640
f 2667/3111/2644 2729/3187/2703 2664/3109/2642
f 2729/3187/2703 2731/3188/2705 2728/3189/2706
f 2733/3190/2707 2731/3188/2705 2730/3191/2708
f 2668/3113/2646 2730/3191/2708 2667/3111/2644
f 2671/3115/2648 2733/3190/2707 2668/3113/2646
f 2733/3190/2707 2735/3192/2709 2732/3193/2710
f 2737/3194/2711 2735/3192/2709 2734/3195/2712
f 2672/3117/2650 2734/3195/2712 2671/3115/2648
f 2675/3119/2652 2737/3194/2711 2672/3117/2650
f 2737/3196/2711 2739/3197/2713 2736/3198/2714
f 2741/3199/2715 2739/3197/2713 2738/3200/2716
f 2676/3201/2654 2738/3200/2716 2675/3202/2652
f 2679/3203/2656 2741/3199/2715 2676/3201/2654
f 2741/3199/2715 2743/3204/2717 2740/3205/2718
f 2745/3206/2719 2743/3204/2717 2742/3207/2720
f 2680/3125/2658 2742/3208/2720 2679/3123/2656
f 2683/3127/2660 2745/3209/2719 2680/3125/2658
f 2745/3209/2719 2747/3210/2721 2744/3211/2722
f 2749/3212/2723 2747/3210/2721 2746/3213/2724
f 2684/3129/2662 2746/3213/2724 2683/3127/2660
f 2687/3131/2664 2749/3212/2723 2684/3129/2662
f 2749/3212/2723 2751/3214/2725 2748/3215/2726
f 2753/3216/2727 2751/3214/2725 2750/3217/2728
f 2688/3133/2666 2750/3217/2728 2687/3131/2664
f 2691/3134/2667 2753/3216/2727 2688/3133/2666
f 2753/3218/2727 2755/3219/2729 2752/3220/2730
f 2692/3136/2668 2755/3219/2729 2754/3221/2731
f 2630/3137/2606 2754/3221/2731 2691/3222/2667
f 2694/3139/2670 2757/3223/2732 2756/3224/2733
f 2756/3224/2733 2759/3225/2734 2758/3226/2735
f 2761/3227/2736 2759/3225/2734 2757/3223/2732
f 2696/3228/2674 2757/3223/2732 2695/3138/2669
f 2696/3228/2674 2762/3229/2737 2761/3227/2736
f 2761/3227/2736 2763/3230/2738 2760/3231/2739
f 2765/3232/2740 2763/3230/2738 2762/3229/2737
f 2700/3233/2678 2762/3229/2737 2699/3234/2673
f 2700/3233/2678 2766/3235/2741 2765/3232/2740
f 2765/3232/2740 2767/3236/2742 2764/3237/2743
f 2769/3238/2744 2767/3236/2742 2766/3235/2741
f 2704/3154/2682 2766/3235/2741 2703/3239/2677
f 2704/3154/2682 2770/3240/2745 2769/3238/2744
f 2769/3238/2744 2771/3241/2746 2768/3242/2747
f 2773/3243/2748 2771/3241/2746 2770/3240/2745
f 2708/3161/2686 2770/3240/2745 2707/3153/2681
f 2708/3161/2686 2774/3244/2749 2773/3243/2748
f 2773/3243/2748 2775/3245/2750 2772/3246/2751
f 2777/3247/2752 2775/3245/2750 2774/3244/2749
f 2712/3248/2690 2774/3244/2749 2711/3160/2685
f 2712/3248/2690 2778/3249/2753 2777/3247/2752
f 2777/3247/2752 2779/3250/2754 2776/3251/2755
f 2781/3252/2756 2779/3250/2754 2778/3249/2753
f 2716/3253/2694 2778/3249/2753 2715/3254/2689
f 2716/3255/2694 2782/3256/2757 2781/3257/2756
f 2781/3257/2756 2783/3258/2758 2780/3259/2759
f 2785/3260/2760 2783/3258/2758 2782/3256/2757
f 2720/3176/2698 2782/3256/2757 2719/3261/2693
f 2720/3176/2698 2786/3262/2761 2785/3260/2760
f 2785/3260/2760 2787/3263/2762 2784/3264/2763
f 2789/3265/2764 2787/3263/2762 2786/3262/2761
f 2724/3183/2702 2786/3262/2761 2723/3175/2697
f 2724/3183/2702 2790/3266/2765 2789/3265/2764
f 2789/3265/2764 2791/3267/2766 2788/3268/2767
f 2793/3269/2768 2791/3267/2766 2790/3266/2765
f 2728/3270/2706 2790/3266/2765 2727/3182/2701
f 2728/3270/2706 2794/3271/2769 2793/3269/2768
f 2793/3269/2768 2795/3272/2770 2792/3273/2771
f 2797/3274/2772 2795/3272/2770 2794/3271/2769
f 2732/3275/2710 2794/3271/2769 2731/3276/2705
f 2732/3275/2710 2798/3277/2773 2797/3274/2772
f 2797/3274/2772 2799/3278/2774 2796/3279/2775
f 2801/3280/2776 2799/3278/2774 2798/3277/2773
f 2736/3198/2714 2798/3277/2773 2735/3281/2709
f 2736/3198/2714 2802/3282/2777 2801/3280/2776
f 2801/3280/2776 2803/3283/2778 2800/3284/2779
f 2805/3285/2780 2803/3283/2778 2802/3282/2777
f 2740/3205/2718 2802/3282/2777 2739/3197/2713
f 2740/3205/2718 2806/3286/2781 2805/3285/2780
f 2805/3285/2780 2807/3287/2782 2804/3288/2783
f 2809/3289/2784 2807/3287/2782 2806/3286/2781
f 2744/3290/2722 2806/3286/2781 2743/3204/2717
f 2744/3290/2722 2810/3291/2785 2809/3289/2784
f 2809/3289/2784 2811/3292/2786 2808/3293/2787
f 2813/3294/2788 2811/3292/2786 2810/3291/2785
f 2748/3295/2726 2810/3291/2785 2747/3296/2721
f 2748/3297/2726 2814/3298/2789 2813/3299/2788
f 2813/3299/2788 2815/3300/2790 2812/3301/2791
f 2817/3302/2792 2815/3300/2790 2814/3298/2789
f 2752/3220/2730 2814/3298/2789 2751/3303/2725
f 2752/3220/2730 2818/3304/2793 2817/3302/2792
f 2817/3302/2792 2819/3305/2794 2816/3306/2795
f 2756/3224/2733 2819/3305/2794 2818/3304/2793
f 2694/3139/2670 2818/3304/2793 2755/3219/2729
f 2758/3226/2735 2821/3307/2796 2820/3308/2797
f 2820/3308/2797 2823/3309/2798 2822/3310/2799
f 2825/3311/2800 2823/3309/2798 2821/3307/2796
f 2760/3231/2739 2821/3307/2796 2759/3225/2734
f 2760/3231/2739 2826/3312/2801 2825/3311/2800
f 2825/3311/2800 2827/3313/2802 2824/3314/2803
f 2829/3315/2804 2827/3313/2802 2826/3312/2801
f 2764/3237/2743 2826/3312/2801 2763/3230/2738
f 2764/3237/2743 2830/3316/2805 2829/3315/2804
f 2829/3315/2804 2831/3317/2806 2828/3318/2807
f 2833/3319/2808 2831/3317/2806 2830/3316/2805
f 2768/3242/2747 2830/3316/2805 2767/3236/2742
f 2768/3242/2747 2834/3320/2809 2833/3319/2808
f 2833/3319/2808 2835/3321/2810 2832/3322/2811
f 2837/3323/2812 2835/3321/2810 2834/3320/2809
f 2772/3246/2751 2834/3320/2809 2771/3241/2746
f 2772/3246/2751 2838/3324/2813 2837/3323/2812
f 2837/3323/2812 2839/3325/2814 2836/3326/2815
f 2841/3327/2816 2839/3325/2814 2838/3324/2813
f 2776/3251/2755 2838/3324/2813 2775/3245/2750
f 2776/3251/2755 2842/3328/2817 2841/3327/2816
f 2841/3327/2816 2843/3329/2818 2840/3330/2819
f 2845/3331/2820 2843/3329/2818 2842/3328/2817
f 2780/3332/2759 2842/3328/2817 2779/3250/2754
f 2780/3259/2759 2846/3333/2821 2845/3334/2820
f 2845/3334/2820 2847/3335/2822 2844/3336/2823
f 2849/3337/2824 2847/3335/2822 2846/3333/2821
f 2784/3264/2763 2846/3333/2821 2783/3258/2758
f 2784/3264/2763 2850/3338/2825 2849/3337/2824
f 2849/3337/2824 2851/3339/2826 2848/3340/2827
f 2853/3341/2828 2851/3339/2826 2850/3338/2825
f 2788/3268/2767 2850/3338/2825 2787/3263/2762
f 2788/3268/2767 2854/3342/2829 2853/3341/2828
f 2853/3341/2828 2855/3343/2830 2852/3344/2831
f 2857/3345/2832 2855/3343/2830 2854/3342/2829
f 2792/3273/2771 2854/3342/2829 2791/3267/2766
f 2792/3273/2771 2858/3346/2833 2857/3345/2832
f 2857/3345/2832 2859/3347/2834 2856/3348/2835
f 2861/3349/2836 2859/3347/2834 2858/3346/2833
f 2796/3279/2775 2858/3346/2833 2795/3272/2770
f 2796/3279/2775 2862/3350/2837 2861/3349/2836
f 2861/3349/2836 2863/3351/2838 2860/3352/2839
f 2865/3353/2840 2863/3351/2838 2862/3350/2837
f 2800/3284/2779 2862/3350/2837 2799/3278/2774
f 2800/3284/2779 2866/3354/2841 2865/3353/2840
f 2865/3353/2840 2867/3355/2842 2864/3356/2843
f 2869/3357/2844 2867/3355/2842 2866/3354/2841
f 2804/3288/2783 2866/3354/2841 2803/3283/2778
f 2804/3288/2783 2870/3358/2845 2869/3357/2844
f 2869/3357/2844 2871/3359/2846 2868/3360/2847
f 2873/3361/2848 2871/3359/2846 2870/3358/2845
f 2808/3293/2787 2870/3358/2845 2807/3287/2782
f 2808/3293/2787 2874/3362/2849 2873/3361/2848
f 2873/3361/2848 2875/3363/2850 2872/3364/2851
f 2877/3365/2852 2875/3363/2850 2874/3362/2849
f 2812/3366/2791 2874/3362/2849 2811/3292/2786
f 2812/3301/2791 2878/3367/2853 2877/3368/2852
f 2877/3368/2852 2879/3369/2854 2876/3370/2855
f 2881/3371/2856 2879/3369/2854 2878/3367/2853
f 2816/3306/2795 2878/3367/2853 2815/3300/2790
f 2816/3306/2795 2882/3372/2857 2881/3371/2856
f 2881/3371/2856 2883/3373/2858 2880/3374/2859
f 2820/3308/2797 2883/3373/2858 2882/3372/2857
f 2758/3226/2735 2882/3372/2857 2819/3305/2794
f 2822/3310/2799 2885/3375/2860 2884/3376/2861
f 2884/3376/2861 2887/3377/2862 2886/3378/2863
f 2885/3375/2860 2888/3379/2864 2887/3377/2862
f 2824/3314/2803 2885/3375/2860 2823/3309/2798
f 2824/3314/2803 2890/3380/2865 2889/3381/2866
f 2889/3381/2866 2891/3382/2867 2888/3379/2864
f 2890/3380/2865 2892/3383/2868 2891/3382/2867
f 2828/3318/2807 2890/3380/2865 2827/3313/2802
f 2828/3318/2807 2894/3384/2869 2893/3385/2870
f 2893/3385/2870 2895/3386/2871 2892/3383/2868
f 2894/3384/2869 2896/3387/2872 2895/3386/2871
f 2832/3322/2811 2894/3384/2869 2831/3317/2806
f 2832/3322/2811 2898/3388/2873 2897/3389/2874
f 2897/3389/2874 2899/3390/2875 2896/3387/2872
f 2898/3388/2873 2900/3391/2876 2899/3390/2875
f 2836/3326/2815 2898/3388/2873 2835/3321/2810
f 2836/3326/2815 2902/3392/2877 2901/3393/2878
f 2902/3392/2877 2900/3391/2876 2901/3393/2878
f 2902/3392/2877 2904/3394/2879 2903/3395/2880
f 2840/3330/2819 2902/3392/2877 2839/3325/2814
f 2840/3330/2819 2906/3396/2881 2905/3397/2882
f 2905/3397/2882 2907/3398/2883 2904/3394/2879
f 2909/3399/2884 2907/3398/2883 2906/3396/2881
f 2844/3400/2823 2906/3396/2881 2843/3329/2818
f 2844/3336/2823 2910/3401/2885 2909/3402/2884
f 2909/3402/2884 2911/3403/2886 2908/3404/2887
f 2913/3405/2888 2911/3403/2886 2910/3401/2885
f 2848/3340/2827 2910/3401/2885 2847/3335/2822
f 2848/3340/2827 2914/3406/2889 2913/3405/2888
f 2914/3406/2889 2912/3407/2890 2913/3405/2888
f 2914/3406/2889 2916/3408/2891 2915/3409/2892
f 2852/3344/2831 2914/3406/2889 2851/3339/2826
f 2852/3344/2831 2918/3410/2893 2917/3411/2894
f 2917/3411/2894 2919/3412/2895 2916/3408/2891
f 2921/3413/2896 2919/3412/2895 2918/3410/2893
f 2856/3348/2835 2918/3410/2893 2855/3343/2830
f 2856/3348/2835 2922/3414/2897 2921/3413/2896
f 2922/3414/2897 2920/3415/2898 2921/3413/2896
f 2925/3416/2899 2923/3417/2900 2922/3414/2897
f 2860/3352/2839 2922/3414/2897 2859/3347/2834
f 2860/3352/2839 2926/3418/2901 2925/3416/2899
f 2926/3418/2901 2924/3419/2902 2925/3416/2899
f 2926/3418/2901 2928/3420/2903 2927/3421/2904
f 2864/3356/2843 2926/3418/2901 2863/3351/2838
f 2864/3356/2843 2930/3422/2905 2929/3423/2906
f 2929/3423/2906 2931/3424/2907 2928/3420/2903
f 2930/3422/2905 2932/3425/2908 2931/3424/2907
f 2868/3360/2847 2930/3422/2905 2867/3355/2842
f 2868/3360/2847 2934/3426/2909 2933/3427/2910
f 2934/3426/2909 2932/3425/2908 2933/3427/2910
f 2937/3428/2911 2935/3429/2912 2934/3426/2909
f 2872/3364/2851 2934/3426/2909 2871/3359/2846
f 2872/3364/2851 2938/3430/2913 2937/3428/2911
f 2938/3430/2913 2936/3431/2914 2937/3428/2911
f 2938/3430/2913 2940/3432/2915 2939/3433/2916
f 2876/3434/2855 2938/3430/2913 2875/3363/2850
f 2876/3370/2855 2942/3435/2917 2941/3436/2918
f 2941/3436/2918 2943/3437/2919 2940/3438/2915
f 2942/3435/2917 2944/3439/2920 2943/3437/2919
f 2880/3374/2859 2942/3435/2917 2879/3369/2854
f 2880/3374/2859 2946/3440/2921 2945/3441/2922
f 2945/3441/2922 2947/3442/2923 2944/3439/2920
f 2884/3376/2861 2947/3442/2923 2946/3440/2921
f 2822/3310/2799 2946/3440/2921 2883/3373/2858
f 2951/3443/2924 2949/3444/2925 2948/3445/2926
f 2950/3446/2927 2952/3447/2928 2949/3448/2925
f 2950/3446/2927 2954/3449/2929 2953/3450/2930
f 2951/3443/2924 2955/3451/2931 2950/3452/2927
f 2958/3453/2932 2955/3451/2931 2956/3454/2933
f 2957/3455/2934 2954/3449/2929 2955/3456/2931
f 2957/3455/2934 2960/3457/2935 2959/3458/2936
f 2958/3453/2932 2961/3459/2937 2957/3460/2934
f 2964/3461/2938 2961/3459/2937 2962/3462/2939
f 2963/3463/2940 2960/3457/2935 2961/3464/2937
f 2963/3463/2940 2966/3465/2941 2965/3466/2942
f 2964/3461/2938 2967/3467/2943 2963/3468/2940
f 2970/3469/2944 2967/3467/2943 2968/3470/2945
f 2969/3471/2946 2966/3465/2941 2967/3472/2943
f 2969/3471/2946 2972/3473/2947 2971/3474/2948
f 2970/3469/2944 2973/3475/2949 2969/3476/2946
f 2976/3477/2950 2973/3475/2949 2974/3478/2951
f 2975/3479/2952 2972/3473/2947 2973/3480/2949
f 2975/3479/2952 2978/3481/2953 2977/3482/2954
f 2976/3477/2950 2979/3483/2955 2975/3484/2952
f 2982/3485/2956 2979/3483/2955 2980/3486/2957
f 2981/3487/2958 2978/3481/2953 2979/3488/2955
f 2981/3487/2958 2984/3489/2959 2983/3490/2960
f 2982/3485/2956 2985/3491/2961 2981/3492/2958
f 2988/3493/2962 2985/3491/2961 2986/3494/2963
f 2987/3495/2964 2984/3496/2959 2985/3497/2961
f 2987/3495/2964 2990/3498/2965 2989/3499/2966
f 2988/3493/2962 2991/3500/2967 2987/3501/2964
f 2994/3502/2968 2991/3500/2967 2992/3503/2969
f 2993/3504/2970 2990/3498/2965 2991/3505/2967
f 2993/3504/2970 2996/3506/2971 2995/3507/2972
f 2994/3502/2968 2997/3508/2973 2993/3509/2970
f 3000/3510/2974 2997/3508/2973 2998/3511/2975
f 2999/3512/2976 2996/3506/2971 2997/3513/2973
f 2999/3512/2976 3002/3514/2977 3001/3515/2978
f 3000/3510/2974 3003/3516/2979 2999/3517/2976
f 3006/3518/2980 3003/3516/2979 3004/3519/2981
f 3005/3520/2982 3002/3514/2977 3003/3521/2979
f 3005/3520/2982 3008/3522/2983 3007/3523/2984
f 3006/3518/2980 3009/3524/2985 3005/3525/2982
f 3012/3526/2986 3009/3524/2985 3010/3527/2987
f 3011/3528/2988 3008/3522/2983 3009/3529/2985
f 3011/3528/2988 3014/3530/2989 3013/3531/2990
f 3012/3526/2986 3015/3532/2991 3011/3533/2988
f 3018/3534/2992 3015/3532/2991 3016/3535/2993
f 3017/3536/2994 3014/3530/2989 3015/3537/2991
f 3017/3536/2994 3020/3538/2995 3019/3539/2996
f 3018/3534/2992 3021/3540/2997 3017/3541/2994
f 3024/3542/2998 3021/3540/2997 3022/3543/2999
f 3023/3544/3000 3020/3538/2995 3021/3545/2997
f 3023/3544/3000 3026/3546/3001 3025/3547/3002
f 3024/3542/2998 3027/3548/3003 3023/3549/3000
f 3030/3550/3004 3027/3548/3003 3028/3551/3005
f 3029/3552/3006 3026/3546/3001 3027/3553/3003
f 3029/3552/3006 3032/3554/3007 3031/3555/3008
f 3030/3550/3004 3033/3556/3009 3029/3557/3006
f 3036/3558/3010 3033/3556/3009 3034/3559/3011
f 3035/3560/3012 3032/3561/3007 3033/3562/3009
f 3035/3560/3012 3038/3563/3013 3037/3564/3014
f 3036/3558/3010 3039/3565/3015 3035/3566/3012
f 3042/3567/3016 3039/3565/3015 3040/3568/3017
f 3041/3569/3018 3038/3563/3013 3039/3570/3015
f 3041/3569/3018 2952/3447/2928 3043/3571/3019
f 3042/3567/3016 2949/3444/2925 3041/3572/3018
f 3044/3573/3020 3046/3574/3021 3045/3575/3022
f 3045/3575/3022 3049/3576/3023 3048/3577/3024
f 3051/3578/3025 3049/3576/3023 3046/3574/3021
f 3052/3579/3026 3046/3574/3021 3047/3580/3027
f 3052/3579/3026 3053/3581/3028 3051/3578/3025
f 3051/3578/3025 3055/3582/3029 3050/3583/3030
f 3057/3584/3031 3055/3582/3029 3053/3581/3028
f 3058/3585/3032 3053/3581/3028 3054/3586/3033
f 3058/3585/3032 3059/3587/3034 3057/3584/3031
f 3057/3584/3031 3061/3588/3035 3056/3589/3036
f 3063/3590/3037 3061/3588/3035 3059/3587/3034
f 3064/3591/3038 3059/3587/3034 3060/3592/3039
f 3064/3591/3038 3065/3593/3040 3063/3590/3037
f 3063/3590/3037 3067/3594/3041 3062/3595/3042
f 3069/3596/3043 3067/3594/3041 3065/3593/3040
f 3070/3597/3044 3065/3593/3040 3066/3598/3045
f 3070/3597/3044 3071/3599/3046 3069/3596/3043
f 3069/3596/3043 3073/3600/3047 3068/3601/3048
f 3075/3602/3049 3073/3600/3047 3071/3599/3046
f 3076/3603/3050 3071/3599/3046 3072/3604/3051
f 3076/3603/3050 3077/3605/3052 3075/3602/3049
f 3075/3602/3049 3079/3606/3053 3074/3607/3054
f 3081/3608/3055 3079/3606/3053 3077/3605/3052
f 3082/3609/3056 3077/3605/3052 3078/3610/3057
f 3082/3611/3056 3083/3612/3058 3081/3613/3055
f 3081/3613/3055 3085/3614/3059 3080/3615/3060
f 3087/3616/3061 3085/3614/3059 3083/3612/3058
f 3088/3617/3062 3083/3612/3058 3084/3618/3063
f 3088/3617/3062 3089/3619/3064 3087/3616/3061
f 3087/3616/3061 3091/3620/3065 3086/3621/3066
f 3093/3622/3067 3091/3620/3065 3089/3619/3064
f 3094/3623/3068 3089/3619/3064 3090/3624/3069
f 3094/3623/3068 3095/3625/3070 3093/3622/3067
f 3093/3622/3067 3097/3626/3071 3092/3627/3072
f 3099/3628/3073 3097/3626/3071 3095/3625/3070
f 3100/3629/3074 3095/3625/3070 3096/3630/3075
f 3100/3629/3074 3101/3631/3076 3099/3628/3073
f 3099/3628/3073 3103/3632/3077 3098/3633/3078
f 3105/3634/3079 3103/3632/3077 3101/3631/3076
f 3106/3635/3080 3101/3631/3076 3102/3636/3081
f 3106/3635/3080 3107/3637/3082 3105/3634/3079
f 3105/3634/3079 3109/3638/3083 3104/3639/3084
f 3111/3640/3085 3109/3638/3083 3107/3637/3082
f 3112/3641/3086 3107/3637/3082 3108/3642/3087
f 3112/3641/3086 3113/3643/3088 3111/3640/3085
f 3111/3640/3085 3115/3644/3089 3110/3645/3090
f 3117/3646/3091 3115/3644/3089 3113/3643/3088
f 3118/3647/3092 3113/3643/3088 3114/3648/3093
f 3118/3647/3092 3119/3649/3094 3117/3646/3091
f 3117/3646/3091 3121/3650/3095 3116/3651/3096
f 3123/3652/3097 3121/3650/3095 3119/3649/3094
f 3124/3653/3098 3119/3649/3094 3120/3654/3099
f 3124/3653/3098 3125/3655/3100 3123/3652/3097
f 3123/3652/3097 3127/3656/3101 3122/3657/3102
f 3129/3658/3103 3127/3656/3101 3125/3655/3100
f 3130/3659/3104 3125/3655/3100 3126/3660/3105
f 3130/3661/3104 3131/3662/3106 3129/3663/3103
f 3129/3663/3103 3133/3664/3107 3128/3665/3108
f 3135/3666/3109 3133/3664/3107 3131/3662/3106
f 3136/3667/3110 3131/3662/3106 3132/3668/3111
f 3136/3667/3110 3137/3669/3112 3135/3666/3109
f 3135/3666/3109 3139/3670/3113 3134/3671/3114
f 3045/3575/3022 3139/3670/3113 3137/3669/3112
f 3044/3573/3020 3137/3669/3112 3138/3672/3115
f 3143/3673/3116 3141/3674/3117 3140/3675/3118
f 3142/3676/3119 164/174/157 3141/3674/3117
f 3142/3676/3119 172/181/164 167/172/155
f 3143/3673/3116 3144/3677/3120 3142/3676/3119
f 3147/3678/3121 3144/3677/3120 3145/3679/3122
f 3146/3680/3123 172/181/164 3144/3677/3120
f 3146/3680/3123 178/187/169 174/180/163
f 3147/3678/3121 3148/3681/3124 3146/3680/3123
f 3151/3682/3125 3148/3681/3124 3149/3683/3126
f 3150/3684/3127 178/187/169 3148/3681/3124
f 3150/3684/3127 184/193/174 180/186/168
f 3151/3682/3125 3152/3685/3128 3150/3684/3127
f 3155/3686/3129 3152/3685/3128 3153/3687/3130
f 3154/3688/3131 184/193/174 3152/3685/3128
f 3154/3688/3131 190/199/179 186/192/173
f 3155/3686/3129 3156/3689/3132 3154/3688/3131
f 3159/3690/3133 3156/3689/3132 3157/3691/3134
f 3158/3692/3135 190/199/179 3156/3689/3132
f 3158/3692/3135 196/205/184 192/198/178
f 3159/3690/3133 3160/3693/3136 3158/3692/3135
f 3163/3694/3137 3160/3693/3136 3161/3695/3138
f 3162/3696/3139 196/205/184 3160/3693/3136
f 3162/3696/3139 202/211/189 198/204/183
f 3163/3694/3137 3164/3697/3140 3162/3696/3139
f 3167/3698/3141 3164/3697/3140 3165/3699/3142
f 3166/3700/3143 202/211/189 3164/3697/3140
f 3166/3700/3143 208/217/194 204/210/188
f 3167/3698/3141 3168/3701/3144 3166/3700/3143
f 3171/3702/3145 3168/3701/3144 3169/3703/3146
f 3170/3704/3147 208/217/194 3168/3701/3144
f 3170/3704/3147 214/223/199 210/216/193
f 3171/3702/3145 3172/3705/3148 3170/3704/3147
f 3175/3706/3149 3172/3705/3148 3173/3707/3150
f 3174/3708/3151 214/223/199 3172/3705/3148
f 3174/3708/3151 220/229/204 216/222/198
f 3175/3706/3149 3176/3709/3152 3174/3708/3151
f 3179/3710/3153 3176/3709/3152 3177/3711/3154
f 3178/3712/3155 220/229/204 3176/3709/3152
f 3178/3712/3155 226/235/209 222/228/203
f 3179/3710/3153 3180/3713/3156 3178/3712/3155
f 3183/3714/3157 3180/3713/3156 3181/3715/3158
f 3182/3716/3159 226/235/209 3180/3713/3156
f 3182/3716/3159 232/241/214 228/234/208
f 3183/3714/3157 3184/3717/3160 3182/3716/3159
f 3187/3718/3161 3184/3717/3160 3185/3719/3162
f 3186/3720/3163 232/241/214 3184/3717/3160
f 3186/3720/3163 238/247/219 234/240/213
f 3187/3718/3161 3188/3721/3164 3186/3720/3163
f 3191/3722/3165 3188/3721/3164 3189/3723/3166
f 3190/3724/3167 238/247/219 3188/3721/3164
f 3190/3724/3167 244/253/224 240/246/218
f 3191/3722/3165 3192/3725/3168 3190/3724/3167
f 3195/3726/3169 3192/3725/3168 3193/3727/3170
f 3194/3728/3171 244/253/224 3192/3725/3168
f 3194/3728/3171 250/259/229 246/252/223
f 3195/3726/3169 3196/3729/3172 3194/3728/3171
f 3199/3730/3173 3196/3729/3172 3197/3731/3174
f 3198/3732/3175 250/259/229 3196/3729/3172
f 3198/3732/3175 256/265/234 252/258/228
f 3199/3730/3173 3200/3733/3176 3198/3732/3175
f 3203/3734/3177 3200/3733/3176 3201/3735/3178
f 3202/3736/3179 256/265/234 3200/3733/3176
f 3202/3736/3179 164/174/157 258/264/233
f 3203/3734/3177 3141/3674/3117 3202/3736/3179
f 3207/3737/3180 3205/3738/3181 3204/3739/3182
f 3206/3740/3183 3140/3741/3118 3205/3738/3181
f 3206/3740/3183 3145/3742/3122 3143/3743/3116
f 3207/3737/3180 3208/3744/3184 3206/3740/3183
f 3211/3745/3185 3208/3744/3184 3209/3746/3186
f 3210/3747/3187 3145/3742/3122 3208/3744/3184
f 3210/3747/3187 3149/3748/3126 3147/3749/3121
f 3211/3745/3185 3212/3750/3188 3210/3747/3187
f 3215/3751/3189 3212/3750/3188 3213/3752/3190
f 3214/3753/3191 3149/3748/3126 3212/3750/3188
f 3214/3753/3191 3153/3754/3130 3151/3755/3125
f 3215/3751/3189 3216/3756/3192 3214/3753/3191
f 3219/3757/3193 3216/3756/3192 3217/3758/3194
f 3218/3759/3195 3153/3754/3130 3216/3756/3192
f 3218/3759/3195 3157/3760/3134 3155/3761/3129
f 3219/3757/3193 3220/3762/3196 3218/3759/3195
f 3223/3763/3197 3220/3762/3196 3221/3764/3198
f 3222/3765/3199 3157/3760/3134 3220/3762/3196
f 3222/3765/3199 3161/3766/3138 3159/3767/3133
f 3223/3763/3197 3224/3768/3200 3222/3765/3199
f 3227/3769/3201 3224/3768/3200 3225/3770/3202
f 3226/3771/3203 3161/3766/3138 3224/3768/3200
f 3226/3771/3203 3165/3772/3142 3163/3773/3137
f 3227/3769/3201 3228/3774/3204 3226/3771/3203
f 3231/3775/3205 3228/3776/3204 3229/3777/3206
f 3230/3778/3207 3165/3779/3142 3228/3776/3204
f 3230/3778/3207 3169/3780/3146 3167/3781/3141
f 3231/3775/3205 3232/3782/3208 3230/3778/3207
f 3235/3783/3209 3232/3782/3208 3233/3784/3210
f 3234/3785/3211 3169/3780/3146 3232/3782/3208
f 3234/3785/3211 3173/3786/3150 3171/3787/3145
f 3235/3783/3209 3236/3788/3212 3234/3785/3211
f 3239/3789/3213 3236/3788/3212 3237/3790/3214
f 3238/3791/3215 3173/3786/3150 3236/3788/3212
f 3238/3791/3215 3177/3792/3154 3175/3793/3149
f 3239/3789/3213 3240/3794/3216 3238/3791/3215
f 3243/3795/3217 3240/3794/3216 3241/3796/3218
f 3242/3797/3219 3177/3792/3154 3240/3794/3216
f 3242/3797/3219 3181/3798/3158 3179/3799/3153
f 3243/3795/3217 3244/3800/3220 3242/3797/3219
f 3247/3801/3221 3244/3800/3220 3245/3802/3222
f 3246/3803/3223 3181/3798/3158 3244/3800/3220
f 3246/3803/3223 3185/3804/3162 3183/3805/3157
f 3247/3801/3221 3248/3806/3224 3246/3803/3223
f 3251/3807/3225 3248/3806/3224 3249/3808/3226
f 3250/3809/3227 3185/3804/3162 3248/3806/3224
f 3250/3809/3227 3189/3810/3166 3187/3811/3161
f 3251/3807/3225 3252/3812/3228 3250/3809/3227
f 3255/3813/3229 3252/3812/3228 3253/3814/3230
f 3254/3815/3231 3189/3810/3166 3252/3812/3228
f 3254/3815/3231 3193/3816/3170 3191/3817/3165
f 3255/3813/3229 3256/3818/3232 3254/3815/3231
f 3259/3819/3233 3256/3818/3232 3257/3820/3234
f 3258/3821/3235 3193/3816/3170 3256/3818/3232
f 3258/3821/3235 3197/3822/3174 3195/3823/3169
f 3259/3819/3233 3260/3824/3236 3258/3821/3235
f 3263/3825/3237 3260/3826/3236 3261/3827/3238
f 3262/3828/3239 3197/3829/3174 3260/3826/3236
f 3262/3828/3239 3201/3830/3178 3199/3831/3173
f 3263/3825/3237 3264/3832/3240 3262/3828/3239
f 3267/3833/3241 3264/3832/3240 3265/3834/3242
f 3266/3835/3243 3201/3830/3178 3264/3832/3240
f 3266/3835/3243 3140/3741/3118 3203/3836/3177
f 3267/3833/3241 3205/3738/3181 3266/3835/3243
f 3268/3837/3244 3270/3838/3245 3269/3839/3246
f 3269/3839/3246 3047/3580/3027 3044/3573/3020
f 3272/3840/3247 3047/3580/3027 3270/3838/3245
f 3273/3841/3248 3270/3838/3245 3271/3842/3249
f 3273/3841/3248 3274/3843/3250 3272/3840/3247
f 3272/3840/3247 3054/3586/3033 3052/3579/3026
f 3276/3844/3251 3054/3586/3033 3274/3843/3250
f 3277/3845/3252 3274/3843/3250 3275/3846/3253
f 3277/3845/3252 3278/3847/3254 3276/3844/3251
f 3276/3844/3251 3060/3592/3039 3058/3585/3032
f 3280/3848/3255 3060/3592/3039 3278/3847/3254
f 3281/3849/3256 3278/3847/3254 3279/3850/3257
f 3281/3849/3256 3282/3851/3258 3280/3848/3255
f 3280/3848/3255 3066/3598/3045 3064/3591/3038
f 3284/3852/3259 3066/3598/3045 3282/3851/3258
f 3285/3853/3260 3282/3851/3258 3283/3854/3261
f 3285/3853/3260 3286/3855/3262 3284/3852/3259
f 3284/3852/3259 3072/3604/3051 3070/3597/3044
f 3288/3856/3263 3072/3604/3051 3286/3855/3262
f 3289/3857/3264 3286/3855/3262 3287/3858/3265
f 3289/3857/3264 3290/3859/3266 3288/3856/3263
f 3288/3856/3263 3078/3610/3057 3076/3603/3050
f 3292/3860/3267 3078/3610/3057 3290/3859/3266
f 3293/3861/3268 3290/3859/3266 3291/3862/3269
f 3293/3863/3268 3294/3864/3270 3292/3865/3267
f 3292/3865/3267 3084/3618/3063 3082/3611/3056
f 3296/3866/3271 3084/3618/3063 3294/3864/3270
f 3297/3867/3272 3294/3864/3270 3295/3868/3273
f 3297/3867/3272 3298/3869/3274 3296/3866/3271
f 3296/3866/3271 3090/3624/3069 3088/3617/3062
f 3300/3870/3275 3090/3624/3069 3298/3869/3274
f 3301/3871/3276 3298/3869/3274 3299/3872/3277
f 3301/3871/3276 3302/3873/3278 3300/3870/3275
f 3300/3870/3275 3096/3630/3075 3094/3623/3068
f 3304/3874/3279 3096/3630/3075 3302/3873/3278
f 3305/3875/3280 3302/3873/3278 3303/3876/3281
f 3305/3875/3280 3306/3877/3282 3304/3874/3279
f 3304/3874/3279 3102/3636/3081 3100/3629/3074
f 3308/3878/3283 3102/3636/3081 3306/3877/3282
f 3309/3879/3284 3306/3877/3282 3307/3880/3285
f 3309/3879/3284 3310/3881/3286 3308/3878/3283
f 3308/3878/3283 3108/3642/3087 3106/3635/3080
f 3312/3882/3287 3108/3642/3087 3310/3881/3286
f 3313/3883/3288 3310/3881/3286 3311/3884/3289
f 3313/3883/3288 3314/3885/3290 3312/3882/3287
f 3312/3882/3287 3114/3648/3093 3112/3641/3086
f 3316/3886/3291 3114/3648/3093 3314/3885/3290
f 3317/3887/3292 3314/3885/3290 3315/3888/3293
f 3317/3887/3292 3318/3889/3294 3316/3886/3291
f 3316/3886/3291 3120/3654/3099 3118/3647/3092
f 3320/3890/3295 3120/3654/3099 3318/3889/3294
f 3321/3891/3296 3318/3889/3294 3319/3892/3297
f 3321/3891/3296 3322/3893/3298 3320/3890/3295
f 3320/3890/3295 3126/3660/3105 3124/3653/3098
f 3324/3894/3299 3126/3660/3105 3322/3893/3298
f 3325/3895/3300 3322/3893/3298 3323/3896/3301
f 3325/3897/3300 3326/3898/3302 3324/3899/3299
f 3324/3899/3299 3132/3668/3111 3130/3661/3104
f 3328/3900/3303 3132/3668/3111 3326/3898/3302
f 3329/3901/3304 3326/3898/3302 3327/3902/3305
f 3329/3901/3304 3330/3903/3306 3328/3900/3303
f 3328/3900/3303 3138/3672/3115 3136/3667/3110
f 3269/3839/3246 3138/3672/3115 3330/3903/3306
f 3268/3837/3244 3330/3903/3306 3331/3904/3307
f 2952/3447/2928 3333/3905/3308 3332/3906/3309
f 3332/3907/3309 3271/3908/3249 3268/3909/3244
f 3334/3910/3310 3271/3908/3249 3333/3911/3308
f 2954/3912/2929 3333/3911/3308 2953/3913/2930
f 2954/3912/2929 3335/3914/3311 3334/3910/3310
f 3334/3910/3310 3275/3915/3253 3273/3916/3248
f 3336/3917/3312 3275/3915/3253 3335/3914/3311
f 2960/3918/2935 3335/3914/3311 2959/3919/2936
f 2960/3918/2935 3337/3920/3313 3336/3917/3312
f 3336/3917/3312 3279/3921/3257 3277/3922/3252
f 3338/3923/3314 3279/3921/3257 3337/3920/3313
f 2966/3924/2941 3337/3920/3313 2965/3925/2942
f 2966/3924/2941 3339/3926/3315 3338/3923/3314
f 3338/3923/3314 3283/3927/3261 3281/3928/3256
f 3340/3929/3316 3283/3927/3261 3339/3926/3315
f 2972/3473/2947 3339/3930/3315 2971/3474/2948
f 2972/3473/2947 3341/3931/3317 3340/3932/3316
f 3340/3929/3316 3287/3933/3265 3285/3934/3260
f 3342/3935/3318 3287/3933/3265 3341/3936/3317
f 2978/3937/2953 3341/3936/3317 2977/3938/2954
f 2978/3937/2953 3343/3939/3319 3342/3935/3318
f 3342/3935/3318 3291/3940/3269 3289/3941/3264
f 3344/3942/3320 3291/3940/3269 3343/3939/3319
f 2984/3943/2959 3343/3939/3319 2983/3944/2960
f 2984/3943/2959 3345/3945/3321 3344/3942/3320
f 3344/3942/3320 3295/3946/3273 3293/3947/3268
f 3346/3948/3322 3295/3946/3273 3345/3945/3321
f 2990/3949/2965 3345/3945/3321 2989/3950/2966
f 2990/3949/2965 3347/3951/3323 3346/3948/3322
f 3346/3948/3322 3299/3952/3277 3297/3953/3272
f 3348/3954/3324 3299/3952/3277 3347/3951/3323
f 2996/3506/2971 3347/3955/3323 2995/3507/2972
f 2996/3506/2971 3349/3956/3325 3348/3957/3324
f 3348/3954/3324 3303/3958/3281 3301/3959/3276
f 3350/3960/3326 3303/3958/3281 3349/3961/3325
f 3002/3962/2977 3349/3961/3325 3001/3963/2978
f 3002/3962/2977 3351/3964/3327 3350/3960/3326
f 3350/3960/3326 3307/3965/3285 3305/3966/3280
f 3352/3967/3328 3307/3965/3285 3351/3964/3327
f 3008/3968/2983 3351/3964/3327 3007/3969/2984
f 3008/3968/2983 3353/3970/3329 3352/3967/3328
f 3352/3967/3328 3311/3971/3289 3309/3972/3284
f 3354/3973/3330 3311/3971/3289 3353/3970/3329
f 3014/3974/2989 3353/3970/3329 3013/3975/2990
f 3014/3974/2989 3355/3976/3331 3354/3973/3330
f 3354/3973/3330 3315/3977/3293 3313/3978/3288
f 3356/3979/3332 3315/3977/3293 3355/3976/3331
f 3020/3538/2995 3355/3980/3331 3019/3539/2996
f 3020/3538/2995 3357/3981/3333 3356/3982/3332
f 3356/3979/3332 3319/3983/3297 3317/3984/3292
f 3358/3985/3334 3319/3983/3297 3357/3986/3333
f 3026/3987/3001 3357/3986/3333 3025/3988/3002
f 3026/3987/3001 3359/3989/3335 3358/3985/3334
f 3358/3985/3334 3323/3990/3301 3321/3991/3296
f 3360/3992/3336 3323/3990/3301 3359/3989/3335
f 3032/3993/3007 3359/3989/3335 3031/3994/3008
f 3032/3993/3007 3361/3995/3337 3360/3992/3336
f 3360/3992/3336 3327/3996/3305 3325/3997/3300
f 3362/3998/3338 3327/3996/3305 3361/3995/3337
f 3038/3999/3013 3361/3995/3337 3037/4000/3014
f 3038/3999/3013 3363/4001/3339 3362/3998/3338
f 3362/3998/3338 3331/4002/3307 3329/4003/3304
f 3332/3907/3309 3331/4002/3307 3363/4001/3339
f 2952/3447/2928 3363/4004/3339 3043/3571/3019
f 2887/3377/2862 3364/4005/3340 2886/3378/2863
f 3365/4006/3341 2948/4007/2926 3364/4005/3340
f 3365/4006/3341 2956/4008/2933 2951/4009/2924
f 2887/3377/2862 3366/4010/3342 3365/4006/3341
f 2891/3382/2867 3366/4010/3342 2888/3379/2864
f 3367/4011/3343 2956/4008/2933 3366/4010/3342
f 3367/4011/3343 2962/4012/2939 2958/4013/2932
f 2891/3382/2867 3368/4014/3344 3367/4011/3343
f 2895/3386/2871 3368/4014/3344 2892/3383/2868
f 3369/4015/3345 2962/4012/2939 3368/4014/3344
f 3369/4015/3345 2968/4016/2945 2964/4017/2938
f 2895/3386/2871 3370/4018/3346 3369/4015/3345
f 2899/3390/2875 3370/4018/3346 2896/3387/2872
f 3371/4019/3347 2968/4016/2945 3370/4018/3346
f 3371/4019/3347 2974/4020/2951 2970/4021/2944
f 2899/3390/2875 3372/4022/3348 3371/4019/3347
f 2903/3395/2880 3372/4022/3348 2900/3391/2876
f 3373/4023/3349 2974/4020/2951 3372/4022/3348
f 3373/4023/3349 2980/4024/2957 2976/4025/2950
f 2903/3395/2880 3374/4026/3350 3373/4023/3349
f 2907/3398/2883 3374/4026/3350 2904/3394/2879
f 3375/4027/3351 2980/4024/2957 3374/4026/3350
f 3375/4027/3351 2986/4028/2963 2982/4029/2956
f 2907/3398/2883 3376/4030/3352 3375/4027/3351
f 2911/3403/2886 3376/4031/3352 2908/3404/2887
f 3377/4032/3353 2986/4033/2963 3376/4031/3352
f 3377/4032/3353 2992/4034/2969 2988/4035/2962
f 2911/3403/2886 3378/4036/3354 3377/4032/3353
f 2915/3409/2892 3378/4036/3354 2912/3407/2890
f 3379/4037/3355 2992/4034/2969 3378/4036/3354
f 3379/4037/3355 2998/4038/2975 2994/4039/2968
f 2915/3409/2892 3380/4040/3356 3379/4037/3355
f 2919/3412/2895 3380/4040/3356 2916/3408/2891
f 3381/4041/3357 2998/4038/2975 3380/4040/3356
f 3381/4041/3357 3004/4042/2981 3000/4043/2974
f 2919/3412/2895 3382/4044/3358 3381/4041/3357
f 2923/3417/2900 3382/4044/3358 2920/3415/2898
f 3383/4045/3359 3004/4042/2981 3382/4044/3358
f 3383/4045/3359 3010/4046/2987 3006/4047/2980
f 2923/3417/2900 3384/4048/3360 3383/4045/3359
f 2927/3421/2904 3384/4048/3360 2924/3419/2902
f 3385/4049/3361 3010/4046/2987 3384/4048/3360
f 3385/4049/3361 3016/4050/2993 3012/4051/2986
f 2927/3421/2904 3386/4052/3362 3385/4049/3361
f 2931/3424/2907 3386/4052/3362 2928/3420/2903
f 3387/4053/3363 3016/4050/2993 3386/4052/3362
f 3387/4053/3363 3022/4054/2999 3018/4055/2992
f 2931/3424/2907 3388/4056/3364 3387/4053/3363
f 2935/3429/2912 3388/4056/3364 2932/3425/2908
f 3389/4057/3365 3022/4054/2999 3388/4056/3364
f 3389/4057/3365 3028/4058/3005 3024/4059/2998
f 2935/3429/2912 3390/4060/3366 3389/4057/3365
f 2939/3433/2916 3390/4060/3366 2936/3431/2914
f 3391/4061/3367 3028/4058/3005 3390/4060/3366
f 3391/4061/3367 3034/4062/3011 3030/4063/3004
f 2939/3433/2916 3392/4064/3368 3391/4061/3367
f 2943/3437/2919 3392/4065/3368 2940/3438/2915
f 3393/4066/3369 3034/4067/3011 3392/4065/3368
f 3393/4066/3369 3040/4068/3017 3036/4069/3010
f 2943/3437/2919 3394/4070/3370 3393/4066/3369
f 2947/3442/2923 3394/4070/3370 2944/3439/2920
f 3395/4071/3371 3040/4068/3017 3394/4070/3370
f 3395/4071/3371 2948/4007/2926 3042/4072/3016
f 2947/3442/2923 3364/4005/3340 3395/4071/3371
f 2471/2915/2448 3396/4073/3372 2470/2913/2446
f 3396/4073/3372 2535/2981/2514 2532/2975/2508
f 3397/4074/3373 2540/2983/2516 2535/2981/2514
f 2472/2917/2450 3397/4074/3373 2471/2915/2448
f 2475/2919/2452 3398/4075/3374 2472/2917/2450
f 3398/4075/3374 2542/2987/2520 2540/2983/2516
f 3399/4076/3375 2546/2989/2522 2542/2987/2520
f 2476/2921/2454 3399/4076/3375 2475/2919/2452
f 2479/2923/2456 3400/4077/3376 2476/2921/2454
f 3400/4077/3376 2548/2993/2526 2546/2989/2522
f 3401/4078/3377 2552/2995/2528 2548/2993/2526
f 2480/2925/2458 3401/4078/3377 2479/2923/2456
f 2483/2927/2460 3402/4079/3378 2480/2925/2458
f 3402/4079/3378 2554/2999/2532 2552/2995/2528
f 3403/4080/3379 2558/3001/2534 2554/2999/2532
f 2484/2929/2462 3403/4080/3379 2483/2927/2460
f 2487/2931/2464 3404/4081/3380 2484/2929/2462
f 3404/4081/3380 2560/3005/2538 2558/3001/2534
f 3405/4082/3381 2564/3007/2540 2560/3005/2538
f 2488/2933/2466 3405/4082/3381 2487/2931/2464
f 2491/2935/2468 3406/4083/3382 2488/2933/2466
f 3406/4083/3382 2566/3011/2544 2564/3007/2540
f 3407/4084/3383 2570/3013/2546 2566/3011/2544
f 2492/2937/2470 3407/4084/3383 2491/2935/2468
f 2495/2939/2472 3408/4085/3384 2492/2937/2470
f 3408/4085/3384 2572/3017/2550 2570/3013/2546
f 3409/4086/3385 2576/3019/2552 2572/3017/2550
f 2496/2941/2474 3409/4086/3385 2495/2939/2472
f 2499/2943/2476 3410/4087/3386 2496/2941/2474
f 3410/4087/3386 2578/3023/2556 2576/3019/2552
f 3411/4088/3387 2582/3025/2558 2578/3023/2556
f 2500/2945/2478 3411/4088/3387 2499/2943/2476
f 2503/2947/2480 3412/4089/3388 2500/2945/2478
f 3412/4089/3388 2584/3029/2562 2582/3025/2558
f 3413/4090/3389 2588/3031/2564 2584/3029/2562
f 2504/2949/2482 3413/4090/3389 2503/2947/2480
f 2507/2951/2484 3414/4091/3390 2504/2949/2482
f 3414/4091/3390 2590/3035/2568 2588/3031/2564
f 3415/4092/3391 2594/3037/2570 2590/3035/2568
f 2508/2953/2486 3415/4092/3391 2507/2951/2484
f 2511/2955/2488 3416/4093/3392 2508/2953/2486
f 3416/4093/3392 2596/3041/2574 2594/3037/2570
f 3417/4094/3393 2600/3043/2576 2596/3041/2574
f 2512/2957/2490 3417/4094/3393 2511/2955/2488
f 2515/2959/2492 3418/4095/3394 2512/2957/2490
f 3418/4095/3394 2602/3047/2580 2600/3043/2576
f 3419/4096/3395 2606/3049/2582 2602/3047/2580
f 2516/2961/2494 3419/4096/3395 2515/2959/2492
f 2519/2963/2496 3420/4097/3396 2516/2961/2494
f 3420/4097/3396 2608/3053/2586 2606/3049/2582
f 3421/4098/3397 2612/3055/2588 2608/3053/2586
f 2520/2965/2498 3421/4098/3397 2519/2963/2496
f 2523/2967/2500 3422/4099/3398 2520/2965/2498
f 3422/4099/3398 2614/3059/2592 2612/3055/2588
f 3423/4100/3399 2618/3061/2594 2614/3059/2592
f 2524/2969/2502 3423/4100/3399 2523/2967/2500
f 2527/2971/2504 3424/4101/3400 2524/2969/2502
f 3424/4101/3400 2620/3065/2598 2618/3061/2594
f 3425/4102/3401 2624/3067/2600 2620/3065/2598
f 2528/2973/2506 3425/4102/3401 2527/2971/2504
f 2531/2974/2507 3426/4103/3402 2528/2973/2506
f 3426/4103/3402 2626/3070/2603 2624/3067/2600
f 3427/4104/3403 2532/2975/2508 2626/3070/2603
f 2470/2913/2446 3427/4104/3403 2531/2974/2507
f 2023/2399/2000 3428/4105/3404 2022/2397/1998
f 3428/4105/3404 2087/2472/2067 2084/2463/2060
f 3430/4106/3405 2087/2472/2067 3429/4107/3406
f 2023/2399/2000 3430/4106/3405 3429/4107/3406
f 2027/2403/2004 3430/4106/3405 2024/2398/1999
f 3430/4106/3405 2094/4108/2073 2092/2471/2066
f 3432/4109/3407 2094/4108/2073 3431/4110/3408
f 2027/2403/2004 3432/4109/3407 3431/4110/3408
f 2031/2407/2008 3432/4109/3407 2028/2402/2003
f 3432/4109/3407 2100/4111/2079 2098/4112/2072
f 3434/4113/3409 2100/4111/2079 3433/4114/3410
f 2031/2407/2008 3434/4113/3409 3433/4114/3410
f 2035/2411/2012 3434/4113/3409 2032/2406/2007
f 3434/4113/3409 2106/2494/2085 2104/2486/2078
f 3436/4115/3411 2106/2494/2085 3435/4116/3412
f 2035/2411/2012 3436/4115/3411 3435/4116/3412
f 2039/2415/2016 3436/4115/3411 2036/2410/2011
f 3436/4115/3411 2112/2502/2091 2110/2493/2084
f 3438/4117/3413 2112/2502/2091 3437/4118/3414
f 2039/2415/2016 3438/4117/3413 3437/4118/3414
f 2043/2419/2020 3438/4117/3413 2040/2414/2015
f 3438/4117/3413 2118/4119/2097 2116/2501/2090
f 3440/4120/3415 2118/4119/2097 3439/4121/3416
f 2043/2419/2020 3440/4120/3415 3439/4121/3416
f 2047/2425/2024 3440/4122/3415 2044/2423/2019
f 3440/4122/3415 2124/4123/2103 2122/4124/2096
f 3442/4125/3417 2124/4123/2103 3441/4126/3418
f 2047/2425/2024 3442/4125/3417 3441/4126/3418
f 2051/2429/2028 3442/4125/3417 2048/2424/2023
f 3442/4125/3417 2130/2524/2109 2128/2516/2102
f 3444/4127/3419 2130/2524/2109 3443/4128/3420
f 2051/2429/2028 3444/4127/3419 3443/4128/3420
f 2055/2433/2032 3444/4127/3419 2052/2428/2027
f 3444/4127/3419 2136/2532/2115 2134/2523/2108
f 3446/4129/3421 2136/2532/2115 3445/4130/3422
f 2055/2433/2032 3446/4129/3421 3445/4130/3422
f 2059/2437/2036 3446/4129/3421 2056/2432/2031
f 3446/4129/3421 2142/4131/2121 2140/2531/2114
f 3448/4132/3423 2142/4131/2121 3447/4133/3424
f 2059/2437/2036 3448/4132/3423 3447/4133/3424
f 2063/2441/2040 3448/4132/3423 2060/2436/2035
f 3448/4132/3423 2148/4134/2127 2146/4135/2120
f 3450/4136/3425 2148/4134/2127 3449/4137/3426
f 2063/2441/2040 3450/4136/3425 3449/4137/3426
f 2067/2445/2044 3450/4136/3425 2064/2440/2039
f 3450/4136/3425 2154/2554/2133 2152/2546/2126
f 3452/4138/3427 2154/2554/2133 3451/4139/3428
f 2067/2445/2044 3452/4138/3427 3451/4139/3428
f 2071/2449/2048 3452/4138/3427 2068/2444/2043
f 3452/4138/3427 2160/2562/2139 2158/2553/2132
f 3454/4140/3429 2160/2562/2139 3453/4141/3430
f 2071/2449/2048 3454/4140/3429 3453/4141/3430
f 2075/2453/2052 3454/4140/3429 2072/2448/2047
f 3454/4140/3429 2166/4142/2145 2164/2561/2138
f 3456/4143/3431 2166/4142/2145 3455/4144/3432
f 2075/2453/2052 3456/4143/3431 3455/4144/3432
f 2079/2459/2056 3456/4145/3431 2076/2457/2051
f 3456/4145/3431 2172/4146/2151 2170/4147/2144
f 3458/4148/3433 2172/4146/2151 3457/4149/3434
f 2079/2459/2056 3458/4148/3433 3457/4149/3434
f 2083/2462/2059 3458/4148/3433 2080/2458/2055
f 3458/4148/3433 2178/2582/2155 2176/2576/2150
f 3428/4105/3404 2178/2582/2155 3459/4150/3435
f 2083/2462/2059 3428/4105/3404 3459/4150/3435
f 2310/4151/2287 3461/4152/3436 3460/4153/3437
f 3460/4153/3437 2375/2821/2354 2372/2815/2348
f 3461/4152/3436 2380/2823/2356 2375/2821/2354
f 2311/4154/2286 3462/4155/3438 3461/4152/3436
f 2312/4156/2288 3463/4157/3439 3462/4155/3438
f 3462/4155/3438 2382/2827/2360 2380/2823/2356
f 3463/4157/3439 2386/2829/2362 2382/2827/2360
f 2315/4158/2291 3464/4159/3440 3463/4157/3439
f 2316/4160/2292 3465/4161/3441 3464/4159/3440
f 3464/4159/3440 2388/2833/2366 2386/2829/2362
f 3465/4161/3441 2392/2835/2368 2388/2833/2366
f 2319/4162/2295 3466/4163/3442 3465/4161/3441
f 2320/4164/2296 3467/4165/3443 3466/4163/3442
f 3466/4163/3442 2394/2839/2372 2392/2835/2368
f 3467/4165/3443 2398/2841/2374 2394/2839/2372
f 2323/4166/2299 3468/4167/3444 3467/4165/3443
f 2324/4168/2300 3469/4169/3445 3468/4167/3444
f 3468/4167/3444 2400/2845/2378 2398/2841/2374
f 3469/4169/3445 2404/2847/2380 2400/2845/2378
f 2327/4170/2303 3470/4171/3446 3469/4169/3445
f 2328/4172/2304 3471/4173/3447 3470/4171/3446
f 3470/4171/3446 2406/2851/2384 2404/2847/2380
f 3471/4173/3447 2410/2853/2386 2406/2851/2384
f 2331/4174/2307 3472/4175/3448 3471/4173/3447
f 2332/4176/2308 3473/4177/3449 3472/4175/3448
f 3472/4175/3448 2412/2857/2390 2410/2853/2386
f 3473/4177/3449 2416/2859/2392 2412/2857/2390
f 2335/4178/2311 3474/4179/3450 3473/4177/3449
f 2336/4180/2312 3475/4181/3451 3474/4179/3450
f 3474/4179/3450 2418/2863/2396 2416/2859/2392
f 3475/4181/3451 2422/2865/2398 2418/2863/2396
f 2339/4182/2315 3476/4183/3452 3475/4181/3451
f 2340/4184/2316 3477/4185/3453 3476/4183/3452
f 3476/4183/3452 2424/2869/2402 2422/2865/2398
f 3477/4185/3453 2428/2871/2404 2424/2869/2402
f 2343/4186/2319 3478/4187/3454 3477/4185/3453
f 2344/4188/2320 3479/4189/3455 3478/4187/3454
f 3478/4187/3454 2430/2875/2408 2428/2871/2404
f 3479/4189/3455 2434/2877/2410 2430/2875/2408
f 2347/4190/2323 3480/4191/3456 3479/4189/3455
f 2348/4192/2324 3481/4193/3457 3480/4191/3456
f 3480/4191/3456 2436/2881/2414 2434/2877/2410
f 3481/4193/3457 2440/2883/2416 2436/2881/2414
f 2351/4194/2327 3482/4195/3458 3481/4193/3457
f 2352/4196/2328 3483/4197/3459 3482/4195/3458
f 3482/4195/3458 2442/2887/2420 2440/2883/2416
f 3483/4197/3459 2446/2889/2422 2442/2887/2420
f 2355/4198/2331 3484/4199/3460 3483/4197/3459
f 2356/4200/2332 3485/4201/3461 3484/4199/3460
f 3484/4199/3460 2448/2893/2426 2446/2889/2422
f 3485/4201/3461 2452/2895/2428 2448/2893/2426
f 2359/4202/2335 3486/4203/3462 3485/4201/3461
f 2360/4204/2336 3487/4205/3463 3486/4203/3462
f 3486/4203/3462 2454/2899/2432 2452/2895/2428
f 3487/4205/3463 2458/2901/2434 2454/2899/2432
f 2363/4206/2339 3488/4207/3464 3487/4205/3463
f 2364/4208/2340 3489/4209/3465 3488/4207/3464
f 3488/4207/3464 2460/2905/2438 2458/2901/2434
f 3489/4209/3465 2464/2907/2440 2460/2905/2438
f 2367/4210/2343 3490/4211/3466 3489/4209/3465
f 2368/4212/2344 3491/4213/3467 3490/4211/3466
f 3490/4211/3466 2466/2910/2443 2464/2907/2440
f 3491/4213/3467 2372/2815/2348 2466/2910/2443
f 2371/4214/2347 3460/4153/3437 3491/4213/3467
f 3048/3577/3024 3493/4215/3468 3492/4216/3469
f 3492/4216/3469 3207/3737/3180 3204/3739/3182
f 3494/4217/3470 3207/3737/3180 3493/4215/3468
f 3050/3583/3030 3493/4215/3468 3049/3576/3023
f 3050/3583/3030 3495/4218/3471 3494/4217/3470
f 3494/4217/3470 3211/3745/3185 3209/3746/3186
f 3496/4219/3472 3211/3745/3185 3495/4218/3471
f 3056/3589/3036 3495/4218/3471 3055/3582/3029
f 3056/3589/3036 3497/4220/3473 3496/4219/3472
f 3496/4219/3472 3215/3751/3189 3213/3752/3190
f 3498/4221/3474 3215/3751/3189 3497/4220/3473
f 3062/3595/3042 3497/4220/3473 3061/3588/3035
f 3062/3595/3042 3499/4222/3475 3498/4221/3474
f 3498/4221/3474 3219/3757/3193 3217/3758/3194
f 3500/4223/3476 3219/3757/3193 3499/4222/3475
f 3068/3601/3048 3499/4222/3475 3067/3594/3041
f 3068/3601/3048 3501/4224/3477 3500/4223/3476
f 3500/4223/3476 3223/3763/3197 3221/3764/3198
f 3502/4225/3478 3223/3763/3197 3501/4224/3477
f 3074/3607/3054 3501/4224/3477 3073/3600/3047
f 3074/3607/3054 3503/4226/3479 3502/4225/3478
f 3502/4225/3478 3227/3769/3201 3225/3770/3202
f 3504/4227/3480 3227/3769/3201 3503/4226/3479
f 3080/4228/3060 3503/4226/3479 3079/3606/3053
f 3080/3615/3060 3505/4229/3481 3504/4230/3480
f 3504/4230/3480 3231/3775/3205 3229/3777/3206
f 3506/4231/3482 3231/3775/3205 3505/4229/3481
f 3086/3621/3066 3505/4229/3481 3085/3614/3059
f 3086/3621/3066 3507/4232/3483 3506/4231/3482
f 3506/4231/3482 3235/3783/3209 3233/3784/3210
f 3508/4233/3484 3235/3783/3209 3507/4232/3483
f 3092/3627/3072 3507/4232/3483 3091/3620/3065
f 3092/3627/3072 3509/4234/3485 3508/4233/3484
f 3508/4233/3484 3239/3789/3213 3237/3790/3214
f 3510/4235/3486 3239/3789/3213 3509/4234/3485
f 3098/3633/3078 3509/4234/3485 3097/3626/3071
f 3098/3633/3078 3511/4236/3487 3510/4235/3486
f 3510/4235/3486 3243/3795/3217 3241/3796/3218
f 3512/4237/3488 3243/3795/3217 3511/4236/3487
f 3104/3639/3084 3511/4236/3487 3103/3632/3077
f 3104/3639/3084 3513/4238/3489 3512/4237/3488
f 3512/4237/3488 3247/3801/3221 3245/3802/3222
f 3514/4239/3490 3247/3801/3221 3513/4238/3489
f 3110/3645/3090 3513/4238/3489 3109/3638/3083
f 3110/3645/3090 3515/4240/3491 3514/4239/3490
f 3514/4239/3490 3251/3807/3225 3249/3808/3226
f 3516/4241/3492 3251/3807/3225 3515/4240/3491
f 3116/3651/3096 3515/4240/3491 3115/3644/3089
f 3116/3651/3096 3517/4242/3493 3516/4241/3492
f 3516/4241/3492 3255/3813/3229 3253/3814/3230
f 3518/4243/3494 3255/3813/3229 3517/4242/3493
f 3122/3657/3102 3517/4242/3493 3121/3650/3095
f 3122/3657/3102 3519/4244/3495 3518/4243/3494
f 3518/4243/3494 3259/3819/3233 3257/3820/3234
f 3520/4245/3496 3259/3819/3233 3519/4244/3495
f 3128/4246/3108 3519/4244/3495 3127/3656/3101
f 3128/3665/3108 3521/4247/3497 3520/4248/3496
f 3520/4248/3496 3263/3825/3237 3261/3827/3238
f 3522/4249/3498 3263/3825/3237 3521/4247/3497
f 3134/3671/3114 3521/4247/3497 3133/3664/3107
f 3134/3671/3114 3523/4250/3499 3522/4249/3498
f 3522/4249/3498 3267/3833/3241 3265/3834/3242
f 3492/4216/3469 3267/3833/3241 3523/4250/3499
f 3048/3577/3024 3523/4250/3499 3139/3670/3113
f 3524/4251/3500 3526/4252/3501 3525/4253/3502
f 3525/4253/3502 359/371/339 356/364/332
f 3528/4254/3503 359/371/339 3526/4252/3501
f 3529/4255/3504 3526/4252/3501 3527/4256/3505
f 3529/4255/3504 3530/4257/3506 3528/4254/3503
f 3528/4254/3503 366/377/345 364/370/338
f 3532/4258/3507 366/377/345 3530/4257/3506
f 3533/4259/3508 3530/4257/3506 3531/4260/3509
f 3533/4259/3508 3534/4261/3510 3532/4258/3507
f 3532/4258/3507 372/383/351 370/376/344
f 3536/4262/3511 372/383/351 3534/4261/3510
f 3537/4263/3512 3534/4261/3510 3535/4264/3513
f 3537/4263/3512 3538/4265/3514 3536/4262/3511
f 3536/4262/3511 378/389/357 376/382/350
f 3540/4266/3515 378/389/357 3538/4265/3514
f 3541/4267/3516 3538/4265/3514 3539/4268/3517
f 3541/4267/3516 3542/4269/3518 3540/4266/3515
f 3540/4266/3515 384/395/363 382/388/356
f 3544/4270/3519 384/395/363 3542/4269/3518
f 3545/4271/3520 3542/4269/3518 3543/4272/3521
f 3545/4271/3520 3546/4273/3522 3544/4270/3519
f 3544/4270/3519 390/401/369 388/394/362
f 3548/4274/3523 390/401/369 3546/4273/3522
f 3549/4275/3524 3546/4273/3522 3547/4276/3525
f 3549/4275/3524 3550/4277/3526 3548/4274/3523
f 3548/4274/3523 396/407/375 394/400/368
f 3552/4278/3527 396/407/375 3550/4277/3526
f 3553/4279/3528 3550/4277/3526 3551/4280/3529
f 3553/4279/3528 3554/4281/3530 3552/4278/3527
f 3552/4278/3527 402/413/381 400/406/374
f 3556/4282/3531 402/413/381 3554/4281/3530
f 3557/4283/3532 3554/4281/3530 3555/4284/3533
f 3557/4283/3532 3558/4285/3534 3556/4282/3531
f 3556/4282/3531 408/419/387 406/412/380
f 3560/4286/3535 408/419/387 3558/4285/3534
f 3561/4287/3536 3558/4285/3534 3559/4288/3537
f 3561/4287/3536 3562/4289/3538 3560/4286/3535
f 3560/4286/3535 414/425/393 412/418/386
f 3564/4290/3539 414/425/393 3562/4289/3538
f 3565/4291/3540 3562/4289/3538 3563/4292/3541
f 3565/4291/3540 3566/4293/3542 3564/4290/3539
f 3564/4290/3539 420/431/399 418/424/392
f 3568/4294/3543 420/431/399 3566/4293/3542
f 3569/4295/3544 3566/4293/3542 3567/4296/3545
f 3569/4295/3544 3570/4297/3546 3568/4294/3543
f 3568/4294/3543 426/437/405 424/430/398
f 3572/4298/3547 426/437/405 3570/4297/3546
f 3573/4299/3548 3570/4297/3546 3571/4300/3549
f 3573/4299/3548 3574/4301/3550 3572/4298/3547
f 3572/4298/3547 432/443/411 430/436/404
f 3576/4302/3551 432/443/411 3574/4301/3550
f 3577/4303/3552 3574/4301/3550 3575/4304/3553
f 3577/4303/3552 3578/4305/3554 3576/4302/3551
f 3576/4302/3551 438/449/417 436/442/410
f 3580/4306/3555 438/449/417 3578/4305/3554
f 3581/4307/3556 3578/4305/3554 3579/4308/3557
f 3581/4307/3556 3582/4309/3558 3580/4306/3555
f 3580/4306/3555 444/455/423 442/448/416
f 3584/4310/3559 444/455/423 3582/4309/3558
f 3585/4311/3560 3582/4309/3558 3583/4312/3561
f 3585/4311/3560 3586/4313/3562 3584/4310/3559
f 3584/4310/3559 450/459/427 448/454/422
f 3525/4253/3502 450/459/427 3586/4313/3562
f 3524/4251/3500 3586/4313/3562 3587/4314/3563
f 264/4315/240 3589/4316/3564 3588/4317/3565
f 3588/4317/3565 3591/4318/3566 3590/4319/3567
f 3593/4320/3568 3591/4318/3566 3589/4316/3564
f 266/4321/246 3589/4316/3564 265/4322/239
f 266/4321/246 3594/4323/3569 3593/4320/3568
f 3593/4320/3568 3595/4324/3570 3592/4325/3571
f 3597/4326/3572 3595/4324/3570 3594/4323/3569
f 272/4327/252 3594/4323/3569 271/4328/245
f 272/4327/252 3598/4329/3573 3597/4326/3572
f 3597/4326/3572 3599/4330/3574 3596/4331/3575
f 3601/4332/3576 3599/4330/3574 3598/4329/3573
f 278/4333/258 3598/4329/3573 277/4334/251
f 278/4333/258 3602/4335/3577 3601/4332/3576
f 3601/4332/3576 3603/4336/3578 3600/4337/3579
f 3605/4338/3580 3603/4336/3578 3602/4335/3577
f 284/4339/264 3602/4335/3577 283/4340/257
f 284/4339/264 3606/4341/3581 3605/4338/3580
f 3605/4338/3580 3607/4342/3582 3604/4343/3583
f 3609/4344/3584 3607/4342/3582 3606/4341/3581
f 290/4345/270 3606/4341/3581 289/4346/263
f 290/4345/270 3610/4347/3585 3609/4344/3584
f 3609/4344/3584 3611/4348/3586 3608/4349/3587
f 3613/4350/3588 3611/4348/3586 3610/4347/3585
f 296/4351/276 3610/4347/3585 295/4352/269
f 296/4353/276 3614/4354/3589 3613/4355/3588
f 3613/4355/3588 3615/4356/3590 3612/4357/3591
f 3617/4358/3592 3615/4356/3590 3614/4354/3589
f 302/4359/282 3614/4354/3589 301/4360/275
f 302/4359/282 3618/4361/3593 3617/4358/3592
f 3617/4358/3592 3619/4362/3594 3616/4363/3595
f 3621/4364/3596 3619/4362/3594 3618/4361/3593
f 308/4365/288 3618/4361/3593 307/4366/281
f 308/4365/288 3622/4367/3597 3621/4364/3596
f 3621/4364/3596 3623/4368/3598 3620/4369/3599
f 3625/4370/3600 3623/4368/3598 3622/4367/3597
f 314/4371/294 3622/4367/3597 313/4372/287
f 314/4371/294 3626/4373/3601 3625/4370/3600
f 3625/4370/3600 3627/4374/3602 3624/4375/3603
f 3629/4376/3604 3627/4374/3602 3626/4373/3601
f 320/4377/300 3626/4373/3601 319/4378/293
f 320/4377/300 3630/4379/3605 3629/4376/3604
f 3629/4376/3604 3631/4380/3606 3628/4381/3607
f 3633/4382/3608 3631/4380/3606 3630/4379/3605
f 326/4383/306 3630/4379/3605 325/4384/299
f 326/4383/306 3634/4385/3609 3633/4382/3608
f 3633/4382/3608 3635/4386/3610 3632/4387/3611
f 3637/4388/3612 3635/4386/3610 3634/4385/3609
f 332/4389/312 3634/4385/3609 331/4390/305
f 332/4389/312 3638/4391/3613 3637/4388/3612
f 3637/4388/3612 3639/4392/3614 3636/4393/3615
f 3641/4394/3616 3639/4392/3614 3638/4391/3613
f 338/4395/318 3638/4391/3613 337/4396/311
f 338/4395/318 3642/4397/3617 3641/4394/3616
f 3641/4394/3616 3643/4398/3618 3640/4399/3619
f 3645/4400/3620 3643/4398/3618 3642/4397/3617
f 344/4401/324 3642/4397/3617 343/4402/317
f 344/4403/324 3646/4404/3621 3645/4405/3620
f 3645/4405/3620 3647/4406/3622 3644/4407/3623
f 3649/4408/3624 3647/4406/3622 3646/4404/3621
f 350/4409/330 3646/4404/3621 349/4410/323
f 350/4409/330 3650/4411/3625 3649/4408/3624
f 3649/4408/3624 3651/4412/3626 3648/4413/3627
f 3588/4317/3565 3651/4412/3626 3650/4411/3625
f 264/4315/240 3650/4411/3625 355/4414/329
f 3591/4318/3566 3652/4415/3628 3590/4319/3567
f 3653/4416/3629 3524/4417/3500 3652/4415/3628
f 3653/4416/3629 3529/4418/3504 3527/4419/3505
f 3591/4318/3566 3654/4420/3630 3653/4416/3629
f 3595/4324/3570 3654/4420/3630 3592/4325/3571
f 3654/4420/3630 3531/4421/3509 3529/4418/3504
f 3656/4422/3631 3531/4421/3509 3655/4423/3632
f 3595/4324/3570 3656/4422/3631 3655/4423/3632
f 3599/4330/3574 3656/4422/3631 3596/4331/3575
f 3656/4422/3631 3535/4424/3513 3533/4425/3508
f 3658/4426/3633 3535/4424/3513 3657/4427/3634
f 3599/4330/3574 3658/4426/3633 3657/4427/3634
f 3603/4336/3578 3658/4426/3633 3600/4337/3579
f 3658/4426/3633 3539/4428/3517 3537/4429/3512
f 3660/4430/3635 3539/4428/3517 3659/4431/3636
f 3603/4336/3578 3660/4430/3635 3659/4431/3636
f 3607/4342/3582 3660/4430/3635 3604/4343/3583
f 3660/4430/3635 3543/4432/3521 3541/4433/3516
f 3661/4434/3637 3545/4435/3520 3543/4432/3521
f 3607/4342/3582 3662/4436/3638 3661/4434/3637
f 3611/4348/3586 3662/4436/3638 3608/4349/3587
f 3662/4436/3638 3547/4437/3525 3545/4435/3520
f 3663/4438/3639 3549/4439/3524 3547/4437/3525
f 3611/4348/3586 3664/4440/3640 3663/4438/3639
f 3615/4356/3590 3664/4441/3640 3612/4357/3591
f 3664/4441/3640 3551/4442/3529 3549/4443/3524
f 3666/4444/3641 3551/4442/3529 3665/4445/3642
f 3615/4356/3590 3666/4444/3641 3665/4445/3642
f 3619/4362/3594 3666/4444/3641 3616/4363/3595
f 3666/4444/3641 3555/4446/3533 3553/4447/3528
f 3668/4448/3643 3555/4446/3533 3667/4449/3644
f 3619/4362/3594 3668/4448/3643 3667/4449/3644
f 3623/4368/3598 3668/4448/3643 3620/4369/3599
f 3669/4450/3645 3557/4451/3532 3668/4448/3643
f 3670/4452/3646 3559/4453/3537 3669/4450/3645
f 3623/4368/3598 3670/4452/3646 3669/4450/3645
f 3627/4374/3602 3670/4452/3646 3624/4375/3603
f 3670/4452/3646 3563/4454/3541 3561/4455/3536
f 3672/4456/3647 3563/4454/3541 3671/4457/3648
f 3627/4374/3602 3672/4456/3647 3671/4457/3648
f 3631/4380/3606 3672/4456/3647 3628/4381/3607
f 3673/4458/3649 3565/4459/3540 3672/4456/3647
f 3674/4460/3650 3567/4461/3545 3673/4458/3649
f 3631/4380/3606 3674/4460/3650 3673/4458/3649
f 3635/4386/3610 3674/4460/3650 3632/4387/3611
f 3675/4462/3651 3569/4463/3544 3674/4460/3650
f 3676/4464/3652 3571/4465/3549 3675/4462/3651
f 3635/4386/3610 3676/4464/3652 3675/4462/3651
f 3639/4392/3614 3676/4464/3652 3636/4393/3615
f 3676/4464/3652 3575/4466/3553 3573/4467/3548
f 3678/4468/3653 3575/4466/3553 3677/4469/3654
f 3639/4392/3614 3678/4468/3653 3677/4469/3654
f 3643/4398/3618 3678/4468/3653 3640/4399/3619
f 3678/4468/3653 3579/4470/3557 3577/4471/3552
f 3680/4472/3655 3579/4470/3557 3679/4473/3656
f 3643/4398/3618 3680/4472/3655 3679/4473/3656
f 3647/4406/3622 3680/4474/3655 3644/4407/3623
f 3680/4474/3655 3583/4475/3561 3581/4476/3556
f 3682/4477/3657 3583/4475/3561 3681/4478/3658
f 3647/4406/3622 3682/4477/3657 3681/4478/3658
f 3651/4412/3626 3682/4477/3657 3648/4413/3627
f 3682/4477/3657 3587/4479/3563 3585/4480/3560
f 3683/4481/3659 3524/4417/3500 3587/4479/3563
f 3651/4412/3626 3652/4415/3628 3683/4481/3659
f 3687/4482/3660 3685/4483/3661 3684/4484/3662
f 3686/4485/3663 3688/4486/3664 3685/4483/3661
f 3686/4485/3663 3690/4487/3665 3689/4488/3666
f 3687/4482/3660 3691/4489/3667 3686/4485/3663
f 3694/4490/3668 3691/4489/3667 3692/4491/3669
f 3693/4492/3670 3690/4487/3665 3691/4489/3667
f 3693/4492/3670 3696/4493/3671 3695/4494/3672
f 3694/4490/3668 3697/4495/3673 3693/4492/3670
f 3700/4496/3674 3697/4495/3673 3698/4497/3675
f 3699/4498/3676 3696/4493/3671 3697/4495/3673
f 3699/4498/3676 3702/4499/3677 3701/4500/3678
f 3700/4496/3674 3703/4501/3679 3699/4498/3676
f 3706/4502/3680 3703/4501/3679 3704/4503/3681
f 3705/4504/3682 3702/4499/3677 3703/4501/3679
f 3705/4504/3682 3708/4505/3683 3707/4506/3684
f 3706/4502/3680 3709/4507/3685 3705/4504/3682
f 3712/4508/3686 3709/4507/3685 3710/4509/3687
f 3711/4510/3688 3708/4505/3683 3709/4507/3685
f 3711/4510/3688 3714/4511/3689 3713/4512/3690
f 3712/4508/3686 3715/4513/3691 3711/4510/3688
f 3718/4514/3692 3715/4513/3691 3716/4515/3693
f 3717/4516/3694 3714/4511/3689 3715/4513/3691
f 3717/4516/3694 3720/4517/3695 3719/4518/3696
f 3718/4514/3692 3721/4519/3697 3717/4516/3694
f 3724/4520/3698 3721/4519/3697 3722/4521/3699
f 3723/4522/3700 3720/4517/3695 3721/4519/3697
f 3723/4522/3700 3726/4523/3701 3725/4524/3702
f 3724/4520/3698 3727/4525/3703 3723/4522/3700
f 3730/4526/3704 3727/4525/3703 3728/4527/3705
f 3729/4528/3706 3726/4523/3701 3727/4525/3703
f 3729/4528/3706 3732/4529/3707 3731/4530/3708
f 3730/4526/3704 3733/4531/3709 3729/4528/3706
f 3736/4532/3710 3733/4531/3709 3734/4533/3711
f 3735/4534/3712 3732/4529/3707 3733/4531/3709
f 3735/4534/3712 3738/4535/3713 3737/4536/3714
f 3736/4532/3710 3739/4537/3715 3735/4534/3712
f 3742/4538/3716 3739/4537/3715 3740/4539/3717
f 3741/4540/3718 3738/4535/3713 3739/4537/3715
f 3741/4540/3718 3744/4541/3719 3743/4542/3720
f 3742/4538/3716 3745/4543/3721 3741/4540/3718
f 3748/4544/3722 3745/4543/3721 3746/4545/3723
f 3747/4546/3724 3744/4541/3719 3745/4543/3721
f 3747/4546/3724 3750/4547/3725 3749/4548/3726
f 3748/4544/3722 3751/4549/3727 3747/4546/3724
f 3754/4550/3728 3751/4549/3727 3752/4551/3729
f 3753/4552/3730 3750/4547/3725 3751/4549/3727
f 3753/4552/3730 3756/4553/3731 3755/4554/3732
f 3754/4550/3728 3757/4555/3733 3753/4552/3730
f 3760/4556/3734 3757/4555/3733 3758/4557/3735
f 3759/4558/3736 3756/4553/3731 3757/4555/3733
f 3759/4558/3736 3762/4559/3737 3761/4560/3738
f 3760/4556/3734 3763/4561/3739 3759/4558/3736
f 3766/4562/3740 3763/4561/3739 3764/4563/3741
f 3765/4564/3742 3762/4559/3737 3763/4561/3739
f 3765/4564/3742 3768/4565/3743 3767/4566/3744
f 3766/4562/3740 3769/4567/3745 3765/4564/3742
f 3772/4568/3746 3769/4567/3745 3770/4569/3747
f 3771/4570/3748 3768/4565/3743 3769/4567/3745
f 3771/4570/3748 3774/4571/3749 3773/4572/3750
f 3772/4568/3746 3775/4573/3751 3771/4570/3748
f 3778/4574/3752 3775/4573/3751 3776/4575/3753
f 3777/4576/3754 3774/4571/3749 3775/4573/3751
f 3777/4576/3754 3688/4486/3664 3779/4577/3755
f 3778/4574/3752 3685/4483/3661 3777/4576/3754
f 3688/4486/3664 3781/4578/3756 3780/4579/3757
f 3780/4579/3757 711/773/691 708/764/684
f 3782/4580/3758 711/773/691 3781/4578/3756
f 3690/4487/3665 3781/4578/3756 3689/4488/3666
f 3690/4487/3665 3783/4581/3759 3782/4580/3758
f 3782/4580/3758 718/781/697 716/772/690
f 3784/4582/3760 718/781/697 3783/4581/3759
f 3696/4493/3671 3783/4581/3759 3695/4494/3672
f 3696/4493/3671 3785/4583/3761 3784/4582/3760
f 3784/4582/3760 724/789/703 722/780/696
f 3786/4584/3762 724/789/703 3785/4583/3761
f 3702/4499/3677 3785/4583/3761 3701/4500/3678
f 3702/4499/3677 3787/4585/3763 3786/4584/3762
f 3786/4584/3762 730/797/709 728/788/702
f 3788/4586/3764 730/797/709 3787/4585/3763
f 3708/4505/3683 3787/4585/3763 3707/4506/3684
f 3708/4505/3683 3789/4587/3765 3788/4586/3764
f 3788/4586/3764 736/805/715 734/796/708
f 3790/4588/3766 736/805/715 3789/4587/3765
f 3714/4511/3689 3789/4587/3765 3713/4512/3690
f 3714/4511/3689 3791/4589/3767 3790/4588/3766
f 3790/4588/3766 742/813/721 740/804/714
f 3792/4590/3768 742/813/721 3791/4589/3767
f 3720/4517/3695 3791/4589/3767 3719/4518/3696
f 3720/4517/3695 3793/4591/3769 3792/4590/3768
f 3792/4590/3768 748/822/727 746/812/720
f 3794/4592/3770 748/822/727 3793/4591/3769
f 3726/4523/3701 3793/4591/3769 3725/4524/3702
f 3726/4523/3701 3795/4593/3771 3794/4592/3770
f 3794/4592/3770 754/830/733 752/821/726
f 3796/4594/3772 754/830/733 3795/4593/3771
f 3732/4529/3707 3795/4593/3771 3731/4530/3708
f 3732/4529/3707 3797/4595/3773 3796/4594/3772
f 3796/4594/3772 760/838/739 758/829/732
f 3798/4596/3774 760/838/739 3797/4595/3773
f 3738/4535/3713 3797/4595/3773 3737/4536/3714
f 3738/4535/3713 3799/4597/3775 3798/4596/3774
f 3798/4596/3774 766/846/745 764/837/738
f 3800/4598/3776 766/846/745 3799/4597/3775
f 3744/4541/3719 3799/4597/3775 3743/4542/3720
f 3744/4541/3719 3801/4599/3777 3800/4598/3776
f 3800/4598/3776 772/854/751 770/845/744
f 3802/4600/3778 772/854/751 3801/4599/3777
f 3750/4547/3725 3801/4599/3777 3749/4548/3726
f 3750/4547/3725 3803/4601/3779 3802/4600/3778
f 3802/4600/3778 778/862/757 776/853/750
f 3804/4602/3780 778/862/757 3803/4601/3779
f 3756/4553/3731 3803/4601/3779 3755/4554/3732
f 3756/4553/3731 3805/4603/3781 3804/4602/3780
f 3804/4602/3780 784/870/763 782/861/756
f 3806/4604/3782 784/870/763 3805/4603/3781
f 3762/4559/3737 3805/4603/3781 3761/4560/3738
f 3762/4559/3737 3807/4605/3783 3806/4604/3782
f 3806/4604/3782 790/878/769 788/869/762
f 3808/4606/3784 790/878/769 3807/4605/3783
f 3768/4565/3743 3807/4605/3783 3767/4566/3744
f 3768/4565/3743 3809/4607/3785 3808/4606/3784
f 3808/4606/3784 796/887/775 794/877/768
f 3810/4608/3786 796/887/775 3809/4607/3785
f 3774/4571/3749 3809/4607/3785 3773/4572/3750
f 3774/4571/3749 3811/4609/3787 3810/4608/3786
f 3810/4608/3786 802/893/779 800/886/774
f 3780/4579/3757 802/893/779 3811/4609/3787
f 3688/4486/3664 3811/4609/3787 3779/4577/3755
f 647/700/624 3812/4610/3788 646/698/622
f 3813/4611/3789 3684/4612/3662 3812/4610/3788
f 3813/4611/3789 3692/4613/3669 3687/4614/3660
f 647/700/624 3814/4615/3790 3813/4611/3789
f 651/704/628 3814/4615/3790 648/699/623
f 3815/4616/3791 3692/4613/3669 3814/4615/3790
f 3815/4616/3791 3698/4617/3675 3694/4618/3668
f 651/704/628 3816/4619/3792 3815/4616/3791
f 655/708/632 3816/4619/3792 652/703/627
f 3817/4620/3793 3698/4617/3675 3816/4619/3792
f 3817/4620/3793 3704/4621/3681 3700/4622/3674
f 655/708/632 3818/4623/3794 3817/4620/3793
f 659/712/636 3818/4623/3794 656/707/631
f 3819/4624/3795 3704/4621/3681 3818/4623/3794
f 3819/4624/3795 3710/4625/3687 3706/4626/3680
f 659/712/636 3820/4627/3796 3819/4624/3795
f 663/716/640 3820/4627/3796 660/711/635
f 3821/4628/3797 3710/4625/3687 3820/4627/3796
f 3821/4628/3797 3716/4629/3693 3712/4630/3686
f 663/716/640 3822/4631/3798 3821/4628/3797
f 667/720/644 3822/4631/3798 664/715/639
f 3823/4632/3799 3716/4629/3693 3822/4631/3798
f 3823/4632/3799 3722/4633/3699 3718/4634/3692
f 667/720/644 3824/4635/3800 3823/4632/3799
f 671/726/648 3824/4636/3800 668/724/643
f 3825/4637/3801 3722/4638/3699 3824/4636/3800
f 3825/4637/3801 3728/4639/3705 3724/4640/3698
f 671/726/648 3826/4641/3802 3825/4637/3801
f 675/730/652 3826/4641/3802 672/725/647
f 3827/4642/3803 3728/4639/3705 3826/4641/3802
f 3827/4642/3803 3734/4643/3711 3730/4644/3704
f 675/730/652 3828/4645/3804 3827/4642/3803
f 679/734/656 3828/4645/3804 676/729/651
f 3829/4646/3805 3734/4643/3711 3828/4645/3804
f 3829/4646/3805 3740/4647/3717 3736/4648/3710
f 679/734/656 3830/4649/3806 3829/4646/3805
f 683/738/660 3830/4649/3806 680/733/655
f 3831/4650/3807 3740/4647/3717 3830/4649/3806
f 3831/4650/3807 3746/4651/3723 3742/4652/3716
f 683/738/660 3832/4653/3808 3831/4650/3807
f 687/742/664 3832/4653/3808 684/737/659
f 3833/4654/3809 3746/4651/3723 3832/4653/3808
f 3833/4654/3809 3752/4655/3729 3748/4656/3722
f 687/742/664 3834/4657/3810 3833/4654/3809
f 691/746/668 3834/4657/3810 688/741/663
f 3835/4658/3811 3752/4655/3729 3834/4657/3810
f 3835/4658/3811 3758/4659/3735 3754/4660/3728
f 691/746/668 3836/4661/3812 3835/4658/3811
f 695/750/672 3836/4661/3812 692/745/667
f 3837/4662/3813 3758/4659/3735 3836/4661/3812
f 3837/4662/3813 3764/4663/3741 3760/4664/3734
f 695/750/672 3838/4665/3814 3837/4662/3813
f 699/754/676 3838/4665/3814 696/749/671
f 3839/4666/3815 3764/4663/3741 3838/4665/3814
f 3839/4666/3815 3770/4667/3747 3766/4668/3740
f 699/754/676 3840/4669/3816 3839/4666/3815
f 703/760/680 3840/4670/3816 700/758/675
f 3841/4671/3817 3770/4672/3747 3840/4670/3816
f 3841/4671/3817 3776/4673/3753 3772/4674/3746
f 703/760/680 3842/4675/3818 3841/4671/3817
f 707/763/683 3842/4675/3818 704/759/679
f 3843/4676/3819 3776/4673/3753 3842/4675/3818
f 3843/4676/3819 3684/4612/3662 3778/4677/3752
f 707/763/683 3812/4610/3788 3843/4676/3819
f 966/4678/943 3845/4679/3820 3844/4680/3821
f 3845/4679/3820 1060/4681/1038 3844/4680/3821
f 3845/4679/3820 1068/4682/1045 1063/4683/1036
f 968/4684/947 3845/4679/3820 967/4685/942
f 968/4684/947 3847/4686/3822 3846/4687/3823
f 3847/4686/3822 1068/4682/1045 3846/4687/3823
f 3847/4686/3822 1074/4688/1051 1070/4689/1044
f 972/4690/951 3847/4686/3822 971/4691/946
f 972/4690/951 3849/4692/3824 3848/4693/3825
f 3849/4692/3824 1074/4688/1051 3848/4693/3825
f 3849/4692/3824 1080/4694/1057 1076/4695/1050
f 976/4696/955 3849/4692/3824 975/4697/950
f 976/4696/955 3851/4698/3826 3850/4699/3827
f 3851/4698/3826 1080/4694/1057 3850/4699/3827
f 3851/4698/3826 1086/4700/1063 1082/4701/1056
f 980/4702/959 3851/4698/3826 979/4703/954
f 980/4702/959 3853/4704/3828 3852/4705/3829
f 3853/4704/3828 1086/4700/1063 3852/4705/3829
f 3853/4704/3828 1092/4706/1069 1088/4707/1062
f 984/4708/963 3853/4704/3828 983/4709/958
f 984/4708/963 3855/4710/3830 3854/4711/3831
f 3855/4710/3830 1092/4706/1069 3854/4711/3831
f 3855/4710/3830 1098/4712/1075 1094/4713/1068
f 988/4714/967 3855/4710/3830 987/4715/962
f 988/4716/967 3857/4717/3832 3856/4718/3833
f 3857/4717/3832 1098/4719/1075 3856/4718/3833
f 3857/4717/3832 1104/4720/1081 1100/4721/1074
f 992/4722/971 3857/4717/3832 991/4723/966
f 992/4722/971 3859/4724/3834 3858/4725/3835
f 3859/4724/3834 1104/4720/1081 3858/4725/3835
f 3859/4724/3834 1110/4726/1087 1106/4727/1080
f 996/4728/975 3859/4724/3834 995/4729/970
f 996/4728/975 3861/4730/3836 3860/4731/3837
f 3861/4730/3836 1110/4726/1087 3860/4731/3837
f 3861/4730/3836 1116/4732/1093 1112/4733/1086
f 1000/4734/979 3861/4730/3836 999/4735/974
f 1000/4734/979 3863/4736/3838 3862/4737/3839
f 3863/4736/3838 1116/4732/1093 3862/4737/3839
f 3863/4736/3838 1122/4738/1099 1118/4739/1092
f 1004/4740/983 3863/4736/3838 1003/4741/978
f 1004/4740/983 3865/4742/3840 3864/4743/3841
f 3865/4742/3840 1122/4738/1099 3864/4743/3841
f 3865/4742/3840 1128/4744/1105 1124/4745/1098
f 1008/4746/987 3865/4742/3840 1007/4747/982
f 1008/4746/987 3867/4748/3842 3866/4749/3843
f 3867/4748/3842 1128/4744/1105 3866/4749/3843
f 3867/4748/3842 1134/4750/1111 1130/4751/1104
f 1012/4752/991 3867/4748/3842 1011/4753/986
f 1012/4752/991 3869/4754/3844 3868/4755/3845
f 3869/4754/3844 1134/4750/1111 3868/4755/3845
f 3869/4754/3844 1140/4756/1117 1136/4757/1110
f 1016/4758/995 3869/4754/3844 1015/4759/990
f 1016/4758/995 3871/4760/3846 3870/4761/3847
f 3871/4760/3846 1140/4756/1117 3870/4761/3847
f 3871/4760/3846 1146/4762/1123 1142/4763/1116
f 1020/4764/999 3871/4760/3846 1019/4765/994
f 1020/4766/999 3873/4767/3848 3872/4768/3849
f 3873/4767/3848 1146/4769/1123 3872/4768/3849
f 3873/4767/3848 1152/4770/1129 1148/4771/1122
f 1024/4772/1003 3873/4767/3848 1023/4773/998
f 1024/4772/1003 3875/4774/3850 3874/4775/3851
f 3875/4774/3850 1152/4770/1129 3874/4775/3851
f 3875/4774/3850 1060/4681/1038 1154/4776/1128
f 966/4678/943 3875/4774/3850 1027/4777/1002
f 3879/4778/3852 3877/4779/3853 3876/4780/3854
f 3877/4779/3853 3881/4781/3855 3880/4782/3856
f 3878/4783/3857 3882/4784/3858 3881/4781/3855
f 3879/4778/3852 3883/4785/3859 3878/4783/3857
f 3886/4786/3860 3883/4785/3859 3884/4787/3861
f 3883/4785/3859 3887/4788/3862 3882/4784/3858
f 3885/4789/3863 3888/4790/3864 3887/4788/3862
f 3886/4786/3860 3889/4791/3865 3885/4789/3863
f 3892/4792/3866 3889/4791/3865 3890/4793/3867
f 3891/4794/3868 3888/4790/3864 3889/4791/3865
f 3891/4794/3868 3894/4795/3869 3893/4796/3870
f 3892/4792/3866 3895/4797/3871 3891/4794/3868
f 3898/4798/3872 3895/4797/3871 3896/4799/3873
f 3897/4800/3874 3894/4795/3869 3895/4797/3871
f 3897/4800/3874 3900/4801/3875 3899/4802/3876
f 3898/4798/3872 3901/4803/3877 3897/4800/3874
f 3904/4804/3878 3901/4803/3877 3902/4805/3879
f 3903/4806/3880 3900/4801/3875 3901/4803/3877
f 3903/4806/3880 3906/4807/3881 3905/4808/3882
f 3904/4804/3878 3907/4809/3883 3903/4806/3880
f 3910/4810/3884 3907/4809/3883 3908/4811/3885
f 3909/4812/3886 3906/4807/3881 3907/4809/3883
f 3909/4812/3886 3912/4813/3887 3911/4814/3888
f 3910/4810/3884 3913/4815/3889 3909/4812/3886
f 3916/4816/3890 3913/4817/3889 3914/4818/3891
f 3915/4819/3892 3912/4820/3887 3913/4817/3889
f 3915/4819/3892 3918/4821/3893 3917/4822/3894
f 3916/4816/3890 3919/4823/3895 3915/4819/3892
f 3922/4824/3896 3919/4823/3895 3920/4825/3897
f 3921/4826/3898 3918/4821/3893 3919/4823/3895
f 3921/4826/3898 3924/4827/3899 3923/4828/3900
f 3922/4824/3896 3925/4829/3901 3921/4826/3898
f 3928/4830/3902 3925/4829/3901 3926/4831/3903
f 3927/4832/3904 3924/4827/3899 3925/4829/3901
f 3927/4832/3904 3930/4833/3905 3929/4834/3906
f 3928/4830/3902 3931/4835/3907 3927/4832/3904
f 3934/4836/3908 3931/4835/3907 3932/4837/3909
f 3933/4838/3910 3930/4833/3905 3931/4835/3907
f 3933/4838/3910 3936/4839/3911 3935/4840/3912
f 3934/4836/3908 3937/4841/3913 3933/4838/3910
f 3940/4842/3914 3937/4841/3913 3938/4843/3915
f 3939/4844/3916 3936/4839/3911 3937/4841/3913
f 3939/4844/3916 3942/4845/3917 3941/4846/3918
f 3940/4842/3914 3943/4847/3919 3939/4844/3916
f 3946/4848/3920 3943/4847/3919 3944/4849/3921
f 3945/4850/3922 3942/4845/3917 3943/4847/3919
f 3945/4850/3922 3948/4851/3923 3947/4852/3924
f 3946/4848/3920 3949/4853/3925 3945/4850/3922
f 3952/4854/3926 3949/4853/3925 3950/4855/3927
f 3951/4856/3928 3948/4851/3923 3949/4853/3925
f 3951/4856/3928 3954/4857/3929 3953/4858/3930
f 3952/4854/3926 3955/4859/3931 3951/4856/3928
f 3958/4860/3932 3955/4859/3931 3956/4861/3933
f 3957/4862/3934 3954/4857/3929 3955/4859/3931
f 3957/4862/3934 3960/4863/3935 3959/4864/3936
f 3958/4860/3932 3961/4865/3937 3957/4862/3934
f 3964/4866/3938 3961/4867/3937 3962/4868/3939
f 3963/4869/3940 3960/4870/3935 3961/4867/3937
f 3963/4869/3940 3966/4871/3941 3965/4872/3942
f 3964/4866/3938 3967/4873/3943 3963/4869/3940
f 3970/4874/3944 3967/4873/3943 3968/4875/3945
f 3969/4876/3946 3966/4871/3941 3967/4873/3943
f 3877/4779/3853 3971/4877/3947 3969/4876/3946
f 3970/4874/3944 3877/4779/3853 3969/4876/3946
f 3880/4782/3856 3973/4878/3948 3972/4879/3949
f 3972/4879/3949 1927/2302/1907 1924/2295/1900
f 3974/4880/3950 1927/2302/1907 3973/4878/3948
f 3882/4784/3858 3973/4878/3948 3881/4781/3855
f 3882/4784/3858 3975/4881/3951 3974/4880/3950
f 3974/4880/3950 1934/2308/1913 1932/2301/1906
f 3976/4882/3952 1934/2308/1913 3975/4881/3951
f 3888/4790/3864 3975/4881/3951 3887/4788/3862
f 3888/4790/3864 3977/4883/3953 3976/4882/3952
f 3976/4882/3952 1940/2314/1919 1938/2307/1912
f 3978/4884/3954 1940/2314/1919 3977/4883/3953
f 3894/4795/3869 3977/4883/3953 3893/4796/3870
f 3894/4795/3869 3979/4885/3955 3978/4884/3954
f 3978/4884/3954 1946/2320/1925 1944/2313/1918
f 3980/4886/3956 1946/2320/1925 3979/4885/3955
f 3900/4801/3875 3979/4885/3955 3899/4802/3876
f 3900/4801/3875 3981/4887/3957 3980/4886/3956
f 3980/4886/3956 1952/2326/1931 1950/2319/1924
f 3982/4888/3958 1952/2326/1931 3981/4887/3957
f 3906/4807/3881 3981/4887/3957 3905/4808/3882
f 3906/4807/3881 3983/4889/3959 3982/4888/3958
f 3982/4888/3958 1958/2332/1937 1956/2325/1930
f 3984/4890/3960 1958/2332/1937 3983/4889/3959
f 3912/4813/3887 3983/4889/3959 3911/4814/3888
f 3912/4820/3887 3985/4891/3961 3984/4892/3960
f 3984/4892/3960 1964/2340/1943 1962/2333/1936
f 3986/4893/3962 1964/2340/1943 3985/4891/3961
f 3918/4821/3893 3985/4891/3961 3917/4822/3894
f 3918/4821/3893 3987/4894/3963 3986/4893/3962
f 3986/4893/3962 1970/2346/1949 1968/2339/1942
f 3988/4895/3964 1970/2346/1949 3987/4894/3963
f 3924/4827/3899 3987/4894/3963 3923/4828/3900
f 3924/4827/3899 3989/4896/3965 3988/4895/3964
f 3988/4895/3964 1976/2352/1955 1974/2345/1948
f 3990/4897/3966 1976/2352/1955 3989/4896/3965
f 3930/4833/3905 3989/4896/3965 3929/4834/3906
f 3930/4833/3905 3991/4898/3967 3990/4897/3966
f 3990/4897/3966 1982/2358/1961 1980/2351/1954
f 3992/4899/3968 1982/2358/1961 3991/4898/3967
f 3936/4839/3911 3991/4898/3967 3935/4840/3912
f 3936/4839/3911 3993/4900/3969 3992/4899/3968
f 3992/4899/3968 1988/2364/1967 1986/2357/1960
f 3994/4901/3970 1988/2364/1967 3993/4900/3969
f 3942/4845/3917 3993/4900/3969 3941/4846/3918
f 3942/4845/3917 3995/4902/3971 3994/4901/3970
f 3994/4901/3970 1994/2370/1973 1992/2363/1966
f 3996/4903/3972 1994/2370/1973 3995/4902/3971
f 3948/4851/3923 3995/4902/3971 3947/4852/3924
f 3948/4851/3923 3997/4904/3973 3996/4903/3972
f 3996/4903/3972 2000/2376/1979 1998/2369/1972
f 3998/4905/3974 2000/2376/1979 3997/4904/3973
f 3954/4857/3929 3997/4904/3973 3953/4858/3930
f 3954/4857/3929 3999/4906/3975 3998/4905/3974
f 3998/4905/3974 2006/2382/1985 2004/2375/1978
f 4000/4907/3976 2006/2382/1985 3999/4906/3975
f 3960/4863/3935 3999/4906/3975 3959/4864/3936
f 3960/4870/3935 4001/4908/3977 4000/4909/3976
f 4000/4909/3976 2012/2390/1991 2010/2383/1984
f 4002/4910/3978 2012/2390/1991 4001/4908/3977
f 3966/4871/3941 4001/4908/3977 3965/4872/3942
f 3966/4871/3941 4003/4911/3979 4002/4910/3978
f 4002/4910/3978 2018/2394/1995 2016/2389/1990
f 3972/4879/3949 2018/2394/1995 4003/4911/3979
f 3880/4782/3856 4003/4911/3979 3971/4877/3947
f 1863/2231/1840 4004/4912/3980 1862/2229/1838
f 4005/4913/3981 3876/4780/3854 4004/4912/3980
f 4005/4913/3981 3884/4787/3861 3879/4778/3852
f 1863/2231/1840 4006/4914/3982 4005/4913/3981
f 1867/2235/1844 4006/4914/3982 1864/2230/1839
f 4007/4915/3983 3884/4787/3861 4006/4914/3982
f 4007/4915/3983 3890/4793/3867 3886/4786/3860
f 1867/2235/1844 4008/4916/3984 4007/4915/3983
f 1871/2239/1848 4008/4916/3984 1868/2234/1843
f 4009/4917/3985 3890/4793/3867 4008/4916/3984
f 4009/4917/3985 3896/4799/3873 3892/4792/3866
f 1871/2239/1848 4010/4918/3986 4009/4917/3985
f 1875/2243/1852 4010/4918/3986 1872/2238/1847
f 4011/4919/3987 3896/4799/3873 4010/4918/3986
f 4011/4919/3987 3902/4805/3879 3898/4798/3872
f 1875/2243/1852 4012/4920/3988 4011/4919/3987
f 1879/2247/1856 4012/4920/3988 1876/2242/1851
f 4013/4921/3989 3902/4805/3879 4012/4920/3988
f 4013/4921/3989 3908/4811/3885 3904/4804/3878
f 1879/2247/1856 4014/4922/3990 4013/4921/3989
f 1883/2251/1860 4014/4922/3990 1880/2246/1855
f 4015/4923/3991 3908/4811/3885 4014/4922/3990
f 4015/4923/3991 3914/4924/3891 3910/4810/3884
f 1883/2251/1860 4016/4925/3992 4015/4923/3991
f 1887/2257/1864 4016/4926/3992 1884/2255/1859
f 4017/4927/3993 3914/4818/3891 4016/4926/3992
f 4017/4927/3993 3920/4825/3897 3916/4816/3890
f 1887/2257/1864 4018/4928/3994 4017/4927/3993
f 1891/2261/1868 4018/4928/3994 1888/2256/1863
f 4019/4929/3995 3920/4825/3897 4018/4928/3994
f 4019/4929/3995 3926/4831/3903 3922/4824/3896
f 1891/2261/1868 4020/4930/3996 4019/4929/3995
f 1895/2265/1872 4020/4930/3996 1892/2260/1867
f 4021/4931/3997 3926/4831/3903 4020/4930/3996
f 4021/4931/3997 3932/4837/3909 3928/4830/3902
f 1895/2265/1872 4022/4932/3998 4021/4931/3997
f 1899/2269/1876 4022/4932/3998 1896/2264/1871
f 4023/4933/3999 3932/4837/3909 4022/4932/3998
f 4023/4933/3999 3938/4843/3915 3934/4836/3908
f 1899/2269/1876 4024/4934/4000 4023/4933/3999
f 1903/2273/1880 4024/4934/4000 1900/2268/1875
f 4025/4935/4001 3938/4843/3915 4024/4934/4000
f 4025/4935/4001 3944/4849/3921 3940/4842/3914
f 1903/2273/1880 4026/4936/4002 4025/4935/4001
f 1907/2277/1884 4026/4936/4002 1904/2272/1879
f 4027/4937/4003 3944/4849/3921 4026/4936/4002
f 4027/4937/4003 3950/4855/3927 3946/4848/3920
f 1907/2277/1884 4028/4938/4004 4027/4937/4003
f 1911/2281/1888 4028/4938/4004 1908/2276/1883
f 4029/4939/4005 3950/4855/3927 4028/4938/4004
f 4029/4939/4005 3956/4861/3933 3952/4854/3926
f 1911/2281/1888 4030/4940/4006 4029/4939/4005
f 1915/2285/1892 4030/4940/4006 1912/2280/1887
f 4031/4941/4007 3956/4861/3933 4030/4940/4006
f 4031/4941/4007 3962/4942/3939 3958/4860/3932
f 1915/2285/1892 4032/4943/4008 4031/4941/4007
f 1919/2291/1896 4032/4944/4008 1916/2289/1891
f 4033/4945/4009 3962/4868/3939 4032/4944/4008
f 4033/4945/4009 3968/4875/3945 3964/4866/3938
f 1919/2291/1896 4034/4946/4010 4033/4945/4009
f 1923/2294/1899 4034/4946/4010 1920/2293/1898
f 4035/4947/4011 3968/4875/3945 4034/4946/4010
f 4035/4947/4011 3876/4780/3854 3970/4874/3944
f 1923/2294/1899 4004/4912/3980 4035/4947/4011
f 2/1/1 3/123/115 4/2/2
f 6/4/4 7/19/19 8/5/5
f 10/7/7 11/4948/4012 12/8/8
f 10/7/7 9/9/9 13/10/10
f 16/12/12 17/84/81 18/13/13
f 20/15/15 21/165/150 22/16/16
f 6/4/4 23/34/33 24/18/18
f 26/20/20 27/4949/4013 28/21/21
f 29/23/23 19/80/17 6/4/4
f 31/24/24 32/49/48 33/25/25
f 34/27/27 35/76/75 36/28/28
f 39/30/30 40/158/146 15/31/14
f 42/33/32 41/4950/4014 24/18/18
f 41/4950/4014 28/21/21 24/18/18
f 28/21/21 27/4949/4013 24/18/18
f 24/18/18 23/34/33 42/33/32
f 23/34/33 14/11/11 13/10/10
f 7/19/19 44/164/149 45/35/34
f 47/37/36 48/4951/4015 49/38/37
f 51/40/39 52/4952/4016 53/41/40
f 55/43/42 20/15/15 56/44/43
f 26/20/20 25/22/22 57/46/45
f 59/48/47 60/110/104 32/49/48
f 53/41/40 52/4952/4016 45/35/34
f 52/4952/4016 49/38/37 48/4951/4015
f 45/35/34 52/4952/4016 48/4951/4015
f 45/35/34 44/164/149 53/41/40
f 44/164/149 58/47/46 53/41/40
f 47/37/36 46/39/38 61/50/49
f 64/52/51 65/4953/4017 66/53/52
f 67/55/54 43/36/35 55/43/42
f 51/40/39 68/68/67 69/56/55
f 70/57/56 69/56/55 72/58/57
f 69/56/55 66/53/52 71/59/58
f 66/53/52 65/4953/4017 71/59/58
f 71/59/58 72/58/57 69/56/55
f 72/58/57 62/51/50 61/50/49
f 43/36/35 72/58/57 71/59/58
f 5/6/6 8/5/5 73/60/59
f 55/43/42 75/74/73 76/62/61
f 78/63/62 79/4954/4018 80/64/63
f 81/66/65 82/4955/4019 83/67/66
f 89/71/70 84/168/151 22/16/16
f 84/168/151 85/167/74 86/4956/4020
f 22/16/16 84/168/151 86/4956/4020
f 22/16/16 21/165/150 89/71/70
f 21/165/150 87/69/68 89/71/70
f 64/52/51 63/54/53 90/72/71
f 78/63/62 77/65/64 88/70/69
f 83/67/66 82/4955/4019 76/62/61
f 82/4955/4019 80/64/63 76/62/61
f 80/64/63 79/4954/4018 76/62/61
f 76/62/61 75/74/73 83/67/66
f 75/74/73 91/73/72 90/72/71
f 34/27/27 86/4957/4020 85/75/74
f 92/77/76 93/161/148 94/78/77
f 19/80/17 96/113/107 97/81/79
f 18/82/13 84/168/151 89/71/70
f 7/19/19 43/36/35 98/83/80
f 50/42/41 41/4950/4014 42/33/32
f 20/15/15 19/17/17 29/85/23
f 29/23/23 5/6/6 74/61/60
f 56/44/43 100/121/113 101/87/83
f 102/88/84 103/111/105 104/89/85
f 107/91/87 39/30/30 38/32/31
f 54/45/44 101/87/83 108/93/89
f 109/94/90 110/4958/154 111/95/91
f 111/95/91 113/98/94 114/97/93
f 113/98/94 115/170/153 116/99/95
f 116/99/95 115/170/153 117/100/96
f 117/100/96 119/103/99 120/102/98
f 119/103/99 110/171/154 109/104/90
f 121/105/100 122/150/112 123/106/101
f 125/108/103 126/160/147 92/77/76
f 94/109/77 93/162/148 60/110/104
f 16/12/12 127/122/114 103/111/105
f 38/32/31 15/31/14 18/82/13
f 106/92/88 38/32/31 81/66/65
f 106/92/88 68/68/67 51/40/39
f 102/88/84 105/90/86 51/40/39
f 16/12/12 102/88/84 50/42/41
f 129/112/106 128/169/152 96/113/107
f 128/169/152 12/8/8 97/81/79
f 12/8/8 11/4948/4012 97/81/79
f 97/81/79 96/113/107 128/169/152
f 96/113/107 37/29/29 36/28/28
f 1/3/3 4/2/2 131/114/108
f 104/89/85 107/91/87 106/92/88
f 98/83/80 108/93/89 73/60/59
f 132/116/110 121/105/100 124/107/102
f 130/115/109 131/114/108 123/118/101
f 56/44/43 29/85/23 99/120/82
f 15/14/14 40/159/146 127/122/114
f 2/1/1 132/116/110 133/117/111
f 73/60/59 134/125/117 135/124/116
f 130/115/109 135/124/116 134/125/117
f 137/126/118 138/152/142 139/127/119
f 140/129/121 141/163/145 142/130/122
f 144/132/124 145/139/131 146/133/125
f 149/135/127 150/141/133 151/136/128
f 108/93/89 152/138/130 134/125/117
f 1/3/3 134/125/117 152/138/130
f 145/139/131 136/128/120 139/127/119
f 149/135/127 153/153/143 154/140/132
f 101/87/83 100/121/113 155/142/134
f 121/105/100 132/116/110 156/143/135
f 157/144/136 144/132/124 147/134/126
f 148/137/129 151/136/128 160/146/138
f 74/61/60 135/124/116 161/148/140
f 130/115/109 122/119/112 161/148/140
f 100/121/113 99/120/82 161/149/140
f 122/150/112 121/105/100 155/142/134
f 162/151/141 163/4959/144 138/152/142
f 153/153/143 140/129/121 143/131/123
f 108/93/89 101/87/83 156/143/135
f 132/116/110 2/1/1 152/138/130
f 157/144/136 158/145/137 163/154/144
f 159/147/139 160/146/138 142/156/122
f 127/122/114 137/126/118 136/128/120
f 103/111/105 136/128/120 145/139/131
f 104/89/85 145/139/131 144/132/124
f 39/30/30 107/91/87 144/132/124
f 40/158/146 39/30/30 157/144/136
f 40/159/146 162/151/141 137/126/118
f 139/127/119 138/152/142 92/77/76
f 146/133/125 33/25/25 32/49/48
f 139/127/119 126/160/147 33/25/25
f 158/145/137 147/134/126 32/49/48
f 138/152/142 163/4959/144 93/161/148
f 158/145/137 60/110/104 93/162/148
f 140/129/121 153/153/143 125/108/103
f 148/137/129 31/24/24 30/26/26
f 153/153/143 149/135/127 30/26/26
f 159/147/139 59/48/47 31/24/24
f 141/163/145 140/129/121 95/79/78
f 141/157/145 94/109/77 59/48/47
f 97/81/79 11/4948/4012 10/7/7
f 24/18/18 27/4949/4013 26/20/20
f 45/35/34 48/4951/4015 47/37/36
f 26/20/20 58/47/46 44/164/149
f 14/11/11 23/34/33 6/4/4
f 71/59/58 65/4953/4017 64/52/51
f 76/62/61 79/4954/4018 78/63/62
f 78/63/62 87/69/68 21/165/150
f 91/73/72 75/74/73 55/43/42
f 37/29/29 96/113/107 19/80/17
f 22/16/16 86/4956/4020 34/166/27
f 62/51/50 72/58/57 43/36/35
f 36/28/28 35/76/75 18/13/13
f 12/8/8 128/169/152 17/84/81
f 13/10/10 9/9/9 17/84/81
f 28/21/21 41/4950/4014 50/42/41
f 18/82/13 35/4960/75 85/167/74
f 88/70/69 77/65/64 81/66/65
f 57/46/45 25/22/22 50/42/41
f 49/38/37 52/4952/4016 51/40/39
f 51/40/39 70/57/56 61/50/49
f 66/53/52 69/56/55 68/68/67
f 90/72/71 63/54/53 68/68/67
f 80/64/63 82/4955/4019 81/66/65
f 18/13/13 17/84/81 128/169/152
f 117/100/96 115/170/153 3/123/115
f 111/95/91 131/114/108 4/2/2
f 114/97/93 154/140/132 143/131/123
f 113/98/94 4/2/2 3/123/115
f 116/99/95 150/141/133 154/140/132
f 116/99/95 118/101/97 151/136/128
f 117/100/96 133/117/111 124/107/102
f 120/102/98 160/146/138 151/136/128
f 111/95/91 110/4958/154 123/118/101
f 119/103/99 124/107/102 123/106/101
f 109/94/90 112/96/92 143/131/123
f 109/104/90 142/156/122 160/146/138
f 33/25/25 126/160/147 125/108/103
f 167/172/155 166/175/158 165/173/156
f 166/175/158 169/178/161 168/176/159
f 166/175/158 171/179/162 170/177/160
f 167/172/155 172/181/164 171/179/162
f 174/180/163 173/182/165 171/179/162
f 173/182/165 175/184/161 170/177/160
f 173/182/165 177/185/167 176/183/166
f 174/180/163 178/187/169 177/185/167
f 180/186/168 179/188/170 177/185/167
f 179/188/170 181/190/161 176/183/166
f 179/188/170 183/191/172 182/189/171
f 180/186/168 184/193/174 183/191/172
f 186/192/173 185/194/175 183/191/172
f 185/194/175 187/196/161 182/189/171
f 185/194/175 189/197/177 188/195/176
f 186/192/173 190/199/179 189/197/177
f 192/198/178 191/200/180 189/197/177
f 191/200/180 193/202/161 188/195/176
f 191/200/180 195/203/182 194/201/181
f 192/198/178 196/205/184 195/203/182
f 198/204/183 197/206/185 195/203/182
f 197/206/185 199/208/161 194/201/181
f 197/206/185 201/209/187 200/207/186
f 198/204/183 202/211/189 201/209/187
f 204/210/188 203/212/190 201/209/187
f 203/212/190 205/214/161 200/207/186
f 203/212/190 207/215/192 206/213/191
f 204/210/188 208/217/194 207/215/192
f 210/216/193 209/218/195 207/215/192
f 209/218/195 211/220/161 206/213/191
f 209/218/195 213/221/197 212/219/196
f 210/216/193 214/223/199 213/221/197
f 216/222/198 215/224/200 213/221/197
f 215/224/200 217/226/161 212/219/196
f 215/224/200 219/227/202 218/225/201
f 216/222/198 220/229/204 219/227/202
f 222/228/203 221/230/205 219/227/202
f 221/230/205 223/232/161 218/225/201
f 221/230/205 225/233/207 224/231/206
f 222/228/203 226/235/209 225/233/207
f 228/234/208 227/236/210 225/233/207
f 227/236/210 229/238/161 224/231/206
f 227/236/210 231/239/212 230/237/211
f 228/234/208 232/241/214 231/239/212
f 234/240/213 233/242/215 231/239/212
f 233/242/215 235/244/161 230/237/211
f 233/242/215 237/245/217 236/243/216
f 234/240/213 238/247/219 237/245/217
f 240/246/218 239/248/220 237/245/217
f 239/248/220 241/250/161 236/243/216
f 239/248/220 243/251/222 242/249/221
f 240/246/218 244/253/224 243/251/222
f 246/252/223 245/254/225 243/251/222
f 245/254/225 247/256/161 242/249/221
f 245/254/225 249/257/227 248/255/226
f 246/252/223 250/259/229 249/257/227
f 252/258/228 251/260/230 249/257/227
f 251/260/230 253/262/161 248/255/226
f 251/260/230 255/263/232 254/261/231
f 252/258/228 256/265/234 255/263/232
f 258/264/233 257/266/235 255/263/232
f 257/266/235 259/267/161 254/261/231
f 257/266/235 165/173/156 168/176/159
f 258/264/233 164/174/157 165/173/156
f 260/268/236 263/275/243 262/269/237
f 261/270/238 262/269/237 265/271/239
f 267/273/241 266/278/246 265/271/239
f 268/274/242 267/273/241 262/269/237
f 268/274/242 270/281/249 269/276/244
f 267/273/241 269/276/244 271/277/245
f 273/279/247 272/284/252 271/277/245
f 274/280/248 273/279/247 269/276/244
f 274/280/248 276/287/255 275/282/250
f 273/279/247 275/282/250 277/283/251
f 279/285/253 278/290/258 277/283/251
f 280/286/254 279/285/253 275/282/250
f 280/286/254 282/293/261 281/288/256
f 279/285/253 281/288/256 283/289/257
f 285/291/259 284/296/264 283/289/257
f 286/292/260 285/291/259 281/288/256
f 286/292/260 288/299/267 287/294/262
f 285/291/259 287/294/262 289/295/263
f 291/297/265 290/302/270 289/295/263
f 292/298/266 291/297/265 287/294/262
f 292/298/266 294/305/273 293/300/268
f 291/297/265 293/300/268 295/301/269
f 297/303/271 296/308/276 295/301/269
f 298/304/272 297/303/271 293/300/268
f 298/304/272 300/311/279 299/306/274
f 297/303/271 299/306/274 301/307/275
f 303/309/277 302/314/282 301/307/275
f 304/310/278 303/309/277 299/306/274
f 304/310/278 306/317/285 305/312/280
f 303/309/277 305/312/280 307/313/281
f 309/315/283 308/320/288 307/313/281
f 310/316/284 309/315/283 305/312/280
f 310/316/284 312/323/291 311/318/286
f 309/315/283 311/318/286 313/319/287
f 315/321/289 314/326/294 313/319/287
f 316/322/290 315/321/289 311/318/286
f 316/322/290 318/329/297 317/324/292
f 315/321/289 317/324/292 319/325/293
f 321/327/295 320/332/300 319/325/293
f 322/328/296 321/327/295 317/324/292
f 322/328/296 324/335/303 323/330/298
f 321/327/295 323/330/298 325/331/299
f 327/333/301 326/338/306 325/331/299
f 328/334/302 327/333/301 323/330/298
f 328/334/302 330/341/309 329/336/304
f 327/333/301 329/336/304 331/337/305
f 333/339/307 332/344/312 331/337/305
f 334/340/308 333/339/307 329/336/304
f 334/340/308 336/347/315 335/342/310
f 333/339/307 335/342/310 337/343/311
f 339/345/313 338/350/318 337/343/311
f 340/346/314 339/345/313 335/342/310
f 340/346/314 342/353/321 341/348/316
f 339/345/313 341/348/316 343/349/317
f 345/351/319 344/356/324 343/349/317
f 346/352/320 345/351/319 341/348/316
f 346/352/320 348/359/327 347/354/322
f 345/351/319 347/354/322 349/355/323
f 351/357/325 350/362/330 349/355/323
f 352/358/326 351/357/325 347/354/322
f 352/358/326 354/363/331 353/360/328
f 351/357/325 353/360/328 355/361/329
f 261/270/238 264/272/240 355/361/329
f 260/268/236 261/270/238 353/360/328
f 356/364/332 359/371/339 358/365/333
f 357/366/334 358/365/333 361/367/335
f 363/369/337 362/374/342 361/367/335
f 364/370/338 363/369/337 358/365/333
f 364/370/338 366/377/345 365/372/340
f 363/369/337 365/372/340 367/373/341
f 369/375/343 368/380/348 367/373/341
f 370/376/344 369/375/343 365/372/340
f 370/376/344 372/383/351 371/378/346
f 369/375/343 371/378/346 373/379/347
f 375/381/349 374/386/354 373/379/347
f 376/382/350 375/381/349 371/378/346
f 376/382/350 378/389/357 377/384/352
f 375/381/349 377/384/352 379/385/353
f 381/387/355 380/392/360 379/385/353
f 382/388/356 381/387/355 377/384/352
f 382/388/356 384/395/363 383/390/358
f 381/387/355 383/390/358 385/391/359
f 387/393/361 386/398/366 385/391/359
f 388/394/362 387/393/361 383/390/358
f 388/394/362 390/401/369 389/396/364
f 387/393/361 389/396/364 391/397/365
f 393/399/367 392/404/372 391/397/365
f 394/400/368 393/399/367 389/396/364
f 394/400/368 396/407/375 395/402/370
f 393/399/367 395/402/370 397/403/371
f 399/405/373 398/410/378 397/403/371
f 400/406/374 399/405/373 395/402/370
f 400/406/374 402/413/381 401/408/376
f 399/405/373 401/408/376 403/409/377
f 405/411/379 404/416/384 403/409/377
f 406/412/380 405/411/379 401/408/376
f 406/412/380 408/419/387 407/414/382
f 405/411/379 407/414/382 409/415/383
f 411/417/385 410/422/390 409/415/383
f 412/418/386 411/417/385 407/414/382
f 412/418/386 414/425/393 413/420/388
f 411/417/385 413/420/388 415/421/389
f 417/423/391 416/428/396 415/421/389
f 418/424/392 417/423/391 413/420/388
f 418/424/392 420/431/399 419/426/394
f 417/423/391 419/426/394 421/427/395
f 423/429/397 422/434/402 421/427/395
f 424/430/398 423/429/397 419/426/394
f 424/430/398 426/437/405 425/432/400
f 423/429/397 425/432/400 427/433/401
f 429/435/403 428/440/408 427/433/401
f 430/436/404 429/435/403 425/432/400
f 430/436/404 432/443/411 431/438/406
f 429/435/403 431/438/406 433/439/407
f 435/441/409 434/446/414 433/439/407
f 436/442/410 435/441/409 431/438/406
f 436/442/410 438/449/417 437/444/412
f 435/441/409 437/444/412 439/445/413
f 441/447/415 440/452/420 439/445/413
f 442/448/416 441/447/415 437/444/412
f 442/448/416 444/455/423 443/450/418
f 441/447/415 443/450/418 445/451/419
f 447/453/421 446/458/426 445/451/419
f 448/454/422 447/453/421 443/450/418
f 448/454/422 450/459/427 449/456/424
f 447/453/421 449/456/424 451/457/425
f 357/366/334 360/368/336 451/457/425
f 356/364/332 357/366/334 449/456/424
f 360/460/336 361/467/335 453/461/428
f 452/462/429 453/461/428 455/463/430
f 457/465/432 456/470/435 455/463/430
f 362/466/342 457/465/432 453/461/428
f 362/466/342 367/473/341 458/468/433
f 457/465/432 458/468/433 459/469/434
f 461/471/436 460/476/439 459/469/434
f 368/472/348 461/471/436 458/468/433
f 368/472/348 373/479/347 462/474/437
f 461/471/436 462/474/437 463/475/438
f 465/477/440 464/482/443 463/475/438
f 374/478/354 465/477/440 462/474/437
f 374/478/354 379/485/353 466/480/441
f 465/477/440 466/480/441 467/481/442
f 469/483/444 468/488/447 467/481/442
f 380/484/360 469/483/444 466/480/441
f 380/484/360 385/491/359 470/486/445
f 469/483/444 470/486/445 471/487/446
f 473/489/448 472/494/451 471/487/446
f 386/490/366 473/489/448 470/486/445
f 386/490/366 391/497/365 474/492/449
f 473/489/448 474/492/449 475/493/450
f 477/495/452 476/585/455 475/493/450
f 392/496/372 477/495/452 474/492/449
f 392/498/372 397/505/371 478/499/453
f 477/500/452 478/499/453 479/501/454
f 481/503/456 480/508/459 479/501/454
f 398/504/378 481/503/456 478/499/453
f 398/504/378 403/511/377 482/506/457
f 481/503/456 482/506/457 483/507/458
f 485/509/460 484/514/463 483/507/458
f 404/510/384 485/509/460 482/506/457
f 404/510/384 409/517/383 486/512/461
f 485/509/460 486/512/461 487/513/462
f 489/515/464 488/520/467 487/513/462
f 410/516/390 489/515/464 486/512/461
f 410/516/390 415/523/389 490/518/465
f 489/515/464 490/518/465 491/519/466
f 493/521/468 492/526/471 491/519/466
f 416/522/396 493/521/468 490/518/465
f 416/522/396 421/529/395 494/524/469
f 493/521/468 494/524/469 495/525/470
f 497/527/472 496/532/475 495/525/470
f 422/528/402 497/527/472 494/524/469
f 422/528/402 427/535/401 498/530/473
f 497/527/472 498/530/473 499/531/474
f 501/533/476 500/538/479 499/531/474
f 428/534/408 501/533/476 498/530/473
f 428/534/408 433/541/407 502/536/477
f 501/533/476 502/536/477 503/537/478
f 505/539/480 504/544/483 503/537/478
f 434/540/414 505/539/480 502/536/477
f 434/540/414 439/547/413 506/542/481
f 505/539/480 506/542/481 507/543/482
f 509/545/484 508/619/487 507/543/482
f 440/546/420 509/545/484 506/542/481
f 440/548/420 445/555/419 510/549/485
f 509/550/484 510/549/485 511/551/486
f 513/553/488 512/558/491 511/551/486
f 446/554/426 513/553/488 510/549/485
f 446/554/426 451/559/425 514/556/489
f 513/553/488 514/556/489 515/557/490
f 452/462/429 454/464/431 515/557/490
f 360/460/336 452/462/429 514/556/489
f 454/464/431 455/463/430 517/560/492
f 516/561/493 517/560/492 519/562/494
f 521/564/496 520/567/499 519/562/494
f 456/470/435 521/564/496 517/560/492
f 456/470/435 459/469/434 522/565/497
f 521/564/496 522/565/497 523/566/498
f 525/568/500 524/571/503 523/566/498
f 460/476/439 525/568/500 522/565/497
f 460/476/439 463/475/438 526/569/501
f 525/568/500 526/569/501 527/570/502
f 529/572/504 528/575/507 527/570/502
f 464/482/443 529/572/504 526/569/501
f 464/482/443 467/481/442 530/573/505
f 529/572/504 530/573/505 531/574/506
f 533/576/508 532/579/511 531/574/506
f 468/488/447 533/576/508 530/573/505
f 468/488/447 471/487/446 534/577/509
f 533/576/508 534/577/509 535/578/510
f 537/580/512 536/583/515 535/578/510
f 472/494/451 537/580/512 534/577/509
f 472/494/451 475/493/450 538/581/513
f 537/580/512 538/581/513 539/582/514
f 541/584/516 540/653/519 539/582/514
f 476/585/455 541/584/516 538/581/513
f 476/502/455 479/501/454 542/586/517
f 541/587/516 542/586/517 543/588/518
f 545/590/520 544/593/523 543/588/518
f 480/508/459 545/590/520 542/586/517
f 480/508/459 483/507/458 546/591/521
f 545/590/520 546/591/521 547/592/522
f 549/594/524 548/597/527 547/592/522
f 484/514/463 549/594/524 546/591/521
f 484/514/463 487/513/462 550/595/525
f 549/594/524 550/595/525 551/596/526
f 553/598/528 552/601/531 551/596/526
f 488/520/467 553/598/528 550/595/525
f 488/520/467 491/519/466 554/599/529
f 553/598/528 554/599/529 555/600/530
f 557/602/532 556/605/535 555/600/530
f 492/526/471 557/602/532 554/599/529
f 492/526/471 495/525/470 558/603/533
f 557/602/532 558/603/533 559/604/534
f 561/606/536 560/609/539 559/604/534
f 496/532/475 561/606/536 558/603/533
f 496/532/475 499/531/474 562/607/537
f 561/606/536 562/607/537 563/608/538
f 565/610/540 564/613/543 563/608/538
f 500/538/479 565/610/540 562/607/537
f 500/538/479 503/537/478 566/611/541
f 565/610/540 566/611/541 567/612/542
f 569/614/544 568/617/547 567/612/542
f 504/544/483 569/614/544 566/611/541
f 504/544/483 507/543/482 570/615/545
f 569/614/544 570/615/545 571/616/546
f 573/618/548 572/687/551 571/616/546
f 508/619/487 573/618/548 570/615/545
f 508/552/487 511/551/486 574/620/549
f 573/621/548 574/620/549 575/622/550
f 577/624/552 576/627/555 575/622/550
f 512/558/491 577/624/552 574/620/549
f 512/558/491 515/557/490 578/625/553
f 577/624/552 578/625/553 579/626/554
f 516/561/493 518/563/495 579/626/554
f 454/464/431 516/561/493 578/625/553
f 518/563/495 519/562/494 581/628/556
f 580/629/557 581/628/556 583/630/558
f 585/632/560 584/635/563 583/630/558
f 520/567/499 585/632/560 581/628/556
f 520/567/499 523/566/498 586/633/561
f 585/632/560 586/633/561 587/634/562
f 589/636/564 588/639/567 587/634/562
f 524/571/503 589/636/564 586/633/561
f 524/571/503 527/570/502 590/637/565
f 589/636/564 590/637/565 591/638/566
f 593/640/568 592/643/571 591/638/566
f 528/575/507 593/640/568 590/637/565
f 528/575/507 531/574/506 594/641/569
f 593/640/568 594/641/569 595/642/570
f 597/644/572 596/647/575 595/642/570
f 532/579/511 597/644/572 594/641/569
f 532/579/511 535/578/510 598/645/573
f 597/644/572 598/645/573 599/646/574
f 601/648/576 600/651/579 599/646/574
f 536/583/515 601/648/576 598/645/573
f 536/583/515 539/582/514 602/649/577
f 601/648/576 602/649/577 603/650/578
f 605/652/580 604/4961/583 603/650/578
f 540/653/519 605/652/580 602/649/577
f 540/589/519 543/588/518 606/654/581
f 605/655/580 606/654/581 607/656/582
f 609/658/584 608/661/587 607/656/582
f 544/593/523 609/658/584 606/654/581
f 544/593/523 547/592/522 610/659/585
f 609/658/584 610/659/585 611/660/586
f 613/662/588 612/665/591 611/660/586
f 548/597/527 613/662/588 610/659/585
f 548/597/527 551/596/526 614/663/589
f 613/662/588 614/663/589 615/664/590
f 617/666/592 616/669/595 615/664/590
f 552/601/531 617/666/592 614/663/589
f 552/601/531 555/600/530 618/667/593
f 617/666/592 618/667/593 619/668/594
f 621/670/596 620/673/599 619/668/594
f 556/605/535 621/670/596 618/667/593
f 556/605/535 559/604/534 622/671/597
f 621/670/596 622/671/597 623/672/598
f 625/674/600 624/677/603 623/672/598
f 560/609/539 625/674/600 622/671/597
f 560/609/539 563/608/538 626/675/601
f 625/674/600 626/675/601 627/676/602
f 629/678/604 628/681/607 627/676/602
f 564/613/543 629/678/604 626/675/601
f 564/613/543 567/612/542 630/679/605
f 629/678/604 630/679/605 631/680/606
f 633/682/608 632/685/611 631/680/606
f 568/617/547 633/682/608 630/679/605
f 568/617/547 571/616/546 634/683/609
f 633/682/608 634/683/609 635/684/610
f 637/686/612 636/4962/615 635/684/610
f 572/687/551 637/686/612 634/683/609
f 572/623/551 575/622/550 638/688/613
f 637/689/612 638/688/613 639/690/614
f 641/692/616 640/695/619 639/690/614
f 576/627/555 641/692/616 638/688/613
f 576/627/555 579/626/554 642/693/617
f 641/692/616 642/693/617 643/694/618
f 580/629/557 582/631/559 643/694/618
f 518/563/495 580/629/557 642/693/617
f 583/630/558 645/697/621 644/696/620
f 645/697/621 647/700/624 646/698/622
f 645/697/621 649/701/625 648/699/623
f 583/630/558 584/635/563 649/701/625
f 587/634/562 650/702/626 649/701/625
f 650/702/626 651/704/628 648/699/623
f 650/702/626 653/705/629 652/703/627
f 587/634/562 588/639/567 653/705/629
f 591/638/566 654/706/630 653/705/629
f 654/706/630 655/708/632 652/703/627
f 654/706/630 657/709/633 656/707/631
f 591/638/566 592/643/571 657/709/633
f 595/642/570 658/710/634 657/709/633
f 658/710/634 659/712/636 656/707/631
f 658/710/634 661/713/637 660/711/635
f 595/642/570 596/647/575 661/713/637
f 599/646/574 662/714/638 661/713/637
f 662/714/638 663/716/640 660/711/635
f 662/714/638 665/717/641 664/715/639
f 599/646/574 600/651/579 665/717/641
f 603/650/578 666/718/642 665/717/641
f 666/718/642 667/720/644 664/715/639
f 666/718/642 669/721/645 668/719/643
f 603/650/578 604/4961/583 669/721/645
f 607/656/582 670/723/646 669/722/645
f 670/723/646 671/726/648 668/724/643
f 670/723/646 673/727/649 672/725/647
f 607/656/582 608/661/587 673/727/649
f 611/660/586 674/728/650 673/727/649
f 674/728/650 675/730/652 672/725/647
f 674/728/650 677/731/653 676/729/651
f 611/660/586 612/665/591 677/731/653
f 615/664/590 678/732/654 677/731/653
f 678/732/654 679/734/656 676/729/651
f 678/732/654 681/735/657 680/733/655
f 615/664/590 616/669/595 681/735/657
f 619/668/594 682/736/658 681/735/657
f 682/736/658 683/738/660 680/733/655
f 682/736/658 685/739/661 684/737/659
f 619/668/594 620/673/599 685/739/661
f 623/672/598 686/740/662 685/739/661
f 686/740/662 687/742/664 684/737/659
f 686/740/662 689/743/665 688/741/663
f 623/672/598 624/677/603 689/743/665
f 627/676/602 690/744/666 689/743/665
f 690/744/666 691/746/668 688/741/663
f 690/744/666 693/747/669 692/745/667
f 627/676/602 628/681/607 693/747/669
f 631/680/606 694/748/670 693/747/669
f 694/748/670 695/750/672 692/745/667
f 694/748/670 697/751/673 696/749/671
f 631/680/606 632/685/611 697/751/673
f 635/684/610 698/752/674 697/751/673
f 698/752/674 699/754/676 696/749/671
f 698/752/674 701/755/677 700/753/675
f 635/684/610 636/4962/615 701/755/677
f 639/690/614 702/757/678 701/756/677
f 702/757/678 703/760/680 700/758/675
f 702/757/678 705/761/681 704/759/679
f 639/690/614 640/695/619 705/761/681
f 643/694/618 706/762/682 705/761/681
f 706/762/682 707/763/683 704/759/679
f 706/762/682 644/696/620 646/698/622
f 643/694/618 582/631/559 644/696/620
f 708/764/684 711/773/691 710/765/685
f 709/767/686 710/771/685 713/768/687
f 715/770/689 714/777/694 713/768/687
f 716/772/690 715/775/689 710/765/685
f 716/772/690 718/781/697 717/774/692
f 715/770/689 717/779/692 719/776/693
f 721/778/695 720/785/700 719/776/693
f 722/780/696 721/783/695 717/774/692
f 722/780/696 724/789/703 723/782/698
f 721/778/695 723/787/698 725/784/699
f 727/786/701 726/793/706 725/784/699
f 728/788/702 727/791/701 723/782/698
f 728/788/702 730/797/709 729/790/704
f 727/786/701 729/795/704 731/792/705
f 733/794/707 732/801/712 731/792/705
f 734/796/708 733/799/707 729/790/704
f 734/796/708 736/805/715 735/798/710
f 733/794/707 735/803/710 737/800/711
f 739/802/713 738/809/718 737/800/711
f 740/804/714 739/807/713 735/798/710
f 740/804/714 742/813/721 741/806/716
f 739/802/713 741/811/716 743/808/717
f 745/810/719 744/4963/724 743/808/717
f 746/812/720 745/815/719 741/806/716
f 746/812/720 748/822/727 747/814/722
f 745/816/719 747/820/722 749/817/723
f 751/819/725 750/826/730 749/817/723
f 752/821/726 751/824/725 747/814/722
f 752/821/726 754/830/733 753/823/728
f 751/819/725 753/828/728 755/825/729
f 757/827/731 756/834/736 755/825/729
f 758/829/732 757/832/731 753/823/728
f 758/829/732 760/838/739 759/831/734
f 757/827/731 759/836/734 761/833/735
f 763/835/737 762/842/742 761/833/735
f 764/837/738 763/840/737 759/831/734
f 764/837/738 766/846/745 765/839/740
f 763/835/737 765/844/740 767/841/741
f 769/843/743 768/850/748 767/841/741
f 770/845/744 769/848/743 765/839/740
f 770/845/744 772/854/751 771/847/746
f 769/843/743 771/852/746 773/849/747
f 775/851/749 774/858/753 773/849/747
f 776/853/750 775/856/749 771/847/746
f 776/853/750 778/862/757 777/855/752
f 777/857/752 779/860/755 774/858/753
f 781/859/754 780/866/760 779/860/755
f 782/861/756 781/864/754 777/855/752
f 782/861/756 784/870/763 783/863/758
f 781/859/754 783/868/758 785/865/759
f 787/867/761 786/874/766 785/865/759
f 788/869/762 787/872/761 783/863/758
f 788/869/762 790/878/769 789/871/764
f 787/867/761 789/875/764 791/873/765
f 789/875/764 793/4964/771 792/876/767
f 794/877/768 793/880/771 789/871/764
f 794/877/768 796/887/775 795/879/770
f 793/881/771 795/885/770 797/882/772
f 799/884/773 798/891/778 797/882/772
f 800/886/774 799/889/773 795/879/770
f 800/886/774 802/893/779 801/888/776
f 799/884/773 801/892/776 803/890/777
f 709/767/686 712/769/688 803/890/777
f 708/764/684 709/766/686 801/888/776
f 713/894/687 805/897/781 804/895/780
f 805/897/781 807/900/784 806/898/782
f 805/897/781 809/901/785 808/899/783
f 713/894/687 714/903/694 809/901/785
f 719/902/693 810/904/786 809/901/785
f 810/904/786 811/906/788 808/899/783
f 810/904/786 813/907/789 812/905/787
f 719/902/693 720/909/700 813/907/789
f 725/908/699 814/910/790 813/907/789
f 814/910/790 815/912/792 812/905/787
f 814/910/790 817/913/793 816/911/791
f 725/908/699 726/915/706 817/913/793
f 731/914/705 818/916/794 817/913/793
f 818/916/794 819/918/796 816/911/791
f 818/916/794 821/919/797 820/917/795
f 731/914/705 732/921/712 821/919/797
f 737/920/711 822/922/798 821/919/797
f 822/922/798 823/924/800 820/917/795
f 822/922/798 825/925/801 824/923/799
f 737/920/711 738/927/718 825/925/801
f 743/926/717 826/928/802 825/925/801
f 826/928/802 827/930/804 824/923/799
f 826/928/802 829/931/805 828/929/803
f 743/926/717 744/933/724 829/931/805
f 749/932/723 830/934/806 829/931/805
f 830/934/806 831/936/808 828/929/803
f 830/934/806 833/937/809 832/935/807
f 749/932/723 750/939/730 833/937/809
f 755/938/729 834/940/810 833/937/809
f 834/940/810 835/942/812 832/935/807
f 834/940/810 837/943/813 836/941/811
f 755/938/729 756/945/736 837/943/813
f 761/944/735 838/946/814 837/943/813
f 838/946/814 839/948/816 836/941/811
f 838/946/814 841/949/817 840/947/815
f 761/944/735 762/951/742 841/949/817
f 767/950/741 842/952/818 841/949/817
f 842/952/818 843/954/820 840/947/815
f 842/952/818 845/955/821 844/953/819
f 767/950/741 768/957/748 845/955/821
f 773/956/747 846/958/822 845/955/821
f 846/958/822 847/960/824 844/953/819
f 846/958/822 849/961/825 848/959/823
f 773/956/747 774/963/753 849/961/825
f 779/962/755 850/964/826 849/961/825
f 850/964/826 851/966/828 848/959/823
f 850/964/826 853/967/829 852/965/827
f 779/962/755 780/969/760 853/967/829
f 785/968/759 854/970/830 853/967/829
f 854/970/830 855/972/832 852/965/827
f 854/970/830 857/973/833 856/971/831
f 785/968/759 786/975/766 857/973/833
f 791/974/765 858/976/834 857/973/833
f 858/976/834 859/978/836 856/971/831
f 858/976/834 861/979/837 860/977/835
f 791/974/765 792/981/767 861/979/837
f 797/980/772 862/982/838 861/979/837
f 862/982/838 863/984/840 860/977/835
f 862/982/838 865/985/841 864/983/839
f 797/980/772 798/987/778 865/985/841
f 803/986/777 866/988/842 865/985/841
f 866/988/842 867/989/843 864/983/839
f 866/988/842 804/895/780 806/898/782
f 803/986/777 712/896/688 804/895/780
f 871/990/844 870/996/850 869/991/845
f 869/991/845 870/996/850 873/993/847
f 875/995/849 874/1000/854 873/993/847
f 871/990/844 876/998/852 875/995/849
f 878/997/851 877/1002/856 875/995/849
f 875/995/849 877/1002/856 879/999/853
f 881/1001/855 880/1006/860 879/999/853
f 878/997/851 882/1004/858 881/1001/855
f 884/1003/857 883/1008/862 881/1001/855
f 881/1001/855 883/1008/862 885/1005/859
f 887/1007/861 886/1012/866 885/1005/859
f 884/1003/857 888/1010/864 887/1007/861
f 890/1009/863 889/1014/868 887/1007/861
f 887/1007/861 889/1014/868 891/1011/865
f 893/1013/867 892/1018/872 891/1011/865
f 890/1009/863 894/1016/870 893/1013/867
f 896/1015/869 895/1020/874 893/1013/867
f 893/1013/867 895/1020/874 897/1017/871
f 899/1019/873 898/1024/878 897/1017/871
f 896/1015/869 900/1022/876 899/1019/873
f 902/1021/875 901/1026/880 899/1019/873
f 899/1019/873 901/1026/880 903/1023/877
f 905/1025/879 904/4965/884 903/1023/877
f 902/1021/875 906/4966/882 905/1025/879
f 908/1027/881 907/1033/886 905/1028/879
f 905/1028/879 907/1033/886 909/1030/883
f 911/1032/885 910/1037/890 909/1030/883
f 908/1027/881 912/1035/888 911/1032/885
f 914/1034/887 913/1039/892 911/1032/885
f 911/1032/885 913/1039/892 915/1036/889
f 917/1038/891 916/1043/896 915/1036/889
f 914/1034/887 918/1041/894 917/1038/891
f 920/1040/893 919/1045/898 917/1038/891
f 917/1038/891 919/1045/898 921/1042/895
f 923/1044/897 922/1049/902 921/1042/895
f 920/1040/893 924/1047/900 923/1044/897
f 926/1046/899 925/1051/904 923/1044/897
f 923/1044/897 925/1051/904 927/1048/901
f 929/1050/903 928/1055/908 927/1048/901
f 926/1046/899 930/1053/906 929/1050/903
f 932/1052/905 931/1057/910 929/1050/903
f 929/1050/903 931/1057/910 933/1054/907
f 935/1056/909 934/1061/914 933/1054/907
f 932/1052/905 936/1059/912 935/1056/909
f 938/1058/911 937/1063/916 935/1056/909
f 935/1056/909 937/1063/916 939/1060/913
f 941/1062/915 940/1067/920 939/1060/913
f 938/1058/911 942/1065/918 941/1062/915
f 944/1064/917 943/1069/922 941/1062/915
f 941/1062/915 943/1069/922 945/1066/919
f 947/1068/921 946/1073/926 945/1066/919
f 944/1064/917 948/1071/924 947/1068/921
f 950/1070/923 949/1075/928 947/1068/921
f 947/1068/921 949/1075/928 951/1072/925
f 953/1074/927 952/4967/932 951/1072/925
f 950/1070/923 954/4968/930 953/1074/927
f 956/1076/929 955/1082/934 953/1077/927
f 953/1077/927 955/1082/934 957/1079/931
f 959/1081/933 958/1086/938 957/1079/931
f 956/1076/929 960/1084/936 959/1081/933
f 962/1083/935 961/1087/939 959/1081/933
f 959/1081/933 961/1087/939 963/1085/937
f 869/991/845 872/994/848 963/1085/937
f 962/1083/935 868/992/846 869/991/845
f 872/1088/848 873/1095/847 965/1089/940
f 964/1090/941 965/1089/940 967/1091/942
f 969/1093/944 968/1098/947 967/1091/942
f 874/1094/854 969/1093/944 965/1089/940
f 874/1094/854 879/1101/853 970/1096/945
f 969/1093/944 970/1096/945 971/1097/946
f 973/1099/948 972/1104/951 971/1097/946
f 880/1100/860 973/1099/948 970/1096/945
f 880/1100/860 885/1107/859 974/1102/949
f 973/1099/948 974/1102/949 975/1103/950
f 977/1105/952 976/1110/955 975/1103/950
f 886/1106/866 977/1105/952 974/1102/949
f 886/1106/866 891/1113/865 978/1108/953
f 977/1105/952 978/1108/953 979/1109/954
f 981/1111/956 980/1116/959 979/1109/954
f 892/1112/872 981/1111/956 978/1108/953
f 892/1112/872 897/1119/871 982/1114/957
f 981/1111/956 982/1114/957 983/1115/958
f 985/1117/960 984/1122/963 983/1115/958
f 898/1118/878 985/1117/960 982/1114/957
f 898/1118/878 903/1125/877 986/1120/961
f 985/1117/960 986/1120/961 987/1121/962
f 989/1123/964 988/1128/967 987/1121/962
f 904/1124/884 989/1123/964 986/1120/961
f 904/1124/884 909/1131/883 990/1126/965
f 989/1123/964 990/1126/965 991/1127/966
f 993/1129/968 992/1134/971 991/1127/966
f 910/1130/890 993/1129/968 990/1126/965
f 910/1130/890 915/1137/889 994/1132/969
f 993/1129/968 994/1132/969 995/1133/970
f 997/1135/972 996/1140/975 995/1133/970
f 916/1136/896 997/1135/972 994/1132/969
f 916/1136/896 921/1143/895 998/1138/973
f 997/1135/972 998/1138/973 999/1139/974
f 1001/1141/976 1000/1146/979 999/1139/974
f 922/1142/902 1001/1141/976 998/1138/973
f 922/1142/902 927/1149/901 1002/1144/977
f 1001/1141/976 1002/1144/977 1003/1145/978
f 1005/1147/980 1004/1152/983 1003/1145/978
f 928/1148/908 1005/1147/980 1002/1144/977
f 928/1148/908 933/1155/907 1006/1150/981
f 1005/1147/980 1006/1150/981 1007/1151/982
f 1009/1153/984 1008/1158/987 1007/1151/982
f 934/1154/914 1009/1153/984 1006/1150/981
f 934/1154/914 939/1161/913 1010/1156/985
f 1009/1153/984 1010/1156/985 1011/1157/986
f 1013/1159/988 1012/1164/991 1011/1157/986
f 940/1160/920 1013/1159/988 1010/1156/985
f 940/1160/920 945/1167/919 1014/1162/989
f 1013/1159/988 1014/1162/989 1015/1163/990
f 1017/1165/992 1016/1170/995 1015/1163/990
f 946/1166/926 1017/1165/992 1014/1162/989
f 946/1166/926 951/1173/925 1018/1168/993
f 1017/1165/992 1018/1168/993 1019/1169/994
f 1021/1171/996 1020/1176/999 1019/1169/994
f 952/1172/932 1021/1171/996 1018/1168/993
f 952/1172/932 957/1179/931 1022/1174/997
f 1021/1171/996 1022/1174/997 1023/1175/998
f 1025/1177/1000 1024/1182/1003 1023/1175/998
f 958/1178/938 1025/1177/1000 1022/1174/997
f 958/1178/938 963/1183/937 1026/1180/1001
f 1025/1177/1000 1026/1180/1001 1027/1181/1002
f 964/1090/941 966/1092/943 1027/1181/1002
f 872/1088/848 964/1090/941 1026/1180/1001
f 807/900/784 1029/1185/1005 1028/1184/1004
f 1029/1185/1005 871/1188/844 868/1186/846
f 1029/1185/1005 1030/1189/1006 876/1187/852
f 807/900/784 808/899/783 1030/1189/1006
f 811/906/788 1031/1190/1007 1030/1189/1006
f 1031/1190/1007 878/1192/851 876/1187/852
f 1031/1190/1007 1032/1193/1008 882/1191/858
f 811/906/788 812/905/787 1032/1193/1008
f 815/912/792 1033/1194/1009 1032/1193/1008
f 1033/1194/1009 884/1196/857 882/1191/858
f 1033/1194/1009 1034/1197/1010 888/1195/864
f 815/912/792 816/911/791 1034/1197/1010
f 819/918/796 1035/1198/1011 1034/1197/1010
f 1035/1198/1011 890/1200/863 888/1195/864
f 1035/1198/1011 1036/1201/1012 894/1199/870
f 819/918/796 820/917/795 1036/1201/1012
f 823/924/800 1037/1202/1013 1036/1201/1012
f 1037/1202/1013 896/1204/869 894/1199/870
f 1037/1202/1013 1038/1205/1014 900/1203/876
f 823/924/800 824/923/799 1038/1205/1014
f 827/930/804 1039/1206/1015 1038/1205/1014
f 1039/1206/1015 902/1208/875 900/1203/876
f 1039/1206/1015 1040/1209/1016 906/1207/882
f 827/930/804 828/929/803 1040/1209/1016
f 831/936/808 1041/1210/1017 1040/1209/1016
f 1041/1210/1017 908/1212/881 906/1207/882
f 1041/1210/1017 1042/1213/1018 912/1211/888
f 831/936/808 832/935/807 1042/1213/1018
f 835/942/812 1043/1214/1019 1042/1213/1018
f 1043/1214/1019 914/1216/887 912/1211/888
f 1043/1214/1019 1044/1217/1020 918/1215/894
f 835/942/812 836/941/811 1044/1217/1020
f 839/948/816 1045/1218/1021 1044/1217/1020
f 1045/1218/1021 920/1220/893 918/1215/894
f 1045/1218/1021 1046/1221/1022 924/1219/900
f 839/948/816 840/947/815 1046/1221/1022
f 843/954/820 1047/1222/1023 1046/1221/1022
f 1047/1222/1023 926/1224/899 924/1219/900
f 1047/1222/1023 1048/1225/1024 930/1223/906
f 843/954/820 844/953/819 1048/1225/1024
f 847/960/824 1049/1226/1025 1048/1225/1024
f 1049/1226/1025 932/1228/905 930/1223/906
f 1049/1226/1025 1050/1229/1026 936/1227/912
f 847/960/824 848/959/823 1050/1229/1026
f 851/966/828 1051/1230/1027 1050/1229/1026
f 1051/1230/1027 938/1232/911 936/1227/912
f 1051/1230/1027 1052/1233/1028 942/1231/918
f 851/966/828 852/965/827 1052/1233/1028
f 855/972/832 1053/1234/1029 1052/1233/1028
f 1053/1234/1029 944/1236/917 942/1231/918
f 1053/1234/1029 1054/1237/1030 948/1235/924
f 855/972/832 856/971/831 1054/1237/1030
f 859/978/836 1055/1238/1031 1054/1237/1030
f 1055/1238/1031 950/1240/923 948/1235/924
f 1055/1238/1031 1056/1241/1032 954/1239/930
f 859/978/836 860/977/835 1056/1241/1032
f 863/984/840 1057/1242/1033 1056/1241/1032
f 1057/1242/1033 956/1244/929 954/1239/930
f 1057/1242/1033 1058/1245/1034 960/1243/936
f 863/984/840 864/983/839 1058/1245/1034
f 867/989/843 1059/1246/1035 1058/1245/1034
f 1059/1246/1035 962/1247/935 960/1243/936
f 1059/1246/1035 1028/1184/1004 868/1186/846
f 867/989/843 806/898/782 1028/1184/1004
f 1063/1248/1036 1062/1251/1039 1061/1249/1037
f 1062/1251/1039 1065/1254/1042 1064/1252/1040
f 1062/1251/1039 1067/1255/1043 1066/1253/1041
f 1063/1248/1036 1068/1257/1045 1067/1255/1043
f 1070/1256/1044 1069/1258/1046 1067/1255/1043
f 1069/1258/1046 1071/1260/1048 1066/1253/1041
f 1069/1258/1046 1073/1261/1049 1072/1259/1047
f 1070/1256/1044 1074/1263/1051 1073/1261/1049
f 1076/1262/1050 1075/1264/1052 1073/1261/1049
f 1075/1264/1052 1077/1266/1054 1072/1259/1047
f 1075/1264/1052 1079/1267/1055 1078/1265/1053
f 1076/1262/1050 1080/1269/1057 1079/1267/1055
f 1082/1268/1056 1081/1270/1058 1079/1267/1055
f 1081/1270/1058 1083/1272/1060 1078/1265/1053
f 1081/1270/1058 1085/1273/1061 1084/1271/1059
f 1082/1268/1056 1086/1275/1063 1085/1273/1061
f 1088/1274/1062 1087/1276/1064 1085/1273/1061
f 1087/1276/1064 1089/1278/1066 1084/1271/1059
f 1087/1276/1064 1091/1279/1067 1090/1277/1065
f 1088/1274/1062 1092/1281/1069 1091/1279/1067
f 1094/1280/1068 1093/1282/1070 1091/1279/1067
f 1093/1282/1070 1095/1284/1072 1090/1277/1065
f 1093/1282/1070 1097/1285/1073 1096/1283/1071
f 1094/1280/1068 1098/1287/1075 1097/1285/1073
f 1100/1286/1074 1099/1288/1076 1097/1285/1073
f 1099/1288/1076 1101/1290/1078 1096/1283/1071
f 1099/1288/1076 1103/1291/1079 1102/1289/1077
f 1100/1286/1074 1104/1293/1081 1103/1291/1079
f 1106/1292/1080 1105/1294/1082 1103/1291/1079
f 1105/1294/1082 1107/1296/1084 1102/1289/1077
f 1105/1294/1082 1109/1297/1085 1108/1295/1083
f 1106/1292/1080 1110/1299/1087 1109/1297/1085
f 1112/1298/1086 1111/1300/1088 1109/1297/1085
f 1111/1300/1088 1113/1302/1090 1108/1295/1083
f 1111/1300/1088 1115/1303/1091 1114/1301/1089
f 1112/1298/1086 1116/1305/1093 1115/1303/1091
f 1118/1304/1092 1117/1306/1094 1115/1303/1091
f 1117/1306/1094 1119/1308/1096 1114/1301/1089
f 1117/1306/1094 1121/1309/1097 1120/1307/1095
f 1118/1304/1092 1122/1311/1099 1121/1309/1097
f 1124/1310/1098 1123/1312/1100 1121/1309/1097
f 1123/1312/1100 1125/1314/1102 1120/1307/1095
f 1123/1312/1100 1127/1315/1103 1126/1313/1101
f 1124/1310/1098 1128/1317/1105 1127/1315/1103
f 1130/1316/1104 1129/1318/1106 1127/1315/1103
f 1129/1318/1106 1131/1320/1108 1126/1313/1101
f 1129/1318/1106 1133/1321/1109 1132/1319/1107
f 1130/1316/1104 1134/1323/1111 1133/1321/1109
f 1136/1322/1110 1135/1324/1112 1133/1321/1109
f 1135/1324/1112 1137/1326/1114 1132/1319/1107
f 1135/1324/1112 1139/1327/1115 1138/1325/1113
f 1136/1322/1110 1140/1329/1117 1139/1327/1115
f 1142/1328/1116 1141/1330/1118 1139/1327/1115
f 1141/1330/1118 1143/1332/1120 1138/1325/1113
f 1141/1330/1118 1145/1333/1121 1144/1331/1119
f 1142/1328/1116 1146/1335/1123 1145/1333/1121
f 1148/1334/1122 1147/1336/1124 1145/1333/1121
f 1147/1336/1124 1149/1338/1126 1144/1331/1119
f 1147/1336/1124 1151/1339/1127 1150/1337/1125
f 1148/1334/1122 1152/1341/1129 1151/1339/1127
f 1154/1340/1128 1153/1342/1130 1151/1339/1127
f 1153/1342/1130 1155/1343/1131 1150/1337/1125
f 1153/1342/1130 1061/1249/1037 1064/1252/1040
f 1154/1340/1128 1060/1250/1038 1061/1249/1037
f 1064/1344/1040 1065/1353/1042 1157/1345/1132
f 1156/1347/1133 1157/1351/1132 1159/1348/1134
f 1161/1350/1136 1160/1357/1139 1159/1348/1134
f 1066/1352/1041 1161/1355/1136 1157/1345/1132
f 1066/1352/1041 1071/1361/1048 1162/1354/1137
f 1161/1350/1136 1162/1359/1137 1163/1356/1138
f 1165/1358/1140 1164/1365/1143 1163/1356/1138
f 1072/1360/1047 1165/1363/1140 1162/1354/1137
f 1072/1360/1047 1077/1369/1054 1166/1362/1141
f 1165/1358/1140 1166/1367/1141 1167/1364/1142
f 1169/1366/1144 1168/1373/1147 1167/1364/1142
f 1078/1368/1053 1169/1371/1144 1166/1362/1141
f 1078/1368/1053 1083/1377/1060 1170/1370/1145
f 1169/1366/1144 1170/1375/1145 1171/1372/1146
f 1173/1374/1148 1172/1381/1151 1171/1372/1146
f 1084/1376/1059 1173/1379/1148 1170/1370/1145
f 1084/1376/1059 1089/1385/1066 1174/1378/1149
f 1173/1374/1148 1174/1383/1149 1175/1380/1150
f 1177/1382/1152 1176/1389/1155 1175/1380/1150
f 1090/1384/1065 1177/1387/1152 1174/1378/1149
f 1090/1384/1065 1095/1393/1072 1178/1386/1153
f 1177/1382/1152 1178/1391/1153 1179/1388/1154
f 1181/1390/1156 1180/1398/1159 1179/1388/1154
f 1096/1392/1071 1181/4969/1156 1178/1386/1153
f 1096/1394/1071 1101/1402/1078 1182/1395/1157
f 1181/1390/1156 1182/1400/1157 1183/1397/1158
f 1185/1399/1160 1184/1406/1163 1183/1397/1158
f 1102/1401/1077 1185/1404/1160 1182/1395/1157
f 1102/1401/1077 1107/1410/1084 1186/1403/1161
f 1185/1399/1160 1186/1408/1161 1187/1405/1162
f 1189/1407/1164 1188/1414/1167 1187/1405/1162
f 1108/1409/1083 1189/1412/1164 1186/1403/1161
f 1108/1409/1083 1113/1418/1090 1190/1411/1165
f 1189/1407/1164 1190/1416/1165 1191/1413/1166
f 1193/1415/1168 1192/1422/1171 1191/1413/1166
f 1114/1417/1089 1193/1420/1168 1190/1411/1165
f 1114/1417/1089 1119/1425/1096 1194/1419/1169
f 1193/1415/1168 1194/1424/1169 1195/1421/1170
f 1197/1423/1172 1196/1430/1175 1195/1421/1170
f 1119/1425/1096 1120/1427/1095 1197/1426/1172
f 1120/1427/1095 1125/1434/1102 1198/1428/1173
f 1197/1423/1172 1198/1432/1173 1199/1429/1174
f 1201/1431/1176 1200/1438/1179 1199/1429/1174
f 1126/1433/1101 1201/1436/1176 1198/1428/1173
f 1126/1433/1101 1131/1442/1108 1202/1435/1177
f 1201/1431/1176 1202/1440/1177 1203/1437/1178
f 1205/1439/1180 1204/1446/1183 1203/1437/1178
f 1132/1441/1107 1205/1444/1180 1202/1435/1177
f 1132/1441/1107 1137/1450/1114 1206/1443/1181
f 1205/1439/1180 1206/1448/1181 1207/1445/1182
f 1209/1447/1184 1208/1454/1187 1207/1445/1182
f 1138/1449/1113 1209/1452/1184 1206/1443/1181
f 1138/1449/1113 1143/1458/1120 1210/1451/1185
f 1209/1447/1184 1210/1456/1185 1211/1453/1186
f 1213/1455/1188 1212/1463/1191 1211/1453/1186
f 1144/1457/1119 1213/4970/1188 1210/1451/1185
f 1144/1459/1119 1149/1467/1126 1214/1460/1189
f 1213/1455/1188 1214/1465/1189 1215/1462/1190
f 1217/1464/1192 1216/1471/1195 1215/1462/1190
f 1150/1466/1125 1217/1469/1192 1214/1460/1189
f 1150/1466/1125 1155/1473/1131 1218/1468/1193
f 1217/1464/1192 1218/1472/1193 1219/1470/1194
f 1156/1347/1133 1158/1349/1135 1219/1470/1194
f 1064/1344/1040 1156/1346/1133 1218/1468/1193
f 1158/1349/1135 1159/1348/1134 1221/1474/1196
f 1220/1475/1197 1221/1474/1196 1223/1476/1198
f 1225/1478/1200 1224/1481/1203 1223/1476/1198
f 1160/1357/1139 1225/1478/1200 1221/1474/1196
f 1160/1357/1139 1163/1356/1138 1226/1479/1201
f 1225/1478/1200 1226/1479/1201 1227/1480/1202
f 1229/1482/1204 1228/1485/1207 1227/1480/1202
f 1164/1365/1143 1229/1482/1204 1226/1479/1201
f 1164/1365/1143 1167/1364/1142 1230/1483/1205
f 1229/1482/1204 1230/1483/1205 1231/1484/1206
f 1233/1486/1208 1232/1489/1211 1231/1484/1206
f 1168/1373/1147 1233/1486/1208 1230/1483/1205
f 1168/1373/1147 1171/1372/1146 1234/1487/1209
f 1233/1486/1208 1234/1487/1209 1235/1488/1210
f 1237/1490/1212 1236/1493/1215 1235/1488/1210
f 1172/1381/1151 1237/1490/1212 1234/1487/1209
f 1172/1381/1151 1175/1380/1150 1238/1491/1213
f 1237/1490/1212 1238/1491/1213 1239/1492/1214
f 1241/1494/1216 1240/1497/1219 1239/1492/1214
f 1176/1389/1155 1241/1494/1216 1238/1491/1213
f 1176/1389/1155 1179/1388/1154 1242/1495/1217
f 1241/1494/1216 1242/1495/1217 1243/1496/1218
f 1245/1498/1220 1244/1501/1223 1243/1496/1218
f 1180/1398/1159 1245/1498/1220 1242/1495/1217
f 1180/1398/1159 1183/1397/1158 1246/1499/1221
f 1245/1498/1220 1246/1499/1221 1247/1500/1222
f 1249/1502/1224 1248/1505/1227 1247/1500/1222
f 1184/1406/1163 1249/1502/1224 1246/1499/1221
f 1184/1406/1163 1187/1405/1162 1250/1503/1225
f 1249/1502/1224 1250/1503/1225 1251/1504/1226
f 1253/1506/1228 1252/1509/1231 1251/1504/1226
f 1188/1414/1167 1253/1506/1228 1250/1503/1225
f 1188/1414/1167 1191/1413/1166 1254/1507/1229
f 1253/1506/1228 1254/1507/1229 1255/1508/1230
f 1257/1510/1232 1256/1513/1235 1255/1508/1230
f 1192/1422/1171 1257/1510/1232 1254/1507/1229
f 1192/1422/1171 1195/1421/1170 1258/1511/1233
f 1257/1510/1232 1258/1511/1233 1259/1512/1234
f 1261/1514/1236 1260/1517/1239 1259/1512/1234
f 1196/1430/1175 1261/1514/1236 1258/1511/1233
f 1196/1430/1175 1199/1429/1174 1262/1515/1237
f 1261/1514/1236 1262/1515/1237 1263/1516/1238
f 1265/1518/1240 1264/1521/1243 1263/1516/1238
f 1200/1438/1179 1265/1518/1240 1262/1515/1237
f 1200/1438/1179 1203/1437/1178 1266/1519/1241
f 1265/1518/1240 1266/1519/1241 1267/1520/1242
f 1269/1522/1244 1268/1525/1247 1267/1520/1242
f 1204/1446/1183 1269/1522/1244 1266/1519/1241
f 1204/1446/1183 1207/1445/1182 1270/1523/1245
f 1269/1522/1244 1270/1523/1245 1271/1524/1246
f 1273/1526/1248 1272/1529/1251 1271/1524/1246
f 1208/1454/1187 1273/1526/1248 1270/1523/1245
f 1208/1454/1187 1211/1453/1186 1274/1527/1249
f 1273/1526/1248 1274/1527/1249 1275/1528/1250
f 1277/1530/1252 1276/1533/1255 1275/1528/1250
f 1212/1463/1191 1277/1530/1252 1274/1527/1249
f 1212/1463/1191 1215/1462/1190 1278/1531/1253
f 1277/1530/1252 1278/1531/1253 1279/1532/1254
f 1281/1534/1256 1280/1537/1259 1279/1532/1254
f 1216/1471/1195 1281/1534/1256 1278/1531/1253
f 1216/1471/1195 1219/1470/1194 1282/1535/1257
f 1281/1534/1256 1282/1535/1257 1283/1536/1258
f 1220/1475/1197 1222/1477/1199 1283/1536/1258
f 1158/1349/1135 1220/1475/1197 1282/1535/1257
f 1222/1477/1199 1223/1476/1198 1285/1538/1260
f 1284/1539/1261 1285/1538/1260 1287/1540/1262
f 1289/1542/1264 1288/1545/1267 1287/1540/1262
f 1224/1481/1203 1289/1542/1264 1285/1538/1260
f 1224/1481/1203 1227/1480/1202 1290/1543/1265
f 1289/1542/1264 1290/1543/1265 1291/1544/1266
f 1293/1546/1268 1292/1549/1271 1291/1544/1266
f 1228/1485/1207 1293/1546/1268 1290/1543/1265
f 1228/1485/1207 1231/1484/1206 1294/1547/1269
f 1293/1546/1268 1294/1547/1269 1295/1548/1270
f 1297/1550/1272 1296/1553/1275 1295/1548/1270
f 1232/1489/1211 1297/1550/1272 1294/1547/1269
f 1232/1489/1211 1235/1488/1210 1298/1551/1273
f 1297/1550/1272 1298/1551/1273 1299/1552/1274
f 1301/1554/1276 1300/1557/1279 1299/1552/1274
f 1236/1493/1215 1301/1554/1276 1298/1551/1273
f 1236/1493/1215 1239/1492/1214 1302/1555/1277
f 1301/1554/1276 1302/1555/1277 1303/1556/1278
f 1305/1558/1280 1304/1561/1283 1303/1556/1278
f 1240/1497/1219 1305/1558/1280 1302/1555/1277
f 1240/1497/1219 1243/1496/1218 1306/1559/1281
f 1305/1558/1280 1306/1559/1281 1307/1560/1282
f 1309/1562/1284 1308/1565/1287 1307/1560/1282
f 1244/1501/1223 1309/1562/1284 1306/1559/1281
f 1244/1501/1223 1247/1500/1222 1310/1563/1285
f 1309/1562/1284 1310/1563/1285 1311/1564/1286
f 1313/1566/1288 1312/1569/1291 1311/1564/1286
f 1248/1505/1227 1313/1566/1288 1310/1563/1285
f 1248/1505/1227 1251/1504/1226 1314/1567/1289
f 1313/1566/1288 1314/1567/1289 1315/1568/1290
f 1317/1570/1292 1316/1573/1295 1315/1568/1290
f 1252/1509/1231 1317/1570/1292 1314/1567/1289
f 1252/1509/1231 1255/1508/1230 1318/1571/1293
f 1317/1570/1292 1318/1571/1293 1319/1572/1294
f 1321/1574/1296 1320/1577/1299 1319/1572/1294
f 1256/1513/1235 1321/1574/1296 1318/1571/1293
f 1256/1513/1235 1259/1512/1234 1322/1575/1297
f 1321/1574/1296 1322/1575/1297 1323/1576/1298
f 1325/1578/1300 1324/1581/1303 1323/1576/1298
f 1260/1517/1239 1325/1578/1300 1322/1575/1297
f 1260/1517/1239 1263/1516/1238 1326/1579/1301
f 1325/1578/1300 1326/1579/1301 1327/1580/1302
f 1329/1582/1304 1328/1585/1307 1327/1580/1302
f 1264/1521/1243 1329/1582/1304 1326/1579/1301
f 1264/1521/1243 1267/1520/1242 1330/1583/1305
f 1329/1582/1304 1330/1583/1305 1331/1584/1306
f 1333/1586/1308 1332/1589/1311 1331/1584/1306
f 1268/1525/1247 1333/1586/1308 1330/1583/1305
f 1268/1525/1247 1271/1524/1246 1334/1587/1309
f 1333/1586/1308 1334/1587/1309 1335/1588/1310
f 1337/1590/1312 1336/1593/1315 1335/1588/1310
f 1272/1529/1251 1337/1590/1312 1334/1587/1309
f 1272/1529/1251 1275/1528/1250 1338/1591/1313
f 1337/1590/1312 1338/1591/1313 1339/1592/1314
f 1341/1594/1316 1340/1597/1319 1339/1592/1314
f 1276/1533/1255 1341/1594/1316 1338/1591/1313
f 1276/1533/1255 1279/1532/1254 1342/1595/1317
f 1341/1594/1316 1342/1595/1317 1343/1596/1318
f 1345/1598/1320 1344/1601/1323 1343/1596/1318
f 1280/1537/1259 1345/1598/1320 1342/1595/1317
f 1280/1537/1259 1283/1536/1258 1346/1599/1321
f 1345/1598/1320 1346/1599/1321 1347/1600/1322
f 1284/1539/1261 1286/1541/1263 1347/1600/1322
f 1222/1477/1199 1284/1539/1261 1346/1599/1321
f 1286/1541/1263 1287/1540/1262 1349/1602/1324
f 1348/1603/1325 1349/1602/1324 1351/1604/1326
f 1353/1606/1328 1352/1609/1331 1351/1604/1326
f 1288/1545/1267 1353/1606/1328 1349/1602/1324
f 1288/1545/1267 1291/1544/1266 1354/1607/1329
f 1353/1606/1328 1354/1607/1329 1355/1608/1330
f 1357/1610/1332 1356/1613/1335 1355/1608/1330
f 1292/1549/1271 1357/1610/1332 1354/1607/1329
f 1292/1549/1271 1295/1548/1270 1358/1611/1333
f 1357/1610/1332 1358/1611/1333 1359/1612/1334
f 1361/1614/1336 1360/1617/1339 1359/1612/1334
f 1296/1553/1275 1361/1614/1336 1358/1611/1333
f 1296/1553/1275 1299/1552/1274 1362/1615/1337
f 1361/1614/1336 1362/1615/1337 1363/1616/1338
f 1365/1618/1340 1364/1621/1343 1363/1616/1338
f 1300/1557/1279 1365/1618/1340 1362/1615/1337
f 1300/1557/1279 1303/1556/1278 1366/1619/1341
f 1365/1618/1340 1366/1619/1341 1367/1620/1342
f 1369/1622/1344 1368/1625/1347 1367/1620/1342
f 1304/1561/1283 1369/1622/1344 1366/1619/1341
f 1304/1561/1283 1307/1560/1282 1370/1623/1345
f 1369/1622/1344 1370/1623/1345 1371/1624/1346
f 1373/1626/1348 1372/1629/1351 1371/1624/1346
f 1308/1565/1287 1373/1626/1348 1370/1623/1345
f 1308/1565/1287 1311/1564/1286 1374/1627/1349
f 1373/1626/1348 1374/1627/1349 1375/1628/1350
f 1377/1630/1352 1376/1633/1355 1375/1628/1350
f 1312/1569/1291 1377/1630/1352 1374/1627/1349
f 1312/1569/1291 1315/1568/1290 1378/1631/1353
f 1377/1630/1352 1378/1631/1353 1379/1632/1354
f 1381/1634/1356 1380/1637/1359 1379/1632/1354
f 1316/1573/1295 1381/1634/1356 1378/1631/1353
f 1316/1573/1295 1319/1572/1294 1382/1635/1357
f 1381/1634/1356 1382/1635/1357 1383/1636/1358
f 1385/1638/1360 1384/1641/1363 1383/1636/1358
f 1320/1577/1299 1385/1638/1360 1382/1635/1357
f 1320/1577/1299 1323/1576/1298 1386/1639/1361
f 1385/1638/1360 1386/1639/1361 1387/1640/1362
f 1389/1642/1364 1388/1645/1367 1387/1640/1362
f 1324/1581/1303 1389/1642/1364 1386/1639/1361
f 1324/1581/1303 1327/1580/1302 1390/1643/1365
f 1389/1642/1364 1390/1643/1365 1391/1644/1366
f 1393/1646/1368 1392/1649/1371 1391/1644/1366
f 1328/1585/1307 1393/1646/1368 1390/1643/1365
f 1328/1585/1307 1331/1584/1306 1394/1647/1369
f 1393/1646/1368 1394/1647/1369 1395/1648/1370
f 1397/1650/1372 1396/1653/1375 1395/1648/1370
f 1332/1589/1311 1397/1650/1372 1394/1647/1369
f 1332/1589/1311 1335/1588/1310 1398/1651/1373
f 1397/1650/1372 1398/1651/1373 1399/1652/1374
f 1401/1654/1376 1400/1657/1379 1399/1652/1374
f 1336/1593/1315 1401/1654/1376 1398/1651/1373
f 1336/1593/1315 1339/1592/1314 1402/1655/1377
f 1401/1654/1376 1402/1655/1377 1403/1656/1378
f 1405/1658/1380 1404/1661/1383 1403/1656/1378
f 1340/1597/1319 1405/1658/1380 1402/1655/1377
f 1340/1597/1319 1343/1596/1318 1406/1659/1381
f 1405/1658/1380 1406/1659/1381 1407/1660/1382
f 1409/1662/1384 1408/1665/1387 1407/1660/1382
f 1344/1601/1323 1409/1662/1384 1406/1659/1381
f 1344/1601/1323 1347/1600/1322 1410/1663/1385
f 1409/1662/1384 1410/1663/1385 1411/1664/1386
f 1348/1603/1325 1350/1605/1327 1411/1664/1386
f 1286/1541/1263 1348/1603/1325 1410/1663/1385
f 1350/1666/1327 1351/1673/1326 1413/1667/1388
f 1412/1668/1389 1413/1667/1388 1415/1669/1390
f 1417/1671/1392 1416/1676/1395 1415/1669/1390
f 1352/1672/1331 1417/1671/1392 1413/1667/1388
f 1352/1672/1331 1355/1679/1330 1418/1674/1393
f 1417/1671/1392 1418/1674/1393 1419/1675/1394
f 1421/1677/1396 1420/1682/1399 1419/1675/1394
f 1356/1678/1335 1421/1677/1396 1418/1674/1393
f 1356/1678/1335 1359/1685/1334 1422/1680/1397
f 1421/1677/1396 1422/1680/1397 1423/1681/1398
f 1425/1683/1400 1424/1688/1403 1423/1681/1398
f 1360/1684/1339 1425/1683/1400 1422/1680/1397
f 1360/1684/1339 1363/1691/1338 1426/1686/1401
f 1425/1683/1400 1426/1686/1401 1427/1687/1402
f 1429/1689/1404 1428/1694/1407 1427/1687/1402
f 1364/1690/1343 1429/1689/1404 1426/1686/1401
f 1364/1690/1343 1367/1697/1342 1430/1692/1405
f 1429/1689/1404 1430/1692/1405 1431/1693/1406
f 1433/1695/1408 1432/1700/1411 1431/1693/1406
f 1368/1696/1347 1433/1695/1408 1430/1692/1405
f 1368/1696/1347 1371/1703/1346 1434/1698/1409
f 1433/1695/1408 1434/1698/1409 1435/1699/1410
f 1437/1701/1412 1436/4971/1415 1435/1699/1410
f 1372/1702/1351 1437/1701/1412 1434/1698/1409
f 1372/1704/1351 1375/1711/1350 1438/1705/1413
f 1437/1706/1412 1438/1705/1413 1439/1707/1414
f 1441/1709/1416 1440/1714/1419 1439/1707/1414
f 1376/1710/1355 1441/1709/1416 1438/1705/1413
f 1376/1710/1355 1379/1717/1354 1442/1712/1417
f 1441/1709/1416 1442/1712/1417 1443/1713/1418
f 1445/1715/1420 1444/1720/1423 1443/1713/1418
f 1380/1716/1359 1445/1715/1420 1442/1712/1417
f 1380/1716/1359 1383/1723/1358 1446/1718/1421
f 1445/1715/1420 1446/1718/1421 1447/1719/1422
f 1449/1721/1424 1448/1726/1427 1447/1719/1422
f 1384/1722/1363 1449/1721/1424 1446/1718/1421
f 1384/1722/1363 1387/1729/1362 1450/1724/1425
f 1449/1721/1424 1450/1724/1425 1451/1725/1426
f 1453/1727/1428 1452/1732/1431 1451/1725/1426
f 1388/1728/1367 1453/1727/1428 1450/1724/1425
f 1388/1728/1367 1391/1735/1366 1454/1730/1429
f 1453/1727/1428 1454/1730/1429 1455/1731/1430
f 1457/1733/1432 1456/1738/1435 1455/1731/1430
f 1392/1734/1371 1457/1733/1432 1454/1730/1429
f 1392/1734/1371 1395/1741/1370 1458/1736/1433
f 1457/1733/1432 1458/1736/1433 1459/1737/1434
f 1461/1739/1436 1460/1744/1439 1459/1737/1434
f 1396/1740/1375 1461/1739/1436 1458/1736/1433
f 1396/1740/1375 1399/1747/1374 1462/1742/1437
f 1461/1739/1436 1462/1742/1437 1463/1743/1438
f 1465/1745/1440 1464/1750/1443 1463/1743/1438
f 1400/1746/1379 1465/1745/1440 1462/1742/1437
f 1400/1746/1379 1403/1753/1378 1466/1748/1441
f 1465/1745/1440 1466/1748/1441 1467/1749/1442
f 1469/1751/1444 1468/4972/1447 1467/1749/1442
f 1404/1752/1383 1469/1751/1444 1466/1748/1441
f 1404/1754/1383 1407/1761/1382 1470/1755/1445
f 1469/1756/1444 1470/1755/1445 1471/1757/1446
f 1473/1759/1448 1472/1764/1451 1471/1757/1446
f 1408/1760/1387 1473/1759/1448 1470/1755/1445
f 1408/1760/1387 1411/1765/1386 1474/1762/1449
f 1473/1759/1448 1474/1762/1449 1475/1763/1450
f 1412/1668/1389 1414/1670/1391 1475/1763/1450
f 1350/1666/1327 1412/1668/1389 1474/1762/1449
f 1415/1669/1390 1477/1767/1453 1476/1766/1452
f 1477/1767/1453 1479/1770/1456 1478/1768/1454
f 1477/1767/1453 1481/1771/1457 1480/1769/1455
f 1415/1669/1390 1416/1676/1395 1481/1771/1457
f 1419/1675/1394 1482/1772/1458 1481/1771/1457
f 1482/1772/1458 1483/1774/1460 1480/1769/1455
f 1482/1772/1458 1485/1775/1461 1484/1773/1459
f 1419/1675/1394 1420/1682/1399 1485/1775/1461
f 1423/1681/1398 1486/1776/1462 1485/1775/1461
f 1486/1776/1462 1487/1778/1464 1484/1773/1459
f 1486/1776/1462 1489/1779/1465 1488/1777/1463
f 1424/1688/1403 1489/1779/1465 1486/1776/1462
f 1427/1687/1402 1490/1780/1466 1489/1779/1465
f 1490/1780/1466 1491/1782/1468 1488/1777/1463
f 1490/1780/1466 1493/1783/1469 1492/1781/1467
f 1427/1687/1402 1428/1694/1407 1493/1783/1469
f 1431/1693/1406 1494/1784/1470 1493/1783/1469
f 1494/1784/1470 1495/1786/1472 1492/1781/1467
f 1494/1784/1470 1497/1787/1473 1496/1785/1471
f 1432/1700/1411 1497/1787/1473 1494/1784/1470
f 1435/1699/1410 1498/1788/1474 1497/1787/1473
f 1498/1788/1474 1499/1790/1476 1496/1785/1471
f 1498/1788/1474 1501/1791/1477 1500/1789/1475
f 1435/1699/1410 1436/4971/1415 1501/1791/1477
f 1439/1707/1414 1502/1793/1478 1501/1792/1477
f 1502/1793/1478 1503/1796/1480 1500/1794/1475
f 1502/1793/1478 1505/1797/1481 1504/1795/1479
f 1439/1707/1414 1440/1714/1419 1505/1797/1481
f 1440/1714/1419 1443/1713/1418 1506/1798/1482
f 1506/1798/1482 1507/1800/1484 1504/1795/1479
f 1506/1798/1482 1509/1801/1485 1508/1799/1483
f 1443/1713/1418 1444/1720/1423 1509/1801/1485
f 1447/1719/1422 1510/1802/1486 1509/1801/1485
f 1510/1802/1486 1511/1804/1488 1508/1799/1483
f 1510/1802/1486 1513/1805/1489 1512/1803/1487
f 1447/1719/1422 1448/1726/1427 1513/1805/1489
f 1448/1726/1427 1451/1725/1426 1514/1806/1490
f 1514/1806/1490 1515/1808/1492 1512/1803/1487
f 1514/1806/1490 1517/1809/1493 1516/1807/1491
f 1451/1725/1426 1452/1732/1431 1517/1809/1493
f 1455/1731/1430 1518/1810/1494 1517/1809/1493
f 1518/1810/1494 1519/1812/1496 1516/1807/1491
f 1518/1810/1494 1521/1813/1497 1520/1811/1495
f 1455/1731/1430 1456/1738/1435 1521/1813/1497
f 1459/1737/1434 1522/1814/1498 1521/1813/1497
f 1522/1814/1498 1523/1816/1500 1520/1811/1495
f 1522/1814/1498 1525/1817/1501 1524/1815/1499
f 1459/1737/1434 1460/1744/1439 1525/1817/1501
f 1463/1743/1438 1526/1818/1502 1525/1817/1501
f 1526/1818/1502 1527/1820/1504 1524/1815/1499
f 1526/1818/1502 1529/1821/1505 1528/1819/1503
f 1463/1743/1438 1464/1750/1443 1529/1821/1505
f 1467/1749/1442 1530/1822/1506 1529/1821/1505
f 1530/1822/1506 1531/1824/1508 1528/1819/1503
f 1530/1822/1506 1533/1825/1509 1532/1823/1507
f 1467/1749/1442 1468/4972/1447 1533/1825/1509
f 1471/1757/1446 1534/1827/1510 1533/1826/1509
f 1534/1827/1510 1535/1830/1512 1532/1828/1507
f 1534/1827/1510 1537/1831/1513 1536/1829/1511
f 1472/1764/1451 1537/1831/1513 1534/1827/1510
f 1475/1763/1450 1538/1832/1514 1537/1831/1513
f 1538/1832/1514 1539/1833/1515 1536/1829/1511
f 1538/1832/1514 1476/1766/1452 1478/1768/1454
f 1475/1763/1450 1414/1670/1391 1476/1766/1452
f 1479/1834/1456 1541/1837/1517 1540/1835/1516
f 1541/1837/1517 1543/1840/1520 1542/1838/1518
f 1541/1837/1517 1545/1841/1521 1544/1839/1519
f 1479/1834/1456 1480/1843/1455 1545/1841/1521
f 1483/1842/1460 1546/1844/1522 1545/1841/1521
f 1546/1844/1522 1547/1846/1524 1544/1839/1519
f 1546/1844/1522 1549/1847/1525 1548/1845/1523
f 1483/1842/1460 1484/1849/1459 1549/1847/1525
f 1487/1848/1464 1550/1850/1526 1549/1847/1525
f 1550/1850/1526 1551/1852/1528 1548/1845/1523
f 1550/1850/1526 1553/1853/1529 1552/1851/1527
f 1487/1848/1464 1488/1855/1463 1553/1853/1529
f 1491/1854/1468 1554/1856/1530 1553/1853/1529
f 1554/1856/1530 1555/1858/1532 1552/1851/1527
f 1554/1856/1530 1557/1859/1533 1556/1857/1531
f 1491/1854/1468 1492/1861/1467 1557/1859/1533
f 1495/1860/1472 1558/1862/1534 1557/1859/1533
f 1558/1862/1534 1559/1864/1536 1556/1857/1531
f 1558/1862/1534 1561/1865/1537 1560/1863/1535
f 1495/1860/1472 1496/1867/1471 1561/1865/1537
f 1499/1866/1476 1562/1868/1538 1561/1865/1537
f 1562/1868/1538 1563/1870/1540 1560/1863/1535
f 1562/1868/1538 1565/1871/1541 1564/1869/1539
f 1499/1866/1476 1500/1873/1475 1565/1871/1541
f 1503/1872/1480 1566/1874/1542 1565/1871/1541
f 1566/1874/1542 1567/1876/1544 1564/1869/1539
f 1566/1874/1542 1569/1877/1545 1568/1875/1543
f 1503/1872/1480 1504/1879/1479 1569/1877/1545
f 1507/1878/1484 1570/1880/1546 1569/1877/1545
f 1570/1880/1546 1571/1882/1548 1568/1875/1543
f 1570/1880/1546 1573/1883/1549 1572/1881/1547
f 1507/1878/1484 1508/1885/1483 1573/1883/1549
f 1511/1884/1488 1574/1886/1550 1573/1883/1549
f 1574/1886/1550 1575/1888/1552 1572/1881/1547
f 1574/1886/1550 1577/1889/1553 1576/1887/1551
f 1511/1884/1488 1512/1891/1487 1577/1889/1553
f 1515/1890/1492 1578/1892/1554 1577/1889/1553
f 1578/1892/1554 1579/1894/1556 1576/1887/1551
f 1578/1892/1554 1581/1895/1557 1580/1893/1555
f 1515/1890/1492 1516/1897/1491 1581/1895/1557
f 1519/1896/1496 1582/1898/1558 1581/1895/1557
f 1582/1898/1558 1583/1900/1560 1580/1893/1555
f 1582/1898/1558 1585/1901/1561 1584/1899/1559
f 1519/1896/1496 1520/1903/1495 1585/1901/1561
f 1523/1902/1500 1586/1904/1562 1585/1901/1561
f 1586/1904/1562 1587/1906/1564 1584/1899/1559
f 1586/1904/1562 1589/1907/1565 1588/1905/1563
f 1523/1902/1500 1524/1909/1499 1589/1907/1565
f 1527/1908/1504 1590/1910/1566 1589/1907/1565
f 1590/1910/1566 1591/1912/1568 1588/1905/1563
f 1590/1910/1566 1593/1913/1569 1592/1911/1567
f 1527/1908/1504 1528/1915/1503 1593/1913/1569
f 1531/1914/1508 1594/1916/1570 1593/1913/1569
f 1594/1916/1570 1595/1918/1572 1592/1911/1567
f 1594/1916/1570 1597/1919/1573 1596/1917/1571
f 1531/1914/1508 1532/1921/1507 1597/1919/1573
f 1535/1920/1512 1598/1922/1574 1597/1919/1573
f 1598/1922/1574 1599/1924/1576 1596/1917/1571
f 1598/1922/1574 1601/1925/1577 1600/1923/1575
f 1535/1920/1512 1536/1927/1511 1601/1925/1577
f 1539/1926/1515 1602/1928/1578 1601/1925/1577
f 1602/1928/1578 1603/1929/1579 1600/1923/1575
f 1602/1928/1578 1540/1835/1516 1542/1838/1518
f 1539/1926/1515 1478/1836/1454 1540/1835/1516
f 1543/1840/1520 1605/1931/1581 1604/1930/1580
f 1605/1931/1581 1607/1934/1584 1606/1932/1582
f 1605/1931/1581 1609/1935/1585 1608/1933/1583
f 1543/1840/1520 1544/1839/1519 1609/1935/1585
f 1547/1846/1524 1610/1936/1586 1609/1935/1585
f 1610/1936/1586 1611/1938/1588 1608/1933/1583
f 1610/1936/1586 1613/1939/1589 1612/1937/1587
f 1547/1846/1524 1548/1845/1523 1613/1939/1589
f 1551/1852/1528 1614/1940/1590 1613/1939/1589
f 1614/1940/1590 1615/1942/1592 1612/1937/1587
f 1614/1940/1590 1617/1943/1593 1616/1941/1591
f 1551/1852/1528 1552/1851/1527 1617/1943/1593
f 1555/1858/1532 1618/1944/1594 1617/1943/1593
f 1618/1944/1594 1619/1946/1596 1616/1941/1591
f 1618/1944/1594 1621/1947/1597 1620/1945/1595
f 1555/1858/1532 1556/1857/1531 1621/1947/1597
f 1559/1864/1536 1622/1948/1598 1621/1947/1597
f 1622/1948/1598 1623/1950/1600 1620/1945/1595
f 1622/1948/1598 1625/1951/1601 1624/1949/1599
f 1559/1864/1536 1560/1863/1535 1625/1951/1601
f 1563/1870/1540 1626/1952/1602 1625/1951/1601
f 1626/1952/1602 1627/1954/1604 1624/1949/1599
f 1626/1952/1602 1629/1955/1605 1628/1953/1603
f 1563/1870/1540 1564/1869/1539 1629/1955/1605
f 1567/1876/1544 1630/1956/1606 1629/1955/1605
f 1630/1956/1606 1631/1958/1608 1628/1953/1603
f 1630/1956/1606 1633/1959/1609 1632/1957/1607
f 1567/1876/1544 1568/1875/1543 1633/1959/1609
f 1571/1882/1548 1634/1960/1610 1633/1959/1609
f 1634/1960/1610 1635/1962/1612 1632/1957/1607
f 1634/1960/1610 1637/1963/1613 1636/1961/1611
f 1571/1882/1548 1572/1881/1547 1637/1963/1613
f 1575/1888/1552 1638/1964/1614 1637/1963/1613
f 1638/1964/1614 1639/1966/1616 1636/1961/1611
f 1638/1964/1614 1641/1967/1617 1640/1965/1615
f 1575/1888/1552 1576/1887/1551 1641/1967/1617
f 1579/1894/1556 1642/1968/1618 1641/1967/1617
f 1642/1968/1618 1643/1970/1620 1640/1965/1615
f 1642/1968/1618 1645/1971/1621 1644/1969/1619
f 1579/1894/1556 1580/1893/1555 1645/1971/1621
f 1583/1900/1560 1646/1972/1622 1645/1971/1621
f 1646/1972/1622 1647/1974/1624 1644/1969/1619
f 1646/1972/1622 1649/1975/1625 1648/1973/1623
f 1583/1900/1560 1584/1899/1559 1649/1975/1625
f 1587/1906/1564 1650/1976/1626 1649/1975/1625
f 1650/1976/1626 1651/1978/1628 1648/1973/1623
f 1650/1976/1626 1653/1979/1629 1652/1977/1627
f 1587/1906/1564 1588/1905/1563 1653/1979/1629
f 1591/1912/1568 1654/1980/1630 1653/1979/1629
f 1654/1980/1630 1655/1982/1632 1652/1977/1627
f 1654/1980/1630 1657/1983/1633 1656/1981/1631
f 1591/1912/1568 1592/1911/1567 1657/1983/1633
f 1595/1918/1572 1658/1984/1634 1657/1983/1633
f 1658/1984/1634 1659/1986/1636 1656/1981/1631
f 1658/1984/1634 1661/1987/1637 1660/1985/1635
f 1595/1918/1572 1596/1917/1571 1661/1987/1637
f 1599/1924/1576 1662/1988/1638 1661/1987/1637
f 1662/1988/1638 1663/1990/1640 1660/1985/1635
f 1662/1988/1638 1665/1991/1641 1664/1989/1639
f 1599/1924/1576 1600/1923/1575 1665/1991/1641
f 1603/1929/1579 1666/1992/1642 1665/1991/1641
f 1666/1992/1642 1667/1993/1643 1664/1989/1639
f 1666/1992/1642 1604/1930/1580 1606/1932/1582
f 1603/1929/1579 1542/1838/1518 1604/1930/1580
f 1607/1934/1584 1669/1995/1645 1668/1994/1644
f 1669/1995/1645 1671/1998/1648 1670/1996/1646
f 1669/1995/1645 1673/1999/1649 1672/1997/1647
f 1607/1934/1584 1608/1933/1583 1673/1999/1649
f 1611/1938/1588 1674/2000/1650 1673/1999/1649
f 1674/2000/1650 1675/2002/1652 1672/1997/1647
f 1674/2000/1650 1677/2003/1653 1676/2001/1651
f 1611/1938/1588 1612/1937/1587 1677/2003/1653
f 1615/1942/1592 1678/2004/1654 1677/2003/1653
f 1678/2004/1654 1679/2006/1656 1676/2001/1651
f 1678/2004/1654 1681/2007/1657 1680/2005/1655
f 1615/1942/1592 1616/1941/1591 1681/2007/1657
f 1619/1946/1596 1682/2008/1658 1681/2007/1657
f 1682/2008/1658 1683/2010/1660 1680/2005/1655
f 1682/2008/1658 1685/2011/1661 1684/2009/1659
f 1619/1946/1596 1620/1945/1595 1685/2011/1661
f 1623/1950/1600 1686/2012/1662 1685/2011/1661
f 1686/2012/1662 1687/2014/1664 1684/2009/1659
f 1686/2012/1662 1689/2015/1665 1688/2013/1663
f 1623/1950/1600 1624/1949/1599 1689/2015/1665
f 1627/1954/1604 1690/2016/1666 1689/2015/1665
f 1690/2016/1666 1691/2018/1668 1688/2013/1663
f 1690/2016/1666 1693/2019/1669 1692/2017/1667
f 1627/1954/1604 1628/1953/1603 1693/2019/1669
f 1631/1958/1608 1694/2020/1670 1693/2019/1669
f 1694/2020/1670 1695/2022/1672 1692/2017/1667
f 1694/2020/1670 1697/2023/1673 1696/2021/1671
f 1631/1958/1608 1632/1957/1607 1697/2023/1673
f 1635/1962/1612 1698/2024/1674 1697/2023/1673
f 1698/2024/1674 1699/2026/1676 1696/2021/1671
f 1698/2024/1674 1701/2027/1677 1700/2025/1675
f 1635/1962/1612 1636/1961/1611 1701/2027/1677
f 1639/1966/1616 1702/2028/1678 1701/2027/1677
f 1702/2028/1678 1703/2030/1680 1700/2025/1675
f 1702/2028/1678 1705/2031/1681 1704/2029/1679
f 1639/1966/1616 1640/1965/1615 1705/2031/1681
f 1643/1970/1620 1706/2032/1682 1705/2031/1681
f 1706/2032/1682 1707/2034/1684 1704/2029/1679
f 1706/2032/1682 1709/2035/1685 1708/2033/1683
f 1643/1970/1620 1644/1969/1619 1709/2035/1685
f 1647/1974/1624 1710/2036/1686 1709/2035/1685
f 1710/2036/1686 1711/2038/1688 1708/2033/1683
f 1710/2036/1686 1713/2039/1689 1712/2037/1687
f 1647/1974/1624 1648/1973/1623 1713/2039/1689
f 1651/1978/1628 1714/2040/1690 1713/2039/1689
f 1714/2040/1690 1715/2042/1692 1712/2037/1687
f 1714/2040/1690 1717/2043/1693 1716/2041/1691
f 1651/1978/1628 1652/1977/1627 1717/2043/1693
f 1655/1982/1632 1718/2044/1694 1717/2043/1693
f 1718/2044/1694 1719/2046/1696 1716/2041/1691
f 1718/2044/1694 1721/2047/1697 1720/2045/1695
f 1655/1982/1632 1656/1981/1631 1721/2047/1697
f 1659/1986/1636 1722/2048/1698 1721/2047/1697
f 1722/2048/1698 1723/2050/1700 1720/2045/1695
f 1722/2048/1698 1725/2051/1701 1724/2049/1699
f 1659/1986/1636 1660/1985/1635 1725/2051/1701
f 1663/1990/1640 1726/2052/1702 1725/2051/1701
f 1726/2052/1702 1727/2054/1704 1724/2049/1699
f 1726/2052/1702 1729/2055/1705 1728/2053/1703
f 1663/1990/1640 1664/1989/1639 1729/2055/1705
f 1667/1993/1643 1730/2056/1706 1729/2055/1705
f 1730/2056/1706 1731/2057/1707 1728/2053/1703
f 1730/2056/1706 1668/1994/1644 1670/1996/1646
f 1667/1993/1643 1606/1932/1582 1668/1994/1644
f 1671/2058/1648 1733/2061/1709 1732/2059/1708
f 1733/2061/1709 1735/2064/1712 1734/2062/1710
f 1733/2061/1709 1737/2065/1713 1736/2063/1711
f 1671/2058/1648 1672/4973/1647 1737/2065/1713
f 1675/2002/1652 1738/2071/1714 1737/2066/1713
f 1738/2067/1714 1739/2069/1716 1736/2063/1711
f 1738/2067/1714 1741/2073/1717 1740/2068/1715
f 1675/2002/1652 1676/2001/1651 1741/2070/1717
f 1679/2006/1656 1742/2077/1718 1741/2070/1717
f 1742/2072/1718 1743/2075/1720 1740/2068/1715
f 1742/2072/1718 1745/2079/1721 1744/2074/1719
f 1679/2006/1656 1680/2005/1655 1745/2076/1721
f 1683/2078/1660 1746/2081/1722 1745/2079/1721
f 1746/2081/1722 1747/2083/1724 1744/2074/1719
f 1746/2081/1722 1749/2084/1725 1748/2082/1723
f 1683/2078/1660 1684/2086/1659 1749/2084/1725
f 1687/2085/1664 1750/2087/1726 1749/2084/1725
f 1750/2087/1726 1751/2089/1728 1748/2082/1723
f 1750/2087/1726 1753/2090/1729 1752/2088/1727
f 1687/2085/1664 1688/4974/1663 1753/2090/1729
f 1691/2018/1668 1754/2096/1730 1753/2091/1729
f 1754/2092/1730 1755/2094/1732 1752/2088/1727
f 1754/2092/1730 1757/4975/1733 1756/2093/1731
f 1691/2018/1668 1692/2017/1667 1757/2095/1733
f 1695/2022/1672 1758/2103/1734 1757/2095/1733
f 1758/2097/1734 1759/2101/1736 1756/2098/1731
f 1758/2097/1734 1761/2105/1737 1760/2100/1735
f 1695/2022/1672 1696/2021/1671 1761/2102/1737
f 1699/2104/1676 1762/2107/1738 1761/2105/1737
f 1762/2107/1738 1763/2109/1740 1760/2100/1735
f 1762/2107/1738 1765/2110/1741 1764/2108/1739
f 1699/2104/1676 1700/2112/1675 1765/2110/1741
f 1703/2111/1680 1766/2113/1742 1765/2110/1741
f 1766/2113/1742 1767/2115/1744 1764/2108/1739
f 1766/2113/1742 1769/2116/1745 1768/2114/1743
f 1703/2111/1680 1704/4976/1679 1769/2116/1745
f 1707/2034/1684 1770/2122/1746 1769/2117/1745
f 1770/2118/1746 1771/2120/1748 1768/2114/1743
f 1770/2118/1746 1773/2124/1749 1772/2119/1747
f 1707/2034/1684 1708/2033/1683 1773/2121/1749
f 1711/2038/1688 1774/2128/1750 1773/2121/1749
f 1774/2123/1750 1775/2126/1752 1772/2119/1747
f 1774/2123/1750 1777/2130/1753 1776/2125/1751
f 1711/2038/1688 1712/2037/1687 1777/2127/1753
f 1715/2129/1692 1778/2132/1754 1777/2130/1753
f 1778/2132/1754 1779/2134/1756 1776/2125/1751
f 1778/2132/1754 1781/2135/1757 1780/2133/1755
f 1715/2129/1692 1716/2137/1691 1781/2135/1757
f 1719/2136/1696 1782/2138/1758 1781/2135/1757
f 1782/2138/1758 1783/2140/1760 1780/2133/1755
f 1782/2138/1758 1785/2141/1761 1784/2139/1759
f 1719/2136/1696 1720/4977/1695 1785/2141/1761
f 1723/2050/1700 1786/2147/1762 1785/2142/1761
f 1786/2143/1762 1787/2145/1764 1784/2139/1759
f 1786/2143/1762 1789/4978/1765 1788/2144/1763
f 1723/2050/1700 1724/2049/1699 1789/2146/1765
f 1727/2054/1704 1790/2154/1766 1789/2146/1765
f 1790/2148/1766 1791/2152/1768 1788/2149/1763
f 1790/2148/1766 1793/2156/1769 1792/2151/1767
f 1727/2054/1704 1728/2053/1703 1793/2153/1769
f 1731/2155/1707 1794/2158/1770 1793/2156/1769
f 1794/2158/1770 1795/2159/1771 1792/2151/1767
f 1794/2158/1770 1732/2059/1708 1734/2062/1710
f 1731/2155/1707 1670/2060/1646 1732/2059/1708
f 1735/2064/1712 1797/2163/1775 1796/2160/1772
f 1796/2160/1772 1797/2163/1775 1799/2161/1773
f 1797/2163/1775 1801/2165/1777 1800/2164/1776
f 1735/2064/1712 1736/2063/1711 1801/2165/1777
f 1739/2069/1716 1802/2168/1780 1801/2165/1777
f 1801/2165/1777 1802/2168/1780 1803/2166/1778
f 1805/2167/1779 1804/2170/1782 1803/2166/1778
f 1739/2069/1716 1740/2068/1715 1805/2167/1779
f 1743/2075/1720 1806/2169/1781 1805/2167/1779
f 1806/2169/1781 1807/2172/1784 1804/2170/1782
f 1806/2169/1781 1809/2173/1785 1808/2171/1783
f 1743/2075/1720 1744/2074/1719 1809/2173/1785
f 1747/2083/1724 1810/2174/1786 1809/2173/1785
f 1810/2174/1786 1811/2176/1788 1808/2171/1783
f 1813/2175/1787 1812/2178/1790 1811/2176/1788
f 1747/2083/1724 1748/2082/1723 1813/2175/1787
f 1751/2089/1728 1814/2180/1792 1813/2175/1787
f 1813/2175/1787 1814/2180/1792 1815/2177/1789
f 1817/2179/1791 1816/2182/1794 1815/2177/1789
f 1751/2089/1728 1752/2088/1727 1817/2179/1791
f 1755/2094/1732 1818/2181/1793 1817/2179/1791
f 1818/2181/1793 1819/2184/1796 1816/2182/1794
f 1821/2183/1795 1820/2252/1798 1819/2184/1796
f 1755/2094/1732 1756/2093/1731 1821/2183/1795
f 1759/2101/1736 1822/2189/1800 1821/2185/1795
f 1821/2185/1795 1822/2189/1800 1823/2186/1797
f 1825/2188/1799 1824/2191/1802 1823/2186/1797
f 1759/2101/1736 1760/2100/1735 1825/2188/1799
f 1763/2109/1740 1826/2190/1801 1825/2188/1799
f 1826/2190/1801 1827/2193/1804 1824/2191/1802
f 1829/2192/1803 1828/2195/1806 1827/2193/1804
f 1763/2109/1740 1764/2108/1739 1829/2192/1803
f 1767/2115/1744 1830/2194/1805 1829/2192/1803
f 1830/2194/1805 1831/2197/1808 1828/2195/1806
f 1833/2196/1807 1832/2199/1810 1831/2197/1808
f 1767/2115/1744 1768/2114/1743 1833/2196/1807
f 1771/2120/1748 1834/2200/1811 1833/2196/1807
f 1833/2196/1807 1834/2200/1811 1835/2198/1809
f 1834/2200/1811 1837/2202/1813 1836/2201/1812
f 1771/2120/1748 1772/2119/1747 1837/2202/1813
f 1775/2126/1752 1838/2204/1815 1837/2202/1813
f 1837/2202/1813 1838/2204/1815 1839/2203/1814
f 1838/2204/1815 1841/2206/1817 1840/2205/1816
f 1775/2126/1752 1776/2125/1751 1841/2206/1817
f 1779/2134/1756 1842/2209/1820 1841/2206/1817
f 1841/2206/1817 1842/2209/1820 1843/2207/1818
f 1845/2208/1819 1844/2211/1822 1843/2207/1818
f 1779/2134/1756 1780/2133/1755 1845/2208/1819
f 1783/2140/1760 1846/2213/1824 1845/2208/1819
f 1845/2208/1819 1846/2213/1824 1847/2210/1821
f 1849/2212/1823 1848/2215/1826 1847/2210/1821
f 1783/2140/1760 1784/2139/1759 1849/2212/1823
f 1787/2145/1764 1850/2214/1825 1849/2212/1823
f 1850/2214/1825 1851/2217/1828 1848/2215/1826
f 1850/2214/1825 1853/2218/1829 1852/2216/1827
f 1787/2145/1764 1788/2144/1763 1853/2218/1829
f 1791/2152/1768 1854/2223/1832 1853/2219/1829
f 1853/2219/1829 1854/2223/1832 1855/2220/1830
f 1857/2222/1831 1856/2225/1834 1855/2220/1830
f 1791/2152/1768 1792/2151/1767 1857/2222/1831
f 1795/2159/1771 1858/2226/1835 1857/2222/1831
f 1857/2222/1831 1858/2226/1835 1859/2224/1833
f 1858/2226/1835 1796/2160/1772 1798/2162/1774
f 1795/2159/1771 1734/2062/1710 1796/2160/1772
f 1799/2161/1773 1861/2228/1837 1860/2227/1836
f 1861/2228/1837 1863/2231/1840 1862/2229/1838
f 1861/2228/1837 1865/2232/1841 1864/2230/1839
f 1799/2161/1773 1800/2164/1776 1865/2232/1841
f 1800/2164/1776 1803/2166/1778 1866/2233/1842
f 1866/2233/1842 1867/2235/1844 1864/2230/1839
f 1866/2233/1842 1869/2237/1846 1868/2234/1843
f 1804/2170/1782 1869/2237/1846 1866/2233/1842
f 1804/2170/1782 1807/2172/1784 1870/2236/1845
f 1870/2236/1845 1871/2239/1848 1868/2234/1843
f 1870/2236/1845 1873/2240/1849 1872/2238/1847
f 1807/2172/1784 1808/2171/1783 1873/2240/1849
f 1808/2171/1783 1811/2176/1788 1874/2241/1850
f 1874/2241/1850 1875/2243/1852 1872/2238/1847
f 1874/2241/1850 1877/2245/1854 1876/2242/1851
f 1812/2178/1790 1877/2245/1854 1874/2241/1850
f 1812/2178/1790 1815/2177/1789 1878/2244/1853
f 1878/2244/1853 1879/2247/1856 1876/2242/1851
f 1878/2244/1853 1881/2248/1857 1880/2246/1855
f 1815/2177/1789 1816/2182/1794 1881/2248/1857
f 1816/2182/1794 1819/2184/1796 1882/2249/1858
f 1882/2249/1858 1883/2251/1860 1880/2246/1855
f 1882/2249/1858 1885/4979/1862 1884/2250/1859
f 1820/2252/1798 1885/4979/1862 1882/2249/1858
f 1820/2187/1798 1823/2186/1797 1886/2253/1861
f 1886/2253/1861 1887/2257/1864 1884/2255/1859
f 1886/2253/1861 1889/2259/1866 1888/2256/1863
f 1824/2191/1802 1889/2259/1866 1886/2253/1861
f 1824/2191/1802 1827/2193/1804 1890/2258/1865
f 1890/2258/1865 1891/2261/1868 1888/2256/1863
f 1890/2258/1865 1893/2262/1869 1892/2260/1867
f 1827/2193/1804 1828/2195/1806 1893/2262/1869
f 1828/2195/1806 1831/2197/1808 1894/2263/1870
f 1894/2263/1870 1895/2265/1872 1892/2260/1867
f 1894/2263/1870 1897/2266/1873 1896/2264/1871
f 1831/2197/1808 1832/2199/1810 1897/2266/1873
f 1835/2198/1809 1898/2267/1874 1897/2266/1873
f 1898/2267/1874 1899/2269/1876 1896/2264/1871
f 1898/2267/1874 1901/2271/1878 1900/2268/1875
f 1836/2201/1812 1901/2271/1878 1898/2267/1874
f 1836/2201/1812 1839/2203/1814 1902/2270/1877
f 1902/2270/1877 1903/2273/1880 1900/2268/1875
f 1902/2270/1877 1905/2274/1881 1904/2272/1879
f 1840/2205/1816 1905/2274/1881 1902/2270/1877
f 1843/2207/1818 1906/2275/1882 1905/2274/1881
f 1906/2275/1882 1907/2277/1884 1904/2272/1879
f 1906/2275/1882 1909/2278/1885 1908/2276/1883
f 1844/2211/1822 1909/2278/1885 1906/2275/1882
f 1847/2210/1821 1910/2279/1886 1909/2278/1885
f 1910/2279/1886 1911/2281/1888 1908/2276/1883
f 1910/2279/1886 1913/2283/1890 1912/2280/1887
f 1848/2215/1826 1913/2283/1890 1910/2279/1886
f 1848/2215/1826 1851/2217/1828 1914/2282/1889
f 1914/2282/1889 1915/2285/1892 1912/2280/1887
f 1914/2282/1889 1917/2286/1893 1916/2284/1891
f 1851/2217/1828 1852/2216/1827 1917/2286/1893
f 1852/2221/1827 1855/2220/1830 1918/2287/1894
f 1918/2287/1894 1919/2291/1896 1916/2289/1891
f 1921/2290/1895 1920/2293/1898 1919/2291/1896
f 1855/2220/1830 1856/2225/1834 1921/2290/1895
f 1859/2224/1833 1922/2292/1897 1921/2290/1895
f 1922/2292/1897 1923/2294/1899 1920/2293/1898
f 1922/2292/1897 1860/2227/1836 1862/2229/1838
f 1798/2162/1774 1860/2227/1836 1922/2292/1897
f 1924/2295/1900 1927/2302/1907 1926/2296/1901
f 1925/2297/1902 1926/2296/1901 1929/2298/1903
f 1926/2296/1901 1931/2304/1909 1930/2300/1905
f 1932/2301/1906 1931/2304/1909 1926/2296/1901
f 1932/2301/1906 1934/2308/1913 1933/2303/1908
f 1933/2303/1908 1935/2306/1911 1930/2300/1905
f 1937/2305/1910 1936/2311/1916 1935/2306/1911
f 1938/2307/1912 1937/2305/1910 1933/2303/1908
f 1938/2307/1912 1940/2314/1919 1939/2309/1914
f 1937/2305/1910 1939/2309/1914 1941/2310/1915
f 1939/2309/1914 1943/2316/1921 1942/2312/1917
f 1944/2313/1918 1943/2316/1921 1939/2309/1914
f 1944/2313/1918 1946/2320/1925 1945/2315/1920
f 1943/2316/1921 1945/2315/1920 1947/2317/1922
f 1949/2318/1923 1948/2323/1928 1947/2317/1922
f 1950/2319/1924 1949/2318/1923 1945/2315/1920
f 1950/2319/1924 1952/2326/1931 1951/2321/1926
f 1949/2318/1923 1951/2321/1926 1953/2322/1927
f 1951/2321/1926 1955/2328/1933 1954/2324/1929
f 1956/2325/1930 1955/2328/1933 1951/2321/1926
f 1956/2325/1930 1958/2332/1937 1957/2327/1932
f 1955/2328/1933 1957/2327/1932 1959/2329/1934
f 1961/2330/1935 1960/4980/1939 1959/2329/1934
f 1962/2331/1936 1961/2330/1935 1957/2327/1932
f 1962/2333/1936 1964/2340/1943 1963/2334/1938
f 1963/2334/1938 1965/2338/1941 1960/2336/1939
f 1967/2337/1940 1966/2342/1945 1965/2338/1941
f 1968/2339/1942 1967/2337/1940 1963/2334/1938
f 1968/2339/1942 1970/2346/1949 1969/2341/1944
f 1969/2341/1944 1971/2344/1947 1966/2342/1945
f 1973/2343/1946 1972/2349/1952 1971/2344/1947
f 1974/2345/1948 1973/2343/1946 1969/2341/1944
f 1974/2345/1948 1976/2352/1955 1975/2347/1950
f 1973/2343/1946 1975/2347/1950 1977/2348/1951
f 1979/2350/1953 1978/2355/1958 1977/2348/1951
f 1980/2351/1954 1979/2350/1953 1975/2347/1950
f 1980/2351/1954 1982/2358/1961 1981/2353/1956
f 1979/2350/1953 1981/2353/1956 1983/2354/1957
f 1981/2353/1956 1985/2360/1963 1984/2356/1959
f 1986/2357/1960 1985/2360/1963 1981/2353/1956
f 1986/2357/1960 1988/2364/1967 1987/2359/1962
f 1987/2359/1962 1989/2362/1965 1984/2356/1959
f 1991/2361/1964 1990/2366/1969 1989/2362/1965
f 1992/2363/1966 1991/2361/1964 1987/2359/1962
f 1992/2363/1966 1994/2370/1973 1993/2365/1968
f 1993/2365/1968 1995/2368/1971 1990/2366/1969
f 1997/2367/1970 1996/2373/1976 1995/2368/1971
f 1998/2369/1972 1997/2367/1970 1993/2365/1968
f 1998/2369/1972 2000/2376/1979 1999/2371/1974
f 1997/2367/1970 1999/2371/1974 2001/2372/1975
f 2003/2374/1977 2002/2378/1981 2001/2372/1975
f 2004/2375/1978 2003/2374/1977 1999/2371/1974
f 2004/2375/1978 2006/2382/1985 2005/2377/1980
f 2005/2377/1980 2007/2380/1983 2002/2378/1981
f 2009/2379/1982 2008/4981/1988 2007/2380/1983
f 2010/2381/1984 2009/2379/1982 2005/2377/1980
f 2010/2383/1984 2012/2390/1991 2011/2384/1986
f 2009/2385/1982 2011/2384/1986 2013/2386/1987
f 2015/2388/1989 2014/2393/1994 2013/2386/1987
f 2016/2389/1990 2015/2388/1989 2011/2384/1986
f 2016/2389/1990 2018/2394/1995 2017/2391/1992
f 2015/2388/1989 2017/2391/1992 2019/2392/1993
f 1925/2297/1902 1928/2299/1904 2019/2392/1993
f 1924/2295/1900 1925/2297/1902 2017/2391/1992
f 1929/2298/1903 2021/2396/1997 2020/2395/1996
f 2021/2396/1997 2023/2399/2000 2022/2397/1998
f 2021/2396/1997 2025/2400/2001 2024/2398/1999
f 1929/2298/1903 1930/2300/1905 2025/2400/2001
f 1935/2306/1911 2026/2401/2002 2025/2400/2001
f 2026/2401/2002 2027/2403/2004 2024/2398/1999
f 2026/2401/2002 2029/2404/2005 2028/2402/2003
f 1935/2306/1911 1936/2311/1916 2029/2404/2005
f 1941/2310/1915 2030/2405/2006 2029/2404/2005
f 2030/2405/2006 2031/2407/2008 2028/2402/2003
f 2030/2405/2006 2033/2408/2009 2032/2406/2007
f 1941/2310/1915 1942/2312/1917 2033/2408/2009
f 1947/2317/1922 2034/2409/2010 2033/2408/2009
f 2034/2409/2010 2035/2411/2012 2032/2406/2007
f 2034/2409/2010 2037/2412/2013 2036/2410/2011
f 1947/2317/1922 1948/2323/1928 2037/2412/2013
f 1953/2322/1927 2038/2413/2014 2037/2412/2013
f 2038/2413/2014 2039/2415/2016 2036/2410/2011
f 2038/2413/2014 2041/2416/2017 2040/2414/2015
f 1953/2322/1927 1954/2324/1929 2041/2416/2017
f 1959/2329/1934 2042/2417/2018 2041/2416/2017
f 2042/2417/2018 2043/2419/2020 2040/2414/2015
f 2042/2417/2018 2045/2420/2021 2044/2418/2019
f 1959/2329/1934 1960/4980/1939 2045/2420/2021
f 1965/2338/1941 2046/2422/2022 2045/2421/2021
f 2046/2422/2022 2047/2425/2024 2044/2423/2019
f 2046/2422/2022 2049/2426/2025 2048/2424/2023
f 1965/2338/1941 1966/2342/1945 2049/2426/2025
f 1971/2344/1947 2050/2427/2026 2049/2426/2025
f 2050/2427/2026 2051/2429/2028 2048/2424/2023
f 2050/2427/2026 2053/2430/2029 2052/2428/2027
f 1971/2344/1947 1972/2349/1952 2053/2430/2029
f 1977/2348/1951 2054/2431/2030 2053/2430/2029
f 2054/2431/2030 2055/2433/2032 2052/2428/2027
f 2054/2431/2030 2057/2434/2033 2056/2432/2031
f 1977/2348/1951 1978/2355/1958 2057/2434/2033
f 1983/2354/1957 2058/2435/2034 2057/2434/2033
f 2058/2435/2034 2059/2437/2036 2056/2432/2031
f 2058/2435/2034 2061/2438/2037 2060/2436/2035
f 1983/2354/1957 1984/2356/1959 2061/2438/2037
f 1989/2362/1965 2062/2439/2038 2061/2438/2037
f 2062/2439/2038 2063/2441/2040 2060/2436/2035
f 2062/2439/2038 2065/2442/2041 2064/2440/2039
f 1989/2362/1965 1990/2366/1969 2065/2442/2041
f 1995/2368/1971 2066/2443/2042 2065/2442/2041
f 2066/2443/2042 2067/2445/2044 2064/2440/2039
f 2066/2443/2042 2069/2446/2045 2068/2444/2043
f 1995/2368/1971 1996/2373/1976 2069/2446/2045
f 2001/2372/1975 2070/2447/2046 2069/2446/2045
f 2070/2447/2046 2071/2449/2048 2068/2444/2043
f 2070/2447/2046 2073/2450/2049 2072/2448/2047
f 2001/2372/1975 2002/2378/1981 2073/2450/2049
f 2007/2380/1983 2074/2451/2050 2073/2450/2049
f 2074/2451/2050 2075/2453/2052 2072/2448/2047
f 2074/2451/2050 2077/2454/2053 2076/2452/2051
f 2007/2380/1983 2008/4981/1988 2077/2454/2053
f 2013/2386/1987 2078/2456/2054 2077/2455/2053
f 2078/2456/2054 2079/2459/2056 2076/2457/2051
f 2078/2456/2054 2081/2460/2057 2080/2458/2055
f 2013/2386/1987 2014/2393/1994 2081/2460/2057
f 2019/2392/1993 2082/2461/2058 2081/2460/2057
f 2082/2461/2058 2083/2462/2059 2080/2458/2055
f 2082/2461/2058 2020/2395/1996 2022/2397/1998
f 2019/2392/1993 1928/2299/1904 2020/2395/1996
f 2084/2463/2060 2087/2472/2067 2086/2464/2061
f 2085/2466/2062 2086/2470/2061 2089/2467/2063
f 2091/2469/2065 2090/2476/2070 2089/2467/2063
f 2092/2471/2066 2091/4982/2065 2086/2464/2061
f 2092/2473/2066 2094/2479/2073 2093/2474/2068
f 2091/2469/2065 2093/2474/2068 2095/2475/2069
f 2097/2477/2071 2096/2482/2076 2095/2475/2069
f 2098/2478/2072 2097/2477/2071 2093/2474/2068
f 2098/2478/2072 2100/2485/2079 2099/2480/2074
f 2097/2477/2071 2099/2480/2074 2101/2481/2075
f 2103/2483/2077 2102/2490/2082 2101/2481/2075
f 2104/2484/2078 2103/2483/2077 2099/2480/2074
f 2104/2486/2078 2106/2494/2085 2105/2487/2080
f 2103/2483/2077 2105/2492/2080 2107/2489/2081
f 2109/2491/2083 2108/2498/2088 2107/2489/2081
f 2110/2493/2084 2109/2496/2083 2105/2487/2080
f 2110/2493/2084 2112/2502/2091 2111/2495/2086
f 2109/2491/2083 2111/2500/2086 2113/2497/2087
f 2115/2499/2089 2114/2506/2094 2113/2497/2087
f 2116/2501/2090 2115/4983/2089 2111/2495/2086
f 2116/2503/2090 2118/2509/2097 2117/2504/2092
f 2115/2499/2089 2117/2504/2092 2119/2505/2093
f 2121/2507/2095 2120/2512/2100 2119/2505/2093
f 2122/2508/2096 2121/2507/2095 2117/2504/2092
f 2122/2508/2096 2124/2515/2103 2123/2510/2098
f 2121/2507/2095 2123/2510/2098 2125/2511/2099
f 2127/2513/2101 2126/2520/2106 2125/2511/2099
f 2128/2514/2102 2127/2513/2101 2123/2510/2098
f 2128/2516/2102 2130/2524/2109 2129/2517/2104
f 2127/2513/2101 2129/2522/2104 2131/2519/2105
f 2133/2521/2107 2132/2528/2112 2131/2519/2105
f 2134/2523/2108 2133/2526/2107 2129/2517/2104
f 2134/2523/2108 2136/2532/2115 2135/2525/2110
f 2133/2521/2107 2135/2530/2110 2137/2527/2111
f 2139/2529/2113 2138/2536/2118 2137/2527/2111
f 2140/2531/2114 2139/4984/2113 2135/2525/2110
f 2140/2533/2114 2142/2539/2121 2141/2534/2116
f 2139/2529/2113 2141/2534/2116 2143/2535/2117
f 2145/2537/2119 2144/2542/2124 2143/2535/2117
f 2146/2538/2120 2145/2537/2119 2141/2534/2116
f 2146/2538/2120 2148/2545/2127 2147/2540/2122
f 2145/2537/2119 2147/2540/2122 2149/2541/2123
f 2151/2543/2125 2150/2550/2130 2149/2541/2123
f 2152/2544/2126 2151/2543/2125 2147/2540/2122
f 2152/2546/2126 2154/2554/2133 2153/2547/2128
f 2151/2543/2125 2153/2552/2128 2155/2549/2129
f 2157/2551/2131 2156/2558/2136 2155/2549/2129
f 2158/2553/2132 2157/2556/2131 2153/2547/2128
f 2158/2553/2132 2160/2562/2139 2159/2555/2134
f 2157/2551/2131 2159/2560/2134 2161/2557/2135
f 2163/2559/2137 2162/2566/2142 2161/2557/2135
f 2164/2561/2138 2163/4985/2137 2159/2555/2134
f 2164/2563/2138 2166/2569/2145 2165/2564/2140
f 2163/2559/2137 2165/2564/2140 2167/2565/2141
f 2169/2567/2143 2168/2572/2148 2167/2565/2141
f 2170/2568/2144 2169/2567/2143 2165/2564/2140
f 2170/2568/2144 2172/2575/2151 2171/2570/2146
f 2169/2567/2143 2171/2570/2146 2173/2571/2147
f 2175/2573/2149 2174/2580/2154 2173/2571/2147
f 2176/2574/2150 2175/2573/2149 2171/2570/2146
f 2176/2576/2150 2178/2582/2155 2177/2577/2152
f 2175/2573/2149 2177/2581/2152 2179/2579/2153
f 2085/2466/2062 2088/2468/2064 2179/2579/2153
f 2084/2463/2060 2085/2465/2062 2177/2577/2152
f 2088/2468/2064 2089/2467/2063 2181/2583/2156
f 2180/2584/2157 2181/2583/2156 2183/2585/2158
f 2185/2587/2160 2184/2590/2163 2183/2585/2158
f 2090/2476/2070 2185/2587/2160 2181/2583/2156
f 2090/2476/2070 2095/2475/2069 2186/2588/2161
f 2185/2587/2160 2186/2588/2161 2187/2589/2162
f 2189/2591/2164 2188/2594/2167 2187/2589/2162
f 2096/2482/2076 2189/2591/2164 2186/2588/2161
f 2096/2482/2076 2101/2481/2075 2190/2592/2165
f 2189/2591/2164 2190/2592/2165 2191/2593/2166
f 2193/2595/2168 2192/2598/2171 2191/2593/2166
f 2102/2490/2082 2193/2595/2168 2190/2592/2165
f 2102/2490/2082 2107/2489/2081 2194/2596/2169
f 2193/2595/2168 2194/2596/2169 2195/2597/2170
f 2197/2599/2172 2196/2602/2175 2195/2597/2170
f 2108/2498/2088 2197/2599/2172 2194/2596/2169
f 2108/2498/2088 2113/2497/2087 2198/2600/2173
f 2197/2599/2172 2198/2600/2173 2199/2601/2174
f 2201/2603/2176 2200/2606/2179 2199/2601/2174
f 2114/2506/2094 2201/2603/2176 2198/2600/2173
f 2114/2506/2094 2119/2505/2093 2202/2604/2177
f 2201/2603/2176 2202/2604/2177 2203/2605/2178
f 2205/2607/2180 2204/2610/2183 2203/2605/2178
f 2120/2512/2100 2205/2607/2180 2202/2604/2177
f 2120/2512/2100 2125/2511/2099 2206/2608/2181
f 2205/2607/2180 2206/2608/2181 2207/2609/2182
f 2209/2611/2184 2208/2614/2187 2207/2609/2182
f 2126/2520/2106 2209/2611/2184 2206/2608/2181
f 2126/2520/2106 2131/2519/2105 2210/2612/2185
f 2209/2611/2184 2210/2612/2185 2211/2613/2186
f 2213/2615/2188 2212/2618/2191 2211/2613/2186
f 2132/2528/2112 2213/2615/2188 2210/2612/2185
f 2132/2528/2112 2137/2527/2111 2214/2616/2189
f 2213/2615/2188 2214/2616/2189 2215/2617/2190
f 2217/2619/2192 2216/2622/2195 2215/2617/2190
f 2138/2536/2118 2217/2619/2192 2214/2616/2189
f 2138/2536/2118 2143/2535/2117 2218/2620/2193
f 2217/2619/2192 2218/2620/2193 2219/2621/2194
f 2221/2623/2196 2220/2626/2199 2219/2621/2194
f 2144/2542/2124 2221/2623/2196 2218/2620/2193
f 2144/2542/2124 2149/2541/2123 2222/2624/2197
f 2221/2623/2196 2222/2624/2197 2223/2625/2198
f 2225/2627/2200 2224/2630/2203 2223/2625/2198
f 2150/2550/2130 2225/2627/2200 2222/2624/2197
f 2150/2550/2130 2155/2549/2129 2226/2628/2201
f 2225/2627/2200 2226/2628/2201 2227/2629/2202
f 2229/2631/2204 2228/2634/2207 2227/2629/2202
f 2156/2558/2136 2229/2631/2204 2226/2628/2201
f 2156/2558/2136 2161/2557/2135 2230/2632/2205
f 2229/2631/2204 2230/2632/2205 2231/2633/2206
f 2233/2635/2208 2232/2638/2211 2231/2633/2206
f 2162/2566/2142 2233/2635/2208 2230/2632/2205
f 2162/2566/2142 2167/2565/2141 2234/2636/2209
f 2233/2635/2208 2234/2636/2209 2235/2637/2210
f 2237/2639/2212 2236/2642/2215 2235/2637/2210
f 2168/2572/2148 2237/2639/2212 2234/2636/2209
f 2168/2572/2148 2173/2571/2147 2238/2640/2213
f 2237/2639/2212 2238/2640/2213 2239/2641/2214
f 2241/2643/2216 2240/2646/2219 2239/2641/2214
f 2174/2580/2154 2241/2643/2216 2238/2640/2213
f 2174/2580/2154 2179/2579/2153 2242/2644/2217
f 2241/2643/2216 2242/2644/2217 2243/2645/2218
f 2180/2584/2157 2182/2586/2159 2243/2645/2218
f 2088/2468/2064 2180/2584/2157 2242/2644/2217
f 2182/2647/2159 2183/2654/2158 2245/2648/2220
f 2244/2649/2221 2245/2648/2220 2247/2650/2222
f 2249/2652/2224 2248/2657/2227 2247/2650/2222
f 2184/2653/2163 2249/2652/2224 2245/2648/2220
f 2184/2653/2163 2187/2660/2162 2250/2655/2225
f 2249/2652/2224 2250/2655/2225 2251/2656/2226
f 2253/2658/2228 2252/2663/2231 2251/2656/2226
f 2188/2659/2167 2253/2658/2228 2250/2655/2225
f 2188/2659/2167 2191/2666/2166 2254/2661/2229
f 2253/2658/2228 2254/2661/2229 2255/2662/2230
f 2257/2664/2232 2256/2669/2235 2255/2662/2230
f 2192/2665/2171 2257/2664/2232 2254/2661/2229
f 2192/2665/2171 2195/2672/2170 2258/2667/2233
f 2257/2664/2232 2258/2667/2233 2259/2668/2234
f 2261/2670/2236 2260/2675/2239 2259/2668/2234
f 2196/2671/2175 2261/2670/2236 2258/2667/2233
f 2196/2671/2175 2199/2678/2174 2262/2673/2237
f 2261/2670/2236 2262/2673/2237 2263/2674/2238
f 2265/2676/2240 2264/2681/2243 2263/2674/2238
f 2200/2677/2179 2265/2676/2240 2262/2673/2237
f 2200/2677/2179 2203/2684/2178 2266/2679/2241
f 2265/2676/2240 2266/2679/2241 2267/2680/2242
f 2269/2682/2244 2268/4986/2247 2267/2680/2242
f 2204/2683/2183 2269/2682/2244 2266/2679/2241
f 2204/2685/2183 2207/2692/2182 2270/2686/2245
f 2269/2687/2244 2270/2686/2245 2271/2688/2246
f 2273/2690/2248 2272/2695/2251 2271/2688/2246
f 2208/2691/2187 2273/2690/2248 2270/2686/2245
f 2208/2691/2187 2211/2698/2186 2274/2693/2249
f 2273/2690/2248 2274/2693/2249 2275/2694/2250
f 2277/2696/2252 2276/2701/2255 2275/2694/2250
f 2212/2697/2191 2277/2696/2252 2274/2693/2249
f 2212/2697/2191 2215/2704/2190 2278/2699/2253
f 2277/2696/2252 2278/2699/2253 2279/2700/2254
f 2281/2702/2256 2280/2707/2259 2279/2700/2254
f 2216/2703/2195 2281/2702/2256 2278/2699/2253
f 2216/2703/2195 2219/2710/2194 2282/2705/2257
f 2281/2702/2256 2282/2705/2257 2283/2706/2258
f 2285/2708/2260 2284/2713/2263 2283/2706/2258
f 2220/2709/2199 2285/2708/2260 2282/2705/2257
f 2220/2709/2199 2223/2716/2198 2286/2711/2261
f 2285/2708/2260 2286/2711/2261 2287/2712/2262
f 2289/2714/2264 2288/2719/2267 2287/2712/2262
f 2224/2715/2203 2289/2714/2264 2286/2711/2261
f 2224/2715/2203 2227/2722/2202 2290/2717/2265
f 2289/2714/2264 2290/2717/2265 2291/2718/2266
f 2293/2720/2268 2292/2725/2271 2291/2718/2266
f 2228/2721/2207 2293/2720/2268 2290/2717/2265
f 2228/2721/2207 2231/2728/2206 2294/2723/2269
f 2293/2720/2268 2294/2723/2269 2295/2724/2270
f 2297/2726/2272 2296/2731/2275 2295/2724/2270
f 2232/2727/2211 2297/2726/2272 2294/2723/2269
f 2232/2727/2211 2235/2734/2210 2298/2729/2273
f 2297/2726/2272 2298/2729/2273 2299/2730/2274
f 2301/2732/2276 2300/4987/2279 2299/2730/2274
f 2236/2733/2215 2301/2732/2276 2298/2729/2273
f 2236/2735/2215 2239/2742/2214 2302/2736/2277
f 2301/2737/2276 2302/2736/2277 2303/2738/2278
f 2305/2740/2280 2304/2745/2283 2303/2738/2278
f 2240/2741/2219 2305/2740/2280 2302/2736/2277
f 2240/2741/2219 2243/2746/2218 2306/2743/2281
f 2305/2740/2280 2306/2743/2281 2307/2744/2282
f 2244/2649/2221 2246/2651/2223 2307/2744/2282
f 2182/2647/2159 2244/2649/2221 2306/2743/2281
f 2246/2651/2223 2247/2650/2222 2309/2747/2284
f 2308/2748/2285 2309/2747/2284 2311/2749/2286
f 2309/2747/2284 2313/2752/2289 2312/2751/2288
f 2247/2650/2222 2248/2657/2227 2313/2752/2289
f 2248/2657/2227 2251/2656/2226 2314/2753/2290
f 2313/2752/2289 2314/2753/2290 2315/2754/2291
f 2314/2753/2290 2317/2756/2293 2316/2755/2292
f 2251/2656/2226 2252/2663/2231 2317/2756/2293
f 2252/2663/2231 2255/2662/2230 2318/2757/2294
f 2317/2756/2293 2318/2757/2294 2319/2758/2295
f 2318/2757/2294 2321/2760/2297 2320/2759/2296
f 2255/2662/2230 2256/2669/2235 2321/2760/2297
f 2256/2669/2235 2259/2668/2234 2322/2761/2298
f 2321/2760/2297 2322/2761/2298 2323/2762/2299
f 2322/2761/2298 2325/2764/2301 2324/2763/2300
f 2259/2668/2234 2260/2675/2239 2325/2764/2301
f 2260/2675/2239 2263/2674/2238 2326/2765/2302
f 2325/2764/2301 2326/2765/2302 2327/2766/2303
f 2326/2765/2302 2329/2768/2305 2328/2767/2304
f 2263/2674/2238 2264/2681/2243 2329/2768/2305
f 2264/2681/2243 2267/2680/2242 2330/2769/2306
f 2329/2768/2305 2330/2769/2306 2331/2770/2307
f 2330/2769/2306 2333/2772/2309 2332/2771/2308
f 2267/2680/2242 2268/4986/2247 2333/2772/2309
f 2268/2689/2247 2271/2688/2246 2334/2773/2310
f 2333/2774/2309 2334/2773/2310 2335/2775/2311
f 2334/2773/2310 2337/2778/2313 2336/2777/2312
f 2271/2688/2246 2272/2695/2251 2337/2778/2313
f 2272/2695/2251 2275/2694/2250 2338/2779/2314
f 2337/2778/2313 2338/2779/2314 2339/2780/2315
f 2338/2779/2314 2341/2782/2317 2340/2781/2316
f 2275/2694/2250 2276/2701/2255 2341/2782/2317
f 2276/2701/2255 2279/2700/2254 2342/2783/2318
f 2341/2782/2317 2342/2783/2318 2343/2784/2319
f 2342/2783/2318 2345/2786/2321 2344/2785/2320
f 2279/2700/2254 2280/2707/2259 2345/2786/2321
f 2280/2707/2259 2283/2706/2258 2346/2787/2322
f 2345/2786/2321 2346/2787/2322 2347/2788/2323
f 2346/2787/2322 2349/2790/2325 2348/2789/2324
f 2283/2706/2258 2284/2713/2263 2349/2790/2325
f 2284/2713/2263 2287/2712/2262 2350/2791/2326
f 2349/2790/2325 2350/2791/2326 2351/2792/2327
f 2350/2791/2326 2353/2794/2329 2352/2793/2328
f 2287/2712/2262 2288/2719/2267 2353/2794/2329
f 2288/2719/2267 2291/2718/2266 2354/2795/2330
f 2353/2794/2329 2354/2795/2330 2355/2796/2331
f 2354/2795/2330 2357/2798/2333 2356/2797/2332
f 2291/2718/2266 2292/2725/2271 2357/2798/2333
f 2292/2725/2271 2295/2724/2270 2358/2799/2334
f 2357/2798/2333 2358/2799/2334 2359/2800/2335
f 2358/2799/2334 2361/2802/2337 2360/2801/2336
f 2295/2724/2270 2296/2731/2275 2361/2802/2337
f 2296/2731/2275 2299/2730/2274 2362/2803/2338
f 2361/2802/2337 2362/2803/2338 2363/2804/2339
f 2362/2803/2338 2365/2806/2341 2364/2805/2340
f 2299/2730/2274 2300/4987/2279 2365/2806/2341
f 2300/2739/2279 2303/2738/2278 2366/2807/2342
f 2365/2808/2341 2366/2807/2342 2367/2809/2343
f 2366/2807/2342 2369/2812/2345 2368/2811/2344
f 2303/2738/2278 2304/2745/2283 2369/2812/2345
f 2304/2745/2283 2307/2744/2282 2370/2813/2346
f 2369/2812/2345 2370/2813/2346 2371/2814/2347
f 2370/2813/2346 2308/2748/2285 2310/2750/2287
f 2307/2744/2282 2246/2651/2223 2308/2748/2285
f 2372/2815/2348 2375/2821/2354 2374/2816/2349
f 2373/2817/2350 2374/2816/2349 2377/2818/2351
f 2374/2816/2349 2379/2822/2355 2378/2820/2353
f 2375/2821/2354 2380/2823/2356 2379/2822/2355
f 2380/2823/2356 2382/2827/2360 2381/2824/2357
f 2379/2822/2355 2381/2824/2357 2383/2825/2358
f 2381/2824/2357 2385/2828/2361 2384/2826/2359
f 2382/2827/2360 2386/2829/2362 2385/2828/2361
f 2386/2829/2362 2388/2833/2366 2387/2830/2363
f 2385/2828/2361 2387/2830/2363 2389/2831/2364
f 2387/2830/2363 2391/2834/2367 2390/2832/2365
f 2388/2833/2366 2392/2835/2368 2391/2834/2367
f 2392/2835/2368 2394/2839/2372 2393/2836/2369
f 2391/2834/2367 2393/2836/2369 2395/2837/2370
f 2393/2836/2369 2397/2840/2373 2396/2838/2371
f 2394/2839/2372 2398/2841/2374 2397/2840/2373
f 2398/2841/2374 2400/2845/2378 2399/2842/2375
f 2397/2840/2373 2399/2842/2375 2401/2843/2376
f 2399/2842/2375 2403/2846/2379 2402/2844/2377
f 2400/2845/2378 2404/2847/2380 2403/2846/2379
f 2404/2847/2380 2406/2851/2384 2405/2848/2381
f 2403/2846/2379 2405/2848/2381 2407/2849/2382
f 2405/2848/2381 2409/2852/2385 2408/2850/2383
f 2406/2851/2384 2410/2853/2386 2409/2852/2385
f 2410/2853/2386 2412/2857/2390 2411/2854/2387
f 2409/2852/2385 2411/2854/2387 2413/2855/2388
f 2411/2854/2387 2415/2858/2391 2414/2856/2389
f 2412/2857/2390 2416/2859/2392 2415/2858/2391
f 2416/2859/2392 2418/2863/2396 2417/2860/2393
f 2415/2858/2391 2417/2860/2393 2419/2861/2394
f 2417/2860/2393 2421/2864/2397 2420/2862/2395
f 2418/2863/2396 2422/2865/2398 2421/2864/2397
f 2422/2865/2398 2424/2869/2402 2423/2866/2399
f 2421/2864/2397 2423/2866/2399 2425/2867/2400
f 2423/2866/2399 2427/2870/2403 2426/2868/2401
f 2424/2869/2402 2428/2871/2404 2427/2870/2403
f 2428/2871/2404 2430/2875/2408 2429/2872/2405
f 2427/2870/2403 2429/2872/2405 2431/2873/2406
f 2429/2872/2405 2433/2876/2409 2432/2874/2407
f 2430/2875/2408 2434/2877/2410 2433/2876/2409
f 2434/2877/2410 2436/2881/2414 2435/2878/2411
f 2433/2876/2409 2435/2878/2411 2437/2879/2412
f 2435/2878/2411 2439/2882/2415 2438/2880/2413
f 2436/2881/2414 2440/2883/2416 2439/2882/2415
f 2440/2883/2416 2442/2887/2420 2441/2884/2417
f 2439/2882/2415 2441/2884/2417 2443/2885/2418
f 2441/2884/2417 2445/2888/2421 2444/2886/2419
f 2442/2887/2420 2446/2889/2422 2445/2888/2421
f 2446/2889/2422 2448/2893/2426 2447/2890/2423
f 2445/2888/2421 2447/2890/2423 2449/2891/2424
f 2447/2890/2423 2451/2894/2427 2450/2892/2425
f 2448/2893/2426 2452/2895/2428 2451/2894/2427
f 2452/2895/2428 2454/2899/2432 2453/2896/2429
f 2451/2894/2427 2453/2896/2429 2455/2897/2430
f 2453/2896/2429 2457/2900/2433 2456/2898/2431
f 2454/2899/2432 2458/2901/2434 2457/2900/2433
f 2458/2901/2434 2460/2905/2438 2459/2902/2435
f 2457/2900/2433 2459/2902/2435 2461/2903/2436
f 2459/2902/2435 2463/2906/2439 2462/2904/2437
f 2460/2905/2438 2464/2907/2440 2463/2906/2439
f 2464/2907/2440 2466/2910/2443 2465/2908/2441
f 2463/2906/2439 2465/2908/2441 2467/2909/2442
f 2465/2908/2441 2373/2817/2350 2376/2819/2352
f 2466/2910/2443 2372/2815/2348 2373/2817/2350
f 2377/2818/2351 2469/2912/2445 2468/2911/2444
f 2469/2912/2445 2471/2915/2448 2470/2913/2446
f 2473/2914/2447 2472/2917/2450 2471/2915/2448
f 2378/2820/2353 2473/2914/2447 2469/2912/2445
f 2383/2825/2358 2474/2916/2449 2473/2914/2447
f 2474/2916/2449 2475/2919/2452 2472/2917/2450
f 2477/2918/2451 2476/2921/2454 2475/2919/2452
f 2384/2826/2359 2477/2918/2451 2474/2916/2449
f 2389/2831/2364 2478/2920/2453 2477/2918/2451
f 2478/2920/2453 2479/2923/2456 2476/2921/2454
f 2481/2922/2455 2480/2925/2458 2479/2923/2456
f 2390/2832/2365 2481/2922/2455 2478/2920/2453
f 2395/2837/2370 2482/2924/2457 2481/2922/2455
f 2482/2924/2457 2483/2927/2460 2480/2925/2458
f 2485/2926/2459 2484/2929/2462 2483/2927/2460
f 2396/2838/2371 2485/2926/2459 2482/2924/2457
f 2401/2843/2376 2486/2928/2461 2485/2926/2459
f 2486/2928/2461 2487/2931/2464 2484/2929/2462
f 2489/2930/2463 2488/2933/2466 2487/2931/2464
f 2402/2844/2377 2489/2930/2463 2486/2928/2461
f 2407/2849/2382 2490/2932/2465 2489/2930/2463
f 2490/2932/2465 2491/2935/2468 2488/2933/2466
f 2493/2934/2467 2492/2937/2470 2491/2935/2468
f 2408/2850/2383 2493/2934/2467 2490/2932/2465
f 2413/2855/2388 2494/2936/2469 2493/2934/2467
f 2494/2936/2469 2495/2939/2472 2492/2937/2470
f 2497/2938/2471 2496/2941/2474 2495/2939/2472
f 2414/2856/2389 2497/2938/2471 2494/2936/2469
f 2419/2861/2394 2498/2940/2473 2497/2938/2471
f 2498/2940/2473 2499/2943/2476 2496/2941/2474
f 2501/2942/2475 2500/2945/2478 2499/2943/2476
f 2420/2862/2395 2501/2942/2475 2498/2940/2473
f 2425/2867/2400 2502/2944/2477 2501/2942/2475
f 2502/2944/2477 2503/2947/2480 2500/2945/2478
f 2505/2946/2479 2504/2949/2482 2503/2947/2480
f 2426/2868/2401 2505/2946/2479 2502/2944/2477
f 2431/2873/2406 2506/2948/2481 2505/2946/2479
f 2506/2948/2481 2507/2951/2484 2504/2949/2482
f 2509/2950/2483 2508/2953/2486 2507/2951/2484
f 2432/2874/2407 2509/2950/2483 2506/2948/2481
f 2437/2879/2412 2510/2952/2485 2509/2950/2483
f 2510/2952/2485 2511/2955/2488 2508/2953/2486
f 2513/2954/2487 2512/2957/2490 2511/2955/2488
f 2438/2880/2413 2513/2954/2487 2510/2952/2485
f 2443/2885/2418 2514/2956/2489 2513/2954/2487
f 2514/2956/2489 2515/2959/2492 2512/2957/2490
f 2517/2958/2491 2516/2961/2494 2515/2959/2492
f 2444/2886/2419 2517/2958/2491 2514/2956/2489
f 2449/2891/2424 2518/2960/2493 2517/2958/2491
f 2518/2960/2493 2519/2963/2496 2516/2961/2494
f 2521/2962/2495 2520/2965/2498 2519/2963/2496
f 2450/2892/2425 2521/2962/2495 2518/2960/2493
f 2455/2897/2430 2522/2964/2497 2521/2962/2495
f 2522/2964/2497 2523/2967/2500 2520/2965/2498
f 2525/2966/2499 2524/2969/2502 2523/2967/2500
f 2456/2898/2431 2525/2966/2499 2522/2964/2497
f 2461/2903/2436 2526/2968/2501 2525/2966/2499
f 2526/2968/2501 2527/2971/2504 2524/2969/2502
f 2529/2970/2503 2528/2973/2506 2527/2971/2504
f 2462/2904/2437 2529/2970/2503 2526/2968/2501
f 2467/2909/2442 2530/2972/2505 2529/2970/2503
f 2530/2972/2505 2531/2974/2507 2528/2973/2506
f 2468/2911/2444 2470/2913/2446 2531/2974/2507
f 2376/2819/2352 2468/2911/2444 2530/2972/2505
f 2532/2975/2508 2535/2981/2514 2534/2976/2509
f 2533/2977/2510 2534/2976/2509 2537/2978/2511
f 2534/2976/2509 2539/2982/2515 2538/2980/2513
f 2535/2981/2514 2540/2983/2516 2539/2982/2515
f 2540/2983/2516 2542/2987/2520 2541/2984/2517
f 2539/2982/2515 2541/2984/2517 2543/2985/2518
f 2541/2984/2517 2545/2988/2521 2544/2986/2519
f 2542/2987/2520 2546/2989/2522 2545/2988/2521
f 2546/2989/2522 2548/2993/2526 2547/2990/2523
f 2545/2988/2521 2547/2990/2523 2549/2991/2524
f 2547/2990/2523 2551/2994/2527 2550/2992/2525
f 2548/2993/2526 2552/2995/2528 2551/2994/2527
f 2552/2995/2528 2554/2999/2532 2553/2996/2529
f 2551/2994/2527 2553/2996/2529 2555/2997/2530
f 2553/2996/2529 2557/3000/2533 2556/2998/2531
f 2554/2999/2532 2558/3001/2534 2557/3000/2533
f 2558/3001/2534 2560/3005/2538 2559/3002/2535
f 2557/3000/2533 2559/3002/2535 2561/3003/2536
f 2559/3002/2535 2563/3006/2539 2562/3004/2537
f 2560/3005/2538 2564/3007/2540 2563/3006/2539
f 2564/3007/2540 2566/3011/2544 2565/3008/2541
f 2563/3006/2539 2565/3008/2541 2567/3009/2542
f 2565/3008/2541 2569/3012/2545 2568/3010/2543
f 2566/3011/2544 2570/3013/2546 2569/3012/2545
f 2570/3013/2546 2572/3017/2550 2571/3014/2547
f 2569/3012/2545 2571/3014/2547 2573/3015/2548
f 2571/3014/2547 2575/3018/2551 2574/3016/2549
f 2572/3017/2550 2576/3019/2552 2575/3018/2551
f 2576/3019/2552 2578/3023/2556 2577/3020/2553
f 2575/3018/2551 2577/3020/2553 2579/3021/2554
f 2577/3020/2553 2581/3024/2557 2580/3022/2555
f 2578/3023/2556 2582/3025/2558 2581/3024/2557
f 2582/3025/2558 2584/3029/2562 2583/3026/2559
f 2581/3024/2557 2583/3026/2559 2585/3027/2560
f 2583/3026/2559 2587/3030/2563 2586/3028/2561
f 2584/3029/2562 2588/3031/2564 2587/3030/2563
f 2588/3031/2564 2590/3035/2568 2589/3032/2565
f 2587/3030/2563 2589/3032/2565 2591/3033/2566
f 2589/3032/2565 2593/3036/2569 2592/3034/2567
f 2590/3035/2568 2594/3037/2570 2593/3036/2569
f 2594/3037/2570 2596/3041/2574 2595/3038/2571
f 2593/3036/2569 2595/3038/2571 2597/3039/2572
f 2595/3038/2571 2599/3042/2575 2598/3040/2573
f 2596/3041/2574 2600/3043/2576 2599/3042/2575
f 2600/3043/2576 2602/3047/2580 2601/3044/2577
f 2599/3042/2575 2601/3044/2577 2603/3045/2578
f 2601/3044/2577 2605/3048/2581 2604/3046/2579
f 2602/3047/2580 2606/3049/2582 2605/3048/2581
f 2606/3049/2582 2608/3053/2586 2607/3050/2583
f 2605/3048/2581 2607/3050/2583 2609/3051/2584
f 2607/3050/2583 2611/3054/2587 2610/3052/2585
f 2608/3053/2586 2612/3055/2588 2611/3054/2587
f 2612/3055/2588 2614/3059/2592 2613/3056/2589
f 2611/3054/2587 2613/3056/2589 2615/3057/2590
f 2613/3056/2589 2617/3060/2593 2616/3058/2591
f 2614/3059/2592 2618/3061/2594 2617/3060/2593
f 2618/3061/2594 2620/3065/2598 2619/3062/2595
f 2617/3060/2593 2619/3062/2595 2621/3063/2596
f 2619/3062/2595 2623/3066/2599 2622/3064/2597
f 2620/3065/2598 2624/3067/2600 2623/3066/2599
f 2624/3067/2600 2626/3070/2603 2625/3068/2601
f 2623/3066/2599 2625/3068/2601 2627/3069/2602
f 2625/3068/2601 2533/2977/2510 2536/2979/2512
f 2626/3070/2603 2532/2975/2508 2533/2977/2510
f 2537/2978/2511 2629/3072/2605 2628/3071/2604
f 2629/3072/2605 2631/3075/2608 2630/3073/2606
f 2633/3074/2607 2632/3077/2610 2631/3075/2608
f 2538/2980/2513 2633/3074/2607 2629/3072/2605
f 2543/2985/2518 2634/3076/2609 2633/3074/2607
f 2634/3076/2609 2635/3079/2612 2632/3077/2610
f 2637/3078/2611 2636/3081/2614 2635/3079/2612
f 2544/2986/2519 2637/3078/2611 2634/3076/2609
f 2549/2991/2524 2638/3080/2613 2637/3078/2611
f 2638/3080/2613 2639/3083/2616 2636/3081/2614
f 2641/3082/2615 2640/3085/2618 2639/3083/2616
f 2550/2992/2525 2641/3082/2615 2638/3080/2613
f 2555/2997/2530 2642/3084/2617 2641/3082/2615
f 2642/3084/2617 2643/3087/2620 2640/3085/2618
f 2645/3086/2619 2644/3089/2622 2643/3087/2620
f 2556/2998/2531 2645/3086/2619 2642/3084/2617
f 2561/3003/2536 2646/3088/2621 2645/3086/2619
f 2646/3088/2621 2647/3091/2624 2644/3089/2622
f 2649/3090/2623 2648/3093/2626 2647/3091/2624
f 2562/3004/2537 2649/3090/2623 2646/3088/2621
f 2567/3009/2542 2650/3092/2625 2649/3090/2623
f 2650/3092/2625 2651/3095/2628 2648/3093/2626
f 2653/3094/2627 2652/3097/2630 2651/3095/2628
f 2568/3010/2543 2653/3094/2627 2650/3092/2625
f 2573/3015/2548 2654/3096/2629 2653/3094/2627
f 2654/3096/2629 2655/3099/2632 2652/3097/2630
f 2657/3098/2631 2656/3101/2634 2655/3099/2632
f 2574/3016/2549 2657/3098/2631 2654/3096/2629
f 2579/3021/2554 2658/3100/2633 2657/3098/2631
f 2658/3100/2633 2659/3103/2636 2656/3101/2634
f 2661/3102/2635 2660/3105/2638 2659/3103/2636
f 2580/3022/2555 2661/3102/2635 2658/3100/2633
f 2585/3027/2560 2662/3104/2637 2661/3102/2635
f 2662/3104/2637 2663/3107/2640 2660/3105/2638
f 2665/3106/2639 2664/3109/2642 2663/3107/2640
f 2586/3028/2561 2665/3106/2639 2662/3104/2637
f 2591/3033/2566 2666/3108/2641 2665/3106/2639
f 2666/3108/2641 2667/3111/2644 2664/3109/2642
f 2669/3110/2643 2668/3113/2646 2667/3111/2644
f 2592/3034/2567 2669/3110/2643 2666/3108/2641
f 2597/3039/2572 2670/3112/2645 2669/3110/2643
f 2670/3112/2645 2671/3115/2648 2668/3113/2646
f 2673/3114/2647 2672/3117/2650 2671/3115/2648
f 2598/3040/2573 2673/3114/2647 2670/3112/2645
f 2603/3045/2578 2674/3116/2649 2673/3114/2647
f 2674/3116/2649 2675/3119/2652 2672/3117/2650
f 2677/3118/2651 2676/3121/2654 2675/3119/2652
f 2604/3046/2579 2677/3118/2651 2674/3116/2649
f 2609/3051/2584 2678/3120/2653 2677/3118/2651
f 2678/3120/2653 2679/3123/2656 2676/3121/2654
f 2681/3122/2655 2680/3125/2658 2679/3123/2656
f 2610/3052/2585 2681/3122/2655 2678/3120/2653
f 2615/3057/2590 2682/3124/2657 2681/3122/2655
f 2682/3124/2657 2683/3127/2660 2680/3125/2658
f 2685/3126/2659 2684/3129/2662 2683/3127/2660
f 2616/3058/2591 2685/3126/2659 2682/3124/2657
f 2621/3063/2596 2686/3128/2661 2685/3126/2659
f 2686/3128/2661 2687/3131/2664 2684/3129/2662
f 2689/3130/2663 2688/3133/2666 2687/3131/2664
f 2622/3064/2597 2689/3130/2663 2686/3128/2661
f 2627/3069/2602 2690/3132/2665 2689/3130/2663
f 2690/3132/2665 2691/3134/2667 2688/3133/2666
f 2628/3071/2604 2630/3073/2606 2691/3134/2667
f 2536/2979/2512 2628/3071/2604 2690/3132/2665
f 2631/3135/2608 2693/3141/2672 2692/3136/2668
f 2692/3136/2668 2693/3141/2672 2695/3138/2669
f 2697/3140/2671 2696/3228/2674 2695/3138/2669
f 2632/3077/2610 2697/3143/2671 2693/3142/2672
f 2635/3079/2612 2698/3147/2676 2697/3143/2671
f 2697/3143/2671 2698/3147/2676 2699/3144/2673
f 2701/3146/2675 2700/3149/2678 2699/3144/2673
f 2636/3081/2614 2701/3146/2675 2698/3147/2676
f 2639/3083/2616 2702/3151/2680 2701/3146/2675
f 2701/3146/2675 2702/3151/2680 2703/3148/2677
f 2705/3150/2679 2704/4988/2682 2703/3148/2677
f 2640/3085/2618 2705/3150/2679 2702/3151/2680
f 2643/3087/2620 2706/4989/2684 2705/3150/2679
f 2705/3152/2679 2706/3156/2684 2707/3153/2681
f 2709/3155/2683 2708/3161/2686 2707/3153/2681
f 2644/3157/2622 2709/3155/2683 2706/3156/2684
f 2647/3159/2624 2710/3163/2688 2709/3155/2683
f 2709/3155/2683 2710/3163/2688 2711/3160/2685
f 2713/3162/2687 2712/3248/2690 2711/3160/2685
f 2648/3093/2626 2713/3165/2687 2710/3164/2688
f 2651/3095/2628 2714/3169/2692 2713/3165/2687
f 2713/3165/2687 2714/3169/2692 2715/3166/2689
f 2717/3168/2691 2716/3171/2694 2715/3166/2689
f 2652/3097/2630 2717/3168/2691 2714/3169/2692
f 2655/3099/2632 2718/3173/2696 2717/3168/2691
f 2717/3168/2691 2718/3173/2696 2719/3170/2693
f 2721/3172/2695 2720/4990/2698 2719/3170/2693
f 2656/3101/2634 2721/3172/2695 2718/3173/2696
f 2659/3103/2636 2722/4991/2700 2721/3172/2695
f 2721/3174/2695 2722/3178/2700 2723/3175/2697
f 2725/3177/2699 2724/3183/2702 2723/3175/2697
f 2660/3179/2638 2725/3177/2699 2722/3178/2700
f 2663/3181/2640 2726/3185/2704 2725/3177/2699
f 2725/3177/2699 2726/3185/2704 2727/3182/2701
f 2729/3184/2703 2728/3270/2706 2727/3182/2701
f 2664/3109/2642 2729/3187/2703 2726/3186/2704
f 2667/3111/2644 2730/3191/2708 2729/3187/2703
f 2729/3187/2703 2730/3191/2708 2731/3188/2705
f 2733/3190/2707 2732/3193/2710 2731/3188/2705
f 2668/3113/2646 2733/3190/2707 2730/3191/2708
f 2671/3115/2648 2734/3195/2712 2733/3190/2707
f 2733/3190/2707 2734/3195/2712 2735/3192/2709
f 2737/3194/2711 2736/4992/2714 2735/3192/2709
f 2672/3117/2650 2737/3194/2711 2734/3195/2712
f 2675/3119/2652 2738/4993/2716 2737/3194/2711
f 2737/3196/2711 2738/3200/2716 2739/3197/2713
f 2741/3199/2715 2740/3205/2718 2739/3197/2713
f 2676/3201/2654 2741/3199/2715 2738/3200/2716
f 2679/3203/2656 2742/3207/2720 2741/3199/2715
f 2741/3199/2715 2742/3207/2720 2743/3204/2717
f 2745/3206/2719 2744/3290/2722 2743/3204/2717
f 2680/3125/2658 2745/3209/2719 2742/3208/2720
f 2683/3127/2660 2746/3213/2724 2745/3209/2719
f 2745/3209/2719 2746/3213/2724 2747/3210/2721
f 2749/3212/2723 2748/3215/2726 2747/3210/2721
f 2684/3129/2662 2749/3212/2723 2746/3213/2724
f 2687/3131/2664 2750/3217/2728 2749/3212/2723
f 2749/3212/2723 2750/3217/2728 2751/3214/2725
f 2753/3216/2727 2752/4994/2730 2751/3214/2725
f 2688/3133/2666 2753/3216/2727 2750/3217/2728
f 2691/3134/2667 2754/4995/2731 2753/3216/2727
f 2753/3218/2727 2754/3221/2731 2755/3219/2729
f 2692/3136/2668 2694/3139/2670 2755/3219/2729
f 2630/3137/2606 2692/3136/2668 2754/3221/2731
f 2694/3139/2670 2695/3138/2669 2757/3223/2732
f 2756/3224/2733 2757/3223/2732 2759/3225/2734
f 2761/3227/2736 2760/3231/2739 2759/3225/2734
f 2696/3228/2674 2761/3227/2736 2757/3223/2732
f 2696/3228/2674 2699/3234/2673 2762/3229/2737
f 2761/3227/2736 2762/3229/2737 2763/3230/2738
f 2765/3232/2740 2764/3237/2743 2763/3230/2738
f 2700/3233/2678 2765/3232/2740 2762/3229/2737
f 2700/3233/2678 2703/3239/2677 2766/3235/2741
f 2765/3232/2740 2766/3235/2741 2767/3236/2742
f 2769/3238/2744 2768/3242/2747 2767/3236/2742
f 2704/3154/2682 2769/3238/2744 2766/3235/2741
f 2704/3154/2682 2707/3153/2681 2770/3240/2745
f 2769/3238/2744 2770/3240/2745 2771/3241/2746
f 2773/3243/2748 2772/3246/2751 2771/3241/2746
f 2708/3161/2686 2773/3243/2748 2770/3240/2745
f 2708/3161/2686 2711/3160/2685 2774/3244/2749
f 2773/3243/2748 2774/3244/2749 2775/3245/2750
f 2777/3247/2752 2776/3251/2755 2775/3245/2750
f 2712/3248/2690 2777/3247/2752 2774/3244/2749
f 2712/3248/2690 2715/3254/2689 2778/3249/2753
f 2777/3247/2752 2778/3249/2753 2779/3250/2754
f 2781/3252/2756 2780/3332/2759 2779/3250/2754
f 2716/3253/2694 2781/3252/2756 2778/3249/2753
f 2716/3255/2694 2719/3261/2693 2782/3256/2757
f 2781/3257/2756 2782/3256/2757 2783/3258/2758
f 2785/3260/2760 2784/3264/2763 2783/3258/2758
f 2720/3176/2698 2785/3260/2760 2782/3256/2757
f 2720/3176/2698 2723/3175/2697 2786/3262/2761
f 2785/3260/2760 2786/3262/2761 2787/3263/2762
f 2789/3265/2764 2788/3268/2767 2787/3263/2762
f 2724/3183/2702 2789/3265/2764 2786/3262/2761
f 2724/3183/2702 2727/3182/2701 2790/3266/2765
f 2789/3265/2764 2790/3266/2765 2791/3267/2766
f 2793/3269/2768 2792/3273/2771 2791/3267/2766
f 2728/3270/2706 2793/3269/2768 2790/3266/2765
f 2728/3270/2706 2731/3276/2705 2794/3271/2769
f 2793/3269/2768 2794/3271/2769 2795/3272/2770
f 2797/3274/2772 2796/3279/2775 2795/3272/2770
f 2732/3275/2710 2797/3274/2772 2794/3271/2769
f 2732/3275/2710 2735/3281/2709 2798/3277/2773
f 2797/3274/2772 2798/3277/2773 2799/3278/2774
f 2801/3280/2776 2800/3284/2779 2799/3278/2774
f 2736/3198/2714 2801/3280/2776 2798/3277/2773
f 2736/3198/2714 2739/3197/2713 2802/3282/2777
f 2801/3280/2776 2802/3282/2777 2803/3283/2778
f 2805/3285/2780 2804/3288/2783 2803/3283/2778
f 2740/3205/2718 2805/3285/2780 2802/3282/2777
f 2740/3205/2718 2743/3204/2717 2806/3286/2781
f 2805/3285/2780 2806/3286/2781 2807/3287/2782
f 2809/3289/2784 2808/3293/2787 2807/3287/2782
f 2744/3290/2722 2809/3289/2784 2806/3286/2781
f 2744/3290/2722 2747/3296/2721 2810/3291/2785
f 2809/3289/2784 2810/3291/2785 2811/3292/2786
f 2813/3294/2788 2812/3366/2791 2811/3292/2786
f 2748/3295/2726 2813/3294/2788 2810/3291/2785
f 2748/3297/2726 2751/3303/2725 2814/3298/2789
f 2813/3299/2788 2814/3298/2789 2815/3300/2790
f 2817/3302/2792 2816/3306/2795 2815/3300/2790
f 2752/3220/2730 2817/3302/2792 2814/3298/2789
f 2752/3220/2730 2755/3219/2729 2818/3304/2793
f 2817/3302/2792 2818/3304/2793 2819/3305/2794
f 2756/3224/2733 2758/3226/2735 2819/3305/2794
f 2694/3139/2670 2756/3224/2733 2818/3304/2793
f 2758/3226/2735 2759/3225/2734 2821/3307/2796
f 2820/3308/2797 2821/3307/2796 2823/3309/2798
f 2825/3311/2800 2824/3314/2803 2823/3309/2798
f 2760/3231/2739 2825/3311/2800 2821/3307/2796
f 2760/3231/2739 2763/3230/2738 2826/3312/2801
f 2825/3311/2800 2826/3312/2801 2827/3313/2802
f 2829/3315/2804 2828/3318/2807 2827/3313/2802
f 2764/3237/2743 2829/3315/2804 2826/3312/2801
f 2764/3237/2743 2767/3236/2742 2830/3316/2805
f 2829/3315/2804 2830/3316/2805 2831/3317/2806
f 2833/3319/2808 2832/3322/2811 2831/3317/2806
f 2768/3242/2747 2833/3319/2808 2830/3316/2805
f 2768/3242/2747 2771/3241/2746 2834/3320/2809
f 2833/3319/2808 2834/3320/2809 2835/3321/2810
f 2837/3323/2812 2836/3326/2815 2835/3321/2810
f 2772/3246/2751 2837/3323/2812 2834/3320/2809
f 2772/3246/2751 2775/3245/2750 2838/3324/2813
f 2837/3323/2812 2838/3324/2813 2839/3325/2814
f 2841/3327/2816 2840/3330/2819 2839/3325/2814
f 2776/3251/2755 2841/3327/2816 2838/3324/2813
f 2776/3251/2755 2779/3250/2754 2842/3328/2817
f 2841/3327/2816 2842/3328/2817 2843/3329/2818
f 2845/3331/2820 2844/3400/2823 2843/3329/2818
f 2780/3332/2759 2845/3331/2820 2842/3328/2817
f 2780/3259/2759 2783/3258/2758 2846/3333/2821
f 2845/3334/2820 2846/3333/2821 2847/3335/2822
f 2849/3337/2824 2848/3340/2827 2847/3335/2822
f 2784/3264/2763 2849/3337/2824 2846/3333/2821
f 2784/3264/2763 2787/3263/2762 2850/3338/2825
f 2849/3337/2824 2850/3338/2825 2851/3339/2826
f 2853/3341/2828 2852/3344/2831 2851/3339/2826
f 2788/3268/2767 2853/3341/2828 2850/3338/2825
f 2788/3268/2767 2791/3267/2766 2854/3342/2829
f 2853/3341/2828 2854/3342/2829 2855/3343/2830
f 2857/3345/2832 2856/3348/2835 2855/3343/2830
f 2792/3273/2771 2857/3345/2832 2854/3342/2829
f 2792/3273/2771 2795/3272/2770 2858/3346/2833
f 2857/3345/2832 2858/3346/2833 2859/3347/2834
f 2861/3349/2836 2860/3352/2839 2859/3347/2834
f 2796/3279/2775 2861/3349/2836 2858/3346/2833
f 2796/3279/2775 2799/3278/2774 2862/3350/2837
f 2861/3349/2836 2862/3350/2837 2863/3351/2838
f 2865/3353/2840 2864/3356/2843 2863/3351/2838
f 2800/3284/2779 2865/3353/2840 2862/3350/2837
f 2800/3284/2779 2803/3283/2778 2866/3354/2841
f 2865/3353/2840 2866/3354/2841 2867/3355/2842
f 2869/3357/2844 2868/3360/2847 2867/3355/2842
f 2804/3288/2783 2869/3357/2844 2866/3354/2841
f 2804/3288/2783 2807/3287/2782 2870/3358/2845
f 2869/3357/2844 2870/3358/2845 2871/3359/2846
f 2873/3361/2848 2872/3364/2851 2871/3359/2846
f 2808/3293/2787 2873/3361/2848 2870/3358/2845
f 2808/3293/2787 2811/3292/2786 2874/3362/2849
f 2873/3361/2848 2874/3362/2849 2875/3363/2850
f 2877/3365/2852 2876/3434/2855 2875/3363/2850
f 2812/3366/2791 2877/3365/2852 2874/3362/2849
f 2812/3301/2791 2815/3300/2790 2878/3367/2853
f 2877/3368/2852 2878/3367/2853 2879/3369/2854
f 2881/3371/2856 2880/3374/2859 2879/3369/2854
f 2816/3306/2795 2881/3371/2856 2878/3367/2853
f 2816/3306/2795 2819/3305/2794 2882/3372/2857
f 2881/3371/2856 2882/3372/2857 2883/3373/2858
f 2820/3308/2797 2822/3310/2799 2883/3373/2858
f 2758/3226/2735 2820/3308/2797 2882/3372/2857
f 2822/3310/2799 2823/3309/2798 2885/3375/2860
f 2884/3376/2861 2885/3375/2860 2887/3377/2862
f 2885/3375/2860 2889/3381/2866 2888/3379/2864
f 2824/3314/2803 2889/3381/2866 2885/3375/2860
f 2824/3314/2803 2827/3313/2802 2890/3380/2865
f 2889/3381/2866 2890/3380/2865 2891/3382/2867
f 2890/3380/2865 2893/3385/2870 2892/3383/2868
f 2828/3318/2807 2893/3385/2870 2890/3380/2865
f 2828/3318/2807 2831/3317/2806 2894/3384/2869
f 2893/3385/2870 2894/3384/2869 2895/3386/2871
f 2894/3384/2869 2897/3389/2874 2896/3387/2872
f 2832/3322/2811 2897/3389/2874 2894/3384/2869
f 2832/3322/2811 2835/3321/2810 2898/3388/2873
f 2897/3389/2874 2898/3388/2873 2899/3390/2875
f 2898/3388/2873 2901/3393/2878 2900/3391/2876
f 2836/3326/2815 2901/3393/2878 2898/3388/2873
f 2836/3326/2815 2839/3325/2814 2902/3392/2877
f 2902/3392/2877 2903/3395/2880 2900/3391/2876
f 2902/3392/2877 2905/3397/2882 2904/3394/2879
f 2840/3330/2819 2905/3397/2882 2902/3392/2877
f 2840/3330/2819 2843/3329/2818 2906/3396/2881
f 2905/3397/2882 2906/3396/2881 2907/3398/2883
f 2909/3399/2884 2908/4996/2887 2907/3398/2883
f 2844/3400/2823 2909/3399/2884 2906/3396/2881
f 2844/3336/2823 2847/3335/2822 2910/3401/2885
f 2909/3402/2884 2910/3401/2885 2911/3403/2886
f 2913/3405/2888 2912/3407/2890 2911/3403/2886
f 2848/3340/2827 2913/3405/2888 2910/3401/2885
f 2848/3340/2827 2851/3339/2826 2914/3406/2889
f 2914/3406/2889 2915/3409/2892 2912/3407/2890
f 2914/3406/2889 2917/3411/2894 2916/3408/2891
f 2852/3344/2831 2917/3411/2894 2914/3406/2889
f 2852/3344/2831 2855/3343/2830 2918/3410/2893
f 2917/3411/2894 2918/3410/2893 2919/3412/2895
f 2921/3413/2896 2920/3415/2898 2919/3412/2895
f 2856/3348/2835 2921/3413/2896 2918/3410/2893
f 2856/3348/2835 2859/3347/2834 2922/3414/2897
f 2922/3414/2897 2923/3417/2900 2920/3415/2898
f 2925/3416/2899 2924/3419/2902 2923/3417/2900
f 2860/3352/2839 2925/3416/2899 2922/3414/2897
f 2860/3352/2839 2863/3351/2838 2926/3418/2901
f 2926/3418/2901 2927/3421/2904 2924/3419/2902
f 2926/3418/2901 2929/3423/2906 2928/3420/2903
f 2864/3356/2843 2929/3423/2906 2926/3418/2901
f 2864/3356/2843 2867/3355/2842 2930/3422/2905
f 2929/3423/2906 2930/3422/2905 2931/3424/2907
f 2930/3422/2905 2933/3427/2910 2932/3425/2908
f 2868/3360/2847 2933/3427/2910 2930/3422/2905
f 2868/3360/2847 2871/3359/2846 2934/3426/2909
f 2934/3426/2909 2935/3429/2912 2932/3425/2908
f 2937/3428/2911 2936/3431/2914 2935/3429/2912
f 2872/3364/2851 2937/3428/2911 2934/3426/2909
f 2872/3364/2851 2875/3363/2850 2938/3430/2913
f 2938/3430/2913 2939/3433/2916 2936/3431/2914
f 2938/3430/2913 2941/4997/2918 2940/3432/2915
f 2876/3434/2855 2941/4997/2918 2938/3430/2913
f 2876/3370/2855 2879/3369/2854 2942/3435/2917
f 2941/3436/2918 2942/3435/2917 2943/3437/2919
f 2942/3435/2917 2945/3441/2922 2944/3439/2920
f 2880/3374/2859 2945/3441/2922 2942/3435/2917
f 2880/3374/2859 2883/3373/2858 2946/3440/2921
f 2945/3441/2922 2946/3440/2921 2947/3442/2923
f 2884/3376/2861 2886/3378/2863 2947/3442/2923
f 2822/3310/2799 2884/3376/2861 2946/3440/2921
f 2951/3443/2924 2950/3452/2927 2949/3444/2925
f 2950/3446/2927 2953/3450/2930 2952/3447/2928
f 2950/3446/2927 2955/3456/2931 2954/3449/2929
f 2951/3443/2924 2956/3454/2933 2955/3451/2931
f 2958/3453/2932 2957/3460/2934 2955/3451/2931
f 2957/3455/2934 2959/3458/2936 2954/3449/2929
f 2957/3455/2934 2961/3464/2937 2960/3457/2935
f 2958/3453/2932 2962/3462/2939 2961/3459/2937
f 2964/3461/2938 2963/3468/2940 2961/3459/2937
f 2963/3463/2940 2965/3466/2942 2960/3457/2935
f 2963/3463/2940 2967/3472/2943 2966/3465/2941
f 2964/3461/2938 2968/3470/2945 2967/3467/2943
f 2970/3469/2944 2969/3476/2946 2967/3467/2943
f 2969/3471/2946 2971/3474/2948 2966/3465/2941
f 2969/3471/2946 2973/3480/2949 2972/3473/2947
f 2970/3469/2944 2974/3478/2951 2973/3475/2949
f 2976/3477/2950 2975/3484/2952 2973/3475/2949
f 2975/3479/2952 2977/3482/2954 2972/3473/2947
f 2975/3479/2952 2979/3488/2955 2978/3481/2953
f 2976/3477/2950 2980/3486/2957 2979/3483/2955
f 2982/3485/2956 2981/3492/2958 2979/3483/2955
f 2981/3487/2958 2983/3490/2960 2978/3481/2953
f 2981/3487/2958 2985/4998/2961 2984/3489/2959
f 2982/3485/2956 2986/3494/2963 2985/3491/2961
f 2988/3493/2962 2987/3501/2964 2985/3491/2961
f 2987/3495/2964 2989/3499/2966 2984/3496/2959
f 2987/3495/2964 2991/3505/2967 2990/3498/2965
f 2988/3493/2962 2992/3503/2969 2991/3500/2967
f 2994/3502/2968 2993/3509/2970 2991/3500/2967
f 2993/3504/2970 2995/3507/2972 2990/3498/2965
f 2993/3504/2970 2997/3513/2973 2996/3506/2971
f 2994/3502/2968 2998/3511/2975 2997/3508/2973
f 3000/3510/2974 2999/3517/2976 2997/3508/2973
f 2999/3512/2976 3001/3515/2978 2996/3506/2971
f 2999/3512/2976 3003/3521/2979 3002/3514/2977
f 3000/3510/2974 3004/3519/2981 3003/3516/2979
f 3006/3518/2980 3005/3525/2982 3003/3516/2979
f 3005/3520/2982 3007/3523/2984 3002/3514/2977
f 3005/3520/2982 3009/3529/2985 3008/3522/2983
f 3006/3518/2980 3010/3527/2987 3009/3524/2985
f 3012/3526/2986 3011/3533/2988 3009/3524/2985
f 3011/3528/2988 3013/3531/2990 3008/3522/2983
f 3011/3528/2988 3015/3537/2991 3014/3530/2989
f 3012/3526/2986 3016/3535/2993 3015/3532/2991
f 3018/3534/2992 3017/3541/2994 3015/3532/2991
f 3017/3536/2994 3019/3539/2996 3014/3530/2989
f 3017/3536/2994 3021/3545/2997 3020/3538/2995
f 3018/3534/2992 3022/3543/2999 3021/3540/2997
f 3024/3542/2998 3023/3549/3000 3021/3540/2997
f 3023/3544/3000 3025/3547/3002 3020/3538/2995
f 3023/3544/3000 3027/3553/3003 3026/3546/3001
f 3024/3542/2998 3028/3551/3005 3027/3548/3003
f 3030/3550/3004 3029/3557/3006 3027/3548/3003
f 3029/3552/3006 3031/3555/3008 3026/3546/3001
f 3029/3552/3006 3033/4999/3009 3032/3554/3007
f 3030/3550/3004 3034/3559/3011 3033/3556/3009
f 3036/3558/3010 3035/3566/3012 3033/3556/3009
f 3035/3560/3012 3037/3564/3014 3032/3561/3007
f 3035/3560/3012 3039/3570/3015 3038/3563/3013
f 3036/3558/3010 3040/3568/3017 3039/3565/3015
f 3042/3567/3016 3041/3572/3018 3039/3565/3015
f 3041/3569/3018 3043/3571/3019 3038/3563/3013
f 3041/3569/3018 2949/3448/2925 2952/3447/2928
f 3042/3567/3016 2948/3445/2926 2949/3444/2925
f 3044/3573/3020 3047/3580/3027 3046/3574/3021
f 3045/3575/3022 3046/3574/3021 3049/3576/3023
f 3051/3578/3025 3050/3583/3030 3049/3576/3023
f 3052/3579/3026 3051/3578/3025 3046/3574/3021
f 3052/3579/3026 3054/3586/3033 3053/3581/3028
f 3051/3578/3025 3053/3581/3028 3055/3582/3029
f 3057/3584/3031 3056/3589/3036 3055/3582/3029
f 3058/3585/3032 3057/3584/3031 3053/3581/3028
f 3058/3585/3032 3060/3592/3039 3059/3587/3034
f 3057/3584/3031 3059/3587/3034 3061/3588/3035
f 3063/3590/3037 3062/3595/3042 3061/3588/3035
f 3064/3591/3038 3063/3590/3037 3059/3587/3034
f 3064/3591/3038 3066/3598/3045 3065/3593/3040
f 3063/3590/3037 3065/3593/3040 3067/3594/3041
f 3069/3596/3043 3068/3601/3048 3067/3594/3041
f 3070/3597/3044 3069/3596/3043 3065/3593/3040
f 3070/3597/3044 3072/3604/3051 3071/3599/3046
f 3069/3596/3043 3071/3599/3046 3073/3600/3047
f 3075/3602/3049 3074/3607/3054 3073/3600/3047
f 3076/3603/3050 3075/3602/3049 3071/3599/3046
f 3076/3603/3050 3078/3610/3057 3077/3605/3052
f 3075/3602/3049 3077/3605/3052 3079/3606/3053
f 3081/3608/3055 3080/4228/3060 3079/3606/3053
f 3082/3609/3056 3081/3608/3055 3077/3605/3052
f 3082/3611/3056 3084/3618/3063 3083/3612/3058
f 3081/3613/3055 3083/3612/3058 3085/3614/3059
f 3087/3616/3061 3086/3621/3066 3085/3614/3059
f 3088/3617/3062 3087/3616/3061 3083/3612/3058
f 3088/3617/3062 3090/3624/3069 3089/3619/3064
f 3087/3616/3061 3089/3619/3064 3091/3620/3065
f 3093/3622/3067 3092/3627/3072 3091/3620/3065
f 3094/3623/3068 3093/3622/3067 3089/3619/3064
f 3094/3623/3068 3096/3630/3075 3095/3625/3070
f 3093/3622/3067 3095/3625/3070 3097/3626/3071
f 3099/3628/3073 3098/3633/3078 3097/3626/3071
f 3100/3629/3074 3099/3628/3073 3095/3625/3070
f 3100/3629/3074 3102/3636/3081 3101/3631/3076
f 3099/3628/3073 3101/3631/3076 3103/3632/3077
f 3105/3634/3079 3104/3639/3084 3103/3632/3077
f 3106/3635/3080 3105/3634/3079 3101/3631/3076
f 3106/3635/3080 3108/3642/3087 3107/3637/3082
f 3105/3634/3079 3107/3637/3082 3109/3638/3083
f 3111/3640/3085 3110/3645/3090 3109/3638/3083
f 3112/3641/3086 3111/3640/3085 3107/3637/3082
f 3112/3641/3086 3114/3648/3093 3113/3643/3088
f 3111/3640/3085 3113/3643/3088 3115/3644/3089
f 3117/3646/3091 3116/3651/3096 3115/3644/3089
f 3118/3647/3092 3117/3646/3091 3113/3643/3088
f 3118/3647/3092 3120/3654/3099 3119/3649/3094
f 3117/3646/3091 3119/3649/3094 3121/3650/3095
f 3123/3652/3097 3122/3657/3102 3121/3650/3095
f 3124/3653/3098 3123/3652/3097 3119/3649/3094
f 3124/3653/3098 3126/3660/3105 3125/3655/3100
f 3123/3652/3097 3125/3655/3100 3127/3656/3101
f 3129/3658/3103 3128/4246/3108 3127/3656/3101
f 3130/3659/3104 3129/3658/3103 3125/3655/3100
f 3130/3661/3104 3132/3668/3111 3131/3662/3106
f 3129/3663/3103 3131/3662/3106 3133/3664/3107
f 3135/3666/3109 3134/3671/3114 3133/3664/3107
f 3136/3667/3110 3135/3666/3109 3131/3662/3106
f 3136/3667/3110 3138/3672/3115 3137/3669/3112
f 3135/3666/3109 3137/3669/3112 3139/3670/3113
f 3045/3575/3022 3048/3577/3024 3139/3670/3113
f 3044/3573/3020 3045/3575/3022 3137/3669/3112
f 3143/3673/3116 3142/3676/3119 3141/3674/3117
f 3142/3676/3119 167/172/155 164/174/157
f 3142/3676/3119 3144/3677/3120 172/181/164
f 3143/3673/3116 3145/3679/3122 3144/3677/3120
f 3147/3678/3121 3146/3680/3123 3144/3677/3120
f 3146/3680/3123 174/180/163 172/181/164
f 3146/3680/3123 3148/3681/3124 178/187/169
f 3147/3678/3121 3149/3683/3126 3148/3681/3124
f 3151/3682/3125 3150/3684/3127 3148/3681/3124
f 3150/3684/3127 180/186/168 178/187/169
f 3150/3684/3127 3152/3685/3128 184/193/174
f 3151/3682/3125 3153/3687/3130 3152/3685/3128
f 3155/3686/3129 3154/3688/3131 3152/3685/3128
f 3154/3688/3131 186/192/173 184/193/174
f 3154/3688/3131 3156/3689/3132 190/199/179
f 3155/3686/3129 3157/3691/3134 3156/3689/3132
f 3159/3690/3133 3158/3692/3135 3156/3689/3132
f 3158/3692/3135 192/198/178 190/199/179
f 3158/3692/3135 3160/3693/3136 196/205/184
f 3159/3690/3133 3161/3695/3138 3160/3693/3136
f 3163/3694/3137 3162/3696/3139 3160/3693/3136
f 3162/3696/3139 198/204/183 196/205/184
f 3162/3696/3139 3164/3697/3140 202/211/189
f 3163/3694/3137 3165/3699/3142 3164/3697/3140
f 3167/3698/3141 3166/3700/3143 3164/3697/3140
f 3166/3700/3143 204/210/188 202/211/189
f 3166/3700/3143 3168/3701/3144 208/217/194
f 3167/3698/3141 3169/3703/3146 3168/3701/3144
f 3171/3702/3145 3170/3704/3147 3168/3701/3144
f 3170/3704/3147 210/216/193 208/217/194
f 3170/3704/3147 3172/3705/3148 214/223/199
f 3171/3702/3145 3173/3707/3150 3172/3705/3148
f 3175/3706/3149 3174/3708/3151 3172/3705/3148
f 3174/3708/3151 216/222/198 214/223/199
f 3174/3708/3151 3176/3709/3152 220/229/204
f 3175/3706/3149 3177/3711/3154 3176/3709/3152
f 3179/3710/3153 3178/3712/3155 3176/3709/3152
f 3178/3712/3155 222/228/203 220/229/204
f 3178/3712/3155 3180/3713/3156 226/235/209
f 3179/3710/3153 3181/3715/3158 3180/3713/3156
f 3183/3714/3157 3182/3716/3159 3180/3713/3156
f 3182/3716/3159 228/234/208 226/235/209
f 3182/3716/3159 3184/3717/3160 232/241/214
f 3183/3714/3157 3185/3719/3162 3184/3717/3160
f 3187/3718/3161 3186/3720/3163 3184/3717/3160
f 3186/3720/3163 234/240/213 232/241/214
f 3186/3720/3163 3188/3721/3164 238/247/219
f 3187/3718/3161 3189/3723/3166 3188/3721/3164
f 3191/3722/3165 3190/3724/3167 3188/3721/3164
f 3190/3724/3167 240/246/218 238/247/219
f 3190/3724/3167 3192/3725/3168 244/253/224
f 3191/3722/3165 3193/3727/3170 3192/3725/3168
f 3195/3726/3169 3194/3728/3171 3192/3725/3168
f 3194/3728/3171 246/252/223 244/253/224
f 3194/3728/3171 3196/3729/3172 250/259/229
f 3195/3726/3169 3197/3731/3174 3196/3729/3172
f 3199/3730/3173 3198/3732/3175 3196/3729/3172
f 3198/3732/3175 252/258/228 250/259/229
f 3198/3732/3175 3200/3733/3176 256/265/234
f 3199/3730/3173 3201/3735/3178 3200/3733/3176
f 3203/3734/3177 3202/3736/3179 3200/3733/3176
f 3202/3736/3179 258/264/233 256/265/234
f 3202/3736/3179 3141/3674/3117 164/174/157
f 3203/3734/3177 3140/3675/3118 3141/3674/3117
f 3207/3737/3180 3206/3740/3183 3205/3738/3181
f 3206/3740/3183 3143/3743/3116 3140/3741/3118
f 3206/3740/3183 3208/3744/3184 3145/3742/3122
f 3207/3737/3180 3209/3746/3186 3208/3744/3184
f 3211/3745/3185 3210/3747/3187 3208/3744/3184
f 3210/3747/3187 3147/3749/3121 3145/3742/3122
f 3210/3747/3187 3212/3750/3188 3149/3748/3126
f 3211/3745/3185 3213/3752/3190 3212/3750/3188
f 3215/3751/3189 3214/3753/3191 3212/3750/3188
f 3214/3753/3191 3151/3755/3125 3149/3748/3126
f 3214/3753/3191 3216/3756/3192 3153/3754/3130
f 3215/3751/3189 3217/3758/3194 3216/3756/3192
f 3219/3757/3193 3218/3759/3195 3216/3756/3192
f 3218/3759/3195 3155/3761/3129 3153/3754/3130
f 3218/3759/3195 3220/3762/3196 3157/3760/3134
f 3219/3757/3193 3221/3764/3198 3220/3762/3196
f 3223/3763/3197 3222/3765/3199 3220/3762/3196
f 3222/3765/3199 3159/3767/3133 3157/3760/3134
f 3222/3765/3199 3224/3768/3200 3161/3766/3138
f 3223/3763/3197 3225/3770/3202 3224/3768/3200
f 3227/3769/3201 3226/3771/3203 3224/3768/3200
f 3226/3771/3203 3163/3773/3137 3161/3766/3138
f 3226/3771/3203 3228/3774/3204 3165/3772/3142
f 3227/3769/3201 3229/5000/3206 3228/3774/3204
f 3231/3775/3205 3230/3778/3207 3228/3776/3204
f 3230/3778/3207 3167/3781/3141 3165/3779/3142
f 3230/3778/3207 3232/3782/3208 3169/3780/3146
f 3231/3775/3205 3233/3784/3210 3232/3782/3208
f 3235/3783/3209 3234/3785/3211 3232/3782/3208
f 3234/3785/3211 3171/3787/3145 3169/3780/3146
f 3234/3785/3211 3236/3788/3212 3173/3786/3150
f 3235/3783/3209 3237/3790/3214 3236/3788/3212
f 3239/3789/3213 3238/3791/3215 3236/3788/3212
f 3238/3791/3215 3175/3793/3149 3173/3786/3150
f 3238/3791/3215 3240/3794/3216 3177/3792/3154
f 3239/3789/3213 3241/3796/3218 3240/3794/3216
f 3243/3795/3217 3242/3797/3219 3240/3794/3216
f 3242/3797/3219 3179/3799/3153 3177/3792/3154
f 3242/3797/3219 3244/3800/3220 3181/3798/3158
f 3243/3795/3217 3245/3802/3222 3244/3800/3220
f 3247/3801/3221 3246/3803/3223 3244/3800/3220
f 3246/3803/3223 3183/3805/3157 3181/3798/3158
f 3246/3803/3223 3248/3806/3224 3185/3804/3162
f 3247/3801/3221 3249/3808/3226 3248/3806/3224
f 3251/3807/3225 3250/3809/3227 3248/3806/3224
f 3250/3809/3227 3187/3811/3161 3185/3804/3162
f 3250/3809/3227 3252/3812/3228 3189/3810/3166
f 3251/3807/3225 3253/3814/3230 3252/3812/3228
f 3255/3813/3229 3254/3815/3231 3252/3812/3228
f 3254/3815/3231 3191/3817/3165 3189/3810/3166
f 3254/3815/3231 3256/3818/3232 3193/3816/3170
f 3255/3813/3229 3257/3820/3234 3256/3818/3232
f 3259/3819/3233 3258/3821/3235 3256/3818/3232
f 3258/3821/3235 3195/3823/3169 3193/3816/3170
f 3258/3821/3235 3260/3824/3236 3197/3822/3174
f 3259/3819/3233 3261/5001/3238 3260/3824/3236
f 3263/3825/3237 3262/3828/3239 3260/3826/3236
f 3262/3828/3239 3199/3831/3173 3197/3829/3174
f 3262/3828/3239 3264/3832/3240 3201/3830/3178
f 3263/3825/3237 3265/3834/3242 3264/3832/3240
f 3267/3833/3241 3266/3835/3243 3264/3832/3240
f 3266/3835/3243 3203/3836/3177 3201/3830/3178
f 3266/3835/3243 3205/3738/3181 3140/3741/3118
f 3267/3833/3241 3204/3739/3182 3205/3738/3181
f 3268/3837/3244 3271/3842/3249 3270/3838/3245
f 3269/3839/3246 3270/3838/3245 3047/3580/3027
f 3272/3840/3247 3052/3579/3026 3047/3580/3027
f 3273/3841/3248 3272/3840/3247 3270/3838/3245
f 3273/3841/3248 3275/3846/3253 3274/3843/3250
f 3272/3840/3247 3274/3843/3250 3054/3586/3033
f 3276/3844/3251 3058/3585/3032 3054/3586/3033
f 3277/3845/3252 3276/3844/3251 3274/3843/3250
f 3277/3845/3252 3279/3850/3257 3278/3847/3254
f 3276/3844/3251 3278/3847/3254 3060/3592/3039
f 3280/3848/3255 3064/3591/3038 3060/3592/3039
f 3281/3849/3256 3280/3848/3255 3278/3847/3254
f 3281/3849/3256 3283/3854/3261 3282/3851/3258
f 3280/3848/3255 3282/3851/3258 3066/3598/3045
f 3284/3852/3259 3070/3597/3044 3066/3598/3045
f 3285/3853/3260 3284/3852/3259 3282/3851/3258
f 3285/3853/3260 3287/3858/3265 3286/3855/3262
f 3284/3852/3259 3286/3855/3262 3072/3604/3051
f 3288/3856/3263 3076/3603/3050 3072/3604/3051
f 3289/3857/3264 3288/3856/3263 3286/3855/3262
f 3289/3857/3264 3291/3862/3269 3290/3859/3266
f 3288/3856/3263 3290/3859/3266 3078/3610/3057
f 3292/3860/3267 3082/3609/3056 3078/3610/3057
f 3293/3861/3268 3292/3860/3267 3290/3859/3266
f 3293/3863/3268 3295/3868/3273 3294/3864/3270
f 3292/3865/3267 3294/3864/3270 3084/3618/3063
f 3296/3866/3271 3088/3617/3062 3084/3618/3063
f 3297/3867/3272 3296/3866/3271 3294/3864/3270
f 3297/3867/3272 3299/3872/3277 3298/3869/3274
f 3296/3866/3271 3298/3869/3274 3090/3624/3069
f 3300/3870/3275 3094/3623/3068 3090/3624/3069
f 3301/3871/3276 3300/3870/3275 3298/3869/3274
f 3301/3871/3276 3303/3876/3281 3302/3873/3278
f 3300/3870/3275 3302/3873/3278 3096/3630/3075
f 3304/3874/3279 3100/3629/3074 3096/3630/3075
f 3305/3875/3280 3304/3874/3279 3302/3873/3278
f 3305/3875/3280 3307/3880/3285 3306/3877/3282
f 3304/3874/3279 3306/3877/3282 3102/3636/3081
f 3308/3878/3283 3106/3635/3080 3102/3636/3081
f 3309/3879/3284 3308/3878/3283 3306/3877/3282
f 3309/3879/3284 3311/3884/3289 3310/3881/3286
f 3308/3878/3283 3310/3881/3286 3108/3642/3087
f 3312/3882/3287 3112/3641/3086 3108/3642/3087
f 3313/3883/3288 3312/3882/3287 3310/3881/3286
f 3313/3883/3288 3315/3888/3293 3314/3885/3290
f 3312/3882/3287 3314/3885/3290 3114/3648/3093
f 3316/3886/3291 3118/3647/3092 3114/3648/3093
f 3317/3887/3292 3316/3886/3291 3314/3885/3290
f 3317/3887/3292 3319/3892/3297 3318/3889/3294
f 3316/3886/3291 3318/3889/3294 3120/3654/3099
f 3320/3890/3295 3124/3653/3098 3120/3654/3099
f 3321/3891/3296 3320/3890/3295 3318/3889/3294
f 3321/3891/3296 3323/3896/3301 3322/3893/3298
f 3320/3890/3295 3322/3893/3298 3126/3660/3105
f 3324/3894/3299 3130/3659/3104 3126/3660/3105
f 3325/3895/3300 3324/3894/3299 3322/3893/3298
f 3325/3897/3300 3327/3902/3305 3326/3898/3302
f 3324/3899/3299 3326/3898/3302 3132/3668/3111
f 3328/3900/3303 3136/3667/3110 3132/3668/3111
f 3329/3901/3304 3328/3900/3303 3326/3898/3302
f 3329/3901/3304 3331/3904/3307 3330/3903/3306
f 3328/3900/3303 3330/3903/3306 3138/3672/3115
f 3269/3839/3246 3044/3573/3020 3138/3672/3115
f 3268/3837/3244 3269/3839/3246 3330/3903/3306
f 2952/3447/2928 2953/3450/2930 3333/3905/3308
f 3332/3907/3309 3333/3911/3308 3271/3908/3249
f 3334/3910/3310 3273/3916/3248 3271/3908/3249
f 2954/3912/2929 3334/3910/3310 3333/3911/3308
f 2954/3912/2929 2959/3919/2936 3335/3914/3311
f 3334/3910/3310 3335/3914/3311 3275/3915/3253
f 3336/3917/3312 3277/3922/3252 3275/3915/3253
f 2960/3918/2935 3336/3917/3312 3335/3914/3311
f 2960/3918/2935 2965/3925/2942 3337/3920/3313
f 3336/3917/3312 3337/3920/3313 3279/3921/3257
f 3338/3923/3314 3281/3928/3256 3279/3921/3257
f 2966/3924/2941 3338/3923/3314 3337/3920/3313
f 2966/3924/2941 2971/5002/2948 3339/3926/3315
f 3338/3923/3314 3339/3926/3315 3283/3927/3261
f 3340/3929/3316 3285/3934/3260 3283/3927/3261
f 2972/3473/2947 3340/3932/3316 3339/3930/3315
f 2972/3473/2947 2977/3482/2954 3341/3931/3317
f 3340/3929/3316 3341/3936/3317 3287/3933/3265
f 3342/3935/3318 3289/3941/3264 3287/3933/3265
f 2978/3937/2953 3342/3935/3318 3341/3936/3317
f 2978/3937/2953 2983/3944/2960 3343/3939/3319
f 3342/3935/3318 3343/3939/3319 3291/3940/3269
f 3344/3942/3320 3293/3947/3268 3291/3940/3269
f 2984/3943/2959 3344/3942/3320 3343/3939/3319
f 2984/3943/2959 2989/3950/2966 3345/3945/3321
f 3344/3942/3320 3345/3945/3321 3295/3946/3273
f 3346/3948/3322 3297/3953/3272 3295/3946/3273
f 2990/3949/2965 3346/3948/3322 3345/3945/3321
f 2990/3949/2965 2995/5003/2972 3347/3951/3323
f 3346/3948/3322 3347/3951/3323 3299/3952/3277
f 3348/3954/3324 3301/3959/3276 3299/3952/3277
f 2996/3506/2971 3348/3957/3324 3347/3955/3323
f 2996/3506/2971 3001/3515/2978 3349/3956/3325
f 3348/3954/3324 3349/3961/3325 3303/3958/3281
f 3350/3960/3326 3305/3966/3280 3303/3958/3281
f 3002/3962/2977 3350/3960/3326 3349/3961/3325
f 3002/3962/2977 3007/3969/2984 3351/3964/3327
f 3350/3960/3326 3351/3964/3327 3307/3965/3285
f 3352/3967/3328 3309/3972/3284 3307/3965/3285
f 3008/3968/2983 3352/3967/3328 3351/3964/3327
f 3008/3968/2983 3013/3975/2990 3353/3970/3329
f 3352/3967/3328 3353/3970/3329 3311/3971/3289
f 3354/3973/3330 3313/3978/3288 3311/3971/3289
f 3014/3974/2989 3354/3973/3330 3353/3970/3329
f 3014/3974/2989 3019/5004/2996 3355/3976/3331
f 3354/3973/3330 3355/3976/3331 3315/3977/3293
f 3356/3979/3332 3317/3984/3292 3315/3977/3293
f 3020/3538/2995 3356/3982/3332 3355/3980/3331
f 3020/3538/2995 3025/3547/3002 3357/3981/3333
f 3356/3979/3332 3357/3986/3333 3319/3983/3297
f 3358/3985/3334 3321/3991/3296 3319/3983/3297
f 3026/3987/3001 3358/3985/3334 3357/3986/3333
f 3026/3987/3001 3031/3994/3008 3359/3989/3335
f 3358/3985/3334 3359/3989/3335 3323/3990/3301
f 3360/3992/3336 3325/3997/3300 3323/3990/3301
f 3032/3993/3007 3360/3992/3336 3359/3989/3335
f 3032/3993/3007 3037/4000/3014 3361/3995/3337
f 3360/3992/3336 3361/3995/3337 3327/3996/3305
f 3362/3998/3338 3329/4003/3304 3327/3996/3305
f 3038/3999/3013 3362/3998/3338 3361/3995/3337
f 3038/3999/3013 3043/5005/3019 3363/4001/3339
f 3362/3998/3338 3363/4001/3339 3331/4002/3307
f 3332/3907/3309 3268/3909/3244 3331/4002/3307
f 2952/3447/2928 3332/3906/3309 3363/4004/3339
f 2887/3377/2862 3365/4006/3341 3364/4005/3340
f 3365/4006/3341 2951/4009/2924 2948/4007/2926
f 3365/4006/3341 3366/4010/3342 2956/4008/2933
f 2887/3377/2862 2888/3379/2864 3366/4010/3342
f 2891/3382/2867 3367/4011/3343 3366/4010/3342
f 3367/4011/3343 2958/4013/2932 2956/4008/2933
f 3367/4011/3343 3368/4014/3344 2962/4012/2939
f 2891/3382/2867 2892/3383/2868 3368/4014/3344
f 2895/3386/2871 3369/4015/3345 3368/4014/3344
f 3369/4015/3345 2964/4017/2938 2962/4012/2939
f 3369/4015/3345 3370/4018/3346 2968/4016/2945
f 2895/3386/2871 2896/3387/2872 3370/4018/3346
f 2899/3390/2875 3371/4019/3347 3370/4018/3346
f 3371/4019/3347 2970/4021/2944 2968/4016/2945
f 3371/4019/3347 3372/4022/3348 2974/4020/2951
f 2899/3390/2875 2900/3391/2876 3372/4022/3348
f 2903/3395/2880 3373/4023/3349 3372/4022/3348
f 3373/4023/3349 2976/4025/2950 2974/4020/2951
f 3373/4023/3349 3374/4026/3350 2980/4024/2957
f 2903/3395/2880 2904/3394/2879 3374/4026/3350
f 2907/3398/2883 3375/4027/3351 3374/4026/3350
f 3375/4027/3351 2982/4029/2956 2980/4024/2957
f 3375/4027/3351 3376/4030/3352 2986/4028/2963
f 2907/3398/2883 2908/4996/2887 3376/4030/3352
f 2911/3403/2886 3377/4032/3353 3376/4031/3352
f 3377/4032/3353 2988/4035/2962 2986/4033/2963
f 3377/4032/3353 3378/4036/3354 2992/4034/2969
f 2911/3403/2886 2912/3407/2890 3378/4036/3354
f 2915/3409/2892 3379/4037/3355 3378/4036/3354
f 3379/4037/3355 2994/4039/2968 2992/4034/2969
f 3379/4037/3355 3380/4040/3356 2998/4038/2975
f 2915/3409/2892 2916/3408/2891 3380/4040/3356
f 2919/3412/2895 3381/4041/3357 3380/4040/3356
f 3381/4041/3357 3000/4043/2974 2998/4038/2975
f 3381/4041/3357 3382/4044/3358 3004/4042/2981
f 2919/3412/2895 2920/3415/2898 3382/4044/3358
f 2923/3417/2900 3383/4045/3359 3382/4044/3358
f 3383/4045/3359 3006/4047/2980 3004/4042/2981
f 3383/4045/3359 3384/4048/3360 3010/4046/2987
f 2923/3417/2900 2924/3419/2902 3384/4048/3360
f 2927/3421/2904 3385/4049/3361 3384/4048/3360
f 3385/4049/3361 3012/4051/2986 3010/4046/2987
f 3385/4049/3361 3386/4052/3362 3016/4050/2993
f 2927/3421/2904 2928/3420/2903 3386/4052/3362
f 2931/3424/2907 3387/4053/3363 3386/4052/3362
f 3387/4053/3363 3018/4055/2992 3016/4050/2993
f 3387/4053/3363 3388/4056/3364 3022/4054/2999
f 2931/3424/2907 2932/3425/2908 3388/4056/3364
f 2935/3429/2912 3389/4057/3365 3388/4056/3364
f 3389/4057/3365 3024/4059/2998 3022/4054/2999
f 3389/4057/3365 3390/4060/3366 3028/4058/3005
f 2935/3429/2912 2936/3431/2914 3390/4060/3366
f 2939/3433/2916 3391/4061/3367 3390/4060/3366
f 3391/4061/3367 3030/4063/3004 3028/4058/3005
f 3391/4061/3367 3392/4064/3368 3034/4062/3011
f 2939/3433/2916 2940/3432/2915 3392/4064/3368
f 2943/3437/2919 3393/4066/3369 3392/4065/3368
f 3393/4066/3369 3036/4069/3010 3034/4067/3011
f 3393/4066/3369 3394/4070/3370 3040/4068/3017
f 2943/3437/2919 2944/3439/2920 3394/4070/3370
f 2947/3442/2923 3395/4071/3371 3394/4070/3370
f 3395/4071/3371 3042/4072/3016 3040/4068/3017
f 3395/4071/3371 3364/4005/3340 2948/4007/2926
f 2947/3442/2923 2886/3378/2863 3364/4005/3340
f 2471/2915/2448 3397/4074/3373 3396/4073/3372
f 3396/4073/3372 3397/4074/3373 2535/2981/2514
f 3397/4074/3373 3398/4075/3374 2540/2983/2516
f 2472/2917/2450 3398/4075/3374 3397/4074/3373
f 2475/2919/2452 3399/4076/3375 3398/4075/3374
f 3398/4075/3374 3399/4076/3375 2542/2987/2520
f 3399/4076/3375 3400/4077/3376 2546/2989/2522
f 2476/2921/2454 3400/4077/3376 3399/4076/3375
f 2479/2923/2456 3401/4078/3377 3400/4077/3376
f 3400/4077/3376 3401/4078/3377 2548/2993/2526
f 3401/4078/3377 3402/4079/3378 2552/2995/2528
f 2480/2925/2458 3402/4079/3378 3401/4078/3377
f 2483/2927/2460 3403/4080/3379 3402/4079/3378
f 3402/4079/3378 3403/4080/3379 2554/2999/2532
f 3403/4080/3379 3404/4081/3380 2558/3001/2534
f 2484/2929/2462 3404/4081/3380 3403/4080/3379
f 2487/2931/2464 3405/4082/3381 3404/4081/3380
f 3404/4081/3380 3405/4082/3381 2560/3005/2538
f 3405/4082/3381 3406/4083/3382 2564/3007/2540
f 2488/2933/2466 3406/4083/3382 3405/4082/3381
f 2491/2935/2468 3407/4084/3383 3406/4083/3382
f 3406/4083/3382 3407/4084/3383 2566/3011/2544
f 3407/4084/3383 3408/4085/3384 2570/3013/2546
f 2492/2937/2470 3408/4085/3384 3407/4084/3383
f 2495/2939/2472 3409/4086/3385 3408/4085/3384
f 3408/4085/3384 3409/4086/3385 2572/3017/2550
f 3409/4086/3385 3410/4087/3386 2576/3019/2552
f 2496/2941/2474 3410/4087/3386 3409/4086/3385
f 2499/2943/2476 3411/4088/3387 3410/4087/3386
f 3410/4087/3386 3411/4088/3387 2578/3023/2556
f 3411/4088/3387 3412/4089/3388 2582/3025/2558
f 2500/2945/2478 3412/4089/3388 3411/4088/3387
f 2503/2947/2480 3413/4090/3389 3412/4089/3388
f 3412/4089/3388 3413/4090/3389 2584/3029/2562
f 3413/4090/3389 3414/4091/3390 2588/3031/2564
f 2504/2949/2482 3414/4091/3390 3413/4090/3389
f 2507/2951/2484 3415/4092/3391 3414/4091/3390
f 3414/4091/3390 3415/4092/3391 2590/3035/2568
f 3415/4092/3391 3416/4093/3392 2594/3037/2570
f 2508/2953/2486 3416/4093/3392 3415/4092/3391
f 2511/2955/2488 3417/4094/3393 3416/4093/3392
f 3416/4093/3392 3417/4094/3393 2596/3041/2574
f 3417/4094/3393 3418/4095/3394 2600/3043/2576
f 2512/2957/2490 3418/4095/3394 3417/4094/3393
f 2515/2959/2492 3419/4096/3395 3418/4095/3394
f 3418/4095/3394 3419/4096/3395 2602/3047/2580
f 3419/4096/3395 3420/4097/3396 2606/3049/2582
f 2516/2961/2494 3420/4097/3396 3419/4096/3395
f 2519/2963/2496 3421/4098/3397 3420/4097/3396
f 3420/4097/3396 3421/4098/3397 2608/3053/2586
f 3421/4098/3397 3422/4099/3398 2612/3055/2588
f 2520/2965/2498 3422/4099/3398 3421/4098/3397
f 2523/2967/2500 3423/4100/3399 3422/4099/3398
f 3422/4099/3398 3423/4100/3399 2614/3059/2592
f 3423/4100/3399 3424/4101/3400 2618/3061/2594
f 2524/2969/2502 3424/4101/3400 3423/4100/3399
f 2527/2971/2504 3425/4102/3401 3424/4101/3400
f 3424/4101/3400 3425/4102/3401 2620/3065/2598
f 3425/4102/3401 3426/4103/3402 2624/3067/2600
f 2528/2973/2506 3426/4103/3402 3425/4102/3401
f 2531/2974/2507 3427/4104/3403 3426/4103/3402
f 3426/4103/3402 3427/4104/3403 2626/3070/2603
f 3427/4104/3403 3396/4073/3372 2532/2975/2508
f 2470/2913/2446 3396/4073/3372 3427/4104/3403
f 2023/2399/2000 3429/4107/3406 3428/4105/3404
f 3428/4105/3404 3429/4107/3406 2087/2472/2067
f 3430/4106/3405 2092/2471/2066 2087/2472/2067
f 2023/2399/2000 2024/2398/1999 3430/4106/3405
f 2027/2403/2004 3431/4110/3408 3430/4106/3405
f 3430/4106/3405 3431/4110/3408 2094/4108/2073
f 3432/4109/3407 2098/4112/2072 2094/4108/2073
f 2027/2403/2004 2028/2402/2003 3432/4109/3407
f 2031/2407/2008 3433/4114/3410 3432/4109/3407
f 3432/4109/3407 3433/4114/3410 2100/4111/2079
f 3434/4113/3409 2104/2486/2078 2100/4111/2079
f 2031/2407/2008 2032/2406/2007 3434/4113/3409
f 2035/2411/2012 3435/4116/3412 3434/4113/3409
f 3434/4113/3409 3435/4116/3412 2106/2494/2085
f 3436/4115/3411 2110/2493/2084 2106/2494/2085
f 2035/2411/2012 2036/2410/2011 3436/4115/3411
f 2039/2415/2016 3437/4118/3414 3436/4115/3411
f 3436/4115/3411 3437/4118/3414 2112/2502/2091
f 3438/4117/3413 2116/2501/2090 2112/2502/2091
f 2039/2415/2016 2040/2414/2015 3438/4117/3413
f 2043/2419/2020 3439/4121/3416 3438/4117/3413
f 3438/4117/3413 3439/4121/3416 2118/4119/2097
f 3440/4120/3415 2122/5006/2096 2118/4119/2097
f 2043/2419/2020 2044/2418/2019 3440/4120/3415
f 2047/2425/2024 3441/4126/3418 3440/4122/3415
f 3440/4122/3415 3441/4126/3418 2124/4123/2103
f 3442/4125/3417 2128/2516/2102 2124/4123/2103
f 2047/2425/2024 2048/2424/2023 3442/4125/3417
f 2051/2429/2028 3443/4128/3420 3442/4125/3417
f 3442/4125/3417 3443/4128/3420 2130/2524/2109
f 3444/4127/3419 2134/2523/2108 2130/2524/2109
f 2051/2429/2028 2052/2428/2027 3444/4127/3419
f 2055/2433/2032 3445/4130/3422 3444/4127/3419
f 3444/4127/3419 3445/4130/3422 2136/2532/2115
f 3446/4129/3421 2140/2531/2114 2136/2532/2115
f 2055/2433/2032 2056/2432/2031 3446/4129/3421
f 2059/2437/2036 3447/4133/3424 3446/4129/3421
f 3446/4129/3421 3447/4133/3424 2142/4131/2121
f 3448/4132/3423 2146/4135/2120 2142/4131/2121
f 2059/2437/2036 2060/2436/2035 3448/4132/3423
f 2063/2441/2040 3449/4137/3426 3448/4132/3423
f 3448/4132/3423 3449/4137/3426 2148/4134/2127
f 3450/4136/3425 2152/2546/2126 2148/4134/2127
f 2063/2441/2040 2064/2440/2039 3450/4136/3425
f 2067/2445/2044 3451/4139/3428 3450/4136/3425
f 3450/4136/3425 3451/4139/3428 2154/2554/2133
f 3452/4138/3427 2158/2553/2132 2154/2554/2133
f 2067/2445/2044 2068/2444/2043 3452/4138/3427
f 2071/2449/2048 3453/4141/3430 3452/4138/3427
f 3452/4138/3427 3453/4141/3430 2160/2562/2139
f 3454/4140/3429 2164/2561/2138 2160/2562/2139
f 2071/2449/2048 2072/2448/2047 3454/4140/3429
f 2075/2453/2052 3455/4144/3432 3454/4140/3429
f 3454/4140/3429 3455/4144/3432 2166/4142/2145
f 3456/4143/3431 2170/5007/2144 2166/4142/2145
f 2075/2453/2052 2076/2452/2051 3456/4143/3431
f 2079/2459/2056 3457/4149/3434 3456/4145/3431
f 3456/4145/3431 3457/4149/3434 2172/4146/2151
f 3458/4148/3433 2176/2576/2150 2172/4146/2151
f 2079/2459/2056 2080/2458/2055 3458/4148/3433
f 2083/2462/2059 3459/4150/3435 3458/4148/3433
f 3458/4148/3433 3459/4150/3435 2178/2582/2155
f 3428/4105/3404 2084/2463/2060 2178/2582/2155
f 2083/2462/2059 2022/2397/1998 3428/4105/3404
f 2310/4151/2287 2311/4154/2286 3461/4152/3436
f 3460/4153/3437 3461/4152/3436 2375/2821/2354
f 3461/4152/3436 3462/4155/3438 2380/2823/2356
f 2311/4154/2286 2312/4156/2288 3462/4155/3438
f 2312/4156/2288 2315/4158/2291 3463/4157/3439
f 3462/4155/3438 3463/4157/3439 2382/2827/2360
f 3463/4157/3439 3464/4159/3440 2386/2829/2362
f 2315/4158/2291 2316/4160/2292 3464/4159/3440
f 2316/4160/2292 2319/4162/2295 3465/4161/3441
f 3464/4159/3440 3465/4161/3441 2388/2833/2366
f 3465/4161/3441 3466/4163/3442 2392/2835/2368
f 2319/4162/2295 2320/4164/2296 3466/4163/3442
f 2320/4164/2296 2323/4166/2299 3467/4165/3443
f 3466/4163/3442 3467/4165/3443 2394/2839/2372
f 3467/4165/3443 3468/4167/3444 2398/2841/2374
f 2323/4166/2299 2324/4168/2300 3468/4167/3444
f 2324/4168/2300 2327/4170/2303 3469/4169/3445
f 3468/4167/3444 3469/4169/3445 2400/2845/2378
f 3469/4169/3445 3470/4171/3446 2404/2847/2380
f 2327/4170/2303 2328/4172/2304 3470/4171/3446
f 2328/4172/2304 2331/4174/2307 3471/4173/3447
f 3470/4171/3446 3471/4173/3447 2406/2851/2384
f 3471/4173/3447 3472/4175/3448 2410/2853/2386
f 2331/4174/2307 2332/4176/2308 3472/4175/3448
f 2332/4176/2308 2335/4178/2311 3473/4177/3449
f 3472/4175/3448 3473/4177/3449 2412/2857/2390
f 3473/4177/3449 3474/4179/3450 2416/2859/2392
f 2335/4178/2311 2336/4180/2312 3474/4179/3450
f 2336/4180/2312 2339/4182/2315 3475/4181/3451
f 3474/4179/3450 3475/4181/3451 2418/2863/2396
f 3475/4181/3451 3476/4183/3452 2422/2865/2398
f 2339/4182/2315 2340/4184/2316 3476/4183/3452
f 2340/4184/2316 2343/4186/2319 3477/4185/3453
f 3476/4183/3452 3477/4185/3453 2424/2869/2402
f 3477/4185/3453 3478/4187/3454 2428/2871/2404
f 2343/4186/2319 2344/4188/2320 3478/4187/3454
f 2344/4188/2320 2347/4190/2323 3479/4189/3455
f 3478/4187/3454 3479/4189/3455 2430/2875/2408
f 3479/4189/3455 3480/4191/3456 2434/2877/2410
f 2347/4190/2323 2348/4192/2324 3480/4191/3456
f 2348/4192/2324 2351/4194/2327 3481/4193/3457
f 3480/4191/3456 3481/4193/3457 2436/2881/2414
f 3481/4193/3457 3482/4195/3458 2440/2883/2416
f 2351/4194/2327 2352/4196/2328 3482/4195/3458
f 2352/4196/2328 2355/4198/2331 3483/4197/3459
f 3482/4195/3458 3483/4197/3459 2442/2887/2420
f 3483/4197/3459 3484/4199/3460 2446/2889/2422
f 2355/4198/2331 2356/4200/2332 3484/4199/3460
f 2356/4200/2332 2359/4202/2335 3485/4201/3461
f 3484/4199/3460 3485/4201/3461 2448/2893/2426
f 3485/4201/3461 3486/4203/3462 2452/2895/2428
f 2359/4202/2335 2360/4204/2336 3486/4203/3462
f 2360/4204/2336 2363/4206/2339 3487/4205/3463
f 3486/4203/3462 3487/4205/3463 2454/2899/2432
f 3487/4205/3463 3488/4207/3464 2458/2901/2434
f 2363/4206/2339 2364/4208/2340 3488/4207/3464
f 2364/4208/2340 2367/4210/2343 3489/4209/3465
f 3488/4207/3464 3489/4209/3465 2460/2905/2438
f 3489/4209/3465 3490/4211/3466 2464/2907/2440
f 2367/4210/2343 2368/4212/2344 3490/4211/3466
f 2368/4212/2344 2371/4214/2347 3491/4213/3467
f 3490/4211/3466 3491/4213/3467 2466/2910/2443
f 3491/4213/3467 3460/4153/3437 2372/2815/2348
f 2371/4214/2347 2310/4151/2287 3460/4153/3437
f 3048/3577/3024 3049/3576/3023 3493/4215/3468
f 3492/4216/3469 3493/4215/3468 3207/3737/3180
f 3494/4217/3470 3209/3746/3186 3207/3737/3180
f 3050/3583/3030 3494/4217/3470 3493/4215/3468
f 3050/3583/3030 3055/3582/3029 3495/4218/3471
f 3494/4217/3470 3495/4218/3471 3211/3745/3185
f 3496/4219/3472 3213/3752/3190 3211/3745/3185
f 3056/3589/3036 3496/4219/3472 3495/4218/3471
f 3056/3589/3036 3061/3588/3035 3497/4220/3473
f 3496/4219/3472 3497/4220/3473 3215/3751/3189
f 3498/4221/3474 3217/3758/3194 3215/3751/3189
f 3062/3595/3042 3498/4221/3474 3497/4220/3473
f 3062/3595/3042 3067/3594/3041 3499/4222/3475
f 3498/4221/3474 3499/4222/3475 3219/3757/3193
f 3500/4223/3476 3221/3764/3198 3219/3757/3193
f 3068/3601/3048 3500/4223/3476 3499/4222/3475
f 3068/3601/3048 3073/3600/3047 3501/4224/3477
f 3500/4223/3476 3501/4224/3477 3223/3763/3197
f 3502/4225/3478 3225/3770/3202 3223/3763/3197
f 3074/3607/3054 3502/4225/3478 3501/4224/3477
f 3074/3607/3054 3079/3606/3053 3503/4226/3479
f 3502/4225/3478 3503/4226/3479 3227/3769/3201
f 3504/4227/3480 3229/5000/3206 3227/3769/3201
f 3080/4228/3060 3504/4227/3480 3503/4226/3479
f 3080/3615/3060 3085/3614/3059 3505/4229/3481
f 3504/4230/3480 3505/4229/3481 3231/3775/3205
f 3506/4231/3482 3233/3784/3210 3231/3775/3205
f 3086/3621/3066 3506/4231/3482 3505/4229/3481
f 3086/3621/3066 3091/3620/3065 3507/4232/3483
f 3506/4231/3482 3507/4232/3483 3235/3783/3209
f 3508/4233/3484 3237/3790/3214 3235/3783/3209
f 3092/3627/3072 3508/4233/3484 3507/4232/3483
f 3092/3627/3072 3097/3626/3071 3509/4234/3485
f 3508/4233/3484 3509/4234/3485 3239/3789/3213
f 3510/4235/3486 3241/3796/3218 3239/3789/3213
f 3098/3633/3078 3510/4235/3486 3509/4234/3485
f 3098/3633/3078 3103/3632/3077 3511/4236/3487
f 3510/4235/3486 3511/4236/3487 3243/3795/3217
f 3512/4237/3488 3245/3802/3222 3243/3795/3217
f 3104/3639/3084 3512/4237/3488 3511/4236/3487
f 3104/3639/3084 3109/3638/3083 3513/4238/3489
f 3512/4237/3488 3513/4238/3489 3247/3801/3221
f 3514/4239/3490 3249/3808/3226 3247/3801/3221
f 3110/3645/3090 3514/4239/3490 3513/4238/3489
f 3110/3645/3090 3115/3644/3089 3515/4240/3491
f 3514/4239/3490 3515/4240/3491 3251/3807/3225
f 3516/4241/3492 3253/3814/3230 3251/3807/3225
f 3116/3651/3096 3516/4241/3492 3515/4240/3491
f 3116/3651/3096 3121/3650/3095 3517/4242/3493
f 3516/4241/3492 3517/4242/3493 3255/3813/3229
f 3518/4243/3494 3257/3820/3234 3255/3813/3229
f 3122/3657/3102 3518/4243/3494 3517/4242/3493
f 3122/3657/3102 3127/3656/3101 3519/4244/3495
f 3518/4243/3494 3519/4244/3495 3259/3819/3233
f 3520/4245/3496 3261/5001/3238 3259/3819/3233
f 3128/4246/3108 3520/4245/3496 3519/4244/3495
f 3128/3665/3108 3133/3664/3107 3521/4247/3497
f 3520/4248/3496 3521/4247/3497 3263/3825/3237
f 3522/4249/3498 3265/3834/3242 3263/3825/3237
f 3134/3671/3114 3522/4249/3498 3521/4247/3497
f 3134/3671/3114 3139/3670/3113 3523/4250/3499
f 3522/4249/3498 3523/4250/3499 3267/3833/3241
f 3492/4216/3469 3204/3739/3182 3267/3833/3241
f 3048/3577/3024 3492/4216/3469 3523/4250/3499
f 3524/4251/3500 3527/4256/3505 3526/4252/3501
f 3525/4253/3502 3526/4252/3501 359/371/339
f 3528/4254/3503 364/370/338 359/371/339
f 3529/4255/3504 3528/4254/3503 3526/4252/3501
f 3529/4255/3504 3531/4260/3509 3530/4257/3506
f 3528/4254/3503 3530/4257/3506 366/377/345
f 3532/4258/3507 370/376/344 366/377/345
f 3533/4259/3508 3532/4258/3507 3530/4257/3506
f 3533/4259/3508 3535/4264/3513 3534/4261/3510
f 3532/4258/3507 3534/4261/3510 372/383/351
f 3536/4262/3511 376/382/350 372/383/351
f 3537/4263/3512 3536/4262/3511 3534/4261/3510
f 3537/4263/3512 3539/4268/3517 3538/4265/3514
f 3536/4262/3511 3538/4265/3514 378/389/357
f 3540/4266/3515 382/388/356 378/389/357
f 3541/4267/3516 3540/4266/3515 3538/4265/3514
f 3541/4267/3516 3543/4272/3521 3542/4269/3518
f 3540/4266/3515 3542/4269/3518 384/395/363
f 3544/4270/3519 388/394/362 384/395/363
f 3545/4271/3520 3544/4270/3519 3542/4269/3518
f 3545/4271/3520 3547/4276/3525 3546/4273/3522
f 3544/4270/3519 3546/4273/3522 390/401/369
f 3548/4274/3523 394/400/368 390/401/369
f 3549/4275/3524 3548/4274/3523 3546/4273/3522
f 3549/4275/3524 3551/4280/3529 3550/4277/3526
f 3548/4274/3523 3550/4277/3526 396/407/375
f 3552/4278/3527 400/406/374 396/407/375
f 3553/4279/3528 3552/4278/3527 3550/4277/3526
f 3553/4279/3528 3555/4284/3533 3554/4281/3530
f 3552/4278/3527 3554/4281/3530 402/413/381
f 3556/4282/3531 406/412/380 402/413/381
f 3557/4283/3532 3556/4282/3531 3554/4281/3530
f 3557/4283/3532 3559/4288/3537 3558/4285/3534
f 3556/4282/3531 3558/4285/3534 408/419/387
f 3560/4286/3535 412/418/386 408/419/387
f 3561/4287/3536 3560/4286/3535 3558/4285/3534
f 3561/4287/3536 3563/4292/3541 3562/4289/3538
f 3560/4286/3535 3562/4289/3538 414/425/393
f 3564/4290/3539 418/424/392 414/425/393
f 3565/4291/3540 3564/4290/3539 3562/4289/3538
f 3565/4291/3540 3567/4296/3545 3566/4293/3542
f 3564/4290/3539 3566/4293/3542 420/431/399
f 3568/4294/3543 424/430/398 420/431/399
f 3569/4295/3544 3568/4294/3543 3566/4293/3542
f 3569/4295/3544 3571/4300/3549 3570/4297/3546
f 3568/4294/3543 3570/4297/3546 426/437/405
f 3572/4298/3547 430/436/404 426/437/405
f 3573/4299/3548 3572/4298/3547 3570/4297/3546
f 3573/4299/3548 3575/4304/3553 3574/4301/3550
f 3572/4298/3547 3574/4301/3550 432/443/411
f 3576/4302/3551 436/442/410 432/443/411
f 3577/4303/3552 3576/4302/3551 3574/4301/3550
f 3577/4303/3552 3579/4308/3557 3578/4305/3554
f 3576/4302/3551 3578/4305/3554 438/449/417
f 3580/4306/3555 442/448/416 438/449/417
f 3581/4307/3556 3580/4306/3555 3578/4305/3554
f 3581/4307/3556 3583/4312/3561 3582/4309/3558
f 3580/4306/3555 3582/4309/3558 444/455/423
f 3584/4310/3559 448/454/422 444/455/423
f 3585/4311/3560 3584/4310/3559 3582/4309/3558
f 3585/4311/3560 3587/4314/3563 3586/4313/3562
f 3584/4310/3559 3586/4313/3562 450/459/427
f 3525/4253/3502 356/364/332 450/459/427
f 3524/4251/3500 3525/4253/3502 3586/4313/3562
f 264/4315/240 265/4322/239 3589/4316/3564
f 3588/4317/3565 3589/4316/3564 3591/4318/3566
f 3593/4320/3568 3592/4325/3571 3591/4318/3566
f 266/4321/246 3593/4320/3568 3589/4316/3564
f 266/4321/246 271/4328/245 3594/4323/3569
f 3593/4320/3568 3594/4323/3569 3595/4324/3570
f 3597/4326/3572 3596/4331/3575 3595/4324/3570
f 272/4327/252 3597/4326/3572 3594/4323/3569
f 272/4327/252 277/4334/251 3598/4329/3573
f 3597/4326/3572 3598/4329/3573 3599/4330/3574
f 3601/4332/3576 3600/4337/3579 3599/4330/3574
f 278/4333/258 3601/4332/3576 3598/4329/3573
f 278/4333/258 283/4340/257 3602/4335/3577
f 3601/4332/3576 3602/4335/3577 3603/4336/3578
f 3605/4338/3580 3604/4343/3583 3603/4336/3578
f 284/4339/264 3605/4338/3580 3602/4335/3577
f 284/4339/264 289/4346/263 3606/4341/3581
f 3605/4338/3580 3606/4341/3581 3607/4342/3582
f 3609/4344/3584 3608/4349/3587 3607/4342/3582
f 290/4345/270 3609/4344/3584 3606/4341/3581
f 290/4345/270 295/4352/269 3610/4347/3585
f 3609/4344/3584 3610/4347/3585 3611/4348/3586
f 3613/4350/3588 3612/5008/3591 3611/4348/3586
f 296/4351/276 3613/4350/3588 3610/4347/3585
f 296/4353/276 301/4360/275 3614/4354/3589
f 3613/4355/3588 3614/4354/3589 3615/4356/3590
f 3617/4358/3592 3616/4363/3595 3615/4356/3590
f 302/4359/282 3617/4358/3592 3614/4354/3589
f 302/4359/282 307/4366/281 3618/4361/3593
f 3617/4358/3592 3618/4361/3593 3619/4362/3594
f 3621/4364/3596 3620/4369/3599 3619/4362/3594
f 308/4365/288 3621/4364/3596 3618/4361/3593
f 308/4365/288 313/4372/287 3622/4367/3597
f 3621/4364/3596 3622/4367/3597 3623/4368/3598
f 3625/4370/3600 3624/4375/3603 3623/4368/3598
f 314/4371/294 3625/4370/3600 3622/4367/3597
f 314/4371/294 319/4378/293 3626/4373/3601
f 3625/4370/3600 3626/4373/3601 3627/4374/3602
f 3629/4376/3604 3628/4381/3607 3627/4374/3602
f 320/4377/300 3629/4376/3604 3626/4373/3601
f 320/4377/300 325/4384/299 3630/4379/3605
f 3629/4376/3604 3630/4379/3605 3631/4380/3606
f 3633/4382/3608 3632/4387/3611 3631/4380/3606
f 326/4383/306 3633/4382/3608 3630/4379/3605
f 326/4383/306 331/4390/305 3634/4385/3609
f 3633/4382/3608 3634/4385/3609 3635/4386/3610
f 3637/4388/3612 3636/4393/3615 3635/4386/3610
f 332/4389/312 3637/4388/3612 3634/4385/3609
f 332/4389/312 337/4396/311 3638/4391/3613
f 3637/4388/3612 3638/4391/3613 3639/4392/3614
f 3641/4394/3616 3640/4399/3619 3639/4392/3614
f 338/4395/318 3641/4394/3616 3638/4391/3613
f 338/4395/318 343/4402/317 3642/4397/3617
f 3641/4394/3616 3642/4397/3617 3643/4398/3618
f 3645/4400/3620 3644/5009/3623 3643/4398/3618
f 344/4401/324 3645/4400/3620 3642/4397/3617
f 344/4403/324 349/4410/323 3646/4404/3621
f 3645/4405/3620 3646/4404/3621 3647/4406/3622
f 3649/4408/3624 3648/4413/3627 3647/4406/3622
f 350/4409/330 3649/4408/3624 3646/4404/3621
f 350/4409/330 355/4414/329 3650/4411/3625
f 3649/4408/3624 3650/4411/3625 3651/4412/3626
f 3588/4317/3565 3590/4319/3567 3651/4412/3626
f 264/4315/240 3588/4317/3565 3650/4411/3625
f 3591/4318/3566 3653/4416/3629 3652/4415/3628
f 3653/4416/3629 3527/4419/3505 3524/4417/3500
f 3653/4416/3629 3654/4420/3630 3529/4418/3504
f 3591/4318/3566 3592/4325/3571 3654/4420/3630
f 3595/4324/3570 3655/4423/3632 3654/4420/3630
f 3654/4420/3630 3655/4423/3632 3531/4421/3509
f 3656/4422/3631 3533/4425/3508 3531/4421/3509
f 3595/4324/3570 3596/4331/3575 3656/4422/3631
f 3599/4330/3574 3657/4427/3634 3656/4422/3631
f 3656/4422/3631 3657/4427/3634 3535/4424/3513
f 3658/4426/3633 3537/4429/3512 3535/4424/3513
f 3599/4330/3574 3600/4337/3579 3658/4426/3633
f 3603/4336/3578 3659/4431/3636 3658/4426/3633
f 3658/4426/3633 3659/4431/3636 3539/4428/3517
f 3660/4430/3635 3541/4433/3516 3539/4428/3517
f 3603/4336/3578 3604/4343/3583 3660/4430/3635
f 3607/4342/3582 3661/4434/3637 3660/4430/3635
f 3660/4430/3635 3661/4434/3637 3543/4432/3521
f 3661/4434/3637 3662/4436/3638 3545/4435/3520
f 3607/4342/3582 3608/4349/3587 3662/4436/3638
f 3611/4348/3586 3663/4438/3639 3662/4436/3638
f 3662/4436/3638 3663/4438/3639 3547/4437/3525
f 3663/4438/3639 3664/4440/3640 3549/4439/3524
f 3611/4348/3586 3612/5008/3591 3664/4440/3640
f 3615/4356/3590 3665/4445/3642 3664/4441/3640
f 3664/4441/3640 3665/4445/3642 3551/4442/3529
f 3666/4444/3641 3553/4447/3528 3551/4442/3529
f 3615/4356/3590 3616/4363/3595 3666/4444/3641
f 3619/4362/3594 3667/4449/3644 3666/4444/3641
f 3666/4444/3641 3667/4449/3644 3555/4446/3533
f 3668/4448/3643 3557/4451/3532 3555/4446/3533
f 3619/4362/3594 3620/4369/3599 3668/4448/3643
f 3623/4368/3598 3669/4450/3645 3668/4448/3643
f 3669/4450/3645 3559/4453/3537 3557/4451/3532
f 3670/4452/3646 3561/4455/3536 3559/4453/3537
f 3623/4368/3598 3624/4375/3603 3670/4452/3646
f 3627/4374/3602 3671/4457/3648 3670/4452/3646
f 3670/4452/3646 3671/4457/3648 3563/4454/3541
f 3672/4456/3647 3565/4459/3540 3563/4454/3541
f 3627/4374/3602 3628/4381/3607 3672/4456/3647
f 3631/4380/3606 3673/4458/3649 3672/4456/3647
f 3673/4458/3649 3567/4461/3545 3565/4459/3540
f 3674/4460/3650 3569/4463/3544 3567/4461/3545
f 3631/4380/3606 3632/4387/3611 3674/4460/3650
f 3635/4386/3610 3675/4462/3651 3674/4460/3650
f 3675/4462/3651 3571/4465/3549 3569/4463/3544
f 3676/4464/3652 3573/4467/3548 3571/4465/3549
f 3635/4386/3610 3636/4393/3615 3676/4464/3652
f 3639/4392/3614 3677/4469/3654 3676/4464/3652
f 3676/4464/3652 3677/4469/3654 3575/4466/3553
f 3678/4468/3653 3577/4471/3552 3575/4466/3553
f 3639/4392/3614 3640/4399/3619 3678/4468/3653
f 3643/4398/3618 3679/4473/3656 3678/4468/3653
f 3678/4468/3653 3679/4473/3656 3579/4470/3557
f 3680/4472/3655 3581/5010/3556 3579/4470/3557
f 3643/4398/3618 3644/5009/3623 3680/4472/3655
f 3647/4406/3622 3681/4478/3658 3680/4474/3655
f 3680/4474/3655 3681/4478/3658 3583/4475/3561
f 3682/4477/3657 3585/4480/3560 3583/4475/3561
f 3647/4406/3622 3648/4413/3627 3682/4477/3657
f 3651/4412/3626 3683/4481/3659 3682/4477/3657
f 3682/4477/3657 3683/4481/3659 3587/4479/3563
f 3683/4481/3659 3652/4415/3628 3524/4417/3500
f 3651/4412/3626 3590/4319/3567 3652/4415/3628
f 3687/4482/3660 3686/4485/3663 3685/4483/3661
f 3686/4485/3663 3689/4488/3666 3688/4486/3664
f 3686/4485/3663 3691/4489/3667 3690/4487/3665
f 3687/4482/3660 3692/4491/3669 3691/4489/3667
f 3694/4490/3668 3693/4492/3670 3691/4489/3667
f 3693/4492/3670 3695/4494/3672 3690/4487/3665
f 3693/4492/3670 3697/4495/3673 3696/4493/3671
f 3694/4490/3668 3698/4497/3675 3697/4495/3673
f 3700/4496/3674 3699/4498/3676 3697/4495/3673
f 3699/4498/3676 3701/4500/3678 3696/4493/3671
f 3699/4498/3676 3703/4501/3679 3702/4499/3677
f 3700/4496/3674 3704/4503/3681 3703/4501/3679
f 3706/4502/3680 3705/4504/3682 3703/4501/3679
f 3705/4504/3682 3707/4506/3684 3702/4499/3677
f 3705/4504/3682 3709/4507/3685 3708/4505/3683
f 3706/4502/3680 3710/4509/3687 3709/4507/3685
f 3712/4508/3686 3711/4510/3688 3709/4507/3685
f 3711/4510/3688 3713/4512/3690 3708/4505/3683
f 3711/4510/3688 3715/4513/3691 3714/4511/3689
f 3712/4508/3686 3716/4515/3693 3715/4513/3691
f 3718/4514/3692 3717/4516/3694 3715/4513/3691
f 3717/4516/3694 3719/4518/3696 3714/4511/3689
f 3717/4516/3694 3721/4519/3697 3720/4517/3695
f 3718/4514/3692 3722/4521/3699 3721/4519/3697
f 3724/4520/3698 3723/4522/3700 3721/4519/3697
f 3723/4522/3700 3725/4524/3702 3720/4517/3695
f 3723/4522/3700 3727/4525/3703 3726/4523/3701
f 3724/4520/3698 3728/4527/3705 3727/4525/3703
f 3730/4526/3704 3729/4528/3706 3727/4525/3703
f 3729/4528/3706 3731/4530/3708 3726/4523/3701
f 3729/4528/3706 3733/4531/3709 3732/4529/3707
f 3730/4526/3704 3734/4533/3711 3733/4531/3709
f 3736/4532/3710 3735/4534/3712 3733/4531/3709
f 3735/4534/3712 3737/4536/3714 3732/4529/3707
f 3735/4534/3712 3739/4537/3715 3738/4535/3713
f 3736/4532/3710 3740/4539/3717 3739/4537/3715
f 3742/4538/3716 3741/4540/3718 3739/4537/3715
f 3741/4540/3718 3743/4542/3720 3738/4535/3713
f 3741/4540/3718 3745/4543/3721 3744/4541/3719
f 3742/4538/3716 3746/4545/3723 3745/4543/3721
f 3748/4544/3722 3747/4546/3724 3745/4543/3721
f 3747/4546/3724 3749/4548/3726 3744/4541/3719
f 3747/4546/3724 3751/4549/3727 3750/4547/3725
f 3748/4544/3722 3752/4551/3729 3751/4549/3727
f 3754/4550/3728 3753/4552/3730 3751/4549/3727
f 3753/4552/3730 3755/4554/3732 3750/4547/3725
f 3753/4552/3730 3757/4555/3733 3756/4553/3731
f 3754/4550/3728 3758/4557/3735 3757/4555/3733
f 3760/4556/3734 3759/4558/3736 3757/4555/3733
f 3759/4558/3736 3761/4560/3738 3756/4553/3731
f 3759/4558/3736 3763/4561/3739 3762/4559/3737
f 3760/4556/3734 3764/4563/3741 3763/4561/3739
f 3766/4562/3740 3765/4564/3742 3763/4561/3739
f 3765/4564/3742 3767/4566/3744 3762/4559/3737
f 3765/4564/3742 3769/4567/3745 3768/4565/3743
f 3766/4562/3740 3770/4569/3747 3769/4567/3745
f 3772/4568/3746 3771/4570/3748 3769/4567/3745
f 3771/4570/3748 3773/4572/3750 3768/4565/3743
f 3771/4570/3748 3775/4573/3751 3774/4571/3749
f 3772/4568/3746 3776/4575/3753 3775/4573/3751
f 3778/4574/3752 3777/4576/3754 3775/4573/3751
f 3777/4576/3754 3779/4577/3755 3774/4571/3749
f 3777/4576/3754 3685/4483/3661 3688/4486/3664
f 3778/4574/3752 3684/4484/3662 3685/4483/3661
f 3688/4486/3664 3689/4488/3666 3781/4578/3756
f 3780/4579/3757 3781/4578/3756 711/773/691
f 3782/4580/3758 716/772/690 711/773/691
f 3690/4487/3665 3782/4580/3758 3781/4578/3756
f 3690/4487/3665 3695/4494/3672 3783/4581/3759
f 3782/4580/3758 3783/4581/3759 718/781/697
f 3784/4582/3760 722/780/696 718/781/697
f 3696/4493/3671 3784/4582/3760 3783/4581/3759
f 3696/4493/3671 3701/4500/3678 3785/4583/3761
f 3784/4582/3760 3785/4583/3761 724/789/703
f 3786/4584/3762 728/788/702 724/789/703
f 3702/4499/3677 3786/4584/3762 3785/4583/3761
f 3702/4499/3677 3707/4506/3684 3787/4585/3763
f 3786/4584/3762 3787/4585/3763 730/797/709
f 3788/4586/3764 734/796/708 730/797/709
f 3708/4505/3683 3788/4586/3764 3787/4585/3763
f 3708/4505/3683 3713/4512/3690 3789/4587/3765
f 3788/4586/3764 3789/4587/3765 736/805/715
f 3790/4588/3766 740/804/714 736/805/715
f 3714/4511/3689 3790/4588/3766 3789/4587/3765
f 3714/4511/3689 3719/4518/3696 3791/4589/3767
f 3790/4588/3766 3791/4589/3767 742/813/721
f 3792/4590/3768 746/812/720 742/813/721
f 3720/4517/3695 3792/4590/3768 3791/4589/3767
f 3720/4517/3695 3725/4524/3702 3793/4591/3769
f 3792/4590/3768 3793/4591/3769 748/822/727
f 3794/4592/3770 752/821/726 748/822/727
f 3726/4523/3701 3794/4592/3770 3793/4591/3769
f 3726/4523/3701 3731/4530/3708 3795/4593/3771
f 3794/4592/3770 3795/4593/3771 754/830/733
f 3796/4594/3772 758/829/732 754/830/733
f 3732/4529/3707 3796/4594/3772 3795/4593/3771
f 3732/4529/3707 3737/4536/3714 3797/4595/3773
f 3796/4594/3772 3797/4595/3773 760/838/739
f 3798/4596/3774 764/837/738 760/838/739
f 3738/4535/3713 3798/4596/3774 3797/4595/3773
f 3738/4535/3713 3743/4542/3720 3799/4597/3775
f 3798/4596/3774 3799/4597/3775 766/846/745
f 3800/4598/3776 770/845/744 766/846/745
f 3744/4541/3719 3800/4598/3776 3799/4597/3775
f 3744/4541/3719 3749/4548/3726 3801/4599/3777
f 3800/4598/3776 3801/4599/3777 772/854/751
f 3802/4600/3778 776/853/750 772/854/751
f 3750/4547/3725 3802/4600/3778 3801/4599/3777
f 3750/4547/3725 3755/4554/3732 3803/4601/3779
f 3802/4600/3778 3803/4601/3779 778/862/757
f 3804/4602/3780 782/861/756 778/862/757
f 3756/4553/3731 3804/4602/3780 3803/4601/3779
f 3756/4553/3731 3761/4560/3738 3805/4603/3781
f 3804/4602/3780 3805/4603/3781 784/870/763
f 3806/4604/3782 788/869/762 784/870/763
f 3762/4559/3737 3806/4604/3782 3805/4603/3781
f 3762/4559/3737 3767/4566/3744 3807/4605/3783
f 3806/4604/3782 3807/4605/3783 790/878/769
f 3808/4606/3784 794/877/768 790/878/769
f 3768/4565/3743 3808/4606/3784 3807/4605/3783
f 3768/4565/3743 3773/4572/3750 3809/4607/3785
f 3808/4606/3784 3809/4607/3785 796/887/775
f 3810/4608/3786 800/886/774 796/887/775
f 3774/4571/3749 3810/4608/3786 3809/4607/3785
f 3774/4571/3749 3779/4577/3755 3811/4609/3787
f 3810/4608/3786 3811/4609/3787 802/893/779
f 3780/4579/3757 708/764/684 802/893/779
f 3688/4486/3664 3780/4579/3757 3811/4609/3787
f 647/700/624 3813/4611/3789 3812/4610/3788
f 3813/4611/3789 3687/4614/3660 3684/4612/3662
f 3813/4611/3789 3814/4615/3790 3692/4613/3669
f 647/700/624 648/699/623 3814/4615/3790
f 651/704/628 3815/4616/3791 3814/4615/3790
f 3815/4616/3791 3694/4618/3668 3692/4613/3669
f 3815/4616/3791 3816/4619/3792 3698/4617/3675
f 651/704/628 652/703/627 3816/4619/3792
f 655/708/632 3817/4620/3793 3816/4619/3792
f 3817/4620/3793 3700/4622/3674 3698/4617/3675
f 3817/4620/3793 3818/4623/3794 3704/4621/3681
f 655/708/632 656/707/631 3818/4623/3794
f 659/712/636 3819/4624/3795 3818/4623/3794
f 3819/4624/3795 3706/4626/3680 3704/4621/3681
f 3819/4624/3795 3820/4627/3796 3710/4625/3687
f 659/712/636 660/711/635 3820/4627/3796
f 663/716/640 3821/4628/3797 3820/4627/3796
f 3821/4628/3797 3712/4630/3686 3710/4625/3687
f 3821/4628/3797 3822/4631/3798 3716/4629/3693
f 663/716/640 664/715/639 3822/4631/3798
f 667/720/644 3823/4632/3799 3822/4631/3798
f 3823/4632/3799 3718/4634/3692 3716/4629/3693
f 3823/4632/3799 3824/4635/3800 3722/4633/3699
f 667/720/644 668/719/643 3824/4635/3800
f 671/726/648 3825/4637/3801 3824/4636/3800
f 3825/4637/3801 3724/4640/3698 3722/4638/3699
f 3825/4637/3801 3826/4641/3802 3728/4639/3705
f 671/726/648 672/725/647 3826/4641/3802
f 675/730/652 3827/4642/3803 3826/4641/3802
f 3827/4642/3803 3730/4644/3704 3728/4639/3705
f 3827/4642/3803 3828/4645/3804 3734/4643/3711
f 675/730/652 676/729/651 3828/4645/3804
f 679/734/656 3829/4646/3805 3828/4645/3804
f 3829/4646/3805 3736/4648/3710 3734/4643/3711
f 3829/4646/3805 3830/4649/3806 3740/4647/3717
f 679/734/656 680/733/655 3830/4649/3806
f 683/738/660 3831/4650/3807 3830/4649/3806
f 3831/4650/3807 3742/4652/3716 3740/4647/3717
f 3831/4650/3807 3832/4653/3808 3746/4651/3723
f 683/738/660 684/737/659 3832/4653/3808
f 687/742/664 3833/4654/3809 3832/4653/3808
f 3833/4654/3809 3748/4656/3722 3746/4651/3723
f 3833/4654/3809 3834/4657/3810 3752/4655/3729
f 687/742/664 688/741/663 3834/4657/3810
f 691/746/668 3835/4658/3811 3834/4657/3810
f 3835/4658/3811 3754/4660/3728 3752/4655/3729
f 3835/4658/3811 3836/4661/3812 3758/4659/3735
f 691/746/668 692/745/667 3836/4661/3812
f 695/750/672 3837/4662/3813 3836/4661/3812
f 3837/4662/3813 3760/4664/3734 3758/4659/3735
f 3837/4662/3813 3838/4665/3814 3764/4663/3741
f 695/750/672 696/749/671 3838/4665/3814
f 699/754/676 3839/4666/3815 3838/4665/3814
f 3839/4666/3815 3766/4668/3740 3764/4663/3741
f 3839/4666/3815 3840/4669/3816 3770/4667/3747
f 699/754/676 700/753/675 3840/4669/3816
f 703/760/680 3841/4671/3817 3840/4670/3816
f 3841/4671/3817 3772/4674/3746 3770/4672/3747
f 3841/4671/3817 3842/4675/3818 3776/4673/3753
f 703/760/680 704/759/679 3842/4675/3818
f 707/763/683 3843/4676/3819 3842/4675/3818
f 3843/4676/3819 3778/4677/3752 3776/4673/3753
f 3843/4676/3819 3812/4610/3788 3684/4612/3662
f 707/763/683 646/698/622 3812/4610/3788
f 966/4678/943 967/4685/942 3845/4679/3820
f 3845/4679/3820 1063/4683/1036 1060/4681/1038
f 3845/4679/3820 3846/4687/3823 1068/4682/1045
f 968/4684/947 3846/4687/3823 3845/4679/3820
f 968/4684/947 971/4691/946 3847/4686/3822
f 3847/4686/3822 1070/4689/1044 1068/4682/1045
f 3847/4686/3822 3848/4693/3825 1074/4688/1051
f 972/4690/951 3848/4693/3825 3847/4686/3822
f 972/4690/951 975/4697/950 3849/4692/3824
f 3849/4692/3824 1076/4695/1050 1074/4688/1051
f 3849/4692/3824 3850/4699/3827 1080/4694/1057
f 976/4696/955 3850/4699/3827 3849/4692/3824
f 976/4696/955 979/4703/954 3851/4698/3826
f 3851/4698/3826 1082/4701/1056 1080/4694/1057
f 3851/4698/3826 3852/4705/3829 1086/4700/1063
f 980/4702/959 3852/4705/3829 3851/4698/3826
f 980/4702/959 983/4709/958 3853/4704/3828
f 3853/4704/3828 1088/4707/1062 1086/4700/1063
f 3853/4704/3828 3854/4711/3831 1092/4706/1069
f 984/4708/963 3854/4711/3831 3853/4704/3828
f 984/4708/963 987/4715/962 3855/4710/3830
f 3855/4710/3830 1094/4713/1068 1092/4706/1069
f 3855/4710/3830 3856/5011/3833 1098/4712/1075
f 988/4714/967 3856/5011/3833 3855/4710/3830
f 988/4716/967 991/4723/966 3857/4717/3832
f 3857/4717/3832 1100/4721/1074 1098/4719/1075
f 3857/4717/3832 3858/4725/3835 1104/4720/1081
f 992/4722/971 3858/4725/3835 3857/4717/3832
f 992/4722/971 995/4729/970 3859/4724/3834
f 3859/4724/3834 1106/4727/1080 1104/4720/1081
f 3859/4724/3834 3860/4731/3837 1110/4726/1087
f 996/4728/975 3860/4731/3837 3859/4724/3834
f 996/4728/975 999/4735/974 3861/4730/3836
f 3861/4730/3836 1112/4733/1086 1110/4726/1087
f 3861/4730/3836 3862/4737/3839 1116/4732/1093
f 1000/4734/979 3862/4737/3839 3861/4730/3836
f 1000/4734/979 1003/4741/978 3863/4736/3838
f 3863/4736/3838 1118/4739/1092 1116/4732/1093
f 3863/4736/3838 3864/4743/3841 1122/4738/1099
f 1004/4740/983 3864/4743/3841 3863/4736/3838
f 1004/4740/983 1007/4747/982 3865/4742/3840
f 3865/4742/3840 1124/4745/1098 1122/4738/1099
f 3865/4742/3840 3866/4749/3843 1128/4744/1105
f 1008/4746/987 3866/4749/3843 3865/4742/3840
f 1008/4746/987 1011/4753/986 3867/4748/3842
f 3867/4748/3842 1130/4751/1104 1128/4744/1105
f 3867/4748/3842 3868/4755/3845 1134/4750/1111
f 1012/4752/991 3868/4755/3845 3867/4748/3842
f 1012/4752/991 1015/4759/990 3869/4754/3844
f 3869/4754/3844 1136/4757/1110 1134/4750/1111
f 3869/4754/3844 3870/4761/3847 1140/4756/1117
f 1016/4758/995 3870/4761/3847 3869/4754/3844
f 1016/4758/995 1019/4765/994 3871/4760/3846
f 3871/4760/3846 1142/4763/1116 1140/4756/1117
f 3871/4760/3846 3872/5012/3849 1146/4762/1123
f 1020/4764/999 3872/5012/3849 3871/4760/3846
f 1020/4766/999 1023/4773/998 3873/4767/3848
f 3873/4767/3848 1148/4771/1122 1146/4769/1123
f 3873/4767/3848 3874/4775/3851 1152/4770/1129
f 1024/4772/1003 3874/4775/3851 3873/4767/3848
f 1024/4772/1003 1027/4777/1002 3875/4774/3850
f 3875/4774/3850 1154/4776/1128 1152/4770/1129
f 3875/4774/3850 3844/4680/3821 1060/4681/1038
f 966/4678/943 3844/4680/3821 3875/4774/3850
f 3879/4778/3852 3878/4783/3857 3877/4779/3853
f 3877/4779/3853 3878/4783/3857 3881/4781/3855
f 3878/4783/3857 3883/4785/3859 3882/4784/3858
f 3879/4778/3852 3884/4787/3861 3883/4785/3859
f 3886/4786/3860 3885/4789/3863 3883/4785/3859
f 3883/4785/3859 3885/4789/3863 3887/4788/3862
f 3885/4789/3863 3889/4791/3865 3888/4790/3864
f 3886/4786/3860 3890/4793/3867 3889/4791/3865
f 3892/4792/3866 3891/4794/3868 3889/4791/3865
f 3891/4794/3868 3893/4796/3870 3888/4790/3864
f 3891/4794/3868 3895/4797/3871 3894/4795/3869
f 3892/4792/3866 3896/4799/3873 3895/4797/3871
f 3898/4798/3872 3897/4800/3874 3895/4797/3871
f 3897/4800/3874 3899/4802/3876 3894/4795/3869
f 3897/4800/3874 3901/4803/3877 3900/4801/3875
f 3898/4798/3872 3902/4805/3879 3901/4803/3877
f 3904/4804/3878 3903/4806/3880 3901/4803/3877
f 3903/4806/3880 3905/4808/3882 3900/4801/3875
f 3903/4806/3880 3907/4809/3883 3906/4807/3881
f 3904/4804/3878 3908/4811/3885 3907/4809/3883
f 3910/4810/3884 3909/4812/3886 3907/4809/3883
f 3909/4812/3886 3911/4814/3888 3906/4807/3881
f 3909/4812/3886 3913/4815/3889 3912/4813/3887
f 3910/4810/3884 3914/4924/3891 3913/4815/3889
f 3916/4816/3890 3915/4819/3892 3913/4817/3889
f 3915/4819/3892 3917/4822/3894 3912/4820/3887
f 3915/4819/3892 3919/4823/3895 3918/4821/3893
f 3916/4816/3890 3920/4825/3897 3919/4823/3895
f 3922/4824/3896 3921/4826/3898 3919/4823/3895
f 3921/4826/3898 3923/4828/3900 3918/4821/3893
f 3921/4826/3898 3925/4829/3901 3924/4827/3899
f 3922/4824/3896 3926/4831/3903 3925/4829/3901
f 3928/4830/3902 3927/4832/3904 3925/4829/3901
f 3927/4832/3904 3929/4834/3906 3924/4827/3899
f 3927/4832/3904 3931/4835/3907 3930/4833/3905
f 3928/4830/3902 3932/4837/3909 3931/4835/3907
f 3934/4836/3908 3933/4838/3910 3931/4835/3907
f 3933/4838/3910 3935/4840/3912 3930/4833/3905
f 3933/4838/3910 3937/4841/3913 3936/4839/3911
f 3934/4836/3908 3938/4843/3915 3937/4841/3913
f 3940/4842/3914 3939/4844/3916 3937/4841/3913
f 3939/4844/3916 3941/4846/3918 3936/4839/3911
f 3939/4844/3916 3943/4847/3919 3942/4845/3917
f 3940/4842/3914 3944/4849/3921 3943/4847/3919
f 3946/4848/3920 3945/4850/3922 3943/4847/3919
f 3945/4850/3922 3947/4852/3924 3942/4845/3917
f 3945/4850/3922 3949/4853/3925 3948/4851/3923
f 3946/4848/3920 3950/4855/3927 3949/4853/3925
f 3952/4854/3926 3951/4856/3928 3949/4853/3925
f 3951/4856/3928 3953/4858/3930 3948/4851/3923
f 3951/4856/3928 3955/4859/3931 3954/4857/3929
f 3952/4854/3926 3956/4861/3933 3955/4859/3931
f 3958/4860/3932 3957/4862/3934 3955/4859/3931
f 3957/4862/3934 3959/4864/3936 3954/4857/3929
f 3957/4862/3934 3961/4865/3937 3960/4863/3935
f 3958/4860/3932 3962/4942/3939 3961/4865/3937
f 3964/4866/3938 3963/4869/3940 3961/4867/3937
f 3963/4869/3940 3965/4872/3942 3960/4870/3935
f 3963/4869/3940 3967/4873/3943 3966/4871/3941
f 3964/4866/3938 3968/4875/3945 3967/4873/3943
f 3970/4874/3944 3969/4876/3946 3967/4873/3943
f 3969/4876/3946 3971/4877/3947 3966/4871/3941
f 3877/4779/3853 3880/4782/3856 3971/4877/3947
f 3970/4874/3944 3876/4780/3854 3877/4779/3853
f 3880/4782/3856 3881/4781/3855 3973/4878/3948
f 3972/4879/3949 3973/4878/3948 1927/2302/1907
f 3974/4880/3950 1932/2301/1906 1927/2302/1907
f 3882/4784/3858 3974/4880/3950 3973/4878/3948
f 3882/4784/3858 3887/4788/3862 3975/4881/3951
f 3974/4880/3950 3975/4881/3951 1934/2308/1913
f 3976/4882/3952 1938/2307/1912 1934/2308/1913
f 3888/4790/3864 3976/4882/3952 3975/4881/3951
f 3888/4790/3864 3893/4796/3870 3977/4883/3953
f 3976/4882/3952 3977/4883/3953 1940/2314/1919
f 3978/4884/3954 1944/2313/1918 1940/2314/1919
f 3894/4795/3869 3978/4884/3954 3977/4883/3953
f 3894/4795/3869 3899/4802/3876 3979/4885/3955
f 3978/4884/3954 3979/4885/3955 1946/2320/1925
f 3980/4886/3956 1950/2319/1924 1946/2320/1925
f 3900/4801/3875 3980/4886/3956 3979/4885/3955
f 3900/4801/3875 3905/4808/3882 3981/4887/3957
f 3980/4886/3956 3981/4887/3957 1952/2326/1931
f 3982/4888/3958 1956/2325/1930 1952/2326/1931
f 3906/4807/3881 3982/4888/3958 3981/4887/3957
f 3906/4807/3881 3911/4814/3888 3983/4889/3959
f 3982/4888/3958 3983/4889/3959 1958/2332/1937
f 3984/4890/3960 1962/2331/1936 1958/2332/1937
f 3912/4813/3887 3984/4890/3960 3983/4889/3959
f 3912/4820/3887 3917/4822/3894 3985/4891/3961
f 3984/4892/3960 3985/4891/3961 1964/2340/1943
f 3986/4893/3962 1968/2339/1942 1964/2340/1943
f 3918/4821/3893 3986/4893/3962 3985/4891/3961
f 3918/4821/3893 3923/4828/3900 3987/4894/3963
f 3986/4893/3962 3987/4894/3963 1970/2346/1949
f 3988/4895/3964 1974/2345/1948 1970/2346/1949
f 3924/4827/3899 3988/4895/3964 3987/4894/3963
f 3924/4827/3899 3929/4834/3906 3989/4896/3965
f 3988/4895/3964 3989/4896/3965 1976/2352/1955
f 3990/4897/3966 1980/2351/1954 1976/2352/1955
f 3930/4833/3905 3990/4897/3966 3989/4896/3965
f 3930/4833/3905 3935/4840/3912 3991/4898/3967
f 3990/4897/3966 3991/4898/3967 1982/2358/1961
f 3992/4899/3968 1986/2357/1960 1982/2358/1961
f 3936/4839/3911 3992/4899/3968 3991/4898/3967
f 3936/4839/3911 3941/4846/3918 3993/4900/3969
f 3992/4899/3968 3993/4900/3969 1988/2364/1967
f 3994/4901/3970 1992/2363/1966 1988/2364/1967
f 3942/4845/3917 3994/4901/3970 3993/4900/3969
f 3942/4845/3917 3947/4852/3924 3995/4902/3971
f 3994/4901/3970 3995/4902/3971 1994/2370/1973
f 3996/4903/3972 1998/2369/1972 1994/2370/1973
f 3948/4851/3923 3996/4903/3972 3995/4902/3971
f 3948/4851/3923 3953/4858/3930 3997/4904/3973
f 3996/4903/3972 3997/4904/3973 2000/2376/1979
f 3998/4905/3974 2004/2375/1978 2000/2376/1979
f 3954/4857/3929 3998/4905/3974 3997/4904/3973
f 3954/4857/3929 3959/4864/3936 3999/4906/3975
f 3998/4905/3974 3999/4906/3975 2006/2382/1985
f 4000/4907/3976 2010/2381/1984 2006/2382/1985
f 3960/4863/3935 4000/4907/3976 3999/4906/3975
f 3960/4870/3935 3965/4872/3942 4001/4908/3977
f 4000/4909/3976 4001/4908/3977 2012/2390/1991
f 4002/4910/3978 2016/2389/1990 2012/2390/1991
f 3966/4871/3941 4002/4910/3978 4001/4908/3977
f 3966/4871/3941 3971/4877/3947 4003/4911/3979
f 4002/4910/3978 4003/4911/3979 2018/2394/1995
f 3972/4879/3949 1924/2295/1900 2018/2394/1995
f 3880/4782/3856 3972/4879/3949 4003/4911/3979
f 1863/2231/1840 4005/4913/3981 4004/4912/3980
f 4005/4913/3981 3879/4778/3852 3876/4780/3854
f 4005/4913/3981 4006/4914/3982 3884/4787/3861
f 1863/2231/1840 1864/2230/1839 4006/4914/3982
f 1867/2235/1844 4007/4915/3983 4006/4914/3982
f 4007/4915/3983 3886/4786/3860 3884/4787/3861
f 4007/4915/3983 4008/4916/3984 3890/4793/3867
f 1867/2235/1844 1868/2234/1843 4008/4916/3984
f 1871/2239/1848 4009/4917/3985 4008/4916/3984
f 4009/4917/3985 3892/4792/3866 3890/4793/3867
f 4009/4917/3985 4010/4918/3986 3896/4799/3873
f 1871/2239/1848 1872/2238/1847 4010/4918/3986
f 1875/2243/1852 4011/4919/3987 4010/4918/3986
f 4011/4919/3987 3898/4798/3872 3896/4799/3873
f 4011/4919/3987 4012/4920/3988 3902/4805/3879
f 1875/2243/1852 1876/2242/1851 4012/4920/3988
f 1879/2247/1856 4013/4921/3989 4012/4920/3988
f 4013/4921/3989 3904/4804/3878 3902/4805/3879
f 4013/4921/3989 4014/4922/3990 3908/4811/3885
f 1879/2247/1856 1880/2246/1855 4014/4922/3990
f 1883/2251/1860 4015/4923/3991 4014/4922/3990
f 4015/4923/3991 3910/4810/3884 3908/4811/3885
f 4015/4923/3991 4016/4925/3992 3914/4924/3891
f 1883/2251/1860 1884/2250/1859 4016/4925/3992
f 1887/2257/1864 4017/4927/3993 4016/4926/3992
f 4017/4927/3993 3916/4816/3890 3914/4818/3891
f 4017/4927/3993 4018/4928/3994 3920/4825/3897
f 1887/2257/1864 1888/2256/1863 4018/4928/3994
f 1891/2261/1868 4019/4929/3995 4018/4928/3994
f 4019/4929/3995 3922/4824/3896 3920/4825/3897
f 4019/4929/3995 4020/4930/3996 3926/4831/3903
f 1891/2261/1868 1892/2260/1867 4020/4930/3996
f 1895/2265/1872 4021/4931/3997 4020/4930/3996
f 4021/4931/3997 3928/4830/3902 3926/4831/3903
f 4021/4931/3997 4022/4932/3998 3932/4837/3909
f 1895/2265/1872 1896/2264/1871 4022/4932/3998
f 1899/2269/1876 4023/4933/3999 4022/4932/3998
f 4023/4933/3999 3934/4836/3908 3932/4837/3909
f 4023/4933/3999 4024/4934/4000 3938/4843/3915
f 1899/2269/1876 1900/2268/1875 4024/4934/4000
f 1903/2273/1880 4025/4935/4001 4024/4934/4000
f 4025/4935/4001 3940/4842/3914 3938/4843/3915
f 4025/4935/4001 4026/4936/4002 3944/4849/3921
f 1903/2273/1880 1904/2272/1879 4026/4936/4002
f 1907/2277/1884 4027/4937/4003 4026/4936/4002
f 4027/4937/4003 3946/4848/3920 3944/4849/3921
f 4027/4937/4003 4028/4938/4004 3950/4855/3927
f 1907/2277/1884 1908/2276/1883 4028/4938/4004
f 1911/2281/1888 4029/4939/4005 4028/4938/4004
f 4029/4939/4005 3952/4854/3926 3950/4855/3927
f 4029/4939/4005 4030/4940/4006 3956/4861/3933
f 1911/2281/1888 1912/2280/1887 4030/4940/4006
f 1915/2285/1892 4031/4941/4007 4030/4940/4006
f 4031/4941/4007 3958/4860/3932 3956/4861/3933
f 4031/4941/4007 4032/4943/4008 3962/4942/3939
f 1915/2285/1892 1916/2284/1891 4032/4943/4008
f 1919/2291/1896 4033/4945/4009 4032/4944/4008
f 4033/4945/4009 3964/4866/3938 3962/4868/3939
f 4033/4945/4009 4034/4946/4010 3968/4875/3945
f 1919/2291/1896 1920/2293/1898 4034/4946/4010
f 1923/2294/1899 4035/4947/4011 4034/4946/4010
f 4035/4947/4011 3970/4874/3944 3968/4875/3945
f 4035/4947/4011 4004/4912/3980 3876/4780/3854
f 1923/2294/1899 1862/2229/1838 4004/4912/3980
