# Blender v3.0.0 OBJ File: ''
# www.blender.org
mtllib models/tubetv/tubetv.mtl
o tv_television_rubin_obj
v 53.161098 -18.290806 29.990496
v 53.424198 -19.272505 29.990496
v 53.424198 -19.272503 28.981895
v 53.161098 -18.290804 28.981895
v 52.442402 -17.572105 29.990496
v 52.442402 -17.572104 28.981895
v 51.460701 -17.309006 29.990498
v 51.460701 -17.309004 28.981897
v 50.478901 -17.572105 29.990496
v 50.478901 -17.572104 28.981895
v 49.760201 -18.290806 29.990496
v 49.760201 -18.290804 28.981895
v 49.497200 -19.272505 29.990496
v 49.497200 -19.272503 28.981895
v 49.760201 -20.254305 29.990496
v 49.760201 -20.254303 28.981895
v 50.478901 -20.973005 29.990496
v 50.478901 -20.973003 28.981895
v 51.460701 -21.236006 29.990496
v 51.460701 -21.236004 28.981895
v 52.442402 -20.973005 29.990496
v 52.442402 -20.973003 28.981895
v 53.161098 -20.254305 29.990496
v 53.161098 -20.254303 28.981895
v 51.460701 -20.470705 30.618496
v 52.059799 -20.310205 30.618496
v 52.498299 -19.871605 30.618496
v 50.423000 -19.871605 30.618496
v 52.658901 -19.272505 30.618496
v 52.498299 -18.673407 30.618496
v 51.460701 -18.074306 30.618496
v 52.059799 -18.234905 30.618496
v 50.861599 -18.234905 30.618496
v 50.423000 -18.673407 30.618496
v 50.262501 -19.272505 30.618496
v 50.861599 -20.310205 30.618496
v 48.014999 -18.290806 29.990496
v 48.278099 -19.272505 29.990496
v 48.278099 -19.272503 28.981895
v 48.014999 -18.290804 28.981895
v 47.296299 -17.572105 29.990496
v 47.296299 -17.572104 28.981895
v 46.314602 -17.309006 29.990498
v 46.314602 -17.309004 28.981897
v 45.332802 -17.572105 29.990496
v 45.332802 -17.572104 28.981895
v 44.614101 -18.290806 29.990496
v 44.614101 -18.290804 28.981895
v 44.351101 -19.272505 29.990496
v 44.351101 -19.272503 28.981895
v 44.614101 -20.254305 29.990496
v 44.614101 -20.254303 28.981895
v 45.332802 -20.973005 29.990496
v 45.332802 -20.973003 28.981895
v 46.314602 -21.236006 29.990496
v 46.314602 -21.236004 28.981895
v 47.296299 -20.973005 29.990496
v 47.296299 -20.973003 28.981895
v 48.014999 -20.254305 29.990496
v 48.014999 -20.254303 28.981895
v 46.314602 -20.470705 30.618496
v 46.913700 -20.310205 30.618496
v 47.352200 -19.871605 30.618496
v 45.276901 -19.871605 30.618496
v 47.512699 -19.272505 30.618496
v 47.352200 -18.673407 30.618496
v 46.314602 -18.074306 30.618496
v 46.913700 -18.234905 30.618496
v 45.715500 -18.234905 30.618496
v 45.276901 -18.673407 30.618496
v 45.116402 -19.272505 30.618496
v 45.715500 -20.310205 30.618496
v 42.627701 -18.290806 29.990496
v 42.890701 -19.272505 29.990496
v 42.890701 -19.272503 28.981895
v 42.627701 -18.290804 28.981895
v 41.909000 -17.572105 29.990496
v 41.909000 -17.572104 28.981895
v 40.927200 -17.309006 29.990498
v 40.927200 -17.309004 28.981897
v 39.945499 -17.572105 29.990496
v 39.945499 -17.572104 28.981895
v 39.226799 -18.290806 29.990496
v 39.226799 -18.290804 28.981895
v 38.963699 -19.272505 29.990496
v 38.963699 -19.272503 28.981895
v 39.226799 -20.254305 29.990496
v 39.226799 -20.254303 28.981895
v 39.945499 -20.973005 29.990496
v 39.945499 -20.973003 28.981895
v 40.927200 -21.236006 29.990496
v 40.927200 -21.236004 28.981895
v 41.909000 -20.973005 29.990496
v 41.909000 -20.973003 28.981895
v 42.627701 -20.254305 29.990496
v 42.627701 -20.254303 28.981895
v 40.927200 -20.470705 30.618496
v 41.526299 -20.310205 30.618496
v 41.964901 -19.871605 30.618496
v 39.889599 -19.871605 30.618496
v 42.125401 -19.272505 30.618496
v 41.964901 -18.673407 30.618496
v 40.927200 -18.074306 30.618496
v 41.526299 -18.234905 30.618496
v 40.328098 -18.234905 30.618496
v 39.889599 -18.673407 30.618496
v 39.729099 -19.272505 30.618496
v 40.328098 -20.310205 30.618496
v 37.285301 -18.290806 29.990496
v 37.548302 -19.272505 29.990496
v 37.548302 -19.272503 28.981895
v 37.285301 -18.290804 28.981895
v 36.566601 -17.572105 29.990496
v 36.566601 -17.572104 28.981895
v 35.584801 -17.309006 29.990498
v 35.584801 -17.309004 28.981897
v 34.603100 -17.572105 29.990496
v 34.603100 -17.572104 28.981895
v 33.884399 -18.290806 29.990496
v 33.884399 -18.290804 28.981895
v 33.621300 -19.272505 29.990496
v 33.621300 -19.272503 28.981895
v 33.884399 -20.254305 29.990496
v 33.884399 -20.254303 28.981895
v 34.603100 -20.973005 29.990496
v 34.603100 -20.973003 28.981895
v 35.584801 -21.236006 29.990496
v 35.584801 -21.236004 28.981895
v 36.566601 -20.973005 29.990496
v 36.566601 -20.973003 28.981895
v 37.285301 -20.254305 29.990496
v 37.285301 -20.254303 28.981895
v 35.584801 -20.470705 30.618496
v 36.183899 -20.310205 30.618496
v 36.622501 -19.871605 30.618496
v 34.547199 -19.871605 30.618496
v 36.783001 -19.272505 30.618496
v 36.622501 -18.673407 30.618496
v 35.584801 -18.074306 30.618496
v 36.183899 -18.234905 30.618496
v 34.985699 -18.234905 30.618496
v 34.547199 -18.673407 30.618496
v 34.386700 -19.272505 30.618496
v 34.985699 -20.310205 30.618496
v 46.267799 36.464798 29.396906
v 47.287498 36.464798 29.396906
v 47.287498 36.464798 29.248507
v 46.267799 36.464798 29.248507
v 45.248001 36.464798 29.396906
v 45.248001 36.464798 29.248507
v 55.311199 -17.705206 29.604996
v 55.311199 -19.078806 29.604996
v 55.311199 -19.078804 29.248396
v 55.311199 -17.705204 29.248396
v 51.460701 36.464798 29.396906
v 52.480400 36.464798 29.396906
v 52.480400 36.464798 29.248507
v 51.460701 36.464798 29.248507
v 50.440899 36.464798 29.396906
v 50.440899 36.464798 29.248507
v 40.891102 36.464798 29.396906
v 41.910801 36.464798 29.396906
v 41.910801 36.464798 29.248507
v 40.891102 36.464798 29.248507
v 39.871300 36.464798 29.396906
v 39.871300 36.464798 29.248507
v 35.591400 36.464798 29.396906
v 36.611099 36.464798 29.396906
v 36.611099 36.464798 29.248507
v 35.591400 36.464798 29.248507
v 34.765301 36.464798 29.248507
v 34.571602 36.464798 29.248507
v 34.571602 36.464798 29.396906
v 31.623199 -19.078806 29.604996
v 31.623199 -17.705206 29.604996
v 31.623199 -17.705204 29.248396
v 31.623199 -19.078804 29.248396
v 49.272598 -19.078806 29.695396
v 49.500801 -18.252806 29.695396
v 48.227699 -18.252806 29.695396
v 48.455799 -19.078806 29.695396
v 49.227501 -19.272404 29.248396
v 49.227501 -19.272406 29.604996
v 48.500900 -19.272406 29.604996
v 48.500900 -19.272404 29.248396
v 43.124199 -19.272406 29.604996
v 43.124199 -19.272404 29.248396
v 44.034599 -19.272404 29.248396
v 44.034599 -19.272406 29.604996
v 42.851002 -18.252806 29.695396
v 43.079201 -19.078806 29.695396
v 44.079700 -19.078806 29.695396
v 44.307899 -18.252806 29.695396
v 37.824501 -19.272406 29.604996
v 37.824501 -19.272404 29.248396
v 38.657902 -19.272404 29.248396
v 38.657902 -19.272406 29.604996
v 37.551300 -18.252806 29.695396
v 37.779499 -19.078806 29.695396
v 38.702999 -19.078806 29.695396
v 38.931198 -18.252806 29.695396
v 55.117599 36.464798 29.396906
v 55.117599 36.464798 29.248507
v 55.117599 -19.078806 29.695396
v 55.124001 -17.754406 29.695396
v 53.414200 -18.203606 29.695396
v 53.648800 -19.078806 29.695396
v 55.117599 -19.272404 29.248396
v 55.117599 -19.272406 29.604996
v 53.693802 -19.272406 29.604996
v 53.693802 -19.272404 29.248396
v 31.816799 -19.272406 29.604996
v 31.816799 -19.272404 29.248396
v 33.358299 -19.272404 29.248396
v 33.358299 -19.272406 29.604996
v 31.811100 -17.752007 29.695396
v 31.816799 -19.078806 29.695396
v 33.403301 -19.078806 29.695396
v 33.637199 -18.206005 29.695396
v 31.816799 36.464798 29.248507
v 31.816799 36.464798 29.396906
v 31.623199 36.271194 29.248507
v 31.623199 36.271194 29.397606
v 34.571602 -17.312605 29.694698
v 34.571602 36.271194 29.488106
v 31.816799 36.271194 29.488106
v 35.591400 36.271194 29.488106
v 35.591400 -17.039406 29.694698
v 36.611099 36.271194 29.488106
v 36.611099 -17.312605 29.694698
v 39.871300 -17.312605 29.694698
v 39.871300 36.271194 29.488106
v 40.891102 36.271194 29.488106
v 40.891102 -17.039406 29.694698
v 41.910801 36.271194 29.488106
v 41.910801 -17.312605 29.694698
v 45.248001 -17.312605 29.694698
v 45.248001 36.271194 29.488106
v 46.267799 36.271194 29.488106
v 46.267799 -17.039406 29.694698
v 47.287498 36.271194 29.488106
v 47.287498 -17.312605 29.694698
v 50.440899 -17.312605 29.694698
v 50.440899 36.271194 29.488106
v 51.460701 36.271194 29.488106
v 51.460701 -17.039406 29.694698
v 52.480400 36.271194 29.488106
v 52.480400 -17.312605 29.694698
v 55.117599 36.271194 29.488106
v 55.311199 36.271194 29.397606
v 55.311199 36.271194 29.248507
v 49.694401 -18.252804 29.248396
v 49.694401 -18.252806 29.604996
v 49.471298 -19.085405 29.604996
v 49.471298 -19.085403 29.248396
v 50.440899 -17.506304 29.248398
v 50.440899 -17.506306 29.604998
v 51.460701 -17.233004 29.248398
v 51.460701 -17.233006 29.604998
v 52.480400 -17.506304 29.248398
v 52.480400 -17.506306 29.604998
v 53.226898 -18.252804 29.248396
v 53.226898 -18.252806 29.604996
v 53.450100 -19.085403 29.248396
v 53.450100 -19.085405 29.604996
v 44.501499 -18.252804 29.248396
v 44.501499 -18.252806 29.604996
v 44.278400 -19.085405 29.604996
v 44.278400 -19.085403 29.248396
v 45.248001 -17.506304 29.248398
v 45.248001 -17.506306 29.604998
v 46.267799 -17.233004 29.248398
v 46.267799 -17.233006 29.604998
v 47.287498 -17.506304 29.248398
v 47.287498 -17.506306 29.604998
v 48.034000 -18.252804 29.248396
v 48.034000 -18.252806 29.604996
v 48.257099 -19.085403 29.248396
v 48.257099 -19.085405 29.604996
v 39.124802 -18.252804 29.248396
v 39.124802 -18.252806 29.604996
v 38.901699 -19.085405 29.604996
v 38.901699 -19.085403 29.248396
v 39.871300 -17.506304 29.248398
v 39.871300 -17.506306 29.604998
v 40.891102 -17.233004 29.248398
v 40.891102 -17.233006 29.604998
v 41.910801 -17.506304 29.248398
v 41.910801 -17.506306 29.604998
v 42.657299 -18.252804 29.248396
v 42.657299 -18.252806 29.604996
v 42.880501 -19.085403 29.248396
v 42.880501 -19.085405 29.604996
v 33.825100 -18.252804 29.248396
v 33.825100 -18.252806 29.604996
v 33.602001 -19.085405 29.604996
v 33.602001 -19.085403 29.248396
v 34.571602 -17.506304 29.248398
v 34.571602 -17.506306 29.604998
v 35.591400 -17.233004 29.248398
v 35.591400 -17.233006 29.604998
v 36.611099 -17.506304 29.248398
v 36.611099 -17.506306 29.604998
v 37.357601 -18.252804 29.248396
v 37.357601 -18.252806 29.604996
v 37.580799 -19.085403 29.248396
v 37.580799 -19.085405 29.604996
v 48.370998 -19.188107 29.665297
v 48.343102 -19.225706 29.604996
v 48.489601 -19.224007 29.672796
v 44.163101 -19.194605 29.665297
v 44.192402 -19.225706 29.604996
v 44.228699 -19.083706 29.672796
v 53.571701 -19.182507 29.665297
v 53.536098 -19.225706 29.604996
v 53.682499 -19.224007 29.672796
v 49.346500 -19.195705 29.665297
v 49.238800 -19.224007 29.672796
v 49.385300 -19.225706 29.604996
v 43.005299 -19.185307 29.665297
v 43.112900 -19.224007 29.672796
v 42.930099 -19.083706 29.672796
v 38.781300 -19.187706 29.665297
v 38.815701 -19.225706 29.604996
v 38.852001 -19.083706 29.672796
v 37.698101 -19.187706 29.665297
v 37.813301 -19.224007 29.672796
v 37.630402 -19.083706 29.672796
v 33.480598 -19.190805 29.665297
v 33.515999 -19.225706 29.604996
v 33.552299 -19.083706 29.672796
v 55.218899 -19.191607 29.665297
v 55.117599 -19.224007 29.672796
v 55.262798 -19.224007 29.604996
v 31.705000 -19.177706 29.665297
v 31.816799 -19.224007 29.672796
v 31.671600 -19.078806 29.672796
v 31.721600 36.370396 29.457506
v 31.671600 36.271194 29.465506
v 31.816799 36.416397 29.464905
v 55.221100 36.372997 29.457506
v 55.262798 36.271194 29.465506
v 55.262798 36.416397 29.397106
v 48.306801 -19.083706 29.672796
v 48.082401 -18.252806 29.672796
v 48.343102 -19.225704 29.248396
v 47.287498 -17.457905 29.672598
v 46.267799 -17.184607 29.672598
v 45.248001 -17.457905 29.672598
v 44.453098 -18.252806 29.672796
v 44.192402 -19.225704 29.248396
v 53.499699 -19.083706 29.672796
v 53.273800 -18.240505 29.672796
v 53.536098 -19.225704 29.248396
v 52.480400 -17.457905 29.672598
v 51.460701 -17.184607 29.672598
v 50.440899 -17.457905 29.672598
v 49.646000 -18.252806 29.672796
v 49.421600 -19.083706 29.672796
v 49.385300 -19.225704 29.248396
v 42.705700 -18.252806 29.672796
v 42.966499 -19.225706 29.604996
v 42.966499 -19.225704 29.248396
v 41.910801 -17.457905 29.672598
v 40.891102 -17.184607 29.672598
v 39.871300 -17.457905 29.672598
v 39.076401 -18.252806 29.672796
v 38.815701 -19.225704 29.248396
v 37.406101 -18.252806 29.672796
v 37.666801 -19.225706 29.604996
v 37.666801 -19.225704 29.248396
v 36.611099 -17.457905 29.672598
v 35.591400 -17.184607 29.672598
v 34.571602 -17.457905 29.672598
v 33.778198 -18.241106 29.672796
v 33.515999 -19.225704 29.248396
v 44.045898 -19.224007 29.672796
v 38.669201 -19.224007 29.672796
v 55.264400 -17.717506 29.672796
v 55.262798 -19.078806 29.672796
v 55.262798 -19.224005 29.248396
v 31.671600 -19.224005 29.248396
v 31.671600 -19.224007 29.604996
v 31.670200 -17.716906 29.672796
v 33.369499 -19.224007 29.672796
v 31.671600 36.416397 29.397106
v 31.671600 36.416397 29.248507
v 34.571602 36.416397 29.464905
v 35.591400 36.416397 29.464905
v 36.611099 36.416397 29.464905
v 39.871300 36.416397 29.464905
v 40.891102 36.416397 29.464905
v 41.910801 36.416397 29.464905
v 45.248001 36.416397 29.464905
v 46.267799 36.416397 29.464905
v 47.287498 36.416397 29.464905
v 50.440899 36.416397 29.464905
v 51.460701 36.416397 29.464905
v 52.480400 36.416397 29.464905
v 55.117599 36.416397 29.464905
v 55.262798 36.416397 29.248507
v 32.065601 -34.609802 29.772095
v 54.804501 -34.609802 29.772095
v 54.804501 -34.460205 29.772095
v 32.065601 -34.460205 29.772095
v 54.848301 -34.927303 29.572393
v 32.021801 -34.927204 29.572393
v 32.021801 -34.927204 29.144495
v 54.848301 -34.927303 29.144495
v 55.055901 -34.841305 29.572393
v 55.055901 -34.841305 29.144495
v 55.185501 -34.711605 29.572393
v 55.185501 -34.711605 29.144495
v 55.271500 -34.504005 29.572393
v 55.271500 -34.504005 29.144495
v 55.271500 -30.540205 29.572393
v 55.271500 -30.540203 29.144495
v 55.185501 -30.332605 29.572393
v 55.185501 -30.332603 29.144495
v 55.055901 -30.203005 29.572393
v 55.055901 -30.203003 29.144495
v 54.848301 -30.117006 29.572393
v 54.848301 -30.117004 29.144495
v 32.021801 -30.117006 29.572393
v 32.021801 -30.117004 29.144495
v 31.814199 -30.203005 29.572393
v 31.814199 -30.203003 29.144495
v 31.684601 -30.332605 29.572393
v 31.684601 -30.332603 29.144495
v 31.598600 -30.540205 29.572393
v 31.598600 -30.540203 29.144495
v 31.598600 -34.504005 29.572393
v 31.598600 -34.504005 29.144495
v 31.684601 -34.711605 29.572393
v 31.684601 -34.711605 29.144495
v 31.814199 -34.841305 29.572393
v 31.814199 -34.841305 29.144495
v 54.804501 -34.706905 29.772095
v 32.065601 -34.706905 29.772095
v 32.032700 -34.872204 29.722195
v 54.837299 -34.872204 29.722195
v 54.953999 -34.688805 29.772095
v 55.030399 -34.803204 29.722195
v 55.033100 -34.609802 29.772095
v 55.147400 -34.686203 29.722195
v 55.216400 -34.493103 29.722195
v 55.051102 -34.460205 29.772095
v 55.051102 -30.584005 29.772095
v 55.216400 -30.551105 29.722195
v 55.033100 -30.434406 29.772095
v 55.147400 -30.358107 29.722195
v 54.953999 -30.355406 29.772095
v 55.030399 -30.241106 29.722195
v 54.837299 -30.172106 29.722195
v 54.804501 -30.337305 29.772095
v 32.065601 -30.337305 29.772095
v 32.032700 -30.172106 29.722195
v 31.916000 -30.355406 29.772095
v 31.839701 -30.241106 29.722195
v 31.837000 -30.434406 29.772095
v 31.722700 -30.358107 29.722195
v 31.653700 -30.551105 29.722195
v 31.818899 -30.584005 29.772095
v 31.818899 -34.460205 29.772095
v 31.653700 -34.493103 29.722195
v 31.837000 -34.609802 29.772095
v 31.722700 -34.686203 29.722195
v 31.916000 -34.688805 29.772095
v 31.839701 -34.803204 29.722195
v 54.804501 -30.584005 29.772095
v 54.804501 -30.434406 29.772095
v 32.065601 -30.584005 29.772095
v 32.065601 -30.434406 29.772095
v 51.800999 -32.553204 30.123295
v 46.261002 -32.553204 30.123295
v 46.261002 -33.850105 30.123295
v 51.800999 -33.850105 30.123295
v 52.070999 -32.283203 29.772095
v 52.070999 -34.120102 29.772095
v 45.991001 -32.283203 29.772095
v 45.991001 -34.120102 29.772095
v 51.960999 -32.393204 29.672194
v 51.960999 -34.010105 29.672194
v 52.070999 -34.120102 29.672194
v 52.070999 -32.283203 29.672194
v 46.101002 -32.393204 29.672194
v 45.991001 -32.283203 29.672194
v 46.101002 -34.010105 29.672194
v 45.991001 -34.120102 29.672194
v 51.960999 -32.393204 29.962494
v 51.960999 -34.010105 29.962494
v 51.960999 -34.010105 29.772095
v 51.960999 -32.393204 29.772095
v 46.101002 -32.393204 29.962494
v 46.101002 -32.393204 29.772095
v 46.101002 -34.010105 29.962494
v 46.101002 -34.010105 29.772095
v 32.065601 -29.475906 29.772095
v 54.804501 -29.475906 29.772095
v 54.804501 -29.326305 29.772095
v 32.065601 -29.326305 29.772095
v 54.848301 -29.793306 29.572393
v 32.021801 -29.793306 29.572393
v 32.021801 -29.793304 29.144495
v 54.848301 -29.793304 29.144495
v 55.055901 -29.707306 29.572393
v 55.055901 -29.707304 29.144495
v 55.185501 -29.577705 29.572393
v 55.185501 -29.577703 29.144495
v 55.271500 -29.370106 29.572393
v 55.271500 -29.370104 29.144495
v 55.271500 -23.515205 29.572395
v 55.271500 -23.515203 29.144497
v 55.185501 -23.307606 29.572395
v 55.185501 -23.307604 29.144497
v 55.055901 -23.177906 29.572395
v 55.055901 -23.177904 29.144497
v 54.848301 -23.091906 29.572395
v 54.848301 -23.091904 29.144497
v 32.021801 -23.091906 29.572395
v 32.021801 -23.091904 29.144497
v 31.814199 -23.177906 29.572395
v 31.814199 -23.177904 29.144497
v 31.684601 -23.307606 29.572395
v 31.684601 -23.307604 29.144497
v 31.598600 -23.515205 29.572395
v 31.598600 -23.515203 29.144497
v 31.598600 -29.370106 29.572393
v 31.598600 -29.370104 29.144495
v 31.684601 -29.577705 29.572393
v 31.684601 -29.577703 29.144495
v 31.814199 -29.707306 29.572393
v 31.814199 -29.707304 29.144495
v 54.804501 -29.573006 29.772095
v 32.065601 -29.573006 29.772095
v 32.032700 -29.738205 29.722195
v 54.837299 -29.738205 29.722195
v 54.953999 -29.554905 29.772095
v 55.030399 -29.669207 29.722195
v 55.033100 -29.475906 29.772095
v 55.147400 -29.552206 29.722195
v 55.216400 -29.359205 29.722195
v 55.051102 -29.326305 29.772095
v 55.051102 -23.559006 29.772097
v 55.216400 -23.526106 29.722197
v 55.033100 -23.409407 29.772097
v 55.147400 -23.333006 29.722197
v 54.953999 -23.330406 29.772097
v 55.030399 -23.216005 29.722197
v 54.837299 -23.147005 29.722197
v 54.804501 -23.312305 29.772097
v 32.065601 -23.312305 29.772097
v 32.032700 -23.147005 29.722197
v 31.916000 -23.330406 29.772097
v 31.839701 -23.216005 29.722197
v 31.837000 -23.409407 29.772097
v 31.722700 -23.333006 29.722197
v 31.653700 -23.526106 29.722197
v 31.818899 -23.559006 29.772097
v 31.818899 -29.326305 29.772095
v 31.653700 -29.359205 29.722195
v 31.837000 -29.475906 29.772095
v 31.722700 -29.552206 29.722195
v 31.916000 -29.554905 29.772095
v 31.839701 -29.669207 29.722195
v 54.804501 -23.559006 29.772097
v 54.804501 -23.409407 29.772097
v 32.065601 -23.559006 29.772097
v 32.065601 -23.409407 29.772097
v 23.624386 30.076963 31.419025
v -47.283588 30.076963 31.419025
v 23.624386 -28.048475 31.419016
v -47.283588 -28.048475 31.419016
v -54.645802 -34.083504 29.662294
v 30.986601 -34.083504 29.662294
v 30.986601 36.111996 29.662306
v -54.645802 36.111996 29.662306
v 30.986601 -34.203503 29.562395
v -54.645802 -34.203503 29.562395
v -54.645802 -34.203503 29.070293
v 30.986601 -34.203503 29.070293
v 31.106600 36.111996 29.562407
v 31.106600 -34.083504 29.562395
v 31.106600 -34.083504 29.070293
v 31.106600 36.111996 29.070305
v -54.645802 36.231995 29.562407
v 30.986601 36.231995 29.562407
v 30.986601 36.231995 29.070305
v -54.645802 36.231995 29.070305
v -54.765800 -34.083504 29.562395
v -54.765800 36.111996 29.562407
v -54.765800 36.111996 29.070305
v -54.765800 -34.083504 29.070293
v -54.735802 -34.083504 29.637394
v -54.725800 -34.163506 29.628994
v -54.645802 -34.173504 29.637394
v 31.076599 -34.173504 29.562395
v 31.066601 -34.163506 29.628994
v 30.986601 -34.173504 29.637394
v 31.076599 36.201996 29.562407
v 31.066601 36.191998 29.629005
v 31.076599 36.111996 29.637405
v -54.645802 36.201996 29.637405
v -54.725800 36.191998 29.629005
v -54.735802 36.111996 29.637405
v 31.076599 -34.083504 29.637394
v 30.986601 36.201996 29.637405
v -54.735802 -34.173504 29.562395
v -54.735802 -34.173504 29.070293
v 31.076599 -34.173504 29.070293
v 31.076599 36.201996 29.070305
v -54.735802 36.201996 29.562407
v -54.735802 36.201996 29.070305
v 31.605400 -37.589703 27.797594
v -58.793201 -37.589703 27.797594
v -58.793201 -37.589695 -12.090706
v 31.605400 -37.589695 -12.090706
v -58.793201 39.618202 -12.090693
v -58.793201 39.618195 27.797606
v 31.605400 39.618195 27.797606
v 31.605400 39.618202 -12.090693
v -54.765800 -27.443403 29.224096
v -54.765800 -34.203503 29.224094
v 31.106600 -34.203503 29.224094
v 31.106600 -27.443403 29.224096
v 58.793201 -30.094503 27.797594
v 58.793201 -37.589703 27.797594
v 58.793201 -37.589695 -12.090706
v 58.793201 -30.094498 -12.090705
v 31.605400 -30.094498 -12.090705
v -58.793201 -30.094498 -12.090705
v -58.793201 -30.094503 27.797594
v 58.793201 39.618195 27.797606
v 58.793201 39.618202 -12.090693
v 31.598600 -27.443403 29.224096
v 31.598600 -34.203503 29.224094
v 55.271500 -34.203503 29.224094
v 55.271500 -27.443403 29.224096
v 58.189999 -36.986504 27.797594
v 31.605400 -36.986504 27.797594
v 58.189999 -29.622204 27.797594
v 31.605400 39.014996 27.797606
v 58.189999 39.014996 27.797606
v -58.189899 39.014996 27.797606
v -58.793201 -21.127005 27.797596
v -58.189899 -20.811403 27.797596
v -58.189899 -36.986504 27.797594
v 58.189999 -36.986504 27.907995
v 31.605400 -36.986504 27.907995
v 58.189999 -29.622204 27.907995
v 31.605400 39.014996 27.908007
v 58.189999 39.014996 27.908007
v -58.189899 39.014996 27.908007
v -58.189899 -20.811403 27.907997
v -58.189899 -36.986504 27.907995
v 56.176300 -35.108204 29.224094
v 31.352600 -35.108204 29.224094
v 56.176300 -28.151703 29.224096
v 31.352600 37.136795 29.224106
v 56.176300 37.136795 29.224106
v -55.670601 37.136795 29.224106
v -55.670601 -19.828804 29.224096
v -55.670601 -35.108204 29.224094
v 55.723900 -34.655903 29.224094
v 31.352600 -34.655903 29.224094
v 55.723900 -27.797504 29.224096
v 31.352600 36.684395 29.224106
v 55.723900 36.684395 29.224106
v -55.218201 36.684395 29.224106
v -55.218201 -19.592104 29.224096
v -55.218201 -34.655903 29.224094
v 31.352600 -34.449505 29.224094
v 31.352600 36.477997 29.224106
v 31.598600 36.231995 29.224106
v 55.271500 36.231995 29.224106
v -54.765800 36.231995 29.224106
v 31.106600 36.231995 29.224106
v -54.765800 -19.355404 29.224096
v 31.106600 -19.355404 29.224096
v 58.793201 -21.126999 -12.090704
v 58.793201 -21.127005 27.797596
v 31.605400 -21.126999 -12.090704
v -58.793201 -21.126999 -12.090704
v 55.271500 -19.355404 29.224096
v 31.598600 -19.355404 29.224096
v 58.189999 -20.811403 27.797596
v -58.189899 -29.622204 27.797594
v 58.189999 -20.811403 27.907997
v -58.189899 -29.622204 27.907995
v 56.176300 -19.828804 29.224096
v -55.670601 -28.151703 29.224096
v 55.723900 -19.592104 29.224096
v -55.218201 -27.797504 29.224096
v -51.000999 -39.609406 26.572195
v -51.000999 -39.609402 -10.507506
v -46.748798 -39.609402 -10.507506
v -46.748798 -39.609406 26.572195
v -51.000999 -38.210201 -11.211007
v -51.000999 -37.217701 -11.211006
v -46.418499 -37.217701 -11.211006
v -46.418499 -38.214600 -11.210807
v 50.995098 -38.210205 27.275795
v 50.995098 -38.210201 -11.211007
v 50.995098 -37.217701 -11.211006
v 50.995098 -37.217705 27.275795
v 46.477699 -37.217705 27.275694
v 46.477699 -38.214603 27.280893
v -51.000999 -38.210205 27.275795
v -51.000999 -37.217705 27.275795
v -46.549999 -38.385700 -11.124507
v -51.000999 -38.381802 -11.124806
v 50.995098 -38.381199 -11.125007
v 50.995098 -38.381203 27.189693
v 46.587898 -38.385105 27.194195
v -51.000999 -38.381805 27.189495
v -41.588200 -39.609406 26.572195
v -41.588200 -39.609402 -10.507506
v 41.528400 -39.609402 -10.507506
v 41.528400 -39.609406 26.572195
v -41.934601 -38.214600 -11.210807
v -41.934601 -37.217701 -11.211006
v 41.773300 -37.217701 -11.211006
v 41.773300 -38.214600 -11.210807
v -46.418499 -38.214603 27.280893
v -46.418499 -37.217705 27.275694
v -41.777901 -38.386101 -11.124307
v 41.662201 -38.386101 -11.124307
v -46.549999 -38.385704 27.193995
v 41.773300 -38.214603 27.280893
v 41.773300 -37.217705 27.275694
v -41.934601 -37.217705 27.275694
v -41.934601 -38.214603 27.280893
v 41.662201 -38.374603 27.199594
v -41.777901 -38.374603 27.199493
v 46.717800 -39.609406 26.572195
v 46.717800 -39.609402 -10.507506
v 50.995098 -39.609402 -10.507506
v 50.995098 -39.609406 26.572195
v 46.477699 -38.214600 -11.210807
v 46.477699 -37.217701 -11.211006
v 46.587898 -38.385101 -11.124806
v -46.562302 -39.609402 -10.507506
v -46.562302 -39.609406 26.572195
v -46.304501 -37.217701 -11.211006
v -46.304501 -38.214600 -11.210807
v -42.136600 -37.217705 27.275694
v -42.136600 -38.214603 27.280893
v -46.418499 -39.618198 -11.210506
v -46.304501 -39.618198 -11.210506
v -41.934601 -39.618202 27.285994
v -42.136600 -39.618202 27.285994
v 46.348202 -37.217705 27.275795
v 46.348202 -38.214603 27.280893
v 46.477699 -39.618202 27.285994
v 46.348202 -39.618202 27.285994
v 41.632599 -39.609402 -10.507506
v 41.632599 -39.609406 26.572195
v 41.884899 -37.217701 -11.211006
v 41.884899 -38.214600 -11.210807
v 41.773300 -39.618198 -11.210506
v 41.884899 -39.618198 -11.210506
v -46.549999 -39.617100 -11.127407
v -46.748798 -39.613602 -10.843707
v -46.748798 -38.951000 -10.843707
v -41.934601 -39.618198 -11.210506
v -41.777901 -39.617199 -11.133607
v -46.562302 -39.613701 -10.843707
v -46.383400 -39.617199 -11.127606
v -41.588200 -38.951004 26.928194
v -41.664902 -39.612602 26.928194
v -46.748798 -38.951004 26.928194
v -46.669601 -39.612503 26.928194
v -46.524899 -39.612503 26.828995
v 46.587898 -39.617203 27.204393
v 46.717800 -39.613804 26.928194
v 46.717800 -38.951004 26.928194
v 41.773300 -39.618202 27.285994
v 41.662201 -39.617104 27.195795
v 46.598598 -39.613804 26.928194
v 46.405701 -39.617203 27.204094
v 41.662201 -39.617100 -11.121707
v 41.528400 -39.613300 -10.843707
v 41.528400 -38.951000 -10.843707
v 46.477699 -39.618198 -11.210506
v 46.587898 -39.617199 -11.128807
v 41.632599 -39.613300 -10.843707
v 41.827000 -39.617100 -11.121906
v 50.995098 -38.951000 -10.843707
v 50.995098 -38.951004 26.928194
v 46.717800 -38.951000 -10.843707
v -51.000999 -38.951000 -10.843707
v -51.000999 -38.951004 26.928194
v -41.588200 -38.951000 -10.843707
v 41.528400 -38.951004 26.928194
v 41.528400 -39.613304 26.928194
v 41.632599 -39.613304 26.928194
v 46.717800 -39.613701 -10.843707
v 46.598598 -39.613701 -10.843707
v 46.598598 -39.609402 -10.507506
v -41.588200 -39.613998 -10.843707
v -41.810600 -39.613998 -10.843707
v -41.810600 -39.609402 -10.507506
v 41.884899 -37.217705 27.275795
v 41.884899 -38.214603 27.280893
v 41.884899 -39.618202 27.285994
v 46.598598 -39.609406 26.572195
v 46.348202 -38.214600 -11.210807
v 46.348202 -37.217701 -11.211006
v 46.348202 -39.618198 -11.210506
v 41.827000 -39.617104 27.196095
v 46.405701 -39.617199 -11.128507
v -41.810600 -39.609406 26.572195
v -42.136600 -38.214600 -11.210807
v -42.136600 -37.217701 -11.211006
v -46.304501 -37.217705 27.275795
v -46.304501 -38.214603 27.280893
v -42.136600 -39.618198 -11.210506
v -46.304501 -39.618202 27.285994
v -42.061798 -39.617199 -11.133307
v -41.941502 -39.612904 26.858994
v -46.418499 -39.618202 27.285994
v -41.795502 -39.616905 27.218094
v -42.091801 -39.617004 27.187994
v -46.355000 -39.616905 27.181095
v -46.531799 -39.616905 27.230095
v -21.142700 -9.024393 -39.412201
v -21.346100 17.019306 -39.412197
v 11.193800 17.019306 -39.412197
v 11.193800 -9.024293 -39.412201
v -56.021801 -36.202198 -12.802405
v 56.021801 -36.202198 -12.802405
v 56.021801 -36.202198 -12.110306
v -56.021801 -36.202198 -12.110306
v -56.680000 -16.605999 -12.802402
v -56.680000 -16.605999 -12.110303
v -56.680000 37.572502 -12.110294
v -56.680000 37.572502 -12.802394
v -56.021801 38.230705 -12.802393
v -56.021801 38.230705 -12.110293
v -21.518600 38.230705 -12.110293
v -21.518600 38.230705 -12.802393
v 56.680000 37.572502 -12.802394
v 56.680000 37.572502 -12.110294
v 56.680000 -16.605999 -12.110303
v 56.680000 -16.605999 -12.802402
v 56.680000 -35.543995 -12.110306
v 56.606800 -35.909595 -12.110306
v 56.606800 -35.909595 -12.802405
v 56.680000 -35.543995 -12.802405
v -56.387402 -36.128998 -12.110306
v -56.387402 -36.128998 -12.802405
v -56.606800 37.938103 -12.110294
v -56.606800 37.938103 -12.802394
v 56.021801 38.230705 -12.110293
v 56.387402 38.157505 -12.110293
v 56.387402 38.157505 -12.802393
v 56.021801 38.230705 -12.802393
v 56.387402 -36.128998 -12.110306
v 56.387402 -36.128998 -12.802405
v -56.606800 -35.909595 -12.110306
v -56.606800 -35.909595 -12.802405
v -56.680000 -35.543995 -12.110306
v -56.680000 -35.543995 -12.802405
v -56.387402 38.157505 -12.110293
v -56.387402 38.157505 -12.802393
v 56.606800 37.938103 -12.110294
v 56.606800 37.938103 -12.802394
v -54.142899 -34.775196 -12.802405
v 45.027802 -34.775196 -12.802405
v -54.396099 -34.724598 -12.802405
v -54.512501 -34.608196 -12.802405
v -54.563099 -34.354996 -12.802405
v -54.563099 31.239302 -12.802395
v -54.563099 -16.605999 -12.802402
v -54.512501 31.492502 -12.802395
v -54.396099 31.608803 -12.802395
v -54.142899 31.659502 -12.802395
v -21.518600 31.659502 -12.802395
v 44.422901 31.608803 -12.802395
v 44.169601 31.659502 -12.802395
v 44.539200 31.492502 -12.802395
v 44.589901 31.239302 -12.802395
v 44.596298 -16.815598 -12.802402
v 45.397400 -34.608196 -12.802405
v 45.448002 -34.354996 -12.802405
v 45.280998 -34.724598 -12.802405
v 56.680000 -17.368097 -12.802402
v 56.680000 -17.585398 -12.110303
v 45.453800 -17.626099 -12.802402
v 11.193800 -9.431893 -39.412201
v 11.193800 -9.656493 -39.412201
v -21.067400 -9.684793 -39.412201
v -21.070700 -9.374494 -39.412201
v -54.563099 -17.533699 -12.802402
v -56.680000 -17.856398 -12.802402
v -56.680000 -17.855598 -12.110303
v -21.504601 -9.743896 -32.088402
v -21.405800 -9.872895 -32.088402
v -21.615000 -9.921295 -32.088402
v -21.525200 -9.409495 -32.088402
v -21.518600 -9.057995 -32.088402
v -21.700600 -9.099495 -32.088402
v -21.770300 17.030706 -32.088398
v -21.518600 16.985605 -32.088398
v -21.560200 22.809906 -32.088398
v -21.518600 22.809906 -32.088398
v 44.331100 22.759605 -32.088398
v 44.447399 22.643806 -32.088398
v 44.497898 22.391405 -32.088398
v 40.529202 22.173906 -32.088398
v 44.077999 22.809906 -32.088398
v 44.660900 -34.727097 -32.088406
v 44.409000 -34.534798 -32.088406
v 44.659302 -34.542595 -32.088406
v 45.310200 -17.159399 -12.802402
v 45.027802 -34.775196 -24.119905
v -54.142899 -34.775196 -24.119905
v -54.396099 -34.724598 -24.119905
v -54.512501 -34.608196 -24.119905
v -54.563099 -34.354996 -24.119905
v -54.563099 -17.546997 -24.119902
v -54.563099 -16.605997 -24.119902
v -54.563099 26.056503 -24.119896
v -54.512501 26.309704 -24.119896
v -54.396099 26.426104 -24.119896
v -54.142899 26.476704 -24.119896
v -21.518600 26.476704 -24.119896
v 44.169601 26.476704 -24.119896
v 44.422901 26.426104 -24.119896
v 44.539200 26.309704 -24.119896
v 44.589901 26.056503 -24.119896
v 44.596298 -16.815596 -24.119902
v 45.033600 -16.875198 -12.802402
v 45.033600 -16.875196 -24.119902
v 44.914501 -16.830597 -24.119902
v 45.310200 -17.159397 -24.119902
v 45.453800 -17.626097 -24.119904
v 45.448002 -34.354996 -24.119905
v 45.397400 -34.608196 -24.119905
v 45.280998 -34.724598 -24.119905
v -22.817699 -34.775196 -31.995106
v 44.744301 -34.775196 -31.995106
v -54.142899 -34.775196 -31.995007
v -54.396099 -34.724598 -31.995007
v -54.512501 -34.608196 -31.995007
v -54.563099 -34.354996 -31.995007
v -54.563099 -16.605995 -31.995003
v -54.563099 -17.543995 -31.995003
v -54.563099 -17.556095 -31.773401
v -54.563099 22.446306 -32.003498
v -54.512501 22.699606 -32.003498
v -54.396099 22.815907 -32.003498
v -54.142899 22.866606 -32.003498
v 11.579800 26.476704 -24.119896
v 44.169601 22.866606 -32.003498
v 11.193800 22.866606 -32.003498
v 44.422901 22.815907 -32.003498
v 44.539200 22.699606 -32.003498
v 44.589901 22.446306 -32.003498
v 44.596298 -16.815594 -31.995003
v 45.192501 -17.204094 -31.715801
v 44.879398 -16.931595 -31.942802
v 45.453800 -17.626095 -31.383305
v 45.448002 -34.354996 -31.383307
v 45.227200 -34.608196 -31.715805
v 44.953701 -34.724598 -31.942806
v 45.226799 -34.440598 -31.715805
v 44.952801 -34.514496 -31.942806
v 44.401199 -34.534595 -32.088406
v 44.404202 -34.534695 -32.088406
v 44.742401 -34.544895 -31.995106
v -22.824499 -34.726196 -32.088406
v -22.824499 -34.762997 -32.065105
v -54.123100 -34.762897 -32.065105
v -54.063702 -34.725895 -32.088406
v -54.376301 -34.712296 -32.065105
v -54.316601 -34.675594 -32.088406
v -54.492500 -34.596096 -32.065105
v -54.432598 -34.559795 -32.088406
v -54.543098 -34.342995 -32.065105
v -54.482899 -34.307198 -32.088406
v -54.472900 -17.517994 -32.088406
v -54.540600 -17.534994 -32.065105
v -54.540401 -16.600494 -32.065105
v -54.472301 -16.584095 -32.088406
v -54.540100 22.413206 -32.067196
v -54.471199 22.391405 -32.088398
v -54.489498 22.666206 -32.067196
v -54.420700 22.643806 -32.088398
v -54.373199 22.782406 -32.067196
v -54.304401 22.759605 -32.088398
v -54.119999 22.833006 -32.067196
v -54.051300 22.809906 -32.088398
v -21.499599 22.833006 -32.067196
v 44.146702 22.833006 -32.067196
v 44.399899 22.782406 -32.067196
v 44.516201 22.666206 -32.067196
v 44.566898 22.413206 -32.067196
v 44.573700 -16.809895 -32.065105
v 44.505798 -16.792694 -32.088406
v 44.720001 -34.544796 -32.065105
v 44.721802 -34.763195 -32.065105
v -21.439199 22.866606 -32.003498
v 11.579800 38.230705 -12.802393
v 11.579800 38.230705 -12.110293
v 11.579800 31.659502 -12.802395
v 11.613800 22.809906 -32.088398
v 11.626300 20.589905 -32.088398
v 11.576100 22.833006 -32.067196
v -21.406700 20.045105 -39.412197
v 11.193800 20.047905 -39.412197
v -21.406900 20.058506 -39.412197
v 11.193800 20.059706 -39.412197
v -21.407101 20.269705 -39.208694
v 11.193800 20.269705 -39.208694
v -21.073799 -9.919193 -38.993000
v 11.193800 -9.886893 -38.993000
v 11.193800 -9.920595 -32.088402
v -21.073799 -9.952795 -32.088402
v -21.405800 -9.839293 -38.993000
v -21.504601 -9.710294 -38.993000
v -21.525200 -9.375894 -38.993000
v -21.518600 -9.024293 -38.993000
v -21.518600 17.019306 -38.992996
v -21.518600 20.349106 -38.992996
v -21.499599 20.372206 -38.992996
v -21.439199 20.405806 -38.992996
v 11.193800 20.405806 -38.992996
v 11.444800 20.372206 -38.992996
v 11.444800 22.833006 -32.067196
v 11.579800 20.349106 -38.992996
v 11.579800 22.809906 -32.088398
v 11.579800 20.587305 -32.088398
v 11.579800 20.105106 -38.992996
v 11.579800 -9.057995 -32.088402
v 11.579800 -9.024293 -38.993000
v 11.579800 16.985605 -32.088398
v 11.579800 17.019306 -38.992996
v 11.571500 -9.435093 -38.993000
v 11.571500 -9.468696 -32.088402
v 11.553600 -9.676693 -38.993000
v 11.553600 -9.710296 -32.088402
v 11.472200 -9.820494 -38.993000
v 11.472200 -9.854095 -32.088402
v 44.406399 -34.534695 -32.088406
v -21.065701 -9.850393 -39.208698
v 11.193800 -9.818193 -39.208698
v -21.365999 -9.778093 -39.208698
v -21.437201 -9.685093 -39.208698
v -21.456400 -9.373794 -39.208698
v -21.449900 -9.024393 -39.208698
v -21.449900 17.019306 -39.208694
v -21.449900 20.231007 -39.208694
v -21.443001 20.244406 -39.208694
v 11.413300 20.245605 -39.208694
v 11.511000 20.233807 -39.208694
v 11.511000 20.073006 -39.208694
v 11.511000 -9.024293 -39.208698
v 11.511000 17.019306 -39.208694
v 11.502700 -9.432493 -39.208698
v 11.486100 -9.656194 -39.208698
v 11.427100 -9.760593 -39.208698
v 11.467000 20.047905 -39.412197
v 11.381600 20.059706 -39.412197
v 11.250700 -9.024293 -39.412201
v 11.417300 17.019306 -39.412197
v 11.307800 -9.432094 -39.336102
v 11.333400 -9.656293 -39.313400
v 10.209700 -34.726696 -32.088406
v -22.759001 -33.798996 -32.088406
v 10.259200 -33.478897 -32.088406
v 10.211800 -34.763096 -32.065105
v 11.382800 20.047905 -39.412197
v 11.648700 -9.074195 -32.088402
v 11.677900 17.003206 -32.088398
v -21.084299 -10.100395 -32.088402
v 11.191500 -9.977895 -32.088402
v 11.268700 -9.975995 -32.088402
v 11.546400 -9.909696 -32.088402
v 11.627600 -9.766195 -32.088402
v 11.645500 -9.525195 -32.088402
vt 0.944000 0.090800
vt 0.943800 0.079900
vt 0.960100 0.077700
vt 0.960400 0.100700
vt 0.907900 0.091300
vt 0.825200 0.102500
vt 0.907700 0.080400
vt 0.824900 0.079500
vt 0.923300 0.057900
vt 0.923300 0.048300
vt 0.924000 0.047600
vt 0.924000 0.058500
vt 0.888500 0.057900
vt 0.887900 0.058500
vt 0.888500 0.048300
vt 0.887900 0.047600
vt 0.961600 0.057900
vt 0.961600 0.048200
vt 0.962700 0.048300
vt 0.962700 0.057900
vt 0.926600 0.058000
vt 0.961500 0.059100
vt 0.926700 0.059100
vt 0.926600 0.048200
vt 0.925500 0.058000
vt 0.925500 0.048200
vt 0.926700 0.047000
vt 0.961500 0.047000
vt 0.960500 0.056900
vt 0.960500 0.049300
vt 0.927700 0.056900
vt 0.927700 0.049300
vt 0.924600 0.047600
vt 0.924600 0.058500
vt 0.924000 0.059100
vt 0.887900 0.059100
vt 0.887300 0.058500
vt 0.887300 0.047600
vt 0.887900 0.047000
vt 0.924000 0.047000
vt 0.963300 0.048300
vt 0.963300 0.057900
vt 0.926700 0.046400
vt 0.961500 0.046400
vt 0.924900 0.058000
vt 0.924900 0.048200
vt 0.961500 0.059700
vt 0.926700 0.059700
vt 0.828200 0.558600
vt 0.861800 0.558600
vt 0.861800 0.559400
vt 0.827500 0.559400
vt 0.827500 0.549900
vt 0.828200 0.549300
vt 0.861800 0.462500
vt 0.828200 0.462500
vt 0.827500 0.461800
vt 0.861800 0.461800
vt 0.975400 0.462500
vt 0.976100 0.461800
vt 0.976100 0.538600
vt 0.975400 0.538200
vt 0.975400 0.558600
vt 0.976100 0.559400
vt 0.717300 0.756200
vt 0.656900 0.756200
vt 0.656900 0.756000
vt 0.717300 0.756000
vt 0.626800 0.744600
vt 0.626800 0.744800
vt 0.610100 0.744900
vt 0.610100 0.744600
vt 0.656500 0.753700
vt 0.716900 0.753700
vt 0.716900 0.754000
vt 0.656500 0.754000
vt 0.452700 0.753700
vt 0.452700 0.754000
vt 0.457400 0.763100
vt 0.457400 0.762900
vt 0.593200 0.762600
vt 0.593200 0.762800
vt 0.453100 0.756200
vt 0.453100 0.756000
vt 0.712700 0.761400
vt 0.656400 0.761400
vt 0.622500 0.739100
vt 0.606800 0.739200
vt 0.656000 0.748500
vt 0.712300 0.748500
vt 0.458400 0.748500
vt 0.461600 0.769600
vt 0.590900 0.769300
vt 0.458800 0.761400
vt 0.714800 0.570900
vt 0.659500 0.571000
vt 0.659500 0.569900
vt 0.715800 0.569900
vt 0.715900 0.585700
vt 0.714800 0.586500
vt 0.659600 0.732900
vt 0.714900 0.732900
vt 0.715900 0.733900
vt 0.659600 0.733900
vt 0.463100 0.732900
vt 0.462000 0.734000
vt 0.462000 0.604700
vt 0.463000 0.605200
vt 0.463000 0.571000
vt 0.462000 0.570000
vt 0.713800 0.572000
vt 0.660100 0.572000
vt 0.659500 0.571400
vt 0.713800 0.587300
vt 0.659600 0.732400
vt 0.660100 0.731900
vt 0.713800 0.731800
vt 0.464100 0.731900
vt 0.659000 0.731900
vt 0.464000 0.605800
vt 0.658900 0.572000
vt 0.464000 0.572000
vt 0.827500 0.538600
vt 0.828200 0.538200
vt 0.975400 0.549300
vt 0.976100 0.549900
vt 0.590100 0.745000
vt 0.590100 0.744700
vt 0.613200 0.762800
vt 0.613100 0.762500
vt 0.629900 0.762500
vt 0.629900 0.762700
vt 0.587900 0.739300
vt 0.625600 0.769200
vt 0.609800 0.769200
vt 0.715900 0.604600
vt 0.714800 0.605100
vt 0.463000 0.586600
vt 0.462000 0.585800
vt 0.713800 0.605700
vt 0.464000 0.587400
vt 0.454300 0.745600
vt 0.454300 0.745300
vt 0.458600 0.739800
vt 0.059900 0.031100
vt 0.059900 0.044700
vt 0.046400 0.044700
vt 0.046400 0.031100
vt 0.059900 0.017500
vt 0.046400 0.017500
vt 0.059900 0.167200
vt 0.059900 0.180800
vt 0.046400 0.180800
vt 0.046400 0.167200
vt 0.059900 0.153600
vt 0.046400 0.153600
vt 0.059900 0.140000
vt 0.046400 0.140000
vt 0.059900 0.126300
vt 0.046400 0.126300
vt 0.059900 0.112700
vt 0.046400 0.112700
vt 0.059900 0.099100
vt 0.046400 0.099100
vt 0.059900 0.085500
vt 0.046400 0.085500
vt 0.059900 0.071900
vt 0.046400 0.071900
vt 0.059900 0.058300
vt 0.046400 0.058300
vt 0.091400 0.056700
vt 0.098900 0.058800
vt 0.104400 0.064300
vt 0.078300 0.064100
vt 0.106400 0.071900
vt 0.104300 0.079400
vt 0.091100 0.086800
vt 0.098700 0.084900
vt 0.083600 0.084700
vt 0.078100 0.079200
vt 0.076100 0.071600
vt 0.083900 0.058600
vt 0.120200 0.071700
vt 0.116200 0.086200
vt 0.105600 0.096600
vt 0.091300 0.100400
vt 0.076900 0.096600
vt 0.066400 0.086200
vt 0.062300 0.071700
vt 0.066400 0.057300
vt 0.077000 0.046900
vt 0.091300 0.043100
vt 0.105600 0.046900
vt 0.116200 0.057300
vt 0.059900 0.031100
vt 0.059900 0.044700
vt 0.046400 0.044700
vt 0.046400 0.031100
vt 0.059900 0.017500
vt 0.046400 0.017500
vt 0.059900 0.167200
vt 0.059900 0.180800
vt 0.046400 0.180800
vt 0.046400 0.167200
vt 0.059900 0.153600
vt 0.046400 0.153600
vt 0.059900 0.140000
vt 0.046400 0.140000
vt 0.059900 0.126300
vt 0.046400 0.126300
vt 0.059900 0.112700
vt 0.046400 0.112700
vt 0.059900 0.099100
vt 0.046400 0.099100
vt 0.059900 0.085500
vt 0.046400 0.085500
vt 0.059900 0.071900
vt 0.046400 0.071900
vt 0.059900 0.058300
vt 0.046400 0.058300
vt 0.091400 0.056700
vt 0.098900 0.058800
vt 0.104400 0.064300
vt 0.078300 0.064100
vt 0.106400 0.071900
vt 0.104300 0.079400
vt 0.091100 0.086800
vt 0.098700 0.084900
vt 0.083600 0.084700
vt 0.078100 0.079200
vt 0.076100 0.071600
vt 0.083900 0.058600
vt 0.120200 0.071700
vt 0.116200 0.086200
vt 0.105600 0.096600
vt 0.091300 0.100400
vt 0.076900 0.096600
vt 0.066400 0.086200
vt 0.062300 0.071700
vt 0.066400 0.057300
vt 0.077000 0.046900
vt 0.091300 0.043100
vt 0.105600 0.046900
vt 0.116200 0.057300
vt 0.059900 0.031100
vt 0.059900 0.044700
vt 0.046400 0.044700
vt 0.046400 0.031100
vt 0.059900 0.017500
vt 0.046400 0.017500
vt 0.059900 0.167200
vt 0.059900 0.180800
vt 0.046400 0.180800
vt 0.046400 0.167200
vt 0.059900 0.153600
vt 0.046400 0.153600
vt 0.059900 0.140000
vt 0.046400 0.140000
vt 0.059900 0.126300
vt 0.046400 0.126300
vt 0.059900 0.112700
vt 0.046400 0.112700
vt 0.059900 0.099100
vt 0.046400 0.099100
vt 0.059900 0.085500
vt 0.046400 0.085500
vt 0.059900 0.071900
vt 0.046400 0.071900
vt 0.059900 0.058300
vt 0.046400 0.058300
vt 0.091400 0.056700
vt 0.098900 0.058800
vt 0.104400 0.064300
vt 0.078300 0.064100
vt 0.106400 0.071900
vt 0.104300 0.079400
vt 0.091100 0.086800
vt 0.098700 0.084900
vt 0.083600 0.084700
vt 0.078100 0.079200
vt 0.076100 0.071600
vt 0.083900 0.058600
vt 0.120200 0.071700
vt 0.116200 0.086200
vt 0.105600 0.096600
vt 0.091300 0.100400
vt 0.076900 0.096600
vt 0.066400 0.086200
vt 0.062300 0.071700
vt 0.066400 0.057300
vt 0.077000 0.046900
vt 0.091300 0.043100
vt 0.105600 0.046900
vt 0.116200 0.057300
vt 0.059900 0.031100
vt 0.059900 0.044700
vt 0.046400 0.044700
vt 0.046400 0.031100
vt 0.059900 0.017500
vt 0.046400 0.017500
vt 0.059900 0.167200
vt 0.059900 0.180800
vt 0.046400 0.180800
vt 0.046400 0.167200
vt 0.059900 0.153600
vt 0.046400 0.153600
vt 0.059900 0.140000
vt 0.046400 0.140000
vt 0.059900 0.126300
vt 0.046400 0.126300
vt 0.059900 0.112700
vt 0.046400 0.112700
vt 0.059900 0.099100
vt 0.046400 0.099100
vt 0.059900 0.085500
vt 0.046400 0.085500
vt 0.059900 0.071900
vt 0.046400 0.071900
vt 0.059900 0.058300
vt 0.046400 0.058300
vt 0.091400 0.056700
vt 0.098900 0.058800
vt 0.104400 0.064300
vt 0.078300 0.064100
vt 0.106400 0.071900
vt 0.104300 0.079400
vt 0.091100 0.086800
vt 0.098700 0.084900
vt 0.083600 0.084700
vt 0.078100 0.079200
vt 0.076100 0.071600
vt 0.083900 0.058600
vt 0.120200 0.071700
vt 0.116200 0.086200
vt 0.105600 0.096600
vt 0.091300 0.100400
vt 0.076900 0.096600
vt 0.066400 0.086200
vt 0.062300 0.071700
vt 0.066400 0.057300
vt 0.077000 0.046900
vt 0.091300 0.043100
vt 0.105600 0.046900
vt 0.116200 0.057300
vt 0.909400 0.432700
vt 0.915300 0.432700
vt 0.915300 0.433500
vt 0.909400 0.433500
vt 0.903500 0.432700
vt 0.903500 0.433500
vt 0.960500 0.122600
vt 0.960600 0.114700
vt 0.962600 0.114700
vt 0.962500 0.122600
vt 0.939200 0.432700
vt 0.945100 0.432700
vt 0.945100 0.433500
vt 0.939200 0.433500
vt 0.933300 0.432700
vt 0.933300 0.433500
vt 0.878500 0.432700
vt 0.884400 0.432700
vt 0.884400 0.433500
vt 0.878500 0.433500
vt 0.872700 0.432700
vt 0.872700 0.433500
vt 0.848100 0.432700
vt 0.854000 0.432700
vt 0.854000 0.433500
vt 0.848100 0.433500
vt 0.843400 0.433500
vt 0.842300 0.433500
vt 0.842300 0.432600
vt 0.826100 0.114700
vt 0.826100 0.122500
vt 0.824100 0.122600
vt 0.824100 0.114700
vt 0.926300 0.114600
vt 0.927600 0.119400
vt 0.920300 0.119400
vt 0.921600 0.114600
vt 0.822900 0.381300
vt 0.820900 0.381300
vt 0.820800 0.377200
vt 0.822800 0.377100
vt 0.819300 0.334300
vt 0.821300 0.334300
vt 0.821400 0.339500
vt 0.819400 0.339500
vt 0.889800 0.119400
vt 0.891100 0.114600
vt 0.896800 0.114600
vt 0.898100 0.119400
vt 0.819100 0.291900
vt 0.821200 0.292000
vt 0.821000 0.296700
vt 0.819000 0.296700
vt 0.859800 0.119400
vt 0.861100 0.114600
vt 0.866400 0.114600
vt 0.867700 0.119400
vt 0.960200 0.432600
vt 0.960200 0.433500
vt 0.959300 0.114600
vt 0.959400 0.122200
vt 0.949700 0.119700
vt 0.951000 0.114600
vt 0.822300 0.427200
vt 0.820300 0.427100
vt 0.820600 0.419000
vt 0.822600 0.419100
vt 0.820800 0.245400
vt 0.822800 0.245500
vt 0.822600 0.254300
vt 0.820600 0.254200
vt 0.827300 0.122200
vt 0.827300 0.114600
vt 0.836400 0.114600
vt 0.837700 0.119600
vt 0.826500 0.433500
vt 0.826500 0.432600
vt 0.824200 0.431400
vt 0.825100 0.431400
vt 0.842900 0.124800
vt 0.842300 0.431400
vt 0.826500 0.431300
vt 0.848100 0.431400
vt 0.848700 0.126400
vt 0.854000 0.431300
vt 0.854500 0.124800
vt 0.873000 0.124800
vt 0.872700 0.431400
vt 0.878500 0.431400
vt 0.878700 0.126400
vt 0.884400 0.431400
vt 0.884500 0.124800
vt 0.903500 0.124800
vt 0.903500 0.431400
vt 0.909400 0.431400
vt 0.909200 0.126400
vt 0.915300 0.431400
vt 0.915000 0.124800
vt 0.932900 0.124800
vt 0.933300 0.431300
vt 0.939200 0.431400
vt 0.938600 0.126400
vt 0.945100 0.431400
vt 0.944400 0.124800
vt 0.960200 0.431300
vt 0.961600 0.431400
vt 0.962500 0.431400
vt 0.822500 0.388100
vt 0.820500 0.388000
vt 0.820800 0.383100
vt 0.822900 0.383200
vt 0.822200 0.394200
vt 0.820100 0.394100
vt 0.822000 0.400200
vt 0.820000 0.400200
vt 0.822100 0.406200
vt 0.820100 0.406200
vt 0.822300 0.412200
vt 0.820300 0.412300
vt 0.822600 0.417100
vt 0.820600 0.417200
vt 0.821300 0.346300
vt 0.819300 0.346200
vt 0.819400 0.341300
vt 0.821400 0.341300
vt 0.821300 0.352300
vt 0.819200 0.352300
vt 0.821400 0.358300
vt 0.819300 0.358400
vt 0.821700 0.364300
vt 0.819700 0.364500
vt 0.822200 0.370300
vt 0.820200 0.370500
vt 0.822700 0.375200
vt 0.820700 0.375400
vt 0.820500 0.303500
vt 0.818400 0.303400
vt 0.818900 0.298400
vt 0.820900 0.298600
vt 0.820100 0.309500
vt 0.818100 0.309400
vt 0.820000 0.315500
vt 0.818000 0.315500
vt 0.820200 0.321500
vt 0.818200 0.321600
vt 0.820700 0.327500
vt 0.818600 0.327700
vt 0.821200 0.332400
vt 0.819100 0.332600
vt 0.822000 0.261100
vt 0.819900 0.260900
vt 0.820500 0.256000
vt 0.822500 0.256200
vt 0.821400 0.267100
vt 0.819400 0.267000
vt 0.821100 0.273100
vt 0.819000 0.273100
vt 0.820900 0.279100
vt 0.818900 0.279100
vt 0.821000 0.285200
vt 0.818900 0.285200
vt 0.821200 0.290100
vt 0.819100 0.290100
vt 0.820300 0.376300
vt 0.820800 0.376300
vt 0.820300 0.377100
vt 0.819000 0.340400
vt 0.819400 0.340400
vt 0.818900 0.341200
vt 0.820200 0.418200
vt 0.820600 0.418100
vt 0.820100 0.418900
vt 0.820500 0.382100
vt 0.820400 0.381400
vt 0.820900 0.382200
vt 0.890700 0.114000
vt 0.891300 0.113800
vt 0.890300 0.114600
vt 0.818500 0.297500
vt 0.819000 0.297600
vt 0.818400 0.298300
vt 0.860600 0.114000
vt 0.861300 0.113800
vt 0.860200 0.114600
vt 0.820100 0.255100
vt 0.820600 0.255100
vt 0.820000 0.255800
vt 0.819800 0.427800
vt 0.819800 0.427200
vt 0.820200 0.428000
vt 0.826600 0.114100
vt 0.827300 0.113800
vt 0.826500 0.114700
vt 0.825900 0.432000
vt 0.825600 0.431400
vt 0.826500 0.432200
vt 0.960900 0.432000
vt 0.961100 0.431400
vt 0.961400 0.432200
vt 0.920700 0.114600
vt 0.919500 0.119400
vt 0.822800 0.376200
vt 0.915000 0.123900
vt 0.909200 0.125500
vt 0.903400 0.123900
vt 0.899000 0.119400
vt 0.897700 0.114600
vt 0.821500 0.340400
vt 0.950100 0.114600
vt 0.948900 0.119400
vt 0.822600 0.418100
vt 0.944400 0.124000
vt 0.938600 0.125500
vt 0.932900 0.123900
vt 0.928400 0.119400
vt 0.927100 0.114600
vt 0.822900 0.382300
vt 0.889000 0.119400
vt 0.819200 0.333400
vt 0.821300 0.333300
vt 0.884500 0.123900
vt 0.878700 0.125500
vt 0.873000 0.123900
vt 0.868500 0.119400
vt 0.867200 0.114600
vt 0.821000 0.297700
vt 0.859000 0.119300
vt 0.819100 0.291000
vt 0.821200 0.291000
vt 0.854500 0.123900
vt 0.848700 0.125500
vt 0.842900 0.123900
vt 0.838500 0.119400
vt 0.837300 0.114600
vt 0.822600 0.255300
vt 0.921800 0.113800
vt 0.926100 0.113800
vt 0.818900 0.339600
vt 0.818800 0.334200
vt 0.818500 0.296800
vt 0.818700 0.291800
vt 0.960100 0.122500
vt 0.960100 0.114700
vt 0.960500 0.113800
vt 0.962600 0.113800
vt 0.951100 0.113800
vt 0.959400 0.113800
vt 0.824100 0.113800
vt 0.826200 0.113800
vt 0.826500 0.122500
vt 0.820300 0.245400
vt 0.820100 0.254300
vt 0.825600 0.432500
vt 0.825600 0.433400
vt 0.842300 0.432200
vt 0.848100 0.432200
vt 0.854000 0.432200
vt 0.872700 0.432200
vt 0.878500 0.432200
vt 0.884400 0.432200
vt 0.903500 0.432200
vt 0.909400 0.432200
vt 0.915300 0.432200
vt 0.933300 0.432200
vt 0.939200 0.432200
vt 0.945100 0.432200
vt 0.960200 0.432200
vt 0.961000 0.432500
vt 0.961100 0.433400
vt 0.921100 0.114000
vt 0.820200 0.375600
vt 0.896700 0.113800
vt 0.897300 0.114000
vt 0.950500 0.114000
vt 0.820100 0.417400
vt 0.820400 0.382900
vt 0.926700 0.114000
vt 0.818800 0.333500
vt 0.818700 0.332700
vt 0.866200 0.113800
vt 0.866800 0.114000
vt 0.818700 0.291100
vt 0.818700 0.290300
vt 0.836200 0.113800
vt 0.836800 0.114000
vt 0.960000 0.114000
vt 0.820300 0.244700
vt 0.820800 0.244600
vt 0.825300 0.432200
vt 0.819700 0.370700
vt 0.819200 0.364400
vt 0.818900 0.358400
vt 0.818800 0.352400
vt 0.818900 0.346100
vt 0.819800 0.412400
vt 0.819600 0.406100
vt 0.819500 0.400200
vt 0.819700 0.394200
vt 0.820000 0.387800
vt 0.818200 0.327800
vt 0.817700 0.321500
vt 0.817500 0.315500
vt 0.817600 0.309500
vt 0.818000 0.303200
vt 0.818500 0.285400
vt 0.818400 0.279000
vt 0.818600 0.273000
vt 0.818900 0.267100
vt 0.819500 0.260800
vt 0.822300 0.428100
vt 0.822800 0.244600
vt 0.824400 0.432300
vt 0.962300 0.432300
vt 0.824900 0.078600
vt 0.960000 0.076800
vt 0.930300 0.062900
vt 0.794700 0.066200
vt 0.794600 0.063700
vt 0.930300 0.060400
vt 0.931600 0.063000
vt 0.931700 0.060400
vt 0.932700 0.063000
vt 0.932800 0.060400
vt 0.934000 0.063000
vt 0.934100 0.060500
vt 0.957400 0.064800
vt 0.957600 0.062200
vt 0.958700 0.064900
vt 0.959000 0.062400
vt 0.959800 0.065100
vt 0.960100 0.062500
vt 0.956900 0.070200
vt 0.958200 0.070200
vt 0.958300 0.072700
vt 0.956900 0.072800
vt 0.821300 0.072000
vt 0.821300 0.074600
vt 0.820000 0.072000
vt 0.819900 0.074600
vt 0.818900 0.072000
vt 0.818800 0.074500
vt 0.817600 0.071900
vt 0.817400 0.074400
vt 0.794200 0.070000
vt 0.793900 0.072500
vt 0.792900 0.069800
vt 0.792600 0.072400
vt 0.793400 0.066300
vt 0.792400 0.066400
vt 0.792200 0.063800
vt 0.793300 0.063700
vt 0.960000 0.076200
vt 0.824900 0.078000
vt 0.824700 0.077000
vt 0.960200 0.075200
vt 0.960900 0.076300
vt 0.961400 0.075600
vt 0.961400 0.076800
vt 0.962100 0.076300
vt 0.962500 0.077500
vt 0.961500 0.077700
vt 0.961800 0.100700
vt 0.962900 0.100900
vt 0.961700 0.101600
vt 0.962500 0.102100
vt 0.961300 0.102100
vt 0.961800 0.102800
vt 0.960600 0.103200
vt 0.960400 0.102200
vt 0.825300 0.104000
vt 0.825100 0.105000
vt 0.824400 0.103800
vt 0.823900 0.104600
vt 0.823900 0.103400
vt 0.823200 0.103900
vt 0.822700 0.102700
vt 0.823800 0.102500
vt 0.823500 0.079500
vt 0.822400 0.079300
vt 0.823600 0.078600
vt 0.822800 0.078100
vt 0.824000 0.078100
vt 0.823500 0.077400
vt 0.930300 0.063900
vt 0.794800 0.067100
vt 0.931600 0.063900
vt 0.932600 0.063900
vt 0.933900 0.064000
vt 0.957300 0.065700
vt 0.958600 0.065800
vt 0.959600 0.066000
vt 0.956800 0.069300
vt 0.958100 0.069200
vt 0.821300 0.071100
vt 0.820000 0.071100
vt 0.818900 0.071000
vt 0.817700 0.071000
vt 0.794300 0.069000
vt 0.793000 0.068900
vt 0.793500 0.067200
vt 0.792500 0.067300
vt 0.960400 0.101600
vt 0.825200 0.103400
vt 0.826600 0.006400
vt 0.955900 0.006400
vt 0.955900 0.007300
vt 0.826600 0.007300
vt 0.929000 0.443000
vt 0.799300 0.443600
vt 0.799200 0.441200
vt 0.929000 0.440500
vt 0.930200 0.443000
vt 0.930300 0.440600
vt 0.931200 0.443100
vt 0.931400 0.440700
vt 0.932400 0.443300
vt 0.932800 0.440800
vt 0.965200 0.448800
vt 0.965600 0.446400
vt 0.966400 0.449000
vt 0.966900 0.446600
vt 0.967400 0.449200
vt 0.967900 0.446900
vt 0.968600 0.449600
vt 0.969200 0.447200
vt 0.930300 0.438100
vt 0.800600 0.439100
vt 0.800600 0.436700
vt 0.930300 0.435600
vt 0.931600 0.438100
vt 0.931700 0.435700
vt 0.932600 0.438100
vt 0.932700 0.435700
vt 0.933800 0.438200
vt 0.934000 0.435800
vt 0.966800 0.441800
vt 0.967100 0.439400
vt 0.968100 0.442000
vt 0.968400 0.439600
vt 0.798100 0.443700
vt 0.797100 0.443800
vt 0.796800 0.441400
vt 0.797900 0.441300
vt 0.955900 0.005900
vt 0.826600 0.005900
vt 0.826400 0.004900
vt 0.956100 0.004900
vt 0.956700 0.006000
vt 0.957200 0.005300
vt 0.957200 0.006400
vt 0.957800 0.006000
vt 0.958200 0.007100
vt 0.957300 0.007300
vt 0.957300 0.040000
vt 0.958200 0.040200
vt 0.957200 0.040900
vt 0.957800 0.041400
vt 0.956700 0.041300
vt 0.957200 0.042000
vt 0.956100 0.042400
vt 0.955900 0.041400
vt 0.826600 0.041500
vt 0.826400 0.042400
vt 0.825800 0.041400
vt 0.825300 0.042000
vt 0.825300 0.040900
vt 0.824700 0.041400
vt 0.824300 0.040300
vt 0.825200 0.040100
vt 0.825200 0.007300
vt 0.824300 0.007100
vt 0.825300 0.006400
vt 0.824700 0.006000
vt 0.825800 0.006000
vt 0.825300 0.005300
vt 0.929000 0.443900
vt 0.799300 0.444500
vt 0.930100 0.443900
vt 0.931100 0.444000
vt 0.932300 0.444100
vt 0.965000 0.449700
vt 0.966200 0.449900
vt 0.967200 0.450100
vt 0.968300 0.450400
vt 0.930300 0.439000
vt 0.800700 0.440000
vt 0.931500 0.439000
vt 0.932500 0.439000
vt 0.933700 0.439100
vt 0.966700 0.442700
vt 0.967900 0.442800
vt 0.798200 0.444600
vt 0.797200 0.444700
vt 0.955900 0.040000
vt 0.955900 0.040900
vt 0.826600 0.040100
vt 0.826600 0.040900
vt 0.449800 0.275600
vt 0.127300 0.275600
vt 0.127300 0.275600
vt 0.449800 0.275600
vt 0.127300 0.011200
vt 0.127300 0.011200
vt 0.449800 0.011200
vt 0.449800 0.011200
vt 0.449800 0.010600
vt 0.127300 0.010600
vt 0.127300 0.008700
vt 0.449800 0.008700
vt 0.450400 0.275600
vt 0.450400 0.011200
vt 0.452300 0.011200
vt 0.452300 0.275600
vt 0.127300 0.276200
vt 0.449800 0.276200
vt 0.449800 0.278000
vt 0.127300 0.278000
vt 0.126700 0.011200
vt 0.126700 0.275600
vt 0.124800 0.275600
vt 0.124800 0.011200
vt 0.126900 0.011200
vt 0.127000 0.010900
vt 0.127300 0.010900
vt 0.450200 0.010600
vt 0.450100 0.010900
vt 0.449800 0.010900
vt 0.450400 0.275900
vt 0.450100 0.275900
vt 0.450100 0.275600
vt 0.127300 0.275900
vt 0.127000 0.275900
vt 0.126900 0.275600
vt 0.450100 0.011200
vt 0.449800 0.275900
vt 0.126900 0.010600
vt 0.126900 0.008700
vt 0.450400 0.010800
vt 0.452300 0.010800
vt 0.450100 0.276200
vt 0.450100 0.278000
vt 0.126700 0.275900
vt 0.124800 0.275900
vt 0.126700 0.010800
vt 0.126900 0.276200
vt 0.124800 0.010800
vt 0.450200 0.008700
vt 0.452300 0.275900
vt 0.126900 0.278000
vt 0.673300 0.465200
vt 0.468100 0.465200
vt 0.468100 0.374600
vt 0.673300 0.374600
vt 0.468500 0.371900
vt 0.468500 0.281400
vt 0.673700 0.281400
vt 0.673700 0.371900
vt 0.626100 0.468300
vt 0.643100 0.468300
vt 0.643100 0.558900
vt 0.626100 0.558900
vt 0.719900 0.582500
vt 0.719900 0.565500
vt 0.781600 0.565500
vt 0.781600 0.582500
vt 0.805300 0.467000
vt 0.822300 0.467000
vt 0.822300 0.557600
vt 0.805300 0.557600
vt 0.735000 0.374600
vt 0.735000 0.465200
vt 0.735400 0.281400
vt 0.735400 0.371900
vt 0.660100 0.587300
vt 0.986800 0.565500
vt 0.986800 0.582500
vt 0.658900 0.587300
vt 0.605700 0.558900
vt 0.605700 0.468300
vt 0.781600 0.602800
vt 0.719900 0.602800
vt 0.784900 0.557600
vt 0.784900 0.467000
vt 0.660100 0.605700
vt 0.986800 0.602800
vt 0.659000 0.605700
vt 0.467800 0.558900
vt 0.467800 0.468300
vt 0.781600 0.740700
vt 0.719900 0.740700
vt 0.647000 0.557600
vt 0.647000 0.467000
vt 0.986800 0.740700
vt 0.421200 0.528900
vt 0.421200 0.628600
vt 0.409800 0.628600
vt 0.409800 0.528900
vt 0.421200 0.632800
vt 0.421200 0.635500
vt 0.408900 0.635500
vt 0.408900 0.632800
vt 0.143100 0.527000
vt 0.143100 0.630500
vt 0.140400 0.630500
vt 0.140400 0.527000
vt 0.146800 0.524700
vt 0.146800 0.522000
vt 0.159000 0.522000
vt 0.159000 0.524700
vt 0.425000 0.630500
vt 0.425000 0.527000
vt 0.427600 0.527000
vt 0.427600 0.630500
vt 0.409200 0.632300
vt 0.421200 0.632300
vt 0.143500 0.630300
vt 0.143500 0.527200
vt 0.158700 0.525200
vt 0.146800 0.525200
vt 0.424500 0.527200
vt 0.424500 0.630300
vt 0.395900 0.528900
vt 0.395900 0.628600
vt 0.172300 0.628600
vt 0.172300 0.528900
vt 0.396800 0.632800
vt 0.396800 0.635500
vt 0.171600 0.635500
vt 0.171600 0.632800
vt 0.408900 0.524700
vt 0.408900 0.522000
vt 0.421200 0.522000
vt 0.421200 0.524700
vt 0.396400 0.632300
vt 0.171900 0.632300
vt 0.409200 0.525200
vt 0.421200 0.525200
vt 0.171600 0.524700
vt 0.171600 0.522000
vt 0.396800 0.522000
vt 0.396800 0.524700
vt 0.171900 0.525100
vt 0.396400 0.525100
vt 0.158300 0.528900
vt 0.158300 0.628600
vt 0.146800 0.628600
vt 0.146800 0.528900
vt 0.159000 0.632800
vt 0.159000 0.635500
vt 0.146800 0.635500
vt 0.146800 0.632800
vt 0.158700 0.632300
vt 0.146800 0.632300
vt 0.409300 0.628600
vt 0.409300 0.528900
vt 0.312200 0.518400
vt 0.312200 0.521000
vt 0.311900 0.521000
vt 0.311900 0.518400
vt 0.278200 0.518300
vt 0.278200 0.521000
vt 0.277600 0.521000
vt 0.277600 0.518300
vt 0.312200 0.514600
vt 0.311900 0.514600
vt 0.278200 0.514500
vt 0.277700 0.514500
vt 0.261600 0.518200
vt 0.261600 0.520800
vt 0.261300 0.520800
vt 0.261300 0.518200
vt 0.261600 0.514400
vt 0.261200 0.514400
vt 0.172000 0.628600
vt 0.172000 0.528900
vt 0.295500 0.518300
vt 0.295500 0.521000
vt 0.295200 0.521000
vt 0.295200 0.518300
vt 0.295500 0.514500
vt 0.295200 0.514500
vt 0.312700 0.514600
vt 0.313600 0.514600
vt 0.313600 0.516400
vt 0.312700 0.517900
vt 0.300200 0.514600
vt 0.300200 0.518300
vt 0.299700 0.517900
vt 0.299700 0.514600
vt 0.409300 0.629500
vt 0.409800 0.629500
vt 0.409200 0.630300
vt 0.408800 0.630300
vt 0.280400 0.514500
vt 0.279600 0.516300
vt 0.279500 0.514500
vt 0.264800 0.516300
vt 0.263900 0.514500
vt 0.264900 0.514500
vt 0.409500 0.527900
vt 0.409200 0.528200
vt 0.262000 0.514400
vt 0.262800 0.514400
vt 0.262800 0.516200
vt 0.262000 0.517700
vt 0.248900 0.514400
vt 0.248900 0.518200
vt 0.248600 0.517800
vt 0.248600 0.514400
vt 0.158600 0.527900
vt 0.158300 0.527900
vt 0.158700 0.527200
vt 0.159200 0.527200
vt 0.295900 0.514500
vt 0.296700 0.514500
vt 0.296700 0.516300
vt 0.295900 0.517800
vt 0.282900 0.514500
vt 0.282900 0.518300
vt 0.282500 0.517800
vt 0.282500 0.514500
vt 0.172000 0.629500
vt 0.172300 0.629500
vt 0.171900 0.630300
vt 0.171500 0.630300
vt 0.145100 0.629500
vt 0.145100 0.527900
vt 0.146800 0.526900
vt 0.158300 0.526900
vt 0.158300 0.630600
vt 0.146800 0.630600
vt 0.421200 0.630600
vt 0.409800 0.630600
vt 0.423000 0.527900
vt 0.423000 0.629500
vt 0.409800 0.526900
vt 0.421200 0.526900
vt 0.395900 0.630600
vt 0.172300 0.630600
vt 0.172300 0.526900
vt 0.395900 0.526900
vt 0.247800 0.516200
vt 0.246800 0.514400
vt 0.247800 0.514400
vt 0.172000 0.527900
vt 0.172300 0.527900
vt 0.263700 0.514400
vt 0.281700 0.516300
vt 0.280800 0.514500
vt 0.281700 0.514500
vt 0.158600 0.629500
vt 0.158300 0.629500
vt 0.158600 0.628600
vt 0.297700 0.514500
vt 0.298800 0.516400
vt 0.297900 0.514600
vt 0.298800 0.514600
vt 0.396500 0.629500
vt 0.395900 0.629500
vt 0.396500 0.628600
vt 0.314500 0.514600
vt 0.249200 0.520900
vt 0.249200 0.518200
vt 0.249200 0.514400
vt 0.158600 0.528900
vt 0.283200 0.518300
vt 0.283200 0.520900
vt 0.282900 0.520900
vt 0.283200 0.514500
vt 0.159300 0.526900
vt 0.171300 0.526900
vt 0.171500 0.527200
vt 0.159200 0.630300
vt 0.159300 0.630500
vt 0.159000 0.630500
vt 0.158700 0.630300
vt 0.171300 0.630500
vt 0.248900 0.520900
vt 0.171600 0.526900
vt 0.171900 0.527200
vt 0.396500 0.528900
vt 0.300700 0.518300
vt 0.300700 0.521000
vt 0.300200 0.521000
vt 0.266400 0.520900
vt 0.266400 0.518200
vt 0.300700 0.514600
vt 0.266400 0.514500
vt 0.397200 0.630300
vt 0.397400 0.630500
vt 0.396800 0.630500
vt 0.396400 0.630300
vt 0.396100 0.527900
vt 0.396800 0.528100
vt 0.408600 0.630500
vt 0.266100 0.520900
vt 0.266100 0.518200
vt 0.266100 0.514500
vt 0.278600 0.514500
vt 0.278700 0.517800
vt 0.396400 0.527100
vt 0.397200 0.527200
vt 0.408700 0.527200
vt 0.409200 0.527100
vt 0.265800 0.514500
vt 0.265700 0.517800
vt 0.408900 0.630500
vt 0.159000 0.526900
vt 0.171600 0.630500
vt 0.396800 0.526900
vt 0.397400 0.526900
vt 0.408600 0.526900
vt 0.408900 0.526900
vt 0.380000 0.812400
vt 0.380600 0.905400
vt 0.264400 0.905400
vt 0.264400 0.812400
vt 0.401200 0.775400
vt 0.243700 0.775400
vt 0.243700 0.774400
vt 0.401200 0.774400
vt 0.270600 0.777000
vt 0.270600 0.776100
vt 0.346800 0.776100
vt 0.346800 0.777000
vt 0.401200 0.772700
vt 0.401200 0.773700
vt 0.352700 0.773700
vt 0.352700 0.772700
vt 0.346800 0.777900
vt 0.346800 0.778900
vt 0.270600 0.778900
vt 0.270600 0.777900
vt 0.244000 0.778900
vt 0.243500 0.778900
vt 0.243500 0.777900
vt 0.244000 0.777900
vt 0.401800 0.774400
vt 0.401800 0.775400
vt 0.347300 0.776100
vt 0.347300 0.777000
vt 0.243700 0.773700
vt 0.243200 0.773700
vt 0.243200 0.772700
vt 0.243700 0.772700
vt 0.243200 0.778900
vt 0.243200 0.777900
vt 0.243200 0.774400
vt 0.243200 0.775400
vt 0.243200 0.776100
vt 0.243500 0.776100
vt 0.243500 0.777000
vt 0.243200 0.777000
vt 0.244000 0.776100
vt 0.244000 0.777000
vt 0.347600 0.776100
vt 0.347600 0.777000
vt 0.401800 0.773700
vt 0.401800 0.772700
vt 0.347600 0.778900
vt 0.347300 0.778900
vt 0.347300 0.777900
vt 0.347600 0.777900
vt 0.104400 0.969700
vt 0.415100 0.969700
vt 0.449600 0.974200
vt 0.098500 0.974200
vt 0.103600 0.969600
vt 0.097300 0.974000
vt 0.103200 0.969200
vt 0.096700 0.973300
vt 0.103100 0.968400
vt 0.096400 0.972100
vt 0.103100 0.762900
vt 0.103100 0.912800
vt 0.096400 0.912800
vt 0.096400 0.743000
vt 0.103200 0.762100
vt 0.096700 0.741900
vt 0.103600 0.761700
vt 0.097300 0.741200
vt 0.104400 0.761600
vt 0.098500 0.741000
vt 0.206600 0.761600
vt 0.206600 0.741000
vt 0.413200 0.761700
vt 0.412400 0.761600
vt 0.449600 0.741000
vt 0.450700 0.741200
vt 0.413600 0.762100
vt 0.451400 0.741900
vt 0.413800 0.762900
vt 0.451600 0.743000
vt 0.451600 0.912800
vt 0.413800 0.913500
vt 0.416300 0.969200
vt 0.416400 0.968400
vt 0.451600 0.972100
vt 0.451400 0.973300
vt 0.415900 0.969600
vt 0.450700 0.974000
vt 0.269600 0.777900
vt 0.269300 0.778900
vt 0.416500 0.916000
vt 0.451600 0.915200
vt 0.264400 0.811000
vt 0.264400 0.810300
vt 0.379600 0.810300
vt 0.379700 0.811300
vt 0.103100 0.915700
vt 0.096400 0.916700
vt 0.268900 0.777000
vt 0.268900 0.776100
vt 0.344300 0.383500
vt 0.343900 0.383000
vt 0.344700 0.382800
vt 0.344300 0.384700
vt 0.344300 0.385900
vt 0.345000 0.385800
vt 0.345500 0.479100
vt 0.344600 0.479000
vt 0.344900 0.499800
vt 0.344700 0.499800
vt 0.109400 0.500300
vt 0.109000 0.499900
vt 0.108800 0.499000
vt 0.123000 0.498200
vt 0.110300 0.500500
vt 0.107600 0.295000
vt 0.108500 0.295700
vt 0.107600 0.295600
vt 0.416000 0.914500
vt 0.100600 0.706600
vt 0.100600 0.666600
vt 0.451500 0.666600
vt 0.451500 0.706600
vt 0.452400 0.666600
vt 0.452400 0.706600
vt 0.049700 0.551700
vt 0.090200 0.551700
vt 0.090200 0.552300
vt 0.049700 0.552300
vt 0.090200 0.553200
vt 0.049700 0.553200
vt 0.049700 0.613300
vt 0.090200 0.613300
vt 0.090200 0.616700
vt 0.049700 0.616600
vt 0.049700 0.769100
vt 0.090100 0.787700
vt 0.049700 0.770000
vt 0.090000 0.788800
vt 0.049600 0.770600
vt 0.089900 0.789400
vt 0.980100 0.857800
vt 0.980400 0.920900
vt 0.979100 0.921000
vt 0.978800 0.857900
vt 0.813600 0.921800
vt 0.813300 0.858700
vt 0.480100 0.860200
vt 0.480400 0.923400
vt 0.479100 0.923300
vt 0.478800 0.860100
vt 0.066400 0.524900
vt 0.026100 0.543800
vt 0.026000 0.543200
vt 0.066300 0.524300
vt 0.025900 0.542100
vt 0.066300 0.523400
vt 0.025900 0.370400
vt 0.066300 0.370300
vt 0.025900 0.368800
vt 0.066300 0.368800
vt 0.066300 0.369200
vt 0.025800 0.367400
vt 0.066300 0.367400
vt 0.025800 0.365700
vt 0.066300 0.365700
vt 0.025800 0.305900
vt 0.066300 0.305900
vt 0.025900 0.305000
vt 0.066300 0.305000
vt 0.025900 0.304400
vt 0.066300 0.304400
vt 0.025900 0.303400
vt 0.066300 0.303500
vt 0.340700 0.734500
vt 0.101600 0.734500
vt 0.451500 0.734500
vt 0.452400 0.734500
vt 0.021600 0.552300
vt 0.021600 0.551700
vt 0.021600 0.553200
vt 0.021600 0.616600
vt 0.021600 0.613300
vt 0.022400 0.613200
vt 0.021600 0.756000
vt 0.021600 0.756900
vt 0.021600 0.757500
vt 0.978600 0.813900
vt 0.979900 0.813800
vt 0.645400 0.859500
vt 0.479900 0.816200
vt 0.647200 0.815500
vt 0.478600 0.816100
vt 0.094500 0.511900
vt 0.094400 0.511300
vt 0.094400 0.510400
vt 0.094400 0.370200
vt 0.093400 0.367400
vt 0.094200 0.369000
vt 0.092200 0.365600
vt 0.092200 0.305900
vt 0.093400 0.304800
vt 0.094200 0.303800
vt 0.093700 0.305000
vt 0.093700 0.305600
vt 0.095000 0.304600
vt 0.095000 0.305300
vt 0.415100 0.913600
vt 0.094400 0.303000
vt 0.108600 0.295700
vt 0.108500 0.295700
vt 0.095800 0.304400
vt 0.095800 0.305200
vt 0.348700 0.294200
vt 0.348700 0.294100
vt 0.460500 0.293700
vt 0.460300 0.293900
vt 0.461400 0.293900
vt 0.461200 0.294000
vt 0.461800 0.294300
vt 0.461600 0.294400
vt 0.462000 0.295200
vt 0.461800 0.295300
vt 0.461900 0.355300
vt 0.462200 0.355300
vt 0.462200 0.358600
vt 0.462000 0.358700
vt 0.462700 0.498000
vt 0.462400 0.497900
vt 0.462500 0.498900
vt 0.462200 0.498800
vt 0.462100 0.499300
vt 0.461800 0.499200
vt 0.461200 0.499500
vt 0.460900 0.499400
vt 0.344600 0.499900
vt 0.110100 0.500600
vt 0.109200 0.500400
vt 0.108700 0.500000
vt 0.108600 0.499100
vt 0.108100 0.359000
vt 0.108400 0.359100
vt 0.107400 0.295600
vt 0.107400 0.294900
vt 0.340700 0.734700
vt 0.451400 0.734700
vt 0.452300 0.734700
vt 0.021300 0.551700
vt 0.021400 0.552300
vt 0.021400 0.553300
vt 0.021400 0.613300
vt 0.021400 0.616600
vt 0.021400 0.755900
vt 0.021400 0.756800
vt 0.021300 0.757400
vt 0.979800 0.813400
vt 0.978500 0.813600
vt 0.813000 0.814300
vt 0.812700 0.814700
vt 0.480000 0.815900
vt 0.478700 0.815800
vt 0.094700 0.511800
vt 0.094600 0.511200
vt 0.094700 0.510300
vt 0.094600 0.370200
vt 0.096100 0.304500
vt 0.096100 0.305200
vt 0.306200 0.772700
vt 0.306200 0.773700
vt 0.310300 0.761600
vt 0.310300 0.741000
vt 0.226300 0.500200
vt 0.226200 0.492200
vt 0.645700 0.922600
vt 0.226400 0.500300
vt 0.645200 0.815100
vt 0.380800 0.916200
vt 0.264400 0.916200
vt 0.380800 0.916200
vt 0.264400 0.916300
vt 0.812300 0.774300
vt 0.812300 0.775800
vt 0.647000 0.776600
vt 0.647000 0.775100
vt 0.379700 0.808700
vt 0.264400 0.808700
vt 0.264400 0.784100
vt 0.379700 0.784100
vt 0.380900 0.808800
vt 0.380900 0.784200
vt 0.381500 0.809000
vt 0.381500 0.784200
vt 0.382100 0.811100
vt 0.382000 0.809900
vt 0.406700 0.809700
vt 0.406700 0.811000
vt 0.382100 0.812400
vt 0.406800 0.812200
vt 0.406800 0.905300
vt 0.382200 0.905400
vt 0.382200 0.917300
vt 0.406900 0.926100
vt 0.382200 0.917400
vt 0.406900 0.926200
vt 0.812500 0.777100
vt 0.812800 0.777000
vt 0.647000 0.777900
vt 0.645700 0.777800
vt 0.645900 0.815100
vt 0.262100 0.917200
vt 0.262300 0.917600
vt 0.237500 0.926500
vt 0.237400 0.926000
vt 0.237400 0.918100
vt 0.262100 0.916300
vt 0.237500 0.812100
vt 0.262100 0.812300
vt 0.237400 0.905200
vt 0.262100 0.905300
vt 0.262200 0.810800
vt 0.237500 0.810700
vt 0.262200 0.809900
vt 0.237500 0.809800
vt 0.263400 0.808800
vt 0.262800 0.809000
vt 0.262800 0.784200
vt 0.263400 0.784200
vt 0.108500 0.295700
vt 0.379600 0.809500
vt 0.264400 0.809500
vt 0.380700 0.809600
vt 0.381100 0.809900
vt 0.381300 0.811100
vt 0.381300 0.812400
vt 0.381400 0.905400
vt 0.381400 0.916900
vt 0.381400 0.917000
vt 0.812500 0.775800
vt 0.645900 0.776500
vt 0.262900 0.916800
vt 0.263100 0.917100
vt 0.262900 0.916300
vt 0.262900 0.812300
vt 0.262900 0.905300
vt 0.263000 0.810800
vt 0.263100 0.809900
vt 0.263500 0.809600
vt 0.263600 0.916200
vt 0.263800 0.916300
vt 0.264100 0.812400
vt 0.263600 0.905400
vt 0.263900 0.810900
vt 0.263800 0.810100
vt 0.230700 0.294600
vt 0.348500 0.297500
vt 0.230500 0.299100
vt 0.230700 0.294400
vt 0.101700 0.734700
vt 0.223800 0.734700
vt 0.646000 0.775100
vt 0.263700 0.916300
vt 0.263800 0.916200
vt 0.225800 0.386300
vt 0.226000 0.479400
vt 0.342700 0.382700
vt 0.342800 0.382200
vt 0.227500 0.383200
vt 0.227500 0.383000
vt 0.227200 0.383000
vt 0.226200 0.383300
vt 0.225900 0.383800
vt 0.225800 0.384700
vt 0.096300 0.368600
vt 0.096000 0.368600
vt 0.095000 0.368200
vt 0.093700 0.367200
vt 0.226500 0.383500
vt 0.226200 0.384000
vt 0.226100 0.384900
vt 0.226100 0.386300
vt 0.226400 0.479400
vt 0.226400 0.492200
vt 0.226400 0.500200
vt 0.226900 0.500300
vn 0.0000 0.0000 1.0000
vn 1.0000 0.0000 0.0000
vn 0.0000 1.0000 0.0000
vn -1.0000 0.0000 0.0000
vn 0.0000 -1.0000 0.0000
vn 0.7089 0.0000 0.7053
vn 0.0000 0.7089 0.7053
vn -0.7089 0.0000 0.7053
vn 0.0000 -0.7089 0.7053
vn 0.0000 -0.5738 0.8190
vn 0.5471 0.0000 0.8371
vn 0.0000 0.5739 0.8190
vn -0.4630 -0.0000 0.8863
vn 0.8660 0.5000 0.0000
vn 0.5000 0.8660 0.0000
vn -0.5000 0.8660 0.0000
vn -0.8660 0.5000 0.0000
vn -0.8660 -0.5000 -0.0000
vn -0.5000 -0.8660 -0.0000
vn 0.5000 -0.8660 -0.0000
vn 0.8660 -0.5000 -0.0000
vn 0.5494 0.3172 0.7730
vn 0.6343 0.0000 0.7731
vn 0.3172 0.5494 0.7730
vn 0.0000 0.6343 0.7731
vn -0.3172 0.5494 0.7730
vn -0.5494 0.3172 0.7731
vn -0.6344 0.0000 0.7730
vn -0.5494 -0.3171 0.7731
vn -0.5494 -0.3172 0.7731
vn -0.3171 -0.5494 0.7731
vn -0.3172 -0.5494 0.7731
vn 0.0000 -0.6344 0.7730
vn 0.3172 -0.5494 0.7731
vn 0.5494 -0.3172 0.7730
vn 0.5494 -0.3172 0.7731
vn 0.5494 0.3172 0.7731
vn 0.6344 0.0000 0.7730
vn -0.6343 0.0000 0.7731
vn 0.3171 -0.5494 0.7731
vn 0.5494 -0.3171 0.7731
vn 0.0000 0.9525 0.3044
vn 0.9546 0.0006 0.2979
vn 0.9441 -0.1497 0.2936
vn 0.9871 -0.1602 0.0000
vn 0.0000 0.9527 0.3040
vn -0.9441 -0.1497 0.2937
vn -0.9544 0.0006 0.2985
vn -0.9871 -0.1602 0.0000
vn 0.0714 -0.0936 0.9930
vn 0.0641 -0.0311 0.9975
vn -0.0641 -0.0311 0.9975
vn -0.0714 -0.0936 0.9930
vn 0.1434 -0.9897 -0.0000
vn 0.1307 -0.9480 0.2902
vn -0.1344 -0.9468 0.2925
vn -0.1434 -0.9897 -0.0000
vn -0.1298 -0.9485 0.2891
vn -0.1435 -0.9897 -0.0000
vn 0.1294 -0.9486 0.2889
vn -0.0642 -0.0311 0.9975
vn -0.0709 -0.0923 0.9932
vn 0.0639 -0.0310 0.9975
vn 0.1298 -0.9485 0.2891
vn -0.0638 -0.0310 0.9975
vn -0.0688 -0.0900 0.9936
vn 0.0634 -0.0309 0.9975
vn 0.1494 0.9443 0.2931
vn 0.1602 0.9871 0.0000
vn 0.0765 -0.0768 0.9941
vn 0.0795 0.0016 0.9968
vn -0.0586 -0.0310 0.9978
vn -0.0714 -0.0930 0.9931
vn 0.1602 -0.9871 -0.0000
vn 0.1533 -0.9425 0.2969
vn -0.1408 -0.9444 0.2973
vn -0.1495 -0.9441 0.2938
vn -0.1602 -0.9871 -0.0000
vn 0.1435 -0.9897 -0.0000
vn -0.0794 0.0017 0.9968
vn -0.0736 -0.0739 0.9945
vn 0.0716 -0.0934 0.9930
vn 0.0587 -0.0309 0.9978
vn -0.1602 0.9871 0.0000
vn -0.1494 0.9443 0.2931
vn -0.9871 0.1602 0.0000
vn -0.9440 0.1505 0.2936
vn 0.0301 -0.0613 0.9977
vn -0.0001 0.0811 0.9967
vn -0.0770 0.0804 0.9938
vn 0.0000 0.0811 0.9967
vn -0.0000 -0.0607 0.9982
vn 0.0001 0.0811 0.9967
vn -0.0308 -0.0611 0.9977
vn 0.0308 -0.0611 0.9977
vn -0.0002 0.0809 0.9967
vn -0.0305 -0.0608 0.9977
vn 0.0002 0.0809 0.9967
vn -0.0300 -0.0612 0.9977
vn 0.0766 0.0803 0.9938
vn 0.9389 0.1622 0.3036
vn 0.9871 0.1602 0.0000
vn 0.8187 -0.5024 0.2781
vn 0.8825 -0.3712 0.2888
vn 0.9188 -0.3948 -0.0000
vn 0.5025 -0.8184 0.2787
vn -0.0000 -0.9469 0.3215
vn -0.5004 -0.8191 0.2803
vn -0.8660 -0.5001 -0.0000
vn -0.8167 -0.4869 0.3097
vn -0.9187 -0.3949 -0.0000
vn -0.8826 -0.3708 0.2891
vn 0.8187 -0.5024 0.2782
vn 0.8810 -0.3733 0.2905
vn 0.5025 -0.8185 0.2787
vn -0.5025 -0.8184 0.2787
vn -0.8186 -0.5025 0.2781
vn -0.9188 -0.3948 -0.0000
vn -0.8825 -0.3712 0.2888
vn 0.8770 -0.3790 0.2952
vn -0.9187 -0.3948 -0.0000
vn 0.8167 -0.4876 0.3086
vn 0.8776 -0.3779 0.2949
vn 0.5005 -0.8191 0.2803
vn -0.5024 -0.8184 0.2788
vn -0.8825 -0.3713 0.2888
vn -0.3474 -0.4677 0.8128
vn -0.5767 -0.7604 0.2988
vn -0.1147 -0.5525 0.8256
vn 0.3573 -0.4840 0.7988
vn 0.5870 -0.7580 0.2844
vn 0.5035 -0.2470 0.8279
vn -0.3130 -0.4575 0.8323
vn -0.5666 -0.7562 0.3273
vn -0.1357 -0.5585 0.8183
vn 0.3188 -0.4882 0.8124
vn 0.1050 -0.5491 0.8291
vn 0.5832 -0.7562 0.2969
vn -0.3230 -0.4427 0.8365
vn -0.1084 -0.5474 0.8298
vn -0.4998 -0.2486 0.8297
vn 0.3524 -0.4453 0.8231
vn 0.5862 -0.7465 0.3148
vn 0.5042 -0.2679 0.8210
vn -0.3483 -0.4626 0.8153
vn -0.1036 -0.5489 0.8295
vn -0.5029 -0.2434 0.8294
vn 0.3483 -0.4581 0.8178
vn 0.5874 -0.7477 0.3097
vn 0.5044 -0.2644 0.8220
vn 0.3621 -0.4258 0.8292
vn 0.1190 -0.5390 0.8339
vn 0.6698 -0.6713 0.3172
vn -0.4168 -0.3669 0.8317
vn -0.1147 -0.5374 0.8355
vn -0.5383 -0.1107 0.8355
vn -0.3481 0.3596 0.8657
vn -0.5336 0.1266 0.8362
vn -0.1226 0.5360 0.8353
vn 0.4020 0.3589 0.8424
vn 0.5438 0.1445 0.8267
vn 0.6722 0.6594 0.3366
vn -0.5018 -0.2432 0.8301
vn -0.4477 -0.2535 0.8575
vn -0.6086 -0.7935 -0.0000
vn -0.2527 -0.4460 0.8586
vn -0.0000 -0.4727 0.8812
vn 0.2520 -0.4455 0.8591
vn 0.4477 -0.2533 0.8575
vn 0.6086 -0.7935 -0.0000
vn -0.4995 -0.2480 0.8300
vn -0.4212 -0.2405 0.8745
vn -0.6087 -0.7934 -0.0000
vn -0.2486 -0.4462 0.8597
vn 0.2524 -0.4458 0.8588
vn 0.5009 -0.2454 0.8300
vn -0.5784 -0.7519 0.3165
vn 0.4476 -0.2533 0.8576
vn -0.5810 -0.7565 0.3003
vn -0.2524 -0.4456 0.8589
vn 0.2488 -0.4462 0.8597
vn 0.4222 -0.2408 0.8739
vn 0.6087 -0.7934 -0.0000
vn 0.1010 -0.5480 0.8303
vn 0.1063 -0.5473 0.8301
vn 0.5333 0.0017 0.8459
vn 0.5354 -0.1159 0.8366
vn 0.7071 -0.7071 -0.0000
vn -0.7071 -0.7071 -0.0000
vn -0.6686 -0.6716 0.3192
vn -0.5325 0.0017 0.8464
vn 0.1047 -0.5475 0.8302
vn -0.6647 0.6650 0.3405
vn -0.7071 0.7071 0.0000
vn 0.0000 0.5272 0.8497
vn 0.1180 0.5370 0.8353
vn 0.7071 0.7071 0.0000
vn 0.1862 -0.9680 0.1685
vn -0.1862 -0.9680 0.1685
vn -0.1949 -0.9808 0.0000
vn 0.1951 -0.9808 0.0000
vn 0.5497 -0.8226 0.1453
vn 0.5557 -0.8314 0.0000
vn 0.8226 -0.5497 0.1453
vn 0.8316 -0.5554 0.0000
vn 0.9680 -0.1861 0.1686
vn 0.9808 -0.1951 0.0000
vn 0.9680 0.1861 0.1686
vn 0.9808 0.1951 0.0000
vn 0.8226 0.5497 0.1453
vn 0.8315 0.5556 0.0000
vn 0.5497 0.8226 0.1453
vn 0.5556 0.8315 0.0000
vn 0.1862 0.9680 0.1685
vn 0.1951 0.9808 0.0000
vn -0.1862 0.9680 0.1685
vn -0.1951 0.9808 0.0000
vn -0.5497 0.8227 0.1453
vn -0.5556 0.8315 0.0000
vn -0.8226 0.5497 0.1453
vn -0.8315 0.5556 0.0000
vn -0.9680 0.1861 0.1686
vn -0.9808 0.1951 0.0000
vn -0.9680 -0.1861 0.1686
vn -0.9808 -0.1951 0.0000
vn -0.8226 -0.5497 0.1453
vn -0.8316 -0.5554 0.0000
vn -0.5497 -0.8226 0.1453
vn -0.5556 -0.8315 0.0000
vn 0.0082 -0.1501 0.9886
vn -0.0082 -0.1501 0.9886
vn -0.1141 -0.7023 0.7027
vn 0.1141 -0.7023 0.7027
vn 0.0963 -0.1712 0.9805
vn 0.4077 -0.6271 0.6638
vn 0.1714 -0.0965 0.9805
vn 0.6271 -0.4077 0.6638
vn 0.7023 -0.1141 0.7027
vn 0.1501 -0.0082 0.9886
vn 0.1501 0.0082 0.9886
vn 0.7023 0.1141 0.7027
vn 0.1714 0.0965 0.9805
vn 0.6271 0.4077 0.6638
vn 0.0960 0.1710 0.9806
vn 0.4077 0.6271 0.6638
vn 0.1141 0.7023 0.7027
vn 0.0082 0.1501 0.9886
vn -0.0082 0.1501 0.9886
vn -0.1141 0.7023 0.7027
vn -0.0962 0.1711 0.9805
vn -0.4077 0.6271 0.6637
vn -0.1714 0.0965 0.9805
vn -0.6271 0.4077 0.6638
vn -0.7023 0.1141 0.7027
vn -0.1501 0.0082 0.9886
vn -0.1501 -0.0082 0.9886
vn -0.7023 -0.1141 0.7027
vn -0.1713 -0.0964 0.9805
vn -0.6271 -0.4077 0.6638
vn -0.0964 -0.1713 0.9805
vn -0.4077 -0.6271 0.6638
vn 0.1861 -0.9680 0.1686
vn -0.1951 -0.9808 -0.0000
vn 0.5556 -0.8315 -0.0000
vn 0.8315 -0.5556 -0.0000
vn 0.8316 0.5554 0.0000
vn 0.5557 0.8314 0.0000
vn 0.1860 0.9680 0.1687
vn -0.5557 0.8314 0.0000
vn -0.8316 0.5554 0.0000
vn -0.8315 -0.5556 -0.0000
vn 0.0959 -0.1710 0.9806
vn 0.1710 -0.0960 0.9806
vn 0.1713 0.0964 0.9805
vn 0.0963 0.1712 0.9805
vn -0.0959 0.1709 0.9806
vn -0.1713 0.0964 0.9805
vn -0.1714 -0.0965 0.9805
vn -0.0965 -0.1714 0.9805
vn 0.1652 0.1633 0.9726
vn -0.1505 0.1487 0.9774
vn -0.0847 0.1106 0.9902
vn 0.0829 0.0900 0.9925
vn -0.1505 -0.1487 0.9774
vn -0.0847 -0.1106 0.9902
vn 0.1714 -0.1463 0.9743
vn 0.0992 -0.0957 0.9904
vn 0.1370 -0.9764 0.1670
vn -0.1548 -0.9707 0.1838
vn 0.9764 0.1370 0.1670
vn 0.9707 -0.1548 0.1838
vn -0.1548 0.9707 0.1838
vn 0.1548 0.9707 0.1838
vn -0.9707 -0.1548 0.1838
vn -0.9707 0.1548 0.1838
vn -0.6793 -0.1025 0.7266
vn -0.5798 -0.5798 0.5724
vn -0.1025 -0.6793 0.7266
vn 0.7151 -0.6879 0.1244
vn 0.5838 -0.5206 0.6231
vn 0.0961 -0.6549 0.7496
vn 0.6879 0.7151 0.1244
vn 0.5206 0.5838 0.6230
vn 0.6549 0.0961 0.7496
vn -0.1025 0.6794 0.7266
vn -0.5798 0.5799 0.5724
vn -0.6793 0.1025 0.7266
vn 0.6669 -0.1210 0.7352
vn 0.1210 0.6669 0.7353
vn -0.6993 -0.6993 0.1480
vn -0.6993 0.6993 0.1479
vn 0.0000 0.0000 -1.0000
vn -0.0001 -1.0000 0.0042
vn -0.0005 -1.0000 -0.0028
vn -0.0002 -0.2306 -0.9731
vn 0.0000 -0.0001 -1.0000
vn -0.0653 -0.0702 -0.9954
vn 0.0010 -0.2305 0.9731
vn -0.0000 -0.0001 1.0000
vn 0.0005 0.0039 1.0000
vn 0.0690 -0.0724 0.9950
vn -0.2996 -0.2618 -0.9175
vn -0.0003 -0.4467 -0.8947
vn 0.3387 -0.2620 0.9037
vn 0.0007 -0.4337 0.9011
vn 0.0002 -1.0000 -0.0028
vn 0.0000 -1.0000 0.0046
vn 0.0000 -1.0000 0.0039
vn 0.0000 -1.0000 -0.0037
vn 0.0624 -0.0642 -0.9960
vn 0.0000 -0.0002 -1.0000
vn -0.0684 -0.0760 -0.9948
vn -0.0667 -0.0668 0.9955
vn 0.0001 0.0053 1.0000
vn -0.0010 0.0007 1.0000
vn -0.0012 -0.2309 0.9730
vn 0.2650 -0.2661 -0.9268
vn -0.3376 -0.2668 -0.9027
vn -0.2999 -0.2567 0.9188
vn -0.0007 -0.4337 0.9011
vn -0.0681 -0.0702 0.9952
vn -0.0002 0.0052 1.0000
vn 0.0000 0.0043 1.0000
vn 0.0618 -0.0580 0.9964
vn -0.3223 -0.2639 0.9091
vn 0.2517 -0.2648 0.9309
vn 0.0000 -1.0000 -0.0041
vn 0.0000 -1.0000 0.0043
vn 0.0674 -0.0759 -0.9948
vn 0.0002 -0.2310 -0.9729
vn 0.3383 -0.2669 -0.9024
vn 0.0002 -0.4461 -0.8950
vn -0.0001 -1.0000 0.0065
vn -0.0008 -1.0000 -0.0054
vn 0.0000 0.0052 1.0000
vn 0.0000 0.0044 1.0000
vn -0.2780 0.0008 -0.9606
vn 0.2254 0.0054 0.9742
vn 0.0000 0.0036 1.0000
vn 0.0002 0.0051 1.0000
vn 0.0001 0.0044 1.0000
vn 0.3133 0.0053 0.9496
vn -0.0000 -1.0000 0.0059
vn -0.0000 -1.0000 -0.0057
vn -0.3296 -0.0009 -0.9441
vn -0.6888 0.0012 -0.7249
vn -0.9529 0.0000 -0.3031
vn -0.4735 -0.2819 -0.8345
vn 0.2277 0.0031 -0.9737
vn 0.6595 0.0042 -0.7517
vn -0.0003 -0.9999 0.0124
vn -0.0004 -0.9999 0.0124
vn -0.0002 -0.9999 0.0122
vn 0.0000 -0.9999 0.0124
vn 0.5028 -0.4111 0.7604
vn 0.4750 -0.2983 0.8279
vn 0.9436 -0.1094 0.3124
vn -0.4681 -0.2957 0.8327
vn -0.5006 -0.4117 0.7615
vn -0.9415 -0.1126 0.3177
vn -0.0064 -0.9999 -0.0107
vn -0.0038 -0.9999 -0.0117
vn 0.7711 0.0040 0.6367
vn 0.9756 -0.0000 0.2197
vn 0.5504 -0.2828 0.7856
vn -0.3317 0.0009 0.9434
vn -0.7794 -0.0014 0.6265
vn -0.0000 -0.9999 -0.0123
vn -0.0000 -0.9999 -0.0126
vn -0.7816 -0.0010 -0.6238
vn -0.9747 -0.0003 -0.2235
vn -0.5437 -0.2875 -0.7885
vn 0.3136 0.0012 -0.9496
vn 0.7759 0.0015 -0.6308
vn -0.0000 -0.9999 0.0127
vn 0.0000 -0.9999 0.0125
vn 0.0000 -0.9999 0.0133
vn -0.0000 -0.9999 0.0128
vn 0.0000 -0.4467 0.8947
vn 0.5692 -0.3911 0.7232
vn 0.0000 -0.4756 0.8796
vn 0.5508 -0.2874 -0.7836
vn 0.0001 -0.4493 -0.8934
vn 0.0000 -0.4548 -0.8906
vn 0.5776 -0.3712 -0.7270
vn -0.0001 -0.4493 -0.8934
vn -0.5775 -0.3713 -0.7271
vn -0.0000 -0.4466 0.8947
vn 0.4850 -0.2818 -0.8279
vn -0.5772 -0.3714 -0.7273
vn 0.5779 -0.3711 -0.7268
vn -0.5438 -0.2849 0.7894
vn -0.5687 -0.3912 0.7235
vn -0.9728 -0.0000 0.2315
vn 0.9768 0.0002 -0.2142
vn -0.0003 -0.9999 0.0127
vn 0.0000 -1.0000 0.0066
vn 0.9577 0.0000 -0.2878
vn -0.0000 -0.9999 0.0123
vn -0.0000 -1.0000 0.0067
vn -0.0002 0.0051 1.0000
vn -0.0001 0.0044 1.0000
vn 0.0000 -1.0000 -0.0063
vn -0.0000 -0.9999 -0.0127
vn 0.0000 -0.9999 -0.0122
vn -0.0000 -0.9999 -0.0129
vn 0.0000 -0.9999 0.0122
vn -0.0000 -0.9999 0.0126
vn 0.0000 -0.9999 -0.0137
vn 0.0006 -1.0000 -0.0053
vn 0.0006 0.0044 1.0000
vn 0.0000 -0.9999 0.0114
vn 0.0033 -0.9999 -0.0114
vn 0.0016 -0.9999 -0.0120
vn -0.0001 -0.9999 0.0124
vn -0.2311 0.0113 0.9729
vn 0.6923 -0.0346 0.7208
vn 0.0024 -0.9999 -0.0126
vn 0.0005 -0.9999 -0.0126
vn -0.0018 -0.9999 -0.0125
vn -0.0043 -0.9999 -0.0119
vn -0.6888 -0.0269 0.7244
vn -0.0003 -0.9999 0.0123
vn 0.0012 -0.9999 -0.0143
vn 0.0000 -0.9999 -0.0124
vn -0.0001 -0.9999 -0.0124
vn -0.0023 -0.9999 -0.0138
vn -0.2903 -0.0145 -0.9568
vn -0.5209 -0.0072 -0.8536
vn -0.0986 -0.9951 0.0000
vn 0.0986 -0.9951 0.0000
vn -0.9951 0.0986 0.0000
vn -0.0986 0.9951 0.0000
vn 0.9951 0.0986 0.0000
vn 0.9951 -0.0986 0.0000
vn 0.8816 -0.4719 0.0000
vn -0.4720 -0.8816 0.0000
vn -0.8816 0.4719 0.0000
vn 0.0986 0.9951 0.0000
vn 0.4720 0.8816 0.0000
vn 0.4720 -0.8816 0.0000
vn -0.8816 -0.4719 0.0000
vn -0.9951 -0.0986 0.0000
vn -0.4720 0.8816 0.0000
vn 0.8816 0.4719 0.0000
vn 0.2783 -0.0187 -0.9603
vn 0.2403 -0.3821 -0.8923
vn -0.1989 -0.3876 -0.9001
vn -0.2288 -0.0255 -0.9731
vn -0.5865 -0.2197 -0.7796
vn -0.3328 -0.5123 -0.7917
vn -0.6976 -0.0150 -0.7163
vn -0.7092 0.0067 -0.7050
vn -0.7071 0.0000 -0.7071
vn -0.0000 0.3633 -0.9317
vn -0.4778 0.5732 -0.6657
vn 0.0831 0.2527 -0.9640
vn 0.1477 0.0874 -0.9852
vn 0.1539 0.0131 -0.9880
vn 0.0100 0.3636 -0.9315
vn 0.1281 -0.2331 -0.9640
vn 0.1825 0.0016 -0.9832
vn 0.0997 -0.9950 -0.0018
vn 0.0985 -0.9951 0.0000
vn -0.0985 -0.9951 0.0000
vn -0.4718 -0.8817 0.0000
vn -0.8817 -0.4718 0.0000
vn -0.9951 -0.0985 0.0000
vn -0.9942 0.0981 -0.0449
vn -0.9905 0.1247 -0.0571
vn -0.8655 0.4555 -0.2086
vn -0.8251 0.5137 -0.2353
vn -0.4429 0.8152 -0.3733
vn -0.4092 0.8296 -0.3799
vn -0.0874 0.9057 -0.4148
vn -0.0898 0.9055 -0.4147
vn 0.0000 0.9092 -0.4164
vn 0.0898 0.9055 -0.4147
vn 0.0874 0.9057 -0.4148
vn 0.4093 0.8296 -0.3799
vn 0.4430 0.8151 -0.3733
vn 0.8251 0.5136 -0.2352
vn 0.8655 0.4555 -0.2086
vn 0.9905 0.1250 -0.0572
vn 0.9941 0.0984 -0.0451
vn 0.7527 0.6584 0.0016
vn 0.7249 0.6888 -0.0044
vn 0.4510 0.8925 0.0013
vn 0.5469 0.8372 -0.0074
vn 0.2011 0.9795 -0.0067
vn 0.8602 0.5100 0.0000
vn 0.8590 0.5120 -0.0041
vn 0.9889 0.1485 0.0000
vn 0.9947 -0.1022 -0.0054
vn 0.8817 -0.4718 0.0000
vn 0.8810 -0.4729 -0.0133
vn 0.4718 -0.8817 0.0000
vn 0.4750 -0.8799 -0.0097
vn -0.0000 -0.9963 -0.0863
vn 0.3980 -0.8273 -0.3964
vn -0.1056 -0.9892 -0.1015
vn -0.4786 -0.8671 -0.1382
vn -0.8704 -0.4672 -0.1556
vn -0.9842 -0.1014 -0.1452
vn -0.9878 0.0000 -0.1560
vn -0.9879 -0.0000 -0.1552
vn -0.9726 0.0942 -0.2125
vn -0.8403 0.4248 -0.3369
vn -0.4432 0.7773 -0.4465
vn -0.0957 0.8866 -0.4525
vn 0.0957 0.8866 -0.4525
vn 0.0089 0.9245 -0.3812
vn 0.4434 0.7771 -0.4466
vn 0.8402 0.4248 -0.3370
vn 0.9726 0.0943 -0.2124
vn 0.9049 0.2235 -0.3623
vn 0.8000 0.4002 -0.4470
vn 0.5294 0.5651 -0.6327
vn 0.9437 0.1977 -0.2652
vn 0.9347 -0.2822 -0.2160
vn 0.7345 -0.5309 -0.4227
vn 0.4743 -0.6055 -0.6391
vn 0.7428 0.0011 -0.6695
vn 0.4504 0.0017 -0.8928
vn 0.0001 0.0000 -1.0000
vn 0.0008 0.0000 -1.0000
vn 0.6832 0.0055 -0.7302
vn -0.0000 -0.2791 -0.9603
vn -0.0000 -0.8313 -0.5558
vn -0.0826 -0.8035 -0.5896
vn -0.0115 -0.2794 -0.9601
vn -0.3573 -0.6808 -0.6394
vn -0.0836 -0.2161 -0.9728
vn -0.6567 -0.3506 -0.6677
vn -0.1680 -0.0873 -0.9819
vn -0.7363 -0.0724 -0.6728
vn -0.1881 -0.0132 -0.9821
vn -0.1653 0.0001 -0.9862
vn -0.7144 0.0001 -0.6998
vn -0.7131 0.0001 -0.7011
vn -0.1644 -0.0000 -0.9864
vn -0.6876 0.0551 -0.7240
vn -0.1539 0.0131 -0.9880
vn -0.6021 0.2866 -0.7452
vn -0.1477 0.0874 -0.9852
vn -0.3215 0.5783 -0.7498
vn -0.0830 0.2520 -0.9641
vn -0.0806 0.7288 -0.6799
vn -0.0100 0.3636 -0.9315
vn -0.1376 0.8826 -0.4495
vn 0.0806 0.7284 -0.6804
vn 0.3214 0.5782 -0.7499
vn 0.6020 0.2867 -0.7453
vn 0.6876 0.0552 -0.7240
vn 0.7133 0.0030 -0.7008
vn 0.1645 0.0006 -0.9864
vn 0.7270 0.0061 -0.6866
vn 0.5364 -0.5717 -0.6208
vn -0.0195 0.9192 -0.3934
vn -0.0000 0.3632 -0.9317
vn -0.0000 0.7923 -0.6102
vn -0.6304 0.0021 -0.7762
vn -0.5695 0.2825 -0.7719
vn -0.0000 0.3755 -0.9268
vn -0.2256 0.7486 -0.6234
vn 0.0362 0.7822 -0.6219
vn -0.1159 -0.9810 -0.1554
vn 0.1148 -0.9814 -0.1535
vn 0.0794 -0.6724 -0.7359
vn -0.0793 -0.6719 -0.7364
vn -0.5386 -0.8274 -0.1592
vn -0.9254 -0.3453 -0.1566
vn -0.9880 -0.0211 -0.1533
vn -0.9881 0.0092 -0.1537
vn -0.9881 0.0000 -0.1536
vn -0.9105 0.3156 -0.2672
vn -0.5963 0.7022 -0.3891
vn -0.2330 0.8727 -0.4291
vn 0.0577 0.9005 -0.4310
vn 0.1341 0.8967 -0.4218
vn 0.0358 0.9107 -0.4116
vn 0.7497 0.5697 -0.3367
vn 0.2442 0.6253 -0.7412
vn 0.7071 0.0000 -0.7071
vn 0.9881 0.0000 -0.1538
vn 0.7048 -0.0071 -0.7094
vn 0.9881 -0.0100 -0.1537
vn 0.9870 -0.0465 -0.1536
vn 0.7001 -0.0330 -0.7133
vn 0.9455 -0.2864 -0.1547
vn 0.6215 -0.1890 -0.7603
vn 0.5943 -0.7880 -0.1608
vn 0.3522 -0.4689 -0.8100
vn -0.1015 -0.8772 -0.4693
vn 0.1056 -0.8798 -0.4635
vn -0.4781 -0.6839 -0.5510
vn -0.7508 -0.2665 -0.6044
vn -0.7785 -0.0295 -0.6269
vn -0.7971 0.0074 -0.6038
vn -0.9255 -0.0060 -0.3786
vn -0.8852 0.2203 -0.4098
vn -0.6234 0.5472 -0.5585
vn 0.0947 0.7924 -0.6026
vn 0.6355 0.5332 -0.5585
vn 0.9662 0.0000 -0.2578
vn 0.8177 -0.0177 -0.5753
vn 0.9332 -0.0036 -0.3594
vn 0.7987 -0.0349 -0.6008
vn 0.7868 -0.2301 -0.5727
vn 0.5299 -0.6597 -0.5329
vn 0.5654 0.2788 -0.7763
vn 0.0369 0.4052 -0.9135
vn 0.3341 -0.0192 -0.9423
vn 0.5374 -0.0044 -0.8433
vn 0.5618 -0.0326 -0.8266
vn 0.5633 -0.1598 -0.8107
vn -0.0000 -0.2810 -0.9597
vn 0.0000 -0.8326 -0.5539
usemtl TubeTv
s off
f 478/1/1 479/2/1 404/3/1 470/4/1
f 480/5/1 478/1/1 470/4/1 472/6/1
f 481/7/1 480/5/1 472/6/1 405/8/1
f 479/2/1 481/7/1 405/8/1 404/3/1
f 482/9/1 483/10/1 484/11/1 485/12/1
f 486/13/1 482/9/1 485/12/1 487/14/1
f 488/15/1 486/13/1 487/14/1 489/16/1
f 483/10/1 488/15/1 489/16/1 484/11/1
f 490/17/2 491/18/2 492/19/2 493/20/2
f 494/21/3 490/17/3 493/22/3 495/23/3
f 496/24/4 494/21/4 495/25/4 497/26/4
f 491/18/5 496/24/5 497/27/5 492/28/5
f 474/29/6 477/30/6 491/18/6 490/17/6
f 475/31/7 474/29/7 490/17/7 494/21/7
f 476/32/8 475/31/8 494/21/8 496/24/8
f 477/30/9 476/32/9 496/24/9 491/18/9
f 485/12/4 484/11/4 479/33/4 478/34/4
f 487/14/5 485/12/5 478/35/5 480/36/5
f 489/16/2 487/14/2 480/37/2 481/38/2
f 484/11/3 489/16/3 481/39/3 479/40/3
f 483/41/2 482/42/2 493/20/2 492/19/2
f 488/43/5 483/44/5 492/28/5 497/27/5
f 486/45/4 488/46/4 497/26/4 495/25/4
f 482/47/3 486/48/3 495/23/3 493/22/3
f 639/49/1 640/50/1 614/51/1 627/52/1
f 639/49/1 627/52/1 626/53/1 641/54/1
f 642/55/1 643/56/1 633/57/1 620/58/1
f 644/59/1 642/55/1 620/58/1 619/60/1
f 644/59/1 619/60/1 645/61/1 646/62/1
f 640/50/1 647/63/1 615/64/1 614/51/1
f 648/65/5 649/66/5 640/67/5 639/68/5
f 648/69/2 639/70/2 641/71/2 650/72/2
f 651/73/3 652/74/3 643/75/3 642/76/3
f 653/77/3 651/73/3 642/76/3 644/78/3
f 653/79/4 644/80/4 646/81/4 654/82/4
f 649/66/5 655/83/5 647/84/5 640/67/5
f 656/85/10 657/86/10 649/66/10 648/65/10
f 656/87/11 648/69/11 650/72/11 658/88/11
f 659/89/12 660/90/12 652/74/12 651/73/12
f 661/91/12 659/89/12 651/73/12 653/77/12
f 661/92/13 653/79/13 654/82/13 662/93/13
f 657/86/10 663/94/10 655/83/10 649/66/10
f 664/95/1 665/96/1 657/97/1 656/98/1
f 664/95/1 656/98/1 658/99/1 666/100/1
f 667/101/1 668/102/1 660/103/1 659/104/1
f 669/105/1 667/101/1 659/104/1 661/106/1
f 669/105/1 661/106/1 662/107/1 670/108/1
f 665/96/1 671/109/1 663/110/1 657/97/1
f 637/111/1 636/112/1 672/113/1 665/96/1
f 637/111/1 665/96/1 664/95/1
f 637/111/1 664/95/1 666/100/1 638/114/1
f 667/101/1 673/115/1 674/116/1 668/102/1
f 674/116/1 675/117/1 668/102/1
f 676/118/1 677/119/1 673/115/1 667/101/1
f 676/118/1 667/101/1 669/105/1
f 676/118/1 669/105/1 670/108/1 678/120/1
f 665/96/1 672/113/1 624/121/1 671/109/1
f 624/121/1 623/122/1 671/109/1
f 672/113/1 636/112/1 624/121/1
f 673/115/1 677/119/1 674/116/1
f 641/54/1 626/53/1 681/123/1 686/124/1
f 647/63/1 687/125/1 632/126/1 615/64/1
f 650/72/2 641/71/2 686/127/2 688/128/2
f 689/129/4 687/130/4 647/131/4 655/132/4
f 658/88/11 650/72/11 688/128/11 690/133/11
f 663/134/13 691/135/13 689/129/13 655/132/13
f 666/100/1 658/99/1 690/136/1 692/137/1
f 671/109/1 693/138/1 691/139/1 663/110/1
f 638/114/1 666/100/1 692/137/1 684/140/1
f 623/122/1 622/141/1 693/138/1 671/109/1
f 687/125/1 646/62/1 645/61/1 632/126/1
f 654/82/4 646/81/4 687/130/4 689/129/4
f 691/135/13 662/93/13 654/82/13 689/129/13
f 693/138/1 670/108/1 662/107/1 691/139/1
f 622/141/1 678/120/1 670/108/1 693/138/1
f 643/56/1 686/124/1 681/123/1 633/57/1
f 688/128/2 686/127/2 643/142/2 652/143/2
f 660/144/11 690/133/11 688/128/11 652/143/11
f 692/137/1 690/136/1 660/103/1 668/102/1
f 684/140/1 692/137/1 668/102/1 675/117/1
s 1
f 1/145/14 2/146/2 3/147/2 4/148/14
f 5/149/15 1/145/14 4/148/14 6/150/15
f 7/151/3 5/152/15 6/153/15 8/154/3
f 9/155/16 7/151/3 8/154/3 10/156/16
f 11/157/17 9/155/16 10/156/16 12/158/17
f 13/159/4 11/157/17 12/158/17 14/160/4
f 15/161/18 13/159/4 14/160/4 16/162/18
f 17/163/19 15/161/18 16/162/18 18/164/19
f 19/165/5 17/163/19 18/164/19 20/166/5
f 21/167/20 19/165/5 20/166/5 22/168/20
f 23/169/21 21/167/20 22/168/20 24/170/21
f 2/146/2 23/169/21 24/170/21 3/147/2
f 25/171/1 26/172/1 27/173/1 28/174/1
f 27/173/1 29/175/1 30/176/1 31/177/1
f 30/176/1 32/178/1 31/177/1
f 31/177/1 33/179/1 34/180/1 28/174/1
f 34/180/1 35/181/1 28/174/1
f 27/173/1 31/177/1 28/174/1
f 25/171/1 28/174/1 36/182/1
f 30/176/22 29/175/23 2/183/23 1/184/22
f 32/178/24 30/176/22 1/184/22 5/185/24
f 31/177/25 32/178/24 5/185/24 7/186/25
f 33/179/26 31/177/25 7/186/25 9/187/26
f 34/180/27 33/179/26 9/187/26 11/188/27
f 35/181/28 34/180/27 11/188/27 13/189/28
f 28/174/29 35/181/28 13/189/28 15/190/30
f 36/182/31 28/174/29 15/190/30 17/191/32
f 25/171/33 36/182/31 17/191/32 19/192/33
f 26/172/34 25/171/33 19/192/33 21/193/34
f 27/173/35 26/172/34 21/193/34 23/194/35
f 29/175/23 27/173/35 23/194/35 2/183/23
f 37/195/14 38/196/2 39/197/2 40/198/14
f 41/199/15 37/195/14 40/198/14 42/200/15
f 43/201/3 41/202/15 42/203/15 44/204/3
f 45/205/16 43/201/3 44/204/3 46/206/16
f 47/207/17 45/205/16 46/206/16 48/208/17
f 49/209/4 47/207/17 48/208/17 50/210/4
f 51/211/18 49/209/4 50/210/4 52/212/18
f 53/213/19 51/211/18 52/212/18 54/214/19
f 55/215/5 53/213/19 54/214/19 56/216/5
f 57/217/20 55/215/5 56/216/5 58/218/20
f 59/219/21 57/217/20 58/218/20 60/220/21
f 38/196/2 59/219/21 60/220/21 39/197/2
f 61/221/1 62/222/1 63/223/1 64/224/1
f 63/223/1 65/225/1 66/226/1 67/227/1
f 66/226/1 68/228/1 67/227/1
f 67/227/1 69/229/1 70/230/1 64/224/1
f 70/230/1 71/231/1 64/224/1
f 63/223/1 67/227/1 64/224/1
f 61/221/1 64/224/1 72/232/1
f 66/226/22 65/225/23 38/233/23 37/234/22
f 68/228/24 66/226/22 37/234/22 41/235/24
f 67/227/25 68/228/24 41/235/24 43/236/25
f 69/229/26 67/227/25 43/236/25 45/237/26
f 70/230/27 69/229/26 45/237/26 47/238/27
f 71/231/28 70/230/27 47/238/27 49/239/28
f 64/224/29 71/231/28 49/239/28 51/240/30
f 72/232/31 64/224/29 51/240/30 53/241/32
f 61/221/33 72/232/31 53/241/32 55/242/33
f 62/222/34 61/221/33 55/242/33 57/243/34
f 63/223/36 62/222/34 57/243/34 59/244/36
f 65/225/23 63/223/36 59/244/36 38/233/23
f 73/245/14 74/246/2 75/247/2 76/248/14
f 77/249/15 73/245/14 76/248/14 78/250/15
f 79/251/3 77/252/15 78/253/15 80/254/3
f 81/255/16 79/251/3 80/254/3 82/256/16
f 83/257/17 81/255/16 82/256/16 84/258/17
f 85/259/4 83/257/17 84/258/17 86/260/4
f 87/261/18 85/259/4 86/260/4 88/262/18
f 89/263/19 87/261/18 88/262/18 90/264/19
f 91/265/5 89/263/19 90/264/19 92/266/5
f 93/267/20 91/265/5 92/266/5 94/268/20
f 95/269/21 93/267/20 94/268/20 96/270/21
f 74/246/2 95/269/21 96/270/21 75/247/2
f 97/271/1 98/272/1 99/273/1 100/274/1
f 99/273/1 101/275/1 102/276/1 103/277/1
f 102/276/1 104/278/1 103/277/1
f 103/277/1 105/279/1 106/280/1 100/274/1
f 106/280/1 107/281/1 100/274/1
f 99/273/1 103/277/1 100/274/1
f 97/271/1 100/274/1 108/282/1
f 102/276/37 101/275/38 74/283/38 73/284/37
f 104/278/24 102/276/37 73/284/37 77/285/24
f 103/277/25 104/278/24 77/285/24 79/286/25
f 105/279/26 103/277/25 79/286/25 81/287/26
f 106/280/27 105/279/26 81/287/26 83/288/27
f 107/281/39 106/280/27 83/288/27 85/289/39
f 100/274/29 107/281/39 85/289/39 87/290/30
f 108/282/32 100/274/29 87/290/30 89/291/32
f 97/271/33 108/282/32 89/291/32 91/292/33
f 98/272/40 97/271/33 91/292/33 93/293/34
f 99/273/41 98/272/40 93/293/34 95/294/36
f 101/275/38 99/273/41 95/294/36 74/283/38
f 109/295/14 110/296/2 111/297/2 112/298/14
f 113/299/15 109/295/14 112/298/14 114/300/15
f 115/301/3 113/302/15 114/303/15 116/304/3
f 117/305/16 115/301/3 116/304/3 118/306/16
f 119/307/17 117/305/16 118/306/16 120/308/17
f 121/309/4 119/307/17 120/308/17 122/310/4
f 123/311/18 121/309/4 122/310/4 124/312/18
f 125/313/19 123/311/18 124/312/18 126/314/19
f 127/315/5 125/313/19 126/314/19 128/316/5
f 129/317/20 127/315/5 128/316/5 130/318/20
f 131/319/21 129/317/20 130/318/20 132/320/21
f 110/296/2 131/319/21 132/320/21 111/297/2
f 133/321/1 134/322/1 135/323/1 136/324/1
f 135/323/1 137/325/1 138/326/1 139/327/1
f 138/326/1 140/328/1 139/327/1
f 139/327/1 141/329/1 142/330/1 136/324/1
f 142/330/1 143/331/1 136/324/1
f 135/323/1 139/327/1 136/324/1
f 133/321/1 136/324/1 144/332/1
f 138/326/37 137/325/38 110/333/38 109/334/37
f 140/328/24 138/326/37 109/334/37 113/335/24
f 139/327/25 140/328/24 113/335/24 115/336/25
f 141/329/26 139/327/25 115/336/25 117/337/26
f 142/330/27 141/329/26 117/337/26 119/338/27
f 143/331/39 142/330/27 119/338/27 121/339/39
f 136/324/29 143/331/39 121/339/39 123/340/30
f 144/332/32 136/324/29 123/340/30 125/341/32
f 133/321/33 144/332/32 125/341/32 127/342/33
f 134/322/40 133/321/33 127/342/33 129/343/34
f 135/323/41 134/322/40 129/343/34 131/344/36
f 137/325/38 135/323/41 131/344/36 110/333/38
f 145/345/42 146/346/42 147/347/3 148/348/3
f 149/349/42 145/345/42 148/348/3 150/350/3
f 151/351/43 152/352/44 153/353/45 154/354/2
f 155/355/42 156/356/46 157/357/3 158/358/3
f 159/359/42 155/355/42 158/358/3 160/360/3
f 161/361/42 162/362/46 163/363/3 164/364/3
f 165/365/42 161/361/42 164/364/3 166/366/3
f 167/367/42 168/368/42 169/369/3 170/370/3
f 170/370/3 171/371/2 172/372/3 173/373/42
f 170/370/3 173/373/42 167/367/42
f 174/374/47 175/375/48 176/376/4 177/377/49
f 159/359/42 160/360/3 147/347/3 146/346/42
f 178/378/50 179/379/51 180/380/52 181/381/53
f 182/382/54 183/383/55 184/384/56 185/385/57
f 163/363/3 162/362/46 149/349/42 150/350/3
f 186/386/58 187/387/59 188/388/54 189/389/60
f 190/390/61 191/391/62 192/392/50 193/393/63
f 169/369/3 168/368/42 165/365/42 166/366/3
f 194/394/58 195/395/59 196/396/54 197/397/64
f 198/398/65 199/399/66 200/400/50 201/401/67
f 202/402/68 203/403/69 157/357/3 156/356/46
f 204/404/70 205/405/71 206/406/72 207/407/73
f 208/408/74 209/409/75 210/410/76 211/411/59
f 212/412/77 213/413/78 214/414/79 215/415/64
f 216/416/80 217/417/81 218/418/82 219/419/83
f 220/420/84 221/421/85 173/373/42 172/372/3
f 222/422/86 176/376/4 175/375/48 223/423/87
f 216/416/80 219/419/83 224/424/88 225/425/89
f 216/416/80 225/425/89 226/426/90
f 227/427/91 225/425/89 224/424/88 228/428/92
f 229/429/93 227/427/91 228/428/92 230/430/94
f 230/430/94 198/398/65 201/401/67 231/431/95
f 230/430/94 231/431/95 232/432/89 229/429/93
f 233/433/91 232/432/89 231/431/95 234/434/92
f 235/435/96 233/433/91 234/434/92 236/436/97
f 236/436/97 190/390/61 193/393/63 237/437/95
f 236/436/97 237/437/95 238/438/89 235/435/96
f 239/439/91 238/438/89 237/437/95 240/440/92
f 241/441/93 239/439/91 240/440/92 242/442/97
f 242/442/97 180/380/52 179/379/51 243/443/95
f 242/442/97 243/443/95 244/444/98 241/441/93
f 245/445/91 244/444/98 243/443/95 246/446/92
f 247/447/96 245/445/91 246/446/92 248/448/99
f 248/448/99 206/406/72 205/405/71 249/449/100
f 248/448/99 249/449/100 247/447/96
f 250/450/101 151/351/43 154/354/2 251/451/102
f 252/452/21 253/453/103 254/454/104 255/455/105
f 256/456/20 257/457/106 253/453/103 252/452/21
f 258/458/5 259/459/107 257/457/106 256/456/20
f 260/460/19 261/461/108 259/459/107 258/458/5
f 262/462/109 263/463/110 261/461/108 260/460/19
f 264/464/111 265/465/112 263/463/110 262/462/109
f 266/466/21 267/467/113 268/468/114 269/469/105
f 270/470/20 271/471/115 267/467/113 266/466/21
f 272/472/5 273/473/107 271/471/115 270/470/20
f 274/474/19 275/475/116 273/473/107 272/472/5
f 276/476/18 277/477/117 275/475/116 274/474/19
f 278/478/118 279/479/119 277/477/117 276/476/18
f 280/480/21 281/481/103 282/482/120 283/483/105
f 284/484/20 285/485/106 281/481/103 280/480/21
f 286/486/5 287/487/107 285/485/106 284/484/20
f 288/488/19 289/489/116 287/487/107 286/486/5
f 290/490/109 291/491/117 289/489/116 288/488/19
f 292/492/121 293/493/119 291/491/117 290/490/109
f 294/494/21 295/495/122 296/496/123 297/497/105
f 298/498/20 299/499/124 295/495/122 294/494/21
f 300/500/5 301/501/107 299/499/124 298/498/20
f 302/502/19 303/503/125 301/501/107 300/500/5
f 304/504/109 305/505/117 303/503/125 302/502/19
f 306/506/111 307/507/126 305/505/117 304/504/109
f 308/508/127 309/509/128 184/384/56 310/510/129
f 311/511/130 312/512/131 268/468/114 313/513/132
f 314/514/133 315/515/134 210/410/76 316/516/135
f 317/517/136 318/518/137 183/383/55 319/519/138
f 320/520/139 321/521/140 191/391/62 322/522/141
f 323/523/142 324/524/143 282/482/120 325/525/144
f 326/526/145 327/527/146 199/399/66 328/528/147
f 329/529/148 330/530/149 296/496/123 331/531/150
f 332/532/151 333/533/152 209/409/75 334/534/153
f 335/535/154 336/536/155 217/417/81 337/537/156
f 338/538/157 339/539/158 226/426/90 340/540/159
f 341/541/160 342/542/161 250/450/101 343/543/162
f 344/544/163 181/381/53 180/380/52 345/545/164
f 185/385/57 184/384/56 309/509/128 346/546/165
f 180/380/52 242/442/97 347/547/166 345/545/164
f 242/442/97 240/440/92 348/548/167 347/547/166
f 348/548/167 240/440/92 237/437/95 349/549/168
f 237/437/95 193/393/63 350/550/169 349/549/168
f 193/393/63 192/392/50 313/551/132 350/550/169
f 189/389/60 188/388/54 351/552/170 312/512/131
f 352/553/171 207/407/73 206/406/72 353/554/172
f 211/411/59 210/410/76 315/515/134 354/555/173
f 206/406/72 248/448/99 355/556/174 353/554/172
f 248/448/99 246/446/92 356/557/167 355/556/174
f 356/557/167 246/446/92 243/443/95 357/558/175
f 243/443/95 179/379/51 358/559/169 357/558/175
f 179/379/51 178/378/50 359/560/176 358/559/169
f 183/383/55 182/382/54 360/561/170 319/519/138
f 322/522/141 191/391/62 190/390/61 361/562/164
f 187/387/59 186/386/58 362/563/177 363/564/173
f 190/390/61 236/436/97 364/565/166 361/562/164
f 236/436/97 234/434/92 365/566/167 364/565/166
f 365/566/167 234/434/92 231/431/95 366/567/168
f 231/431/95 201/401/67 367/568/178 366/567/168
f 201/401/67 200/400/50 325/569/144 367/568/178
f 197/397/64 196/396/54 368/570/170 324/524/143
f 328/528/147 199/399/66 198/398/65 369/571/164
f 195/395/59 194/394/58 370/572/179 371/573/173
f 198/398/65 230/430/94 372/574/180 369/571/164
f 230/430/94 228/428/92 373/575/167 372/574/180
f 373/575/167 228/428/92 224/424/88 374/576/181
f 374/576/181 224/424/88 219/419/83 375/577/182
f 219/419/83 218/418/82 331/578/150 375/577/182
f 215/415/64 214/414/79 376/579/183 330/530/149
f 178/378/50 181/381/53 310/580/129 318/581/137
f 186/386/58 189/389/60 377/582/184 321/583/140
f 194/394/58 197/397/64 378/584/185 327/585/146
f 151/351/43 250/450/101 342/542/161 379/586/186
f 152/352/44 151/351/43 379/586/186 380/587/187
f 153/353/45 152/352/44 334/588/153 381/589/188
f 204/404/70 207/407/73 316/590/135 333/591/152
f 174/374/47 177/377/49 382/592/189 383/593/190
f 384/594/191 175/375/48 174/374/47 337/537/156
f 336/595/155 212/412/77 215/415/64 385/596/192
f 386/597/193 221/421/85 220/420/84 387/598/194
f 173/373/42 221/421/85 340/540/159 388/599/195
f 167/367/42 173/373/42 388/599/195 389/600/195
f 168/368/42 167/367/42 389/600/195 390/601/195
f 165/365/42 168/368/42 390/601/195 391/602/195
f 161/361/42 165/365/42 391/602/195 392/603/195
f 162/362/46 161/361/42 392/603/195 393/604/195
f 149/349/42 162/362/46 393/604/195 394/605/195
f 145/345/42 149/349/42 394/605/195 395/606/195
f 146/346/42 145/345/42 395/606/195 396/607/195
f 159/359/42 146/346/42 396/607/195 397/608/195
f 155/355/42 159/359/42 397/608/195 398/609/195
f 156/356/46 155/355/42 398/609/195 399/610/195
f 202/402/68 156/356/46 399/610/195 400/611/196
f 203/403/69 202/402/68 343/612/162 401/613/197
f 223/423/87 175/375/48 384/594/191 339/539/158
f 344/544/163 308/614/127 310/580/129 181/381/53
f 309/509/128 308/508/127 344/615/163 279/479/119
f 377/616/184 311/617/130 313/551/132 192/392/50
f 312/512/131 311/511/130 377/582/184 189/389/60
f 352/553/171 314/618/133 316/590/135 207/407/73
f 315/515/134 314/514/133 352/619/171 265/465/112
f 359/620/176 317/517/136 319/519/138 254/454/104
f 318/581/137 317/621/136 359/560/176 178/378/50
f 362/563/177 320/622/139 322/623/141 293/493/119
f 321/583/140 320/622/139 362/563/177 186/386/58
f 378/624/185 323/625/142 325/569/144 200/400/50
f 324/524/143 323/523/142 378/584/185 197/397/64
f 370/572/179 326/626/145 328/627/147 307/507/126
f 327/585/146 326/626/145 370/572/179 194/394/58
f 385/628/192 329/629/148 331/578/150 218/418/82
f 330/530/149 329/529/148 385/596/192 215/415/64
f 380/587/187 332/630/151 334/588/153 152/352/44
f 333/591/152 332/630/151 380/587/187 204/404/70
f 383/593/190 335/535/154 337/537/156 174/374/47
f 336/595/155 335/631/154 383/632/190 212/412/77
f 386/597/193 338/538/157 340/540/159 221/421/85
f 339/539/158 338/538/157 386/633/193 223/423/87
f 400/611/196 341/541/160 343/612/162 202/402/68
f 342/542/161 341/541/160 400/611/196 249/449/100
f 279/479/119 344/615/163 345/634/164 277/477/117
f 346/546/165 309/509/128 279/479/119 278/478/118
f 345/634/164 347/635/166 275/475/116 277/477/117
f 347/635/166 348/636/167 273/473/107 275/475/116
f 273/473/107 348/636/167 349/637/168 271/471/115
f 349/637/168 350/638/169 267/467/113 271/471/115
f 350/638/169 313/513/132 268/468/114 267/467/113
f 312/512/131 351/552/170 269/469/105 268/468/114
f 265/465/112 352/619/171 353/639/172 263/463/110
f 354/555/173 315/515/134 265/465/112 264/464/111
f 353/639/172 355/640/174 261/461/108 263/463/110
f 355/640/174 356/641/167 259/459/107 261/461/108
f 259/459/107 356/641/167 357/642/175 257/457/106
f 357/642/175 358/643/169 253/453/103 257/457/106
f 358/643/169 359/620/176 254/454/104 253/453/103
f 319/519/138 360/561/170 255/455/105 254/454/104
f 293/493/119 322/623/141 361/644/164 291/491/117
f 363/564/173 362/563/177 293/493/119 292/492/121
f 361/644/164 364/645/166 289/489/116 291/491/117
f 364/645/166 365/646/167 287/487/107 289/489/116
f 287/487/107 365/646/167 366/647/168 285/485/106
f 366/647/168 367/648/178 281/481/103 285/485/106
f 367/648/178 325/525/144 282/482/120 281/481/103
f 324/524/143 368/570/170 283/483/105 282/482/120
f 307/507/126 328/627/147 369/649/164 305/505/117
f 371/573/173 370/572/179 307/507/126 306/506/111
f 369/649/164 372/650/180 303/503/125 305/505/117
f 372/650/180 373/651/167 301/501/107 303/503/125
f 301/501/107 373/651/167 374/652/181 299/499/124
f 299/499/124 374/652/181 375/653/182 295/495/122
f 375/653/182 331/531/150 296/496/123 295/495/122
f 330/530/149 376/579/183 297/497/105 296/496/123
f 318/518/137 310/510/129 184/384/56 183/383/55
f 321/521/140 377/616/184 192/392/50 191/391/62
f 327/527/146 378/624/185 200/400/50 199/399/66
f 379/586/186 342/542/161 249/449/100 205/405/71
f 380/587/187 379/586/186 205/405/71 204/404/70
f 381/654/188 334/534/153 209/409/75 208/408/74
f 333/533/152 316/516/135 210/410/76 209/409/75
f 383/632/190 382/655/189 213/413/78 212/412/77
f 216/416/80 384/594/191 337/537/156 217/417/81
f 217/417/81 336/536/155 385/628/192 218/418/82
f 223/423/87 386/633/193 387/656/194 222/422/86
f 388/599/195 340/540/159 226/426/90 225/425/89
f 389/600/195 388/599/195 225/425/89 227/427/91
f 390/601/195 389/600/195 227/427/91 229/429/93
f 391/602/195 390/601/195 229/429/93 232/432/89
f 392/603/195 391/602/195 232/432/89 233/433/91
f 393/604/195 392/603/195 233/433/91 235/435/96
f 394/605/195 393/604/195 235/435/96 238/438/89
f 395/606/195 394/605/195 238/438/89 239/439/91
f 396/607/195 395/606/195 239/439/91 241/441/93
f 397/608/195 396/607/195 241/441/93 244/444/98
f 398/609/195 397/608/195 244/444/98 245/445/91
f 399/610/195 398/609/195 245/445/91 247/447/96
f 400/611/196 399/610/195 247/447/96 249/449/100
f 401/657/197 343/543/162 250/450/101 251/451/102
f 339/539/158 384/594/191 216/416/80 226/426/90
f 402/658/1 403/659/1 404/3/1 405/8/1
f 406/660/198 407/661/199 408/662/200 409/663/201
f 410/664/202 406/660/198 409/663/201 411/665/203
f 412/666/204 410/664/202 411/665/203 413/667/205
f 414/668/206 412/666/204 413/667/205 415/669/207
f 416/670/208 414/668/206 415/669/207 417/671/209
f 418/672/210 416/670/208 417/671/209 419/673/211
f 420/674/212 418/672/210 419/673/211 421/675/213
f 422/676/214 420/677/212 421/678/213 423/679/215
f 424/680/216 422/676/214 423/679/215 425/681/217
f 426/682/218 424/680/216 425/681/217 427/683/219
f 428/684/220 426/682/218 427/683/219 429/685/221
f 430/686/222 428/684/220 429/685/221 431/687/223
f 432/688/224 430/686/222 431/687/223 433/689/225
f 434/690/226 432/688/224 433/689/225 435/691/227
f 436/692/228 434/693/226 435/694/227 437/695/229
f 407/661/199 436/692/228 437/695/229 408/662/200
f 438/696/230 439/697/231 440/698/232 441/699/233
f 442/700/234 438/696/230 441/699/233 443/701/235
f 444/702/236 442/700/234 443/701/235 445/703/237
f 446/704/238 447/705/239 444/702/236 445/703/237
f 448/706/240 447/705/239 446/704/238 449/707/241
f 450/708/242 448/706/240 449/707/241 451/709/243
f 452/710/244 450/708/242 451/709/243 453/711/245
f 454/712/246 455/713/247 452/710/244 453/711/245
f 456/714/248 455/713/247 454/712/246 457/715/249
f 458/716/250 456/714/248 457/715/249 459/717/251
f 460/718/252 458/716/250 459/717/251 461/719/253
f 462/720/254 463/721/255 460/718/252 461/719/253
f 464/722/256 463/721/255 462/720/254 465/723/257
f 466/724/258 464/722/256 465/723/257 467/725/259
f 468/726/260 466/724/258 467/725/259 469/727/261
f 440/698/232 439/697/231 468/726/260 469/727/261
f 441/728/233 440/729/232 407/661/199 406/660/198
f 443/730/235 441/728/233 406/660/198 410/664/202
f 445/731/237 443/730/235 410/664/202 412/666/204
f 414/668/206 446/732/238 445/731/237 412/666/204
f 449/733/241 446/732/238 414/668/206 416/670/208
f 451/734/243 449/733/241 416/670/208 418/672/210
f 453/735/245 451/734/243 418/672/210 420/674/212
f 422/676/214 454/736/246 453/737/245 420/677/212
f 457/738/249 454/736/246 422/676/214 424/680/216
f 459/739/251 457/738/249 424/680/216 426/682/218
f 461/740/253 459/739/251 426/682/218 428/684/220
f 430/686/222 462/741/254 461/740/253 428/684/220
f 465/742/257 462/741/254 430/686/222 432/688/224
f 467/743/259 465/742/257 432/688/224 434/690/226
f 469/744/261 467/745/259 434/693/226 436/692/228
f 407/661/199 440/729/232 469/744/261 436/692/228
f 404/3/1 403/659/1 444/702/236 447/705/239
f 405/8/1 464/722/256 466/724/258 402/658/1
f 470/4/1 448/706/240 450/708/242 471/746/1
f 472/6/1 470/4/1 471/746/1 473/747/1
f 460/718/252 463/721/255 472/6/1 473/747/1
f 472/6/1 463/721/255 464/722/256 405/8/1
f 474/29/1 475/31/1 476/32/1 477/30/1
f 404/3/1 447/705/239 448/706/240 470/4/1
f 471/746/1 450/708/242 452/710/244 455/713/247
f 473/747/1 471/746/1 455/713/247 456/714/248
f 458/716/250 460/718/252 473/747/1 456/714/248
f 439/697/231 402/658/1 466/724/258 468/726/260
f 403/659/1 402/658/1 439/697/231 438/696/230
f 442/700/234 444/702/236 403/659/1 438/696/230
f 498/748/1 499/749/1 500/750/1 501/751/1
f 502/752/262 503/753/199 504/754/263 505/755/201
f 506/756/202 502/752/262 505/755/201 507/757/264
f 508/758/204 506/756/202 507/757/264 509/759/265
f 510/760/206 508/758/204 509/759/265 511/761/207
f 512/762/208 510/760/206 511/761/207 513/763/209
f 514/764/210 512/762/208 513/763/209 515/765/266
f 516/766/212 514/764/210 515/765/266 517/767/267
f 518/768/268 516/766/212 517/767/267 519/769/215
f 520/770/216 518/771/268 519/772/215 521/773/217
f 522/774/218 520/770/216 521/773/217 523/775/269
f 524/776/220 522/774/218 523/775/269 525/777/270
f 526/778/222 524/776/220 525/777/270 527/779/223
f 528/780/224 526/778/222 527/779/223 529/781/225
f 530/782/226 528/780/224 529/781/225 531/783/271
f 532/784/228 530/785/226 531/786/271 533/787/229
f 503/753/199 532/784/228 533/787/229 504/754/263
f 534/788/230 535/789/231 536/790/232 537/791/233
f 538/792/272 534/788/230 537/791/233 539/793/235
f 540/794/273 538/792/272 539/793/235 541/795/237
f 542/796/238 543/797/239 540/794/273 541/795/237
f 544/798/240 543/797/239 542/796/238 545/799/241
f 546/800/274 544/798/240 545/799/241 547/801/243
f 548/802/275 546/800/274 547/801/243 549/803/245
f 550/804/246 551/805/247 548/802/275 549/803/245
f 552/806/248 551/805/247 550/804/246 553/807/249
f 554/808/276 552/806/248 553/807/249 555/809/251
f 556/810/277 554/808/276 555/809/251 557/811/253
f 558/812/254 559/813/255 556/810/277 557/811/253
f 560/814/256 559/813/255 558/812/254 561/815/257
f 562/816/278 560/814/256 561/815/257 563/817/259
f 564/818/279 562/816/278 563/817/259 565/819/261
f 536/790/232 535/789/231 564/818/279 565/819/261
f 537/820/233 536/821/232 503/753/199 502/752/262
f 539/822/235 537/820/233 502/752/262 506/756/202
f 541/823/237 539/822/235 506/756/202 508/758/204
f 510/760/206 542/824/238 541/823/237 508/758/204
f 545/825/241 542/824/238 510/760/206 512/762/208
f 547/826/243 545/825/241 512/762/208 514/764/210
f 549/827/245 547/826/243 514/764/210 516/766/212
f 518/768/268 550/828/246 549/827/245 516/766/212
f 553/829/249 550/830/246 518/771/268 520/770/216
f 555/831/251 553/829/249 520/770/216 522/774/218
f 557/832/253 555/831/251 522/774/218 524/776/220
f 526/778/222 558/833/254 557/832/253 524/776/220
f 561/834/257 558/833/254 526/778/222 528/780/224
f 563/835/259 561/834/257 528/780/224 530/782/226
f 565/836/261 563/837/259 530/785/226 532/784/228
f 503/753/199 536/821/232 565/836/261 532/784/228
f 500/750/1 499/749/1 540/794/273 543/797/239
f 501/751/1 560/814/256 562/816/278 498/748/1
f 566/838/1 544/798/240 546/800/274 567/839/1
f 568/840/1 566/838/1 567/839/1 569/841/1
f 556/810/277 559/813/255 568/840/1 569/841/1
f 568/840/1 559/813/255 560/814/256 501/751/1
f 566/838/1 568/840/1 501/751/1 500/750/1
f 500/750/1 543/797/239 544/798/240 566/838/1
f 567/839/1 546/800/274 548/802/275 551/805/247
f 569/841/1 567/839/1 551/805/247 552/806/248
f 554/808/276 556/810/277 569/841/1 552/806/248
f 535/789/231 498/748/1 562/816/278 564/818/279
f 499/749/1 498/748/1 535/789/231 534/788/230
f 538/792/272 540/794/273 499/749/1 534/788/230
f 576/842/280 577/843/281 571/844/282 570/845/283
f 577/843/281 574/846/284 573/847/285 571/844/282
f 574/846/284 575/848/286 572/849/287 573/847/285
f 575/848/286 576/842/280 570/845/283 572/849/287
f 578/850/288 579/851/289 580/852/78 581/853/74
f 582/854/290 583/855/291 584/856/45 585/857/102
f 586/858/292 587/859/293 588/860/69 589/861/84
f 590/862/294 591/863/295 592/864/86 593/865/49
f 574/846/284 594/866/296 595/867/297 596/868/298
f 578/850/288 597/869/299 598/870/300 599/871/301
f 582/854/290 600/872/302 601/873/303 602/874/304
f 577/843/281 603/875/305 604/876/306 605/877/307
f 596/868/298 599/871/301 575/848/286 574/846/284
f 606/878/308 602/874/304 576/842/280 575/848/286
f 607/879/309 603/875/305 577/843/281 576/842/280
f 605/877/307 594/866/296 574/846/284 577/843/281
f 608/880/310 609/881/189 580/852/78 579/851/289
f 597/882/299 610/883/188 584/856/45 583/855/291
f 600/884/302 611/885/197 588/860/69 587/859/293
f 612/886/311 613/887/194 592/864/86 591/863/295
f 594/866/296 590/862/294 608/888/310 595/867/297
f 608/880/310 579/851/289 596/868/298 595/867/297
f 597/882/299 583/855/291 606/878/308 598/870/300
f 606/878/308 575/848/286 599/871/301 598/870/300
f 600/884/302 587/859/293 607/879/309 601/873/303
f 607/879/309 576/842/280 602/874/304 601/873/303
f 603/875/305 586/858/292 612/889/311 604/876/306
f 612/886/311 591/863/295 605/877/307 604/876/306
f 579/851/289 578/850/288 599/871/301 596/868/298
f 583/855/291 582/854/290 602/874/304 606/878/308
f 587/859/293 586/858/292 603/875/305 607/879/309
f 591/863/295 590/862/294 594/866/296 605/877/307
f 590/862/294 593/865/49 609/890/189 608/888/310
f 578/850/288 581/853/74 610/891/188 597/869/299
f 582/854/290 585/857/102 611/892/197 600/872/302
f 586/858/292 589/861/84 613/893/194 612/889/311
f 614/894/5 615/895/5 616/896/5 617/897/5
f 618/898/3 619/899/3 620/900/3 621/901/3
f 570/845/283 571/844/282 573/847/285 572/849/287
f 626/902/2 627/903/2 628/904/2 629/905/2
f 629/906/312 628/907/312 617/908/312 630/909/312
f 631/910/4 616/911/4 615/912/4 632/913/4
f 614/894/5 617/897/5 628/914/5 627/915/5
f 621/901/3 620/900/3 633/916/3 634/917/3
f 635/918/1 636/112/1 637/111/1 638/114/1
f 630/909/312 617/908/312 616/919/312 631/920/312
f 625/921/1 624/121/1 636/112/1 635/918/1
f 626/902/2 629/905/2 680/922/2 681/923/2
f 629/906/312 630/909/312 682/924/312 680/925/312
f 631/910/4 632/913/4 645/926/4 683/927/4
f 635/918/1 638/114/1 684/140/1 685/928/1
f 630/909/312 631/920/312 683/929/312 682/924/312
f 625/921/1 635/918/1 685/928/1 679/930/1
f 681/923/2 680/922/2 634/931/2 633/932/2
f 680/925/312 682/924/312 621/933/312 634/934/312
f 683/927/4 645/926/4 619/935/4 618/936/4
f 685/928/1 684/140/1 675/117/1 674/116/1
f 682/924/312 683/929/312 618/937/312 621/933/312
f 679/930/1 685/928/1 674/116/1 677/119/1
f 694/938/5 695/939/5 696/940/313 697/941/314
f 698/942/315 699/943/316 700/944/316 701/945/317
f 702/946/2 703/947/2 704/948/2 705/949/2
f 702/950/318 705/951/319 706/952/320 707/953/321
f 698/954/4 708/955/4 709/956/4 699/957/4
f 710/958/322 711/959/323 698/942/315 701/945/317
f 712/960/2 703/947/2 702/946/2 713/961/2
f 714/962/324 713/963/325 702/950/318 707/953/321
f 715/964/4 708/955/4 698/954/4 711/965/4
f 716/966/326 717/967/327 718/968/328 719/969/329
f 720/970/330 721/971/331 722/972/331 723/973/332
f 724/974/333 725/975/334 709/976/335 708/977/336
f 726/978/337 720/970/330 723/973/332 727/979/338
f 728/980/339 724/974/333 708/977/336 715/981/340
f 729/982/341 730/983/342 731/984/343 732/985/344
f 733/986/345 729/982/341 732/985/344 734/987/346
f 735/988/347 736/989/348 737/990/5 738/991/5
f 739/992/349 740/993/316 704/994/316 703/995/350
f 741/996/351 739/992/349 703/995/350 712/997/352
f 697/941/314 696/940/313 742/998/353 743/999/354
f 701/1000/317 700/1001/316 744/1002/331 745/1003/331
f 732/1004/344 731/1005/343 746/1006/355 747/1007/356
f 748/1008/357 701/1000/317 745/1003/331 749/1009/331
f 750/1010/358 732/1004/344 747/1007/356 751/1011/359
f 707/1012/321 706/1013/320 752/1014/360 753/1015/361
f 754/1016/362 707/1012/321 753/1015/361 755/1017/359
f 719/969/329 718/968/328 756/1018/363 757/1019/364
f 723/1020/332 722/1021/331 758/1022/331 759/1023/331
f 760/1024/365 723/1020/332 759/1023/331 761/1025/331
f 762/1026/366 763/1027/367 764/1028/368 710/1029/322
f 765/1030/369 720/1031/330 726/1032/337 766/1033/370
f 767/1034/371 763/1035/372 762/1036/373 768/1037/374
f 716/1038/375 769/1039/376 770/1040/377
f 771/1041/378 697/1042/379 772/1043/380
f 772/1044/381 697/941/314 743/999/354 773/1045/382
f 774/1046/383 775/1047/384 776/1048/385 714/1049/324
f 777/1050/386 729/1051/341 733/1052/345 778/1053/387
f 779/1054/388 775/1055/388 774/1056/388 780/1057/389
f 781/1058/390 782/1059/391 783/1060/392 727/1061/338
f 784/1062/393 739/1063/349 741/1064/351 785/1065/394
f 786/1066/395 782/1067/396 781/1068/397 787/1069/398
f 788/1070/2 789/1071/2 738/991/2 737/990/2
f 789/1072/399 776/1073/385 735/988/400 738/991/401
f 790/1074/402 788/1075/403 737/990/404 736/989/405
f 791/1076/406 764/1077/368 696/940/407 695/939/404
f 792/1078/4 791/1079/4 695/939/4 694/938/4
f 771/1080/378 792/1081/408 694/938/401 697/941/379
f 793/1082/409 783/1083/392 718/968/410 717/967/411
f 794/1084/412 769/1085/376 716/966/375 719/969/413
f 794/1086/412 719/1087/413 795/1088/414
f 796/1089/389 795/1090/388 719/969/329 757/1019/364
f 775/1047/384 735/1091/400 776/1048/385
f 790/1092/402 736/1093/405 797/1094/415
f 798/1095/396 797/1096/416 736/989/348 799/1097/417
f 782/1059/391 718/1098/410 783/1060/392
f 793/1099/409 717/1100/411 800/1101/418
f 801/1102/419 800/1103/395 717/967/327 802/1104/420
f 763/1027/367 696/1105/407 764/1028/368
f 753/1015/361 752/1014/360 803/1106/421 804/1107/422
f 755/1017/359 753/1015/361 804/1107/422 805/1108/359
f 806/1109/423 799/1097/417 736/989/348 735/988/347
f 807/1110/331 808/1111/331 740/1112/316 739/1063/349
f 809/1113/331 807/1110/331 739/1063/349 784/1062/393
f 780/1057/389 755/1114/424 805/1115/425 810/1116/426
f 811/1117/396 809/1118/419 784/1119/427 785/1120/419
f 779/1054/388 806/1109/423 735/988/347 775/1055/388
f 798/1095/396 799/1097/417 756/1018/363 786/1066/395
f 757/1019/364 756/1018/363 799/1097/417 806/1109/423
f 759/1023/331 758/1022/331 808/1111/331 807/1110/331
f 761/1025/331 759/1023/331 807/1110/331 809/1113/331
f 787/1069/398 761/1121/428 809/1118/419 811/1117/396
f 796/1089/389 757/1019/364 806/1109/423 779/1054/388
f 804/1107/422 803/1106/421 730/1122/342 729/1051/341
f 805/1108/359 804/1107/422 729/1051/341 777/1050/386
f 810/1116/426 805/1115/425 777/1123/425 778/1124/429
f 786/1066/395 756/1018/363 718/968/328 782/1067/396
f 812/1125/430 802/1104/420 717/967/327 716/966/326
f 813/1126/331 814/1127/331 721/1128/331 720/1031/330
f 747/1007/356 746/1006/355 815/1129/342 816/1130/431
f 817/1131/331 813/1126/331 720/1031/330 765/1030/369
f 751/1011/359 747/1007/356 816/1130/431 818/1132/359
f 819/1133/427 817/1134/428 765/1135/419 766/1136/432
f 770/1137/433 820/1138/434 812/1125/430 716/966/326
f 801/1102/419 802/1104/420 742/998/353 767/1034/371
f 743/999/354 742/998/353 802/1104/420 812/1125/430
f 745/1003/331 744/1002/331 814/1127/331 813/1126/331
f 749/1009/331 745/1003/331 813/1126/331 817/1131/331
f 768/1037/374 749/1139/435 817/1134/428 819/1133/427
f 773/1045/382 743/999/354 812/1125/430 820/1138/434
f 816/1130/431 815/1129/342 725/1140/334 724/1141/333
f 818/1132/359 816/1130/431 724/1141/333 821/1142/436
f 767/1034/371 742/998/353 696/940/313 763/1035/372
f 822/1143/437 770/1040/377 769/1039/376 734/1144/346
f 820/1138/434 770/1137/433 822/1145/438 823/1146/439
f 773/1045/382 820/1138/434 823/1146/439 824/1147/440
f 825/1148/441 772/1044/381 773/1045/382 824/1147/440
f 771/1041/378 772/1043/380 825/1149/442 728/1150/339
f 711/959/323 710/958/322 764/1077/368 791/1076/406
f 712/960/2 713/961/2 789/1071/2 788/1070/2
f 713/963/325 714/962/324 776/1073/385 789/1072/399
f 715/964/4 711/965/4 791/1079/4 792/1078/4
f 726/978/337 727/979/338 783/1083/392 793/1082/409
f 771/1080/378 728/980/339 715/981/340 792/1081/408
f 733/986/345 734/987/346 769/1085/376 794/1084/412
f 790/1074/402 741/996/351 712/997/352 788/1075/403
f 748/1008/357 762/1026/366 710/1029/322 701/1000/317
f 766/1033/370 726/1032/337 793/1099/409 800/1101/418
f 768/1037/374 762/1036/373 748/1151/443 749/1139/435
f 754/1016/362 774/1046/383 714/1049/324 707/1012/321
f 778/1053/387 733/1052/345 794/1086/412 795/1088/414
f 780/1057/389 774/1056/388 754/1152/424 755/1114/424
f 760/1024/365 781/1058/390 727/1061/338 723/1020/332
f 785/1065/394 741/1064/351 790/1092/402 797/1094/415
f 787/1069/398 781/1068/397 760/1153/374 761/1121/428
f 780/1057/389 810/1116/426 796/1089/389 779/1054/388
f 798/1095/396 811/1117/396 785/1120/419 797/1096/416
f 787/1069/398 811/1117/396 798/1095/396 786/1066/395
f 796/1089/389 810/1116/426 778/1124/429 795/1090/388
f 801/1102/419 819/1133/427 766/1136/432 800/1103/395
f 768/1037/374 819/1133/427 801/1102/419 767/1034/371
f 750/1010/358 822/1143/437 734/1144/346 732/1004/344
f 823/1146/439 822/1145/438 750/1154/444 751/1155/445
f 824/1147/440 823/1146/439 751/1155/445 818/1156/446
f 821/1157/447 825/1148/441 824/1147/440 818/1156/446
f 728/1150/339 825/1149/442 821/1142/436 724/1141/333
f 826/1158/448 827/1159/449 828/1160/312 829/1161/312
f 830/1162/450 831/1163/451 832/1164/451 833/1165/450
f 834/1166/4 835/1167/4 836/1168/452 837/1169/452
f 838/1170/453 839/1171/453 840/1172/3 841/1173/3
f 842/1174/454 843/1175/454 844/1176/2 845/1177/2
f 846/1178/455 847/1179/456 848/1180/456 849/1181/455
f 833/1165/450 850/1182/457 851/1183/457 830/1162/450
f 836/1168/452 852/1184/458 853/1185/458 837/1169/452
f 854/1186/459 855/1187/460 856/1188/460 857/1189/459
f 847/1179/456 858/1190/461 859/1191/461 848/1180/456
f 858/1192/461 832/1164/451 831/1163/451 859/1193/461
f 850/1194/457 860/1195/462 861/1196/462 851/1197/457
f 860/1195/462 862/1198/463 863/1199/463 861/1196/462
f 852/1184/458 864/1200/464 865/1201/464 853/1185/458
f 864/1202/464 839/1171/453 838/1170/453 865/1203/464
f 855/1204/460 866/1205/465 867/1206/465 856/1207/460
f 866/1205/465 843/1175/454 842/1174/454 867/1206/465
f 868/1208/312 869/1209/312 831/1210/312 830/1211/312
f 870/1212/312 868/1208/312 830/1211/312 851/1213/312
f 871/1214/312 870/1212/312 851/1213/312 861/1215/312
f 872/1216/312 871/1214/312 861/1215/312 863/1217/312
f 873/1218/312 874/1219/312 834/1220/312 837/1221/312
f 875/1222/312 873/1218/312 837/1221/312 853/1223/312
f 876/1224/312 875/1222/312 853/1223/312 865/1225/312
f 877/1226/312 876/1224/312 865/1225/312 838/1227/312
f 878/1228/312 877/1226/312 838/1227/312 841/1229/312
f 879/1230/312 880/1231/312 857/1232/312 856/1233/312
f 881/1234/312 879/1230/312 856/1233/312 867/1235/312
f 882/1236/312 881/1234/312 867/1235/312 842/1237/312
f 882/1236/312 842/1237/312 845/1238/312 883/1239/312
f 884/1240/312 885/1241/312 849/1242/312 848/1243/312
f 886/1244/312 884/1240/312 848/1243/312 859/1245/312
f 869/1209/312 886/1244/312 859/1245/312 831/1210/312
f 849/1181/455 887/1246/2 888/1247/2 846/1178/455
f 885/1241/312 889/1248/312 887/1249/312 849/1242/312
f 890/1250/466 891/1251/467 892/1252/468 893/1253/469
f 834/1220/312 874/1219/312 894/1254/312 895/1255/312
f 835/1167/4 834/1166/4 895/1256/4 896/1257/4
f 897/1258/470 898/1259/471 899/1260/312 900/1261/472
f 901/1262/473 900/1261/472 899/1260/312 902/1263/312
f 903/1264/312 904/1265/474 901/1262/473
f 903/1264/312 901/1262/473 902/1263/312
f 903/1264/312 905/1266/475 906/1267/476 904/1265/474
f 907/1268/477 908/1269/478 909/1270/479 910/1271/312
f 907/1268/477 910/1271/312 911/1272/480
f 912/1273/481 913/1274/312 914/1275/482
f 887/1249/312 889/1248/312 915/1276/312
f 916/1277/483 869/1278/484 868/1279/485 917/1280/485
f 917/1280/485 868/1279/485 870/1281/486 918/1282/486
f 918/1283/486 870/1284/486 871/1285/487 919/1286/487
f 919/1286/487 871/1285/487 872/1287/488 920/1288/488
f 921/1289/4 894/1290/4 874/1291/4 922/1292/4
f 923/1293/489 922/1292/4 874/1291/4 873/1294/490
f 924/1295/491 923/1293/489 873/1294/490 875/1296/492
f 925/1297/493 924/1295/491 875/1296/492 876/1298/494
f 925/1299/493 876/1300/494 877/1301/495 926/1302/496
f 926/1302/496 877/1301/495 878/1303/497 927/1304/497
f 928/1305/498 880/1306/499 879/1307/500 929/1308/501
f 929/1309/501 879/1310/500 881/1311/502 930/1312/503
f 930/1312/503 881/1311/502 882/1313/504 931/1314/505
f 931/1314/505 882/1313/504 883/1315/506 932/1316/507
f 933/1317/508 934/1318/509 935/1319/510 883/1315/506
f 935/1319/510 932/1316/507 883/1315/506
f 934/1318/509 933/1317/508 915/1320/511 936/1321/512
f 936/1321/512 915/1320/511 889/1322/513 937/1323/513
f 937/1323/513 889/1322/513 885/1324/455 938/1325/514
f 938/1325/514 885/1324/455 884/1326/515 939/1327/516
f 939/1327/516 884/1326/515 886/1328/517 940/1329/518
f 940/1329/518 886/1328/517 869/1330/484 916/1331/483
f 941/1332/519 942/1333/520 916/1277/483 943/1334/521
f 916/1277/483 917/1280/485 943/1334/521
f 917/1280/485 918/1282/486 944/1335/522 943/1334/521
f 918/1283/486 919/1286/487 945/1336/523 944/1337/522
f 919/1286/487 920/1288/488 946/1338/524 945/1336/523
f 947/1339/525 948/1340/526 949/1341/4 922/1292/4
f 949/1341/4 921/1289/4 922/1292/4
f 922/1292/4 923/1293/489 950/1342/527 947/1339/525
f 923/1293/489 924/1295/491 951/1343/528 950/1342/527
f 924/1295/491 925/1297/493 952/1344/529 951/1343/528
f 925/1299/493 926/1302/496 953/1345/530 952/1346/529
f 954/1347/497 928/1305/498 955/1348/531 956/1349/532
f 928/1305/498 929/1308/501 957/1350/533 955/1348/531
f 957/1351/533 929/1309/501 930/1312/503 958/1352/534
f 958/1352/534 930/1312/503 931/1314/505 959/1353/535
f 959/1353/535 931/1314/505 932/1316/507 960/1354/536
f 934/1318/509 936/1321/512 961/1355/537 962/1356/538
f 936/1321/512 937/1323/513 963/1357/539 961/1355/537
f 937/1323/513 938/1325/514 964/1358/540 963/1357/539
f 938/1325/514 939/1327/516 965/1359/541 964/1358/540
f 939/1327/516 940/1329/518 966/1360/542 965/1359/541
f 935/1319/510 934/1318/509 962/1356/538 932/1316/507
f 962/1356/538 960/1354/536 932/1316/507
f 964/1358/540 965/1361/541 967/1362/543
f 965/1361/541 966/1363/542 968/1364/544 967/1362/543
f 844/1176/2 888/1247/2 887/1246/2 845/1177/2
f 933/1365/312 883/1239/312 845/1238/312
f 887/1249/312 915/1276/312 933/1365/312 845/1238/312
f 942/1366/520 966/1360/542 940/1329/518 916/1331/483
f 912/1273/481 969/1367/545 970/1368/546
f 966/1363/542 942/1369/520 971/1370/547 968/1364/544
f 972/1371/548 973/1372/549 974/1373/550 975/1374/551
f 975/1374/551 974/1373/550 976/1375/552 977/1376/553
f 977/1376/553 976/1375/552 978/1377/554 979/1378/555
f 979/1378/555 978/1377/554 980/1379/556 981/1380/557
f 982/1381/558 983/1382/559 984/1383/560 985/1384/561
f 985/1384/561 984/1383/560 986/1385/562 987/1386/563
f 987/1386/563 986/1385/562 988/1387/564 989/1388/565
f 989/1388/565 988/1387/564 990/1389/566 991/1390/567
f 991/1390/567 990/1389/566 992/1391/568 993/1392/569
f 994/1393/570 906/1267/476 905/1266/475
f 911/1272/480 995/1394/571 996/1395/572 907/1268/477
f 907/1268/477 996/1395/572 997/1396/573 908/1269/478
f 908/1269/478 997/1396/573 998/1397/574 909/1270/479
f 909/1270/479 998/1397/574 999/1398/575 1000/1399/576
f 912/1273/481 914/1275/482 1001/1400/577 1002/1401/578
f 973/1402/549 941/1332/519 943/1334/521 974/1403/550
f 974/1403/550 943/1334/521 944/1335/522 976/1404/552
f 976/1405/552 944/1337/522 945/1336/523 978/1406/554
f 978/1406/554 945/1336/523 946/1338/524 980/1407/556
f 983/1408/559 948/1340/526 947/1339/525 984/1409/560
f 984/1409/560 947/1339/525 950/1342/527 986/1410/562
f 986/1410/562 950/1342/527 951/1343/528 988/1411/564
f 988/1411/564 951/1343/528 952/1344/529 990/1412/566
f 990/1413/566 952/1346/529 953/1345/530 992/1414/568
f 994/1415/570 992/1414/568 953/1345/530 1003/1416/579
f 995/1417/571 955/1348/531 957/1350/533 996/1418/572
f 996/1419/572 957/1351/533 958/1352/534 997/1420/573
f 997/1420/573 958/1352/534 959/1353/535 998/1421/574
f 998/1421/574 959/1353/535 960/1354/536 999/1422/575
f 1002/1423/578 1001/1424/577 971/1370/547 942/1369/520
f 1004/1425/3 1005/1426/3 854/1186/459 857/1189/459
f 880/1231/312 1006/1427/312 1004/1428/312 857/1232/312
f 1007/1429/580 911/1272/480 910/1271/312 1008/1430/312
f 954/1347/497 1006/1431/497 880/1306/499 928/1305/498
f 954/1347/497 956/1349/532 1003/1416/579 927/1304/497
f 911/1272/480 1007/1429/580 1009/1432/581 995/1394/571
f 955/1348/531 995/1417/571 1009/1433/581 956/1349/532
f 841/1173/3 840/1172/3 1005/1426/3 1004/1425/3
f 1006/1427/312 878/1228/312 841/1229/312 1004/1428/312
f 828/1160/312 827/1159/449 1010/1434/582 1011/1435/312
f 927/1304/497 878/1303/497 1006/1431/497 954/1347/497
f 1010/1434/582 1012/1436/583 1013/1437/584 1011/1435/312
f 1012/1438/583 1014/1439/585 1015/1440/586 1013/1441/584
f 927/1304/497 1003/1416/579 953/1345/530 926/1302/496
f 1016/1442/587 1017/1443/588 1018/1444/589 1019/1445/590
f 1020/1446/591 1016/1442/587 1019/1445/590 898/1447/471
f 1021/1448/592 1020/1446/591 898/1447/471 897/1449/470
f 1022/1450/593 1021/1451/592 897/1452/470 900/1453/472
f 1023/1454/594 1022/1450/593 900/1453/472 901/1455/473
f 904/1456/474 1024/1457/595 901/1455/473
f 1024/1457/595 1023/1454/594 901/1455/473
f 1025/1458/596 1024/1457/595 904/1456/474 906/1459/476
f 1026/1460/597 1025/1458/596 906/1459/476 994/1461/570
f 1027/1462/598 1026/1463/597 994/1415/570 1003/1416/579
f 1028/1464/599 1027/1462/598 1003/1416/579 956/1349/532
f 1029/1465/600 1028/1464/599 956/1349/532 1030/1466/601
f 1031/1467/602 1029/1468/600 1030/1469/601 1032/1470/603
f 1031/1467/602 1032/1470/603 1033/1471/604 1034/1472/605
f 1035/1473/606 1036/1474/607 1037/1475/604
f 1036/1474/607 1038/1476/605 1037/1475/604
f 1039/1477/608 1036/1474/607 1035/1473/606 1040/1478/609
f 1041/1479/610 1039/1477/608 1040/1478/609 1042/1480/611
f 1043/1481/612 1041/1482/610 1042/1483/611 1044/1484/613
f 1017/1443/588 1043/1481/612 1044/1484/613 1018/1444/589
f 913/1274/312 912/1273/481 1045/1485/312
f 1045/1485/312 912/1273/481 970/1368/546
f 1046/1486/614 1047/1487/615 1017/1443/588 1016/1442/587
f 1048/1488/616 1046/1486/614 1016/1442/587 1020/1446/591
f 1049/1489/617 1048/1488/616 1020/1446/591 1021/1448/592
f 1050/1490/618 1049/1489/617 1021/1451/592 1022/1450/593
f 1051/1491/619 1050/1490/618 1022/1450/593 1023/1454/594
f 1052/1492/620 1051/1491/619 1023/1454/594 1024/1457/595
f 1053/1493/621 1052/1492/620 1024/1457/595 1025/1458/596
f 1054/1494/622 1053/1493/621 1025/1458/596 1026/1460/597
f 1014/1439/585 1054/1495/622 1026/1463/597 1027/1462/598
f 1015/1440/586 1014/1439/585 1027/1462/598 1028/1464/599
f 1055/1496/623 1015/1440/586 1028/1464/599 1029/1465/600
f 1056/1497/624 1055/1498/623 1029/1468/600 1031/1467/602
f 1056/1497/624 1031/1467/602 1034/1472/605 1057/1499/625
f 1058/1500/626 1059/1501/627 1038/1476/605 1036/1474/607
f 1060/1502/628 1058/1500/626 1036/1474/607 1039/1477/608
f 1061/1503/629 1060/1502/628 1039/1477/608 1041/1479/610
f 1062/1504/630 1061/1503/629 1041/1482/610 1043/1481/612
f 1047/1487/615 1062/1504/630 1043/1481/612 1017/1443/588
f 893/1253/469 826/1158/448 829/1161/312 890/1250/466
f 891/1251/467 1047/1487/615 1046/1486/614 892/1252/468
f 1046/1486/614 1048/1488/616 892/1252/468
f 893/1253/469 892/1252/468 1049/1489/617 1050/1490/618
f 826/1158/448 893/1253/469 1050/1490/618 1051/1491/619
f 1052/1492/620 827/1159/449 826/1158/448 1051/1491/619
f 1010/1434/582 827/1159/449 1052/1492/620 1053/1493/621
f 1054/1494/622 1012/1436/583 1010/1434/582 1053/1493/621
f 1012/1438/583 1054/1495/622 1014/1439/585
f 1063/1505/631 1064/1506/632 1055/1498/623 1056/1497/624
f 1063/1505/631 1056/1497/624 1057/1499/625
f 1058/1500/626 1065/1507/633 1066/1508/634 1059/1501/627
f 891/1251/467 890/1250/466 1067/1509/635 1068/1510/636
f 891/1251/467 1068/1510/636 1062/1504/630 1047/1487/615
f 1069/1511/637 972/1371/548 1070/1512/312 1071/1513/312
f 973/1372/549 972/1371/548 1069/1511/637 1072/1514/638
f 1002/1515/578 942/1333/520 941/1332/519 1072/1516/638
f 941/1332/519 973/1402/549 1072/1516/638
f 1071/1513/312 969/1367/545 912/1273/481 1069/1511/637
f 1072/1514/638 1069/1511/637 912/1273/481 1002/1401/578
f 981/1380/557 1070/1512/312 972/1371/548 975/1374/551
f 981/1380/557 975/1374/551 977/1376/553 979/1378/555
f 983/1382/559 982/1381/558 981/1380/557 980/1379/556
f 948/1340/526 983/1408/559 980/1407/556 946/1338/524
f 948/1340/526 946/1338/524 920/1288/488 949/1341/4
f 920/1288/488 921/1289/4 949/1341/4
f 894/1290/4 921/1289/4 920/1288/488 872/1287/488
f 895/1255/312 894/1254/312 872/1216/312 863/1217/312
f 896/1257/4 895/1256/4 863/1199/463 862/1198/463
f 1048/1488/616 1049/1489/617 892/1252/468
f 1064/1517/632 1013/1441/584 1015/1440/586 1055/1496/623
f 1011/1435/312 1013/1437/584 1064/1518/632 1073/1519/312
f 1066/1508/634 828/1160/312 1011/1435/312 1073/1519/312
f 829/1161/312 828/1160/312 1066/1508/634 1065/1507/633
f 890/1250/466 829/1161/312 1065/1507/633 1067/1509/635
f 1067/1509/635 1065/1507/633 1058/1500/626 1060/1502/628
f 1068/1510/636 1067/1509/635 1060/1502/628 1061/1503/629
f 1068/1510/636 1061/1503/629 1062/1504/630
f 1064/1506/632 1063/1505/631 1073/1519/312
f 1073/1519/312 1063/1505/631 1066/1508/634
f 1074/1520/312 1075/1521/312 910/1271/312 1000/1399/576
f 909/1270/479 1000/1399/576 910/1271/312
f 910/1271/312 1075/1521/312 1008/1430/312
f 1034/1472/605 1033/1471/604 1037/1475/604 1038/1476/605
f 1057/1499/625 1034/1472/605 1038/1476/605 1059/1501/627
f 1063/1505/631 1057/1499/625 1059/1501/627 1066/1508/634
f 898/1259/471 1019/1522/590 1076/1523/312 899/1260/312
f 1019/1522/590 1018/1524/589 1077/1525/312 1076/1523/312
f 1077/1525/312 1018/1524/589 1078/1526/312
f 1078/1526/312 1079/1527/312 970/1368/546 969/1367/545
f 1079/1527/312 1080/1528/312 1045/1485/312 970/1368/546
f 1080/1528/312 1081/1529/312 913/1274/312 1045/1485/312
f 1081/1529/312 1074/1520/312 1000/1399/576 914/1275/482
f 913/1274/312 1081/1529/312 914/1275/482
f 1000/1399/576 999/1398/575 1001/1400/577 914/1275/482
f 999/1530/575 960/1531/536 971/1370/547 1001/1424/577
f 960/1531/536 962/1532/538 968/1364/544 971/1370/547
f 968/1364/544 962/1532/538 961/1533/537 967/1362/543
f 967/1362/543 961/1533/537 963/1357/539 964/1358/540
f 1078/1526/312 1018/1524/589 1044/1534/613 1079/1527/312
f 1044/1534/613 1042/1535/611 1080/1528/312 1079/1527/312
f 1042/1535/611 1040/1536/609 1081/1529/312 1080/1528/312
f 1078/1526/312 969/1367/545 1071/1513/312 1077/1525/312
f 1071/1513/312 1070/1512/312 1076/1523/312 1077/1525/312
f 1070/1512/312 981/1380/557 982/1381/558 899/1260/312
f 1076/1523/312 1070/1512/312 899/1260/312
f 899/1260/312 982/1381/558 985/1384/561 902/1263/312
f 985/1384/561 987/1386/563 989/1388/565 903/1264/312
f 989/1388/565 991/1390/567 993/1392/569 903/1264/312
f 902/1263/312 985/1384/561 903/1264/312
f 903/1264/312 993/1392/569 905/1266/475
f 905/1266/475 993/1392/569 992/1391/568 994/1393/570
f 1040/1536/609 1035/1537/606 1074/1520/312 1081/1529/312
f 1037/1538/604 1075/1521/312 1035/1537/606
f 1074/1520/312 1035/1537/606 1075/1521/312
f 1075/1521/312 1037/1538/604 1033/1539/604 1008/1430/312
f 1033/1539/604 1032/1540/603 1007/1429/580 1008/1430/312
f 1032/1540/603 1030/1541/601 1009/1432/581 1007/1429/580
f 1009/1433/581 1030/1466/601 956/1349/532
o glass_television_rubin_obj.003
v -21.641600 -14.736606 38.880192
v -46.861198 -13.605705 35.311291
v -46.304798 -26.528406 35.020992
v -21.492300 -26.137005 35.834190
v -2.222200 -31.090605 32.363689
v -2.222200 -31.090603 30.544590
v 22.537100 -30.218603 30.544590
v 22.537100 -30.218605 32.363689
v 26.905800 -13.664804 32.363693
v 26.905800 -13.664804 30.544594
v 27.465099 -2.611005 30.544596
v 27.465099 -2.611005 32.363693
v -21.461700 33.118896 32.363701
v -21.461700 33.118896 30.544601
v -46.125900 32.247196 30.544601
v -46.125900 32.247196 32.363701
v -50.564201 -13.664804 32.363693
v -50.564201 -13.664804 30.544594
v -49.907600 -26.657003 30.544592
v -49.907600 -26.657005 32.363689
v -47.798500 -29.996004 30.544590
v -46.240398 -30.218603 30.544590
v -46.240398 -30.218605 32.363689
v -47.798500 -29.996006 32.363689
v 25.876101 -28.215204 30.544592
v 26.248400 -26.657003 30.544592
v 26.248400 -26.657005 32.363689
v 25.876101 -28.215206 32.363689
v 24.134600 32.024597 30.544601
v 22.576401 32.247196 30.544601
v 22.576401 32.247196 32.363701
v 24.134600 32.024597 32.363701
v -49.464901 30.243696 30.544601
v -49.907600 28.685596 30.544600
v -49.907600 28.685595 32.363697
v -49.464901 30.243694 32.363701
v -48.911598 -29.328203 30.544590
v -48.911598 -29.328205 32.363689
v -49.579399 -28.215204 30.544592
v -49.579399 -28.215206 32.363689
v 25.208300 -29.328203 30.544590
v 25.208300 -29.328205 32.363689
v 24.095301 -29.996004 30.544590
v 24.095301 -29.996006 32.363689
v 25.247601 31.356796 30.544601
v 25.247601 31.356794 32.363701
v 25.915400 30.243795 30.544601
v 25.915400 30.243793 32.363701
v 26.248400 28.685596 30.544600
v 26.248400 28.685595 32.363697
v -48.797100 31.356796 30.544601
v -48.797100 31.356794 32.363701
v -47.684101 32.024597 30.544601
v -47.684101 32.024597 32.363701
v 23.249201 -2.610905 35.639397
v 22.953600 -13.602106 35.362591
v 24.186300 -13.611006 35.046391
v 24.465500 -2.610905 35.234695
v -2.222200 33.118896 30.544601
v -2.222200 33.118896 32.363701
v -21.461700 -31.090603 30.544590
v -21.461700 -31.090605 32.363689
v 26.889700 16.069696 30.544598
v 26.889700 16.069695 32.363697
v 27.465099 4.750695 32.363693
v 27.465099 4.750695 30.544596
v 23.749001 29.862995 34.871300
v 22.491800 29.873394 34.851498
v 22.602301 28.619795 35.023399
v 23.856300 28.603695 34.818199
v -21.480600 30.078794 35.371098
v -46.085800 29.873095 34.850899
v -46.305698 28.619194 35.022400
v -21.487700 28.936893 35.811901
v -50.548100 16.069695 32.363697
v -50.548100 16.069696 30.544598
v -51.122799 4.750695 30.544596
v -51.122799 4.750695 32.363693
v -11.841700 -14.720305 38.912891
v -11.842000 -26.102705 35.905392
v -11.841900 33.510998 30.544601
v -11.841900 33.510998 32.363701
v -11.841900 -31.483004 30.544590
v -11.841900 -31.483006 32.363689
v -11.842000 30.109594 35.434898
v -11.842000 28.966194 35.872799
v -2.042000 -14.736606 38.880192
v -2.191600 -26.136906 35.834190
v -2.203300 30.078894 35.371098
v -2.196200 28.936893 35.811901
v 27.465099 0.901495 30.544596
v 27.465099 0.901495 32.363693
v 23.249201 4.750694 35.639397
v 23.249201 0.901595 35.639397
v 24.465500 0.901595 35.234695
v 24.465401 4.750695 35.234695
v -21.768499 0.790694 40.653996
v -47.334499 0.901595 35.558197
v -47.334499 -2.610905 35.558197
v -21.768499 -5.037006 40.456795
v -51.122799 0.901495 32.363693
v -51.122799 0.901495 30.544596
v -51.122799 -2.611005 30.544596
v -51.122799 -2.611005 32.363693
v -11.841600 0.791594 41.264996
v -11.841600 7.177894 40.456795
v -21.768499 7.176894 40.456795
v -1.914600 0.790694 40.653996
v -1.914600 7.176894 40.456795
v -21.463499 -30.806305 33.428089
v -21.468700 -29.953506 34.509792
v -46.139301 -29.078705 34.409592
v -46.215099 -29.933706 33.403088
v 25.963301 -26.632607 33.401691
v 26.618900 -13.653605 33.414791
v 25.758200 -13.619905 34.456291
v 25.107800 -26.559305 34.404190
v -2.220400 32.834698 33.428402
v -2.215100 31.981894 34.510899
v 22.475300 31.107195 34.410099
v 22.551100 31.962194 33.403202
v -49.622501 28.661095 33.401798
v -50.261299 16.058195 33.414497
v -49.400700 16.023495 34.455200
v -48.766998 28.587694 34.404400
v -47.701199 -29.721605 33.409187
v 25.601700 -28.117805 33.408291
v 24.037201 31.750195 33.409302
v -49.190399 30.146395 33.408401
v -49.622501 -26.632607 33.401791
v -49.304901 -28.117805 33.408291
v -48.703701 -29.120405 33.413292
v 22.511801 -29.933706 33.403088
v 23.997900 -29.721605 33.409187
v 25.000401 -29.120405 33.413292
v 25.963301 28.661095 33.401798
v 25.640900 30.146395 33.408401
v 25.039700 31.148893 33.413399
v -46.100601 31.962194 33.403202
v -47.586700 31.750195 33.409302
v -48.589199 31.148893 33.413399
v 22.436001 -29.078705 34.409592
v -2.215200 -29.953506 34.509792
v -2.220400 -30.806305 33.428089
v -46.024799 31.107195 34.410198
v -21.468800 31.981894 34.510899
v -21.463499 32.834698 33.428402
v 27.176701 4.750695 33.425793
v 26.602900 16.058195 33.414497
v 25.742300 16.023495 34.455101
v 26.311600 4.750695 34.500595
v -50.834400 -2.611005 33.425896
v -50.277302 -13.653605 33.414791
v -49.416599 -13.619905 34.456493
v -49.969299 -2.610905 34.500797
v -11.841900 -31.198606 33.427288
v -11.841900 33.226696 33.427601
v 27.176701 -2.611005 33.425793
v 27.176701 0.901495 33.425793
v 26.311600 0.901595 34.500595
v 26.311600 -2.610905 34.500595
v -50.834400 0.901495 33.425896
v -47.409000 -28.898405 34.433990
v 24.778299 -27.825605 34.430592
v 23.745001 30.926895 34.434601
v -48.367100 29.854094 34.430901
v -48.766998 -26.559305 34.404293
v -48.481499 -27.825605 34.430691
v -48.080002 -28.496706 34.450390
v 23.705700 -28.898405 34.433990
v 24.376801 -28.496706 34.450291
v 25.107800 28.587694 34.404301
v 24.817600 29.854094 34.430798
v 24.416000 30.525293 34.450798
v -47.294498 30.926895 34.434601
v -47.965500 30.525194 34.450798
v -11.841900 -30.345606 34.506592
v -11.841900 32.373695 34.507698
v -49.969299 0.901595 34.500797
v -21.635700 17.467394 38.808498
v -46.847900 16.038395 35.304798
v -47.334400 4.750694 35.558197
v -11.841800 17.481794 38.837299
v -2.047800 17.467394 38.808498
v 24.177401 16.031094 35.037800
v 22.943300 16.038595 35.348099
v -47.309299 29.862894 34.716801
v -47.517799 28.603695 34.818298
v -47.976601 16.031094 35.011299
v -49.969299 4.750695 34.500797
v -48.388302 0.901595 35.184395
v -48.388302 4.750695 35.184395
v -48.388302 -2.610905 35.184395
v -47.987999 -13.612706 35.015690
v -47.409302 -27.823906 34.856491
v -21.483601 -27.553905 35.375793
v -46.168800 -27.821806 34.819290
v -11.842000 -27.517506 35.451290
v -2.200300 -27.553905 35.375793
v 23.710899 -27.814905 34.874893
v 22.454901 -27.802305 34.859592
v 23.858299 -26.540007 34.825092
v 22.606199 -26.520605 35.037193
v -47.517502 -26.543606 34.817593
v -1.914600 -5.037006 40.456795
v -11.841600 -5.036106 40.456795
v -50.834400 4.750695 33.425896
vt 0.587600 0.077600
vt 0.496000 0.081000
vt 0.498500 0.034700
vt 0.587700 0.035100
vt 0.658600 0.011100
vt 0.659000 0.004300
vt 0.750900 0.012100
vt 0.749100 0.018600
vt 0.768800 0.079500
vt 0.775600 0.078800
vt 0.778600 0.120100
vt 0.771700 0.120400
vt 0.587100 0.257400
vt 0.586700 0.264100
vt 0.495100 0.256300
vt 0.496800 0.249800
vt 0.476900 0.079500
vt 0.470200 0.078800
vt 0.476500 0.029900
vt 0.483000 0.031900
vt 0.488100 0.014800
vt 0.494700 0.012200
vt 0.496500 0.018700
vt 0.491500 0.020800
vt 0.766300 0.023200
vt 0.769200 0.029800
vt 0.762700 0.031800
vt 0.760400 0.026800
vt 0.757600 0.253700
vt 0.750900 0.256300
vt 0.749200 0.249800
vt 0.754200 0.247700
vt 0.479600 0.245300
vt 0.476600 0.238600
vt 0.483100 0.236500
vt 0.485600 0.241600
vt 0.483200 0.018500
vt 0.488000 0.023400
vt 0.479400 0.023300
vt 0.485300 0.026900
vt 0.762500 0.018400
vt 0.757600 0.023400
vt 0.757500 0.014700
vt 0.754100 0.020800
vt 0.762500 0.250000
vt 0.757600 0.245100
vt 0.766300 0.245300
vt 0.760300 0.241600
vt 0.769200 0.238600
vt 0.762700 0.236600
vt 0.483500 0.250100
vt 0.488300 0.245000
vt 0.488400 0.253700
vt 0.491800 0.247600
vt 0.750300 0.120800
vt 0.748900 0.080900
vt 0.753600 0.080700
vt 0.755100 0.120800
vt 0.658900 0.264100
vt 0.658500 0.257400
vt 0.586700 0.004300
vt 0.587100 0.011100
vt 0.775500 0.191100
vt 0.768700 0.190300
vt 0.771700 0.148400
vt 0.778600 0.148800
vt 0.750500 0.237900
vt 0.746800 0.238000
vt 0.747000 0.234000
vt 0.751000 0.234100
vt 0.587600 0.240500
vt 0.499100 0.238000
vt 0.498500 0.233900
vt 0.587700 0.236000
vt 0.477100 0.190300
vt 0.470300 0.191000
vt 0.467200 0.148700
vt 0.474100 0.148400
vt 0.622800 0.077500
vt 0.622800 0.035000
vt 0.622800 0.265600
vt 0.622800 0.258800
vt 0.622800 0.002900
vt 0.622800 0.009600
vt 0.622800 0.240800
vt 0.622800 0.236300
vt 0.658000 0.077600
vt 0.658000 0.035100
vt 0.658000 0.240500
vt 0.657900 0.236000
vt 0.779100 0.133800
vt 0.772100 0.133800
vt 0.750300 0.148000
vt 0.750400 0.133800
vt 0.755200 0.133800
vt 0.755100 0.148100
vt 0.587600 0.133400
vt 0.493800 0.133800
vt 0.493900 0.120800
vt 0.587600 0.112700
vt 0.473800 0.133800
vt 0.466700 0.133800
vt 0.467200 0.120100
vt 0.474100 0.120500
vt 0.622800 0.133400
vt 0.622800 0.156200
vt 0.587600 0.156100
vt 0.658000 0.133400
vt 0.658100 0.156100
vt 0.587300 0.015200
vt 0.587500 0.020300
vt 0.498500 0.026300
vt 0.497500 0.022200
vt 0.759300 0.032900
vt 0.764800 0.079900
vt 0.759800 0.080400
vt 0.755200 0.034000
vt 0.658300 0.253300
vt 0.658100 0.248200
vt 0.747200 0.242200
vt 0.748200 0.246300
vt 0.486500 0.235400
vt 0.481100 0.189900
vt 0.486100 0.189400
vt 0.490600 0.234400
vt 0.493100 0.023800
vt 0.757400 0.028500
vt 0.752500 0.244700
vt 0.488600 0.239800
vt 0.486400 0.033000
vt 0.488300 0.028600
vt 0.490300 0.025800
vt 0.748100 0.022100
vt 0.752500 0.023700
vt 0.755300 0.025800
vt 0.759300 0.235500
vt 0.757400 0.239900
vt 0.755300 0.242700
vt 0.497900 0.246300
vt 0.493500 0.244600
vt 0.490700 0.242600
vt 0.747100 0.026300
vt 0.658200 0.020300
vt 0.658400 0.015200
vt 0.498900 0.242100
vt 0.587500 0.248200
vt 0.587300 0.253300
vt 0.767600 0.148300
vt 0.764600 0.189900
vt 0.759600 0.189400
vt 0.762400 0.148200
vt 0.478200 0.120600
vt 0.481000 0.080000
vt 0.486000 0.080400
vt 0.483300 0.120700
vt 0.622800 0.013700
vt 0.622800 0.254700
vt 0.767600 0.120600
vt 0.767800 0.133800
vt 0.762600 0.133800
vt 0.762500 0.120700
vt 0.478000 0.133800
vt 0.494800 0.027400
vt 0.753800 0.030300
vt 0.750800 0.241100
vt 0.492200 0.238000
vt 0.490500 0.034000
vt 0.491800 0.030400
vt 0.493000 0.028600
vt 0.750800 0.027300
vt 0.752600 0.028500
vt 0.755200 0.234500
vt 0.753800 0.238100
vt 0.752600 0.239900
vt 0.495200 0.241100
vt 0.493400 0.239900
vt 0.622800 0.018700
vt 0.622800 0.249700
vt 0.483200 0.133800
vt 0.587600 0.193300
vt 0.496000 0.188900
vt 0.493900 0.148000
vt 0.622800 0.193500
vt 0.658000 0.193300
vt 0.753500 0.189200
vt 0.748800 0.189000
vt 0.495400 0.237900
vt 0.494700 0.234100
vt 0.491700 0.189100
vt 0.483400 0.148100
vt 0.489600 0.133800
vt 0.489800 0.148100
vt 0.489700 0.120800
vt 0.491700 0.080700
vt 0.495100 0.030700
vt 0.587600 0.029700
vt 0.498800 0.030500
vt 0.622800 0.029600
vt 0.658000 0.029600
vt 0.750500 0.030600
vt 0.746800 0.030500
vt 0.751100 0.034400
vt 0.747100 0.034700
vt 0.494600 0.034500
vt 0.658100 0.112700
vt 0.622800 0.112600
vt 0.478200 0.148300
vn -0.0527 -0.1924 0.9799
vn -0.2067 -0.0366 0.9777
vn -0.0948 -0.0854 0.9918
vn -0.0142 -0.2814 0.9595
vn 0.0377 -0.9908 0.1300
vn 0.0380 -0.9993 -0.0000
vn 0.0884 -0.9961 -0.0000
vn 0.0877 -0.9872 0.1333
vn 0.9899 -0.0501 0.1330
vn 0.9987 -0.0505 0.0000
vn 0.9997 -0.0253 0.0000
vn 0.9909 -0.0250 0.1321
vn -0.0377 0.9908 0.1299
vn -0.0380 0.9993 0.0000
vn -0.0885 0.9961 0.0000
vn -0.0878 0.9872 0.1332
vn -0.9899 -0.0501 0.1330
vn -0.9987 -0.0505 0.0000
vn -0.9917 -0.1287 0.0000
vn -0.9829 -0.1271 0.1331
vn -0.3346 -0.9424 -0.0000
vn -0.0884 -0.9961 -0.0000
vn -0.0874 -0.9872 0.1331
vn -0.3313 -0.9341 0.1332
vn 0.9259 -0.3779 -0.0000
vn 0.9899 -0.1421 -0.0000
vn 0.9811 -0.1407 0.1331
vn 0.9178 -0.3738 0.1335
vn 0.3346 0.9424 0.0000
vn 0.0884 0.9961 0.0000
vn 0.0874 0.9872 0.1331
vn 0.3314 0.9341 0.1332
vn -0.9177 0.3973 0.0000
vn -0.9866 0.1630 0.0000
vn -0.9779 0.1615 0.1330
vn -0.9098 0.3931 0.1335
vn -0.7071 -0.7071 -0.0000
vn -0.7008 -0.7007 0.1337
vn -0.9309 -0.3653 -0.0000
vn -0.9227 -0.3618 0.1331
vn 0.7071 -0.7071 -0.0000
vn 0.7008 -0.7007 0.1337
vn 0.3346 -0.9424 -0.0000
vn 0.3314 -0.9341 0.1332
vn 0.7071 0.7071 0.0000
vn 0.7008 0.7007 0.1337
vn 0.9303 0.3667 0.0000
vn 0.9222 0.3631 0.1331
vn 0.9915 0.1303 0.0000
vn 0.9827 0.1291 0.1331
vn -0.7071 0.7071 0.0000
vn -0.7008 0.7007 0.1337
vn -0.3346 0.9424 0.0000
vn -0.3314 0.9341 0.1332
vn 0.2540 -0.0144 0.9671
vn 0.2050 -0.0380 0.9780
vn 0.2996 -0.0269 0.9537
vn 0.3424 -0.0117 0.9395
vn 0.0379 0.9993 0.0000
vn 0.0377 0.9908 0.1300
vn -0.0380 -0.9993 -0.0000
vn -0.0377 -0.9908 0.1301
vn 0.9987 0.0508 0.0000
vn 0.9898 0.0504 0.1330
vn 0.9909 0.0251 0.1321
vn 0.9997 0.0254 0.0000
vn 0.1813 0.1815 0.9665
vn 0.0091 0.2446 0.9696
vn 0.0930 0.0793 0.9925
vn 0.2504 0.0137 0.9680
vn -0.0168 0.3839 0.9232
vn -0.0529 0.2326 0.9711
vn -0.1127 0.0992 0.9887
vn -0.0202 0.3066 0.9516
vn -0.9898 0.0503 0.1330
vn -0.9987 0.0507 0.0000
vn -0.9997 0.0254 0.0000
vn -0.9909 0.0251 0.1321
vn -0.0004 -0.2070 0.9783
vn -0.0005 -0.2810 0.9597
vn 0.0000 1.0000 0.0000
vn 0.0000 0.9916 0.1297
vn 0.0000 -1.0000 0.0000
vn 0.0000 -0.9915 0.1297
vn 0.0001 0.3706 0.9288
vn 0.0001 0.3042 0.9526
vn 0.0527 -0.1921 0.9800
vn 0.0142 -0.2816 0.9594
vn 0.0177 0.3844 0.9230
vn 0.0201 0.3067 0.9516
vn 1.0000 0.0000 0.0000
vn 0.9912 0.0000 0.1322
vn 0.2539 0.0146 0.9671
vn 0.2561 -0.0000 0.9667
vn 0.3428 0.0000 0.9394
vn 0.3424 0.0118 0.9395
vn -0.1169 0.0072 0.9931
vn -0.2656 0.0000 0.9641
vn -0.2638 -0.0151 0.9645
vn -0.0972 -0.0992 0.9903
vn -0.9912 0.0000 0.1322
vn -1.0000 0.0000 0.0000
vn -0.9997 -0.0252 0.0000
vn -0.9909 -0.0250 0.1321
vn 0.0004 -0.0058 1.0000
vn -0.0097 0.1326 0.9911
vn -0.0870 0.0878 0.9923
vn 0.1164 -0.0104 0.9931
vn 0.0966 0.0964 0.9906
vn -0.0347 -0.8934 0.4480
vn -0.0221 -0.5833 0.8119
vn -0.0437 -0.5629 0.8254
vn -0.0763 -0.8826 0.4639
vn 0.8771 -0.1273 0.4632
vn 0.8864 -0.0453 0.4607
vn 0.5804 -0.0324 0.8137
vn 0.5679 -0.0820 0.8190
vn 0.0347 0.8935 0.4478
vn 0.0239 0.6141 0.7889
vn 0.0439 0.5738 0.8178
vn 0.0763 0.8827 0.4637
vn -0.8746 0.1473 0.4620
vn -0.8863 0.0453 0.4609
vn -0.5859 0.0333 0.8097
vn -0.5679 0.0979 0.8172
vn -0.2952 -0.8386 0.4579
vn 0.8228 -0.3337 0.4601
vn 0.2952 0.8386 0.4578
vn -0.8152 0.3512 0.4606
vn -0.8783 -0.1144 0.4642
vn -0.8264 -0.3234 0.4609
vn -0.6294 -0.6276 0.4582
vn 0.0783 -0.8821 0.4645
vn 0.2945 -0.8380 0.4594
vn 0.6280 -0.6292 0.4579
vn 0.8782 0.1159 0.4641
vn 0.8259 0.3247 0.4610
vn 0.6295 0.6276 0.4580
vn -0.0783 0.8821 0.4644
vn -0.2947 0.8379 0.4594
vn -0.6281 0.6292 0.4578
vn 0.0461 -0.5727 0.8185
vn 0.0216 -0.5831 0.8121
vn 0.0341 -0.8935 0.4478
vn -0.0478 0.5755 0.8164
vn -0.0224 0.6144 0.7887
vn -0.0341 0.8936 0.4475
vn 0.8911 0.0232 0.4531
vn 0.8861 0.0458 0.4611
vn 0.5792 0.0326 0.8145
vn 0.5962 0.0168 0.8027
vn -0.8912 -0.0230 0.4530
vn -0.8864 -0.0451 0.4607
vn -0.5864 -0.0332 0.8094
vn -0.6078 -0.0169 0.7939
vn 0.0000 -0.8950 0.4460
vn -0.0001 0.8949 0.4462
vn 0.8912 -0.0231 0.4530
vn 0.8909 0.0000 0.4542
vn 0.5938 0.0000 0.8046
vn 0.5962 -0.0167 0.8027
vn -0.8909 0.0000 0.4541
vn -0.1734 -0.5690 0.8039
vn 0.5464 -0.2164 0.8091
vn 0.1774 0.5758 0.7981
vn -0.5103 0.2296 0.8288
vn -0.5654 -0.0726 0.8216
vn -0.5623 -0.1957 0.8035
vn -0.4355 -0.4307 0.7904
vn 0.1913 -0.5613 0.8052
vn 0.3042 -0.3048 0.9025
vn 0.5656 0.0733 0.8214
vn 0.5655 0.1961 0.8011
vn 0.4399 0.4346 0.7859
vn -0.1938 0.5344 0.8227
vn -0.3043 0.3047 0.9025
vn -0.0000 -0.5796 0.8149
vn 0.0000 0.6058 0.7956
vn -0.6057 0.0000 0.7957
vn -0.0533 0.1894 0.9805
vn -0.2053 0.0369 0.9780
vn -0.2638 0.0151 0.9645
vn 0.0000 0.2037 0.9790
vn 0.0531 0.1895 0.9804
vn 0.2976 0.0254 0.9544
vn 0.2011 0.0369 0.9789
vn -0.1870 0.1902 0.9638
vn -0.2384 0.0648 0.9690
vn -0.3087 0.0266 0.9508
vn -0.6078 0.0169 0.7939
vn -0.3658 0.0000 0.9307
vn -0.3653 0.0127 0.9308
vn -0.3653 -0.0126 0.9308
vn -0.3099 -0.0266 0.9504
vn -0.1688 -0.1821 0.9687
vn -0.0115 -0.3234 0.9462
vn -0.0054 -0.2419 0.9703
vn -0.0001 -0.3131 0.9497
vn 0.0113 -0.3236 0.9461
vn 0.1738 -0.1764 0.9688
vn 0.0318 -0.2262 0.9736
vn 0.2341 -0.0355 0.9716
vn 0.1207 -0.1028 0.9874
vn -0.2498 -0.0175 0.9681
vn 0.0870 -0.0904 0.9921
vn 0.0101 -0.1395 0.9902
vn -0.8912 0.0231 0.4530
usemtl TubeGlass
s 1
f 1082/1542/639 1083/1543/640 1084/1544/641 1085/1545/642
f 1086/1546/643 1087/1547/644 1088/1548/645 1089/1549/646
f 1090/1550/647 1091/1551/648 1092/1552/649 1093/1553/650
f 1094/1554/651 1095/1555/652 1096/1556/653 1097/1557/654
f 1098/1558/655 1099/1559/656 1100/1560/657 1101/1561/658
f 1102/1562/659 1103/1563/660 1104/1564/661 1105/1565/662
f 1106/1566/663 1107/1567/664 1108/1568/665 1109/1569/666
f 1110/1570/667 1111/1571/668 1112/1572/669 1113/1573/670
f 1114/1574/671 1115/1575/672 1116/1576/673 1117/1577/674
f 1118/1578/675 1102/1562/659 1105/1565/662 1119/1579/676
f 1120/1580/677 1118/1578/675 1119/1579/676 1121/1581/678
f 1100/1560/657 1120/1580/677 1121/1581/678 1101/1561/658
f 1122/1582/679 1106/1566/663 1109/1569/666 1123/1583/680
f 1124/1584/681 1122/1582/679 1123/1583/680 1125/1585/682
f 1088/1548/645 1124/1584/681 1125/1585/682 1089/1549/646
f 1126/1586/683 1110/1570/667 1113/1573/670 1127/1587/684
f 1128/1588/685 1126/1586/683 1127/1587/684 1129/1589/686
f 1130/1590/687 1128/1588/685 1129/1589/686 1131/1591/688
f 1132/1592/689 1114/1574/671 1117/1577/674 1133/1593/690
f 1134/1594/691 1132/1592/689 1133/1593/690 1135/1595/692
f 1096/1556/653 1134/1594/691 1135/1595/692 1097/1557/654
f 1136/1596/693 1137/1597/694 1138/1598/695 1139/1599/696
f 1112/1572/669 1111/1571/668 1140/1600/697 1141/1601/698
f 1104/1564/661 1103/1563/660 1142/1602/699 1143/1603/700
f 1144/1604/701 1145/1605/702 1146/1606/703 1147/1607/704
f 1148/1608/705 1149/1609/706 1150/1610/707 1151/1611/708
f 1152/1612/709 1153/1613/710 1154/1614/711 1155/1615/712
f 1156/1616/713 1157/1617/714 1158/1618/715 1159/1619/716
f 1160/1620/717 1082/1542/639 1085/1545/642 1161/1621/718
f 1162/1622/719 1095/1555/652 1094/1554/651 1163/1623/720
f 1164/1624/721 1087/1547/644 1086/1546/643 1165/1625/722
f 1166/1626/723 1152/1612/709 1155/1615/712 1167/1627/724
f 1168/1628/725 1160/1620/717 1161/1621/718 1169/1629/726
f 1140/1600/697 1162/1622/719 1163/1623/720 1141/1601/698
f 1142/1602/699 1164/1624/721 1165/1625/722 1143/1603/700
f 1170/1630/727 1166/1626/723 1167/1627/724 1171/1631/728
f 1172/1632/729 1173/1633/730 1093/1553/650 1092/1552/649
f 1174/1634/731 1175/1635/732 1176/1636/733 1177/1637/734
f 1178/1638/735 1179/1639/736 1180/1640/737 1181/1641/738
f 1182/1642/739 1183/1643/740 1184/1644/741 1185/1645/742
f 1178/1638/735 1186/1646/743 1187/1647/744 1188/1648/745
f 1186/1646/743 1189/1649/746 1190/1650/747 1187/1647/744
f 1191/1651/748 1192/1652/749 1193/1653/750 1194/1654/751
f 1195/1655/752 1196/1656/753 1197/1657/754 1198/1658/755
f 1199/1659/756 1200/1660/757 1201/1661/758 1202/1662/759
f 1203/1663/760 1204/1664/761 1205/1665/762 1206/1666/763
f 1207/1667/764 1105/1565/662 1104/1564/661 1194/1654/751
f 1208/1668/765 1109/1569/666 1108/1568/665 1195/1655/752
f 1209/1669/766 1113/1573/670 1112/1572/669 1202/1662/759
f 1210/1670/767 1117/1577/674 1116/1576/673 1203/1663/760
f 1211/1671/768 1101/1561/658 1121/1581/678 1212/1672/769
f 1212/1672/769 1121/1581/678 1119/1579/676 1213/1673/770
f 1213/1673/770 1119/1579/676 1105/1565/662 1207/1667/764
f 1214/1674/771 1089/1549/646 1125/1585/682 1215/1675/772
f 1215/1675/772 1125/1585/682 1123/1583/680 1216/1676/773
f 1216/1676/773 1123/1583/680 1109/1569/666 1208/1668/765
f 1217/1677/774 1131/1591/688 1129/1589/686 1218/1678/775
f 1218/1678/775 1129/1589/686 1127/1587/684 1219/1679/776
f 1219/1679/776 1127/1587/684 1113/1573/670 1209/1669/766
f 1220/1680/777 1097/1557/654 1135/1595/692 1221/1681/778
f 1221/1681/778 1135/1595/692 1133/1593/690 1222/1682/779
f 1222/1682/779 1133/1593/690 1117/1577/674 1210/1670/767
f 1214/1674/771 1223/1683/780 1224/1684/781 1225/1685/782
f 1220/1680/777 1226/1686/783 1227/1687/784 1228/1688/785
f 1229/1689/786 1230/1690/787 1231/1691/788 1232/1692/789
f 1233/1693/790 1234/1694/791 1235/1695/792 1236/1696/793
f 1237/1697/794 1165/1625/722 1086/1546/643 1225/1685/782
f 1238/1698/795 1163/1623/720 1094/1554/651 1228/1688/785
f 1191/1651/748 1143/1603/700 1165/1625/722 1237/1697/794
f 1199/1659/756 1141/1601/698 1163/1623/720 1238/1698/795
f 1239/1699/796 1240/1700/797 1241/1701/798 1242/1702/799
f 1233/1693/790 1243/1703/800 1182/1642/739 1185/1645/742
f 1143/1603/700 1191/1651/748 1194/1654/751 1104/1564/661
f 1108/1568/665 1090/1550/647 1196/1656/753 1195/1655/752
f 1141/1601/698 1199/1659/756 1202/1662/759 1112/1572/669
f 1116/1576/673 1156/1616/713 1204/1664/761 1203/1663/760
f 1244/1704/801 1207/1667/764 1194/1654/751 1193/1653/750
f 1245/1705/802 1208/1668/765 1195/1655/752 1198/1658/755
f 1246/1706/803 1209/1669/766 1202/1662/759 1201/1661/758
f 1247/1707/804 1210/1670/767 1203/1663/760 1206/1666/763
f 1248/1708/805 1211/1671/768 1212/1672/769 1249/1709/806
f 1249/1709/806 1212/1672/769 1213/1673/770 1250/1710/807
f 1250/1710/807 1213/1673/770 1207/1667/764 1244/1704/801
f 1223/1683/780 1214/1674/771 1215/1675/772 1251/1711/808
f 1251/1711/808 1215/1675/772 1216/1676/773 1252/1712/809
f 1252/1712/809 1216/1676/773 1208/1668/765 1245/1705/802
f 1253/1713/810 1217/1677/774 1218/1678/775 1254/1714/811
f 1254/1714/811 1218/1678/775 1219/1679/776 1255/1715/812
f 1255/1715/812 1219/1679/776 1209/1669/766 1246/1706/803
f 1226/1686/783 1220/1680/777 1221/1681/778 1256/1716/813
f 1256/1716/813 1221/1681/778 1222/1682/779 1257/1717/814
f 1257/1717/814 1222/1682/779 1210/1670/767 1247/1707/804
f 1089/1549/646 1214/1674/771 1225/1685/782 1086/1546/643
f 1097/1557/654 1220/1680/777 1228/1688/785 1094/1554/651
f 1146/1606/703 1145/1605/702 1230/1690/787 1229/1689/786
f 1185/1645/742 1098/1558/655 1234/1694/791 1233/1693/790
f 1258/1718/815 1237/1697/794 1225/1685/782 1224/1684/781
f 1259/1719/816 1238/1698/795 1228/1688/785 1227/1687/784
f 1192/1652/749 1191/1651/748 1237/1697/794 1258/1718/815
f 1200/1660/757 1199/1659/756 1238/1698/795 1259/1719/816
f 1093/1553/650 1173/1633/730 1240/1700/797 1239/1699/796
f 1236/1696/793 1260/1720/817 1243/1703/800 1233/1693/790
f 1188/1648/745 1261/1721/818 1262/1722/819 1263/1723/820
f 1155/1615/712 1261/1721/818 1264/1724/821 1167/1627/724
f 1264/1724/821 1265/1725/822 1171/1631/728 1167/1627/724
f 1174/1634/731 1177/1637/734 1266/1726/823 1267/1727/824
f 1246/1706/803 1201/1661/758 1149/1609/706 1148/1608/705
f 1200/1660/757 1259/1719/816 1166/1626/723 1170/1630/727
f 1166/1626/723 1259/1719/816 1227/1687/784 1152/1612/709
f 1152/1612/709 1227/1687/784 1226/1686/783 1153/1613/710
f 1256/1716/813 1257/1717/814 1247/1707/804 1268/1728/825
f 1247/1707/804 1206/1666/763 1269/1729/826 1268/1728/825
f 1206/1666/763 1205/1665/762 1270/1730/827 1269/1729/826
f 1271/1731/828 1260/1720/817 1272/1732/829 1273/1733/830
f 1274/1734/831 1236/1696/793 1235/1695/792 1275/1735/832
f 1250/1710/807 1244/1704/801 1276/1736/833 1249/1709/806
f 1193/1653/750 1192/1652/749 1277/1737/834 1278/1738/835
f 1192/1652/749 1258/1718/815 1279/1739/836 1277/1737/834
f 1279/1739/836 1258/1718/815 1224/1684/781 1280/1740/837
f 1251/1711/808 1281/1741/838 1282/1742/839 1223/1683/780
f 1283/1743/840 1284/1744/841 1282/1742/839 1281/1741/838
f 1169/1629/726 1161/1621/718 1279/1739/836 1280/1740/837
f 1161/1621/718 1085/1545/642 1277/1737/834 1279/1739/836
f 1085/1545/642 1084/1544/641 1278/1738/835 1277/1737/834
f 1285/1745/842 1248/1708/805 1249/1709/806 1276/1736/833
f 1244/1704/801 1193/1653/750 1278/1738/835 1276/1736/833
f 1276/1736/833 1278/1738/835 1084/1544/641 1285/1745/842
f 1285/1745/842 1084/1544/641 1083/1543/640 1275/1735/832
f 1180/1640/737 1179/1639/736 1272/1732/829 1274/1734/831
f 1263/1723/820 1262/1722/819 1270/1730/827 1273/1733/830
f 1154/1614/711 1153/1613/710 1268/1728/825 1269/1729/826
f 1256/1716/813 1268/1728/825 1153/1613/710 1226/1686/783
f 1200/1660/757 1170/1630/727 1149/1609/706 1201/1661/758
f 1170/1630/727 1171/1631/728 1150/1610/707 1149/1609/706
f 1150/1610/707 1171/1631/728 1265/1725/822 1267/1727/824
f 1174/1634/731 1190/1650/747 1189/1649/746 1175/1635/732
f 1286/1746/843 1168/1628/725 1137/1597/694 1136/1596/693
f 1169/1629/726 1280/1740/837 1282/1742/839 1284/1744/841
f 1280/1740/837 1224/1684/781 1223/1683/780 1282/1742/839
f 1251/1711/808 1252/1712/809 1245/1705/802 1281/1741/838
f 1245/1705/802 1198/1658/755 1283/1743/840 1281/1741/838
f 1198/1658/755 1197/1657/754 1138/1598/695 1283/1743/840
f 1242/1702/799 1241/1701/798 1176/1636/733 1139/1599/696
f 1177/1637/734 1232/1692/789 1231/1691/788 1266/1726/823
f 1151/1611/708 1253/1713/810 1254/1714/811 1148/1608/705
f 1148/1608/705 1254/1714/811 1255/1715/812 1246/1706/803
f 1147/1607/704 1146/1606/703 1173/1633/730 1172/1632/729
f 1136/1596/693 1139/1599/696 1176/1636/733 1175/1635/732
f 1178/1638/735 1188/1648/745 1263/1723/820 1179/1639/736
f 1159/1619/716 1158/1618/715 1183/1643/740 1182/1642/739
f 1181/1641/738 1287/1747/844 1186/1646/743 1178/1638/735
f 1287/1747/844 1286/1746/843 1189/1649/746 1186/1646/743
f 1229/1689/786 1232/1692/789 1241/1701/798 1240/1700/797
f 1288/1748/845 1159/1619/716 1182/1642/739 1243/1703/800
f 1146/1606/703 1229/1689/786 1240/1700/797 1173/1633/730
f 1271/1731/828 1288/1748/845 1243/1703/800 1260/1720/817
f 1236/1696/793 1274/1734/831 1272/1732/829 1260/1720/817
f 1263/1723/820 1273/1733/830 1272/1732/829 1179/1639/736
f 1189/1649/746 1286/1746/843 1136/1596/693 1175/1635/732
f 1232/1692/789 1177/1637/734 1176/1636/733 1241/1701/798
f 1130/1590/687 1131/1591/688 1145/1605/702 1144/1604/701
f 1116/1576/673 1115/1575/672 1157/1617/714 1156/1616/713
f 1288/1748/845 1271/1731/828 1205/1665/762 1204/1664/761
f 1217/1677/774 1253/1713/810 1231/1691/788 1230/1690/787
f 1159/1619/716 1288/1748/845 1204/1664/761 1156/1616/713
f 1131/1591/688 1217/1677/774 1230/1690/787 1145/1605/702
f 1261/1721/818 1155/1615/712 1154/1614/711 1262/1722/819
f 1261/1721/818 1188/1648/745 1187/1647/744 1264/1724/821
f 1187/1647/744 1190/1650/747 1265/1725/822 1264/1724/821
f 1151/1611/708 1150/1610/707 1267/1727/824 1266/1726/823
f 1205/1665/762 1271/1731/828 1273/1733/830 1270/1730/827
f 1262/1722/819 1154/1614/711 1269/1729/826 1270/1730/827
f 1190/1650/747 1174/1634/731 1267/1727/824 1265/1725/822
f 1253/1713/810 1151/1611/708 1266/1726/823 1231/1691/788
f 1181/1641/738 1180/1640/737 1083/1543/640 1082/1542/639
f 1108/1568/665 1107/1567/664 1091/1551/648 1090/1550/647
f 1185/1645/742 1184/1644/741 1099/1559/656 1098/1558/655
f 1284/1744/841 1283/1743/840 1138/1598/695 1137/1597/694
f 1287/1747/844 1181/1641/738 1082/1542/639 1160/1620/717
f 1168/1628/725 1286/1746/843 1287/1747/844 1160/1620/717
f 1239/1699/796 1242/1702/799 1197/1657/754 1196/1656/753
f 1211/1671/768 1248/1708/805 1235/1695/792 1234/1694/791
f 1093/1553/650 1239/1699/796 1196/1656/753 1090/1550/647
f 1101/1561/658 1211/1671/768 1234/1694/791 1098/1558/655
f 1248/1708/805 1285/1745/842 1275/1735/832 1235/1695/792
f 1180/1640/737 1274/1734/831 1275/1735/832 1083/1543/640
f 1168/1628/725 1169/1629/726 1284/1744/841 1137/1597/694
f 1197/1657/754 1242/1702/799 1139/1599/696 1138/1598/695
o screen_Plane
v -48.216820 -29.500553 33.174389
v 24.614889 -29.500553 33.174389
v -48.216820 30.382843 33.174389
v 24.614889 30.382843 33.174389
vt 0.000000 0.000000
vt 1.000000 0.000000
vt 1.000000 1.000000
vt 0.000000 1.000000
vn 0.0000 0.0000 1.0000
usemtl TubeScreen
s off
f 1289/1749/846 1290/1750/846 1292/1751/846 1291/1752/846
