# Blender v3.0.0 OBJ File: 'king.blend'
# www.blender.org
mtllib models/chess_materials/ChessWhite.mtl
o Cross_Cube.001
v 0.091801 0.071637 3.837278
v 0.091801 -0.068726 3.837278
v 0.064225 -0.068726 3.701273
v 0.064225 0.071637 3.701273
v 0.041756 -0.074958 3.690124
v 0.012565 -0.074958 3.690124
v 0.012565 -0.074958 3.678804
v 0.041756 -0.074958 3.678804
v -0.027947 -0.074958 3.678804
v -0.027947 -0.074958 3.649613
v -0.016626 -0.074958 3.649613
v -0.016626 -0.074958 3.653691
v -0.016626 -0.074958 3.678804
v 0.053076 -0.074958 3.649613
v 0.053076 -0.074958 3.678804
v 0.041756 -0.074958 3.649613
v 0.012565 -0.074958 3.649613
v -0.055826 -0.070483 3.843721
v 0.080954 -0.070483 3.843721
v 0.087162 -0.064617 3.843721
v 0.087162 0.067526 3.843721
v 0.080954 0.073393 3.843721
v -0.055826 0.073393 3.843721
v -0.062032 0.067526 3.843721
v -0.062032 -0.064617 3.843721
v -0.030827 0.077867 3.693003
v -0.060080 0.077867 3.837278
v 0.085209 0.077867 3.837278
v 0.055955 0.077867 3.693003
v 0.041756 0.077867 3.690124
v 0.012565 0.077867 3.690124
v -0.016626 0.077867 3.690124
v 0.053076 0.077867 3.678804
v 0.041756 0.077867 3.678804
v -0.060080 -0.074958 3.837278
v 0.085209 -0.074958 3.837278
v -0.066673 -0.068726 3.837278
v -0.066673 0.071637 3.837278
v -0.039095 0.071637 3.701273
v -0.039095 -0.068726 3.701273
v -0.030827 -0.074958 3.693003
v 0.055955 -0.074958 3.693003
v -0.016626 -0.074958 3.690124
v -0.027947 0.077867 3.620422
v -0.030827 0.077867 3.606221
v -0.175101 0.077867 3.576968
v -0.175101 0.077867 3.722257
v -0.027947 0.077867 3.678804
v -0.027947 0.077867 3.649613
v 0.053076 0.077867 3.649613
v 0.041756 0.077867 3.649613
v 0.091801 -0.068726 3.461947
v 0.091801 0.071636 3.461947
v 0.064225 0.071636 3.597952
v 0.064225 -0.068726 3.597952
v -0.027947 -0.074958 3.620422
v -0.016626 -0.074958 3.620422
v 0.053076 -0.074958 3.620422
v 0.041756 -0.074958 3.620422
v 0.012565 -0.074958 3.620422
v 0.065435 0.048284 3.455504
v 0.065435 -0.045374 3.455504
v 0.065435 -0.045374 3.391144
v 0.065435 0.048284 3.391144
v -0.016626 0.077867 3.620422
v -0.016626 0.077867 3.609101
v -0.060080 -0.074958 3.461947
v -0.035907 -0.049531 3.455504
v 0.061036 -0.049531 3.455504
v 0.085209 -0.074958 3.461947
v -0.066673 0.071636 3.461947
v -0.066673 -0.068726 3.461947
v -0.039095 -0.068726 3.597952
v -0.039095 0.071636 3.597952
v -0.030827 -0.074958 3.606221
v -0.060080 0.077867 3.461947
v 0.055955 -0.074958 3.606221
v 0.085209 0.077867 3.461947
v 0.055955 0.077867 3.606221
v 0.012565 -0.074958 3.609101
v -0.016626 -0.074958 3.609101
v 0.041756 -0.074958 3.609101
v 0.061036 0.052440 3.455504
v -0.035907 0.052440 3.455504
v -0.040306 0.048284 3.455504
v -0.040306 -0.045374 3.455504
v 0.053076 0.077867 3.620422
v 0.041756 0.077867 3.620422
v -0.175101 0.071637 3.728849
v -0.175101 -0.068726 3.728849
v -0.181544 -0.070483 3.581222
v -0.181544 -0.070483 3.718002
v -0.181544 -0.064617 3.724210
v -0.181544 0.067526 3.724210
v -0.181544 0.073393 3.718002
v -0.181544 0.073393 3.581222
v -0.181544 0.067526 3.575016
v -0.181544 -0.064617 3.575016
v 0.012565 0.077867 3.609101
v 0.041756 0.077867 3.609101
v -0.016626 0.077867 3.649613
v -0.016626 0.077867 3.678804
v -0.175101 -0.074958 3.576968
v -0.175101 -0.074958 3.722257
v -0.175101 -0.068726 3.570375
v -0.175101 0.071636 3.570375
v 0.012565 0.077867 3.649613
v 0.012565 0.077867 3.620422
v 0.012565 0.077867 3.678804
v 0.200230 -0.068726 3.728849
v 0.200230 0.071637 3.728849
v 0.206673 0.067526 3.575016
v 0.206673 0.073393 3.581222
v 0.206673 0.073393 3.718002
v 0.206673 0.067526 3.724210
v 0.206673 -0.064617 3.724210
v 0.206673 -0.070483 3.718002
v 0.206673 -0.070483 3.581222
v 0.206673 -0.064617 3.575016
v 0.200230 0.077867 3.722257
v 0.200230 0.077867 3.576968
v 0.200230 -0.074958 3.576968
v 0.200230 -0.074958 3.722257
v 0.200230 0.071636 3.570375
v 0.200230 -0.068726 3.570375
v -0.040306 0.048284 3.391144
v -0.035907 0.052440 3.391144
v 0.061036 0.052440 3.391144
v 0.061036 -0.049531 3.391144
v -0.035907 -0.049531 3.391144
v -0.040306 -0.045374 3.391144
v 0.471789 0.000000 -0.006582
v 0.270396 0.000000 -0.005422
v 0.265183 -0.052748 -0.005422
v 0.462693 -0.092035 -0.006582
v 0.000000 0.000000 0.000000
v 0.000000 0.000000 0.000000
v 0.000000 0.000000 0.000000
v 0.249813 -0.103475 -0.005422
v 0.435876 -0.180546 -0.006582
v 0.224811 -0.150214 -0.005422
v 0.392253 -0.262094 -0.006582
v 0.000000 0.000000 0.000000
v 0.000000 0.000000 0.000000
v 0.191198 -0.191198 -0.005422
v 0.333605 -0.333605 -0.006582
v 0.150214 -0.224810 -0.005422
v 0.262095 -0.392253 -0.006582
v 0.000000 0.000000 0.000000
v 0.000000 0.000000 0.000000
v 0.103475 -0.249813 -0.005422
v 0.180545 -0.435876 -0.006582
v 0.052748 -0.265182 -0.005422
v 0.092035 -0.462694 -0.006582
v 0.000000 0.000000 0.000000
v 0.000000 0.000000 0.000000
v 0.000000 -0.270395 -0.005422
v 0.000000 -0.471789 -0.006582
v -0.052748 -0.265182 -0.005422
v -0.092037 -0.462694 -0.006582
v 0.000000 0.000000 0.000000
v 0.000000 0.000000 0.000000
v -0.103476 -0.249813 -0.005422
v -0.180547 -0.435876 -0.006582
v -0.150214 -0.224810 -0.005422
v -0.262095 -0.392253 -0.006582
v 0.000000 0.000000 0.000000
v 0.000000 0.000000 0.000000
v -0.191199 -0.191198 -0.005422
v -0.333606 -0.333605 -0.006582
v -0.224811 -0.150214 -0.005422
v -0.392253 -0.262095 -0.006582
v 0.000000 0.000000 0.000000
v 0.000000 0.000000 0.000000
v -0.249813 -0.103475 -0.005422
v -0.435877 -0.180546 -0.006582
v -0.265183 -0.052747 -0.005422
v -0.462695 -0.092035 -0.006582
v 0.000000 0.000000 0.000000
v 0.000000 0.000000 0.000000
v -0.270396 -0.000000 -0.005422
v -0.471790 -0.000000 -0.006582
v -0.265183 0.052749 -0.005422
v -0.462695 0.092036 -0.006582
v 0.000000 0.000000 0.000000
v 0.000000 0.000000 0.000000
v -0.249813 0.103477 -0.005422
v -0.435877 0.180547 -0.006582
v -0.224811 0.150214 -0.005422
v -0.392253 0.262096 -0.006582
v 0.000000 0.000000 0.000000
v 0.000000 0.000000 0.000000
v -0.191198 0.191199 -0.005422
v -0.333606 0.333606 -0.006582
v -0.150214 0.224812 -0.005422
v -0.262095 0.392253 -0.006582
v 0.000000 0.000000 0.000000
v 0.000000 0.000000 0.000000
v -0.103476 0.249813 -0.005422
v -0.180546 0.435877 -0.006582
v -0.052748 0.265184 -0.005422
v -0.092036 0.462695 -0.006582
v 0.000000 0.000000 0.000000
v 0.000000 0.000000 0.000000
v -0.000000 0.270396 -0.005422
v -0.000000 0.471790 -0.006582
v 0.052748 0.265184 -0.005422
v 0.092035 0.462695 -0.006582
v 0.000000 0.000000 0.000000
v 0.000000 0.000000 0.000000
v 0.103476 0.249813 -0.005422
v 0.180545 0.435877 -0.006582
v 0.150214 0.224812 -0.005422
v 0.262095 0.392253 -0.006582
v 0.000000 0.000000 0.000000
v 0.000000 0.000000 0.000000
v 0.191198 0.191199 -0.005422
v 0.333606 0.333606 -0.006582
v 0.224811 0.150214 -0.005422
v 0.392253 0.262096 -0.006582
v 0.000000 0.000000 0.000000
v 0.000000 0.000000 0.000000
v 0.249813 0.103477 -0.005422
v 0.435876 0.180547 -0.006582
v 0.265183 0.052749 -0.005422
v 0.462693 0.092036 -0.006582
v 0.000000 0.000000 0.000000
v 0.000352 0.000001 3.419505
v 0.080833 0.000001 3.417289
v 0.079275 -0.015768 3.417289
v 0.000345 -0.000067 3.419505
v 0.146423 0.000001 3.411286
v 0.143600 -0.028563 3.411286
v 0.135277 -0.056033 3.411286
v 0.074681 -0.030932 3.417289
v 0.000325 -0.000134 3.419505
v 0.067206 -0.044905 3.417289
v 0.000293 -0.000195 3.419505
v 0.121738 -0.081342 3.411286
v 0.103537 -0.103536 3.411286
v 0.057158 -0.057157 3.417289
v 0.000249 -0.000247 3.419505
v 0.044905 -0.067206 3.417289
v 0.000195 -0.000292 3.419505
v 0.081343 -0.121738 3.411286
v 0.056034 -0.135277 3.411286
v 0.030934 -0.074679 3.417289
v 0.000134 -0.000325 3.419505
v 0.015769 -0.079274 3.417289
v 0.000069 -0.000345 3.419505
v 0.028564 -0.143600 3.411286
v 0.000000 -0.146422 3.411286
v 0.000000 -0.080833 3.417289
v 0.000000 -0.000351 3.419505
v -0.015769 -0.079274 3.417289
v -0.000069 -0.000345 3.419505
v -0.028564 -0.143600 3.411286
v -0.056034 -0.135277 3.411286
v -0.030934 -0.074679 3.417289
v -0.000134 -0.000325 3.419505
v -0.044906 -0.067206 3.417289
v -0.000196 -0.000292 3.419505
v -0.081343 -0.121738 3.411286
v -0.103537 -0.103536 3.411286
v -0.057158 -0.057157 3.417289
v -0.000249 -0.000247 3.419505
v -0.067207 -0.044905 3.417289
v -0.000293 -0.000195 3.419505
v -0.121738 -0.081342 3.411286
v -0.135278 -0.056033 3.411286
v -0.074681 -0.030932 3.417289
v -0.000326 -0.000134 3.419505
v -0.079275 -0.015768 3.417289
v -0.000346 -0.000067 3.419505
v -0.143602 -0.028563 3.411286
v -0.146423 0.000001 3.411286
v -0.080833 0.000001 3.417289
v -0.000352 0.000001 3.419505
v -0.079275 0.015770 3.417289
v -0.000346 0.000069 3.419505
v -0.143601 0.028566 3.411286
v -0.135278 0.056035 3.411286
v -0.074681 0.030935 3.417289
v -0.000326 0.000135 3.419505
v -0.067207 0.044906 3.417289
v -0.000293 0.000197 3.419505
v -0.121738 0.081344 3.411286
v -0.103537 0.103539 3.411286
v -0.057158 0.057158 3.417289
v -0.000249 0.000249 3.419505
v -0.044906 0.067208 3.417289
v -0.000196 0.000294 3.419505
v -0.081343 0.121739 3.411286
v -0.056034 0.135278 3.411286
v -0.030934 0.074681 3.417289
v -0.000134 0.000327 3.419505
v -0.015769 0.079276 3.417289
v -0.000069 0.000346 3.419505
v -0.028564 0.143602 3.411286
v -0.000000 0.146425 3.411286
v -0.000000 0.080834 3.417289
v -0.000000 0.000354 3.419505
v 0.015769 0.079276 3.417289
v 0.000069 0.000346 3.419505
v 0.028564 0.143602 3.411286
v 0.056034 0.135278 3.411286
v 0.030934 0.074681 3.417289
v 0.000134 0.000327 3.419505
v 0.044905 0.067208 3.417289
v 0.000195 0.000294 3.419505
v 0.081343 0.121739 3.411286
v 0.103537 0.103539 3.411286
v 0.057158 0.057158 3.417289
v 0.000249 0.000249 3.419505
v 0.067206 0.044906 3.417289
v 0.000293 0.000197 3.419505
v 0.121738 0.081344 3.411286
v 0.135277 0.056035 3.411286
v 0.074681 0.030935 3.417289
v 0.000325 0.000135 3.419505
v 0.079275 0.015770 3.417290
v 0.000345 0.000069 3.419505
v 0.143600 0.028566 3.411286
v 0.186686 0.000001 3.398252
v 0.183086 -0.036418 3.398253
v 0.209026 0.000001 3.377134
v 0.204997 -0.040776 3.377135
v 0.193115 -0.079990 3.377135
v 0.172476 -0.071442 3.398253
v 0.155214 -0.103710 3.398253
v 0.173788 -0.116121 3.377134
v 0.147804 -0.147802 3.377134
v 0.132007 -0.132006 3.398253
v 0.103711 -0.155213 3.398253
v 0.116122 -0.173787 3.377134
v 0.079990 -0.193114 3.377134
v 0.071442 -0.172475 3.398253
v 0.036419 -0.183086 3.398253
v 0.040776 -0.204996 3.377134
v 0.000000 -0.209025 3.377134
v 0.000000 -0.186686 3.398253
v -0.036419 -0.183086 3.398253
v -0.040777 -0.204996 3.377134
v -0.079991 -0.193114 3.377134
v -0.071442 -0.172475 3.398253
v -0.103711 -0.155213 3.398253
v -0.116122 -0.173787 3.377134
v -0.147804 -0.147802 3.377134
v -0.132007 -0.132006 3.398253
v -0.155214 -0.103710 3.398253
v -0.173788 -0.116121 3.377134
v -0.193115 -0.079990 3.377134
v -0.172476 -0.071442 3.398253
v -0.183088 -0.036418 3.398253
v -0.204997 -0.040776 3.377134
v -0.209026 0.000001 3.377134
v -0.186686 0.000001 3.398253
v -0.183088 0.036420 3.398253
v -0.204997 0.040778 3.377134
v -0.193115 0.079992 3.377134
v -0.172476 0.071443 3.398253
v -0.155214 0.103712 3.398253
v -0.173788 0.116123 3.377134
v -0.147804 0.147805 3.377134
v -0.132007 0.132008 3.398253
v -0.103711 0.155215 3.398253
v -0.116122 0.173790 3.377134
v -0.079991 0.193116 3.377134
v -0.071442 0.172478 3.398253
v -0.036419 0.183088 3.398253
v -0.040777 0.204998 3.377134
v -0.000000 0.209027 3.377134
v -0.000000 0.186687 3.398253
v 0.036419 0.183088 3.398253
v 0.040776 0.204998 3.377134
v 0.079991 0.193116 3.377134
v 0.071442 0.172478 3.398253
v 0.103711 0.155215 3.398253
v 0.116122 0.173790 3.377134
v 0.147804 0.147805 3.377134
v 0.132007 0.132008 3.398253
v 0.155214 0.103712 3.398253
v 0.173788 0.116123 3.377134
v 0.193115 0.079992 3.377134
v 0.172476 0.071443 3.398253
v 0.183086 0.036420 3.398253
v 0.204997 0.040778 3.377134
v 0.262317 0.000001 3.325576
v 0.329370 0.000001 3.312230
v 0.323020 -0.064252 3.312230
v 0.257260 -0.051171 3.325576
v 0.410603 0.000001 3.295703
v 0.402688 -0.080099 3.295703
v 0.379348 -0.157130 3.295703
v 0.304298 -0.126044 3.312230
v 0.242350 -0.100384 3.325576
v 0.273843 -0.182975 3.312230
v 0.218094 -0.145726 3.325577
v 0.341382 -0.228104 3.295703
v 0.290340 -0.290340 3.295703
v 0.232899 -0.232898 3.312231
v 0.185486 -0.185486 3.325576
v 0.182976 -0.273842 3.312230
v 0.145726 -0.218094 3.325577
v 0.228104 -0.341382 3.295703
v 0.157131 -0.379347 3.295703
v 0.126044 -0.304298 3.312231
v 0.100384 -0.242349 3.325576
v 0.064253 -0.323019 3.312230
v 0.051172 -0.257260 3.325577
v 0.080099 -0.402687 3.295703
v 0.000000 -0.410603 3.295703
v 0.000000 -0.329368 3.312231
v 0.000000 -0.262317 3.325576
v -0.064254 -0.323019 3.312230
v -0.051172 -0.257260 3.325577
v -0.080100 -0.402687 3.295703
v -0.157131 -0.379347 3.295703
v -0.126046 -0.304298 3.312231
v -0.100385 -0.242349 3.325576
v -0.182976 -0.273842 3.312230
v -0.145726 -0.218094 3.325577
v -0.228105 -0.341382 3.295703
v -0.290341 -0.290340 3.295703
v -0.232900 -0.232898 3.312231
v -0.185487 -0.185486 3.325576
v -0.273843 -0.182975 3.312230
v -0.218095 -0.145726 3.325577
v -0.341383 -0.228104 3.295703
v -0.379348 -0.157130 3.295703
v -0.304298 -0.126044 3.312231
v -0.242350 -0.100384 3.325576
v -0.323020 -0.064252 3.312230
v -0.257260 -0.051171 3.325577
v -0.402688 -0.080098 3.295703
v -0.410603 0.000001 3.295703
v -0.329370 0.000001 3.312231
v -0.262318 0.000001 3.325576
v -0.323020 0.064254 3.312230
v -0.257260 0.051173 3.325577
v -0.402688 0.080100 3.295703
v -0.379348 0.157132 3.295703
v -0.304298 0.126046 3.312231
v -0.242350 0.100386 3.325576
v -0.273843 0.182978 3.312230
v -0.218095 0.145726 3.325577
v -0.341383 0.228105 3.295703
v -0.290341 0.290341 3.295703
v -0.232899 0.232900 3.312231
v -0.185487 0.185488 3.325576
v -0.182976 0.273845 3.312230
v -0.145726 0.218095 3.325577
v -0.228105 0.341383 3.295703
v -0.157131 0.379349 3.295703
v -0.126044 0.304298 3.312231
v -0.100385 0.242350 3.325576
v -0.064253 0.323022 3.312230
v -0.051172 0.257262 3.325577
v -0.080100 0.402689 3.295703
v -0.000000 0.410605 3.295703
v -0.000000 0.329371 3.312231
v -0.000000 0.262318 3.325576
v 0.064253 0.323022 3.312230
v 0.051172 0.257262 3.325577
v 0.080099 0.402689 3.295703
v 0.157131 0.379349 3.295703
v 0.126044 0.304298 3.312231
v 0.100384 0.242350 3.325576
v 0.182976 0.273844 3.312230
v 0.145726 0.218095 3.325577
v 0.228104 0.341383 3.295703
v 0.290340 0.290341 3.295703
v 0.232899 0.232900 3.312231
v 0.185486 0.185486 3.325576
v 0.273843 0.182977 3.312230
v 0.218094 0.145726 3.325577
v 0.341382 0.228105 3.295703
v 0.379348 0.157132 3.295703
v 0.304298 0.126046 3.312231
v 0.242350 0.100385 3.325576
v 0.323020 0.064254 3.312230
v 0.257260 0.051173 3.325575
v 0.402688 0.080100 3.295703
v 0.482405 0.000001 3.261243
v 0.473105 -0.094106 3.261243
v 0.530237 0.000001 3.211142
v 0.520015 -0.103437 3.211142
v 0.489875 -0.202913 3.211142
v 0.445684 -0.184608 3.261243
v 0.401079 -0.267992 3.261244
v 0.440847 -0.294565 3.211141
v 0.374934 -0.374934 3.211141
v 0.341112 -0.341111 3.261243
v 0.267993 -0.401078 3.261244
v 0.294565 -0.440847 3.211141
v 0.202913 -0.489874 3.211141
v 0.184608 -0.445683 3.261243
v 0.094106 -0.473105 3.261244
v 0.103437 -0.520014 3.211142
v 0.000000 -0.530237 3.211142
v 0.000000 -0.482403 3.261243
v -0.094106 -0.473105 3.261244
v -0.103438 -0.520014 3.211142
v -0.202913 -0.489874 3.211141
v -0.184610 -0.445683 3.261243
v -0.267993 -0.401078 3.261244
v -0.294565 -0.440847 3.211141
v -0.374934 -0.374934 3.211141
v -0.341112 -0.341110 3.261243
v -0.401079 -0.267992 3.261244
v -0.440848 -0.294565 3.211141
v -0.489875 -0.202912 3.211141
v -0.445685 -0.184608 3.261243
v -0.473106 -0.094105 3.261244
v -0.520015 -0.103437 3.211141
v -0.530238 0.000001 3.211141
v -0.482405 0.000001 3.261243
v -0.473106 0.094107 3.261244
v -0.520015 0.103439 3.211141
v -0.489875 0.202914 3.211141
v -0.445684 0.184610 3.261243
v -0.401079 0.267993 3.261244
v -0.440848 0.294566 3.211141
v -0.374934 0.374935 3.211141
v -0.341112 0.341114 3.261243
v -0.267993 0.401080 3.261244
v -0.294565 0.440848 3.211141
v -0.202913 0.489876 3.211141
v -0.184609 0.445686 3.261243
v -0.094106 0.473106 3.261244
v -0.103438 0.520017 3.211141
v -0.000000 0.530238 3.211141
v -0.000000 0.482405 3.261243
v 0.094106 0.473106 3.261244
v 0.103437 0.520017 3.211141
v 0.202913 0.489876 3.211141
v 0.184608 0.445686 3.261243
v 0.267993 0.401080 3.261244
v 0.294565 0.440848 3.211141
v 0.374934 0.374934 3.211141
v 0.341112 0.341112 3.261243
v 0.401079 0.267993 3.261244
v 0.440848 0.294566 3.211141
v 0.489875 0.202914 3.211141
v 0.445684 0.184610 3.261243
v 0.473105 0.094107 3.261242
v 0.520015 0.103439 3.211141
v 0.544561 0.000001 3.152057
v 0.534062 -0.106231 3.152057
v 0.526749 0.000001 3.091096
v 0.516595 -0.102757 3.091096
v 0.486653 -0.201578 3.091095
v 0.503108 -0.208394 3.152057
v 0.452756 -0.302522 3.152057
v 0.437948 -0.292627 3.091095
v 0.372468 -0.372467 3.091095
v 0.385062 -0.385062 3.152057
v 0.302522 -0.452756 3.152057
v 0.292627 -0.437947 3.091095
v 0.201579 -0.486653 3.091095
v 0.208394 -0.503108 3.152057
v 0.106231 -0.534062 3.152057
v 0.102757 -0.516595 3.091095
v 0.000000 -0.526749 3.091095
v 0.000000 -0.544560 3.152057
v -0.106232 -0.534062 3.152057
v -0.102758 -0.516595 3.091095
v -0.201579 -0.486653 3.091095
v -0.208394 -0.503108 3.152057
v -0.302522 -0.452756 3.152057
v -0.292628 -0.437947 3.091095
v -0.372468 -0.372467 3.091095
v -0.385062 -0.385062 3.152057
v -0.452757 -0.302521 3.152057
v -0.437948 -0.292627 3.091095
v -0.486654 -0.201578 3.091095
v -0.503109 -0.208394 3.152057
v -0.534063 -0.106231 3.152057
v -0.516595 -0.102757 3.091095
v -0.526750 0.000001 3.091095
v -0.544561 0.000001 3.152057
v -0.534063 0.106233 3.152057
v -0.516595 0.102758 3.091095
v -0.486654 0.201580 3.091095
v -0.503109 0.208395 3.152057
v -0.452757 0.302523 3.152057
v -0.437948 0.292629 3.091095
v -0.372468 0.372469 3.091095
v -0.385062 0.385063 3.152057
v -0.302522 0.452758 3.152057
v -0.292628 0.437949 3.091095
v -0.201579 0.486654 3.091095
v -0.208394 0.503109 3.152057
v -0.106232 0.534063 3.152057
v -0.102757 0.516596 3.091095
v -0.000000 0.526751 3.091095
v -0.000000 0.544562 3.152057
v 0.106231 0.534063 3.152057
v 0.102757 0.516596 3.091095
v 0.201579 0.486654 3.091095
v 0.208394 0.503109 3.152057
v 0.302522 0.452758 3.152057
v 0.292627 0.437949 3.091095
v 0.372468 0.372469 3.091095
v 0.385062 0.385063 3.152057
v 0.452757 0.302522 3.152057
v 0.437948 0.292628 3.091095
v 0.486653 0.201580 3.091095
v 0.503108 0.208395 3.152057
v 0.534062 0.106232 3.152057
v 0.516595 0.102758 3.091095
v 0.483326 0.000001 3.034252
v 0.474008 -0.094286 3.034252
v 0.430486 0.000001 2.982646
v 0.422188 -0.083978 2.982646
v 0.397718 -0.164739 2.982646
v 0.446534 -0.184960 3.034252
v 0.401845 -0.268502 3.034252
v 0.357914 -0.239150 2.982646
v 0.304400 -0.304399 2.982646
v 0.341763 -0.341762 3.034252
v 0.268503 -0.401844 3.034252
v 0.239150 -0.357913 2.982646
v 0.164740 -0.397718 2.982646
v 0.184961 -0.446534 3.034252
v 0.094286 -0.474007 3.034252
v 0.083978 -0.422187 2.982646
v 0.000000 -0.430487 2.982646
v 0.000000 -0.483325 3.034252
v -0.094286 -0.474008 3.034252
v -0.083978 -0.422187 2.982646
v -0.164740 -0.397718 2.982646
v -0.184961 -0.446534 3.034252
v -0.268504 -0.401844 3.034252
v -0.239150 -0.357913 2.982646
v -0.304400 -0.304399 2.982646
v -0.341763 -0.341762 3.034252
v -0.401845 -0.268502 3.034252
v -0.357914 -0.239150 2.982646
v -0.397718 -0.164739 2.982646
v -0.446535 -0.184960 3.034252
v -0.474008 -0.094285 3.034252
v -0.422188 -0.083978 2.982646
v -0.430487 0.000001 2.982646
v -0.483326 0.000001 3.034252
v -0.474009 0.094286 3.034252
v -0.422188 0.083979 2.982646
v -0.397718 0.164741 2.982646
v -0.446535 0.184962 3.034252
v -0.401845 0.268505 3.034252
v -0.357914 0.239151 2.982646
v -0.304400 0.304401 2.982646
v -0.341763 0.341764 3.034252
v -0.268504 0.401846 3.034252
v -0.239150 0.357914 2.982646
v -0.164740 0.397719 2.982646
v -0.184961 0.446535 3.034252
v -0.094286 0.474009 3.034252
v -0.083978 0.422189 2.982646
v -0.000000 0.430487 2.982646
v -0.000000 0.483326 3.034252
v 0.094286 0.474009 3.034252
v 0.083978 0.422189 2.982646
v 0.164740 0.397719 2.982646
v 0.184961 0.446535 3.034252
v 0.268504 0.401846 3.034252
v 0.239150 0.357914 2.982646
v 0.304400 0.304401 2.982646
v 0.341763 0.341763 3.034252
v 0.401845 0.268505 3.034252
v 0.357914 0.239150 2.982646
v 0.397718 0.164741 2.982646
v 0.446534 0.184962 3.034252
v 0.474008 0.094286 3.034252
v 0.422188 0.083979 2.982646
v 0.383746 0.000001 2.936194
v 0.376348 -0.074860 2.936195
v 0.346202 0.000001 2.894877
v 0.339528 -0.067536 2.894877
v 0.319849 -0.132486 2.894877
v 0.354535 -0.146853 2.936195
v 0.319053 -0.213183 2.936195
v 0.287838 -0.192327 2.894877
v 0.244802 -0.244802 2.894877
v 0.271350 -0.271349 2.936195
v 0.213184 -0.319052 2.936195
v 0.192327 -0.287838 2.894877
v 0.132486 -0.319849 2.894877
v 0.146853 -0.354534 2.936195
v 0.074860 -0.376348 2.936195
v 0.067536 -0.339528 2.894877
v 0.000000 -0.346202 2.894877
v 0.000000 -0.383745 2.936195
v -0.074861 -0.376348 2.936195
v -0.067537 -0.339528 2.894877
v -0.132486 -0.319849 2.894877
v -0.146854 -0.354534 2.936195
v -0.213184 -0.319052 2.936195
v -0.192327 -0.287838 2.894877
v -0.244802 -0.244802 2.894877
v -0.271350 -0.271349 2.936195
v -0.319053 -0.213183 2.936195
v -0.287838 -0.192327 2.894877
v -0.319850 -0.132486 2.894877
v -0.354535 -0.146853 2.936195
v -0.376349 -0.074860 2.936195
v -0.339529 -0.067536 2.894877
v -0.346202 0.000001 2.894877
v -0.383746 0.000001 2.936195
v -0.376349 0.074861 2.936195
v -0.339529 0.067537 2.894877
v -0.319850 0.132486 2.894877
v -0.354535 0.146854 2.936195
v -0.319053 0.213185 2.936195
v -0.287838 0.192328 2.894877
v -0.244802 0.244802 2.894877
v -0.271350 0.271351 2.936195
v -0.213184 0.319054 2.936195
v -0.192327 0.287839 2.894877
v -0.132486 0.319850 2.894877
v -0.146854 0.354537 2.936195
v -0.074860 0.376350 2.936195
v -0.067537 0.339529 2.894877
v -0.000000 0.346204 2.894877
v -0.000000 0.383746 2.936195
v 0.074860 0.376350 2.936195
v 0.067536 0.339529 2.894877
v 0.132486 0.319850 2.894877
v 0.146854 0.354537 2.936195
v 0.213184 0.319053 2.936195
v 0.192327 0.287839 2.894877
v 0.244802 0.244802 2.894877
v 0.271350 0.271350 2.936195
v 0.319053 0.213185 2.936195
v 0.287838 0.192328 2.894877
v 0.319849 0.132486 2.894877
v 0.354535 0.146854 2.936195
v 0.376348 0.074861 2.936195
v 0.339528 0.067537 2.894877
v 0.317310 0.000001 2.859217
v 0.311192 -0.061899 2.859217
v 0.294355 0.000001 2.831865
v 0.288681 -0.057421 2.831866
v 0.271949 -0.112644 2.831866
v 0.293155 -0.121429 2.859217
v 0.263816 -0.176276 2.859217
v 0.244730 -0.163524 2.831866
v 0.208140 -0.208140 2.831866
v 0.224371 -0.224371 2.859217
v 0.176276 -0.263816 2.859217
v 0.163524 -0.244731 2.831866
v 0.112645 -0.271948 2.831866
v 0.121429 -0.293155 2.859217
v 0.061899 -0.311192 2.859217
v 0.057422 -0.288680 2.831866
v 0.000000 -0.294354 2.831866
v 0.000000 -0.317309 2.859217
v -0.061900 -0.311192 2.859217
v -0.057422 -0.288680 2.831866
v -0.112645 -0.271948 2.831866
v -0.121429 -0.293155 2.859217
v -0.176277 -0.263815 2.859217
v -0.163525 -0.244731 2.831866
v -0.208141 -0.208140 2.831866
v -0.224372 -0.224371 2.859217
v -0.263817 -0.176276 2.859217
v -0.244732 -0.163524 2.831866
v -0.271949 -0.112644 2.831866
v -0.293156 -0.121429 2.859217
v -0.311193 -0.061899 2.859217
v -0.288681 -0.057422 2.831866
v -0.294355 0.000001 2.831866
v -0.317310 0.000001 2.859217
v -0.311193 0.061901 2.859217
v -0.288681 0.057422 2.831866
v -0.271949 0.112646 2.831866
v -0.293156 0.121429 2.859217
v -0.263816 0.176277 2.859217
v -0.244732 0.163525 2.831866
v -0.208141 0.208141 2.831866
v -0.224372 0.224372 2.859217
v -0.176277 0.263818 2.859217
v -0.163525 0.244732 2.831866
v -0.112645 0.271950 2.831866
v -0.121429 0.293157 2.859217
v -0.061900 0.311193 2.859217
v -0.057422 0.288681 2.831866
v -0.000000 0.294356 2.831866
v -0.000000 0.317310 2.859217
v 0.061900 0.311193 2.859217
v 0.057422 0.288681 2.831866
v 0.112645 0.271949 2.831866
v 0.121429 0.293156 2.859217
v 0.176276 0.263818 2.859217
v 0.163524 0.244732 2.831866
v 0.208140 0.208141 2.831866
v 0.224372 0.224372 2.859217
v 0.263816 0.176277 2.859217
v 0.244731 0.163525 2.831866
v 0.271949 0.112646 2.831866
v 0.293156 0.121429 2.859217
v 0.311192 0.061901 2.859217
v 0.288681 0.057422 2.831866
v 0.276147 0.000001 2.814278
v 0.270823 -0.053870 2.814278
v 0.269740 0.000001 2.801017
v 0.264540 -0.052620 2.801017
v 0.249207 -0.103225 2.801017
v 0.255127 -0.105676 2.814278
v 0.229593 -0.153409 2.814278
v 0.224266 -0.149850 2.801018
v 0.190735 -0.190734 2.801017
v 0.195266 -0.195265 2.814278
v 0.153409 -0.229593 2.814278
v 0.149850 -0.224266 2.801018
v 0.103225 -0.249207 2.801017
v 0.105677 -0.255126 2.814278
v 0.053870 -0.270823 2.814278
v 0.052620 -0.264540 2.801018
v 0.000000 -0.269740 2.801017
v 0.000000 -0.276147 2.814278
v -0.053870 -0.270823 2.814278
v -0.052621 -0.264540 2.801018
v -0.103226 -0.249207 2.801017
v -0.105677 -0.255126 2.814278
v -0.153410 -0.229593 2.814278
v -0.149850 -0.224266 2.801018
v -0.190736 -0.190735 2.801017
v -0.195266 -0.195265 2.814278
v -0.229594 -0.153409 2.814278
v -0.224266 -0.149850 2.801018
v -0.249208 -0.103225 2.801017
v -0.255127 -0.105676 2.814278
v -0.270824 -0.053870 2.814278
v -0.264541 -0.052619 2.801018
v -0.269741 0.000001 2.801017
v -0.276147 0.000001 2.814278
v -0.270824 0.053870 2.814278
v -0.264541 0.052621 2.801018
v -0.249208 0.103226 2.801017
v -0.255127 0.105677 2.814278
v -0.229594 0.153410 2.814278
v -0.224266 0.149851 2.801018
v -0.190735 0.190737 2.801017
v -0.195266 0.195266 2.814278
v -0.153410 0.229594 2.814278
v -0.149850 0.224267 2.801018
v -0.103226 0.249209 2.801017
v -0.105677 0.255127 2.814278
v -0.053870 0.270824 2.814278
v -0.052621 0.264541 2.801018
v -0.000000 0.269741 2.801017
v -0.000000 0.276148 2.814278
v 0.053870 0.270824 2.814278
v 0.052620 0.264541 2.801018
v 0.103225 0.249209 2.801017
v 0.105677 0.255127 2.814278
v 0.153409 0.229594 2.814278
v 0.149850 0.224267 2.801018
v 0.190735 0.190736 2.801017
v 0.195266 0.195266 2.814278
v 0.229593 0.153410 2.814278
v 0.224266 0.149850 2.801018
v 0.249207 0.103226 2.801017
v 0.255127 0.105677 2.814278
v 0.270823 0.053870 2.814278
v 0.264540 0.052621 2.801018
v 0.276623 0.000001 2.629437
v 0.284809 0.000001 2.623354
v 0.279319 -0.055559 2.623354
v 0.271290 -0.053962 2.629437
v 0.294049 0.000001 2.616082
v 0.288382 -0.057362 2.616081
v 0.271666 -0.112527 2.616081
v 0.263129 -0.108991 2.623354
v 0.255566 -0.105858 2.629437
v 0.236795 -0.158221 2.623354
v 0.229989 -0.153674 2.629437
v 0.244477 -0.163354 2.616082
v 0.207925 -0.207924 2.616082
v 0.201391 -0.201390 2.623354
v 0.195602 -0.195602 2.629437
v 0.158221 -0.236795 2.623354
v 0.153673 -0.229989 2.629437
v 0.163355 -0.244478 2.616082
v 0.112528 -0.271666 2.616082
v 0.108992 -0.263130 2.623354
v 0.105859 -0.255566 2.629437
v 0.055560 -0.279318 2.623354
v 0.053963 -0.271290 2.629437
v 0.057362 -0.288381 2.616082
v 0.000000 -0.294050 2.616082
v 0.000000 -0.284809 2.623354
v 0.000000 -0.276622 2.629437
v -0.055560 -0.279318 2.623354
v -0.053963 -0.271290 2.629437
v -0.057362 -0.288381 2.616082
v -0.112528 -0.271666 2.616082
v -0.108992 -0.263130 2.623354
v -0.105859 -0.255566 2.629437
v -0.158221 -0.236795 2.623354
v -0.153674 -0.229989 2.629437
v -0.163356 -0.244478 2.616082
v -0.207925 -0.207924 2.616082
v -0.201391 -0.201390 2.623354
v -0.195602 -0.195602 2.629437
v -0.236795 -0.158221 2.623354
v -0.229990 -0.153674 2.629437
v -0.244479 -0.163355 2.616082
v -0.271667 -0.112527 2.616082
v -0.263131 -0.108991 2.623354
v -0.255566 -0.105858 2.629437
v -0.279319 -0.055559 2.623354
v -0.271291 -0.053962 2.629437
v -0.288382 -0.057362 2.616082
v -0.294051 0.000001 2.616082
v -0.284809 0.000001 2.623354
v -0.276623 0.000001 2.629437
v -0.279319 0.055561 2.623354
v -0.271291 0.053964 2.629437
v -0.288382 0.057363 2.616082
v -0.271667 0.112529 2.616082
v -0.263131 0.108993 2.623354
v -0.255566 0.105860 2.629437
v -0.236795 0.158222 2.623354
v -0.229990 0.153674 2.629437
v -0.244479 0.163355 2.616082
v -0.207925 0.207925 2.616082
v -0.201391 0.201391 2.623354
v -0.195602 0.195603 2.629437
v -0.158221 0.236796 2.623354
v -0.153674 0.229990 2.629437
v -0.163355 0.244478 2.616082
v -0.112528 0.271667 2.616082
v -0.108992 0.263131 2.623354
v -0.105859 0.255567 2.629437
v -0.055560 0.279320 2.623354
v -0.053963 0.271291 2.629437
v -0.057362 0.288382 2.616082
v -0.000000 0.294050 2.616082
v -0.000000 0.284810 2.623354
v -0.000000 0.276624 2.629437
v 0.055560 0.279320 2.623354
v 0.053963 0.271291 2.629437
v 0.057362 0.288382 2.616082
v 0.112528 0.271667 2.616082
v 0.108992 0.263131 2.623354
v 0.105859 0.255567 2.629437
v 0.158221 0.236796 2.623354
v 0.153674 0.229990 2.629437
v 0.163355 0.244478 2.616082
v 0.207925 0.207925 2.616082
v 0.201391 0.201391 2.623354
v 0.195602 0.195603 2.629437
v 0.236795 0.158222 2.623354
v 0.229989 0.153674 2.629437
v 0.244477 0.163355 2.616082
v 0.271666 0.112529 2.616082
v 0.263129 0.108993 2.623354
v 0.255566 0.105860 2.629437
v 0.279319 0.055561 2.623354
v 0.271290 0.053964 2.629437
v 0.288382 0.057363 2.616081
v 0.302484 0.000001 2.605218
v 0.296653 -0.059007 2.605218
v 0.306210 0.000001 2.592007
v 0.300307 -0.059734 2.592007
v 0.282902 -0.117181 2.592007
v 0.279459 -0.115755 2.605218
v 0.251490 -0.168040 2.605218
v 0.254588 -0.170110 2.592008
v 0.216523 -0.216523 2.592007
v 0.213889 -0.213888 2.605218
v 0.168040 -0.251490 2.605218
v 0.170110 -0.254588 2.592008
v 0.117181 -0.282901 2.592007
v 0.115756 -0.279458 2.605218
v 0.059008 -0.296653 2.605218
v 0.059734 -0.300306 2.592008
v 0.000000 -0.306210 2.592007
v 0.000000 -0.302484 2.605218
v -0.059008 -0.296652 2.605218
v -0.059735 -0.300306 2.592008
v -0.117182 -0.282901 2.592007
v -0.115756 -0.279458 2.605218
v -0.168041 -0.251490 2.605218
v -0.170110 -0.254588 2.592008
v -0.216523 -0.216523 2.592007
v -0.213889 -0.213888 2.605218
v -0.251490 -0.168040 2.605218
v -0.254588 -0.170110 2.592008
v -0.282902 -0.117181 2.592007
v -0.279459 -0.115755 2.605218
v -0.296654 -0.059007 2.605218
v -0.300307 -0.059734 2.592008
v -0.306210 0.000001 2.592007
v -0.302485 0.000001 2.605218
v -0.296653 0.059009 2.605218
v -0.300307 0.059735 2.592008
v -0.282902 0.117183 2.592007
v -0.279459 0.115756 2.605218
v -0.251490 0.168041 2.605218
v -0.254588 0.170111 2.592008
v -0.216523 0.216524 2.592007
v -0.213889 0.213890 2.605218
v -0.168041 0.251491 2.605218
v -0.170110 0.254589 2.592008
v -0.117182 0.282903 2.592007
v -0.115756 0.279460 2.605218
v -0.059008 0.296654 2.605218
v -0.059735 0.300308 2.592008
v -0.000000 0.306211 2.592007
v -0.000000 0.302485 2.605218
v 0.059008 0.296654 2.605218
v 0.059734 0.300308 2.592008
v 0.117181 0.282903 2.592007
v 0.115756 0.279460 2.605218
v 0.168040 0.251491 2.605218
v 0.170110 0.254589 2.592008
v 0.216523 0.216524 2.592007
v 0.213889 0.213890 2.605218
v 0.251490 0.168041 2.605218
v 0.254588 0.170111 2.592008
v 0.282902 0.117183 2.592007
v 0.279459 0.115756 2.605218
v 0.296653 0.059009 2.605217
v 0.300307 0.059735 2.592008
v 0.302157 0.000001 2.578962
v 0.296332 -0.058943 2.578962
v 0.292617 0.000001 2.570001
v 0.286977 -0.057082 2.570001
v 0.270343 -0.111979 2.570001
v 0.279157 -0.115630 2.578962
v 0.251218 -0.167858 2.578962
v 0.243287 -0.162558 2.570001
v 0.206912 -0.206911 2.570001
v 0.213657 -0.213657 2.578962
v 0.167859 -0.251218 2.578962
v 0.162559 -0.243286 2.570001
v 0.111980 -0.270343 2.570001
v 0.115630 -0.279156 2.578962
v 0.058944 -0.296331 2.578962
v 0.057083 -0.286976 2.570001
v 0.000000 -0.292617 2.570001
v 0.000000 -0.302156 2.578962
v -0.058944 -0.296331 2.578962
v -0.057083 -0.286976 2.570001
v -0.111980 -0.270343 2.570001
v -0.115630 -0.279156 2.578962
v -0.167858 -0.251218 2.578962
v -0.162559 -0.243286 2.570001
v -0.206912 -0.206911 2.570001
v -0.213658 -0.213657 2.578962
v -0.251218 -0.167859 2.578962
v -0.243287 -0.162558 2.570001
v -0.270343 -0.111979 2.570001
v -0.279157 -0.115630 2.578962
v -0.296332 -0.058943 2.578962
v -0.286977 -0.057082 2.570001
v -0.292618 0.000001 2.570001
v -0.302157 0.000001 2.578962
v -0.296332 0.058945 2.578962
v -0.286977 0.057084 2.570001
v -0.270343 0.111981 2.570001
v -0.279157 0.115631 2.578962
v -0.251218 0.167859 2.578962
v -0.243287 0.162560 2.570001
v -0.206912 0.206913 2.570001
v -0.213658 0.213658 2.578962
v -0.167859 0.251219 2.578962
v -0.162559 0.243288 2.570001
v -0.111980 0.270344 2.570001
v -0.115630 0.279158 2.578962
v -0.058944 0.296333 2.578962
v -0.057083 0.286978 2.570001
v -0.000000 0.292619 2.570001
v -0.000000 0.302158 2.578962
v 0.058944 0.296333 2.578962
v 0.057083 0.286977 2.570001
v 0.111980 0.270344 2.570001
v 0.115630 0.279157 2.578962
v 0.167858 0.251219 2.578962
v 0.162559 0.243287 2.570001
v 0.206912 0.206913 2.570001
v 0.213657 0.213658 2.578962
v 0.251218 0.167859 2.578962
v 0.243287 0.162560 2.570001
v 0.270343 0.111981 2.570001
v 0.279157 0.115631 2.578962
v 0.296332 0.058945 2.578962
v 0.286977 0.057084 2.570001
v 0.281825 0.000001 2.566947
v 0.276392 -0.054978 2.566947
v 0.276404 0.000001 2.561827
v 0.271075 -0.053919 2.561827
v 0.255364 -0.105774 2.561827
v 0.260373 -0.107850 2.566947
v 0.234314 -0.156563 2.566947
v 0.229807 -0.153551 2.561827
v 0.195446 -0.195446 2.561827
v 0.199281 -0.199280 2.566947
v 0.156563 -0.234314 2.566947
v 0.153552 -0.229806 2.561827
v 0.105775 -0.255363 2.561827
v 0.107850 -0.260372 2.566947
v 0.054977 -0.276392 2.566947
v 0.053920 -0.271075 2.561827
v 0.000000 -0.276403 2.561827
v 0.000000 -0.281825 2.566947
v -0.054978 -0.276392 2.566947
v -0.053921 -0.271075 2.561827
v -0.105775 -0.255363 2.561827
v -0.107850 -0.260372 2.566947
v -0.156564 -0.234314 2.566947
v -0.153552 -0.229806 2.561827
v -0.195447 -0.195446 2.561827
v -0.199281 -0.199280 2.566947
v -0.234314 -0.156562 2.566947
v -0.229807 -0.153551 2.561827
v -0.255364 -0.105775 2.561827
v -0.260373 -0.107850 2.566947
v -0.276393 -0.054978 2.566947
v -0.271075 -0.053919 2.561827
v -0.276404 0.000001 2.561827
v -0.281826 0.000001 2.566947
v -0.276392 0.054979 2.566947
v -0.271075 0.053921 2.561827
v -0.255364 0.105776 2.561827
v -0.260373 0.107850 2.566947
v -0.234314 0.156564 2.566947
v -0.229807 0.153553 2.561827
v -0.195447 0.195448 2.561827
v -0.199281 0.199281 2.566947
v -0.156564 0.234314 2.566947
v -0.153552 0.229807 2.561827
v -0.105775 0.255365 2.561827
v -0.107850 0.260374 2.566947
v -0.054978 0.276393 2.566947
v -0.053920 0.271076 2.561827
v -0.000000 0.276405 2.561827
v -0.000000 0.281826 2.566947
v 0.054977 0.276393 2.566947
v 0.053920 0.271076 2.561827
v 0.105775 0.255365 2.561827
v 0.107849 0.260373 2.566947
v 0.156564 0.234314 2.566947
v 0.153552 0.229807 2.561827
v 0.195447 0.195448 2.561827
v 0.199281 0.199281 2.566947
v 0.234314 0.156564 2.566947
v 0.229807 0.153553 2.561827
v 0.255364 0.105776 2.561827
v 0.260373 0.107850 2.566947
v 0.276392 0.054979 2.566947
v 0.271075 0.053921 2.561827
v 0.281453 0.000001 2.547674
v 0.276027 -0.054905 2.547674
v 0.293583 0.000001 2.531346
v 0.287923 -0.057271 2.531346
v 0.271235 -0.112349 2.531346
v 0.260029 -0.107707 2.547674
v 0.234005 -0.156356 2.547674
v 0.244090 -0.163095 2.531346
v 0.207594 -0.207594 2.531346
v 0.199018 -0.199017 2.547674
v 0.156357 -0.234004 2.547674
v 0.163095 -0.244090 2.531346
v 0.112350 -0.271235 2.531346
v 0.107707 -0.260028 2.547674
v 0.054905 -0.276026 2.547674
v 0.057271 -0.287923 2.531346
v 0.000000 -0.293582 2.531346
v 0.000000 -0.281453 2.547674
v -0.054906 -0.276026 2.547674
v -0.057272 -0.287923 2.531346
v -0.112350 -0.271235 2.531346
v -0.107707 -0.260028 2.547674
v -0.156357 -0.234004 2.547674
v -0.163096 -0.244090 2.531346
v -0.207595 -0.207595 2.531346
v -0.199018 -0.199017 2.547674
v -0.234005 -0.156356 2.547674
v -0.244090 -0.163095 2.531346
v -0.271236 -0.112349 2.531346
v -0.260030 -0.107707 2.547674
v -0.276027 -0.054905 2.547674
v -0.287924 -0.057271 2.531346
v -0.293583 0.000001 2.531346
v -0.281453 0.000001 2.547674
v -0.276027 0.054906 2.547674
v -0.287924 0.057272 2.531346
v -0.271236 0.112350 2.531346
v -0.260030 0.107708 2.547674
v -0.234005 0.156358 2.547674
v -0.244090 0.163096 2.531346
v -0.207595 0.207595 2.531346
v -0.199018 0.199018 2.547674
v -0.156357 0.234005 2.547674
v -0.163096 0.244090 2.531346
v -0.112350 0.271236 2.531346
v -0.107707 0.260030 2.547674
v -0.054906 0.276028 2.547674
v -0.057272 0.287924 2.531346
v -0.000000 0.293584 2.531346
v -0.000000 0.281454 2.547674
v 0.054905 0.276028 2.547674
v 0.057271 0.287924 2.531346
v 0.112350 0.271236 2.531346
v 0.107707 0.260030 2.547674
v 0.156357 0.234005 2.547674
v 0.163095 0.244090 2.531346
v 0.207594 0.207595 2.531346
v 0.199018 0.199018 2.547674
v 0.234005 0.156358 2.547674
v 0.244090 0.163096 2.531346
v 0.271235 0.112350 2.531346
v 0.260029 0.107708 2.547674
v 0.276027 0.054906 2.547674
v 0.287923 0.057272 2.531346
v 0.308188 0.000001 2.520832
v 0.302246 -0.060120 2.520831
v 0.324280 0.000001 2.514812
v 0.318028 -0.063259 2.514812
v 0.299595 -0.124096 2.514812
v 0.284729 -0.117938 2.520831
v 0.256232 -0.171209 2.520831
v 0.269611 -0.180148 2.514813
v 0.229299 -0.229300 2.514812
v 0.217921 -0.217922 2.520832
v 0.171209 -0.256232 2.520831
v 0.180149 -0.269611 2.514813
v 0.124096 -0.299595 2.514812
v 0.117938 -0.284728 2.520832
v 0.060121 -0.302246 2.520831
v 0.063260 -0.318028 2.514813
v 0.000000 -0.324279 2.514812
v 0.000000 -0.308187 2.520832
v -0.060121 -0.302246 2.520831
v -0.063260 -0.318028 2.514813
v -0.124097 -0.299595 2.514812
v -0.117938 -0.284728 2.520832
v -0.171210 -0.256232 2.520831
v -0.180149 -0.269611 2.514813
v -0.229301 -0.229300 2.514812
v -0.217921 -0.217922 2.520832
v -0.256233 -0.171209 2.520831
v -0.269611 -0.180148 2.514813
v -0.299596 -0.124096 2.514812
v -0.284729 -0.117938 2.520832
v -0.302247 -0.060120 2.520831
v -0.318029 -0.063259 2.514813
v -0.324280 0.000001 2.514812
v -0.308188 0.000001 2.520832
v -0.302247 0.060122 2.520831
v -0.318029 0.063260 2.514813
v -0.299596 0.124097 2.514812
v -0.284729 0.117939 2.520832
v -0.256233 0.171210 2.520831
v -0.269611 0.180149 2.514813
v -0.229301 0.229301 2.514812
v -0.217921 0.217922 2.520832
v -0.171209 0.256233 2.520831
v -0.180149 0.269612 2.514813
v -0.124097 0.299596 2.514812
v -0.117938 0.284729 2.520832
v -0.060121 0.302247 2.520831
v -0.063260 0.318029 2.514813
v -0.000000 0.324280 2.514812
v -0.000000 0.308189 2.520832
v 0.060121 0.302247 2.520831
v 0.063260 0.318029 2.514813
v 0.124097 0.299596 2.514812
v 0.117938 0.284729 2.520832
v 0.171209 0.256233 2.520831
v 0.180149 0.269612 2.514813
v 0.229300 0.229301 2.514812
v 0.217921 0.217922 2.520832
v 0.256232 0.171210 2.520831
v 0.269611 0.180149 2.514813
v 0.299595 0.124097 2.514812
v 0.284729 0.117939 2.520832
v 0.302246 0.060122 2.520832
v 0.318028 0.063260 2.514812
v 0.342203 0.000001 2.509977
v 0.335606 -0.066756 2.509977
v 0.364009 0.000001 2.504340
v 0.356992 -0.071010 2.504340
v 0.336300 -0.139300 2.504340
v 0.316154 -0.130955 2.509977
v 0.284513 -0.190105 2.509977
v 0.302643 -0.202219 2.504340
v 0.257393 -0.257393 2.504340
v 0.241974 -0.241974 2.509977
v 0.190105 -0.284513 2.509977
v 0.202219 -0.302642 2.504340
v 0.139300 -0.336300 2.504340
v 0.130955 -0.316154 2.509977
v 0.066756 -0.335606 2.509977
v 0.071009 -0.356991 2.504340
v 0.000000 -0.364009 2.504340
v 0.000000 -0.342202 2.509977
v -0.066756 -0.335606 2.509977
v -0.071011 -0.356991 2.504340
v -0.139300 -0.336300 2.504340
v -0.130955 -0.316154 2.509977
v -0.190105 -0.284513 2.509977
v -0.202220 -0.302642 2.504340
v -0.257394 -0.257393 2.504340
v -0.241974 -0.241974 2.509977
v -0.284513 -0.190105 2.509977
v -0.302643 -0.202219 2.504340
v -0.336301 -0.139300 2.504340
v -0.316154 -0.130955 2.509977
v -0.335606 -0.066755 2.509977
v -0.356992 -0.071010 2.504340
v -0.364009 0.000001 2.504340
v -0.342203 0.000001 2.509977
v -0.335606 0.066757 2.509977
v -0.356992 0.071010 2.504340
v -0.336301 0.139301 2.504340
v -0.316154 0.130956 2.509977
v -0.284513 0.190106 2.509977
v -0.302643 0.202220 2.504340
v -0.257394 0.257394 2.504340
v -0.241974 0.241974 2.509977
v -0.190105 0.284513 2.509977
v -0.202220 0.302644 2.504340
v -0.139300 0.336301 2.504340
v -0.130955 0.316155 2.509977
v -0.066756 0.335606 2.509977
v -0.071011 0.356992 2.504340
v -0.000000 0.364009 2.504340
v -0.000000 0.342204 2.509977
v 0.066756 0.335606 2.509977
v 0.071009 0.356992 2.504340
v 0.139300 0.336301 2.504340
v 0.130955 0.316155 2.509977
v 0.190105 0.284513 2.509977
v 0.202219 0.302643 2.504340
v 0.257394 0.257394 2.504340
v 0.241974 0.241974 2.509977
v 0.284513 0.190106 2.509977
v 0.302643 0.202220 2.504340
v 0.336300 0.139301 2.504340
v 0.316154 0.130956 2.509977
v 0.335606 0.066757 2.509977
v 0.356992 0.071010 2.504340
v 0.390080 0.000001 2.496157
v 0.382560 -0.076095 2.496157
v 0.412417 0.000001 2.483318
v 0.404466 -0.080453 2.483318
v 0.381023 -0.157825 2.483318
v 0.360387 -0.149277 2.496157
v 0.324319 -0.216702 2.496157
v 0.342889 -0.229111 2.483318
v 0.291623 -0.291622 2.483318
v 0.275829 -0.275828 2.496157
v 0.216703 -0.324318 2.496157
v 0.229112 -0.342890 2.483318
v 0.157825 -0.381023 2.483318
v 0.149276 -0.360386 2.496157
v 0.076095 -0.382560 2.496157
v 0.080454 -0.404466 2.483318
v 0.000000 -0.412416 2.483318
v 0.000000 -0.390080 2.496157
v -0.076096 -0.382560 2.496157
v -0.080453 -0.404466 2.483318
v -0.157825 -0.381023 2.483318
v -0.149277 -0.360386 2.496157
v -0.216703 -0.324318 2.496157
v -0.229112 -0.342890 2.483318
v -0.291623 -0.291622 2.483318
v -0.275829 -0.275828 2.496157
v -0.324319 -0.216702 2.496157
v -0.342891 -0.229111 2.483318
v -0.381024 -0.157825 2.483318
v -0.360387 -0.149277 2.496157
v -0.382561 -0.076095 2.496157
v -0.404466 -0.080453 2.483318
v -0.412418 0.000001 2.483318
v -0.390081 0.000001 2.496157
v -0.382561 0.076097 2.496157
v -0.404466 0.080453 2.483318
v -0.381023 0.157825 2.483318
v -0.360387 0.149277 2.496157
v -0.324319 0.216704 2.496157
v -0.342891 0.229113 2.483318
v -0.291623 0.291623 2.483318
v -0.275829 0.275829 2.496157
v -0.216703 0.324320 2.496157
v -0.229112 0.342891 2.483318
v -0.157825 0.381024 2.483318
v -0.149278 0.360388 2.496157
v -0.076096 0.382561 2.496157
v -0.080454 0.404467 2.483318
v -0.000000 0.412418 2.483318
v -0.000000 0.390081 2.496157
v 0.076096 0.382561 2.496157
v 0.080453 0.404467 2.483318
v 0.157825 0.381024 2.483318
v 0.149277 0.360388 2.496157
v 0.216703 0.324320 2.496157
v 0.229112 0.342891 2.483318
v 0.291623 0.291623 2.483318
v 0.275829 0.275829 2.496157
v 0.324319 0.216704 2.496157
v 0.342889 0.229112 2.483318
v 0.381023 0.157825 2.483318
v 0.360387 0.149278 2.496157
v 0.382560 0.076097 2.496157
v 0.404466 0.080454 2.483318
v 0.423542 0.000001 2.464590
v 0.415377 -0.082623 2.464590
v 0.426463 0.000001 2.442612
v 0.418241 -0.083193 2.442612
v 0.394000 -0.163199 2.442612
v 0.391302 -0.162082 2.464590
v 0.352140 -0.235292 2.464590
v 0.354568 -0.236914 2.442612
v 0.301555 -0.301554 2.442612
v 0.299490 -0.299490 2.464590
v 0.235292 -0.352139 2.464590
v 0.236914 -0.354567 2.442612
v 0.163200 -0.393999 2.442612
v 0.162082 -0.391302 2.464590
v 0.082624 -0.415377 2.464590
v 0.083194 -0.418241 2.442612
v 0.000000 -0.426462 2.442612
v 0.000000 -0.423542 2.464590
v -0.082625 -0.415377 2.464590
v -0.083194 -0.418241 2.442612
v -0.163200 -0.393999 2.442612
v -0.162083 -0.391302 2.464590
v -0.235293 -0.352140 2.464590
v -0.236915 -0.354567 2.442612
v -0.301555 -0.301554 2.442612
v -0.299490 -0.299490 2.464590
v -0.352141 -0.235292 2.464590
v -0.354568 -0.236914 2.442612
v -0.394000 -0.163199 2.442612
v -0.391302 -0.162082 2.464590
v -0.415378 -0.082623 2.464590
v -0.418242 -0.083193 2.442612
v -0.426463 0.000001 2.442612
v -0.423542 0.000001 2.464590
v -0.415378 0.082624 2.464590
v -0.418242 0.083194 2.442612
v -0.394000 0.163201 2.442612
v -0.391302 0.162083 2.464590
v -0.352141 0.235294 2.464590
v -0.354568 0.236915 2.442612
v -0.301555 0.301555 2.442612
v -0.299490 0.299490 2.464590
v -0.235293 0.352142 2.464590
v -0.236914 0.354569 2.442612
v -0.163200 0.394001 2.442612
v -0.162082 0.391303 2.464590
v -0.082624 0.415379 2.464590
v -0.083194 0.418242 2.442612
v -0.000000 0.426463 2.442612
v -0.000000 0.423543 2.464590
v 0.082624 0.415379 2.464590
v 0.083194 0.418242 2.442612
v 0.163200 0.394001 2.442612
v 0.162082 0.391303 2.464590
v 0.235293 0.352141 2.464590
v 0.236914 0.354568 2.442612
v 0.301555 0.301555 2.442612
v 0.299490 0.299490 2.464590
v 0.352140 0.235293 2.464590
v 0.354568 0.236915 2.442612
v 0.394000 0.163201 2.442612
v 0.391302 0.162083 2.464590
v 0.415377 0.082624 2.464590
v 0.418241 0.083194 2.442612
v 0.424822 0.000001 2.421078
v 0.416632 -0.082873 2.421078
v 0.414352 0.000001 2.404036
v 0.406364 -0.080830 2.404035
v 0.382811 -0.158565 2.404035
v 0.392484 -0.162572 2.421077
v 0.353204 -0.236003 2.421078
v 0.344498 -0.230186 2.404035
v 0.292991 -0.292991 2.404035
v 0.300394 -0.300394 2.421078
v 0.236003 -0.353203 2.421078
v 0.230186 -0.344498 2.404035
v 0.158566 -0.382810 2.404035
v 0.162572 -0.392484 2.421078
v 0.082873 -0.416632 2.421078
v 0.080830 -0.406363 2.404035
v 0.000000 -0.414351 2.404035
v 0.000000 -0.424822 2.421078
v -0.082874 -0.416632 2.421078
v -0.080831 -0.406363 2.404035
v -0.158566 -0.382810 2.404035
v -0.162573 -0.392484 2.421078
v -0.236003 -0.353203 2.421078
v -0.230187 -0.344498 2.404035
v -0.292991 -0.292991 2.404035
v -0.300395 -0.300394 2.421078
v -0.353204 -0.236002 2.421078
v -0.344499 -0.230186 2.404035
v -0.382811 -0.158565 2.404035
v -0.392485 -0.162572 2.421078
v -0.416634 -0.082873 2.421078
v -0.406364 -0.080830 2.404035
v -0.414352 0.000001 2.404035
v -0.424822 0.000001 2.421078
v -0.416634 0.082874 2.421078
v -0.406364 0.080831 2.404035
v -0.382811 0.158566 2.404035
v -0.392485 0.162573 2.421078
v -0.353204 0.236004 2.421078
v -0.344499 0.230188 2.404035
v -0.292991 0.292991 2.404035
v -0.300395 0.300395 2.421078
v -0.236003 0.353205 2.421078
v -0.230186 0.344500 2.404035
v -0.158566 0.382812 2.404035
v -0.162573 0.392485 2.421078
v -0.082874 0.416633 2.421078
v -0.080831 0.406365 2.404035
v -0.000000 0.414352 2.404035
v -0.000000 0.424822 2.421078
v 0.082874 0.416633 2.421078
v 0.080830 0.406365 2.404035
v 0.158566 0.382812 2.404035
v 0.162572 0.392485 2.421078
v 0.236003 0.353205 2.421078
v 0.230186 0.344499 2.404035
v 0.292991 0.292991 2.404035
v 0.300394 0.300395 2.421078
v 0.353204 0.236004 2.421078
v 0.344498 0.230187 2.404035
v 0.382811 0.158566 2.404035
v 0.392484 0.162573 2.421078
v 0.416633 0.082874 2.421077
v 0.406364 0.080831 2.404035
v 0.391567 0.000001 2.394308
v 0.384018 -0.076386 2.394308
v 0.364046 0.000001 2.389486
v 0.357028 -0.071017 2.389485
v 0.336335 -0.139314 2.389485
v 0.361761 -0.149846 2.394308
v 0.325555 -0.217529 2.394309
v 0.302674 -0.202240 2.389486
v 0.257419 -0.257419 2.389486
v 0.276880 -0.276879 2.394308
v 0.217529 -0.325555 2.394309
v 0.202240 -0.302674 2.389486
v 0.139314 -0.336334 2.389486
v 0.149846 -0.361761 2.394308
v 0.076386 -0.384018 2.394309
v 0.071017 -0.357028 2.389486
v 0.000000 -0.364046 2.389486
v 0.000000 -0.391567 2.394308
v -0.076386 -0.384018 2.394309
v -0.071017 -0.357028 2.389486
v -0.139314 -0.336334 2.389486
v -0.149846 -0.361761 2.394308
v -0.217530 -0.325555 2.394309
v -0.202241 -0.302674 2.389486
v -0.257420 -0.257419 2.389486
v -0.276880 -0.276879 2.394308
v -0.325555 -0.217529 2.394309
v -0.302675 -0.202240 2.389486
v -0.336335 -0.139314 2.389486
v -0.361761 -0.149846 2.394308
v -0.384019 -0.076386 2.394309
v -0.357029 -0.071017 2.389486
v -0.364046 0.000001 2.389486
v -0.391567 0.000001 2.394308
v -0.384019 0.076386 2.394309
v -0.357029 0.071017 2.389486
v -0.336335 0.139315 2.389486
v -0.361761 0.149847 2.394308
v -0.325555 0.217530 2.394309
v -0.302675 0.202241 2.389486
v -0.257420 0.257420 2.389486
v -0.276880 0.276881 2.394308
v -0.217530 0.325556 2.394309
v -0.202240 0.302675 2.389486
v -0.139314 0.336335 2.389486
v -0.149846 0.361761 2.394308
v -0.076386 0.384019 2.394309
v -0.071017 0.357029 2.389486
v -0.000000 0.364047 2.389486
v -0.000000 0.391568 2.394308
v 0.076386 0.384019 2.394309
v 0.071017 0.357029 2.389486
v 0.139314 0.336335 2.389486
v 0.149846 0.361761 2.394308
v 0.217529 0.325556 2.394309
v 0.202240 0.302675 2.389486
v 0.257419 0.257420 2.389486
v 0.276880 0.276881 2.394308
v 0.325555 0.217530 2.394309
v 0.302674 0.202241 2.389486
v 0.336335 0.139315 2.389486
v 0.361761 0.149847 2.394308
v 0.384018 0.076386 2.394308
v 0.357028 0.071017 2.389485
v 0.340096 0.000001 2.386158
v 0.333539 -0.066345 2.386158
v 0.319882 0.000001 2.382168
v 0.313715 -0.062402 2.382168
v 0.295533 -0.122413 2.382168
v 0.314207 -0.130149 2.386158
v 0.282761 -0.188934 2.386158
v 0.265955 -0.177705 2.382168
v 0.226191 -0.226190 2.382168
v 0.240484 -0.240483 2.386158
v 0.188934 -0.282761 2.386158
v 0.177706 -0.265954 2.382168
v 0.122414 -0.295532 2.382168
v 0.130149 -0.314207 2.386158
v 0.066345 -0.333538 2.386158
v 0.062402 -0.313715 2.382168
v 0.000000 -0.319882 2.382168
v 0.000000 -0.340095 2.386158
v -0.066346 -0.333539 2.386158
v -0.062402 -0.313715 2.382168
v -0.122414 -0.295532 2.382168
v -0.130149 -0.314207 2.386158
v -0.188935 -0.282761 2.386158
v -0.177706 -0.265954 2.382168
v -0.226191 -0.226190 2.382168
v -0.240484 -0.240483 2.386158
v -0.282762 -0.188934 2.386158
v -0.265955 -0.177705 2.382168
v -0.295533 -0.122413 2.382168
v -0.314208 -0.130148 2.386158
v -0.333539 -0.066345 2.386158
v -0.313716 -0.062402 2.382168
v -0.319883 0.000001 2.382168
v -0.340096 0.000001 2.386158
v -0.333539 0.066346 2.386158
v -0.313716 0.062402 2.382168
v -0.295533 0.122414 2.382168
v -0.314208 0.130149 2.386158
v -0.282761 0.188935 2.386158
v -0.265955 0.177707 2.382168
v -0.226191 0.226191 2.382168
v -0.240484 0.240485 2.386158
v -0.188935 0.282762 2.386158
v -0.177706 0.265956 2.382168
v -0.122414 0.295534 2.382168
v -0.130149 0.314208 2.386158
v -0.066345 0.333540 2.386158
v -0.062402 0.313716 2.382168
v -0.000000 0.319883 2.382168
v -0.000000 0.340096 2.386158
v 0.066345 0.333540 2.386158
v 0.062402 0.313716 2.382168
v 0.122414 0.295534 2.382168
v 0.130149 0.314208 2.386158
v 0.188935 0.282762 2.386158
v 0.177706 0.265956 2.382168
v 0.226191 0.226191 2.382168
v 0.240484 0.240485 2.386158
v 0.282761 0.188935 2.386158
v 0.265955 0.177707 2.382168
v 0.295533 0.122414 2.382168
v 0.314207 0.130149 2.386158
v 0.333539 0.066346 2.386158
v 0.313715 0.062402 2.382168
v 0.301677 0.000001 2.375587
v 0.295861 -0.058850 2.375587
v 0.284306 0.000001 2.364150
v 0.278825 -0.055461 2.364150
v 0.262664 -0.108798 2.364150
v 0.278713 -0.115446 2.375587
v 0.250818 -0.167591 2.375587
v 0.236377 -0.157942 2.364150
v 0.201035 -0.201034 2.364150
v 0.213318 -0.213317 2.375587
v 0.167592 -0.250818 2.375587
v 0.157941 -0.236376 2.364150
v 0.108799 -0.262664 2.364150
v 0.115446 -0.278712 2.375587
v 0.058850 -0.295860 2.375587
v 0.055462 -0.278825 2.364150
v 0.000000 -0.284306 2.364150
v 0.000000 -0.301676 2.375587
v -0.058850 -0.295860 2.375587
v -0.055461 -0.278825 2.364150
v -0.108799 -0.262664 2.364150
v -0.115446 -0.278712 2.375587
v -0.167592 -0.250818 2.375587
v -0.157941 -0.236376 2.364150
v -0.201035 -0.201034 2.364150
v -0.213317 -0.213317 2.375587
v -0.250819 -0.167591 2.375587
v -0.236377 -0.157942 2.364150
v -0.262665 -0.108798 2.364150
v -0.278713 -0.115446 2.375587
v -0.295861 -0.058850 2.375587
v -0.278826 -0.055461 2.364150
v -0.284306 0.000001 2.364150
v -0.301677 0.000001 2.375587
v -0.295861 0.058851 2.375587
v -0.278826 0.055462 2.364150
v -0.262665 0.108800 2.364150
v -0.278713 0.115447 2.375587
v -0.250819 0.167592 2.375587
v -0.236377 0.157942 2.364150
v -0.201035 0.201035 2.364150
v -0.213318 0.213318 2.375587
v -0.167592 0.250819 2.375587
v -0.157941 0.236378 2.364150
v -0.108799 0.262665 2.364150
v -0.115446 0.278714 2.375587
v -0.058850 0.295861 2.375587
v -0.055462 0.278826 2.364150
v -0.000000 0.284306 2.364150
v -0.000000 0.301678 2.375587
v 0.058850 0.295861 2.375587
v 0.055461 0.278826 2.364150
v 0.108799 0.262665 2.364150
v 0.115446 0.278714 2.375587
v 0.167592 0.250819 2.375587
v 0.157941 0.236377 2.364150
v 0.201035 0.201035 2.364150
v 0.213317 0.213318 2.375587
v 0.250818 0.167592 2.375587
v 0.236377 0.157942 2.364150
v 0.262664 0.108800 2.364150
v 0.278713 0.115447 2.375587
v 0.295861 0.058851 2.375587
v 0.278825 0.055462 2.364150
v 0.266608 0.000001 2.346374
v 0.261468 -0.052009 2.346374
v 0.246902 0.000001 2.324234
v 0.242143 -0.048165 2.324234
v 0.228108 -0.094485 2.324234
v 0.246313 -0.102026 2.346374
v 0.221663 -0.148110 2.346374
v 0.205278 -0.137162 2.324234
v 0.174587 -0.174586 2.324234
v 0.188520 -0.188520 2.346374
v 0.148109 -0.221662 2.346374
v 0.137162 -0.205278 2.324234
v 0.094485 -0.228108 2.324234
v 0.102026 -0.246313 2.346374
v 0.052009 -0.261468 2.346374
v 0.048164 -0.242142 2.324234
v 0.000000 -0.246902 2.324234
v 0.000000 -0.266607 2.346374
v -0.052010 -0.261468 2.346374
v -0.048166 -0.242142 2.324234
v -0.094485 -0.228108 2.324234
v -0.102026 -0.246313 2.346374
v -0.148111 -0.221662 2.346374
v -0.137163 -0.205278 2.324234
v -0.174586 -0.174586 2.324234
v -0.188521 -0.188520 2.346374
v -0.221663 -0.148110 2.346374
v -0.205279 -0.137162 2.324234
v -0.228109 -0.094485 2.324234
v -0.246313 -0.102026 2.346374
v -0.261469 -0.052009 2.346374
v -0.242144 -0.048165 2.324234
v -0.246903 0.000001 2.324234
v -0.266608 0.000001 2.346374
v -0.261469 0.052010 2.346374
v -0.242144 0.048166 2.324234
v -0.228109 0.094486 2.324234
v -0.246313 0.102027 2.346374
v -0.221663 0.148110 2.346374
v -0.205279 0.137164 2.324234
v -0.174587 0.174587 2.324234
v -0.188520 0.188521 2.346374
v -0.148109 0.221663 2.346374
v -0.137163 0.205279 2.324234
v -0.094485 0.228109 2.324234
v -0.102026 0.246314 2.346374
v -0.052010 0.261469 2.346374
v -0.048166 0.242144 2.324234
v -0.000000 0.246903 2.324234
v -0.000000 0.266609 2.346374
v 0.052009 0.261469 2.346374
v 0.048165 0.242144 2.324234
v 0.094485 0.228109 2.324234
v 0.102026 0.246314 2.346374
v 0.148109 0.221663 2.346374
v 0.137163 0.205279 2.324234
v 0.174586 0.174587 2.324234
v 0.188520 0.188521 2.346374
v 0.221663 0.148110 2.346374
v 0.205279 0.137163 2.324234
v 0.228108 0.094486 2.324234
v 0.246313 0.102027 2.346374
v 0.261468 0.052010 2.346373
v 0.242143 0.048166 2.324234
v 0.225050 0.000001 2.299455
v 0.220712 -0.043901 2.299456
v 0.207585 0.000001 2.269284
v 0.203583 -0.040495 2.269284
v 0.191784 -0.079439 2.269284
v 0.207919 -0.086122 2.299456
v 0.187111 -0.125023 2.299456
v 0.172589 -0.115320 2.269284
v 0.146785 -0.146784 2.269284
v 0.159134 -0.159134 2.299456
v 0.125023 -0.187110 2.299456
v 0.115321 -0.172589 2.269284
v 0.079438 -0.191783 2.269284
v 0.086123 -0.207918 2.299456
v 0.043902 -0.220711 2.299456
v 0.040495 -0.203583 2.269284
v 0.000000 -0.207585 2.269284
v 0.000000 -0.225050 2.299456
v -0.043903 -0.220711 2.299456
v -0.040495 -0.203583 2.269284
v -0.079440 -0.191783 2.269284
v -0.086123 -0.207918 2.299456
v -0.125023 -0.187110 2.299456
v -0.115321 -0.172589 2.269284
v -0.146785 -0.146784 2.269284
v -0.159134 -0.159134 2.299456
v -0.187111 -0.125023 2.299456
v -0.172589 -0.115320 2.269284
v -0.191784 -0.079439 2.269284
v -0.207919 -0.086122 2.299456
v -0.220712 -0.043901 2.299456
v -0.203584 -0.040495 2.269284
v -0.207586 0.000001 2.269284
v -0.225050 0.000001 2.299456
v -0.220712 0.043903 2.299456
v -0.203584 0.040496 2.269284
v -0.191784 0.079440 2.269284
v -0.207919 0.086124 2.299456
v -0.187111 0.125024 2.299456
v -0.172589 0.115322 2.269284
v -0.146785 0.146786 2.269284
v -0.159134 0.159135 2.299456
v -0.125023 0.187111 2.299456
v -0.115321 0.172590 2.269284
v -0.079439 0.191785 2.269284
v -0.086123 0.207920 2.299456
v -0.043903 0.220712 2.299456
v -0.040495 0.203584 2.269284
v -0.000000 0.207586 2.269284
v -0.000000 0.225051 2.299456
v 0.043902 0.220712 2.299456
v 0.040495 0.203584 2.269284
v 0.079439 0.191785 2.269284
v 0.086123 0.207920 2.299456
v 0.125023 0.187111 2.299456
v 0.115321 0.172590 2.269284
v 0.146785 0.146786 2.269284
v 0.159134 0.159135 2.299456
v 0.187111 0.125024 2.299456
v 0.172589 0.115322 2.269284
v 0.191784 0.079440 2.269284
v 0.207919 0.086123 2.299456
v 0.220712 0.043903 2.299456
v 0.203583 0.040496 2.269284
v 0.201270 0.000001 2.206477
v 0.197390 -0.039262 2.206477
v 0.207104 0.000001 1.990315
v 0.203111 -0.040401 1.990315
v 0.191339 -0.079254 1.990315
v 0.185950 -0.077022 2.206477
v 0.167339 -0.111812 2.206477
v 0.172190 -0.115053 1.990315
v 0.146444 -0.146444 1.990315
v 0.142319 -0.142319 2.206477
v 0.111813 -0.167339 2.206477
v 0.115053 -0.172189 1.990315
v 0.079255 -0.191338 1.990315
v 0.077023 -0.185949 2.206477
v 0.039262 -0.197390 2.206477
v 0.040401 -0.203111 1.990315
v 0.000000 -0.207103 1.990315
v 0.000000 -0.201270 2.206477
v -0.039263 -0.197390 2.206477
v -0.040401 -0.203111 1.990315
v -0.079255 -0.191338 1.990315
v -0.077023 -0.185949 2.206477
v -0.111813 -0.167339 2.206477
v -0.115054 -0.172189 1.990315
v -0.146445 -0.146444 1.990315
v -0.142320 -0.142319 2.206477
v -0.167340 -0.111812 2.206477
v -0.172190 -0.115053 1.990315
v -0.191339 -0.079254 1.990315
v -0.185950 -0.077022 2.206477
v -0.197390 -0.039262 2.206477
v -0.203111 -0.040401 1.990315
v -0.207104 0.000001 1.990315
v -0.201270 0.000001 2.206477
v -0.197390 0.039264 2.206477
v -0.203111 0.040401 1.990315
v -0.191339 0.079256 1.990315
v -0.185950 0.077023 2.206477
v -0.167340 0.111814 2.206477
v -0.172190 0.115054 1.990315
v -0.146445 0.146445 1.990315
v -0.142320 0.142320 2.206477
v -0.111813 0.167340 2.206477
v -0.115054 0.172190 1.990315
v -0.079255 0.191339 1.990315
v -0.077023 0.185950 2.206477
v -0.039263 0.197391 2.206477
v -0.040401 0.203112 1.990315
v -0.000000 0.207104 1.990315
v -0.000000 0.201271 2.206477
v 0.039263 0.197391 2.206477
v 0.040401 0.203112 1.990315
v 0.079255 0.191339 1.990315
v 0.077023 0.185950 2.206477
v 0.111813 0.167340 2.206477
v 0.115053 0.172190 1.990315
v 0.146444 0.146445 1.990315
v 0.142320 0.142320 2.206477
v 0.167339 0.111814 2.206477
v 0.172190 0.115054 1.990315
v 0.191339 0.079256 1.990315
v 0.185950 0.077023 2.206477
v 0.197390 0.039264 2.206477
v 0.203111 0.040401 1.990315
v 0.223171 0.000001 1.549820
v 0.218869 -0.043535 1.549820
v 0.241672 0.000001 1.106446
v 0.237013 -0.047144 1.106446
v 0.223276 -0.092483 1.106446
v 0.206183 -0.085403 1.549820
v 0.185548 -0.123978 1.549820
v 0.200930 -0.134257 1.106446
v 0.170888 -0.170887 1.106446
v 0.157806 -0.157805 1.549820
v 0.123979 -0.185547 1.549820
v 0.134256 -0.200930 1.106446
v 0.092484 -0.223275 1.106446
v 0.085404 -0.206182 1.549820
v 0.043535 -0.218868 1.549820
v 0.047145 -0.237013 1.106446
v 0.000000 -0.241671 1.106446
v 0.000000 -0.223170 1.549820
v -0.043536 -0.218868 1.549820
v -0.047145 -0.237013 1.106446
v -0.092484 -0.223275 1.106446
v -0.085404 -0.206182 1.549820
v -0.123979 -0.185547 1.549820
v -0.134257 -0.200930 1.106446
v -0.170888 -0.170887 1.106446
v -0.157806 -0.157805 1.549820
v -0.185548 -0.123978 1.549820
v -0.200930 -0.134257 1.106446
v -0.223276 -0.092483 1.106446
v -0.206183 -0.085403 1.549820
v -0.218869 -0.043535 1.549820
v -0.237014 -0.047144 1.106446
v -0.241672 0.000001 1.106446
v -0.223171 0.000001 1.549820
v -0.218869 0.043536 1.549820
v -0.237014 0.047145 1.106446
v -0.223276 0.092485 1.106446
v -0.206183 0.085405 1.549820
v -0.185548 0.123980 1.549820
v -0.200930 0.134257 1.106446
v -0.170888 0.170889 1.106446
v -0.157806 0.157806 1.549820
v -0.123979 0.185549 1.549820
v -0.134258 0.200931 1.106446
v -0.092484 0.223277 1.106446
v -0.085404 0.206184 1.549820
v -0.043536 0.218869 1.549820
v -0.047145 0.237014 1.106446
v -0.000000 0.241673 1.106446
v -0.000000 0.223171 1.549820
v 0.043535 0.218869 1.549820
v 0.047145 0.237014 1.106446
v 0.092484 0.223277 1.106446
v 0.085404 0.206184 1.549820
v 0.123979 0.185549 1.549820
v 0.134257 0.200930 1.106446
v 0.170888 0.170889 1.106446
v 0.157806 0.157806 1.549820
v 0.185548 0.123980 1.549820
v 0.200930 0.134258 1.106446
v 0.223276 0.092485 1.106446
v 0.206183 0.085405 1.549820
v 0.218869 0.043536 1.549820
v 0.237014 0.047145 1.106446
v 0.255403 0.000001 0.882342
v 0.250480 -0.049823 0.882342
v 0.265430 0.000001 0.810010
v 0.260313 -0.051779 0.810010
v 0.245226 -0.101575 0.810010
v 0.235962 -0.097738 0.882342
v 0.212346 -0.141885 0.882342
v 0.220683 -0.147455 0.810010
v 0.187688 -0.187687 0.810010
v 0.180598 -0.180597 0.882342
v 0.141886 -0.212346 0.882342
v 0.147456 -0.220682 0.810010
v 0.101576 -0.245226 0.810010
v 0.097738 -0.235962 0.882342
v 0.049823 -0.250479 0.882342
v 0.051779 -0.260313 0.810010
v 0.000000 -0.265430 0.810010
v 0.000000 -0.255403 0.882342
v -0.049824 -0.250479 0.882342
v -0.051780 -0.260313 0.810010
v -0.101576 -0.245226 0.810010
v -0.097739 -0.235962 0.882342
v -0.141886 -0.212346 0.882342
v -0.147456 -0.220682 0.810010
v -0.187688 -0.187687 0.810010
v -0.180598 -0.180597 0.882342
v -0.212347 -0.141885 0.882342
v -0.220683 -0.147455 0.810010
v -0.245226 -0.101575 0.810010
v -0.235962 -0.097738 0.882342
v -0.250480 -0.049823 0.882342
v -0.260314 -0.051779 0.810010
v -0.265431 0.000001 0.810010
v -0.255404 0.000001 0.882342
v -0.250480 0.049824 0.882342
v -0.260314 0.051780 0.810010
v -0.245226 0.101577 0.810010
v -0.235962 0.097739 0.882342
v -0.212347 0.141887 0.882342
v -0.220683 0.147457 0.810010
v -0.187688 0.187688 0.810010
v -0.180598 0.180598 0.882342
v -0.141886 0.212347 0.882342
v -0.147456 0.220684 0.810010
v -0.101576 0.245226 0.810010
v -0.097739 0.235963 0.882342
v -0.049824 0.250481 0.882342
v -0.051780 0.260315 0.810010
v -0.000000 0.265431 0.810010
v -0.000000 0.255404 0.882342
v 0.049823 0.250481 0.882342
v 0.051779 0.260315 0.810010
v 0.101576 0.245226 0.810010
v 0.097738 0.235962 0.882342
v 0.141886 0.212347 0.882342
v 0.147456 0.220684 0.810010
v 0.187688 0.187688 0.810010
v 0.180598 0.180598 0.882342
v 0.212346 0.141887 0.882342
v 0.220683 0.147456 0.810010
v 0.245226 0.101577 0.810010
v 0.235962 0.097739 0.882342
v 0.250480 0.049824 0.882342
v 0.260313 0.051780 0.810010
v 0.284476 0.000001 0.748468
v 0.296270 0.000001 0.735991
v 0.290558 -0.057795 0.735991
v 0.278991 -0.055494 0.748468
v 0.310504 0.000001 0.730218
v 0.304519 -0.060572 0.730218
v 0.286868 -0.118824 0.730218
v 0.273717 -0.113377 0.735991
v 0.262821 -0.108863 0.748468
v 0.246323 -0.164587 0.735991
v 0.236518 -0.158035 0.748468
v 0.258158 -0.172495 0.730218
v 0.219559 -0.219559 0.730218
v 0.209494 -0.209494 0.735991
v 0.201154 -0.201154 0.748468
v 0.164588 -0.246323 0.735991
v 0.158036 -0.236517 0.748468
v 0.172495 -0.258158 0.730218
v 0.118825 -0.286868 0.730218
v 0.113378 -0.273717 0.735991
v 0.108864 -0.262821 0.748468
v 0.057795 -0.290558 0.735991
v 0.055494 -0.278991 0.748468
v 0.060572 -0.304518 0.730218
v 0.000000 -0.310503 0.730218
v 0.000000 -0.296269 0.735991
v 0.000000 -0.284475 0.748468
v -0.057796 -0.290558 0.735991
v -0.055495 -0.278991 0.748468
v -0.060573 -0.304518 0.730218
v -0.118825 -0.286868 0.730218
v -0.113378 -0.273717 0.735991
v -0.108864 -0.262821 0.748468
v -0.164588 -0.246323 0.735991
v -0.158037 -0.236517 0.748468
v -0.172496 -0.258158 0.730218
v -0.219560 -0.219559 0.730218
v -0.209494 -0.209494 0.735991
v -0.201155 -0.201154 0.748468
v -0.246323 -0.164587 0.735991
v -0.236518 -0.158035 0.748468
v -0.258159 -0.172495 0.730218
v -0.286869 -0.118824 0.730218
v -0.273717 -0.113377 0.735991
v -0.262822 -0.108863 0.748468
v -0.290558 -0.057795 0.735991
v -0.278992 -0.055494 0.748468
v -0.304519 -0.060572 0.730218
v -0.310504 0.000001 0.730218
v -0.296270 0.000001 0.735991
v -0.284476 0.000001 0.748468
v -0.290558 0.057796 0.735991
v -0.278992 0.055495 0.748468
v -0.304519 0.060573 0.730218
v -0.286869 0.118826 0.730218
v -0.273717 0.113379 0.735991
v -0.262822 0.108865 0.748468
v -0.246323 0.164589 0.735991
v -0.236518 0.158037 0.748468
v -0.258159 0.172496 0.730218
v -0.219560 0.219560 0.730218
v -0.209494 0.209495 0.735991
v -0.201155 0.201155 0.748468
v -0.164588 0.246324 0.735991
v -0.158037 0.236518 0.748468
v -0.172496 0.258159 0.730218
v -0.118825 0.286869 0.730218
v -0.113378 0.273718 0.735991
v -0.108864 0.262822 0.748468
v -0.057796 0.290559 0.735991
v -0.055495 0.278992 0.748468
v -0.060573 0.304519 0.730218
v -0.000000 0.310505 0.730218
v -0.000000 0.296270 0.735991
v -0.000000 0.284476 0.748468
v 0.057795 0.290559 0.735991
v 0.055495 0.278992 0.748468
v 0.060572 0.304519 0.730218
v 0.118825 0.286869 0.730218
v 0.113378 0.273718 0.735991
v 0.108864 0.262822 0.748468
v 0.164588 0.246324 0.735991
v 0.158036 0.236518 0.748468
v 0.172496 0.258159 0.730218
v 0.219559 0.219560 0.730218
v 0.209494 0.209495 0.735991
v 0.201154 0.201155 0.748468
v 0.246323 0.164589 0.735991
v 0.236518 0.158037 0.748468
v 0.258159 0.172496 0.730218
v 0.286868 0.118826 0.730218
v 0.273717 0.113379 0.735991
v 0.262822 0.108865 0.748468
v 0.290558 0.057796 0.735991
v 0.278991 0.055495 0.748468
v 0.304519 0.060573 0.730218
v 0.327052 0.000001 0.725116
v 0.320747 -0.063800 0.725116
v 0.343737 0.000001 0.716591
v 0.337111 -0.067055 0.716591
v 0.317571 -0.131542 0.716591
v 0.302156 -0.125157 0.725116
v 0.271916 -0.181688 0.725116
v 0.285788 -0.190958 0.716591
v 0.243058 -0.243058 0.716591
v 0.231261 -0.231260 0.725116
v 0.181689 -0.271916 0.725116
v 0.190958 -0.285788 0.716591
v 0.131542 -0.317571 0.716591
v 0.125157 -0.302156 0.725116
v 0.063800 -0.320746 0.725116
v 0.067055 -0.337110 0.716591
v 0.000000 -0.343737 0.716591
v 0.000000 -0.327051 0.725116
v -0.063801 -0.320746 0.725116
v -0.067056 -0.337110 0.716591
v -0.131543 -0.317571 0.716591
v -0.125158 -0.302156 0.725116
v -0.181689 -0.271916 0.725116
v -0.190958 -0.285788 0.716591
v -0.243059 -0.243058 0.716591
v -0.231261 -0.231260 0.725116
v -0.271916 -0.181688 0.725116
v -0.285789 -0.190958 0.716591
v -0.317572 -0.131542 0.716591
v -0.302157 -0.125157 0.725116
v -0.320747 -0.063800 0.725116
v -0.337111 -0.067055 0.716591
v -0.343738 0.000001 0.716591
v -0.327052 0.000001 0.725116
v -0.320747 0.063801 0.725116
v -0.337111 0.067056 0.716591
v -0.317572 0.131543 0.716591
v -0.302157 0.125158 0.725116
v -0.271916 0.181689 0.725116
v -0.285789 0.190958 0.716591
v -0.243059 0.243059 0.716591
v -0.231261 0.231261 0.725116
v -0.181689 0.271917 0.725116
v -0.190958 0.285789 0.716591
v -0.131543 0.317572 0.716591
v -0.125158 0.302157 0.725116
v -0.063801 0.320747 0.725116
v -0.067055 0.337111 0.716591
v -0.000000 0.343737 0.716591
v -0.000000 0.327053 0.725116
v 0.063801 0.320747 0.725116
v 0.067055 0.337111 0.716591
v 0.131542 0.317572 0.716591
v 0.125158 0.302157 0.725116
v 0.181689 0.271917 0.725116
v 0.190958 0.285789 0.716591
v 0.243059 0.243059 0.716591
v 0.231261 0.231261 0.725116
v 0.271916 0.181689 0.725116
v 0.285789 0.190958 0.716591
v 0.317572 0.131543 0.716591
v 0.302156 0.125158 0.725116
v 0.320747 0.063801 0.725116
v 0.337111 0.067056 0.716591
v 0.357833 0.000001 0.701681
v 0.350935 -0.069805 0.701681
v 0.366459 0.000001 0.680005
v 0.359395 -0.071487 0.680005
v 0.338565 -0.140238 0.680005
v 0.330595 -0.136936 0.701681
v 0.297508 -0.198788 0.701681
v 0.304680 -0.203581 0.680005
v 0.259126 -0.259126 0.680005
v 0.253026 -0.253026 0.701681
v 0.198789 -0.297508 0.701681
v 0.203581 -0.304680 0.680005
v 0.140237 -0.338564 0.680005
v 0.136937 -0.330594 0.701681
v 0.069806 -0.350934 0.701681
v 0.071488 -0.359394 0.680005
v 0.000000 -0.366459 0.680005
v 0.000000 -0.357833 0.701681
v -0.069806 -0.350934 0.701681
v -0.071488 -0.359394 0.680005
v -0.140239 -0.338564 0.680005
v -0.136937 -0.330594 0.701681
v -0.198789 -0.297508 0.701681
v -0.203581 -0.304680 0.680005
v -0.259126 -0.259126 0.680005
v -0.253027 -0.253026 0.701681
v -0.297509 -0.198788 0.701681
v -0.304681 -0.203580 0.680005
v -0.338565 -0.140238 0.680005
v -0.330595 -0.136936 0.701681
v -0.350935 -0.069805 0.701681
v -0.359395 -0.071487 0.680005
v -0.366460 0.000001 0.680005
v -0.357833 0.000001 0.701681
v -0.350935 0.069806 0.701681
v -0.359395 0.071489 0.680005
v -0.338565 0.140239 0.680005
v -0.330595 0.136938 0.701681
v -0.297509 0.198790 0.701681
v -0.304681 0.203582 0.680005
v -0.259126 0.259126 0.680005
v -0.253027 0.253027 0.701681
v -0.198789 0.297509 0.701681
v -0.203581 0.304681 0.680005
v -0.140239 0.338565 0.680005
v -0.136937 0.330596 0.701681
v -0.069806 0.350936 0.701681
v -0.071488 0.359396 0.680005
v -0.000000 0.366460 0.680005
v -0.000000 0.357834 0.701681
v 0.069806 0.350936 0.701681
v 0.071488 0.359396 0.680005
v 0.140237 0.338565 0.680005
v 0.136937 0.330595 0.701681
v 0.198789 0.297509 0.701681
v 0.203581 0.304681 0.680005
v 0.259126 0.259126 0.680005
v 0.253026 0.253027 0.701681
v 0.297509 0.198790 0.701681
v 0.304681 0.203582 0.680005
v 0.338565 0.140239 0.680005
v 0.330595 0.136938 0.701681
v 0.350935 0.069806 0.701681
v 0.359395 0.071489 0.680005
v 0.367030 0.000007 0.653298
v 0.359955 -0.071593 0.653298
v 0.358293 0.000050 0.629168
v 0.351395 -0.069846 0.629168
v 0.331038 -0.137067 0.629168
v 0.339093 -0.140450 0.653298
v 0.305157 -0.203892 0.653298
v 0.297917 -0.199003 0.629168
v 0.253386 -0.253316 0.629168
v 0.259534 -0.259525 0.653298
v 0.203902 -0.305150 0.653298
v 0.199085 -0.297863 0.629168
v 0.137157 -0.331000 0.629168
v 0.140462 -0.339089 0.653298
v 0.071606 -0.359953 0.653298
v 0.069942 -0.351376 0.629168
v 0.000049 -0.358292 0.629168
v 0.000006 -0.367030 0.653298
v -0.071593 -0.359955 0.653298
v -0.069847 -0.351394 0.629168
v -0.137068 -0.331038 0.629168
v -0.140451 -0.339093 0.653298
v -0.203893 -0.305158 0.653298
v -0.199004 -0.297917 0.629168
v -0.253317 -0.253385 0.629168
v -0.259526 -0.259533 0.653298
v -0.305151 -0.203902 0.653298
v -0.297864 -0.199084 0.629168
v -0.331001 -0.137157 0.629168
v -0.339090 -0.140462 0.653298
v -0.359954 -0.071605 0.653298
v -0.351377 -0.069942 0.629168
v -0.358293 -0.000048 0.629168
v -0.367030 -0.000006 0.653298
v -0.359956 0.071594 0.653298
v -0.351395 0.069848 0.629168
v -0.331038 0.137069 0.629168
v -0.339094 0.140451 0.653298
v -0.305158 0.203894 0.653298
v -0.297918 0.199004 0.629168
v -0.253386 0.253318 0.629168
v -0.259534 0.259526 0.653298
v -0.203903 0.305152 0.653298
v -0.199085 0.297864 0.629168
v -0.137157 0.331002 0.629168
v -0.140462 0.339090 0.653298
v -0.071606 0.359954 0.653298
v -0.069942 0.351377 0.629168
v -0.000049 0.358294 0.629168
v -0.000007 0.367030 0.653298
v 0.071593 0.359956 0.653298
v 0.069847 0.351396 0.629168
v 0.137068 0.331038 0.629168
v 0.140450 0.339095 0.653298
v 0.203893 0.305158 0.653298
v 0.199003 0.297918 0.629168
v 0.253317 0.253386 0.629168
v 0.259525 0.259534 0.653298
v 0.305151 0.203903 0.653298
v 0.297863 0.199085 0.629168
v 0.331001 0.137158 0.629168
v 0.339089 0.140463 0.653298
v 0.359953 0.071606 0.653298
v 0.351376 0.069943 0.629168
v 0.326092 0.000293 0.606994
v 0.321836 0.000420 0.602726
v 0.315713 -0.062371 0.602726
v 0.319862 -0.063326 0.606994
v 0.329675 0.000438 0.598796
v 0.323404 -0.063882 0.598796
v 0.304747 -0.125756 0.598796
v 0.297497 -0.122773 0.602726
v 0.301381 -0.124520 0.606994
v 0.267813 -0.178442 0.602726
v 0.271280 -0.180912 0.606994
v 0.274340 -0.182781 0.598796
v 0.233424 -0.232805 0.598796
v 0.227869 -0.227275 0.602726
v 0.230788 -0.230374 0.606994
v 0.179140 -0.267346 0.602726
v 0.181398 -0.270955 0.606994
v 0.183509 -0.273853 0.598796
v 0.126565 -0.304411 0.598796
v 0.123549 -0.297176 0.602726
v 0.125059 -0.301157 0.606994
v 0.063194 -0.315549 0.602726
v 0.063899 -0.319748 0.606994
v 0.064742 -0.323233 0.598796
v 0.000437 -0.329674 0.598796
v 0.000419 -0.321835 0.602726
v 0.000292 -0.326091 0.606994
v -0.062372 -0.315713 0.602726
v -0.063327 -0.319862 0.606994
v -0.063883 -0.323404 0.598796
v -0.125757 -0.304746 0.598796
v -0.122774 -0.297498 0.602726
v -0.124520 -0.301381 0.606994
v -0.178442 -0.267812 0.602726
v -0.180913 -0.271279 0.606994
v -0.182782 -0.274339 0.598796
v -0.232806 -0.233424 0.598796
v -0.227276 -0.227868 0.602726
v -0.230375 -0.230787 0.606994
v -0.267347 -0.179139 0.602726
v -0.270957 -0.181398 0.606994
v -0.273854 -0.183509 0.598796
v -0.304412 -0.126565 0.598796
v -0.297177 -0.123548 0.602726
v -0.301158 -0.125059 0.606994
v -0.315549 -0.063194 0.602726
v -0.319749 -0.063899 0.606994
v -0.323234 -0.064741 0.598796
v -0.329675 -0.000437 0.598796
v -0.321836 -0.000419 0.602726
v -0.326092 -0.000291 0.606994
v -0.315713 0.062372 0.602726
v -0.319862 0.063328 0.606994
v -0.323405 0.063883 0.598796
v -0.304747 0.125757 0.598796
v -0.297498 0.122774 0.602726
v -0.301382 0.124521 0.606994
v -0.267813 0.178442 0.602726
v -0.271280 0.180913 0.606994
v -0.274340 0.182782 0.598796
v -0.233425 0.232806 0.598796
v -0.227869 0.227276 0.602726
v -0.230788 0.230376 0.606994
v -0.179140 0.267347 0.602726
v -0.181398 0.270957 0.606994
v -0.183509 0.273854 0.598796
v -0.126566 0.304413 0.598796
v -0.123549 0.297178 0.602726
v -0.125060 0.301159 0.606994
v -0.063194 0.315550 0.602726
v -0.063899 0.319749 0.606994
v -0.064742 0.323235 0.598796
v -0.000438 0.329675 0.598796
v -0.000420 0.321836 0.602726
v -0.000292 0.326092 0.606994
v 0.062371 0.315713 0.602726
v 0.063327 0.319863 0.606994
v 0.063882 0.323405 0.598796
v 0.125756 0.304748 0.598796
v 0.122774 0.297498 0.602726
v 0.124520 0.301382 0.606994
v 0.178442 0.267813 0.602726
v 0.180913 0.271281 0.606994
v 0.182782 0.274341 0.598796
v 0.232806 0.233426 0.598796
v 0.227275 0.227869 0.602726
v 0.230375 0.230789 0.606994
v 0.267347 0.179140 0.602726
v 0.270956 0.181398 0.606994
v 0.273854 0.183510 0.598796
v 0.304412 0.126566 0.598796
v 0.297177 0.123550 0.602726
v 0.301158 0.125060 0.606994
v 0.315549 0.063195 0.602726
v 0.319748 0.063900 0.606994
v 0.323233 0.064742 0.598796
v 0.347236 0.000286 0.593473
v 0.340598 -0.067457 0.593473
v 0.367231 0.000098 0.588270
v 0.360171 -0.071542 0.588270
v 0.339314 -0.140443 0.588270
v 0.320914 -0.132617 0.593473
v 0.288856 -0.192663 0.593473
v 0.305376 -0.203928 0.588270
v 0.259741 -0.259602 0.588270
v 0.245735 -0.245330 0.593473
v 0.193139 -0.288538 0.593473
v 0.204091 -0.305267 0.588270
v 0.140623 -0.339240 0.588270
v 0.133146 -0.320694 0.593473
v 0.068018 -0.340486 0.593473
v 0.071733 -0.360132 0.588270
v 0.000097 -0.367230 0.588270
v 0.000286 -0.347235 0.593473
v -0.067458 -0.340598 0.593473
v -0.071543 -0.360170 0.588270
v -0.140444 -0.339314 0.588270
v -0.132618 -0.320913 0.593473
v -0.192664 -0.288856 0.593473
v -0.203929 -0.305375 0.588270
v -0.259603 -0.259740 0.588270
v -0.245331 -0.245734 0.593473
v -0.288539 -0.193139 0.593473
v -0.305268 -0.204091 0.588270
v -0.339241 -0.140622 0.588270
v -0.320695 -0.133145 0.593473
v -0.340487 -0.068018 0.593473
v -0.360133 -0.071734 0.588270
v -0.367231 -0.000097 0.588270
v -0.347236 -0.000285 0.593473
v -0.340598 0.067458 0.593473
v -0.360171 0.071544 0.588270
v -0.339315 0.140444 0.588270
v -0.320914 0.132618 0.593473
v -0.288857 0.192665 0.593473
v -0.305376 0.203930 0.588270
v -0.259741 0.259604 0.588270
v -0.245735 0.245331 0.593473
v -0.193139 0.288539 0.593473
v -0.204091 0.305269 0.588270
v -0.140623 0.339241 0.588270
v -0.133146 0.320695 0.593473
v -0.068018 0.340487 0.593473
v -0.071734 0.360134 0.588270
v -0.000098 0.367232 0.588270
v -0.000286 0.347237 0.593473
v 0.067458 0.340598 0.593473
v 0.071543 0.360171 0.588270
v 0.140443 0.339315 0.588270
v 0.132618 0.320914 0.593473
v 0.192664 0.288857 0.593473
v 0.203929 0.305377 0.588270
v 0.259603 0.259741 0.588270
v 0.245331 0.245735 0.593473
v 0.288539 0.193140 0.593473
v 0.305268 0.204091 0.588270
v 0.339240 0.140624 0.588270
v 0.320695 0.133146 0.593473
v 0.340487 0.068019 0.593473
v 0.360133 0.071734 0.588270
v 0.398939 0.000025 0.580186
v 0.417405 0.000071 0.572634
v 0.409371 -0.081357 0.572634
v 0.391254 -0.077800 0.580186
v 0.436023 0.000098 0.562586
v 0.427636 -0.084962 0.562586
v 0.402871 -0.166769 0.562586
v 0.385658 -0.159669 0.572634
v 0.368582 -0.152645 0.580186
v 0.347076 -0.231824 0.572634
v 0.331698 -0.221604 0.580186
v 0.362571 -0.242145 0.562586
v 0.308383 -0.308246 0.562586
v 0.295199 -0.295100 0.572634
v 0.282109 -0.282075 0.580186
v 0.231941 -0.346998 0.572634
v 0.221645 -0.331670 0.580186
v 0.242307 -0.362462 0.562586
v 0.166949 -0.402795 0.562586
v 0.159798 -0.385604 0.572634
v 0.152690 -0.368563 0.580186
v 0.081495 -0.409344 0.572634
v 0.077848 -0.391243 0.580186
v 0.085154 -0.427598 0.562586
v 0.000097 -0.436023 0.562586
v 0.000069 -0.417404 0.572634
v 0.000024 -0.398939 0.580186
v -0.081358 -0.409371 0.572634
v -0.077801 -0.391253 0.580186
v -0.084963 -0.427637 0.562586
v -0.166770 -0.402870 0.562586
v -0.159669 -0.385658 0.572634
v -0.152645 -0.368581 0.580186
v -0.231825 -0.347075 0.572634
v -0.221605 -0.331698 0.580186
v -0.242146 -0.362570 0.562586
v -0.308246 -0.308383 0.562586
v -0.295100 -0.295198 0.572634
v -0.282076 -0.282110 0.580186
v -0.346999 -0.231940 0.572634
v -0.331671 -0.221644 0.580186
v -0.362463 -0.242306 0.562586
v -0.402796 -0.166948 0.562586
v -0.385605 -0.159798 0.572634
v -0.368563 -0.152690 0.580186
v -0.409345 -0.081494 0.572634
v -0.391244 -0.077847 0.580186
v -0.427599 -0.085154 0.562586
v -0.436024 -0.000097 0.562586
v -0.417405 -0.000069 0.572634
v -0.398940 -0.000024 0.580186
v -0.409372 0.081358 0.572634
v -0.391254 0.077801 0.580186
v -0.427637 0.084964 0.562586
v -0.402871 0.166769 0.562586
v -0.385658 0.159669 0.572634
v -0.368582 0.152645 0.580186
v -0.347076 0.231825 0.572634
v -0.331698 0.221605 0.580186
v -0.362571 0.242146 0.562586
v -0.308384 0.308247 0.562586
v -0.295199 0.295101 0.572634
v -0.282111 0.282076 0.580186
v -0.231941 0.346998 0.572634
v -0.221645 0.331672 0.580186
v -0.242307 0.362464 0.562586
v -0.166949 0.402797 0.562586
v -0.159798 0.385606 0.572634
v -0.152691 0.368563 0.580186
v -0.081495 0.409345 0.572634
v -0.077848 0.391245 0.580186
v -0.085154 0.427600 0.562586
v -0.000098 0.436024 0.562586
v -0.000071 0.417406 0.572634
v -0.000025 0.398940 0.580186
v 0.081358 0.409372 0.572634
v 0.077800 0.391254 0.580186
v 0.084963 0.427637 0.562586
v 0.166769 0.402871 0.562586
v 0.159669 0.385659 0.572634
v 0.152645 0.368582 0.580186
v 0.231825 0.347076 0.572634
v 0.221605 0.331699 0.580186
v 0.242146 0.362572 0.562586
v 0.308246 0.308385 0.562586
v 0.295100 0.295199 0.572634
v 0.282076 0.282110 0.580186
v 0.346997 0.231942 0.572634
v 0.331671 0.221646 0.580186
v 0.362463 0.242308 0.562586
v 0.402796 0.166949 0.562586
v 0.385605 0.159799 0.572634
v 0.368562 0.152691 0.580186
v 0.409344 0.081495 0.572634
v 0.391244 0.077849 0.580186
v 0.427599 0.085154 0.562586
v 0.451518 0.000071 0.551176
v 0.442827 -0.088012 0.551176
v 0.465333 0.000025 0.538418
v 0.456368 -0.090752 0.538418
v 0.429922 -0.178053 0.538418
v 0.417175 -0.172723 0.551176
v 0.375438 -0.250775 0.551175
v 0.386900 -0.258488 0.538418
v 0.329058 -0.329023 0.538418
v 0.319321 -0.319222 0.551176
v 0.250892 -0.375360 0.551175
v 0.258530 -0.386872 0.538418
v 0.178097 -0.429902 0.538418
v 0.172853 -0.417122 0.551176
v 0.088150 -0.442800 0.551175
v 0.090800 -0.456358 0.538418
v 0.000024 -0.465334 0.538418
v 0.000069 -0.451518 0.551176
v -0.088013 -0.442827 0.551175
v -0.090753 -0.456368 0.538418
v -0.178054 -0.429922 0.538418
v -0.172724 -0.417174 0.551176
v -0.250776 -0.375438 0.551175
v -0.258490 -0.386899 0.538418
v -0.329024 -0.329058 0.538418
v -0.319222 -0.319321 0.551176
v -0.375362 -0.250891 0.551175
v -0.386874 -0.258529 0.538418
v -0.429903 -0.178098 0.538418
v -0.417122 -0.172853 0.551176
v -0.442801 -0.088149 0.551175
v -0.456358 -0.090799 0.538418
v -0.465334 -0.000024 0.538418
v -0.451518 -0.000069 0.551176
v -0.442828 0.088013 0.551175
v -0.456368 0.090753 0.538418
v -0.429922 0.178054 0.538418
v -0.417175 0.172725 0.551176
v -0.375438 0.250777 0.551175
v -0.386900 0.258490 0.538418
v -0.329058 0.329024 0.538418
v -0.319321 0.319223 0.551176
v -0.250892 0.375362 0.551175
v -0.258530 0.386874 0.538418
v -0.178098 0.429904 0.538418
v -0.172853 0.417122 0.551176
v -0.088150 0.442801 0.551175
v -0.090800 0.456359 0.538418
v -0.000025 0.465334 0.538418
v -0.000071 0.451519 0.551176
v 0.088013 0.442828 0.551175
v 0.090752 0.456369 0.538418
v 0.178053 0.429922 0.538418
v 0.172724 0.417176 0.551176
v 0.250776 0.375439 0.551175
v 0.258489 0.386900 0.538418
v 0.329024 0.329058 0.538418
v 0.319222 0.319321 0.551176
v 0.375361 0.250893 0.551175
v 0.386873 0.258530 0.538418
v 0.429903 0.178098 0.538418
v 0.417121 0.172853 0.551176
v 0.442800 0.088150 0.551176
v 0.456358 0.090801 0.538418
v 0.479543 0.000004 0.524047
v 0.470299 -0.093545 0.524047
v 0.494003 0.000001 0.507799
v 0.484479 -0.096368 0.507799
v 0.456398 -0.189046 0.507799
v 0.443041 -0.183510 0.524047
v 0.398701 -0.266400 0.524047
v 0.410722 -0.274435 0.507799
v 0.349312 -0.349312 0.507799
v 0.339090 -0.339086 0.524047
v 0.266405 -0.398698 0.524047
v 0.274435 -0.410721 0.507799
v 0.189047 -0.456398 0.507799
v 0.183516 -0.443038 0.524047
v 0.093551 -0.470298 0.524047
v 0.096369 -0.484478 0.507799
v 0.000000 -0.494002 0.507799
v 0.000003 -0.479542 0.524047
v -0.093546 -0.470298 0.524047
v -0.096369 -0.484478 0.507799
v -0.189046 -0.456398 0.507799
v -0.183511 -0.443041 0.524047
v -0.266400 -0.398701 0.524047
v -0.274435 -0.410721 0.507799
v -0.349313 -0.349312 0.507799
v -0.339087 -0.339090 0.524047
v -0.398698 -0.266405 0.524047
v -0.410722 -0.274435 0.507799
v -0.456399 -0.189046 0.507799
v -0.443039 -0.183515 0.524047
v -0.470298 -0.093551 0.524047
v -0.484479 -0.096368 0.507799
v -0.494003 0.000001 0.507799
v -0.479543 -0.000002 0.524047
v -0.470299 0.093546 0.524047
v -0.484479 0.096370 0.507799
v -0.456399 0.189047 0.507799
v -0.443042 0.183511 0.524047
v -0.398701 0.266401 0.524047
v -0.410722 0.274436 0.507799
v -0.349313 0.349313 0.507799
v -0.339090 0.339087 0.524047
v -0.266406 0.398699 0.524047
v -0.274435 0.410722 0.507799
v -0.189047 0.456399 0.507799
v -0.183516 0.443039 0.524047
v -0.093551 0.470298 0.524047
v -0.096369 0.484480 0.507799
v -0.000000 0.494003 0.507799
v -0.000003 0.479544 0.524047
v 0.093545 0.470300 0.524047
v 0.096369 0.484480 0.507799
v 0.189046 0.456399 0.507799
v 0.183510 0.443042 0.524047
v 0.266400 0.398702 0.524047
v 0.274435 0.410722 0.507799
v 0.349313 0.349313 0.507799
v 0.339087 0.339091 0.524047
v 0.398698 0.266406 0.524047
v 0.410722 0.274436 0.507799
v 0.456398 0.189047 0.507799
v 0.443039 0.183517 0.524047
v 0.470298 0.093552 0.524047
v 0.484479 0.096370 0.507799
v 0.507781 0.000001 0.489392
v 0.497991 -0.099056 0.489392
v 0.519014 0.000001 0.468479
v 0.509009 -0.101247 0.468478
v 0.479506 -0.198618 0.468478
v 0.469129 -0.194319 0.489392
v 0.422178 -0.282090 0.489392
v 0.431517 -0.288330 0.468479
v 0.366998 -0.366998 0.468479
v 0.359055 -0.359055 0.489392
v 0.282090 -0.422177 0.489392
v 0.288330 -0.431516 0.468479
v 0.198617 -0.479506 0.468479
v 0.194318 -0.469128 0.489392
v 0.099057 -0.497992 0.489392
v 0.101248 -0.509008 0.468479
v 0.000000 -0.519014 0.468479
v 0.000000 -0.507781 0.489392
v -0.099057 -0.497992 0.489392
v -0.101248 -0.509008 0.468479
v -0.198618 -0.479506 0.468479
v -0.194320 -0.469128 0.489392
v -0.282090 -0.422177 0.489392
v -0.288330 -0.431516 0.468479
v -0.366998 -0.366998 0.468479
v -0.359056 -0.359055 0.489392
v -0.422178 -0.282090 0.489392
v -0.431517 -0.288330 0.468479
v -0.479506 -0.198618 0.468479
v -0.469129 -0.194319 0.489392
v -0.497993 -0.099056 0.489392
v -0.509009 -0.101247 0.468479
v -0.519014 0.000001 0.468479
v -0.507782 0.000001 0.489392
v -0.497993 0.099058 0.489392
v -0.509009 0.101249 0.468479
v -0.479506 0.198618 0.468479
v -0.469129 0.194320 0.489392
v -0.422178 0.282090 0.489392
v -0.431517 0.288331 0.468479
v -0.366998 0.366999 0.468479
v -0.359056 0.359056 0.489392
v -0.282090 0.422178 0.489392
v -0.288330 0.431517 0.468479
v -0.198618 0.479507 0.468479
v -0.194319 0.469130 0.489392
v -0.099057 0.497993 0.489392
v -0.101248 0.509010 0.468479
v -0.000000 0.519014 0.468479
v -0.000000 0.507782 0.489392
v 0.099057 0.497993 0.489392
v 0.101248 0.509009 0.468479
v 0.198618 0.479507 0.468479
v 0.194319 0.469130 0.489392
v 0.282090 0.422178 0.489392
v 0.288330 0.431517 0.468479
v 0.366998 0.366999 0.468479
v 0.359055 0.359056 0.489392
v 0.422178 0.282090 0.489392
v 0.431517 0.288330 0.468479
v 0.479506 0.198618 0.468479
v 0.469129 0.194320 0.489392
v 0.497991 0.099058 0.489392
v 0.509009 0.101249 0.468478
v 0.526213 0.000001 0.445074
v 0.516069 -0.102652 0.445074
v 0.530342 0.000001 0.420694
v 0.520118 -0.103458 0.420694
v 0.489971 -0.202953 0.420694
v 0.486158 -0.201373 0.445074
v 0.437502 -0.292330 0.445074
v 0.440935 -0.294622 0.420694
v 0.375008 -0.375008 0.420694
v 0.372090 -0.372089 0.445074
v 0.292329 -0.437502 0.445074
v 0.294623 -0.440934 0.420694
v 0.202953 -0.489971 0.420694
v 0.201374 -0.486158 0.445074
v 0.102652 -0.516069 0.445074
v 0.103458 -0.520118 0.420694
v 0.000000 -0.530342 0.420694
v 0.000000 -0.526214 0.445074
v -0.102653 -0.516069 0.445074
v -0.103458 -0.520118 0.420694
v -0.202954 -0.489971 0.420694
v -0.201374 -0.486158 0.445074
v -0.292331 -0.437502 0.445074
v -0.294623 -0.440934 0.420694
v -0.375009 -0.375008 0.420694
v -0.372090 -0.372089 0.445074
v -0.437503 -0.292330 0.445074
v -0.440935 -0.294622 0.420694
v -0.489972 -0.202953 0.420694
v -0.486158 -0.201373 0.445074
v -0.516070 -0.102652 0.445074
v -0.520118 -0.103458 0.420694
v -0.530343 0.000001 0.420694
v -0.526215 0.000001 0.445074
v -0.516070 0.102653 0.445074
v -0.520118 0.103458 0.420694
v -0.489972 0.202954 0.420694
v -0.486158 0.201374 0.445074
v -0.437503 0.292331 0.445074
v -0.440935 0.294624 0.420694
v -0.375009 0.375009 0.420694
v -0.372090 0.372091 0.445074
v -0.292331 0.437503 0.445074
v -0.294623 0.440936 0.420694
v -0.202953 0.489973 0.420694
v -0.201374 0.486159 0.445074
v -0.102653 0.516071 0.445074
v -0.103458 0.520119 0.420694
v -0.000000 0.530343 0.420694
v -0.000000 0.526214 0.445074
v 0.102653 0.516071 0.445074
v 0.103458 0.520119 0.420694
v 0.202953 0.489973 0.420694
v 0.201374 0.486159 0.445074
v 0.292329 0.437503 0.445074
v 0.294623 0.440935 0.420694
v 0.375009 0.375009 0.420694
v 0.372090 0.372091 0.445074
v 0.437502 0.292331 0.445074
v 0.440935 0.294624 0.420694
v 0.489972 0.202954 0.420694
v 0.486158 0.201374 0.445074
v 0.516069 0.102654 0.445074
v 0.520118 0.103458 0.420694
v 0.532575 0.000001 0.396773
v 0.522309 -0.103893 0.396773
v 0.532510 0.000001 0.372921
v 0.522244 -0.103880 0.372921
v 0.491975 -0.203782 0.372921
v 0.492036 -0.203807 0.396773
v 0.442792 -0.295864 0.396773
v 0.442738 -0.295827 0.372921
v 0.376542 -0.376541 0.372921
v 0.376588 -0.376587 0.396773
v 0.295864 -0.442791 0.396773
v 0.295827 -0.442737 0.372921
v 0.203782 -0.491974 0.372921
v 0.203808 -0.492035 0.396773
v 0.103894 -0.522308 0.396773
v 0.103881 -0.522244 0.372921
v 0.000000 -0.532510 0.372921
v 0.000000 -0.532575 0.396773
v -0.103894 -0.522308 0.396773
v -0.103881 -0.522244 0.372921
v -0.203783 -0.491974 0.372921
v -0.203808 -0.492035 0.396773
v -0.295864 -0.442791 0.396773
v -0.295828 -0.442737 0.372921
v -0.376541 -0.376541 0.372921
v -0.376588 -0.376587 0.396773
v -0.442792 -0.295864 0.396773
v -0.442738 -0.295827 0.372921
v -0.491975 -0.203782 0.372921
v -0.492036 -0.203807 0.396773
v -0.522309 -0.103893 0.396773
v -0.522245 -0.103880 0.372921
v -0.532510 0.000001 0.372921
v -0.532576 0.000001 0.396773
v -0.522309 0.103894 0.396773
v -0.522245 0.103881 0.372921
v -0.491975 0.203783 0.372921
v -0.492036 0.203809 0.396773
v -0.442792 0.295865 0.396773
v -0.442738 0.295828 0.372921
v -0.376542 0.376542 0.372921
v -0.376588 0.376589 0.396773
v -0.295864 0.442793 0.396773
v -0.295828 0.442738 0.372921
v -0.203782 0.491976 0.372921
v -0.203808 0.492037 0.396773
v -0.103894 0.522309 0.396773
v -0.103881 0.522245 0.372921
v -0.000000 0.532510 0.372921
v -0.000000 0.532576 0.396773
v 0.103894 0.522309 0.396773
v 0.103881 0.522245 0.372921
v 0.203782 0.491976 0.372921
v 0.203808 0.492037 0.396773
v 0.295864 0.442793 0.396773
v 0.295828 0.442738 0.372921
v 0.376541 0.376542 0.372921
v 0.376588 0.376589 0.396773
v 0.442792 0.295865 0.396773
v 0.442738 0.295828 0.372921
v 0.491975 0.203783 0.372921
v 0.492036 0.203809 0.396773
v 0.522309 0.103894 0.396773
v 0.522244 0.103881 0.372921
v 0.521190 0.000001 0.329906
v 0.509230 0.000001 0.318073
v 0.499413 -0.099339 0.318073
v 0.511142 -0.101672 0.329906
v 0.503667 0.000001 0.309912
v 0.493957 -0.098254 0.309912
v 0.465328 -0.192745 0.309912
v 0.470467 -0.194874 0.318073
v 0.481517 -0.199450 0.329906
v 0.423381 -0.282894 0.318073
v 0.433326 -0.289538 0.329906
v 0.418757 -0.279804 0.309912
v 0.356146 -0.356146 0.309912
v 0.360079 -0.360079 0.318073
v 0.368536 -0.368536 0.329906
v 0.282895 -0.423382 0.318073
v 0.289539 -0.433325 0.329906
v 0.279805 -0.418757 0.309912
v 0.192745 -0.465327 0.309912
v 0.194873 -0.470466 0.318073
v 0.199450 -0.481516 0.329906
v 0.099339 -0.499413 0.318073
v 0.101672 -0.511142 0.329906
v 0.098254 -0.493957 0.309912
v 0.000000 -0.503667 0.309912
v 0.000000 -0.509230 0.318073
v 0.000000 -0.521190 0.329906
v -0.099341 -0.499413 0.318073
v -0.101673 -0.511142 0.329906
v -0.098254 -0.493958 0.309912
v -0.192746 -0.465327 0.309912
v -0.194875 -0.470466 0.318073
v -0.199451 -0.481516 0.329906
v -0.282895 -0.423382 0.318073
v -0.289539 -0.433325 0.329906
v -0.279805 -0.418757 0.309912
v -0.356146 -0.356146 0.309912
v -0.360080 -0.360079 0.318073
v -0.368537 -0.368536 0.329906
v -0.423383 -0.282894 0.318073
v -0.433326 -0.289538 0.329906
v -0.418758 -0.279804 0.309912
v -0.465328 -0.192745 0.309912
v -0.470467 -0.194874 0.318073
v -0.481517 -0.199451 0.329906
v -0.499414 -0.099338 0.318073
v -0.511142 -0.101672 0.329906
v -0.493958 -0.098254 0.309912
v -0.503667 0.000001 0.309912
v -0.509230 0.000001 0.318073
v -0.521190 0.000001 0.329906
v -0.499414 0.099340 0.318073
v -0.511142 0.101673 0.329906
v -0.493958 0.098255 0.309912
v -0.465328 0.192746 0.309912
v -0.470467 0.194875 0.318073
v -0.481517 0.199451 0.329906
v -0.423383 0.282895 0.318073
v -0.433326 0.289539 0.329906
v -0.418758 0.279806 0.309912
v -0.356146 0.356147 0.309912
v -0.360080 0.360081 0.318073
v -0.368537 0.368537 0.329906
v -0.282895 0.423383 0.318073
v -0.289539 0.433326 0.329906
v -0.279805 0.418758 0.309912
v -0.192745 0.465329 0.309912
v -0.194873 0.470468 0.318073
v -0.199450 0.481517 0.329906
v -0.099339 0.499414 0.318073
v -0.101673 0.511143 0.329906
v -0.098254 0.493958 0.309912
v -0.000000 0.503668 0.309912
v -0.000000 0.509230 0.318073
v -0.000000 0.521190 0.329906
v 0.099339 0.499414 0.318073
v 0.101673 0.511143 0.329906
v 0.098254 0.493958 0.309912
v 0.192745 0.465329 0.309912
v 0.194873 0.470468 0.318073
v 0.199450 0.481517 0.329906
v 0.282895 0.423383 0.318073
v 0.289539 0.433326 0.329906
v 0.279805 0.418758 0.309912
v 0.356146 0.356147 0.309912
v 0.360079 0.360081 0.318073
v 0.368537 0.368538 0.329906
v 0.423381 0.282895 0.318073
v 0.433326 0.289539 0.329906
v 0.418757 0.279805 0.309912
v 0.465328 0.192746 0.309912
v 0.470467 0.194875 0.318073
v 0.481517 0.199451 0.329906
v 0.499413 0.099340 0.318073
v 0.511142 0.101673 0.329906
v 0.493957 0.098255 0.309912
v 0.554029 0.000000 0.247496
v 0.564674 0.000000 0.219630
v 0.553789 -0.110155 0.219630
v 0.543349 -0.108078 0.247496
v 0.574660 0.000000 0.181070
v 0.563581 -0.112103 0.181070
v 0.530917 -0.219912 0.181070
v 0.521692 -0.216091 0.219630
v 0.511856 -0.212018 0.247496
v 0.469480 -0.313696 0.219630
v 0.460629 -0.307782 0.247496
v 0.477782 -0.319243 0.181070
v 0.406346 -0.406346 0.181069
v 0.399286 -0.399286 0.219630
v 0.391758 -0.391758 0.247496
v 0.313697 -0.469480 0.219630
v 0.307782 -0.460629 0.247496
v 0.319243 -0.477781 0.181070
v 0.219913 -0.530916 0.181069
v 0.216092 -0.521692 0.219630
v 0.212017 -0.511856 0.247496
v 0.110155 -0.553790 0.219630
v 0.108078 -0.543348 0.247496
v 0.112103 -0.563582 0.181070
v 0.000000 -0.574659 0.181069
v 0.000000 -0.564675 0.219630
v 0.000000 -0.554029 0.247496
v -0.110156 -0.553790 0.219630
v -0.108079 -0.543348 0.247496
v -0.112103 -0.563582 0.181070
v -0.219913 -0.530916 0.181069
v -0.216092 -0.521692 0.219630
v -0.212019 -0.511856 0.247496
v -0.313697 -0.469480 0.219630
v -0.307782 -0.460629 0.247496
v -0.319244 -0.477781 0.181070
v -0.406346 -0.406346 0.181069
v -0.399286 -0.399286 0.219630
v -0.391758 -0.391758 0.247496
v -0.469481 -0.313696 0.219630
v -0.460629 -0.307782 0.247496
v -0.477782 -0.319243 0.181070
v -0.530917 -0.219912 0.181069
v -0.521693 -0.216091 0.219630
v -0.511858 -0.212018 0.247496
v -0.553790 -0.110155 0.219630
v -0.543349 -0.108078 0.247496
v -0.563582 -0.112102 0.181070
v -0.574660 0.000001 0.181069
v -0.564676 0.000001 0.219630
v -0.554029 0.000001 0.247496
v -0.553790 0.110156 0.219630
v -0.543349 0.108079 0.247496
v -0.563582 0.112104 0.181070
v -0.530917 0.219913 0.181069
v -0.521693 0.216093 0.219630
v -0.511857 0.212018 0.247496
v -0.469481 0.313697 0.219630
v -0.460629 0.307783 0.247496
v -0.477782 0.319244 0.181070
v -0.406347 0.406346 0.181069
v -0.399286 0.399286 0.219630
v -0.391758 0.391758 0.247496
v -0.313697 0.469481 0.219630
v -0.307782 0.460630 0.247496
v -0.319243 0.477782 0.181070
v -0.219913 0.530918 0.181069
v -0.216092 0.521693 0.219630
v -0.212017 0.511857 0.247496
v -0.110156 0.553790 0.219630
v -0.108079 0.543349 0.247496
v -0.112103 0.563582 0.181070
v -0.000000 0.574661 0.181069
v -0.000000 0.564676 0.219630
v -0.000000 0.554030 0.247496
v 0.110155 0.553790 0.219630
v 0.108078 0.543349 0.247496
v 0.112103 0.563582 0.181070
v 0.219913 0.530918 0.181069
v 0.216092 0.521693 0.219630
v 0.212017 0.511857 0.247496
v 0.313697 0.469481 0.219630
v 0.307782 0.460630 0.247496
v 0.319243 0.477782 0.181070
v 0.406346 0.406347 0.181069
v 0.399285 0.399286 0.219630
v 0.391758 0.391758 0.247496
v 0.469481 0.313697 0.219630
v 0.460629 0.307783 0.247496
v 0.477782 0.319244 0.181070
v 0.530917 0.219914 0.181069
v 0.521692 0.216093 0.219630
v 0.511856 0.212018 0.247496
v 0.553790 0.110156 0.219630
v 0.543349 0.108079 0.247496
v 0.563581 0.112104 0.181070
v 0.576234 0.000000 0.015406
v 0.558262 0.000000 0.000094
v 0.547500 -0.108904 0.000094
v 0.565126 -0.112410 0.015406
v 0.515767 -0.213637 0.000094
v 0.532370 -0.220514 0.015406
v 0.464147 -0.310134 0.000094
v 0.479091 -0.320118 0.015406
v 0.394750 -0.394750 0.000094
v 0.407459 -0.407458 0.015406
v 0.310134 -0.464147 0.000094
v 0.320118 -0.479090 0.015406
v 0.213637 -0.515766 0.000094
v 0.220515 -0.532370 0.015406
v 0.108904 -0.547499 0.000094
v 0.112410 -0.565125 0.015406
v 0.000000 -0.558262 0.000094
v 0.000000 -0.576234 0.015406
v -0.108905 -0.547499 0.000094
v -0.112410 -0.565125 0.015406
v -0.213638 -0.515766 0.000094
v -0.220515 -0.532370 0.015406
v -0.310134 -0.464147 0.000094
v -0.320118 -0.479090 0.015406
v -0.394751 -0.394750 0.000094
v -0.407460 -0.407459 0.015406
v -0.464148 -0.310133 0.000094
v -0.479091 -0.320117 0.015406
v -0.515767 -0.213637 0.000094
v -0.532371 -0.220515 0.015406
v -0.547500 -0.108904 0.000094
v -0.565126 -0.112410 0.015406
v -0.558262 0.000001 0.000094
v -0.576235 0.000001 0.015406
v -0.547500 0.108905 0.000094
v -0.565126 0.112411 0.015406
v -0.515767 0.213638 0.000094
v -0.532371 0.220516 0.015406
v -0.464148 0.310134 0.000094
v -0.479091 0.320118 0.015406
v -0.394751 0.394751 0.000094
v -0.407459 0.407459 0.015406
v -0.310134 0.464149 0.000094
v -0.320118 0.479091 0.015406
v -0.213638 0.515767 0.000094
v -0.220515 0.532371 0.015406
v -0.108905 0.547501 0.000094
v -0.112410 0.565126 0.015406
v -0.000000 0.558262 0.000094
v -0.000000 0.576234 0.015406
v 0.108905 0.547501 0.000094
v 0.112410 0.565126 0.015406
v 0.213638 0.515767 0.000094
v 0.220515 0.532371 0.015406
v 0.310134 0.464149 0.000094
v 0.320118 0.479091 0.015406
v 0.394751 0.394751 0.000094
v 0.407459 0.407459 0.015406
v 0.464148 0.310135 0.000094
v 0.479091 0.320118 0.015406
v 0.515767 0.213638 0.000094
v 0.532370 0.220516 0.015406
v 0.547500 0.108905 0.000094
v 0.565126 0.112411 0.015406
v 0.586107 0.000000 0.077932
v 0.582886 0.000000 0.040160
v 0.571649 -0.113707 0.040160
v 0.574808 -0.114336 0.077932
v 0.538516 -0.223060 0.040160
v 0.541493 -0.224293 0.077932
v 0.484621 -0.323813 0.040160
v 0.487299 -0.325602 0.077932
v 0.412162 -0.412162 0.040160
v 0.414440 -0.414440 0.077932
v 0.323813 -0.484620 0.040160
v 0.325602 -0.487298 0.077932
v 0.223061 -0.538516 0.040160
v 0.224294 -0.541492 0.077932
v 0.113708 -0.571649 0.040160
v 0.114336 -0.574808 0.077932
v 0.000000 -0.582886 0.040160
v 0.000000 -0.586106 0.077932
v -0.113708 -0.571649 0.040160
v -0.114337 -0.574808 0.077932
v -0.223061 -0.538516 0.040160
v -0.224293 -0.541492 0.077932
v -0.323814 -0.484620 0.040160
v -0.325603 -0.487298 0.077932
v -0.412162 -0.412162 0.040160
v -0.414441 -0.414440 0.077932
v -0.484621 -0.323813 0.040160
v -0.487299 -0.325602 0.077932
v -0.538517 -0.223060 0.040160
v -0.541493 -0.224293 0.077932
v -0.571650 -0.113707 0.040160
v -0.574809 -0.114336 0.077932
v -0.582887 0.000001 0.040160
v -0.586107 0.000001 0.077932
v -0.571650 0.113709 0.040160
v -0.574809 0.114337 0.077932
v -0.538516 0.223062 0.040160
v -0.541493 0.224294 0.077932
v -0.484621 0.323814 0.040160
v -0.487299 0.325603 0.077932
v -0.412162 0.412163 0.040160
v -0.414441 0.414441 0.077932
v -0.323813 0.484621 0.040160
v -0.325603 0.487300 0.077932
v -0.223061 0.538517 0.040160
v -0.224294 0.541494 0.077932
v -0.113708 0.571650 0.040160
v -0.114337 0.574809 0.077932
v -0.000000 0.582887 0.040160
v -0.000000 0.586108 0.077932
v 0.113708 0.571650 0.040160
v 0.114337 0.574809 0.077932
v 0.223061 0.538517 0.040160
v 0.224293 0.541493 0.077932
v 0.323813 0.484621 0.040160
v 0.325603 0.487300 0.077932
v 0.412162 0.412163 0.040160
v 0.414441 0.414441 0.077932
v 0.484621 0.323814 0.040160
v 0.487299 0.325603 0.077932
v 0.538516 0.223062 0.040160
v 0.541493 0.224294 0.077932
v 0.571649 0.113709 0.040160
v 0.574808 0.114337 0.077932
v 0.529420 0.000001 0.287514
v 0.542989 0.000000 0.269859
v 0.532521 -0.105925 0.269859
v 0.519214 -0.103278 0.287514
v 0.501656 -0.207792 0.269859
v 0.489121 -0.202600 0.287514
v 0.451450 -0.301649 0.269859
v 0.440168 -0.294110 0.287514
v 0.383951 -0.383950 0.269859
v 0.374357 -0.374356 0.287514
v 0.301649 -0.451449 0.269859
v 0.294111 -0.440168 0.287514
v 0.207793 -0.501656 0.269859
v 0.202600 -0.489120 0.287514
v 0.105925 -0.532521 0.269859
v 0.103278 -0.519214 0.287514
v 0.000000 -0.542988 0.269859
v 0.000000 -0.529420 0.287514
v -0.105926 -0.532521 0.269859
v -0.103278 -0.519214 0.287514
v -0.207793 -0.501656 0.269859
v -0.202602 -0.489120 0.287514
v -0.301649 -0.451449 0.269859
v -0.294111 -0.440168 0.287514
v -0.383951 -0.383950 0.269859
v -0.374358 -0.374356 0.287514
v -0.451450 -0.301649 0.269859
v -0.440169 -0.294111 0.287514
v -0.501657 -0.207792 0.269859
v -0.489121 -0.202600 0.287514
v -0.532521 -0.105924 0.269859
v -0.519214 -0.103278 0.287514
v -0.542989 0.000001 0.269859
v -0.529421 0.000001 0.287514
v -0.532521 0.105926 0.269859
v -0.519214 0.103278 0.287514
v -0.501657 0.207793 0.269859
v -0.489121 0.202601 0.287514
v -0.451450 0.301649 0.269859
v -0.440169 0.294112 0.287514
v -0.383951 0.383952 0.269859
v -0.374358 0.374358 0.287514
v -0.301649 0.451450 0.269859
v -0.294111 0.440170 0.287514
v -0.207793 0.501657 0.269859
v -0.202600 0.489122 0.287514
v -0.105925 0.532521 0.269859
v -0.103278 0.519215 0.287514
v -0.000000 0.542990 0.269859
v -0.000000 0.529421 0.287514
v 0.105925 0.532521 0.269859
v 0.103278 0.519215 0.287514
v 0.207793 0.501657 0.269859
v 0.202600 0.489121 0.287514
v 0.301649 0.451450 0.269859
v 0.294111 0.440169 0.287514
v 0.383951 0.383952 0.269859
v 0.374357 0.374358 0.287514
v 0.451450 0.301650 0.269859
v 0.440168 0.294112 0.287514
v 0.501656 0.207793 0.269859
v 0.489121 0.202601 0.287514
v 0.532521 0.105926 0.269859
v 0.519214 0.103278 0.287514
v 0.513077 0.000001 0.300461
v 0.503186 -0.100090 0.300461
v 0.474022 -0.196346 0.300461
v 0.426581 -0.285032 0.300461
v 0.362801 -0.362800 0.300461
v 0.285032 -0.426581 0.300461
v 0.196346 -0.474022 0.300461
v 0.100090 -0.503186 0.300461
v 0.000000 -0.513077 0.300461
v -0.100090 -0.503186 0.300461
v -0.196346 -0.474022 0.300461
v -0.285033 -0.426581 0.300461
v -0.362801 -0.362800 0.300461
v -0.426581 -0.285032 0.300461
v -0.474022 -0.196346 0.300461
v -0.503186 -0.100090 0.300461
v -0.513078 0.000001 0.300461
v -0.503186 0.100090 0.300461
v -0.474022 0.196347 0.300461
v -0.426581 0.285033 0.300461
v -0.362801 0.362802 0.300461
v -0.285032 0.426582 0.300461
v -0.196346 0.474022 0.300461
v -0.100090 0.503187 0.300461
v -0.000000 0.513078 0.300461
v 0.100090 0.503187 0.300461
v 0.196346 0.474022 0.300461
v 0.285032 0.426582 0.300461
v 0.362801 0.362801 0.300461
v 0.426581 0.285033 0.300461
v 0.474022 0.196347 0.300461
v 0.503186 0.100090 0.300461
v 0.529208 0.000001 0.349277
v 0.519006 -0.103236 0.349277
v 0.488925 -0.202518 0.349277
v 0.439992 -0.293993 0.349277
v 0.374207 -0.374206 0.349277
v 0.293994 -0.439991 0.349277
v 0.202519 -0.488924 0.349277
v 0.103237 -0.519006 0.349277
v 0.000000 -0.529207 0.349277
v -0.103237 -0.519006 0.349277
v -0.202519 -0.488924 0.349277
v -0.293994 -0.439991 0.349277
v -0.374207 -0.374206 0.349277
v -0.439992 -0.293993 0.349277
v -0.488925 -0.202518 0.349277
v -0.519006 -0.103236 0.349277
v -0.529208 0.000001 0.349277
v -0.519006 0.103238 0.349277
v -0.488925 0.202520 0.349277
v -0.439992 0.293994 0.349277
v -0.374207 0.374207 0.349277
v -0.293994 0.439993 0.349277
v -0.202519 0.488926 0.349277
v -0.103237 0.519006 0.349277
v -0.000000 0.529209 0.349277
v 0.103237 0.519006 0.349277
v 0.202519 0.488925 0.349277
v 0.293994 0.439993 0.349277
v 0.374207 0.374207 0.349277
v 0.439992 0.293994 0.349277
v 0.488925 0.202520 0.349277
v 0.519006 0.103238 0.349277
v 0.383453 0.000016 0.584594
v 0.376064 -0.074788 0.584594
v 0.354271 -0.146726 0.584594
v 0.318818 -0.213008 0.584594
v 0.271153 -0.271131 0.584594
v 0.213034 -0.318800 0.584594
v 0.146755 -0.354258 0.584594
v 0.074818 -0.376058 0.584594
v 0.000015 -0.383453 0.584594
v -0.074789 -0.376063 0.584594
v -0.146727 -0.354270 0.584594
v -0.213009 -0.318817 0.584594
v -0.271132 -0.271153 0.584594
v -0.318801 -0.213034 0.584594
v -0.354259 -0.146754 0.584594
v -0.376059 -0.074818 0.584594
v -0.383454 -0.000015 0.584594
v -0.376064 0.074789 0.584594
v -0.354271 0.146728 0.584594
v -0.318818 0.213010 0.584594
v -0.271154 0.271132 0.584594
v -0.213034 0.318801 0.584594
v -0.146755 0.354259 0.584594
v -0.074818 0.376059 0.584594
v -0.000015 0.383454 0.584594
v 0.074788 0.376065 0.584594
v 0.146727 0.354271 0.584594
v 0.213009 0.318818 0.584594
v 0.271132 0.271154 0.584594
v 0.318801 0.213034 0.584594
v 0.354258 0.146756 0.584594
v 0.376058 0.074818 0.584594
v 0.274582 0.000001 0.772969
v 0.269289 -0.053564 0.772969
v 0.253681 -0.105078 0.772969
v 0.228292 -0.152539 0.772969
v 0.194159 -0.194158 0.772969
v 0.152540 -0.228291 0.772969
v 0.105078 -0.253680 0.772969
v 0.053565 -0.269289 0.772969
v 0.000000 -0.274582 0.772969
v -0.053565 -0.269289 0.772969
v -0.105079 -0.253680 0.772969
v -0.152540 -0.228291 0.772969
v -0.194159 -0.194158 0.772969
v -0.228292 -0.152539 0.772969
v -0.253681 -0.105078 0.772969
v -0.269289 -0.053564 0.772969
v -0.274582 0.000001 0.772969
v -0.269289 0.053566 0.772969
v -0.253681 0.105079 0.772969
v -0.228292 0.152541 0.772969
v -0.194159 0.194160 0.772969
v -0.152540 0.228293 0.772969
v -0.105079 0.253682 0.772969
v -0.053565 0.269289 0.772969
v -0.000000 0.274583 0.772969
v 0.053565 0.269289 0.772969
v 0.105079 0.253682 0.772969
v 0.152540 0.228293 0.772969
v 0.194159 0.194159 0.772969
v 0.228292 0.152541 0.772969
v 0.253681 0.105079 0.772969
v 0.269289 0.053566 0.772969
v 0.341439 0.000153 0.614448
v 0.334887 -0.066458 0.614448
v 0.315506 -0.130522 0.614448
v 0.283962 -0.189554 0.614448
v 0.241542 -0.241326 0.614448
v 0.189807 -0.283793 0.614448
v 0.130803 -0.315390 0.614448
v 0.066756 -0.334827 0.614448
v 0.000152 -0.341439 0.614448
v -0.066459 -0.334886 0.614448
v -0.130523 -0.315506 0.614448
v -0.189555 -0.283962 0.614448
v -0.241327 -0.241541 0.614448
v -0.283794 -0.189807 0.614448
v -0.315390 -0.130803 0.614448
v -0.334827 -0.066756 0.614448
v -0.341439 -0.000151 0.614448
v -0.334887 0.066459 0.614448
v -0.315507 0.130523 0.614448
v -0.283962 0.189555 0.614448
v -0.241542 0.241327 0.614448
v -0.189808 0.283794 0.614448
v -0.130804 0.315391 0.614448
v -0.066756 0.334828 0.614448
v -0.000152 0.341440 0.614448
v 0.066459 0.334887 0.614448
v 0.130523 0.315507 0.614448
v 0.189555 0.283963 0.614448
v 0.241327 0.241542 0.614448
v 0.283794 0.189808 0.614448
v 0.315390 0.130804 0.614448
v 0.334827 0.066757 0.614448
v 0.582732 0.000000 0.129426
v 0.571499 -0.113678 0.129426
v 0.538374 -0.223002 0.129426
v 0.484493 -0.323727 0.129426
v 0.412054 -0.412053 0.129426
v 0.323727 -0.484492 0.129426
v 0.223002 -0.538374 0.129426
v 0.113678 -0.571498 0.129426
v 0.000000 -0.582731 0.129426
v -0.113678 -0.571498 0.129426
v -0.223002 -0.538374 0.129426
v -0.323728 -0.484492 0.129426
v -0.412054 -0.412053 0.129426
v -0.484493 -0.323727 0.129426
v -0.538374 -0.223002 0.129426
v -0.571499 -0.113678 0.129426
v -0.582732 0.000001 0.129426
v -0.571499 0.113678 0.129426
v -0.538374 0.223002 0.129426
v -0.484493 0.323728 0.129426
v -0.412054 0.412054 0.129426
v -0.323728 0.484494 0.129426
v -0.223002 0.538375 0.129426
v -0.113678 0.571499 0.129426
v -0.000000 0.582733 0.129426
v 0.113678 0.571499 0.129426
v 0.223001 0.538374 0.129426
v 0.323728 0.484494 0.129426
v 0.412054 0.412054 0.129426
v 0.484493 0.323728 0.129426
v 0.538374 0.223002 0.129426
v 0.571499 0.113678 0.129426
v 0.266209 0.000001 2.651784
v 0.270515 0.000001 2.637708
v 0.265300 -0.052771 2.637708
v 0.261077 -0.051931 2.651784
v 0.249923 -0.103521 2.637708
v 0.245946 -0.101874 2.651784
v 0.224910 -0.150280 2.637708
v 0.221330 -0.147888 2.651785
v 0.191283 -0.191282 2.637708
v 0.188239 -0.188238 2.651784
v 0.150280 -0.224910 2.637708
v 0.147888 -0.221330 2.651785
v 0.103522 -0.249923 2.637708
v 0.101873 -0.245945 2.651784
v 0.052771 -0.265299 2.637708
v 0.051931 -0.261077 2.651785
v 0.000000 -0.270514 2.637708
v 0.000000 -0.266209 2.651784
v -0.052772 -0.265299 2.637708
v -0.051932 -0.261077 2.651785
v -0.103522 -0.249923 2.637708
v -0.101875 -0.245945 2.651784
v -0.150281 -0.224910 2.637708
v -0.147889 -0.221330 2.651785
v -0.191283 -0.191282 2.637708
v -0.188239 -0.188238 2.651784
v -0.224911 -0.150280 2.637708
v -0.221331 -0.147888 2.651785
v -0.249923 -0.103521 2.637708
v -0.245946 -0.101874 2.651784
v -0.265300 -0.052771 2.637708
v -0.261077 -0.051931 2.651785
v -0.270515 0.000001 2.637708
v -0.266210 0.000001 2.651784
v -0.265300 0.052772 2.637708
v -0.261077 0.051932 2.651785
v -0.249923 0.103522 2.637708
v -0.245946 0.101875 2.651784
v -0.224911 0.150281 2.637708
v -0.221331 0.147889 2.651785
v -0.191283 0.191284 2.637708
v -0.188239 0.188239 2.651784
v -0.150281 0.224911 2.637708
v -0.147889 0.221331 2.651785
v -0.103522 0.249924 2.637708
v -0.101874 0.245947 2.651784
v -0.052771 0.265301 2.637708
v -0.051932 0.261078 2.651785
v -0.000000 0.270516 2.637708
v -0.000000 0.266209 2.651784
v 0.052771 0.265301 2.637708
v 0.051931 0.261078 2.651785
v 0.103522 0.249924 2.637708
v 0.101873 0.245946 2.651784
v 0.150280 0.224911 2.637708
v 0.147889 0.221331 2.651785
v 0.191283 0.191284 2.637708
v 0.188239 0.188239 2.651784
v 0.224910 0.150281 2.637708
v 0.221330 0.147889 2.651785
v 0.249923 0.103523 2.637708
v 0.245946 0.101875 2.651784
v 0.265300 0.052772 2.637708
v 0.261077 0.051932 2.651785
v 0.263616 0.000001 2.693370
v 0.263482 0.000001 2.673009
v 0.258402 -0.051399 2.673008
v 0.258534 -0.051425 2.693370
v 0.243426 -0.100830 2.673008
v 0.243550 -0.100881 2.693370
v 0.219063 -0.146373 2.673009
v 0.219174 -0.146447 2.693370
v 0.186309 -0.186310 2.673009
v 0.186405 -0.186404 2.693370
v 0.146374 -0.219062 2.673009
v 0.146448 -0.219174 2.693370
v 0.100830 -0.243425 2.673009
v 0.100882 -0.243549 2.693370
v 0.051399 -0.258402 2.673009
v 0.051425 -0.258534 2.693370
v 0.000000 -0.263482 2.673009
v 0.000000 -0.263616 2.693370
v -0.051400 -0.258402 2.673009
v -0.051426 -0.258534 2.693370
v -0.100830 -0.243425 2.673009
v -0.100882 -0.243549 2.693370
v -0.146374 -0.219062 2.673009
v -0.146448 -0.219174 2.693370
v -0.186311 -0.186310 2.673009
v -0.186405 -0.186404 2.693370
v -0.219063 -0.146373 2.673009
v -0.219175 -0.146447 2.693370
v -0.243426 -0.100830 2.673009
v -0.243550 -0.100881 2.693370
v -0.258403 -0.051399 2.673009
v -0.258534 -0.051425 2.693370
v -0.263482 0.000001 2.673009
v -0.263617 0.000001 2.693370
v -0.258402 0.051400 2.673009
v -0.258534 0.051426 2.693370
v -0.243426 0.100831 2.673009
v -0.243550 0.100882 2.693370
v -0.219063 0.146374 2.673009
v -0.219175 0.146449 2.693370
v -0.186311 0.186311 2.673009
v -0.186405 0.186406 2.693370
v -0.146374 0.219064 2.673009
v -0.146448 0.219175 2.693370
v -0.100830 0.243427 2.673009
v -0.100882 0.243550 2.693370
v -0.051399 0.258403 2.673009
v -0.051426 0.258535 2.693370
v -0.000000 0.263482 2.673009
v -0.000000 0.263617 2.693370
v 0.051399 0.258403 2.673009
v 0.051426 0.258535 2.693370
v 0.100830 0.243427 2.673009
v 0.100882 0.243550 2.693370
v 0.146374 0.219064 2.673009
v 0.146448 0.219175 2.693370
v 0.186309 0.186311 2.673009
v 0.186405 0.186406 2.693370
v 0.219063 0.146374 2.673009
v 0.219174 0.146449 2.693370
v 0.243426 0.100831 2.673009
v 0.243550 0.100882 2.693370
v 0.258402 0.051400 2.673009
v 0.258534 0.051426 2.693370
v 0.275741 0.000001 2.713222
v 0.267851 0.000001 2.705409
v 0.262687 -0.052251 2.705409
v 0.270425 -0.053790 2.713222
v 0.247462 -0.102502 2.705409
v 0.254752 -0.105521 2.713222
v 0.222696 -0.148800 2.705409
v 0.229256 -0.153183 2.713222
v 0.189399 -0.189399 2.705409
v 0.194978 -0.194978 2.713222
v 0.148801 -0.222695 2.705409
v 0.153184 -0.229255 2.713222
v 0.102502 -0.247462 2.705409
v 0.105521 -0.254751 2.713222
v 0.052252 -0.262687 2.705409
v 0.053791 -0.270425 2.713222
v 0.000000 -0.267850 2.705409
v 0.000000 -0.275741 2.713222
v -0.052252 -0.262687 2.705409
v -0.053791 -0.270425 2.713222
v -0.102503 -0.247462 2.705409
v -0.105522 -0.254751 2.713222
v -0.148801 -0.222695 2.705409
v -0.153184 -0.229255 2.713222
v -0.189399 -0.189398 2.705409
v -0.194978 -0.194978 2.713222
v -0.222696 -0.148800 2.705409
v -0.229256 -0.153183 2.713222
v -0.247462 -0.102502 2.705409
v -0.254752 -0.105521 2.713222
v -0.262688 -0.052251 2.705409
v -0.270426 -0.053790 2.713222
v -0.267851 0.000001 2.705409
v -0.275742 0.000001 2.713222
v -0.262688 0.052253 2.705409
v -0.270426 0.053792 2.713222
v -0.247462 0.102503 2.705409
v -0.254752 0.105523 2.713222
v -0.222696 0.148801 2.705409
v -0.229256 0.153185 2.713222
v -0.189399 0.189400 2.705409
v -0.194978 0.194979 2.713222
v -0.148801 0.222697 2.705409
v -0.153184 0.229257 2.713222
v -0.102502 0.247464 2.705409
v -0.105522 0.254752 2.713222
v -0.052252 0.262688 2.705409
v -0.053791 0.270427 2.713222
v -0.000000 0.267853 2.705409
v -0.000000 0.275742 2.713222
v 0.052252 0.262688 2.705409
v 0.053791 0.270427 2.713222
v 0.102502 0.247462 2.705409
v 0.105521 0.254752 2.713222
v 0.148801 0.222696 2.705409
v 0.153184 0.229256 2.713222
v 0.189399 0.189400 2.705409
v 0.194978 0.194979 2.713222
v 0.222696 0.148801 2.705409
v 0.229256 0.153184 2.713222
v 0.247462 0.102503 2.705409
v 0.254752 0.105523 2.713222
v 0.262687 0.052253 2.705409
v 0.270425 0.053791 2.713222
v 0.294975 0.000001 2.735581
v 0.285914 0.000001 2.722729
v 0.280402 -0.055775 2.722729
v 0.289288 -0.057542 2.735581
v 0.264150 -0.109414 2.722729
v 0.272521 -0.112882 2.735581
v 0.237714 -0.158835 2.722729
v 0.245247 -0.163868 2.735581
v 0.202172 -0.202171 2.722729
v 0.208579 -0.208578 2.735581
v 0.158835 -0.237714 2.722729
v 0.163869 -0.245247 2.735581
v 0.109414 -0.264150 2.722729
v 0.112881 -0.272521 2.735581
v 0.055775 -0.280402 2.722729
v 0.057543 -0.289288 2.735581
v 0.000000 -0.285914 2.722729
v 0.000000 -0.294974 2.735581
v -0.055776 -0.280402 2.722729
v -0.057543 -0.289288 2.735581
v -0.109415 -0.264150 2.722729
v -0.112882 -0.272521 2.735581
v -0.158835 -0.237714 2.722729
v -0.163869 -0.245247 2.735581
v -0.202172 -0.202171 2.722729
v -0.208580 -0.208579 2.735581
v -0.237714 -0.158834 2.722729
v -0.245247 -0.163868 2.735581
v -0.264150 -0.109414 2.722729
v -0.272522 -0.112882 2.735581
v -0.280403 -0.055775 2.722729
v -0.289289 -0.057542 2.735581
v -0.285914 0.000001 2.722729
v -0.294975 0.000001 2.735581
v -0.280403 0.055776 2.722729
v -0.289289 0.057544 2.735581
v -0.264150 0.109415 2.722729
v -0.272522 0.112882 2.735581
v -0.237714 0.158836 2.722729
v -0.245247 0.163869 2.735581
v -0.202172 0.202174 2.722729
v -0.208579 0.208580 2.735581
v -0.158835 0.237714 2.722729
v -0.163869 0.245247 2.735581
v -0.109415 0.264151 2.722729
v -0.112882 0.272522 2.735581
v -0.055776 0.280403 2.722729
v -0.057543 0.289289 2.735581
v -0.000000 0.285915 2.722729
v -0.000000 0.294975 2.735581
v 0.055775 0.280403 2.722729
v 0.057543 0.289289 2.735581
v 0.109414 0.264151 2.722729
v 0.112881 0.272522 2.735581
v 0.158835 0.237714 2.722729
v 0.163869 0.245247 2.735581
v 0.202172 0.202173 2.722729
v 0.208578 0.208579 2.735581
v 0.237714 0.158836 2.722729
v 0.245247 0.163870 2.735581
v 0.264150 0.109415 2.722729
v 0.272521 0.112882 2.735581
v 0.280402 0.055776 2.722729
v 0.289288 0.057544 2.735581
v 0.294149 0.000001 2.769489
v 0.299021 0.000001 2.751843
v 0.293256 -0.058332 2.751843
v 0.288478 -0.057381 2.769489
v 0.276259 -0.114430 2.751843
v 0.271758 -0.112566 2.769489
v 0.248610 -0.166116 2.751843
v 0.244561 -0.163410 2.769489
v 0.211439 -0.211439 2.751843
v 0.207995 -0.207994 2.769489
v 0.166116 -0.248610 2.751843
v 0.163409 -0.244560 2.769489
v 0.114430 -0.276258 2.751843
v 0.112566 -0.271758 2.769489
v 0.058332 -0.293255 2.751843
v 0.057381 -0.288478 2.769489
v 0.000000 -0.299020 2.751843
v 0.000000 -0.294149 2.769489
v -0.058333 -0.293255 2.751843
v -0.057383 -0.288478 2.769489
v -0.114430 -0.276258 2.751843
v -0.112566 -0.271758 2.769489
v -0.166117 -0.248610 2.751843
v -0.163411 -0.244560 2.769489
v -0.211440 -0.211439 2.751843
v -0.207995 -0.207994 2.769489
v -0.248610 -0.166116 2.751843
v -0.244561 -0.163410 2.769489
v -0.276259 -0.114430 2.751843
v -0.271758 -0.112566 2.769489
v -0.293256 -0.058332 2.751843
v -0.288479 -0.057381 2.769489
v -0.299021 0.000001 2.751843
v -0.294150 0.000001 2.769489
v -0.293256 0.058334 2.751843
v -0.288479 0.057382 2.769489
v -0.276259 0.114431 2.751843
v -0.271758 0.112566 2.769489
v -0.248610 0.166117 2.751843
v -0.244561 0.163411 2.769489
v -0.211440 0.211440 2.751843
v -0.207995 0.207996 2.769489
v -0.166116 0.248611 2.751843
v -0.163411 0.244561 2.769489
v -0.114430 0.276260 2.751843
v -0.112566 0.271759 2.769489
v -0.058332 0.293257 2.751843
v -0.057383 0.288480 2.769489
v -0.000000 0.299022 2.751843
v -0.000000 0.294149 2.769489
v 0.058332 0.293257 2.751843
v 0.057381 0.288480 2.769489
v 0.114430 0.276260 2.751843
v 0.112566 0.271759 2.769489
v 0.166116 0.248611 2.751843
v 0.163411 0.244561 2.769489
v 0.211439 0.211440 2.751843
v 0.207995 0.207995 2.769489
v 0.248610 0.166117 2.751843
v 0.244561 0.163411 2.769489
v 0.276259 0.114431 2.751843
v 0.271758 0.112566 2.769489
v 0.293256 0.058334 2.751843
v 0.288478 0.057382 2.769489
v 0.279920 0.000001 2.786254
v 0.274524 -0.054605 2.786254
v 0.258613 -0.107120 2.786254
v 0.232730 -0.155505 2.786254
v 0.197934 -0.197933 2.786254
v 0.155506 -0.232730 2.786254
v 0.107121 -0.258612 2.786254
v 0.054606 -0.274523 2.786254
v 0.000000 -0.279920 2.786254
v -0.054606 -0.274523 2.786254
v -0.107121 -0.258612 2.786254
v -0.155506 -0.232730 2.786254
v -0.197934 -0.197933 2.786254
v -0.232730 -0.155505 2.786254
v -0.258613 -0.107120 2.786254
v -0.274524 -0.054605 2.786254
v -0.279921 0.000001 2.786254
v -0.274524 0.054607 2.786254
v -0.258613 0.107122 2.786254
v -0.232730 0.155507 2.786254
v -0.197934 0.197934 2.786254
v -0.155506 0.232732 2.786254
v -0.107121 0.258614 2.786254
v -0.054606 0.274525 2.786254
v -0.000000 0.279921 2.786254
v 0.054606 0.274525 2.786254
v 0.107121 0.258614 2.786254
v 0.155506 0.232731 2.786254
v 0.197934 0.197934 2.786254
v 0.232730 0.155507 2.786254
v 0.258613 0.107122 2.786254
v 0.274524 0.054607 2.786254
v 0.227171 0.000001 3.349546
v 0.222792 -0.044315 3.349546
v 0.209879 -0.086934 3.349546
v 0.188874 -0.126201 3.349546
v 0.160634 -0.160634 3.349546
v 0.126202 -0.188874 3.349546
v 0.086934 -0.209878 3.349546
v 0.044316 -0.222791 3.349546
v 0.000000 -0.227170 3.349546
v -0.044316 -0.222791 3.349546
v -0.086935 -0.209878 3.349546
v -0.126202 -0.188874 3.349546
v -0.160634 -0.160634 3.349546
v -0.188874 -0.126201 3.349546
v -0.209879 -0.086934 3.349546
v -0.222792 -0.044315 3.349546
v -0.227171 0.000001 3.349546
v -0.222792 0.044318 3.349546
v -0.209879 0.086935 3.349546
v -0.188874 0.126202 3.349546
v -0.160634 0.160636 3.349546
v -0.126202 0.188875 3.349546
v -0.086934 0.209880 3.349546
v -0.044316 0.222794 3.349546
v -0.000000 0.227173 3.349546
v 0.044316 0.222794 3.349546
v 0.086934 0.209880 3.349546
v 0.126202 0.188875 3.349546
v 0.160634 0.160635 3.349546
v 0.188874 0.126202 3.349546
v 0.209879 0.086935 3.349546
v 0.222792 0.044318 3.349546
vt 0.462896 0.619111
vt 0.595868 0.547339
vt 0.593557 0.620594
vt 0.531630 0.540603
vt 0.505618 0.534208
vt 0.505426 0.540306
vt 0.568685 0.519196
vt 0.558523 0.519081
vt 0.558454 0.521277
vt 0.495456 0.534093
vt 0.506114 0.518485
vt 0.495951 0.518370
vt 0.531823 0.534506
vt 0.532318 0.518783
vt 0.599846 0.473028
vt 0.594491 0.469623
vt 0.471482 0.468226
vt 0.531630 0.540603
vt 0.557835 0.540901
vt 0.594343 0.620603
vt 0.505426 0.540306
vt 0.495456 0.534093
vt 0.505618 0.534208
vt 0.594343 0.620603
vt 0.467627 0.622636
vt 0.590414 0.624030
vt 0.593557 0.620594
vt 0.465206 0.545856
vt 0.462896 0.619111
vt 0.577816 0.547135
vt 0.570533 0.542596
vt 0.577816 0.547135
vt 0.600261 0.620670
vt 0.463918 0.619122
vt 0.485066 0.546081
vt 0.458000 0.619055
vt 0.463918 0.619122
vt 0.485066 0.546081
vt 0.492630 0.541712
vt 0.568190 0.534919
vt 0.557835 0.540901
vt 0.568190 0.534919
vt 0.568685 0.519196
vt 0.699551 0.559823
vt 0.558027 0.534803
vt 0.601616 0.549039
vt 0.591957 0.549981
vt 0.595704 0.552524
vt 0.467627 0.622636
vt 0.459355 0.547424
vt 0.468948 0.548585
vt 0.463593 0.545180
vt 0.604084 0.470784
vt 0.461823 0.469169
vt 0.467735 0.465684
vt 0.589622 0.624021
vt 0.589622 0.624021
vt 0.466613 0.622625
vt 0.506114 0.518485
vt 0.599933 0.418435
vt 0.466962 0.490206
vt 0.469272 0.416951
vt 0.569181 0.503473
vt 0.506610 0.502763
vt 0.496447 0.502647
vt 0.532814 0.503060
vt 0.491120 0.413728
vt 0.579397 0.380052
vt 0.578304 0.414718
vt 0.569181 0.503473
vt 0.559211 0.497260
vt 0.572007 0.495854
vt 0.461823 0.469169
vt 0.483434 0.534673
vt 0.459355 0.547424
vt 0.469272 0.416951
vt 0.597623 0.491689
vt 0.599933 0.418435
vt 0.579571 0.491485
vt 0.600719 0.418444
vt 0.572007 0.495854
vt 0.600719 0.418444
vt 0.579571 0.491485
vt 0.470294 0.416963
vt 0.486821 0.490431
vt 0.494104 0.494970
vt 0.486821 0.490431
vt 0.470294 0.416963
vt 0.494104 0.494970
vt 0.533007 0.496963
vt 0.506802 0.496665
vt 0.574413 0.538076
vt 0.601616 0.549039
vt 0.595704 0.552524
vt 0.578358 0.535750
vt 0.604084 0.470784
vt 0.487230 0.537086
vt 0.465043 0.551040
vt 0.576209 0.481122
vt 0.598396 0.467167
vt 0.489026 0.480132
vt 0.467735 0.465684
vt 0.495951 0.518370
vt 0.506610 0.502763
vt 0.600238 0.408766
vt 0.467267 0.480537
vt 0.597928 0.482021
vt 0.559019 0.503358
vt 0.559211 0.497260
vt 0.599541 0.482697
vt 0.594186 0.479292
vt 0.471177 0.477895
vt 0.533007 0.496963
vt 0.558027 0.534803
vt 0.558523 0.519081
vt 0.559019 0.503358
vt 0.702019 0.481568
vt 0.705407 0.557598
vt 0.707730 0.483925
vt 0.469577 0.407282
vt 0.597928 0.482021
vt 0.467267 0.480537
vt 0.702019 0.481568
vt 0.702131 0.478017
vt 0.699551 0.559823
vt 0.699439 0.563374
vt 0.570533 0.542596
vt 0.601311 0.558708
vt 0.591652 0.559650
vt 0.595399 0.562193
vt 0.705407 0.557598
vt 0.459050 0.557093
vt 0.468643 0.558253
vt 0.463288 0.554848
vt 0.603779 0.480453
vt 0.461518 0.478838
vt 0.467430 0.475352
vt 0.596522 0.405252
vt 0.600238 0.408766
vt 0.469577 0.407282
vt 0.596522 0.405252
vt 0.473512 0.403855
vt 0.532318 0.518783
vt 0.531823 0.534506
vt 0.532814 0.503060
vt 0.463201 0.609442
vt 0.596173 0.537671
vt 0.465511 0.536187
vt 0.465611 0.481176
vt 0.471177 0.477895
vt 0.599541 0.482697
vt 0.362618 0.555998
vt 0.365086 0.477743
vt 0.506802 0.496665
vt 0.496447 0.502647
vt 0.365086 0.477743
vt 0.356907 0.553641
vt 0.362618 0.555998
vt 0.593862 0.610925
vt 0.465511 0.536187
vt 0.596173 0.537671
vt 0.492630 0.541712
vt 0.591652 0.559650
vt 0.601311 0.558708
vt 0.595399 0.562193
vt 0.356907 0.553641
vt 0.459050 0.557093
vt 0.468643 0.558253
vt 0.464738 0.560709
vt 0.603779 0.480453
vt 0.594186 0.479292
vt 0.598091 0.476836
vt 0.461518 0.478838
vt 0.467430 0.475352
vt 0.589927 0.614352
vt 0.463201 0.609442
vt 0.589927 0.614352
vt 0.593862 0.610925
vt 0.485081 0.482457
vt 0.489026 0.480132
vt 0.580005 0.483535
vt 0.583078 0.414772
vt 0.580222 0.380062
vt 0.579129 0.414727
vt 0.492103 0.413739
vt 0.580222 0.380062
vt 0.579129 0.414727
vt 0.492103 0.413739
vt 0.489247 0.379029
vt 0.488154 0.413694
vt 0.584171 0.380106
vt 0.583078 0.414772
vt 0.488154 0.413694
vt 0.493196 0.379073
vt 0.578304 0.414718
vt 0.492214 0.379062
vt 0.491120 0.413728
vt 0.493196 0.379073
vt 0.465206 0.545856
vt 0.465916 0.471507
vt 0.597523 0.546700
vt 0.595868 0.547339
vt 0.600261 0.620670
vt 0.458000 0.619055
vt 0.590414 0.624030
vt 0.465043 0.551040
vt 0.598396 0.467167
vt 0.466613 0.622625
vt 0.597623 0.491689
vt 0.492214 0.379062
vt 0.485081 0.482457
vt 0.466962 0.490206
vt 0.606637 0.418511
vt 0.606637 0.418511
vt 0.464376 0.416896
vt 0.464376 0.416896
vt 0.580005 0.483535
vt 0.465611 0.481176
vt 0.597218 0.556369
vt 0.702131 0.478017
vt 0.699439 0.563374
vt 0.707730 0.483925
vt 0.464738 0.560709
vt 0.598091 0.476836
vt 0.473512 0.403855
vt 0.597218 0.556369
vt 0.463288 0.554848
vt 0.359230 0.479968
vt 0.365198 0.474192
vt 0.365198 0.474192
vt 0.362506 0.559549
vt 0.362506 0.559549
vt 0.359230 0.479968
vt 0.466918 0.612956
vt 0.466918 0.612956
vt 0.576209 0.481122
vt 0.578358 0.535750
vt 0.483434 0.534673
vt 0.574413 0.538076
vt 0.487230 0.537086
vt 0.584171 0.380106
vt 0.489247 0.379029
vt 0.579397 0.380052
vt 0.031250 0.003833
vt 0.000000 0.001917
vt 0.000000 0.003833
vt 0.031250 0.001917
vt 0.000000 0.000000
vt 0.062500 0.000000
vt 0.031250 0.000000
vt 0.062500 0.001917
vt 0.093750 0.003833
vt 0.062500 0.003833
vt 0.093750 0.001917
vt 0.125000 0.000000
vt 0.093750 0.000000
vt 0.125000 0.001917
vt 0.156250 0.003833
vt 0.125000 0.003833
vt 0.156250 0.001917
vt 0.187500 0.000000
vt 0.156250 0.000000
vt 0.187500 0.001917
vt 0.218750 0.003833
vt 0.187500 0.003833
vt 0.218750 0.001917
vt 0.250000 0.000000
vt 0.218750 0.000000
vt 0.250000 0.001917
vt 0.281250 0.003833
vt 0.250000 0.003833
vt 0.281250 0.001917
vt 0.312500 0.000000
vt 0.281250 0.000000
vt 0.312500 0.001917
vt 0.343750 0.003833
vt 0.312500 0.003833
vt 0.343750 0.001917
vt 0.375000 0.000000
vt 0.343750 0.000000
vt 0.375000 0.001917
vt 0.406250 0.003833
vt 0.375000 0.003833
vt 0.406250 0.001917
vt 0.437500 0.000000
vt 0.406250 0.000000
vt 0.437500 0.001917
vt 0.468750 0.003833
vt 0.437500 0.003833
vt 0.468750 0.001917
vt 0.500000 0.000000
vt 0.468750 0.000000
vt 0.500000 0.001917
vt 0.531250 0.003833
vt 0.500000 0.003833
vt 0.531250 0.001917
vt 0.562500 0.000000
vt 0.531250 0.000000
vt 0.562500 0.001917
vt 0.593750 0.003833
vt 0.562500 0.003833
vt 0.593750 0.001917
vt 0.625000 0.000000
vt 0.593750 0.000000
vt 0.625000 0.001917
vt 0.656250 0.003833
vt 0.625000 0.003833
vt 0.656250 0.001917
vt 0.687500 0.000000
vt 0.656250 0.000000
vt 0.687500 0.001917
vt 0.718750 0.003833
vt 0.687500 0.003833
vt 0.718750 0.001917
vt 0.750000 0.000000
vt 0.718750 0.000000
vt 0.750000 0.001917
vt 0.781250 0.003833
vt 0.750000 0.003833
vt 0.781250 0.001917
vt 0.812500 0.000000
vt 0.781250 0.000000
vt 0.812500 0.001917
vt 0.843750 0.003833
vt 0.812500 0.003833
vt 0.843750 0.001917
vt 0.875000 0.000000
vt 0.843750 0.000000
vt 0.875000 0.001917
vt 0.906250 0.003833
vt 0.875000 0.003833
vt 0.906250 0.001917
vt 0.937500 0.000000
vt 0.906250 0.000000
vt 0.937500 0.001917
vt 0.968750 0.003833
vt 0.937500 0.003833
vt 0.968750 0.001917
vt 1.000000 0.000000
vt 0.968750 0.000000
vt 1.000000 0.001917
vt 0.000000 -1.068595
vt 0.031250 -1.067936
vt 0.000000 -1.068100
vt 0.031250 -1.066159
vt 0.000000 -1.067605
vt 0.062500 -1.067903
vt 0.062500 -1.068595
vt 0.031250 -1.068595
vt 0.093750 -1.067903
vt 0.093750 -1.066027
vt 0.062500 -1.066027
vt 0.125000 -1.067903
vt 0.125000 -1.068595
vt 0.093750 -1.068595
vt 0.156250 -1.067903
vt 0.156250 -1.066027
vt 0.125000 -1.066027
vt 0.187500 -1.067903
vt 0.187500 -1.068595
vt 0.156250 -1.068595
vt 0.218750 -1.067903
vt 0.218750 -1.066027
vt 0.187500 -1.066027
vt 0.250000 -1.067903
vt 0.250000 -1.068595
vt 0.218750 -1.068595
vt 0.281250 -1.067903
vt 0.281250 -1.066027
vt 0.250000 -1.066027
vt 0.312500 -1.067903
vt 0.312500 -1.068595
vt 0.281250 -1.068595
vt 0.343750 -1.067903
vt 0.343750 -1.066027
vt 0.312500 -1.066027
vt 0.375000 -1.067903
vt 0.375000 -1.068595
vt 0.343750 -1.068595
vt 0.406250 -1.067903
vt 0.406250 -1.066027
vt 0.375000 -1.066027
vt 0.437500 -1.067903
vt 0.437500 -1.068595
vt 0.406250 -1.068595
vt 0.468750 -1.067903
vt 0.468750 -1.066027
vt 0.437500 -1.066027
vt 0.500000 -1.067903
vt 0.500000 -1.068595
vt 0.468750 -1.068595
vt 0.531250 -1.067903
vt 0.531250 -1.066027
vt 0.500000 -1.066027
vt 0.562500 -1.067903
vt 0.562500 -1.068595
vt 0.531250 -1.068595
vt 0.593750 -1.067903
vt 0.593750 -1.066027
vt 0.562500 -1.066027
vt 0.625000 -1.067903
vt 0.625000 -1.068595
vt 0.593750 -1.068595
vt 0.656250 -1.067903
vt 0.656250 -1.066027
vt 0.625000 -1.066027
vt 0.687500 -1.067903
vt 0.687500 -1.068595
vt 0.656250 -1.068595
vt 0.718750 -1.067903
vt 0.718750 -1.066027
vt 0.687500 -1.066027
vt 0.750000 -1.067903
vt 0.750000 -1.068595
vt 0.718750 -1.068595
vt 0.781250 -1.067903
vt 0.781250 -1.066027
vt 0.750000 -1.066027
vt 0.812500 -1.067903
vt 0.812500 -1.068595
vt 0.781250 -1.068595
vt 0.843750 -1.067903
vt 0.843750 -1.066027
vt 0.812500 -1.066027
vt 0.875000 -1.067903
vt 0.875000 -1.068595
vt 0.843750 -1.068595
vt 0.906250 -1.067903
vt 0.906250 -1.066027
vt 0.875000 -1.066027
vt 0.937500 -1.067903
vt 0.937500 -1.068595
vt 0.906250 -1.068595
vt 0.968750 -1.067936
vt 0.968750 -1.066159
vt 0.937500 -1.066027
vt 1.000000 -1.068100
vt 1.000000 -1.068595
vt 0.968750 -1.068595
vt 0.031250 -1.062024
vt 0.000000 -1.062375
vt 0.031250 -1.055504
vt 0.000000 -1.057144
vt 0.062500 -1.061954
vt 0.093750 -1.061954
vt 0.093750 -1.055354
vt 0.062500 -1.055355
vt 0.125000 -1.061954
vt 0.156250 -1.061954
vt 0.156250 -1.055354
vt 0.125000 -1.055355
vt 0.187500 -1.061954
vt 0.218750 -1.061954
vt 0.218750 -1.055354
vt 0.187500 -1.055355
vt 0.250000 -1.061954
vt 0.281250 -1.061954
vt 0.281250 -1.055354
vt 0.250000 -1.055355
vt 0.312500 -1.061954
vt 0.343750 -1.061954
vt 0.343750 -1.055354
vt 0.312500 -1.055355
vt 0.375000 -1.061954
vt 0.406250 -1.061954
vt 0.406250 -1.055354
vt 0.375000 -1.055355
vt 0.437500 -1.061954
vt 0.468750 -1.061954
vt 0.468750 -1.055354
vt 0.437500 -1.055355
vt 0.500000 -1.061954
vt 0.531250 -1.061954
vt 0.531250 -1.055354
vt 0.500000 -1.055355
vt 0.562500 -1.061954
vt 0.593750 -1.061954
vt 0.593750 -1.055354
vt 0.562500 -1.055355
vt 0.625000 -1.061954
vt 0.656250 -1.061954
vt 0.656250 -1.055354
vt 0.625000 -1.055355
vt 0.687500 -1.061954
vt 0.718750 -1.061954
vt 0.718750 -1.055354
vt 0.687500 -1.055355
vt 0.750000 -1.061954
vt 0.781250 -1.061954
vt 0.781250 -1.055354
vt 0.750000 -1.055355
vt 0.812500 -1.061954
vt 0.843750 -1.061954
vt 0.843750 -1.055354
vt 0.812500 -1.055355
vt 0.875000 -1.061954
vt 0.906250 -1.061954
vt 0.906250 -1.055354
vt 0.875000 -1.055355
vt 0.937500 -1.061954
vt 0.968750 -1.062024
vt 0.968750 -1.055504
vt 0.937500 -1.055355
vt 1.000000 -1.062375
vt 1.000000 -1.067605
vt 0.000000 -1.035945
vt 0.031250 -1.035100
vt 0.000000 -1.035238
vt 0.031250 -1.030293
vt 0.000000 -1.034531
vt 0.062500 -1.035072
vt 0.062500 -1.039242
vt 0.031250 -1.038968
vt 0.093750 -1.035072
vt 0.093750 -1.029907
vt 0.062500 -1.029907
vt 0.125000 -1.035072
vt 0.125000 -1.039242
vt 0.093750 -1.039243
vt 0.156250 -1.035072
vt 0.156250 -1.029907
vt 0.125000 -1.029907
vt 0.187500 -1.035072
vt 0.187500 -1.039242
vt 0.156250 -1.039243
vt 0.218750 -1.035072
vt 0.218750 -1.029907
vt 0.187500 -1.029907
vt 0.250000 -1.035072
vt 0.250000 -1.039242
vt 0.218750 -1.039243
vt 0.281250 -1.035072
vt 0.281250 -1.029907
vt 0.250000 -1.029907
vt 0.312500 -1.035072
vt 0.312500 -1.039242
vt 0.281250 -1.039243
vt 0.343750 -1.035072
vt 0.343750 -1.029907
vt 0.312500 -1.029907
vt 0.375000 -1.035072
vt 0.375000 -1.039242
vt 0.343750 -1.039243
vt 0.406250 -1.035072
vt 0.406250 -1.029907
vt 0.375000 -1.029907
vt 0.437500 -1.035072
vt 0.437500 -1.039242
vt 0.406250 -1.039243
vt 0.468750 -1.035072
vt 0.468750 -1.029907
vt 0.437500 -1.029907
vt 0.500000 -1.035072
vt 0.500000 -1.039242
vt 0.468750 -1.039243
vt 0.531250 -1.035072
vt 0.531250 -1.029907
vt 0.500000 -1.029907
vt 0.562500 -1.035072
vt 0.562500 -1.039242
vt 0.531250 -1.039243
vt 0.593750 -1.035072
vt 0.593750 -1.029907
vt 0.562500 -1.029907
vt 0.625000 -1.035072
vt 0.625000 -1.039242
vt 0.593750 -1.039243
vt 0.656250 -1.035072
vt 0.656250 -1.029907
vt 0.625000 -1.029907
vt 0.687500 -1.035072
vt 0.687500 -1.039242
vt 0.656250 -1.039243
vt 0.718750 -1.035072
vt 0.718750 -1.029907
vt 0.687500 -1.029907
vt 0.750000 -1.035072
vt 0.750000 -1.039242
vt 0.718750 -1.039243
vt 0.781250 -1.035072
vt 0.781250 -1.029907
vt 0.750000 -1.029907
vt 0.812500 -1.035072
vt 0.812500 -1.039242
vt 0.781250 -1.039243
vt 0.843750 -1.035072
vt 0.843750 -1.029907
vt 0.812500 -1.029907
vt 0.875000 -1.035072
vt 0.875000 -1.039242
vt 0.843750 -1.039243
vt 0.906250 -1.035072
vt 0.906250 -1.029907
vt 0.875000 -1.029907
vt 0.937500 -1.035072
vt 0.937500 -1.039242
vt 0.906250 -1.039243
vt 0.968750 -1.035100
vt 0.968750 -1.030293
vt 0.937500 -1.029907
vt 1.000000 -1.035238
vt 1.000000 -1.035945
vt 0.968750 -1.038968
vt 0.031250 -1.019274
vt 0.000000 -1.019953
vt 0.031250 -1.003639
vt 0.000000 -1.005376
vt 0.062500 -1.019139
vt 0.093750 -1.019139
vt 0.093750 -1.003482
vt 0.062500 -1.003482
vt 0.125000 -1.019138
vt 0.156250 -1.019139
vt 0.156250 -1.003482
vt 0.125000 -1.003482
vt 0.187500 -1.019138
vt 0.218750 -1.019139
vt 0.218750 -1.003482
vt 0.187500 -1.003482
vt 0.250000 -1.019138
vt 0.281250 -1.019139
vt 0.281250 -1.003482
vt 0.250000 -1.003482
vt 0.312500 -1.019138
vt 0.343750 -1.019139
vt 0.343750 -1.003482
vt 0.312500 -1.003482
vt 0.375000 -1.019138
vt 0.406250 -1.019139
vt 0.406250 -1.003482
vt 0.375000 -1.003482
vt 0.437500 -1.019138
vt 0.468750 -1.019139
vt 0.468750 -1.003482
vt 0.437500 -1.003482
vt 0.500000 -1.019138
vt 0.531250 -1.019139
vt 0.531250 -1.003482
vt 0.500000 -1.003482
vt 0.562500 -1.019138
vt 0.593750 -1.019139
vt 0.593750 -1.003482
vt 0.562500 -1.003482
vt 0.625000 -1.019138
vt 0.656250 -1.019139
vt 0.656250 -1.003482
vt 0.625000 -1.003482
vt 0.687500 -1.019138
vt 0.718750 -1.019139
vt 0.718750 -1.003482
vt 0.687500 -1.003482
vt 0.750000 -1.019138
vt 0.781250 -1.019139
vt 0.781250 -1.003482
vt 0.750000 -1.003482
vt 0.812500 -1.019138
vt 0.843750 -1.019139
vt 0.843750 -1.003482
vt 0.812500 -1.003482
vt 0.875000 -1.019138
vt 0.906250 -1.019139
vt 0.906250 -1.003482
vt 0.875000 -1.003482
vt 0.937500 -1.019138
vt 0.968750 -1.019274
vt 0.968750 -1.003639
vt 0.937500 -1.003482
vt 1.000000 -1.019953
vt 1.000000 -1.034531
vt 0.031250 -0.985034
vt 0.000000 -0.985116
vt 0.000000 -0.964855
vt 0.062500 -0.965967
vt 0.031250 -0.965875
vt 0.093750 -0.985018
vt 0.062500 -0.985018
vt 0.125000 -0.965967
vt 0.093750 -0.965967
vt 0.156250 -0.985018
vt 0.125000 -0.985018
vt 0.187500 -0.965967
vt 0.156250 -0.965967
vt 0.218750 -0.985018
vt 0.187500 -0.985018
vt 0.250000 -0.965967
vt 0.218750 -0.965967
vt 0.281250 -0.985018
vt 0.250000 -0.985018
vt 0.312500 -0.965967
vt 0.281250 -0.965967
vt 0.343750 -0.985018
vt 0.312500 -0.985018
vt 0.375000 -0.965967
vt 0.343750 -0.965967
vt 0.406250 -0.985018
vt 0.375000 -0.985018
vt 0.437500 -0.965967
vt 0.406250 -0.965967
vt 0.468750 -0.985018
vt 0.437500 -0.985018
vt 0.500000 -0.965967
vt 0.468750 -0.965967
vt 0.531250 -0.985018
vt 0.500000 -0.985018
vt 0.562500 -0.965967
vt 0.531250 -0.965967
vt 0.593750 -0.985018
vt 0.562500 -0.985018
vt 0.625000 -0.965967
vt 0.593750 -0.965967
vt 0.656250 -0.985018
vt 0.625000 -0.985018
vt 0.687500 -0.965967
vt 0.656250 -0.965967
vt 0.718750 -0.985018
vt 0.687500 -0.985018
vt 0.750000 -0.965967
vt 0.718750 -0.965967
vt 0.781250 -0.985018
vt 0.750000 -0.985018
vt 0.812500 -0.965967
vt 0.781250 -0.965967
vt 0.843750 -0.985018
vt 0.812500 -0.985018
vt 0.875000 -0.965967
vt 0.843750 -0.965967
vt 0.906250 -0.985018
vt 0.875000 -0.985018
vt 0.937500 -0.965967
vt 0.906250 -0.965967
vt 0.968750 -0.985034
vt 0.937500 -0.985018
vt 1.000000 -0.964855
vt 0.968750 -0.965875
vt 1.000000 -1.005376
vt 0.000000 -0.947931
vt 0.031250 -0.948158
vt 0.000000 -0.931006
vt 0.062500 -0.932077
vt 0.031250 -0.931988
vt 0.062500 -0.948204
vt 0.093750 -0.948204
vt 0.125000 -0.932077
vt 0.093750 -0.932077
vt 0.125000 -0.948204
vt 0.156250 -0.948204
vt 0.187500 -0.932077
vt 0.156250 -0.932077
vt 0.187500 -0.948204
vt 0.218750 -0.948204
vt 0.250000 -0.932077
vt 0.218750 -0.932077
vt 0.250000 -0.948204
vt 0.281250 -0.948204
vt 0.312500 -0.932077
vt 0.281250 -0.932077
vt 0.312500 -0.948204
vt 0.343750 -0.948204
vt 0.375000 -0.932077
vt 0.343750 -0.932077
vt 0.375000 -0.948204
vt 0.406250 -0.948204
vt 0.437500 -0.932077
vt 0.406250 -0.932077
vt 0.437500 -0.948204
vt 0.468750 -0.948204
vt 0.500000 -0.932077
vt 0.468750 -0.932077
vt 0.500000 -0.948204
vt 0.531250 -0.948204
vt 0.562500 -0.932077
vt 0.531250 -0.932077
vt 0.562500 -0.948204
vt 0.593750 -0.948204
vt 0.625000 -0.932077
vt 0.593750 -0.932077
vt 0.625000 -0.948204
vt 0.656250 -0.948204
vt 0.687500 -0.932077
vt 0.656250 -0.932077
vt 0.687500 -0.948204
vt 0.718750 -0.948204
vt 0.750000 -0.932077
vt 0.718750 -0.932077
vt 0.750000 -0.948204
vt 0.781250 -0.948204
vt 0.812500 -0.932077
vt 0.781250 -0.932077
vt 0.812500 -0.948204
vt 0.843750 -0.948204
vt 0.875000 -0.932077
vt 0.843750 -0.932077
vt 0.875000 -0.948204
vt 0.906250 -0.948204
vt 0.937500 -0.932077
vt 0.906250 -0.932077
vt 0.937500 -0.948204
vt 0.968750 -0.948158
vt 1.000000 -0.931006
vt 0.968750 -0.931988
vt 1.000000 -0.947931
vt 0.000000 -0.917294
vt 0.031250 -0.917516
vt 0.000000 -0.903581
vt 0.062500 -0.904649
vt 0.031250 -0.904560
vt 0.062500 -0.917561
vt 0.093750 -0.917561
vt 0.125000 -0.904649
vt 0.093750 -0.904649
vt 0.125000 -0.917561
vt 0.156250 -0.917561
vt 0.187500 -0.904649
vt 0.156250 -0.904649
vt 0.187500 -0.917561
vt 0.218750 -0.917561
vt 0.250000 -0.904649
vt 0.218750 -0.904649
vt 0.250000 -0.917561
vt 0.281250 -0.917561
vt 0.312500 -0.904649
vt 0.281250 -0.904649
vt 0.312500 -0.917561
vt 0.343750 -0.917561
vt 0.375000 -0.904649
vt 0.343750 -0.904649
vt 0.375000 -0.917561
vt 0.406250 -0.917561
vt 0.437500 -0.904649
vt 0.406250 -0.904649
vt 0.437500 -0.917561
vt 0.468750 -0.917561
vt 0.500000 -0.904649
vt 0.468750 -0.904649
vt 0.500000 -0.917561
vt 0.531250 -0.917561
vt 0.562500 -0.904649
vt 0.531250 -0.904649
vt 0.562500 -0.917561
vt 0.593750 -0.917561
vt 0.625000 -0.904649
vt 0.593750 -0.904649
vt 0.625000 -0.917561
vt 0.656250 -0.917561
vt 0.687500 -0.904649
vt 0.656250 -0.904649
vt 0.687500 -0.917561
vt 0.718750 -0.917561
vt 0.750000 -0.904649
vt 0.718750 -0.904649
vt 0.750000 -0.917561
vt 0.781250 -0.917561
vt 0.812500 -0.904649
vt 0.781250 -0.904649
vt 0.812500 -0.917561
vt 0.843750 -0.917561
vt 0.875000 -0.904649
vt 0.843750 -0.904649
vt 0.875000 -0.917561
vt 0.906250 -0.917561
vt 0.937500 -0.904649
vt 0.906250 -0.904649
vt 0.937500 -0.917561
vt 0.968750 -0.917517
vt 1.000000 -0.903581
vt 0.968750 -0.904560
vt 1.000000 -0.917294
vt 0.000000 -0.893073
vt 0.031250 -0.893433
vt 0.000000 -0.882564
vt 0.062500 -0.884958
vt 0.031250 -0.884759
vt 0.062500 -0.893505
vt 0.093750 -0.893506
vt 0.125000 -0.884958
vt 0.093750 -0.884958
vt 0.125000 -0.893505
vt 0.156250 -0.893506
vt 0.187500 -0.884958
vt 0.156250 -0.884958
vt 0.187500 -0.893505
vt 0.218750 -0.893506
vt 0.250000 -0.884958
vt 0.218750 -0.884958
vt 0.250000 -0.893505
vt 0.281250 -0.893506
vt 0.312500 -0.884958
vt 0.281250 -0.884958
vt 0.312500 -0.893505
vt 0.343750 -0.893506
vt 0.375000 -0.884958
vt 0.343750 -0.884958
vt 0.375000 -0.893505
vt 0.406250 -0.893506
vt 0.437500 -0.884958
vt 0.406250 -0.884958
vt 0.437500 -0.893505
vt 0.468750 -0.893506
vt 0.500000 -0.884958
vt 0.468750 -0.884958
vt 0.500000 -0.893505
vt 0.531250 -0.893506
vt 0.562500 -0.884958
vt 0.531250 -0.884958
vt 0.562500 -0.893505
vt 0.593750 -0.893506
vt 0.625000 -0.884958
vt 0.593750 -0.884958
vt 0.625000 -0.893505
vt 0.656250 -0.893506
vt 0.687500 -0.884958
vt 0.656250 -0.884958
vt 0.687500 -0.893505
vt 0.718750 -0.893506
vt 0.750000 -0.884958
vt 0.718750 -0.884958
vt 0.750000 -0.893505
vt 0.781250 -0.893506
vt 0.812500 -0.884958
vt 0.781250 -0.884958
vt 0.812500 -0.893505
vt 0.843750 -0.893506
vt 0.875000 -0.884958
vt 0.843750 -0.884958
vt 0.875000 -0.893505
vt 0.906250 -0.893506
vt 0.937500 -0.884958
vt 0.906250 -0.884958
vt 0.937500 -0.893505
vt 0.968750 -0.893433
vt 1.000000 -0.882564
vt 0.968750 -0.884759
vt 1.000000 -0.893073
vt 0.000000 -0.879237
vt 0.031250 -0.879424
vt 0.000000 -0.875909
vt 0.062500 -0.875318
vt 0.031250 -0.875367
vt 0.062500 -0.879462
vt 0.093750 -0.879462
vt 0.125000 -0.875318
vt 0.093750 -0.875318
vt 0.125000 -0.879462
vt 0.156250 -0.879462
vt 0.187500 -0.875318
vt 0.156250 -0.875318
vt 0.187500 -0.879462
vt 0.218750 -0.879462
vt 0.250000 -0.875318
vt 0.218750 -0.875318
vt 0.250000 -0.879462
vt 0.281250 -0.879462
vt 0.312500 -0.875318
vt 0.281250 -0.875318
vt 0.312500 -0.879462
vt 0.343750 -0.879462
vt 0.375000 -0.875318
vt 0.343750 -0.875318
vt 0.375000 -0.879462
vt 0.406250 -0.879462
vt 0.437500 -0.875318
vt 0.406250 -0.875318
vt 0.437500 -0.879462
vt 0.468750 -0.879462
vt 0.500000 -0.875318
vt 0.468750 -0.875318
vt 0.500000 -0.879462
vt 0.531250 -0.879462
vt 0.562500 -0.875318
vt 0.531250 -0.875318
vt 0.562500 -0.879462
vt 0.593750 -0.879462
vt 0.625000 -0.875318
vt 0.593750 -0.875318
vt 0.625000 -0.879462
vt 0.656250 -0.879462
vt 0.687500 -0.875318
vt 0.656250 -0.875318
vt 0.687500 -0.879462
vt 0.718750 -0.879462
vt 0.750000 -0.875318
vt 0.718750 -0.875318
vt 0.750000 -0.879462
vt 0.781250 -0.879462
vt 0.812500 -0.875318
vt 0.781250 -0.875318
vt 0.812500 -0.879462
vt 0.843750 -0.879462
vt 0.875000 -0.875318
vt 0.843750 -0.875318
vt 0.875000 -0.879462
vt 0.906250 -0.879462
vt 0.937500 -0.875318
vt 0.906250 -0.875318
vt 0.937500 -0.879462
vt 0.968750 -0.879424
vt 1.000000 -0.875909
vt 0.968750 -0.875367
vt 1.000000 -0.879237
vt 0.000000 -0.821256
vt 0.031250 -0.819808
vt 0.000000 -0.819860
vt 0.031250 -0.817604
vt 0.000000 -0.818464
vt 0.062500 -0.819798
vt 0.062500 -0.821699
vt 0.031250 -0.821662
vt 0.093750 -0.819798
vt 0.093750 -0.817525
vt 0.062500 -0.817525
vt 0.125000 -0.819798
vt 0.125000 -0.821699
vt 0.093750 -0.821699
vt 0.156250 -0.819798
vt 0.156250 -0.817525
vt 0.125000 -0.817525
vt 0.187500 -0.819798
vt 0.187500 -0.821699
vt 0.156250 -0.821699
vt 0.218750 -0.819798
vt 0.218750 -0.817525
vt 0.187500 -0.817525
vt 0.250000 -0.819798
vt 0.250000 -0.821699
vt 0.218750 -0.821699
vt 0.281250 -0.819798
vt 0.281250 -0.817525
vt 0.250000 -0.817525
vt 0.312500 -0.819798
vt 0.312500 -0.821699
vt 0.281250 -0.821699
vt 0.343750 -0.819798
vt 0.343750 -0.817525
vt 0.312500 -0.817525
vt 0.375000 -0.819798
vt 0.375000 -0.821699
vt 0.343750 -0.821699
vt 0.406250 -0.819798
vt 0.406250 -0.817525
vt 0.375000 -0.817525
vt 0.437500 -0.819798
vt 0.437500 -0.821699
vt 0.406250 -0.821699
vt 0.468750 -0.819798
vt 0.468750 -0.817525
vt 0.437500 -0.817525
vt 0.500000 -0.819798
vt 0.500000 -0.821699
vt 0.468750 -0.821699
vt 0.531250 -0.819798
vt 0.531250 -0.817525
vt 0.500000 -0.817525
vt 0.562500 -0.819798
vt 0.562500 -0.821699
vt 0.531250 -0.821699
vt 0.593750 -0.819798
vt 0.593750 -0.817525
vt 0.562500 -0.817525
vt 0.625000 -0.819798
vt 0.625000 -0.821699
vt 0.593750 -0.821699
vt 0.656250 -0.819798
vt 0.656250 -0.817525
vt 0.625000 -0.817525
vt 0.687500 -0.819798
vt 0.687500 -0.821699
vt 0.656250 -0.821699
vt 0.718750 -0.819798
vt 0.718750 -0.817525
vt 0.687500 -0.817525
vt 0.750000 -0.819798
vt 0.750000 -0.821699
vt 0.718750 -0.821699
vt 0.781250 -0.819798
vt 0.781250 -0.817525
vt 0.750000 -0.817525
vt 0.812500 -0.819798
vt 0.812500 -0.821699
vt 0.781250 -0.821699
vt 0.843750 -0.819798
vt 0.843750 -0.817525
vt 0.812500 -0.817525
vt 0.875000 -0.819798
vt 0.875000 -0.821699
vt 0.843750 -0.821699
vt 0.906250 -0.819798
vt 0.906250 -0.817525
vt 0.875000 -0.817525
vt 0.937500 -0.819798
vt 0.937500 -0.821699
vt 0.906250 -0.821699
vt 0.968750 -0.819808
vt 0.968750 -0.817603
vt 0.937500 -0.817525
vt 1.000000 -0.819860
vt 1.000000 -0.821256
vt 0.968750 -0.821662
vt 0.031250 -0.814151
vt 0.000000 -0.814253
vt 0.031250 -0.810006
vt 0.000000 -0.810042
vt 0.062500 -0.814130
vt 0.093750 -0.814131
vt 0.093750 -0.810002
vt 0.062500 -0.810002
vt 0.125000 -0.814131
vt 0.156250 -0.814131
vt 0.156250 -0.810002
vt 0.125000 -0.810002
vt 0.187500 -0.814131
vt 0.218750 -0.814131
vt 0.218750 -0.810002
vt 0.187500 -0.810002
vt 0.250000 -0.814131
vt 0.281250 -0.814131
vt 0.281250 -0.810002
vt 0.250000 -0.810002
vt 0.312500 -0.814131
vt 0.343750 -0.814131
vt 0.343750 -0.810002
vt 0.312500 -0.810002
vt 0.375000 -0.814131
vt 0.406250 -0.814131
vt 0.406250 -0.810002
vt 0.375000 -0.810002
vt 0.437500 -0.814131
vt 0.468750 -0.814131
vt 0.468750 -0.810002
vt 0.437500 -0.810002
vt 0.500000 -0.814131
vt 0.531250 -0.814131
vt 0.531250 -0.810002
vt 0.500000 -0.810002
vt 0.562500 -0.814131
vt 0.593750 -0.814131
vt 0.593750 -0.810002
vt 0.562500 -0.810002
vt 0.625000 -0.814131
vt 0.656250 -0.814131
vt 0.656250 -0.810002
vt 0.625000 -0.810002
vt 0.687500 -0.814131
vt 0.718750 -0.814131
vt 0.718750 -0.810002
vt 0.687500 -0.810002
vt 0.750000 -0.814131
vt 0.781250 -0.814131
vt 0.781250 -0.810002
vt 0.750000 -0.810002
vt 0.812500 -0.814131
vt 0.843750 -0.814131
vt 0.843750 -0.810002
vt 0.812500 -0.810002
vt 0.875000 -0.814131
vt 0.906250 -0.814131
vt 0.906250 -0.810002
vt 0.875000 -0.810002
vt 0.937500 -0.814131
vt 0.968750 -0.814151
vt 0.968750 -0.810006
vt 0.937500 -0.810002
vt 1.000000 -0.814253
vt 1.000000 -0.818464
vt 0.000000 -0.805713
vt 0.031250 -0.805709
vt 0.000000 -0.801384
vt 0.062500 -0.801384
vt 0.031250 -0.801384
vt 0.062500 -0.805708
vt 0.093750 -0.805708
vt 0.125000 -0.801384
vt 0.093750 -0.801384
vt 0.125000 -0.805708
vt 0.156250 -0.805708
vt 0.187500 -0.801384
vt 0.156250 -0.801384
vt 0.187500 -0.805708
vt 0.218750 -0.805708
vt 0.250000 -0.801384
vt 0.218750 -0.801384
vt 0.250000 -0.805708
vt 0.281250 -0.805708
vt 0.312500 -0.801384
vt 0.281250 -0.801384
vt 0.312500 -0.805708
vt 0.343750 -0.805708
vt 0.375000 -0.801384
vt 0.343750 -0.801384
vt 0.375000 -0.805708
vt 0.406250 -0.805708
vt 0.437500 -0.801384
vt 0.406250 -0.801384
vt 0.437500 -0.805708
vt 0.468750 -0.805708
vt 0.500000 -0.801384
vt 0.468750 -0.801384
vt 0.500000 -0.805708
vt 0.531250 -0.805708
vt 0.562500 -0.801384
vt 0.531250 -0.801384
vt 0.562500 -0.805708
vt 0.593750 -0.805708
vt 0.625000 -0.801384
vt 0.593750 -0.801384
vt 0.625000 -0.805708
vt 0.656250 -0.805708
vt 0.687500 -0.801384
vt 0.656250 -0.801384
vt 0.687500 -0.805708
vt 0.718750 -0.805708
vt 0.750000 -0.801384
vt 0.718750 -0.801384
vt 0.750000 -0.805708
vt 0.781250 -0.805708
vt 0.812500 -0.801384
vt 0.781250 -0.801384
vt 0.812500 -0.805708
vt 0.843750 -0.805708
vt 0.875000 -0.801384
vt 0.843750 -0.801384
vt 0.875000 -0.805708
vt 0.906250 -0.805708
vt 0.937500 -0.801384
vt 0.906250 -0.801384
vt 0.937500 -0.805708
vt 0.968750 -0.805709
vt 1.000000 -0.801384
vt 0.968750 -0.801384
vt 1.000000 -0.805713
vt 0.000000 -0.802279
vt 0.031250 -0.802279
vt 0.000000 -0.803173
vt 0.062500 -0.803173
vt 0.031250 -0.803173
vt 0.062500 -0.802279
vt 0.093750 -0.802279
vt 0.125000 -0.803173
vt 0.093750 -0.803173
vt 0.125000 -0.802279
vt 0.156250 -0.802279
vt 0.187500 -0.803173
vt 0.156250 -0.803173
vt 0.187500 -0.802279
vt 0.218750 -0.802279
vt 0.250000 -0.803173
vt 0.218750 -0.803173
vt 0.250000 -0.802279
vt 0.281250 -0.802279
vt 0.312500 -0.803173
vt 0.281250 -0.803173
vt 0.312500 -0.802279
vt 0.343750 -0.802279
vt 0.375000 -0.803173
vt 0.343750 -0.803173
vt 0.375000 -0.802279
vt 0.406250 -0.802279
vt 0.437500 -0.803173
vt 0.406250 -0.803173
vt 0.437500 -0.802279
vt 0.468750 -0.802279
vt 0.500000 -0.803173
vt 0.468750 -0.803173
vt 0.500000 -0.802279
vt 0.531250 -0.802279
vt 0.562500 -0.803173
vt 0.531250 -0.803173
vt 0.562500 -0.802279
vt 0.593750 -0.802279
vt 0.625000 -0.803173
vt 0.593750 -0.803173
vt 0.625000 -0.802279
vt 0.656250 -0.802279
vt 0.687500 -0.803173
vt 0.656250 -0.803173
vt 0.687500 -0.802279
vt 0.718750 -0.802279
vt 0.750000 -0.803173
vt 0.718750 -0.803173
vt 0.750000 -0.802279
vt 0.781250 -0.802279
vt 0.812500 -0.803173
vt 0.781250 -0.803173
vt 0.812500 -0.802279
vt 0.843750 -0.802279
vt 0.875000 -0.803173
vt 0.843750 -0.803173
vt 0.875000 -0.802279
vt 0.906250 -0.802279
vt 0.937500 -0.803173
vt 0.906250 -0.803173
vt 0.937500 -0.802279
vt 0.968750 -0.802279
vt 1.000000 -0.803173
vt 0.968750 -0.803173
vt 1.000000 -0.802279
vt 0.031250 -0.796438
vt 0.000000 -0.796262
vt 0.031250 -0.790904
vt 0.000000 -0.789350
vt 0.062500 -0.796474
vt 0.093750 -0.796473
vt 0.093750 -0.791046
vt 0.062500 -0.791046
vt 0.125000 -0.796474
vt 0.156250 -0.796473
vt 0.156250 -0.791046
vt 0.125000 -0.791046
vt 0.187500 -0.796474
vt 0.218750 -0.796473
vt 0.218750 -0.791046
vt 0.187500 -0.791046
vt 0.250000 -0.796474
vt 0.281250 -0.796473
vt 0.281250 -0.791046
vt 0.250000 -0.791046
vt 0.312500 -0.796474
vt 0.343750 -0.796473
vt 0.343750 -0.791046
vt 0.312500 -0.791046
vt 0.375000 -0.796474
vt 0.406250 -0.796473
vt 0.406250 -0.791046
vt 0.375000 -0.791046
vt 0.437500 -0.796474
vt 0.468750 -0.796473
vt 0.468750 -0.791046
vt 0.437500 -0.791046
vt 0.500000 -0.796474
vt 0.531250 -0.796473
vt 0.531250 -0.791046
vt 0.500000 -0.791046
vt 0.562500 -0.796474
vt 0.593750 -0.796473
vt 0.593750 -0.791046
vt 0.562500 -0.791046
vt 0.625000 -0.796474
vt 0.656250 -0.796473
vt 0.656250 -0.791046
vt 0.625000 -0.791046
vt 0.687500 -0.796474
vt 0.718750 -0.796473
vt 0.718750 -0.791046
vt 0.687500 -0.791046
vt 0.750000 -0.796474
vt 0.781250 -0.796473
vt 0.781250 -0.791046
vt 0.750000 -0.791046
vt 0.812500 -0.796474
vt 0.843750 -0.796473
vt 0.843750 -0.791046
vt 0.812500 -0.791046
vt 0.875000 -0.796474
vt 0.906250 -0.796473
vt 0.906250 -0.791046
vt 0.875000 -0.791046
vt 0.937500 -0.796474
vt 0.968750 -0.796438
vt 0.968750 -0.790904
vt 0.937500 -0.791046
vt 1.000000 -0.796262
vt 0.031250 -0.787721
vt 0.000000 -0.787526
vt 0.031250 -0.785864
vt 0.000000 -0.785701
vt 0.062500 -0.787760
vt 0.093750 -0.787760
vt 0.093750 -0.785879
vt 0.062500 -0.785879
vt 0.125000 -0.787760
vt 0.156250 -0.787760
vt 0.156250 -0.785879
vt 0.125000 -0.785879
vt 0.187500 -0.787760
vt 0.218750 -0.787760
vt 0.218750 -0.785879
vt 0.187500 -0.785879
vt 0.250000 -0.787760
vt 0.281250 -0.787760
vt 0.281250 -0.785879
vt 0.250000 -0.785879
vt 0.312500 -0.787760
vt 0.343750 -0.787760
vt 0.343750 -0.785879
vt 0.312500 -0.785879
vt 0.375000 -0.787760
vt 0.406250 -0.787760
vt 0.406250 -0.785879
vt 0.375000 -0.785879
vt 0.437500 -0.787760
vt 0.468750 -0.787760
vt 0.468750 -0.785879
vt 0.437500 -0.785879
vt 0.500000 -0.787760
vt 0.531250 -0.787760
vt 0.531250 -0.785879
vt 0.500000 -0.785879
vt 0.562500 -0.787760
vt 0.593750 -0.787760
vt 0.593750 -0.785879
vt 0.562500 -0.785879
vt 0.625000 -0.787760
vt 0.656250 -0.787760
vt 0.656250 -0.785879
vt 0.625000 -0.785879
vt 0.687500 -0.787760
vt 0.718750 -0.787760
vt 0.718750 -0.785879
vt 0.687500 -0.785879
vt 0.750000 -0.787760
vt 0.781250 -0.787760
vt 0.781250 -0.785879
vt 0.750000 -0.785879
vt 0.812500 -0.787760
vt 0.843750 -0.787760
vt 0.843750 -0.785879
vt 0.812500 -0.785879
vt 0.875000 -0.787760
vt 0.906250 -0.787760
vt 0.906250 -0.785879
vt 0.875000 -0.785879
vt 0.937500 -0.787760
vt 0.968750 -0.787721
vt 0.968750 -0.785864
vt 0.937500 -0.785879
vt 1.000000 -0.787526
vt 1.000000 -0.789350
vt 0.031250 -0.784375
vt 0.000000 -0.784410
vt 0.031250 -0.782649
vt 0.000000 -0.783117
vt 0.062500 -0.784368
vt 0.093750 -0.784368
vt 0.093750 -0.782606
vt 0.062500 -0.782606
vt 0.125000 -0.784368
vt 0.156250 -0.784368
vt 0.156250 -0.782606
vt 0.125000 -0.782606
vt 0.187500 -0.784368
vt 0.218750 -0.784368
vt 0.218750 -0.782606
vt 0.187500 -0.782606
vt 0.250000 -0.784368
vt 0.281250 -0.784368
vt 0.281250 -0.782606
vt 0.250000 -0.782606
vt 0.312500 -0.784368
vt 0.343750 -0.784368
vt 0.343750 -0.782606
vt 0.312500 -0.782606
vt 0.375000 -0.784368
vt 0.406250 -0.784368
vt 0.406250 -0.782606
vt 0.375000 -0.782606
vt 0.437500 -0.784368
vt 0.468750 -0.784368
vt 0.468750 -0.782606
vt 0.437500 -0.782606
vt 0.500000 -0.784368
vt 0.531250 -0.784368
vt 0.531250 -0.782606
vt 0.500000 -0.782606
vt 0.562500 -0.784368
vt 0.593750 -0.784368
vt 0.593750 -0.782606
vt 0.562500 -0.782606
vt 0.625000 -0.784368
vt 0.656250 -0.784368
vt 0.656250 -0.782606
vt 0.625000 -0.782606
vt 0.687500 -0.784368
vt 0.718750 -0.784368
vt 0.718750 -0.782606
vt 0.687500 -0.782606
vt 0.750000 -0.784368
vt 0.781250 -0.784368
vt 0.781250 -0.782606
vt 0.750000 -0.782606
vt 0.812500 -0.784368
vt 0.843750 -0.784368
vt 0.843750 -0.782606
vt 0.812500 -0.782606
vt 0.875000 -0.784368
vt 0.906250 -0.784368
vt 0.906250 -0.782606
vt 0.875000 -0.782606
vt 0.937500 -0.784368
vt 0.968750 -0.784375
vt 0.968750 -0.782649
vt 0.937500 -0.782606
vt 1.000000 -0.784410
vt 1.000000 -0.785701
vt 0.031250 -0.780090
vt 0.000000 -0.780292
vt 0.031250 -0.776156
vt 0.000000 -0.777466
vt 0.062500 -0.780049
vt 0.093750 -0.780049
vt 0.093750 -0.776037
vt 0.062500 -0.776037
vt 0.125000 -0.780049
vt 0.156250 -0.780049
vt 0.156250 -0.776037
vt 0.125000 -0.776037
vt 0.187500 -0.780049
vt 0.218750 -0.780049
vt 0.218750 -0.776037
vt 0.187500 -0.776037
vt 0.250000 -0.780049
vt 0.281250 -0.780049
vt 0.281250 -0.776037
vt 0.250000 -0.776037
vt 0.312500 -0.780049
vt 0.343750 -0.780049
vt 0.343750 -0.776037
vt 0.312500 -0.776037
vt 0.375000 -0.780049
vt 0.406250 -0.780049
vt 0.406250 -0.776037
vt 0.375000 -0.776037
vt 0.437500 -0.780049
vt 0.468750 -0.780049
vt 0.468750 -0.776037
vt 0.437500 -0.776037
vt 0.500000 -0.780049
vt 0.531250 -0.780049
vt 0.531250 -0.776037
vt 0.500000 -0.776037
vt 0.562500 -0.780049
vt 0.593750 -0.780049
vt 0.593750 -0.776037
vt 0.562500 -0.776037
vt 0.625000 -0.780049
vt 0.656250 -0.780049
vt 0.656250 -0.776037
vt 0.625000 -0.776037
vt 0.687500 -0.780049
vt 0.718750 -0.780049
vt 0.718750 -0.776037
vt 0.687500 -0.776037
vt 0.750000 -0.780049
vt 0.781250 -0.780049
vt 0.781250 -0.776037
vt 0.750000 -0.776037
vt 0.812500 -0.780049
vt 0.843750 -0.780049
vt 0.843750 -0.776037
vt 0.812500 -0.776037
vt 0.875000 -0.780049
vt 0.906250 -0.780049
vt 0.906250 -0.776037
vt 0.875000 -0.776037
vt 0.937500 -0.780049
vt 0.968750 -0.780090
vt 0.968750 -0.776156
vt 0.937500 -0.776037
vt 1.000000 -0.780292
vt 1.000000 -0.783117
vt 0.031250 -0.770213
vt 0.000000 -0.770354
vt 0.031250 -0.763310
vt 0.000000 -0.763242
vt 0.062500 -0.770185
vt 0.093750 -0.770185
vt 0.093750 -0.763316
vt 0.062500 -0.763316
vt 0.125000 -0.770185
vt 0.156250 -0.770185
vt 0.156250 -0.763316
vt 0.125000 -0.763316
vt 0.187500 -0.770185
vt 0.218750 -0.770185
vt 0.218750 -0.763316
vt 0.187500 -0.763316
vt 0.250000 -0.770185
vt 0.281250 -0.770185
vt 0.281250 -0.763316
vt 0.250000 -0.763316
vt 0.312500 -0.770185
vt 0.343750 -0.770185
vt 0.343750 -0.763316
vt 0.312500 -0.763316
vt 0.375000 -0.770185
vt 0.406250 -0.770185
vt 0.406250 -0.763316
vt 0.375000 -0.763316
vt 0.437500 -0.770185
vt 0.468750 -0.770185
vt 0.468750 -0.763316
vt 0.437500 -0.763316
vt 0.500000 -0.770185
vt 0.531250 -0.770185
vt 0.531250 -0.763316
vt 0.500000 -0.763316
vt 0.562500 -0.770185
vt 0.593750 -0.770185
vt 0.593750 -0.763316
vt 0.562500 -0.763316
vt 0.625000 -0.770185
vt 0.656250 -0.770185
vt 0.656250 -0.763316
vt 0.625000 -0.763316
vt 0.687500 -0.770185
vt 0.718750 -0.770185
vt 0.718750 -0.763316
vt 0.687500 -0.763316
vt 0.750000 -0.770185
vt 0.781250 -0.770185
vt 0.781250 -0.763316
vt 0.750000 -0.763316
vt 0.812500 -0.770185
vt 0.843750 -0.770185
vt 0.843750 -0.763316
vt 0.812500 -0.763316
vt 0.875000 -0.770185
vt 0.906250 -0.770185
vt 0.906250 -0.763316
vt 0.875000 -0.763316
vt 0.937500 -0.770185
vt 0.968750 -0.770213
vt 0.968750 -0.763310
vt 0.937500 -0.763316
vt 1.000000 -0.770354
vt 1.000000 -0.777466
vt 0.000000 -0.756353
vt 0.031250 -0.756548
vt 0.000000 -0.749464
vt 0.062500 -0.751261
vt 0.031250 -0.751111
vt 0.062500 -0.756587
vt 0.093750 -0.756587
vt 0.125000 -0.751261
vt 0.093750 -0.751261
vt 0.125000 -0.756587
vt 0.156250 -0.756587
vt 0.187500 -0.751261
vt 0.156250 -0.751261
vt 0.187500 -0.756587
vt 0.218750 -0.756587
vt 0.250000 -0.751261
vt 0.218750 -0.751261
vt 0.250000 -0.756587
vt 0.281250 -0.756587
vt 0.312500 -0.751261
vt 0.281250 -0.751261
vt 0.312500 -0.756587
vt 0.343750 -0.756587
vt 0.375000 -0.751261
vt 0.343750 -0.751261
vt 0.375000 -0.756587
vt 0.406250 -0.756587
vt 0.437500 -0.751261
vt 0.406250 -0.751261
vt 0.437500 -0.756587
vt 0.468750 -0.756587
vt 0.500000 -0.751261
vt 0.468750 -0.751261
vt 0.500000 -0.756587
vt 0.531250 -0.756587
vt 0.562500 -0.751261
vt 0.531250 -0.751261
vt 0.562500 -0.756587
vt 0.593750 -0.756587
vt 0.625000 -0.751261
vt 0.593750 -0.751261
vt 0.625000 -0.756587
vt 0.656250 -0.756587
vt 0.687500 -0.751261
vt 0.656250 -0.751261
vt 0.687500 -0.756587
vt 0.718750 -0.756587
vt 0.750000 -0.751261
vt 0.718750 -0.751261
vt 0.750000 -0.756587
vt 0.781250 -0.756587
vt 0.812500 -0.751261
vt 0.781250 -0.751261
vt 0.812500 -0.756587
vt 0.843750 -0.756587
vt 0.875000 -0.751261
vt 0.843750 -0.751261
vt 0.875000 -0.756587
vt 0.906250 -0.756587
vt 0.937500 -0.751261
vt 0.906250 -0.751261
vt 0.937500 -0.756587
vt 0.968750 -0.756548
vt 1.000000 -0.749464
vt 0.968750 -0.751111
vt 1.000000 -0.756353
vt 0.000000 -0.747966
vt 0.031250 -0.748179
vt 0.000000 -0.746468
vt 0.062500 -0.746714
vt 0.031250 -0.746694
vt 0.062500 -0.748221
vt 0.093750 -0.748221
vt 0.125000 -0.746714
vt 0.093750 -0.746714
vt 0.125000 -0.748221
vt 0.156250 -0.748221
vt 0.187500 -0.746714
vt 0.156250 -0.746714
vt 0.187500 -0.748221
vt 0.218750 -0.748221
vt 0.250000 -0.746714
vt 0.218750 -0.746714
vt 0.250000 -0.748221
vt 0.281250 -0.748221
vt 0.312500 -0.746714
vt 0.281250 -0.746714
vt 0.312500 -0.748221
vt 0.343750 -0.748221
vt 0.375000 -0.746714
vt 0.343750 -0.746714
vt 0.375000 -0.748221
vt 0.406250 -0.748221
vt 0.437500 -0.746714
vt 0.406250 -0.746714
vt 0.437500 -0.748221
vt 0.468750 -0.748221
vt 0.500000 -0.746714
vt 0.468750 -0.746714
vt 0.500000 -0.748221
vt 0.531250 -0.748221
vt 0.562500 -0.746714
vt 0.531250 -0.746714
vt 0.562500 -0.748221
vt 0.593750 -0.748221
vt 0.625000 -0.746714
vt 0.593750 -0.746714
vt 0.625000 -0.748221
vt 0.656250 -0.748221
vt 0.687500 -0.746714
vt 0.656250 -0.746714
vt 0.687500 -0.748221
vt 0.718750 -0.748221
vt 0.750000 -0.746714
vt 0.718750 -0.746714
vt 0.750000 -0.748221
vt 0.781250 -0.748221
vt 0.812500 -0.746714
vt 0.781250 -0.746714
vt 0.812500 -0.748221
vt 0.843750 -0.748221
vt 0.875000 -0.746714
vt 0.843750 -0.746714
vt 0.875000 -0.748221
vt 0.906250 -0.748221
vt 0.937500 -0.746714
vt 0.906250 -0.746714
vt 0.937500 -0.748221
vt 0.968750 -0.748179
vt 1.000000 -0.746468
vt 0.968750 -0.746694
vt 1.000000 -0.747966
vt 0.000000 -0.745709
vt 0.031250 -0.745680
vt 0.000000 -0.744950
vt 0.062500 -0.744427
vt 0.031250 -0.744471
vt 0.062500 -0.745674
vt 0.093750 -0.745674
vt 0.125000 -0.744427
vt 0.093750 -0.744427
vt 0.125000 -0.745674
vt 0.156250 -0.745674
vt 0.187500 -0.744427
vt 0.156250 -0.744427
vt 0.187500 -0.745674
vt 0.218750 -0.745674
vt 0.250000 -0.744427
vt 0.218750 -0.744427
vt 0.250000 -0.745674
vt 0.281250 -0.745674
vt 0.312500 -0.744427
vt 0.281250 -0.744427
vt 0.312500 -0.745674
vt 0.343750 -0.745674
vt 0.375000 -0.744427
vt 0.343750 -0.744427
vt 0.375000 -0.745674
vt 0.406250 -0.745674
vt 0.437500 -0.744427
vt 0.406250 -0.744427
vt 0.437500 -0.745674
vt 0.468750 -0.745674
vt 0.500000 -0.744427
vt 0.468750 -0.744427
vt 0.500000 -0.745674
vt 0.531250 -0.745674
vt 0.562500 -0.744427
vt 0.531250 -0.744427
vt 0.562500 -0.745674
vt 0.593750 -0.745674
vt 0.625000 -0.744427
vt 0.593750 -0.744427
vt 0.625000 -0.745674
vt 0.656250 -0.745674
vt 0.687500 -0.744427
vt 0.656250 -0.744427
vt 0.687500 -0.745674
vt 0.718750 -0.745674
vt 0.750000 -0.744427
vt 0.718750 -0.744427
vt 0.750000 -0.745674
vt 0.781250 -0.745674
vt 0.812500 -0.744427
vt 0.781250 -0.744427
vt 0.812500 -0.745674
vt 0.843750 -0.745674
vt 0.875000 -0.744427
vt 0.843750 -0.744427
vt 0.875000 -0.745674
vt 0.906250 -0.745674
vt 0.937500 -0.744427
vt 0.906250 -0.744427
vt 0.937500 -0.745674
vt 0.968750 -0.745680
vt 1.000000 -0.744950
vt 0.968750 -0.744471
vt 1.000000 -0.745709
vt 0.000000 -0.742624
vt 0.031250 -0.742413
vt 0.000000 -0.740298
vt 0.062500 -0.738797
vt 0.031250 -0.738922
vt 0.062500 -0.742371
vt 0.093750 -0.742371
vt 0.125000 -0.738797
vt 0.093750 -0.738797
vt 0.125000 -0.742371
vt 0.156250 -0.742371
vt 0.187500 -0.738797
vt 0.156250 -0.738797
vt 0.187500 -0.742371
vt 0.218750 -0.742371
vt 0.250000 -0.738797
vt 0.218750 -0.738797
vt 0.250000 -0.742371
vt 0.281250 -0.742371
vt 0.312500 -0.738797
vt 0.281250 -0.738797
vt 0.312500 -0.742371
vt 0.343750 -0.742371
vt 0.375000 -0.738797
vt 0.343750 -0.738797
vt 0.375000 -0.742371
vt 0.406250 -0.742371
vt 0.437500 -0.738797
vt 0.406250 -0.738797
vt 0.437500 -0.742371
vt 0.468750 -0.742371
vt 0.500000 -0.738797
vt 0.468750 -0.738797
vt 0.500000 -0.742371
vt 0.531250 -0.742371
vt 0.562500 -0.738797
vt 0.531250 -0.738797
vt 0.562500 -0.742371
vt 0.593750 -0.742371
vt 0.625000 -0.738797
vt 0.593750 -0.738797
vt 0.625000 -0.742371
vt 0.656250 -0.742371
vt 0.687500 -0.738797
vt 0.656250 -0.738797
vt 0.687500 -0.742371
vt 0.718750 -0.742371
vt 0.750000 -0.738797
vt 0.718750 -0.738797
vt 0.750000 -0.742371
vt 0.781250 -0.742371
vt 0.812500 -0.738797
vt 0.781250 -0.738797
vt 0.812500 -0.742371
vt 0.843750 -0.742371
vt 0.875000 -0.738797
vt 0.843750 -0.738797
vt 0.875000 -0.742371
vt 0.906250 -0.742371
vt 0.937500 -0.738797
vt 0.906250 -0.738797
vt 0.937500 -0.742371
vt 0.968750 -0.742413
vt 1.000000 -0.740298
vt 0.968750 -0.738922
vt 1.000000 -0.742624
vt 0.000000 -0.733469
vt 0.031250 -0.733280
vt 0.000000 -0.726640
vt 0.062500 -0.726323
vt 0.031250 -0.726350
vt 0.062500 -0.733242
vt 0.093750 -0.733242
vt 0.125000 -0.726323
vt 0.093750 -0.726323
vt 0.125000 -0.733242
vt 0.156250 -0.733242
vt 0.187500 -0.726323
vt 0.156250 -0.726323
vt 0.187500 -0.733242
vt 0.218750 -0.733242
vt 0.250000 -0.726323
vt 0.218750 -0.726323
vt 0.250000 -0.733242
vt 0.281250 -0.733242
vt 0.312500 -0.726323
vt 0.281250 -0.726323
vt 0.312500 -0.733242
vt 0.343750 -0.733242
vt 0.375000 -0.726323
vt 0.343750 -0.726323
vt 0.375000 -0.733242
vt 0.406250 -0.733242
vt 0.437500 -0.726323
vt 0.406250 -0.726323
vt 0.437500 -0.733242
vt 0.468750 -0.733242
vt 0.500000 -0.726323
vt 0.468750 -0.726323
vt 0.500000 -0.733242
vt 0.531250 -0.733242
vt 0.562500 -0.726323
vt 0.531250 -0.726323
vt 0.562500 -0.733242
vt 0.593750 -0.733242
vt 0.625000 -0.726323
vt 0.593750 -0.726323
vt 0.625000 -0.733242
vt 0.656250 -0.733242
vt 0.687500 -0.726323
vt 0.656250 -0.726323
vt 0.687500 -0.733242
vt 0.718750 -0.733242
vt 0.750000 -0.726323
vt 0.718750 -0.726323
vt 0.750000 -0.733242
vt 0.781250 -0.733242
vt 0.812500 -0.726323
vt 0.781250 -0.726323
vt 0.812500 -0.733242
vt 0.843750 -0.733242
vt 0.875000 -0.726323
vt 0.843750 -0.726323
vt 0.875000 -0.733242
vt 0.906250 -0.733242
vt 0.937500 -0.726323
vt 0.906250 -0.726323
vt 0.937500 -0.733242
vt 0.968750 -0.733280
vt 1.000000 -0.726640
vt 0.968750 -0.726350
vt 1.000000 -0.733469
vt 0.000000 -0.718861
vt 0.031250 -0.718627
vt 0.000000 -0.711082
vt 0.062500 -0.709151
vt 0.031250 -0.709312
vt 0.062500 -0.718580
vt 0.093750 -0.718580
vt 0.125000 -0.709151
vt 0.093750 -0.709151
vt 0.125000 -0.718580
vt 0.156250 -0.718580
vt 0.187500 -0.709151
vt 0.156250 -0.709151
vt 0.187500 -0.718580
vt 0.218750 -0.718580
vt 0.250000 -0.709151
vt 0.218750 -0.709151
vt 0.250000 -0.718580
vt 0.281250 -0.718580
vt 0.312500 -0.709151
vt 0.281250 -0.709151
vt 0.312500 -0.718580
vt 0.343750 -0.718580
vt 0.375000 -0.709151
vt 0.343750 -0.709151
vt 0.375000 -0.718580
vt 0.406250 -0.718580
vt 0.437500 -0.709151
vt 0.406250 -0.709151
vt 0.437500 -0.718580
vt 0.468750 -0.718580
vt 0.500000 -0.709151
vt 0.468750 -0.709151
vt 0.500000 -0.718580
vt 0.531250 -0.718580
vt 0.562500 -0.709151
vt 0.531250 -0.709151
vt 0.562500 -0.718580
vt 0.593750 -0.718580
vt 0.625000 -0.709151
vt 0.593750 -0.709151
vt 0.625000 -0.718580
vt 0.656250 -0.718580
vt 0.687500 -0.709151
vt 0.656250 -0.709151
vt 0.687500 -0.718580
vt 0.718750 -0.718580
vt 0.750000 -0.709151
vt 0.718750 -0.709151
vt 0.750000 -0.718580
vt 0.781250 -0.718580
vt 0.812500 -0.709151
vt 0.781250 -0.709151
vt 0.812500 -0.718580
vt 0.843750 -0.718580
vt 0.875000 -0.709151
vt 0.843750 -0.709151
vt 0.875000 -0.718580
vt 0.906250 -0.718580
vt 0.937500 -0.709151
vt 0.906250 -0.709151
vt 0.937500 -0.718580
vt 0.968750 -0.718627
vt 1.000000 -0.711082
vt 0.968750 -0.709312
vt 1.000000 -0.718861
vt 0.000000 -0.697511
vt 0.031250 -0.627137
vt 0.000000 -0.683941
vt 0.062500 -0.689524
vt 0.031250 -0.690855
vt 0.093750 -0.621974
vt 0.062500 -0.621974
vt 0.125000 -0.689524
vt 0.093750 -0.689524
vt 0.156250 -0.621974
vt 0.125000 -0.621974
vt 0.187500 -0.689524
vt 0.156250 -0.689524
vt 0.218750 -0.621974
vt 0.187500 -0.621974
vt 0.250000 -0.689524
vt 0.218750 -0.689524
vt 0.281250 -0.621974
vt 0.250000 -0.621974
vt 0.312500 -0.689524
vt 0.281250 -0.689524
vt 0.343750 -0.621974
vt 0.312500 -0.621974
vt 0.375000 -0.689524
vt 0.343750 -0.689524
vt 0.406250 -0.621974
vt 0.375000 -0.621974
vt 0.437500 -0.689524
vt 0.406250 -0.689524
vt 0.468750 -0.621974
vt 0.437500 -0.621974
vt 0.500000 -0.689524
vt 0.468750 -0.689524
vt 0.531250 -0.621974
vt 0.500000 -0.621974
vt 0.562500 -0.689524
vt 0.531250 -0.689524
vt 0.593750 -0.621974
vt 0.562500 -0.621974
vt 0.625000 -0.689524
vt 0.593750 -0.689524
vt 0.656250 -0.621974
vt 0.625000 -0.621974
vt 0.687500 -0.689524
vt 0.656250 -0.689524
vt 0.718750 -0.621974
vt 0.687500 -0.621974
vt 0.750000 -0.689524
vt 0.718750 -0.689524
vt 0.781250 -0.621974
vt 0.750000 -0.621974
vt 0.812500 -0.689524
vt 0.781250 -0.689524
vt 0.843750 -0.621974
vt 0.812500 -0.621974
vt 0.875000 -0.689524
vt 0.843750 -0.689524
vt 0.906250 -0.621974
vt 0.875000 -0.621974
vt 0.937500 -0.689524
vt 0.906250 -0.689524
vt 0.968750 -0.627137
vt 0.937500 -0.621974
vt 1.000000 -0.697511
vt 0.968750 -0.690855
vt 0.031250 -0.484344
vt 0.000000 -0.484469
vt 0.031250 -0.340700
vt 0.000000 -0.284997
vt 0.062500 -0.484319
vt 0.093750 -0.484319
vt 0.093750 -0.345764
vt 0.062500 -0.345764
vt 0.125000 -0.484319
vt 0.156250 -0.484319
vt 0.156250 -0.345764
vt 0.125000 -0.345764
vt 0.187500 -0.484319
vt 0.218750 -0.484319
vt 0.218750 -0.345764
vt 0.187500 -0.345764
vt 0.250000 -0.484319
vt 0.281250 -0.484319
vt 0.281250 -0.345764
vt 0.250000 -0.345764
vt 0.312500 -0.484319
vt 0.343750 -0.484319
vt 0.343750 -0.345764
vt 0.312500 -0.345764
vt 0.375000 -0.484319
vt 0.406250 -0.484319
vt 0.406250 -0.345764
vt 0.375000 -0.345764
vt 0.437500 -0.484319
vt 0.468750 -0.484319
vt 0.468750 -0.345764
vt 0.437500 -0.345764
vt 0.500000 -0.484319
vt 0.531250 -0.484319
vt 0.531250 -0.345764
vt 0.500000 -0.345764
vt 0.562500 -0.484319
vt 0.593750 -0.484319
vt 0.593750 -0.345764
vt 0.562500 -0.345764
vt 0.625000 -0.484319
vt 0.656250 -0.484319
vt 0.656250 -0.345764
vt 0.625000 -0.345764
vt 0.687500 -0.484319
vt 0.718750 -0.484319
vt 0.718750 -0.345764
vt 0.687500 -0.345764
vt 0.750000 -0.484319
vt 0.781250 -0.484319
vt 0.781250 -0.345764
vt 0.750000 -0.345764
vt 0.812500 -0.484319
vt 0.843750 -0.484319
vt 0.843750 -0.345764
vt 0.812500 -0.345764
vt 0.875000 -0.484319
vt 0.906250 -0.484319
vt 0.906250 -0.345764
vt 0.875000 -0.345764
vt 0.937500 -0.484319
vt 0.968750 -0.484344
vt 0.968750 -0.340700
vt 0.937500 -0.345764
vt 1.000000 -0.484469
vt 1.000000 -0.683941
vt 0.031250 -0.274415
vt 0.000000 -0.267827
vt 0.031250 -0.252922
vt 0.000000 -0.250658
vt 0.062500 -0.275732
vt 0.093750 -0.275732
vt 0.093750 -0.253128
vt 0.062500 -0.253128
vt 0.125000 -0.275732
vt 0.156250 -0.275732
vt 0.156250 -0.253128
vt 0.125000 -0.253128
vt 0.187500 -0.275732
vt 0.218750 -0.275732
vt 0.218750 -0.253128
vt 0.187500 -0.253128
vt 0.250000 -0.275732
vt 0.281250 -0.275732
vt 0.281250 -0.253128
vt 0.250000 -0.253128
vt 0.312500 -0.275732
vt 0.343750 -0.275732
vt 0.343750 -0.253128
vt 0.312500 -0.253128
vt 0.375000 -0.275732
vt 0.406250 -0.275732
vt 0.406250 -0.253128
vt 0.375000 -0.253128
vt 0.437500 -0.275732
vt 0.468750 -0.275732
vt 0.468750 -0.253128
vt 0.437500 -0.253128
vt 0.500000 -0.275732
vt 0.531250 -0.275732
vt 0.531250 -0.253128
vt 0.500000 -0.253128
vt 0.562500 -0.275732
vt 0.593750 -0.275732
vt 0.593750 -0.253128
vt 0.562500 -0.253128
vt 0.625000 -0.275732
vt 0.656250 -0.275732
vt 0.656250 -0.253128
vt 0.625000 -0.253128
vt 0.687500 -0.275732
vt 0.718750 -0.275732
vt 0.718750 -0.253128
vt 0.687500 -0.253128
vt 0.750000 -0.275732
vt 0.781250 -0.275732
vt 0.781250 -0.253128
vt 0.750000 -0.253128
vt 0.812500 -0.275732
vt 0.843750 -0.275732
vt 0.843750 -0.253128
vt 0.812500 -0.253128
vt 0.875000 -0.275732
vt 0.906250 -0.275732
vt 0.906250 -0.253128
vt 0.875000 -0.253128
vt 0.937500 -0.275732
vt 0.968750 -0.274415
vt 0.968750 -0.252922
vt 0.937500 -0.253128
vt 1.000000 -0.267827
vt 1.000000 -0.284997
vt 0.000000 -0.231141
vt 0.031250 -0.229939
vt 0.000000 -0.229648
vt 0.031250 -0.228190
vt 0.000000 -0.228155
vt 0.062500 -0.229997
vt 0.062500 -0.233896
vt 0.031250 -0.233667
vt 0.093750 -0.229997
vt 0.093750 -0.228193
vt 0.062500 -0.228193
vt 0.125000 -0.229997
vt 0.125000 -0.233896
vt 0.093750 -0.233896
vt 0.156250 -0.229997
vt 0.156250 -0.228193
vt 0.125000 -0.228193
vt 0.187500 -0.229997
vt 0.187500 -0.233896
vt 0.156250 -0.233896
vt 0.218750 -0.229997
vt 0.218750 -0.228193
vt 0.187500 -0.228193
vt 0.250000 -0.229997
vt 0.250000 -0.233896
vt 0.218750 -0.233896
vt 0.281250 -0.229997
vt 0.281250 -0.228193
vt 0.250000 -0.228193
vt 0.312500 -0.229997
vt 0.312500 -0.233896
vt 0.281250 -0.233896
vt 0.343750 -0.229997
vt 0.343750 -0.228193
vt 0.312500 -0.228193
vt 0.375000 -0.229997
vt 0.375000 -0.233896
vt 0.343750 -0.233896
vt 0.406250 -0.229997
vt 0.406250 -0.228193
vt 0.375000 -0.228193
vt 0.437500 -0.229997
vt 0.437500 -0.233896
vt 0.406250 -0.233896
vt 0.468750 -0.229997
vt 0.468750 -0.228193
vt 0.437500 -0.228193
vt 0.500000 -0.229997
vt 0.500000 -0.233896
vt 0.468750 -0.233896
vt 0.531250 -0.229997
vt 0.531250 -0.228193
vt 0.500000 -0.228193
vt 0.562500 -0.229997
vt 0.562500 -0.233896
vt 0.531250 -0.233896
vt 0.593750 -0.229997
vt 0.593750 -0.228193
vt 0.562500 -0.228193
vt 0.625000 -0.229997
vt 0.625000 -0.233896
vt 0.593750 -0.233896
vt 0.656250 -0.229997
vt 0.656250 -0.228193
vt 0.625000 -0.228193
vt 0.687500 -0.229997
vt 0.687500 -0.233896
vt 0.656250 -0.233896
vt 0.718750 -0.229997
vt 0.718750 -0.228193
vt 0.687500 -0.228193
vt 0.750000 -0.229997
vt 0.750000 -0.233896
vt 0.718750 -0.233896
vt 0.781250 -0.229997
vt 0.781250 -0.228193
vt 0.750000 -0.228193
vt 0.812500 -0.229997
vt 0.812500 -0.233896
vt 0.781250 -0.233896
vt 0.843750 -0.229997
vt 0.843750 -0.228193
vt 0.812500 -0.228193
vt 0.875000 -0.229997
vt 0.875000 -0.233896
vt 0.843750 -0.233896
vt 0.906250 -0.229997
vt 0.906250 -0.228193
vt 0.875000 -0.228193
vt 0.937500 -0.229997
vt 0.937500 -0.233896
vt 0.906250 -0.233896
vt 0.968750 -0.229939
vt 0.968750 -0.228190
vt 0.937500 -0.228193
vt 1.000000 -0.229648
vt 1.000000 -0.231141
vt 0.968750 -0.233667
vt 0.031250 -0.226629
vt 0.000000 -0.226777
vt 0.031250 -0.224057
vt 0.000000 -0.225400
vt 0.062500 -0.226599
vt 0.093750 -0.226599
vt 0.093750 -0.223935
vt 0.062500 -0.223935
vt 0.125000 -0.226599
vt 0.156250 -0.226599
vt 0.156250 -0.223935
vt 0.125000 -0.223935
vt 0.187500 -0.226599
vt 0.218750 -0.226599
vt 0.218750 -0.223935
vt 0.187500 -0.223935
vt 0.250000 -0.226599
vt 0.281250 -0.226599
vt 0.281250 -0.223935
vt 0.250000 -0.223935
vt 0.312500 -0.226599
vt 0.343750 -0.226599
vt 0.343750 -0.223935
vt 0.312500 -0.223935
vt 0.375000 -0.226599
vt 0.406250 -0.226599
vt 0.406250 -0.223935
vt 0.375000 -0.223935
vt 0.437500 -0.226599
vt 0.468750 -0.226599
vt 0.468750 -0.223935
vt 0.437500 -0.223935
vt 0.500000 -0.226599
vt 0.531250 -0.226599
vt 0.531250 -0.223935
vt 0.500000 -0.223935
vt 0.562500 -0.226599
vt 0.593750 -0.226599
vt 0.593750 -0.223935
vt 0.562500 -0.223935
vt 0.625000 -0.226599
vt 0.656250 -0.226599
vt 0.656250 -0.223935
vt 0.625000 -0.223935
vt 0.687500 -0.226599
vt 0.718750 -0.226599
vt 0.718750 -0.223935
vt 0.687500 -0.223935
vt 0.750000 -0.226599
vt 0.781250 -0.226599
vt 0.781250 -0.223935
vt 0.750000 -0.223935
vt 0.812500 -0.226599
vt 0.843750 -0.226599
vt 0.843750 -0.223935
vt 0.812500 -0.223935
vt 0.875000 -0.226599
vt 0.906250 -0.226599
vt 0.906250 -0.223935
vt 0.875000 -0.223935
vt 0.937500 -0.226599
vt 0.968750 -0.226629
vt 0.968750 -0.224057
vt 0.937500 -0.223935
vt 1.000000 -0.226777
vt 1.000000 -0.228155
vt 0.031250 -0.219334
vt 0.000000 -0.219628
vt 0.031250 -0.212614
vt 0.000000 -0.213855
vt 0.062500 -0.219275
vt 0.093750 -0.219275
vt 0.093750 -0.212501
vt 0.062500 -0.212501
vt 0.125000 -0.219275
vt 0.156250 -0.219275
vt 0.156250 -0.212501
vt 0.125000 -0.212501
vt 0.187500 -0.219275
vt 0.218750 -0.219275
vt 0.218750 -0.212501
vt 0.187500 -0.212501
vt 0.250000 -0.219275
vt 0.281250 -0.219275
vt 0.281250 -0.212501
vt 0.250000 -0.212501
vt 0.312500 -0.219275
vt 0.343750 -0.219275
vt 0.343750 -0.212501
vt 0.312500 -0.212501
vt 0.375000 -0.219275
vt 0.406250 -0.219275
vt 0.406250 -0.212501
vt 0.375000 -0.212501
vt 0.437500 -0.219275
vt 0.468750 -0.219275
vt 0.468750 -0.212501
vt 0.437500 -0.212501
vt 0.500000 -0.219275
vt 0.531250 -0.219275
vt 0.531250 -0.212501
vt 0.500000 -0.212501
vt 0.562500 -0.219275
vt 0.593750 -0.219275
vt 0.593750 -0.212501
vt 0.562500 -0.212501
vt 0.625000 -0.219275
vt 0.656250 -0.219275
vt 0.656250 -0.212501
vt 0.625000 -0.212501
vt 0.687500 -0.219275
vt 0.718750 -0.219275
vt 0.718750 -0.212501
vt 0.687500 -0.212501
vt 0.750000 -0.219275
vt 0.781250 -0.219275
vt 0.781250 -0.212501
vt 0.750000 -0.212501
vt 0.812500 -0.219275
vt 0.843750 -0.219275
vt 0.843750 -0.212501
vt 0.812500 -0.212501
vt 0.875000 -0.219275
vt 0.906250 -0.219275
vt 0.906250 -0.212501
vt 0.875000 -0.212501
vt 0.937500 -0.219275
vt 0.968750 -0.219334
vt 0.968750 -0.212614
vt 0.937500 -0.212501
vt 1.000000 -0.219628
vt 1.000000 -0.225400
vt 0.031250 -0.204133
vt 0.000000 -0.204021
vt 0.031250 -0.196413
vt 0.000000 -0.194187
vt 0.062500 -0.196615
vt 0.062500 -0.204156
vt 0.093750 -0.204156
vt 0.093750 -0.196615
vt 0.125000 -0.196615
vt 0.125000 -0.204156
vt 0.156250 -0.204156
vt 0.156250 -0.196615
vt 0.187500 -0.196615
vt 0.187500 -0.204156
vt 0.218750 -0.204156
vt 0.218750 -0.196615
vt 0.250000 -0.196615
vt 0.250000 -0.204156
vt 0.281250 -0.204156
vt 0.281250 -0.196615
vt 0.312500 -0.196615
vt 0.312500 -0.204156
vt 0.343750 -0.204156
vt 0.343750 -0.196615
vt 0.375000 -0.196615
vt 0.375000 -0.204156
vt 0.406250 -0.204156
vt 0.406250 -0.196615
vt 0.437500 -0.196615
vt 0.437500 -0.204156
vt 0.468750 -0.204156
vt 0.468750 -0.196615
vt 0.500000 -0.196615
vt 0.500000 -0.204156
vt 0.531250 -0.204156
vt 0.531250 -0.196615
vt 0.562500 -0.196615
vt 0.562500 -0.204156
vt 0.593750 -0.204156
vt 0.593750 -0.196615
vt 0.625000 -0.196615
vt 0.625000 -0.204156
vt 0.656250 -0.204156
vt 0.656250 -0.196615
vt 0.687500 -0.196615
vt 0.687500 -0.204156
vt 0.718750 -0.204156
vt 0.718750 -0.196615
vt 0.750000 -0.196615
vt 0.750000 -0.204156
vt 0.781250 -0.204156
vt 0.781250 -0.196615
vt 0.812500 -0.196615
vt 0.812500 -0.204156
vt 0.843750 -0.204156
vt 0.843750 -0.196615
vt 0.875000 -0.196615
vt 0.875000 -0.204156
vt 0.906250 -0.204156
vt 0.906250 -0.196615
vt 0.937500 -0.196615
vt 0.937500 -0.204156
vt 0.968750 -0.204133
vt 0.968750 -0.196413
vt 1.000000 -0.194187
vt 1.000000 -0.204021
vt 0.000000 -0.189086
vt 0.031250 -0.188349
vt 0.000000 -0.188334
vt 0.031250 -0.187162
vt 0.000000 -0.187583
vt 0.062500 -0.187124
vt 0.031250 -0.189636
vt 0.062500 -0.188352
vt 0.062500 -0.189686
vt 0.093750 -0.188352
vt 0.093750 -0.187124
vt 0.125000 -0.187124
vt 0.093750 -0.189686
vt 0.125000 -0.188352
vt 0.125000 -0.189686
vt 0.156250 -0.188352
vt 0.156250 -0.187124
vt 0.187500 -0.187124
vt 0.156250 -0.189686
vt 0.187500 -0.188352
vt 0.187500 -0.189686
vt 0.218750 -0.188352
vt 0.218750 -0.187124
vt 0.250000 -0.187124
vt 0.218750 -0.189686
vt 0.250000 -0.188352
vt 0.250000 -0.189686
vt 0.281250 -0.188352
vt 0.281250 -0.187124
vt 0.312500 -0.187124
vt 0.281250 -0.189686
vt 0.312500 -0.188352
vt 0.312500 -0.189686
vt 0.343750 -0.188352
vt 0.343750 -0.187124
vt 0.375000 -0.187124
vt 0.343750 -0.189686
vt 0.375000 -0.188352
vt 0.375000 -0.189686
vt 0.406250 -0.188352
vt 0.406250 -0.187124
vt 0.437500 -0.187124
vt 0.406250 -0.189686
vt 0.437500 -0.188352
vt 0.437500 -0.189686
vt 0.468750 -0.188352
vt 0.468750 -0.187124
vt 0.500000 -0.187124
vt 0.468750 -0.189686
vt 0.500000 -0.188352
vt 0.500000 -0.189686
vt 0.531250 -0.188352
vt 0.531250 -0.187124
vt 0.562500 -0.187124
vt 0.531250 -0.189686
vt 0.562500 -0.188352
vt 0.562500 -0.189686
vt 0.593750 -0.188352
vt 0.593750 -0.187124
vt 0.625000 -0.187124
vt 0.593750 -0.189686
vt 0.625000 -0.188352
vt 0.625000 -0.189686
vt 0.656250 -0.188352
vt 0.656250 -0.187124
vt 0.687500 -0.187124
vt 0.656250 -0.189686
vt 0.687500 -0.188352
vt 0.687500 -0.189686
vt 0.718750 -0.188352
vt 0.718750 -0.187124
vt 0.750000 -0.187124
vt 0.718750 -0.189686
vt 0.750000 -0.188352
vt 0.750000 -0.189686
vt 0.781250 -0.188352
vt 0.781250 -0.187124
vt 0.812500 -0.187124
vt 0.781250 -0.189686
vt 0.812500 -0.188352
vt 0.812500 -0.189686
vt 0.843750 -0.188352
vt 0.843750 -0.187124
vt 0.875000 -0.187124
vt 0.843750 -0.189686
vt 0.875000 -0.188352
vt 0.875000 -0.189686
vt 0.906250 -0.188352
vt 0.906250 -0.187124
vt 0.937500 -0.187124
vt 0.906250 -0.189686
vt 0.937500 -0.188352
vt 0.937500 -0.189686
vt 0.968750 -0.188349
vt 0.968750 -0.187162
vt 1.000000 -0.187583
vt 0.968750 -0.189636
vt 1.000000 -0.188334
vt 0.000000 -0.185454
vt 0.031250 -0.185459
vt 0.000000 -0.183325
vt 0.062500 -0.185460
vt 0.031250 -0.183792
vt 0.093750 -0.185460
vt 0.062500 -0.183834
vt 0.125000 -0.185460
vt 0.093750 -0.183834
vt 0.156250 -0.185460
vt 0.125000 -0.183834
vt 0.187500 -0.185460
vt 0.156250 -0.183834
vt 0.218750 -0.185460
vt 0.187500 -0.183834
vt 0.250000 -0.185460
vt 0.218750 -0.183834
vt 0.281250 -0.185460
vt 0.250000 -0.183834
vt 0.312500 -0.185460
vt 0.281250 -0.183834
vt 0.343750 -0.185460
vt 0.312500 -0.183834
vt 0.375000 -0.185460
vt 0.343750 -0.183834
vt 0.406250 -0.185460
vt 0.375000 -0.183834
vt 0.437500 -0.185460
vt 0.406250 -0.183834
vt 0.468750 -0.185460
vt 0.437500 -0.183834
vt 0.500000 -0.185460
vt 0.468750 -0.183834
vt 0.531250 -0.185460
vt 0.500000 -0.183834
vt 0.562500 -0.185460
vt 0.531250 -0.183834
vt 0.593750 -0.185460
vt 0.562500 -0.183834
vt 0.625000 -0.185460
vt 0.593750 -0.183834
vt 0.656250 -0.185460
vt 0.625000 -0.183834
vt 0.687500 -0.185460
vt 0.656250 -0.183834
vt 0.718750 -0.185460
vt 0.687500 -0.183834
vt 0.750000 -0.185460
vt 0.718750 -0.183834
vt 0.781250 -0.185460
vt 0.750000 -0.183834
vt 0.812500 -0.185460
vt 0.781250 -0.183834
vt 0.843750 -0.185460
vt 0.812500 -0.183834
vt 0.875000 -0.185460
vt 0.843750 -0.183834
vt 0.906250 -0.185460
vt 0.875000 -0.183834
vt 0.937500 -0.185460
vt 0.906250 -0.183834
vt 0.968750 -0.185459
vt 0.937500 -0.183834
vt 1.000000 -0.185454
vt 0.968750 -0.183792
vt 0.000000 -0.182122
vt 0.031250 -0.178970
vt 0.000000 -0.179078
vt 0.031250 -0.175827
vt 0.000000 -0.176034
vt 0.062500 -0.175808
vt 0.031250 -0.181376
vt 0.062500 -0.178948
vt 0.062500 -0.181308
vt 0.093750 -0.178948
vt 0.093750 -0.175808
vt 0.125000 -0.175808
vt 0.093750 -0.181308
vt 0.125000 -0.178948
vt 0.125000 -0.181308
vt 0.156250 -0.178948
vt 0.156250 -0.175808
vt 0.187500 -0.175808
vt 0.156250 -0.181308
vt 0.187500 -0.178948
vt 0.187500 -0.181308
vt 0.218750 -0.178948
vt 0.218750 -0.175808
vt 0.250000 -0.175808
vt 0.218750 -0.181308
vt 0.250000 -0.178948
vt 0.250000 -0.181308
vt 0.281250 -0.178948
vt 0.281250 -0.175808
vt 0.312500 -0.175808
vt 0.281250 -0.181308
vt 0.312500 -0.178948
vt 0.312500 -0.181308
vt 0.343750 -0.178948
vt 0.343750 -0.175808
vt 0.375000 -0.175808
vt 0.343750 -0.181308
vt 0.375000 -0.178948
vt 0.375000 -0.181308
vt 0.406250 -0.178948
vt 0.406250 -0.175808
vt 0.437500 -0.175808
vt 0.406250 -0.181308
vt 0.437500 -0.178948
vt 0.437500 -0.181308
vt 0.468750 -0.178948
vt 0.468750 -0.175808
vt 0.500000 -0.175808
vt 0.468750 -0.181308
vt 0.500000 -0.178948
vt 0.500000 -0.181308
vt 0.531250 -0.178948
vt 0.531250 -0.175808
vt 0.562500 -0.175808
vt 0.531250 -0.181308
vt 0.562500 -0.178948
vt 0.562500 -0.181308
vt 0.593750 -0.178948
vt 0.593750 -0.175808
vt 0.625000 -0.175808
vt 0.593750 -0.181308
vt 0.625000 -0.178948
vt 0.625000 -0.181308
vt 0.656250 -0.178948
vt 0.656250 -0.175808
vt 0.687500 -0.175808
vt 0.656250 -0.181308
vt 0.687500 -0.178948
vt 0.687500 -0.181308
vt 0.718750 -0.178948
vt 0.718750 -0.175808
vt 0.750000 -0.175808
vt 0.718750 -0.181308
vt 0.750000 -0.178948
vt 0.750000 -0.181308
vt 0.781250 -0.178948
vt 0.781250 -0.175808
vt 0.812500 -0.175808
vt 0.781250 -0.181308
vt 0.812500 -0.178948
vt 0.812500 -0.181308
vt 0.843750 -0.178948
vt 0.843750 -0.175808
vt 0.875000 -0.175808
vt 0.843750 -0.181308
vt 0.875000 -0.178948
vt 0.875000 -0.181308
vt 0.906250 -0.178948
vt 0.906250 -0.175808
vt 0.937500 -0.175808
vt 0.906250 -0.181308
vt 0.937500 -0.178948
vt 0.937500 -0.181308
vt 0.968750 -0.178970
vt 0.968750 -0.175827
vt 1.000000 -0.176034
vt 0.968750 -0.181376
vt 1.000000 -0.179078
vt 0.000000 -0.172313
vt 0.031250 -0.172254
vt 0.000000 -0.168591
vt 0.062500 -0.172242
vt 0.031250 -0.168284
vt 0.093750 -0.172242
vt 0.062500 -0.168256
vt 0.125000 -0.172242
vt 0.093750 -0.168256
vt 0.156250 -0.172242
vt 0.125000 -0.168256
vt 0.187500 -0.172242
vt 0.156250 -0.168256
vt 0.218750 -0.172242
vt 0.187500 -0.168256
vt 0.250000 -0.172242
vt 0.218750 -0.168256
vt 0.281250 -0.172242
vt 0.250000 -0.168256
vt 0.312500 -0.172242
vt 0.281250 -0.168256
vt 0.343750 -0.172242
vt 0.312500 -0.168256
vt 0.375000 -0.172242
vt 0.343750 -0.168256
vt 0.406250 -0.172242
vt 0.375000 -0.168256
vt 0.437500 -0.172242
vt 0.406250 -0.168256
vt 0.468750 -0.172242
vt 0.437500 -0.168256
vt 0.500000 -0.172242
vt 0.468750 -0.168256
vt 0.531250 -0.172242
vt 0.500000 -0.168256
vt 0.562500 -0.172242
vt 0.531250 -0.168256
vt 0.593750 -0.172242
vt 0.562500 -0.168256
vt 0.625000 -0.172242
vt 0.593750 -0.168256
vt 0.656250 -0.172242
vt 0.625000 -0.168256
vt 0.687500 -0.172242
vt 0.656250 -0.168256
vt 0.718750 -0.172242
vt 0.687500 -0.168256
vt 0.750000 -0.172242
vt 0.718750 -0.168256
vt 0.781250 -0.172242
vt 0.750000 -0.168256
vt 0.812500 -0.172242
vt 0.781250 -0.168256
vt 0.843750 -0.172242
vt 0.812500 -0.168256
vt 0.875000 -0.172242
vt 0.843750 -0.168256
vt 0.906250 -0.172242
vt 0.875000 -0.168256
vt 0.937500 -0.172242
vt 0.906250 -0.168256
vt 0.968750 -0.172254
vt 0.937500 -0.168256
vt 1.000000 -0.172313
vt 0.968750 -0.168284
vt 0.000000 -0.163863
vt 0.031250 -0.158724
vt 0.000000 -0.159134
vt 0.062500 -0.163765
vt 0.031250 -0.163781
vt 0.093750 -0.158687
vt 0.062500 -0.158687
vt 0.125000 -0.163765
vt 0.093750 -0.163765
vt 0.156250 -0.158687
vt 0.125000 -0.158687
vt 0.187500 -0.163765
vt 0.156250 -0.163765
vt 0.218750 -0.158687
vt 0.187500 -0.158687
vt 0.250000 -0.163765
vt 0.218750 -0.163765
vt 0.281250 -0.158687
vt 0.250000 -0.158687
vt 0.312500 -0.163765
vt 0.281250 -0.163765
vt 0.343750 -0.158687
vt 0.312500 -0.158687
vt 0.375000 -0.163765
vt 0.343750 -0.163765
vt 0.406250 -0.158687
vt 0.375000 -0.158687
vt 0.437500 -0.163765
vt 0.406250 -0.163765
vt 0.468750 -0.158687
vt 0.437500 -0.158687
vt 0.500000 -0.163765
vt 0.468750 -0.163765
vt 0.531250 -0.158687
vt 0.500000 -0.158687
vt 0.562500 -0.163765
vt 0.531250 -0.163765
vt 0.593750 -0.158687
vt 0.562500 -0.158687
vt 0.625000 -0.163765
vt 0.593750 -0.163765
vt 0.656250 -0.158687
vt 0.625000 -0.158687
vt 0.687500 -0.163765
vt 0.656250 -0.163765
vt 0.718750 -0.158687
vt 0.687500 -0.158687
vt 0.750000 -0.163765
vt 0.718750 -0.163765
vt 0.781250 -0.158687
vt 0.750000 -0.158687
vt 0.812500 -0.163765
vt 0.781250 -0.163765
vt 0.843750 -0.158687
vt 0.812500 -0.158687
vt 0.875000 -0.163765
vt 0.843750 -0.163765
vt 0.906250 -0.158687
vt 0.875000 -0.158687
vt 0.937500 -0.163765
vt 0.906250 -0.163765
vt 0.968750 -0.158724
vt 0.937500 -0.158687
vt 1.000000 -0.163863
vt 0.968750 -0.163781
vt 1.000000 -0.168591
vt 0.031250 -0.152957
vt 0.000000 -0.153065
vt 0.031250 -0.146449
vt 0.000000 -0.146997
vt 0.062500 -0.152935
vt 0.093750 -0.152935
vt 0.093750 -0.146400
vt 0.062500 -0.146400
vt 0.125000 -0.152935
vt 0.156250 -0.152935
vt 0.156250 -0.146400
vt 0.125000 -0.146400
vt 0.187500 -0.152935
vt 0.218750 -0.152935
vt 0.218750 -0.146400
vt 0.187500 -0.146400
vt 0.250000 -0.152935
vt 0.281250 -0.152935
vt 0.281250 -0.146400
vt 0.250000 -0.146400
vt 0.312500 -0.152935
vt 0.343750 -0.152935
vt 0.343750 -0.146400
vt 0.312500 -0.146400
vt 0.375000 -0.152935
vt 0.406250 -0.152935
vt 0.406250 -0.146400
vt 0.375000 -0.146400
vt 0.437500 -0.152935
vt 0.468750 -0.152935
vt 0.468750 -0.146400
vt 0.437500 -0.146400
vt 0.500000 -0.152935
vt 0.531250 -0.152935
vt 0.531250 -0.146400
vt 0.500000 -0.146400
vt 0.562500 -0.152935
vt 0.593750 -0.152935
vt 0.593750 -0.146400
vt 0.562500 -0.146400
vt 0.625000 -0.152935
vt 0.656250 -0.152935
vt 0.656250 -0.146400
vt 0.625000 -0.146400
vt 0.687500 -0.152935
vt 0.718750 -0.152935
vt 0.718750 -0.146400
vt 0.687500 -0.146400
vt 0.750000 -0.152935
vt 0.781250 -0.152935
vt 0.781250 -0.146400
vt 0.750000 -0.146400
vt 0.812500 -0.152935
vt 0.843750 -0.152935
vt 0.843750 -0.146400
vt 0.812500 -0.146400
vt 0.875000 -0.152935
vt 0.906250 -0.152935
vt 0.906250 -0.146400
vt 0.875000 -0.146400
vt 0.937500 -0.152935
vt 0.968750 -0.152957
vt 0.968750 -0.146449
vt 0.937500 -0.146400
vt 1.000000 -0.153065
vt 1.000000 -0.159134
vt 0.031250 -0.139094
vt 0.000000 -0.139137
vt 0.031250 -0.131451
vt 0.000000 -0.131276
vt 0.062500 -0.139086
vt 0.093750 -0.139086
vt 0.093750 -0.131467
vt 0.062500 -0.131467
vt 0.125000 -0.139086
vt 0.156250 -0.139086
vt 0.156250 -0.131467
vt 0.125000 -0.131467
vt 0.187500 -0.139086
vt 0.218750 -0.139086
vt 0.218750 -0.131467
vt 0.187500 -0.131467
vt 0.250000 -0.139086
vt 0.281250 -0.139086
vt 0.281250 -0.131467
vt 0.250000 -0.131467
vt 0.312500 -0.139086
vt 0.343750 -0.139086
vt 0.343750 -0.131467
vt 0.312500 -0.131467
vt 0.375000 -0.139086
vt 0.406250 -0.139086
vt 0.406250 -0.131467
vt 0.375000 -0.131467
vt 0.437500 -0.139086
vt 0.468750 -0.139086
vt 0.468750 -0.131467
vt 0.437500 -0.131467
vt 0.500000 -0.139086
vt 0.531250 -0.139086
vt 0.531250 -0.131467
vt 0.500000 -0.131467
vt 0.562500 -0.139086
vt 0.593750 -0.139086
vt 0.593750 -0.131467
vt 0.562500 -0.131467
vt 0.625000 -0.139086
vt 0.656250 -0.139086
vt 0.656250 -0.131467
vt 0.625000 -0.131467
vt 0.687500 -0.139086
vt 0.718750 -0.139086
vt 0.718750 -0.131467
vt 0.687500 -0.131467
vt 0.750000 -0.139086
vt 0.781250 -0.139086
vt 0.781250 -0.131467
vt 0.750000 -0.131467
vt 0.812500 -0.139086
vt 0.843750 -0.139086
vt 0.843750 -0.131467
vt 0.812500 -0.131467
vt 0.875000 -0.139086
vt 0.906250 -0.139086
vt 0.906250 -0.131467
vt 0.875000 -0.131467
vt 0.937500 -0.139086
vt 0.968750 -0.139094
vt 0.968750 -0.131451
vt 0.937500 -0.131467
vt 1.000000 -0.139137
vt 1.000000 -0.146997
vt 0.031250 -0.123991
vt 0.000000 -0.123988
vt 0.031250 -0.116551
vt 0.000000 -0.116699
vt 0.062500 -0.123991
vt 0.093750 -0.123991
vt 0.062500 -0.116538
vt 0.125000 -0.116538
vt 0.093750 -0.116538
vt 0.156250 -0.123991
vt 0.125000 -0.123991
vt 0.187500 -0.123991
vt 0.156250 -0.116538
vt 0.218750 -0.123991
vt 0.187500 -0.116538
vt 0.250000 -0.123991
vt 0.218750 -0.116538
vt 0.281250 -0.123991
vt 0.281250 -0.116538
vt 0.250000 -0.116538
vt 0.312500 -0.123991
vt 0.343750 -0.123991
vt 0.312500 -0.116538
vt 0.375000 -0.116538
vt 0.343750 -0.116538
vt 0.406250 -0.123991
vt 0.375000 -0.123991
vt 0.437500 -0.116538
vt 0.406250 -0.116538
vt 0.468750 -0.123991
vt 0.437500 -0.123991
vt 0.468750 -0.116538
vt 0.500000 -0.123991
vt 0.531250 -0.123991
vt 0.531250 -0.116538
vt 0.500000 -0.116538
vt 0.562500 -0.116538
vt 0.593750 -0.123991
vt 0.562500 -0.123991
vt 0.593750 -0.116538
vt 0.625000 -0.116538
vt 0.656250 -0.123991
vt 0.625000 -0.123991
vt 0.656250 -0.116538
vt 0.687500 -0.116538
vt 0.718750 -0.123991
vt 0.687500 -0.123991
vt 0.750000 -0.123991
vt 0.718750 -0.116538
vt 0.781250 -0.123991
vt 0.781250 -0.116538
vt 0.750000 -0.116538
vt 0.812500 -0.116538
vt 0.843750 -0.123991
vt 0.812500 -0.123991
vt 0.875000 -0.123991
vt 0.843750 -0.116538
vt 0.906250 -0.123991
vt 0.875000 -0.116538
vt 0.937500 -0.123991
vt 0.906250 -0.116538
vt 0.968750 -0.123991
vt 0.937500 -0.116538
vt 1.000000 -0.123988
vt 0.968750 -0.116551
vt 1.000000 -0.131276
vt 0.031250 -0.102934
vt 0.000000 -0.099207
vt 0.000000 -0.101154
vt 0.031250 -0.099366
vt 0.000000 -0.097260
vt 0.062500 -0.096847
vt 0.031250 -0.096882
vt 0.062500 -0.099398
vt 0.093750 -0.103096
vt 0.062500 -0.103096
vt 0.093750 -0.099398
vt 0.125000 -0.096847
vt 0.093750 -0.096847
vt 0.125000 -0.099398
vt 0.156250 -0.103096
vt 0.125000 -0.103096
vt 0.156250 -0.099398
vt 0.187500 -0.096847
vt 0.156250 -0.096847
vt 0.187500 -0.099398
vt 0.218750 -0.103096
vt 0.187500 -0.103096
vt 0.218750 -0.099398
vt 0.250000 -0.096847
vt 0.218750 -0.096847
vt 0.250000 -0.099398
vt 0.281250 -0.103096
vt 0.250000 -0.103096
vt 0.281250 -0.099398
vt 0.312500 -0.096847
vt 0.281250 -0.096847
vt 0.312500 -0.099398
vt 0.343750 -0.103096
vt 0.312500 -0.103096
vt 0.343750 -0.099398
vt 0.375000 -0.096847
vt 0.343750 -0.096847
vt 0.375000 -0.099398
vt 0.406250 -0.103096
vt 0.375000 -0.103096
vt 0.406250 -0.099398
vt 0.437500 -0.096847
vt 0.406250 -0.096847
vt 0.437500 -0.099398
vt 0.468750 -0.103096
vt 0.437500 -0.103096
vt 0.468750 -0.099398
vt 0.500000 -0.096847
vt 0.468750 -0.096847
vt 0.500000 -0.099398
vt 0.531250 -0.103096
vt 0.500000 -0.103096
vt 0.531250 -0.099398
vt 0.562500 -0.096847
vt 0.531250 -0.096847
vt 0.562500 -0.099398
vt 0.593750 -0.103096
vt 0.562500 -0.103096
vt 0.593750 -0.099398
vt 0.625000 -0.096847
vt 0.593750 -0.096847
vt 0.625000 -0.099398
vt 0.656250 -0.103096
vt 0.625000 -0.103096
vt 0.656250 -0.099398
vt 0.687500 -0.096847
vt 0.656250 -0.096847
vt 0.687500 -0.099398
vt 0.718750 -0.103096
vt 0.687500 -0.103096
vt 0.718750 -0.099398
vt 0.750000 -0.096847
vt 0.718750 -0.096847
vt 0.750000 -0.099398
vt 0.781250 -0.103096
vt 0.750000 -0.103096
vt 0.781250 -0.099398
vt 0.812500 -0.096847
vt 0.781250 -0.096847
vt 0.812500 -0.099398
vt 0.843750 -0.103096
vt 0.812500 -0.103096
vt 0.843750 -0.099398
vt 0.875000 -0.096847
vt 0.843750 -0.096847
vt 0.875000 -0.099398
vt 0.906250 -0.103096
vt 0.875000 -0.103096
vt 0.906250 -0.099398
vt 0.937500 -0.096847
vt 0.906250 -0.096847
vt 0.937500 -0.099398
vt 0.968750 -0.102934
vt 0.937500 -0.103096
vt 0.968750 -0.099366
vt 1.000000 -0.097260
vt 0.968750 -0.096882
vt 1.000000 -0.099207
vt 0.000000 -0.078260
vt 0.031250 -0.068727
vt 0.000000 -0.069192
vt 0.031250 -0.056879
vt 0.000000 -0.060123
vt 0.062500 -0.068635
vt 0.062500 -0.077343
vt 0.031250 -0.077419
vt 0.093750 -0.068635
vt 0.093750 -0.056584
vt 0.062500 -0.056584
vt 0.125000 -0.068635
vt 0.125000 -0.077343
vt 0.093750 -0.077343
vt 0.156250 -0.068635
vt 0.156250 -0.056584
vt 0.125000 -0.056584
vt 0.187500 -0.068635
vt 0.187500 -0.077343
vt 0.156250 -0.077343
vt 0.218750 -0.068635
vt 0.218750 -0.056584
vt 0.187500 -0.056584
vt 0.250000 -0.068635
vt 0.250000 -0.077343
vt 0.218750 -0.077343
vt 0.281250 -0.068635
vt 0.281250 -0.056584
vt 0.250000 -0.056584
vt 0.312500 -0.068635
vt 0.312500 -0.077343
vt 0.281250 -0.077343
vt 0.343750 -0.068635
vt 0.343750 -0.056584
vt 0.312500 -0.056584
vt 0.375000 -0.068635
vt 0.375000 -0.077343
vt 0.343750 -0.077343
vt 0.406250 -0.068635
vt 0.406250 -0.056584
vt 0.375000 -0.056584
vt 0.437500 -0.068635
vt 0.437500 -0.077343
vt 0.406250 -0.077343
vt 0.468750 -0.068635
vt 0.468750 -0.056584
vt 0.437500 -0.056584
vt 0.500000 -0.068635
vt 0.500000 -0.077343
vt 0.468750 -0.077343
vt 0.531250 -0.068635
vt 0.531250 -0.056584
vt 0.500000 -0.056584
vt 0.562500 -0.068635
vt 0.562500 -0.077343
vt 0.531250 -0.077343
vt 0.593750 -0.068635
vt 0.593750 -0.056584
vt 0.562500 -0.056584
vt 0.625000 -0.068635
vt 0.625000 -0.077343
vt 0.593750 -0.077343
vt 0.656250 -0.068635
vt 0.656250 -0.056584
vt 0.625000 -0.056584
vt 0.687500 -0.068635
vt 0.687500 -0.077343
vt 0.656250 -0.077343
vt 0.718750 -0.068635
vt 0.718750 -0.056584
vt 0.687500 -0.056584
vt 0.750000 -0.068635
vt 0.750000 -0.077343
vt 0.718750 -0.077343
vt 0.781250 -0.068635
vt 0.781250 -0.056584
vt 0.750000 -0.056584
vt 0.812500 -0.068635
vt 0.812500 -0.077343
vt 0.781250 -0.077343
vt 0.843750 -0.068635
vt 0.843750 -0.056584
vt 0.812500 -0.056584
vt 0.875000 -0.068635
vt 0.875000 -0.077343
vt 0.843750 -0.077343
vt 0.906250 -0.068635
vt 0.906250 -0.056584
vt 0.875000 -0.056584
vt 0.937500 -0.068635
vt 0.937500 -0.077343
vt 0.906250 -0.077343
vt 0.968750 -0.068727
vt 0.968750 -0.056879
vt 0.937500 -0.056584
vt 1.000000 -0.069192
vt 1.000000 -0.078260
vt 0.968750 -0.077419
vt 0.031250 -0.004663
vt 0.000000 0.000421
vt 0.000000 -0.002992
vt 0.031250 0.000231
vt 0.062500 0.000193
vt 0.093750 -0.004814
vt 0.062500 -0.004814
vt 0.093750 0.000193
vt 0.125000 0.000193
vt 0.156250 -0.004814
vt 0.125000 -0.004814
vt 0.156250 0.000193
vt 0.187500 0.000193
vt 0.218750 -0.004814
vt 0.187500 -0.004814
vt 0.218750 0.000193
vt 0.250000 0.000193
vt 0.281250 -0.004814
vt 0.250000 -0.004814
vt 0.281250 0.000193
vt 0.312500 0.000193
vt 0.343750 -0.004814
vt 0.312500 -0.004814
vt 0.343750 0.000193
vt 0.375000 0.000193
vt 0.406250 -0.004814
vt 0.375000 -0.004814
vt 0.406250 0.000193
vt 0.437500 0.000193
vt 0.468750 -0.004814
vt 0.437500 -0.004814
vt 0.468750 0.000193
vt 0.500000 0.000193
vt 0.531250 -0.004814
vt 0.500000 -0.004814
vt 0.531250 0.000193
vt 0.562500 0.000193
vt 0.593750 -0.004814
vt 0.562500 -0.004814
vt 0.593750 0.000193
vt 0.625000 0.000193
vt 0.656250 -0.004814
vt 0.625000 -0.004814
vt 0.656250 0.000193
vt 0.687500 0.000193
vt 0.718750 -0.004814
vt 0.687500 -0.004814
vt 0.718750 0.000193
vt 0.750000 0.000193
vt 0.781250 -0.004814
vt 0.750000 -0.004814
vt 0.781250 0.000193
vt 0.812500 0.000193
vt 0.843750 -0.004814
vt 0.812500 -0.004814
vt 0.843750 0.000193
vt 0.875000 0.000193
vt 0.906250 -0.004814
vt 0.875000 -0.004814
vt 0.906250 0.000193
vt 0.937500 0.000193
vt 0.968750 -0.004663
vt 0.937500 -0.004814
vt 0.968750 0.000231
vt 1.000000 0.003833
vt 1.000000 0.000421
vt 0.031250 -0.024054
vt 0.000000 -0.011872
vt 0.000000 -0.020752
vt 0.031250 -0.012437
vt 0.062500 -0.012550
vt 0.093750 -0.024354
vt 0.062500 -0.024354
vt 0.093750 -0.012550
vt 0.125000 -0.012550
vt 0.156250 -0.024354
vt 0.125000 -0.024354
vt 0.156250 -0.012550
vt 0.187500 -0.012550
vt 0.218750 -0.024354
vt 0.187500 -0.024354
vt 0.218750 -0.012550
vt 0.250000 -0.012550
vt 0.281250 -0.024354
vt 0.250000 -0.024354
vt 0.281250 -0.012550
vt 0.312500 -0.012550
vt 0.343750 -0.024354
vt 0.312500 -0.024354
vt 0.343750 -0.012550
vt 0.375000 -0.012550
vt 0.406250 -0.024354
vt 0.375000 -0.024354
vt 0.406250 -0.012550
vt 0.437500 -0.012550
vt 0.468750 -0.024354
vt 0.437500 -0.024354
vt 0.468750 -0.012550
vt 0.500000 -0.012550
vt 0.531250 -0.024354
vt 0.500000 -0.024354
vt 0.531250 -0.012550
vt 0.562500 -0.012550
vt 0.593750 -0.024354
vt 0.562500 -0.024354
vt 0.593750 -0.012550
vt 0.625000 -0.012550
vt 0.656250 -0.024354
vt 0.625000 -0.024354
vt 0.656250 -0.012550
vt 0.687500 -0.012550
vt 0.718750 -0.024354
vt 0.687500 -0.024354
vt 0.718750 -0.012550
vt 0.750000 -0.012550
vt 0.781250 -0.024354
vt 0.750000 -0.024354
vt 0.781250 -0.012550
vt 0.812500 -0.012550
vt 0.843750 -0.024354
vt 0.812500 -0.024354
vt 0.843750 -0.012550
vt 0.875000 -0.012550
vt 0.906250 -0.024354
vt 0.875000 -0.024354
vt 0.906250 -0.012550
vt 0.937500 -0.012550
vt 0.968750 -0.024054
vt 0.937500 -0.024354
vt 0.968750 -0.012437
vt 1.000000 -0.002992
vt 1.000000 -0.011872
vt 0.000000 -0.090892
vt 0.031250 -0.084372
vt 0.000000 -0.084576
vt 0.062500 -0.084331
vt 0.062500 -0.089848
vt 0.031250 -0.089935
vt 0.093750 -0.084331
vt 0.125000 -0.084331
vt 0.125000 -0.089848
vt 0.093750 -0.089848
vt 0.156250 -0.084331
vt 0.187500 -0.084331
vt 0.187500 -0.089848
vt 0.156250 -0.089848
vt 0.218750 -0.084331
vt 0.250000 -0.084331
vt 0.250000 -0.089848
vt 0.218750 -0.089848
vt 0.281250 -0.084331
vt 0.312500 -0.084331
vt 0.312500 -0.089848
vt 0.281250 -0.089848
vt 0.343750 -0.084331
vt 0.375000 -0.084331
vt 0.375000 -0.089848
vt 0.343750 -0.089848
vt 0.406250 -0.084331
vt 0.437500 -0.084331
vt 0.437500 -0.089848
vt 0.406250 -0.089848
vt 0.468750 -0.084331
vt 0.500000 -0.084331
vt 0.500000 -0.089848
vt 0.468750 -0.089848
vt 0.531250 -0.084331
vt 0.562500 -0.084331
vt 0.562500 -0.089848
vt 0.531250 -0.089848
vt 0.593750 -0.084331
vt 0.625000 -0.084331
vt 0.625000 -0.089848
vt 0.593750 -0.089848
vt 0.656250 -0.084331
vt 0.687500 -0.084331
vt 0.687500 -0.089848
vt 0.656250 -0.089848
vt 0.718750 -0.084331
vt 0.750000 -0.084331
vt 0.750000 -0.089848
vt 0.718750 -0.089848
vt 0.781250 -0.084331
vt 0.812500 -0.084331
vt 0.812500 -0.089848
vt 0.781250 -0.089848
vt 0.843750 -0.084331
vt 0.875000 -0.084331
vt 0.875000 -0.089848
vt 0.843750 -0.089848
vt 0.906250 -0.084331
vt 0.937500 -0.084331
vt 0.937500 -0.089848
vt 0.906250 -0.089848
vt 0.968750 -0.084372
vt 1.000000 -0.084576
vt 1.000000 -0.090892
vt 0.968750 -0.089935
vt 0.031250 -0.093924
vt 0.000000 -0.094076
vt 0.062500 -0.093894
vt 0.093750 -0.093894
vt 0.125000 -0.093894
vt 0.156250 -0.093894
vt 0.187500 -0.093894
vt 0.218750 -0.093894
vt 0.250000 -0.093894
vt 0.281250 -0.093894
vt 0.312500 -0.093894
vt 0.343750 -0.093894
vt 0.375000 -0.093894
vt 0.406250 -0.093894
vt 0.437500 -0.093894
vt 0.468750 -0.093894
vt 0.500000 -0.093894
vt 0.531250 -0.093894
vt 0.562500 -0.093894
vt 0.593750 -0.093894
vt 0.625000 -0.093894
vt 0.656250 -0.093894
vt 0.687500 -0.093894
vt 0.718750 -0.093894
vt 0.750000 -0.093894
vt 0.781250 -0.093894
vt 0.812500 -0.093894
vt 0.843750 -0.093894
vt 0.875000 -0.093894
vt 0.906250 -0.093894
vt 0.937500 -0.093894
vt 0.968750 -0.093924
vt 1.000000 -0.094076
vt 0.000000 -0.108926
vt 0.031250 -0.109112
vt 0.062500 -0.109149
vt 0.093750 -0.109149
vt 0.125000 -0.109149
vt 0.156250 -0.109149
vt 0.187500 -0.109149
vt 0.218750 -0.109149
vt 0.250000 -0.109149
vt 0.281250 -0.109149
vt 0.312500 -0.109149
vt 0.343750 -0.109149
vt 0.375000 -0.109149
vt 0.406250 -0.109149
vt 0.437500 -0.109149
vt 0.468750 -0.109149
vt 0.500000 -0.109149
vt 0.531250 -0.109149
vt 0.562500 -0.109149
vt 0.593750 -0.109149
vt 0.625000 -0.109149
vt 0.656250 -0.109149
vt 0.687500 -0.109149
vt 0.718750 -0.109149
vt 0.750000 -0.109149
vt 0.781250 -0.109149
vt 0.812500 -0.109149
vt 0.843750 -0.109149
vt 0.875000 -0.109149
vt 0.906250 -0.109149
vt 0.937500 -0.109149
vt 0.968750 -0.109112
vt 1.000000 -0.101154
vt 1.000000 -0.108926
vt 0.000000 -0.182724
vt 0.031250 -0.182692
vt 0.062500 -0.182685
vt 0.093750 -0.182685
vt 0.125000 -0.182685
vt 0.156250 -0.182685
vt 0.187500 -0.182685
vt 0.218750 -0.182685
vt 0.250000 -0.182685
vt 0.281250 -0.182685
vt 0.312500 -0.182685
vt 0.343750 -0.182685
vt 0.375000 -0.182685
vt 0.406250 -0.182685
vt 0.437500 -0.182685
vt 0.468750 -0.182685
vt 0.500000 -0.182685
vt 0.531250 -0.182685
vt 0.562500 -0.182685
vt 0.593750 -0.182685
vt 0.625000 -0.182685
vt 0.656250 -0.182685
vt 0.687500 -0.182685
vt 0.718750 -0.182685
vt 0.750000 -0.182685
vt 0.781250 -0.182685
vt 0.812500 -0.182685
vt 0.843750 -0.182685
vt 0.875000 -0.182685
vt 0.906250 -0.182685
vt 0.937500 -0.182685
vt 0.968750 -0.182692
vt 1.000000 -0.182122
vt 1.000000 -0.183325
vt 0.031250 -0.241444
vt 0.000000 -0.240900
vt 0.062500 -0.241553
vt 0.093750 -0.241553
vt 0.125000 -0.241553
vt 0.156250 -0.241553
vt 0.187500 -0.241553
vt 0.218750 -0.241553
vt 0.250000 -0.241553
vt 0.281250 -0.241553
vt 0.312500 -0.241553
vt 0.343750 -0.241553
vt 0.375000 -0.241553
vt 0.406250 -0.241553
vt 0.437500 -0.241553
vt 0.468750 -0.241553
vt 0.500000 -0.241553
vt 0.531250 -0.241553
vt 0.562500 -0.241553
vt 0.593750 -0.241553
vt 0.625000 -0.241553
vt 0.656250 -0.241553
vt 0.687500 -0.241553
vt 0.718750 -0.241553
vt 0.750000 -0.241553
vt 0.781250 -0.241553
vt 0.812500 -0.241553
vt 0.843750 -0.241553
vt 0.875000 -0.241553
vt 0.906250 -0.241553
vt 0.937500 -0.241553
vt 0.968750 -0.241444
vt 1.000000 -0.240900
vt 1.000000 -0.250658
vt 0.031250 -0.191952
vt 0.000000 -0.191636
vt 0.062500 -0.192015
vt 0.093750 -0.192015
vt 0.125000 -0.192015
vt 0.156250 -0.192015
vt 0.187500 -0.192015
vt 0.218750 -0.192015
vt 0.250000 -0.192015
vt 0.281250 -0.192015
vt 0.312500 -0.192015
vt 0.343750 -0.192015
vt 0.375000 -0.192015
vt 0.406250 -0.192015
vt 0.437500 -0.192015
vt 0.468750 -0.192015
vt 0.500000 -0.192015
vt 0.531250 -0.192015
vt 0.562500 -0.192015
vt 0.593750 -0.192015
vt 0.625000 -0.192015
vt 0.656250 -0.192015
vt 0.687500 -0.192015
vt 0.718750 -0.192015
vt 0.750000 -0.192015
vt 0.781250 -0.192015
vt 0.812500 -0.192015
vt 0.843750 -0.192015
vt 0.875000 -0.192015
vt 0.906250 -0.192015
vt 0.937500 -0.192015
vt 0.968750 -0.191952
vt 1.000000 -0.189086
vt 1.000000 -0.191636
vt 0.031250 -0.040444
vt 0.000000 -0.040438
vt 0.062500 -0.040445
vt 0.093750 -0.040445
vt 0.125000 -0.040445
vt 0.156250 -0.040445
vt 0.187500 -0.040445
vt 0.218750 -0.040445
vt 0.250000 -0.040445
vt 0.281250 -0.040445
vt 0.312500 -0.040445
vt 0.343750 -0.040445
vt 0.375000 -0.040445
vt 0.406250 -0.040445
vt 0.437500 -0.040445
vt 0.468750 -0.040445
vt 0.500000 -0.040445
vt 0.531250 -0.040445
vt 0.562500 -0.040445
vt 0.593750 -0.040445
vt 0.625000 -0.040445
vt 0.656250 -0.040445
vt 0.687500 -0.040445
vt 0.718750 -0.040445
vt 0.750000 -0.040445
vt 0.781250 -0.040445
vt 0.812500 -0.040445
vt 0.843750 -0.040445
vt 0.875000 -0.040445
vt 0.906250 -0.040445
vt 0.937500 -0.040445
vt 0.968750 -0.040444
vt 1.000000 -0.040438
vt 1.000000 -0.060123
vt 0.000000 -0.826706
vt 0.031250 -0.824233
vt 0.000000 -0.823981
vt 0.062500 -0.824284
vt 0.062500 -0.828683
vt 0.031250 -0.828518
vt 0.093750 -0.824284
vt 0.125000 -0.824284
vt 0.125000 -0.828683
vt 0.093750 -0.828683
vt 0.156250 -0.824284
vt 0.187500 -0.824284
vt 0.187500 -0.828683
vt 0.156250 -0.828683
vt 0.218750 -0.824284
vt 0.250000 -0.824284
vt 0.250000 -0.828683
vt 0.218750 -0.828683
vt 0.281250 -0.824284
vt 0.312500 -0.824284
vt 0.312500 -0.828683
vt 0.281250 -0.828683
vt 0.343750 -0.824284
vt 0.375000 -0.824284
vt 0.375000 -0.828683
vt 0.343750 -0.828683
vt 0.406250 -0.824284
vt 0.437500 -0.824284
vt 0.437500 -0.828683
vt 0.406250 -0.828683
vt 0.468750 -0.824284
vt 0.500000 -0.824284
vt 0.500000 -0.828683
vt 0.468750 -0.828683
vt 0.531250 -0.824284
vt 0.562500 -0.824284
vt 0.562500 -0.828683
vt 0.531250 -0.828683
vt 0.593750 -0.824284
vt 0.625000 -0.824284
vt 0.625000 -0.828683
vt 0.593750 -0.828683
vt 0.656250 -0.824284
vt 0.687500 -0.824284
vt 0.687500 -0.828683
vt 0.656250 -0.828683
vt 0.718750 -0.824284
vt 0.750000 -0.824284
vt 0.750000 -0.828683
vt 0.718750 -0.828683
vt 0.781250 -0.824284
vt 0.812500 -0.824284
vt 0.812500 -0.828683
vt 0.781250 -0.828683
vt 0.843750 -0.824284
vt 0.875000 -0.824284
vt 0.875000 -0.828683
vt 0.843750 -0.828683
vt 0.906250 -0.824284
vt 0.937500 -0.824284
vt 0.937500 -0.828683
vt 0.906250 -0.828683
vt 0.968750 -0.824233
vt 1.000000 -0.823981
vt 1.000000 -0.826706
vt 0.968750 -0.828518
vt 0.031250 -0.841873
vt 0.000000 -0.835360
vt 0.000000 -0.844013
vt 0.062500 -0.835315
vt 0.031250 -0.835323
vt 0.062500 -0.841678
vt 0.093750 -0.835315
vt 0.125000 -0.835315
vt 0.125000 -0.841678
vt 0.093750 -0.841678
vt 0.156250 -0.841678
vt 0.187500 -0.835315
vt 0.156250 -0.835315
vt 0.187500 -0.841678
vt 0.218750 -0.835315
vt 0.250000 -0.835315
vt 0.218750 -0.841678
vt 0.281250 -0.841678
vt 0.250000 -0.841678
vt 0.312500 -0.835315
vt 0.281250 -0.835315
vt 0.312500 -0.841678
vt 0.343750 -0.841678
vt 0.375000 -0.835315
vt 0.343750 -0.835315
vt 0.375000 -0.841678
vt 0.406250 -0.835315
vt 0.437500 -0.835315
vt 0.406250 -0.841678
vt 0.437500 -0.841678
vt 0.468750 -0.835315
vt 0.500000 -0.835315
vt 0.468750 -0.841678
vt 0.531250 -0.841678
vt 0.500000 -0.841678
vt 0.562500 -0.835315
vt 0.531250 -0.835315
vt 0.562500 -0.841678
vt 0.593750 -0.841678
vt 0.625000 -0.835315
vt 0.593750 -0.835315
vt 0.625000 -0.841678
vt 0.656250 -0.835315
vt 0.687500 -0.835315
vt 0.656250 -0.841678
vt 0.687500 -0.841678
vt 0.718750 -0.835315
vt 0.750000 -0.835315
vt 0.718750 -0.841678
vt 0.781250 -0.841678
vt 0.750000 -0.841678
vt 0.812500 -0.835315
vt 0.781250 -0.835315
vt 0.812500 -0.841678
vt 0.843750 -0.841678
vt 0.875000 -0.835315
vt 0.843750 -0.835315
vt 0.906250 -0.841678
vt 0.875000 -0.841678
vt 0.937500 -0.835315
vt 0.906250 -0.835315
vt 0.937500 -0.841678
vt 0.968750 -0.835322
vt 1.000000 -0.835360
vt 1.000000 -0.844013
vt 0.968750 -0.841873
vt 0.031250 -0.847834
vt 0.000000 -0.845660
vt 0.000000 -0.847307
vt 0.031250 -0.845477
vt 0.062500 -0.845440
vt 0.093750 -0.847882
vt 0.062500 -0.847882
vt 0.093750 -0.845440
vt 0.125000 -0.845440
vt 0.156250 -0.847882
vt 0.125000 -0.847882
vt 0.156250 -0.845440
vt 0.187500 -0.845440
vt 0.218750 -0.847882
vt 0.187500 -0.847882
vt 0.218750 -0.845440
vt 0.250000 -0.845440
vt 0.281250 -0.847882
vt 0.250000 -0.847882
vt 0.281250 -0.845440
vt 0.312500 -0.845440
vt 0.343750 -0.847882
vt 0.312500 -0.847882
vt 0.343750 -0.845440
vt 0.375000 -0.845440
vt 0.406250 -0.847882
vt 0.375000 -0.847882
vt 0.406250 -0.845440
vt 0.437500 -0.845440
vt 0.468750 -0.847882
vt 0.437500 -0.847882
vt 0.468750 -0.845440
vt 0.500000 -0.845440
vt 0.531250 -0.847882
vt 0.500000 -0.847882
vt 0.531250 -0.845440
vt 0.562500 -0.845440
vt 0.593750 -0.847882
vt 0.562500 -0.847882
vt 0.593750 -0.845440
vt 0.625000 -0.845440
vt 0.656250 -0.847882
vt 0.625000 -0.847882
vt 0.656250 -0.845440
vt 0.687500 -0.845440
vt 0.718750 -0.847882
vt 0.687500 -0.847882
vt 0.718750 -0.845440
vt 0.750000 -0.845440
vt 0.781250 -0.847882
vt 0.750000 -0.847882
vt 0.781250 -0.845440
vt 0.812500 -0.845440
vt 0.843750 -0.847882
vt 0.812500 -0.847882
vt 0.843750 -0.845440
vt 0.875000 -0.845440
vt 0.906250 -0.847882
vt 0.875000 -0.847882
vt 0.906250 -0.845440
vt 0.937500 -0.845440
vt 0.968750 -0.847834
vt 0.937500 -0.847882
vt 0.968750 -0.845477
vt 1.000000 -0.845660
vt 0.031250 -0.854801
vt 0.000000 -0.850678
vt 0.000000 -0.854050
vt 0.031250 -0.850824
vt 0.062500 -0.850853
vt 0.093750 -0.854869
vt 0.062500 -0.854869
vt 0.093750 -0.850853
vt 0.125000 -0.850853
vt 0.156250 -0.854869
vt 0.125000 -0.854869
vt 0.156250 -0.850853
vt 0.187500 -0.850853
vt 0.218750 -0.854869
vt 0.187500 -0.854869
vt 0.218750 -0.850853
vt 0.250000 -0.850853
vt 0.281250 -0.854869
vt 0.250000 -0.854869
vt 0.281250 -0.850853
vt 0.312500 -0.850853
vt 0.343750 -0.854869
vt 0.312500 -0.854869
vt 0.343750 -0.850853
vt 0.375000 -0.850853
vt 0.406250 -0.854869
vt 0.375000 -0.854869
vt 0.406250 -0.850853
vt 0.437500 -0.850853
vt 0.468750 -0.854869
vt 0.437500 -0.854869
vt 0.468750 -0.850853
vt 0.500000 -0.850853
vt 0.531250 -0.854869
vt 0.500000 -0.854869
vt 0.531250 -0.850853
vt 0.562500 -0.850853
vt 0.593750 -0.854869
vt 0.562500 -0.854869
vt 0.593750 -0.850853
vt 0.625000 -0.850853
vt 0.656250 -0.854869
vt 0.625000 -0.854869
vt 0.656250 -0.850853
vt 0.687500 -0.850853
vt 0.718750 -0.854869
vt 0.687500 -0.854869
vt 0.718750 -0.850853
vt 0.750000 -0.850853
vt 0.781250 -0.854869
vt 0.750000 -0.854869
vt 0.781250 -0.850853
vt 0.812500 -0.850853
vt 0.843750 -0.854869
vt 0.812500 -0.854869
vt 0.843750 -0.850853
vt 0.875000 -0.850853
vt 0.906250 -0.854869
vt 0.875000 -0.854869
vt 0.906250 -0.850853
vt 0.937500 -0.850853
vt 0.968750 -0.854801
vt 0.937500 -0.854869
vt 0.968750 -0.850824
vt 1.000000 -0.847307
vt 1.000000 -0.850678
vt 0.000000 -0.865708
vt 0.031250 -0.859939
vt 0.000000 -0.859879
vt 0.062500 -0.865465
vt 0.031250 -0.865485
vt 0.093750 -0.859951
vt 0.062500 -0.859951
vt 0.125000 -0.865465
vt 0.093750 -0.865465
vt 0.156250 -0.859951
vt 0.125000 -0.859951
vt 0.187500 -0.865465
vt 0.156250 -0.865465
vt 0.218750 -0.859951
vt 0.187500 -0.859951
vt 0.250000 -0.865465
vt 0.218750 -0.865465
vt 0.281250 -0.859951
vt 0.250000 -0.859951
vt 0.312500 -0.865465
vt 0.281250 -0.865465
vt 0.343750 -0.859951
vt 0.312500 -0.859951
vt 0.375000 -0.865465
vt 0.343750 -0.865465
vt 0.406250 -0.859951
vt 0.375000 -0.859951
vt 0.437500 -0.865465
vt 0.406250 -0.865465
vt 0.468750 -0.859951
vt 0.437500 -0.859951
vt 0.500000 -0.865465
vt 0.468750 -0.865465
vt 0.531250 -0.859951
vt 0.500000 -0.859951
vt 0.562500 -0.865465
vt 0.531250 -0.865465
vt 0.593750 -0.859951
vt 0.562500 -0.859951
vt 0.625000 -0.865465
vt 0.593750 -0.865465
vt 0.656250 -0.859951
vt 0.625000 -0.859951
vt 0.687500 -0.865465
vt 0.656250 -0.865465
vt 0.718750 -0.859951
vt 0.687500 -0.859951
vt 0.750000 -0.865465
vt 0.718750 -0.865465
vt 0.781250 -0.859951
vt 0.750000 -0.859951
vt 0.812500 -0.865465
vt 0.781250 -0.865465
vt 0.843750 -0.859951
vt 0.812500 -0.859951
vt 0.875000 -0.865465
vt 0.843750 -0.865465
vt 0.906250 -0.859951
vt 0.875000 -0.859951
vt 0.937500 -0.865465
vt 0.906250 -0.865465
vt 0.968750 -0.859939
vt 0.937500 -0.859951
vt 1.000000 -0.854050
vt 1.000000 -0.865708
vt 0.968750 -0.865485
vt 0.031250 -0.870722
vt 0.000000 -0.870808
vt 0.062500 -0.870704
vt 0.093750 -0.870704
vt 0.125000 -0.870704
vt 0.156250 -0.870704
vt 0.187500 -0.870704
vt 0.218750 -0.870704
vt 0.250000 -0.870704
vt 0.281250 -0.870704
vt 0.312500 -0.870704
vt 0.343750 -0.870704
vt 0.375000 -0.870704
vt 0.406250 -0.870704
vt 0.437500 -0.870704
vt 0.468750 -0.870704
vt 0.500000 -0.870704
vt 0.531250 -0.870704
vt 0.562500 -0.870704
vt 0.593750 -0.870704
vt 0.625000 -0.870704
vt 0.656250 -0.870704
vt 0.687500 -0.870704
vt 0.718750 -0.870704
vt 0.750000 -0.870704
vt 0.781250 -0.870704
vt 0.812500 -0.870704
vt 0.843750 -0.870704
vt 0.875000 -0.870704
vt 0.906250 -0.870704
vt 0.937500 -0.870704
vt 0.968750 -0.870722
vt 1.000000 -0.870808
vt 0.031250 -1.046702
vt 0.000000 -1.046545
vt 0.062500 -1.046733
vt 0.093750 -1.046733
vt 0.125000 -1.046733
vt 0.156250 -1.046733
vt 0.187500 -1.046733
vt 0.218750 -1.046733
vt 0.250000 -1.046733
vt 0.281250 -1.046733
vt 0.312500 -1.046733
vt 0.343750 -1.046733
vt 0.375000 -1.046733
vt 0.406250 -1.046733
vt 0.437500 -1.046733
vt 0.468750 -1.046733
vt 0.500000 -1.046733
vt 0.531250 -1.046733
vt 0.562500 -1.046733
vt 0.593750 -1.046733
vt 0.625000 -1.046733
vt 0.656250 -1.046733
vt 0.687500 -1.046733
vt 0.718750 -1.046733
vt 0.750000 -1.046733
vt 0.781250 -1.046733
vt 0.812500 -1.046733
vt 0.843750 -1.046733
vt 0.875000 -1.046733
vt 0.906250 -1.046733
vt 0.937500 -1.046733
vt 0.968750 -1.046702
vt 1.000000 -1.046545
vt 1.000000 -1.057144
vt 1.000000 -0.985116
vt 1.000000 -0.810042
vt 1.000000 -0.763242
vt 1.000000 -0.213855
vt 1.000000 -0.116699
vt 1.000000 -0.020752
vt 1.000000 -0.182724
vt 1.000000 -0.859879
vn 0.9801 0.0000 -0.1987
vn 0.0000 -1.0000 0.0000
vn 0.0001 0.0000 1.0000
vn 0.0000 1.0000 0.0000
vn 0.0000 -0.8213 0.5705
vn -0.9801 0.0000 -0.1987
vn -0.6804 -0.7197 -0.1380
vn -0.6803 0.7199 -0.1379
vn 0.6804 -0.7197 -0.1380
vn 0.6803 0.7199 -0.1379
vn 0.4959 0.5247 0.6919
vn 0.0000 0.8214 0.5704
vn 0.4958 -0.5247 0.6920
vn -0.4960 0.5247 0.6919
vn -0.4959 -0.5247 0.6919
vn -0.8114 0.0000 0.5844
vn 0.8115 0.0000 0.5844
vn 0.9801 0.0000 0.1987
vn 1.0000 0.0000 0.0000
vn 0.0000 -0.2456 -0.9694
vn -0.9801 0.0000 0.1987
vn -0.6804 -0.7197 0.1380
vn -0.6804 0.7198 0.1380
vn 0.6804 -0.7198 0.1380
vn 0.6803 0.7198 0.1379
vn 0.1241 0.1313 -0.9835
vn 0.0000 0.2456 -0.9694
vn 0.1241 -0.1313 -0.9835
vn -0.1241 0.1313 -0.9835
vn -0.1241 -0.1313 -0.9835
vn -0.2374 0.0000 -0.9714
vn 0.2374 0.0000 -0.9714
vn 0.1987 0.0000 0.9801
vn -1.0000 0.0000 0.0000
vn -0.5705 -0.8213 0.0000
vn 0.1987 0.0000 -0.9801
vn 0.1379 -0.7198 -0.6804
vn 0.1379 0.7198 -0.6803
vn 0.1380 -0.7197 0.6804
vn 0.1379 0.7199 0.6803
vn -0.6919 0.5247 0.4959
vn -0.5704 0.8214 0.0000
vn -0.6919 -0.5247 0.4959
vn -0.6919 0.5247 -0.4960
vn -0.6919 -0.5247 -0.4960
vn -0.5845 0.0000 -0.8114
vn -0.5843 0.0000 0.8115
vn -0.1987 0.0000 0.9801
vn 0.5705 -0.8213 0.0000
vn -0.1987 0.0000 -0.9801
vn -0.1380 -0.7198 -0.6804
vn -0.1379 0.7198 -0.6803
vn -0.1380 -0.7198 0.6804
vn -0.1379 0.7199 0.6803
vn 0.6919 0.5247 0.4959
vn 0.5704 0.8214 0.0000
vn 0.6918 -0.5247 0.4960
vn 0.6919 0.5247 -0.4959
vn 0.6919 -0.5247 -0.4960
vn 0.5845 0.0000 -0.8114
vn 0.5844 0.0000 0.8115
vn 0.0000 0.0000 -1.0000
vn -0.6869 -0.7268 0.0000
vn 0.6869 -0.7268 0.0000
vn -0.6867 0.7269 0.0000
vn 0.6867 0.7269 0.0000
vn -0.0001 0.0000 1.0000
vn 0.0000 0.0000 1.0000
vn -0.6804 -0.7198 -0.1380
vn -0.6803 0.7198 -0.1379
vn 0.6804 -0.7198 -0.1380
vn 0.4960 0.5247 0.6919
vn 0.4960 -0.5247 0.6919
vn -0.4958 0.5247 0.6920
vn -0.4960 -0.5247 0.6919
vn -0.8114 -0.0000 0.5845
vn -0.6804 -0.7198 0.1380
vn -0.6803 0.7198 0.1379
vn 0.6804 -0.7197 0.1380
vn 0.1240 0.1313 -0.9836
vn 0.1240 -0.1313 -0.9836
vn -0.1240 0.1313 -0.9836
vn -0.1240 -0.1313 -0.9836
vn -0.5704 -0.8213 0.0000
vn 0.1380 -0.7198 -0.6804
vn 0.1380 -0.7198 0.6804
vn -0.6919 0.5248 0.4960
vn -0.6918 -0.5247 0.4960
vn -0.5844 0.0000 -0.8115
vn -0.5844 0.0000 0.8115
vn -0.1380 -0.7197 0.6804
vn 0.6919 -0.5247 0.4959
vn 0.6919 0.5247 -0.4960
vn 0.5844 0.0000 -0.8114
vn -0.0001 0.0000 -1.0000
vn 0.0001 0.0000 -1.0000
vn 0.0375 -0.0075 -0.9993
vn -0.0125 0.0000 -0.9999
vn 0.0382 -0.0000 -0.9993
vn -0.0122 0.0024 -0.9999
vn -0.0029 -0.0000 1.0000
vn -0.0026 0.0011 1.0000
vn -0.0115 0.0048 -0.9999
vn 0.0318 -0.0212 -0.9993
vn 0.0353 -0.0146 -0.9993
vn -0.0104 0.0069 -0.9999
vn -0.0020 0.0020 1.0000
vn -0.0088 0.0088 -0.9999
vn 0.0212 -0.0318 -0.9993
vn 0.0270 -0.0270 -0.9993
vn -0.0069 0.0104 -0.9999
vn -0.0011 0.0026 1.0000
vn -0.0048 0.0115 -0.9999
vn 0.0075 -0.0375 -0.9993
vn 0.0146 -0.0353 -0.9993
vn -0.0024 0.0122 -0.9999
vn -0.0000 0.0029 1.0000
vn -0.0000 0.0125 -0.9999
vn -0.0075 -0.0375 -0.9993
vn 0.0000 -0.0382 -0.9993
vn 0.0024 0.0122 -0.9999
vn 0.0011 0.0026 1.0000
vn 0.0048 0.0115 -0.9999
vn -0.0212 -0.0318 -0.9993
vn -0.0146 -0.0353 -0.9993
vn 0.0069 0.0104 -0.9999
vn 0.0020 0.0020 1.0000
vn 0.0088 0.0088 -0.9999
vn -0.0318 -0.0212 -0.9993
vn -0.0270 -0.0270 -0.9993
vn 0.0104 0.0069 -0.9999
vn 0.0026 0.0011 1.0000
vn 0.0115 0.0048 -0.9999
vn -0.0375 -0.0075 -0.9993
vn -0.0353 -0.0146 -0.9993
vn 0.0122 0.0024 -0.9999
vn 0.0029 0.0000 1.0000
vn 0.0125 0.0000 -0.9999
vn -0.0375 0.0075 -0.9993
vn -0.0382 -0.0000 -0.9993
vn 0.0122 -0.0024 -0.9999
vn 0.0026 -0.0011 1.0000
vn 0.0115 -0.0048 -0.9999
vn -0.0318 0.0212 -0.9993
vn -0.0353 0.0146 -0.9993
vn 0.0104 -0.0069 -0.9999
vn 0.0020 -0.0020 1.0000
vn 0.0088 -0.0088 -0.9999
vn -0.0212 0.0318 -0.9993
vn -0.0270 0.0270 -0.9993
vn 0.0069 -0.0104 -0.9999
vn 0.0011 -0.0026 1.0000
vn 0.0048 -0.0115 -0.9999
vn -0.0075 0.0375 -0.9993
vn -0.0146 0.0353 -0.9993
vn 0.0024 -0.0122 -0.9999
vn 0.0000 -0.0029 1.0000
vn -0.0000 -0.0125 -0.9999
vn 0.0075 0.0375 -0.9993
vn 0.0000 0.0382 -0.9993
vn -0.0024 -0.0122 -0.9999
vn -0.0011 -0.0026 1.0000
vn -0.0048 -0.0115 -0.9999
vn 0.0212 0.0318 -0.9993
vn 0.0146 0.0353 -0.9993
vn -0.0069 -0.0104 -0.9999
vn -0.0020 -0.0020 1.0000
vn -0.0088 -0.0088 -0.9999
vn 0.0318 0.0212 -0.9993
vn 0.0270 0.0270 -0.9993
vn -0.0104 -0.0069 -0.9999
vn -0.0026 -0.0011 1.0000
vn -0.0115 -0.0048 -0.9999
vn 0.0375 0.0075 -0.9993
vn 0.0353 0.0146 -0.9993
vn -0.0122 -0.0024 -0.9999
vn 0.0265 -0.0000 0.9996
vn 0.0602 -0.0120 0.9981
vn 0.0614 -0.0000 0.9981
vn 0.2034 -0.0405 0.9783
vn 0.2074 -0.0000 0.9782
vn 0.0567 -0.0235 0.9981
vn 0.0243 -0.0104 0.9997
vn 0.0263 -0.0055 0.9996
vn 0.0510 -0.0341 0.9981
vn 0.1725 -0.1152 0.9783
vn 0.1916 -0.0794 0.9782
vn 0.0434 -0.0434 0.9981
vn 0.0214 -0.0196 0.9996
vn 0.0217 -0.0153 0.9996
vn 0.0341 -0.0510 0.9981
vn 0.1152 -0.1724 0.9783
vn 0.1467 -0.1467 0.9782
vn 0.0235 -0.0567 0.9981
vn 0.0131 -0.0254 0.9996
vn 0.0188 -0.0228 0.9996
vn 0.0120 -0.0602 0.9981
vn 0.0405 -0.2034 0.9783
vn 0.0794 -0.1916 0.9782
vn 0.0000 -0.0614 0.9981
vn 0.0000 -0.0275 0.9996
vn 0.0054 -0.0270 0.9996
vn -0.0120 -0.0602 0.9981
vn -0.0405 -0.2034 0.9783
vn -0.0000 -0.2074 0.9782
vn -0.0235 -0.0567 0.9981
vn -0.0131 -0.0254 0.9996
vn -0.0054 -0.0270 0.9996
vn -0.0341 -0.0510 0.9981
vn -0.1152 -0.1724 0.9783
vn -0.0794 -0.1916 0.9782
vn -0.0434 -0.0434 0.9981
vn -0.0215 -0.0195 0.9996
vn -0.0188 -0.0228 0.9996
vn -0.0510 -0.0341 0.9981
vn -0.1724 -0.1152 0.9783
vn -0.1467 -0.1467 0.9782
vn -0.0567 -0.0235 0.9981
vn -0.0242 -0.0104 0.9997
vn -0.0216 -0.0155 0.9996
vn -0.0602 -0.0120 0.9981
vn -0.2034 -0.0405 0.9783
vn -0.1916 -0.0794 0.9782
vn -0.0613 0.0000 0.9981
vn -0.0266 -0.0000 0.9996
vn -0.0264 -0.0053 0.9996
vn -0.0602 0.0120 0.9981
vn -0.2034 0.0405 0.9783
vn -0.2074 0.0000 0.9782
vn -0.0567 0.0235 0.9981
vn -0.0273 0.0105 0.9996
vn -0.0277 0.0053 0.9996
vn -0.0510 0.0341 0.9981
vn -0.1725 0.1152 0.9783
vn -0.1916 0.0794 0.9782
vn -0.0434 0.0434 0.9981
vn -0.0190 0.0195 0.9996
vn -0.0214 0.0154 0.9997
vn -0.0341 0.0510 0.9981
vn -0.1152 0.1724 0.9783
vn -0.1467 0.1467 0.9782
vn -0.0235 0.0567 0.9981
vn -0.0059 0.0254 0.9997
vn -0.0162 0.0228 0.9996
vn -0.0120 0.0602 0.9981
vn -0.0405 0.2034 0.9783
vn -0.0794 0.1916 0.9783
vn 0.0000 0.0614 0.9981
vn -0.0000 0.0275 0.9996
vn -0.0054 0.0270 0.9996
vn 0.0120 0.0602 0.9981
vn 0.0405 0.2034 0.9783
vn -0.0000 0.2074 0.9782
vn 0.0235 0.0567 0.9981
vn 0.0060 0.0254 0.9997
vn 0.0054 0.0270 0.9996
vn 0.0341 0.0510 0.9981
vn 0.1152 0.1724 0.9783
vn 0.0794 0.1916 0.9783
vn 0.0434 0.0434 0.9981
vn 0.0189 0.0195 0.9996
vn 0.0161 0.0228 0.9996
vn 0.0510 0.0341 0.9981
vn 0.1725 0.1152 0.9783
vn 0.1467 0.1467 0.9782
vn 0.0567 0.0235 0.9981
vn 0.0274 0.0104 0.9996
vn 0.0216 0.0152 0.9997
vn 0.0602 0.0120 0.9981
vn 0.2034 0.0405 0.9783
vn 0.1916 0.0794 0.9782
vn 0.0277 0.0055 0.9996
vn 0.5100 -0.1014 0.8542
vn 0.5201 0.0000 0.8541
vn 0.7545 -0.1501 0.6389
vn 0.7693 0.0000 0.6389
vn 0.4805 -0.1990 0.8541
vn 0.4324 -0.2889 0.8542
vn 0.6397 -0.4274 0.6389
vn 0.7108 -0.2944 0.6389
vn 0.3677 -0.3677 0.8541
vn 0.2889 -0.4324 0.8542
vn 0.4274 -0.6397 0.6389
vn 0.5440 -0.5440 0.6389
vn 0.1990 -0.4805 0.8541
vn 0.1014 -0.5100 0.8542
vn 0.1501 -0.7545 0.6389
vn 0.2944 -0.7108 0.6389
vn 0.0000 -0.5201 0.8541
vn -0.1014 -0.5100 0.8542
vn -0.1501 -0.7545 0.6389
vn 0.0000 -0.7693 0.6389
vn -0.1990 -0.4805 0.8541
vn -0.2889 -0.4324 0.8542
vn -0.4274 -0.6397 0.6389
vn -0.2944 -0.7108 0.6389
vn -0.3677 -0.3677 0.8541
vn -0.4324 -0.2889 0.8542
vn -0.6397 -0.4274 0.6389
vn -0.5440 -0.5440 0.6389
vn -0.4805 -0.1990 0.8541
vn -0.5100 -0.1014 0.8541
vn -0.7545 -0.1501 0.6389
vn -0.7108 -0.2944 0.6389
vn -0.5201 -0.0000 0.8541
vn -0.5100 0.1014 0.8541
vn -0.7545 0.1501 0.6389
vn -0.7693 0.0000 0.6389
vn -0.4805 0.1990 0.8541
vn -0.4324 0.2889 0.8542
vn -0.6397 0.4274 0.6389
vn -0.7108 0.2944 0.6389
vn -0.3677 0.3677 0.8541
vn -0.2889 0.4324 0.8542
vn -0.4274 0.6397 0.6389
vn -0.5440 0.5440 0.6389
vn -0.1990 0.4805 0.8541
vn -0.1014 0.5100 0.8542
vn -0.1501 0.7545 0.6389
vn -0.2944 0.7108 0.6389
vn 0.0000 0.5201 0.8541
vn 0.1014 0.5100 0.8542
vn 0.1501 0.7545 0.6389
vn 0.0000 0.7693 0.6389
vn 0.1990 0.4805 0.8541
vn 0.2889 0.4324 0.8542
vn 0.4274 0.6397 0.6389
vn 0.2944 0.7108 0.6389
vn 0.3677 0.3677 0.8541
vn 0.4324 0.2889 0.8542
vn 0.6397 0.4274 0.6389
vn 0.5440 0.5440 0.6389
vn 0.4805 0.1990 0.8541
vn 0.5100 0.1014 0.8542
vn 0.7545 0.1501 0.6389
vn 0.7108 0.2944 0.6389
vn 0.3764 0.0000 0.9265
vn 0.1936 -0.0385 0.9803
vn 0.1974 -0.0000 0.9803
vn 0.3191 -0.0635 0.9456
vn 0.3253 0.0000 0.9456
vn 0.1824 -0.0755 0.9803
vn 0.3477 -0.1440 0.9265
vn 0.3692 -0.0734 0.9264
vn 0.1642 -0.1097 0.9803
vn 0.2705 -0.1807 0.9456
vn 0.3006 -0.1245 0.9456
vn 0.1396 -0.1396 0.9803
vn 0.2661 -0.2661 0.9265
vn 0.3130 -0.2092 0.9264
vn 0.1097 -0.1642 0.9803
vn 0.1807 -0.2705 0.9456
vn 0.2301 -0.2301 0.9456
vn 0.0755 -0.1824 0.9803
vn 0.1440 -0.3477 0.9265
vn 0.2092 -0.3130 0.9264
vn 0.0385 -0.1936 0.9803
vn 0.0635 -0.3191 0.9456
vn 0.1245 -0.3006 0.9456
vn 0.0000 -0.1974 0.9803
vn 0.0000 -0.3764 0.9265
vn 0.0734 -0.3692 0.9264
vn -0.0385 -0.1936 0.9803
vn -0.0635 -0.3191 0.9456
vn 0.0000 -0.3253 0.9456
vn -0.0755 -0.1824 0.9803
vn -0.1440 -0.3477 0.9265
vn -0.0734 -0.3692 0.9264
vn -0.1097 -0.1642 0.9803
vn -0.1807 -0.2705 0.9456
vn -0.1245 -0.3006 0.9456
vn -0.1396 -0.1396 0.9803
vn -0.2661 -0.2661 0.9265
vn -0.2092 -0.3130 0.9264
vn -0.1642 -0.1097 0.9803
vn -0.2705 -0.1807 0.9456
vn -0.2301 -0.2301 0.9456
vn -0.1824 -0.0755 0.9803
vn -0.3477 -0.1440 0.9265
vn -0.3130 -0.2092 0.9264
vn -0.1936 -0.0385 0.9803
vn -0.3191 -0.0635 0.9456
vn -0.3006 -0.1245 0.9456
vn -0.1974 -0.0000 0.9803
vn -0.3764 -0.0000 0.9265
vn -0.3692 -0.0734 0.9264
vn -0.1936 0.0385 0.9803
vn -0.3191 0.0635 0.9456
vn -0.3253 -0.0000 0.9456
vn -0.1824 0.0755 0.9803
vn -0.3477 0.1440 0.9265
vn -0.3692 0.0734 0.9264
vn -0.1642 0.1097 0.9803
vn -0.2705 0.1807 0.9456
vn -0.3006 0.1245 0.9456
vn -0.1396 0.1396 0.9803
vn -0.2661 0.2661 0.9265
vn -0.3130 0.2092 0.9264
vn -0.1097 0.1642 0.9803
vn -0.1807 0.2705 0.9456
vn -0.2301 0.2301 0.9456
vn -0.0755 0.1824 0.9803
vn -0.1440 0.3477 0.9265
vn -0.2092 0.3130 0.9264
vn -0.0385 0.1936 0.9803
vn -0.0635 0.3191 0.9456
vn -0.1245 0.3006 0.9456
vn 0.0000 0.1974 0.9803
vn -0.0000 0.3764 0.9265
vn -0.0735 0.3692 0.9264
vn 0.0385 0.1936 0.9803
vn 0.0635 0.3191 0.9456
vn 0.0000 0.3253 0.9456
vn 0.0755 0.1824 0.9803
vn 0.1440 0.3477 0.9265
vn 0.0735 0.3692 0.9264
vn 0.1097 0.1642 0.9803
vn 0.1807 0.2705 0.9456
vn 0.1245 0.3006 0.9456
vn 0.1396 0.1396 0.9803
vn 0.2661 0.2661 0.9265
vn 0.2092 0.3130 0.9264
vn 0.1642 0.1097 0.9803
vn 0.2705 0.1807 0.9456
vn 0.2301 0.2301 0.9456
vn 0.1824 0.0755 0.9803
vn 0.3477 0.1440 0.9265
vn 0.3130 0.2092 0.9264
vn 0.1936 0.0385 0.9803
vn 0.3191 0.0635 0.9456
vn 0.3006 0.1245 0.9456
vn 0.3692 0.0734 0.9264
vn 0.5834 -0.1160 0.8039
vn 0.5948 0.0000 0.8039
vn 0.8643 -0.1719 0.4728
vn 0.8812 0.0000 0.4728
vn 0.5495 -0.2276 0.8039
vn 0.4946 -0.3305 0.8039
vn 0.7327 -0.4896 0.4728
vn 0.8141 -0.3372 0.4727
vn 0.4206 -0.4206 0.8039
vn 0.3304 -0.4946 0.8039
vn 0.4896 -0.7327 0.4728
vn 0.6231 -0.6231 0.4727
vn 0.2276 -0.5495 0.8039
vn 0.1160 -0.5834 0.8039
vn 0.1719 -0.8643 0.4728
vn 0.3372 -0.8141 0.4728
vn -0.0000 -0.5948 0.8039
vn -0.1160 -0.5834 0.8039
vn -0.1719 -0.8642 0.4728
vn -0.0000 -0.8812 0.4728
vn -0.2276 -0.5495 0.8039
vn -0.3305 -0.4946 0.8039
vn -0.4896 -0.7327 0.4728
vn -0.3372 -0.8141 0.4727
vn -0.4206 -0.4206 0.8039
vn -0.4945 -0.3305 0.8039
vn -0.7327 -0.4896 0.4728
vn -0.6231 -0.6231 0.4727
vn -0.5495 -0.2276 0.8039
vn -0.5834 -0.1160 0.8039
vn -0.8643 -0.1719 0.4728
vn -0.8141 -0.3372 0.4727
vn -0.5948 -0.0000 0.8039
vn -0.5834 0.1160 0.8039
vn -0.8643 0.1719 0.4728
vn -0.8812 -0.0000 0.4728
vn -0.5495 0.2276 0.8039
vn -0.4945 0.3304 0.8039
vn -0.7327 0.4896 0.4728
vn -0.8141 0.3372 0.4728
vn -0.4206 0.4206 0.8039
vn -0.3304 0.4946 0.8039
vn -0.4896 0.7327 0.4728
vn -0.6231 0.6231 0.4727
vn -0.2276 0.5495 0.8039
vn -0.1160 0.5834 0.8039
vn -0.1719 0.8643 0.4728
vn -0.3372 0.8141 0.4727
vn 0.0000 0.5948 0.8039
vn 0.1160 0.5834 0.8039
vn 0.1719 0.8643 0.4728
vn 0.0000 0.8812 0.4728
vn 0.2276 0.5495 0.8039
vn 0.3305 0.4946 0.8039
vn 0.4896 0.7327 0.4728
vn 0.3372 0.8141 0.4727
vn 0.4206 0.4206 0.8039
vn 0.4945 0.3304 0.8039
vn 0.7327 0.4896 0.4728
vn 0.6231 0.6231 0.4727
vn 0.5495 0.2276 0.8039
vn 0.5834 0.1160 0.8039
vn 0.8643 0.1719 0.4728
vn 0.8141 0.3372 0.4727
vn 0.9805 -0.1950 -0.0228
vn 0.9997 0.0000 -0.0228
vn 0.8946 -0.0000 -0.4468
vn 0.8265 -0.3424 -0.4468
vn 0.8774 -0.1745 -0.4468
vn 0.8313 -0.5554 -0.0228
vn 0.9236 -0.3826 -0.0228
vn 0.6326 -0.6326 -0.4468
vn 0.7438 -0.4970 -0.4468
vn 0.5554 -0.8313 -0.0228
vn 0.7069 -0.7069 -0.0228
vn 0.3424 -0.8265 -0.4468
vn 0.4970 -0.7438 -0.4468
vn 0.1950 -0.9805 -0.0228
vn 0.3826 -0.9236 -0.0228
vn 0.0000 -0.8946 -0.4468
vn 0.1745 -0.8774 -0.4468
vn -0.1950 -0.9805 -0.0228
vn 0.0000 -0.9997 -0.0228
vn -0.3424 -0.8265 -0.4468
vn -0.1745 -0.8774 -0.4468
vn -0.5554 -0.8313 -0.0228
vn -0.3826 -0.9236 -0.0228
vn -0.6326 -0.6326 -0.4468
vn -0.4970 -0.7438 -0.4468
vn -0.8313 -0.5554 -0.0228
vn -0.7069 -0.7069 -0.0228
vn -0.8265 -0.3424 -0.4468
vn -0.7438 -0.4970 -0.4468
vn -0.9805 -0.1950 -0.0228
vn -0.9236 -0.3826 -0.0228
vn -0.8946 -0.0000 -0.4468
vn -0.8774 -0.1745 -0.4468
vn -0.9805 0.1950 -0.0228
vn -0.9997 -0.0000 -0.0228
vn -0.8265 0.3424 -0.4468
vn -0.8774 0.1745 -0.4468
vn -0.8313 0.5554 -0.0228
vn -0.9236 0.3826 -0.0228
vn -0.6326 0.6326 -0.4468
vn -0.7438 0.4970 -0.4468
vn -0.5554 0.8313 -0.0228
vn -0.7069 0.7069 -0.0228
vn -0.3424 0.8265 -0.4468
vn -0.4970 0.7438 -0.4468
vn -0.1950 0.9805 -0.0228
vn -0.3826 0.9236 -0.0228
vn 0.0000 0.8946 -0.4468
vn -0.1745 0.8774 -0.4468
vn 0.1950 0.9805 -0.0228
vn 0.0000 0.9997 -0.0228
vn 0.3424 0.8265 -0.4468
vn 0.1745 0.8774 -0.4468
vn 0.5554 0.8313 -0.0228
vn 0.3826 0.9236 -0.0228
vn 0.6326 0.6326 -0.4468
vn 0.4970 0.7438 -0.4468
vn 0.8313 0.5554 -0.0228
vn 0.7069 0.7069 -0.0228
vn 0.8265 0.3424 -0.4468
vn 0.7438 0.4970 -0.4468
vn 0.9805 0.1950 -0.0228
vn 0.9236 0.3826 -0.0228
vn 0.8774 0.1745 -0.4468
vn 0.7506 -0.0000 -0.6607
vn 0.7362 -0.1464 -0.6607
vn 0.7017 0.0000 -0.7125
vn 0.6483 -0.2685 -0.7125
vn 0.6882 -0.1369 -0.7125
vn 0.6935 -0.2873 -0.6607
vn 0.6241 -0.4170 -0.6607
vn 0.4962 -0.4962 -0.7125
vn 0.5834 -0.3898 -0.7125
vn 0.5308 -0.5308 -0.6607
vn 0.4170 -0.6241 -0.6607
vn 0.2685 -0.6483 -0.7125
vn 0.3898 -0.5834 -0.7125
vn 0.2873 -0.6935 -0.6607
vn 0.1464 -0.7362 -0.6607
vn 0.0000 -0.7017 -0.7125
vn 0.1369 -0.6882 -0.7125
vn 0.0000 -0.7506 -0.6607
vn -0.1464 -0.7362 -0.6607
vn -0.2685 -0.6483 -0.7125
vn -0.1369 -0.6882 -0.7125
vn -0.2873 -0.6935 -0.6607
vn -0.4170 -0.6241 -0.6607
vn -0.4962 -0.4962 -0.7125
vn -0.3898 -0.5834 -0.7125
vn -0.5308 -0.5308 -0.6607
vn -0.6241 -0.4170 -0.6607
vn -0.6483 -0.2685 -0.7125
vn -0.5834 -0.3898 -0.7125
vn -0.6935 -0.2873 -0.6607
vn -0.7362 -0.1464 -0.6607
vn -0.7017 -0.0000 -0.7125
vn -0.6882 -0.1369 -0.7125
vn -0.7506 -0.0000 -0.6607
vn -0.7362 0.1464 -0.6607
vn -0.6483 0.2685 -0.7125
vn -0.6882 0.1369 -0.7125
vn -0.6935 0.2873 -0.6607
vn -0.6241 0.4170 -0.6607
vn -0.4962 0.4962 -0.7125
vn -0.5834 0.3898 -0.7125
vn -0.5308 0.5308 -0.6607
vn -0.4170 0.6241 -0.6607
vn -0.2685 0.6483 -0.7125
vn -0.3898 0.5834 -0.7125
vn -0.2873 0.6935 -0.6607
vn -0.1464 0.7362 -0.6607
vn -0.0000 0.7017 -0.7125
vn -0.1369 0.6882 -0.7125
vn 0.0000 0.7506 -0.6607
vn 0.1464 0.7362 -0.6607
vn 0.2685 0.6483 -0.7125
vn 0.1369 0.6882 -0.7125
vn 0.2873 0.6935 -0.6607
vn 0.4170 0.6241 -0.6607
vn 0.4962 0.4962 -0.7125
vn 0.3898 0.5834 -0.7125
vn 0.5308 0.5308 -0.6607
vn 0.6241 0.4170 -0.6607
vn 0.6483 0.2685 -0.7125
vn 0.5834 0.3898 -0.7125
vn 0.6935 0.2873 -0.6607
vn 0.7362 0.1464 -0.6607
vn 0.6882 0.1369 -0.7125
vn 0.7220 0.0000 -0.6919
vn 0.7081 -0.1409 -0.6919
vn 0.7581 0.0000 -0.6521
vn 0.7004 -0.2901 -0.6522
vn 0.7435 -0.1479 -0.6521
vn 0.6670 -0.2763 -0.6919
vn 0.6003 -0.4011 -0.6919
vn 0.5360 -0.5360 -0.6522
vn 0.6303 -0.4212 -0.6521
vn 0.5105 -0.5105 -0.6919
vn 0.4011 -0.6003 -0.6919
vn 0.2901 -0.7004 -0.6522
vn 0.4212 -0.6303 -0.6521
vn 0.2763 -0.6670 -0.6919
vn 0.1409 -0.7081 -0.6919
vn 0.0000 -0.7581 -0.6522
vn 0.1479 -0.7435 -0.6521
vn 0.0000 -0.7220 -0.6919
vn -0.1409 -0.7081 -0.6919
vn -0.2901 -0.7004 -0.6522
vn -0.1479 -0.7435 -0.6521
vn -0.2763 -0.6670 -0.6919
vn -0.4011 -0.6003 -0.6919
vn -0.5360 -0.5361 -0.6522
vn -0.4212 -0.6303 -0.6521
vn -0.5105 -0.5105 -0.6919
vn -0.6003 -0.4011 -0.6919
vn -0.7004 -0.2901 -0.6522
vn -0.6304 -0.4212 -0.6521
vn -0.6670 -0.2763 -0.6919
vn -0.7081 -0.1409 -0.6919
vn -0.7581 0.0000 -0.6522
vn -0.7435 -0.1479 -0.6521
vn -0.7220 0.0000 -0.6919
vn -0.7081 0.1409 -0.6919
vn -0.7004 0.2901 -0.6522
vn -0.7435 0.1479 -0.6521
vn -0.6670 0.2763 -0.6919
vn -0.6003 0.4011 -0.6919
vn -0.5360 0.5360 -0.6522
vn -0.6303 0.4212 -0.6521
vn -0.5105 0.5105 -0.6919
vn -0.4011 0.6003 -0.6919
vn -0.2901 0.7004 -0.6522
vn -0.4212 0.6303 -0.6521
vn -0.2763 0.6670 -0.6919
vn -0.1409 0.7081 -0.6919
vn 0.0000 0.7581 -0.6522
vn -0.1479 0.7435 -0.6521
vn 0.0000 0.7220 -0.6919
vn 0.1409 0.7081 -0.6919
vn 0.2901 0.7004 -0.6522
vn 0.1479 0.7435 -0.6521
vn 0.2763 0.6670 -0.6919
vn 0.4011 0.6003 -0.6919
vn 0.5360 0.5361 -0.6522
vn 0.4212 0.6304 -0.6521
vn 0.5105 0.5105 -0.6919
vn 0.6003 0.4011 -0.6919
vn 0.7004 0.2901 -0.6522
vn 0.6304 0.4212 -0.6521
vn 0.6670 0.2763 -0.6919
vn 0.7081 0.1409 -0.6919
vn 0.7435 0.1479 -0.6521
vn 0.7717 0.0000 -0.6359
vn 0.7569 -0.1506 -0.6359
vn 0.7329 0.0000 -0.6804
vn 0.6771 -0.2805 -0.6804
vn 0.7188 -0.1430 -0.6803
vn 0.7130 -0.2953 -0.6359
vn 0.6417 -0.4288 -0.6359
vn 0.5182 -0.5182 -0.6804
vn 0.6094 -0.4072 -0.6803
vn 0.5457 -0.5457 -0.6359
vn 0.4288 -0.6417 -0.6359
vn 0.2805 -0.6771 -0.6804
vn 0.4072 -0.6094 -0.6803
vn 0.2953 -0.7130 -0.6359
vn 0.1506 -0.7569 -0.6359
vn 0.0000 -0.7329 -0.6804
vn 0.1430 -0.7188 -0.6803
vn 0.0000 -0.7717 -0.6359
vn -0.1506 -0.7569 -0.6359
vn -0.2805 -0.6771 -0.6804
vn -0.1430 -0.7188 -0.6803
vn -0.2953 -0.7130 -0.6359
vn -0.4288 -0.6417 -0.6359
vn -0.5182 -0.5182 -0.6804
vn -0.4072 -0.6094 -0.6803
vn -0.5457 -0.5457 -0.6359
vn -0.6417 -0.4288 -0.6359
vn -0.6771 -0.2805 -0.6804
vn -0.6094 -0.4072 -0.6803
vn -0.7130 -0.2953 -0.6359
vn -0.7569 -0.1506 -0.6359
vn -0.7329 0.0000 -0.6804
vn -0.7188 -0.1430 -0.6803
vn -0.7717 0.0000 -0.6359
vn -0.7569 0.1506 -0.6359
vn -0.6771 0.2805 -0.6804
vn -0.7188 0.1430 -0.6803
vn -0.7130 0.2953 -0.6359
vn -0.6417 0.4288 -0.6359
vn -0.5182 0.5182 -0.6804
vn -0.6094 0.4072 -0.6803
vn -0.5457 0.5457 -0.6359
vn -0.4288 0.6417 -0.6359
vn -0.2805 0.6771 -0.6804
vn -0.4072 0.6094 -0.6803
vn -0.2953 0.7130 -0.6359
vn -0.1506 0.7569 -0.6359
vn -0.0000 0.7329 -0.6804
vn -0.1430 0.7188 -0.6803
vn 0.0000 0.7717 -0.6359
vn 0.1506 0.7569 -0.6359
vn 0.2805 0.6771 -0.6804
vn 0.1430 0.7188 -0.6803
vn 0.2953 0.7130 -0.6359
vn 0.4288 0.6417 -0.6359
vn 0.5182 0.5182 -0.6804
vn 0.4072 0.6094 -0.6803
vn 0.5457 0.5457 -0.6360
vn 0.6417 0.4288 -0.6359
vn 0.6771 0.2805 -0.6804
vn 0.6094 0.4072 -0.6803
vn 0.7130 0.2953 -0.6359
vn 0.7569 0.1506 -0.6359
vn 0.7188 0.1430 -0.6803
vn 0.8063 0.0000 -0.5915
vn 0.7909 -0.1573 -0.5914
vn 0.9969 0.0000 0.0793
vn 0.9210 -0.3815 0.0793
vn 0.9777 -0.1945 0.0793
vn 0.7449 -0.3086 -0.5915
vn 0.6705 -0.4480 -0.5914
vn 0.7049 -0.7049 0.0793
vn 0.8289 -0.5538 0.0792
vn 0.5701 -0.5701 -0.5915
vn 0.4480 -0.6704 -0.5915
vn 0.3815 -0.9210 0.0793
vn 0.5538 -0.8289 0.0792
vn 0.3086 -0.7449 -0.5915
vn 0.1573 -0.7909 -0.5914
vn 0.0000 -0.9969 0.0793
vn 0.1945 -0.9777 0.0792
vn 0.0000 -0.8063 -0.5915
vn -0.1573 -0.7909 -0.5914
vn -0.3815 -0.9210 0.0793
vn -0.1945 -0.9777 0.0792
vn -0.3086 -0.7449 -0.5915
vn -0.4480 -0.6704 -0.5915
vn -0.7049 -0.7049 0.0793
vn -0.5538 -0.8289 0.0792
vn -0.5701 -0.5702 -0.5915
vn -0.6704 -0.4480 -0.5915
vn -0.9210 -0.3815 0.0793
vn -0.8289 -0.5538 0.0792
vn -0.7449 -0.3086 -0.5915
vn -0.7909 -0.1573 -0.5914
vn -0.9969 0.0000 0.0793
vn -0.9777 -0.1945 0.0792
vn -0.8063 0.0000 -0.5915
vn -0.7909 0.1573 -0.5914
vn -0.9210 0.3815 0.0793
vn -0.9777 0.1945 0.0792
vn -0.7449 0.3086 -0.5915
vn -0.6705 0.4480 -0.5914
vn -0.7049 0.7049 0.0793
vn -0.8289 0.5538 0.0792
vn -0.5701 0.5702 -0.5915
vn -0.4480 0.6705 -0.5914
vn -0.3815 0.9210 0.0793
vn -0.5538 0.8289 0.0792
vn -0.3086 0.7449 -0.5915
vn -0.1573 0.7909 -0.5914
vn 0.0000 0.9969 0.0793
vn -0.1945 0.9777 0.0792
vn 0.0000 0.8063 -0.5915
vn 0.1573 0.7909 -0.5914
vn 0.3815 0.9210 0.0793
vn 0.1945 0.9777 0.0792
vn 0.3086 0.7449 -0.5915
vn 0.4480 0.6705 -0.5914
vn 0.7049 0.7049 0.0793
vn 0.5538 0.8289 0.0792
vn 0.5701 0.5701 -0.5915
vn 0.6705 0.4480 -0.5914
vn 0.9210 0.3815 0.0793
vn 0.8289 0.5538 0.0792
vn 0.7449 0.3086 -0.5915
vn 0.7908 0.1573 -0.5914
vn 0.9777 0.1945 0.0792
vn 0.7035 -0.0000 0.7107
vn 0.5964 -0.1186 0.7939
vn 0.6081 0.0000 0.7939
vn 0.6995 -0.1391 0.7010
vn 0.7132 0.0000 0.7010
vn 0.5618 -0.2327 0.7939
vn 0.6500 -0.2692 0.7107
vn 0.6900 -0.1373 0.7106
vn 0.5056 -0.3378 0.7939
vn 0.5930 -0.3962 0.7010
vn 0.6589 -0.2729 0.7010
vn 0.4300 -0.4300 0.7939
vn 0.4974 -0.4974 0.7107
vn 0.5850 -0.3909 0.7107
vn 0.3378 -0.5056 0.7939
vn 0.3962 -0.5930 0.7010
vn 0.5043 -0.5043 0.7010
vn 0.2327 -0.5618 0.7939
vn 0.2692 -0.6499 0.7107
vn 0.3909 -0.5850 0.7107
vn 0.1186 -0.5964 0.7939
vn 0.1391 -0.6995 0.7010
vn 0.2729 -0.6589 0.7010
vn 0.0000 -0.6080 0.7939
vn 0.0000 -0.7035 0.7107
vn 0.1372 -0.6900 0.7107
vn -0.1186 -0.5964 0.7939
vn -0.1391 -0.6995 0.7010
vn -0.0000 -0.7132 0.7010
vn -0.2327 -0.5618 0.7939
vn -0.2692 -0.6499 0.7107
vn -0.1372 -0.6900 0.7107
vn -0.3378 -0.5056 0.7939
vn -0.3962 -0.5930 0.7010
vn -0.2729 -0.6589 0.7010
vn -0.4300 -0.4300 0.7939
vn -0.4974 -0.4974 0.7107
vn -0.3909 -0.5850 0.7107
vn -0.5056 -0.3378 0.7939
vn -0.5930 -0.3962 0.7010
vn -0.5043 -0.5043 0.7010
vn -0.5618 -0.2327 0.7939
vn -0.6499 -0.2692 0.7107
vn -0.5850 -0.3909 0.7106
vn -0.5964 -0.1186 0.7939
vn -0.6995 -0.1391 0.7010
vn -0.6589 -0.2729 0.7010
vn -0.6080 0.0000 0.7939
vn -0.7035 0.0000 0.7107
vn -0.6900 -0.1372 0.7107
vn -0.5964 0.1186 0.7939
vn -0.6995 0.1391 0.7010
vn -0.7132 0.0000 0.7010
vn -0.5618 0.2327 0.7939
vn -0.6499 0.2692 0.7107
vn -0.6900 0.1373 0.7107
vn -0.5056 0.3378 0.7939
vn -0.5930 0.3962 0.7010
vn -0.6589 0.2729 0.7010
vn -0.4300 0.4300 0.7939
vn -0.4975 0.4974 0.7107
vn -0.5850 0.3909 0.7107
vn -0.3378 0.5056 0.7939
vn -0.3962 0.5930 0.7010
vn -0.5043 0.5043 0.7010
vn -0.2327 0.5618 0.7939
vn -0.2692 0.6499 0.7107
vn -0.3909 0.5850 0.7107
vn -0.1186 0.5964 0.7939
vn -0.1391 0.6995 0.7010
vn -0.2729 0.6589 0.7010
vn -0.0000 0.6081 0.7939
vn 0.0000 0.7035 0.7107
vn -0.1373 0.6900 0.7107
vn 0.1186 0.5964 0.7939
vn 0.1391 0.6995 0.7010
vn -0.0000 0.7132 0.7010
vn 0.2327 0.5618 0.7939
vn 0.2692 0.6499 0.7107
vn 0.1373 0.6900 0.7107
vn 0.3378 0.5056 0.7939
vn 0.3962 0.5930 0.7010
vn 0.2729 0.6589 0.7010
vn 0.4300 0.4300 0.7939
vn 0.4974 0.4974 0.7107
vn 0.3909 0.5850 0.7107
vn 0.5056 0.3378 0.7939
vn 0.5930 0.3962 0.7010
vn 0.5043 0.5043 0.7010
vn 0.5618 0.2327 0.7939
vn 0.6499 0.2692 0.7107
vn 0.5850 0.3909 0.7107
vn 0.5964 0.1186 0.7939
vn 0.6995 0.1391 0.7009
vn 0.6589 0.2729 0.7010
vn 0.6900 0.1373 0.7106
vn 0.8779 -0.1746 0.4460
vn 0.8951 0.0000 0.4459
vn 0.9807 -0.1951 -0.0129
vn 0.9999 0.0000 -0.0129
vn 0.8269 -0.3425 0.4460
vn 0.7442 -0.4973 0.4459
vn 0.8314 -0.5555 -0.0129
vn 0.9238 -0.3827 -0.0129
vn 0.6329 -0.6329 0.4459
vn 0.4973 -0.7442 0.4459
vn 0.5555 -0.8314 -0.0129
vn 0.7070 -0.7070 -0.0130
vn 0.3425 -0.8269 0.4459
vn 0.1746 -0.8779 0.4459
vn 0.1951 -0.9807 -0.0130
vn 0.3826 -0.9238 -0.0130
vn -0.0000 -0.8951 0.4459
vn -0.1746 -0.8779 0.4459
vn -0.1951 -0.9807 -0.0129
vn 0.0000 -0.9999 -0.0130
vn -0.3425 -0.8269 0.4459
vn -0.4973 -0.7442 0.4459
vn -0.5555 -0.8314 -0.0129
vn -0.3826 -0.9238 -0.0130
vn -0.6329 -0.6329 0.4459
vn -0.7442 -0.4973 0.4459
vn -0.8314 -0.5555 -0.0129
vn -0.7070 -0.7070 -0.0129
vn -0.8269 -0.3425 0.4459
vn -0.8779 -0.1746 0.4459
vn -0.9807 -0.1951 -0.0130
vn -0.9238 -0.3827 -0.0130
vn -0.8951 0.0000 0.4459
vn -0.8779 0.1746 0.4459
vn -0.9807 0.1951 -0.0129
vn -0.9999 0.0000 -0.0130
vn -0.8269 0.3425 0.4459
vn -0.7442 0.4973 0.4459
vn -0.8314 0.5555 -0.0129
vn -0.9238 0.3827 -0.0129
vn -0.6329 0.6329 0.4459
vn -0.4973 0.7442 0.4459
vn -0.5555 0.8314 -0.0129
vn -0.7070 0.7071 -0.0130
vn -0.3425 0.8269 0.4459
vn -0.1746 0.8779 0.4459
vn -0.1951 0.9807 -0.0129
vn -0.3827 0.9238 -0.0130
vn 0.0000 0.8951 0.4459
vn 0.1746 0.8779 0.4459
vn 0.1951 0.9807 -0.0129
vn 0.0000 0.9999 -0.0130
vn 0.3425 0.8269 0.4459
vn 0.4973 0.7442 0.4459
vn 0.5555 0.8314 -0.0129
vn 0.3826 0.9238 -0.0130
vn 0.6329 0.6329 0.4459
vn 0.7442 0.4973 0.4460
vn 0.8314 0.5555 -0.0129
vn 0.7070 0.7070 -0.0130
vn 0.8269 0.3425 0.4460
vn 0.8779 0.1746 0.4459
vn 0.9807 0.1951 -0.0129
vn 0.9238 0.3827 -0.0129
vn 0.8522 0.0000 -0.5232
vn 0.8358 -0.1662 -0.5233
vn 0.5036 -0.0000 -0.8639
vn 0.4652 -0.1927 -0.8639
vn 0.4938 -0.0982 -0.8640
vn 0.7873 -0.3261 -0.5232
vn 0.7086 -0.4735 -0.5232
vn 0.3561 -0.3561 -0.8639
vn 0.4187 -0.2797 -0.8640
vn 0.6026 -0.6026 -0.5232
vn 0.4734 -0.7086 -0.5233
vn 0.1927 -0.4653 -0.8639
vn 0.2797 -0.4187 -0.8640
vn 0.3261 -0.7873 -0.5232
vn 0.1663 -0.8358 -0.5232
vn 0.0000 -0.5036 -0.8639
vn 0.0982 -0.4939 -0.8640
vn 0.0000 -0.8522 -0.5232
vn -0.1662 -0.8358 -0.5232
vn -0.1927 -0.4653 -0.8639
vn -0.0982 -0.4939 -0.8640
vn -0.3261 -0.7873 -0.5232
vn -0.4734 -0.7086 -0.5233
vn -0.3561 -0.3561 -0.8640
vn -0.2797 -0.4187 -0.8640
vn -0.6026 -0.6026 -0.5232
vn -0.7086 -0.4735 -0.5232
vn -0.4653 -0.1927 -0.8639
vn -0.4186 -0.2797 -0.8640
vn -0.7873 -0.3261 -0.5232
vn -0.8358 -0.1663 -0.5232
vn -0.5036 -0.0000 -0.8639
vn -0.4939 -0.0982 -0.8640
vn -0.8522 0.0000 -0.5232
vn -0.8358 0.1663 -0.5232
vn -0.4653 0.1927 -0.8639
vn -0.4939 0.0982 -0.8640
vn -0.7873 0.3261 -0.5232
vn -0.7086 0.4734 -0.5232
vn -0.3561 0.3561 -0.8639
vn -0.4187 0.2797 -0.8640
vn -0.6026 0.6026 -0.5232
vn -0.4735 0.7086 -0.5232
vn -0.1927 0.4652 -0.8639
vn -0.2797 0.4187 -0.8640
vn -0.3261 0.7873 -0.5232
vn -0.1663 0.8358 -0.5232
vn 0.0000 0.5036 -0.8639
vn -0.0982 0.4939 -0.8640
vn 0.0000 0.8522 -0.5232
vn 0.1663 0.8358 -0.5233
vn 0.1927 0.4653 -0.8639
vn 0.0982 0.4938 -0.8640
vn 0.3261 0.7873 -0.5232
vn 0.4734 0.7086 -0.5232
vn 0.3561 0.3561 -0.8639
vn 0.2797 0.4187 -0.8640
vn 0.6026 0.6026 -0.5232
vn 0.7086 0.4734 -0.5232
vn 0.4653 0.1927 -0.8639
vn 0.4187 0.2797 -0.8640
vn 0.7873 0.3261 -0.5232
vn 0.8358 0.1663 -0.5232
vn 0.4938 0.0982 -0.8640
vn 0.4822 0.0000 -0.8761
vn 0.4730 -0.0941 -0.8760
vn 0.9704 0.0000 -0.2416
vn 0.8965 -0.3713 -0.2416
vn 0.9517 -0.1893 -0.2416
vn 0.4455 -0.1845 -0.8761
vn 0.4010 -0.2679 -0.8760
vn 0.6861 -0.6862 -0.2416
vn 0.8069 -0.5391 -0.2415
vn 0.3409 -0.3409 -0.8761
vn 0.2679 -0.4010 -0.8760
vn 0.3713 -0.8965 -0.2416
vn 0.5391 -0.8068 -0.2416
vn 0.1845 -0.4455 -0.8761
vn 0.0941 -0.4730 -0.8760
vn 0.0000 -0.9704 -0.2416
vn 0.1893 -0.9517 -0.2416
vn 0.0000 -0.4822 -0.8761
vn -0.0941 -0.4730 -0.8760
vn -0.3713 -0.8965 -0.2416
vn -0.1893 -0.9517 -0.2416
vn -0.1845 -0.4455 -0.8761
vn -0.2679 -0.4010 -0.8760
vn -0.6862 -0.6862 -0.2416
vn -0.5391 -0.8068 -0.2416
vn -0.3410 -0.3409 -0.8761
vn -0.4010 -0.2679 -0.8760
vn -0.8965 -0.3713 -0.2416
vn -0.8068 -0.5391 -0.2415
vn -0.4455 -0.1845 -0.8761
vn -0.4730 -0.0941 -0.8760
vn -0.9704 0.0000 -0.2417
vn -0.9517 -0.1893 -0.2416
vn -0.4822 0.0000 -0.8761
vn -0.4730 0.0941 -0.8760
vn -0.8965 0.3714 -0.2416
vn -0.9517 0.1893 -0.2415
vn -0.4455 0.1845 -0.8761
vn -0.4010 0.2679 -0.8760
vn -0.6861 0.6862 -0.2416
vn -0.8069 0.5391 -0.2416
vn -0.3410 0.3410 -0.8761
vn -0.2679 0.4010 -0.8760
vn -0.3713 0.8965 -0.2416
vn -0.5391 0.8068 -0.2416
vn -0.1845 0.4455 -0.8761
vn -0.0941 0.4730 -0.8760
vn 0.0000 0.9704 -0.2416
vn -0.1893 0.9517 -0.2416
vn 0.0000 0.4822 -0.8761
vn 0.0941 0.4730 -0.8760
vn 0.3713 0.8965 -0.2416
vn 0.1893 0.9517 -0.2416
vn 0.1845 0.4455 -0.8761
vn 0.2679 0.4010 -0.8760
vn 0.6862 0.6862 -0.2416
vn 0.5391 0.8068 -0.2416
vn 0.3410 0.3410 -0.8761
vn 0.4010 0.2679 -0.8760
vn 0.8965 0.3713 -0.2416
vn 0.8068 0.5391 -0.2416
vn 0.4455 0.1845 -0.8761
vn 0.4730 0.0941 -0.8760
vn 0.9517 0.1893 -0.2415
vn 0.8630 -0.1717 0.4752
vn 0.8799 0.0000 0.4752
vn 0.6835 -0.1360 0.7171
vn 0.6969 -0.0000 0.7172
vn 0.8129 -0.3367 0.4752
vn 0.7316 -0.4888 0.4752
vn 0.5795 -0.3872 0.7171
vn 0.6438 -0.2667 0.7172
vn 0.6222 -0.6221 0.4752
vn 0.4888 -0.7316 0.4752
vn 0.3872 -0.5795 0.7171
vn 0.4927 -0.4928 0.7172
vn 0.3367 -0.8129 0.4752
vn 0.1717 -0.8630 0.4752
vn 0.1360 -0.6835 0.7172
vn 0.2667 -0.6438 0.7172
vn 0.0000 -0.8799 0.4752
vn -0.1717 -0.8630 0.4752
vn -0.1360 -0.6835 0.7172
vn 0.0000 -0.6969 0.7172
vn -0.3367 -0.8129 0.4752
vn -0.4888 -0.7316 0.4752
vn -0.3872 -0.5795 0.7172
vn -0.2667 -0.6438 0.7172
vn -0.6222 -0.6222 0.4752
vn -0.7316 -0.4888 0.4752
vn -0.5795 -0.3872 0.7171
vn -0.4927 -0.4928 0.7172
vn -0.8129 -0.3367 0.4752
vn -0.8630 -0.1717 0.4752
vn -0.6835 -0.1360 0.7171
vn -0.6438 -0.2667 0.7172
vn -0.8799 0.0000 0.4752
vn -0.8630 0.1717 0.4752
vn -0.6835 0.1360 0.7171
vn -0.6969 0.0000 0.7172
vn -0.8129 0.3367 0.4752
vn -0.7316 0.4888 0.4752
vn -0.5795 0.3872 0.7171
vn -0.6438 0.2667 0.7172
vn -0.6222 0.6222 0.4752
vn -0.4888 0.7316 0.4752
vn -0.3872 0.5795 0.7171
vn -0.4928 0.4928 0.7172
vn -0.3367 0.8129 0.4752
vn -0.1717 0.8630 0.4752
vn -0.1360 0.6835 0.7171
vn -0.2667 0.6438 0.7172
vn 0.0000 0.8799 0.4752
vn 0.1717 0.8630 0.4752
vn 0.1360 0.6835 0.7171
vn 0.0000 0.6969 0.7172
vn 0.3367 0.8129 0.4752
vn 0.4888 0.7316 0.4752
vn 0.3872 0.5795 0.7171
vn 0.2667 0.6438 0.7172
vn 0.6222 0.6222 0.4752
vn 0.7316 0.4888 0.4752
vn 0.5795 0.3872 0.7171
vn 0.4928 0.4928 0.7172
vn 0.8129 0.3367 0.4752
vn 0.8630 0.1717 0.4752
vn 0.6835 0.1360 0.7172
vn 0.6438 0.2667 0.7172
vn 0.4561 -0.0907 0.8853
vn 0.4650 -0.0000 0.8853
vn 0.2973 -0.0591 0.9530
vn 0.3031 0.0000 0.9530
vn 0.4296 -0.1779 0.8853
vn 0.3867 -0.2583 0.8853
vn 0.2520 -0.1684 0.9530
vn 0.2800 -0.1160 0.9530
vn 0.3288 -0.3288 0.8853
vn 0.2584 -0.3866 0.8853
vn 0.1684 -0.2520 0.9530
vn 0.2143 -0.2143 0.9530
vn 0.1779 -0.4296 0.8853
vn 0.0907 -0.4561 0.8853
vn 0.0591 -0.2973 0.9530
vn 0.1160 -0.2800 0.9530
vn 0.0000 -0.4650 0.8853
vn -0.0907 -0.4561 0.8853
vn -0.0591 -0.2973 0.9530
vn 0.0000 -0.3031 0.9530
vn -0.1779 -0.4296 0.8853
vn -0.2584 -0.3866 0.8853
vn -0.1684 -0.2520 0.9530
vn -0.1160 -0.2800 0.9530
vn -0.3288 -0.3288 0.8853
vn -0.3867 -0.2584 0.8853
vn -0.2520 -0.1684 0.9530
vn -0.2143 -0.2143 0.9530
vn -0.4296 -0.1779 0.8853
vn -0.4561 -0.0907 0.8853
vn -0.2973 -0.0591 0.9530
vn -0.2800 -0.1160 0.9530
vn -0.4650 0.0000 0.8853
vn -0.4561 0.0907 0.8853
vn -0.2973 0.0591 0.9530
vn -0.3031 0.0000 0.9530
vn -0.4296 0.1779 0.8853
vn -0.3866 0.2583 0.8853
vn -0.2520 0.1684 0.9530
vn -0.2800 0.1160 0.9530
vn -0.3288 0.3288 0.8853
vn -0.2584 0.3866 0.8853
vn -0.1684 0.2520 0.9530
vn -0.2143 0.2143 0.9530
vn -0.1779 0.4296 0.8853
vn -0.0907 0.4561 0.8853
vn -0.0591 0.2973 0.9530
vn -0.1160 0.2800 0.9530
vn -0.0000 0.4650 0.8853
vn 0.0907 0.4561 0.8853
vn 0.0591 0.2973 0.9530
vn 0.0000 0.3031 0.9530
vn 0.1779 0.4296 0.8853
vn 0.2584 0.3866 0.8853
vn 0.1684 0.2520 0.9530
vn 0.1160 0.2800 0.9530
vn 0.3288 0.3288 0.8853
vn 0.3866 0.2583 0.8853
vn 0.2520 0.1684 0.9530
vn 0.2143 0.2143 0.9530
vn 0.4296 0.1779 0.8853
vn 0.4561 0.0907 0.8853
vn 0.2973 0.0591 0.9530
vn 0.2800 0.1160 0.9530
vn 0.2502 -0.0498 0.9669
vn 0.2551 0.0000 0.9669
vn 0.2711 -0.0539 0.9610
vn 0.2765 0.0000 0.9610
vn 0.2356 -0.0976 0.9669
vn 0.2121 -0.1417 0.9669
vn 0.2299 -0.1536 0.9610
vn 0.2554 -0.1058 0.9610
vn 0.1804 -0.1804 0.9669
vn 0.1417 -0.2121 0.9669
vn 0.1536 -0.2299 0.9610
vn 0.1955 -0.1955 0.9610
vn 0.0976 -0.2356 0.9669
vn 0.0498 -0.2502 0.9669
vn 0.0539 -0.2711 0.9610
vn 0.1058 -0.2554 0.9610
vn 0.0000 -0.2551 0.9669
vn -0.0498 -0.2502 0.9669
vn -0.0539 -0.2711 0.9610
vn 0.0000 -0.2764 0.9610
vn -0.0976 -0.2356 0.9669
vn -0.1417 -0.2121 0.9669
vn -0.1536 -0.2299 0.9610
vn -0.1058 -0.2554 0.9610
vn -0.1804 -0.1804 0.9669
vn -0.2121 -0.1417 0.9669
vn -0.2299 -0.1536 0.9610
vn -0.1955 -0.1955 0.9610
vn -0.2356 -0.0976 0.9669
vn -0.2502 -0.0498 0.9669
vn -0.2711 -0.0539 0.9610
vn -0.2554 -0.1058 0.9610
vn -0.2551 0.0000 0.9669
vn -0.2502 0.0498 0.9669
vn -0.2711 0.0539 0.9610
vn -0.2764 0.0000 0.9610
vn -0.2356 0.0976 0.9669
vn -0.2121 0.1417 0.9669
vn -0.2299 0.1536 0.9610
vn -0.2554 0.1058 0.9610
vn -0.1804 0.1804 0.9669
vn -0.1417 0.2121 0.9669
vn -0.1536 0.2299 0.9610
vn -0.1955 0.1955 0.9610
vn -0.0976 0.2356 0.9669
vn -0.0498 0.2502 0.9669
vn -0.0539 0.2711 0.9610
vn -0.1058 0.2554 0.9610
vn 0.0000 0.2551 0.9669
vn 0.0498 0.2502 0.9669
vn 0.0539 0.2711 0.9610
vn 0.0000 0.2764 0.9610
vn 0.0976 0.2356 0.9669
vn 0.1417 0.2121 0.9669
vn 0.1536 0.2299 0.9610
vn 0.1058 0.2554 0.9610
vn 0.1804 0.1804 0.9669
vn 0.2121 0.1417 0.9669
vn 0.2299 0.1536 0.9610
vn 0.1955 0.1955 0.9610
vn 0.2356 0.0976 0.9669
vn 0.2502 0.0498 0.9669
vn 0.2711 0.0539 0.9610
vn 0.2554 0.1058 0.9610
vn 0.3991 -0.0794 0.9135
vn 0.4069 0.0000 0.9135
vn 0.6962 -0.1385 0.7043
vn 0.7099 0.0000 0.7043
vn 0.3760 -0.1557 0.9135
vn 0.3383 -0.2261 0.9135
vn 0.5902 -0.3944 0.7043
vn 0.6559 -0.2717 0.7043
vn 0.2878 -0.2878 0.9135
vn 0.2261 -0.3383 0.9135
vn 0.3944 -0.5902 0.7043
vn 0.5020 -0.5020 0.7043
vn 0.1557 -0.3760 0.9135
vn 0.0794 -0.3991 0.9135
vn 0.1385 -0.6962 0.7043
vn 0.2717 -0.6559 0.7043
vn 0.0000 -0.4070 0.9134
vn -0.0794 -0.3991 0.9135
vn -0.1385 -0.6962 0.7043
vn 0.0000 -0.7099 0.7043
vn -0.1557 -0.3760 0.9135
vn -0.2261 -0.3384 0.9135
vn -0.3944 -0.5902 0.7043
vn -0.2717 -0.6559 0.7043
vn -0.2878 -0.2878 0.9135
vn -0.3383 -0.2261 0.9135
vn -0.5902 -0.3944 0.7043
vn -0.5020 -0.5020 0.7043
vn -0.3760 -0.1557 0.9135
vn -0.3991 -0.0794 0.9135
vn -0.6962 -0.1385 0.7043
vn -0.6559 -0.2717 0.7043
vn -0.4069 0.0000 0.9135
vn -0.3991 0.0794 0.9135
vn -0.6962 0.1385 0.7043
vn -0.7099 0.0000 0.7043
vn -0.3760 0.1557 0.9134
vn -0.3383 0.2261 0.9135
vn -0.5902 0.3944 0.7043
vn -0.6559 0.2717 0.7043
vn -0.2878 0.2878 0.9134
vn -0.2261 0.3384 0.9135
vn -0.3944 0.5902 0.7044
vn -0.5020 0.5020 0.7043
vn -0.1557 0.3760 0.9135
vn -0.0794 0.3991 0.9135
vn -0.1385 0.6962 0.7043
vn -0.2717 0.6559 0.7043
vn -0.0000 0.4069 0.9135
vn 0.0794 0.3991 0.9135
vn 0.1385 0.6962 0.7043
vn -0.0000 0.7099 0.7043
vn 0.1557 0.3760 0.9135
vn 0.2261 0.3383 0.9135
vn 0.3944 0.5902 0.7043
vn 0.2717 0.6559 0.7043
vn 0.2878 0.2878 0.9134
vn 0.3384 0.2261 0.9135
vn 0.5902 0.3944 0.7043
vn 0.5020 0.5020 0.7043
vn 0.3760 0.1557 0.9134
vn 0.3991 0.0794 0.9135
vn 0.6962 0.1385 0.7043
vn 0.6559 0.2717 0.7043
vn 0.9279 -0.1846 0.3241
vn 0.9460 0.0000 0.3241
vn 0.9804 -0.1950 0.0278
vn 0.9996 0.0000 0.0278
vn 0.8740 -0.3620 0.3241
vn 0.7866 -0.5256 0.3241
vn 0.8311 -0.5554 0.0278
vn 0.9235 -0.3825 0.0278
vn 0.6689 -0.6690 0.3241
vn 0.5256 -0.7866 0.3241
vn 0.5554 -0.8312 0.0278
vn 0.7068 -0.7068 0.0278
vn 0.3620 -0.8740 0.3241
vn 0.1846 -0.9279 0.3241
vn 0.1950 -0.9804 0.0278
vn 0.3825 -0.9235 0.0278
vn 0.0000 -0.9460 0.3241
vn -0.1846 -0.9279 0.3241
vn -0.1950 -0.9804 0.0278
vn 0.0000 -0.9996 0.0278
vn -0.3620 -0.8740 0.3240
vn -0.5256 -0.7866 0.3241
vn -0.5554 -0.8311 0.0278
vn -0.3825 -0.9235 0.0279
vn -0.6689 -0.6690 0.3240
vn -0.7866 -0.5256 0.3241
vn -0.8311 -0.5554 0.0278
vn -0.7068 -0.7068 0.0279
vn -0.8740 -0.3620 0.3240
vn -0.9279 -0.1846 0.3241
vn -0.9804 -0.1950 0.0279
vn -0.9235 -0.3825 0.0278
vn -0.9460 0.0000 0.3240
vn -0.9279 0.1846 0.3241
vn -0.9804 0.1950 0.0279
vn -0.9996 0.0000 0.0278
vn -0.8740 0.3620 0.3241
vn -0.7866 0.5256 0.3241
vn -0.8311 0.5554 0.0278
vn -0.9235 0.3825 0.0278
vn -0.6689 0.6689 0.3241
vn -0.5256 0.7866 0.3241
vn -0.5554 0.8311 0.0278
vn -0.7068 0.7068 0.0279
vn -0.3620 0.8740 0.3241
vn -0.1846 0.9279 0.3241
vn -0.1950 0.9804 0.0278
vn -0.3825 0.9235 0.0278
vn -0.0000 0.9460 0.3241
vn 0.1846 0.9279 0.3241
vn 0.1950 0.9804 0.0278
vn -0.0000 0.9996 0.0278
vn 0.3620 0.8740 0.3241
vn 0.5256 0.7866 0.3241
vn 0.5554 0.8311 0.0278
vn 0.3825 0.9235 0.0278
vn 0.6689 0.6690 0.3241
vn 0.7866 0.5256 0.3241
vn 0.8311 0.5554 0.0278
vn 0.7068 0.7068 0.0278
vn 0.8740 0.3620 0.3241
vn 0.9279 0.1846 0.3241
vn 0.9804 0.1950 0.0279
vn 0.9235 0.3825 0.0278
vn 0.9526 -0.0000 -0.3041
vn 0.9343 -0.1858 -0.3041
vn 0.6638 -0.0000 -0.7479
vn 0.6132 -0.2540 -0.7479
vn 0.6510 -0.1295 -0.7480
vn 0.8801 -0.3646 -0.3041
vn 0.7921 -0.5292 -0.3041
vn 0.4693 -0.4694 -0.7479
vn 0.5518 -0.3687 -0.7480
vn 0.6736 -0.6736 -0.3041
vn 0.5292 -0.7921 -0.3041
vn 0.2540 -0.6132 -0.7479
vn 0.3687 -0.5519 -0.7480
vn 0.3646 -0.8801 -0.3041
vn 0.1858 -0.9343 -0.3041
vn 0.0000 -0.6638 -0.7479
vn 0.1295 -0.6509 -0.7480
vn 0.0000 -0.9526 -0.3041
vn -0.1858 -0.9343 -0.3041
vn -0.2540 -0.6132 -0.7479
vn -0.1295 -0.6509 -0.7480
vn -0.3646 -0.8801 -0.3041
vn -0.5292 -0.7921 -0.3041
vn -0.4693 -0.4693 -0.7479
vn -0.3687 -0.5519 -0.7480
vn -0.6736 -0.6736 -0.3041
vn -0.7921 -0.5292 -0.3041
vn -0.6132 -0.2540 -0.7479
vn -0.5519 -0.3687 -0.7480
vn -0.8801 -0.3646 -0.3041
vn -0.9343 -0.1858 -0.3041
vn -0.6638 0.0000 -0.7479
vn -0.6509 -0.1295 -0.7480
vn -0.9526 0.0000 -0.3041
vn -0.9343 0.1858 -0.3041
vn -0.6132 0.2540 -0.7479
vn -0.6509 0.1295 -0.7480
vn -0.8801 0.3646 -0.3041
vn -0.7921 0.5293 -0.3041
vn -0.4693 0.4693 -0.7479
vn -0.5519 0.3687 -0.7480
vn -0.6736 0.6736 -0.3041
vn -0.5292 0.7921 -0.3041
vn -0.2540 0.6132 -0.7479
vn -0.3687 0.5519 -0.7480
vn -0.3646 0.8801 -0.3041
vn -0.1858 0.9343 -0.3041
vn 0.0000 0.6638 -0.7479
vn -0.1295 0.6510 -0.7480
vn -0.0000 0.9526 -0.3041
vn 0.1858 0.9343 -0.3041
vn 0.2540 0.6132 -0.7479
vn 0.1295 0.6510 -0.7480
vn 0.3646 0.8801 -0.3041
vn 0.5293 0.7921 -0.3041
vn 0.4694 0.4694 -0.7479
vn 0.3687 0.5518 -0.7480
vn 0.6736 0.6736 -0.3041
vn 0.7921 0.5292 -0.3041
vn 0.6132 0.2540 -0.7479
vn 0.5518 0.3687 -0.7480
vn 0.8801 0.3646 -0.3041
vn 0.9343 0.1859 -0.3041
vn 0.6509 0.1295 -0.7480
vn 0.2911 0.0000 -0.9567
vn 0.2855 -0.0568 -0.9567
vn 0.1562 0.0000 -0.9877
vn 0.1443 -0.0598 -0.9877
vn 0.1532 -0.0305 -0.9877
vn 0.2689 -0.1114 -0.9567
vn 0.2420 -0.1617 -0.9567
vn 0.1105 -0.1105 -0.9877
vn 0.1299 -0.0868 -0.9877
vn 0.2058 -0.2058 -0.9567
vn 0.1617 -0.2420 -0.9567
vn 0.0598 -0.1443 -0.9877
vn 0.0868 -0.1299 -0.9877
vn 0.1114 -0.2689 -0.9567
vn 0.0568 -0.2855 -0.9567
vn 0.0000 -0.1562 -0.9877
vn 0.0305 -0.1532 -0.9877
vn 0.0000 -0.2911 -0.9567
vn -0.0568 -0.2855 -0.9567
vn -0.0598 -0.1443 -0.9877
vn -0.0305 -0.1532 -0.9877
vn -0.1114 -0.2689 -0.9567
vn -0.1617 -0.2420 -0.9567
vn -0.1105 -0.1105 -0.9877
vn -0.0868 -0.1299 -0.9877
vn -0.2058 -0.2058 -0.9567
vn -0.2420 -0.1617 -0.9567
vn -0.1443 -0.0598 -0.9877
vn -0.1299 -0.0868 -0.9877
vn -0.2689 -0.1114 -0.9567
vn -0.2855 -0.0568 -0.9567
vn -0.1562 0.0000 -0.9877
vn -0.1532 -0.0305 -0.9877
vn -0.2911 0.0000 -0.9567
vn -0.2855 0.0568 -0.9567
vn -0.1443 0.0598 -0.9877
vn -0.1532 0.0305 -0.9877
vn -0.2689 0.1114 -0.9567
vn -0.2420 0.1617 -0.9567
vn -0.1105 0.1105 -0.9877
vn -0.1299 0.0868 -0.9877
vn -0.2058 0.2058 -0.9567
vn -0.1617 0.2420 -0.9567
vn -0.0598 0.1443 -0.9877
vn -0.0868 0.1299 -0.9877
vn -0.1114 0.2689 -0.9567
vn -0.0568 0.2855 -0.9567
vn 0.0000 0.1562 -0.9877
vn -0.0305 0.1532 -0.9877
vn 0.0000 0.2911 -0.9567
vn 0.0568 0.2855 -0.9567
vn 0.0598 0.1443 -0.9877
vn 0.0305 0.1532 -0.9877
vn 0.1114 0.2689 -0.9567
vn 0.1617 0.2420 -0.9567
vn 0.1105 0.1105 -0.9877
vn 0.0868 0.1299 -0.9877
vn 0.2058 0.2058 -0.9567
vn 0.2420 0.1617 -0.9567
vn 0.1443 0.0598 -0.9877
vn 0.1299 0.0868 -0.9877
vn 0.2689 0.1114 -0.9567
vn 0.2855 0.0568 -0.9567
vn 0.1532 0.0305 -0.9877
vn 0.1640 0.0000 -0.9865
vn 0.1608 -0.0320 -0.9865
vn 0.2631 0.0000 -0.9648
vn 0.2431 -0.1007 -0.9648
vn 0.2581 -0.0513 -0.9647
vn 0.1515 -0.0627 -0.9865
vn 0.1364 -0.0911 -0.9865
vn 0.1861 -0.1861 -0.9648
vn 0.2188 -0.1462 -0.9647
vn 0.1159 -0.1159 -0.9865
vn 0.0911 -0.1363 -0.9865
vn 0.1007 -0.2431 -0.9648
vn 0.1462 -0.2188 -0.9647
vn 0.0627 -0.1515 -0.9865
vn 0.0320 -0.1608 -0.9865
vn 0.0000 -0.2631 -0.9648
vn 0.0513 -0.2581 -0.9647
vn 0.0000 -0.1640 -0.9865
vn -0.0320 -0.1608 -0.9865
vn -0.1007 -0.2431 -0.9648
vn -0.0513 -0.2581 -0.9647
vn -0.0627 -0.1515 -0.9865
vn -0.0911 -0.1363 -0.9865
vn -0.1861 -0.1861 -0.9648
vn -0.1462 -0.2188 -0.9647
vn -0.1159 -0.1159 -0.9865
vn -0.1364 -0.0911 -0.9865
vn -0.2431 -0.1007 -0.9648
vn -0.2188 -0.1462 -0.9647
vn -0.1515 -0.0627 -0.9865
vn -0.1609 -0.0320 -0.9865
vn -0.2631 0.0000 -0.9648
vn -0.2581 -0.0513 -0.9647
vn -0.1639 0.0000 -0.9865
vn -0.1608 0.0320 -0.9865
vn -0.2431 0.1007 -0.9648
vn -0.2581 0.0513 -0.9647
vn -0.1515 0.0627 -0.9865
vn -0.1364 0.0911 -0.9865
vn -0.1861 0.1861 -0.9648
vn -0.2188 0.1462 -0.9647
vn -0.1159 0.1159 -0.9865
vn -0.0911 0.1364 -0.9865
vn -0.1007 0.2431 -0.9648
vn -0.1462 0.2188 -0.9647
vn -0.0627 0.1515 -0.9865
vn -0.0320 0.1608 -0.9865
vn 0.0000 0.2631 -0.9648
vn -0.0513 0.2581 -0.9647
vn 0.0000 0.1640 -0.9865
vn 0.0320 0.1608 -0.9865
vn 0.1007 0.2431 -0.9648
vn 0.0513 0.2581 -0.9647
vn 0.0627 0.1515 -0.9865
vn 0.0911 0.1364 -0.9865
vn 0.1861 0.1861 -0.9648
vn 0.1462 0.2188 -0.9647
vn 0.1159 0.1159 -0.9865
vn 0.1364 0.0911 -0.9865
vn 0.2431 0.1007 -0.9648
vn 0.2188 0.1462 -0.9647
vn 0.1515 0.0628 -0.9865
vn 0.1608 0.0320 -0.9865
vn 0.2581 0.0513 -0.9647
vn 0.4421 0.0000 -0.8970
vn 0.4337 -0.0863 -0.8969
vn 0.6287 -0.0000 -0.7776
vn 0.5809 -0.2406 -0.7776
vn 0.6167 -0.1227 -0.7776
vn 0.4085 -0.1692 -0.8970
vn 0.3677 -0.2457 -0.8969
vn 0.4446 -0.4446 -0.7776
vn 0.5228 -0.3493 -0.7776
vn 0.3126 -0.3126 -0.8970
vn 0.2457 -0.3677 -0.8969
vn 0.2406 -0.5809 -0.7776
vn 0.3493 -0.5228 -0.7776
vn 0.1692 -0.4085 -0.8970
vn 0.0863 -0.4337 -0.8969
vn 0.0000 -0.6287 -0.7776
vn 0.1227 -0.6167 -0.7776
vn 0.0000 -0.4421 -0.8970
vn -0.0863 -0.4337 -0.8969
vn -0.2406 -0.5809 -0.7776
vn -0.1227 -0.6167 -0.7776
vn -0.1692 -0.4085 -0.8970
vn -0.2457 -0.3677 -0.8969
vn -0.4446 -0.4446 -0.7776
vn -0.3493 -0.5228 -0.7776
vn -0.3126 -0.3126 -0.8970
vn -0.3677 -0.2457 -0.8969
vn -0.5809 -0.2406 -0.7776
vn -0.5228 -0.3493 -0.7776
vn -0.4085 -0.1692 -0.8970
vn -0.4337 -0.0863 -0.8969
vn -0.6287 -0.0000 -0.7776
vn -0.6167 -0.1227 -0.7776
vn -0.4421 0.0000 -0.8970
vn -0.4337 0.0863 -0.8969
vn -0.5809 0.2406 -0.7776
vn -0.6167 0.1227 -0.7776
vn -0.4085 0.1692 -0.8970
vn -0.3677 0.2457 -0.8969
vn -0.4446 0.4446 -0.7776
vn -0.5228 0.3493 -0.7776
vn -0.3126 0.3126 -0.8970
vn -0.2457 0.3676 -0.8969
vn -0.2406 0.5809 -0.7776
vn -0.3493 0.5228 -0.7776
vn -0.1692 0.4084 -0.8970
vn -0.0863 0.4337 -0.8969
vn -0.0000 0.6287 -0.7776
vn -0.1227 0.6167 -0.7776
vn 0.0000 0.4421 -0.8970
vn 0.0863 0.4337 -0.8969
vn 0.2406 0.5809 -0.7776
vn 0.1227 0.6167 -0.7776
vn 0.1692 0.4084 -0.8970
vn 0.2457 0.3676 -0.8969
vn 0.4446 0.4446 -0.7776
vn 0.3493 0.5228 -0.7776
vn 0.3126 0.3126 -0.8970
vn 0.3677 0.2457 -0.8969
vn 0.5809 0.2406 -0.7776
vn 0.5228 0.3493 -0.7776
vn 0.4085 0.1692 -0.8970
vn 0.4337 0.0863 -0.8969
vn 0.6167 0.1227 -0.7776
vn 0.7273 -0.0000 -0.6863
vn 0.7133 -0.1419 -0.6863
vn 0.7484 -0.0000 -0.6632
vn 0.6915 -0.2864 -0.6632
vn 0.7341 -0.1460 -0.6632
vn 0.6719 -0.2783 -0.6863
vn 0.6047 -0.4041 -0.6863
vn 0.5292 -0.5292 -0.6632
vn 0.6223 -0.4158 -0.6632
vn 0.5143 -0.5143 -0.6863
vn 0.4041 -0.6047 -0.6863
vn 0.2864 -0.6915 -0.6632
vn 0.4158 -0.6223 -0.6632
vn 0.2783 -0.6719 -0.6863
vn 0.1419 -0.7133 -0.6863
vn 0.0000 -0.7484 -0.6632
vn 0.1460 -0.7341 -0.6632
vn 0.0000 -0.7273 -0.6863
vn -0.1419 -0.7133 -0.6863
vn -0.2864 -0.6915 -0.6632
vn -0.1460 -0.7341 -0.6632
vn -0.2783 -0.6719 -0.6863
vn -0.4041 -0.6047 -0.6863
vn -0.5292 -0.5292 -0.6632
vn -0.4158 -0.6223 -0.6632
vn -0.5143 -0.5143 -0.6863
vn -0.6047 -0.4041 -0.6863
vn -0.6915 -0.2864 -0.6632
vn -0.6223 -0.4158 -0.6632
vn -0.6719 -0.2783 -0.6863
vn -0.7133 -0.1419 -0.6863
vn -0.7484 0.0000 -0.6632
vn -0.7341 -0.1460 -0.6632
vn -0.7273 0.0000 -0.6863
vn -0.7133 0.1419 -0.6863
vn -0.6915 0.2864 -0.6632
vn -0.7341 0.1460 -0.6632
vn -0.6719 0.2783 -0.6863
vn -0.6047 0.4041 -0.6863
vn -0.5292 0.5292 -0.6632
vn -0.6223 0.4158 -0.6632
vn -0.5143 0.5143 -0.6863
vn -0.4041 0.6047 -0.6863
vn -0.2864 0.6915 -0.6632
vn -0.4158 0.6223 -0.6632
vn -0.2783 0.6719 -0.6863
vn -0.1419 0.7133 -0.6863
vn 0.0000 0.7484 -0.6632
vn -0.1460 0.7341 -0.6632
vn 0.0000 0.7273 -0.6863
vn 0.1419 0.7133 -0.6863
vn 0.2864 0.6915 -0.6632
vn 0.1460 0.7341 -0.6632
vn 0.2783 0.6719 -0.6863
vn 0.4041 0.6047 -0.6863
vn 0.5292 0.5292 -0.6632
vn 0.4158 0.6223 -0.6632
vn 0.5143 0.5143 -0.6863
vn 0.6047 0.4041 -0.6863
vn 0.6915 0.2864 -0.6632
vn 0.6223 0.4158 -0.6632
vn 0.6719 0.2783 -0.6863
vn 0.7133 0.1419 -0.6863
vn 0.7341 0.1460 -0.6632
vn 0.8096 0.0000 -0.5870
vn 0.7940 -0.1579 -0.5870
vn 0.9503 -0.0000 -0.3113
vn 0.8780 -0.3637 -0.3113
vn 0.9321 -0.1854 -0.3113
vn 0.7480 -0.3098 -0.5870
vn 0.6732 -0.4498 -0.5870
vn 0.6720 -0.6720 -0.3113
vn 0.7902 -0.5280 -0.3113
vn 0.5725 -0.5725 -0.5870
vn 0.4498 -0.6732 -0.5870
vn 0.3637 -0.8780 -0.3113
vn 0.5280 -0.7902 -0.3113
vn 0.3098 -0.7479 -0.5870
vn 0.1579 -0.7941 -0.5870
vn 0.0000 -0.9503 -0.3113
vn 0.1854 -0.9321 -0.3113
vn 0.0000 -0.8096 -0.5870
vn -0.1579 -0.7941 -0.5870
vn -0.3637 -0.8780 -0.3113
vn -0.1854 -0.9321 -0.3113
vn -0.3098 -0.7479 -0.5870
vn -0.4498 -0.6732 -0.5870
vn -0.6720 -0.6720 -0.3113
vn -0.5280 -0.7902 -0.3113
vn -0.5725 -0.5725 -0.5870
vn -0.6732 -0.4498 -0.5870
vn -0.8780 -0.3637 -0.3113
vn -0.7902 -0.5280 -0.3113
vn -0.7479 -0.3098 -0.5870
vn -0.7940 -0.1579 -0.5870
vn -0.9503 0.0000 -0.3113
vn -0.9321 -0.1854 -0.3113
vn -0.8096 0.0000 -0.5870
vn -0.7940 0.1579 -0.5870
vn -0.8780 0.3637 -0.3113
vn -0.9321 0.1854 -0.3113
vn -0.7479 0.3098 -0.5870
vn -0.6732 0.4498 -0.5870
vn -0.6720 0.6720 -0.3113
vn -0.7902 0.5280 -0.3113
vn -0.5725 0.5725 -0.5870
vn -0.4498 0.6732 -0.5870
vn -0.3637 0.8780 -0.3113
vn -0.5280 0.7902 -0.3113
vn -0.3098 0.7479 -0.5870
vn -0.1579 0.7940 -0.5870
vn 0.0000 0.9503 -0.3113
vn -0.1854 0.9321 -0.3113
vn 0.0000 0.8096 -0.5870
vn 0.1579 0.7940 -0.5870
vn 0.3637 0.8780 -0.3113
vn 0.1854 0.9321 -0.3113
vn 0.3098 0.7480 -0.5870
vn 0.4498 0.6732 -0.5870
vn 0.6720 0.6720 -0.3113
vn 0.5280 0.7902 -0.3113
vn 0.5725 0.5725 -0.5870
vn 0.6732 0.4498 -0.5870
vn 0.8780 0.3637 -0.3113
vn 0.7902 0.5280 -0.3113
vn 0.7480 0.3098 -0.5870
vn 0.7941 0.1579 -0.5870
vn 0.9321 0.1854 -0.3113
vn 0.9993 0.0000 -0.0367
vn 0.9803 -0.1950 0.0317
vn 0.9995 0.0000 0.0317
vn 0.9233 -0.3824 -0.0368
vn 0.9801 -0.1950 -0.0367
vn 0.8310 -0.5553 0.0317
vn 0.9234 -0.3825 0.0317
vn 0.7066 -0.7066 -0.0368
vn 0.8309 -0.5552 -0.0367
vn 0.5553 -0.8310 0.0317
vn 0.7067 -0.7068 0.0317
vn 0.3824 -0.9233 -0.0368
vn 0.5552 -0.8309 -0.0367
vn 0.1950 -0.9803 0.0317
vn 0.3825 -0.9234 0.0317
vn 0.0000 -0.9993 -0.0368
vn 0.1950 -0.9801 -0.0368
vn -0.1950 -0.9803 0.0317
vn 0.0000 -0.9995 0.0317
vn -0.3824 -0.9233 -0.0368
vn -0.1950 -0.9801 -0.0368
vn -0.5553 -0.8311 0.0317
vn -0.3825 -0.9234 0.0317
vn -0.7066 -0.7066 -0.0367
vn -0.5552 -0.8309 -0.0367
vn -0.8311 -0.5553 0.0317
vn -0.7067 -0.7068 0.0317
vn -0.9233 -0.3824 -0.0368
vn -0.8309 -0.5552 -0.0367
vn -0.9803 -0.1950 0.0317
vn -0.9234 -0.3825 0.0317
vn -0.9993 0.0000 -0.0368
vn -0.9801 -0.1950 -0.0368
vn -0.9803 0.1950 0.0317
vn -0.9995 0.0000 0.0317
vn -0.9233 0.3824 -0.0368
vn -0.9801 0.1950 -0.0368
vn -0.8310 0.5553 0.0317
vn -0.9234 0.3825 0.0317
vn -0.7066 0.7066 -0.0368
vn -0.8309 0.5552 -0.0367
vn -0.5553 0.8311 0.0317
vn -0.7068 0.7067 0.0317
vn -0.3824 0.9233 -0.0367
vn -0.5552 0.8309 -0.0367
vn -0.1950 0.9803 0.0317
vn -0.3825 0.9234 0.0317
vn 0.0000 0.9993 -0.0367
vn -0.1950 0.9801 -0.0367
vn 0.1950 0.9803 0.0317
vn 0.0000 0.9995 0.0317
vn 0.3824 0.9233 -0.0368
vn 0.1950 0.9801 -0.0367
vn 0.5553 0.8310 0.0317
vn 0.3825 0.9234 0.0317
vn 0.7066 0.7066 -0.0368
vn 0.5552 0.8309 -0.0367
vn 0.8310 0.5553 0.0317
vn 0.7067 0.7068 0.0317
vn 0.9233 0.3824 -0.0368
vn 0.8309 0.5552 -0.0367
vn 0.9803 0.1950 0.0317
vn 0.9234 0.3825 0.0317
vn 0.9801 0.1950 -0.0367
vn 0.9800 -0.1949 0.0391
vn 0.9992 0.0000 0.0391
vn 0.9795 -0.1948 0.0515
vn 0.9987 -0.0000 0.0515
vn 0.9232 -0.3824 0.0391
vn 0.8308 -0.5551 0.0391
vn 0.8304 -0.5548 0.0515
vn 0.9227 -0.3822 0.0515
vn 0.7066 -0.7066 0.0391
vn 0.5551 -0.8308 0.0391
vn 0.5548 -0.8304 0.0515
vn 0.7062 -0.7062 0.0515
vn 0.3824 -0.9232 0.0391
vn 0.1949 -0.9800 0.0391
vn 0.1948 -0.9795 0.0515
vn 0.3822 -0.9227 0.0515
vn 0.0000 -0.9992 0.0391
vn -0.1949 -0.9800 0.0391
vn -0.1948 -0.9795 0.0515
vn 0.0000 -0.9987 0.0515
vn -0.3824 -0.9232 0.0391
vn -0.5551 -0.8308 0.0391
vn -0.5548 -0.8304 0.0515
vn -0.3822 -0.9227 0.0515
vn -0.7066 -0.7066 0.0391
vn -0.8308 -0.5551 0.0391
vn -0.8304 -0.5548 0.0515
vn -0.7062 -0.7062 0.0515
vn -0.9232 -0.3824 0.0391
vn -0.9800 -0.1949 0.0391
vn -0.9795 -0.1948 0.0515
vn -0.9227 -0.3822 0.0515
vn -0.9992 0.0000 0.0391
vn -0.9800 0.1949 0.0391
vn -0.9795 0.1948 0.0515
vn -0.9987 0.0000 0.0515
vn -0.9232 0.3824 0.0391
vn -0.8308 0.5551 0.0391
vn -0.8304 0.5548 0.0515
vn -0.9227 0.3822 0.0515
vn -0.7066 0.7066 0.0391
vn -0.5551 0.8308 0.0391
vn -0.5548 0.8304 0.0515
vn -0.7062 0.7062 0.0515
vn -0.3824 0.9232 0.0391
vn -0.1949 0.9800 0.0391
vn -0.1948 0.9795 0.0515
vn -0.3822 0.9227 0.0515
vn 0.0000 0.9992 0.0391
vn 0.1949 0.9800 0.0391
vn 0.1948 0.9795 0.0515
vn 0.0000 0.9987 0.0515
vn 0.3824 0.9232 0.0391
vn 0.5551 0.8308 0.0391
vn 0.5548 0.8304 0.0515
vn 0.3822 0.9227 0.0515
vn 0.7066 0.7066 0.0391
vn 0.8308 0.5551 0.0391
vn 0.8304 0.5548 0.0515
vn 0.7062 0.7062 0.0515
vn 0.9232 0.3824 0.0391
vn 0.9800 0.1949 0.0391
vn 0.9795 0.1948 0.0515
vn 0.9227 0.3822 0.0515
vn 0.9759 -0.1941 0.0995
vn 0.9950 0.0000 0.0995
vn 0.9630 -0.1916 0.1894
vn 0.9819 0.0000 0.1895
vn 0.9193 -0.3808 0.0995
vn 0.8273 -0.5528 0.0995
vn 0.8164 -0.5455 0.1894
vn 0.9071 -0.3758 0.1894
vn 0.7036 -0.7036 0.0995
vn 0.5528 -0.8273 0.0995
vn 0.5455 -0.8164 0.1894
vn 0.6943 -0.6943 0.1895
vn 0.3808 -0.9193 0.0995
vn 0.1941 -0.9759 0.0995
vn 0.1916 -0.9630 0.1894
vn 0.3758 -0.9071 0.1894
vn 0.0000 -0.9950 0.0995
vn -0.1941 -0.9759 0.0995
vn -0.1916 -0.9630 0.1894
vn 0.0000 -0.9819 0.1894
vn -0.3808 -0.9193 0.0995
vn -0.5528 -0.8273 0.0995
vn -0.5455 -0.8164 0.1894
vn -0.3758 -0.9071 0.1894
vn -0.7036 -0.7036 0.0995
vn -0.8273 -0.5528 0.0995
vn -0.8164 -0.5455 0.1894
vn -0.6943 -0.6943 0.1895
vn -0.9193 -0.3808 0.0995
vn -0.9759 -0.1941 0.0995
vn -0.9630 -0.1916 0.1894
vn -0.9071 -0.3758 0.1894
vn -0.9950 0.0000 0.0995
vn -0.9759 0.1941 0.0995
vn -0.9630 0.1916 0.1894
vn -0.9819 0.0000 0.1894
vn -0.9193 0.3808 0.0995
vn -0.8273 0.5528 0.0995
vn -0.8164 0.5455 0.1894
vn -0.9071 0.3758 0.1894
vn -0.7036 0.7036 0.0995
vn -0.5528 0.8273 0.0995
vn -0.5455 0.8164 0.1894
vn -0.6943 0.6943 0.1895
vn -0.3808 0.9193 0.0995
vn -0.1941 0.9759 0.0995
vn -0.1916 0.9630 0.1894
vn -0.3758 0.9071 0.1894
vn 0.0000 0.9950 0.0995
vn 0.1941 0.9759 0.0995
vn 0.1916 0.9630 0.1894
vn 0.0000 0.9819 0.1894
vn 0.3808 0.9193 0.0995
vn 0.5528 0.8273 0.0995
vn 0.5455 0.8164 0.1894
vn 0.3758 0.9071 0.1895
vn 0.7036 0.7036 0.0995
vn 0.8273 0.5528 0.0995
vn 0.8164 0.5455 0.1894
vn 0.6943 0.6943 0.1894
vn 0.9193 0.3808 0.0995
vn 0.9759 0.1941 0.0995
vn 0.9630 0.1916 0.1894
vn 0.9071 0.3758 0.1894
vn 0.8382 0.0000 0.5454
vn 0.5443 -0.1083 0.8318
vn 0.5549 0.0000 0.8319
vn 0.3268 -0.0650 0.9429
vn 0.3331 0.0000 0.9429
vn 0.5127 -0.2124 0.8319
vn 0.7744 -0.3207 0.5454
vn 0.8221 -0.1635 0.5454
vn 0.4615 -0.3084 0.8318
vn 0.2770 -0.1851 0.9429
vn 0.3078 -0.1275 0.9429
vn 0.3924 -0.3924 0.8319
vn 0.5927 -0.5927 0.5454
vn 0.6969 -0.4657 0.5454
vn 0.3084 -0.4615 0.8318
vn 0.1851 -0.2770 0.9429
vn 0.2356 -0.2356 0.9429
vn 0.2124 -0.5127 0.8319
vn 0.3207 -0.7744 0.5454
vn 0.4657 -0.6969 0.5454
vn 0.1083 -0.5444 0.8318
vn 0.0650 -0.3268 0.9429
vn 0.1275 -0.3078 0.9429
vn 0.0000 -0.5549 0.8319
vn 0.0000 -0.8382 0.5454
vn 0.1635 -0.8221 0.5454
vn -0.1083 -0.5444 0.8318
vn -0.0650 -0.3268 0.9429
vn 0.0000 -0.3331 0.9429
vn -0.2124 -0.5127 0.8319
vn -0.3207 -0.7744 0.5454
vn -0.1635 -0.8221 0.5454
vn -0.3084 -0.4615 0.8318
vn -0.1851 -0.2770 0.9429
vn -0.1275 -0.3078 0.9429
vn -0.3924 -0.3924 0.8319
vn -0.5927 -0.5927 0.5454
vn -0.4657 -0.6969 0.5454
vn -0.4615 -0.3084 0.8318
vn -0.2770 -0.1851 0.9429
vn -0.2356 -0.2356 0.9429
vn -0.5127 -0.2124 0.8319
vn -0.7744 -0.3208 0.5454
vn -0.6969 -0.4657 0.5454
vn -0.5444 -0.1083 0.8318
vn -0.3268 -0.0650 0.9429
vn -0.3078 -0.1275 0.9429
vn -0.5549 0.0000 0.8319
vn -0.8382 0.0000 0.5454
vn -0.8221 -0.1635 0.5454
vn -0.5444 0.1083 0.8318
vn -0.3268 0.0650 0.9429
vn -0.3331 0.0000 0.9429
vn -0.5127 0.2124 0.8319
vn -0.7744 0.3207 0.5454
vn -0.8221 0.1635 0.5454
vn -0.4615 0.3084 0.8318
vn -0.2770 0.1851 0.9429
vn -0.3078 0.1275 0.9429
vn -0.3924 0.3924 0.8319
vn -0.5927 0.5927 0.5454
vn -0.6969 0.4657 0.5454
vn -0.3084 0.4615 0.8318
vn -0.1851 0.2770 0.9429
vn -0.2356 0.2356 0.9429
vn -0.2124 0.5127 0.8319
vn -0.3207 0.7744 0.5454
vn -0.4657 0.6969 0.5454
vn -0.1083 0.5443 0.8318
vn -0.0650 0.3268 0.9429
vn -0.1275 0.3078 0.9429
vn 0.0000 0.5549 0.8319
vn 0.0000 0.8382 0.5454
vn -0.1635 0.8221 0.5454
vn 0.1083 0.5444 0.8318
vn 0.0650 0.3268 0.9429
vn 0.0000 0.3331 0.9429
vn 0.2124 0.5127 0.8319
vn 0.3207 0.7744 0.5454
vn 0.1635 0.8221 0.5454
vn 0.3084 0.4615 0.8318
vn 0.1851 0.2770 0.9429
vn 0.1275 0.3078 0.9429
vn 0.3924 0.3924 0.8319
vn 0.5927 0.5927 0.5454
vn 0.4657 0.6969 0.5454
vn 0.4615 0.3084 0.8318
vn 0.2770 0.1851 0.9429
vn 0.2356 0.2356 0.9429
vn 0.5127 0.2124 0.8319
vn 0.7744 0.3207 0.5454
vn 0.6969 0.4657 0.5454
vn 0.5443 0.1083 0.8318
vn 0.3268 0.0650 0.9429
vn 0.3078 0.1275 0.9429
vn 0.8221 0.1635 0.5454
vn 0.3735 -0.0743 0.9246
vn 0.3809 0.0000 0.9246
vn 0.5946 -0.1183 0.7953
vn 0.6062 0.0000 0.7953
vn 0.3519 -0.1458 0.9246
vn 0.3167 -0.2116 0.9246
vn 0.5041 -0.3368 0.7953
vn 0.5601 -0.2320 0.7953
vn 0.2693 -0.2693 0.9246
vn 0.2116 -0.3167 0.9246
vn 0.3368 -0.5041 0.7953
vn 0.4287 -0.4287 0.7953
vn 0.1457 -0.3519 0.9246
vn 0.0743 -0.3735 0.9246
vn 0.1183 -0.5946 0.7953
vn 0.2320 -0.5601 0.7953
vn 0.0000 -0.3809 0.9246
vn -0.0743 -0.3735 0.9246
vn -0.1183 -0.5946 0.7953
vn 0.0000 -0.6063 0.7953
vn -0.1458 -0.3519 0.9246
vn -0.2116 -0.3167 0.9246
vn -0.3368 -0.5041 0.7953
vn -0.2320 -0.5601 0.7953
vn -0.2693 -0.2693 0.9246
vn -0.3167 -0.2116 0.9246
vn -0.5041 -0.3368 0.7953
vn -0.4287 -0.4287 0.7953
vn -0.3519 -0.1458 0.9246
vn -0.3735 -0.0743 0.9246
vn -0.5946 -0.1183 0.7953
vn -0.5601 -0.2320 0.7953
vn -0.3809 0.0000 0.9246
vn -0.3735 0.0743 0.9246
vn -0.5946 0.1183 0.7953
vn -0.6062 0.0000 0.7953
vn -0.3519 0.1457 0.9246
vn -0.3167 0.2116 0.9246
vn -0.5041 0.3368 0.7953
vn -0.5601 0.2320 0.7953
vn -0.2693 0.2693 0.9246
vn -0.2116 0.3167 0.9246
vn -0.3368 0.5041 0.7953
vn -0.4287 0.4287 0.7953
vn -0.1457 0.3519 0.9246
vn -0.0743 0.3735 0.9246
vn -0.1183 0.5946 0.7953
vn -0.2320 0.5601 0.7953
vn 0.0000 0.3809 0.9246
vn 0.0743 0.3735 0.9246
vn 0.1183 0.5946 0.7953
vn 0.0000 0.6062 0.7953
vn 0.1458 0.3519 0.9246
vn 0.2116 0.3167 0.9246
vn 0.3368 0.5041 0.7953
vn 0.2320 0.5601 0.7953
vn 0.2693 0.2693 0.9246
vn 0.3167 0.2116 0.9246
vn 0.5041 0.3368 0.7953
vn 0.4287 0.4287 0.7953
vn 0.3519 0.1457 0.9246
vn 0.3735 0.0743 0.9246
vn 0.5946 0.1183 0.7953
vn 0.5601 0.2320 0.7953
vn 0.8300 -0.1651 0.5327
vn 0.8463 -0.0000 0.5327
vn 0.9616 -0.1913 0.1966
vn 0.9805 -0.0000 0.1966
vn 0.7819 -0.3239 0.5327
vn 0.7037 -0.4702 0.5327
vn 0.8152 -0.5447 0.1966
vn 0.9058 -0.3752 0.1966
vn 0.5984 -0.5984 0.5327
vn 0.4702 -0.7037 0.5327
vn 0.5447 -0.8152 0.1966
vn 0.6933 -0.6933 0.1966
vn 0.3239 -0.7819 0.5327
vn 0.1651 -0.8300 0.5327
vn 0.1913 -0.9616 0.1966
vn 0.3752 -0.9059 0.1966
vn 0.0000 -0.8463 0.5327
vn -0.1651 -0.8300 0.5327
vn -0.1913 -0.9616 0.1966
vn -0.0000 -0.9805 0.1966
vn -0.3239 -0.7819 0.5327
vn -0.4702 -0.7037 0.5327
vn -0.5447 -0.8152 0.1966
vn -0.3752 -0.9059 0.1966
vn -0.5984 -0.5984 0.5327
vn -0.7037 -0.4702 0.5327
vn -0.8152 -0.5447 0.1966
vn -0.6933 -0.6933 0.1966
vn -0.7819 -0.3239 0.5327
vn -0.8300 -0.1651 0.5327
vn -0.9616 -0.1913 0.1966
vn -0.9059 -0.3752 0.1966
vn -0.8463 0.0000 0.5327
vn -0.8300 0.1651 0.5327
vn -0.9616 0.1913 0.1966
vn -0.9805 0.0000 0.1966
vn -0.7819 0.3239 0.5327
vn -0.7037 0.4702 0.5327
vn -0.8152 0.5447 0.1966
vn -0.9059 0.3752 0.1966
vn -0.5984 0.5984 0.5327
vn -0.4702 0.7037 0.5327
vn -0.5447 0.8152 0.1966
vn -0.6933 0.6933 0.1966
vn -0.3239 0.7819 0.5327
vn -0.1651 0.8300 0.5327
vn -0.1913 0.9616 0.1966
vn -0.3752 0.9059 0.1966
vn 0.0000 0.8463 0.5327
vn 0.1651 0.8300 0.5327
vn 0.1913 0.9616 0.1966
vn 0.0000 0.9805 0.1966
vn 0.3239 0.7819 0.5327
vn 0.4702 0.7037 0.5327
vn 0.5447 0.8152 0.1966
vn 0.3752 0.9058 0.1966
vn 0.5984 0.5984 0.5327
vn 0.7037 0.4702 0.5327
vn 0.8152 0.5447 0.1966
vn 0.6933 0.6933 0.1966
vn 0.7819 0.3239 0.5327
vn 0.8300 0.1651 0.5327
vn 0.9616 0.1913 0.1966
vn 0.9059 0.3752 0.1966
vn 0.9681 -0.1926 -0.1605
vn 0.9870 -0.0000 -0.1605
vn 0.8142 -0.1619 -0.5576
vn 0.8301 0.0001 -0.5576
vn 0.7670 -0.3176 -0.5576
vn 0.9119 -0.3777 -0.1605
vn 0.8207 -0.5484 -0.1605
vn 0.6903 -0.4611 -0.5576
vn 0.5871 -0.5869 -0.5576
vn 0.6979 -0.6979 -0.1605
vn 0.5484 -0.8207 -0.1605
vn 0.4613 -0.6902 -0.5576
vn 0.3178 -0.7669 -0.5576
vn 0.3777 -0.9119 -0.1605
vn 0.1926 -0.9681 -0.1605
vn 0.1620 -0.8142 -0.5576
vn 0.0001 -0.8301 -0.5576
vn -0.0000 -0.9870 -0.1605
vn -0.1926 -0.9681 -0.1605
vn -0.1619 -0.8142 -0.5576
vn -0.3176 -0.7670 -0.5576
vn -0.3777 -0.9119 -0.1605
vn -0.5484 -0.8207 -0.1605
vn -0.4611 -0.6903 -0.5576
vn -0.5869 -0.5871 -0.5576
vn -0.6979 -0.6979 -0.1605
vn -0.8207 -0.5484 -0.1605
vn -0.6902 -0.4613 -0.5576
vn -0.7669 -0.3178 -0.5576
vn -0.9119 -0.3777 -0.1605
vn -0.9681 -0.1926 -0.1605
vn -0.8141 -0.1620 -0.5576
vn -0.8301 -0.0001 -0.5576
vn -0.9870 0.0000 -0.1605
vn -0.9681 0.1926 -0.1605
vn -0.8142 0.1619 -0.5576
vn -0.7670 0.3176 -0.5576
vn -0.9119 0.3777 -0.1605
vn -0.8207 0.5484 -0.1605
vn -0.6903 0.4611 -0.5576
vn -0.5871 0.5869 -0.5576
vn -0.6979 0.6979 -0.1605
vn -0.5484 0.8207 -0.1605
vn -0.4613 0.6902 -0.5576
vn -0.3178 0.7669 -0.5576
vn -0.3777 0.9119 -0.1605
vn -0.1926 0.9681 -0.1605
vn -0.1620 0.8142 -0.5576
vn -0.0001 0.8301 -0.5576
vn 0.0000 0.9870 -0.1605
vn 0.1926 0.9681 -0.1605
vn 0.1619 0.8142 -0.5576
vn 0.3176 0.7670 -0.5576
vn 0.3777 0.9119 -0.1605
vn 0.5484 0.8207 -0.1605
vn 0.4611 0.6903 -0.5576
vn 0.5869 0.5871 -0.5576
vn 0.6979 0.6979 -0.1605
vn 0.8207 0.5484 -0.1605
vn 0.6902 0.4613 -0.5576
vn 0.7669 0.3178 -0.5576
vn 0.9119 0.3777 -0.1605
vn 0.9681 0.1926 -0.1605
vn 0.8142 0.1620 -0.5576
vn 0.5736 0.0002 -0.8191
vn 0.9671 -0.1903 0.1689
vn 0.9856 0.0020 0.1689
vn 0.3590 -0.0708 0.9306
vn 0.3659 0.0006 0.9307
vn 0.3382 -0.1395 0.9307
vn 0.5627 -0.1117 -0.8191
vn 0.9114 -0.3753 0.1689
vn 0.5300 -0.2193 -0.8192
vn 0.8207 -0.5459 0.1689
vn 0.3046 -0.2028 0.9306
vn 0.2591 -0.2583 0.9307
vn 0.4771 -0.3185 -0.8191
vn 0.6984 -0.6955 0.1689
vn 0.4058 -0.4054 -0.8191
vn 0.5493 -0.8184 0.1689
vn 0.2038 -0.3039 0.9307
vn 0.1405 -0.3378 0.9307
vn 0.3189 -0.4769 -0.8191
vn 0.3791 -0.9098 0.1689
vn 0.2197 -0.5298 -0.8191
vn 0.1943 -0.9663 0.1688
vn 0.0719 -0.3588 0.9307
vn 0.0006 -0.3659 0.9307
vn 0.1121 -0.5626 -0.8191
vn 0.0020 -0.9856 0.1689
vn 0.0002 -0.5736 -0.8191
vn -0.1903 -0.9671 0.1689
vn -0.0708 -0.3590 0.9307
vn -0.1395 -0.3382 0.9307
vn -0.1117 -0.5627 -0.8191
vn -0.3753 -0.9114 0.1689
vn -0.2193 -0.5300 -0.8191
vn -0.5459 -0.8206 0.1689
vn -0.2028 -0.3046 0.9307
vn -0.2583 -0.2591 0.9307
vn -0.3185 -0.4771 -0.8191
vn -0.6955 -0.6984 0.1689
vn -0.4054 -0.4058 -0.8191
vn -0.8184 -0.5493 0.1688
vn -0.3039 -0.2038 0.9307
vn -0.3378 -0.1405 0.9307
vn -0.4768 -0.3189 -0.8191
vn -0.9098 -0.3791 0.1689
vn -0.5298 -0.2197 -0.8192
vn -0.9663 -0.1943 0.1688
vn -0.3588 -0.0719 0.9307
vn -0.3659 -0.0006 0.9307
vn -0.5626 -0.1121 -0.8191
vn -0.9856 -0.0020 0.1689
vn -0.5736 -0.0002 -0.8191
vn -0.9671 0.1903 0.1689
vn -0.3590 0.0708 0.9307
vn -0.3382 0.1395 0.9307
vn -0.5627 0.1117 -0.8191
vn -0.9114 0.3753 0.1689
vn -0.5300 0.2193 -0.8191
vn -0.8206 0.5459 0.1689
vn -0.3045 0.2028 0.9307
vn -0.2591 0.2583 0.9307
vn -0.4771 0.3185 -0.8191
vn -0.6984 0.6955 0.1689
vn -0.4057 0.4054 -0.8192
vn -0.5493 0.8184 0.1689
vn -0.2038 0.3039 0.9306
vn -0.1405 0.3378 0.9307
vn -0.3189 0.4769 -0.8191
vn -0.3791 0.9098 0.1689
vn -0.2197 0.5298 -0.8192
vn -0.1943 0.9663 0.1689
vn -0.0719 0.3588 0.9307
vn -0.0006 0.3658 0.9307
vn -0.1121 0.5626 -0.8191
vn -0.0020 0.9856 0.1689
vn -0.0002 0.5736 -0.8192
vn 0.1903 0.9671 0.1688
vn 0.0708 0.3590 0.9307
vn 0.1395 0.3382 0.9307
vn 0.1117 0.5627 -0.8191
vn 0.3753 0.9114 0.1689
vn 0.2193 0.5300 -0.8191
vn 0.5459 0.8207 0.1688
vn 0.2028 0.3045 0.9307
vn 0.2583 0.2591 0.9307
vn 0.3185 0.4771 -0.8191
vn 0.6955 0.6984 0.1689
vn 0.4054 0.4057 -0.8192
vn 0.8184 0.5493 0.1689
vn 0.3039 0.2037 0.9307
vn 0.3378 0.1405 0.9307
vn 0.4768 0.3189 -0.8191
vn 0.9098 0.3791 0.1689
vn 0.5298 0.2197 -0.8191
vn 0.9663 0.1943 0.1689
vn 0.3588 0.0719 0.9307
vn 0.5626 0.1122 -0.8191
vn 0.2699 0.0002 0.9629
vn 0.2647 -0.0524 0.9629
vn 0.2355 0.0001 0.9719
vn 0.2494 -0.1031 0.9629
vn 0.2310 -0.0459 0.9719
vn 0.2245 -0.1497 0.9629
vn 0.2176 -0.0901 0.9719
vn 0.1910 -0.1906 0.9629
vn 0.1959 -0.1308 0.9719
vn 0.1501 -0.2243 0.9629
vn 0.1666 -0.1665 0.9719
vn 0.1035 -0.2492 0.9629
vn 0.1309 -0.1958 0.9719
vn 0.0529 -0.2647 0.9629
vn 0.0902 -0.2176 0.9719
vn 0.0002 -0.2699 0.9629
vn 0.0460 -0.2310 0.9719
vn -0.0524 -0.2647 0.9629
vn 0.0001 -0.2355 0.9719
vn -0.1031 -0.2494 0.9629
vn -0.0459 -0.2310 0.9719
vn -0.1497 -0.2245 0.9629
vn -0.0901 -0.2176 0.9719
vn -0.1907 -0.1910 0.9629
vn -0.1308 -0.1959 0.9719
vn -0.2243 -0.1501 0.9629
vn -0.1665 -0.1666 0.9719
vn -0.2492 -0.1035 0.9629
vn -0.1958 -0.1309 0.9719
vn -0.2647 -0.0529 0.9629
vn -0.2176 -0.0902 0.9719
vn -0.2699 -0.0002 0.9629
vn -0.2310 -0.0460 0.9719
vn -0.2647 0.0524 0.9629
vn -0.2355 -0.0001 0.9719
vn -0.2494 0.1031 0.9629
vn -0.2310 0.0459 0.9719
vn -0.2245 0.1497 0.9629
vn -0.2176 0.0901 0.9719
vn -0.1910 0.1907 0.9629
vn -0.1959 0.1308 0.9719
vn -0.1501 0.2243 0.9629
vn -0.1666 0.1665 0.9719
vn -0.1035 0.2492 0.9629
vn -0.1309 0.1958 0.9719
vn -0.0529 0.2647 0.9629
vn -0.0902 0.2176 0.9719
vn -0.0002 0.2699 0.9629
vn -0.0460 0.2310 0.9719
vn 0.0524 0.2647 0.9629
vn -0.0001 0.2355 0.9719
vn 0.1031 0.2494 0.9629
vn 0.0459 0.2310 0.9719
vn 0.1497 0.2245 0.9629
vn 0.0901 0.2176 0.9719
vn 0.1907 0.1910 0.9629
vn 0.1308 0.1959 0.9719
vn 0.2243 0.1501 0.9629
vn 0.1665 0.1666 0.9719
vn 0.2492 0.1035 0.9629
vn 0.1958 0.1309 0.9719
vn 0.2647 0.0529 0.9629
vn 0.2176 0.0902 0.9719
vn 0.2310 0.0460 0.9719
vn 0.3297 0.0000 0.9441
vn 0.4218 -0.0838 0.9028
vn 0.4301 0.0001 0.9028
vn 0.5280 -0.1049 0.8427
vn 0.5384 0.0002 0.8427
vn 0.4974 -0.2059 0.8427
vn 0.3234 -0.0643 0.9441
vn 0.3974 -0.1645 0.9028
vn 0.3047 -0.1262 0.9441
vn 0.3576 -0.2389 0.9028
vn 0.4477 -0.2990 0.8427
vn 0.3808 -0.3806 0.8427
vn 0.2742 -0.1832 0.9441
vn 0.3042 -0.3041 0.9028
vn 0.2332 -0.2332 0.9441
vn 0.2390 -0.3575 0.9028
vn 0.2992 -0.4476 0.8427
vn 0.2062 -0.4973 0.8427
vn 0.1832 -0.2742 0.9441
vn 0.1646 -0.3973 0.9028
vn 0.1262 -0.3047 0.9441
vn 0.0840 -0.4218 0.9028
vn 0.1052 -0.5280 0.8427
vn 0.0002 -0.5384 0.8427
vn 0.0643 -0.3234 0.9441
vn 0.0001 -0.4301 0.9028
vn 0.0000 -0.3298 0.9441
vn -0.0838 -0.4218 0.9028
vn -0.1049 -0.5281 0.8427
vn -0.2059 -0.4974 0.8427
vn -0.0643 -0.3234 0.9441
vn -0.1645 -0.3974 0.9028
vn -0.1262 -0.3047 0.9441
vn -0.2389 -0.3576 0.9028
vn -0.2990 -0.4477 0.8427
vn -0.3806 -0.3808 0.8427
vn -0.1832 -0.2742 0.9441
vn -0.3041 -0.3042 0.9028
vn -0.2332 -0.2332 0.9441
vn -0.3575 -0.2390 0.9028
vn -0.4475 -0.2992 0.8427
vn -0.4973 -0.2062 0.8427
vn -0.2742 -0.1832 0.9441
vn -0.3973 -0.1646 0.9028
vn -0.3047 -0.1262 0.9441
vn -0.4218 -0.0840 0.9028
vn -0.5280 -0.1052 0.8427
vn -0.5384 -0.0002 0.8427
vn -0.3234 -0.0643 0.9441
vn -0.4301 -0.0001 0.9028
vn -0.3298 -0.0000 0.9441
vn -0.4218 0.0838 0.9028
vn -0.5281 0.1049 0.8427
vn -0.4974 0.2059 0.8427
vn -0.3234 0.0643 0.9441
vn -0.3974 0.1645 0.9028
vn -0.3047 0.1262 0.9441
vn -0.3576 0.2389 0.9028
vn -0.4477 0.2990 0.8427
vn -0.3808 0.3806 0.8427
vn -0.2742 0.1832 0.9441
vn -0.3042 0.3041 0.9028
vn -0.2332 0.2332 0.9441
vn -0.2390 0.3575 0.9028
vn -0.2992 0.4476 0.8427
vn -0.2062 0.4973 0.8427
vn -0.1832 0.2742 0.9441
vn -0.1646 0.3973 0.9028
vn -0.1262 0.3046 0.9441
vn -0.0840 0.4218 0.9028
vn -0.1052 0.5280 0.8427
vn -0.0002 0.5384 0.8427
vn -0.0643 0.3234 0.9441
vn -0.0001 0.4301 0.9028
vn -0.0000 0.3297 0.9441
vn 0.0838 0.4218 0.9028
vn 0.1049 0.5281 0.8427
vn 0.2059 0.4974 0.8427
vn 0.0643 0.3234 0.9441
vn 0.1645 0.3974 0.9028
vn 0.1262 0.3047 0.9441
vn 0.2389 0.3576 0.9028
vn 0.2990 0.4477 0.8427
vn 0.3806 0.3808 0.8427
vn 0.1832 0.2742 0.9441
vn 0.3041 0.3042 0.9028
vn 0.2332 0.2332 0.9441
vn 0.3575 0.2390 0.9028
vn 0.4475 0.2992 0.8427
vn 0.4973 0.2062 0.8427
vn 0.2742 0.1832 0.9441
vn 0.3973 0.1646 0.9028
vn 0.3046 0.1262 0.9441
vn 0.4218 0.0840 0.9028
vn 0.5280 0.1052 0.8427
vn 0.3234 0.0643 0.9441
vn 0.6387 0.0001 0.7694
vn 0.6265 -0.1245 0.7694
vn 0.6957 0.0000 0.7184
vn 0.5902 -0.2443 0.7694
vn 0.6823 -0.1357 0.7183
vn 0.5312 -0.3548 0.7694
vn 0.6427 -0.2662 0.7184
vn 0.4517 -0.4516 0.7694
vn 0.5785 -0.3865 0.7183
vn 0.3550 -0.5310 0.7694
vn 0.4919 -0.4919 0.7184
vn 0.2445 -0.5901 0.7694
vn 0.3865 -0.5784 0.7183
vn 0.1247 -0.6264 0.7694
vn 0.2662 -0.6427 0.7184
vn 0.0001 -0.6387 0.7694
vn 0.1357 -0.6823 0.7183
vn -0.1245 -0.6265 0.7694
vn 0.0000 -0.6957 0.7184
vn -0.2443 -0.5901 0.7694
vn -0.1357 -0.6823 0.7183
vn -0.3548 -0.5312 0.7694
vn -0.2662 -0.6427 0.7184
vn -0.4515 -0.4517 0.7694
vn -0.3865 -0.5785 0.7183
vn -0.5310 -0.3550 0.7694
vn -0.4919 -0.4919 0.7184
vn -0.5901 -0.2445 0.7694
vn -0.5784 -0.3865 0.7183
vn -0.6264 -0.1247 0.7694
vn -0.6427 -0.2662 0.7184
vn -0.6387 -0.0001 0.7694
vn -0.6823 -0.1357 0.7183
vn -0.6265 0.1245 0.7694
vn -0.6957 -0.0000 0.7184
vn -0.5901 0.2443 0.7694
vn -0.6823 0.1357 0.7183
vn -0.5312 0.3548 0.7694
vn -0.6427 0.2662 0.7184
vn -0.4517 0.4516 0.7694
vn -0.5785 0.3865 0.7183
vn -0.3550 0.5310 0.7694
vn -0.4919 0.4919 0.7183
vn -0.2445 0.5901 0.7694
vn -0.3865 0.5784 0.7183
vn -0.1247 0.6264 0.7694
vn -0.2662 0.6427 0.7184
vn -0.0001 0.6387 0.7694
vn -0.1357 0.6823 0.7183
vn 0.1245 0.6265 0.7694
vn -0.0000 0.6957 0.7184
vn 0.2443 0.5902 0.7694
vn 0.1357 0.6823 0.7183
vn 0.3548 0.5312 0.7694
vn 0.2662 0.6427 0.7183
vn 0.4516 0.4517 0.7694
vn 0.3865 0.5785 0.7183
vn 0.5310 0.3550 0.7694
vn 0.4919 0.4919 0.7184
vn 0.5901 0.2445 0.7694
vn 0.5784 0.3865 0.7183
vn 0.6265 0.1247 0.7694
vn 0.6427 0.2662 0.7184
vn 0.6823 0.1357 0.7183
vn 0.7301 -0.0000 0.6834
vn 0.7607 -0.1513 0.6313
vn 0.7755 -0.0000 0.6313
vn 0.6745 -0.2794 0.6834
vn 0.7161 -0.1424 0.6833
vn 0.6449 -0.4309 0.6313
vn 0.7165 -0.2968 0.6313
vn 0.5162 -0.5163 0.6834
vn 0.6070 -0.4056 0.6833
vn 0.4309 -0.6449 0.6313
vn 0.5484 -0.5484 0.6313
vn 0.2794 -0.6745 0.6834
vn 0.4056 -0.6071 0.6833
vn 0.1513 -0.7607 0.6313
vn 0.2968 -0.7165 0.6313
vn -0.0000 -0.7301 0.6834
vn 0.1424 -0.7161 0.6833
vn -0.1513 -0.7606 0.6313
vn -0.0000 -0.7755 0.6313
vn -0.2794 -0.6745 0.6834
vn -0.1424 -0.7161 0.6833
vn -0.4309 -0.6448 0.6313
vn -0.2968 -0.7165 0.6313
vn -0.5163 -0.5162 0.6834
vn -0.4056 -0.6071 0.6833
vn -0.6449 -0.4309 0.6313
vn -0.5484 -0.5484 0.6313
vn -0.6745 -0.2794 0.6834
vn -0.6071 -0.4056 0.6833
vn -0.7607 -0.1513 0.6313
vn -0.7165 -0.2968 0.6313
vn -0.7301 0.0000 0.6834
vn -0.7161 -0.1424 0.6833
vn -0.7606 0.1513 0.6313
vn -0.7755 0.0000 0.6313
vn -0.6745 0.2794 0.6834
vn -0.7161 0.1424 0.6833
vn -0.6448 0.4309 0.6313
vn -0.7165 0.2968 0.6313
vn -0.5162 0.5163 0.6834
vn -0.6071 0.4056 0.6833
vn -0.4309 0.6449 0.6313
vn -0.5484 0.5484 0.6313
vn -0.2794 0.6745 0.6834
vn -0.4056 0.6071 0.6833
vn -0.1513 0.7607 0.6313
vn -0.2968 0.7165 0.6313
vn 0.0000 0.7301 0.6834
vn -0.1424 0.7161 0.6833
vn 0.1513 0.7607 0.6313
vn 0.0000 0.7755 0.6313
vn 0.2794 0.6745 0.6834
vn 0.1424 0.7161 0.6833
vn 0.4309 0.6449 0.6313
vn 0.2968 0.7165 0.6313
vn 0.5163 0.5162 0.6834
vn 0.4056 0.6071 0.6833
vn 0.6449 0.4309 0.6313
vn 0.5484 0.5484 0.6313
vn 0.6745 0.2794 0.6834
vn 0.6071 0.4056 0.6833
vn 0.7607 0.1513 0.6313
vn 0.7165 0.2968 0.6313
vn 0.7161 0.1424 0.6834
vn 0.8282 -0.1647 0.5356
vn 0.8445 -0.0000 0.5356
vn 0.9059 -0.1802 0.3833
vn 0.9236 -0.0000 0.3833
vn 0.7802 -0.3232 0.5356
vn 0.7022 -0.4692 0.5356
vn 0.7680 -0.5131 0.3833
vn 0.8533 -0.3535 0.3833
vn 0.5971 -0.5971 0.5356
vn 0.4692 -0.7021 0.5356
vn 0.5131 -0.7680 0.3833
vn 0.6531 -0.6531 0.3833
vn 0.3232 -0.7802 0.5356
vn 0.1647 -0.8282 0.5356
vn 0.1802 -0.9059 0.3833
vn 0.3535 -0.8533 0.3833
vn 0.0000 -0.8445 0.5356
vn -0.1647 -0.8282 0.5356
vn -0.1802 -0.9059 0.3833
vn 0.0000 -0.9236 0.3833
vn -0.3232 -0.7802 0.5356
vn -0.4692 -0.7021 0.5356
vn -0.5131 -0.7680 0.3833
vn -0.3535 -0.8533 0.3833
vn -0.5971 -0.5971 0.5356
vn -0.7022 -0.4692 0.5356
vn -0.7680 -0.5131 0.3833
vn -0.6531 -0.6531 0.3833
vn -0.7802 -0.3232 0.5356
vn -0.8282 -0.1647 0.5356
vn -0.9059 -0.1802 0.3833
vn -0.8533 -0.3535 0.3833
vn -0.8445 -0.0000 0.5356
vn -0.8282 0.1647 0.5356
vn -0.9059 0.1802 0.3833
vn -0.9236 -0.0000 0.3833
vn -0.7802 0.3232 0.5356
vn -0.7021 0.4692 0.5356
vn -0.7680 0.5131 0.3833
vn -0.8533 0.3535 0.3833
vn -0.5971 0.5971 0.5356
vn -0.4692 0.7021 0.5356
vn -0.5131 0.7680 0.3833
vn -0.6531 0.6531 0.3833
vn -0.3232 0.7802 0.5356
vn -0.1647 0.8282 0.5356
vn -0.1802 0.9059 0.3833
vn -0.3535 0.8533 0.3833
vn 0.0000 0.8445 0.5356
vn 0.1647 0.8282 0.5356
vn 0.1802 0.9059 0.3833
vn 0.0000 0.9236 0.3833
vn 0.3232 0.7802 0.5356
vn 0.4692 0.7021 0.5356
vn 0.5131 0.7680 0.3833
vn 0.3535 0.8533 0.3833
vn 0.5971 0.5971 0.5356
vn 0.7022 0.4692 0.5356
vn 0.7680 0.5131 0.3833
vn 0.6531 0.6531 0.3833
vn 0.7802 0.3232 0.5356
vn 0.8282 0.1647 0.5356
vn 0.9059 0.1802 0.3833
vn 0.8533 0.3535 0.3833
vn 0.9545 -0.1899 0.2301
vn 0.9732 0.0000 0.2301
vn 0.9725 -0.1934 0.1297
vn 0.9915 0.0000 0.1297
vn 0.8991 -0.3724 0.2301
vn 0.8092 -0.5407 0.2301
vn 0.8244 -0.5509 0.1298
vn 0.9161 -0.3795 0.1297
vn 0.6881 -0.6881 0.2301
vn 0.5407 -0.8092 0.2301
vn 0.5509 -0.8244 0.1297
vn 0.7011 -0.7011 0.1297
vn 0.3724 -0.8991 0.2301
vn 0.1899 -0.9545 0.2301
vn 0.1934 -0.9725 0.1297
vn 0.3794 -0.9161 0.1297
vn 0.0000 -0.9732 0.2301
vn -0.1899 -0.9545 0.2301
vn -0.1934 -0.9725 0.1297
vn 0.0000 -0.9915 0.1297
vn -0.3724 -0.8991 0.2301
vn -0.5407 -0.8092 0.2301
vn -0.5509 -0.8244 0.1297
vn -0.3795 -0.9161 0.1297
vn -0.6881 -0.6881 0.2301
vn -0.8092 -0.5407 0.2301
vn -0.8244 -0.5509 0.1297
vn -0.7011 -0.7011 0.1297
vn -0.8991 -0.3724 0.2301
vn -0.9545 -0.1899 0.2301
vn -0.9725 -0.1934 0.1297
vn -0.9161 -0.3794 0.1298
vn -0.9732 0.0000 0.2301
vn -0.9545 0.1899 0.2301
vn -0.9725 0.1934 0.1297
vn -0.9915 0.0000 0.1297
vn -0.8991 0.3724 0.2301
vn -0.8092 0.5407 0.2301
vn -0.8244 0.5509 0.1297
vn -0.9161 0.3794 0.1298
vn -0.6881 0.6881 0.2301
vn -0.5407 0.8092 0.2301
vn -0.5509 0.8244 0.1297
vn -0.7011 0.7011 0.1297
vn -0.3724 0.8991 0.2301
vn -0.1899 0.9545 0.2301
vn -0.1934 0.9725 0.1297
vn -0.3794 0.9161 0.1297
vn -0.0000 0.9732 0.2301
vn 0.1899 0.9545 0.2301
vn 0.1934 0.9725 0.1297
vn -0.0000 0.9915 0.1297
vn 0.3724 0.8991 0.2301
vn 0.5407 0.8092 0.2300
vn 0.5509 0.8244 0.1298
vn 0.3794 0.9161 0.1297
vn 0.6881 0.6881 0.2301
vn 0.8092 0.5407 0.2301
vn 0.8244 0.5509 0.1297
vn 0.7011 0.7011 0.1297
vn 0.8991 0.3724 0.2301
vn 0.9545 0.1899 0.2301
vn 0.9725 0.1934 0.1297
vn 0.9161 0.3794 0.1298
vn 0.9798 -0.1949 0.0450
vn 0.9990 0.0000 0.0450
vn 0.9784 -0.1946 -0.0704
vn 0.9975 0.0000 -0.0704
vn 0.9229 -0.3823 0.0450
vn 0.8306 -0.5550 0.0450
vn 0.9216 -0.3817 -0.0704
vn 0.7054 -0.7054 -0.0704
vn 0.8294 -0.5542 -0.0704
vn 0.5550 -0.8306 0.0450
vn 0.7064 -0.7064 0.0450
vn 0.3823 -0.9229 0.0450
vn 0.5542 -0.8294 -0.0704
vn 0.1949 -0.9798 0.0450
vn 0.3817 -0.9216 -0.0704
vn 0.0000 -0.9990 0.0450
vn 0.1946 -0.9784 -0.0704
vn -0.1949 -0.9798 0.0450
vn -0.1946 -0.9784 -0.0704
vn 0.0000 -0.9975 -0.0704
vn -0.3823 -0.9229 0.0450
vn -0.5550 -0.8306 0.0450
vn -0.3817 -0.9216 -0.0704
vn -0.7054 -0.7054 -0.0704
vn -0.5542 -0.8294 -0.0704
vn -0.8306 -0.5550 0.0450
vn -0.7064 -0.7064 0.0450
vn -0.9216 -0.3817 -0.0704
vn -0.8294 -0.5542 -0.0704
vn -0.9798 -0.1949 0.0450
vn -0.9229 -0.3823 0.0450
vn -0.9784 -0.1946 -0.0704
vn -0.9990 0.0000 0.0450
vn -0.9798 0.1949 0.0450
vn -0.9784 0.1946 -0.0704
vn -0.9975 -0.0000 -0.0704
vn -0.9216 0.3817 -0.0704
vn -0.8306 0.5550 0.0450
vn -0.9229 0.3823 0.0450
vn -0.8294 0.5542 -0.0704
vn -0.7054 0.7054 -0.0704
vn -0.5550 0.8306 0.0450
vn -0.7064 0.7064 0.0450
vn -0.5542 0.8294 -0.0704
vn -0.3817 0.9216 -0.0704
vn -0.1949 0.9798 0.0450
vn -0.3823 0.9229 0.0450
vn -0.0000 0.9990 0.0450
vn -0.1946 0.9784 -0.0704
vn 0.1949 0.9798 0.0450
vn 0.1946 0.9784 -0.0704
vn -0.0000 0.9975 -0.0704
vn 0.3817 0.9216 -0.0704
vn 0.5550 0.8306 0.0450
vn 0.3823 0.9229 0.0450
vn 0.7064 0.7064 0.0450
vn 0.5542 0.8294 -0.0704
vn 0.8306 0.5550 0.0450
vn 0.7054 0.7054 -0.0704
vn 0.9229 0.3823 0.0450
vn 0.8294 0.5542 -0.0704
vn 0.9798 0.1949 0.0450
vn 0.9216 0.3817 -0.0704
vn 0.9784 0.1946 -0.0704
vn 0.8178 -0.1627 -0.5520
vn 0.7659 0.0000 -0.6430
vn 0.8338 0.0000 -0.5520
vn 0.7512 -0.1494 -0.6430
vn 0.9954 0.0000 0.0962
vn 0.9196 -0.3809 0.0962
vn 0.9762 -0.1942 0.0962
vn 0.7076 -0.2931 -0.6430
vn 0.6933 -0.4632 -0.5520
vn 0.7704 -0.3191 -0.5520
vn 0.6368 -0.4255 -0.6429
vn 0.7038 -0.7038 0.0963
vn 0.8276 -0.5530 0.0962
vn 0.5416 -0.5416 -0.6430
vn 0.4632 -0.6933 -0.5520
vn 0.5896 -0.5896 -0.5520
vn 0.4255 -0.6368 -0.6429
vn 0.3809 -0.9196 0.0962
vn 0.5530 -0.8276 0.0962
vn 0.2931 -0.7076 -0.6430
vn 0.1627 -0.8178 -0.5520
vn 0.3191 -0.7704 -0.5520
vn 0.1494 -0.7512 -0.6429
vn 0.0000 -0.9954 0.0962
vn 0.1942 -0.9762 0.0962
vn 0.0000 -0.7659 -0.6430
vn -0.1627 -0.8178 -0.5520
vn 0.0000 -0.8338 -0.5520
vn -0.1494 -0.7512 -0.6429
vn -0.3809 -0.9196 0.0962
vn -0.1942 -0.9762 0.0962
vn -0.2931 -0.7076 -0.6430
vn -0.4632 -0.6933 -0.5520
vn -0.3191 -0.7704 -0.5520
vn -0.4255 -0.6368 -0.6429
vn -0.7038 -0.7038 0.0962
vn -0.5530 -0.8276 0.0962
vn -0.5416 -0.5416 -0.6430
vn -0.6933 -0.4632 -0.5520
vn -0.5896 -0.5896 -0.5520
vn -0.6368 -0.4255 -0.6429
vn -0.9196 -0.3809 0.0962
vn -0.8276 -0.5530 0.0962
vn -0.7076 -0.2931 -0.6430
vn -0.8178 -0.1627 -0.5520
vn -0.7704 -0.3191 -0.5520
vn -0.7512 -0.1494 -0.6430
vn -0.9954 0.0000 0.0962
vn -0.9762 -0.1942 0.0962
vn -0.7659 0.0000 -0.6430
vn -0.8178 0.1627 -0.5520
vn -0.8338 0.0000 -0.5520
vn -0.7512 0.1494 -0.6430
vn -0.9196 0.3809 0.0962
vn -0.9762 0.1942 0.0962
vn -0.7076 0.2931 -0.6430
vn -0.6933 0.4632 -0.5520
vn -0.7704 0.3191 -0.5520
vn -0.6368 0.4255 -0.6429
vn -0.7038 0.7038 0.0962
vn -0.8276 0.5530 0.0962
vn -0.5416 0.5415 -0.6430
vn -0.4632 0.6933 -0.5520
vn -0.5896 0.5896 -0.5520
vn -0.4255 0.6368 -0.6429
vn -0.3809 0.9196 0.0962
vn -0.5530 0.8276 0.0962
vn -0.2931 0.7076 -0.6430
vn -0.1627 0.8178 -0.5520
vn -0.3191 0.7704 -0.5520
vn -0.1494 0.7512 -0.6429
vn 0.0000 0.9954 0.0962
vn -0.1942 0.9762 0.0962
vn 0.0000 0.7659 -0.6430
vn 0.1627 0.8178 -0.5520
vn 0.0000 0.8338 -0.5520
vn 0.1494 0.7512 -0.6429
vn 0.3809 0.9196 0.0962
vn 0.1942 0.9762 0.0962
vn 0.2931 0.7076 -0.6430
vn 0.4632 0.6933 -0.5520
vn 0.3191 0.7704 -0.5520
vn 0.4255 0.6368 -0.6430
vn 0.7038 0.7038 0.0962
vn 0.5530 0.8276 0.0962
vn 0.5416 0.5416 -0.6430
vn 0.6933 0.4632 -0.5520
vn 0.5896 0.5896 -0.5520
vn 0.6368 0.4255 -0.6430
vn 0.9196 0.3809 0.0962
vn 0.8276 0.5530 0.0962
vn 0.7076 0.2931 -0.6430
vn 0.8178 0.1627 -0.5520
vn 0.7704 0.3191 -0.5520
vn 0.7512 0.1494 -0.6430
vn 0.9762 0.1942 0.0962
vn 0.9169 -0.0000 0.3991
vn 0.9346 -0.1859 0.3032
vn 0.9529 -0.0000 0.3032
vn 0.9605 -0.1911 0.2022
vn 0.9793 -0.0000 0.2022
vn 0.8804 -0.3647 0.3032
vn 0.8471 -0.3509 0.3992
vn 0.8993 -0.1789 0.3991
vn 0.7923 -0.5294 0.3032
vn 0.8143 -0.5441 0.2022
vn 0.9048 -0.3748 0.2022
vn 0.6738 -0.6738 0.3032
vn 0.6483 -0.6483 0.3992
vn 0.7624 -0.5094 0.3991
vn 0.5294 -0.7923 0.3032
vn 0.5441 -0.8143 0.2022
vn 0.6925 -0.6925 0.2022
vn 0.3647 -0.8804 0.3032
vn 0.3509 -0.8471 0.3992
vn 0.5094 -0.7624 0.3991
vn 0.1859 -0.9346 0.3032
vn 0.1911 -0.9605 0.2022
vn 0.3748 -0.9048 0.2022
vn 0.0000 -0.9529 0.3032
vn 0.0000 -0.9169 0.3992
vn 0.1789 -0.8993 0.3991
vn -0.1859 -0.9346 0.3032
vn -0.1911 -0.9605 0.2022
vn 0.0000 -0.9793 0.2022
vn -0.3647 -0.8804 0.3032
vn -0.3509 -0.8471 0.3992
vn -0.1789 -0.8993 0.3991
vn -0.5294 -0.7923 0.3032
vn -0.5441 -0.8143 0.2022
vn -0.3748 -0.9048 0.2022
vn -0.6738 -0.6738 0.3032
vn -0.6483 -0.6483 0.3992
vn -0.5094 -0.7624 0.3991
vn -0.7923 -0.5294 0.3032
vn -0.8143 -0.5441 0.2022
vn -0.6925 -0.6925 0.2022
vn -0.8804 -0.3647 0.3032
vn -0.8471 -0.3509 0.3992
vn -0.7624 -0.5094 0.3991
vn -0.9346 -0.1859 0.3032
vn -0.9605 -0.1911 0.2022
vn -0.9048 -0.3748 0.2022
vn -0.9529 0.0000 0.3032
vn -0.9169 0.0000 0.3992
vn -0.8993 -0.1789 0.3991
vn -0.9346 0.1859 0.3032
vn -0.9605 0.1911 0.2022
vn -0.9793 0.0000 0.2022
vn -0.8804 0.3647 0.3032
vn -0.8471 0.3509 0.3992
vn -0.8993 0.1789 0.3991
vn -0.7923 0.5294 0.3032
vn -0.8143 0.5441 0.2022
vn -0.9048 0.3748 0.2022
vn -0.6738 0.6738 0.3033
vn -0.6483 0.6483 0.3992
vn -0.7624 0.5094 0.3992
vn -0.5294 0.7923 0.3032
vn -0.5441 0.8143 0.2022
vn -0.6925 0.6925 0.2022
vn -0.3647 0.8804 0.3033
vn -0.3509 0.8471 0.3992
vn -0.5094 0.7624 0.3991
vn -0.1859 0.9346 0.3032
vn -0.1911 0.9605 0.2022
vn -0.3748 0.9048 0.2022
vn 0.0000 0.9529 0.3032
vn 0.0000 0.9169 0.3991
vn -0.1789 0.8993 0.3991
vn 0.1859 0.9346 0.3032
vn 0.1911 0.9605 0.2022
vn 0.0000 0.9793 0.2022
vn 0.3647 0.8804 0.3033
vn 0.3509 0.8471 0.3992
vn 0.1789 0.8993 0.3991
vn 0.5294 0.7923 0.3032
vn 0.5441 0.8143 0.2022
vn 0.3748 0.9048 0.2022
vn 0.6738 0.6738 0.3032
vn 0.6483 0.6483 0.3991
vn 0.5094 0.7624 0.3991
vn 0.7923 0.5294 0.3032
vn 0.8143 0.5441 0.2022
vn 0.6925 0.6925 0.2022
vn 0.8804 0.3647 0.3032
vn 0.8471 0.3509 0.3992
vn 0.7624 0.5094 0.3992
vn 0.9346 0.1859 0.3032
vn 0.9605 0.1911 0.2022
vn 0.9048 0.3748 0.2022
vn 0.8993 0.1789 0.3991
vn 0.8340 -0.1659 -0.5262
vn 0.3978 -0.0000 -0.9175
vn 0.8504 -0.0000 -0.5262
vn 0.3900 -0.0776 -0.9175
vn 0.3675 -0.1522 -0.9175
vn 0.7070 -0.4724 -0.5262
vn 0.7856 -0.3254 -0.5262
vn 0.3306 -0.2209 -0.9175
vn 0.2813 -0.2813 -0.9175
vn 0.4724 -0.7070 -0.5262
vn 0.6013 -0.6013 -0.5262
vn 0.2209 -0.3307 -0.9175
vn 0.1522 -0.3675 -0.9175
vn 0.1659 -0.8340 -0.5262
vn 0.3254 -0.7856 -0.5262
vn 0.0776 -0.3900 -0.9175
vn 0.0000 -0.3978 -0.9175
vn -0.1659 -0.8340 -0.5262
vn 0.0000 -0.8504 -0.5262
vn -0.0776 -0.3900 -0.9175
vn -0.1522 -0.3675 -0.9175
vn -0.4724 -0.7070 -0.5262
vn -0.3254 -0.7856 -0.5262
vn -0.2209 -0.3307 -0.9175
vn -0.2813 -0.2813 -0.9175
vn -0.7070 -0.4724 -0.5262
vn -0.6013 -0.6013 -0.5262
vn -0.3307 -0.2209 -0.9175
vn -0.3675 -0.1522 -0.9175
vn -0.8340 -0.1659 -0.5262
vn -0.7856 -0.3254 -0.5262
vn -0.3900 -0.0776 -0.9175
vn -0.3978 0.0000 -0.9175
vn -0.8340 0.1659 -0.5262
vn -0.8504 -0.0000 -0.5262
vn -0.3900 0.0776 -0.9175
vn -0.3675 0.1522 -0.9175
vn -0.7070 0.4724 -0.5262
vn -0.7856 0.3254 -0.5262
vn -0.3307 0.2209 -0.9175
vn -0.2813 0.2813 -0.9175
vn -0.4724 0.7070 -0.5262
vn -0.6013 0.6013 -0.5262
vn -0.2209 0.3307 -0.9175
vn -0.1522 0.3675 -0.9175
vn -0.1659 0.8340 -0.5262
vn -0.3254 0.7856 -0.5262
vn -0.0776 0.3900 -0.9175
vn 0.0000 0.3978 -0.9175
vn 0.1659 0.8340 -0.5262
vn 0.0000 0.8504 -0.5262
vn 0.0776 0.3900 -0.9175
vn 0.1522 0.3675 -0.9175
vn 0.4724 0.7070 -0.5262
vn 0.3254 0.7856 -0.5262
vn 0.2209 0.3307 -0.9175
vn 0.2813 0.2813 -0.9175
vn 0.7070 0.4724 -0.5262
vn 0.6013 0.6013 -0.5262
vn 0.3307 0.2209 -0.9175
vn 0.3675 0.1522 -0.9175
vn 0.8340 0.1659 -0.5262
vn 0.7856 0.3254 -0.5262
vn 0.3900 0.0776 -0.9175
vn 0.9807 -0.1951 -0.0098
vn 0.9851 -0.0000 -0.1720
vn 1.0000 -0.0000 -0.0098
vn 0.9662 -0.1922 -0.1720
vn 0.9101 -0.3770 -0.1720
vn 0.8314 -0.5555 -0.0098
vn 0.9238 -0.3827 -0.0098
vn 0.8191 -0.5473 -0.1720
vn 0.6966 -0.6966 -0.1720
vn 0.5555 -0.8314 -0.0098
vn 0.7071 -0.7071 -0.0098
vn 0.5473 -0.8191 -0.1720
vn 0.3770 -0.9101 -0.1720
vn 0.1951 -0.9807 -0.0098
vn 0.3827 -0.9238 -0.0098
vn 0.1922 -0.9662 -0.1720
vn 0.0000 -0.9851 -0.1720
vn -0.1951 -0.9807 -0.0098
vn 0.0000 -1.0000 -0.0098
vn -0.1922 -0.9662 -0.1720
vn -0.3770 -0.9101 -0.1720
vn -0.5555 -0.8314 -0.0098
vn -0.3827 -0.9238 -0.0098
vn -0.5473 -0.8191 -0.1720
vn -0.6966 -0.6966 -0.1720
vn -0.8314 -0.5555 -0.0098
vn -0.7071 -0.7071 -0.0098
vn -0.8191 -0.5473 -0.1720
vn -0.9101 -0.3770 -0.1720
vn -0.9807 -0.1951 -0.0098
vn -0.9238 -0.3827 -0.0098
vn -0.9662 -0.1922 -0.1720
vn -0.9851 0.0000 -0.1720
vn -0.9807 0.1951 -0.0098
vn -1.0000 0.0000 -0.0098
vn -0.9662 0.1922 -0.1720
vn -0.9101 0.3770 -0.1720
vn -0.8314 0.5555 -0.0098
vn -0.9238 0.3827 -0.0098
vn -0.8191 0.5473 -0.1720
vn -0.6966 0.6966 -0.1720
vn -0.5555 0.8314 -0.0098
vn -0.7071 0.7071 -0.0098
vn -0.5473 0.8191 -0.1720
vn -0.3770 0.9101 -0.1720
vn -0.1951 0.9807 -0.0098
vn -0.3827 0.9238 -0.0098
vn -0.1922 0.9662 -0.1720
vn 0.0000 0.9851 -0.1720
vn 0.1951 0.9807 -0.0098
vn -0.0000 1.0000 -0.0098
vn 0.1922 0.9662 -0.1720
vn 0.3770 0.9101 -0.1720
vn 0.5555 0.8314 -0.0098
vn 0.3827 0.9238 -0.0098
vn 0.5473 0.8191 -0.1720
vn 0.6966 0.6966 -0.1720
vn 0.8314 0.5555 -0.0098
vn 0.7071 0.7071 -0.0098
vn 0.8191 0.5473 -0.1720
vn 0.9101 0.3770 -0.1720
vn 0.9807 0.1951 -0.0098
vn 0.9238 0.3827 -0.0098
vn 0.9662 0.1922 -0.1720
vn 0.7160 0.0000 0.6981
vn 0.8342 -0.1659 0.5258
vn 0.8506 -0.0000 0.5258
vn 0.7858 -0.3255 0.5258
vn 0.6615 -0.2740 0.6981
vn 0.7023 -0.1397 0.6981
vn 0.7072 -0.4726 0.5258
vn 0.6015 -0.6015 0.5258
vn 0.5063 -0.5063 0.6981
vn 0.5953 -0.3978 0.6981
vn 0.4726 -0.7072 0.5258
vn 0.3255 -0.7858 0.5258
vn 0.2740 -0.6615 0.6981
vn 0.3978 -0.5954 0.6981
vn 0.1659 -0.8343 0.5258
vn 0.0000 -0.8506 0.5258
vn 0.0000 -0.7160 0.6981
vn 0.1397 -0.7023 0.6981
vn -0.1659 -0.8343 0.5258
vn -0.3255 -0.7858 0.5258
vn -0.2740 -0.6615 0.6981
vn -0.1397 -0.7023 0.6981
vn -0.4726 -0.7072 0.5258
vn -0.6015 -0.6015 0.5258
vn -0.5063 -0.5063 0.6981
vn -0.3978 -0.5954 0.6981
vn -0.7072 -0.4726 0.5258
vn -0.7858 -0.3255 0.5258
vn -0.6615 -0.2740 0.6981
vn -0.5953 -0.3978 0.6981
vn -0.8342 -0.1659 0.5258
vn -0.8506 0.0000 0.5258
vn -0.7160 0.0000 0.6981
vn -0.7023 -0.1397 0.6981
vn -0.8342 0.1659 0.5258
vn -0.7858 0.3255 0.5258
vn -0.6615 0.2740 0.6981
vn -0.7023 0.1397 0.6981
vn -0.7072 0.4726 0.5258
vn -0.6015 0.6015 0.5258
vn -0.5063 0.5063 0.6981
vn -0.5954 0.3978 0.6981
vn -0.4726 0.7072 0.5258
vn -0.3255 0.7858 0.5258
vn -0.2740 0.6615 0.6981
vn -0.3978 0.5954 0.6981
vn -0.1659 0.8342 0.5258
vn 0.0000 0.8506 0.5258
vn 0.0000 0.7160 0.6981
vn -0.1397 0.7023 0.6981
vn 0.1659 0.8342 0.5258
vn 0.3255 0.7858 0.5258
vn 0.2740 0.6615 0.6981
vn 0.1397 0.7023 0.6981
vn 0.4726 0.7072 0.5258
vn 0.6015 0.6015 0.5258
vn 0.5063 0.5063 0.6981
vn 0.3978 0.5953 0.6981
vn 0.7072 0.4726 0.5258
vn 0.7858 0.3255 0.5258
vn 0.6615 0.2740 0.6981
vn 0.5953 0.3978 0.6981
vn 0.8342 0.1659 0.5258
vn 0.7023 0.1397 0.6981
vn 0.6512 -0.1295 0.7478
vn 0.6639 0.0000 0.7478
vn 0.6134 -0.2541 0.7478
vn 0.5520 -0.3689 0.7478
vn 0.4694 -0.4694 0.7478
vn 0.3689 -0.5520 0.7478
vn 0.2541 -0.6133 0.7478
vn 0.1295 -0.6512 0.7478
vn 0.0000 -0.6639 0.7478
vn -0.1295 -0.6512 0.7478
vn -0.2541 -0.6133 0.7478
vn -0.3689 -0.5520 0.7478
vn -0.4694 -0.4694 0.7478
vn -0.5520 -0.3689 0.7478
vn -0.6133 -0.2541 0.7478
vn -0.6512 -0.1295 0.7478
vn -0.6639 0.0000 0.7478
vn -0.6512 0.1295 0.7478
vn -0.6133 0.2541 0.7478
vn -0.5520 0.3689 0.7478
vn -0.4694 0.4694 0.7479
vn -0.3689 0.5520 0.7478
vn -0.2541 0.6133 0.7478
vn -0.1295 0.6512 0.7478
vn 0.0000 0.6639 0.7478
vn 0.1295 0.6512 0.7478
vn 0.2541 0.6134 0.7478
vn 0.3689 0.5520 0.7478
vn 0.4694 0.4694 0.7478
vn 0.5520 0.3689 0.7478
vn 0.6133 0.2541 0.7478
vn 0.6512 0.1295 0.7478
vn 0.9655 0.0000 -0.2605
vn 0.9469 -0.1884 -0.2605
vn 0.8920 -0.3695 -0.2605
vn 0.8028 -0.5364 -0.2605
vn 0.6827 -0.6827 -0.2605
vn 0.5364 -0.8028 -0.2605
vn 0.3695 -0.8920 -0.2605
vn 0.1884 -0.9469 -0.2605
vn 0.0000 -0.9655 -0.2605
vn -0.1884 -0.9469 -0.2605
vn -0.3695 -0.8920 -0.2605
vn -0.5364 -0.8028 -0.2605
vn -0.6827 -0.6827 -0.2605
vn -0.8028 -0.5364 -0.2605
vn -0.8920 -0.3695 -0.2605
vn -0.9469 -0.1884 -0.2605
vn -0.9655 -0.0000 -0.2605
vn -0.9469 0.1884 -0.2605
vn -0.8920 0.3695 -0.2605
vn -0.8028 0.5364 -0.2605
vn -0.6827 0.6827 -0.2605
vn -0.5364 0.8028 -0.2605
vn -0.3695 0.8920 -0.2605
vn -0.1884 0.9469 -0.2605
vn 0.0000 0.9655 -0.2605
vn 0.1884 0.9469 -0.2605
vn 0.3695 0.8920 -0.2605
vn 0.5364 0.8028 -0.2605
vn 0.6827 0.6827 -0.2605
vn 0.8028 0.5364 -0.2605
vn 0.8920 0.3695 -0.2605
vn 0.9469 0.1884 -0.2605
vn 0.2491 -0.0000 0.9685
vn 0.2443 -0.0486 0.9685
vn 0.2301 -0.0953 0.9685
vn 0.2071 -0.1384 0.9685
vn 0.1761 -0.1761 0.9685
vn 0.1384 -0.2071 0.9685
vn 0.0953 -0.2301 0.9685
vn 0.0486 -0.2443 0.9685
vn -0.0000 -0.2491 0.9685
vn -0.0486 -0.2443 0.9685
vn -0.0953 -0.2301 0.9685
vn -0.1384 -0.2071 0.9685
vn -0.1761 -0.1761 0.9685
vn -0.2071 -0.1384 0.9685
vn -0.2301 -0.0953 0.9685
vn -0.2443 -0.0486 0.9685
vn -0.2491 0.0000 0.9685
vn -0.2443 0.0486 0.9685
vn -0.2301 0.0953 0.9685
vn -0.2071 0.1384 0.9685
vn -0.1761 0.1761 0.9685
vn -0.1384 0.2071 0.9685
vn -0.0953 0.2301 0.9685
vn -0.0486 0.2443 0.9685
vn 0.0000 0.2491 0.9685
vn 0.0486 0.2443 0.9685
vn 0.0953 0.2301 0.9685
vn 0.1384 0.2071 0.9685
vn 0.1761 0.1761 0.9685
vn 0.2071 0.1384 0.9685
vn 0.2301 0.0953 0.9685
vn 0.2443 0.0486 0.9685
vn 0.9327 -0.1855 0.3092
vn 0.9510 0.0000 0.3092
vn 0.8786 -0.3639 0.3092
vn 0.7907 -0.5283 0.3092
vn 0.6725 -0.6725 0.3092
vn 0.5283 -0.7907 0.3092
vn 0.3639 -0.8786 0.3092
vn 0.1855 -0.9327 0.3092
vn 0.0000 -0.9510 0.3092
vn -0.1855 -0.9327 0.3092
vn -0.3639 -0.8786 0.3092
vn -0.5283 -0.7907 0.3092
vn -0.6725 -0.6725 0.3092
vn -0.7907 -0.5283 0.3092
vn -0.8786 -0.3639 0.3092
vn -0.9327 -0.1855 0.3092
vn -0.9510 0.0000 0.3092
vn -0.9327 0.1855 0.3092
vn -0.8786 0.3639 0.3092
vn -0.7907 0.5283 0.3092
vn -0.6725 0.6725 0.3092
vn -0.5283 0.7907 0.3092
vn -0.3639 0.8786 0.3092
vn -0.1855 0.9327 0.3092
vn -0.0000 0.9510 0.3092
vn 0.1855 0.9327 0.3092
vn 0.3639 0.8786 0.3092
vn 0.5283 0.7907 0.3092
vn 0.6725 0.6725 0.3092
vn 0.7907 0.5283 0.3092
vn 0.8786 0.3639 0.3092
vn 0.9327 0.1855 0.3092
vn 0.5473 -0.1086 -0.8299
vn 0.5580 0.0003 -0.8299
vn 0.5156 -0.2133 -0.8299
vn 0.4640 -0.3098 -0.8299
vn 0.3947 -0.3944 -0.8299
vn 0.3102 -0.4638 -0.8299
vn 0.2137 -0.5154 -0.8299
vn 0.1091 -0.5472 -0.8299
vn 0.0002 -0.5580 -0.8299
vn -0.1086 -0.5473 -0.8299
vn -0.2133 -0.5156 -0.8299
vn -0.3098 -0.4640 -0.8299
vn -0.3944 -0.3947 -0.8299
vn -0.4638 -0.3102 -0.8299
vn -0.5154 -0.2137 -0.8299
vn -0.5472 -0.1091 -0.8299
vn -0.5580 -0.0002 -0.8299
vn -0.5473 0.1086 -0.8299
vn -0.5156 0.2133 -0.8299
vn -0.4640 0.3098 -0.8299
vn -0.3947 0.3944 -0.8299
vn -0.3102 0.4638 -0.8299
vn -0.2137 0.5154 -0.8299
vn -0.1091 0.5472 -0.8299
vn -0.0003 0.5579 -0.8299
vn 0.1086 0.5473 -0.8299
vn 0.2133 0.5156 -0.8299
vn 0.3098 0.4640 -0.8299
vn 0.3944 0.3947 -0.8299
vn 0.4638 0.3102 -0.8299
vn 0.5154 0.2137 -0.8299
vn 0.5472 0.1091 -0.8299
vn 0.9749 -0.1939 0.1097
vn 0.9940 -0.0000 0.1097
vn 0.9183 -0.3804 0.1097
vn 0.8264 -0.5522 0.1097
vn 0.7028 -0.7028 0.1097
vn 0.5522 -0.8264 0.1097
vn 0.3804 -0.9183 0.1097
vn 0.1939 -0.9749 0.1097
vn 0.0000 -0.9940 0.1097
vn -0.1939 -0.9749 0.1097
vn -0.3804 -0.9183 0.1097
vn -0.5522 -0.8264 0.1097
vn -0.7028 -0.7028 0.1097
vn -0.8265 -0.5522 0.1097
vn -0.9183 -0.3804 0.1097
vn -0.9749 -0.1939 0.1097
vn -0.9940 0.0000 0.1097
vn -0.9749 0.1939 0.1097
vn -0.9183 0.3804 0.1097
vn -0.8265 0.5522 0.1097
vn -0.7028 0.7028 0.1097
vn -0.5522 0.8264 0.1097
vn -0.3804 0.9183 0.1097
vn -0.1939 0.9749 0.1097
vn 0.0000 0.9940 0.1097
vn 0.1939 0.9749 0.1097
vn 0.3804 0.9183 0.1097
vn 0.5522 0.8265 0.1097
vn 0.7028 0.7028 0.1097
vn 0.8265 0.5522 0.1097
vn 0.9183 0.3804 0.1097
vn 0.9749 0.1939 0.1097
vn 0.9773 0.0000 0.2118
vn 0.8739 -0.1738 0.4540
vn 0.8910 0.0000 0.4541
vn 0.8232 -0.3410 0.4540
vn 0.9029 -0.3740 0.2118
vn 0.9585 -0.1907 0.2118
vn 0.7408 -0.4950 0.4540
vn 0.6300 -0.6300 0.4541
vn 0.6911 -0.6911 0.2118
vn 0.8126 -0.5430 0.2118
vn 0.4950 -0.7408 0.4540
vn 0.3410 -0.8231 0.4541
vn 0.3740 -0.9029 0.2118
vn 0.5430 -0.8126 0.2118
vn 0.1738 -0.8739 0.4540
vn 0.0000 -0.8910 0.4540
vn 0.0000 -0.9773 0.2118
vn 0.1907 -0.9585 0.2118
vn -0.1738 -0.8739 0.4540
vn -0.3410 -0.8231 0.4541
vn -0.3740 -0.9029 0.2118
vn -0.1907 -0.9585 0.2118
vn -0.4950 -0.7408 0.4540
vn -0.6300 -0.6300 0.4541
vn -0.6911 -0.6911 0.2118
vn -0.5430 -0.8126 0.2118
vn -0.7408 -0.4950 0.4540
vn -0.8232 -0.3410 0.4541
vn -0.9029 -0.3740 0.2118
vn -0.8126 -0.5430 0.2118
vn -0.8739 -0.1738 0.4540
vn -0.8910 0.0000 0.4541
vn -0.9773 0.0000 0.2118
vn -0.9585 -0.1907 0.2118
vn -0.8739 0.1738 0.4540
vn -0.8232 0.3410 0.4541
vn -0.9029 0.3740 0.2118
vn -0.9585 0.1907 0.2118
vn -0.7408 0.4950 0.4540
vn -0.6300 0.6300 0.4541
vn -0.6911 0.6911 0.2118
vn -0.8126 0.5430 0.2118
vn -0.4950 0.7408 0.4540
vn -0.3409 0.8232 0.4541
vn -0.3740 0.9029 0.2118
vn -0.5430 0.8126 0.2118
vn -0.1738 0.8739 0.4540
vn 0.0000 0.8910 0.4541
vn 0.0000 0.9773 0.2118
vn -0.1907 0.9585 0.2118
vn 0.1738 0.8739 0.4540
vn 0.3409 0.8231 0.4541
vn 0.3740 0.9029 0.2118
vn 0.1907 0.9585 0.2118
vn 0.4950 0.7408 0.4540
vn 0.6300 0.6300 0.4541
vn 0.6911 0.6911 0.2118
vn 0.5430 0.8126 0.2118
vn 0.7408 0.4950 0.4540
vn 0.8231 0.3410 0.4541
vn 0.9029 0.3740 0.2118
vn 0.8126 0.5430 0.2118
vn 0.8739 0.1738 0.4540
vn 0.9585 0.1907 0.2118
vn 0.9659 -0.1921 -0.1733
vn 0.9981 0.0000 0.0608
vn 0.9849 0.0000 -0.1734
vn 0.9222 -0.3820 0.0608
vn 0.9790 -0.1947 0.0608
vn 0.9099 -0.3769 -0.1733
vn 0.8299 -0.5545 0.0608
vn 0.7058 -0.7058 0.0608
vn 0.6964 -0.6964 -0.1733
vn 0.8189 -0.5472 -0.1733
vn 0.5472 -0.8189 -0.1733
vn 0.3820 -0.9222 0.0608
vn 0.5545 -0.8299 0.0608
vn 0.3769 -0.9099 -0.1733
vn 0.1947 -0.9790 0.0608
vn 0.0000 -0.9981 0.0608
vn 0.1921 -0.9659 -0.1733
vn -0.1921 -0.9659 -0.1733
vn 0.0000 -0.9849 -0.1733
vn -0.3820 -0.9222 0.0608
vn -0.1947 -0.9790 0.0608
vn -0.3769 -0.9099 -0.1734
vn -0.5472 -0.8189 -0.1733
vn -0.7058 -0.7058 0.0608
vn -0.5545 -0.8299 0.0608
vn -0.6964 -0.6964 -0.1733
vn -0.8299 -0.5545 0.0608
vn -0.9222 -0.3820 0.0608
vn -0.8189 -0.5472 -0.1733
vn -0.9099 -0.3769 -0.1733
vn -0.9790 -0.1947 0.0608
vn -0.9981 0.0000 0.0608
vn -0.9659 -0.1921 -0.1733
vn -0.9659 0.1921 -0.1733
vn -0.9849 0.0000 -0.1733
vn -0.9222 0.3820 0.0608
vn -0.9790 0.1947 0.0608
vn -0.9099 0.3769 -0.1733
vn -0.8189 0.5472 -0.1733
vn -0.7058 0.7058 0.0608
vn -0.8299 0.5545 0.0608
vn -0.6964 0.6964 -0.1733
vn -0.5545 0.8299 0.0608
vn -0.3820 0.9222 0.0608
vn -0.5472 0.8189 -0.1733
vn -0.3769 0.9099 -0.1734
vn -0.1947 0.9790 0.0608
vn 0.0000 0.9981 0.0608
vn -0.1921 0.9659 -0.1733
vn 0.1921 0.9659 -0.1733
vn 0.0000 0.9849 -0.1734
vn 0.3820 0.9222 0.0608
vn 0.1947 0.9790 0.0608
vn 0.3769 0.9099 -0.1733
vn 0.5472 0.8189 -0.1733
vn 0.7058 0.7058 0.0608
vn 0.5545 0.8299 0.0608
vn 0.8189 0.5472 -0.1733
vn 0.6964 0.6964 -0.1733
vn 0.9222 0.3820 0.0608
vn 0.8299 0.5545 0.0608
vn 0.9099 0.3769 -0.1733
vn 0.9790 0.1947 0.0608
vn 0.9659 0.1921 -0.1733
vn 0.6795 -0.1352 -0.7211
vn 0.8409 0.0000 -0.5412
vn 0.6928 0.0000 -0.7211
vn 0.8248 -0.1641 -0.5412
vn 0.7769 -0.3218 -0.5412
vn 0.5761 -0.3849 -0.7211
vn 0.6401 -0.2651 -0.7211
vn 0.6992 -0.4672 -0.5412
vn 0.5946 -0.5946 -0.5412
vn 0.3849 -0.5761 -0.7211
vn 0.4899 -0.4899 -0.7211
vn 0.4672 -0.6992 -0.5412
vn 0.3218 -0.7769 -0.5412
vn 0.1352 -0.6795 -0.7211
vn 0.2651 -0.6401 -0.7211
vn 0.1641 -0.8248 -0.5412
vn 0.0000 -0.8409 -0.5412
vn -0.1352 -0.6795 -0.7211
vn 0.0000 -0.6928 -0.7211
vn -0.1641 -0.8248 -0.5412
vn -0.3218 -0.7769 -0.5412
vn -0.3849 -0.5761 -0.7211
vn -0.2651 -0.6401 -0.7211
vn -0.4672 -0.6992 -0.5412
vn -0.5946 -0.5946 -0.5412
vn -0.5761 -0.3849 -0.7211
vn -0.4899 -0.4899 -0.7211
vn -0.6992 -0.4672 -0.5412
vn -0.7769 -0.3218 -0.5412
vn -0.6795 -0.1352 -0.7211
vn -0.6401 -0.2651 -0.7211
vn -0.8248 -0.1641 -0.5412
vn -0.8409 0.0000 -0.5412
vn -0.6795 0.1352 -0.7211
vn -0.6928 -0.0000 -0.7211
vn -0.8248 0.1641 -0.5412
vn -0.7769 0.3218 -0.5412
vn -0.5761 0.3849 -0.7211
vn -0.6401 0.2651 -0.7211
vn -0.6992 0.4672 -0.5412
vn -0.5946 0.5946 -0.5412
vn -0.3849 0.5761 -0.7211
vn -0.4899 0.4899 -0.7211
vn -0.4672 0.6992 -0.5412
vn -0.3218 0.7769 -0.5412
vn -0.1352 0.6795 -0.7211
vn -0.2651 0.6401 -0.7211
vn -0.1641 0.8248 -0.5412
vn 0.0000 0.8409 -0.5412
vn 0.1352 0.6795 -0.7211
vn 0.0000 0.6928 -0.7211
vn 0.1641 0.8248 -0.5412
vn 0.3218 0.7769 -0.5412
vn 0.3849 0.5761 -0.7211
vn 0.2651 0.6401 -0.7211
vn 0.4672 0.6992 -0.5412
vn 0.5946 0.5946 -0.5412
vn 0.5761 0.3849 -0.7211
vn 0.4899 0.4899 -0.7211
vn 0.6992 0.4672 -0.5412
vn 0.7769 0.3218 -0.5412
vn 0.6795 0.1352 -0.7211
vn 0.6401 0.2651 -0.7211
vn 0.8248 0.1641 -0.5412
vn 0.8938 -0.1778 -0.4116
vn 0.7567 -0.0000 -0.6537
vn 0.9114 -0.0000 -0.4116
vn 0.7422 -0.1476 -0.6537
vn 0.6991 -0.2896 -0.6537
vn 0.7578 -0.5063 -0.4116
vn 0.8420 -0.3488 -0.4116
vn 0.6292 -0.4204 -0.6537
vn 0.5351 -0.5351 -0.6537
vn 0.5063 -0.7578 -0.4116
vn 0.6444 -0.6444 -0.4116
vn 0.4204 -0.6292 -0.6537
vn 0.2896 -0.6991 -0.6537
vn 0.1778 -0.8939 -0.4116
vn 0.3488 -0.8420 -0.4116
vn 0.1476 -0.7422 -0.6537
vn 0.0000 -0.7567 -0.6537
vn -0.1778 -0.8939 -0.4116
vn 0.0000 -0.9114 -0.4116
vn -0.1476 -0.7422 -0.6537
vn -0.2896 -0.6991 -0.6537
vn -0.5063 -0.7578 -0.4116
vn -0.3488 -0.8420 -0.4116
vn -0.4204 -0.6292 -0.6537
vn -0.5351 -0.5351 -0.6537
vn -0.7578 -0.5063 -0.4116
vn -0.6444 -0.6444 -0.4116
vn -0.6292 -0.4204 -0.6537
vn -0.6991 -0.2896 -0.6537
vn -0.8938 -0.1778 -0.4116
vn -0.8420 -0.3488 -0.4116
vn -0.7422 -0.1476 -0.6537
vn -0.7567 0.0000 -0.6537
vn -0.8938 0.1778 -0.4116
vn -0.9114 0.0000 -0.4116
vn -0.7422 0.1476 -0.6537
vn -0.6991 0.2896 -0.6537
vn -0.7578 0.5063 -0.4116
vn -0.8420 0.3488 -0.4116
vn -0.6292 0.4204 -0.6537
vn -0.5351 0.5351 -0.6537
vn -0.5063 0.7578 -0.4116
vn -0.6444 0.6444 -0.4116
vn -0.4204 0.6292 -0.6537
vn -0.2896 0.6991 -0.6537
vn -0.1778 0.8938 -0.4116
vn -0.3488 0.8420 -0.4116
vn -0.1476 0.7422 -0.6537
vn 0.0000 0.7567 -0.6537
vn 0.1778 0.8938 -0.4116
vn -0.0000 0.9114 -0.4116
vn 0.1476 0.7422 -0.6537
vn 0.2896 0.6991 -0.6537
vn 0.5063 0.7578 -0.4116
vn 0.3488 0.8420 -0.4116
vn 0.4204 0.6292 -0.6537
vn 0.5351 0.5351 -0.6537
vn 0.7578 0.5063 -0.4116
vn 0.6444 0.6444 -0.4116
vn 0.6292 0.4204 -0.6537
vn 0.6992 0.2896 -0.6537
vn 0.8938 0.1778 -0.4116
vn 0.8420 0.3488 -0.4116
vn 0.7422 0.1476 -0.6537
vn 0.8868 0.0000 0.4621
vn 0.9807 -0.1951 0.0126
vn 0.9999 0.0000 0.0126
vn 0.8193 -0.3394 0.4621
vn 0.8698 -0.1730 0.4621
vn 0.8314 -0.5555 0.0126
vn 0.9238 -0.3827 0.0126
vn 0.6271 -0.6271 0.4621
vn 0.7374 -0.4927 0.4621
vn 0.5555 -0.8314 0.0126
vn 0.7070 -0.7071 0.0126
vn 0.3394 -0.8193 0.4621
vn 0.4927 -0.7374 0.4621
vn 0.1951 -0.9807 0.0126
vn 0.3827 -0.9238 0.0126
vn 0.0000 -0.8868 0.4621
vn 0.1730 -0.8698 0.4621
vn -0.1951 -0.9807 0.0126
vn 0.0000 -0.9999 0.0126
vn -0.3394 -0.8193 0.4621
vn -0.1730 -0.8698 0.4621
vn -0.5555 -0.8314 0.0126
vn -0.3826 -0.9238 0.0126
vn -0.6271 -0.6271 0.4621
vn -0.4927 -0.7374 0.4621
vn -0.8314 -0.5555 0.0126
vn -0.7070 -0.7071 0.0126
vn -0.8193 -0.3394 0.4621
vn -0.7374 -0.4927 0.4621
vn -0.9807 -0.1951 0.0126
vn -0.9238 -0.3827 0.0126
vn -0.8868 0.0000 0.4621
vn -0.8698 -0.1730 0.4621
vn -0.9807 0.1951 0.0126
vn -0.9999 -0.0000 0.0126
vn -0.8193 0.3394 0.4621
vn -0.8698 0.1730 0.4621
vn -0.8314 0.5555 0.0126
vn -0.9238 0.3827 0.0126
vn -0.6271 0.6271 0.4621
vn -0.7374 0.4927 0.4621
vn -0.5555 0.8314 0.0126
vn -0.7071 0.7070 0.0126
vn -0.3394 0.8193 0.4621
vn -0.4927 0.7374 0.4621
vn -0.1951 0.9807 0.0125
vn -0.3826 0.9238 0.0126
vn 0.0000 0.8868 0.4621
vn -0.1730 0.8698 0.4621
vn 0.1951 0.9807 0.0125
vn -0.0000 0.9999 0.0126
vn 0.3394 0.8193 0.4621
vn 0.1730 0.8698 0.4621
vn 0.5555 0.8314 0.0126
vn 0.3827 0.9238 0.0126
vn 0.6271 0.6271 0.4621
vn 0.4927 0.7374 0.4621
vn 0.8314 0.5555 0.0126
vn 0.7071 0.7071 0.0126
vn 0.8193 0.3394 0.4621
vn 0.7374 0.4927 0.4621
vn 0.9807 0.1951 0.0126
vn 0.9238 0.3827 0.0126
vn 0.8698 0.1730 0.4621
vn 0.7775 -0.1546 0.6096
vn 0.7927 0.0000 0.6097
vn 0.7323 -0.3033 0.6097
vn 0.6591 -0.4404 0.6096
vn 0.5605 -0.5605 0.6097
vn 0.4404 -0.6591 0.6096
vn 0.3033 -0.7323 0.6097
vn 0.1547 -0.7775 0.6096
vn 0.0000 -0.7927 0.6097
vn -0.1546 -0.7775 0.6096
vn -0.3033 -0.7323 0.6097
vn -0.4404 -0.6591 0.6096
vn -0.5605 -0.5605 0.6097
vn -0.6591 -0.4404 0.6096
vn -0.7323 -0.3033 0.6097
vn -0.7775 -0.1546 0.6096
vn -0.7927 0.0000 0.6097
vn -0.7775 0.1546 0.6096
vn -0.7323 0.3033 0.6096
vn -0.6591 0.4404 0.6096
vn -0.5605 0.5605 0.6097
vn -0.4404 0.6591 0.6096
vn -0.3033 0.7323 0.6096
vn -0.1546 0.7775 0.6096
vn 0.0000 0.7927 0.6097
vn 0.1546 0.7775 0.6096
vn 0.3033 0.7323 0.6097
vn 0.4404 0.6591 0.6096
vn 0.5605 0.5605 0.6097
vn 0.6591 0.4404 0.6096
vn 0.7323 0.3033 0.6097
vn 0.7775 0.1546 0.6096
vn 0.6934 -0.1379 0.7072
vn 0.7069 0.0000 0.7073
vn 0.6531 -0.2705 0.7073
vn 0.5878 -0.3928 0.7072
vn 0.4999 -0.4999 0.7073
vn 0.3928 -0.5878 0.7072
vn 0.2705 -0.6531 0.7073
vn 0.1379 -0.6934 0.7072
vn 0.0000 -0.7069 0.7073
vn -0.1379 -0.6934 0.7072
vn -0.2705 -0.6531 0.7073
vn -0.3928 -0.5878 0.7072
vn -0.4999 -0.4999 0.7073
vn -0.5878 -0.3928 0.7072
vn -0.6531 -0.2705 0.7073
vn -0.6934 -0.1379 0.7072
vn -0.7069 -0.0000 0.7073
vn -0.6934 0.1379 0.7072
vn -0.6531 0.2705 0.7073
vn -0.5878 0.3928 0.7072
vn -0.4999 0.4999 0.7073
vn -0.3928 0.5878 0.7072
vn -0.2705 0.6531 0.7073
vn -0.1379 0.6934 0.7072
vn -0.0000 0.7069 0.7073
vn 0.1379 0.6934 0.7072
vn 0.2705 0.6531 0.7073
vn 0.3928 0.5878 0.7072
vn 0.4999 0.4999 0.7073
vn 0.5879 0.3928 0.7072
vn 0.6531 0.2705 0.7073
vn 0.6934 0.1379 0.7072
usemtl ChessWhite
s off
f 2/1/1 4/2/1 1/3/1
f 6/4/2 8/5/2 5/6/2
f 10/7/2 11/8/2 12/9/2
f 15/10/2 16/11/2 14/12/2
f 16/11/2 7/13/2 17/14/2
f 23/15/3 24/16/3 25/17/3
f 31/18/4 32/19/4 27/20/4
f 30/21/4 33/22/4 34/23/4
f 35/24/5 19/25/5 18/26/5
f 38/27/6 40/28/6 37/29/6
f 35/24/7 40/30/7 41/31/7
f 27/20/8 39/32/8 38/33/8
f 36/34/9 3/35/9 2/36/9
f 28/37/10 4/38/10 29/39/10
f 6/4/2 5/6/2 36/34/2
f 9/40/2 43/41/2 41/31/2
f 48/42/4 49/43/4 47/44/4
f 6/4/2 13/45/2 7/13/2
f 28/46/11 21/47/11 1/48/11
f 27/20/12 22/49/12 28/37/12
f 36/50/13 20/51/13 19/52/13
f 27/53/14 24/16/14 23/15/14
f 35/54/15 25/17/15 37/55/15
f 37/29/16 24/56/16 38/27/16
f 2/1/17 21/57/17 20/58/17
f 33/22/4 51/59/4 34/23/4
f 53/60/18 55/61/18 52/62/18
f 56/63/2 11/8/2 10/7/2
f 14/12/2 59/64/2 58/65/2
f 60/66/2 16/11/2 17/14/2
f 62/67/19 64/68/19 61/69/19
f 44/70/4 66/71/4 45/72/4
f 67/73/20 69/74/20 70/75/20
f 72/76/21 74/77/21 71/78/21
f 73/79/22 67/80/22 75/81/22
f 76/82/23 74/83/23 45/72/23
f 70/84/24 55/85/24 77/86/24
f 54/87/25 78/88/25 79/89/25
f 67/80/2 70/84/2 80/90/2
f 82/91/2 60/66/2 80/90/2
f 61/92/26 78/93/26 53/94/26
f 83/95/27 76/96/27 78/93/27
f 70/75/28 62/97/28 52/98/28
f 76/96/29 85/99/29 71/100/29
f 86/101/30 67/73/30 72/102/30
f 71/100/31 86/101/31 72/102/31
f 62/97/32 53/94/32 52/98/32
f 50/103/4 88/104/4 51/59/4
f 89/105/33 40/106/33 39/107/33
f 80/90/2 57/108/2 81/109/2
f 96/110/34 97/111/34 98/112/34
f 76/82/4 66/71/4 99/113/4
f 49/43/4 102/114/4 101/115/4
f 49/43/4 65/116/4 44/70/4
f 48/42/4 32/19/4 102/114/4
f 103/117/35 92/118/35 91/119/35
f 105/120/36 74/121/36 73/122/36
f 103/117/37 73/79/37 75/81/37
f 46/123/38 74/83/38 106/124/38
f 104/125/39 40/30/39 90/126/39
f 47/44/40 39/32/40 26/127/40
f 103/117/2 56/63/2 10/7/2
f 81/109/2 56/63/2 75/81/2
f 47/128/41 94/129/41 89/130/41
f 46/123/42 95/131/42 47/44/42
f 104/132/43 93/133/43 92/134/43
f 46/135/44 97/111/44 96/110/44
f 103/136/45 98/112/45 105/137/45
f 105/120/46 97/138/46 106/139/46
f 90/140/47 94/141/47 93/142/47
f 107/143/4 65/116/4 101/115/4
f 107/143/4 102/114/4 109/144/4
f 32/19/4 109/144/4 102/114/4
f 66/71/4 108/145/4 99/113/4
f 110/146/48 4/147/48 3/148/48
f 57/108/2 17/14/2 11/8/2
f 118/149/19 119/150/19 113/151/19
f 120/152/4 121/153/4 50/103/4
f 100/154/4 87/155/4 79/89/4
f 122/156/49 117/157/49 123/158/49
f 124/159/50 55/160/50 54/161/50
f 55/85/51 122/156/51 77/86/51
f 121/153/52 54/87/52 79/89/52
f 123/158/53 3/35/53 42/162/53
f 4/38/54 120/152/54 29/39/54
f 122/156/2 123/158/2 14/12/2
f 58/65/2 82/91/2 77/86/2
f 115/163/55 120/164/55 111/165/55
f 114/166/56 121/153/56 120/152/56
f 123/167/57 116/168/57 110/169/57
f 121/170/58 112/171/58 124/172/58
f 119/150/59 122/173/59 125/174/59
f 112/175/60 125/176/60 124/159/60
f 110/146/61 115/177/61 111/178/61
f 31/18/4 34/23/4 109/144/4
f 99/113/4 88/104/4 100/154/4
f 12/9/2 11/8/2 17/14/2
f 51/59/4 109/144/4 34/23/4
f 51/59/4 108/145/4 107/143/4
f 15/10/2 5/6/2 8/5/2
f 130/179/62 131/180/62 127/181/62
f 86/182/63 130/183/63 68/184/63
f 83/185/4 127/186/4 84/187/4
f 69/188/64 63/189/64 62/190/64
f 84/187/65 126/191/65 85/192/65
f 61/193/66 128/194/66 83/185/66
f 85/195/34 131/196/34 86/197/34
f 68/184/2 129/198/2 69/188/2
f 2/1/1 3/199/1 4/2/1
f 6/4/2 7/13/2 8/5/2
f 13/45/2 9/40/2 12/9/2
f 9/40/2 10/7/2 12/9/2
f 15/10/2 8/5/2 16/11/2
f 16/11/2 8/5/2 7/13/2
f 25/17/67 18/200/67 23/15/67
f 18/200/68 19/52/68 23/15/68
f 19/52/68 20/51/68 21/47/68
f 21/47/68 22/201/68 19/52/68
f 22/201/68 23/15/68 19/52/68
f 32/19/4 26/127/4 27/20/4
f 27/20/4 28/37/4 31/18/4
f 28/37/4 29/39/4 30/21/4
f 31/18/4 28/37/4 30/21/4
f 30/21/4 29/39/4 33/22/4
f 35/24/5 36/34/5 19/25/5
f 38/27/6 39/202/6 40/28/6
f 35/24/69 37/203/69 40/30/69
f 27/20/70 26/127/70 39/32/70
f 36/34/71 42/162/71 3/35/71
f 28/37/10 1/204/10 4/38/10
f 5/6/2 42/162/2 36/34/2
f 36/34/2 35/24/2 6/4/2
f 35/24/2 41/31/2 43/41/2
f 6/4/2 35/24/2 43/41/2
f 9/40/2 13/45/2 43/41/2
f 49/43/4 44/70/4 46/123/4
f 44/70/4 45/72/4 46/123/4
f 46/123/4 47/44/4 49/43/4
f 47/44/4 26/127/4 48/42/4
f 6/4/2 43/41/2 13/45/2
f 28/46/72 22/201/72 21/47/72
f 27/20/12 23/205/12 22/49/12
f 36/50/73 2/206/73 20/51/73
f 27/53/74 38/207/74 24/16/74
f 35/54/75 18/200/75 25/17/75
f 37/29/76 25/208/76 24/56/76
f 2/1/17 1/3/17 21/57/17
f 33/22/4 50/103/4 51/59/4
f 53/60/18 54/209/18 55/61/18
f 56/63/2 57/108/2 11/8/2
f 14/12/2 16/11/2 59/64/2
f 60/66/2 59/64/2 16/11/2
f 62/67/19 63/210/19 64/68/19
f 44/70/4 65/116/4 66/71/4
f 67/73/20 68/211/20 69/74/20
f 72/76/21 73/212/21 74/77/21
f 73/79/77 72/213/77 67/80/77
f 76/82/78 71/214/78 74/83/78
f 70/84/79 52/215/79 55/85/79
f 54/87/25 53/216/25 78/88/25
f 82/91/2 80/90/2 70/84/2
f 80/90/2 81/109/2 67/80/2
f 82/91/2 70/84/2 77/86/2
f 81/109/2 75/81/2 67/80/2
f 82/91/2 59/64/2 60/66/2
f 61/92/80 83/95/80 78/93/80
f 83/95/27 84/217/27 76/96/27
f 70/75/81 69/74/81 62/97/81
f 76/96/82 84/217/82 85/99/82
f 86/101/83 68/211/83 67/73/83
f 71/100/31 85/99/31 86/101/31
f 62/97/32 61/92/32 53/94/32
f 50/103/4 87/155/4 88/104/4
f 89/105/33 90/140/33 40/106/33
f 80/90/2 60/66/2 57/108/2
f 98/112/34 91/218/34 96/110/34
f 91/218/34 92/134/34 96/110/34
f 92/134/34 93/133/34 94/129/34
f 94/129/34 95/219/34 92/134/34
f 95/219/34 96/110/34 92/134/34
f 79/89/4 78/88/4 100/154/4
f 78/88/4 76/82/4 99/113/4
f 76/82/4 45/72/4 66/71/4
f 99/113/4 100/154/4 78/88/4
f 49/43/4 48/42/4 102/114/4
f 49/43/4 101/115/4 65/116/4
f 48/42/4 26/127/4 32/19/4
f 103/117/84 104/125/84 92/118/84
f 105/120/36 106/139/36 74/121/36
f 103/117/85 105/220/85 73/79/85
f 46/123/38 45/72/38 74/83/38
f 104/125/86 41/31/86 40/30/86
f 47/44/40 89/221/40 39/32/40
f 41/31/2 104/125/2 9/40/2
f 104/125/2 103/117/2 10/7/2
f 103/117/2 75/81/2 56/63/2
f 10/7/2 9/40/2 104/125/2
f 81/109/2 57/108/2 56/63/2
f 47/128/87 95/219/87 94/129/87
f 46/123/42 96/222/42 95/131/42
f 104/132/88 90/223/88 93/133/88
f 46/135/44 106/224/44 97/111/44
f 103/136/45 91/218/45 98/112/45
f 105/120/89 98/225/89 97/138/89
f 90/140/90 89/105/90 94/141/90
f 107/143/4 108/145/4 65/116/4
f 107/143/4 101/115/4 102/114/4
f 32/19/4 31/18/4 109/144/4
f 66/71/4 65/116/4 108/145/4
f 110/146/48 111/178/48 4/147/48
f 57/108/2 60/66/2 17/14/2
f 119/150/19 112/171/19 113/151/19
f 113/151/19 114/226/19 117/227/19
f 114/226/19 115/163/19 117/227/19
f 115/163/19 116/168/19 117/227/19
f 117/227/19 118/149/19 113/151/19
f 79/89/4 87/155/4 121/153/4
f 87/155/4 50/103/4 121/153/4
f 50/103/4 33/22/4 120/152/4
f 33/22/4 29/39/4 120/152/4
f 100/154/4 88/104/4 87/155/4
f 122/156/49 118/228/49 117/157/49
f 124/159/50 125/176/50 55/160/50
f 55/85/51 125/229/51 122/156/51
f 121/153/52 124/230/52 54/87/52
f 123/158/91 110/231/91 3/35/91
f 4/38/54 111/232/54 120/152/54
f 42/162/2 15/10/2 123/158/2
f 15/10/2 14/12/2 123/158/2
f 14/12/2 58/65/2 122/156/2
f 58/65/2 77/86/2 122/156/2
f 58/65/2 59/64/2 82/91/2
f 115/163/55 114/226/55 120/164/55
f 114/166/56 113/233/56 121/153/56
f 123/167/92 117/227/92 116/168/92
f 121/170/93 113/151/93 112/171/93
f 119/150/59 118/149/59 122/173/59
f 112/175/94 119/234/94 125/176/94
f 110/146/61 116/235/61 115/177/61
f 31/18/4 30/21/4 34/23/4
f 99/113/4 108/145/4 88/104/4
f 17/14/2 7/13/2 12/9/2
f 7/13/2 13/45/2 12/9/2
f 51/59/4 107/143/4 109/144/4
f 51/59/4 88/104/4 108/145/4
f 15/10/2 42/162/2 5/6/2
f 131/180/95 126/236/95 127/181/95
f 127/181/62 128/237/62 129/238/62
f 128/237/62 64/239/62 129/238/62
f 64/239/96 63/240/96 129/238/96
f 129/238/62 130/179/62 127/181/62
f 86/182/63 131/241/63 130/183/63
f 83/185/4 128/194/4 127/186/4
f 69/188/64 129/198/64 63/189/64
f 84/187/65 127/186/65 126/191/65
f 61/193/66 64/242/66 128/194/66
f 85/195/34 126/243/34 131/196/34
f 68/184/2 130/183/2 129/198/2
s 1
f 135/244/97 133/245/98 132/246/99
f 134/247/100 136/248/101 133/245/98
f 134/247/100 138/249/102 137/250/68
f 135/244/97 139/251/103 134/247/100
f 142/252/104 139/251/103 140/253/105
f 141/254/106 138/249/102 139/251/103
f 141/254/106 144/255/107 143/256/68
f 142/252/104 145/257/108 141/254/106
f 148/258/109 145/257/108 146/259/110
f 147/260/111 144/255/107 145/257/108
f 147/260/111 150/261/112 149/262/68
f 148/258/109 151/263/113 147/260/111
f 154/264/114 151/263/113 152/265/115
f 153/266/116 150/261/112 151/263/113
f 153/266/116 156/267/117 155/268/68
f 154/264/114 157/269/118 153/266/116
f 160/270/119 157/269/118 158/271/120
f 159/272/121 156/267/117 157/269/118
f 159/272/121 162/273/122 161/274/68
f 160/270/119 163/275/123 159/272/121
f 166/276/124 163/275/123 164/277/125
f 165/278/126 162/273/122 163/275/123
f 165/278/126 168/279/127 167/280/68
f 166/276/124 169/281/128 165/278/126
f 172/282/129 169/281/128 170/283/130
f 171/284/131 168/279/127 169/281/128
f 171/284/131 174/285/132 173/286/68
f 172/282/129 175/287/133 171/284/131
f 178/288/134 175/287/133 176/289/135
f 177/290/136 174/285/132 175/287/133
f 177/290/136 180/291/137 179/292/68
f 178/288/134 181/293/138 177/290/136
f 184/294/139 181/293/138 182/295/140
f 183/296/141 180/291/137 181/293/138
f 183/296/141 186/297/142 185/298/68
f 184/294/139 187/299/143 183/296/141
f 190/300/144 187/299/143 188/301/145
f 189/302/146 186/297/142 187/299/143
f 189/302/146 192/303/147 191/304/68
f 190/300/144 193/305/148 189/302/146
f 196/306/149 193/305/148 194/307/150
f 195/308/151 192/303/147 193/305/148
f 195/308/151 198/309/152 197/310/68
f 196/306/149 199/311/153 195/308/151
f 202/312/154 199/311/153 200/313/155
f 201/314/156 198/309/152 199/311/153
f 201/314/156 204/315/157 203/316/68
f 202/312/154 205/317/158 201/314/156
f 208/318/159 205/317/158 206/319/160
f 207/320/161 204/315/157 205/317/158
f 207/320/161 210/321/162 209/322/68
f 208/318/159 211/323/163 207/320/161
f 214/324/164 211/323/163 212/325/165
f 213/326/166 210/321/162 211/323/163
f 213/326/166 216/327/167 215/328/68
f 214/324/164 217/329/168 213/326/166
f 220/330/169 217/329/168 218/331/170
f 219/332/171 216/327/167 217/329/168
f 219/332/171 222/333/172 221/334/68
f 220/330/169 223/335/173 219/332/171
f 226/336/174 223/335/173 224/337/175
f 225/338/176 222/333/172 223/335/173
f 225/338/176 136/339/101 227/340/68
f 226/336/174 133/341/98 225/338/176
f 228/342/177 230/343/178 229/344/179
f 229/344/179 233/345/180 232/346/181
f 235/347/182 233/345/180 230/343/178
f 236/348/183 230/343/178 231/349/184
f 236/348/183 237/350/185 235/347/182
f 235/347/182 239/351/186 234/352/187
f 241/353/188 239/351/186 237/350/185
f 242/354/189 237/350/185 238/355/190
f 242/354/189 243/356/191 241/353/188
f 241/353/188 245/357/192 240/358/193
f 247/359/194 245/357/192 243/356/191
f 248/360/195 243/356/191 244/361/196
f 248/360/195 249/362/197 247/359/194
f 247/359/194 251/363/198 246/364/199
f 253/365/200 251/363/198 249/362/197
f 254/366/201 249/362/197 250/367/202
f 254/366/201 255/368/203 253/365/200
f 253/365/200 257/369/204 252/370/205
f 259/371/206 257/369/204 255/368/203
f 260/372/207 255/368/203 256/373/208
f 260/372/207 261/374/209 259/371/206
f 259/371/206 263/375/210 258/376/211
f 265/377/212 263/375/210 261/374/209
f 266/378/213 261/374/209 262/379/214
f 266/378/213 267/380/215 265/377/212
f 265/377/212 269/381/216 264/382/217
f 271/383/218 269/381/216 267/380/215
f 272/384/219 267/380/215 268/385/220
f 272/384/219 273/386/221 271/383/218
f 271/383/218 275/387/222 270/388/223
f 277/389/224 275/387/222 273/386/221
f 278/390/225 273/386/221 274/391/226
f 278/390/225 279/392/227 277/389/224
f 277/389/224 281/393/228 276/394/229
f 283/395/230 281/393/228 279/392/227
f 284/396/231 279/392/227 280/397/232
f 284/396/231 285/398/233 283/395/230
f 283/395/230 287/399/234 282/400/235
f 289/401/236 287/399/234 285/398/233
f 290/402/237 285/398/233 286/403/238
f 290/402/237 291/404/239 289/401/236
f 289/401/236 293/405/240 288/406/241
f 295/407/242 293/405/240 291/404/239
f 296/408/243 291/404/239 292/409/244
f 296/408/243 297/410/245 295/407/242
f 295/407/242 299/411/246 294/412/247
f 301/413/248 299/411/246 297/410/245
f 302/414/249 297/410/245 298/415/250
f 302/414/249 303/416/251 301/413/248
f 301/413/248 305/417/252 300/418/253
f 307/419/254 305/417/252 303/416/251
f 308/420/255 303/416/251 304/421/256
f 308/420/255 309/422/257 307/419/254
f 307/419/254 311/423/258 306/424/259
f 313/425/260 311/423/258 309/422/257
f 314/426/261 309/422/257 310/427/262
f 314/426/261 315/428/263 313/425/260
f 313/425/260 317/429/264 312/430/265
f 319/431/266 317/429/264 315/428/263
f 320/432/267 315/428/263 316/433/268
f 320/432/267 321/434/269 319/431/266
f 319/431/266 323/435/270 318/436/271
f 229/437/179 323/435/270 321/434/269
f 228/438/177 321/434/269 322/439/272
f 232/346/181 325/440/273 324/441/274
f 324/441/274 327/442/275 326/443/276
f 329/444/277 327/442/275 325/440/273
f 234/352/187 325/440/273 233/345/180
f 234/352/187 330/445/278 329/444/277
f 329/444/277 331/446/279 328/447/280
f 333/448/281 331/446/279 330/445/278
f 240/358/193 330/445/278 239/351/186
f 240/358/193 334/449/282 333/448/281
f 333/448/281 335/450/283 332/451/284
f 337/452/285 335/450/283 334/449/282
f 246/364/199 334/449/282 245/357/192
f 246/364/199 338/453/286 337/452/285
f 337/452/285 339/454/287 336/455/288
f 341/456/289 339/454/287 338/453/286
f 252/370/205 338/453/286 251/363/198
f 252/370/205 342/457/290 341/456/289
f 341/456/289 343/458/291 340/459/292
f 345/460/293 343/458/291 342/457/290
f 258/376/211 342/457/290 257/369/204
f 258/376/211 346/461/294 345/460/293
f 345/460/293 347/462/295 344/463/296
f 349/464/297 347/462/295 346/461/294
f 264/382/217 346/461/294 263/375/210
f 264/382/217 350/465/298 349/464/297
f 349/464/297 351/466/299 348/467/300
f 353/468/301 351/466/299 350/465/298
f 270/388/223 350/465/298 269/381/216
f 270/388/223 354/469/302 353/468/301
f 353/468/301 355/470/303 352/471/304
f 357/472/305 355/470/303 354/469/302
f 276/394/229 354/469/302 275/387/222
f 276/394/229 358/473/306 357/472/305
f 357/472/305 359/474/307 356/475/308
f 361/476/309 359/474/307 358/473/306
f 282/400/235 358/473/306 281/393/228
f 282/400/235 362/477/310 361/476/309
f 361/476/309 363/478/311 360/479/312
f 365/480/313 363/478/311 362/477/310
f 288/406/241 362/477/310 287/399/234
f 288/406/241 366/481/314 365/480/313
f 365/480/313 367/482/315 364/483/316
f 369/484/317 367/482/315 366/481/314
f 294/412/247 366/481/314 293/405/240
f 294/412/247 370/485/318 369/484/317
f 369/484/317 371/486/319 368/487/320
f 373/488/321 371/486/319 370/485/318
f 300/418/253 370/485/318 299/411/246
f 300/418/253 374/489/322 373/488/321
f 373/488/321 375/490/323 372/491/324
f 377/492/325 375/490/323 374/489/322
f 306/424/259 374/489/322 305/417/252
f 306/424/259 378/493/326 377/492/325
f 377/492/325 379/494/327 376/495/328
f 381/496/329 379/494/327 378/493/326
f 312/430/265 378/493/326 311/423/258
f 312/430/265 382/497/330 381/496/329
f 381/496/329 383/498/331 380/499/332
f 385/500/333 383/498/331 382/497/330
f 318/436/271 382/497/330 317/429/264
f 318/436/271 386/501/334 385/500/333
f 385/500/333 387/502/335 384/503/336
f 324/504/274 387/502/335 386/501/334
f 232/505/181 386/501/334 323/435/270
f 388/506/337 390/507/338 389/508/339
f 389/508/339 393/509/340 392/510/341
f 395/511/342 393/509/340 390/507/338
f 396/512/343 390/507/338 391/513/344
f 396/512/343 397/514/345 395/511/342
f 395/511/342 399/515/346 394/516/347
f 401/517/348 399/515/346 397/514/345
f 402/518/349 397/514/345 398/519/350
f 402/518/349 403/520/351 401/517/348
f 401/517/348 405/521/352 400/522/353
f 407/523/354 405/521/352 403/520/351
f 408/524/355 403/520/351 404/525/356
f 408/524/355 409/526/357 407/523/354
f 407/523/354 411/527/358 406/528/359
f 413/529/360 411/527/358 409/526/357
f 414/530/361 409/526/357 410/531/362
f 414/530/361 415/532/363 413/529/360
f 413/529/360 417/533/364 412/534/365
f 419/535/366 417/533/364 415/532/363
f 420/536/367 415/532/363 416/537/368
f 420/536/367 421/538/369 419/535/366
f 419/535/366 423/539/370 418/540/371
f 425/541/372 423/539/370 421/538/369
f 426/542/373 421/538/369 422/543/374
f 426/542/373 427/544/375 425/541/372
f 425/541/372 429/545/376 424/546/377
f 431/547/378 429/545/376 427/544/375
f 432/548/379 427/544/375 428/549/380
f 432/548/379 433/550/381 431/547/378
f 431/547/378 435/551/382 430/552/383
f 437/553/384 435/551/382 433/550/381
f 438/554/385 433/550/381 434/555/386
f 438/554/385 439/556/387 437/553/384
f 437/553/384 441/557/388 436/558/389
f 443/559/390 441/557/388 439/556/387
f 444/560/391 439/556/387 440/561/392
f 444/560/391 445/562/393 443/559/390
f 443/559/390 447/563/394 442/564/395
f 449/565/396 447/563/394 445/562/393
f 450/566/397 445/562/393 446/567/398
f 450/566/397 451/568/399 449/565/396
f 449/565/396 453/569/400 448/570/401
f 455/571/402 453/569/400 451/568/399
f 456/572/403 451/568/399 452/573/404
f 456/572/403 457/574/405 455/571/402
f 455/571/402 459/575/406 454/576/407
f 461/577/408 459/575/406 457/574/405
f 462/578/409 457/574/405 458/579/410
f 462/578/409 463/580/411 461/577/408
f 461/577/408 465/581/412 460/582/413
f 467/583/414 465/581/412 463/580/411
f 468/584/415 463/580/411 464/585/416
f 468/584/415 469/586/417 467/583/414
f 467/583/414 471/587/418 466/588/419
f 473/589/420 471/587/418 469/586/417
f 474/590/421 469/586/417 470/591/422
f 474/590/421 475/592/423 473/589/420
f 473/589/420 477/593/424 472/594/425
f 479/595/426 477/593/424 475/592/423
f 480/596/427 475/592/423 476/597/428
f 480/596/427 481/598/429 479/595/426
f 479/595/426 483/599/430 478/600/431
f 389/601/339 483/599/430 481/598/429
f 388/602/337 481/598/429 482/603/432
f 392/510/341 485/604/433 484/605/434
f 484/605/434 487/606/435 486/607/436
f 489/608/437 487/606/435 485/604/433
f 394/516/347 485/604/433 393/509/340
f 394/516/347 490/609/438 489/608/437
f 489/608/437 491/610/439 488/611/440
f 493/612/441 491/610/439 490/609/438
f 400/522/353 490/609/438 399/515/346
f 400/522/353 494/613/442 493/612/441
f 493/612/441 495/614/443 492/615/444
f 497/616/445 495/614/443 494/613/442
f 406/528/359 494/613/442 405/521/352
f 406/528/359 498/617/446 497/616/445
f 497/616/445 499/618/447 496/619/448
f 501/620/449 499/618/447 498/617/446
f 412/534/365 498/617/446 411/527/358
f 412/534/365 502/621/450 501/620/449
f 501/620/449 503/622/451 500/623/452
f 505/624/453 503/622/451 502/621/450
f 418/540/371 502/621/450 417/533/364
f 418/540/371 506/625/454 505/624/453
f 505/624/453 507/626/455 504/627/456
f 509/628/457 507/626/455 506/625/454
f 424/546/377 506/625/454 423/539/370
f 424/546/377 510/629/458 509/628/457
f 509/628/457 511/630/459 508/631/460
f 513/632/461 511/630/459 510/629/458
f 430/552/383 510/629/458 429/545/376
f 430/552/383 514/633/462 513/632/461
f 513/632/461 515/634/463 512/635/464
f 517/636/465 515/634/463 514/633/462
f 436/558/389 514/633/462 435/551/382
f 436/558/389 518/637/466 517/636/465
f 517/636/465 519/638/467 516/639/468
f 521/640/469 519/638/467 518/637/466
f 442/564/395 518/637/466 441/557/388
f 442/564/395 522/641/470 521/640/469
f 521/640/469 523/642/471 520/643/472
f 525/644/473 523/642/471 522/641/470
f 448/570/401 522/641/470 447/563/394
f 448/570/401 526/645/474 525/644/473
f 525/644/473 527/646/475 524/647/476
f 529/648/477 527/646/475 526/645/474
f 454/576/407 526/645/474 453/569/400
f 454/576/407 530/649/478 529/648/477
f 529/648/477 531/650/479 528/651/480
f 533/652/481 531/650/479 530/649/478
f 460/582/413 530/649/478 459/575/406
f 460/582/413 534/653/482 533/652/481
f 533/652/481 535/654/483 532/655/484
f 537/656/485 535/654/483 534/653/482
f 466/588/419 534/653/482 465/581/412
f 466/588/419 538/657/486 537/656/485
f 537/656/485 539/658/487 536/659/488
f 541/660/489 539/658/487 538/657/486
f 472/594/425 538/657/486 471/587/418
f 472/594/425 542/661/490 541/660/489
f 541/660/489 543/662/491 540/663/492
f 545/664/493 543/662/491 542/661/490
f 478/600/431 542/661/490 477/593/424
f 478/600/431 546/665/494 545/664/493
f 545/664/493 547/666/495 544/667/496
f 484/668/434 547/666/495 546/665/494
f 392/669/341 546/665/494 483/599/430
f 486/607/436 549/670/497 548/671/498
f 549/670/497 550/672/499 548/671/498
f 549/670/497 552/673/500 551/674/501
f 488/611/440 549/670/497 487/606/435
f 488/611/440 554/675/502 553/676/503
f 554/675/502 552/673/500 553/676/503
f 554/675/502 556/677/504 555/678/505
f 492/615/444 554/675/502 491/610/439
f 492/615/444 558/679/506 557/680/507
f 558/679/506 556/677/504 557/680/507
f 558/679/506 560/681/508 559/682/509
f 496/619/448 558/679/506 495/614/443
f 496/619/448 562/683/510 561/684/511
f 562/683/510 560/681/508 561/684/511
f 562/683/510 564/685/512 563/686/513
f 500/623/452 562/683/510 499/618/447
f 500/623/452 566/687/514 565/688/515
f 566/687/514 564/685/512 565/688/515
f 566/687/514 568/689/516 567/690/517
f 504/627/456 566/687/514 503/622/451
f 504/627/456 570/691/518 569/692/519
f 570/691/518 568/689/516 569/692/519
f 570/691/518 572/693/520 571/694/521
f 508/631/460 570/691/518 507/626/455
f 508/631/460 574/695/522 573/696/523
f 574/695/522 572/693/520 573/696/523
f 574/695/522 576/697/524 575/698/525
f 512/635/464 574/695/522 511/630/459
f 512/635/464 578/699/526 577/700/527
f 578/699/526 576/697/524 577/700/527
f 578/699/526 580/701/528 579/702/529
f 516/639/468 578/699/526 515/634/463
f 516/639/468 582/703/530 581/704/531
f 582/703/530 580/701/528 581/704/531
f 582/703/530 584/705/532 583/706/533
f 520/643/472 582/703/530 519/638/467
f 520/643/472 586/707/534 585/708/535
f 586/707/534 584/705/532 585/708/535
f 586/707/534 588/709/536 587/710/537
f 524/647/476 586/707/534 523/642/471
f 524/647/476 590/711/538 589/712/539
f 590/711/538 588/709/536 589/712/539
f 590/711/538 592/713/540 591/714/541
f 528/651/480 590/711/538 527/646/475
f 528/651/480 594/715/542 593/716/543
f 594/715/542 592/713/540 593/716/543
f 594/715/542 596/717/544 595/718/545
f 532/655/484 594/715/542 531/650/479
f 532/655/484 598/719/546 597/720/547
f 598/719/546 596/717/544 597/720/547
f 598/719/546 600/721/548 599/722/549
f 536/659/488 598/719/546 535/654/483
f 536/659/488 602/723/550 601/724/551
f 602/723/550 600/721/548 601/724/551
f 602/723/550 604/725/552 603/726/553
f 540/663/492 602/723/550 539/658/487
f 540/663/492 606/727/554 605/728/555
f 606/727/554 604/725/552 605/728/555
f 606/727/554 608/729/556 607/730/557
f 544/667/496 606/727/554 543/662/491
f 544/667/496 610/731/558 609/732/559
f 610/731/558 608/729/556 609/732/559
f 610/731/558 550/733/499 611/734/560
f 486/735/436 610/731/558 547/666/495
f 551/674/501 612/736/561 550/672/499
f 613/737/562 614/738/563 612/736/561
f 613/737/562 616/739/564 615/740/565
f 551/674/501 617/741/566 613/737/562
f 555/678/505 617/741/566 552/673/500
f 618/742/567 616/739/564 617/741/566
f 618/742/567 620/743/568 619/744/569
f 555/678/505 621/745/570 618/742/567
f 559/682/509 621/745/570 556/677/504
f 622/746/571 620/743/568 621/745/570
f 622/746/571 624/747/572 623/748/573
f 559/682/509 625/749/574 622/746/571
f 563/686/513 625/749/574 560/681/508
f 626/750/575 624/747/572 625/749/574
f 626/750/575 628/751/576 627/752/577
f 563/686/513 629/753/578 626/750/575
f 567/690/517 629/753/578 564/685/512
f 630/754/579 628/751/576 629/753/578
f 630/754/579 632/755/580 631/756/581
f 567/690/517 633/757/582 630/754/579
f 571/694/521 633/757/582 568/689/516
f 634/758/583 632/755/580 633/757/582
f 634/758/583 636/759/584 635/760/585
f 571/694/521 637/761/586 634/758/583
f 575/698/525 637/761/586 572/693/520
f 638/762/587 636/759/584 637/761/586
f 638/762/587 640/763/588 639/764/589
f 575/698/525 641/765/590 638/762/587
f 579/702/529 641/765/590 576/697/524
f 642/766/591 640/763/588 641/765/590
f 642/766/591 644/767/592 643/768/593
f 579/702/529 645/769/594 642/766/591
f 583/706/533 645/769/594 580/701/528
f 646/770/595 644/767/592 645/769/594
f 646/770/595 648/771/596 647/772/597
f 583/706/533 649/773/598 646/770/595
f 587/710/537 649/773/598 584/705/532
f 650/774/599 648/771/596 649/773/598
f 650/774/599 652/775/600 651/776/601
f 587/710/537 653/777/602 650/774/599
f 591/714/541 653/777/602 588/709/536
f 654/778/603 652/775/600 653/777/602
f 654/778/603 656/779/604 655/780/605
f 591/714/541 657/781/606 654/778/603
f 595/718/545 657/781/606 592/713/540
f 658/782/607 656/779/604 657/781/606
f 658/782/607 660/783/608 659/784/609
f 595/718/545 661/785/610 658/782/607
f 599/722/549 661/785/610 596/717/544
f 662/786/611 660/783/608 661/785/610
f 662/786/611 664/787/612 663/788/613
f 599/722/549 665/789/614 662/786/611
f 603/726/553 665/789/614 600/721/548
f 666/790/615 664/787/612 665/789/614
f 666/790/615 668/791/616 667/792/617
f 603/726/553 669/793/618 666/790/615
f 607/730/557 669/793/618 604/725/552
f 670/794/619 668/791/616 669/793/618
f 670/794/619 672/795/620 671/796/621
f 607/730/557 673/797/622 670/794/619
f 611/734/560 673/797/622 608/729/556
f 674/798/623 672/795/620 673/797/622
f 674/798/623 614/799/563 675/800/624
f 611/734/560 612/801/561 674/798/623
f 615/740/565 676/802/625 614/738/563
f 677/803/626 678/804/627 676/802/625
f 677/803/626 680/805/628 679/806/629
f 615/740/565 681/807/630 677/803/626
f 619/744/569 681/807/630 616/739/564
f 682/808/631 680/805/628 681/807/630
f 682/808/631 684/809/632 683/810/633
f 619/744/569 685/811/634 682/808/631
f 623/748/573 685/811/634 620/743/568
f 686/812/635 684/809/632 685/811/634
f 686/812/635 688/813/636 687/814/637
f 623/748/573 689/815/638 686/812/635
f 627/752/577 689/815/638 624/747/572
f 690/816/639 688/813/636 689/815/638
f 690/816/639 692/817/640 691/818/641
f 627/752/577 693/819/642 690/816/639
f 631/756/581 693/819/642 628/751/576
f 694/820/643 692/817/640 693/819/642
f 694/820/643 696/821/644 695/822/645
f 631/756/581 697/823/646 694/820/643
f 635/760/585 697/823/646 632/755/580
f 698/824/647 696/821/644 697/823/646
f 698/824/647 700/825/648 699/826/649
f 635/760/585 701/827/650 698/824/647
f 639/764/589 701/827/650 636/759/584
f 702/828/651 700/825/648 701/827/650
f 702/828/651 704/829/652 703/830/653
f 639/764/589 705/831/654 702/828/651
f 643/768/593 705/831/654 640/763/588
f 706/832/655 704/829/652 705/831/654
f 706/832/655 708/833/656 707/834/657
f 643/768/593 709/835/658 706/832/655
f 647/772/597 709/835/658 644/767/592
f 710/836/659 708/833/656 709/835/658
f 710/836/659 712/837/660 711/838/661
f 647/772/597 713/839/662 710/836/659
f 651/776/601 713/839/662 648/771/596
f 714/840/663 712/837/660 713/839/662
f 714/840/663 716/841/664 715/842/665
f 651/776/601 717/843/666 714/840/663
f 655/780/605 717/843/666 652/775/600
f 718/844/667 716/841/664 717/843/666
f 718/844/667 720/845/668 719/846/669
f 655/780/605 721/847/670 718/844/667
f 659/784/609 721/847/670 656/779/604
f 722/848/671 720/845/668 721/847/670
f 722/848/671 724/849/672 723/850/673
f 659/784/609 725/851/674 722/848/671
f 663/788/613 725/851/674 660/783/608
f 726/852/675 724/849/672 725/851/674
f 726/852/675 728/853/676 727/854/677
f 663/788/613 729/855/678 726/852/675
f 667/792/617 729/855/678 664/787/612
f 730/856/679 728/853/676 729/855/678
f 730/856/679 732/857/680 731/858/681
f 667/792/617 733/859/682 730/856/679
f 671/796/621 733/859/682 668/791/616
f 734/860/683 732/857/680 733/859/682
f 734/860/683 736/861/684 735/862/685
f 671/796/621 737/863/686 734/860/683
f 675/800/624 737/863/686 672/795/620
f 738/864/687 736/861/684 737/863/686
f 738/864/687 678/865/627 739/866/688
f 675/800/624 676/867/625 738/864/687
f 679/806/629 740/868/689 678/804/627
f 741/869/690 742/870/691 740/868/689
f 741/869/690 744/871/692 743/872/693
f 679/806/629 745/873/694 741/869/690
f 683/810/633 745/873/694 680/805/628
f 746/874/695 744/871/692 745/873/694
f 746/874/695 748/875/696 747/876/697
f 683/810/633 749/877/698 746/874/695
f 687/814/637 749/877/698 684/809/632
f 750/878/699 748/875/696 749/877/698
f 750/878/699 752/879/700 751/880/701
f 687/814/637 753/881/702 750/878/699
f 691/818/641 753/881/702 688/813/636
f 754/882/703 752/879/700 753/881/702
f 754/882/703 756/883/704 755/884/705
f 691/818/641 757/885/706 754/882/703
f 695/822/645 757/885/706 692/817/640
f 758/886/707 756/883/704 757/885/706
f 758/886/707 760/887/708 759/888/709
f 695/822/645 761/889/710 758/886/707
f 699/826/649 761/889/710 696/821/644
f 762/890/711 760/887/708 761/889/710
f 762/890/711 764/891/712 763/892/713
f 699/826/649 765/893/714 762/890/711
f 703/830/653 765/893/714 700/825/648
f 766/894/715 764/891/712 765/893/714
f 766/894/715 768/895/716 767/896/717
f 703/830/653 769/897/718 766/894/715
f 707/834/657 769/897/718 704/829/652
f 770/898/719 768/895/716 769/897/718
f 770/898/719 772/899/720 771/900/721
f 707/834/657 773/901/722 770/898/719
f 711/838/661 773/901/722 708/833/656
f 774/902/723 772/899/720 773/901/722
f 774/902/723 776/903/724 775/904/725
f 711/838/661 777/905/726 774/902/723
f 715/842/665 777/905/726 712/837/660
f 778/906/727 776/903/724 777/905/726
f 778/906/727 780/907/728 779/908/729
f 715/842/665 781/909/730 778/906/727
f 719/846/669 781/909/730 716/841/664
f 782/910/731 780/907/728 781/909/730
f 782/910/731 784/911/732 783/912/733
f 719/846/669 785/913/734 782/910/731
f 723/850/673 785/913/734 720/845/668
f 786/914/735 784/911/732 785/913/734
f 786/914/735 788/915/736 787/916/737
f 723/850/673 789/917/738 786/914/735
f 727/854/677 789/917/738 724/849/672
f 790/918/739 788/915/736 789/917/738
f 790/918/739 792/919/740 791/920/741
f 727/854/677 793/921/742 790/918/739
f 731/858/681 793/921/742 728/853/676
f 794/922/743 792/919/740 793/921/742
f 794/922/743 796/923/744 795/924/745
f 731/858/681 797/925/746 794/922/743
f 735/862/685 797/925/746 732/857/680
f 798/926/747 796/923/744 797/925/746
f 798/926/747 800/927/748 799/928/749
f 735/862/685 801/929/750 798/926/747
f 739/866/688 801/929/750 736/861/684
f 802/930/751 800/927/748 801/929/750
f 802/930/751 742/931/691 803/932/752
f 739/866/688 740/933/689 802/930/751
f 743/872/693 804/934/753 742/870/691
f 805/935/754 806/936/755 804/934/753
f 805/935/754 808/937/756 807/938/757
f 743/872/693 809/939/758 805/935/754
f 747/876/697 809/939/758 744/871/692
f 810/940/759 808/937/756 809/939/758
f 810/940/759 812/941/760 811/942/761
f 747/876/697 813/943/762 810/940/759
f 751/880/701 813/943/762 748/875/696
f 814/944/763 812/941/760 813/943/762
f 814/944/763 816/945/764 815/946/765
f 751/880/701 817/947/766 814/944/763
f 755/884/705 817/947/766 752/879/700
f 818/948/767 816/945/764 817/947/766
f 818/948/767 820/949/768 819/950/769
f 755/884/705 821/951/770 818/948/767
f 759/888/709 821/951/770 756/883/704
f 822/952/771 820/949/768 821/951/770
f 822/952/771 824/953/772 823/954/773
f 759/888/709 825/955/774 822/952/771
f 763/892/713 825/955/774 760/887/708
f 826/956/775 824/953/772 825/955/774
f 826/956/775 828/957/776 827/958/777
f 763/892/713 829/959/778 826/956/775
f 767/896/717 829/959/778 764/891/712
f 830/960/779 828/957/776 829/959/778
f 830/960/779 832/961/780 831/962/781
f 767/896/717 833/963/782 830/960/779
f 771/900/721 833/963/782 768/895/716
f 834/964/783 832/961/780 833/963/782
f 834/964/783 836/965/784 835/966/785
f 771/900/721 837/967/786 834/964/783
f 775/904/725 837/967/786 772/899/720
f 838/968/787 836/965/784 837/967/786
f 838/968/787 840/969/788 839/970/789
f 775/904/725 841/971/790 838/968/787
f 779/908/729 841/971/790 776/903/724
f 842/972/791 840/969/788 841/971/790
f 842/972/791 844/973/792 843/974/793
f 779/908/729 845/975/794 842/972/791
f 783/912/733 845/975/794 780/907/728
f 846/976/795 844/973/792 845/975/794
f 846/976/795 848/977/796 847/978/797
f 783/912/733 849/979/798 846/976/795
f 787/916/737 849/979/798 784/911/732
f 850/980/799 848/977/796 849/979/798
f 850/980/799 852/981/800 851/982/801
f 787/916/737 853/983/802 850/980/799
f 791/920/741 853/983/802 788/915/736
f 854/984/803 852/981/800 853/983/802
f 854/984/803 856/985/804 855/986/805
f 791/920/741 857/987/806 854/984/803
f 795/924/745 857/987/806 792/919/740
f 858/988/807 856/985/804 857/987/806
f 858/988/807 860/989/808 859/990/809
f 795/924/745 861/991/810 858/988/807
f 799/928/749 861/991/810 796/923/744
f 862/992/811 860/989/808 861/991/810
f 862/992/811 864/993/812 863/994/813
f 799/928/749 865/995/814 862/992/811
f 803/932/752 865/995/814 800/927/748
f 866/996/815 864/993/812 865/995/814
f 866/996/815 806/997/755 867/998/816
f 803/932/752 804/999/753 866/996/815
f 868/1000/817 870/1001/818 869/1002/819
f 869/1002/819 873/1003/820 872/1004/821
f 875/1005/822 873/1003/820 870/1001/818
f 876/1006/823 870/1001/818 871/1007/824
f 876/1006/823 877/1008/825 875/1005/822
f 875/1005/822 879/1009/826 874/1010/827
f 881/1011/828 879/1009/826 877/1008/825
f 882/1012/829 877/1008/825 878/1013/830
f 882/1012/829 883/1014/831 881/1011/828
f 881/1011/828 885/1015/832 880/1016/833
f 887/1017/834 885/1015/832 883/1014/831
f 888/1018/835 883/1014/831 884/1019/836
f 888/1018/835 889/1020/837 887/1017/834
f 887/1017/834 891/1021/838 886/1022/839
f 893/1023/840 891/1021/838 889/1020/837
f 894/1024/841 889/1020/837 890/1025/842
f 894/1024/841 895/1026/843 893/1023/840
f 893/1023/840 897/1027/844 892/1028/845
f 899/1029/846 897/1027/844 895/1026/843
f 900/1030/847 895/1026/843 896/1031/848
f 900/1030/847 901/1032/849 899/1029/846
f 899/1029/846 903/1033/850 898/1034/851
f 905/1035/852 903/1033/850 901/1032/849
f 906/1036/853 901/1032/849 902/1037/854
f 906/1036/853 907/1038/855 905/1035/852
f 905/1035/852 909/1039/856 904/1040/857
f 911/1041/858 909/1039/856 907/1038/855
f 912/1042/859 907/1038/855 908/1043/860
f 912/1042/859 913/1044/861 911/1041/858
f 911/1041/858 915/1045/862 910/1046/863
f 917/1047/864 915/1045/862 913/1044/861
f 918/1048/865 913/1044/861 914/1049/866
f 918/1048/865 919/1050/867 917/1047/864
f 917/1047/864 921/1051/868 916/1052/869
f 923/1053/870 921/1051/868 919/1050/867
f 924/1054/871 919/1050/867 920/1055/872
f 924/1054/871 925/1056/873 923/1053/870
f 923/1053/870 927/1057/874 922/1058/875
f 929/1059/876 927/1057/874 925/1056/873
f 930/1060/877 925/1056/873 926/1061/878
f 930/1060/877 931/1062/879 929/1059/876
f 929/1059/876 933/1063/880 928/1064/881
f 935/1065/882 933/1063/880 931/1062/879
f 936/1066/883 931/1062/879 932/1067/884
f 936/1066/883 937/1068/885 935/1065/882
f 935/1065/882 939/1069/886 934/1070/887
f 941/1071/888 939/1069/886 937/1068/885
f 942/1072/889 937/1068/885 938/1073/890
f 942/1072/889 943/1074/891 941/1071/888
f 941/1071/888 945/1075/892 940/1076/893
f 947/1077/894 945/1075/892 943/1074/891
f 948/1078/895 943/1074/891 944/1079/896
f 948/1078/895 949/1080/897 947/1077/894
f 947/1077/894 951/1081/898 946/1082/899
f 953/1083/900 951/1081/898 949/1080/897
f 954/1084/901 949/1080/897 950/1085/902
f 954/1084/901 955/1086/903 953/1083/900
f 953/1083/900 957/1087/904 952/1088/905
f 959/1089/906 957/1087/904 955/1086/903
f 960/1090/907 955/1086/903 956/1091/908
f 960/1090/907 961/1092/909 959/1089/906
f 959/1089/906 963/1093/910 958/1094/911
f 869/1095/819 963/1093/910 961/1092/909
f 868/1096/817 961/1092/909 962/1097/912
f 872/1004/821 965/1098/913 964/1099/914
f 964/1099/914 967/1100/915 966/1101/916
f 969/1102/917 967/1100/915 965/1098/913
f 874/1010/827 965/1098/913 873/1003/820
f 874/1010/827 970/1103/918 969/1102/917
f 969/1102/917 971/1104/919 968/1105/920
f 973/1106/921 971/1104/919 970/1103/918
f 880/1016/833 970/1103/918 879/1009/826
f 880/1016/833 974/1107/922 973/1106/921
f 973/1106/921 975/1108/923 972/1109/924
f 977/1110/925 975/1108/923 974/1107/922
f 886/1022/839 974/1107/922 885/1015/832
f 886/1022/839 978/1111/926 977/1110/925
f 977/1110/925 979/1112/927 976/1113/928
f 981/1114/929 979/1112/927 978/1111/926
f 892/1028/845 978/1111/926 891/1021/838
f 892/1028/845 982/1115/930 981/1114/929
f 981/1114/929 983/1116/931 980/1117/932
f 985/1118/933 983/1116/931 982/1115/930
f 898/1034/851 982/1115/930 897/1027/844
f 898/1034/851 986/1119/934 985/1118/933
f 985/1118/933 987/1120/935 984/1121/936
f 989/1122/937 987/1120/935 986/1119/934
f 904/1040/857 986/1119/934 903/1033/850
f 904/1040/857 990/1123/938 989/1122/937
f 989/1122/937 991/1124/939 988/1125/940
f 993/1126/941 991/1124/939 990/1123/938
f 910/1046/863 990/1123/938 909/1039/856
f 910/1046/863 994/1127/942 993/1126/941
f 993/1126/941 995/1128/943 992/1129/944
f 997/1130/945 995/1128/943 994/1127/942
f 916/1052/869 994/1127/942 915/1045/862
f 916/1052/869 998/1131/946 997/1130/945
f 997/1130/945 999/1132/947 996/1133/948
f 1001/1134/949 999/1132/947 998/1131/946
f 922/1058/875 998/1131/946 921/1051/868
f 922/1058/875 1002/1135/950 1001/1134/949
f 1001/1134/949 1003/1136/951 1000/1137/952
f 1005/1138/953 1003/1136/951 1002/1135/950
f 928/1064/881 1002/1135/950 927/1057/874
f 928/1064/881 1006/1139/954 1005/1138/953
f 1005/1138/953 1007/1140/955 1004/1141/956
f 1009/1142/957 1007/1140/955 1006/1139/954
f 934/1070/887 1006/1139/954 933/1063/880
f 934/1070/887 1010/1143/958 1009/1142/957
f 1009/1142/957 1011/1144/959 1008/1145/960
f 1013/1146/961 1011/1144/959 1010/1143/958
f 940/1076/893 1010/1143/958 939/1069/886
f 940/1076/893 1014/1147/962 1013/1146/961
f 1013/1146/961 1015/1148/963 1012/1149/964
f 1017/1150/965 1015/1148/963 1014/1147/962
f 946/1082/899 1014/1147/962 945/1075/892
f 946/1082/899 1018/1151/966 1017/1150/965
f 1017/1150/965 1019/1152/967 1016/1153/968
f 1021/1154/969 1019/1152/967 1018/1151/966
f 952/1088/905 1018/1151/966 951/1081/898
f 952/1088/905 1022/1155/970 1021/1154/969
f 1021/1154/969 1023/1156/971 1020/1157/972
f 1025/1158/973 1023/1156/971 1022/1155/970
f 958/1094/911 1022/1155/970 957/1087/904
f 958/1094/911 1026/1159/974 1025/1158/973
f 1025/1158/973 1027/1160/975 1024/1161/976
f 964/1162/914 1027/1160/975 1026/1159/974
f 872/1163/821 1026/1159/974 963/1093/910
f 967/1100/915 1028/1164/977 966/1101/916
f 1029/1165/978 1030/1166/979 1028/1164/977
f 1029/1165/978 1032/1167/980 1031/1168/981
f 967/1100/915 1033/1169/982 1029/1165/978
f 971/1104/919 1033/1169/982 968/1105/920
f 1034/1170/983 1032/1167/980 1033/1169/982
f 1034/1170/983 1036/1171/984 1035/1172/985
f 971/1104/919 1037/1173/986 1034/1170/983
f 975/1108/923 1037/1173/986 972/1109/924
f 1038/1174/987 1036/1171/984 1037/1173/986
f 1038/1174/987 1040/1175/988 1039/1176/989
f 975/1108/923 1041/1177/990 1038/1174/987
f 979/1112/927 1041/1177/990 976/1113/928
f 1042/1178/991 1040/1175/988 1041/1177/990
f 1042/1178/991 1044/1179/992 1043/1180/993
f 979/1112/927 1045/1181/994 1042/1178/991
f 983/1116/931 1045/1181/994 980/1117/932
f 1046/1182/995 1044/1179/992 1045/1181/994
f 1046/1182/995 1048/1183/996 1047/1184/997
f 983/1116/931 1049/1185/998 1046/1182/995
f 987/1120/935 1049/1185/998 984/1121/936
f 1050/1186/999 1048/1183/996 1049/1185/998
f 1050/1186/999 1052/1187/1000 1051/1188/1001
f 987/1120/935 1053/1189/1002 1050/1186/999
f 991/1124/939 1053/1189/1002 988/1125/940
f 1054/1190/1003 1052/1187/1000 1053/1189/1002
f 1054/1190/1003 1056/1191/1004 1055/1192/1005
f 991/1124/939 1057/1193/1006 1054/1190/1003
f 995/1128/943 1057/1193/1006 992/1129/944
f 1058/1194/1007 1056/1191/1004 1057/1193/1006
f 1058/1194/1007 1060/1195/1008 1059/1196/1009
f 995/1128/943 1061/1197/1010 1058/1194/1007
f 999/1132/947 1061/1197/1010 996/1133/948
f 1062/1198/1011 1060/1195/1008 1061/1197/1010
f 1062/1198/1011 1064/1199/1012 1063/1200/1013
f 999/1132/947 1065/1201/1014 1062/1198/1011
f 1003/1136/951 1065/1201/1014 1000/1137/952
f 1066/1202/1015 1064/1199/1012 1065/1201/1014
f 1066/1202/1015 1068/1203/1016 1067/1204/1017
f 1003/1136/951 1069/1205/1018 1066/1202/1015
f 1007/1140/955 1069/1205/1018 1004/1141/956
f 1070/1206/1019 1068/1203/1016 1069/1205/1018
f 1070/1206/1019 1072/1207/1020 1071/1208/1021
f 1007/1140/955 1073/1209/1022 1070/1206/1019
f 1011/1144/959 1073/1209/1022 1008/1145/960
f 1074/1210/1023 1072/1207/1020 1073/1209/1022
f 1074/1210/1023 1076/1211/1024 1075/1212/1025
f 1011/1144/959 1077/1213/1026 1074/1210/1023
f 1015/1148/963 1077/1213/1026 1012/1149/964
f 1078/1214/1027 1076/1211/1024 1077/1213/1026
f 1078/1214/1027 1080/1215/1028 1079/1216/1029
f 1015/1148/963 1081/1217/1030 1078/1214/1027
f 1019/1152/967 1081/1217/1030 1016/1153/968
f 1082/1218/1031 1080/1215/1028 1081/1217/1030
f 1082/1218/1031 1084/1219/1032 1083/1220/1033
f 1019/1152/967 1085/1221/1034 1082/1218/1031
f 1023/1156/971 1085/1221/1034 1020/1157/972
f 1086/1222/1035 1084/1219/1032 1085/1221/1034
f 1086/1222/1035 1088/1223/1036 1087/1224/1037
f 1023/1156/971 1089/1225/1038 1086/1222/1035
f 1027/1160/975 1089/1225/1038 1024/1161/976
f 1090/1226/1039 1088/1223/1036 1089/1225/1038
f 1090/1226/1039 1030/1227/979 1091/1228/1040
f 1027/1160/975 1028/1229/977 1090/1226/1039
f 1031/1168/981 1092/1230/1041 1030/1166/979
f 1093/1231/1042 1094/1232/1043 1092/1230/1041
f 1093/1231/1042 1096/1233/1044 1095/1234/1045
f 1031/1168/981 1097/1235/1046 1093/1231/1042
f 1035/1172/985 1097/1235/1046 1032/1167/980
f 1098/1236/1047 1096/1233/1044 1097/1235/1046
f 1098/1236/1047 1100/1237/1048 1099/1238/1049
f 1035/1172/985 1101/1239/1050 1098/1236/1047
f 1039/1176/989 1101/1239/1050 1036/1171/984
f 1102/1240/1051 1100/1237/1048 1101/1239/1050
f 1102/1240/1051 1104/1241/1052 1103/1242/1053
f 1039/1176/989 1105/1243/1054 1102/1240/1051
f 1043/1180/993 1105/1243/1054 1040/1175/988
f 1106/1244/1055 1104/1241/1052 1105/1243/1054
f 1106/1244/1055 1108/1245/1056 1107/1246/1057
f 1043/1180/993 1109/1247/1058 1106/1244/1055
f 1047/1184/997 1109/1247/1058 1044/1179/992
f 1110/1248/1059 1108/1245/1056 1109/1247/1058
f 1110/1248/1059 1112/1249/1060 1111/1250/1061
f 1047/1184/997 1113/1251/1062 1110/1248/1059
f 1051/1188/1001 1113/1251/1062 1048/1183/996
f 1114/1252/1063 1112/1249/1060 1113/1251/1062
f 1114/1252/1063 1116/1253/1064 1115/1254/1065
f 1051/1188/1001 1117/1255/1066 1114/1252/1063
f 1055/1192/1005 1117/1255/1066 1052/1187/1000
f 1118/1256/1067 1116/1253/1064 1117/1255/1066
f 1118/1256/1067 1120/1257/1068 1119/1258/1069
f 1055/1192/1005 1121/1259/1070 1118/1256/1067
f 1059/1196/1009 1121/1259/1070 1056/1191/1004
f 1122/1260/1071 1120/1257/1068 1121/1259/1070
f 1122/1260/1071 1124/1261/1072 1123/1262/1073
f 1059/1196/1009 1125/1263/1074 1122/1260/1071
f 1063/1200/1013 1125/1263/1074 1060/1195/1008
f 1126/1264/1075 1124/1261/1072 1125/1263/1074
f 1126/1264/1075 1128/1265/1076 1127/1266/1077
f 1063/1200/1013 1129/1267/1078 1126/1264/1075
f 1067/1204/1017 1129/1267/1078 1064/1199/1012
f 1130/1268/1079 1128/1265/1076 1129/1267/1078
f 1130/1268/1079 1132/1269/1080 1131/1270/1081
f 1067/1204/1017 1133/1271/1082 1130/1268/1079
f 1071/1208/1021 1133/1271/1082 1068/1203/1016
f 1134/1272/1083 1132/1269/1080 1133/1271/1082
f 1134/1272/1083 1136/1273/1084 1135/1274/1085
f 1071/1208/1021 1137/1275/1086 1134/1272/1083
f 1075/1212/1025 1137/1275/1086 1072/1207/1020
f 1138/1276/1087 1136/1273/1084 1137/1275/1086
f 1138/1276/1087 1140/1277/1088 1139/1278/1089
f 1075/1212/1025 1141/1279/1090 1138/1276/1087
f 1079/1216/1029 1141/1279/1090 1076/1211/1024
f 1142/1280/1091 1140/1277/1088 1141/1279/1090
f 1142/1280/1091 1144/1281/1092 1143/1282/1093
f 1079/1216/1029 1145/1283/1094 1142/1280/1091
f 1083/1220/1033 1145/1283/1094 1080/1215/1028
f 1146/1284/1095 1144/1281/1092 1145/1283/1094
f 1146/1284/1095 1148/1285/1096 1147/1286/1097
f 1083/1220/1033 1149/1287/1098 1146/1284/1095
f 1087/1224/1037 1149/1287/1098 1084/1219/1032
f 1150/1288/1099 1148/1285/1096 1149/1287/1098
f 1150/1288/1099 1152/1289/1100 1151/1290/1101
f 1087/1224/1037 1153/1291/1102 1150/1288/1099
f 1091/1228/1040 1153/1291/1102 1088/1223/1036
f 1154/1292/1103 1152/1289/1100 1153/1291/1102
f 1154/1292/1103 1094/1293/1043 1155/1294/1104
f 1091/1228/1040 1092/1295/1041 1154/1292/1103
f 1094/1232/1043 1157/1296/1105 1156/1297/1106
f 1156/1297/1106 1159/1298/1107 1158/1299/1108
f 1161/1300/1109 1159/1298/1107 1157/1296/1105
f 1096/1233/1044 1157/1296/1105 1095/1234/1045
f 1096/1233/1044 1162/1301/1110 1161/1300/1109
f 1161/1300/1109 1163/1302/1111 1160/1303/1112
f 1165/1304/1113 1163/1302/1111 1162/1301/1110
f 1100/1237/1048 1162/1301/1110 1099/1238/1049
f 1100/1237/1048 1166/1305/1114 1165/1304/1113
f 1165/1304/1113 1167/1306/1115 1164/1307/1116
f 1169/1308/1117 1167/1306/1115 1166/1305/1114
f 1104/1241/1052 1166/1305/1114 1103/1242/1053
f 1104/1241/1052 1170/1309/1118 1169/1308/1117
f 1169/1308/1117 1171/1310/1119 1168/1311/1120
f 1173/1312/1121 1171/1310/1119 1170/1309/1118
f 1108/1245/1056 1170/1309/1118 1107/1246/1057
f 1108/1245/1056 1174/1313/1122 1173/1312/1121
f 1173/1312/1121 1175/1314/1123 1172/1315/1124
f 1177/1316/1125 1175/1314/1123 1174/1313/1122
f 1112/1249/1060 1174/1313/1122 1111/1250/1061
f 1112/1249/1060 1178/1317/1126 1177/1316/1125
f 1177/1316/1125 1179/1318/1127 1176/1319/1128
f 1181/1320/1129 1179/1318/1127 1178/1317/1126
f 1116/1253/1064 1178/1317/1126 1115/1254/1065
f 1116/1253/1064 1182/1321/1130 1181/1320/1129
f 1181/1320/1129 1183/1322/1131 1180/1323/1132
f 1185/1324/1133 1183/1322/1131 1182/1321/1130
f 1120/1257/1068 1182/1321/1130 1119/1258/1069
f 1120/1257/1068 1186/1325/1134 1185/1324/1133
f 1185/1324/1133 1187/1326/1135 1184/1327/1136
f 1189/1328/1137 1187/1326/1135 1186/1325/1134
f 1124/1261/1072 1186/1325/1134 1123/1262/1073
f 1124/1261/1072 1190/1329/1138 1189/1328/1137
f 1189/1328/1137 1191/1330/1139 1188/1331/1140
f 1193/1332/1141 1191/1330/1139 1190/1329/1138
f 1128/1265/1076 1190/1329/1138 1127/1266/1077
f 1128/1265/1076 1194/1333/1142 1193/1332/1141
f 1193/1332/1141 1195/1334/1143 1192/1335/1144
f 1197/1336/1145 1195/1334/1143 1194/1333/1142
f 1132/1269/1080 1194/1333/1142 1131/1270/1081
f 1132/1269/1080 1198/1337/1146 1197/1336/1145
f 1197/1336/1145 1199/1338/1147 1196/1339/1148
f 1201/1340/1149 1199/1338/1147 1198/1337/1146
f 1136/1273/1084 1198/1337/1146 1135/1274/1085
f 1136/1273/1084 1202/1341/1150 1201/1340/1149
f 1201/1340/1149 1203/1342/1151 1200/1343/1152
f 1205/1344/1153 1203/1342/1151 1202/1341/1150
f 1140/1277/1088 1202/1341/1150 1139/1278/1089
f 1140/1277/1088 1206/1345/1154 1205/1344/1153
f 1205/1344/1153 1207/1346/1155 1204/1347/1156
f 1209/1348/1157 1207/1346/1155 1206/1345/1154
f 1144/1281/1092 1206/1345/1154 1143/1282/1093
f 1144/1281/1092 1210/1349/1158 1209/1348/1157
f 1209/1348/1157 1211/1350/1159 1208/1351/1160
f 1213/1352/1161 1211/1350/1159 1210/1349/1158
f 1148/1285/1096 1210/1349/1158 1147/1286/1097
f 1148/1285/1096 1214/1353/1162 1213/1352/1161
f 1213/1352/1161 1215/1354/1163 1212/1355/1164
f 1217/1356/1165 1215/1354/1163 1214/1353/1162
f 1152/1289/1100 1214/1353/1162 1151/1290/1101
f 1152/1289/1100 1218/1357/1166 1217/1356/1165
f 1217/1356/1165 1219/1358/1167 1216/1359/1168
f 1156/1360/1106 1219/1358/1167 1218/1357/1166
f 1094/1293/1043 1218/1357/1166 1155/1294/1104
f 1158/1299/1108 1221/1361/1169 1220/1362/1170
f 1220/1362/1170 1223/1363/1171 1222/1364/1172
f 1225/1365/1173 1223/1363/1171 1221/1361/1169
f 1160/1303/1112 1221/1361/1169 1159/1298/1107
f 1160/1303/1112 1226/1366/1174 1225/1365/1173
f 1225/1365/1173 1227/1367/1175 1224/1368/1176
f 1229/1369/1177 1227/1367/1175 1226/1366/1174
f 1164/1307/1116 1226/1366/1174 1163/1302/1111
f 1164/1307/1116 1230/1370/1178 1229/1369/1177
f 1229/1369/1177 1231/1371/1179 1228/1372/1180
f 1233/1373/1181 1231/1371/1179 1230/1370/1178
f 1168/1311/1120 1230/1370/1178 1167/1306/1115
f 1168/1311/1120 1234/1374/1182 1233/1373/1181
f 1233/1373/1181 1235/1375/1183 1232/1376/1184
f 1237/1377/1185 1235/1375/1183 1234/1374/1182
f 1172/1315/1124 1234/1374/1182 1171/1310/1119
f 1172/1315/1124 1238/1378/1186 1237/1377/1185
f 1237/1377/1185 1239/1379/1187 1236/1380/1188
f 1241/1381/1189 1239/1379/1187 1238/1378/1186
f 1176/1319/1128 1238/1378/1186 1175/1314/1123
f 1176/1319/1128 1242/1382/1190 1241/1381/1189
f 1241/1381/1189 1243/1383/1191 1240/1384/1192
f 1245/1385/1193 1243/1383/1191 1242/1382/1190
f 1180/1323/1132 1242/1382/1190 1179/1318/1127
f 1180/1323/1132 1246/1386/1194 1245/1385/1193
f 1245/1385/1193 1247/1387/1195 1244/1388/1196
f 1249/1389/1197 1247/1387/1195 1246/1386/1194
f 1184/1327/1136 1246/1386/1194 1183/1322/1131
f 1184/1327/1136 1250/1390/1198 1249/1389/1197
f 1249/1389/1197 1251/1391/1199 1248/1392/1200
f 1253/1393/1201 1251/1391/1199 1250/1390/1198
f 1188/1331/1140 1250/1390/1198 1187/1326/1135
f 1188/1331/1140 1254/1394/1202 1253/1393/1201
f 1253/1393/1201 1255/1395/1203 1252/1396/1204
f 1257/1397/1205 1255/1395/1203 1254/1394/1202
f 1192/1335/1144 1254/1394/1202 1191/1330/1139
f 1192/1335/1144 1258/1398/1206 1257/1397/1205
f 1257/1397/1205 1259/1399/1207 1256/1400/1208
f 1261/1401/1209 1259/1399/1207 1258/1398/1206
f 1196/1339/1148 1258/1398/1206 1195/1334/1143
f 1196/1339/1148 1262/1402/1210 1261/1401/1209
f 1261/1401/1209 1263/1403/1211 1260/1404/1212
f 1265/1405/1213 1263/1403/1211 1262/1402/1210
f 1200/1343/1152 1262/1402/1210 1199/1338/1147
f 1200/1343/1152 1266/1406/1214 1265/1405/1213
f 1265/1405/1213 1267/1407/1215 1264/1408/1216
f 1269/1409/1217 1267/1407/1215 1266/1406/1214
f 1204/1347/1156 1266/1406/1214 1203/1342/1151
f 1204/1347/1156 1270/1410/1218 1269/1409/1217
f 1269/1409/1217 1271/1411/1219 1268/1412/1220
f 1273/1413/1221 1271/1411/1219 1270/1410/1218
f 1208/1351/1160 1270/1410/1218 1207/1346/1155
f 1208/1351/1160 1274/1414/1222 1273/1413/1221
f 1273/1413/1221 1275/1415/1223 1272/1416/1224
f 1277/1417/1225 1275/1415/1223 1274/1414/1222
f 1212/1355/1164 1274/1414/1222 1211/1350/1159
f 1212/1355/1164 1278/1418/1226 1277/1417/1225
f 1277/1417/1225 1279/1419/1227 1276/1420/1228
f 1281/1421/1229 1279/1419/1227 1278/1418/1226
f 1216/1359/1168 1278/1418/1226 1215/1354/1163
f 1216/1359/1168 1282/1422/1230 1281/1421/1229
f 1281/1421/1229 1283/1423/1231 1280/1424/1232
f 1220/1425/1170 1283/1423/1231 1282/1422/1230
f 1158/1426/1108 1282/1422/1230 1219/1358/1167
f 1222/1364/1172 1285/1427/1233 1284/1428/1234
f 1284/1428/1234 1287/1429/1235 1286/1430/1236
f 1289/1431/1237 1287/1429/1235 1285/1427/1233
f 1224/1368/1176 1285/1427/1233 1223/1363/1171
f 1224/1368/1176 1290/1432/1238 1289/1431/1237
f 1289/1431/1237 1291/1433/1239 1288/1434/1240
f 1293/1435/1241 1291/1433/1239 1290/1432/1238
f 1228/1372/1180 1290/1432/1238 1227/1367/1175
f 1228/1372/1180 1294/1436/1242 1293/1435/1241
f 1293/1435/1241 1295/1437/1243 1292/1438/1244
f 1297/1439/1245 1295/1437/1243 1294/1436/1242
f 1232/1376/1184 1294/1436/1242 1231/1371/1179
f 1232/1376/1184 1298/1440/1246 1297/1439/1245
f 1297/1439/1245 1299/1441/1247 1296/1442/1248
f 1301/1443/1249 1299/1441/1247 1298/1440/1246
f 1236/1380/1188 1298/1440/1246 1235/1375/1183
f 1236/1380/1188 1302/1444/1250 1301/1443/1249
f 1301/1443/1249 1303/1445/1251 1300/1446/1252
f 1305/1447/1253 1303/1445/1251 1302/1444/1250
f 1240/1384/1192 1302/1444/1250 1239/1379/1187
f 1240/1384/1192 1306/1448/1254 1305/1447/1253
f 1305/1447/1253 1307/1449/1255 1304/1450/1256
f 1309/1451/1257 1307/1449/1255 1306/1448/1254
f 1244/1388/1196 1306/1448/1254 1243/1383/1191
f 1244/1388/1196 1310/1452/1258 1309/1451/1257
f 1309/1451/1257 1311/1453/1259 1308/1454/1260
f 1313/1455/1261 1311/1453/1259 1310/1452/1258
f 1248/1392/1200 1310/1452/1258 1247/1387/1195
f 1248/1392/1200 1314/1456/1262 1313/1455/1261
f 1313/1455/1261 1315/1457/1263 1312/1458/1264
f 1317/1459/1265 1315/1457/1263 1314/1456/1262
f 1252/1396/1204 1314/1456/1262 1251/1391/1199
f 1252/1396/1204 1318/1460/1266 1317/1459/1265
f 1317/1459/1265 1319/1461/1267 1316/1462/1268
f 1321/1463/1269 1319/1461/1267 1318/1460/1266
f 1256/1400/1208 1318/1460/1266 1255/1395/1203
f 1256/1400/1208 1322/1464/1270 1321/1463/1269
f 1321/1463/1269 1323/1465/1271 1320/1466/1272
f 1325/1467/1273 1323/1465/1271 1322/1464/1270
f 1260/1404/1212 1322/1464/1270 1259/1399/1207
f 1260/1404/1212 1326/1468/1274 1325/1467/1273
f 1325/1467/1273 1327/1469/1275 1324/1470/1276
f 1329/1471/1277 1327/1469/1275 1326/1468/1274
f 1264/1408/1216 1326/1468/1274 1263/1403/1211
f 1264/1408/1216 1330/1472/1278 1329/1471/1277
f 1329/1471/1277 1331/1473/1279 1328/1474/1280
f 1333/1475/1281 1331/1473/1279 1330/1472/1278
f 1268/1412/1220 1330/1472/1278 1267/1407/1215
f 1268/1412/1220 1334/1476/1282 1333/1475/1281
f 1333/1475/1281 1335/1477/1283 1332/1478/1284
f 1337/1479/1285 1335/1477/1283 1334/1476/1282
f 1272/1416/1224 1334/1476/1282 1271/1411/1219
f 1272/1416/1224 1338/1480/1286 1337/1479/1285
f 1337/1479/1285 1339/1481/1287 1336/1482/1288
f 1341/1483/1289 1339/1481/1287 1338/1480/1286
f 1276/1420/1228 1338/1480/1286 1275/1415/1223
f 1276/1420/1228 1342/1484/1290 1341/1483/1289
f 1341/1483/1289 1343/1485/1291 1340/1486/1292
f 1345/1487/1293 1343/1485/1291 1342/1484/1290
f 1280/1424/1232 1342/1484/1290 1279/1419/1227
f 1280/1424/1232 1346/1488/1294 1345/1487/1293
f 1345/1487/1293 1347/1489/1295 1344/1490/1296
f 1284/1491/1234 1347/1489/1295 1346/1488/1294
f 1222/1492/1172 1346/1488/1294 1283/1423/1231
f 1286/1430/1236 1349/1493/1297 1348/1494/1298
f 1348/1494/1298 1351/1495/1299 1350/1496/1300
f 1353/1497/1301 1351/1495/1299 1349/1493/1297
f 1288/1434/1240 1349/1493/1297 1287/1429/1235
f 1288/1434/1240 1354/1498/1302 1353/1497/1301
f 1353/1497/1301 1355/1499/1303 1352/1500/1304
f 1357/1501/1305 1355/1499/1303 1354/1498/1302
f 1292/1438/1244 1354/1498/1302 1291/1433/1239
f 1292/1438/1244 1358/1502/1306 1357/1501/1305
f 1357/1501/1305 1359/1503/1307 1356/1504/1308
f 1361/1505/1309 1359/1503/1307 1358/1502/1306
f 1296/1442/1248 1358/1502/1306 1295/1437/1243
f 1296/1442/1248 1362/1506/1310 1361/1505/1309
f 1361/1505/1309 1363/1507/1311 1360/1508/1312
f 1365/1509/1313 1363/1507/1311 1362/1506/1310
f 1300/1446/1252 1362/1506/1310 1299/1441/1247
f 1300/1446/1252 1366/1510/1314 1365/1509/1313
f 1365/1509/1313 1367/1511/1315 1364/1512/1316
f 1369/1513/1317 1367/1511/1315 1366/1510/1314
f 1304/1450/1256 1366/1510/1314 1303/1445/1251
f 1304/1450/1256 1370/1514/1318 1369/1513/1317
f 1369/1513/1317 1371/1515/1319 1368/1516/1320
f 1373/1517/1321 1371/1515/1319 1370/1514/1318
f 1308/1454/1260 1370/1514/1318 1307/1449/1255
f 1308/1454/1260 1374/1518/1322 1373/1517/1321
f 1373/1517/1321 1375/1519/1323 1372/1520/1324
f 1377/1521/1325 1375/1519/1323 1374/1518/1322
f 1312/1458/1264 1374/1518/1322 1311/1453/1259
f 1312/1458/1264 1378/1522/1326 1377/1521/1325
f 1377/1521/1325 1379/1523/1327 1376/1524/1328
f 1381/1525/1329 1379/1523/1327 1378/1522/1326
f 1316/1462/1268 1378/1522/1326 1315/1457/1263
f 1316/1462/1268 1382/1526/1330 1381/1525/1329
f 1381/1525/1329 1383/1527/1331 1380/1528/1332
f 1385/1529/1333 1383/1527/1331 1382/1526/1330
f 1320/1466/1272 1382/1526/1330 1319/1461/1267
f 1320/1466/1272 1386/1530/1334 1385/1529/1333
f 1385/1529/1333 1387/1531/1335 1384/1532/1336
f 1389/1533/1337 1387/1531/1335 1386/1530/1334
f 1324/1470/1276 1386/1530/1334 1323/1465/1271
f 1324/1470/1276 1390/1534/1338 1389/1533/1337
f 1389/1533/1337 1391/1535/1339 1388/1536/1340
f 1393/1537/1341 1391/1535/1339 1390/1534/1338
f 1328/1474/1280 1390/1534/1338 1327/1469/1275
f 1328/1474/1280 1394/1538/1342 1393/1537/1341
f 1393/1537/1341 1395/1539/1343 1392/1540/1344
f 1397/1541/1345 1395/1539/1343 1394/1538/1342
f 1332/1478/1284 1394/1538/1342 1331/1473/1279
f 1332/1478/1284 1398/1542/1346 1397/1541/1345
f 1397/1541/1345 1399/1543/1347 1396/1544/1348
f 1401/1545/1349 1399/1543/1347 1398/1542/1346
f 1336/1482/1288 1398/1542/1346 1335/1477/1283
f 1336/1482/1288 1402/1546/1350 1401/1545/1349
f 1401/1545/1349 1403/1547/1351 1400/1548/1352
f 1405/1549/1353 1403/1547/1351 1402/1546/1350
f 1340/1486/1292 1402/1546/1350 1339/1481/1287
f 1340/1486/1292 1406/1550/1354 1405/1549/1353
f 1405/1549/1353 1407/1551/1355 1404/1552/1356
f 1409/1553/1357 1407/1551/1355 1406/1550/1354
f 1344/1490/1296 1406/1550/1354 1343/1485/1291
f 1344/1490/1296 1410/1554/1358 1409/1553/1357
f 1409/1553/1357 1411/1555/1359 1408/1556/1360
f 1348/1557/1298 1411/1555/1359 1410/1554/1358
f 1286/1558/1236 1410/1554/1358 1347/1489/1295
f 1350/1496/1300 1413/1559/1361 1412/1560/1362
f 1412/1560/1362 1415/1561/1363 1414/1562/1364
f 1417/1563/1365 1415/1561/1363 1413/1559/1361
f 1352/1500/1304 1413/1559/1361 1351/1495/1299
f 1352/1500/1304 1418/1564/1366 1417/1563/1365
f 1417/1563/1365 1419/1565/1367 1416/1566/1368
f 1421/1567/1369 1419/1565/1367 1418/1564/1366
f 1356/1504/1308 1418/1564/1366 1355/1499/1303
f 1356/1504/1308 1422/1568/1370 1421/1567/1369
f 1421/1567/1369 1423/1569/1371 1420/1570/1372
f 1425/1571/1373 1423/1569/1371 1422/1568/1370
f 1360/1508/1312 1422/1568/1370 1359/1503/1307
f 1360/1508/1312 1426/1572/1374 1425/1571/1373
f 1425/1571/1373 1427/1573/1375 1424/1574/1376
f 1429/1575/1377 1427/1573/1375 1426/1572/1374
f 1364/1512/1316 1426/1572/1374 1363/1507/1311
f 1364/1512/1316 1430/1576/1378 1429/1575/1377
f 1429/1575/1377 1431/1577/1379 1428/1578/1380
f 1433/1579/1381 1431/1577/1379 1430/1576/1378
f 1368/1516/1320 1430/1576/1378 1367/1511/1315
f 1368/1516/1320 1434/1580/1382 1433/1579/1381
f 1433/1579/1381 1435/1581/1383 1432/1582/1384
f 1437/1583/1385 1435/1581/1383 1434/1580/1382
f 1372/1520/1324 1434/1580/1382 1371/1515/1319
f 1372/1520/1324 1438/1584/1386 1437/1583/1385
f 1437/1583/1385 1439/1585/1387 1436/1586/1388
f 1441/1587/1389 1439/1585/1387 1438/1584/1386
f 1376/1524/1328 1438/1584/1386 1375/1519/1323
f 1376/1524/1328 1442/1588/1390 1441/1587/1389
f 1441/1587/1389 1443/1589/1391 1440/1590/1392
f 1445/1591/1393 1443/1589/1391 1442/1588/1390
f 1380/1528/1332 1442/1588/1390 1379/1523/1327
f 1380/1528/1332 1446/1592/1394 1445/1591/1393
f 1445/1591/1393 1447/1593/1395 1444/1594/1396
f 1449/1595/1397 1447/1593/1395 1446/1592/1394
f 1384/1532/1336 1446/1592/1394 1383/1527/1331
f 1384/1532/1336 1450/1596/1398 1449/1595/1397
f 1449/1595/1397 1451/1597/1399 1448/1598/1400
f 1453/1599/1401 1451/1597/1399 1450/1596/1398
f 1388/1536/1340 1450/1596/1398 1387/1531/1335
f 1388/1536/1340 1454/1600/1402 1453/1599/1401
f 1453/1599/1401 1455/1601/1403 1452/1602/1404
f 1457/1603/1405 1455/1601/1403 1454/1600/1402
f 1392/1540/1344 1454/1600/1402 1391/1535/1339
f 1392/1540/1344 1458/1604/1406 1457/1603/1405
f 1457/1603/1405 1459/1605/1407 1456/1606/1408
f 1461/1607/1409 1459/1605/1407 1458/1604/1406
f 1396/1544/1348 1458/1604/1406 1395/1539/1343
f 1396/1544/1348 1462/1608/1410 1461/1607/1409
f 1461/1607/1409 1463/1609/1411 1460/1610/1412
f 1465/1611/1413 1463/1609/1411 1462/1608/1410
f 1400/1548/1352 1462/1608/1410 1399/1543/1347
f 1400/1548/1352 1466/1612/1414 1465/1611/1413
f 1465/1611/1413 1467/1613/1415 1464/1614/1416
f 1469/1615/1417 1467/1613/1415 1466/1612/1414
f 1404/1552/1356 1466/1612/1414 1403/1547/1351
f 1404/1552/1356 1470/1616/1418 1469/1615/1417
f 1469/1615/1417 1471/1617/1419 1468/1618/1420
f 1473/1619/1421 1471/1617/1419 1470/1616/1418
f 1408/1556/1360 1470/1616/1418 1407/1551/1355
f 1408/1556/1360 1474/1620/1422 1473/1619/1421
f 1473/1619/1421 1475/1621/1423 1472/1622/1424
f 1412/1623/1362 1475/1621/1423 1474/1620/1422
f 1350/1624/1300 1474/1620/1422 1411/1555/1359
f 1415/1561/1363 1476/1625/1425 1414/1562/1364
f 1477/1626/1426 1478/1627/1427 1476/1625/1425
f 1477/1626/1426 1480/1628/1428 1479/1629/1429
f 1415/1561/1363 1481/1630/1430 1477/1626/1426
f 1419/1565/1367 1481/1630/1430 1416/1566/1368
f 1482/1631/1431 1480/1628/1428 1481/1630/1430
f 1482/1631/1431 1484/1632/1432 1483/1633/1433
f 1419/1565/1367 1485/1634/1434 1482/1631/1431
f 1423/1569/1371 1485/1634/1434 1420/1570/1372
f 1486/1635/1435 1484/1632/1432 1485/1634/1434
f 1486/1635/1435 1488/1636/1436 1487/1637/1437
f 1423/1569/1371 1489/1638/1438 1486/1635/1435
f 1427/1573/1375 1489/1638/1438 1424/1574/1376
f 1490/1639/1439 1488/1636/1436 1489/1638/1438
f 1490/1639/1439 1492/1640/1440 1491/1641/1441
f 1427/1573/1375 1493/1642/1442 1490/1639/1439
f 1431/1577/1379 1493/1642/1442 1428/1578/1380
f 1494/1643/1443 1492/1640/1440 1493/1642/1442
f 1494/1643/1443 1496/1644/1444 1495/1645/1445
f 1431/1577/1379 1497/1646/1446 1494/1643/1443
f 1435/1581/1383 1497/1646/1446 1432/1582/1384
f 1498/1647/1447 1496/1644/1444 1497/1646/1446
f 1498/1647/1447 1500/1648/1448 1499/1649/1449
f 1435/1581/1383 1501/1650/1450 1498/1647/1447
f 1439/1585/1387 1501/1650/1450 1436/1586/1388
f 1502/1651/1451 1500/1648/1448 1501/1650/1450
f 1502/1651/1451 1504/1652/1452 1503/1653/1453
f 1439/1585/1387 1505/1654/1454 1502/1651/1451
f 1443/1589/1391 1505/1654/1454 1440/1590/1392
f 1506/1655/1455 1504/1652/1452 1505/1654/1454
f 1506/1655/1455 1508/1656/1456 1507/1657/1457
f 1443/1589/1391 1509/1658/1458 1506/1655/1455
f 1447/1593/1395 1509/1658/1458 1444/1594/1396
f 1510/1659/1459 1508/1656/1456 1509/1658/1458
f 1510/1659/1459 1512/1660/1460 1511/1661/1461
f 1447/1593/1395 1513/1662/1462 1510/1659/1459
f 1451/1597/1399 1513/1662/1462 1448/1598/1400
f 1514/1663/1463 1512/1660/1460 1513/1662/1462
f 1514/1663/1463 1516/1664/1464 1515/1665/1465
f 1451/1597/1399 1517/1666/1466 1514/1663/1463
f 1455/1601/1403 1517/1666/1466 1452/1602/1404
f 1518/1667/1467 1516/1664/1464 1517/1666/1466
f 1518/1667/1467 1520/1668/1468 1519/1669/1469
f 1455/1601/1403 1521/1670/1470 1518/1667/1467
f 1459/1605/1407 1521/1670/1470 1456/1606/1408
f 1522/1671/1471 1520/1668/1468 1521/1670/1470
f 1522/1671/1471 1524/1672/1472 1523/1673/1473
f 1459/1605/1407 1525/1674/1474 1522/1671/1471
f 1463/1609/1411 1525/1674/1474 1460/1610/1412
f 1526/1675/1475 1524/1672/1472 1525/1674/1474
f 1526/1675/1475 1528/1676/1476 1527/1677/1477
f 1463/1609/1411 1529/1678/1478 1526/1675/1475
f 1467/1613/1415 1529/1678/1478 1464/1614/1416
f 1530/1679/1479 1528/1676/1476 1529/1678/1478
f 1530/1679/1479 1532/1680/1480 1531/1681/1481
f 1467/1613/1415 1533/1682/1482 1530/1679/1479
f 1471/1617/1419 1533/1682/1482 1468/1618/1420
f 1534/1683/1483 1532/1680/1480 1533/1682/1482
f 1534/1683/1483 1536/1684/1484 1535/1685/1485
f 1471/1617/1419 1537/1686/1486 1534/1683/1483
f 1475/1621/1423 1537/1686/1486 1472/1622/1424
f 1538/1687/1487 1536/1684/1484 1537/1686/1486
f 1538/1687/1487 1478/1688/1427 1539/1689/1488
f 1475/1621/1423 1476/1690/1425 1538/1687/1487
f 1479/1629/1429 1540/1691/1489 1478/1627/1427
f 1541/1692/1490 1542/1693/1491 1540/1691/1489
f 1541/1692/1490 1544/1694/1492 1543/1695/1493
f 1479/1629/1429 1545/1696/1494 1541/1692/1490
f 1483/1633/1433 1545/1696/1494 1480/1628/1428
f 1546/1697/1495 1544/1694/1492 1545/1696/1494
f 1546/1697/1495 1548/1698/1496 1547/1699/1497
f 1483/1633/1433 1549/1700/1498 1546/1697/1495
f 1487/1637/1437 1549/1700/1498 1484/1632/1432
f 1550/1701/1499 1548/1698/1496 1549/1700/1498
f 1550/1701/1499 1552/1702/1500 1551/1703/1501
f 1487/1637/1437 1553/1704/1502 1550/1701/1499
f 1491/1641/1441 1553/1704/1502 1488/1636/1436
f 1554/1705/1503 1552/1702/1500 1553/1704/1502
f 1554/1705/1503 1556/1706/1504 1555/1707/1505
f 1491/1641/1441 1557/1708/1506 1554/1705/1503
f 1495/1645/1445 1557/1708/1506 1492/1640/1440
f 1558/1709/1507 1556/1706/1504 1557/1708/1506
f 1558/1709/1507 1560/1710/1508 1559/1711/1509
f 1495/1645/1445 1561/1712/1510 1558/1709/1507
f 1499/1649/1449 1561/1712/1510 1496/1644/1444
f 1562/1713/1511 1560/1710/1508 1561/1712/1510
f 1562/1713/1511 1564/1714/1512 1563/1715/1513
f 1499/1649/1449 1565/1716/1514 1562/1713/1511
f 1503/1653/1453 1565/1716/1514 1500/1648/1448
f 1566/1717/1515 1564/1714/1512 1565/1716/1514
f 1566/1717/1515 1568/1718/1516 1567/1719/1517
f 1503/1653/1453 1569/1720/1518 1566/1717/1515
f 1507/1657/1457 1569/1720/1518 1504/1652/1452
f 1570/1721/1519 1568/1718/1516 1569/1720/1518
f 1570/1721/1519 1572/1722/1520 1571/1723/1521
f 1507/1657/1457 1573/1724/1522 1570/1721/1519
f 1511/1661/1461 1573/1724/1522 1508/1656/1456
f 1574/1725/1523 1572/1722/1520 1573/1724/1522
f 1574/1725/1523 1576/1726/1524 1575/1727/1525
f 1511/1661/1461 1577/1728/1526 1574/1725/1523
f 1515/1665/1465 1577/1728/1526 1512/1660/1460
f 1578/1729/1527 1576/1726/1524 1577/1728/1526
f 1578/1729/1527 1580/1730/1528 1579/1731/1529
f 1515/1665/1465 1581/1732/1530 1578/1729/1527
f 1519/1669/1469 1581/1732/1530 1516/1664/1464
f 1582/1733/1531 1580/1730/1528 1581/1732/1530
f 1582/1733/1531 1584/1734/1532 1583/1735/1533
f 1519/1669/1469 1585/1736/1534 1582/1733/1531
f 1523/1673/1473 1585/1736/1534 1520/1668/1468
f 1586/1737/1535 1584/1734/1532 1585/1736/1534
f 1586/1737/1535 1588/1738/1536 1587/1739/1537
f 1523/1673/1473 1589/1740/1538 1586/1737/1535
f 1527/1677/1477 1589/1740/1538 1524/1672/1472
f 1590/1741/1539 1588/1738/1536 1589/1740/1538
f 1590/1741/1539 1592/1742/1540 1591/1743/1541
f 1527/1677/1477 1593/1744/1542 1590/1741/1539
f 1531/1681/1481 1593/1744/1542 1528/1676/1476
f 1594/1745/1543 1592/1742/1540 1593/1744/1542
f 1594/1745/1543 1596/1746/1544 1595/1747/1545
f 1531/1681/1481 1597/1748/1546 1594/1745/1543
f 1535/1685/1485 1597/1748/1546 1532/1680/1480
f 1598/1749/1547 1596/1746/1544 1597/1748/1546
f 1598/1749/1547 1600/1750/1548 1599/1751/1549
f 1535/1685/1485 1601/1752/1550 1598/1749/1547
f 1539/1689/1488 1601/1752/1550 1536/1684/1484
f 1602/1753/1551 1600/1750/1548 1601/1752/1550
f 1602/1753/1551 1542/1754/1491 1603/1755/1552
f 1539/1689/1488 1540/1756/1489 1602/1753/1551
f 1543/1695/1493 1604/1757/1553 1542/1693/1491
f 1605/1758/1554 1606/1759/1555 1604/1757/1553
f 1605/1758/1554 1608/1760/1556 1607/1761/1557
f 1543/1695/1493 1609/1762/1558 1605/1758/1554
f 1547/1699/1497 1609/1762/1558 1544/1694/1492
f 1610/1763/1559 1608/1760/1556 1609/1762/1558
f 1610/1763/1559 1612/1764/1560 1611/1765/1561
f 1547/1699/1497 1613/1766/1562 1610/1763/1559
f 1551/1703/1501 1613/1766/1562 1548/1698/1496
f 1614/1767/1563 1612/1764/1560 1613/1766/1562
f 1614/1767/1563 1616/1768/1564 1615/1769/1565
f 1551/1703/1501 1617/1770/1566 1614/1767/1563
f 1555/1707/1505 1617/1770/1566 1552/1702/1500
f 1618/1771/1567 1616/1768/1564 1617/1770/1566
f 1618/1771/1567 1620/1772/1568 1619/1773/1569
f 1555/1707/1505 1621/1774/1570 1618/1771/1567
f 1559/1711/1509 1621/1774/1570 1556/1706/1504
f 1622/1775/1571 1620/1772/1568 1621/1774/1570
f 1622/1775/1571 1624/1776/1572 1623/1777/1573
f 1559/1711/1509 1625/1778/1574 1622/1775/1571
f 1563/1715/1513 1625/1778/1574 1560/1710/1508
f 1626/1779/1575 1624/1776/1572 1625/1778/1574
f 1626/1779/1575 1628/1780/1576 1627/1781/1577
f 1563/1715/1513 1629/1782/1578 1626/1779/1575
f 1567/1719/1517 1629/1782/1578 1564/1714/1512
f 1630/1783/1579 1628/1780/1576 1629/1782/1578
f 1630/1783/1579 1632/1784/1580 1631/1785/1581
f 1567/1719/1517 1633/1786/1582 1630/1783/1579
f 1571/1723/1521 1633/1786/1582 1568/1718/1516
f 1634/1787/1583 1632/1784/1580 1633/1786/1582
f 1634/1787/1583 1636/1788/1584 1635/1789/1585
f 1571/1723/1521 1637/1790/1586 1634/1787/1583
f 1575/1727/1525 1637/1790/1586 1572/1722/1520
f 1638/1791/1587 1636/1788/1584 1637/1790/1586
f 1638/1791/1587 1640/1792/1588 1639/1793/1589
f 1575/1727/1525 1641/1794/1590 1638/1791/1587
f 1579/1731/1529 1641/1794/1590 1576/1726/1524
f 1642/1795/1591 1640/1792/1588 1641/1794/1590
f 1642/1795/1591 1644/1796/1592 1643/1797/1593
f 1579/1731/1529 1645/1798/1594 1642/1795/1591
f 1583/1735/1533 1645/1798/1594 1580/1730/1528
f 1646/1799/1595 1644/1796/1592 1645/1798/1594
f 1646/1799/1595 1648/1800/1596 1647/1801/1597
f 1583/1735/1533 1649/1802/1598 1646/1799/1595
f 1587/1739/1537 1649/1802/1598 1584/1734/1532
f 1650/1803/1599 1648/1800/1596 1649/1802/1598
f 1650/1803/1599 1652/1804/1600 1651/1805/1601
f 1587/1739/1537 1653/1806/1602 1650/1803/1599
f 1591/1743/1541 1653/1806/1602 1588/1738/1536
f 1654/1807/1603 1652/1804/1600 1653/1806/1602
f 1654/1807/1603 1656/1808/1604 1655/1809/1605
f 1591/1743/1541 1657/1810/1606 1654/1807/1603
f 1595/1747/1545 1657/1810/1606 1592/1742/1540
f 1658/1811/1607 1656/1808/1604 1657/1810/1606
f 1658/1811/1607 1660/1812/1608 1659/1813/1609
f 1595/1747/1545 1661/1814/1610 1658/1811/1607
f 1599/1751/1549 1661/1814/1610 1596/1746/1544
f 1662/1815/1611 1660/1812/1608 1661/1814/1610
f 1662/1815/1611 1664/1816/1612 1663/1817/1613
f 1599/1751/1549 1665/1818/1614 1662/1815/1611
f 1603/1755/1552 1665/1818/1614 1600/1750/1548
f 1666/1819/1615 1664/1816/1612 1665/1818/1614
f 1666/1819/1615 1606/1820/1555 1667/1821/1616
f 1603/1755/1552 1604/1822/1553 1666/1819/1615
f 1607/1761/1557 1668/1823/1617 1606/1759/1555
f 1669/1824/1618 1670/1825/1619 1668/1823/1617
f 1669/1824/1618 1672/1826/1620 1671/1827/1621
f 1607/1761/1557 1673/1828/1622 1669/1824/1618
f 1611/1765/1561 1673/1828/1622 1608/1760/1556
f 1674/1829/1623 1672/1826/1620 1673/1828/1622
f 1674/1829/1623 1676/1830/1624 1675/1831/1625
f 1611/1765/1561 1677/1832/1626 1674/1829/1623
f 1615/1769/1565 1677/1832/1626 1612/1764/1560
f 1678/1833/1627 1676/1830/1624 1677/1832/1626
f 1678/1833/1627 1680/1834/1628 1679/1835/1629
f 1615/1769/1565 1681/1836/1630 1678/1833/1627
f 1619/1773/1569 1681/1836/1630 1616/1768/1564
f 1682/1837/1631 1680/1834/1628 1681/1836/1630
f 1682/1837/1631 1684/1838/1632 1683/1839/1633
f 1619/1773/1569 1685/1840/1634 1682/1837/1631
f 1623/1777/1573 1685/1840/1634 1620/1772/1568
f 1686/1841/1635 1684/1838/1632 1685/1840/1634
f 1686/1841/1635 1688/1842/1636 1687/1843/1637
f 1623/1777/1573 1689/1844/1638 1686/1841/1635
f 1627/1781/1577 1689/1844/1638 1624/1776/1572
f 1690/1845/1639 1688/1842/1636 1689/1844/1638
f 1690/1845/1639 1692/1846/1640 1691/1847/1641
f 1627/1781/1577 1693/1848/1642 1690/1845/1639
f 1631/1785/1581 1693/1848/1642 1628/1780/1576
f 1694/1849/1643 1692/1846/1640 1693/1848/1642
f 1694/1849/1643 1696/1850/1644 1695/1851/1645
f 1631/1785/1581 1697/1852/1646 1694/1849/1643
f 1635/1789/1585 1697/1852/1646 1632/1784/1580
f 1698/1853/1647 1696/1850/1644 1697/1852/1646
f 1698/1853/1647 1700/1854/1648 1699/1855/1649
f 1635/1789/1585 1701/1856/1650 1698/1853/1647
f 1639/1793/1589 1701/1856/1650 1636/1788/1584
f 1702/1857/1651 1700/1854/1648 1701/1856/1650
f 1702/1857/1651 1704/1858/1652 1703/1859/1653
f 1639/1793/1589 1705/1860/1654 1702/1857/1651
f 1643/1797/1593 1705/1860/1654 1640/1792/1588
f 1706/1861/1655 1704/1858/1652 1705/1860/1654
f 1706/1861/1655 1708/1862/1656 1707/1863/1657
f 1643/1797/1593 1709/1864/1658 1706/1861/1655
f 1647/1801/1597 1709/1864/1658 1644/1796/1592
f 1710/1865/1659 1708/1862/1656 1709/1864/1658
f 1710/1865/1659 1712/1866/1660 1711/1867/1661
f 1647/1801/1597 1713/1868/1662 1710/1865/1659
f 1651/1805/1601 1713/1868/1662 1648/1800/1596
f 1714/1869/1663 1712/1866/1660 1713/1868/1662
f 1714/1869/1663 1716/1870/1664 1715/1871/1665
f 1651/1805/1601 1717/1872/1666 1714/1869/1663
f 1655/1809/1605 1717/1872/1666 1652/1804/1600
f 1718/1873/1667 1716/1870/1664 1717/1872/1666
f 1718/1873/1667 1720/1874/1668 1719/1875/1669
f 1655/1809/1605 1721/1876/1670 1718/1873/1667
f 1659/1813/1609 1721/1876/1670 1656/1808/1604
f 1722/1877/1671 1720/1874/1668 1721/1876/1670
f 1722/1877/1671 1724/1878/1672 1723/1879/1673
f 1659/1813/1609 1725/1880/1674 1722/1877/1671
f 1663/1817/1613 1725/1880/1674 1660/1812/1608
f 1726/1881/1675 1724/1878/1672 1725/1880/1674
f 1726/1881/1675 1728/1882/1676 1727/1883/1677
f 1663/1817/1613 1729/1884/1678 1726/1881/1675
f 1667/1821/1616 1729/1884/1678 1664/1816/1612
f 1730/1885/1679 1728/1882/1676 1729/1884/1678
f 1730/1885/1679 1670/1886/1619 1731/1887/1680
f 1667/1821/1616 1668/1888/1617 1730/1885/1679
f 1671/1827/1621 1732/1889/1681 1670/1825/1619
f 1733/1890/1682 1734/1891/1683 1732/1889/1681
f 1733/1890/1682 1736/1892/1684 1735/1893/1685
f 1671/1827/1621 1737/1894/1686 1733/1890/1682
f 1675/1831/1625 1737/1894/1686 1672/1826/1620
f 1738/1895/1687 1736/1892/1684 1737/1894/1686
f 1738/1895/1687 1740/1896/1688 1739/1897/1689
f 1675/1831/1625 1741/1898/1690 1738/1895/1687
f 1679/1835/1629 1741/1898/1690 1676/1830/1624
f 1742/1899/1691 1740/1896/1688 1741/1898/1690
f 1742/1899/1691 1744/1900/1692 1743/1901/1693
f 1679/1835/1629 1745/1902/1694 1742/1899/1691
f 1683/1839/1633 1745/1902/1694 1680/1834/1628
f 1746/1903/1695 1744/1900/1692 1745/1902/1694
f 1746/1903/1695 1748/1904/1696 1747/1905/1697
f 1683/1839/1633 1749/1906/1698 1746/1903/1695
f 1687/1843/1637 1749/1906/1698 1684/1838/1632
f 1750/1907/1699 1748/1904/1696 1749/1906/1698
f 1750/1907/1699 1752/1908/1700 1751/1909/1701
f 1687/1843/1637 1753/1910/1702 1750/1907/1699
f 1691/1847/1641 1753/1910/1702 1688/1842/1636
f 1754/1911/1703 1752/1908/1700 1753/1910/1702
f 1754/1911/1703 1756/1912/1704 1755/1913/1705
f 1691/1847/1641 1757/1914/1706 1754/1911/1703
f 1695/1851/1645 1757/1914/1706 1692/1846/1640
f 1758/1915/1707 1756/1912/1704 1757/1914/1706
f 1758/1915/1707 1760/1916/1708 1759/1917/1709
f 1695/1851/1645 1761/1918/1710 1758/1915/1707
f 1699/1855/1649 1761/1918/1710 1696/1850/1644
f 1762/1919/1711 1760/1916/1708 1761/1918/1710
f 1762/1919/1711 1764/1920/1712 1763/1921/1713
f 1699/1855/1649 1765/1922/1714 1762/1919/1711
f 1703/1859/1653 1765/1922/1714 1700/1854/1648
f 1766/1923/1715 1764/1920/1712 1765/1922/1714
f 1766/1923/1715 1768/1924/1716 1767/1925/1717
f 1703/1859/1653 1769/1926/1718 1766/1923/1715
f 1707/1863/1657 1769/1926/1718 1704/1858/1652
f 1770/1927/1719 1768/1924/1716 1769/1926/1718
f 1770/1927/1719 1772/1928/1720 1771/1929/1721
f 1707/1863/1657 1773/1930/1722 1770/1927/1719
f 1711/1867/1661 1773/1930/1722 1708/1862/1656
f 1774/1931/1723 1772/1928/1720 1773/1930/1722
f 1774/1931/1723 1776/1932/1724 1775/1933/1725
f 1711/1867/1661 1777/1934/1726 1774/1931/1723
f 1715/1871/1665 1777/1934/1726 1712/1866/1660
f 1778/1935/1727 1776/1932/1724 1777/1934/1726
f 1778/1935/1727 1780/1936/1728 1779/1937/1729
f 1715/1871/1665 1781/1938/1730 1778/1935/1727
f 1719/1875/1669 1781/1938/1730 1716/1870/1664
f 1782/1939/1731 1780/1936/1728 1781/1938/1730
f 1782/1939/1731 1784/1940/1732 1783/1941/1733
f 1719/1875/1669 1785/1942/1734 1782/1939/1731
f 1723/1879/1673 1785/1942/1734 1720/1874/1668
f 1786/1943/1735 1784/1940/1732 1785/1942/1734
f 1786/1943/1735 1788/1944/1736 1787/1945/1737
f 1723/1879/1673 1789/1946/1738 1786/1943/1735
f 1727/1883/1677 1789/1946/1738 1724/1878/1672
f 1790/1947/1739 1788/1944/1736 1789/1946/1738
f 1790/1947/1739 1792/1948/1740 1791/1949/1741
f 1727/1883/1677 1793/1950/1742 1790/1947/1739
f 1731/1887/1680 1793/1950/1742 1728/1882/1676
f 1794/1951/1743 1792/1948/1740 1793/1950/1742
f 1794/1951/1743 1734/1952/1683 1795/1953/1744
f 1731/1887/1680 1732/1954/1681 1794/1951/1743
f 1735/1893/1685 1796/1955/1745 1734/1891/1683
f 1797/1956/1746 1798/1957/1747 1796/1955/1745
f 1797/1956/1746 1800/1958/1748 1799/1959/1749
f 1735/1893/1685 1801/1960/1750 1797/1956/1746
f 1739/1897/1689 1801/1960/1750 1736/1892/1684
f 1802/1961/1751 1800/1958/1748 1801/1960/1750
f 1802/1961/1751 1804/1962/1752 1803/1963/1753
f 1739/1897/1689 1805/1964/1754 1802/1961/1751
f 1743/1901/1693 1805/1964/1754 1740/1896/1688
f 1806/1965/1755 1804/1962/1752 1805/1964/1754
f 1806/1965/1755 1808/1966/1756 1807/1967/1757
f 1743/1901/1693 1809/1968/1758 1806/1965/1755
f 1747/1905/1697 1809/1968/1758 1744/1900/1692
f 1810/1969/1759 1808/1966/1756 1809/1968/1758
f 1810/1969/1759 1812/1970/1760 1811/1971/1761
f 1747/1905/1697 1813/1972/1762 1810/1969/1759
f 1751/1909/1701 1813/1972/1762 1748/1904/1696
f 1814/1973/1763 1812/1970/1760 1813/1972/1762
f 1814/1973/1763 1816/1974/1764 1815/1975/1765
f 1751/1909/1701 1817/1976/1766 1814/1973/1763
f 1755/1913/1705 1817/1976/1766 1752/1908/1700
f 1818/1977/1767 1816/1974/1764 1817/1976/1766
f 1818/1977/1767 1820/1978/1768 1819/1979/1769
f 1755/1913/1705 1821/1980/1770 1818/1977/1767
f 1759/1917/1709 1821/1980/1770 1756/1912/1704
f 1822/1981/1771 1820/1978/1768 1821/1980/1770
f 1822/1981/1771 1824/1982/1772 1823/1983/1773
f 1759/1917/1709 1825/1984/1774 1822/1981/1771
f 1763/1921/1713 1825/1984/1774 1760/1916/1708
f 1826/1985/1775 1824/1982/1772 1825/1984/1774
f 1826/1985/1775 1828/1986/1776 1827/1987/1777
f 1763/1921/1713 1829/1988/1778 1826/1985/1775
f 1767/1925/1717 1829/1988/1778 1764/1920/1712
f 1830/1989/1779 1828/1986/1776 1829/1988/1778
f 1830/1989/1779 1832/1990/1780 1831/1991/1781
f 1767/1925/1717 1833/1992/1782 1830/1989/1779
f 1771/1929/1721 1833/1992/1782 1768/1924/1716
f 1834/1993/1783 1832/1990/1780 1833/1992/1782
f 1834/1993/1783 1836/1994/1784 1835/1995/1785
f 1771/1929/1721 1837/1996/1786 1834/1993/1783
f 1775/1933/1725 1837/1996/1786 1772/1928/1720
f 1838/1997/1787 1836/1994/1784 1837/1996/1786
f 1838/1997/1787 1840/1998/1788 1839/1999/1789
f 1775/1933/1725 1841/2000/1790 1838/1997/1787
f 1779/1937/1729 1841/2000/1790 1776/1932/1724
f 1842/2001/1791 1840/1998/1788 1841/2000/1790
f 1842/2001/1791 1844/2002/1792 1843/2003/1793
f 1779/1937/1729 1845/2004/1794 1842/2001/1791
f 1783/1941/1733 1845/2004/1794 1780/1936/1728
f 1846/2005/1795 1844/2002/1792 1845/2004/1794
f 1846/2005/1795 1848/2006/1796 1847/2007/1797
f 1783/1941/1733 1849/2008/1798 1846/2005/1795
f 1787/1945/1737 1849/2008/1798 1784/1940/1732
f 1850/2009/1799 1848/2006/1796 1849/2008/1798
f 1850/2009/1799 1852/2010/1800 1851/2011/1801
f 1787/1945/1737 1853/2012/1802 1850/2009/1799
f 1791/1949/1741 1853/2012/1802 1788/1944/1736
f 1854/2013/1803 1852/2010/1800 1853/2012/1802
f 1854/2013/1803 1856/2014/1804 1855/2015/1805
f 1791/1949/1741 1857/2016/1806 1854/2013/1803
f 1795/1953/1744 1857/2016/1806 1792/1948/1740
f 1858/2017/1807 1856/2014/1804 1857/2016/1806
f 1858/2017/1807 1798/2018/1747 1859/2019/1808
f 1795/1953/1744 1796/2020/1745 1858/2017/1807
f 1799/1959/1749 1860/2021/1809 1798/1957/1747
f 1860/2021/1809 1863/2022/1810 1862/2023/1811
f 1865/2024/1812 1863/2022/1810 1861/2025/1813
f 1799/1959/1749 1865/2024/1812 1861/2025/1813
f 1803/1963/1753 1865/2024/1812 1800/1958/1748
f 1865/2024/1812 1867/2026/1814 1864/2027/1815
f 1869/2028/1816 1867/2026/1814 1866/2029/1817
f 1803/1963/1753 1869/2028/1816 1866/2029/1817
f 1807/1967/1757 1869/2028/1816 1804/1962/1752
f 1869/2028/1816 1871/2030/1818 1868/2031/1819
f 1873/2032/1820 1871/2030/1818 1870/2033/1821
f 1807/1967/1757 1873/2032/1820 1870/2033/1821
f 1811/1971/1761 1873/2032/1820 1808/1966/1756
f 1873/2032/1820 1875/2034/1822 1872/2035/1823
f 1877/2036/1824 1875/2034/1822 1874/2037/1825
f 1811/1971/1761 1877/2036/1824 1874/2037/1825
f 1815/1975/1765 1877/2036/1824 1812/1970/1760
f 1877/2036/1824 1879/2038/1826 1876/2039/1827
f 1881/2040/1828 1879/2038/1826 1878/2041/1829
f 1815/1975/1765 1881/2040/1828 1878/2041/1829
f 1819/1979/1769 1881/2040/1828 1816/1974/1764
f 1881/2040/1828 1883/2042/1830 1880/2043/1831
f 1885/2044/1832 1883/2042/1830 1882/2045/1833
f 1819/1979/1769 1885/2044/1832 1882/2045/1833
f 1823/1983/1773 1885/2044/1832 1820/1978/1768
f 1885/2044/1832 1887/2046/1834 1884/2047/1835
f 1889/2048/1836 1887/2046/1834 1886/2049/1837
f 1823/1983/1773 1889/2048/1836 1886/2049/1837
f 1827/1987/1777 1889/2048/1836 1824/1982/1772
f 1889/2048/1836 1891/2050/1838 1888/2051/1839
f 1893/2052/1840 1891/2050/1838 1890/2053/1841
f 1827/1987/1777 1893/2052/1840 1890/2053/1841
f 1831/1991/1781 1893/2052/1840 1828/1986/1776
f 1893/2052/1840 1895/2054/1842 1892/2055/1843
f 1897/2056/1844 1895/2054/1842 1894/2057/1845
f 1831/1991/1781 1897/2056/1844 1894/2057/1845
f 1835/1995/1785 1897/2056/1844 1832/1990/1780
f 1897/2056/1844 1899/2058/1846 1896/2059/1847
f 1901/2060/1848 1899/2058/1846 1898/2061/1849
f 1835/1995/1785 1901/2060/1848 1898/2061/1849
f 1839/1999/1789 1901/2060/1848 1836/1994/1784
f 1901/2060/1848 1903/2062/1850 1900/2063/1851
f 1905/2064/1852 1903/2062/1850 1902/2065/1853
f 1839/1999/1789 1905/2064/1852 1902/2065/1853
f 1843/2003/1793 1905/2064/1852 1840/1998/1788
f 1905/2064/1852 1907/2066/1854 1904/2067/1855
f 1909/2068/1856 1907/2066/1854 1906/2069/1857
f 1843/2003/1793 1909/2068/1856 1906/2069/1857
f 1847/2007/1797 1909/2068/1856 1844/2002/1792
f 1909/2068/1856 1911/2070/1858 1908/2071/1859
f 1913/2072/1860 1911/2070/1858 1910/2073/1861
f 1847/2007/1797 1913/2072/1860 1910/2073/1861
f 1851/2011/1801 1913/2072/1860 1848/2006/1796
f 1913/2072/1860 1915/2074/1862 1912/2075/1863
f 1917/2076/1864 1915/2074/1862 1914/2077/1865
f 1851/2011/1801 1917/2076/1864 1914/2077/1865
f 1855/2015/1805 1917/2076/1864 1852/2010/1800
f 1917/2076/1864 1919/2078/1866 1916/2079/1867
f 1921/2080/1868 1919/2078/1866 1918/2081/1869
f 1855/2015/1805 1921/2080/1868 1918/2081/1869
f 1859/2019/1808 1921/2080/1868 1856/2014/1804
f 1921/2080/1868 1923/2082/1870 1920/2083/1871
f 1860/2084/1809 1923/2082/1870 1922/2085/1872
f 1859/2019/1808 1860/2084/1809 1922/2085/1872
f 1862/2023/1811 1925/2086/1873 1924/2087/1874
f 1924/2087/1874 1927/2088/1875 1926/2089/1876
f 1929/2090/1877 1927/2088/1875 1925/2086/1873
f 1864/2027/1815 1925/2086/1873 1863/2022/1810
f 1864/2027/1815 1930/2091/1878 1929/2090/1877
f 1929/2090/1877 1931/2092/1879 1928/2093/1880
f 1933/2094/1881 1931/2092/1879 1930/2091/1878
f 1868/2031/1819 1930/2091/1878 1867/2026/1814
f 1868/2031/1819 1934/2095/1882 1933/2094/1881
f 1933/2094/1881 1935/2096/1883 1932/2097/1884
f 1937/2098/1885 1935/2096/1883 1934/2095/1882
f 1872/2035/1823 1934/2095/1882 1871/2030/1818
f 1872/2035/1823 1938/2099/1886 1937/2098/1885
f 1937/2098/1885 1939/2100/1887 1936/2101/1888
f 1941/2102/1889 1939/2100/1887 1938/2099/1886
f 1876/2039/1827 1938/2099/1886 1875/2034/1822
f 1876/2039/1827 1942/2103/1890 1941/2102/1889
f 1941/2102/1889 1943/2104/1891 1940/2105/1892
f 1945/2106/1893 1943/2104/1891 1942/2103/1890
f 1880/2043/1831 1942/2103/1890 1879/2038/1826
f 1880/2043/1831 1946/2107/1894 1945/2106/1893
f 1945/2106/1893 1947/2108/1895 1944/2109/1896
f 1949/2110/1897 1947/2108/1895 1946/2107/1894
f 1884/2047/1835 1946/2107/1894 1883/2042/1830
f 1884/2047/1835 1950/2111/1898 1949/2110/1897
f 1949/2110/1897 1951/2112/1899 1948/2113/1900
f 1953/2114/1901 1951/2112/1899 1950/2111/1898
f 1888/2051/1839 1950/2111/1898 1887/2046/1834
f 1888/2051/1839 1954/2115/1902 1953/2114/1901
f 1953/2114/1901 1955/2116/1903 1952/2117/1904
f 1957/2118/1905 1955/2116/1903 1954/2115/1902
f 1892/2055/1843 1954/2115/1902 1891/2050/1838
f 1892/2055/1843 1958/2119/1906 1957/2118/1905
f 1957/2118/1905 1959/2120/1907 1956/2121/1908
f 1961/2122/1909 1959/2120/1907 1958/2119/1906
f 1896/2059/1847 1958/2119/1906 1895/2054/1842
f 1896/2059/1847 1962/2123/1910 1961/2122/1909
f 1961/2122/1909 1963/2124/1911 1960/2125/1912
f 1965/2126/1913 1963/2124/1911 1962/2123/1910
f 1900/2063/1851 1962/2123/1910 1899/2058/1846
f 1900/2063/1851 1966/2127/1914 1965/2126/1913
f 1965/2126/1913 1967/2128/1915 1964/2129/1916
f 1969/2130/1917 1967/2128/1915 1966/2127/1914
f 1904/2067/1855 1966/2127/1914 1903/2062/1850
f 1904/2067/1855 1970/2131/1918 1969/2130/1917
f 1969/2130/1917 1971/2132/1919 1968/2133/1920
f 1973/2134/1921 1971/2132/1919 1970/2131/1918
f 1908/2071/1859 1970/2131/1918 1907/2066/1854
f 1908/2071/1859 1974/2135/1922 1973/2134/1921
f 1973/2134/1921 1975/2136/1923 1972/2137/1924
f 1977/2138/1925 1975/2136/1923 1974/2135/1922
f 1912/2075/1863 1974/2135/1922 1911/2070/1858
f 1912/2075/1863 1978/2139/1926 1977/2138/1925
f 1977/2138/1925 1979/2140/1927 1976/2141/1928
f 1981/2142/1929 1979/2140/1927 1978/2139/1926
f 1916/2079/1867 1978/2139/1926 1915/2074/1862
f 1916/2079/1867 1982/2143/1930 1981/2142/1929
f 1981/2142/1929 1983/2144/1931 1980/2145/1932
f 1985/2146/1933 1983/2144/1931 1982/2143/1930
f 1920/2083/1871 1982/2143/1930 1919/2078/1866
f 1920/2083/1871 1986/2147/1934 1985/2146/1933
f 1985/2146/1933 1987/2148/1935 1984/2149/1936
f 1924/2150/1874 1987/2148/1935 1986/2147/1934
f 1862/2151/1811 1986/2147/1934 1923/2082/1870
f 1926/2089/1876 1989/2152/1937 1988/2153/1938
f 1988/2153/1938 1991/2154/1939 1990/2155/1940
f 1993/2156/1941 1991/2154/1939 1989/2152/1937
f 1928/2093/1880 1989/2152/1937 1927/2088/1875
f 1928/2093/1880 1994/2157/1942 1993/2156/1941
f 1993/2156/1941 1995/2158/1943 1992/2159/1944
f 1997/2160/1945 1995/2158/1943 1994/2157/1942
f 1932/2097/1884 1994/2157/1942 1931/2092/1879
f 1932/2097/1884 1998/2161/1946 1997/2160/1945
f 1997/2160/1945 1999/2162/1947 1996/2163/1948
f 2001/2164/1949 1999/2162/1947 1998/2161/1946
f 1936/2101/1888 1998/2161/1946 1935/2096/1883
f 1936/2101/1888 2002/2165/1950 2001/2164/1949
f 2001/2164/1949 2003/2166/1951 2000/2167/1952
f 2005/2168/1953 2003/2166/1951 2002/2165/1950
f 1940/2105/1892 2002/2165/1950 1939/2100/1887
f 1940/2105/1892 2006/2169/1954 2005/2168/1953
f 2005/2168/1953 2007/2170/1955 2004/2171/1956
f 2009/2172/1957 2007/2170/1955 2006/2169/1954
f 1944/2109/1896 2006/2169/1954 1943/2104/1891
f 1944/2109/1896 2010/2173/1958 2009/2172/1957
f 2009/2172/1957 2011/2174/1959 2008/2175/1960
f 2013/2176/1961 2011/2174/1959 2010/2173/1958
f 1948/2113/1900 2010/2173/1958 1947/2108/1895
f 1948/2113/1900 2014/2177/1962 2013/2176/1961
f 2013/2176/1961 2015/2178/1963 2012/2179/1964
f 2017/2180/1965 2015/2178/1963 2014/2177/1962
f 1952/2117/1904 2014/2177/1962 1951/2112/1899
f 1952/2117/1904 2018/2181/1966 2017/2180/1965
f 2017/2180/1965 2019/2182/1967 2016/2183/1968
f 2021/2184/1969 2019/2182/1967 2018/2181/1966
f 1956/2121/1908 2018/2181/1966 1955/2116/1903
f 1956/2121/1908 2022/2185/1970 2021/2184/1969
f 2021/2184/1969 2023/2186/1971 2020/2187/1972
f 2025/2188/1973 2023/2186/1971 2022/2185/1970
f 1960/2125/1912 2022/2185/1970 1959/2120/1907
f 1960/2125/1912 2026/2189/1974 2025/2188/1973
f 2025/2188/1973 2027/2190/1975 2024/2191/1976
f 2029/2192/1977 2027/2190/1975 2026/2189/1974
f 1964/2129/1916 2026/2189/1974 1963/2124/1911
f 1964/2129/1916 2030/2193/1978 2029/2192/1977
f 2029/2192/1977 2031/2194/1979 2028/2195/1980
f 2033/2196/1981 2031/2194/1979 2030/2193/1978
f 1968/2133/1920 2030/2193/1978 1967/2128/1915
f 1968/2133/1920 2034/2197/1982 2033/2196/1981
f 2033/2196/1981 2035/2198/1983 2032/2199/1984
f 2037/2200/1985 2035/2198/1983 2034/2197/1982
f 1972/2137/1924 2034/2197/1982 1971/2132/1919
f 1972/2137/1924 2038/2201/1986 2037/2200/1985
f 2037/2200/1985 2039/2202/1987 2036/2203/1988
f 2041/2204/1989 2039/2202/1987 2038/2201/1986
f 1976/2141/1928 2038/2201/1986 1975/2136/1923
f 1976/2141/1928 2042/2205/1990 2041/2204/1989
f 2041/2204/1989 2043/2206/1991 2040/2207/1992
f 2045/2208/1993 2043/2206/1991 2042/2205/1990
f 1980/2145/1932 2042/2205/1990 1979/2140/1927
f 1980/2145/1932 2046/2209/1994 2045/2208/1993
f 2045/2208/1993 2047/2210/1995 2044/2211/1996
f 2049/2212/1997 2047/2210/1995 2046/2209/1994
f 1984/2149/1936 2046/2209/1994 1983/2144/1931
f 1984/2149/1936 2050/2213/1998 2049/2212/1997
f 2049/2212/1997 2051/2214/1999 2048/2215/2000
f 1988/2216/1938 2051/2214/1999 2050/2213/1998
f 1926/2217/1876 2050/2213/1998 1987/2148/1935
f 2052/2218/2001 2054/2219/2002 2053/2220/2003
f 2053/2220/2003 2057/2221/2004 2056/2222/2005
f 2059/2223/2006 2057/2221/2004 2054/2219/2002
f 2060/2224/2007 2054/2219/2002 2055/2225/2008
f 2060/2224/2007 2061/2226/2009 2059/2223/2006
f 2059/2223/2006 2063/2227/2010 2058/2228/2011
f 2065/2229/2012 2063/2227/2010 2061/2226/2009
f 2066/2230/2013 2061/2226/2009 2062/2231/2014
f 2066/2230/2013 2067/2232/2015 2065/2229/2012
f 2065/2229/2012 2069/2233/2016 2064/2234/2017
f 2071/2235/2018 2069/2233/2016 2067/2232/2015
f 2072/2236/2019 2067/2232/2015 2068/2237/2020
f 2072/2236/2019 2073/2238/2021 2071/2235/2018
f 2071/2235/2018 2075/2239/2022 2070/2240/2023
f 2077/2241/2024 2075/2239/2022 2073/2238/2021
f 2078/2242/2025 2073/2238/2021 2074/2243/2026
f 2078/2242/2025 2079/2244/2027 2077/2241/2024
f 2077/2241/2024 2081/2245/2028 2076/2246/2029
f 2083/2247/2030 2081/2245/2028 2079/2244/2027
f 2084/2248/2031 2079/2244/2027 2080/2249/2032
f 2084/2248/2031 2085/2250/2033 2083/2247/2030
f 2083/2247/2030 2087/2251/2034 2082/2252/2035
f 2089/2253/2036 2087/2251/2034 2085/2250/2033
f 2090/2254/2037 2085/2250/2033 2086/2255/2038
f 2090/2254/2037 2091/2256/2039 2089/2253/2036
f 2089/2253/2036 2093/2257/2040 2088/2258/2041
f 2095/2259/2042 2093/2257/2040 2091/2256/2039
f 2096/2260/2043 2091/2256/2039 2092/2261/2044
f 2096/2260/2043 2097/2262/2045 2095/2259/2042
f 2095/2259/2042 2099/2263/2046 2094/2264/2047
f 2101/2265/2048 2099/2263/2046 2097/2262/2045
f 2102/2266/2049 2097/2262/2045 2098/2267/2050
f 2102/2266/2049 2103/2268/2051 2101/2265/2048
f 2101/2265/2048 2105/2269/2052 2100/2270/2053
f 2107/2271/2054 2105/2269/2052 2103/2268/2051
f 2108/2272/2055 2103/2268/2051 2104/2273/2056
f 2108/2272/2055 2109/2274/2057 2107/2271/2054
f 2107/2271/2054 2111/2275/2058 2106/2276/2059
f 2113/2277/2060 2111/2275/2058 2109/2274/2057
f 2114/2278/2061 2109/2274/2057 2110/2279/2062
f 2114/2278/2061 2115/2280/2063 2113/2277/2060
f 2113/2277/2060 2117/2281/2064 2112/2282/2065
f 2119/2283/2066 2117/2281/2064 2115/2280/2063
f 2120/2284/2067 2115/2280/2063 2116/2285/2068
f 2120/2284/2067 2121/2286/2069 2119/2283/2066
f 2119/2283/2066 2123/2287/2070 2118/2288/2071
f 2125/2289/2072 2123/2287/2070 2121/2286/2069
f 2126/2290/2073 2121/2286/2069 2122/2291/2074
f 2126/2290/2073 2127/2292/2075 2125/2289/2072
f 2125/2289/2072 2129/2293/2076 2124/2294/2077
f 2131/2295/2078 2129/2293/2076 2127/2292/2075
f 2132/2296/2079 2127/2292/2075 2128/2297/2080
f 2132/2296/2079 2133/2298/2081 2131/2295/2078
f 2131/2295/2078 2135/2299/2082 2130/2300/2083
f 2137/2301/2084 2135/2299/2082 2133/2298/2081
f 2138/2302/2085 2133/2298/2081 2134/2303/2086
f 2138/2302/2085 2139/2304/2087 2137/2301/2084
f 2137/2301/2084 2141/2305/2088 2136/2306/2089
f 2143/2307/2090 2141/2305/2088 2139/2304/2087
f 2144/2308/2091 2139/2304/2087 2140/2309/2092
f 2144/2308/2091 2145/2310/2093 2143/2307/2090
f 2143/2307/2090 2147/2311/2094 2142/2312/2095
f 2053/2313/2003 2147/2311/2094 2145/2310/2093
f 2052/2314/2001 2145/2310/2093 2146/2315/2096
f 2056/2222/2005 2149/2316/2097 2148/2317/2098
f 2148/2317/2098 2151/2318/2099 2150/2319/2100
f 2153/2320/2101 2151/2318/2099 2149/2316/2097
f 2058/2228/2011 2149/2316/2097 2057/2221/2004
f 2058/2228/2011 2154/2321/2102 2153/2320/2101
f 2153/2320/2101 2155/2322/2103 2152/2323/2104
f 2157/2324/2105 2155/2322/2103 2154/2321/2102
f 2064/2234/2017 2154/2321/2102 2063/2227/2010
f 2064/2234/2017 2158/2325/2106 2157/2324/2105
f 2157/2324/2105 2159/2326/2107 2156/2327/2108
f 2161/2328/2109 2159/2326/2107 2158/2325/2106
f 2070/2240/2023 2158/2325/2106 2069/2233/2016
f 2070/2240/2023 2162/2329/2110 2161/2328/2109
f 2161/2328/2109 2163/2330/2111 2160/2331/2112
f 2165/2332/2113 2163/2330/2111 2162/2329/2110
f 2076/2246/2029 2162/2329/2110 2075/2239/2022
f 2076/2246/2029 2166/2333/2114 2165/2332/2113
f 2165/2332/2113 2167/2334/2115 2164/2335/2116
f 2169/2336/2117 2167/2334/2115 2166/2333/2114
f 2082/2252/2035 2166/2333/2114 2081/2245/2028
f 2082/2252/2035 2170/2337/2118 2169/2336/2117
f 2169/2336/2117 2171/2338/2119 2168/2339/2120
f 2173/2340/2121 2171/2338/2119 2170/2337/2118
f 2088/2258/2041 2170/2337/2118 2087/2251/2034
f 2088/2258/2041 2174/2341/2122 2173/2340/2121
f 2173/2340/2121 2175/2342/2123 2172/2343/2124
f 2177/2344/2125 2175/2342/2123 2174/2341/2122
f 2094/2264/2047 2174/2341/2122 2093/2257/2040
f 2094/2264/2047 2178/2345/2126 2177/2344/2125
f 2177/2344/2125 2179/2346/2127 2176/2347/2128
f 2181/2348/2129 2179/2346/2127 2178/2345/2126
f 2100/2270/2053 2178/2345/2126 2099/2263/2046
f 2100/2270/2053 2182/2349/2130 2181/2348/2129
f 2181/2348/2129 2183/2350/2131 2180/2351/2132
f 2185/2352/2133 2183/2350/2131 2182/2349/2130
f 2106/2276/2059 2182/2349/2130 2105/2269/2052
f 2106/2276/2059 2186/2353/2134 2185/2352/2133
f 2185/2352/2133 2187/2354/2135 2184/2355/2136
f 2189/2356/2137 2187/2354/2135 2186/2353/2134
f 2112/2282/2065 2186/2353/2134 2111/2275/2058
f 2112/2282/2065 2190/2357/2138 2189/2356/2137
f 2189/2356/2137 2191/2358/2139 2188/2359/2140
f 2193/2360/2141 2191/2358/2139 2190/2357/2138
f 2118/2288/2071 2190/2357/2138 2117/2281/2064
f 2118/2288/2071 2194/2361/2142 2193/2360/2141
f 2193/2360/2141 2195/2362/2143 2192/2363/2144
f 2197/2364/2145 2195/2362/2143 2194/2361/2142
f 2124/2294/2077 2194/2361/2142 2123/2287/2070
f 2124/2294/2077 2198/2365/2146 2197/2364/2145
f 2197/2364/2145 2199/2366/2147 2196/2367/2148
f 2201/2368/2149 2199/2366/2147 2198/2365/2146
f 2130/2300/2083 2198/2365/2146 2129/2293/2076
f 2130/2300/2083 2202/2369/2150 2201/2368/2149
f 2201/2368/2149 2203/2370/2151 2200/2371/2152
f 2205/2372/2153 2203/2370/2151 2202/2369/2150
f 2136/2306/2089 2202/2369/2150 2135/2299/2082
f 2136/2306/2089 2206/2373/2154 2205/2372/2153
f 2205/2372/2153 2207/2374/2155 2204/2375/2156
f 2209/2376/2157 2207/2374/2155 2206/2373/2154
f 2142/2312/2095 2206/2373/2154 2141/2305/2088
f 2142/2312/2095 2210/2377/2158 2209/2376/2157
f 2209/2376/2157 2211/2378/2159 2208/2379/2160
f 2148/2380/2098 2211/2378/2159 2210/2377/2158
f 2056/2381/2005 2210/2377/2158 2147/2311/2094
f 2150/2319/2100 2213/2382/2161 2212/2383/2162
f 2212/2383/2162 2215/2384/2163 2214/2385/2164
f 2217/2386/2165 2215/2384/2163 2213/2382/2161
f 2152/2323/2104 2213/2382/2161 2151/2318/2099
f 2152/2323/2104 2218/2387/2166 2217/2386/2165
f 2217/2386/2165 2219/2388/2167 2216/2389/2168
f 2221/2390/2169 2219/2388/2167 2218/2387/2166
f 2156/2327/2108 2218/2387/2166 2155/2322/2103
f 2156/2327/2108 2222/2391/2170 2221/2390/2169
f 2221/2390/2169 2223/2392/2171 2220/2393/2172
f 2225/2394/2173 2223/2392/2171 2222/2391/2170
f 2160/2331/2112 2222/2391/2170 2159/2326/2107
f 2160/2331/2112 2226/2395/2174 2225/2394/2173
f 2225/2394/2173 2227/2396/2175 2224/2397/2176
f 2229/2398/2177 2227/2396/2175 2226/2395/2174
f 2164/2335/2116 2226/2395/2174 2163/2330/2111
f 2164/2335/2116 2230/2399/2178 2229/2398/2177
f 2229/2398/2177 2231/2400/2179 2228/2401/2180
f 2233/2402/2181 2231/2400/2179 2230/2399/2178
f 2168/2339/2120 2230/2399/2178 2167/2334/2115
f 2168/2339/2120 2234/2403/2182 2233/2402/2181
f 2233/2402/2181 2235/2404/2183 2232/2405/2184
f 2237/2406/2185 2235/2404/2183 2234/2403/2182
f 2172/2343/2124 2234/2403/2182 2171/2338/2119
f 2172/2343/2124 2238/2407/2186 2237/2406/2185
f 2237/2406/2185 2239/2408/2187 2236/2409/2188
f 2241/2410/2189 2239/2408/2187 2238/2407/2186
f 2176/2347/2128 2238/2407/2186 2175/2342/2123
f 2176/2347/2128 2242/2411/2190 2241/2410/2189
f 2241/2410/2189 2243/2412/2191 2240/2413/2192
f 2245/2414/2193 2243/2412/2191 2242/2411/2190
f 2180/2351/2132 2242/2411/2190 2179/2346/2127
f 2180/2351/2132 2246/2415/2194 2245/2414/2193
f 2245/2414/2193 2247/2416/2195 2244/2417/2196
f 2249/2418/2197 2247/2416/2195 2246/2415/2194
f 2184/2355/2136 2246/2415/2194 2183/2350/2131
f 2184/2355/2136 2250/2419/2198 2249/2418/2197
f 2249/2418/2197 2251/2420/2199 2248/2421/2200
f 2253/2422/2201 2251/2420/2199 2250/2419/2198
f 2188/2359/2140 2250/2419/2198 2187/2354/2135
f 2188/2359/2140 2254/2423/2202 2253/2422/2201
f 2253/2422/2201 2255/2424/2203 2252/2425/2204
f 2257/2426/2205 2255/2424/2203 2254/2423/2202
f 2192/2363/2144 2254/2423/2202 2191/2358/2139
f 2192/2363/2144 2258/2427/2206 2257/2426/2205
f 2257/2426/2205 2259/2428/2207 2256/2429/2208
f 2261/2430/2209 2259/2428/2207 2258/2427/2206
f 2196/2367/2148 2258/2427/2206 2195/2362/2143
f 2196/2367/2148 2262/2431/2210 2261/2430/2209
f 2261/2430/2209 2263/2432/2211 2260/2433/2212
f 2265/2434/2213 2263/2432/2211 2262/2431/2210
f 2200/2371/2152 2262/2431/2210 2199/2366/2147
f 2200/2371/2152 2266/2435/2214 2265/2434/2213
f 2265/2434/2213 2267/2436/2215 2264/2437/2216
f 2269/2438/2217 2267/2436/2215 2266/2435/2214
f 2204/2375/2156 2266/2435/2214 2203/2370/2151
f 2204/2375/2156 2270/2439/2218 2269/2438/2217
f 2269/2438/2217 2271/2440/2219 2268/2441/2220
f 2273/2442/2221 2271/2440/2219 2270/2439/2218
f 2208/2379/2160 2270/2439/2218 2207/2374/2155
f 2208/2379/2160 2274/2443/2222 2273/2442/2221
f 2273/2442/2221 2275/2444/2223 2272/2445/2224
f 2212/2446/2162 2275/2444/2223 2274/2443/2222
f 2150/2447/2100 2274/2443/2222 2211/2378/2159
f 2214/2385/2164 2277/2448/2225 2276/2449/2226
f 2276/2449/2226 2279/2450/2227 2278/2451/2228
f 2277/2448/2225 2280/2452/2229 2279/2450/2227
f 2215/2384/2163 2281/2453/2230 2277/2448/2225
f 2216/2389/2168 2282/2454/2231 2281/2453/2230
f 2281/2453/2230 2283/2455/2232 2280/2452/2229
f 2282/2454/2231 2284/2456/2233 2283/2455/2232
f 2219/2388/2167 2285/2457/2234 2282/2454/2231
f 2220/2393/2172 2286/2458/2235 2285/2457/2234
f 2285/2457/2234 2287/2459/2236 2284/2456/2233
f 2286/2458/2235 2288/2460/2237 2287/2459/2236
f 2223/2392/2171 2289/2461/2238 2286/2458/2235
f 2224/2397/2176 2290/2462/2239 2289/2461/2238
f 2289/2461/2238 2291/2463/2240 2288/2460/2237
f 2290/2462/2239 2292/2464/2241 2291/2463/2240
f 2227/2396/2175 2293/2465/2242 2290/2462/2239
f 2228/2401/2180 2294/2466/2243 2293/2465/2242
f 2293/2465/2242 2295/2467/2244 2292/2464/2241
f 2294/2466/2243 2296/2468/2245 2295/2467/2244
f 2231/2400/2179 2297/2469/2246 2294/2466/2243
f 2232/2405/2184 2298/2470/2247 2297/2469/2246
f 2297/2469/2246 2299/2471/2248 2296/2468/2245
f 2298/2470/2247 2300/2472/2249 2299/2471/2248
f 2235/2404/2183 2301/2473/2250 2298/2470/2247
f 2236/2409/2188 2302/2474/2251 2301/2473/2250
f 2301/2473/2250 2303/2475/2252 2300/2472/2249
f 2302/2474/2251 2304/2476/2253 2303/2475/2252
f 2239/2408/2187 2305/2477/2254 2302/2474/2251
f 2240/2413/2192 2306/2478/2255 2305/2477/2254
f 2305/2477/2254 2307/2479/2256 2304/2476/2253
f 2306/2478/2255 2308/2480/2257 2307/2479/2256
f 2243/2412/2191 2309/2481/2258 2306/2478/2255
f 2244/2417/2196 2310/2482/2259 2309/2481/2258
f 2309/2481/2258 2311/2483/2260 2308/2480/2257
f 2310/2482/2259 2312/2484/2261 2311/2483/2260
f 2247/2416/2195 2313/2485/2262 2310/2482/2259
f 2248/2421/2200 2314/2486/2263 2313/2485/2262
f 2313/2485/2262 2315/2487/2264 2312/2484/2261
f 2314/2486/2263 2316/2488/2265 2315/2487/2264
f 2251/2420/2199 2317/2489/2266 2314/2486/2263
f 2252/2425/2204 2318/2490/2267 2317/2489/2266
f 2317/2489/2266 2319/2491/2268 2316/2488/2265
f 2318/2490/2267 2320/2492/2269 2319/2491/2268
f 2255/2424/2203 2321/2493/2270 2318/2490/2267
f 2256/2429/2208 2322/2494/2271 2321/2493/2270
f 2321/2493/2270 2323/2495/2272 2320/2492/2269
f 2322/2494/2271 2324/2496/2273 2323/2495/2272
f 2259/2428/2207 2325/2497/2274 2322/2494/2271
f 2260/2433/2212 2326/2498/2275 2325/2497/2274
f 2325/2497/2274 2327/2499/2276 2324/2496/2273
f 2326/2498/2275 2328/2500/2277 2327/2499/2276
f 2263/2432/2211 2329/2501/2278 2326/2498/2275
f 2264/2437/2216 2330/2502/2279 2329/2501/2278
f 2329/2501/2278 2331/2503/2280 2328/2500/2277
f 2330/2502/2279 2332/2504/2281 2331/2503/2280
f 2267/2436/2215 2333/2505/2282 2330/2502/2279
f 2268/2441/2220 2334/2506/2283 2333/2505/2282
f 2333/2505/2282 2335/2507/2284 2332/2504/2281
f 2334/2506/2283 2336/2508/2285 2335/2507/2284
f 2271/2440/2219 2337/2509/2286 2334/2506/2283
f 2272/2445/2224 2338/2510/2287 2337/2509/2286
f 2337/2509/2286 2339/2511/2288 2336/2508/2285
f 2338/2510/2287 2278/2512/2228 2339/2511/2288
f 2275/2444/2223 2276/2513/2226 2338/2510/2287
f 2340/2514/2289 2342/2515/2290 2341/2516/2291
f 2341/2516/2291 2345/2517/2292 2344/2518/2293
f 2342/2515/2290 2346/2519/2294 2345/2517/2292
f 2343/2520/2295 2347/2521/2296 2342/2515/2290
f 2348/2522/2297 2349/2523/2298 2347/2521/2296
f 2347/2521/2296 2351/2524/2299 2346/2519/2294
f 2349/2523/2298 2352/2525/2300 2351/2524/2299
f 2350/2526/2301 2353/2527/2302 2349/2523/2298
f 2354/2528/2303 2355/2529/2304 2353/2527/2302
f 2353/2527/2302 2357/2530/2305 2352/2525/2300
f 2355/2529/2304 2358/2531/2306 2357/2530/2305
f 2356/2532/2307 2359/2533/2308 2355/2529/2304
f 2360/2534/2309 2361/2535/2310 2359/2533/2308
f 2359/2533/2308 2363/2536/2311 2358/2531/2306
f 2361/2535/2310 2364/2537/2312 2363/2536/2311
f 2362/2538/2313 2365/2539/2314 2361/2535/2310
f 2366/2540/2315 2367/2541/2316 2365/2539/2314
f 2365/2539/2314 2369/2542/2317 2364/2537/2312
f 2367/2541/2316 2370/2543/2318 2369/2542/2317
f 2368/2544/2319 2371/2545/2320 2367/2541/2316
f 2372/2546/2321 2373/2547/2322 2371/2545/2320
f 2371/2545/2320 2375/2548/2323 2370/2543/2318
f 2373/2547/2322 2376/2549/2324 2375/2548/2323
f 2374/2550/2325 2377/2551/2326 2373/2547/2322
f 2378/2552/2327 2379/2553/2328 2377/2551/2326
f 2377/2551/2326 2381/2554/2329 2376/2549/2324
f 2379/2553/2328 2382/2555/2330 2381/2554/2329
f 2380/2556/2331 2383/2557/2332 2379/2553/2328
f 2384/2558/2333 2385/2559/2334 2383/2557/2332
f 2383/2557/2332 2387/2560/2335 2382/2555/2330
f 2385/2559/2334 2388/2561/2336 2387/2560/2335
f 2386/2562/2337 2389/2563/2338 2385/2559/2334
f 2390/2564/2339 2391/2565/2340 2389/2563/2338
f 2389/2563/2338 2393/2566/2341 2388/2561/2336
f 2391/2565/2340 2394/2567/2342 2393/2566/2341
f 2392/2568/2343 2395/2569/2344 2391/2565/2340
f 2396/2570/2345 2397/2571/2346 2395/2569/2344
f 2395/2569/2344 2399/2572/2347 2394/2567/2342
f 2397/2571/2346 2400/2573/2348 2399/2572/2347
f 2398/2574/2349 2401/2575/2350 2397/2571/2346
f 2402/2576/2351 2403/2577/2352 2401/2575/2350
f 2401/2575/2350 2405/2578/2353 2400/2573/2348
f 2403/2577/2352 2406/2579/2354 2405/2578/2353
f 2404/2580/2355 2407/2581/2356 2403/2577/2352
f 2408/2582/2357 2409/2583/2358 2407/2581/2356
f 2407/2581/2356 2411/2584/2359 2406/2579/2354
f 2409/2583/2358 2412/2585/2360 2411/2584/2359
f 2410/2586/2361 2413/2587/2362 2409/2583/2358
f 2414/2588/2363 2415/2589/2364 2413/2587/2362
f 2413/2587/2362 2417/2590/2365 2412/2585/2360
f 2415/2589/2364 2418/2591/2366 2417/2590/2365
f 2416/2592/2367 2419/2593/2368 2415/2589/2364
f 2420/2594/2369 2421/2595/2370 2419/2593/2368
f 2419/2593/2368 2423/2596/2371 2418/2591/2366
f 2421/2595/2370 2424/2597/2372 2423/2596/2371
f 2422/2598/2373 2425/2599/2374 2421/2595/2370
f 2426/2600/2375 2427/2601/2376 2425/2599/2374
f 2425/2599/2374 2429/2602/2377 2424/2597/2372
f 2427/2601/2376 2430/2603/2378 2429/2602/2377
f 2428/2604/2379 2431/2605/2380 2427/2601/2376
f 2432/2606/2381 2433/2607/2382 2431/2605/2380
f 2431/2605/2380 2435/2608/2383 2430/2603/2378
f 2433/2607/2382 2344/2609/2293 2435/2608/2383
f 2434/2610/2384 2341/2611/2291 2433/2607/2382
f 2345/2517/2292 2436/2612/2385 2344/2518/2293
f 2437/2613/2386 2438/2614/2387 2436/2612/2385
f 2441/2615/2388 2439/2616/2389 2437/2613/2386
f 2346/2519/2294 2437/2613/2386 2345/2517/2292
f 2351/2524/2299 2441/2615/2388 2346/2519/2294
f 2442/2617/2390 2440/2618/2391 2441/2615/2388
f 2445/2619/2392 2443/2620/2393 2442/2617/2390
f 2352/2525/2300 2442/2617/2390 2351/2524/2299
f 2357/2530/2305 2445/2619/2392 2352/2525/2300
f 2446/2621/2394 2444/2622/2395 2445/2619/2392
f 2449/2623/2396 2447/2624/2397 2446/2621/2394
f 2358/2531/2306 2446/2621/2394 2357/2530/2305
f 2363/2536/2311 2449/2623/2396 2358/2531/2306
f 2450/2625/2398 2448/2626/2399 2449/2623/2396
f 2453/2627/2400 2451/2628/2401 2450/2625/2398
f 2364/2537/2312 2450/2625/2398 2363/2536/2311
f 2369/2542/2317 2453/2627/2400 2364/2537/2312
f 2454/2629/2402 2452/2630/2403 2453/2627/2400
f 2457/2631/2404 2455/2632/2405 2454/2629/2402
f 2370/2543/2318 2454/2629/2402 2369/2542/2317
f 2375/2548/2323 2457/2631/2404 2370/2543/2318
f 2458/2633/2406 2456/2634/2407 2457/2631/2404
f 2461/2635/2408 2459/2636/2409 2458/2633/2406
f 2376/2549/2324 2458/2633/2406 2375/2548/2323
f 2381/2554/2329 2461/2635/2408 2376/2549/2324
f 2462/2637/2410 2460/2638/2411 2461/2635/2408
f 2465/2639/2412 2463/2640/2413 2462/2637/2410
f 2382/2555/2330 2462/2637/2410 2381/2554/2329
f 2387/2560/2335 2465/2639/2412 2382/2555/2330
f 2466/2641/2414 2464/2642/2415 2465/2639/2412
f 2469/2643/2416 2467/2644/2417 2466/2641/2414
f 2388/2561/2336 2466/2641/2414 2387/2560/2335
f 2393/2566/2341 2469/2643/2416 2388/2561/2336
f 2470/2645/2418 2468/2646/2419 2469/2643/2416
f 2473/2647/2420 2471/2648/2421 2470/2645/2418
f 2394/2567/2342 2470/2645/2418 2393/2566/2341
f 2399/2572/2347 2473/2647/2420 2394/2567/2342
f 2474/2649/2422 2472/2650/2423 2473/2647/2420
f 2477/2651/2424 2475/2652/2425 2474/2649/2422
f 2400/2573/2348 2474/2649/2422 2399/2572/2347
f 2405/2578/2353 2477/2651/2424 2400/2573/2348
f 2478/2653/2426 2476/2654/2427 2477/2651/2424
f 2481/2655/2428 2479/2656/2429 2478/2653/2426
f 2406/2579/2354 2478/2653/2426 2405/2578/2353
f 2411/2584/2359 2481/2655/2428 2406/2579/2354
f 2482/2657/2430 2480/2658/2431 2481/2655/2428
f 2485/2659/2432 2483/2660/2433 2482/2657/2430
f 2412/2585/2360 2482/2657/2430 2411/2584/2359
f 2417/2590/2365 2485/2659/2432 2412/2585/2360
f 2486/2661/2434 2484/2662/2435 2485/2659/2432
f 2489/2663/2436 2487/2664/2437 2486/2661/2434
f 2418/2591/2366 2486/2661/2434 2417/2590/2365
f 2423/2596/2371 2489/2663/2436 2418/2591/2366
f 2490/2665/2438 2488/2666/2439 2489/2663/2436
f 2493/2667/2440 2491/2668/2441 2490/2665/2438
f 2424/2597/2372 2490/2665/2438 2423/2596/2371
f 2429/2602/2377 2493/2667/2440 2424/2597/2372
f 2494/2669/2442 2492/2670/2443 2493/2667/2440
f 2497/2671/2444 2495/2672/2445 2494/2669/2442
f 2430/2603/2378 2494/2669/2442 2429/2602/2377
f 2435/2608/2383 2497/2671/2444 2430/2603/2378
f 2498/2673/2446 2496/2674/2447 2497/2671/2444
f 2436/2675/2385 2499/2676/2448 2498/2673/2446
f 2344/2609/2293 2498/2673/2446 2435/2608/2383
f 2500/2677/2449 2502/2678/2450 2501/2679/2451
f 2501/2679/2451 2505/2680/2452 2504/2681/2453
f 2502/2678/2450 2506/2682/2454 2505/2680/2452
f 2503/2683/2455 2507/2684/2456 2502/2678/2450
f 2508/2685/2457 2509/2686/2458 2507/2684/2456
f 2507/2684/2456 2511/2687/2459 2506/2682/2454
f 2509/2686/2458 2512/2688/2460 2511/2687/2459
f 2510/2689/2461 2513/2690/2462 2509/2686/2458
f 2514/2691/2463 2515/2692/2464 2513/2690/2462
f 2513/2690/2462 2517/2693/2465 2512/2688/2460
f 2515/2692/2464 2518/2694/2466 2517/2693/2465
f 2516/2695/2467 2519/2696/2468 2515/2692/2464
f 2520/2697/2469 2521/2698/2470 2519/2696/2468
f 2519/2696/2468 2523/2699/2471 2518/2694/2466
f 2521/2698/2470 2524/2700/2472 2523/2699/2471
f 2522/2701/2473 2525/2702/2474 2521/2698/2470
f 2526/2703/2475 2527/2704/2476 2525/2702/2474
f 2525/2702/2474 2529/2705/2477 2524/2700/2472
f 2527/2704/2476 2530/2706/2478 2529/2705/2477
f 2528/2707/2479 2531/2708/2480 2527/2704/2476
f 2532/2709/2481 2533/2710/2482 2531/2708/2480
f 2531/2708/2480 2535/2711/2483 2530/2706/2478
f 2533/2710/2482 2536/2712/2484 2535/2711/2483
f 2534/2713/2485 2537/2714/2486 2533/2710/2482
f 2538/2715/2487 2539/2716/2488 2537/2714/2486
f 2537/2714/2486 2541/2717/2489 2536/2712/2484
f 2539/2716/2488 2542/2718/2490 2541/2717/2489
f 2540/2719/2491 2543/2720/2492 2539/2716/2488
f 2544/2721/2493 2545/2722/2494 2543/2720/2492
f 2543/2720/2492 2547/2723/2495 2542/2718/2490
f 2545/2722/2494 2548/2724/2496 2547/2723/2495
f 2546/2725/2497 2549/2726/2498 2545/2722/2494
f 2550/2727/2499 2551/2728/2500 2549/2726/2498
f 2549/2726/2498 2553/2729/2501 2548/2724/2496
f 2551/2728/2500 2554/2730/2502 2553/2729/2501
f 2552/2731/2503 2555/2732/2504 2551/2728/2500
f 2556/2733/2505 2557/2734/2506 2555/2732/2504
f 2555/2732/2504 2559/2735/2507 2554/2730/2502
f 2557/2734/2506 2560/2736/2508 2559/2735/2507
f 2558/2737/2509 2561/2738/2510 2557/2734/2506
f 2562/2739/2511 2563/2740/2512 2561/2738/2510
f 2561/2738/2510 2565/2741/2513 2560/2736/2508
f 2563/2740/2512 2566/2742/2514 2565/2741/2513
f 2564/2743/2515 2567/2744/2516 2563/2740/2512
f 2568/2745/2517 2569/2746/2518 2567/2744/2516
f 2567/2744/2516 2571/2747/2519 2566/2742/2514
f 2569/2746/2518 2572/2748/2520 2571/2747/2519
f 2570/2749/2521 2573/2750/2522 2569/2746/2518
f 2574/2751/2523 2575/2752/2524 2573/2750/2522
f 2573/2750/2522 2577/2753/2525 2572/2748/2520
f 2575/2752/2524 2578/2754/2526 2577/2753/2525
f 2576/2755/2527 2579/2756/2528 2575/2752/2524
f 2580/2757/2529 2581/2758/2530 2579/2756/2528
f 2579/2756/2528 2583/2759/2531 2578/2754/2526
f 2581/2758/2530 2584/2760/2532 2583/2759/2531
f 2582/2761/2533 2585/2762/2534 2581/2758/2530
f 2586/2763/2535 2587/2764/2536 2585/2762/2534
f 2585/2762/2534 2589/2765/2537 2584/2760/2532
f 2587/2764/2536 2590/2766/2538 2589/2765/2537
f 2588/2767/2539 2591/2768/2540 2587/2764/2536
f 2592/2769/2541 2593/2770/2542 2591/2768/2540
f 2591/2768/2540 2595/2771/2543 2590/2766/2538
f 2593/2770/2542 2504/2772/2453 2595/2771/2543
f 2594/2773/2544 2501/2774/2451 2593/2770/2542
f 2505/2680/2452 2596/2775/2545 2504/2681/2453
f 2597/2776/2546 2598/2777/2547 2596/2775/2545
f 2601/2778/2548 2599/2779/2549 2597/2776/2546
f 2506/2682/2454 2597/2776/2546 2505/2680/2452
f 2511/2687/2459 2601/2778/2548 2506/2682/2454
f 2602/2780/2550 2600/2781/2551 2601/2778/2548
f 2605/2782/2552 2603/2783/2553 2602/2780/2550
f 2512/2688/2460 2602/2780/2550 2511/2687/2459
f 2517/2693/2465 2605/2782/2552 2512/2688/2460
f 2606/2784/2554 2604/2785/2555 2605/2782/2552
f 2609/2786/2556 2607/2787/2557 2606/2784/2554
f 2518/2694/2466 2606/2784/2554 2517/2693/2465
f 2523/2699/2471 2609/2786/2556 2518/2694/2466
f 2610/2788/2558 2608/2789/2559 2609/2786/2556
f 2613/2790/2560 2611/2791/2561 2610/2788/2558
f 2524/2700/2472 2610/2788/2558 2523/2699/2471
f 2529/2705/2477 2613/2790/2560 2524/2700/2472
f 2614/2792/2562 2612/2793/2563 2613/2790/2560
f 2617/2794/2564 2615/2795/2565 2614/2792/2562
f 2530/2706/2478 2614/2792/2562 2529/2705/2477
f 2535/2711/2483 2617/2794/2564 2530/2706/2478
f 2618/2796/2566 2616/2797/2567 2617/2794/2564
f 2621/2798/2568 2619/2799/2569 2618/2796/2566
f 2536/2712/2484 2618/2796/2566 2535/2711/2483
f 2541/2717/2489 2621/2798/2568 2536/2712/2484
f 2622/2800/2570 2620/2801/2571 2621/2798/2568
f 2625/2802/2572 2623/2803/2573 2622/2800/2570
f 2542/2718/2490 2622/2800/2570 2541/2717/2489
f 2547/2723/2495 2625/2802/2572 2542/2718/2490
f 2626/2804/2574 2624/2805/2575 2625/2802/2572
f 2629/2806/2576 2627/2807/2577 2626/2804/2574
f 2548/2724/2496 2626/2804/2574 2547/2723/2495
f 2553/2729/2501 2629/2806/2576 2548/2724/2496
f 2630/2808/2578 2628/2809/2579 2629/2806/2576
f 2633/2810/2580 2631/2811/2581 2630/2808/2578
f 2554/2730/2502 2630/2808/2578 2553/2729/2501
f 2559/2735/2507 2633/2810/2580 2554/2730/2502
f 2634/2812/2582 2632/2813/2583 2633/2810/2580
f 2637/2814/2584 2635/2815/2585 2634/2812/2582
f 2560/2736/2508 2634/2812/2582 2559/2735/2507
f 2565/2741/2513 2637/2814/2584 2560/2736/2508
f 2638/2816/2586 2636/2817/2587 2637/2814/2584
f 2641/2818/2588 2639/2819/2589 2638/2816/2586
f 2566/2742/2514 2638/2816/2586 2565/2741/2513
f 2571/2747/2519 2641/2818/2588 2566/2742/2514
f 2642/2820/2590 2640/2821/2591 2641/2818/2588
f 2645/2822/2592 2643/2823/2593 2642/2820/2590
f 2572/2748/2520 2642/2820/2590 2571/2747/2519
f 2577/2753/2525 2645/2822/2592 2572/2748/2520
f 2646/2824/2594 2644/2825/2595 2645/2822/2592
f 2649/2826/2596 2647/2827/2597 2646/2824/2594
f 2578/2754/2526 2646/2824/2594 2577/2753/2525
f 2583/2759/2531 2649/2826/2596 2578/2754/2526
f 2650/2828/2598 2648/2829/2599 2649/2826/2596
f 2653/2830/2600 2651/2831/2601 2650/2828/2598
f 2584/2760/2532 2650/2828/2598 2583/2759/2531
f 2589/2765/2537 2653/2830/2600 2584/2760/2532
f 2654/2832/2602 2652/2833/2603 2653/2830/2600
f 2657/2834/2604 2655/2835/2605 2654/2832/2602
f 2590/2766/2538 2654/2832/2602 2589/2765/2537
f 2595/2771/2543 2657/2834/2604 2590/2766/2538
f 2658/2836/2606 2656/2837/2607 2657/2834/2604
f 2596/2838/2545 2659/2839/2608 2658/2836/2606
f 2504/2772/2453 2658/2836/2606 2595/2771/2543
f 2599/2779/2549 2660/2840/2609 2598/2777/2547
f 2660/2840/2609 2663/2841/2610 2662/2842/2611
f 2665/2843/2612 2663/2841/2610 2661/2844/2613
f 2600/2781/2551 2661/2844/2613 2599/2779/2549
f 2603/2783/2553 2665/2843/2612 2600/2781/2551
f 2665/2843/2612 2667/2845/2614 2664/2846/2615
f 2669/2847/2616 2667/2845/2614 2666/2848/2617
f 2604/2785/2555 2666/2848/2617 2603/2783/2553
f 2607/2787/2557 2669/2847/2616 2604/2785/2555
f 2669/2847/2616 2671/2849/2618 2668/2850/2619
f 2673/2851/2620 2671/2849/2618 2670/2852/2621
f 2608/2789/2559 2670/2852/2621 2607/2787/2557
f 2611/2791/2561 2673/2851/2620 2608/2789/2559
f 2673/2851/2620 2675/2853/2622 2672/2854/2623
f 2677/2855/2624 2675/2853/2622 2674/2856/2625
f 2612/2793/2563 2674/2856/2625 2611/2791/2561
f 2615/2795/2565 2677/2855/2624 2612/2793/2563
f 2677/2855/2624 2679/2857/2626 2676/2858/2627
f 2681/2859/2628 2679/2857/2626 2678/2860/2629
f 2616/2797/2567 2678/2860/2629 2615/2795/2565
f 2619/2799/2569 2681/2859/2628 2616/2797/2567
f 2681/2859/2628 2683/2861/2630 2680/2862/2631
f 2685/2863/2632 2683/2861/2630 2682/2864/2633
f 2620/2801/2571 2682/2864/2633 2619/2799/2569
f 2623/2803/2573 2685/2863/2632 2620/2801/2571
f 2685/2863/2632 2687/2865/2634 2684/2866/2635
f 2689/2867/2636 2687/2865/2634 2686/2868/2637
f 2624/2805/2575 2686/2868/2637 2623/2803/2573
f 2627/2807/2577 2689/2867/2636 2624/2805/2575
f 2689/2867/2636 2691/2869/2638 2688/2870/2639
f 2693/2871/2640 2691/2869/2638 2690/2872/2641
f 2628/2809/2579 2690/2872/2641 2627/2807/2577
f 2631/2811/2581 2693/2871/2640 2628/2809/2579
f 2693/2871/2640 2695/2873/2642 2692/2874/2643
f 2697/2875/2644 2695/2873/2642 2694/2876/2645
f 2632/2813/2583 2694/2876/2645 2631/2811/2581
f 2635/2815/2585 2697/2875/2644 2632/2813/2583
f 2697/2875/2644 2699/2877/2646 2696/2878/2647
f 2701/2879/2648 2699/2877/2646 2698/2880/2649
f 2636/2817/2587 2698/2880/2649 2635/2815/2585
f 2639/2819/2589 2701/2879/2648 2636/2817/2587
f 2701/2879/2648 2703/2881/2650 2700/2882/2651
f 2705/2883/2652 2703/2881/2650 2702/2884/2653
f 2640/2821/2591 2702/2884/2653 2639/2819/2589
f 2643/2823/2593 2705/2883/2652 2640/2821/2591
f 2705/2883/2652 2707/2885/2654 2704/2886/2655
f 2709/2887/2656 2707/2885/2654 2706/2888/2657
f 2644/2825/2595 2706/2888/2657 2643/2823/2593
f 2647/2827/2597 2709/2887/2656 2644/2825/2595
f 2709/2887/2656 2711/2889/2658 2708/2890/2659
f 2713/2891/2660 2711/2889/2658 2710/2892/2661
f 2648/2829/2599 2710/2892/2661 2647/2827/2597
f 2651/2831/2601 2713/2891/2660 2648/2829/2599
f 2713/2891/2660 2715/2893/2662 2712/2894/2663
f 2717/2895/2664 2715/2893/2662 2714/2896/2665
f 2652/2833/2603 2714/2896/2665 2651/2831/2601
f 2655/2835/2605 2717/2895/2664 2652/2833/2603
f 2717/2895/2664 2719/2897/2666 2716/2898/2667
f 2721/2899/2668 2719/2897/2666 2718/2900/2669
f 2656/2837/2607 2718/2900/2669 2655/2835/2605
f 2659/2839/2608 2721/2899/2668 2656/2837/2607
f 2721/2899/2668 2723/2901/2670 2720/2902/2671
f 2660/2903/2609 2723/2901/2670 2722/2904/2672
f 2598/2905/2547 2722/2904/2672 2659/2839/2608
f 2662/2842/2611 2725/2906/2673 2724/2907/2674
f 2724/2907/2674 2727/2908/2675 2726/2909/2676
f 2729/2910/2677 2727/2908/2675 2725/2906/2673
f 2664/2846/2615 2725/2906/2673 2663/2841/2610
f 2664/2846/2615 2730/2911/2678 2729/2910/2677
f 2729/2910/2677 2731/2912/2679 2728/2913/2680
f 2733/2914/2681 2731/2912/2679 2730/2911/2678
f 2668/2850/2619 2730/2911/2678 2667/2845/2614
f 2668/2850/2619 2734/2915/2682 2733/2914/2681
f 2733/2914/2681 2735/2916/2683 2732/2917/2684
f 2737/2918/2685 2735/2916/2683 2734/2915/2682
f 2672/2854/2623 2734/2915/2682 2671/2849/2618
f 2672/2854/2623 2738/2919/2686 2737/2918/2685
f 2737/2918/2685 2739/2920/2687 2736/2921/2688
f 2741/2922/2689 2739/2920/2687 2738/2919/2686
f 2676/2858/2627 2738/2919/2686 2675/2853/2622
f 2676/2858/2627 2742/2923/2690 2741/2922/2689
f 2741/2922/2689 2743/2924/2691 2740/2925/2692
f 2745/2926/2693 2743/2924/2691 2742/2923/2690
f 2680/2862/2631 2742/2923/2690 2679/2857/2626
f 2680/2862/2631 2746/2927/2694 2745/2926/2693
f 2745/2926/2693 2747/2928/2695 2744/2929/2696
f 2749/2930/2697 2747/2928/2695 2746/2927/2694
f 2684/2866/2635 2746/2927/2694 2683/2861/2630
f 2684/2866/2635 2750/2931/2698 2749/2930/2697
f 2749/2930/2697 2751/2932/2699 2748/2933/2700
f 2753/2934/2701 2751/2932/2699 2750/2931/2698
f 2688/2870/2639 2750/2931/2698 2687/2865/2634
f 2688/2870/2639 2754/2935/2702 2753/2934/2701
f 2753/2934/2701 2755/2936/2703 2752/2937/2704
f 2757/2938/2705 2755/2936/2703 2754/2935/2702
f 2692/2874/2643 2754/2935/2702 2691/2869/2638
f 2692/2874/2643 2758/2939/2706 2757/2938/2705
f 2757/2938/2705 2759/2940/2707 2756/2941/2708
f 2761/2942/2709 2759/2940/2707 2758/2939/2706
f 2696/2878/2647 2758/2939/2706 2695/2873/2642
f 2696/2878/2647 2762/2943/2710 2761/2942/2709
f 2761/2942/2709 2763/2944/2711 2760/2945/2712
f 2765/2946/2713 2763/2944/2711 2762/2943/2710
f 2700/2882/2651 2762/2943/2710 2699/2877/2646
f 2700/2882/2651 2766/2947/2714 2765/2946/2713
f 2765/2946/2713 2767/2948/2715 2764/2949/2716
f 2769/2950/2717 2767/2948/2715 2766/2947/2714
f 2704/2886/2655 2766/2947/2714 2703/2881/2650
f 2704/2886/2655 2770/2951/2718 2769/2950/2717
f 2769/2950/2717 2771/2952/2719 2768/2953/2720
f 2773/2954/2721 2771/2952/2719 2770/2951/2718
f 2708/2890/2659 2770/2951/2718 2707/2885/2654
f 2708/2890/2659 2774/2955/2722 2773/2954/2721
f 2773/2954/2721 2775/2956/2723 2772/2957/2724
f 2777/2958/2725 2775/2956/2723 2774/2955/2722
f 2712/2894/2663 2774/2955/2722 2711/2889/2658
f 2712/2894/2663 2778/2959/2726 2777/2958/2725
f 2777/2958/2725 2779/2960/2727 2776/2961/2728
f 2781/2962/2729 2779/2960/2727 2778/2959/2726
f 2716/2898/2667 2778/2959/2726 2715/2893/2662
f 2716/2898/2667 2782/2963/2730 2781/2962/2729
f 2781/2962/2729 2783/2964/2731 2780/2965/2732
f 2785/2966/2733 2783/2964/2731 2782/2963/2730
f 2720/2902/2671 2782/2963/2730 2719/2897/2666
f 2720/2902/2671 2786/2967/2734 2785/2966/2733
f 2785/2966/2733 2787/2968/2735 2784/2969/2736
f 2724/2970/2674 2787/2968/2735 2786/2967/2734
f 2662/2971/2611 2786/2967/2734 2723/2901/2670
f 2726/2909/2676 2789/2972/2737 2788/2973/2738
f 2788/2973/2738 2791/2974/2739 2790/2975/2740
f 2793/2976/2741 2791/2974/2739 2789/2972/2737
f 2728/2913/2680 2789/2972/2737 2727/2908/2675
f 2728/2913/2680 2794/2977/2742 2793/2976/2741
f 2793/2976/2741 2795/2978/2743 2792/2979/2744
f 2797/2980/2745 2795/2978/2743 2794/2977/2742
f 2732/2917/2684 2794/2977/2742 2731/2912/2679
f 2732/2917/2684 2798/2981/2746 2797/2980/2745
f 2797/2980/2745 2799/2982/2747 2796/2983/2748
f 2801/2984/2749 2799/2982/2747 2798/2981/2746
f 2736/2921/2688 2798/2981/2746 2735/2916/2683
f 2736/2921/2688 2802/2985/2750 2801/2984/2749
f 2801/2984/2749 2803/2986/2751 2800/2987/2752
f 2805/2988/2753 2803/2986/2751 2802/2985/2750
f 2740/2925/2692 2802/2985/2750 2739/2920/2687
f 2740/2925/2692 2806/2989/2754 2805/2988/2753
f 2805/2988/2753 2807/2990/2755 2804/2991/2756
f 2809/2992/2757 2807/2990/2755 2806/2989/2754
f 2744/2929/2696 2806/2989/2754 2743/2924/2691
f 2744/2929/2696 2810/2993/2758 2809/2992/2757
f 2809/2992/2757 2811/2994/2759 2808/2995/2760
f 2813/2996/2761 2811/2994/2759 2810/2993/2758
f 2748/2933/2700 2810/2993/2758 2747/2928/2695
f 2748/2933/2700 2814/2997/2762 2813/2996/2761
f 2813/2996/2761 2815/2998/2763 2812/2999/2764
f 2817/3000/2765 2815/2998/2763 2814/2997/2762
f 2752/2937/2704 2814/2997/2762 2751/2932/2699
f 2752/2937/2704 2818/3001/2766 2817/3000/2765
f 2817/3000/2765 2819/3002/2767 2816/3003/2768
f 2821/3004/2769 2819/3002/2767 2818/3001/2766
f 2756/2941/2708 2818/3001/2766 2755/2936/2703
f 2756/2941/2708 2822/3005/2770 2821/3004/2769
f 2821/3004/2769 2823/3006/2771 2820/3007/2772
f 2825/3008/2773 2823/3006/2771 2822/3005/2770
f 2760/2945/2712 2822/3005/2770 2759/2940/2707
f 2760/2945/2712 2826/3009/2774 2825/3008/2773
f 2825/3008/2773 2827/3010/2775 2824/3011/2776
f 2829/3012/2777 2827/3010/2775 2826/3009/2774
f 2764/2949/2716 2826/3009/2774 2763/2944/2711
f 2764/2949/2716 2830/3013/2778 2829/3012/2777
f 2829/3012/2777 2831/3014/2779 2828/3015/2780
f 2833/3016/2781 2831/3014/2779 2830/3013/2778
f 2768/2953/2720 2830/3013/2778 2767/2948/2715
f 2768/2953/2720 2834/3017/2782 2833/3016/2781
f 2833/3016/2781 2835/3018/2783 2832/3019/2784
f 2837/3020/2785 2835/3018/2783 2834/3017/2782
f 2772/2957/2724 2834/3017/2782 2771/2952/2719
f 2772/2957/2724 2838/3021/2786 2837/3020/2785
f 2837/3020/2785 2839/3022/2787 2836/3023/2788
f 2841/3024/2789 2839/3022/2787 2838/3021/2786
f 2776/2961/2728 2838/3021/2786 2775/2956/2723
f 2776/2961/2728 2842/3025/2790 2841/3024/2789
f 2841/3024/2789 2843/3026/2791 2840/3027/2792
f 2845/3028/2793 2843/3026/2791 2842/3025/2790
f 2780/2965/2732 2842/3025/2790 2779/2960/2727
f 2780/2965/2732 2846/3029/2794 2845/3028/2793
f 2845/3028/2793 2847/3030/2795 2844/3031/2796
f 2849/3032/2797 2847/3030/2795 2846/3029/2794
f 2784/2969/2736 2846/3029/2794 2783/2964/2731
f 2784/2969/2736 2850/3033/2798 2849/3032/2797
f 2849/3032/2797 2851/3034/2799 2848/3035/2800
f 2788/3036/2738 2851/3034/2799 2850/3033/2798
f 2726/3037/2676 2850/3033/2798 2787/2968/2735
f 2790/2975/2740 2853/3038/2801 2852/3039/2802
f 2852/3039/2802 2855/3040/2803 2854/3041/2804
f 2857/3042/2805 2855/3040/2803 2853/3038/2801
f 2792/2979/2744 2853/3038/2801 2791/2974/2739
f 2792/2979/2744 2858/3043/2806 2857/3042/2805
f 2858/3043/2806 2856/3044/2807 2857/3042/2805
f 2858/3043/2806 2860/3045/2808 2859/3046/2809
f 2796/2983/2748 2858/3043/2806 2795/2978/2743
f 2796/2983/2748 2862/3047/2810 2861/3048/2811
f 2862/3047/2810 2860/3045/2808 2861/3048/2811
f 2865/3049/2812 2863/3050/2813 2862/3047/2810
f 2800/2987/2752 2862/3047/2810 2799/2982/2747
f 2800/2987/2752 2866/3051/2814 2865/3049/2812
f 2866/3051/2814 2864/3052/2815 2865/3049/2812
f 2869/3053/2816 2867/3054/2817 2866/3051/2814
f 2804/2991/2756 2866/3051/2814 2803/2986/2751
f 2804/2991/2756 2870/3055/2818 2869/3053/2816
f 2869/3053/2816 2871/3056/2819 2868/3057/2820
f 2873/3058/2821 2871/3056/2819 2870/3055/2818
f 2808/2995/2760 2870/3055/2818 2807/2990/2755
f 2808/2995/2760 2874/3059/2822 2873/3058/2821
f 2874/3059/2822 2872/3060/2823 2873/3058/2821
f 2874/3059/2822 2876/3061/2824 2875/3062/2825
f 2812/2999/2764 2874/3059/2822 2811/2994/2759
f 2812/2999/2764 2878/3063/2826 2877/3064/2827
f 2878/3063/2826 2876/3061/2824 2877/3064/2827
f 2878/3063/2826 2880/3065/2828 2879/3066/2829
f 2816/3003/2768 2878/3063/2826 2815/2998/2763
f 2816/3003/2768 2882/3067/2830 2881/3068/2831
f 2881/3068/2831 2883/3069/2832 2880/3065/2828
f 2885/3070/2833 2883/3069/2832 2882/3067/2830
f 2820/3007/2772 2882/3067/2830 2819/3002/2767
f 2820/3007/2772 2886/3071/2834 2885/3070/2833
f 2885/3070/2833 2887/3072/2835 2884/3073/2836
f 2886/3071/2834 2888/3074/2837 2887/3072/2835
f 2824/3011/2776 2886/3071/2834 2823/3006/2771
f 2824/3011/2776 2890/3075/2838 2889/3076/2839
f 2889/3076/2839 2891/3077/2840 2888/3074/2837
f 2890/3075/2838 2892/3078/2841 2891/3077/2840
f 2828/3015/2780 2890/3075/2838 2827/3010/2775
f 2828/3015/2780 2894/3079/2842 2893/3080/2843
f 2893/3080/2843 2895/3081/2844 2892/3078/2841
f 2894/3079/2842 2896/3082/2845 2895/3081/2844
f 2832/3019/2784 2894/3079/2842 2831/3014/2779
f 2832/3019/2784 2898/3083/2846 2897/3084/2847
f 2898/3083/2846 2896/3082/2845 2897/3084/2847
f 2901/3085/2848 2899/3086/2849 2898/3083/2846
f 2836/3023/2788 2898/3083/2846 2835/3018/2783
f 2836/3023/2788 2902/3087/2850 2901/3085/2848
f 2901/3085/2848 2903/3088/2851 2900/3089/2852
f 2902/3087/2850 2904/3090/2853 2903/3088/2851
f 2840/3027/2792 2902/3087/2850 2839/3022/2787
f 2840/3027/2792 2906/3091/2854 2905/3092/2855
f 2906/3091/2854 2904/3090/2853 2905/3092/2855
f 2909/3093/2856 2907/3094/2857 2906/3091/2854
f 2844/3031/2796 2906/3091/2854 2843/3026/2791
f 2844/3031/2796 2910/3095/2858 2909/3093/2856
f 2910/3095/2858 2908/3096/2859 2909/3093/2856
f 2913/3097/2860 2911/3098/2861 2910/3095/2858
f 2848/3035/2800 2910/3095/2858 2847/3030/2795
f 2848/3035/2800 2914/3099/2862 2913/3097/2860
f 2914/3099/2862 2912/3100/2863 2913/3097/2860
f 2852/3101/2802 2915/3102/2864 2914/3099/2862
f 2790/3103/2740 2914/3099/2862 2851/3034/2799
f 2919/3104/2865 2917/3105/2866 2916/3106/2867
f 2918/3107/2868 2920/3108/2869 2917/3105/2866
f 2918/3107/2868 2922/3109/2870 2921/3110/2871
f 2919/3104/2865 2923/3111/2872 2918/3107/2868
f 2926/3112/2873 2923/3111/2872 2924/3113/2874
f 2925/3114/2875 2922/3109/2870 2923/3111/2872
f 2925/3114/2875 2928/3115/2876 2927/3116/2877
f 2926/3112/2873 2929/3117/2878 2925/3114/2875
f 2932/3118/2879 2929/3117/2878 2930/3119/2880
f 2931/3120/2881 2928/3115/2876 2929/3117/2878
f 2931/3120/2881 2934/3121/2882 2933/3122/2883
f 2932/3118/2879 2935/3123/2884 2931/3120/2881
f 2938/3124/2885 2935/3123/2884 2936/3125/2886
f 2937/3126/2887 2934/3121/2882 2935/3123/2884
f 2937/3126/2887 2940/3127/2888 2939/3128/2889
f 2938/3124/2885 2941/3129/2890 2937/3126/2887
f 2944/3130/2891 2941/3129/2890 2942/3131/2892
f 2943/3132/2893 2940/3127/2888 2941/3129/2890
f 2943/3132/2893 2946/3133/2894 2945/3134/2895
f 2944/3130/2891 2947/3135/2896 2943/3132/2893
f 2950/3136/2897 2947/3135/2896 2948/3137/2898
f 2949/3138/2899 2946/3133/2894 2947/3135/2896
f 2949/3138/2899 2952/3139/2900 2951/3140/2901
f 2950/3136/2897 2953/3141/2902 2949/3138/2899
f 2956/3142/2903 2953/3141/2902 2954/3143/2904
f 2955/3144/2905 2952/3139/2900 2953/3141/2902
f 2955/3144/2905 2958/3145/2906 2957/3146/2907
f 2956/3142/2903 2959/3147/2908 2955/3144/2905
f 2962/3148/2909 2959/3147/2908 2960/3149/2910
f 2961/3150/2911 2958/3145/2906 2959/3147/2908
f 2961/3150/2911 2964/3151/2912 2963/3152/2913
f 2962/3148/2909 2965/3153/2914 2961/3150/2911
f 2968/3154/2915 2965/3153/2914 2966/3155/2916
f 2967/3156/2917 2964/3151/2912 2965/3153/2914
f 2967/3156/2917 2970/3157/2918 2969/3158/2919
f 2968/3154/2915 2971/3159/2920 2967/3156/2917
f 2974/3160/2921 2971/3159/2920 2972/3161/2922
f 2973/3162/2923 2970/3157/2918 2971/3159/2920
f 2973/3162/2923 2976/3163/2924 2975/3164/2925
f 2974/3160/2921 2977/3165/2926 2973/3162/2923
f 2980/3166/2927 2977/3165/2926 2978/3167/2928
f 2979/3168/2929 2976/3163/2924 2977/3165/2926
f 2979/3168/2929 2982/3169/2930 2981/3170/2931
f 2980/3166/2927 2983/3171/2932 2979/3168/2929
f 2986/3172/2933 2983/3171/2932 2984/3173/2934
f 2985/3174/2935 2982/3169/2930 2983/3171/2932
f 2985/3174/2935 2988/3175/2936 2987/3176/2937
f 2986/3172/2933 2989/3177/2938 2985/3174/2935
f 2992/3178/2939 2989/3177/2938 2990/3179/2940
f 2991/3180/2941 2988/3175/2936 2989/3177/2938
f 2991/3180/2941 2994/3181/2942 2993/3182/2943
f 2992/3178/2939 2995/3183/2944 2991/3180/2941
f 2998/3184/2945 2995/3183/2944 2996/3185/2946
f 2997/3186/2947 2994/3181/2942 2995/3183/2944
f 2997/3186/2947 3000/3187/2948 2999/3188/2949
f 2998/3184/2945 3001/3189/2950 2997/3186/2947
f 3004/3190/2951 3001/3189/2950 3002/3191/2952
f 3003/3192/2953 3000/3187/2948 3001/3189/2950
f 3003/3192/2953 3006/3193/2954 3005/3194/2955
f 3004/3190/2951 3007/3195/2956 3003/3192/2953
f 3010/3196/2957 3007/3195/2956 3008/3197/2958
f 3009/3198/2959 3006/3193/2954 3007/3195/2956
f 3009/3198/2959 2920/3199/2869 3011/3200/2960
f 3010/3196/2957 2917/3201/2866 3009/3198/2959
f 3012/3202/2961 3014/3203/2962 3013/3204/2963
f 3013/3204/2963 3017/3205/2964 3016/3206/2965
f 3019/3207/2966 3017/3205/2964 3014/3203/2962
f 3020/3208/2967 3014/3203/2962 3015/3209/2968
f 3020/3208/2967 3021/3210/2969 3019/3207/2966
f 3019/3207/2966 3023/3211/2970 3018/3212/2971
f 3025/3213/2972 3023/3211/2970 3021/3210/2969
f 3026/3214/2973 3021/3210/2969 3022/3215/2974
f 3026/3214/2973 3027/3216/2975 3025/3213/2972
f 3025/3213/2972 3029/3217/2976 3024/3218/2977
f 3031/3219/2978 3029/3217/2976 3027/3216/2975
f 3032/3220/2979 3027/3216/2975 3028/3221/2980
f 3032/3220/2979 3033/3222/2981 3031/3219/2978
f 3031/3219/2978 3035/3223/2982 3030/3224/2983
f 3037/3225/2984 3035/3223/2982 3033/3222/2981
f 3038/3226/2985 3033/3222/2981 3034/3227/2986
f 3038/3226/2985 3039/3228/2987 3037/3225/2984
f 3037/3225/2984 3041/3229/2988 3036/3230/2989
f 3043/3231/2990 3041/3229/2988 3039/3228/2987
f 3044/3232/2991 3039/3228/2987 3040/3233/2992
f 3044/3232/2991 3045/3234/2993 3043/3231/2990
f 3043/3231/2990 3047/3235/2994 3042/3236/2995
f 3049/3237/2996 3047/3235/2994 3045/3234/2993
f 3050/3238/2997 3045/3234/2993 3046/3239/2998
f 3050/3238/2997 3051/3240/2999 3049/3237/2996
f 3049/3237/2996 3053/3241/3000 3048/3242/3001
f 3055/3243/3002 3053/3241/3000 3051/3240/2999
f 3056/3244/3003 3051/3240/2999 3052/3245/3004
f 3056/3244/3003 3057/3246/3005 3055/3243/3002
f 3055/3243/3002 3059/3247/3006 3054/3248/3007
f 3061/3249/3008 3059/3247/3006 3057/3246/3005
f 3062/3250/3009 3057/3246/3005 3058/3251/3010
f 3062/3250/3009 3063/3252/3011 3061/3249/3008
f 3061/3249/3008 3065/3253/3012 3060/3254/3013
f 3067/3255/3014 3065/3253/3012 3063/3252/3011
f 3068/3256/3015 3063/3252/3011 3064/3257/3016
f 3068/3256/3015 3069/3258/3017 3067/3255/3014
f 3067/3255/3014 3071/3259/3018 3066/3260/3019
f 3073/3261/3020 3071/3259/3018 3069/3258/3017
f 3074/3262/3021 3069/3258/3017 3070/3263/3022
f 3074/3262/3021 3075/3264/3023 3073/3261/3020
f 3073/3261/3020 3077/3265/3024 3072/3266/3025
f 3079/3267/3026 3077/3265/3024 3075/3264/3023
f 3080/3268/3027 3075/3264/3023 3076/3269/3028
f 3080/3268/3027 3081/3270/3029 3079/3267/3026
f 3079/3267/3026 3083/3271/3030 3078/3272/3031
f 3085/3273/3032 3083/3271/3030 3081/3270/3029
f 3086/3274/3033 3081/3270/3029 3082/3275/3034
f 3086/3274/3033 3087/3276/3035 3085/3273/3032
f 3085/3273/3032 3089/3277/3036 3084/3278/3037
f 3091/3279/3038 3089/3277/3036 3087/3276/3035
f 3092/3280/3039 3087/3276/3035 3088/3281/3040
f 3092/3280/3039 3093/3282/3041 3091/3279/3038
f 3091/3279/3038 3095/3283/3042 3090/3284/3043
f 3097/3285/3044 3095/3283/3042 3093/3282/3041
f 3098/3286/3045 3093/3282/3041 3094/3287/3046
f 3098/3286/3045 3099/3288/3047 3097/3285/3044
f 3097/3285/3044 3101/3289/3048 3096/3290/3049
f 3103/3291/3050 3101/3289/3048 3099/3288/3047
f 3104/3292/3051 3099/3288/3047 3100/3293/3052
f 3104/3292/3051 3105/3294/3053 3103/3291/3050
f 3103/3291/3050 3107/3295/3054 3102/3296/3055
f 3013/3297/2963 3107/3295/3054 3105/3294/3053
f 3012/3298/2961 3105/3294/3053 3106/3299/3056
f 3111/3300/3057 3109/3301/3058 3108/3302/3059
f 3110/3303/3060 132/246/99 3109/3301/3058
f 3110/3303/3060 140/253/105 135/244/97
f 3111/3300/3057 3112/3304/3061 3110/3303/3060
f 3115/3305/3062 3112/3304/3061 3113/3306/3063
f 3114/3307/3064 140/253/105 3112/3304/3061
f 3114/3307/3064 146/259/110 142/252/104
f 3115/3305/3062 3116/3308/3065 3114/3307/3064
f 3119/3309/3066 3116/3308/3065 3117/3310/3067
f 3118/3311/3068 146/259/110 3116/3308/3065
f 3118/3311/3068 152/265/115 148/258/109
f 3119/3309/3066 3120/3312/3069 3118/3311/3068
f 3123/3313/3070 3120/3312/3069 3121/3314/3071
f 3122/3315/3072 152/265/115 3120/3312/3069
f 3122/3315/3072 158/271/120 154/264/114
f 3123/3313/3070 3124/3316/3073 3122/3315/3072
f 3127/3317/3074 3124/3316/3073 3125/3318/3075
f 3126/3319/3076 158/271/120 3124/3316/3073
f 3126/3319/3076 164/277/125 160/270/119
f 3127/3317/3074 3128/3320/3077 3126/3319/3076
f 3131/3321/3078 3128/3320/3077 3129/3322/3079
f 3130/3323/3080 164/277/125 3128/3320/3077
f 3130/3323/3080 170/283/130 166/276/124
f 3131/3321/3078 3132/3324/3081 3130/3323/3080
f 3135/3325/3082 3132/3324/3081 3133/3326/3083
f 3134/3327/3084 170/283/130 3132/3324/3081
f 3134/3327/3084 176/289/135 172/282/129
f 3135/3325/3082 3136/3328/3085 3134/3327/3084
f 3139/3329/3086 3136/3328/3085 3137/3330/3087
f 3138/3331/3088 176/289/135 3136/3328/3085
f 3138/3331/3088 182/295/140 178/288/134
f 3139/3329/3086 3140/3332/3089 3138/3331/3088
f 3143/3333/3090 3140/3332/3089 3141/3334/3091
f 3142/3335/3092 182/295/140 3140/3332/3089
f 3142/3335/3092 188/301/145 184/294/139
f 3143/3333/3090 3144/3336/3093 3142/3335/3092
f 3147/3337/3094 3144/3336/3093 3145/3338/3095
f 3146/3339/3096 188/301/145 3144/3336/3093
f 3146/3339/3096 194/307/150 190/300/144
f 3147/3337/3094 3148/3340/3097 3146/3339/3096
f 3151/3341/3098 3148/3340/3097 3149/3342/3099
f 3150/3343/3100 194/307/150 3148/3340/3097
f 3150/3343/3100 200/313/155 196/306/149
f 3151/3341/3098 3152/3344/3101 3150/3343/3100
f 3155/3345/3102 3152/3344/3101 3153/3346/3103
f 3154/3347/3104 200/313/155 3152/3344/3101
f 3154/3347/3104 206/319/160 202/312/154
f 3155/3345/3102 3156/3348/3105 3154/3347/3104
f 3159/3349/3106 3156/3348/3105 3157/3350/3107
f 3158/3351/3108 206/319/160 3156/3348/3105
f 3158/3351/3108 212/325/165 208/318/159
f 3159/3349/3106 3160/3352/3109 3158/3351/3108
f 3163/3353/3110 3160/3352/3109 3161/3354/3111
f 3162/3355/3112 212/325/165 3160/3352/3109
f 3162/3355/3112 218/331/170 214/324/164
f 3163/3353/3110 3164/3356/3113 3162/3355/3112
f 3167/3357/3114 3164/3356/3113 3165/3358/3115
f 3166/3359/3116 218/331/170 3164/3356/3113
f 3166/3359/3116 224/337/175 220/330/169
f 3167/3357/3114 3168/3360/3117 3166/3359/3116
f 3171/3361/3118 3168/3360/3117 3169/3362/3119
f 3170/3363/3120 224/337/175 3168/3360/3117
f 3170/3363/3120 132/3364/99 226/336/174
f 3171/3361/3118 3109/3365/3058 3170/3363/3120
f 3175/3366/3121 3173/3367/3122 3172/3368/3123
f 3174/3369/3124 3108/3302/3059 3173/3367/3122
f 3174/3369/3124 3113/3306/3063 3111/3300/3057
f 3175/3366/3121 3176/3370/3125 3174/3369/3124
f 3179/3371/3126 3176/3370/3125 3177/3372/3127
f 3178/3373/3128 3113/3306/3063 3176/3370/3125
f 3178/3373/3128 3117/3310/3067 3115/3305/3062
f 3179/3371/3126 3180/3374/3129 3178/3373/3128
f 3183/3375/3130 3180/3374/3129 3181/3376/3131
f 3182/3377/3132 3117/3310/3067 3180/3374/3129
f 3182/3377/3132 3121/3314/3071 3119/3309/3066
f 3183/3375/3130 3184/3378/3133 3182/3377/3132
f 3187/3379/3134 3184/3378/3133 3185/3380/3135
f 3186/3381/3136 3121/3314/3071 3184/3378/3133
f 3186/3381/3136 3125/3318/3075 3123/3313/3070
f 3187/3379/3134 3188/3382/3137 3186/3381/3136
f 3191/3383/3138 3188/3382/3137 3189/3384/3139
f 3190/3385/3140 3125/3318/3075 3188/3382/3137
f 3190/3385/3140 3129/3322/3079 3127/3317/3074
f 3191/3383/3138 3192/3386/3141 3190/3385/3140
f 3195/3387/3142 3192/3386/3141 3193/3388/3143
f 3194/3389/3144 3129/3322/3079 3192/3386/3141
f 3194/3389/3144 3133/3326/3083 3131/3321/3078
f 3195/3387/3142 3196/3390/3145 3194/3389/3144
f 3199/3391/3146 3196/3390/3145 3197/3392/3147
f 3198/3393/3148 3133/3326/3083 3196/3390/3145
f 3198/3393/3148 3137/3330/3087 3135/3325/3082
f 3199/3391/3146 3200/3394/3149 3198/3393/3148
f 3203/3395/3150 3200/3394/3149 3201/3396/3151
f 3202/3397/3152 3137/3330/3087 3200/3394/3149
f 3202/3397/3152 3141/3334/3091 3139/3329/3086
f 3203/3395/3150 3204/3398/3153 3202/3397/3152
f 3207/3399/3154 3204/3398/3153 3205/3400/3155
f 3206/3401/3156 3141/3334/3091 3204/3398/3153
f 3206/3401/3156 3145/3338/3095 3143/3333/3090
f 3207/3399/3154 3208/3402/3157 3206/3401/3156
f 3211/3403/3158 3208/3402/3157 3209/3404/3159
f 3210/3405/3160 3145/3338/3095 3208/3402/3157
f 3210/3405/3160 3149/3342/3099 3147/3337/3094
f 3211/3403/3158 3212/3406/3161 3210/3405/3160
f 3215/3407/3162 3212/3406/3161 3213/3408/3163
f 3214/3409/3164 3149/3342/3099 3212/3406/3161
f 3214/3409/3164 3153/3346/3103 3151/3341/3098
f 3215/3407/3162 3216/3410/3165 3214/3409/3164
f 3219/3411/3166 3216/3410/3165 3217/3412/3167
f 3218/3413/3168 3153/3346/3103 3216/3410/3165
f 3218/3413/3168 3157/3350/3107 3155/3345/3102
f 3219/3411/3166 3220/3414/3169 3218/3413/3168
f 3223/3415/3170 3220/3414/3169 3221/3416/3171
f 3222/3417/3172 3157/3350/3107 3220/3414/3169
f 3222/3417/3172 3161/3354/3111 3159/3349/3106
f 3223/3415/3170 3224/3418/3173 3222/3417/3172
f 3227/3419/3174 3224/3418/3173 3225/3420/3175
f 3226/3421/3176 3161/3354/3111 3224/3418/3173
f 3226/3421/3176 3165/3358/3115 3163/3353/3110
f 3227/3419/3174 3228/3422/3177 3226/3421/3176
f 3231/3423/3178 3228/3422/3177 3229/3424/3179
f 3230/3425/3180 3165/3358/3115 3228/3422/3177
f 3230/3425/3180 3169/3362/3119 3167/3357/3114
f 3231/3423/3178 3232/3426/3181 3230/3425/3180
f 3235/3427/3182 3232/3426/3181 3233/3428/3183
f 3234/3429/3184 3169/3362/3119 3232/3426/3181
f 3234/3429/3184 3108/3430/3059 3171/3361/3118
f 3235/3427/3182 3173/3431/3122 3234/3429/3184
f 3236/3432/3185 3238/3433/3186 3237/3434/3187
f 3237/3434/3187 3015/3209/2968 3012/3202/2961
f 3240/3435/3188 3015/3209/2968 3238/3433/3186
f 3241/3436/3189 3238/3433/3186 3239/3437/3190
f 3241/3436/3189 3242/3438/3191 3240/3435/3188
f 3240/3435/3188 3022/3215/2974 3020/3208/2967
f 3244/3439/3192 3022/3215/2974 3242/3438/3191
f 3245/3440/3193 3242/3438/3191 3243/3441/3194
f 3245/3440/3193 3246/3442/3195 3244/3439/3192
f 3244/3439/3192 3028/3221/2980 3026/3214/2973
f 3248/3443/3196 3028/3221/2980 3246/3442/3195
f 3249/3444/3197 3246/3442/3195 3247/3445/3198
f 3249/3444/3197 3250/3446/3199 3248/3443/3196
f 3248/3443/3196 3034/3227/2986 3032/3220/2979
f 3252/3447/3200 3034/3227/2986 3250/3446/3199
f 3253/3448/3201 3250/3446/3199 3251/3449/3202
f 3253/3448/3201 3254/3450/3203 3252/3447/3200
f 3252/3447/3200 3040/3233/2992 3038/3226/2985
f 3256/3451/3204 3040/3233/2992 3254/3450/3203
f 3257/3452/3205 3254/3450/3203 3255/3453/3206
f 3257/3452/3205 3258/3454/3207 3256/3451/3204
f 3256/3451/3204 3046/3239/2998 3044/3232/2991
f 3260/3455/3208 3046/3239/2998 3258/3454/3207
f 3261/3456/3209 3258/3454/3207 3259/3457/3210
f 3261/3456/3209 3262/3458/3211 3260/3455/3208
f 3260/3455/3208 3052/3245/3004 3050/3238/2997
f 3264/3459/3212 3052/3245/3004 3262/3458/3211
f 3265/3460/3213 3262/3458/3211 3263/3461/3214
f 3265/3460/3213 3266/3462/3215 3264/3459/3212
f 3264/3459/3212 3058/3251/3010 3056/3244/3003
f 3268/3463/3216 3058/3251/3010 3266/3462/3215
f 3269/3464/3217 3266/3462/3215 3267/3465/3218
f 3269/3464/3217 3270/3466/3219 3268/3463/3216
f 3268/3463/3216 3064/3257/3016 3062/3250/3009
f 3272/3467/3220 3064/3257/3016 3270/3466/3219
f 3273/3468/3221 3270/3466/3219 3271/3469/3222
f 3273/3468/3221 3274/3470/3223 3272/3467/3220
f 3272/3467/3220 3070/3263/3022 3068/3256/3015
f 3276/3471/3224 3070/3263/3022 3274/3470/3223
f 3277/3472/3225 3274/3470/3223 3275/3473/3226
f 3277/3472/3225 3278/3474/3227 3276/3471/3224
f 3276/3471/3224 3076/3269/3028 3074/3262/3021
f 3280/3475/3228 3076/3269/3028 3278/3474/3227
f 3281/3476/3229 3278/3474/3227 3279/3477/3230
f 3281/3476/3229 3282/3478/3231 3280/3475/3228
f 3280/3475/3228 3082/3275/3034 3080/3268/3027
f 3284/3479/3232 3082/3275/3034 3282/3478/3231
f 3285/3480/3233 3282/3478/3231 3283/3481/3234
f 3285/3480/3233 3286/3482/3235 3284/3479/3232
f 3284/3479/3232 3088/3281/3040 3086/3274/3033
f 3288/3483/3236 3088/3281/3040 3286/3482/3235
f 3289/3484/3237 3286/3482/3235 3287/3485/3238
f 3289/3484/3237 3290/3486/3239 3288/3483/3236
f 3288/3483/3236 3094/3287/3046 3092/3280/3039
f 3292/3487/3240 3094/3287/3046 3290/3486/3239
f 3293/3488/3241 3290/3486/3239 3291/3489/3242
f 3293/3488/3241 3294/3490/3243 3292/3487/3240
f 3292/3487/3240 3100/3293/3052 3098/3286/3045
f 3296/3491/3244 3100/3293/3052 3294/3490/3243
f 3297/3492/3245 3294/3490/3243 3295/3493/3246
f 3297/3492/3245 3298/3494/3247 3296/3491/3244
f 3296/3491/3244 3106/3299/3056 3104/3292/3051
f 3237/3495/3187 3106/3299/3056 3298/3494/3247
f 3236/3496/3185 3298/3494/3247 3299/3497/3248
f 2920/3108/2869 3301/3498/3249 3300/3499/3250
f 3300/3499/3250 3239/3437/3190 3236/3432/3185
f 3302/3500/3251 3239/3437/3190 3301/3498/3249
f 2922/3109/2870 3301/3498/3249 2921/3110/2871
f 2922/3109/2870 3303/3501/3252 3302/3500/3251
f 3302/3500/3251 3243/3441/3194 3241/3436/3189
f 3304/3502/3253 3243/3441/3194 3303/3501/3252
f 2928/3115/2876 3303/3501/3252 2927/3116/2877
f 2928/3115/2876 3305/3503/3254 3304/3502/3253
f 3304/3502/3253 3247/3445/3198 3245/3440/3193
f 3306/3504/3255 3247/3445/3198 3305/3503/3254
f 2934/3121/2882 3305/3503/3254 2933/3122/2883
f 2934/3121/2882 3307/3505/3256 3306/3504/3255
f 3306/3504/3255 3251/3449/3202 3249/3444/3197
f 3308/3506/3257 3251/3449/3202 3307/3505/3256
f 2940/3127/2888 3307/3505/3256 2939/3128/2889
f 2940/3127/2888 3309/3507/3258 3308/3506/3257
f 3308/3506/3257 3255/3453/3206 3253/3448/3201
f 3310/3508/3259 3255/3453/3206 3309/3507/3258
f 2946/3133/2894 3309/3507/3258 2945/3134/2895
f 2946/3133/2894 3311/3509/3260 3310/3508/3259
f 3310/3508/3259 3259/3457/3210 3257/3452/3205
f 3312/3510/3261 3259/3457/3210 3311/3509/3260
f 2952/3139/2900 3311/3509/3260 2951/3140/2901
f 2952/3139/2900 3313/3511/3262 3312/3510/3261
f 3312/3510/3261 3263/3461/3214 3261/3456/3209
f 3314/3512/3263 3263/3461/3214 3313/3511/3262
f 2958/3145/2906 3313/3511/3262 2957/3146/2907
f 2958/3145/2906 3315/3513/3264 3314/3512/3263
f 3314/3512/3263 3267/3465/3218 3265/3460/3213
f 3316/3514/3265 3267/3465/3218 3315/3513/3264
f 2964/3151/2912 3315/3513/3264 2963/3152/2913
f 2964/3151/2912 3317/3515/3266 3316/3514/3265
f 3316/3514/3265 3271/3469/3222 3269/3464/3217
f 3318/3516/3267 3271/3469/3222 3317/3515/3266
f 2970/3157/2918 3317/3515/3266 2969/3158/2919
f 2970/3157/2918 3319/3517/3268 3318/3516/3267
f 3318/3516/3267 3275/3473/3226 3273/3468/3221
f 3320/3518/3269 3275/3473/3226 3319/3517/3268
f 2976/3163/2924 3319/3517/3268 2975/3164/2925
f 2976/3163/2924 3321/3519/3270 3320/3518/3269
f 3320/3518/3269 3279/3477/3230 3277/3472/3225
f 3322/3520/3271 3279/3477/3230 3321/3519/3270
f 2982/3169/2930 3321/3519/3270 2981/3170/2931
f 2982/3169/2930 3323/3521/3272 3322/3520/3271
f 3322/3520/3271 3283/3481/3234 3281/3476/3229
f 3324/3522/3273 3283/3481/3234 3323/3521/3272
f 2988/3175/2936 3323/3521/3272 2987/3176/2937
f 2988/3175/2936 3325/3523/3274 3324/3522/3273
f 3324/3522/3273 3287/3485/3238 3285/3480/3233
f 3326/3524/3275 3287/3485/3238 3325/3523/3274
f 2994/3181/2942 3325/3523/3274 2993/3182/2943
f 2994/3181/2942 3327/3525/3276 3326/3524/3275
f 3326/3524/3275 3291/3489/3242 3289/3484/3237
f 3328/3526/3277 3291/3489/3242 3327/3525/3276
f 3000/3187/2948 3327/3525/3276 2999/3188/2949
f 3000/3187/2948 3329/3527/3278 3328/3526/3277
f 3328/3526/3277 3295/3493/3246 3293/3488/3241
f 3330/3528/3279 3295/3493/3246 3329/3527/3278
f 3006/3193/2954 3329/3527/3278 3005/3194/2955
f 3006/3193/2954 3331/3529/3280 3330/3528/3279
f 3330/3528/3279 3299/3497/3248 3297/3492/3245
f 3300/3530/3250 3299/3497/3248 3331/3529/3280
f 2920/3199/2869 3331/3529/3280 3011/3200/2960
f 2855/3040/2803 3332/3531/3281 2854/3041/2804
f 3333/3532/3282 2916/3106/2867 3332/3531/3281
f 3333/3532/3282 2924/3113/2874 2919/3104/2865
f 2855/3040/2803 3334/3533/3283 3333/3532/3282
f 2859/3046/2809 3334/3533/3283 2856/3044/2807
f 3335/3534/3284 2924/3113/2874 3334/3533/3283
f 3335/3534/3284 2930/3119/2880 2926/3112/2873
f 2859/3046/2809 3336/3535/3285 3335/3534/3284
f 2863/3050/2813 3336/3535/3285 2860/3045/2808
f 3337/3536/3286 2930/3119/2880 3336/3535/3285
f 3337/3536/3286 2936/3125/2886 2932/3118/2879
f 2863/3050/2813 3338/3537/3287 3337/3536/3286
f 2867/3054/2817 3338/3537/3287 2864/3052/2815
f 3339/3538/3288 2936/3125/2886 3338/3537/3287
f 3339/3538/3288 2942/3131/2892 2938/3124/2885
f 2867/3054/2817 3340/3539/3289 3339/3538/3288
f 2871/3056/2819 3340/3539/3289 2868/3057/2820
f 3341/3540/3290 2942/3131/2892 3340/3539/3289
f 3341/3540/3290 2948/3137/2898 2944/3130/2891
f 2871/3056/2819 3342/3541/3291 3341/3540/3290
f 2875/3062/2825 3342/3541/3291 2872/3060/2823
f 3343/3542/3292 2948/3137/2898 3342/3541/3291
f 3343/3542/3292 2954/3143/2904 2950/3136/2897
f 2875/3062/2825 3344/3543/3293 3343/3542/3292
f 2879/3066/2829 3344/3543/3293 2876/3061/2824
f 3345/3544/3294 2954/3143/2904 3344/3543/3293
f 3345/3544/3294 2960/3149/2910 2956/3142/2903
f 2879/3066/2829 3346/3545/3295 3345/3544/3294
f 2883/3069/2832 3346/3545/3295 2880/3065/2828
f 3347/3546/3296 2960/3149/2910 3346/3545/3295
f 3347/3546/3296 2966/3155/2916 2962/3148/2909
f 2883/3069/2832 3348/3547/3297 3347/3546/3296
f 2887/3072/2835 3348/3547/3297 2884/3073/2836
f 3349/3548/3298 2966/3155/2916 3348/3547/3297
f 3349/3548/3298 2972/3161/2922 2968/3154/2915
f 2887/3072/2835 3350/3549/3299 3349/3548/3298
f 2891/3077/2840 3350/3549/3299 2888/3074/2837
f 3351/3550/3300 2972/3161/2922 3350/3549/3299
f 3351/3550/3300 2978/3167/2928 2974/3160/2921
f 2891/3077/2840 3352/3551/3301 3351/3550/3300
f 2895/3081/2844 3352/3551/3301 2892/3078/2841
f 3353/3552/3302 2978/3167/2928 3352/3551/3301
f 3353/3552/3302 2984/3173/2934 2980/3166/2927
f 2895/3081/2844 3354/3553/3303 3353/3552/3302
f 2899/3086/2849 3354/3553/3303 2896/3082/2845
f 3355/3554/3304 2984/3173/2934 3354/3553/3303
f 3355/3554/3304 2990/3179/2940 2986/3172/2933
f 2899/3086/2849 3356/3555/3305 3355/3554/3304
f 2903/3088/2851 3356/3555/3305 2900/3089/2852
f 3357/3556/3306 2990/3179/2940 3356/3555/3305
f 3357/3556/3306 2996/3185/2946 2992/3178/2939
f 2903/3088/2851 3358/3557/3307 3357/3556/3306
f 2907/3094/2857 3358/3557/3307 2904/3090/2853
f 3359/3558/3308 2996/3185/2946 3358/3557/3307
f 3359/3558/3308 3002/3191/2952 2998/3184/2945
f 2907/3094/2857 3360/3559/3309 3359/3558/3308
f 2911/3098/2861 3360/3559/3309 2908/3096/2859
f 3361/3560/3310 3002/3191/2952 3360/3559/3309
f 3361/3560/3310 3008/3197/2958 3004/3190/2951
f 2911/3098/2861 3362/3561/3311 3361/3560/3310
f 2915/3102/2864 3362/3561/3311 2912/3100/2863
f 3363/3562/3312 3008/3197/2958 3362/3561/3311
f 3363/3562/3312 2916/3563/2867 3010/3196/2957
f 2915/3102/2864 3332/3564/3281 3363/3562/3312
f 2439/2616/2389 3364/3565/3313 2438/2614/2387
f 3364/3565/3313 2503/2683/2455 2500/2677/2449
f 3365/3566/3314 2508/2685/2457 2503/2683/2455
f 2440/2618/2391 3365/3566/3314 2439/2616/2389
f 2443/2620/2393 3366/3567/3315 2440/2618/2391
f 3366/3567/3315 2510/2689/2461 2508/2685/2457
f 3367/3568/3316 2514/2691/2463 2510/2689/2461
f 2444/2622/2395 3367/3568/3316 2443/2620/2393
f 2447/2624/2397 3368/3569/3317 2444/2622/2395
f 3368/3569/3317 2516/2695/2467 2514/2691/2463
f 3369/3570/3318 2520/2697/2469 2516/2695/2467
f 2448/2626/2399 3369/3570/3318 2447/2624/2397
f 2451/2628/2401 3370/3571/3319 2448/2626/2399
f 3370/3571/3319 2522/2701/2473 2520/2697/2469
f 3371/3572/3320 2526/2703/2475 2522/2701/2473
f 2452/2630/2403 3371/3572/3320 2451/2628/2401
f 2455/2632/2405 3372/3573/3321 2452/2630/2403
f 3372/3573/3321 2528/2707/2479 2526/2703/2475
f 3373/3574/3322 2532/2709/2481 2528/2707/2479
f 2456/2634/2407 3373/3574/3322 2455/2632/2405
f 2459/2636/2409 3374/3575/3323 2456/2634/2407
f 3374/3575/3323 2534/2713/2485 2532/2709/2481
f 3375/3576/3324 2538/2715/2487 2534/2713/2485
f 2460/2638/2411 3375/3576/3324 2459/2636/2409
f 2463/2640/2413 3376/3577/3325 2460/2638/2411
f 3376/3577/3325 2540/2719/2491 2538/2715/2487
f 3377/3578/3326 2544/2721/2493 2540/2719/2491
f 2464/2642/2415 3377/3578/3326 2463/2640/2413
f 2467/2644/2417 3378/3579/3327 2464/2642/2415
f 3378/3579/3327 2546/2725/2497 2544/2721/2493
f 3379/3580/3328 2550/2727/2499 2546/2725/2497
f 2468/2646/2419 3379/3580/3328 2467/2644/2417
f 2471/2648/2421 3380/3581/3329 2468/2646/2419
f 3380/3581/3329 2552/2731/2503 2550/2727/2499
f 3381/3582/3330 2556/2733/2505 2552/2731/2503
f 2472/2650/2423 3381/3582/3330 2471/2648/2421
f 2475/2652/2425 3382/3583/3331 2472/2650/2423
f 3382/3583/3331 2558/2737/2509 2556/2733/2505
f 3383/3584/3332 2562/2739/2511 2558/2737/2509
f 2476/2654/2427 3383/3584/3332 2475/2652/2425
f 2479/2656/2429 3384/3585/3333 2476/2654/2427
f 3384/3585/3333 2564/2743/2515 2562/2739/2511
f 3385/3586/3334 2568/2745/2517 2564/2743/2515
f 2480/2658/2431 3385/3586/3334 2479/2656/2429
f 2483/2660/2433 3386/3587/3335 2480/2658/2431
f 3386/3587/3335 2570/2749/2521 2568/2745/2517
f 3387/3588/3336 2574/2751/2523 2570/2749/2521
f 2484/2662/2435 3387/3588/3336 2483/2660/2433
f 2487/2664/2437 3388/3589/3337 2484/2662/2435
f 3388/3589/3337 2576/2755/2527 2574/2751/2523
f 3389/3590/3338 2580/2757/2529 2576/2755/2527
f 2488/2666/2439 3389/3590/3338 2487/2664/2437
f 2491/2668/2441 3390/3591/3339 2488/2666/2439
f 3390/3591/3339 2582/2761/2533 2580/2757/2529
f 3391/3592/3340 2586/2763/2535 2582/2761/2533
f 2492/2670/2443 3391/3592/3340 2491/2668/2441
f 2495/2672/2445 3392/3593/3341 2492/2670/2443
f 3392/3593/3341 2588/2767/2539 2586/2763/2535
f 3393/3594/3342 2592/2769/2541 2588/2767/2539
f 2496/2674/2447 3393/3594/3342 2495/2672/2445
f 2499/2676/2448 3394/3595/3343 2496/2674/2447
f 3394/3595/3343 2594/2773/2544 2592/2769/2541
f 3395/3596/3344 2500/3597/2449 2594/2773/2544
f 2438/3598/2387 3395/3596/3344 2499/2676/2448
f 1990/2155/1940 3397/3599/3345 3396/3600/3346
f 3396/3600/3346 2055/2225/2008 2052/2218/2001
f 3398/3601/3347 2055/2225/2008 3397/3599/3345
f 1992/2159/1944 3397/3599/3345 1991/2154/1939
f 1992/2159/1944 3399/3602/3348 3398/3601/3347
f 3398/3601/3347 2062/2231/2014 2060/2224/2007
f 3400/3603/3349 2062/2231/2014 3399/3602/3348
f 1996/2163/1948 3399/3602/3348 1995/2158/1943
f 1996/2163/1948 3401/3604/3350 3400/3603/3349
f 3400/3603/3349 2068/2237/2020 2066/2230/2013
f 3402/3605/3351 2068/2237/2020 3401/3604/3350
f 2000/2167/1952 3401/3604/3350 1999/2162/1947
f 2000/2167/1952 3403/3606/3352 3402/3605/3351
f 3402/3605/3351 2074/2243/2026 2072/2236/2019
f 3404/3607/3353 2074/2243/2026 3403/3606/3352
f 2004/2171/1956 3403/3606/3352 2003/2166/1951
f 2004/2171/1956 3405/3608/3354 3404/3607/3353
f 3404/3607/3353 2080/2249/2032 2078/2242/2025
f 3406/3609/3355 2080/2249/2032 3405/3608/3354
f 2008/2175/1960 3405/3608/3354 2007/2170/1955
f 2008/2175/1960 3407/3610/3356 3406/3609/3355
f 3406/3609/3355 2086/2255/2038 2084/2248/2031
f 3408/3611/3357 2086/2255/2038 3407/3610/3356
f 2012/2179/1964 3407/3610/3356 2011/2174/1959
f 2012/2179/1964 3409/3612/3358 3408/3611/3357
f 3408/3611/3357 2092/2261/2044 2090/2254/2037
f 3410/3613/3359 2092/2261/2044 3409/3612/3358
f 2016/2183/1968 3409/3612/3358 2015/2178/1963
f 2016/2183/1968 3411/3614/3360 3410/3613/3359
f 3410/3613/3359 2098/2267/2050 2096/2260/2043
f 3412/3615/3361 2098/2267/2050 3411/3614/3360
f 2020/2187/1972 3411/3614/3360 2019/2182/1967
f 2020/2187/1972 3413/3616/3362 3412/3615/3361
f 3412/3615/3361 2104/2273/2056 2102/2266/2049
f 3414/3617/3363 2104/2273/2056 3413/3616/3362
f 2024/2191/1976 3413/3616/3362 2023/2186/1971
f 2024/2191/1976 3415/3618/3364 3414/3617/3363
f 3414/3617/3363 2110/2279/2062 2108/2272/2055
f 3416/3619/3365 2110/2279/2062 3415/3618/3364
f 2028/2195/1980 3415/3618/3364 2027/2190/1975
f 2028/2195/1980 3417/3620/3366 3416/3619/3365
f 3416/3619/3365 2116/2285/2068 2114/2278/2061
f 3418/3621/3367 2116/2285/2068 3417/3620/3366
f 2032/2199/1984 3417/3620/3366 2031/2194/1979
f 2032/2199/1984 3419/3622/3368 3418/3621/3367
f 3418/3621/3367 2122/2291/2074 2120/2284/2067
f 3420/3623/3369 2122/2291/2074 3419/3622/3368
f 2036/2203/1988 3419/3622/3368 2035/2198/1983
f 2036/2203/1988 3421/3624/3370 3420/3623/3369
f 3420/3623/3369 2128/2297/2080 2126/2290/2073
f 3422/3625/3371 2128/2297/2080 3421/3624/3370
f 2040/2207/1992 3421/3624/3370 2039/2202/1987
f 2040/2207/1992 3423/3626/3372 3422/3625/3371
f 3422/3625/3371 2134/2303/2086 2132/2296/2079
f 3424/3627/3373 2134/2303/2086 3423/3626/3372
f 2044/2211/1996 3423/3626/3372 2043/2206/1991
f 2044/2211/1996 3425/3628/3374 3424/3627/3373
f 3424/3627/3373 2140/2309/2092 2138/2302/2085
f 3426/3629/3375 2140/2309/2092 3425/3628/3374
f 2048/2215/2000 3425/3628/3374 2047/2210/1995
f 2048/2215/2000 3427/3630/3376 3426/3629/3375
f 3426/3629/3375 2146/2315/2096 2144/2308/2091
f 3396/3631/3346 2146/2315/2096 3427/3630/3376
f 1990/3632/1940 3427/3630/3376 2051/2214/1999
f 2278/2451/2228 3429/3633/3377 3428/3634/3378
f 3428/3634/3378 2343/2520/2295 2340/2514/2289
f 3429/3633/3377 2348/2522/2297 2343/2520/2295
f 2279/2450/2227 3430/3635/3379 3429/3633/3377
f 2280/2452/2229 3431/3636/3380 3430/3635/3379
f 3430/3635/3379 2350/2526/2301 2348/2522/2297
f 3431/3636/3380 2354/2528/2303 2350/2526/2301
f 2283/2455/2232 3432/3637/3381 3431/3636/3380
f 2284/2456/2233 3433/3638/3382 3432/3637/3381
f 3432/3637/3381 2356/2532/2307 2354/2528/2303
f 3433/3638/3382 2360/2534/2309 2356/2532/2307
f 2287/2459/2236 3434/3639/3383 3433/3638/3382
f 2288/2460/2237 3435/3640/3384 3434/3639/3383
f 3434/3639/3383 2362/2538/2313 2360/2534/2309
f 3435/3640/3384 2366/2540/2315 2362/2538/2313
f 2291/2463/2240 3436/3641/3385 3435/3640/3384
f 2292/2464/2241 3437/3642/3386 3436/3641/3385
f 3436/3641/3385 2368/2544/2319 2366/2540/2315
f 3437/3642/3386 2372/2546/2321 2368/2544/2319
f 2295/2467/2244 3438/3643/3387 3437/3642/3386
f 2296/2468/2245 3439/3644/3388 3438/3643/3387
f 3438/3643/3387 2374/2550/2325 2372/2546/2321
f 3439/3644/3388 2378/2552/2327 2374/2550/2325
f 2299/2471/2248 3440/3645/3389 3439/3644/3388
f 2300/2472/2249 3441/3646/3390 3440/3645/3389
f 3440/3645/3389 2380/2556/2331 2378/2552/2327
f 3441/3646/3390 2384/2558/2333 2380/2556/2331
f 2303/2475/2252 3442/3647/3391 3441/3646/3390
f 2304/2476/2253 3443/3648/3392 3442/3647/3391
f 3442/3647/3391 2386/2562/2337 2384/2558/2333
f 3443/3648/3392 2390/2564/2339 2386/2562/2337
f 2307/2479/2256 3444/3649/3393 3443/3648/3392
f 2308/2480/2257 3445/3650/3394 3444/3649/3393
f 3444/3649/3393 2392/2568/2343 2390/2564/2339
f 3445/3650/3394 2396/2570/2345 2392/2568/2343
f 2311/2483/2260 3446/3651/3395 3445/3650/3394
f 2312/2484/2261 3447/3652/3396 3446/3651/3395
f 3446/3651/3395 2398/2574/2349 2396/2570/2345
f 3447/3652/3396 2402/2576/2351 2398/2574/2349
f 2315/2487/2264 3448/3653/3397 3447/3652/3396
f 2316/2488/2265 3449/3654/3398 3448/3653/3397
f 3448/3653/3397 2404/2580/2355 2402/2576/2351
f 3449/3654/3398 2408/2582/2357 2404/2580/2355
f 2319/2491/2268 3450/3655/3399 3449/3654/3398
f 2320/2492/2269 3451/3656/3400 3450/3655/3399
f 3450/3655/3399 2410/2586/2361 2408/2582/2357
f 3451/3656/3400 2414/2588/2363 2410/2586/2361
f 2323/2495/2272 3452/3657/3401 3451/3656/3400
f 2324/2496/2273 3453/3658/3402 3452/3657/3401
f 3452/3657/3401 2416/2592/2367 2414/2588/2363
f 3453/3658/3402 2420/2594/2369 2416/2592/2367
f 2327/2499/2276 3454/3659/3403 3453/3658/3402
f 2328/2500/2277 3455/3660/3404 3454/3659/3403
f 3454/3659/3403 2422/2598/2373 2420/2594/2369
f 3455/3660/3404 2426/2600/2375 2422/2598/2373
f 2331/2503/2280 3456/3661/3405 3455/3660/3404
f 2332/2504/2281 3457/3662/3406 3456/3661/3405
f 3456/3661/3405 2428/2604/2379 2426/2600/2375
f 3457/3662/3406 2432/2606/2381 2428/2604/2379
f 2335/2507/2284 3458/3663/3407 3457/3662/3406
f 2336/2508/2285 3459/3664/3408 3458/3663/3407
f 3458/3663/3407 2434/2610/2384 2432/2606/2381
f 3459/3664/3408 2340/3665/2289 2434/2610/2384
f 2339/2511/2288 3428/3666/3378 3459/3664/3408
f 3016/3206/2965 3461/3667/3409 3460/3668/3410
f 3460/3668/3410 3175/3366/3121 3172/3368/3123
f 3462/3669/3411 3175/3366/3121 3461/3667/3409
f 3018/3212/2971 3461/3667/3409 3017/3205/2964
f 3018/3212/2971 3463/3670/3412 3462/3669/3411
f 3462/3669/3411 3179/3371/3126 3177/3372/3127
f 3464/3671/3413 3179/3371/3126 3463/3670/3412
f 3024/3218/2977 3463/3670/3412 3023/3211/2970
f 3024/3218/2977 3465/3672/3414 3464/3671/3413
f 3464/3671/3413 3183/3375/3130 3181/3376/3131
f 3466/3673/3415 3183/3375/3130 3465/3672/3414
f 3030/3224/2983 3465/3672/3414 3029/3217/2976
f 3030/3224/2983 3467/3674/3416 3466/3673/3415
f 3466/3673/3415 3187/3379/3134 3185/3380/3135
f 3468/3675/3417 3187/3379/3134 3467/3674/3416
f 3036/3230/2989 3467/3674/3416 3035/3223/2982
f 3036/3230/2989 3469/3676/3418 3468/3675/3417
f 3468/3675/3417 3191/3383/3138 3189/3384/3139
f 3470/3677/3419 3191/3383/3138 3469/3676/3418
f 3042/3236/2995 3469/3676/3418 3041/3229/2988
f 3042/3236/2995 3471/3678/3420 3470/3677/3419
f 3470/3677/3419 3195/3387/3142 3193/3388/3143
f 3472/3679/3421 3195/3387/3142 3471/3678/3420
f 3048/3242/3001 3471/3678/3420 3047/3235/2994
f 3048/3242/3001 3473/3680/3422 3472/3679/3421
f 3472/3679/3421 3199/3391/3146 3197/3392/3147
f 3474/3681/3423 3199/3391/3146 3473/3680/3422
f 3054/3248/3007 3473/3680/3422 3053/3241/3000
f 3054/3248/3007 3475/3682/3424 3474/3681/3423
f 3474/3681/3423 3203/3395/3150 3201/3396/3151
f 3476/3683/3425 3203/3395/3150 3475/3682/3424
f 3060/3254/3013 3475/3682/3424 3059/3247/3006
f 3060/3254/3013 3477/3684/3426 3476/3683/3425
f 3476/3683/3425 3207/3399/3154 3205/3400/3155
f 3478/3685/3427 3207/3399/3154 3477/3684/3426
f 3066/3260/3019 3477/3684/3426 3065/3253/3012
f 3066/3260/3019 3479/3686/3428 3478/3685/3427
f 3478/3685/3427 3211/3403/3158 3209/3404/3159
f 3480/3687/3429 3211/3403/3158 3479/3686/3428
f 3072/3266/3025 3479/3686/3428 3071/3259/3018
f 3072/3266/3025 3481/3688/3430 3480/3687/3429
f 3480/3687/3429 3215/3407/3162 3213/3408/3163
f 3482/3689/3431 3215/3407/3162 3481/3688/3430
f 3078/3272/3031 3481/3688/3430 3077/3265/3024
f 3078/3272/3031 3483/3690/3432 3482/3689/3431
f 3482/3689/3431 3219/3411/3166 3217/3412/3167
f 3484/3691/3433 3219/3411/3166 3483/3690/3432
f 3084/3278/3037 3483/3690/3432 3083/3271/3030
f 3084/3278/3037 3485/3692/3434 3484/3691/3433
f 3484/3691/3433 3223/3415/3170 3221/3416/3171
f 3486/3693/3435 3223/3415/3170 3485/3692/3434
f 3090/3284/3043 3485/3692/3434 3089/3277/3036
f 3090/3284/3043 3487/3694/3436 3486/3693/3435
f 3486/3693/3435 3227/3419/3174 3225/3420/3175
f 3488/3695/3437 3227/3419/3174 3487/3694/3436
f 3096/3290/3049 3487/3694/3436 3095/3283/3042
f 3096/3290/3049 3489/3696/3438 3488/3695/3437
f 3488/3695/3437 3231/3423/3178 3229/3424/3179
f 3490/3697/3439 3231/3423/3178 3489/3696/3438
f 3102/3296/3055 3489/3696/3438 3101/3289/3048
f 3102/3296/3055 3491/3698/3440 3490/3697/3439
f 3490/3697/3439 3235/3427/3182 3233/3428/3183
f 3460/3699/3410 3235/3427/3182 3491/3698/3440
f 3016/3700/2965 3491/3698/3440 3107/3295/3054
f 3492/3701/3441 3494/3702/3442 3493/3703/3443
f 3493/3703/3443 871/1007/824 868/1000/817
f 3496/3704/3444 871/1007/824 3494/3702/3442
f 3497/3705/3445 3494/3702/3442 3495/3706/3446
f 3497/3705/3445 3498/3707/3447 3496/3704/3444
f 3496/3704/3444 878/1013/830 876/1006/823
f 3500/3708/3448 878/1013/830 3498/3707/3447
f 3501/3709/3449 3498/3707/3447 3499/3710/3450
f 3501/3709/3449 3502/3711/3451 3500/3708/3448
f 3500/3708/3448 884/1019/836 882/1012/829
f 3504/3712/3452 884/1019/836 3502/3711/3451
f 3505/3713/3453 3502/3711/3451 3503/3714/3454
f 3505/3713/3453 3506/3715/3455 3504/3712/3452
f 3504/3712/3452 890/1025/842 888/1018/835
f 3508/3716/3456 890/1025/842 3506/3715/3455
f 3509/3717/3457 3506/3715/3455 3507/3718/3458
f 3509/3717/3457 3510/3719/3459 3508/3716/3456
f 3508/3716/3456 896/1031/848 894/1024/841
f 3512/3720/3460 896/1031/848 3510/3719/3459
f 3513/3721/3461 3510/3719/3459 3511/3722/3462
f 3513/3721/3461 3514/3723/3463 3512/3720/3460
f 3512/3720/3460 902/1037/854 900/1030/847
f 3516/3724/3464 902/1037/854 3514/3723/3463
f 3517/3725/3465 3514/3723/3463 3515/3726/3466
f 3517/3725/3465 3518/3727/3467 3516/3724/3464
f 3516/3724/3464 908/1043/860 906/1036/853
f 3520/3728/3468 908/1043/860 3518/3727/3467
f 3521/3729/3469 3518/3727/3467 3519/3730/3470
f 3521/3729/3469 3522/3731/3471 3520/3728/3468
f 3520/3728/3468 914/1049/866 912/1042/859
f 3524/3732/3472 914/1049/866 3522/3731/3471
f 3525/3733/3473 3522/3731/3471 3523/3734/3474
f 3525/3733/3473 3526/3735/3475 3524/3732/3472
f 3524/3732/3472 920/1055/872 918/1048/865
f 3528/3736/3476 920/1055/872 3526/3735/3475
f 3529/3737/3477 3526/3735/3475 3527/3738/3478
f 3529/3737/3477 3530/3739/3479 3528/3736/3476
f 3528/3736/3476 926/1061/878 924/1054/871
f 3532/3740/3480 926/1061/878 3530/3739/3479
f 3533/3741/3481 3530/3739/3479 3531/3742/3482
f 3533/3741/3481 3534/3743/3483 3532/3740/3480
f 3532/3740/3480 932/1067/884 930/1060/877
f 3536/3744/3484 932/1067/884 3534/3743/3483
f 3537/3745/3485 3534/3743/3483 3535/3746/3486
f 3537/3745/3485 3538/3747/3487 3536/3744/3484
f 3536/3744/3484 938/1073/890 936/1066/883
f 3540/3748/3488 938/1073/890 3538/3747/3487
f 3541/3749/3489 3538/3747/3487 3539/3750/3490
f 3541/3749/3489 3542/3751/3491 3540/3748/3488
f 3540/3748/3488 944/1079/896 942/1072/889
f 3544/3752/3492 944/1079/896 3542/3751/3491
f 3545/3753/3493 3542/3751/3491 3543/3754/3494
f 3545/3753/3493 3546/3755/3495 3544/3752/3492
f 3544/3752/3492 950/1085/902 948/1078/895
f 3548/3756/3496 950/1085/902 3546/3755/3495
f 3549/3757/3497 3546/3755/3495 3547/3758/3498
f 3549/3757/3497 3550/3759/3499 3548/3756/3496
f 3548/3756/3496 956/1091/908 954/1084/901
f 3552/3760/3500 956/1091/908 3550/3759/3499
f 3553/3761/3501 3550/3759/3499 3551/3762/3502
f 3553/3761/3501 3554/3763/3503 3552/3760/3500
f 3552/3760/3500 962/1097/912 960/1090/907
f 3493/3764/3443 962/1097/912 3554/3763/3503
f 3492/3765/3441 3554/3763/3503 3555/3766/3504
f 3559/3767/3505 3557/3768/3506 3556/3769/3507
f 3557/3768/3506 3495/3706/3446 3492/3701/3441
f 3560/3770/3508 3495/3706/3446 3558/3771/3509
f 3561/3772/3510 3558/3771/3509 3559/3767/3505
f 3561/3772/3510 3562/3773/3511 3560/3770/3508
f 3560/3770/3508 3499/3710/3450 3497/3705/3445
f 3564/3774/3512 3499/3710/3450 3562/3773/3511
f 3565/3775/3513 3562/3773/3511 3563/3776/3514
f 3567/3777/3515 3564/3774/3512 3565/3775/3513
f 3564/3774/3512 3503/3714/3454 3501/3709/3449
f 3568/3778/3516 3503/3714/3454 3566/3779/3517
f 3567/3777/3515 3568/3778/3516 3566/3779/3517
f 3569/3780/3518 3570/3781/3519 3568/3778/3516
f 3568/3778/3516 3507/3718/3458 3505/3713/3453
f 3572/3782/3520 3507/3718/3458 3570/3781/3519
f 3571/3783/3521 3572/3782/3520 3570/3781/3519
f 3575/3784/3522 3572/3782/3520 3573/3785/3523
f 3572/3782/3520 3511/3722/3462 3509/3717/3457
f 3576/3786/3524 3511/3722/3462 3574/3787/3525
f 3577/3788/3526 3574/3787/3525 3575/3784/3522
f 3579/3789/3527 3576/3786/3524 3577/3788/3526
f 3576/3786/3524 3515/3726/3466 3513/3721/3461
f 3580/3790/3528 3515/3726/3466 3578/3791/3529
f 3581/3792/3530 3578/3791/3529 3579/3789/3527
f 3581/3792/3530 3582/3793/3531 3580/3790/3528
f 3580/3790/3528 3519/3730/3470 3517/3725/3465
f 3584/3794/3532 3519/3730/3470 3582/3793/3531
f 3583/3795/3533 3584/3794/3532 3582/3793/3531
f 3585/3796/3534 3586/3797/3535 3584/3794/3532
f 3584/3794/3532 3523/3734/3474 3521/3729/3469
f 3588/3798/3536 3523/3734/3474 3586/3797/3535
f 3587/3799/3537 3588/3798/3536 3586/3797/3535
f 3591/3800/3538 3588/3798/3536 3589/3801/3539
f 3588/3798/3536 3527/3738/3478 3525/3733/3473
f 3592/3802/3540 3527/3738/3478 3590/3803/3541
f 3593/3804/3542 3590/3803/3541 3591/3800/3538
f 3595/3805/3543 3592/3802/3540 3593/3804/3542
f 3592/3802/3540 3531/3742/3482 3529/3737/3477
f 3596/3806/3544 3531/3742/3482 3594/3807/3545
f 3595/3805/3543 3596/3806/3544 3594/3807/3545
f 3597/3808/3546 3598/3809/3547 3596/3806/3544
f 3596/3806/3544 3535/3746/3486 3533/3741/3481
f 3600/3810/3548 3535/3746/3486 3598/3809/3547
f 3599/3811/3549 3600/3810/3548 3598/3809/3547
f 3601/3812/3550 3602/3813/3551 3600/3810/3548
f 3600/3810/3548 3539/3750/3490 3537/3745/3485
f 3604/3814/3552 3539/3750/3490 3602/3813/3551
f 3603/3815/3553 3604/3814/3552 3602/3813/3551
f 3607/3816/3554 3604/3814/3552 3605/3817/3555
f 3604/3814/3552 3543/3754/3494 3541/3749/3489
f 3608/3818/3556 3543/3754/3494 3606/3819/3557
f 3609/3820/3558 3606/3819/3557 3607/3816/3554
f 3611/3821/3559 3608/3818/3556 3609/3820/3558
f 3608/3818/3556 3547/3758/3498 3545/3753/3493
f 3612/3822/3560 3547/3758/3498 3610/3823/3561
f 3611/3821/3559 3612/3822/3560 3610/3823/3561
f 3615/3824/3562 3612/3822/3560 3613/3825/3563
f 3612/3822/3560 3551/3762/3502 3549/3757/3497
f 3616/3826/3564 3551/3762/3502 3614/3827/3565
f 3617/3828/3566 3614/3827/3565 3615/3824/3562
f 3617/3828/3566 3618/3829/3567 3616/3826/3564
f 3616/3826/3564 3555/3766/3504 3553/3761/3501
f 3557/3830/3506 3555/3766/3504 3618/3829/3567
f 3556/3831/3507 3618/3829/3567 3619/3832/3568
f 3623/3833/3569 3621/3834/3570 3620/3835/3571
f 3622/3836/3572 3556/3769/3507 3621/3834/3570
f 3622/3836/3572 3561/3772/3510 3559/3767/3505
f 3623/3833/3569 3624/3837/3573 3622/3836/3572
f 3627/3838/3574 3624/3837/3573 3625/3839/3575
f 3626/3840/3576 3561/3772/3510 3624/3837/3573
f 3626/3840/3576 3565/3775/3513 3563/3776/3514
f 3627/3838/3574 3628/3841/3577 3626/3840/3576
f 3631/3842/3578 3628/3841/3577 3629/3843/3579
f 3630/3844/3580 3565/3775/3513 3628/3841/3577
f 3630/3844/3580 3569/3780/3518 3567/3777/3515
f 3631/3842/3578 3632/3845/3581 3630/3844/3580
f 3635/3846/3582 3632/3845/3581 3633/3847/3583
f 3634/3848/3584 3569/3780/3518 3632/3845/3581
f 3634/3848/3584 3573/3785/3523 3571/3783/3521
f 3635/3846/3582 3636/3849/3585 3634/3848/3584
f 3639/3850/3586 3636/3849/3585 3637/3851/3587
f 3638/3852/3588 3573/3785/3523 3636/3849/3585
f 3638/3852/3588 3577/3788/3526 3575/3784/3522
f 3639/3850/3586 3640/3853/3589 3638/3852/3588
f 3643/3854/3590 3640/3853/3589 3641/3855/3591
f 3642/3856/3592 3577/3788/3526 3640/3853/3589
f 3642/3856/3592 3581/3792/3530 3579/3789/3527
f 3643/3854/3590 3644/3857/3593 3642/3856/3592
f 3647/3858/3594 3644/3857/3593 3645/3859/3595
f 3646/3860/3596 3581/3792/3530 3644/3857/3593
f 3646/3860/3596 3585/3796/3534 3583/3795/3533
f 3647/3858/3594 3648/3861/3597 3646/3860/3596
f 3651/3862/3598 3648/3861/3597 3649/3863/3599
f 3650/3864/3600 3585/3796/3534 3648/3861/3597
f 3650/3864/3600 3589/3801/3539 3587/3799/3537
f 3651/3862/3598 3652/3865/3601 3650/3864/3600
f 3655/3866/3602 3652/3865/3601 3653/3867/3603
f 3654/3868/3604 3589/3801/3539 3652/3865/3601
f 3654/3868/3604 3593/3804/3542 3591/3800/3538
f 3655/3866/3602 3656/3869/3605 3654/3868/3604
f 3659/3870/3606 3656/3869/3605 3657/3871/3607
f 3658/3872/3608 3593/3804/3542 3656/3869/3605
f 3658/3872/3608 3597/3808/3546 3595/3805/3543
f 3659/3870/3606 3660/3873/3609 3658/3872/3608
f 3663/3874/3610 3660/3873/3609 3661/3875/3611
f 3662/3876/3612 3597/3808/3546 3660/3873/3609
f 3662/3876/3612 3601/3812/3550 3599/3811/3549
f 3663/3874/3610 3664/3877/3613 3662/3876/3612
f 3667/3878/3614 3664/3877/3613 3665/3879/3615
f 3666/3880/3616 3601/3812/3550 3664/3877/3613
f 3666/3880/3616 3605/3817/3555 3603/3815/3553
f 3667/3878/3614 3668/3881/3617 3666/3880/3616
f 3671/3882/3618 3668/3881/3617 3669/3883/3619
f 3670/3884/3620 3605/3817/3555 3668/3881/3617
f 3670/3884/3620 3609/3820/3558 3607/3816/3554
f 3671/3882/3618 3672/3885/3621 3670/3884/3620
f 3675/3886/3622 3672/3885/3621 3673/3887/3623
f 3674/3888/3624 3609/3820/3558 3672/3885/3621
f 3674/3888/3624 3613/3825/3563 3611/3821/3559
f 3675/3886/3622 3676/3889/3625 3674/3888/3624
f 3679/3890/3626 3676/3889/3625 3677/3891/3627
f 3678/3892/3628 3613/3825/3563 3676/3889/3625
f 3678/3892/3628 3617/3828/3566 3615/3824/3562
f 3679/3890/3626 3680/3893/3629 3678/3892/3628
f 3683/3894/3630 3680/3893/3629 3681/3895/3631
f 3682/3896/3632 3617/3828/3566 3680/3893/3629
f 3682/3896/3632 3556/3831/3507 3619/3832/3568
f 3683/3894/3630 3621/3897/3570 3682/3896/3632
f 3687/3898/3633 3685/3899/3634 3684/3900/3635
f 3686/3901/3636 3620/3835/3571 3685/3899/3634
f 3686/3901/3636 3625/3839/3575 3623/3833/3569
f 3687/3898/3633 3688/3902/3637 3686/3901/3636
f 3691/3903/3638 3688/3902/3637 3689/3904/3639
f 3690/3905/3640 3625/3839/3575 3688/3902/3637
f 3690/3905/3640 3629/3843/3579 3627/3838/3574
f 3691/3903/3638 3692/3906/3641 3690/3905/3640
f 3695/3907/3642 3692/3906/3641 3693/3908/3643
f 3694/3909/3644 3629/3843/3579 3692/3906/3641
f 3694/3909/3644 3633/3847/3583 3631/3842/3578
f 3695/3907/3642 3696/3910/3645 3694/3909/3644
f 3699/3911/3646 3696/3910/3645 3697/3912/3647
f 3698/3913/3648 3633/3847/3583 3696/3910/3645
f 3698/3913/3648 3637/3851/3587 3635/3846/3582
f 3699/3911/3646 3700/3914/3649 3698/3913/3648
f 3703/3915/3650 3700/3914/3649 3701/3916/3651
f 3702/3917/3652 3637/3851/3587 3700/3914/3649
f 3702/3917/3652 3641/3855/3591 3639/3850/3586
f 3703/3915/3650 3704/3918/3653 3702/3917/3652
f 3707/3919/3654 3704/3918/3653 3705/3920/3655
f 3706/3921/3656 3641/3855/3591 3704/3918/3653
f 3706/3921/3656 3645/3859/3595 3643/3854/3590
f 3707/3919/3654 3708/3922/3657 3706/3921/3656
f 3711/3923/3658 3708/3922/3657 3709/3924/3659
f 3710/3925/3660 3645/3859/3595 3708/3922/3657
f 3710/3925/3660 3649/3863/3599 3647/3858/3594
f 3711/3923/3658 3712/3926/3661 3710/3925/3660
f 3715/3927/3662 3712/3926/3661 3713/3928/3663
f 3714/3929/3664 3649/3863/3599 3712/3926/3661
f 3714/3929/3664 3653/3867/3603 3651/3862/3598
f 3715/3927/3662 3716/3930/3665 3714/3929/3664
f 3719/3931/3666 3716/3930/3665 3717/3932/3667
f 3718/3933/3668 3653/3867/3603 3716/3930/3665
f 3718/3933/3668 3657/3871/3607 3655/3866/3602
f 3719/3931/3666 3720/3934/3669 3718/3933/3668
f 3723/3935/3670 3720/3934/3669 3721/3936/3671
f 3722/3937/3672 3657/3871/3607 3720/3934/3669
f 3722/3937/3672 3661/3875/3611 3659/3870/3606
f 3723/3935/3670 3724/3938/3673 3722/3937/3672
f 3727/3939/3674 3724/3938/3673 3725/3940/3675
f 3726/3941/3676 3661/3875/3611 3724/3938/3673
f 3726/3941/3676 3665/3879/3615 3663/3874/3610
f 3727/3939/3674 3728/3942/3677 3726/3941/3676
f 3731/3943/3678 3728/3942/3677 3729/3944/3679
f 3730/3945/3680 3665/3879/3615 3728/3942/3677
f 3730/3945/3680 3669/3883/3619 3667/3878/3614
f 3731/3943/3678 3732/3946/3681 3730/3945/3680
f 3735/3947/3682 3732/3946/3681 3733/3948/3683
f 3734/3949/3684 3669/3883/3619 3732/3946/3681
f 3734/3949/3684 3673/3887/3623 3671/3882/3618
f 3735/3947/3682 3736/3950/3685 3734/3949/3684
f 3739/3951/3686 3736/3950/3685 3737/3952/3687
f 3738/3953/3688 3673/3887/3623 3736/3950/3685
f 3738/3953/3688 3677/3891/3627 3675/3886/3622
f 3739/3951/3686 3740/3954/3689 3738/3953/3688
f 3743/3955/3690 3740/3954/3689 3741/3956/3691
f 3742/3957/3692 3677/3891/3627 3740/3954/3689
f 3742/3957/3692 3681/3895/3631 3679/3890/3626
f 3743/3955/3690 3744/3958/3693 3742/3957/3692
f 3747/3959/3694 3744/3958/3693 3745/3960/3695
f 3746/3961/3696 3681/3895/3631 3744/3958/3693
f 3746/3961/3696 3620/3962/3571 3683/3894/3630
f 3747/3959/3694 3685/3963/3634 3746/3961/3696
f 3748/3964/3697 3750/3965/3698 3749/3966/3699
f 3750/3965/3698 3684/3900/3635 3749/3966/3699
f 3750/3965/3698 3689/3904/3639 3687/3898/3633
f 3753/3967/3700 3750/3965/3698 3751/3968/3701
f 3753/3967/3700 3754/3969/3702 3752/3970/3703
f 3754/3969/3702 3689/3904/3639 3752/3970/3703
f 3754/3969/3702 3693/3908/3643 3691/3903/3638
f 3757/3971/3704 3754/3969/3702 3755/3972/3705
f 3757/3971/3704 3758/3973/3706 3756/3974/3707
f 3758/3973/3706 3693/3908/3643 3756/3974/3707
f 3758/3973/3706 3697/3912/3647 3695/3907/3642
f 3761/3975/3708 3758/3973/3706 3759/3976/3709
f 3761/3975/3708 3762/3977/3710 3760/3978/3711
f 3762/3977/3710 3697/3912/3647 3760/3978/3711
f 3762/3977/3710 3701/3916/3651 3699/3911/3646
f 3765/3979/3712 3762/3977/3710 3763/3980/3713
f 3765/3979/3712 3766/3981/3714 3764/3982/3715
f 3766/3981/3714 3701/3916/3651 3764/3982/3715
f 3766/3981/3714 3705/3920/3655 3703/3915/3650
f 3769/3983/3716 3766/3981/3714 3767/3984/3717
f 3769/3983/3716 3770/3985/3718 3768/3986/3719
f 3770/3985/3718 3705/3920/3655 3768/3986/3719
f 3770/3985/3718 3709/3924/3659 3707/3919/3654
f 3773/3987/3720 3770/3985/3718 3771/3988/3721
f 3773/3987/3720 3774/3989/3722 3772/3990/3723
f 3774/3989/3722 3709/3924/3659 3772/3990/3723
f 3774/3989/3722 3713/3928/3663 3711/3923/3658
f 3777/3991/3724 3774/3989/3722 3775/3992/3725
f 3777/3991/3724 3778/3993/3726 3776/3994/3727
f 3778/3993/3726 3713/3928/3663 3776/3994/3727
f 3778/3993/3726 3717/3932/3667 3715/3927/3662
f 3781/3995/3728 3778/3993/3726 3779/3996/3729
f 3781/3995/3728 3782/3997/3730 3780/3998/3731
f 3782/3997/3730 3717/3932/3667 3780/3998/3731
f 3782/3997/3730 3721/3936/3671 3719/3931/3666
f 3785/3999/3732 3782/3997/3730 3783/4000/3733
f 3785/3999/3732 3786/4001/3734 3784/4002/3735
f 3786/4001/3734 3721/3936/3671 3784/4002/3735
f 3786/4001/3734 3725/3940/3675 3723/3935/3670
f 3789/4003/3736 3786/4001/3734 3787/4004/3737
f 3789/4003/3736 3790/4005/3738 3788/4006/3739
f 3790/4005/3738 3725/3940/3675 3788/4006/3739
f 3790/4005/3738 3729/3944/3679 3727/3939/3674
f 3793/4007/3740 3790/4005/3738 3791/4008/3741
f 3793/4007/3740 3794/4009/3742 3792/4010/3743
f 3794/4009/3742 3729/3944/3679 3792/4010/3743
f 3794/4009/3742 3733/3948/3683 3731/3943/3678
f 3797/4011/3744 3794/4009/3742 3795/4012/3745
f 3797/4011/3744 3798/4013/3746 3796/4014/3747
f 3798/4013/3746 3733/3948/3683 3796/4014/3747
f 3798/4013/3746 3737/3952/3687 3735/3947/3682
f 3801/4015/3748 3798/4013/3746 3799/4016/3749
f 3801/4015/3748 3802/4017/3750 3800/4018/3751
f 3802/4017/3750 3737/3952/3687 3800/4018/3751
f 3802/4017/3750 3741/3956/3691 3739/3951/3686
f 3805/4019/3752 3802/4017/3750 3803/4020/3753
f 3805/4019/3752 3806/4021/3754 3804/4022/3755
f 3806/4021/3754 3741/3956/3691 3804/4022/3755
f 3806/4021/3754 3745/3960/3695 3743/3955/3690
f 3809/4023/3756 3806/4021/3754 3807/4024/3757
f 3809/4023/3756 3810/4025/3758 3808/4026/3759
f 3810/4025/3758 3745/3960/3695 3808/4026/3759
f 3810/4025/3758 3684/4027/3635 3747/3959/3694
f 3748/4028/3697 3810/4025/3758 3811/4029/3760
f 806/936/755 3813/4030/3761 3812/4031/3762
f 3812/4031/3762 3751/3968/3701 3748/3964/3697
f 3814/4032/3763 3751/3968/3701 3813/4030/3761
f 808/937/756 3813/4030/3761 807/938/757
f 808/937/756 3815/4033/3764 3814/4032/3763
f 3814/4032/3763 3755/3972/3705 3753/3967/3700
f 3816/4034/3765 3755/3972/3705 3815/4033/3764
f 812/941/760 3815/4033/3764 811/942/761
f 812/941/760 3817/4035/3766 3816/4034/3765
f 3816/4034/3765 3759/3976/3709 3757/3971/3704
f 3818/4036/3767 3759/3976/3709 3817/4035/3766
f 816/945/764 3817/4035/3766 815/946/765
f 816/945/764 3819/4037/3768 3818/4036/3767
f 3818/4036/3767 3763/3980/3713 3761/3975/3708
f 3820/4038/3769 3763/3980/3713 3819/4037/3768
f 820/949/768 3819/4037/3768 819/950/769
f 820/949/768 3821/4039/3770 3820/4038/3769
f 3820/4038/3769 3767/3984/3717 3765/3979/3712
f 3822/4040/3771 3767/3984/3717 3821/4039/3770
f 824/953/772 3821/4039/3770 823/954/773
f 824/953/772 3823/4041/3772 3822/4040/3771
f 3822/4040/3771 3771/3988/3721 3769/3983/3716
f 3824/4042/3773 3771/3988/3721 3823/4041/3772
f 828/957/776 3823/4041/3772 827/958/777
f 828/957/776 3825/4043/3774 3824/4042/3773
f 3824/4042/3773 3775/3992/3725 3773/3987/3720
f 3826/4044/3775 3775/3992/3725 3825/4043/3774
f 832/961/780 3825/4043/3774 831/962/781
f 832/961/780 3827/4045/3776 3826/4044/3775
f 3826/4044/3775 3779/3996/3729 3777/3991/3724
f 3828/4046/3777 3779/3996/3729 3827/4045/3776
f 836/965/784 3827/4045/3776 835/966/785
f 836/965/784 3829/4047/3778 3828/4046/3777
f 3828/4046/3777 3783/4000/3733 3781/3995/3728
f 3830/4048/3779 3783/4000/3733 3829/4047/3778
f 840/969/788 3829/4047/3778 839/970/789
f 840/969/788 3831/4049/3780 3830/4048/3779
f 3830/4048/3779 3787/4004/3737 3785/3999/3732
f 3832/4050/3781 3787/4004/3737 3831/4049/3780
f 844/973/792 3831/4049/3780 843/974/793
f 844/973/792 3833/4051/3782 3832/4050/3781
f 3832/4050/3781 3791/4008/3741 3789/4003/3736
f 3834/4052/3783 3791/4008/3741 3833/4051/3782
f 848/977/796 3833/4051/3782 847/978/797
f 848/977/796 3835/4053/3784 3834/4052/3783
f 3834/4052/3783 3795/4012/3745 3793/4007/3740
f 3836/4054/3785 3795/4012/3745 3835/4053/3784
f 852/981/800 3835/4053/3784 851/982/801
f 852/981/800 3837/4055/3786 3836/4054/3785
f 3836/4054/3785 3799/4016/3749 3797/4011/3744
f 3838/4056/3787 3799/4016/3749 3837/4055/3786
f 856/985/804 3837/4055/3786 855/986/805
f 856/985/804 3839/4057/3788 3838/4056/3787
f 3838/4056/3787 3803/4020/3753 3801/4015/3748
f 3840/4058/3789 3803/4020/3753 3839/4057/3788
f 860/989/808 3839/4057/3788 859/990/809
f 860/989/808 3841/4059/3790 3840/4058/3789
f 3840/4058/3789 3807/4024/3757 3805/4019/3752
f 3842/4060/3791 3807/4024/3757 3841/4059/3790
f 864/993/812 3841/4059/3790 863/994/813
f 864/993/812 3843/4061/3792 3842/4060/3791
f 3842/4060/3791 3811/4029/3760 3809/4023/3756
f 3812/4062/3762 3811/4029/3760 3843/4061/3792
f 806/997/755 3843/4061/3792 867/998/816
f 326/443/276 3845/4063/3793 3844/4064/3794
f 3844/4064/3794 391/513/344 388/506/337
f 3846/4065/3795 391/513/344 3845/4063/3793
f 328/447/280 3845/4063/3793 327/442/275
f 328/447/280 3847/4066/3796 3846/4065/3795
f 3846/4065/3795 398/519/350 396/512/343
f 3848/4067/3797 398/519/350 3847/4066/3796
f 332/451/284 3847/4066/3796 331/446/279
f 332/451/284 3849/4068/3798 3848/4067/3797
f 3848/4067/3797 404/525/356 402/518/349
f 3850/4069/3799 404/525/356 3849/4068/3798
f 336/455/288 3849/4068/3798 335/450/283
f 336/455/288 3851/4070/3800 3850/4069/3799
f 3850/4069/3799 410/531/362 408/524/355
f 3852/4071/3801 410/531/362 3851/4070/3800
f 340/459/292 3851/4070/3800 339/454/287
f 340/459/292 3853/4072/3802 3852/4071/3801
f 3852/4071/3801 416/537/368 414/530/361
f 3854/4073/3803 416/537/368 3853/4072/3802
f 344/463/296 3853/4072/3802 343/458/291
f 344/463/296 3855/4074/3804 3854/4073/3803
f 3854/4073/3803 422/543/374 420/536/367
f 3856/4075/3805 422/543/374 3855/4074/3804
f 348/467/300 3855/4074/3804 347/462/295
f 348/467/300 3857/4076/3806 3856/4075/3805
f 3856/4075/3805 428/549/380 426/542/373
f 3858/4077/3807 428/549/380 3857/4076/3806
f 352/471/304 3857/4076/3806 351/466/299
f 352/471/304 3859/4078/3808 3858/4077/3807
f 3858/4077/3807 434/555/386 432/548/379
f 3860/4079/3809 434/555/386 3859/4078/3808
f 356/475/308 3859/4078/3808 355/470/303
f 356/475/308 3861/4080/3810 3860/4079/3809
f 3860/4079/3809 440/561/392 438/554/385
f 3862/4081/3811 440/561/392 3861/4080/3810
f 360/479/312 3861/4080/3810 359/474/307
f 360/479/312 3863/4082/3812 3862/4081/3811
f 3862/4081/3811 446/567/398 444/560/391
f 3864/4083/3813 446/567/398 3863/4082/3812
f 364/483/316 3863/4082/3812 363/478/311
f 364/483/316 3865/4084/3814 3864/4083/3813
f 3864/4083/3813 452/573/404 450/566/397
f 3866/4085/3815 452/573/404 3865/4084/3814
f 368/487/320 3865/4084/3814 367/482/315
f 368/487/320 3867/4086/3816 3866/4085/3815
f 3866/4085/3815 458/579/410 456/572/403
f 3868/4087/3817 458/579/410 3867/4086/3816
f 372/491/324 3867/4086/3816 371/486/319
f 372/491/324 3869/4088/3818 3868/4087/3817
f 3868/4087/3817 464/585/416 462/578/409
f 3870/4089/3819 464/585/416 3869/4088/3818
f 376/495/328 3869/4088/3818 375/490/323
f 376/495/328 3871/4090/3820 3870/4089/3819
f 3870/4089/3819 470/591/422 468/584/415
f 3872/4091/3821 470/591/422 3871/4090/3820
f 380/499/332 3871/4090/3820 379/494/327
f 380/499/332 3873/4092/3822 3872/4091/3821
f 3872/4091/3821 476/597/428 474/590/421
f 3874/4093/3823 476/597/428 3873/4092/3822
f 384/503/336 3873/4092/3822 383/498/331
f 384/503/336 3875/4094/3824 3874/4093/3823
f 3874/4093/3823 482/603/432 480/596/427
f 3844/4095/3794 482/603/432 3875/4094/3824
f 326/4096/276 3875/4094/3824 387/502/335
f 135/244/97 134/247/100 133/245/98
f 134/247/100 137/250/68 136/248/101
f 134/247/100 139/251/103 138/249/102
f 135/244/97 140/253/105 139/251/103
f 142/252/104 141/254/106 139/251/103
f 141/254/106 143/256/68 138/249/102
f 141/254/106 145/257/108 144/255/107
f 142/252/104 146/259/110 145/257/108
f 148/258/109 147/260/111 145/257/108
f 147/260/111 149/262/68 144/255/107
f 147/260/111 151/263/113 150/261/112
f 148/258/109 152/265/115 151/263/113
f 154/264/114 153/266/116 151/263/113
f 153/266/116 155/268/68 150/261/112
f 153/266/116 157/269/118 156/267/117
f 154/264/114 158/271/120 157/269/118
f 160/270/119 159/272/121 157/269/118
f 159/272/121 161/274/68 156/267/117
f 159/272/121 163/275/123 162/273/122
f 160/270/119 164/277/125 163/275/123
f 166/276/124 165/278/126 163/275/123
f 165/278/126 167/280/68 162/273/122
f 165/278/126 169/281/128 168/279/127
f 166/276/124 170/283/130 169/281/128
f 172/282/129 171/284/131 169/281/128
f 171/284/131 173/286/68 168/279/127
f 171/284/131 175/287/133 174/285/132
f 172/282/129 176/289/135 175/287/133
f 178/288/134 177/290/136 175/287/133
f 177/290/136 179/292/68 174/285/132
f 177/290/136 181/293/138 180/291/137
f 178/288/134 182/295/140 181/293/138
f 184/294/139 183/296/141 181/293/138
f 183/296/141 185/298/68 180/291/137
f 183/296/141 187/299/143 186/297/142
f 184/294/139 188/301/145 187/299/143
f 190/300/144 189/302/146 187/299/143
f 189/302/146 191/304/68 186/297/142
f 189/302/146 193/305/148 192/303/147
f 190/300/144 194/307/150 193/305/148
f 196/306/149 195/308/151 193/305/148
f 195/308/151 197/310/68 192/303/147
f 195/308/151 199/311/153 198/309/152
f 196/306/149 200/313/155 199/311/153
f 202/312/154 201/314/156 199/311/153
f 201/314/156 203/316/68 198/309/152
f 201/314/156 205/317/158 204/315/157
f 202/312/154 206/319/160 205/317/158
f 208/318/159 207/320/161 205/317/158
f 207/320/161 209/322/68 204/315/157
f 207/320/161 211/323/163 210/321/162
f 208/318/159 212/325/165 211/323/163
f 214/324/164 213/326/166 211/323/163
f 213/326/166 215/328/68 210/321/162
f 213/326/166 217/329/168 216/327/167
f 214/324/164 218/331/170 217/329/168
f 220/330/169 219/332/171 217/329/168
f 219/332/171 221/334/68 216/327/167
f 219/332/171 223/335/173 222/333/172
f 220/330/169 224/337/175 223/335/173
f 226/336/174 225/338/176 223/335/173
f 225/338/176 227/340/68 222/333/172
f 225/338/176 133/341/98 136/339/101
f 226/336/174 132/3364/99 133/341/98
f 228/342/177 231/349/184 230/343/178
f 229/344/179 230/343/178 233/345/180
f 235/347/182 234/352/187 233/345/180
f 236/348/183 235/347/182 230/343/178
f 236/348/183 238/355/190 237/350/185
f 235/347/182 237/350/185 239/351/186
f 241/353/188 240/358/193 239/351/186
f 242/354/189 241/353/188 237/350/185
f 242/354/189 244/361/196 243/356/191
f 241/353/188 243/356/191 245/357/192
f 247/359/194 246/364/199 245/357/192
f 248/360/195 247/359/194 243/356/191
f 248/360/195 250/367/202 249/362/197
f 247/359/194 249/362/197 251/363/198
f 253/365/200 252/370/205 251/363/198
f 254/366/201 253/365/200 249/362/197
f 254/366/201 256/373/208 255/368/203
f 253/365/200 255/368/203 257/369/204
f 259/371/206 258/376/211 257/369/204
f 260/372/207 259/371/206 255/368/203
f 260/372/207 262/379/214 261/374/209
f 259/371/206 261/374/209 263/375/210
f 265/377/212 264/382/217 263/375/210
f 266/378/213 265/377/212 261/374/209
f 266/378/213 268/385/220 267/380/215
f 265/377/212 267/380/215 269/381/216
f 271/383/218 270/388/223 269/381/216
f 272/384/219 271/383/218 267/380/215
f 272/384/219 274/391/226 273/386/221
f 271/383/218 273/386/221 275/387/222
f 277/389/224 276/394/229 275/387/222
f 278/390/225 277/389/224 273/386/221
f 278/390/225 280/397/232 279/392/227
f 277/389/224 279/392/227 281/393/228
f 283/395/230 282/400/235 281/393/228
f 284/396/231 283/395/230 279/392/227
f 284/396/231 286/403/238 285/398/233
f 283/395/230 285/398/233 287/399/234
f 289/401/236 288/406/241 287/399/234
f 290/402/237 289/401/236 285/398/233
f 290/402/237 292/409/244 291/404/239
f 289/401/236 291/404/239 293/405/240
f 295/407/242 294/412/247 293/405/240
f 296/408/243 295/407/242 291/404/239
f 296/408/243 298/415/250 297/410/245
f 295/407/242 297/410/245 299/411/246
f 301/413/248 300/418/253 299/411/246
f 302/414/249 301/413/248 297/410/245
f 302/414/249 304/421/256 303/416/251
f 301/413/248 303/416/251 305/417/252
f 307/419/254 306/424/259 305/417/252
f 308/420/255 307/419/254 303/416/251
f 308/420/255 310/427/262 309/422/257
f 307/419/254 309/422/257 311/423/258
f 313/425/260 312/430/265 311/423/258
f 314/426/261 313/425/260 309/422/257
f 314/426/261 316/433/268 315/428/263
f 313/425/260 315/428/263 317/429/264
f 319/431/266 318/436/271 317/429/264
f 320/432/267 319/431/266 315/428/263
f 320/432/267 322/439/272 321/434/269
f 319/431/266 321/434/269 323/435/270
f 229/437/179 232/505/181 323/435/270
f 228/438/177 229/437/179 321/434/269
f 232/346/181 233/345/180 325/440/273
f 324/441/274 325/440/273 327/442/275
f 329/444/277 328/447/280 327/442/275
f 234/352/187 329/444/277 325/440/273
f 234/352/187 239/351/186 330/445/278
f 329/444/277 330/445/278 331/446/279
f 333/448/281 332/451/284 331/446/279
f 240/358/193 333/448/281 330/445/278
f 240/358/193 245/357/192 334/449/282
f 333/448/281 334/449/282 335/450/283
f 337/452/285 336/455/288 335/450/283
f 246/364/199 337/452/285 334/449/282
f 246/364/199 251/363/198 338/453/286
f 337/452/285 338/453/286 339/454/287
f 341/456/289 340/459/292 339/454/287
f 252/370/205 341/456/289 338/453/286
f 252/370/205 257/369/204 342/457/290
f 341/456/289 342/457/290 343/458/291
f 345/460/293 344/463/296 343/458/291
f 258/376/211 345/460/293 342/457/290
f 258/376/211 263/375/210 346/461/294
f 345/460/293 346/461/294 347/462/295
f 349/464/297 348/467/300 347/462/295
f 264/382/217 349/464/297 346/461/294
f 264/382/217 269/381/216 350/465/298
f 349/464/297 350/465/298 351/466/299
f 353/468/301 352/471/304 351/466/299
f 270/388/223 353/468/301 350/465/298
f 270/388/223 275/387/222 354/469/302
f 353/468/301 354/469/302 355/470/303
f 357/472/305 356/475/308 355/470/303
f 276/394/229 357/472/305 354/469/302
f 276/394/229 281/393/228 358/473/306
f 357/472/305 358/473/306 359/474/307
f 361/476/309 360/479/312 359/474/307
f 282/400/235 361/476/309 358/473/306
f 282/400/235 287/399/234 362/477/310
f 361/476/309 362/477/310 363/478/311
f 365/480/313 364/483/316 363/478/311
f 288/406/241 365/480/313 362/477/310
f 288/406/241 293/405/240 366/481/314
f 365/480/313 366/481/314 367/482/315
f 369/484/317 368/487/320 367/482/315
f 294/412/247 369/484/317 366/481/314
f 294/412/247 299/411/246 370/485/318
f 369/484/317 370/485/318 371/486/319
f 373/488/321 372/491/324 371/486/319
f 300/418/253 373/488/321 370/485/318
f 300/418/253 305/417/252 374/489/322
f 373/488/321 374/489/322 375/490/323
f 377/492/325 376/495/328 375/490/323
f 306/424/259 377/492/325 374/489/322
f 306/424/259 311/423/258 378/493/326
f 377/492/325 378/493/326 379/494/327
f 381/496/329 380/499/332 379/494/327
f 312/430/265 381/496/329 378/493/326
f 312/430/265 317/429/264 382/497/330
f 381/496/329 382/497/330 383/498/331
f 385/500/333 384/503/336 383/498/331
f 318/436/271 385/500/333 382/497/330
f 318/436/271 323/435/270 386/501/334
f 385/500/333 386/501/334 387/502/335
f 324/504/274 326/4096/276 387/502/335
f 232/505/181 324/504/274 386/501/334
f 388/506/337 391/513/344 390/507/338
f 389/508/339 390/507/338 393/509/340
f 395/511/342 394/516/347 393/509/340
f 396/512/343 395/511/342 390/507/338
f 396/512/343 398/519/350 397/514/345
f 395/511/342 397/514/345 399/515/346
f 401/517/348 400/522/353 399/515/346
f 402/518/349 401/517/348 397/514/345
f 402/518/349 404/525/356 403/520/351
f 401/517/348 403/520/351 405/521/352
f 407/523/354 406/528/359 405/521/352
f 408/524/355 407/523/354 403/520/351
f 408/524/355 410/531/362 409/526/357
f 407/523/354 409/526/357 411/527/358
f 413/529/360 412/534/365 411/527/358
f 414/530/361 413/529/360 409/526/357
f 414/530/361 416/537/368 415/532/363
f 413/529/360 415/532/363 417/533/364
f 419/535/366 418/540/371 417/533/364
f 420/536/367 419/535/366 415/532/363
f 420/536/367 422/543/374 421/538/369
f 419/535/366 421/538/369 423/539/370
f 425/541/372 424/546/377 423/539/370
f 426/542/373 425/541/372 421/538/369
f 426/542/373 428/549/380 427/544/375
f 425/541/372 427/544/375 429/545/376
f 431/547/378 430/552/383 429/545/376
f 432/548/379 431/547/378 427/544/375
f 432/548/379 434/555/386 433/550/381
f 431/547/378 433/550/381 435/551/382
f 437/553/384 436/558/389 435/551/382
f 438/554/385 437/553/384 433/550/381
f 438/554/385 440/561/392 439/556/387
f 437/553/384 439/556/387 441/557/388
f 443/559/390 442/564/395 441/557/388
f 444/560/391 443/559/390 439/556/387
f 444/560/391 446/567/398 445/562/393
f 443/559/390 445/562/393 447/563/394
f 449/565/396 448/570/401 447/563/394
f 450/566/397 449/565/396 445/562/393
f 450/566/397 452/573/404 451/568/399
f 449/565/396 451/568/399 453/569/400
f 455/571/402 454/576/407 453/569/400
f 456/572/403 455/571/402 451/568/399
f 456/572/403 458/579/410 457/574/405
f 455/571/402 457/574/405 459/575/406
f 461/577/408 460/582/413 459/575/406
f 462/578/409 461/577/408 457/574/405
f 462/578/409 464/585/416 463/580/411
f 461/577/408 463/580/411 465/581/412
f 467/583/414 466/588/419 465/581/412
f 468/584/415 467/583/414 463/580/411
f 468/584/415 470/591/422 469/586/417
f 467/583/414 469/586/417 471/587/418
f 473/589/420 472/594/425 471/587/418
f 474/590/421 473/589/420 469/586/417
f 474/590/421 476/597/428 475/592/423
f 473/589/420 475/592/423 477/593/424
f 479/595/426 478/600/431 477/593/424
f 480/596/427 479/595/426 475/592/423
f 480/596/427 482/603/432 481/598/429
f 479/595/426 481/598/429 483/599/430
f 389/601/339 392/669/341 483/599/430
f 388/602/337 389/601/339 481/598/429
f 392/510/341 393/509/340 485/604/433
f 484/605/434 485/604/433 487/606/435
f 489/608/437 488/611/440 487/606/435
f 394/516/347 489/608/437 485/604/433
f 394/516/347 399/515/346 490/609/438
f 489/608/437 490/609/438 491/610/439
f 493/612/441 492/615/444 491/610/439
f 400/522/353 493/612/441 490/609/438
f 400/522/353 405/521/352 494/613/442
f 493/612/441 494/613/442 495/614/443
f 497/616/445 496/619/448 495/614/443
f 406/528/359 497/616/445 494/613/442
f 406/528/359 411/527/358 498/617/446
f 497/616/445 498/617/446 499/618/447
f 501/620/449 500/623/452 499/618/447
f 412/534/365 501/620/449 498/617/446
f 412/534/365 417/533/364 502/621/450
f 501/620/449 502/621/450 503/622/451
f 505/624/453 504/627/456 503/622/451
f 418/540/371 505/624/453 502/621/450
f 418/540/371 423/539/370 506/625/454
f 505/624/453 506/625/454 507/626/455
f 509/628/457 508/631/460 507/626/455
f 424/546/377 509/628/457 506/625/454
f 424/546/377 429/545/376 510/629/458
f 509/628/457 510/629/458 511/630/459
f 513/632/461 512/635/464 511/630/459
f 430/552/383 513/632/461 510/629/458
f 430/552/383 435/551/382 514/633/462
f 513/632/461 514/633/462 515/634/463
f 517/636/465 516/639/468 515/634/463
f 436/558/389 517/636/465 514/633/462
f 436/558/389 441/557/388 518/637/466
f 517/636/465 518/637/466 519/638/467
f 521/640/469 520/643/472 519/638/467
f 442/564/395 521/640/469 518/637/466
f 442/564/395 447/563/394 522/641/470
f 521/640/469 522/641/470 523/642/471
f 525/644/473 524/647/476 523/642/471
f 448/570/401 525/644/473 522/641/470
f 448/570/401 453/569/400 526/645/474
f 525/644/473 526/645/474 527/646/475
f 529/648/477 528/651/480 527/646/475
f 454/576/407 529/648/477 526/645/474
f 454/576/407 459/575/406 530/649/478
f 529/648/477 530/649/478 531/650/479
f 533/652/481 532/655/484 531/650/479
f 460/582/413 533/652/481 530/649/478
f 460/582/413 465/581/412 534/653/482
f 533/652/481 534/653/482 535/654/483
f 537/656/485 536/659/488 535/654/483
f 466/588/419 537/656/485 534/653/482
f 466/588/419 471/587/418 538/657/486
f 537/656/485 538/657/486 539/658/487
f 541/660/489 540/663/492 539/658/487
f 472/594/425 541/660/489 538/657/486
f 472/594/425 477/593/424 542/661/490
f 541/660/489 542/661/490 543/662/491
f 545/664/493 544/667/496 543/662/491
f 478/600/431 545/664/493 542/661/490
f 478/600/431 483/599/430 546/665/494
f 545/664/493 546/665/494 547/666/495
f 484/668/434 486/735/436 547/666/495
f 392/669/341 484/668/434 546/665/494
f 486/607/436 487/606/435 549/670/497
f 549/670/497 551/674/501 550/672/499
f 549/670/497 553/676/503 552/673/500
f 488/611/440 553/676/503 549/670/497
f 488/611/440 491/610/439 554/675/502
f 554/675/502 555/678/505 552/673/500
f 554/675/502 557/680/507 556/677/504
f 492/615/444 557/680/507 554/675/502
f 492/615/444 495/614/443 558/679/506
f 558/679/506 559/682/509 556/677/504
f 558/679/506 561/684/511 560/681/508
f 496/619/448 561/684/511 558/679/506
f 496/619/448 499/618/447 562/683/510
f 562/683/510 563/686/513 560/681/508
f 562/683/510 565/688/515 564/685/512
f 500/623/452 565/688/515 562/683/510
f 500/623/452 503/622/451 566/687/514
f 566/687/514 567/690/517 564/685/512
f 566/687/514 569/692/519 568/689/516
f 504/627/456 569/692/519 566/687/514
f 504/627/456 507/626/455 570/691/518
f 570/691/518 571/694/521 568/689/516
f 570/691/518 573/696/523 572/693/520
f 508/631/460 573/696/523 570/691/518
f 508/631/460 511/630/459 574/695/522
f 574/695/522 575/698/525 572/693/520
f 574/695/522 577/700/527 576/697/524
f 512/635/464 577/700/527 574/695/522
f 512/635/464 515/634/463 578/699/526
f 578/699/526 579/702/529 576/697/524
f 578/699/526 581/704/531 580/701/528
f 516/639/468 581/704/531 578/699/526
f 516/639/468 519/638/467 582/703/530
f 582/703/530 583/706/533 580/701/528
f 582/703/530 585/708/535 584/705/532
f 520/643/472 585/708/535 582/703/530
f 520/643/472 523/642/471 586/707/534
f 586/707/534 587/710/537 584/705/532
f 586/707/534 589/712/539 588/709/536
f 524/647/476 589/712/539 586/707/534
f 524/647/476 527/646/475 590/711/538
f 590/711/538 591/714/541 588/709/536
f 590/711/538 593/716/543 592/713/540
f 528/651/480 593/716/543 590/711/538
f 528/651/480 531/650/479 594/715/542
f 594/715/542 595/718/545 592/713/540
f 594/715/542 597/720/547 596/717/544
f 532/655/484 597/720/547 594/715/542
f 532/655/484 535/654/483 598/719/546
f 598/719/546 599/722/549 596/717/544
f 598/719/546 601/724/551 600/721/548
f 536/659/488 601/724/551 598/719/546
f 536/659/488 539/658/487 602/723/550
f 602/723/550 603/726/553 600/721/548
f 602/723/550 605/728/555 604/725/552
f 540/663/492 605/728/555 602/723/550
f 540/663/492 543/662/491 606/727/554
f 606/727/554 607/730/557 604/725/552
f 606/727/554 609/732/559 608/729/556
f 544/667/496 609/732/559 606/727/554
f 544/667/496 547/666/495 610/731/558
f 610/731/558 611/734/560 608/729/556
f 610/731/558 548/4097/498 550/733/499
f 486/735/436 548/4097/498 610/731/558
f 551/674/501 613/737/562 612/736/561
f 613/737/562 615/740/565 614/738/563
f 613/737/562 617/741/566 616/739/564
f 551/674/501 552/673/500 617/741/566
f 555/678/505 618/742/567 617/741/566
f 618/742/567 619/744/569 616/739/564
f 618/742/567 621/745/570 620/743/568
f 555/678/505 556/677/504 621/745/570
f 559/682/509 622/746/571 621/745/570
f 622/746/571 623/748/573 620/743/568
f 622/746/571 625/749/574 624/747/572
f 559/682/509 560/681/508 625/749/574
f 563/686/513 626/750/575 625/749/574
f 626/750/575 627/752/577 624/747/572
f 626/750/575 629/753/578 628/751/576
f 563/686/513 564/685/512 629/753/578
f 567/690/517 630/754/579 629/753/578
f 630/754/579 631/756/581 628/751/576
f 630/754/579 633/757/582 632/755/580
f 567/690/517 568/689/516 633/757/582
f 571/694/521 634/758/583 633/757/582
f 634/758/583 635/760/585 632/755/580
f 634/758/583 637/761/586 636/759/584
f 571/694/521 572/693/520 637/761/586
f 575/698/525 638/762/587 637/761/586
f 638/762/587 639/764/589 636/759/584
f 638/762/587 641/765/590 640/763/588
f 575/698/525 576/697/524 641/765/590
f 579/702/529 642/766/591 641/765/590
f 642/766/591 643/768/593 640/763/588
f 642/766/591 645/769/594 644/767/592
f 579/702/529 580/701/528 645/769/594
f 583/706/533 646/770/595 645/769/594
f 646/770/595 647/772/597 644/767/592
f 646/770/595 649/773/598 648/771/596
f 583/706/533 584/705/532 649/773/598
f 587/710/537 650/774/599 649/773/598
f 650/774/599 651/776/601 648/771/596
f 650/774/599 653/777/602 652/775/600
f 587/710/537 588/709/536 653/777/602
f 591/714/541 654/778/603 653/777/602
f 654/778/603 655/780/605 652/775/600
f 654/778/603 657/781/606 656/779/604
f 591/714/541 592/713/540 657/781/606
f 595/718/545 658/782/607 657/781/606
f 658/782/607 659/784/609 656/779/604
f 658/782/607 661/785/610 660/783/608
f 595/718/545 596/717/544 661/785/610
f 599/722/549 662/786/611 661/785/610
f 662/786/611 663/788/613 660/783/608
f 662/786/611 665/789/614 664/787/612
f 599/722/549 600/721/548 665/789/614
f 603/726/553 666/790/615 665/789/614
f 666/790/615 667/792/617 664/787/612
f 666/790/615 669/793/618 668/791/616
f 603/726/553 604/725/552 669/793/618
f 607/730/557 670/794/619 669/793/618
f 670/794/619 671/796/621 668/791/616
f 670/794/619 673/797/622 672/795/620
f 607/730/557 608/729/556 673/797/622
f 611/734/560 674/798/623 673/797/622
f 674/798/623 675/800/624 672/795/620
f 674/798/623 612/801/561 614/799/563
f 611/734/560 550/733/499 612/801/561
f 615/740/565 677/803/626 676/802/625
f 677/803/626 679/806/629 678/804/627
f 677/803/626 681/807/630 680/805/628
f 615/740/565 616/739/564 681/807/630
f 619/744/569 682/808/631 681/807/630
f 682/808/631 683/810/633 680/805/628
f 682/808/631 685/811/634 684/809/632
f 619/744/569 620/743/568 685/811/634
f 623/748/573 686/812/635 685/811/634
f 686/812/635 687/814/637 684/809/632
f 686/812/635 689/815/638 688/813/636
f 623/748/573 624/747/572 689/815/638
f 627/752/577 690/816/639 689/815/638
f 690/816/639 691/818/641 688/813/636
f 690/816/639 693/819/642 692/817/640
f 627/752/577 628/751/576 693/819/642
f 631/756/581 694/820/643 693/819/642
f 694/820/643 695/822/645 692/817/640
f 694/820/643 697/823/646 696/821/644
f 631/756/581 632/755/580 697/823/646
f 635/760/585 698/824/647 697/823/646
f 698/824/647 699/826/649 696/821/644
f 698/824/647 701/827/650 700/825/648
f 635/760/585 636/759/584 701/827/650
f 639/764/589 702/828/651 701/827/650
f 702/828/651 703/830/653 700/825/648
f 702/828/651 705/831/654 704/829/652
f 639/764/589 640/763/588 705/831/654
f 643/768/593 706/832/655 705/831/654
f 706/832/655 707/834/657 704/829/652
f 706/832/655 709/835/658 708/833/656
f 643/768/593 644/767/592 709/835/658
f 647/772/597 710/836/659 709/835/658
f 710/836/659 711/838/661 708/833/656
f 710/836/659 713/839/662 712/837/660
f 647/772/597 648/771/596 713/839/662
f 651/776/601 714/840/663 713/839/662
f 714/840/663 715/842/665 712/837/660
f 714/840/663 717/843/666 716/841/664
f 651/776/601 652/775/600 717/843/666
f 655/780/605 718/844/667 717/843/666
f 718/844/667 719/846/669 716/841/664
f 718/844/667 721/847/670 720/845/668
f 655/780/605 656/779/604 721/847/670
f 659/784/609 722/848/671 721/847/670
f 722/848/671 723/850/673 720/845/668
f 722/848/671 725/851/674 724/849/672
f 659/784/609 660/783/608 725/851/674
f 663/788/613 726/852/675 725/851/674
f 726/852/675 727/854/677 724/849/672
f 726/852/675 729/855/678 728/853/676
f 663/788/613 664/787/612 729/855/678
f 667/792/617 730/856/679 729/855/678
f 730/856/679 731/858/681 728/853/676
f 730/856/679 733/859/682 732/857/680
f 667/792/617 668/791/616 733/859/682
f 671/796/621 734/860/683 733/859/682
f 734/860/683 735/862/685 732/857/680
f 734/860/683 737/863/686 736/861/684
f 671/796/621 672/795/620 737/863/686
f 675/800/624 738/864/687 737/863/686
f 738/864/687 739/866/688 736/861/684
f 738/864/687 676/867/625 678/865/627
f 675/800/624 614/799/563 676/867/625
f 679/806/629 741/869/690 740/868/689
f 741/869/690 743/872/693 742/870/691
f 741/869/690 745/873/694 744/871/692
f 679/806/629 680/805/628 745/873/694
f 683/810/633 746/874/695 745/873/694
f 746/874/695 747/876/697 744/871/692
f 746/874/695 749/877/698 748/875/696
f 683/810/633 684/809/632 749/877/698
f 687/814/637 750/878/699 749/877/698
f 750/878/699 751/880/701 748/875/696
f 750/878/699 753/881/702 752/879/700
f 687/814/637 688/813/636 753/881/702
f 691/818/641 754/882/703 753/881/702
f 754/882/703 755/884/705 752/879/700
f 754/882/703 757/885/706 756/883/704
f 691/818/641 692/817/640 757/885/706
f 695/822/645 758/886/707 757/885/706
f 758/886/707 759/888/709 756/883/704
f 758/886/707 761/889/710 760/887/708
f 695/822/645 696/821/644 761/889/710
f 699/826/649 762/890/711 761/889/710
f 762/890/711 763/892/713 760/887/708
f 762/890/711 765/893/714 764/891/712
f 699/826/649 700/825/648 765/893/714
f 703/830/653 766/894/715 765/893/714
f 766/894/715 767/896/717 764/891/712
f 766/894/715 769/897/718 768/895/716
f 703/830/653 704/829/652 769/897/718
f 707/834/657 770/898/719 769/897/718
f 770/898/719 771/900/721 768/895/716
f 770/898/719 773/901/722 772/899/720
f 707/834/657 708/833/656 773/901/722
f 711/838/661 774/902/723 773/901/722
f 774/902/723 775/904/725 772/899/720
f 774/902/723 777/905/726 776/903/724
f 711/838/661 712/837/660 777/905/726
f 715/842/665 778/906/727 777/905/726
f 778/906/727 779/908/729 776/903/724
f 778/906/727 781/909/730 780/907/728
f 715/842/665 716/841/664 781/909/730
f 719/846/669 782/910/731 781/909/730
f 782/910/731 783/912/733 780/907/728
f 782/910/731 785/913/734 784/911/732
f 719/846/669 720/845/668 785/913/734
f 723/850/673 786/914/735 785/913/734
f 786/914/735 787/916/737 784/911/732
f 786/914/735 789/917/738 788/915/736
f 723/850/673 724/849/672 789/917/738
f 727/854/677 790/918/739 789/917/738
f 790/918/739 791/920/741 788/915/736
f 790/918/739 793/921/742 792/919/740
f 727/854/677 728/853/676 793/921/742
f 731/858/681 794/922/743 793/921/742
f 794/922/743 795/924/745 792/919/740
f 794/922/743 797/925/746 796/923/744
f 731/858/681 732/857/680 797/925/746
f 735/862/685 798/926/747 797/925/746
f 798/926/747 799/928/749 796/923/744
f 798/926/747 801/929/750 800/927/748
f 735/862/685 736/861/684 801/929/750
f 739/866/688 802/930/751 801/929/750
f 802/930/751 803/932/752 800/927/748
f 802/930/751 740/933/689 742/931/691
f 739/866/688 678/865/627 740/933/689
f 743/872/693 805/935/754 804/934/753
f 805/935/754 807/938/757 806/936/755
f 805/935/754 809/939/758 808/937/756
f 743/872/693 744/871/692 809/939/758
f 747/876/697 810/940/759 809/939/758
f 810/940/759 811/942/761 808/937/756
f 810/940/759 813/943/762 812/941/760
f 747/876/697 748/875/696 813/943/762
f 751/880/701 814/944/763 813/943/762
f 814/944/763 815/946/765 812/941/760
f 814/944/763 817/947/766 816/945/764
f 751/880/701 752/879/700 817/947/766
f 755/884/705 818/948/767 817/947/766
f 818/948/767 819/950/769 816/945/764
f 818/948/767 821/951/770 820/949/768
f 755/884/705 756/883/704 821/951/770
f 759/888/709 822/952/771 821/951/770
f 822/952/771 823/954/773 820/949/768
f 822/952/771 825/955/774 824/953/772
f 759/888/709 760/887/708 825/955/774
f 763/892/713 826/956/775 825/955/774
f 826/956/775 827/958/777 824/953/772
f 826/956/775 829/959/778 828/957/776
f 763/892/713 764/891/712 829/959/778
f 767/896/717 830/960/779 829/959/778
f 830/960/779 831/962/781 828/957/776
f 830/960/779 833/963/782 832/961/780
f 767/896/717 768/895/716 833/963/782
f 771/900/721 834/964/783 833/963/782
f 834/964/783 835/966/785 832/961/780
f 834/964/783 837/967/786 836/965/784
f 771/900/721 772/899/720 837/967/786
f 775/904/725 838/968/787 837/967/786
f 838/968/787 839/970/789 836/965/784
f 838/968/787 841/971/790 840/969/788
f 775/904/725 776/903/724 841/971/790
f 779/908/729 842/972/791 841/971/790
f 842/972/791 843/974/793 840/969/788
f 842/972/791 845/975/794 844/973/792
f 779/908/729 780/907/728 845/975/794
f 783/912/733 846/976/795 845/975/794
f 846/976/795 847/978/797 844/973/792
f 846/976/795 849/979/798 848/977/796
f 783/912/733 784/911/732 849/979/798
f 787/916/737 850/980/799 849/979/798
f 850/980/799 851/982/801 848/977/796
f 850/980/799 853/983/802 852/981/800
f 787/916/737 788/915/736 853/983/802
f 791/920/741 854/984/803 853/983/802
f 854/984/803 855/986/805 852/981/800
f 854/984/803 857/987/806 856/985/804
f 791/920/741 792/919/740 857/987/806
f 795/924/745 858/988/807 857/987/806
f 858/988/807 859/990/809 856/985/804
f 858/988/807 861/991/810 860/989/808
f 795/924/745 796/923/744 861/991/810
f 799/928/749 862/992/811 861/991/810
f 862/992/811 863/994/813 860/989/808
f 862/992/811 865/995/814 864/993/812
f 799/928/749 800/927/748 865/995/814
f 803/932/752 866/996/815 865/995/814
f 866/996/815 867/998/816 864/993/812
f 866/996/815 804/999/753 806/997/755
f 803/932/752 742/931/691 804/999/753
f 868/1000/817 871/1007/824 870/1001/818
f 869/1002/819 870/1001/818 873/1003/820
f 875/1005/822 874/1010/827 873/1003/820
f 876/1006/823 875/1005/822 870/1001/818
f 876/1006/823 878/1013/830 877/1008/825
f 875/1005/822 877/1008/825 879/1009/826
f 881/1011/828 880/1016/833 879/1009/826
f 882/1012/829 881/1011/828 877/1008/825
f 882/1012/829 884/1019/836 883/1014/831
f 881/1011/828 883/1014/831 885/1015/832
f 887/1017/834 886/1022/839 885/1015/832
f 888/1018/835 887/1017/834 883/1014/831
f 888/1018/835 890/1025/842 889/1020/837
f 887/1017/834 889/1020/837 891/1021/838
f 893/1023/840 892/1028/845 891/1021/838
f 894/1024/841 893/1023/840 889/1020/837
f 894/1024/841 896/1031/848 895/1026/843
f 893/1023/840 895/1026/843 897/1027/844
f 899/1029/846 898/1034/851 897/1027/844
f 900/1030/847 899/1029/846 895/1026/843
f 900/1030/847 902/1037/854 901/1032/849
f 899/1029/846 901/1032/849 903/1033/850
f 905/1035/852 904/1040/857 903/1033/850
f 906/1036/853 905/1035/852 901/1032/849
f 906/1036/853 908/1043/860 907/1038/855
f 905/1035/852 907/1038/855 909/1039/856
f 911/1041/858 910/1046/863 909/1039/856
f 912/1042/859 911/1041/858 907/1038/855
f 912/1042/859 914/1049/866 913/1044/861
f 911/1041/858 913/1044/861 915/1045/862
f 917/1047/864 916/1052/869 915/1045/862
f 918/1048/865 917/1047/864 913/1044/861
f 918/1048/865 920/1055/872 919/1050/867
f 917/1047/864 919/1050/867 921/1051/868
f 923/1053/870 922/1058/875 921/1051/868
f 924/1054/871 923/1053/870 919/1050/867
f 924/1054/871 926/1061/878 925/1056/873
f 923/1053/870 925/1056/873 927/1057/874
f 929/1059/876 928/1064/881 927/1057/874
f 930/1060/877 929/1059/876 925/1056/873
f 930/1060/877 932/1067/884 931/1062/879
f 929/1059/876 931/1062/879 933/1063/880
f 935/1065/882 934/1070/887 933/1063/880
f 936/1066/883 935/1065/882 931/1062/879
f 936/1066/883 938/1073/890 937/1068/885
f 935/1065/882 937/1068/885 939/1069/886
f 941/1071/888 940/1076/893 939/1069/886
f 942/1072/889 941/1071/888 937/1068/885
f 942/1072/889 944/1079/896 943/1074/891
f 941/1071/888 943/1074/891 945/1075/892
f 947/1077/894 946/1082/899 945/1075/892
f 948/1078/895 947/1077/894 943/1074/891
f 948/1078/895 950/1085/902 949/1080/897
f 947/1077/894 949/1080/897 951/1081/898
f 953/1083/900 952/1088/905 951/1081/898
f 954/1084/901 953/1083/900 949/1080/897
f 954/1084/901 956/1091/908 955/1086/903
f 953/1083/900 955/1086/903 957/1087/904
f 959/1089/906 958/1094/911 957/1087/904
f 960/1090/907 959/1089/906 955/1086/903
f 960/1090/907 962/1097/912 961/1092/909
f 959/1089/906 961/1092/909 963/1093/910
f 869/1095/819 872/1163/821 963/1093/910
f 868/1096/817 869/1095/819 961/1092/909
f 872/1004/821 873/1003/820 965/1098/913
f 964/1099/914 965/1098/913 967/1100/915
f 969/1102/917 968/1105/920 967/1100/915
f 874/1010/827 969/1102/917 965/1098/913
f 874/1010/827 879/1009/826 970/1103/918
f 969/1102/917 970/1103/918 971/1104/919
f 973/1106/921 972/1109/924 971/1104/919
f 880/1016/833 973/1106/921 970/1103/918
f 880/1016/833 885/1015/832 974/1107/922
f 973/1106/921 974/1107/922 975/1108/923
f 977/1110/925 976/1113/928 975/1108/923
f 886/1022/839 977/1110/925 974/1107/922
f 886/1022/839 891/1021/838 978/1111/926
f 977/1110/925 978/1111/926 979/1112/927
f 981/1114/929 980/1117/932 979/1112/927
f 892/1028/845 981/1114/929 978/1111/926
f 892/1028/845 897/1027/844 982/1115/930
f 981/1114/929 982/1115/930 983/1116/931
f 985/1118/933 984/1121/936 983/1116/931
f 898/1034/851 985/1118/933 982/1115/930
f 898/1034/851 903/1033/850 986/1119/934
f 985/1118/933 986/1119/934 987/1120/935
f 989/1122/937 988/1125/940 987/1120/935
f 904/1040/857 989/1122/937 986/1119/934
f 904/1040/857 909/1039/856 990/1123/938
f 989/1122/937 990/1123/938 991/1124/939
f 993/1126/941 992/1129/944 991/1124/939
f 910/1046/863 993/1126/941 990/1123/938
f 910/1046/863 915/1045/862 994/1127/942
f 993/1126/941 994/1127/942 995/1128/943
f 997/1130/945 996/1133/948 995/1128/943
f 916/1052/869 997/1130/945 994/1127/942
f 916/1052/869 921/1051/868 998/1131/946
f 997/1130/945 998/1131/946 999/1132/947
f 1001/1134/949 1000/1137/952 999/1132/947
f 922/1058/875 1001/1134/949 998/1131/946
f 922/1058/875 927/1057/874 1002/1135/950
f 1001/1134/949 1002/1135/950 1003/1136/951
f 1005/1138/953 1004/1141/956 1003/1136/951
f 928/1064/881 1005/1138/953 1002/1135/950
f 928/1064/881 933/1063/880 1006/1139/954
f 1005/1138/953 1006/1139/954 1007/1140/955
f 1009/1142/957 1008/1145/960 1007/1140/955
f 934/1070/887 1009/1142/957 1006/1139/954
f 934/1070/887 939/1069/886 1010/1143/958
f 1009/1142/957 1010/1143/958 1011/1144/959
f 1013/1146/961 1012/1149/964 1011/1144/959
f 940/1076/893 1013/1146/961 1010/1143/958
f 940/1076/893 945/1075/892 1014/1147/962
f 1013/1146/961 1014/1147/962 1015/1148/963
f 1017/1150/965 1016/1153/968 1015/1148/963
f 946/1082/899 1017/1150/965 1014/1147/962
f 946/1082/899 951/1081/898 1018/1151/966
f 1017/1150/965 1018/1151/966 1019/1152/967
f 1021/1154/969 1020/1157/972 1019/1152/967
f 952/1088/905 1021/1154/969 1018/1151/966
f 952/1088/905 957/1087/904 1022/1155/970
f 1021/1154/969 1022/1155/970 1023/1156/971
f 1025/1158/973 1024/1161/976 1023/1156/971
f 958/1094/911 1025/1158/973 1022/1155/970
f 958/1094/911 963/1093/910 1026/1159/974
f 1025/1158/973 1026/1159/974 1027/1160/975
f 964/1162/914 966/4098/916 1027/1160/975
f 872/1163/821 964/1162/914 1026/1159/974
f 967/1100/915 1029/1165/978 1028/1164/977
f 1029/1165/978 1031/1168/981 1030/1166/979
f 1029/1165/978 1033/1169/982 1032/1167/980
f 967/1100/915 968/1105/920 1033/1169/982
f 971/1104/919 1034/1170/983 1033/1169/982
f 1034/1170/983 1035/1172/985 1032/1167/980
f 1034/1170/983 1037/1173/986 1036/1171/984
f 971/1104/919 972/1109/924 1037/1173/986
f 975/1108/923 1038/1174/987 1037/1173/986
f 1038/1174/987 1039/1176/989 1036/1171/984
f 1038/1174/987 1041/1177/990 1040/1175/988
f 975/1108/923 976/1113/928 1041/1177/990
f 979/1112/927 1042/1178/991 1041/1177/990
f 1042/1178/991 1043/1180/993 1040/1175/988
f 1042/1178/991 1045/1181/994 1044/1179/992
f 979/1112/927 980/1117/932 1045/1181/994
f 983/1116/931 1046/1182/995 1045/1181/994
f 1046/1182/995 1047/1184/997 1044/1179/992
f 1046/1182/995 1049/1185/998 1048/1183/996
f 983/1116/931 984/1121/936 1049/1185/998
f 987/1120/935 1050/1186/999 1049/1185/998
f 1050/1186/999 1051/1188/1001 1048/1183/996
f 1050/1186/999 1053/1189/1002 1052/1187/1000
f 987/1120/935 988/1125/940 1053/1189/1002
f 991/1124/939 1054/1190/1003 1053/1189/1002
f 1054/1190/1003 1055/1192/1005 1052/1187/1000
f 1054/1190/1003 1057/1193/1006 1056/1191/1004
f 991/1124/939 992/1129/944 1057/1193/1006
f 995/1128/943 1058/1194/1007 1057/1193/1006
f 1058/1194/1007 1059/1196/1009 1056/1191/1004
f 1058/1194/1007 1061/1197/1010 1060/1195/1008
f 995/1128/943 996/1133/948 1061/1197/1010
f 999/1132/947 1062/1198/1011 1061/1197/1010
f 1062/1198/1011 1063/1200/1013 1060/1195/1008
f 1062/1198/1011 1065/1201/1014 1064/1199/1012
f 999/1132/947 1000/1137/952 1065/1201/1014
f 1003/1136/951 1066/1202/1015 1065/1201/1014
f 1066/1202/1015 1067/1204/1017 1064/1199/1012
f 1066/1202/1015 1069/1205/1018 1068/1203/1016
f 1003/1136/951 1004/1141/956 1069/1205/1018
f 1007/1140/955 1070/1206/1019 1069/1205/1018
f 1070/1206/1019 1071/1208/1021 1068/1203/1016
f 1070/1206/1019 1073/1209/1022 1072/1207/1020
f 1007/1140/955 1008/1145/960 1073/1209/1022
f 1011/1144/959 1074/1210/1023 1073/1209/1022
f 1074/1210/1023 1075/1212/1025 1072/1207/1020
f 1074/1210/1023 1077/1213/1026 1076/1211/1024
f 1011/1144/959 1012/1149/964 1077/1213/1026
f 1015/1148/963 1078/1214/1027 1077/1213/1026
f 1078/1214/1027 1079/1216/1029 1076/1211/1024
f 1078/1214/1027 1081/1217/1030 1080/1215/1028
f 1015/1148/963 1016/1153/968 1081/1217/1030
f 1019/1152/967 1082/1218/1031 1081/1217/1030
f 1082/1218/1031 1083/1220/1033 1080/1215/1028
f 1082/1218/1031 1085/1221/1034 1084/1219/1032
f 1019/1152/967 1020/1157/972 1085/1221/1034
f 1023/1156/971 1086/1222/1035 1085/1221/1034
f 1086/1222/1035 1087/1224/1037 1084/1219/1032
f 1086/1222/1035 1089/1225/1038 1088/1223/1036
f 1023/1156/971 1024/1161/976 1089/1225/1038
f 1027/1160/975 1090/1226/1039 1089/1225/1038
f 1090/1226/1039 1091/1228/1040 1088/1223/1036
f 1090/1226/1039 1028/1229/977 1030/1227/979
f 1027/1160/975 966/4098/916 1028/1229/977
f 1031/1168/981 1093/1231/1042 1092/1230/1041
f 1093/1231/1042 1095/1234/1045 1094/1232/1043
f 1093/1231/1042 1097/1235/1046 1096/1233/1044
f 1031/1168/981 1032/1167/980 1097/1235/1046
f 1035/1172/985 1098/1236/1047 1097/1235/1046
f 1098/1236/1047 1099/1238/1049 1096/1233/1044
f 1098/1236/1047 1101/1239/1050 1100/1237/1048
f 1035/1172/985 1036/1171/984 1101/1239/1050
f 1039/1176/989 1102/1240/1051 1101/1239/1050
f 1102/1240/1051 1103/1242/1053 1100/1237/1048
f 1102/1240/1051 1105/1243/1054 1104/1241/1052
f 1039/1176/989 1040/1175/988 1105/1243/1054
f 1043/1180/993 1106/1244/1055 1105/1243/1054
f 1106/1244/1055 1107/1246/1057 1104/1241/1052
f 1106/1244/1055 1109/1247/1058 1108/1245/1056
f 1043/1180/993 1044/1179/992 1109/1247/1058
f 1047/1184/997 1110/1248/1059 1109/1247/1058
f 1110/1248/1059 1111/1250/1061 1108/1245/1056
f 1110/1248/1059 1113/1251/1062 1112/1249/1060
f 1047/1184/997 1048/1183/996 1113/1251/1062
f 1051/1188/1001 1114/1252/1063 1113/1251/1062
f 1114/1252/1063 1115/1254/1065 1112/1249/1060
f 1114/1252/1063 1117/1255/1066 1116/1253/1064
f 1051/1188/1001 1052/1187/1000 1117/1255/1066
f 1055/1192/1005 1118/1256/1067 1117/1255/1066
f 1118/1256/1067 1119/1258/1069 1116/1253/1064
f 1118/1256/1067 1121/1259/1070 1120/1257/1068
f 1055/1192/1005 1056/1191/1004 1121/1259/1070
f 1059/1196/1009 1122/1260/1071 1121/1259/1070
f 1122/1260/1071 1123/1262/1073 1120/1257/1068
f 1122/1260/1071 1125/1263/1074 1124/1261/1072
f 1059/1196/1009 1060/1195/1008 1125/1263/1074
f 1063/1200/1013 1126/1264/1075 1125/1263/1074
f 1126/1264/1075 1127/1266/1077 1124/1261/1072
f 1126/1264/1075 1129/1267/1078 1128/1265/1076
f 1063/1200/1013 1064/1199/1012 1129/1267/1078
f 1067/1204/1017 1130/1268/1079 1129/1267/1078
f 1130/1268/1079 1131/1270/1081 1128/1265/1076
f 1130/1268/1079 1133/1271/1082 1132/1269/1080
f 1067/1204/1017 1068/1203/1016 1133/1271/1082
f 1071/1208/1021 1134/1272/1083 1133/1271/1082
f 1134/1272/1083 1135/1274/1085 1132/1269/1080
f 1134/1272/1083 1137/1275/1086 1136/1273/1084
f 1071/1208/1021 1072/1207/1020 1137/1275/1086
f 1075/1212/1025 1138/1276/1087 1137/1275/1086
f 1138/1276/1087 1139/1278/1089 1136/1273/1084
f 1138/1276/1087 1141/1279/1090 1140/1277/1088
f 1075/1212/1025 1076/1211/1024 1141/1279/1090
f 1079/1216/1029 1142/1280/1091 1141/1279/1090
f 1142/1280/1091 1143/1282/1093 1140/1277/1088
f 1142/1280/1091 1145/1283/1094 1144/1281/1092
f 1079/1216/1029 1080/1215/1028 1145/1283/1094
f 1083/1220/1033 1146/1284/1095 1145/1283/1094
f 1146/1284/1095 1147/1286/1097 1144/1281/1092
f 1146/1284/1095 1149/1287/1098 1148/1285/1096
f 1083/1220/1033 1084/1219/1032 1149/1287/1098
f 1087/1224/1037 1150/1288/1099 1149/1287/1098
f 1150/1288/1099 1151/1290/1101 1148/1285/1096
f 1150/1288/1099 1153/1291/1102 1152/1289/1100
f 1087/1224/1037 1088/1223/1036 1153/1291/1102
f 1091/1228/1040 1154/1292/1103 1153/1291/1102
f 1154/1292/1103 1155/1294/1104 1152/1289/1100
f 1154/1292/1103 1092/1295/1041 1094/1293/1043
f 1091/1228/1040 1030/1227/979 1092/1295/1041
f 1094/1232/1043 1095/1234/1045 1157/1296/1105
f 1156/1297/1106 1157/1296/1105 1159/1298/1107
f 1161/1300/1109 1160/1303/1112 1159/1298/1107
f 1096/1233/1044 1161/1300/1109 1157/1296/1105
f 1096/1233/1044 1099/1238/1049 1162/1301/1110
f 1161/1300/1109 1162/1301/1110 1163/1302/1111
f 1165/1304/1113 1164/1307/1116 1163/1302/1111
f 1100/1237/1048 1165/1304/1113 1162/1301/1110
f 1100/1237/1048 1103/1242/1053 1166/1305/1114
f 1165/1304/1113 1166/1305/1114 1167/1306/1115
f 1169/1308/1117 1168/1311/1120 1167/1306/1115
f 1104/1241/1052 1169/1308/1117 1166/1305/1114
f 1104/1241/1052 1107/1246/1057 1170/1309/1118
f 1169/1308/1117 1170/1309/1118 1171/1310/1119
f 1173/1312/1121 1172/1315/1124 1171/1310/1119
f 1108/1245/1056 1173/1312/1121 1170/1309/1118
f 1108/1245/1056 1111/1250/1061 1174/1313/1122
f 1173/1312/1121 1174/1313/1122 1175/1314/1123
f 1177/1316/1125 1176/1319/1128 1175/1314/1123
f 1112/1249/1060 1177/1316/1125 1174/1313/1122
f 1112/1249/1060 1115/1254/1065 1178/1317/1126
f 1177/1316/1125 1178/1317/1126 1179/1318/1127
f 1181/1320/1129 1180/1323/1132 1179/1318/1127
f 1116/1253/1064 1181/1320/1129 1178/1317/1126
f 1116/1253/1064 1119/1258/1069 1182/1321/1130
f 1181/1320/1129 1182/1321/1130 1183/1322/1131
f 1185/1324/1133 1184/1327/1136 1183/1322/1131
f 1120/1257/1068 1185/1324/1133 1182/1321/1130
f 1120/1257/1068 1123/1262/1073 1186/1325/1134
f 1185/1324/1133 1186/1325/1134 1187/1326/1135
f 1189/1328/1137 1188/1331/1140 1187/1326/1135
f 1124/1261/1072 1189/1328/1137 1186/1325/1134
f 1124/1261/1072 1127/1266/1077 1190/1329/1138
f 1189/1328/1137 1190/1329/1138 1191/1330/1139
f 1193/1332/1141 1192/1335/1144 1191/1330/1139
f 1128/1265/1076 1193/1332/1141 1190/1329/1138
f 1128/1265/1076 1131/1270/1081 1194/1333/1142
f 1193/1332/1141 1194/1333/1142 1195/1334/1143
f 1197/1336/1145 1196/1339/1148 1195/1334/1143
f 1132/1269/1080 1197/1336/1145 1194/1333/1142
f 1132/1269/1080 1135/1274/1085 1198/1337/1146
f 1197/1336/1145 1198/1337/1146 1199/1338/1147
f 1201/1340/1149 1200/1343/1152 1199/1338/1147
f 1136/1273/1084 1201/1340/1149 1198/1337/1146
f 1136/1273/1084 1139/1278/1089 1202/1341/1150
f 1201/1340/1149 1202/1341/1150 1203/1342/1151
f 1205/1344/1153 1204/1347/1156 1203/1342/1151
f 1140/1277/1088 1205/1344/1153 1202/1341/1150
f 1140/1277/1088 1143/1282/1093 1206/1345/1154
f 1205/1344/1153 1206/1345/1154 1207/1346/1155
f 1209/1348/1157 1208/1351/1160 1207/1346/1155
f 1144/1281/1092 1209/1348/1157 1206/1345/1154
f 1144/1281/1092 1147/1286/1097 1210/1349/1158
f 1209/1348/1157 1210/1349/1158 1211/1350/1159
f 1213/1352/1161 1212/1355/1164 1211/1350/1159
f 1148/1285/1096 1213/1352/1161 1210/1349/1158
f 1148/1285/1096 1151/1290/1101 1214/1353/1162
f 1213/1352/1161 1214/1353/1162 1215/1354/1163
f 1217/1356/1165 1216/1359/1168 1215/1354/1163
f 1152/1289/1100 1217/1356/1165 1214/1353/1162
f 1152/1289/1100 1155/1294/1104 1218/1357/1166
f 1217/1356/1165 1218/1357/1166 1219/1358/1167
f 1156/1360/1106 1158/1426/1108 1219/1358/1167
f 1094/1293/1043 1156/1360/1106 1218/1357/1166
f 1158/1299/1108 1159/1298/1107 1221/1361/1169
f 1220/1362/1170 1221/1361/1169 1223/1363/1171
f 1225/1365/1173 1224/1368/1176 1223/1363/1171
f 1160/1303/1112 1225/1365/1173 1221/1361/1169
f 1160/1303/1112 1163/1302/1111 1226/1366/1174
f 1225/1365/1173 1226/1366/1174 1227/1367/1175
f 1229/1369/1177 1228/1372/1180 1227/1367/1175
f 1164/1307/1116 1229/1369/1177 1226/1366/1174
f 1164/1307/1116 1167/1306/1115 1230/1370/1178
f 1229/1369/1177 1230/1370/1178 1231/1371/1179
f 1233/1373/1181 1232/1376/1184 1231/1371/1179
f 1168/1311/1120 1233/1373/1181 1230/1370/1178
f 1168/1311/1120 1171/1310/1119 1234/1374/1182
f 1233/1373/1181 1234/1374/1182 1235/1375/1183
f 1237/1377/1185 1236/1380/1188 1235/1375/1183
f 1172/1315/1124 1237/1377/1185 1234/1374/1182
f 1172/1315/1124 1175/1314/1123 1238/1378/1186
f 1237/1377/1185 1238/1378/1186 1239/1379/1187
f 1241/1381/1189 1240/1384/1192 1239/1379/1187
f 1176/1319/1128 1241/1381/1189 1238/1378/1186
f 1176/1319/1128 1179/1318/1127 1242/1382/1190
f 1241/1381/1189 1242/1382/1190 1243/1383/1191
f 1245/1385/1193 1244/1388/1196 1243/1383/1191
f 1180/1323/1132 1245/1385/1193 1242/1382/1190
f 1180/1323/1132 1183/1322/1131 1246/1386/1194
f 1245/1385/1193 1246/1386/1194 1247/1387/1195
f 1249/1389/1197 1248/1392/1200 1247/1387/1195
f 1184/1327/1136 1249/1389/1197 1246/1386/1194
f 1184/1327/1136 1187/1326/1135 1250/1390/1198
f 1249/1389/1197 1250/1390/1198 1251/1391/1199
f 1253/1393/1201 1252/1396/1204 1251/1391/1199
f 1188/1331/1140 1253/1393/1201 1250/1390/1198
f 1188/1331/1140 1191/1330/1139 1254/1394/1202
f 1253/1393/1201 1254/1394/1202 1255/1395/1203
f 1257/1397/1205 1256/1400/1208 1255/1395/1203
f 1192/1335/1144 1257/1397/1205 1254/1394/1202
f 1192/1335/1144 1195/1334/1143 1258/1398/1206
f 1257/1397/1205 1258/1398/1206 1259/1399/1207
f 1261/1401/1209 1260/1404/1212 1259/1399/1207
f 1196/1339/1148 1261/1401/1209 1258/1398/1206
f 1196/1339/1148 1199/1338/1147 1262/1402/1210
f 1261/1401/1209 1262/1402/1210 1263/1403/1211
f 1265/1405/1213 1264/1408/1216 1263/1403/1211
f 1200/1343/1152 1265/1405/1213 1262/1402/1210
f 1200/1343/1152 1203/1342/1151 1266/1406/1214
f 1265/1405/1213 1266/1406/1214 1267/1407/1215
f 1269/1409/1217 1268/1412/1220 1267/1407/1215
f 1204/1347/1156 1269/1409/1217 1266/1406/1214
f 1204/1347/1156 1207/1346/1155 1270/1410/1218
f 1269/1409/1217 1270/1410/1218 1271/1411/1219
f 1273/1413/1221 1272/1416/1224 1271/1411/1219
f 1208/1351/1160 1273/1413/1221 1270/1410/1218
f 1208/1351/1160 1211/1350/1159 1274/1414/1222
f 1273/1413/1221 1274/1414/1222 1275/1415/1223
f 1277/1417/1225 1276/1420/1228 1275/1415/1223
f 1212/1355/1164 1277/1417/1225 1274/1414/1222
f 1212/1355/1164 1215/1354/1163 1278/1418/1226
f 1277/1417/1225 1278/1418/1226 1279/1419/1227
f 1281/1421/1229 1280/1424/1232 1279/1419/1227
f 1216/1359/1168 1281/1421/1229 1278/1418/1226
f 1216/1359/1168 1219/1358/1167 1282/1422/1230
f 1281/1421/1229 1282/1422/1230 1283/1423/1231
f 1220/1425/1170 1222/1492/1172 1283/1423/1231
f 1158/1426/1108 1220/1425/1170 1282/1422/1230
f 1222/1364/1172 1223/1363/1171 1285/1427/1233
f 1284/1428/1234 1285/1427/1233 1287/1429/1235
f 1289/1431/1237 1288/1434/1240 1287/1429/1235
f 1224/1368/1176 1289/1431/1237 1285/1427/1233
f 1224/1368/1176 1227/1367/1175 1290/1432/1238
f 1289/1431/1237 1290/1432/1238 1291/1433/1239
f 1293/1435/1241 1292/1438/1244 1291/1433/1239
f 1228/1372/1180 1293/1435/1241 1290/1432/1238
f 1228/1372/1180 1231/1371/1179 1294/1436/1242
f 1293/1435/1241 1294/1436/1242 1295/1437/1243
f 1297/1439/1245 1296/1442/1248 1295/1437/1243
f 1232/1376/1184 1297/1439/1245 1294/1436/1242
f 1232/1376/1184 1235/1375/1183 1298/1440/1246
f 1297/1439/1245 1298/1440/1246 1299/1441/1247
f 1301/1443/1249 1300/1446/1252 1299/1441/1247
f 1236/1380/1188 1301/1443/1249 1298/1440/1246
f 1236/1380/1188 1239/1379/1187 1302/1444/1250
f 1301/1443/1249 1302/1444/1250 1303/1445/1251
f 1305/1447/1253 1304/1450/1256 1303/1445/1251
f 1240/1384/1192 1305/1447/1253 1302/1444/1250
f 1240/1384/1192 1243/1383/1191 1306/1448/1254
f 1305/1447/1253 1306/1448/1254 1307/1449/1255
f 1309/1451/1257 1308/1454/1260 1307/1449/1255
f 1244/1388/1196 1309/1451/1257 1306/1448/1254
f 1244/1388/1196 1247/1387/1195 1310/1452/1258
f 1309/1451/1257 1310/1452/1258 1311/1453/1259
f 1313/1455/1261 1312/1458/1264 1311/1453/1259
f 1248/1392/1200 1313/1455/1261 1310/1452/1258
f 1248/1392/1200 1251/1391/1199 1314/1456/1262
f 1313/1455/1261 1314/1456/1262 1315/1457/1263
f 1317/1459/1265 1316/1462/1268 1315/1457/1263
f 1252/1396/1204 1317/1459/1265 1314/1456/1262
f 1252/1396/1204 1255/1395/1203 1318/1460/1266
f 1317/1459/1265 1318/1460/1266 1319/1461/1267
f 1321/1463/1269 1320/1466/1272 1319/1461/1267
f 1256/1400/1208 1321/1463/1269 1318/1460/1266
f 1256/1400/1208 1259/1399/1207 1322/1464/1270
f 1321/1463/1269 1322/1464/1270 1323/1465/1271
f 1325/1467/1273 1324/1470/1276 1323/1465/1271
f 1260/1404/1212 1325/1467/1273 1322/1464/1270
f 1260/1404/1212 1263/1403/1211 1326/1468/1274
f 1325/1467/1273 1326/1468/1274 1327/1469/1275
f 1329/1471/1277 1328/1474/1280 1327/1469/1275
f 1264/1408/1216 1329/1471/1277 1326/1468/1274
f 1264/1408/1216 1267/1407/1215 1330/1472/1278
f 1329/1471/1277 1330/1472/1278 1331/1473/1279
f 1333/1475/1281 1332/1478/1284 1331/1473/1279
f 1268/1412/1220 1333/1475/1281 1330/1472/1278
f 1268/1412/1220 1271/1411/1219 1334/1476/1282
f 1333/1475/1281 1334/1476/1282 1335/1477/1283
f 1337/1479/1285 1336/1482/1288 1335/1477/1283
f 1272/1416/1224 1337/1479/1285 1334/1476/1282
f 1272/1416/1224 1275/1415/1223 1338/1480/1286
f 1337/1479/1285 1338/1480/1286 1339/1481/1287
f 1341/1483/1289 1340/1486/1292 1339/1481/1287
f 1276/1420/1228 1341/1483/1289 1338/1480/1286
f 1276/1420/1228 1279/1419/1227 1342/1484/1290
f 1341/1483/1289 1342/1484/1290 1343/1485/1291
f 1345/1487/1293 1344/1490/1296 1343/1485/1291
f 1280/1424/1232 1345/1487/1293 1342/1484/1290
f 1280/1424/1232 1283/1423/1231 1346/1488/1294
f 1345/1487/1293 1346/1488/1294 1347/1489/1295
f 1284/1491/1234 1286/1558/1236 1347/1489/1295
f 1222/1492/1172 1284/1491/1234 1346/1488/1294
f 1286/1430/1236 1287/1429/1235 1349/1493/1297
f 1348/1494/1298 1349/1493/1297 1351/1495/1299
f 1353/1497/1301 1352/1500/1304 1351/1495/1299
f 1288/1434/1240 1353/1497/1301 1349/1493/1297
f 1288/1434/1240 1291/1433/1239 1354/1498/1302
f 1353/1497/1301 1354/1498/1302 1355/1499/1303
f 1357/1501/1305 1356/1504/1308 1355/1499/1303
f 1292/1438/1244 1357/1501/1305 1354/1498/1302
f 1292/1438/1244 1295/1437/1243 1358/1502/1306
f 1357/1501/1305 1358/1502/1306 1359/1503/1307
f 1361/1505/1309 1360/1508/1312 1359/1503/1307
f 1296/1442/1248 1361/1505/1309 1358/1502/1306
f 1296/1442/1248 1299/1441/1247 1362/1506/1310
f 1361/1505/1309 1362/1506/1310 1363/1507/1311
f 1365/1509/1313 1364/1512/1316 1363/1507/1311
f 1300/1446/1252 1365/1509/1313 1362/1506/1310
f 1300/1446/1252 1303/1445/1251 1366/1510/1314
f 1365/1509/1313 1366/1510/1314 1367/1511/1315
f 1369/1513/1317 1368/1516/1320 1367/1511/1315
f 1304/1450/1256 1369/1513/1317 1366/1510/1314
f 1304/1450/1256 1307/1449/1255 1370/1514/1318
f 1369/1513/1317 1370/1514/1318 1371/1515/1319
f 1373/1517/1321 1372/1520/1324 1371/1515/1319
f 1308/1454/1260 1373/1517/1321 1370/1514/1318
f 1308/1454/1260 1311/1453/1259 1374/1518/1322
f 1373/1517/1321 1374/1518/1322 1375/1519/1323
f 1377/1521/1325 1376/1524/1328 1375/1519/1323
f 1312/1458/1264 1377/1521/1325 1374/1518/1322
f 1312/1458/1264 1315/1457/1263 1378/1522/1326
f 1377/1521/1325 1378/1522/1326 1379/1523/1327
f 1381/1525/1329 1380/1528/1332 1379/1523/1327
f 1316/1462/1268 1381/1525/1329 1378/1522/1326
f 1316/1462/1268 1319/1461/1267 1382/1526/1330
f 1381/1525/1329 1382/1526/1330 1383/1527/1331
f 1385/1529/1333 1384/1532/1336 1383/1527/1331
f 1320/1466/1272 1385/1529/1333 1382/1526/1330
f 1320/1466/1272 1323/1465/1271 1386/1530/1334
f 1385/1529/1333 1386/1530/1334 1387/1531/1335
f 1389/1533/1337 1388/1536/1340 1387/1531/1335
f 1324/1470/1276 1389/1533/1337 1386/1530/1334
f 1324/1470/1276 1327/1469/1275 1390/1534/1338
f 1389/1533/1337 1390/1534/1338 1391/1535/1339
f 1393/1537/1341 1392/1540/1344 1391/1535/1339
f 1328/1474/1280 1393/1537/1341 1390/1534/1338
f 1328/1474/1280 1331/1473/1279 1394/1538/1342
f 1393/1537/1341 1394/1538/1342 1395/1539/1343
f 1397/1541/1345 1396/1544/1348 1395/1539/1343
f 1332/1478/1284 1397/1541/1345 1394/1538/1342
f 1332/1478/1284 1335/1477/1283 1398/1542/1346
f 1397/1541/1345 1398/1542/1346 1399/1543/1347
f 1401/1545/1349 1400/1548/1352 1399/1543/1347
f 1336/1482/1288 1401/1545/1349 1398/1542/1346
f 1336/1482/1288 1339/1481/1287 1402/1546/1350
f 1401/1545/1349 1402/1546/1350 1403/1547/1351
f 1405/1549/1353 1404/1552/1356 1403/1547/1351
f 1340/1486/1292 1405/1549/1353 1402/1546/1350
f 1340/1486/1292 1343/1485/1291 1406/1550/1354
f 1405/1549/1353 1406/1550/1354 1407/1551/1355
f 1409/1553/1357 1408/1556/1360 1407/1551/1355
f 1344/1490/1296 1409/1553/1357 1406/1550/1354
f 1344/1490/1296 1347/1489/1295 1410/1554/1358
f 1409/1553/1357 1410/1554/1358 1411/1555/1359
f 1348/1557/1298 1350/1624/1300 1411/1555/1359
f 1286/1558/1236 1348/1557/1298 1410/1554/1358
f 1350/1496/1300 1351/1495/1299 1413/1559/1361
f 1412/1560/1362 1413/1559/1361 1415/1561/1363
f 1417/1563/1365 1416/1566/1368 1415/1561/1363
f 1352/1500/1304 1417/1563/1365 1413/1559/1361
f 1352/1500/1304 1355/1499/1303 1418/1564/1366
f 1417/1563/1365 1418/1564/1366 1419/1565/1367
f 1421/1567/1369 1420/1570/1372 1419/1565/1367
f 1356/1504/1308 1421/1567/1369 1418/1564/1366
f 1356/1504/1308 1359/1503/1307 1422/1568/1370
f 1421/1567/1369 1422/1568/1370 1423/1569/1371
f 1425/1571/1373 1424/1574/1376 1423/1569/1371
f 1360/1508/1312 1425/1571/1373 1422/1568/1370
f 1360/1508/1312 1363/1507/1311 1426/1572/1374
f 1425/1571/1373 1426/1572/1374 1427/1573/1375
f 1429/1575/1377 1428/1578/1380 1427/1573/1375
f 1364/1512/1316 1429/1575/1377 1426/1572/1374
f 1364/1512/1316 1367/1511/1315 1430/1576/1378
f 1429/1575/1377 1430/1576/1378 1431/1577/1379
f 1433/1579/1381 1432/1582/1384 1431/1577/1379
f 1368/1516/1320 1433/1579/1381 1430/1576/1378
f 1368/1516/1320 1371/1515/1319 1434/1580/1382
f 1433/1579/1381 1434/1580/1382 1435/1581/1383
f 1437/1583/1385 1436/1586/1388 1435/1581/1383
f 1372/1520/1324 1437/1583/1385 1434/1580/1382
f 1372/1520/1324 1375/1519/1323 1438/1584/1386
f 1437/1583/1385 1438/1584/1386 1439/1585/1387
f 1441/1587/1389 1440/1590/1392 1439/1585/1387
f 1376/1524/1328 1441/1587/1389 1438/1584/1386
f 1376/1524/1328 1379/1523/1327 1442/1588/1390
f 1441/1587/1389 1442/1588/1390 1443/1589/1391
f 1445/1591/1393 1444/1594/1396 1443/1589/1391
f 1380/1528/1332 1445/1591/1393 1442/1588/1390
f 1380/1528/1332 1383/1527/1331 1446/1592/1394
f 1445/1591/1393 1446/1592/1394 1447/1593/1395
f 1449/1595/1397 1448/1598/1400 1447/1593/1395
f 1384/1532/1336 1449/1595/1397 1446/1592/1394
f 1384/1532/1336 1387/1531/1335 1450/1596/1398
f 1449/1595/1397 1450/1596/1398 1451/1597/1399
f 1453/1599/1401 1452/1602/1404 1451/1597/1399
f 1388/1536/1340 1453/1599/1401 1450/1596/1398
f 1388/1536/1340 1391/1535/1339 1454/1600/1402
f 1453/1599/1401 1454/1600/1402 1455/1601/1403
f 1457/1603/1405 1456/1606/1408 1455/1601/1403
f 1392/1540/1344 1457/1603/1405 1454/1600/1402
f 1392/1540/1344 1395/1539/1343 1458/1604/1406
f 1457/1603/1405 1458/1604/1406 1459/1605/1407
f 1461/1607/1409 1460/1610/1412 1459/1605/1407
f 1396/1544/1348 1461/1607/1409 1458/1604/1406
f 1396/1544/1348 1399/1543/1347 1462/1608/1410
f 1461/1607/1409 1462/1608/1410 1463/1609/1411
f 1465/1611/1413 1464/1614/1416 1463/1609/1411
f 1400/1548/1352 1465/1611/1413 1462/1608/1410
f 1400/1548/1352 1403/1547/1351 1466/1612/1414
f 1465/1611/1413 1466/1612/1414 1467/1613/1415
f 1469/1615/1417 1468/1618/1420 1467/1613/1415
f 1404/1552/1356 1469/1615/1417 1466/1612/1414
f 1404/1552/1356 1407/1551/1355 1470/1616/1418
f 1469/1615/1417 1470/1616/1418 1471/1617/1419
f 1473/1619/1421 1472/1622/1424 1471/1617/1419
f 1408/1556/1360 1473/1619/1421 1470/1616/1418
f 1408/1556/1360 1411/1555/1359 1474/1620/1422
f 1473/1619/1421 1474/1620/1422 1475/1621/1423
f 1412/1623/1362 1414/4099/1364 1475/1621/1423
f 1350/1624/1300 1412/1623/1362 1474/1620/1422
f 1415/1561/1363 1477/1626/1426 1476/1625/1425
f 1477/1626/1426 1479/1629/1429 1478/1627/1427
f 1477/1626/1426 1481/1630/1430 1480/1628/1428
f 1415/1561/1363 1416/1566/1368 1481/1630/1430
f 1419/1565/1367 1482/1631/1431 1481/1630/1430
f 1482/1631/1431 1483/1633/1433 1480/1628/1428
f 1482/1631/1431 1485/1634/1434 1484/1632/1432
f 1419/1565/1367 1420/1570/1372 1485/1634/1434
f 1423/1569/1371 1486/1635/1435 1485/1634/1434
f 1486/1635/1435 1487/1637/1437 1484/1632/1432
f 1486/1635/1435 1489/1638/1438 1488/1636/1436
f 1423/1569/1371 1424/1574/1376 1489/1638/1438
f 1427/1573/1375 1490/1639/1439 1489/1638/1438
f 1490/1639/1439 1491/1641/1441 1488/1636/1436
f 1490/1639/1439 1493/1642/1442 1492/1640/1440
f 1427/1573/1375 1428/1578/1380 1493/1642/1442
f 1431/1577/1379 1494/1643/1443 1493/1642/1442
f 1494/1643/1443 1495/1645/1445 1492/1640/1440
f 1494/1643/1443 1497/1646/1446 1496/1644/1444
f 1431/1577/1379 1432/1582/1384 1497/1646/1446
f 1435/1581/1383 1498/1647/1447 1497/1646/1446
f 1498/1647/1447 1499/1649/1449 1496/1644/1444
f 1498/1647/1447 1501/1650/1450 1500/1648/1448
f 1435/1581/1383 1436/1586/1388 1501/1650/1450
f 1439/1585/1387 1502/1651/1451 1501/1650/1450
f 1502/1651/1451 1503/1653/1453 1500/1648/1448
f 1502/1651/1451 1505/1654/1454 1504/1652/1452
f 1439/1585/1387 1440/1590/1392 1505/1654/1454
f 1443/1589/1391 1506/1655/1455 1505/1654/1454
f 1506/1655/1455 1507/1657/1457 1504/1652/1452
f 1506/1655/1455 1509/1658/1458 1508/1656/1456
f 1443/1589/1391 1444/1594/1396 1509/1658/1458
f 1447/1593/1395 1510/1659/1459 1509/1658/1458
f 1510/1659/1459 1511/1661/1461 1508/1656/1456
f 1510/1659/1459 1513/1662/1462 1512/1660/1460
f 1447/1593/1395 1448/1598/1400 1513/1662/1462
f 1451/1597/1399 1514/1663/1463 1513/1662/1462
f 1514/1663/1463 1515/1665/1465 1512/1660/1460
f 1514/1663/1463 1517/1666/1466 1516/1664/1464
f 1451/1597/1399 1452/1602/1404 1517/1666/1466
f 1455/1601/1403 1518/1667/1467 1517/1666/1466
f 1518/1667/1467 1519/1669/1469 1516/1664/1464
f 1518/1667/1467 1521/1670/1470 1520/1668/1468
f 1455/1601/1403 1456/1606/1408 1521/1670/1470
f 1459/1605/1407 1522/1671/1471 1521/1670/1470
f 1522/1671/1471 1523/1673/1473 1520/1668/1468
f 1522/1671/1471 1525/1674/1474 1524/1672/1472
f 1459/1605/1407 1460/1610/1412 1525/1674/1474
f 1463/1609/1411 1526/1675/1475 1525/1674/1474
f 1526/1675/1475 1527/1677/1477 1524/1672/1472
f 1526/1675/1475 1529/1678/1478 1528/1676/1476
f 1463/1609/1411 1464/1614/1416 1529/1678/1478
f 1467/1613/1415 1530/1679/1479 1529/1678/1478
f 1530/1679/1479 1531/1681/1481 1528/1676/1476
f 1530/1679/1479 1533/1682/1482 1532/1680/1480
f 1467/1613/1415 1468/1618/1420 1533/1682/1482
f 1471/1617/1419 1534/1683/1483 1533/1682/1482
f 1534/1683/1483 1535/1685/1485 1532/1680/1480
f 1534/1683/1483 1537/1686/1486 1536/1684/1484
f 1471/1617/1419 1472/1622/1424 1537/1686/1486
f 1475/1621/1423 1538/1687/1487 1537/1686/1486
f 1538/1687/1487 1539/1689/1488 1536/1684/1484
f 1538/1687/1487 1476/1690/1425 1478/1688/1427
f 1475/1621/1423 1414/4099/1364 1476/1690/1425
f 1479/1629/1429 1541/1692/1490 1540/1691/1489
f 1541/1692/1490 1543/1695/1493 1542/1693/1491
f 1541/1692/1490 1545/1696/1494 1544/1694/1492
f 1479/1629/1429 1480/1628/1428 1545/1696/1494
f 1483/1633/1433 1546/1697/1495 1545/1696/1494
f 1546/1697/1495 1547/1699/1497 1544/1694/1492
f 1546/1697/1495 1549/1700/1498 1548/1698/1496
f 1483/1633/1433 1484/1632/1432 1549/1700/1498
f 1487/1637/1437 1550/1701/1499 1549/1700/1498
f 1550/1701/1499 1551/1703/1501 1548/1698/1496
f 1550/1701/1499 1553/1704/1502 1552/1702/1500
f 1487/1637/1437 1488/1636/1436 1553/1704/1502
f 1491/1641/1441 1554/1705/1503 1553/1704/1502
f 1554/1705/1503 1555/1707/1505 1552/1702/1500
f 1554/1705/1503 1557/1708/1506 1556/1706/1504
f 1491/1641/1441 1492/1640/1440 1557/1708/1506
f 1495/1645/1445 1558/1709/1507 1557/1708/1506
f 1558/1709/1507 1559/1711/1509 1556/1706/1504
f 1558/1709/1507 1561/1712/1510 1560/1710/1508
f 1495/1645/1445 1496/1644/1444 1561/1712/1510
f 1499/1649/1449 1562/1713/1511 1561/1712/1510
f 1562/1713/1511 1563/1715/1513 1560/1710/1508
f 1562/1713/1511 1565/1716/1514 1564/1714/1512
f 1499/1649/1449 1500/1648/1448 1565/1716/1514
f 1503/1653/1453 1566/1717/1515 1565/1716/1514
f 1566/1717/1515 1567/1719/1517 1564/1714/1512
f 1566/1717/1515 1569/1720/1518 1568/1718/1516
f 1503/1653/1453 1504/1652/1452 1569/1720/1518
f 1507/1657/1457 1570/1721/1519 1569/1720/1518
f 1570/1721/1519 1571/1723/1521 1568/1718/1516
f 1570/1721/1519 1573/1724/1522 1572/1722/1520
f 1507/1657/1457 1508/1656/1456 1573/1724/1522
f 1511/1661/1461 1574/1725/1523 1573/1724/1522
f 1574/1725/1523 1575/1727/1525 1572/1722/1520
f 1574/1725/1523 1577/1728/1526 1576/1726/1524
f 1511/1661/1461 1512/1660/1460 1577/1728/1526
f 1515/1665/1465 1578/1729/1527 1577/1728/1526
f 1578/1729/1527 1579/1731/1529 1576/1726/1524
f 1578/1729/1527 1581/1732/1530 1580/1730/1528
f 1515/1665/1465 1516/1664/1464 1581/1732/1530
f 1519/1669/1469 1582/1733/1531 1581/1732/1530
f 1582/1733/1531 1583/1735/1533 1580/1730/1528
f 1582/1733/1531 1585/1736/1534 1584/1734/1532
f 1519/1669/1469 1520/1668/1468 1585/1736/1534
f 1523/1673/1473 1586/1737/1535 1585/1736/1534
f 1586/1737/1535 1587/1739/1537 1584/1734/1532
f 1586/1737/1535 1589/1740/1538 1588/1738/1536
f 1523/1673/1473 1524/1672/1472 1589/1740/1538
f 1527/1677/1477 1590/1741/1539 1589/1740/1538
f 1590/1741/1539 1591/1743/1541 1588/1738/1536
f 1590/1741/1539 1593/1744/1542 1592/1742/1540
f 1527/1677/1477 1528/1676/1476 1593/1744/1542
f 1531/1681/1481 1594/1745/1543 1593/1744/1542
f 1594/1745/1543 1595/1747/1545 1592/1742/1540
f 1594/1745/1543 1597/1748/1546 1596/1746/1544
f 1531/1681/1481 1532/1680/1480 1597/1748/1546
f 1535/1685/1485 1598/1749/1547 1597/1748/1546
f 1598/1749/1547 1599/1751/1549 1596/1746/1544
f 1598/1749/1547 1601/1752/1550 1600/1750/1548
f 1535/1685/1485 1536/1684/1484 1601/1752/1550
f 1539/1689/1488 1602/1753/1551 1601/1752/1550
f 1602/1753/1551 1603/1755/1552 1600/1750/1548
f 1602/1753/1551 1540/1756/1489 1542/1754/1491
f 1539/1689/1488 1478/1688/1427 1540/1756/1489
f 1543/1695/1493 1605/1758/1554 1604/1757/1553
f 1605/1758/1554 1607/1761/1557 1606/1759/1555
f 1605/1758/1554 1609/1762/1558 1608/1760/1556
f 1543/1695/1493 1544/1694/1492 1609/1762/1558
f 1547/1699/1497 1610/1763/1559 1609/1762/1558
f 1610/1763/1559 1611/1765/1561 1608/1760/1556
f 1610/1763/1559 1613/1766/1562 1612/1764/1560
f 1547/1699/1497 1548/1698/1496 1613/1766/1562
f 1551/1703/1501 1614/1767/1563 1613/1766/1562
f 1614/1767/1563 1615/1769/1565 1612/1764/1560
f 1614/1767/1563 1617/1770/1566 1616/1768/1564
f 1551/1703/1501 1552/1702/1500 1617/1770/1566
f 1555/1707/1505 1618/1771/1567 1617/1770/1566
f 1618/1771/1567 1619/1773/1569 1616/1768/1564
f 1618/1771/1567 1621/1774/1570 1620/1772/1568
f 1555/1707/1505 1556/1706/1504 1621/1774/1570
f 1559/1711/1509 1622/1775/1571 1621/1774/1570
f 1622/1775/1571 1623/1777/1573 1620/1772/1568
f 1622/1775/1571 1625/1778/1574 1624/1776/1572
f 1559/1711/1509 1560/1710/1508 1625/1778/1574
f 1563/1715/1513 1626/1779/1575 1625/1778/1574
f 1626/1779/1575 1627/1781/1577 1624/1776/1572
f 1626/1779/1575 1629/1782/1578 1628/1780/1576
f 1563/1715/1513 1564/1714/1512 1629/1782/1578
f 1567/1719/1517 1630/1783/1579 1629/1782/1578
f 1630/1783/1579 1631/1785/1581 1628/1780/1576
f 1630/1783/1579 1633/1786/1582 1632/1784/1580
f 1567/1719/1517 1568/1718/1516 1633/1786/1582
f 1571/1723/1521 1634/1787/1583 1633/1786/1582
f 1634/1787/1583 1635/1789/1585 1632/1784/1580
f 1634/1787/1583 1637/1790/1586 1636/1788/1584
f 1571/1723/1521 1572/1722/1520 1637/1790/1586
f 1575/1727/1525 1638/1791/1587 1637/1790/1586
f 1638/1791/1587 1639/1793/1589 1636/1788/1584
f 1638/1791/1587 1641/1794/1590 1640/1792/1588
f 1575/1727/1525 1576/1726/1524 1641/1794/1590
f 1579/1731/1529 1642/1795/1591 1641/1794/1590
f 1642/1795/1591 1643/1797/1593 1640/1792/1588
f 1642/1795/1591 1645/1798/1594 1644/1796/1592
f 1579/1731/1529 1580/1730/1528 1645/1798/1594
f 1583/1735/1533 1646/1799/1595 1645/1798/1594
f 1646/1799/1595 1647/1801/1597 1644/1796/1592
f 1646/1799/1595 1649/1802/1598 1648/1800/1596
f 1583/1735/1533 1584/1734/1532 1649/1802/1598
f 1587/1739/1537 1650/1803/1599 1649/1802/1598
f 1650/1803/1599 1651/1805/1601 1648/1800/1596
f 1650/1803/1599 1653/1806/1602 1652/1804/1600
f 1587/1739/1537 1588/1738/1536 1653/1806/1602
f 1591/1743/1541 1654/1807/1603 1653/1806/1602
f 1654/1807/1603 1655/1809/1605 1652/1804/1600
f 1654/1807/1603 1657/1810/1606 1656/1808/1604
f 1591/1743/1541 1592/1742/1540 1657/1810/1606
f 1595/1747/1545 1658/1811/1607 1657/1810/1606
f 1658/1811/1607 1659/1813/1609 1656/1808/1604
f 1658/1811/1607 1661/1814/1610 1660/1812/1608
f 1595/1747/1545 1596/1746/1544 1661/1814/1610
f 1599/1751/1549 1662/1815/1611 1661/1814/1610
f 1662/1815/1611 1663/1817/1613 1660/1812/1608
f 1662/1815/1611 1665/1818/1614 1664/1816/1612
f 1599/1751/1549 1600/1750/1548 1665/1818/1614
f 1603/1755/1552 1666/1819/1615 1665/1818/1614
f 1666/1819/1615 1667/1821/1616 1664/1816/1612
f 1666/1819/1615 1604/1822/1553 1606/1820/1555
f 1603/1755/1552 1542/1754/1491 1604/1822/1553
f 1607/1761/1557 1669/1824/1618 1668/1823/1617
f 1669/1824/1618 1671/1827/1621 1670/1825/1619
f 1669/1824/1618 1673/1828/1622 1672/1826/1620
f 1607/1761/1557 1608/1760/1556 1673/1828/1622
f 1611/1765/1561 1674/1829/1623 1673/1828/1622
f 1674/1829/1623 1675/1831/1625 1672/1826/1620
f 1674/1829/1623 1677/1832/1626 1676/1830/1624
f 1611/1765/1561 1612/1764/1560 1677/1832/1626
f 1615/1769/1565 1678/1833/1627 1677/1832/1626
f 1678/1833/1627 1679/1835/1629 1676/1830/1624
f 1678/1833/1627 1681/1836/1630 1680/1834/1628
f 1615/1769/1565 1616/1768/1564 1681/1836/1630
f 1619/1773/1569 1682/1837/1631 1681/1836/1630
f 1682/1837/1631 1683/1839/1633 1680/1834/1628
f 1682/1837/1631 1685/1840/1634 1684/1838/1632
f 1619/1773/1569 1620/1772/1568 1685/1840/1634
f 1623/1777/1573 1686/1841/1635 1685/1840/1634
f 1686/1841/1635 1687/1843/1637 1684/1838/1632
f 1686/1841/1635 1689/1844/1638 1688/1842/1636
f 1623/1777/1573 1624/1776/1572 1689/1844/1638
f 1627/1781/1577 1690/1845/1639 1689/1844/1638
f 1690/1845/1639 1691/1847/1641 1688/1842/1636
f 1690/1845/1639 1693/1848/1642 1692/1846/1640
f 1627/1781/1577 1628/1780/1576 1693/1848/1642
f 1631/1785/1581 1694/1849/1643 1693/1848/1642
f 1694/1849/1643 1695/1851/1645 1692/1846/1640
f 1694/1849/1643 1697/1852/1646 1696/1850/1644
f 1631/1785/1581 1632/1784/1580 1697/1852/1646
f 1635/1789/1585 1698/1853/1647 1697/1852/1646
f 1698/1853/1647 1699/1855/1649 1696/1850/1644
f 1698/1853/1647 1701/1856/1650 1700/1854/1648
f 1635/1789/1585 1636/1788/1584 1701/1856/1650
f 1639/1793/1589 1702/1857/1651 1701/1856/1650
f 1702/1857/1651 1703/1859/1653 1700/1854/1648
f 1702/1857/1651 1705/1860/1654 1704/1858/1652
f 1639/1793/1589 1640/1792/1588 1705/1860/1654
f 1643/1797/1593 1706/1861/1655 1705/1860/1654
f 1706/1861/1655 1707/1863/1657 1704/1858/1652
f 1706/1861/1655 1709/1864/1658 1708/1862/1656
f 1643/1797/1593 1644/1796/1592 1709/1864/1658
f 1647/1801/1597 1710/1865/1659 1709/1864/1658
f 1710/1865/1659 1711/1867/1661 1708/1862/1656
f 1710/1865/1659 1713/1868/1662 1712/1866/1660
f 1647/1801/1597 1648/1800/1596 1713/1868/1662
f 1651/1805/1601 1714/1869/1663 1713/1868/1662
f 1714/1869/1663 1715/1871/1665 1712/1866/1660
f 1714/1869/1663 1717/1872/1666 1716/1870/1664
f 1651/1805/1601 1652/1804/1600 1717/1872/1666
f 1655/1809/1605 1718/1873/1667 1717/1872/1666
f 1718/1873/1667 1719/1875/1669 1716/1870/1664
f 1718/1873/1667 1721/1876/1670 1720/1874/1668
f 1655/1809/1605 1656/1808/1604 1721/1876/1670
f 1659/1813/1609 1722/1877/1671 1721/1876/1670
f 1722/1877/1671 1723/1879/1673 1720/1874/1668
f 1722/1877/1671 1725/1880/1674 1724/1878/1672
f 1659/1813/1609 1660/1812/1608 1725/1880/1674
f 1663/1817/1613 1726/1881/1675 1725/1880/1674
f 1726/1881/1675 1727/1883/1677 1724/1878/1672
f 1726/1881/1675 1729/1884/1678 1728/1882/1676
f 1663/1817/1613 1664/1816/1612 1729/1884/1678
f 1667/1821/1616 1730/1885/1679 1729/1884/1678
f 1730/1885/1679 1731/1887/1680 1728/1882/1676
f 1730/1885/1679 1668/1888/1617 1670/1886/1619
f 1667/1821/1616 1606/1820/1555 1668/1888/1617
f 1671/1827/1621 1733/1890/1682 1732/1889/1681
f 1733/1890/1682 1735/1893/1685 1734/1891/1683
f 1733/1890/1682 1737/1894/1686 1736/1892/1684
f 1671/1827/1621 1672/1826/1620 1737/1894/1686
f 1675/1831/1625 1738/1895/1687 1737/1894/1686
f 1738/1895/1687 1739/1897/1689 1736/1892/1684
f 1738/1895/1687 1741/1898/1690 1740/1896/1688
f 1675/1831/1625 1676/1830/1624 1741/1898/1690
f 1679/1835/1629 1742/1899/1691 1741/1898/1690
f 1742/1899/1691 1743/1901/1693 1740/1896/1688
f 1742/1899/1691 1745/1902/1694 1744/1900/1692
f 1679/1835/1629 1680/1834/1628 1745/1902/1694
f 1683/1839/1633 1746/1903/1695 1745/1902/1694
f 1746/1903/1695 1747/1905/1697 1744/1900/1692
f 1746/1903/1695 1749/1906/1698 1748/1904/1696
f 1683/1839/1633 1684/1838/1632 1749/1906/1698
f 1687/1843/1637 1750/1907/1699 1749/1906/1698
f 1750/1907/1699 1751/1909/1701 1748/1904/1696
f 1750/1907/1699 1753/1910/1702 1752/1908/1700
f 1687/1843/1637 1688/1842/1636 1753/1910/1702
f 1691/1847/1641 1754/1911/1703 1753/1910/1702
f 1754/1911/1703 1755/1913/1705 1752/1908/1700
f 1754/1911/1703 1757/1914/1706 1756/1912/1704
f 1691/1847/1641 1692/1846/1640 1757/1914/1706
f 1695/1851/1645 1758/1915/1707 1757/1914/1706
f 1758/1915/1707 1759/1917/1709 1756/1912/1704
f 1758/1915/1707 1761/1918/1710 1760/1916/1708
f 1695/1851/1645 1696/1850/1644 1761/1918/1710
f 1699/1855/1649 1762/1919/1711 1761/1918/1710
f 1762/1919/1711 1763/1921/1713 1760/1916/1708
f 1762/1919/1711 1765/1922/1714 1764/1920/1712
f 1699/1855/1649 1700/1854/1648 1765/1922/1714
f 1703/1859/1653 1766/1923/1715 1765/1922/1714
f 1766/1923/1715 1767/1925/1717 1764/1920/1712
f 1766/1923/1715 1769/1926/1718 1768/1924/1716
f 1703/1859/1653 1704/1858/1652 1769/1926/1718
f 1707/1863/1657 1770/1927/1719 1769/1926/1718
f 1770/1927/1719 1771/1929/1721 1768/1924/1716
f 1770/1927/1719 1773/1930/1722 1772/1928/1720
f 1707/1863/1657 1708/1862/1656 1773/1930/1722
f 1711/1867/1661 1774/1931/1723 1773/1930/1722
f 1774/1931/1723 1775/1933/1725 1772/1928/1720
f 1774/1931/1723 1777/1934/1726 1776/1932/1724
f 1711/1867/1661 1712/1866/1660 1777/1934/1726
f 1715/1871/1665 1778/1935/1727 1777/1934/1726
f 1778/1935/1727 1779/1937/1729 1776/1932/1724
f 1778/1935/1727 1781/1938/1730 1780/1936/1728
f 1715/1871/1665 1716/1870/1664 1781/1938/1730
f 1719/1875/1669 1782/1939/1731 1781/1938/1730
f 1782/1939/1731 1783/1941/1733 1780/1936/1728
f 1782/1939/1731 1785/1942/1734 1784/1940/1732
f 1719/1875/1669 1720/1874/1668 1785/1942/1734
f 1723/1879/1673 1786/1943/1735 1785/1942/1734
f 1786/1943/1735 1787/1945/1737 1784/1940/1732
f 1786/1943/1735 1789/1946/1738 1788/1944/1736
f 1723/1879/1673 1724/1878/1672 1789/1946/1738
f 1727/1883/1677 1790/1947/1739 1789/1946/1738
f 1790/1947/1739 1791/1949/1741 1788/1944/1736
f 1790/1947/1739 1793/1950/1742 1792/1948/1740
f 1727/1883/1677 1728/1882/1676 1793/1950/1742
f 1731/1887/1680 1794/1951/1743 1793/1950/1742
f 1794/1951/1743 1795/1953/1744 1792/1948/1740
f 1794/1951/1743 1732/1954/1681 1734/1952/1683
f 1731/1887/1680 1670/1886/1619 1732/1954/1681
f 1735/1893/1685 1797/1956/1746 1796/1955/1745
f 1797/1956/1746 1799/1959/1749 1798/1957/1747
f 1797/1956/1746 1801/1960/1750 1800/1958/1748
f 1735/1893/1685 1736/1892/1684 1801/1960/1750
f 1739/1897/1689 1802/1961/1751 1801/1960/1750
f 1802/1961/1751 1803/1963/1753 1800/1958/1748
f 1802/1961/1751 1805/1964/1754 1804/1962/1752
f 1739/1897/1689 1740/1896/1688 1805/1964/1754
f 1743/1901/1693 1806/1965/1755 1805/1964/1754
f 1806/1965/1755 1807/1967/1757 1804/1962/1752
f 1806/1965/1755 1809/1968/1758 1808/1966/1756
f 1743/1901/1693 1744/1900/1692 1809/1968/1758
f 1747/1905/1697 1810/1969/1759 1809/1968/1758
f 1810/1969/1759 1811/1971/1761 1808/1966/1756
f 1810/1969/1759 1813/1972/1762 1812/1970/1760
f 1747/1905/1697 1748/1904/1696 1813/1972/1762
f 1751/1909/1701 1814/1973/1763 1813/1972/1762
f 1814/1973/1763 1815/1975/1765 1812/1970/1760
f 1814/1973/1763 1817/1976/1766 1816/1974/1764
f 1751/1909/1701 1752/1908/1700 1817/1976/1766
f 1755/1913/1705 1818/1977/1767 1817/1976/1766
f 1818/1977/1767 1819/1979/1769 1816/1974/1764
f 1818/1977/1767 1821/1980/1770 1820/1978/1768
f 1755/1913/1705 1756/1912/1704 1821/1980/1770
f 1759/1917/1709 1822/1981/1771 1821/1980/1770
f 1822/1981/1771 1823/1983/1773 1820/1978/1768
f 1822/1981/1771 1825/1984/1774 1824/1982/1772
f 1759/1917/1709 1760/1916/1708 1825/1984/1774
f 1763/1921/1713 1826/1985/1775 1825/1984/1774
f 1826/1985/1775 1827/1987/1777 1824/1982/1772
f 1826/1985/1775 1829/1988/1778 1828/1986/1776
f 1763/1921/1713 1764/1920/1712 1829/1988/1778
f 1767/1925/1717 1830/1989/1779 1829/1988/1778
f 1830/1989/1779 1831/1991/1781 1828/1986/1776
f 1830/1989/1779 1833/1992/1782 1832/1990/1780
f 1767/1925/1717 1768/1924/1716 1833/1992/1782
f 1771/1929/1721 1834/1993/1783 1833/1992/1782
f 1834/1993/1783 1835/1995/1785 1832/1990/1780
f 1834/1993/1783 1837/1996/1786 1836/1994/1784
f 1771/1929/1721 1772/1928/1720 1837/1996/1786
f 1775/1933/1725 1838/1997/1787 1837/1996/1786
f 1838/1997/1787 1839/1999/1789 1836/1994/1784
f 1838/1997/1787 1841/2000/1790 1840/1998/1788
f 1775/1933/1725 1776/1932/1724 1841/2000/1790
f 1779/1937/1729 1842/2001/1791 1841/2000/1790
f 1842/2001/1791 1843/2003/1793 1840/1998/1788
f 1842/2001/1791 1845/2004/1794 1844/2002/1792
f 1779/1937/1729 1780/1936/1728 1845/2004/1794
f 1783/1941/1733 1846/2005/1795 1845/2004/1794
f 1846/2005/1795 1847/2007/1797 1844/2002/1792
f 1846/2005/1795 1849/2008/1798 1848/2006/1796
f 1783/1941/1733 1784/1940/1732 1849/2008/1798
f 1787/1945/1737 1850/2009/1799 1849/2008/1798
f 1850/2009/1799 1851/2011/1801 1848/2006/1796
f 1850/2009/1799 1853/2012/1802 1852/2010/1800
f 1787/1945/1737 1788/1944/1736 1853/2012/1802
f 1791/1949/1741 1854/2013/1803 1853/2012/1802
f 1854/2013/1803 1855/2015/1805 1852/2010/1800
f 1854/2013/1803 1857/2016/1806 1856/2014/1804
f 1791/1949/1741 1792/1948/1740 1857/2016/1806
f 1795/1953/1744 1858/2017/1807 1857/2016/1806
f 1858/2017/1807 1859/2019/1808 1856/2014/1804
f 1858/2017/1807 1796/2020/1745 1798/2018/1747
f 1795/1953/1744 1734/1952/1683 1796/2020/1745
f 1799/1959/1749 1861/2025/1813 1860/2021/1809
f 1860/2021/1809 1861/2025/1813 1863/2022/1810
f 1865/2024/1812 1864/2027/1815 1863/2022/1810
f 1799/1959/1749 1800/1958/1748 1865/2024/1812
f 1803/1963/1753 1866/2029/1817 1865/2024/1812
f 1865/2024/1812 1866/2029/1817 1867/2026/1814
f 1869/2028/1816 1868/2031/1819 1867/2026/1814
f 1803/1963/1753 1804/1962/1752 1869/2028/1816
f 1807/1967/1757 1870/2033/1821 1869/2028/1816
f 1869/2028/1816 1870/2033/1821 1871/2030/1818
f 1873/2032/1820 1872/2035/1823 1871/2030/1818
f 1807/1967/1757 1808/1966/1756 1873/2032/1820
f 1811/1971/1761 1874/2037/1825 1873/2032/1820
f 1873/2032/1820 1874/2037/1825 1875/2034/1822
f 1877/2036/1824 1876/2039/1827 1875/2034/1822
f 1811/1971/1761 1812/1970/1760 1877/2036/1824
f 1815/1975/1765 1878/2041/1829 1877/2036/1824
f 1877/2036/1824 1878/2041/1829 1879/2038/1826
f 1881/2040/1828 1880/2043/1831 1879/2038/1826
f 1815/1975/1765 1816/1974/1764 1881/2040/1828
f 1819/1979/1769 1882/2045/1833 1881/2040/1828
f 1881/2040/1828 1882/2045/1833 1883/2042/1830
f 1885/2044/1832 1884/2047/1835 1883/2042/1830
f 1819/1979/1769 1820/1978/1768 1885/2044/1832
f 1823/1983/1773 1886/2049/1837 1885/2044/1832
f 1885/2044/1832 1886/2049/1837 1887/2046/1834
f 1889/2048/1836 1888/2051/1839 1887/2046/1834
f 1823/1983/1773 1824/1982/1772 1889/2048/1836
f 1827/1987/1777 1890/2053/1841 1889/2048/1836
f 1889/2048/1836 1890/2053/1841 1891/2050/1838
f 1893/2052/1840 1892/2055/1843 1891/2050/1838
f 1827/1987/1777 1828/1986/1776 1893/2052/1840
f 1831/1991/1781 1894/2057/1845 1893/2052/1840
f 1893/2052/1840 1894/2057/1845 1895/2054/1842
f 1897/2056/1844 1896/2059/1847 1895/2054/1842
f 1831/1991/1781 1832/1990/1780 1897/2056/1844
f 1835/1995/1785 1898/2061/1849 1897/2056/1844
f 1897/2056/1844 1898/2061/1849 1899/2058/1846
f 1901/2060/1848 1900/2063/1851 1899/2058/1846
f 1835/1995/1785 1836/1994/1784 1901/2060/1848
f 1839/1999/1789 1902/2065/1853 1901/2060/1848
f 1901/2060/1848 1902/2065/1853 1903/2062/1850
f 1905/2064/1852 1904/2067/1855 1903/2062/1850
f 1839/1999/1789 1840/1998/1788 1905/2064/1852
f 1843/2003/1793 1906/2069/1857 1905/2064/1852
f 1905/2064/1852 1906/2069/1857 1907/2066/1854
f 1909/2068/1856 1908/2071/1859 1907/2066/1854
f 1843/2003/1793 1844/2002/1792 1909/2068/1856
f 1847/2007/1797 1910/2073/1861 1909/2068/1856
f 1909/2068/1856 1910/2073/1861 1911/2070/1858
f 1913/2072/1860 1912/2075/1863 1911/2070/1858
f 1847/2007/1797 1848/2006/1796 1913/2072/1860
f 1851/2011/1801 1914/2077/1865 1913/2072/1860
f 1913/2072/1860 1914/2077/1865 1915/2074/1862
f 1917/2076/1864 1916/2079/1867 1915/2074/1862
f 1851/2011/1801 1852/2010/1800 1917/2076/1864
f 1855/2015/1805 1918/2081/1869 1917/2076/1864
f 1917/2076/1864 1918/2081/1869 1919/2078/1866
f 1921/2080/1868 1920/2083/1871 1919/2078/1866
f 1855/2015/1805 1856/2014/1804 1921/2080/1868
f 1859/2019/1808 1922/2085/1872 1921/2080/1868
f 1921/2080/1868 1922/2085/1872 1923/2082/1870
f 1860/2084/1809 1862/2151/1811 1923/2082/1870
f 1859/2019/1808 1798/2018/1747 1860/2084/1809
f 1862/2023/1811 1863/2022/1810 1925/2086/1873
f 1924/2087/1874 1925/2086/1873 1927/2088/1875
f 1929/2090/1877 1928/2093/1880 1927/2088/1875
f 1864/2027/1815 1929/2090/1877 1925/2086/1873
f 1864/2027/1815 1867/2026/1814 1930/2091/1878
f 1929/2090/1877 1930/2091/1878 1931/2092/1879
f 1933/2094/1881 1932/2097/1884 1931/2092/1879
f 1868/2031/1819 1933/2094/1881 1930/2091/1878
f 1868/2031/1819 1871/2030/1818 1934/2095/1882
f 1933/2094/1881 1934/2095/1882 1935/2096/1883
f 1937/2098/1885 1936/2101/1888 1935/2096/1883
f 1872/2035/1823 1937/2098/1885 1934/2095/1882
f 1872/2035/1823 1875/2034/1822 1938/2099/1886
f 1937/2098/1885 1938/2099/1886 1939/2100/1887
f 1941/2102/1889 1940/2105/1892 1939/2100/1887
f 1876/2039/1827 1941/2102/1889 1938/2099/1886
f 1876/2039/1827 1879/2038/1826 1942/2103/1890
f 1941/2102/1889 1942/2103/1890 1943/2104/1891
f 1945/2106/1893 1944/2109/1896 1943/2104/1891
f 1880/2043/1831 1945/2106/1893 1942/2103/1890
f 1880/2043/1831 1883/2042/1830 1946/2107/1894
f 1945/2106/1893 1946/2107/1894 1947/2108/1895
f 1949/2110/1897 1948/2113/1900 1947/2108/1895
f 1884/2047/1835 1949/2110/1897 1946/2107/1894
f 1884/2047/1835 1887/2046/1834 1950/2111/1898
f 1949/2110/1897 1950/2111/1898 1951/2112/1899
f 1953/2114/1901 1952/2117/1904 1951/2112/1899
f 1888/2051/1839 1953/2114/1901 1950/2111/1898
f 1888/2051/1839 1891/2050/1838 1954/2115/1902
f 1953/2114/1901 1954/2115/1902 1955/2116/1903
f 1957/2118/1905 1956/2121/1908 1955/2116/1903
f 1892/2055/1843 1957/2118/1905 1954/2115/1902
f 1892/2055/1843 1895/2054/1842 1958/2119/1906
f 1957/2118/1905 1958/2119/1906 1959/2120/1907
f 1961/2122/1909 1960/2125/1912 1959/2120/1907
f 1896/2059/1847 1961/2122/1909 1958/2119/1906
f 1896/2059/1847 1899/2058/1846 1962/2123/1910
f 1961/2122/1909 1962/2123/1910 1963/2124/1911
f 1965/2126/1913 1964/2129/1916 1963/2124/1911
f 1900/2063/1851 1965/2126/1913 1962/2123/1910
f 1900/2063/1851 1903/2062/1850 1966/2127/1914
f 1965/2126/1913 1966/2127/1914 1967/2128/1915
f 1969/2130/1917 1968/2133/1920 1967/2128/1915
f 1904/2067/1855 1969/2130/1917 1966/2127/1914
f 1904/2067/1855 1907/2066/1854 1970/2131/1918
f 1969/2130/1917 1970/2131/1918 1971/2132/1919
f 1973/2134/1921 1972/2137/1924 1971/2132/1919
f 1908/2071/1859 1973/2134/1921 1970/2131/1918
f 1908/2071/1859 1911/2070/1858 1974/2135/1922
f 1973/2134/1921 1974/2135/1922 1975/2136/1923
f 1977/2138/1925 1976/2141/1928 1975/2136/1923
f 1912/2075/1863 1977/2138/1925 1974/2135/1922
f 1912/2075/1863 1915/2074/1862 1978/2139/1926
f 1977/2138/1925 1978/2139/1926 1979/2140/1927
f 1981/2142/1929 1980/2145/1932 1979/2140/1927
f 1916/2079/1867 1981/2142/1929 1978/2139/1926
f 1916/2079/1867 1919/2078/1866 1982/2143/1930
f 1981/2142/1929 1982/2143/1930 1983/2144/1931
f 1985/2146/1933 1984/2149/1936 1983/2144/1931
f 1920/2083/1871 1985/2146/1933 1982/2143/1930
f 1920/2083/1871 1923/2082/1870 1986/2147/1934
f 1985/2146/1933 1986/2147/1934 1987/2148/1935
f 1924/2150/1874 1926/2217/1876 1987/2148/1935
f 1862/2151/1811 1924/2150/1874 1986/2147/1934
f 1926/2089/1876 1927/2088/1875 1989/2152/1937
f 1988/2153/1938 1989/2152/1937 1991/2154/1939
f 1993/2156/1941 1992/2159/1944 1991/2154/1939
f 1928/2093/1880 1993/2156/1941 1989/2152/1937
f 1928/2093/1880 1931/2092/1879 1994/2157/1942
f 1993/2156/1941 1994/2157/1942 1995/2158/1943
f 1997/2160/1945 1996/2163/1948 1995/2158/1943
f 1932/2097/1884 1997/2160/1945 1994/2157/1942
f 1932/2097/1884 1935/2096/1883 1998/2161/1946
f 1997/2160/1945 1998/2161/1946 1999/2162/1947
f 2001/2164/1949 2000/2167/1952 1999/2162/1947
f 1936/2101/1888 2001/2164/1949 1998/2161/1946
f 1936/2101/1888 1939/2100/1887 2002/2165/1950
f 2001/2164/1949 2002/2165/1950 2003/2166/1951
f 2005/2168/1953 2004/2171/1956 2003/2166/1951
f 1940/2105/1892 2005/2168/1953 2002/2165/1950
f 1940/2105/1892 1943/2104/1891 2006/2169/1954
f 2005/2168/1953 2006/2169/1954 2007/2170/1955
f 2009/2172/1957 2008/2175/1960 2007/2170/1955
f 1944/2109/1896 2009/2172/1957 2006/2169/1954
f 1944/2109/1896 1947/2108/1895 2010/2173/1958
f 2009/2172/1957 2010/2173/1958 2011/2174/1959
f 2013/2176/1961 2012/2179/1964 2011/2174/1959
f 1948/2113/1900 2013/2176/1961 2010/2173/1958
f 1948/2113/1900 1951/2112/1899 2014/2177/1962
f 2013/2176/1961 2014/2177/1962 2015/2178/1963
f 2017/2180/1965 2016/2183/1968 2015/2178/1963
f 1952/2117/1904 2017/2180/1965 2014/2177/1962
f 1952/2117/1904 1955/2116/1903 2018/2181/1966
f 2017/2180/1965 2018/2181/1966 2019/2182/1967
f 2021/2184/1969 2020/2187/1972 2019/2182/1967
f 1956/2121/1908 2021/2184/1969 2018/2181/1966
f 1956/2121/1908 1959/2120/1907 2022/2185/1970
f 2021/2184/1969 2022/2185/1970 2023/2186/1971
f 2025/2188/1973 2024/2191/1976 2023/2186/1971
f 1960/2125/1912 2025/2188/1973 2022/2185/1970
f 1960/2125/1912 1963/2124/1911 2026/2189/1974
f 2025/2188/1973 2026/2189/1974 2027/2190/1975
f 2029/2192/1977 2028/2195/1980 2027/2190/1975
f 1964/2129/1916 2029/2192/1977 2026/2189/1974
f 1964/2129/1916 1967/2128/1915 2030/2193/1978
f 2029/2192/1977 2030/2193/1978 2031/2194/1979
f 2033/2196/1981 2032/2199/1984 2031/2194/1979
f 1968/2133/1920 2033/2196/1981 2030/2193/1978
f 1968/2133/1920 1971/2132/1919 2034/2197/1982
f 2033/2196/1981 2034/2197/1982 2035/2198/1983
f 2037/2200/1985 2036/2203/1988 2035/2198/1983
f 1972/2137/1924 2037/2200/1985 2034/2197/1982
f 1972/2137/1924 1975/2136/1923 2038/2201/1986
f 2037/2200/1985 2038/2201/1986 2039/2202/1987
f 2041/2204/1989 2040/2207/1992 2039/2202/1987
f 1976/2141/1928 2041/2204/1989 2038/2201/1986
f 1976/2141/1928 1979/2140/1927 2042/2205/1990
f 2041/2204/1989 2042/2205/1990 2043/2206/1991
f 2045/2208/1993 2044/2211/1996 2043/2206/1991
f 1980/2145/1932 2045/2208/1993 2042/2205/1990
f 1980/2145/1932 1983/2144/1931 2046/2209/1994
f 2045/2208/1993 2046/2209/1994 2047/2210/1995
f 2049/2212/1997 2048/2215/2000 2047/2210/1995
f 1984/2149/1936 2049/2212/1997 2046/2209/1994
f 1984/2149/1936 1987/2148/1935 2050/2213/1998
f 2049/2212/1997 2050/2213/1998 2051/2214/1999
f 1988/2216/1938 1990/3632/1940 2051/2214/1999
f 1926/2217/1876 1988/2216/1938 2050/2213/1998
f 2052/2218/2001 2055/2225/2008 2054/2219/2002
f 2053/2220/2003 2054/2219/2002 2057/2221/2004
f 2059/2223/2006 2058/2228/2011 2057/2221/2004
f 2060/2224/2007 2059/2223/2006 2054/2219/2002
f 2060/2224/2007 2062/2231/2014 2061/2226/2009
f 2059/2223/2006 2061/2226/2009 2063/2227/2010
f 2065/2229/2012 2064/2234/2017 2063/2227/2010
f 2066/2230/2013 2065/2229/2012 2061/2226/2009
f 2066/2230/2013 2068/2237/2020 2067/2232/2015
f 2065/2229/2012 2067/2232/2015 2069/2233/2016
f 2071/2235/2018 2070/2240/2023 2069/2233/2016
f 2072/2236/2019 2071/2235/2018 2067/2232/2015
f 2072/2236/2019 2074/2243/2026 2073/2238/2021
f 2071/2235/2018 2073/2238/2021 2075/2239/2022
f 2077/2241/2024 2076/2246/2029 2075/2239/2022
f 2078/2242/2025 2077/2241/2024 2073/2238/2021
f 2078/2242/2025 2080/2249/2032 2079/2244/2027
f 2077/2241/2024 2079/2244/2027 2081/2245/2028
f 2083/2247/2030 2082/2252/2035 2081/2245/2028
f 2084/2248/2031 2083/2247/2030 2079/2244/2027
f 2084/2248/2031 2086/2255/2038 2085/2250/2033
f 2083/2247/2030 2085/2250/2033 2087/2251/2034
f 2089/2253/2036 2088/2258/2041 2087/2251/2034
f 2090/2254/2037 2089/2253/2036 2085/2250/2033
f 2090/2254/2037 2092/2261/2044 2091/2256/2039
f 2089/2253/2036 2091/2256/2039 2093/2257/2040
f 2095/2259/2042 2094/2264/2047 2093/2257/2040
f 2096/2260/2043 2095/2259/2042 2091/2256/2039
f 2096/2260/2043 2098/2267/2050 2097/2262/2045
f 2095/2259/2042 2097/2262/2045 2099/2263/2046
f 2101/2265/2048 2100/2270/2053 2099/2263/2046
f 2102/2266/2049 2101/2265/2048 2097/2262/2045
f 2102/2266/2049 2104/2273/2056 2103/2268/2051
f 2101/2265/2048 2103/2268/2051 2105/2269/2052
f 2107/2271/2054 2106/2276/2059 2105/2269/2052
f 2108/2272/2055 2107/2271/2054 2103/2268/2051
f 2108/2272/2055 2110/2279/2062 2109/2274/2057
f 2107/2271/2054 2109/2274/2057 2111/2275/2058
f 2113/2277/2060 2112/2282/2065 2111/2275/2058
f 2114/2278/2061 2113/2277/2060 2109/2274/2057
f 2114/2278/2061 2116/2285/2068 2115/2280/2063
f 2113/2277/2060 2115/2280/2063 2117/2281/2064
f 2119/2283/2066 2118/2288/2071 2117/2281/2064
f 2120/2284/2067 2119/2283/2066 2115/2280/2063
f 2120/2284/2067 2122/2291/2074 2121/2286/2069
f 2119/2283/2066 2121/2286/2069 2123/2287/2070
f 2125/2289/2072 2124/2294/2077 2123/2287/2070
f 2126/2290/2073 2125/2289/2072 2121/2286/2069
f 2126/2290/2073 2128/2297/2080 2127/2292/2075
f 2125/2289/2072 2127/2292/2075 2129/2293/2076
f 2131/2295/2078 2130/2300/2083 2129/2293/2076
f 2132/2296/2079 2131/2295/2078 2127/2292/2075
f 2132/2296/2079 2134/2303/2086 2133/2298/2081
f 2131/2295/2078 2133/2298/2081 2135/2299/2082
f 2137/2301/2084 2136/2306/2089 2135/2299/2082
f 2138/2302/2085 2137/2301/2084 2133/2298/2081
f 2138/2302/2085 2140/2309/2092 2139/2304/2087
f 2137/2301/2084 2139/2304/2087 2141/2305/2088
f 2143/2307/2090 2142/2312/2095 2141/2305/2088
f 2144/2308/2091 2143/2307/2090 2139/2304/2087
f 2144/2308/2091 2146/2315/2096 2145/2310/2093
f 2143/2307/2090 2145/2310/2093 2147/2311/2094
f 2053/2313/2003 2056/2381/2005 2147/2311/2094
f 2052/2314/2001 2053/2313/2003 2145/2310/2093
f 2056/2222/2005 2057/2221/2004 2149/2316/2097
f 2148/2317/2098 2149/2316/2097 2151/2318/2099
f 2153/2320/2101 2152/2323/2104 2151/2318/2099
f 2058/2228/2011 2153/2320/2101 2149/2316/2097
f 2058/2228/2011 2063/2227/2010 2154/2321/2102
f 2153/2320/2101 2154/2321/2102 2155/2322/2103
f 2157/2324/2105 2156/2327/2108 2155/2322/2103
f 2064/2234/2017 2157/2324/2105 2154/2321/2102
f 2064/2234/2017 2069/2233/2016 2158/2325/2106
f 2157/2324/2105 2158/2325/2106 2159/2326/2107
f 2161/2328/2109 2160/2331/2112 2159/2326/2107
f 2070/2240/2023 2161/2328/2109 2158/2325/2106
f 2070/2240/2023 2075/2239/2022 2162/2329/2110
f 2161/2328/2109 2162/2329/2110 2163/2330/2111
f 2165/2332/2113 2164/2335/2116 2163/2330/2111
f 2076/2246/2029 2165/2332/2113 2162/2329/2110
f 2076/2246/2029 2081/2245/2028 2166/2333/2114
f 2165/2332/2113 2166/2333/2114 2167/2334/2115
f 2169/2336/2117 2168/2339/2120 2167/2334/2115
f 2082/2252/2035 2169/2336/2117 2166/2333/2114
f 2082/2252/2035 2087/2251/2034 2170/2337/2118
f 2169/2336/2117 2170/2337/2118 2171/2338/2119
f 2173/2340/2121 2172/2343/2124 2171/2338/2119
f 2088/2258/2041 2173/2340/2121 2170/2337/2118
f 2088/2258/2041 2093/2257/2040 2174/2341/2122
f 2173/2340/2121 2174/2341/2122 2175/2342/2123
f 2177/2344/2125 2176/2347/2128 2175/2342/2123
f 2094/2264/2047 2177/2344/2125 2174/2341/2122
f 2094/2264/2047 2099/2263/2046 2178/2345/2126
f 2177/2344/2125 2178/2345/2126 2179/2346/2127
f 2181/2348/2129 2180/2351/2132 2179/2346/2127
f 2100/2270/2053 2181/2348/2129 2178/2345/2126
f 2100/2270/2053 2105/2269/2052 2182/2349/2130
f 2181/2348/2129 2182/2349/2130 2183/2350/2131
f 2185/2352/2133 2184/2355/2136 2183/2350/2131
f 2106/2276/2059 2185/2352/2133 2182/2349/2130
f 2106/2276/2059 2111/2275/2058 2186/2353/2134
f 2185/2352/2133 2186/2353/2134 2187/2354/2135
f 2189/2356/2137 2188/2359/2140 2187/2354/2135
f 2112/2282/2065 2189/2356/2137 2186/2353/2134
f 2112/2282/2065 2117/2281/2064 2190/2357/2138
f 2189/2356/2137 2190/2357/2138 2191/2358/2139
f 2193/2360/2141 2192/2363/2144 2191/2358/2139
f 2118/2288/2071 2193/2360/2141 2190/2357/2138
f 2118/2288/2071 2123/2287/2070 2194/2361/2142
f 2193/2360/2141 2194/2361/2142 2195/2362/2143
f 2197/2364/2145 2196/2367/2148 2195/2362/2143
f 2124/2294/2077 2197/2364/2145 2194/2361/2142
f 2124/2294/2077 2129/2293/2076 2198/2365/2146
f 2197/2364/2145 2198/2365/2146 2199/2366/2147
f 2201/2368/2149 2200/2371/2152 2199/2366/2147
f 2130/2300/2083 2201/2368/2149 2198/2365/2146
f 2130/2300/2083 2135/2299/2082 2202/2369/2150
f 2201/2368/2149 2202/2369/2150 2203/2370/2151
f 2205/2372/2153 2204/2375/2156 2203/2370/2151
f 2136/2306/2089 2205/2372/2153 2202/2369/2150
f 2136/2306/2089 2141/2305/2088 2206/2373/2154
f 2205/2372/2153 2206/2373/2154 2207/2374/2155
f 2209/2376/2157 2208/2379/2160 2207/2374/2155
f 2142/2312/2095 2209/2376/2157 2206/2373/2154
f 2142/2312/2095 2147/2311/2094 2210/2377/2158
f 2209/2376/2157 2210/2377/2158 2211/2378/2159
f 2148/2380/2098 2150/2447/2100 2211/2378/2159
f 2056/2381/2005 2148/2380/2098 2210/2377/2158
f 2150/2319/2100 2151/2318/2099 2213/2382/2161
f 2212/2383/2162 2213/2382/2161 2215/2384/2163
f 2217/2386/2165 2216/2389/2168 2215/2384/2163
f 2152/2323/2104 2217/2386/2165 2213/2382/2161
f 2152/2323/2104 2155/2322/2103 2218/2387/2166
f 2217/2386/2165 2218/2387/2166 2219/2388/2167
f 2221/2390/2169 2220/2393/2172 2219/2388/2167
f 2156/2327/2108 2221/2390/2169 2218/2387/2166
f 2156/2327/2108 2159/2326/2107 2222/2391/2170
f 2221/2390/2169 2222/2391/2170 2223/2392/2171
f 2225/2394/2173 2224/2397/2176 2223/2392/2171
f 2160/2331/2112 2225/2394/2173 2222/2391/2170
f 2160/2331/2112 2163/2330/2111 2226/2395/2174
f 2225/2394/2173 2226/2395/2174 2227/2396/2175
f 2229/2398/2177 2228/2401/2180 2227/2396/2175
f 2164/2335/2116 2229/2398/2177 2226/2395/2174
f 2164/2335/2116 2167/2334/2115 2230/2399/2178
f 2229/2398/2177 2230/2399/2178 2231/2400/2179
f 2233/2402/2181 2232/2405/2184 2231/2400/2179
f 2168/2339/2120 2233/2402/2181 2230/2399/2178
f 2168/2339/2120 2171/2338/2119 2234/2403/2182
f 2233/2402/2181 2234/2403/2182 2235/2404/2183
f 2237/2406/2185 2236/2409/2188 2235/2404/2183
f 2172/2343/2124 2237/2406/2185 2234/2403/2182
f 2172/2343/2124 2175/2342/2123 2238/2407/2186
f 2237/2406/2185 2238/2407/2186 2239/2408/2187
f 2241/2410/2189 2240/2413/2192 2239/2408/2187
f 2176/2347/2128 2241/2410/2189 2238/2407/2186
f 2176/2347/2128 2179/2346/2127 2242/2411/2190
f 2241/2410/2189 2242/2411/2190 2243/2412/2191
f 2245/2414/2193 2244/2417/2196 2243/2412/2191
f 2180/2351/2132 2245/2414/2193 2242/2411/2190
f 2180/2351/2132 2183/2350/2131 2246/2415/2194
f 2245/2414/2193 2246/2415/2194 2247/2416/2195
f 2249/2418/2197 2248/2421/2200 2247/2416/2195
f 2184/2355/2136 2249/2418/2197 2246/2415/2194
f 2184/2355/2136 2187/2354/2135 2250/2419/2198
f 2249/2418/2197 2250/2419/2198 2251/2420/2199
f 2253/2422/2201 2252/2425/2204 2251/2420/2199
f 2188/2359/2140 2253/2422/2201 2250/2419/2198
f 2188/2359/2140 2191/2358/2139 2254/2423/2202
f 2253/2422/2201 2254/2423/2202 2255/2424/2203
f 2257/2426/2205 2256/2429/2208 2255/2424/2203
f 2192/2363/2144 2257/2426/2205 2254/2423/2202
f 2192/2363/2144 2195/2362/2143 2258/2427/2206
f 2257/2426/2205 2258/2427/2206 2259/2428/2207
f 2261/2430/2209 2260/2433/2212 2259/2428/2207
f 2196/2367/2148 2261/2430/2209 2258/2427/2206
f 2196/2367/2148 2199/2366/2147 2262/2431/2210
f 2261/2430/2209 2262/2431/2210 2263/2432/2211
f 2265/2434/2213 2264/2437/2216 2263/2432/2211
f 2200/2371/2152 2265/2434/2213 2262/2431/2210
f 2200/2371/2152 2203/2370/2151 2266/2435/2214
f 2265/2434/2213 2266/2435/2214 2267/2436/2215
f 2269/2438/2217 2268/2441/2220 2267/2436/2215
f 2204/2375/2156 2269/2438/2217 2266/2435/2214
f 2204/2375/2156 2207/2374/2155 2270/2439/2218
f 2269/2438/2217 2270/2439/2218 2271/2440/2219
f 2273/2442/2221 2272/2445/2224 2271/2440/2219
f 2208/2379/2160 2273/2442/2221 2270/2439/2218
f 2208/2379/2160 2211/2378/2159 2274/2443/2222
f 2273/2442/2221 2274/2443/2222 2275/2444/2223
f 2212/2446/2162 2214/4100/2164 2275/2444/2223
f 2150/2447/2100 2212/2446/2162 2274/2443/2222
f 2214/2385/2164 2215/2384/2163 2277/2448/2225
f 2276/2449/2226 2277/2448/2225 2279/2450/2227
f 2277/2448/2225 2281/2453/2230 2280/2452/2229
f 2215/2384/2163 2216/2389/2168 2281/2453/2230
f 2216/2389/2168 2219/2388/2167 2282/2454/2231
f 2281/2453/2230 2282/2454/2231 2283/2455/2232
f 2282/2454/2231 2285/2457/2234 2284/2456/2233
f 2219/2388/2167 2220/2393/2172 2285/2457/2234
f 2220/2393/2172 2223/2392/2171 2286/2458/2235
f 2285/2457/2234 2286/2458/2235 2287/2459/2236
f 2286/2458/2235 2289/2461/2238 2288/2460/2237
f 2223/2392/2171 2224/2397/2176 2289/2461/2238
f 2224/2397/2176 2227/2396/2175 2290/2462/2239
f 2289/2461/2238 2290/2462/2239 2291/2463/2240
f 2290/2462/2239 2293/2465/2242 2292/2464/2241
f 2227/2396/2175 2228/2401/2180 2293/2465/2242
f 2228/2401/2180 2231/2400/2179 2294/2466/2243
f 2293/2465/2242 2294/2466/2243 2295/2467/2244
f 2294/2466/2243 2297/2469/2246 2296/2468/2245
f 2231/2400/2179 2232/2405/2184 2297/2469/2246
f 2232/2405/2184 2235/2404/2183 2298/2470/2247
f 2297/2469/2246 2298/2470/2247 2299/2471/2248
f 2298/2470/2247 2301/2473/2250 2300/2472/2249
f 2235/2404/2183 2236/2409/2188 2301/2473/2250
f 2236/2409/2188 2239/2408/2187 2302/2474/2251
f 2301/2473/2250 2302/2474/2251 2303/2475/2252
f 2302/2474/2251 2305/2477/2254 2304/2476/2253
f 2239/2408/2187 2240/2413/2192 2305/2477/2254
f 2240/2413/2192 2243/2412/2191 2306/2478/2255
f 2305/2477/2254 2306/2478/2255 2307/2479/2256
f 2306/2478/2255 2309/2481/2258 2308/2480/2257
f 2243/2412/2191 2244/2417/2196 2309/2481/2258
f 2244/2417/2196 2247/2416/2195 2310/2482/2259
f 2309/2481/2258 2310/2482/2259 2311/2483/2260
f 2310/2482/2259 2313/2485/2262 2312/2484/2261
f 2247/2416/2195 2248/2421/2200 2313/2485/2262
f 2248/2421/2200 2251/2420/2199 2314/2486/2263
f 2313/2485/2262 2314/2486/2263 2315/2487/2264
f 2314/2486/2263 2317/2489/2266 2316/2488/2265
f 2251/2420/2199 2252/2425/2204 2317/2489/2266
f 2252/2425/2204 2255/2424/2203 2318/2490/2267
f 2317/2489/2266 2318/2490/2267 2319/2491/2268
f 2318/2490/2267 2321/2493/2270 2320/2492/2269
f 2255/2424/2203 2256/2429/2208 2321/2493/2270
f 2256/2429/2208 2259/2428/2207 2322/2494/2271
f 2321/2493/2270 2322/2494/2271 2323/2495/2272
f 2322/2494/2271 2325/2497/2274 2324/2496/2273
f 2259/2428/2207 2260/2433/2212 2325/2497/2274
f 2260/2433/2212 2263/2432/2211 2326/2498/2275
f 2325/2497/2274 2326/2498/2275 2327/2499/2276
f 2326/2498/2275 2329/2501/2278 2328/2500/2277
f 2263/2432/2211 2264/2437/2216 2329/2501/2278
f 2264/2437/2216 2267/2436/2215 2330/2502/2279
f 2329/2501/2278 2330/2502/2279 2331/2503/2280
f 2330/2502/2279 2333/2505/2282 2332/2504/2281
f 2267/2436/2215 2268/2441/2220 2333/2505/2282
f 2268/2441/2220 2271/2440/2219 2334/2506/2283
f 2333/2505/2282 2334/2506/2283 2335/2507/2284
f 2334/2506/2283 2337/2509/2286 2336/2508/2285
f 2271/2440/2219 2272/2445/2224 2337/2509/2286
f 2272/2445/2224 2275/2444/2223 2338/2510/2287
f 2337/2509/2286 2338/2510/2287 2339/2511/2288
f 2338/2510/2287 2276/2513/2226 2278/2512/2228
f 2275/2444/2223 2214/4100/2164 2276/2513/2226
f 2340/2514/2289 2343/2520/2295 2342/2515/2290
f 2341/2516/2291 2342/2515/2290 2345/2517/2292
f 2342/2515/2290 2347/2521/2296 2346/2519/2294
f 2343/2520/2295 2348/2522/2297 2347/2521/2296
f 2348/2522/2297 2350/2526/2301 2349/2523/2298
f 2347/2521/2296 2349/2523/2298 2351/2524/2299
f 2349/2523/2298 2353/2527/2302 2352/2525/2300
f 2350/2526/2301 2354/2528/2303 2353/2527/2302
f 2354/2528/2303 2356/2532/2307 2355/2529/2304
f 2353/2527/2302 2355/2529/2304 2357/2530/2305
f 2355/2529/2304 2359/2533/2308 2358/2531/2306
f 2356/2532/2307 2360/2534/2309 2359/2533/2308
f 2360/2534/2309 2362/2538/2313 2361/2535/2310
f 2359/2533/2308 2361/2535/2310 2363/2536/2311
f 2361/2535/2310 2365/2539/2314 2364/2537/2312
f 2362/2538/2313 2366/2540/2315 2365/2539/2314
f 2366/2540/2315 2368/2544/2319 2367/2541/2316
f 2365/2539/2314 2367/2541/2316 2369/2542/2317
f 2367/2541/2316 2371/2545/2320 2370/2543/2318
f 2368/2544/2319 2372/2546/2321 2371/2545/2320
f 2372/2546/2321 2374/2550/2325 2373/2547/2322
f 2371/2545/2320 2373/2547/2322 2375/2548/2323
f 2373/2547/2322 2377/2551/2326 2376/2549/2324
f 2374/2550/2325 2378/2552/2327 2377/2551/2326
f 2378/2552/2327 2380/2556/2331 2379/2553/2328
f 2377/2551/2326 2379/2553/2328 2381/2554/2329
f 2379/2553/2328 2383/2557/2332 2382/2555/2330
f 2380/2556/2331 2384/2558/2333 2383/2557/2332
f 2384/2558/2333 2386/2562/2337 2385/2559/2334
f 2383/2557/2332 2385/2559/2334 2387/2560/2335
f 2385/2559/2334 2389/2563/2338 2388/2561/2336
f 2386/2562/2337 2390/2564/2339 2389/2563/2338
f 2390/2564/2339 2392/2568/2343 2391/2565/2340
f 2389/2563/2338 2391/2565/2340 2393/2566/2341
f 2391/2565/2340 2395/2569/2344 2394/2567/2342
f 2392/2568/2343 2396/2570/2345 2395/2569/2344
f 2396/2570/2345 2398/2574/2349 2397/2571/2346
f 2395/2569/2344 2397/2571/2346 2399/2572/2347
f 2397/2571/2346 2401/2575/2350 2400/2573/2348
f 2398/2574/2349 2402/2576/2351 2401/2575/2350
f 2402/2576/2351 2404/2580/2355 2403/2577/2352
f 2401/2575/2350 2403/2577/2352 2405/2578/2353
f 2403/2577/2352 2407/2581/2356 2406/2579/2354
f 2404/2580/2355 2408/2582/2357 2407/2581/2356
f 2408/2582/2357 2410/2586/2361 2409/2583/2358
f 2407/2581/2356 2409/2583/2358 2411/2584/2359
f 2409/2583/2358 2413/2587/2362 2412/2585/2360
f 2410/2586/2361 2414/2588/2363 2413/2587/2362
f 2414/2588/2363 2416/2592/2367 2415/2589/2364
f 2413/2587/2362 2415/2589/2364 2417/2590/2365
f 2415/2589/2364 2419/2593/2368 2418/2591/2366
f 2416/2592/2367 2420/2594/2369 2419/2593/2368
f 2420/2594/2369 2422/2598/2373 2421/2595/2370
f 2419/2593/2368 2421/2595/2370 2423/2596/2371
f 2421/2595/2370 2425/2599/2374 2424/2597/2372
f 2422/2598/2373 2426/2600/2375 2425/2599/2374
f 2426/2600/2375 2428/2604/2379 2427/2601/2376
f 2425/2599/2374 2427/2601/2376 2429/2602/2377
f 2427/2601/2376 2431/2605/2380 2430/2603/2378
f 2428/2604/2379 2432/2606/2381 2431/2605/2380
f 2432/2606/2381 2434/2610/2384 2433/2607/2382
f 2431/2605/2380 2433/2607/2382 2435/2608/2383
f 2433/2607/2382 2341/2611/2291 2344/2609/2293
f 2434/2610/2384 2340/3665/2289 2341/2611/2291
f 2345/2517/2292 2437/2613/2386 2436/2612/2385
f 2437/2613/2386 2439/2616/2389 2438/2614/2387
f 2441/2615/2388 2440/2618/2391 2439/2616/2389
f 2346/2519/2294 2441/2615/2388 2437/2613/2386
f 2351/2524/2299 2442/2617/2390 2441/2615/2388
f 2442/2617/2390 2443/2620/2393 2440/2618/2391
f 2445/2619/2392 2444/2622/2395 2443/2620/2393
f 2352/2525/2300 2445/2619/2392 2442/2617/2390
f 2357/2530/2305 2446/2621/2394 2445/2619/2392
f 2446/2621/2394 2447/2624/2397 2444/2622/2395
f 2449/2623/2396 2448/2626/2399 2447/2624/2397
f 2358/2531/2306 2449/2623/2396 2446/2621/2394
f 2363/2536/2311 2450/2625/2398 2449/2623/2396
f 2450/2625/2398 2451/2628/2401 2448/2626/2399
f 2453/2627/2400 2452/2630/2403 2451/2628/2401
f 2364/2537/2312 2453/2627/2400 2450/2625/2398
f 2369/2542/2317 2454/2629/2402 2453/2627/2400
f 2454/2629/2402 2455/2632/2405 2452/2630/2403
f 2457/2631/2404 2456/2634/2407 2455/2632/2405
f 2370/2543/2318 2457/2631/2404 2454/2629/2402
f 2375/2548/2323 2458/2633/2406 2457/2631/2404
f 2458/2633/2406 2459/2636/2409 2456/2634/2407
f 2461/2635/2408 2460/2638/2411 2459/2636/2409
f 2376/2549/2324 2461/2635/2408 2458/2633/2406
f 2381/2554/2329 2462/2637/2410 2461/2635/2408
f 2462/2637/2410 2463/2640/2413 2460/2638/2411
f 2465/2639/2412 2464/2642/2415 2463/2640/2413
f 2382/2555/2330 2465/2639/2412 2462/2637/2410
f 2387/2560/2335 2466/2641/2414 2465/2639/2412
f 2466/2641/2414 2467/2644/2417 2464/2642/2415
f 2469/2643/2416 2468/2646/2419 2467/2644/2417
f 2388/2561/2336 2469/2643/2416 2466/2641/2414
f 2393/2566/2341 2470/2645/2418 2469/2643/2416
f 2470/2645/2418 2471/2648/2421 2468/2646/2419
f 2473/2647/2420 2472/2650/2423 2471/2648/2421
f 2394/2567/2342 2473/2647/2420 2470/2645/2418
f 2399/2572/2347 2474/2649/2422 2473/2647/2420
f 2474/2649/2422 2475/2652/2425 2472/2650/2423
f 2477/2651/2424 2476/2654/2427 2475/2652/2425
f 2400/2573/2348 2477/2651/2424 2474/2649/2422
f 2405/2578/2353 2478/2653/2426 2477/2651/2424
f 2478/2653/2426 2479/2656/2429 2476/2654/2427
f 2481/2655/2428 2480/2658/2431 2479/2656/2429
f 2406/2579/2354 2481/2655/2428 2478/2653/2426
f 2411/2584/2359 2482/2657/2430 2481/2655/2428
f 2482/2657/2430 2483/2660/2433 2480/2658/2431
f 2485/2659/2432 2484/2662/2435 2483/2660/2433
f 2412/2585/2360 2485/2659/2432 2482/2657/2430
f 2417/2590/2365 2486/2661/2434 2485/2659/2432
f 2486/2661/2434 2487/2664/2437 2484/2662/2435
f 2489/2663/2436 2488/2666/2439 2487/2664/2437
f 2418/2591/2366 2489/2663/2436 2486/2661/2434
f 2423/2596/2371 2490/2665/2438 2489/2663/2436
f 2490/2665/2438 2491/2668/2441 2488/2666/2439
f 2493/2667/2440 2492/2670/2443 2491/2668/2441
f 2424/2597/2372 2493/2667/2440 2490/2665/2438
f 2429/2602/2377 2494/2669/2442 2493/2667/2440
f 2494/2669/2442 2495/2672/2445 2492/2670/2443
f 2497/2671/2444 2496/2674/2447 2495/2672/2445
f 2430/2603/2378 2497/2671/2444 2494/2669/2442
f 2435/2608/2383 2498/2673/2446 2497/2671/2444
f 2498/2673/2446 2499/2676/2448 2496/2674/2447
f 2436/2675/2385 2438/3598/2387 2499/2676/2448
f 2344/2609/2293 2436/2675/2385 2498/2673/2446
f 2500/2677/2449 2503/2683/2455 2502/2678/2450
f 2501/2679/2451 2502/2678/2450 2505/2680/2452
f 2502/2678/2450 2507/2684/2456 2506/2682/2454
f 2503/2683/2455 2508/2685/2457 2507/2684/2456
f 2508/2685/2457 2510/2689/2461 2509/2686/2458
f 2507/2684/2456 2509/2686/2458 2511/2687/2459
f 2509/2686/2458 2513/2690/2462 2512/2688/2460
f 2510/2689/2461 2514/2691/2463 2513/2690/2462
f 2514/2691/2463 2516/2695/2467 2515/2692/2464
f 2513/2690/2462 2515/2692/2464 2517/2693/2465
f 2515/2692/2464 2519/2696/2468 2518/2694/2466
f 2516/2695/2467 2520/2697/2469 2519/2696/2468
f 2520/2697/2469 2522/2701/2473 2521/2698/2470
f 2519/2696/2468 2521/2698/2470 2523/2699/2471
f 2521/2698/2470 2525/2702/2474 2524/2700/2472
f 2522/2701/2473 2526/2703/2475 2525/2702/2474
f 2526/2703/2475 2528/2707/2479 2527/2704/2476
f 2525/2702/2474 2527/2704/2476 2529/2705/2477
f 2527/2704/2476 2531/2708/2480 2530/2706/2478
f 2528/2707/2479 2532/2709/2481 2531/2708/2480
f 2532/2709/2481 2534/2713/2485 2533/2710/2482
f 2531/2708/2480 2533/2710/2482 2535/2711/2483
f 2533/2710/2482 2537/2714/2486 2536/2712/2484
f 2534/2713/2485 2538/2715/2487 2537/2714/2486
f 2538/2715/2487 2540/2719/2491 2539/2716/2488
f 2537/2714/2486 2539/2716/2488 2541/2717/2489
f 2539/2716/2488 2543/2720/2492 2542/2718/2490
f 2540/2719/2491 2544/2721/2493 2543/2720/2492
f 2544/2721/2493 2546/2725/2497 2545/2722/2494
f 2543/2720/2492 2545/2722/2494 2547/2723/2495
f 2545/2722/2494 2549/2726/2498 2548/2724/2496
f 2546/2725/2497 2550/2727/2499 2549/2726/2498
f 2550/2727/2499 2552/2731/2503 2551/2728/2500
f 2549/2726/2498 2551/2728/2500 2553/2729/2501
f 2551/2728/2500 2555/2732/2504 2554/2730/2502
f 2552/2731/2503 2556/2733/2505 2555/2732/2504
f 2556/2733/2505 2558/2737/2509 2557/2734/2506
f 2555/2732/2504 2557/2734/2506 2559/2735/2507
f 2557/2734/2506 2561/2738/2510 2560/2736/2508
f 2558/2737/2509 2562/2739/2511 2561/2738/2510
f 2562/2739/2511 2564/2743/2515 2563/2740/2512
f 2561/2738/2510 2563/2740/2512 2565/2741/2513
f 2563/2740/2512 2567/2744/2516 2566/2742/2514
f 2564/2743/2515 2568/2745/2517 2567/2744/2516
f 2568/2745/2517 2570/2749/2521 2569/2746/2518
f 2567/2744/2516 2569/2746/2518 2571/2747/2519
f 2569/2746/2518 2573/2750/2522 2572/2748/2520
f 2570/2749/2521 2574/2751/2523 2573/2750/2522
f 2574/2751/2523 2576/2755/2527 2575/2752/2524
f 2573/2750/2522 2575/2752/2524 2577/2753/2525
f 2575/2752/2524 2579/2756/2528 2578/2754/2526
f 2576/2755/2527 2580/2757/2529 2579/2756/2528
f 2580/2757/2529 2582/2761/2533 2581/2758/2530
f 2579/2756/2528 2581/2758/2530 2583/2759/2531
f 2581/2758/2530 2585/2762/2534 2584/2760/2532
f 2582/2761/2533 2586/2763/2535 2585/2762/2534
f 2586/2763/2535 2588/2767/2539 2587/2764/2536
f 2585/2762/2534 2587/2764/2536 2589/2765/2537
f 2587/2764/2536 2591/2768/2540 2590/2766/2538
f 2588/2767/2539 2592/2769/2541 2591/2768/2540
f 2592/2769/2541 2594/2773/2544 2593/2770/2542
f 2591/2768/2540 2593/2770/2542 2595/2771/2543
f 2593/2770/2542 2501/2774/2451 2504/2772/2453
f 2594/2773/2544 2500/3597/2449 2501/2774/2451
f 2505/2680/2452 2597/2776/2546 2596/2775/2545
f 2597/2776/2546 2599/2779/2549 2598/2777/2547
f 2601/2778/2548 2600/2781/2551 2599/2779/2549
f 2506/2682/2454 2601/2778/2548 2597/2776/2546
f 2511/2687/2459 2602/2780/2550 2601/2778/2548
f 2602/2780/2550 2603/2783/2553 2600/2781/2551
f 2605/2782/2552 2604/2785/2555 2603/2783/2553
f 2512/2688/2460 2605/2782/2552 2602/2780/2550
f 2517/2693/2465 2606/2784/2554 2605/2782/2552
f 2606/2784/2554 2607/2787/2557 2604/2785/2555
f 2609/2786/2556 2608/2789/2559 2607/2787/2557
f 2518/2694/2466 2609/2786/2556 2606/2784/2554
f 2523/2699/2471 2610/2788/2558 2609/2786/2556
f 2610/2788/2558 2611/2791/2561 2608/2789/2559
f 2613/2790/2560 2612/2793/2563 2611/2791/2561
f 2524/2700/2472 2613/2790/2560 2610/2788/2558
f 2529/2705/2477 2614/2792/2562 2613/2790/2560
f 2614/2792/2562 2615/2795/2565 2612/2793/2563
f 2617/2794/2564 2616/2797/2567 2615/2795/2565
f 2530/2706/2478 2617/2794/2564 2614/2792/2562
f 2535/2711/2483 2618/2796/2566 2617/2794/2564
f 2618/2796/2566 2619/2799/2569 2616/2797/2567
f 2621/2798/2568 2620/2801/2571 2619/2799/2569
f 2536/2712/2484 2621/2798/2568 2618/2796/2566
f 2541/2717/2489 2622/2800/2570 2621/2798/2568
f 2622/2800/2570 2623/2803/2573 2620/2801/2571
f 2625/2802/2572 2624/2805/2575 2623/2803/2573
f 2542/2718/2490 2625/2802/2572 2622/2800/2570
f 2547/2723/2495 2626/2804/2574 2625/2802/2572
f 2626/2804/2574 2627/2807/2577 2624/2805/2575
f 2629/2806/2576 2628/2809/2579 2627/2807/2577
f 2548/2724/2496 2629/2806/2576 2626/2804/2574
f 2553/2729/2501 2630/2808/2578 2629/2806/2576
f 2630/2808/2578 2631/2811/2581 2628/2809/2579
f 2633/2810/2580 2632/2813/2583 2631/2811/2581
f 2554/2730/2502 2633/2810/2580 2630/2808/2578
f 2559/2735/2507 2634/2812/2582 2633/2810/2580
f 2634/2812/2582 2635/2815/2585 2632/2813/2583
f 2637/2814/2584 2636/2817/2587 2635/2815/2585
f 2560/2736/2508 2637/2814/2584 2634/2812/2582
f 2565/2741/2513 2638/2816/2586 2637/2814/2584
f 2638/2816/2586 2639/2819/2589 2636/2817/2587
f 2641/2818/2588 2640/2821/2591 2639/2819/2589
f 2566/2742/2514 2641/2818/2588 2638/2816/2586
f 2571/2747/2519 2642/2820/2590 2641/2818/2588
f 2642/2820/2590 2643/2823/2593 2640/2821/2591
f 2645/2822/2592 2644/2825/2595 2643/2823/2593
f 2572/2748/2520 2645/2822/2592 2642/2820/2590
f 2577/2753/2525 2646/2824/2594 2645/2822/2592
f 2646/2824/2594 2647/2827/2597 2644/2825/2595
f 2649/2826/2596 2648/2829/2599 2647/2827/2597
f 2578/2754/2526 2649/2826/2596 2646/2824/2594
f 2583/2759/2531 2650/2828/2598 2649/2826/2596
f 2650/2828/2598 2651/2831/2601 2648/2829/2599
f 2653/2830/2600 2652/2833/2603 2651/2831/2601
f 2584/2760/2532 2653/2830/2600 2650/2828/2598
f 2589/2765/2537 2654/2832/2602 2653/2830/2600
f 2654/2832/2602 2655/2835/2605 2652/2833/2603
f 2657/2834/2604 2656/2837/2607 2655/2835/2605
f 2590/2766/2538 2657/2834/2604 2654/2832/2602
f 2595/2771/2543 2658/2836/2606 2657/2834/2604
f 2658/2836/2606 2659/2839/2608 2656/2837/2607
f 2596/2838/2545 2598/2905/2547 2659/2839/2608
f 2504/2772/2453 2596/2838/2545 2658/2836/2606
f 2599/2779/2549 2661/2844/2613 2660/2840/2609
f 2660/2840/2609 2661/2844/2613 2663/2841/2610
f 2665/2843/2612 2664/2846/2615 2663/2841/2610
f 2600/2781/2551 2665/2843/2612 2661/2844/2613
f 2603/2783/2553 2666/2848/2617 2665/2843/2612
f 2665/2843/2612 2666/2848/2617 2667/2845/2614
f 2669/2847/2616 2668/2850/2619 2667/2845/2614
f 2604/2785/2555 2669/2847/2616 2666/2848/2617
f 2607/2787/2557 2670/2852/2621 2669/2847/2616
f 2669/2847/2616 2670/2852/2621 2671/2849/2618
f 2673/2851/2620 2672/2854/2623 2671/2849/2618
f 2608/2789/2559 2673/2851/2620 2670/2852/2621
f 2611/2791/2561 2674/2856/2625 2673/2851/2620
f 2673/2851/2620 2674/2856/2625 2675/2853/2622
f 2677/2855/2624 2676/2858/2627 2675/2853/2622
f 2612/2793/2563 2677/2855/2624 2674/2856/2625
f 2615/2795/2565 2678/2860/2629 2677/2855/2624
f 2677/2855/2624 2678/2860/2629 2679/2857/2626
f 2681/2859/2628 2680/2862/2631 2679/2857/2626
f 2616/2797/2567 2681/2859/2628 2678/2860/2629
f 2619/2799/2569 2682/2864/2633 2681/2859/2628
f 2681/2859/2628 2682/2864/2633 2683/2861/2630
f 2685/2863/2632 2684/2866/2635 2683/2861/2630
f 2620/2801/2571 2685/2863/2632 2682/2864/2633
f 2623/2803/2573 2686/2868/2637 2685/2863/2632
f 2685/2863/2632 2686/2868/2637 2687/2865/2634
f 2689/2867/2636 2688/2870/2639 2687/2865/2634
f 2624/2805/2575 2689/2867/2636 2686/2868/2637
f 2627/2807/2577 2690/2872/2641 2689/2867/2636
f 2689/2867/2636 2690/2872/2641 2691/2869/2638
f 2693/2871/2640 2692/2874/2643 2691/2869/2638
f 2628/2809/2579 2693/2871/2640 2690/2872/2641
f 2631/2811/2581 2694/2876/2645 2693/2871/2640
f 2693/2871/2640 2694/2876/2645 2695/2873/2642
f 2697/2875/2644 2696/2878/2647 2695/2873/2642
f 2632/2813/2583 2697/2875/2644 2694/2876/2645
f 2635/2815/2585 2698/2880/2649 2697/2875/2644
f 2697/2875/2644 2698/2880/2649 2699/2877/2646
f 2701/2879/2648 2700/2882/2651 2699/2877/2646
f 2636/2817/2587 2701/2879/2648 2698/2880/2649
f 2639/2819/2589 2702/2884/2653 2701/2879/2648
f 2701/2879/2648 2702/2884/2653 2703/2881/2650
f 2705/2883/2652 2704/2886/2655 2703/2881/2650
f 2640/2821/2591 2705/2883/2652 2702/2884/2653
f 2643/2823/2593 2706/2888/2657 2705/2883/2652
f 2705/2883/2652 2706/2888/2657 2707/2885/2654
f 2709/2887/2656 2708/2890/2659 2707/2885/2654
f 2644/2825/2595 2709/2887/2656 2706/2888/2657
f 2647/2827/2597 2710/2892/2661 2709/2887/2656
f 2709/2887/2656 2710/2892/2661 2711/2889/2658
f 2713/2891/2660 2712/2894/2663 2711/2889/2658
f 2648/2829/2599 2713/2891/2660 2710/2892/2661
f 2651/2831/2601 2714/2896/2665 2713/2891/2660
f 2713/2891/2660 2714/2896/2665 2715/2893/2662
f 2717/2895/2664 2716/2898/2667 2715/2893/2662
f 2652/2833/2603 2717/2895/2664 2714/2896/2665
f 2655/2835/2605 2718/2900/2669 2717/2895/2664
f 2717/2895/2664 2718/2900/2669 2719/2897/2666
f 2721/2899/2668 2720/2902/2671 2719/2897/2666
f 2656/2837/2607 2721/2899/2668 2718/2900/2669
f 2659/2839/2608 2722/2904/2672 2721/2899/2668
f 2721/2899/2668 2722/2904/2672 2723/2901/2670
f 2660/2903/2609 2662/2971/2611 2723/2901/2670
f 2598/2905/2547 2660/2903/2609 2722/2904/2672
f 2662/2842/2611 2663/2841/2610 2725/2906/2673
f 2724/2907/2674 2725/2906/2673 2727/2908/2675
f 2729/2910/2677 2728/2913/2680 2727/2908/2675
f 2664/2846/2615 2729/2910/2677 2725/2906/2673
f 2664/2846/2615 2667/2845/2614 2730/2911/2678
f 2729/2910/2677 2730/2911/2678 2731/2912/2679
f 2733/2914/2681 2732/2917/2684 2731/2912/2679
f 2668/2850/2619 2733/2914/2681 2730/2911/2678
f 2668/2850/2619 2671/2849/2618 2734/2915/2682
f 2733/2914/2681 2734/2915/2682 2735/2916/2683
f 2737/2918/2685 2736/2921/2688 2735/2916/2683
f 2672/2854/2623 2737/2918/2685 2734/2915/2682
f 2672/2854/2623 2675/2853/2622 2738/2919/2686
f 2737/2918/2685 2738/2919/2686 2739/2920/2687
f 2741/2922/2689 2740/2925/2692 2739/2920/2687
f 2676/2858/2627 2741/2922/2689 2738/2919/2686
f 2676/2858/2627 2679/2857/2626 2742/2923/2690
f 2741/2922/2689 2742/2923/2690 2743/2924/2691
f 2745/2926/2693 2744/2929/2696 2743/2924/2691
f 2680/2862/2631 2745/2926/2693 2742/2923/2690
f 2680/2862/2631 2683/2861/2630 2746/2927/2694
f 2745/2926/2693 2746/2927/2694 2747/2928/2695
f 2749/2930/2697 2748/2933/2700 2747/2928/2695
f 2684/2866/2635 2749/2930/2697 2746/2927/2694
f 2684/2866/2635 2687/2865/2634 2750/2931/2698
f 2749/2930/2697 2750/2931/2698 2751/2932/2699
f 2753/2934/2701 2752/2937/2704 2751/2932/2699
f 2688/2870/2639 2753/2934/2701 2750/2931/2698
f 2688/2870/2639 2691/2869/2638 2754/2935/2702
f 2753/2934/2701 2754/2935/2702 2755/2936/2703
f 2757/2938/2705 2756/2941/2708 2755/2936/2703
f 2692/2874/2643 2757/2938/2705 2754/2935/2702
f 2692/2874/2643 2695/2873/2642 2758/2939/2706
f 2757/2938/2705 2758/2939/2706 2759/2940/2707
f 2761/2942/2709 2760/2945/2712 2759/2940/2707
f 2696/2878/2647 2761/2942/2709 2758/2939/2706
f 2696/2878/2647 2699/2877/2646 2762/2943/2710
f 2761/2942/2709 2762/2943/2710 2763/2944/2711
f 2765/2946/2713 2764/2949/2716 2763/2944/2711
f 2700/2882/2651 2765/2946/2713 2762/2943/2710
f 2700/2882/2651 2703/2881/2650 2766/2947/2714
f 2765/2946/2713 2766/2947/2714 2767/2948/2715
f 2769/2950/2717 2768/2953/2720 2767/2948/2715
f 2704/2886/2655 2769/2950/2717 2766/2947/2714
f 2704/2886/2655 2707/2885/2654 2770/2951/2718
f 2769/2950/2717 2770/2951/2718 2771/2952/2719
f 2773/2954/2721 2772/2957/2724 2771/2952/2719
f 2708/2890/2659 2773/2954/2721 2770/2951/2718
f 2708/2890/2659 2711/2889/2658 2774/2955/2722
f 2773/2954/2721 2774/2955/2722 2775/2956/2723
f 2777/2958/2725 2776/2961/2728 2775/2956/2723
f 2712/2894/2663 2777/2958/2725 2774/2955/2722
f 2712/2894/2663 2715/2893/2662 2778/2959/2726
f 2777/2958/2725 2778/2959/2726 2779/2960/2727
f 2781/2962/2729 2780/2965/2732 2779/2960/2727
f 2716/2898/2667 2781/2962/2729 2778/2959/2726
f 2716/2898/2667 2719/2897/2666 2782/2963/2730
f 2781/2962/2729 2782/2963/2730 2783/2964/2731
f 2785/2966/2733 2784/2969/2736 2783/2964/2731
f 2720/2902/2671 2785/2966/2733 2782/2963/2730
f 2720/2902/2671 2723/2901/2670 2786/2967/2734
f 2785/2966/2733 2786/2967/2734 2787/2968/2735
f 2724/2970/2674 2726/3037/2676 2787/2968/2735
f 2662/2971/2611 2724/2970/2674 2786/2967/2734
f 2726/2909/2676 2727/2908/2675 2789/2972/2737
f 2788/2973/2738 2789/2972/2737 2791/2974/2739
f 2793/2976/2741 2792/2979/2744 2791/2974/2739
f 2728/2913/2680 2793/2976/2741 2789/2972/2737
f 2728/2913/2680 2731/2912/2679 2794/2977/2742
f 2793/2976/2741 2794/2977/2742 2795/2978/2743
f 2797/2980/2745 2796/2983/2748 2795/2978/2743
f 2732/2917/2684 2797/2980/2745 2794/2977/2742
f 2732/2917/2684 2735/2916/2683 2798/2981/2746
f 2797/2980/2745 2798/2981/2746 2799/2982/2747
f 2801/2984/2749 2800/2987/2752 2799/2982/2747
f 2736/2921/2688 2801/2984/2749 2798/2981/2746
f 2736/2921/2688 2739/2920/2687 2802/2985/2750
f 2801/2984/2749 2802/2985/2750 2803/2986/2751
f 2805/2988/2753 2804/2991/2756 2803/2986/2751
f 2740/2925/2692 2805/2988/2753 2802/2985/2750
f 2740/2925/2692 2743/2924/2691 2806/2989/2754
f 2805/2988/2753 2806/2989/2754 2807/2990/2755
f 2809/2992/2757 2808/2995/2760 2807/2990/2755
f 2744/2929/2696 2809/2992/2757 2806/2989/2754
f 2744/2929/2696 2747/2928/2695 2810/2993/2758
f 2809/2992/2757 2810/2993/2758 2811/2994/2759
f 2813/2996/2761 2812/2999/2764 2811/2994/2759
f 2748/2933/2700 2813/2996/2761 2810/2993/2758
f 2748/2933/2700 2751/2932/2699 2814/2997/2762
f 2813/2996/2761 2814/2997/2762 2815/2998/2763
f 2817/3000/2765 2816/3003/2768 2815/2998/2763
f 2752/2937/2704 2817/3000/2765 2814/2997/2762
f 2752/2937/2704 2755/2936/2703 2818/3001/2766
f 2817/3000/2765 2818/3001/2766 2819/3002/2767
f 2821/3004/2769 2820/3007/2772 2819/3002/2767
f 2756/2941/2708 2821/3004/2769 2818/3001/2766
f 2756/2941/2708 2759/2940/2707 2822/3005/2770
f 2821/3004/2769 2822/3005/2770 2823/3006/2771
f 2825/3008/2773 2824/3011/2776 2823/3006/2771
f 2760/2945/2712 2825/3008/2773 2822/3005/2770
f 2760/2945/2712 2763/2944/2711 2826/3009/2774
f 2825/3008/2773 2826/3009/2774 2827/3010/2775
f 2829/3012/2777 2828/3015/2780 2827/3010/2775
f 2764/2949/2716 2829/3012/2777 2826/3009/2774
f 2764/2949/2716 2767/2948/2715 2830/3013/2778
f 2829/3012/2777 2830/3013/2778 2831/3014/2779
f 2833/3016/2781 2832/3019/2784 2831/3014/2779
f 2768/2953/2720 2833/3016/2781 2830/3013/2778
f 2768/2953/2720 2771/2952/2719 2834/3017/2782
f 2833/3016/2781 2834/3017/2782 2835/3018/2783
f 2837/3020/2785 2836/3023/2788 2835/3018/2783
f 2772/2957/2724 2837/3020/2785 2834/3017/2782
f 2772/2957/2724 2775/2956/2723 2838/3021/2786
f 2837/3020/2785 2838/3021/2786 2839/3022/2787
f 2841/3024/2789 2840/3027/2792 2839/3022/2787
f 2776/2961/2728 2841/3024/2789 2838/3021/2786
f 2776/2961/2728 2779/2960/2727 2842/3025/2790
f 2841/3024/2789 2842/3025/2790 2843/3026/2791
f 2845/3028/2793 2844/3031/2796 2843/3026/2791
f 2780/2965/2732 2845/3028/2793 2842/3025/2790
f 2780/2965/2732 2783/2964/2731 2846/3029/2794
f 2845/3028/2793 2846/3029/2794 2847/3030/2795
f 2849/3032/2797 2848/3035/2800 2847/3030/2795
f 2784/2969/2736 2849/3032/2797 2846/3029/2794
f 2784/2969/2736 2787/2968/2735 2850/3033/2798
f 2849/3032/2797 2850/3033/2798 2851/3034/2799
f 2788/3036/2738 2790/3103/2740 2851/3034/2799
f 2726/3037/2676 2788/3036/2738 2850/3033/2798
f 2790/2975/2740 2791/2974/2739 2853/3038/2801
f 2852/3039/2802 2853/3038/2801 2855/3040/2803
f 2857/3042/2805 2856/3044/2807 2855/3040/2803
f 2792/2979/2744 2857/3042/2805 2853/3038/2801
f 2792/2979/2744 2795/2978/2743 2858/3043/2806
f 2858/3043/2806 2859/3046/2809 2856/3044/2807
f 2858/3043/2806 2861/3048/2811 2860/3045/2808
f 2796/2983/2748 2861/3048/2811 2858/3043/2806
f 2796/2983/2748 2799/2982/2747 2862/3047/2810
f 2862/3047/2810 2863/3050/2813 2860/3045/2808
f 2865/3049/2812 2864/3052/2815 2863/3050/2813
f 2800/2987/2752 2865/3049/2812 2862/3047/2810
f 2800/2987/2752 2803/2986/2751 2866/3051/2814
f 2866/3051/2814 2867/3054/2817 2864/3052/2815
f 2869/3053/2816 2868/3057/2820 2867/3054/2817
f 2804/2991/2756 2869/3053/2816 2866/3051/2814
f 2804/2991/2756 2807/2990/2755 2870/3055/2818
f 2869/3053/2816 2870/3055/2818 2871/3056/2819
f 2873/3058/2821 2872/3060/2823 2871/3056/2819
f 2808/2995/2760 2873/3058/2821 2870/3055/2818
f 2808/2995/2760 2811/2994/2759 2874/3059/2822
f 2874/3059/2822 2875/3062/2825 2872/3060/2823
f 2874/3059/2822 2877/3064/2827 2876/3061/2824
f 2812/2999/2764 2877/3064/2827 2874/3059/2822
f 2812/2999/2764 2815/2998/2763 2878/3063/2826
f 2878/3063/2826 2879/3066/2829 2876/3061/2824
f 2878/3063/2826 2881/3068/2831 2880/3065/2828
f 2816/3003/2768 2881/3068/2831 2878/3063/2826
f 2816/3003/2768 2819/3002/2767 2882/3067/2830
f 2881/3068/2831 2882/3067/2830 2883/3069/2832
f 2885/3070/2833 2884/3073/2836 2883/3069/2832
f 2820/3007/2772 2885/3070/2833 2882/3067/2830
f 2820/3007/2772 2823/3006/2771 2886/3071/2834
f 2885/3070/2833 2886/3071/2834 2887/3072/2835
f 2886/3071/2834 2889/3076/2839 2888/3074/2837
f 2824/3011/2776 2889/3076/2839 2886/3071/2834
f 2824/3011/2776 2827/3010/2775 2890/3075/2838
f 2889/3076/2839 2890/3075/2838 2891/3077/2840
f 2890/3075/2838 2893/3080/2843 2892/3078/2841
f 2828/3015/2780 2893/3080/2843 2890/3075/2838
f 2828/3015/2780 2831/3014/2779 2894/3079/2842
f 2893/3080/2843 2894/3079/2842 2895/3081/2844
f 2894/3079/2842 2897/3084/2847 2896/3082/2845
f 2832/3019/2784 2897/3084/2847 2894/3079/2842
f 2832/3019/2784 2835/3018/2783 2898/3083/2846
f 2898/3083/2846 2899/3086/2849 2896/3082/2845
f 2901/3085/2848 2900/3089/2852 2899/3086/2849
f 2836/3023/2788 2901/3085/2848 2898/3083/2846
f 2836/3023/2788 2839/3022/2787 2902/3087/2850
f 2901/3085/2848 2902/3087/2850 2903/3088/2851
f 2902/3087/2850 2905/3092/2855 2904/3090/2853
f 2840/3027/2792 2905/3092/2855 2902/3087/2850
f 2840/3027/2792 2843/3026/2791 2906/3091/2854
f 2906/3091/2854 2907/3094/2857 2904/3090/2853
f 2909/3093/2856 2908/3096/2859 2907/3094/2857
f 2844/3031/2796 2909/3093/2856 2906/3091/2854
f 2844/3031/2796 2847/3030/2795 2910/3095/2858
f 2910/3095/2858 2911/3098/2861 2908/3096/2859
f 2913/3097/2860 2912/3100/2863 2911/3098/2861
f 2848/3035/2800 2913/3097/2860 2910/3095/2858
f 2848/3035/2800 2851/3034/2799 2914/3099/2862
f 2914/3099/2862 2915/3102/2864 2912/3100/2863
f 2852/3101/2802 2854/4101/2804 2915/3102/2864
f 2790/3103/2740 2852/3101/2802 2914/3099/2862
f 2919/3104/2865 2918/3107/2868 2917/3105/2866
f 2918/3107/2868 2921/3110/2871 2920/3108/2869
f 2918/3107/2868 2923/3111/2872 2922/3109/2870
f 2919/3104/2865 2924/3113/2874 2923/3111/2872
f 2926/3112/2873 2925/3114/2875 2923/3111/2872
f 2925/3114/2875 2927/3116/2877 2922/3109/2870
f 2925/3114/2875 2929/3117/2878 2928/3115/2876
f 2926/3112/2873 2930/3119/2880 2929/3117/2878
f 2932/3118/2879 2931/3120/2881 2929/3117/2878
f 2931/3120/2881 2933/3122/2883 2928/3115/2876
f 2931/3120/2881 2935/3123/2884 2934/3121/2882
f 2932/3118/2879 2936/3125/2886 2935/3123/2884
f 2938/3124/2885 2937/3126/2887 2935/3123/2884
f 2937/3126/2887 2939/3128/2889 2934/3121/2882
f 2937/3126/2887 2941/3129/2890 2940/3127/2888
f 2938/3124/2885 2942/3131/2892 2941/3129/2890
f 2944/3130/2891 2943/3132/2893 2941/3129/2890
f 2943/3132/2893 2945/3134/2895 2940/3127/2888
f 2943/3132/2893 2947/3135/2896 2946/3133/2894
f 2944/3130/2891 2948/3137/2898 2947/3135/2896
f 2950/3136/2897 2949/3138/2899 2947/3135/2896
f 2949/3138/2899 2951/3140/2901 2946/3133/2894
f 2949/3138/2899 2953/3141/2902 2952/3139/2900
f 2950/3136/2897 2954/3143/2904 2953/3141/2902
f 2956/3142/2903 2955/3144/2905 2953/3141/2902
f 2955/3144/2905 2957/3146/2907 2952/3139/2900
f 2955/3144/2905 2959/3147/2908 2958/3145/2906
f 2956/3142/2903 2960/3149/2910 2959/3147/2908
f 2962/3148/2909 2961/3150/2911 2959/3147/2908
f 2961/3150/2911 2963/3152/2913 2958/3145/2906
f 2961/3150/2911 2965/3153/2914 2964/3151/2912
f 2962/3148/2909 2966/3155/2916 2965/3153/2914
f 2968/3154/2915 2967/3156/2917 2965/3153/2914
f 2967/3156/2917 2969/3158/2919 2964/3151/2912
f 2967/3156/2917 2971/3159/2920 2970/3157/2918
f 2968/3154/2915 2972/3161/2922 2971/3159/2920
f 2974/3160/2921 2973/3162/2923 2971/3159/2920
f 2973/3162/2923 2975/3164/2925 2970/3157/2918
f 2973/3162/2923 2977/3165/2926 2976/3163/2924
f 2974/3160/2921 2978/3167/2928 2977/3165/2926
f 2980/3166/2927 2979/3168/2929 2977/3165/2926
f 2979/3168/2929 2981/3170/2931 2976/3163/2924
f 2979/3168/2929 2983/3171/2932 2982/3169/2930
f 2980/3166/2927 2984/3173/2934 2983/3171/2932
f 2986/3172/2933 2985/3174/2935 2983/3171/2932
f 2985/3174/2935 2987/3176/2937 2982/3169/2930
f 2985/3174/2935 2989/3177/2938 2988/3175/2936
f 2986/3172/2933 2990/3179/2940 2989/3177/2938
f 2992/3178/2939 2991/3180/2941 2989/3177/2938
f 2991/3180/2941 2993/3182/2943 2988/3175/2936
f 2991/3180/2941 2995/3183/2944 2994/3181/2942
f 2992/3178/2939 2996/3185/2946 2995/3183/2944
f 2998/3184/2945 2997/3186/2947 2995/3183/2944
f 2997/3186/2947 2999/3188/2949 2994/3181/2942
f 2997/3186/2947 3001/3189/2950 3000/3187/2948
f 2998/3184/2945 3002/3191/2952 3001/3189/2950
f 3004/3190/2951 3003/3192/2953 3001/3189/2950
f 3003/3192/2953 3005/3194/2955 3000/3187/2948
f 3003/3192/2953 3007/3195/2956 3006/3193/2954
f 3004/3190/2951 3008/3197/2958 3007/3195/2956
f 3010/3196/2957 3009/3198/2959 3007/3195/2956
f 3009/3198/2959 3011/3200/2960 3006/3193/2954
f 3009/3198/2959 2917/3201/2866 2920/3199/2869
f 3010/3196/2957 2916/3563/2867 2917/3201/2866
f 3012/3202/2961 3015/3209/2968 3014/3203/2962
f 3013/3204/2963 3014/3203/2962 3017/3205/2964
f 3019/3207/2966 3018/3212/2971 3017/3205/2964
f 3020/3208/2967 3019/3207/2966 3014/3203/2962
f 3020/3208/2967 3022/3215/2974 3021/3210/2969
f 3019/3207/2966 3021/3210/2969 3023/3211/2970
f 3025/3213/2972 3024/3218/2977 3023/3211/2970
f 3026/3214/2973 3025/3213/2972 3021/3210/2969
f 3026/3214/2973 3028/3221/2980 3027/3216/2975
f 3025/3213/2972 3027/3216/2975 3029/3217/2976
f 3031/3219/2978 3030/3224/2983 3029/3217/2976
f 3032/3220/2979 3031/3219/2978 3027/3216/2975
f 3032/3220/2979 3034/3227/2986 3033/3222/2981
f 3031/3219/2978 3033/3222/2981 3035/3223/2982
f 3037/3225/2984 3036/3230/2989 3035/3223/2982
f 3038/3226/2985 3037/3225/2984 3033/3222/2981
f 3038/3226/2985 3040/3233/2992 3039/3228/2987
f 3037/3225/2984 3039/3228/2987 3041/3229/2988
f 3043/3231/2990 3042/3236/2995 3041/3229/2988
f 3044/3232/2991 3043/3231/2990 3039/3228/2987
f 3044/3232/2991 3046/3239/2998 3045/3234/2993
f 3043/3231/2990 3045/3234/2993 3047/3235/2994
f 3049/3237/2996 3048/3242/3001 3047/3235/2994
f 3050/3238/2997 3049/3237/2996 3045/3234/2993
f 3050/3238/2997 3052/3245/3004 3051/3240/2999
f 3049/3237/2996 3051/3240/2999 3053/3241/3000
f 3055/3243/3002 3054/3248/3007 3053/3241/3000
f 3056/3244/3003 3055/3243/3002 3051/3240/2999
f 3056/3244/3003 3058/3251/3010 3057/3246/3005
f 3055/3243/3002 3057/3246/3005 3059/3247/3006
f 3061/3249/3008 3060/3254/3013 3059/3247/3006
f 3062/3250/3009 3061/3249/3008 3057/3246/3005
f 3062/3250/3009 3064/3257/3016 3063/3252/3011
f 3061/3249/3008 3063/3252/3011 3065/3253/3012
f 3067/3255/3014 3066/3260/3019 3065/3253/3012
f 3068/3256/3015 3067/3255/3014 3063/3252/3011
f 3068/3256/3015 3070/3263/3022 3069/3258/3017
f 3067/3255/3014 3069/3258/3017 3071/3259/3018
f 3073/3261/3020 3072/3266/3025 3071/3259/3018
f 3074/3262/3021 3073/3261/3020 3069/3258/3017
f 3074/3262/3021 3076/3269/3028 3075/3264/3023
f 3073/3261/3020 3075/3264/3023 3077/3265/3024
f 3079/3267/3026 3078/3272/3031 3077/3265/3024
f 3080/3268/3027 3079/3267/3026 3075/3264/3023
f 3080/3268/3027 3082/3275/3034 3081/3270/3029
f 3079/3267/3026 3081/3270/3029 3083/3271/3030
f 3085/3273/3032 3084/3278/3037 3083/3271/3030
f 3086/3274/3033 3085/3273/3032 3081/3270/3029
f 3086/3274/3033 3088/3281/3040 3087/3276/3035
f 3085/3273/3032 3087/3276/3035 3089/3277/3036
f 3091/3279/3038 3090/3284/3043 3089/3277/3036
f 3092/3280/3039 3091/3279/3038 3087/3276/3035
f 3092/3280/3039 3094/3287/3046 3093/3282/3041
f 3091/3279/3038 3093/3282/3041 3095/3283/3042
f 3097/3285/3044 3096/3290/3049 3095/3283/3042
f 3098/3286/3045 3097/3285/3044 3093/3282/3041
f 3098/3286/3045 3100/3293/3052 3099/3288/3047
f 3097/3285/3044 3099/3288/3047 3101/3289/3048
f 3103/3291/3050 3102/3296/3055 3101/3289/3048
f 3104/3292/3051 3103/3291/3050 3099/3288/3047
f 3104/3292/3051 3106/3299/3056 3105/3294/3053
f 3103/3291/3050 3105/3294/3053 3107/3295/3054
f 3013/3297/2963 3016/3700/2965 3107/3295/3054
f 3012/3298/2961 3013/3297/2963 3105/3294/3053
f 3111/3300/3057 3110/3303/3060 3109/3301/3058
f 3110/3303/3060 135/244/97 132/246/99
f 3110/3303/3060 3112/3304/3061 140/253/105
f 3111/3300/3057 3113/3306/3063 3112/3304/3061
f 3115/3305/3062 3114/3307/3064 3112/3304/3061
f 3114/3307/3064 142/252/104 140/253/105
f 3114/3307/3064 3116/3308/3065 146/259/110
f 3115/3305/3062 3117/3310/3067 3116/3308/3065
f 3119/3309/3066 3118/3311/3068 3116/3308/3065
f 3118/3311/3068 148/258/109 146/259/110
f 3118/3311/3068 3120/3312/3069 152/265/115
f 3119/3309/3066 3121/3314/3071 3120/3312/3069
f 3123/3313/3070 3122/3315/3072 3120/3312/3069
f 3122/3315/3072 154/264/114 152/265/115
f 3122/3315/3072 3124/3316/3073 158/271/120
f 3123/3313/3070 3125/3318/3075 3124/3316/3073
f 3127/3317/3074 3126/3319/3076 3124/3316/3073
f 3126/3319/3076 160/270/119 158/271/120
f 3126/3319/3076 3128/3320/3077 164/277/125
f 3127/3317/3074 3129/3322/3079 3128/3320/3077
f 3131/3321/3078 3130/3323/3080 3128/3320/3077
f 3130/3323/3080 166/276/124 164/277/125
f 3130/3323/3080 3132/3324/3081 170/283/130
f 3131/3321/3078 3133/3326/3083 3132/3324/3081
f 3135/3325/3082 3134/3327/3084 3132/3324/3081
f 3134/3327/3084 172/282/129 170/283/130
f 3134/3327/3084 3136/3328/3085 176/289/135
f 3135/3325/3082 3137/3330/3087 3136/3328/3085
f 3139/3329/3086 3138/3331/3088 3136/3328/3085
f 3138/3331/3088 178/288/134 176/289/135
f 3138/3331/3088 3140/3332/3089 182/295/140
f 3139/3329/3086 3141/3334/3091 3140/3332/3089
f 3143/3333/3090 3142/3335/3092 3140/3332/3089
f 3142/3335/3092 184/294/139 182/295/140
f 3142/3335/3092 3144/3336/3093 188/301/145
f 3143/3333/3090 3145/3338/3095 3144/3336/3093
f 3147/3337/3094 3146/3339/3096 3144/3336/3093
f 3146/3339/3096 190/300/144 188/301/145
f 3146/3339/3096 3148/3340/3097 194/307/150
f 3147/3337/3094 3149/3342/3099 3148/3340/3097
f 3151/3341/3098 3150/3343/3100 3148/3340/3097
f 3150/3343/3100 196/306/149 194/307/150
f 3150/3343/3100 3152/3344/3101 200/313/155
f 3151/3341/3098 3153/3346/3103 3152/3344/3101
f 3155/3345/3102 3154/3347/3104 3152/3344/3101
f 3154/3347/3104 202/312/154 200/313/155
f 3154/3347/3104 3156/3348/3105 206/319/160
f 3155/3345/3102 3157/3350/3107 3156/3348/3105
f 3159/3349/3106 3158/3351/3108 3156/3348/3105
f 3158/3351/3108 208/318/159 206/319/160
f 3158/3351/3108 3160/3352/3109 212/325/165
f 3159/3349/3106 3161/3354/3111 3160/3352/3109
f 3163/3353/3110 3162/3355/3112 3160/3352/3109
f 3162/3355/3112 214/324/164 212/325/165
f 3162/3355/3112 3164/3356/3113 218/331/170
f 3163/3353/3110 3165/3358/3115 3164/3356/3113
f 3167/3357/3114 3166/3359/3116 3164/3356/3113
f 3166/3359/3116 220/330/169 218/331/170
f 3166/3359/3116 3168/3360/3117 224/337/175
f 3167/3357/3114 3169/3362/3119 3168/3360/3117
f 3171/3361/3118 3170/3363/3120 3168/3360/3117
f 3170/3363/3120 226/336/174 224/337/175
f 3170/3363/3120 3109/3365/3058 132/3364/99
f 3171/3361/3118 3108/3430/3059 3109/3365/3058
f 3175/3366/3121 3174/3369/3124 3173/3367/3122
f 3174/3369/3124 3111/3300/3057 3108/3302/3059
f 3174/3369/3124 3176/3370/3125 3113/3306/3063
f 3175/3366/3121 3177/3372/3127 3176/3370/3125
f 3179/3371/3126 3178/3373/3128 3176/3370/3125
f 3178/3373/3128 3115/3305/3062 3113/3306/3063
f 3178/3373/3128 3180/3374/3129 3117/3310/3067
f 3179/3371/3126 3181/3376/3131 3180/3374/3129
f 3183/3375/3130 3182/3377/3132 3180/3374/3129
f 3182/3377/3132 3119/3309/3066 3117/3310/3067
f 3182/3377/3132 3184/3378/3133 3121/3314/3071
f 3183/3375/3130 3185/3380/3135 3184/3378/3133
f 3187/3379/3134 3186/3381/3136 3184/3378/3133
f 3186/3381/3136 3123/3313/3070 3121/3314/3071
f 3186/3381/3136 3188/3382/3137 3125/3318/3075
f 3187/3379/3134 3189/3384/3139 3188/3382/3137
f 3191/3383/3138 3190/3385/3140 3188/3382/3137
f 3190/3385/3140 3127/3317/3074 3125/3318/3075
f 3190/3385/3140 3192/3386/3141 3129/3322/3079
f 3191/3383/3138 3193/3388/3143 3192/3386/3141
f 3195/3387/3142 3194/3389/3144 3192/3386/3141
f 3194/3389/3144 3131/3321/3078 3129/3322/3079
f 3194/3389/3144 3196/3390/3145 3133/3326/3083
f 3195/3387/3142 3197/3392/3147 3196/3390/3145
f 3199/3391/3146 3198/3393/3148 3196/3390/3145
f 3198/3393/3148 3135/3325/3082 3133/3326/3083
f 3198/3393/3148 3200/3394/3149 3137/3330/3087
f 3199/3391/3146 3201/3396/3151 3200/3394/3149
f 3203/3395/3150 3202/3397/3152 3200/3394/3149
f 3202/3397/3152 3139/3329/3086 3137/3330/3087
f 3202/3397/3152 3204/3398/3153 3141/3334/3091
f 3203/3395/3150 3205/3400/3155 3204/3398/3153
f 3207/3399/3154 3206/3401/3156 3204/3398/3153
f 3206/3401/3156 3143/3333/3090 3141/3334/3091
f 3206/3401/3156 3208/3402/3157 3145/3338/3095
f 3207/3399/3154 3209/3404/3159 3208/3402/3157
f 3211/3403/3158 3210/3405/3160 3208/3402/3157
f 3210/3405/3160 3147/3337/3094 3145/3338/3095
f 3210/3405/3160 3212/3406/3161 3149/3342/3099
f 3211/3403/3158 3213/3408/3163 3212/3406/3161
f 3215/3407/3162 3214/3409/3164 3212/3406/3161
f 3214/3409/3164 3151/3341/3098 3149/3342/3099
f 3214/3409/3164 3216/3410/3165 3153/3346/3103
f 3215/3407/3162 3217/3412/3167 3216/3410/3165
f 3219/3411/3166 3218/3413/3168 3216/3410/3165
f 3218/3413/3168 3155/3345/3102 3153/3346/3103
f 3218/3413/3168 3220/3414/3169 3157/3350/3107
f 3219/3411/3166 3221/3416/3171 3220/3414/3169
f 3223/3415/3170 3222/3417/3172 3220/3414/3169
f 3222/3417/3172 3159/3349/3106 3157/3350/3107
f 3222/3417/3172 3224/3418/3173 3161/3354/3111
f 3223/3415/3170 3225/3420/3175 3224/3418/3173
f 3227/3419/3174 3226/3421/3176 3224/3418/3173
f 3226/3421/3176 3163/3353/3110 3161/3354/3111
f 3226/3421/3176 3228/3422/3177 3165/3358/3115
f 3227/3419/3174 3229/3424/3179 3228/3422/3177
f 3231/3423/3178 3230/3425/3180 3228/3422/3177
f 3230/3425/3180 3167/3357/3114 3165/3358/3115
f 3230/3425/3180 3232/3426/3181 3169/3362/3119
f 3231/3423/3178 3233/3428/3183 3232/3426/3181
f 3235/3427/3182 3234/3429/3184 3232/3426/3181
f 3234/3429/3184 3171/3361/3118 3169/3362/3119
f 3234/3429/3184 3173/3431/3122 3108/3430/3059
f 3235/3427/3182 3172/4102/3123 3173/3431/3122
f 3236/3432/3185 3239/3437/3190 3238/3433/3186
f 3237/3434/3187 3238/3433/3186 3015/3209/2968
f 3240/3435/3188 3020/3208/2967 3015/3209/2968
f 3241/3436/3189 3240/3435/3188 3238/3433/3186
f 3241/3436/3189 3243/3441/3194 3242/3438/3191
f 3240/3435/3188 3242/3438/3191 3022/3215/2974
f 3244/3439/3192 3026/3214/2973 3022/3215/2974
f 3245/3440/3193 3244/3439/3192 3242/3438/3191
f 3245/3440/3193 3247/3445/3198 3246/3442/3195
f 3244/3439/3192 3246/3442/3195 3028/3221/2980
f 3248/3443/3196 3032/3220/2979 3028/3221/2980
f 3249/3444/3197 3248/3443/3196 3246/3442/3195
f 3249/3444/3197 3251/3449/3202 3250/3446/3199
f 3248/3443/3196 3250/3446/3199 3034/3227/2986
f 3252/3447/3200 3038/3226/2985 3034/3227/2986
f 3253/3448/3201 3252/3447/3200 3250/3446/3199
f 3253/3448/3201 3255/3453/3206 3254/3450/3203
f 3252/3447/3200 3254/3450/3203 3040/3233/2992
f 3256/3451/3204 3044/3232/2991 3040/3233/2992
f 3257/3452/3205 3256/3451/3204 3254/3450/3203
f 3257/3452/3205 3259/3457/3210 3258/3454/3207
f 3256/3451/3204 3258/3454/3207 3046/3239/2998
f 3260/3455/3208 3050/3238/2997 3046/3239/2998
f 3261/3456/3209 3260/3455/3208 3258/3454/3207
f 3261/3456/3209 3263/3461/3214 3262/3458/3211
f 3260/3455/3208 3262/3458/3211 3052/3245/3004
f 3264/3459/3212 3056/3244/3003 3052/3245/3004
f 3265/3460/3213 3264/3459/3212 3262/3458/3211
f 3265/3460/3213 3267/3465/3218 3266/3462/3215
f 3264/3459/3212 3266/3462/3215 3058/3251/3010
f 3268/3463/3216 3062/3250/3009 3058/3251/3010
f 3269/3464/3217 3268/3463/3216 3266/3462/3215
f 3269/3464/3217 3271/3469/3222 3270/3466/3219
f 3268/3463/3216 3270/3466/3219 3064/3257/3016
f 3272/3467/3220 3068/3256/3015 3064/3257/3016
f 3273/3468/3221 3272/3467/3220 3270/3466/3219
f 3273/3468/3221 3275/3473/3226 3274/3470/3223
f 3272/3467/3220 3274/3470/3223 3070/3263/3022
f 3276/3471/3224 3074/3262/3021 3070/3263/3022
f 3277/3472/3225 3276/3471/3224 3274/3470/3223
f 3277/3472/3225 3279/3477/3230 3278/3474/3227
f 3276/3471/3224 3278/3474/3227 3076/3269/3028
f 3280/3475/3228 3080/3268/3027 3076/3269/3028
f 3281/3476/3229 3280/3475/3228 3278/3474/3227
f 3281/3476/3229 3283/3481/3234 3282/3478/3231
f 3280/3475/3228 3282/3478/3231 3082/3275/3034
f 3284/3479/3232 3086/3274/3033 3082/3275/3034
f 3285/3480/3233 3284/3479/3232 3282/3478/3231
f 3285/3480/3233 3287/3485/3238 3286/3482/3235
f 3284/3479/3232 3286/3482/3235 3088/3281/3040
f 3288/3483/3236 3092/3280/3039 3088/3281/3040
f 3289/3484/3237 3288/3483/3236 3286/3482/3235
f 3289/3484/3237 3291/3489/3242 3290/3486/3239
f 3288/3483/3236 3290/3486/3239 3094/3287/3046
f 3292/3487/3240 3098/3286/3045 3094/3287/3046
f 3293/3488/3241 3292/3487/3240 3290/3486/3239
f 3293/3488/3241 3295/3493/3246 3294/3490/3243
f 3292/3487/3240 3294/3490/3243 3100/3293/3052
f 3296/3491/3244 3104/3292/3051 3100/3293/3052
f 3297/3492/3245 3296/3491/3244 3294/3490/3243
f 3297/3492/3245 3299/3497/3248 3298/3494/3247
f 3296/3491/3244 3298/3494/3247 3106/3299/3056
f 3237/3495/3187 3012/3298/2961 3106/3299/3056
f 3236/3496/3185 3237/3495/3187 3298/3494/3247
f 2920/3108/2869 2921/3110/2871 3301/3498/3249
f 3300/3499/3250 3301/3498/3249 3239/3437/3190
f 3302/3500/3251 3241/3436/3189 3239/3437/3190
f 2922/3109/2870 3302/3500/3251 3301/3498/3249
f 2922/3109/2870 2927/3116/2877 3303/3501/3252
f 3302/3500/3251 3303/3501/3252 3243/3441/3194
f 3304/3502/3253 3245/3440/3193 3243/3441/3194
f 2928/3115/2876 3304/3502/3253 3303/3501/3252
f 2928/3115/2876 2933/3122/2883 3305/3503/3254
f 3304/3502/3253 3305/3503/3254 3247/3445/3198
f 3306/3504/3255 3249/3444/3197 3247/3445/3198
f 2934/3121/2882 3306/3504/3255 3305/3503/3254
f 2934/3121/2882 2939/3128/2889 3307/3505/3256
f 3306/3504/3255 3307/3505/3256 3251/3449/3202
f 3308/3506/3257 3253/3448/3201 3251/3449/3202
f 2940/3127/2888 3308/3506/3257 3307/3505/3256
f 2940/3127/2888 2945/3134/2895 3309/3507/3258
f 3308/3506/3257 3309/3507/3258 3255/3453/3206
f 3310/3508/3259 3257/3452/3205 3255/3453/3206
f 2946/3133/2894 3310/3508/3259 3309/3507/3258
f 2946/3133/2894 2951/3140/2901 3311/3509/3260
f 3310/3508/3259 3311/3509/3260 3259/3457/3210
f 3312/3510/3261 3261/3456/3209 3259/3457/3210
f 2952/3139/2900 3312/3510/3261 3311/3509/3260
f 2952/3139/2900 2957/3146/2907 3313/3511/3262
f 3312/3510/3261 3313/3511/3262 3263/3461/3214
f 3314/3512/3263 3265/3460/3213 3263/3461/3214
f 2958/3145/2906 3314/3512/3263 3313/3511/3262
f 2958/3145/2906 2963/3152/2913 3315/3513/3264
f 3314/3512/3263 3315/3513/3264 3267/3465/3218
f 3316/3514/3265 3269/3464/3217 3267/3465/3218
f 2964/3151/2912 3316/3514/3265 3315/3513/3264
f 2964/3151/2912 2969/3158/2919 3317/3515/3266
f 3316/3514/3265 3317/3515/3266 3271/3469/3222
f 3318/3516/3267 3273/3468/3221 3271/3469/3222
f 2970/3157/2918 3318/3516/3267 3317/3515/3266
f 2970/3157/2918 2975/3164/2925 3319/3517/3268
f 3318/3516/3267 3319/3517/3268 3275/3473/3226
f 3320/3518/3269 3277/3472/3225 3275/3473/3226
f 2976/3163/2924 3320/3518/3269 3319/3517/3268
f 2976/3163/2924 2981/3170/2931 3321/3519/3270
f 3320/3518/3269 3321/3519/3270 3279/3477/3230
f 3322/3520/3271 3281/3476/3229 3279/3477/3230
f 2982/3169/2930 3322/3520/3271 3321/3519/3270
f 2982/3169/2930 2987/3176/2937 3323/3521/3272
f 3322/3520/3271 3323/3521/3272 3283/3481/3234
f 3324/3522/3273 3285/3480/3233 3283/3481/3234
f 2988/3175/2936 3324/3522/3273 3323/3521/3272
f 2988/3175/2936 2993/3182/2943 3325/3523/3274
f 3324/3522/3273 3325/3523/3274 3287/3485/3238
f 3326/3524/3275 3289/3484/3237 3287/3485/3238
f 2994/3181/2942 3326/3524/3275 3325/3523/3274
f 2994/3181/2942 2999/3188/2949 3327/3525/3276
f 3326/3524/3275 3327/3525/3276 3291/3489/3242
f 3328/3526/3277 3293/3488/3241 3291/3489/3242
f 3000/3187/2948 3328/3526/3277 3327/3525/3276
f 3000/3187/2948 3005/3194/2955 3329/3527/3278
f 3328/3526/3277 3329/3527/3278 3295/3493/3246
f 3330/3528/3279 3297/3492/3245 3295/3493/3246
f 3006/3193/2954 3330/3528/3279 3329/3527/3278
f 3006/3193/2954 3011/3200/2960 3331/3529/3280
f 3330/3528/3279 3331/3529/3280 3299/3497/3248
f 3300/3530/3250 3236/3496/3185 3299/3497/3248
f 2920/3199/2869 3300/3530/3250 3331/3529/3280
f 2855/3040/2803 3333/3532/3282 3332/3531/3281
f 3333/3532/3282 2919/3104/2865 2916/3106/2867
f 3333/3532/3282 3334/3533/3283 2924/3113/2874
f 2855/3040/2803 2856/3044/2807 3334/3533/3283
f 2859/3046/2809 3335/3534/3284 3334/3533/3283
f 3335/3534/3284 2926/3112/2873 2924/3113/2874
f 3335/3534/3284 3336/3535/3285 2930/3119/2880
f 2859/3046/2809 2860/3045/2808 3336/3535/3285
f 2863/3050/2813 3337/3536/3286 3336/3535/3285
f 3337/3536/3286 2932/3118/2879 2930/3119/2880
f 3337/3536/3286 3338/3537/3287 2936/3125/2886
f 2863/3050/2813 2864/3052/2815 3338/3537/3287
f 2867/3054/2817 3339/3538/3288 3338/3537/3287
f 3339/3538/3288 2938/3124/2885 2936/3125/2886
f 3339/3538/3288 3340/3539/3289 2942/3131/2892
f 2867/3054/2817 2868/3057/2820 3340/3539/3289
f 2871/3056/2819 3341/3540/3290 3340/3539/3289
f 3341/3540/3290 2944/3130/2891 2942/3131/2892
f 3341/3540/3290 3342/3541/3291 2948/3137/2898
f 2871/3056/2819 2872/3060/2823 3342/3541/3291
f 2875/3062/2825 3343/3542/3292 3342/3541/3291
f 3343/3542/3292 2950/3136/2897 2948/3137/2898
f 3343/3542/3292 3344/3543/3293 2954/3143/2904
f 2875/3062/2825 2876/3061/2824 3344/3543/3293
f 2879/3066/2829 3345/3544/3294 3344/3543/3293
f 3345/3544/3294 2956/3142/2903 2954/3143/2904
f 3345/3544/3294 3346/3545/3295 2960/3149/2910
f 2879/3066/2829 2880/3065/2828 3346/3545/3295
f 2883/3069/2832 3347/3546/3296 3346/3545/3295
f 3347/3546/3296 2962/3148/2909 2960/3149/2910
f 3347/3546/3296 3348/3547/3297 2966/3155/2916
f 2883/3069/2832 2884/3073/2836 3348/3547/3297
f 2887/3072/2835 3349/3548/3298 3348/3547/3297
f 3349/3548/3298 2968/3154/2915 2966/3155/2916
f 3349/3548/3298 3350/3549/3299 2972/3161/2922
f 2887/3072/2835 2888/3074/2837 3350/3549/3299
f 2891/3077/2840 3351/3550/3300 3350/3549/3299
f 3351/3550/3300 2974/3160/2921 2972/3161/2922
f 3351/3550/3300 3352/3551/3301 2978/3167/2928
f 2891/3077/2840 2892/3078/2841 3352/3551/3301
f 2895/3081/2844 3353/3552/3302 3352/3551/3301
f 3353/3552/3302 2980/3166/2927 2978/3167/2928
f 3353/3552/3302 3354/3553/3303 2984/3173/2934
f 2895/3081/2844 2896/3082/2845 3354/3553/3303
f 2899/3086/2849 3355/3554/3304 3354/3553/3303
f 3355/3554/3304 2986/3172/2933 2984/3173/2934
f 3355/3554/3304 3356/3555/3305 2990/3179/2940
f 2899/3086/2849 2900/3089/2852 3356/3555/3305
f 2903/3088/2851 3357/3556/3306 3356/3555/3305
f 3357/3556/3306 2992/3178/2939 2990/3179/2940
f 3357/3556/3306 3358/3557/3307 2996/3185/2946
f 2903/3088/2851 2904/3090/2853 3358/3557/3307
f 2907/3094/2857 3359/3558/3308 3358/3557/3307
f 3359/3558/3308 2998/3184/2945 2996/3185/2946
f 3359/3558/3308 3360/3559/3309 3002/3191/2952
f 2907/3094/2857 2908/3096/2859 3360/3559/3309
f 2911/3098/2861 3361/3560/3310 3360/3559/3309
f 3361/3560/3310 3004/3190/2951 3002/3191/2952
f 3361/3560/3310 3362/3561/3311 3008/3197/2958
f 2911/3098/2861 2912/3100/2863 3362/3561/3311
f 2915/3102/2864 3363/3562/3312 3362/3561/3311
f 3363/3562/3312 3010/3196/2957 3008/3197/2958
f 3363/3562/3312 3332/3564/3281 2916/3563/2867
f 2915/3102/2864 2854/4101/2804 3332/3564/3281
f 2439/2616/2389 3365/3566/3314 3364/3565/3313
f 3364/3565/3313 3365/3566/3314 2503/2683/2455
f 3365/3566/3314 3366/3567/3315 2508/2685/2457
f 2440/2618/2391 3366/3567/3315 3365/3566/3314
f 2443/2620/2393 3367/3568/3316 3366/3567/3315
f 3366/3567/3315 3367/3568/3316 2510/2689/2461
f 3367/3568/3316 3368/3569/3317 2514/2691/2463
f 2444/2622/2395 3368/3569/3317 3367/3568/3316
f 2447/2624/2397 3369/3570/3318 3368/3569/3317
f 3368/3569/3317 3369/3570/3318 2516/2695/2467
f 3369/3570/3318 3370/3571/3319 2520/2697/2469
f 2448/2626/2399 3370/3571/3319 3369/3570/3318
f 2451/2628/2401 3371/3572/3320 3370/3571/3319
f 3370/3571/3319 3371/3572/3320 2522/2701/2473
f 3371/3572/3320 3372/3573/3321 2526/2703/2475
f 2452/2630/2403 3372/3573/3321 3371/3572/3320
f 2455/2632/2405 3373/3574/3322 3372/3573/3321
f 3372/3573/3321 3373/3574/3322 2528/2707/2479
f 3373/3574/3322 3374/3575/3323 2532/2709/2481
f 2456/2634/2407 3374/3575/3323 3373/3574/3322
f 2459/2636/2409 3375/3576/3324 3374/3575/3323
f 3374/3575/3323 3375/3576/3324 2534/2713/2485
f 3375/3576/3324 3376/3577/3325 2538/2715/2487
f 2460/2638/2411 3376/3577/3325 3375/3576/3324
f 2463/2640/2413 3377/3578/3326 3376/3577/3325
f 3376/3577/3325 3377/3578/3326 2540/2719/2491
f 3377/3578/3326 3378/3579/3327 2544/2721/2493
f 2464/2642/2415 3378/3579/3327 3377/3578/3326
f 2467/2644/2417 3379/3580/3328 3378/3579/3327
f 3378/3579/3327 3379/3580/3328 2546/2725/2497
f 3379/3580/3328 3380/3581/3329 2550/2727/2499
f 2468/2646/2419 3380/3581/3329 3379/3580/3328
f 2471/2648/2421 3381/3582/3330 3380/3581/3329
f 3380/3581/3329 3381/3582/3330 2552/2731/2503
f 3381/3582/3330 3382/3583/3331 2556/2733/2505
f 2472/2650/2423 3382/3583/3331 3381/3582/3330
f 2475/2652/2425 3383/3584/3332 3382/3583/3331
f 3382/3583/3331 3383/3584/3332 2558/2737/2509
f 3383/3584/3332 3384/3585/3333 2562/2739/2511
f 2476/2654/2427 3384/3585/3333 3383/3584/3332
f 2479/2656/2429 3385/3586/3334 3384/3585/3333
f 3384/3585/3333 3385/3586/3334 2564/2743/2515
f 3385/3586/3334 3386/3587/3335 2568/2745/2517
f 2480/2658/2431 3386/3587/3335 3385/3586/3334
f 2483/2660/2433 3387/3588/3336 3386/3587/3335
f 3386/3587/3335 3387/3588/3336 2570/2749/2521
f 3387/3588/3336 3388/3589/3337 2574/2751/2523
f 2484/2662/2435 3388/3589/3337 3387/3588/3336
f 2487/2664/2437 3389/3590/3338 3388/3589/3337
f 3388/3589/3337 3389/3590/3338 2576/2755/2527
f 3389/3590/3338 3390/3591/3339 2580/2757/2529
f 2488/2666/2439 3390/3591/3339 3389/3590/3338
f 2491/2668/2441 3391/3592/3340 3390/3591/3339
f 3390/3591/3339 3391/3592/3340 2582/2761/2533
f 3391/3592/3340 3392/3593/3341 2586/2763/2535
f 2492/2670/2443 3392/3593/3341 3391/3592/3340
f 2495/2672/2445 3393/3594/3342 3392/3593/3341
f 3392/3593/3341 3393/3594/3342 2588/2767/2539
f 3393/3594/3342 3394/3595/3343 2592/2769/2541
f 2496/2674/2447 3394/3595/3343 3393/3594/3342
f 2499/2676/2448 3395/3596/3344 3394/3595/3343
f 3394/3595/3343 3395/3596/3344 2594/2773/2544
f 3395/3596/3344 3364/4103/3313 2500/3597/2449
f 2438/3598/2387 3364/4103/3313 3395/3596/3344
f 1990/2155/1940 1991/2154/1939 3397/3599/3345
f 3396/3600/3346 3397/3599/3345 2055/2225/2008
f 3398/3601/3347 2060/2224/2007 2055/2225/2008
f 1992/2159/1944 3398/3601/3347 3397/3599/3345
f 1992/2159/1944 1995/2158/1943 3399/3602/3348
f 3398/3601/3347 3399/3602/3348 2062/2231/2014
f 3400/3603/3349 2066/2230/2013 2062/2231/2014
f 1996/2163/1948 3400/3603/3349 3399/3602/3348
f 1996/2163/1948 1999/2162/1947 3401/3604/3350
f 3400/3603/3349 3401/3604/3350 2068/2237/2020
f 3402/3605/3351 2072/2236/2019 2068/2237/2020
f 2000/2167/1952 3402/3605/3351 3401/3604/3350
f 2000/2167/1952 2003/2166/1951 3403/3606/3352
f 3402/3605/3351 3403/3606/3352 2074/2243/2026
f 3404/3607/3353 2078/2242/2025 2074/2243/2026
f 2004/2171/1956 3404/3607/3353 3403/3606/3352
f 2004/2171/1956 2007/2170/1955 3405/3608/3354
f 3404/3607/3353 3405/3608/3354 2080/2249/2032
f 3406/3609/3355 2084/2248/2031 2080/2249/2032
f 2008/2175/1960 3406/3609/3355 3405/3608/3354
f 2008/2175/1960 2011/2174/1959 3407/3610/3356
f 3406/3609/3355 3407/3610/3356 2086/2255/2038
f 3408/3611/3357 2090/2254/2037 2086/2255/2038
f 2012/2179/1964 3408/3611/3357 3407/3610/3356
f 2012/2179/1964 2015/2178/1963 3409/3612/3358
f 3408/3611/3357 3409/3612/3358 2092/2261/2044
f 3410/3613/3359 2096/2260/2043 2092/2261/2044
f 2016/2183/1968 3410/3613/3359 3409/3612/3358
f 2016/2183/1968 2019/2182/1967 3411/3614/3360
f 3410/3613/3359 3411/3614/3360 2098/2267/2050
f 3412/3615/3361 2102/2266/2049 2098/2267/2050
f 2020/2187/1972 3412/3615/3361 3411/3614/3360
f 2020/2187/1972 2023/2186/1971 3413/3616/3362
f 3412/3615/3361 3413/3616/3362 2104/2273/2056
f 3414/3617/3363 2108/2272/2055 2104/2273/2056
f 2024/2191/1976 3414/3617/3363 3413/3616/3362
f 2024/2191/1976 2027/2190/1975 3415/3618/3364
f 3414/3617/3363 3415/3618/3364 2110/2279/2062
f 3416/3619/3365 2114/2278/2061 2110/2279/2062
f 2028/2195/1980 3416/3619/3365 3415/3618/3364
f 2028/2195/1980 2031/2194/1979 3417/3620/3366
f 3416/3619/3365 3417/3620/3366 2116/2285/2068
f 3418/3621/3367 2120/2284/2067 2116/2285/2068
f 2032/2199/1984 3418/3621/3367 3417/3620/3366
f 2032/2199/1984 2035/2198/1983 3419/3622/3368
f 3418/3621/3367 3419/3622/3368 2122/2291/2074
f 3420/3623/3369 2126/2290/2073 2122/2291/2074
f 2036/2203/1988 3420/3623/3369 3419/3622/3368
f 2036/2203/1988 2039/2202/1987 3421/3624/3370
f 3420/3623/3369 3421/3624/3370 2128/2297/2080
f 3422/3625/3371 2132/2296/2079 2128/2297/2080
f 2040/2207/1992 3422/3625/3371 3421/3624/3370
f 2040/2207/1992 2043/2206/1991 3423/3626/3372
f 3422/3625/3371 3423/3626/3372 2134/2303/2086
f 3424/3627/3373 2138/2302/2085 2134/2303/2086
f 2044/2211/1996 3424/3627/3373 3423/3626/3372
f 2044/2211/1996 2047/2210/1995 3425/3628/3374
f 3424/3627/3373 3425/3628/3374 2140/2309/2092
f 3426/3629/3375 2144/2308/2091 2140/2309/2092
f 2048/2215/2000 3426/3629/3375 3425/3628/3374
f 2048/2215/2000 2051/2214/1999 3427/3630/3376
f 3426/3629/3375 3427/3630/3376 2146/2315/2096
f 3396/3631/3346 2052/2314/2001 2146/2315/2096
f 1990/3632/1940 3396/3631/3346 3427/3630/3376
f 2278/2451/2228 2279/2450/2227 3429/3633/3377
f 3428/3634/3378 3429/3633/3377 2343/2520/2295
f 3429/3633/3377 3430/3635/3379 2348/2522/2297
f 2279/2450/2227 2280/2452/2229 3430/3635/3379
f 2280/2452/2229 2283/2455/2232 3431/3636/3380
f 3430/3635/3379 3431/3636/3380 2350/2526/2301
f 3431/3636/3380 3432/3637/3381 2354/2528/2303
f 2283/2455/2232 2284/2456/2233 3432/3637/3381
f 2284/2456/2233 2287/2459/2236 3433/3638/3382
f 3432/3637/3381 3433/3638/3382 2356/2532/2307
f 3433/3638/3382 3434/3639/3383 2360/2534/2309
f 2287/2459/2236 2288/2460/2237 3434/3639/3383
f 2288/2460/2237 2291/2463/2240 3435/3640/3384
f 3434/3639/3383 3435/3640/3384 2362/2538/2313
f 3435/3640/3384 3436/3641/3385 2366/2540/2315
f 2291/2463/2240 2292/2464/2241 3436/3641/3385
f 2292/2464/2241 2295/2467/2244 3437/3642/3386
f 3436/3641/3385 3437/3642/3386 2368/2544/2319
f 3437/3642/3386 3438/3643/3387 2372/2546/2321
f 2295/2467/2244 2296/2468/2245 3438/3643/3387
f 2296/2468/2245 2299/2471/2248 3439/3644/3388
f 3438/3643/3387 3439/3644/3388 2374/2550/2325
f 3439/3644/3388 3440/3645/3389 2378/2552/2327
f 2299/2471/2248 2300/2472/2249 3440/3645/3389
f 2300/2472/2249 2303/2475/2252 3441/3646/3390
f 3440/3645/3389 3441/3646/3390 2380/2556/2331
f 3441/3646/3390 3442/3647/3391 2384/2558/2333
f 2303/2475/2252 2304/2476/2253 3442/3647/3391
f 2304/2476/2253 2307/2479/2256 3443/3648/3392
f 3442/3647/3391 3443/3648/3392 2386/2562/2337
f 3443/3648/3392 3444/3649/3393 2390/2564/2339
f 2307/2479/2256 2308/2480/2257 3444/3649/3393
f 2308/2480/2257 2311/2483/2260 3445/3650/3394
f 3444/3649/3393 3445/3650/3394 2392/2568/2343
f 3445/3650/3394 3446/3651/3395 2396/2570/2345
f 2311/2483/2260 2312/2484/2261 3446/3651/3395
f 2312/2484/2261 2315/2487/2264 3447/3652/3396
f 3446/3651/3395 3447/3652/3396 2398/2574/2349
f 3447/3652/3396 3448/3653/3397 2402/2576/2351
f 2315/2487/2264 2316/2488/2265 3448/3653/3397
f 2316/2488/2265 2319/2491/2268 3449/3654/3398
f 3448/3653/3397 3449/3654/3398 2404/2580/2355
f 3449/3654/3398 3450/3655/3399 2408/2582/2357
f 2319/2491/2268 2320/2492/2269 3450/3655/3399
f 2320/2492/2269 2323/2495/2272 3451/3656/3400
f 3450/3655/3399 3451/3656/3400 2410/2586/2361
f 3451/3656/3400 3452/3657/3401 2414/2588/2363
f 2323/2495/2272 2324/2496/2273 3452/3657/3401
f 2324/2496/2273 2327/2499/2276 3453/3658/3402
f 3452/3657/3401 3453/3658/3402 2416/2592/2367
f 3453/3658/3402 3454/3659/3403 2420/2594/2369
f 2327/2499/2276 2328/2500/2277 3454/3659/3403
f 2328/2500/2277 2331/2503/2280 3455/3660/3404
f 3454/3659/3403 3455/3660/3404 2422/2598/2373
f 3455/3660/3404 3456/3661/3405 2426/2600/2375
f 2331/2503/2280 2332/2504/2281 3456/3661/3405
f 2332/2504/2281 2335/2507/2284 3457/3662/3406
f 3456/3661/3405 3457/3662/3406 2428/2604/2379
f 3457/3662/3406 3458/3663/3407 2432/2606/2381
f 2335/2507/2284 2336/2508/2285 3458/3663/3407
f 2336/2508/2285 2339/2511/2288 3459/3664/3408
f 3458/3663/3407 3459/3664/3408 2434/2610/2384
f 3459/3664/3408 3428/3666/3378 2340/3665/2289
f 2339/2511/2288 2278/2512/2228 3428/3666/3378
f 3016/3206/2965 3017/3205/2964 3461/3667/3409
f 3460/3668/3410 3461/3667/3409 3175/3366/3121
f 3462/3669/3411 3177/3372/3127 3175/3366/3121
f 3018/3212/2971 3462/3669/3411 3461/3667/3409
f 3018/3212/2971 3023/3211/2970 3463/3670/3412
f 3462/3669/3411 3463/3670/3412 3179/3371/3126
f 3464/3671/3413 3181/3376/3131 3179/3371/3126
f 3024/3218/2977 3464/3671/3413 3463/3670/3412
f 3024/3218/2977 3029/3217/2976 3465/3672/3414
f 3464/3671/3413 3465/3672/3414 3183/3375/3130
f 3466/3673/3415 3185/3380/3135 3183/3375/3130
f 3030/3224/2983 3466/3673/3415 3465/3672/3414
f 3030/3224/2983 3035/3223/2982 3467/3674/3416
f 3466/3673/3415 3467/3674/3416 3187/3379/3134
f 3468/3675/3417 3189/3384/3139 3187/3379/3134
f 3036/3230/2989 3468/3675/3417 3467/3674/3416
f 3036/3230/2989 3041/3229/2988 3469/3676/3418
f 3468/3675/3417 3469/3676/3418 3191/3383/3138
f 3470/3677/3419 3193/3388/3143 3191/3383/3138
f 3042/3236/2995 3470/3677/3419 3469/3676/3418
f 3042/3236/2995 3047/3235/2994 3471/3678/3420
f 3470/3677/3419 3471/3678/3420 3195/3387/3142
f 3472/3679/3421 3197/3392/3147 3195/3387/3142
f 3048/3242/3001 3472/3679/3421 3471/3678/3420
f 3048/3242/3001 3053/3241/3000 3473/3680/3422
f 3472/3679/3421 3473/3680/3422 3199/3391/3146
f 3474/3681/3423 3201/3396/3151 3199/3391/3146
f 3054/3248/3007 3474/3681/3423 3473/3680/3422
f 3054/3248/3007 3059/3247/3006 3475/3682/3424
f 3474/3681/3423 3475/3682/3424 3203/3395/3150
f 3476/3683/3425 3205/3400/3155 3203/3395/3150
f 3060/3254/3013 3476/3683/3425 3475/3682/3424
f 3060/3254/3013 3065/3253/3012 3477/3684/3426
f 3476/3683/3425 3477/3684/3426 3207/3399/3154
f 3478/3685/3427 3209/3404/3159 3207/3399/3154
f 3066/3260/3019 3478/3685/3427 3477/3684/3426
f 3066/3260/3019 3071/3259/3018 3479/3686/3428
f 3478/3685/3427 3479/3686/3428 3211/3403/3158
f 3480/3687/3429 3213/3408/3163 3211/3403/3158
f 3072/3266/3025 3480/3687/3429 3479/3686/3428
f 3072/3266/3025 3077/3265/3024 3481/3688/3430
f 3480/3687/3429 3481/3688/3430 3215/3407/3162
f 3482/3689/3431 3217/3412/3167 3215/3407/3162
f 3078/3272/3031 3482/3689/3431 3481/3688/3430
f 3078/3272/3031 3083/3271/3030 3483/3690/3432
f 3482/3689/3431 3483/3690/3432 3219/3411/3166
f 3484/3691/3433 3221/3416/3171 3219/3411/3166
f 3084/3278/3037 3484/3691/3433 3483/3690/3432
f 3084/3278/3037 3089/3277/3036 3485/3692/3434
f 3484/3691/3433 3485/3692/3434 3223/3415/3170
f 3486/3693/3435 3225/3420/3175 3223/3415/3170
f 3090/3284/3043 3486/3693/3435 3485/3692/3434
f 3090/3284/3043 3095/3283/3042 3487/3694/3436
f 3486/3693/3435 3487/3694/3436 3227/3419/3174
f 3488/3695/3437 3229/3424/3179 3227/3419/3174
f 3096/3290/3049 3488/3695/3437 3487/3694/3436
f 3096/3290/3049 3101/3289/3048 3489/3696/3438
f 3488/3695/3437 3489/3696/3438 3231/3423/3178
f 3490/3697/3439 3233/3428/3183 3231/3423/3178
f 3102/3296/3055 3490/3697/3439 3489/3696/3438
f 3102/3296/3055 3107/3295/3054 3491/3698/3440
f 3490/3697/3439 3491/3698/3440 3235/3427/3182
f 3460/3699/3410 3172/4102/3123 3235/3427/3182
f 3016/3700/2965 3460/3699/3410 3491/3698/3440
f 3492/3701/3441 3495/3706/3446 3494/3702/3442
f 3493/3703/3443 3494/3702/3442 871/1007/824
f 3496/3704/3444 876/1006/823 871/1007/824
f 3497/3705/3445 3496/3704/3444 3494/3702/3442
f 3497/3705/3445 3499/3710/3450 3498/3707/3447
f 3496/3704/3444 3498/3707/3447 878/1013/830
f 3500/3708/3448 882/1012/829 878/1013/830
f 3501/3709/3449 3500/3708/3448 3498/3707/3447
f 3501/3709/3449 3503/3714/3454 3502/3711/3451
f 3500/3708/3448 3502/3711/3451 884/1019/836
f 3504/3712/3452 888/1018/835 884/1019/836
f 3505/3713/3453 3504/3712/3452 3502/3711/3451
f 3505/3713/3453 3507/3718/3458 3506/3715/3455
f 3504/3712/3452 3506/3715/3455 890/1025/842
f 3508/3716/3456 894/1024/841 890/1025/842
f 3509/3717/3457 3508/3716/3456 3506/3715/3455
f 3509/3717/3457 3511/3722/3462 3510/3719/3459
f 3508/3716/3456 3510/3719/3459 896/1031/848
f 3512/3720/3460 900/1030/847 896/1031/848
f 3513/3721/3461 3512/3720/3460 3510/3719/3459
f 3513/3721/3461 3515/3726/3466 3514/3723/3463
f 3512/3720/3460 3514/3723/3463 902/1037/854
f 3516/3724/3464 906/1036/853 902/1037/854
f 3517/3725/3465 3516/3724/3464 3514/3723/3463
f 3517/3725/3465 3519/3730/3470 3518/3727/3467
f 3516/3724/3464 3518/3727/3467 908/1043/860
f 3520/3728/3468 912/1042/859 908/1043/860
f 3521/3729/3469 3520/3728/3468 3518/3727/3467
f 3521/3729/3469 3523/3734/3474 3522/3731/3471
f 3520/3728/3468 3522/3731/3471 914/1049/866
f 3524/3732/3472 918/1048/865 914/1049/866
f 3525/3733/3473 3524/3732/3472 3522/3731/3471
f 3525/3733/3473 3527/3738/3478 3526/3735/3475
f 3524/3732/3472 3526/3735/3475 920/1055/872
f 3528/3736/3476 924/1054/871 920/1055/872
f 3529/3737/3477 3528/3736/3476 3526/3735/3475
f 3529/3737/3477 3531/3742/3482 3530/3739/3479
f 3528/3736/3476 3530/3739/3479 926/1061/878
f 3532/3740/3480 930/1060/877 926/1061/878
f 3533/3741/3481 3532/3740/3480 3530/3739/3479
f 3533/3741/3481 3535/3746/3486 3534/3743/3483
f 3532/3740/3480 3534/3743/3483 932/1067/884
f 3536/3744/3484 936/1066/883 932/1067/884
f 3537/3745/3485 3536/3744/3484 3534/3743/3483
f 3537/3745/3485 3539/3750/3490 3538/3747/3487
f 3536/3744/3484 3538/3747/3487 938/1073/890
f 3540/3748/3488 942/1072/889 938/1073/890
f 3541/3749/3489 3540/3748/3488 3538/3747/3487
f 3541/3749/3489 3543/3754/3494 3542/3751/3491
f 3540/3748/3488 3542/3751/3491 944/1079/896
f 3544/3752/3492 948/1078/895 944/1079/896
f 3545/3753/3493 3544/3752/3492 3542/3751/3491
f 3545/3753/3493 3547/3758/3498 3546/3755/3495
f 3544/3752/3492 3546/3755/3495 950/1085/902
f 3548/3756/3496 954/1084/901 950/1085/902
f 3549/3757/3497 3548/3756/3496 3546/3755/3495
f 3549/3757/3497 3551/3762/3502 3550/3759/3499
f 3548/3756/3496 3550/3759/3499 956/1091/908
f 3552/3760/3500 960/1090/907 956/1091/908
f 3553/3761/3501 3552/3760/3500 3550/3759/3499
f 3553/3761/3501 3555/3766/3504 3554/3763/3503
f 3552/3760/3500 3554/3763/3503 962/1097/912
f 3493/3764/3443 868/1096/817 962/1097/912
f 3492/3765/3441 3493/3764/3443 3554/3763/3503
f 3559/3767/3505 3558/3771/3509 3557/3768/3506
f 3557/3768/3506 3558/3771/3509 3495/3706/3446
f 3560/3770/3508 3497/3705/3445 3495/3706/3446
f 3561/3772/3510 3560/3770/3508 3558/3771/3509
f 3561/3772/3510 3563/3776/3514 3562/3773/3511
f 3560/3770/3508 3562/3773/3511 3499/3710/3450
f 3564/3774/3512 3501/3709/3449 3499/3710/3450
f 3565/3775/3513 3564/3774/3512 3562/3773/3511
f 3567/3777/3515 3566/3779/3517 3564/3774/3512
f 3564/3774/3512 3566/3779/3517 3503/3714/3454
f 3568/3778/3516 3505/3713/3453 3503/3714/3454
f 3567/3777/3515 3569/3780/3518 3568/3778/3516
f 3569/3780/3518 3571/3783/3521 3570/3781/3519
f 3568/3778/3516 3570/3781/3519 3507/3718/3458
f 3572/3782/3520 3509/3717/3457 3507/3718/3458
f 3571/3783/3521 3573/3785/3523 3572/3782/3520
f 3575/3784/3522 3574/3787/3525 3572/3782/3520
f 3572/3782/3520 3574/3787/3525 3511/3722/3462
f 3576/3786/3524 3513/3721/3461 3511/3722/3462
f 3577/3788/3526 3576/3786/3524 3574/3787/3525
f 3579/3789/3527 3578/3791/3529 3576/3786/3524
f 3576/3786/3524 3578/3791/3529 3515/3726/3466
f 3580/3790/3528 3517/3725/3465 3515/3726/3466
f 3581/3792/3530 3580/3790/3528 3578/3791/3529
f 3581/3792/3530 3583/3795/3533 3582/3793/3531
f 3580/3790/3528 3582/3793/3531 3519/3730/3470
f 3584/3794/3532 3521/3729/3469 3519/3730/3470
f 3583/3795/3533 3585/3796/3534 3584/3794/3532
f 3585/3796/3534 3587/3799/3537 3586/3797/3535
f 3584/3794/3532 3586/3797/3535 3523/3734/3474
f 3588/3798/3536 3525/3733/3473 3523/3734/3474
f 3587/3799/3537 3589/3801/3539 3588/3798/3536
f 3591/3800/3538 3590/3803/3541 3588/3798/3536
f 3588/3798/3536 3590/3803/3541 3527/3738/3478
f 3592/3802/3540 3529/3737/3477 3527/3738/3478
f 3593/3804/3542 3592/3802/3540 3590/3803/3541
f 3595/3805/3543 3594/3807/3545 3592/3802/3540
f 3592/3802/3540 3594/3807/3545 3531/3742/3482
f 3596/3806/3544 3533/3741/3481 3531/3742/3482
f 3595/3805/3543 3597/3808/3546 3596/3806/3544
f 3597/3808/3546 3599/3811/3549 3598/3809/3547
f 3596/3806/3544 3598/3809/3547 3535/3746/3486
f 3600/3810/3548 3537/3745/3485 3535/3746/3486
f 3599/3811/3549 3601/3812/3550 3600/3810/3548
f 3601/3812/3550 3603/3815/3553 3602/3813/3551
f 3600/3810/3548 3602/3813/3551 3539/3750/3490
f 3604/3814/3552 3541/3749/3489 3539/3750/3490
f 3603/3815/3553 3605/3817/3555 3604/3814/3552
f 3607/3816/3554 3606/3819/3557 3604/3814/3552
f 3604/3814/3552 3606/3819/3557 3543/3754/3494
f 3608/3818/3556 3545/3753/3493 3543/3754/3494
f 3609/3820/3558 3608/3818/3556 3606/3819/3557
f 3611/3821/3559 3610/3823/3561 3608/3818/3556
f 3608/3818/3556 3610/3823/3561 3547/3758/3498
f 3612/3822/3560 3549/3757/3497 3547/3758/3498
f 3611/3821/3559 3613/3825/3563 3612/3822/3560
f 3615/3824/3562 3614/3827/3565 3612/3822/3560
f 3612/3822/3560 3614/3827/3565 3551/3762/3502
f 3616/3826/3564 3553/3761/3501 3551/3762/3502
f 3617/3828/3566 3616/3826/3564 3614/3827/3565
f 3617/3828/3566 3619/3832/3568 3618/3829/3567
f 3616/3826/3564 3618/3829/3567 3555/3766/3504
f 3557/3830/3506 3492/3765/3441 3555/3766/3504
f 3556/3831/3507 3557/3830/3506 3618/3829/3567
f 3623/3833/3569 3622/3836/3572 3621/3834/3570
f 3622/3836/3572 3559/3767/3505 3556/3769/3507
f 3622/3836/3572 3624/3837/3573 3561/3772/3510
f 3623/3833/3569 3625/3839/3575 3624/3837/3573
f 3627/3838/3574 3626/3840/3576 3624/3837/3573
f 3626/3840/3576 3563/3776/3514 3561/3772/3510
f 3626/3840/3576 3628/3841/3577 3565/3775/3513
f 3627/3838/3574 3629/3843/3579 3628/3841/3577
f 3631/3842/3578 3630/3844/3580 3628/3841/3577
f 3630/3844/3580 3567/3777/3515 3565/3775/3513
f 3630/3844/3580 3632/3845/3581 3569/3780/3518
f 3631/3842/3578 3633/3847/3583 3632/3845/3581
f 3635/3846/3582 3634/3848/3584 3632/3845/3581
f 3634/3848/3584 3571/3783/3521 3569/3780/3518
f 3634/3848/3584 3636/3849/3585 3573/3785/3523
f 3635/3846/3582 3637/3851/3587 3636/3849/3585
f 3639/3850/3586 3638/3852/3588 3636/3849/3585
f 3638/3852/3588 3575/3784/3522 3573/3785/3523
f 3638/3852/3588 3640/3853/3589 3577/3788/3526
f 3639/3850/3586 3641/3855/3591 3640/3853/3589
f 3643/3854/3590 3642/3856/3592 3640/3853/3589
f 3642/3856/3592 3579/3789/3527 3577/3788/3526
f 3642/3856/3592 3644/3857/3593 3581/3792/3530
f 3643/3854/3590 3645/3859/3595 3644/3857/3593
f 3647/3858/3594 3646/3860/3596 3644/3857/3593
f 3646/3860/3596 3583/3795/3533 3581/3792/3530
f 3646/3860/3596 3648/3861/3597 3585/3796/3534
f 3647/3858/3594 3649/3863/3599 3648/3861/3597
f 3651/3862/3598 3650/3864/3600 3648/3861/3597
f 3650/3864/3600 3587/3799/3537 3585/3796/3534
f 3650/3864/3600 3652/3865/3601 3589/3801/3539
f 3651/3862/3598 3653/3867/3603 3652/3865/3601
f 3655/3866/3602 3654/3868/3604 3652/3865/3601
f 3654/3868/3604 3591/3800/3538 3589/3801/3539
f 3654/3868/3604 3656/3869/3605 3593/3804/3542
f 3655/3866/3602 3657/3871/3607 3656/3869/3605
f 3659/3870/3606 3658/3872/3608 3656/3869/3605
f 3658/3872/3608 3595/3805/3543 3593/3804/3542
f 3658/3872/3608 3660/3873/3609 3597/3808/3546
f 3659/3870/3606 3661/3875/3611 3660/3873/3609
f 3663/3874/3610 3662/3876/3612 3660/3873/3609
f 3662/3876/3612 3599/3811/3549 3597/3808/3546
f 3662/3876/3612 3664/3877/3613 3601/3812/3550
f 3663/3874/3610 3665/3879/3615 3664/3877/3613
f 3667/3878/3614 3666/3880/3616 3664/3877/3613
f 3666/3880/3616 3603/3815/3553 3601/3812/3550
f 3666/3880/3616 3668/3881/3617 3605/3817/3555
f 3667/3878/3614 3669/3883/3619 3668/3881/3617
f 3671/3882/3618 3670/3884/3620 3668/3881/3617
f 3670/3884/3620 3607/3816/3554 3605/3817/3555
f 3670/3884/3620 3672/3885/3621 3609/3820/3558
f 3671/3882/3618 3673/3887/3623 3672/3885/3621
f 3675/3886/3622 3674/3888/3624 3672/3885/3621
f 3674/3888/3624 3611/3821/3559 3609/3820/3558
f 3674/3888/3624 3676/3889/3625 3613/3825/3563
f 3675/3886/3622 3677/3891/3627 3676/3889/3625
f 3679/3890/3626 3678/3892/3628 3676/3889/3625
f 3678/3892/3628 3615/3824/3562 3613/3825/3563
f 3678/3892/3628 3680/3893/3629 3617/3828/3566
f 3679/3890/3626 3681/3895/3631 3680/3893/3629
f 3683/3894/3630 3682/3896/3632 3680/3893/3629
f 3682/3896/3632 3619/3832/3568 3617/3828/3566
f 3682/3896/3632 3621/3897/3570 3556/3831/3507
f 3683/3894/3630 3620/3962/3571 3621/3897/3570
f 3687/3898/3633 3686/3901/3636 3685/3899/3634
f 3686/3901/3636 3623/3833/3569 3620/3835/3571
f 3686/3901/3636 3688/3902/3637 3625/3839/3575
f 3687/3898/3633 3689/3904/3639 3688/3902/3637
f 3691/3903/3638 3690/3905/3640 3688/3902/3637
f 3690/3905/3640 3627/3838/3574 3625/3839/3575
f 3690/3905/3640 3692/3906/3641 3629/3843/3579
f 3691/3903/3638 3693/3908/3643 3692/3906/3641
f 3695/3907/3642 3694/3909/3644 3692/3906/3641
f 3694/3909/3644 3631/3842/3578 3629/3843/3579
f 3694/3909/3644 3696/3910/3645 3633/3847/3583
f 3695/3907/3642 3697/3912/3647 3696/3910/3645
f 3699/3911/3646 3698/3913/3648 3696/3910/3645
f 3698/3913/3648 3635/3846/3582 3633/3847/3583
f 3698/3913/3648 3700/3914/3649 3637/3851/3587
f 3699/3911/3646 3701/3916/3651 3700/3914/3649
f 3703/3915/3650 3702/3917/3652 3700/3914/3649
f 3702/3917/3652 3639/3850/3586 3637/3851/3587
f 3702/3917/3652 3704/3918/3653 3641/3855/3591
f 3703/3915/3650 3705/3920/3655 3704/3918/3653
f 3707/3919/3654 3706/3921/3656 3704/3918/3653
f 3706/3921/3656 3643/3854/3590 3641/3855/3591
f 3706/3921/3656 3708/3922/3657 3645/3859/3595
f 3707/3919/3654 3709/3924/3659 3708/3922/3657
f 3711/3923/3658 3710/3925/3660 3708/3922/3657
f 3710/3925/3660 3647/3858/3594 3645/3859/3595
f 3710/3925/3660 3712/3926/3661 3649/3863/3599
f 3711/3923/3658 3713/3928/3663 3712/3926/3661
f 3715/3927/3662 3714/3929/3664 3712/3926/3661
f 3714/3929/3664 3651/3862/3598 3649/3863/3599
f 3714/3929/3664 3716/3930/3665 3653/3867/3603
f 3715/3927/3662 3717/3932/3667 3716/3930/3665
f 3719/3931/3666 3718/3933/3668 3716/3930/3665
f 3718/3933/3668 3655/3866/3602 3653/3867/3603
f 3718/3933/3668 3720/3934/3669 3657/3871/3607
f 3719/3931/3666 3721/3936/3671 3720/3934/3669
f 3723/3935/3670 3722/3937/3672 3720/3934/3669
f 3722/3937/3672 3659/3870/3606 3657/3871/3607
f 3722/3937/3672 3724/3938/3673 3661/3875/3611
f 3723/3935/3670 3725/3940/3675 3724/3938/3673
f 3727/3939/3674 3726/3941/3676 3724/3938/3673
f 3726/3941/3676 3663/3874/3610 3661/3875/3611
f 3726/3941/3676 3728/3942/3677 3665/3879/3615
f 3727/3939/3674 3729/3944/3679 3728/3942/3677
f 3731/3943/3678 3730/3945/3680 3728/3942/3677
f 3730/3945/3680 3667/3878/3614 3665/3879/3615
f 3730/3945/3680 3732/3946/3681 3669/3883/3619
f 3731/3943/3678 3733/3948/3683 3732/3946/3681
f 3735/3947/3682 3734/3949/3684 3732/3946/3681
f 3734/3949/3684 3671/3882/3618 3669/3883/3619
f 3734/3949/3684 3736/3950/3685 3673/3887/3623
f 3735/3947/3682 3737/3952/3687 3736/3950/3685
f 3739/3951/3686 3738/3953/3688 3736/3950/3685
f 3738/3953/3688 3675/3886/3622 3673/3887/3623
f 3738/3953/3688 3740/3954/3689 3677/3891/3627
f 3739/3951/3686 3741/3956/3691 3740/3954/3689
f 3743/3955/3690 3742/3957/3692 3740/3954/3689
f 3742/3957/3692 3679/3890/3626 3677/3891/3627
f 3742/3957/3692 3744/3958/3693 3681/3895/3631
f 3743/3955/3690 3745/3960/3695 3744/3958/3693
f 3747/3959/3694 3746/3961/3696 3744/3958/3693
f 3746/3961/3696 3683/3894/3630 3681/3895/3631
f 3746/3961/3696 3685/3963/3634 3620/3962/3571
f 3747/3959/3694 3684/4027/3635 3685/3963/3634
f 3748/3964/3697 3751/3968/3701 3750/3965/3698
f 3750/3965/3698 3687/3898/3633 3684/3900/3635
f 3750/3965/3698 3752/3970/3703 3689/3904/3639
f 3753/3967/3700 3752/3970/3703 3750/3965/3698
f 3753/3967/3700 3755/3972/3705 3754/3969/3702
f 3754/3969/3702 3691/3903/3638 3689/3904/3639
f 3754/3969/3702 3756/3974/3707 3693/3908/3643
f 3757/3971/3704 3756/3974/3707 3754/3969/3702
f 3757/3971/3704 3759/3976/3709 3758/3973/3706
f 3758/3973/3706 3695/3907/3642 3693/3908/3643
f 3758/3973/3706 3760/3978/3711 3697/3912/3647
f 3761/3975/3708 3760/3978/3711 3758/3973/3706
f 3761/3975/3708 3763/3980/3713 3762/3977/3710
f 3762/3977/3710 3699/3911/3646 3697/3912/3647
f 3762/3977/3710 3764/3982/3715 3701/3916/3651
f 3765/3979/3712 3764/3982/3715 3762/3977/3710
f 3765/3979/3712 3767/3984/3717 3766/3981/3714
f 3766/3981/3714 3703/3915/3650 3701/3916/3651
f 3766/3981/3714 3768/3986/3719 3705/3920/3655
f 3769/3983/3716 3768/3986/3719 3766/3981/3714
f 3769/3983/3716 3771/3988/3721 3770/3985/3718
f 3770/3985/3718 3707/3919/3654 3705/3920/3655
f 3770/3985/3718 3772/3990/3723 3709/3924/3659
f 3773/3987/3720 3772/3990/3723 3770/3985/3718
f 3773/3987/3720 3775/3992/3725 3774/3989/3722
f 3774/3989/3722 3711/3923/3658 3709/3924/3659
f 3774/3989/3722 3776/3994/3727 3713/3928/3663
f 3777/3991/3724 3776/3994/3727 3774/3989/3722
f 3777/3991/3724 3779/3996/3729 3778/3993/3726
f 3778/3993/3726 3715/3927/3662 3713/3928/3663
f 3778/3993/3726 3780/3998/3731 3717/3932/3667
f 3781/3995/3728 3780/3998/3731 3778/3993/3726
f 3781/3995/3728 3783/4000/3733 3782/3997/3730
f 3782/3997/3730 3719/3931/3666 3717/3932/3667
f 3782/3997/3730 3784/4002/3735 3721/3936/3671
f 3785/3999/3732 3784/4002/3735 3782/3997/3730
f 3785/3999/3732 3787/4004/3737 3786/4001/3734
f 3786/4001/3734 3723/3935/3670 3721/3936/3671
f 3786/4001/3734 3788/4006/3739 3725/3940/3675
f 3789/4003/3736 3788/4006/3739 3786/4001/3734
f 3789/4003/3736 3791/4008/3741 3790/4005/3738
f 3790/4005/3738 3727/3939/3674 3725/3940/3675
f 3790/4005/3738 3792/4010/3743 3729/3944/3679
f 3793/4007/3740 3792/4010/3743 3790/4005/3738
f 3793/4007/3740 3795/4012/3745 3794/4009/3742
f 3794/4009/3742 3731/3943/3678 3729/3944/3679
f 3794/4009/3742 3796/4014/3747 3733/3948/3683
f 3797/4011/3744 3796/4014/3747 3794/4009/3742
f 3797/4011/3744 3799/4016/3749 3798/4013/3746
f 3798/4013/3746 3735/3947/3682 3733/3948/3683
f 3798/4013/3746 3800/4018/3751 3737/3952/3687
f 3801/4015/3748 3800/4018/3751 3798/4013/3746
f 3801/4015/3748 3803/4020/3753 3802/4017/3750
f 3802/4017/3750 3739/3951/3686 3737/3952/3687
f 3802/4017/3750 3804/4022/3755 3741/3956/3691
f 3805/4019/3752 3804/4022/3755 3802/4017/3750
f 3805/4019/3752 3807/4024/3757 3806/4021/3754
f 3806/4021/3754 3743/3955/3690 3741/3956/3691
f 3806/4021/3754 3808/4026/3759 3745/3960/3695
f 3809/4023/3756 3808/4026/3759 3806/4021/3754
f 3809/4023/3756 3811/4029/3760 3810/4025/3758
f 3810/4025/3758 3747/3959/3694 3745/3960/3695
f 3810/4025/3758 3749/4104/3699 3684/4027/3635
f 3748/4028/3697 3749/4104/3699 3810/4025/3758
f 806/936/755 807/938/757 3813/4030/3761
f 3812/4031/3762 3813/4030/3761 3751/3968/3701
f 3814/4032/3763 3753/3967/3700 3751/3968/3701
f 808/937/756 3814/4032/3763 3813/4030/3761
f 808/937/756 811/942/761 3815/4033/3764
f 3814/4032/3763 3815/4033/3764 3755/3972/3705
f 3816/4034/3765 3757/3971/3704 3755/3972/3705
f 812/941/760 3816/4034/3765 3815/4033/3764
f 812/941/760 815/946/765 3817/4035/3766
f 3816/4034/3765 3817/4035/3766 3759/3976/3709
f 3818/4036/3767 3761/3975/3708 3759/3976/3709
f 816/945/764 3818/4036/3767 3817/4035/3766
f 816/945/764 819/950/769 3819/4037/3768
f 3818/4036/3767 3819/4037/3768 3763/3980/3713
f 3820/4038/3769 3765/3979/3712 3763/3980/3713
f 820/949/768 3820/4038/3769 3819/4037/3768
f 820/949/768 823/954/773 3821/4039/3770
f 3820/4038/3769 3821/4039/3770 3767/3984/3717
f 3822/4040/3771 3769/3983/3716 3767/3984/3717
f 824/953/772 3822/4040/3771 3821/4039/3770
f 824/953/772 827/958/777 3823/4041/3772
f 3822/4040/3771 3823/4041/3772 3771/3988/3721
f 3824/4042/3773 3773/3987/3720 3771/3988/3721
f 828/957/776 3824/4042/3773 3823/4041/3772
f 828/957/776 831/962/781 3825/4043/3774
f 3824/4042/3773 3825/4043/3774 3775/3992/3725
f 3826/4044/3775 3777/3991/3724 3775/3992/3725
f 832/961/780 3826/4044/3775 3825/4043/3774
f 832/961/780 835/966/785 3827/4045/3776
f 3826/4044/3775 3827/4045/3776 3779/3996/3729
f 3828/4046/3777 3781/3995/3728 3779/3996/3729
f 836/965/784 3828/4046/3777 3827/4045/3776
f 836/965/784 839/970/789 3829/4047/3778
f 3828/4046/3777 3829/4047/3778 3783/4000/3733
f 3830/4048/3779 3785/3999/3732 3783/4000/3733
f 840/969/788 3830/4048/3779 3829/4047/3778
f 840/969/788 843/974/793 3831/4049/3780
f 3830/4048/3779 3831/4049/3780 3787/4004/3737
f 3832/4050/3781 3789/4003/3736 3787/4004/3737
f 844/973/792 3832/4050/3781 3831/4049/3780
f 844/973/792 847/978/797 3833/4051/3782
f 3832/4050/3781 3833/4051/3782 3791/4008/3741
f 3834/4052/3783 3793/4007/3740 3791/4008/3741
f 848/977/796 3834/4052/3783 3833/4051/3782
f 848/977/796 851/982/801 3835/4053/3784
f 3834/4052/3783 3835/4053/3784 3795/4012/3745
f 3836/4054/3785 3797/4011/3744 3795/4012/3745
f 852/981/800 3836/4054/3785 3835/4053/3784
f 852/981/800 855/986/805 3837/4055/3786
f 3836/4054/3785 3837/4055/3786 3799/4016/3749
f 3838/4056/3787 3801/4015/3748 3799/4016/3749
f 856/985/804 3838/4056/3787 3837/4055/3786
f 856/985/804 859/990/809 3839/4057/3788
f 3838/4056/3787 3839/4057/3788 3803/4020/3753
f 3840/4058/3789 3805/4019/3752 3803/4020/3753
f 860/989/808 3840/4058/3789 3839/4057/3788
f 860/989/808 863/994/813 3841/4059/3790
f 3840/4058/3789 3841/4059/3790 3807/4024/3757
f 3842/4060/3791 3809/4023/3756 3807/4024/3757
f 864/993/812 3842/4060/3791 3841/4059/3790
f 864/993/812 867/998/816 3843/4061/3792
f 3842/4060/3791 3843/4061/3792 3811/4029/3760
f 3812/4062/3762 3748/4028/3697 3811/4029/3760
f 806/997/755 3812/4062/3762 3843/4061/3792
f 326/443/276 327/442/275 3845/4063/3793
f 3844/4064/3794 3845/4063/3793 391/513/344
f 3846/4065/3795 396/512/343 391/513/344
f 328/447/280 3846/4065/3795 3845/4063/3793
f 328/447/280 331/446/279 3847/4066/3796
f 3846/4065/3795 3847/4066/3796 398/519/350
f 3848/4067/3797 402/518/349 398/519/350
f 332/451/284 3848/4067/3797 3847/4066/3796
f 332/451/284 335/450/283 3849/4068/3798
f 3848/4067/3797 3849/4068/3798 404/525/356
f 3850/4069/3799 408/524/355 404/525/356
f 336/455/288 3850/4069/3799 3849/4068/3798
f 336/455/288 339/454/287 3851/4070/3800
f 3850/4069/3799 3851/4070/3800 410/531/362
f 3852/4071/3801 414/530/361 410/531/362
f 340/459/292 3852/4071/3801 3851/4070/3800
f 340/459/292 343/458/291 3853/4072/3802
f 3852/4071/3801 3853/4072/3802 416/537/368
f 3854/4073/3803 420/536/367 416/537/368
f 344/463/296 3854/4073/3803 3853/4072/3802
f 344/463/296 347/462/295 3855/4074/3804
f 3854/4073/3803 3855/4074/3804 422/543/374
f 3856/4075/3805 426/542/373 422/543/374
f 348/467/300 3856/4075/3805 3855/4074/3804
f 348/467/300 351/466/299 3857/4076/3806
f 3856/4075/3805 3857/4076/3806 428/549/380
f 3858/4077/3807 432/548/379 428/549/380
f 352/471/304 3858/4077/3807 3857/4076/3806
f 352/471/304 355/470/303 3859/4078/3808
f 3858/4077/3807 3859/4078/3808 434/555/386
f 3860/4079/3809 438/554/385 434/555/386
f 356/475/308 3860/4079/3809 3859/4078/3808
f 356/475/308 359/474/307 3861/4080/3810
f 3860/4079/3809 3861/4080/3810 440/561/392
f 3862/4081/3811 444/560/391 440/561/392
f 360/479/312 3862/4081/3811 3861/4080/3810
f 360/479/312 363/478/311 3863/4082/3812
f 3862/4081/3811 3863/4082/3812 446/567/398
f 3864/4083/3813 450/566/397 446/567/398
f 364/483/316 3864/4083/3813 3863/4082/3812
f 364/483/316 367/482/315 3865/4084/3814
f 3864/4083/3813 3865/4084/3814 452/573/404
f 3866/4085/3815 456/572/403 452/573/404
f 368/487/320 3866/4085/3815 3865/4084/3814
f 368/487/320 371/486/319 3867/4086/3816
f 3866/4085/3815 3867/4086/3816 458/579/410
f 3868/4087/3817 462/578/409 458/579/410
f 372/491/324 3868/4087/3817 3867/4086/3816
f 372/491/324 375/490/323 3869/4088/3818
f 3868/4087/3817 3869/4088/3818 464/585/416
f 3870/4089/3819 468/584/415 464/585/416
f 376/495/328 3870/4089/3819 3869/4088/3818
f 376/495/328 379/494/327 3871/4090/3820
f 3870/4089/3819 3871/4090/3820 470/591/422
f 3872/4091/3821 474/590/421 470/591/422
f 380/499/332 3872/4091/3821 3871/4090/3820
f 380/499/332 383/498/331 3873/4092/3822
f 3872/4091/3821 3873/4092/3822 476/597/428
f 3874/4093/3823 480/596/427 476/597/428
f 384/503/336 3874/4093/3823 3873/4092/3822
f 384/503/336 387/502/335 3875/4094/3824
f 3874/4093/3823 3875/4094/3824 482/603/432
f 3844/4095/3794 388/602/337 482/603/432
f 326/4096/276 3844/4095/3794 3875/4094/3824
